2026-08-14 23:22:10 - #----------Config info----------#
2026-08-14 23:22:10 - network: ege_wave_psudr,
2026-08-14 23:22:10 - work_dir: results/ege_wave_psudr_isic18_Friday_14_August_2026_23h_22m_10s/,
2026-08-14 23:22:15 - train: epoch 1, iter:0, loss: 5.2896, b2: 0.050, b1: 0.050, w2: [0.32,0.38,0.30], w1: [0.39,0.26,0.35], unc2: 0.212, unc1: 0.452, lr: 0.001
2026-08-14 23:22:17 - train: epoch 1, iter:20, loss: 2.9590, b2: 0.051, b1: 0.051, w2: [0.33,0.35,0.32], w1: [0.36,0.32,0.32], unc2: 0.340, unc1: 0.632, lr: 0.001
2026-08-14 23:22:45 - val epoch: 1, loss: 1.8198
2026-08-14 23:22:47 - train: epoch 2, iter:0, loss: 1.8007, b2: 0.051, b1: 0.051, w2: [0.34,0.34,0.32], w1: [0.35,0.34,0.31], unc2: 0.192, unc1: 0.524, lr: 0.0009999728588359286
2026-08-14 23:22:50 - train: epoch 2, iter:20, loss: 1.7023, b2: 0.052, b1: 0.052, w2: [0.34,0.33,0.33], w1: [0.34,0.37,0.29], unc2: 0.125, unc1: 0.443, lr: 0.0009999728588359286
2026-08-14 23:23:18 - val epoch: 2, loss: 1.5764
2026-08-14 23:23:20 - train: epoch 3, iter:0, loss: 1.7253, b2: 0.052, b1: 0.052, w2: [0.34,0.32,0.34], w1: [0.34,0.38,0.29], unc2: 0.130, unc1: 0.410, lr: 0.0009998914383200486
2026-08-14 23:23:23 - train: epoch 3, iter:20, loss: 1.4809, b2: 0.052, b1: 0.052, w2: [0.33,0.32,0.35], w1: [0.33,0.39,0.28], unc2: 0.145, unc1: 0.374, lr: 0.0009998914383200486
2026-08-14 23:23:41 - val epoch: 3, loss: 1.4275
2026-08-14 23:23:42 - train: epoch 4, iter:0, loss: 1.2907, b2: 0.052, b1: 0.052, w2: [0.33,0.32,0.36], w1: [0.33,0.40,0.27], unc2: 0.149, unc1: 0.340, lr: 0.0009997557473810372
2026-08-14 23:23:45 - train: epoch 4, iter:20, loss: 1.3242, b2: 0.052, b1: 0.052, w2: [0.32,0.31,0.36], w1: [0.32,0.42,0.26], unc2: 0.114, unc1: 0.307, lr: 0.0009997557473810372
2026-08-14 23:24:09 - val epoch: 4, loss: 1.3448
2026-08-14 23:24:11 - train: epoch 5, iter:0, loss: 1.1347, b2: 0.052, b1: 0.053, w2: [0.32,0.31,0.37], w1: [0.32,0.43,0.25], unc2: 0.120, unc1: 0.294, lr: 0.000999565800898935
2026-08-14 23:24:14 - train: epoch 5, iter:20, loss: 1.2565, b2: 0.052, b1: 0.053, w2: [0.32,0.31,0.37], w1: [0.31,0.45,0.24], unc2: 0.083, unc1: 0.268, lr: 0.000999565800898935
2026-08-14 23:24:40 - val epoch: 5, loss: 1.2806
2026-08-14 23:24:41 - train: epoch 6, iter:0, loss: 1.3487, b2: 0.052, b1: 0.053, w2: [0.32,0.31,0.37], w1: [0.31,0.46,0.23], unc2: 0.100, unc1: 0.256, lr: 0.0009993216197035143
2026-08-14 23:24:44 - train: epoch 6, iter:20, loss: 1.1572, b2: 0.053, b1: 0.054, w2: [0.32,0.31,0.38], w1: [0.30,0.48,0.22], unc2: 0.112, unc1: 0.221, lr: 0.0009993216197035143
2026-08-14 23:25:02 - val epoch: 6, loss: 1.2878
2026-08-14 23:25:04 - train: epoch 7, iter:0, loss: 1.2587, b2: 0.053, b1: 0.054, w2: [0.31,0.31,0.38], w1: [0.29,0.49,0.22], unc2: 0.161, unc1: 0.233, lr: 0.0009990232305719946
2026-08-14 23:25:07 - train: epoch 7, iter:20, loss: 1.1433, b2: 0.053, b1: 0.055, w2: [0.31,0.31,0.39], w1: [0.28,0.52,0.20], unc2: 0.133, unc1: 0.206, lr: 0.0009990232305719946
2026-08-14 23:25:35 - val epoch: 7, loss: 1.3164
2026-08-14 23:25:37 - train: epoch 8, iter:0, loss: 1.1169, b2: 0.053, b1: 0.055, w2: [0.30,0.31,0.39], w1: [0.27,0.53,0.20], unc2: 0.136, unc1: 0.192, lr: 0.0009986706662261067
2026-08-14 23:25:40 - train: epoch 8, iter:20, loss: 1.0933, b2: 0.054, b1: 0.056, w2: [0.30,0.31,0.39], w1: [0.26,0.56,0.19], unc2: 0.140, unc1: 0.191, lr: 0.0009986706662261067
2026-08-14 23:25:58 - val epoch: 8, loss: 1.2095
2026-08-14 23:26:00 - train: epoch 9, iter:0, loss: 0.8921, b2: 0.054, b1: 0.056, w2: [0.29,0.31,0.40], w1: [0.25,0.57,0.18], unc2: 0.085, unc1: 0.161, lr: 0.0009982639653285047
2026-08-14 23:26:02 - train: epoch 9, iter:20, loss: 1.0466, b2: 0.054, b1: 0.057, w2: [0.28,0.31,0.41], w1: [0.23,0.60,0.17], unc2: 0.083, unc1: 0.154, lr: 0.0009982639653285047
2026-08-14 23:26:30 - val epoch: 9, loss: 1.2147
2026-08-14 23:26:33 - train: epoch 10, iter:0, loss: 1.0570, b2: 0.055, b1: 0.057, w2: [0.27,0.31,0.42], w1: [0.22,0.61,0.16], unc2: 0.154, unc1: 0.180, lr: 0.0009978031724785245
2026-08-14 23:26:35 - train: epoch 10, iter:20, loss: 1.0421, b2: 0.055, b1: 0.058, w2: [0.26,0.31,0.43], w1: [0.21,0.64,0.15], unc2: 0.113, unc1: 0.152, lr: 0.0009978031724785245
2026-08-14 23:27:03 - val epoch: 10, loss: 1.1613
2026-08-14 23:27:05 - train: epoch 11, iter:0, loss: 1.1539, b2: 0.055, b1: 0.058, w2: [0.26,0.31,0.43], w1: [0.20,0.65,0.15], unc2: 0.134, unc1: 0.160, lr: 0.0009972883382072953
2026-08-14 23:27:08 - train: epoch 11, iter:20, loss: 1.0930, b2: 0.056, b1: 0.059, w2: [0.25,0.31,0.45], w1: [0.19,0.67,0.14], unc2: 0.082, unc1: 0.134, lr: 0.0009972883382072953
2026-08-14 23:27:26 - val epoch: 11, loss: 1.0963
2026-08-14 23:27:28 - train: epoch 12, iter:0, loss: 1.0762, b2: 0.056, b1: 0.059, w2: [0.24,0.30,0.46], w1: [0.18,0.68,0.13], unc2: 0.080, unc1: 0.128, lr: 0.0009967195189721962
2026-08-14 23:27:30 - train: epoch 12, iter:20, loss: 0.9672, b2: 0.057, b1: 0.059, w2: [0.22,0.30,0.48], w1: [0.17,0.71,0.12], unc2: 0.090, unc1: 0.127, lr: 0.0009967195189721962
2026-08-14 23:27:56 - val epoch: 12, loss: 1.0805
2026-08-14 23:27:59 - train: epoch 13, iter:0, loss: 1.0862, b2: 0.057, b1: 0.060, w2: [0.21,0.30,0.49], w1: [0.16,0.72,0.12], unc2: 0.136, unc1: 0.149, lr: 0.0009960967771506667
2026-08-14 23:28:01 - train: epoch 13, iter:20, loss: 0.9330, b2: 0.058, b1: 0.060, w2: [0.19,0.29,0.51], w1: [0.16,0.74,0.11], unc2: 0.078, unc1: 0.110, lr: 0.0009960967771506667
2026-08-14 23:28:21 - val epoch: 13, loss: 1.0612
2026-08-14 23:28:23 - train: epoch 14, iter:0, loss: 0.7844, b2: 0.058, b1: 0.061, w2: [0.19,0.29,0.53], w1: [0.15,0.75,0.10], unc2: 0.075, unc1: 0.112, lr: 0.0009954201810333646
2026-08-14 23:28:25 - train: epoch 14, iter:20, loss: 0.9088, b2: 0.059, b1: 0.061, w2: [0.17,0.28,0.55], w1: [0.14,0.77,0.10], unc2: 0.077, unc1: 0.107, lr: 0.0009954201810333646
2026-08-14 23:28:46 - val epoch: 14, loss: 1.0275
2026-08-14 23:28:48 - train: epoch 15, iter:0, loss: 1.1385, b2: 0.060, b1: 0.062, w2: [0.15,0.27,0.58], w1: [0.13,0.78,0.09], unc2: 0.116, unc1: 0.128, lr: 0.0009946898048166792
2026-08-14 23:28:51 - train: epoch 15, iter:20, loss: 0.8731, b2: 0.061, b1: 0.063, w2: [0.13,0.25,0.61], w1: [0.11,0.81,0.08], unc2: 0.113, unc1: 0.127, lr: 0.0009946898048166792
2026-08-14 23:29:16 - val epoch: 15, loss: 1.0704
2026-08-14 23:29:17 - train: epoch 16, iter:0, loss: 1.0025, b2: 0.061, b1: 0.063, w2: [0.13,0.25,0.62], w1: [0.11,0.82,0.08], unc2: 0.119, unc1: 0.126, lr: 0.000993905728594593
2026-08-14 23:29:20 - train: epoch 16, iter:20, loss: 0.9161, b2: 0.063, b1: 0.064, w2: [0.11,0.24,0.65], w1: [0.10,0.83,0.07], unc2: 0.096, unc1: 0.107, lr: 0.000993905728594593
2026-08-14 23:29:39 - val epoch: 16, loss: 0.9960
2026-08-14 23:29:40 - train: epoch 17, iter:0, loss: 0.7581, b2: 0.063, b1: 0.064, w2: [0.11,0.23,0.67], w1: [0.09,0.84,0.07], unc2: 0.081, unc1: 0.102, lr: 0.0009930680383498998
2026-08-14 23:29:43 - train: epoch 17, iter:20, loss: 0.8816, b2: 0.064, b1: 0.065, w2: [0.09,0.21,0.71], w1: [0.09,0.86,0.06], unc2: 0.106, unc1: 0.113, lr: 0.0009930680383498998
2026-08-14 23:30:11 - val epoch: 17, loss: 1.3296
2026-08-14 23:30:13 - train: epoch 18, iter:0, loss: 1.1099, b2: 0.065, b1: 0.065, w2: [0.08,0.19,0.72], w1: [0.08,0.86,0.06], unc2: 0.073, unc1: 0.090, lr: 0.0009921768259447744
2026-08-14 23:30:16 - train: epoch 18, iter:20, loss: 0.8694, b2: 0.067, b1: 0.066, w2: [0.07,0.17,0.77], w1: [0.08,0.87,0.05], unc2: 0.076, unc1: 0.094, lr: 0.0009921768259447744
2026-08-14 23:30:34 - val epoch: 18, loss: 1.0261
2026-08-14 23:30:35 - train: epoch 19, iter:0, loss: 0.8560, b2: 0.067, b1: 0.066, w2: [0.06,0.15,0.79], w1: [0.07,0.88,0.05], unc2: 0.104, unc1: 0.116, lr: 0.0009912321891107007
2026-08-14 23:30:38 - train: epoch 19, iter:20, loss: 0.8864, b2: 0.069, b1: 0.067, w2: [0.04,0.12,0.83], w1: [0.06,0.89,0.04], unc2: 0.147, unc1: 0.129, lr: 0.0009912321891107007
2026-08-14 23:31:04 - val epoch: 19, loss: 0.9676
2026-08-14 23:31:06 - train: epoch 20, iter:0, loss: 0.7712, b2: 0.070, b1: 0.068, w2: [0.04,0.12,0.84], w1: [0.06,0.89,0.04], unc2: 0.083, unc1: 0.092, lr: 0.0009902342314377522
2026-08-14 23:31:09 - train: epoch 20, iter:20, loss: 0.8282, b2: 0.072, b1: 0.068, w2: [0.03,0.10,0.87], w1: [0.05,0.91,0.04], unc2: 0.134, unc1: 0.134, lr: 0.0009902342314377522
2026-08-14 23:31:28 - val epoch: 20, loss: 1.0642
2026-08-14 23:31:30 - train: epoch 21, iter:0, loss: 0.7811, b2: 0.073, b1: 0.069, w2: [0.03,0.09,0.88], w1: [0.06,0.91,0.04], unc2: 0.098, unc1: 0.099, lr: 0.0009891830623632338
2026-08-14 23:31:33 - train: epoch 21, iter:20, loss: 0.8400, b2: 0.075, b1: 0.069, w2: [0.02,0.08,0.90], w1: [0.05,0.91,0.04], unc2: 0.107, unc1: 0.106, lr: 0.0009891830623632338
2026-08-14 23:31:52 - val epoch: 21, loss: 0.9587
2026-08-14 23:31:55 - train: epoch 22, iter:0, loss: 0.7160, b2: 0.076, b1: 0.070, w2: [0.02,0.07,0.91], w1: [0.05,0.91,0.03], unc2: 0.099, unc1: 0.107, lr: 0.00098807879715968
2026-08-14 23:31:57 - train: epoch 22, iter:20, loss: 0.8212, b2: 0.078, b1: 0.070, w2: [0.02,0.06,0.92], w1: [0.05,0.92,0.03], unc2: 0.090, unc1: 0.096, lr: 0.00098807879715968
2026-08-14 23:32:23 - val epoch: 22, loss: 0.9953
2026-08-14 23:32:24 - train: epoch 23, iter:0, loss: 0.7542, b2: 0.079, b1: 0.071, w2: [0.02,0.05,0.93], w1: [0.04,0.92,0.03], unc2: 0.076, unc1: 0.088, lr: 0.0009869215569222143
2026-08-14 23:32:27 - train: epoch 23, iter:20, loss: 0.8188, b2: 0.081, b1: 0.071, w2: [0.01,0.04,0.94], w1: [0.04,0.93,0.03], unc2: 0.086, unc1: 0.093, lr: 0.0009869215569222143
2026-08-14 23:32:45 - val epoch: 23, loss: 0.9417
2026-08-14 23:32:47 - train: epoch 24, iter:0, loss: 0.7230, b2: 0.082, b1: 0.072, w2: [0.01,0.04,0.95], w1: [0.04,0.93,0.03], unc2: 0.077, unc1: 0.086, lr: 0.0009857114685552697
2026-08-14 23:32:50 - train: epoch 24, iter:20, loss: 0.8233, b2: 0.084, b1: 0.072, w2: [0.01,0.03,0.96], w1: [0.04,0.93,0.03], unc2: 0.068, unc1: 0.076, lr: 0.0009857114685552697
2026-08-14 23:33:18 - val epoch: 24, loss: 1.0831
2026-08-14 23:33:20 - train: epoch 25, iter:0, loss: 0.7631, b2: 0.085, b1: 0.073, w2: [0.01,0.03,0.96], w1: [0.04,0.94,0.03], unc2: 0.066, unc1: 0.076, lr: 0.0009844486647586721
2026-08-14 23:33:23 - train: epoch 25, iter:20, loss: 0.7907, b2: 0.087, b1: 0.073, w2: [0.01,0.02,0.97], w1: [0.03,0.94,0.02], unc2: 0.093, unc1: 0.095, lr: 0.0009844486647586721
2026-08-14 23:33:41 - val epoch: 25, loss: 0.9543
2026-08-14 23:33:43 - train: epoch 26, iter:0, loss: 0.6369, b2: 0.089, b1: 0.074, w2: [0.01,0.02,0.97], w1: [0.03,0.94,0.02], unc2: 0.086, unc1: 0.088, lr: 0.0009831332840130884
2026-08-14 23:33:46 - train: epoch 26, iter:20, loss: 0.8111, b2: 0.091, b1: 0.074, w2: [0.01,0.02,0.98], w1: [0.03,0.95,0.02], unc2: 0.101, unc1: 0.105, lr: 0.0009831332840130884
2026-08-14 23:34:10 - val epoch: 26, loss: 1.0748
2026-08-14 23:34:13 - train: epoch 27, iter:0, loss: 0.8275, b2: 0.092, b1: 0.074, w2: [0.01,0.02,0.98], w1: [0.03,0.95,0.02], unc2: 0.071, unc1: 0.081, lr: 0.0009817654705648405
2026-08-14 23:34:15 - train: epoch 27, iter:20, loss: 0.7783, b2: 0.094, b1: 0.075, w2: [0.00,0.01,0.98], w1: [0.03,0.95,0.02], unc2: 0.080, unc1: 0.083, lr: 0.0009817654705648405
2026-08-14 23:34:36 - val epoch: 27, loss: 1.0138
2026-08-14 23:34:37 - train: epoch 28, iter:0, loss: 0.6496, b2: 0.096, b1: 0.075, w2: [0.00,0.01,0.98], w1: [0.03,0.95,0.02], unc2: 0.065, unc1: 0.072, lr: 0.0009803453744100864
2026-08-14 23:34:40 - train: epoch 28, iter:20, loss: 0.7480, b2: 0.099, b1: 0.076, w2: [0.00,0.01,0.99], w1: [0.03,0.95,0.02], unc2: 0.068, unc1: 0.075, lr: 0.0009803453744100864
2026-08-14 23:35:00 - val epoch: 28, loss: 0.9463
2026-08-14 23:35:02 - train: epoch 29, iter:0, loss: 0.7250, b2: 0.100, b1: 0.076, w2: [0.00,0.01,0.99], w1: [0.03,0.95,0.02], unc2: 0.084, unc1: 0.086, lr: 0.0009788731512783728
2026-08-14 23:35:05 - train: epoch 29, iter:20, loss: 0.7552, b2: 0.102, b1: 0.077, w2: [0.00,0.01,0.99], w1: [0.03,0.96,0.02], unc2: 0.083, unc1: 0.087, lr: 0.0009788731512783728
2026-08-14 23:35:32 - val epoch: 29, loss: 0.9979
2026-08-14 23:35:35 - train: epoch 30, iter:0, loss: 0.6847, b2: 0.104, b1: 0.077, w2: [0.00,0.01,0.99], w1: [0.03,0.95,0.02], unc2: 0.069, unc1: 0.068, lr: 0.0009773489626155566
2026-08-14 23:35:37 - train: epoch 30, iter:20, loss: 0.7480, b2: 0.106, b1: 0.078, w2: [0.00,0.01,0.99], w1: [0.03,0.96,0.02], unc2: 0.079, unc1: 0.086, lr: 0.0009773489626155566
2026-08-14 23:36:05 - val epoch: 30, loss: 1.0346, miou: 0.7393750589998316, f1_or_dsc: 0.8501617350141654, accuracy: 0.9334198413508954,                 specificity: 0.9840755289035303, sensitivity: 0.7759715572045692, confusion_matrix: [[39425507   637990]
 [ 2887635 10001956]]
2026-08-14 23:36:07 - train: epoch 31, iter:0, loss: 0.9330, b2: 0.107, b1: 0.078, w2: [0.00,0.01,0.99], w1: [0.03,0.96,0.02], unc2: 0.072, unc1: 0.075, lr: 0.0009757729755661006
2026-08-14 23:36:09 - train: epoch 31, iter:20, loss: 0.7787, b2: 0.109, b1: 0.078, w2: [0.00,0.01,0.99], w1: [0.02,0.96,0.02], unc2: 0.078, unc1: 0.082, lr: 0.0009757729755661006
2026-08-14 23:36:28 - val epoch: 31, loss: 1.1079
2026-08-14 23:36:30 - train: epoch 32, iter:0, loss: 0.7174, b2: 0.111, b1: 0.079, w2: [0.00,0.01,0.99], w1: [0.02,0.96,0.02], unc2: 0.068, unc1: 0.078, lr: 0.0009741453629547445
2026-08-14 23:36:33 - train: epoch 32, iter:20, loss: 0.7599, b2: 0.114, b1: 0.079, w2: [0.00,0.01,0.99], w1: [0.02,0.96,0.02], unc2: 0.076, unc1: 0.076, lr: 0.0009741453629547445
2026-08-14 23:37:00 - val epoch: 32, loss: 0.9593
2026-08-14 23:37:01 - train: epoch 33, iter:0, loss: 0.5882, b2: 0.115, b1: 0.080, w2: [0.00,0.00,0.99], w1: [0.02,0.96,0.02], unc2: 0.073, unc1: 0.073, lr: 0.0009724663032675527
2026-08-14 23:37:04 - train: epoch 33, iter:20, loss: 0.7432, b2: 0.119, b1: 0.080, w2: [0.00,0.00,0.99], w1: [0.02,0.96,0.01], unc2: 0.098, unc1: 0.094, lr: 0.0009724663032675527
2026-08-14 23:37:22 - val epoch: 33, loss: 1.0544
2026-08-14 23:37:24 - train: epoch 34, iter:0, loss: 0.9349, b2: 0.120, b1: 0.081, w2: [0.00,0.00,0.99], w1: [0.02,0.96,0.01], unc2: 0.052, unc1: 0.058, lr: 0.0009707359806323412
2026-08-14 23:37:26 - train: epoch 34, iter:20, loss: 0.7185, b2: 0.123, b1: 0.081, w2: [0.00,0.00,1.00], w1: [0.02,0.97,0.01], unc2: 0.084, unc1: 0.087, lr: 0.0009707359806323412
2026-08-14 23:37:53 - val epoch: 34, loss: 0.9605
2026-08-14 23:37:55 - train: epoch 35, iter:0, loss: 0.7289, b2: 0.125, b1: 0.082, w2: [0.00,0.00,1.00], w1: [0.02,0.97,0.01], unc2: 0.065, unc1: 0.067, lr: 0.0009689545847984858
2026-08-14 23:37:58 - train: epoch 35, iter:20, loss: 0.7365, b2: 0.128, b1: 0.082, w2: [0.00,0.00,1.00], w1: [0.02,0.97,0.01], unc2: 0.085, unc1: 0.088, lr: 0.0009689545847984858
2026-08-14 23:38:16 - val epoch: 35, loss: 0.9727
2026-08-14 23:38:18 - train: epoch 36, iter:0, loss: 0.7390, b2: 0.129, b1: 0.083, w2: [0.00,0.00,1.00], w1: [0.02,0.97,0.01], unc2: 0.060, unc1: 0.066, lr: 0.0009671223111161144
2026-08-14 23:38:21 - train: epoch 36, iter:20, loss: 0.7256, b2: 0.132, b1: 0.083, w2: [0.00,0.00,1.00], w1: [0.02,0.97,0.01], unc2: 0.061, unc1: 0.068, lr: 0.0009671223111161144
2026-08-14 23:38:42 - val epoch: 36, loss: 0.9576
2026-08-14 23:38:44 - train: epoch 37, iter:0, loss: 0.7717, b2: 0.134, b1: 0.084, w2: [0.00,0.00,1.00], w1: [0.02,0.97,0.01], unc2: 0.066, unc1: 0.069, lr: 0.000965239360514684
2026-08-14 23:38:47 - train: epoch 37, iter:20, loss: 0.7543, b2: 0.137, b1: 0.084, w2: [0.00,0.00,1.00], w1: [0.02,0.97,0.01], unc2: 0.066, unc1: 0.070, lr: 0.000965239360514684
2026-08-14 23:39:11 - val epoch: 37, loss: 0.9470
2026-08-14 23:39:12 - train: epoch 38, iter:0, loss: 0.6416, b2: 0.139, b1: 0.085, w2: [0.00,0.00,1.00], w1: [0.02,0.97,0.01], unc2: 0.059, unc1: 0.063, lr: 0.000963305939480947
2026-08-14 23:39:15 - train: epoch 38, iter:20, loss: 0.6832, b2: 0.142, b1: 0.085, w2: [0.00,0.00,1.00], w1: [0.02,0.97,0.01], unc2: 0.075, unc1: 0.078, lr: 0.000963305939480947
2026-08-14 23:39:33 - val epoch: 38, loss: 0.9801
2026-08-14 23:39:35 - train: epoch 39, iter:0, loss: 0.6281, b2: 0.143, b1: 0.085, w2: [0.00,0.00,1.00], w1: [0.02,0.97,0.01], unc2: 0.063, unc1: 0.069, lr: 0.0009613222600363074
2026-08-14 23:39:37 - train: epoch 39, iter:20, loss: 0.7658, b2: 0.146, b1: 0.086, w2: [0.00,0.00,1.00], w1: [0.02,0.97,0.01], unc2: 0.073, unc1: 0.071, lr: 0.0009613222600363074
2026-08-14 23:40:10 - val epoch: 39, loss: 0.9408
2026-08-14 23:40:12 - train: epoch 40, iter:0, loss: 0.5851, b2: 0.147, b1: 0.086, w2: [0.00,0.00,1.00], w1: [0.02,0.97,0.01], unc2: 0.063, unc1: 0.067, lr: 0.0009592885397135703
2026-08-14 23:40:14 - train: epoch 40, iter:20, loss: 0.6999, b2: 0.150, b1: 0.086, w2: [0.00,0.00,1.00], w1: [0.02,0.97,0.01], unc2: 0.054, unc1: 0.060, lr: 0.0009592885397135703
2026-08-14 23:40:33 - val epoch: 40, loss: 0.8860
2026-08-14 23:40:35 - train: epoch 41, iter:0, loss: 0.7369, b2: 0.152, b1: 0.086, w2: [0.00,0.00,1.00], w1: [0.01,0.97,0.01], unc2: 0.111, unc1: 0.103, lr: 0.0009572050015330871
2026-08-14 23:40:37 - train: epoch 41, iter:20, loss: 0.6981, b2: 0.154, b1: 0.087, w2: [0.00,0.00,1.00], w1: [0.02,0.97,0.01], unc2: 0.072, unc1: 0.076, lr: 0.0009572050015330871
2026-08-14 23:41:05 - val epoch: 41, loss: 0.9615
2026-08-14 23:41:07 - train: epoch 42, iter:0, loss: 0.5358, b2: 0.156, b1: 0.087, w2: [0.00,0.00,1.00], w1: [0.02,0.97,0.01], unc2: 0.045, unc1: 0.050, lr: 0.0009550718739782986
2026-08-14 23:41:10 - train: epoch 42, iter:20, loss: 0.6865, b2: 0.159, b1: 0.087, w2: [0.00,0.00,1.00], w1: [0.02,0.97,0.01], unc2: 0.083, unc1: 0.083, lr: 0.0009550718739782986
2026-08-14 23:41:28 - val epoch: 42, loss: 0.9346
2026-08-14 23:41:30 - train: epoch 43, iter:0, loss: 0.6477, b2: 0.161, b1: 0.087, w2: [0.00,0.00,1.00], w1: [0.02,0.97,0.01], unc2: 0.084, unc1: 0.083, lr: 0.0009528893909706794
2026-08-14 23:41:32 - train: epoch 43, iter:20, loss: 0.6808, b2: 0.164, b1: 0.088, w2: [0.00,0.00,1.00], w1: [0.01,0.98,0.01], unc2: 0.071, unc1: 0.071, lr: 0.0009528893909706794
2026-08-14 23:41:55 - val epoch: 43, loss: 0.9311
2026-08-14 23:41:57 - train: epoch 44, iter:0, loss: 0.6046, b2: 0.166, b1: 0.088, w2: [0.00,0.00,1.00], w1: [0.02,0.97,0.01], unc2: 0.050, unc1: 0.053, lr: 0.0009506577918440856
2026-08-14 23:42:00 - train: epoch 44, iter:20, loss: 0.7143, b2: 0.168, b1: 0.088, w2: [0.00,0.00,1.00], w1: [0.01,0.98,0.01], unc2: 0.085, unc1: 0.089, lr: 0.0009506577918440856
2026-08-14 23:42:22 - val epoch: 44, loss: 0.9580
2026-08-14 23:42:25 - train: epoch 45, iter:0, loss: 0.7445, b2: 0.170, b1: 0.088, w2: [0.00,0.00,1.00], w1: [0.01,0.98,0.01], unc2: 0.075, unc1: 0.076, lr: 0.000948377321318509
2026-08-14 23:42:27 - train: epoch 45, iter:20, loss: 0.6925, b2: 0.172, b1: 0.089, w2: [0.00,0.00,1.00], w1: [0.01,0.98,0.01], unc2: 0.064, unc1: 0.066, lr: 0.000948377321318509
2026-08-14 23:42:45 - val epoch: 45, loss: 0.9025
2026-08-14 23:42:47 - train: epoch 46, iter:0, loss: 0.5563, b2: 0.173, b1: 0.089, w2: [0.00,0.00,1.00], w1: [0.01,0.98,0.01], unc2: 0.058, unc1: 0.060, lr: 0.0009460482294732416
2026-08-14 23:42:50 - train: epoch 46, iter:20, loss: 0.6715, b2: 0.176, b1: 0.089, w2: [0.00,0.00,1.00], w1: [0.01,0.98,0.01], unc2: 0.081, unc1: 0.081, lr: 0.0009460482294732416
2026-08-14 23:43:18 - val epoch: 46, loss: 0.9393
2026-08-14 23:43:20 - train: epoch 47, iter:0, loss: 0.6259, b2: 0.178, b1: 0.090, w2: [0.00,0.00,1.00], w1: [0.01,0.98,0.01], unc2: 0.085, unc1: 0.081, lr: 0.0009436707717194508
2026-08-14 23:43:22 - train: epoch 47, iter:20, loss: 0.6689, b2: 0.181, b1: 0.090, w2: [0.00,0.00,1.00], w1: [0.01,0.98,0.01], unc2: 0.061, unc1: 0.061, lr: 0.0009436707717194508
2026-08-14 23:43:40 - val epoch: 47, loss: 0.9296
2026-08-14 23:43:42 - train: epoch 48, iter:0, loss: 0.6508, b2: 0.182, b1: 0.090, w2: [0.00,0.00,1.00], w1: [0.01,0.98,0.01], unc2: 0.078, unc1: 0.073, lr: 0.0009412452087721706
2026-08-14 23:43:45 - train: epoch 48, iter:20, loss: 0.6780, b2: 0.184, b1: 0.091, w2: [0.00,0.00,1.00], w1: [0.01,0.98,0.01], unc2: 0.087, unc1: 0.087, lr: 0.0009412452087721706
2026-08-14 23:44:09 - val epoch: 48, loss: 1.0091
2026-08-14 23:44:11 - train: epoch 49, iter:0, loss: 0.8726, b2: 0.185, b1: 0.091, w2: [0.00,0.00,1.00], w1: [0.01,0.98,0.01], unc2: 0.113, unc1: 0.100, lr: 0.000938771806621712
2026-08-14 23:44:14 - train: epoch 49, iter:20, loss: 0.6592, b2: 0.188, b1: 0.091, w2: [0.00,0.00,1.00], w1: [0.01,0.98,0.01], unc2: 0.083, unc1: 0.088, lr: 0.000938771806621712
2026-08-14 23:44:42 - val epoch: 49, loss: 0.9046
2026-08-14 23:44:45 - train: epoch 50, iter:0, loss: 0.7304, b2: 0.190, b1: 0.091, w2: [0.00,0.00,1.00], w1: [0.01,0.98,0.01], unc2: 0.101, unc1: 0.103, lr: 0.0009362508365044934
2026-08-14 23:44:47 - train: epoch 50, iter:20, loss: 0.6713, b2: 0.192, b1: 0.092, w2: [0.00,0.00,1.00], w1: [0.01,0.98,0.01], unc2: 0.080, unc1: 0.079, lr: 0.0009362508365044934
2026-08-14 23:45:06 - val epoch: 50, loss: 0.8793
2026-08-14 23:45:08 - train: epoch 51, iter:0, loss: 0.6513, b2: 0.193, b1: 0.092, w2: [0.00,0.00,1.00], w1: [0.01,0.98,0.01], unc2: 0.057, unc1: 0.055, lr: 0.0009336825748732968
2026-08-14 23:45:11 - train: epoch 51, iter:20, loss: 0.6790, b2: 0.196, b1: 0.092, w2: [0.00,0.00,1.00], w1: [0.01,0.98,0.01], unc2: 0.079, unc1: 0.080, lr: 0.0009336825748732968
2026-08-14 23:45:33 - val epoch: 51, loss: 0.8835
2026-08-14 23:45:35 - train: epoch 52, iter:0, loss: 0.6212, b2: 0.197, b1: 0.092, w2: [0.00,0.00,1.00], w1: [0.01,0.98,0.01], unc2: 0.078, unc1: 0.079, lr: 0.0009310673033669517
2026-08-14 23:45:38 - train: epoch 52, iter:20, loss: 0.6582, b2: 0.199, b1: 0.093, w2: [0.00,0.00,1.00], w1: [0.01,0.98,0.01], unc2: 0.083, unc1: 0.082, lr: 0.0009310673033669517
2026-08-14 23:46:01 - val epoch: 52, loss: 0.8925
2026-08-14 23:46:03 - train: epoch 53, iter:0, loss: 0.5809, b2: 0.200, b1: 0.093, w2: [0.00,0.00,1.00], w1: [0.01,0.98,0.01], unc2: 0.080, unc1: 0.082, lr: 0.0009284053087794505
2026-08-14 23:46:05 - train: epoch 53, iter:20, loss: 0.6466, b2: 0.202, b1: 0.093, w2: [0.00,0.00,1.00], w1: [0.01,0.98,0.01], unc2: 0.071, unc1: 0.076, lr: 0.0009284053087794505
2026-08-14 23:46:24 - val epoch: 53, loss: 1.0101
2026-08-14 23:46:26 - train: epoch 54, iter:0, loss: 0.5234, b2: 0.203, b1: 0.093, w2: [0.00,0.00,1.00], w1: [0.01,0.98,0.01], unc2: 0.041, unc1: 0.044, lr: 0.0009256968830284974
2026-08-14 23:46:29 - train: epoch 54, iter:20, loss: 0.6466, b2: 0.206, b1: 0.094, w2: [0.00,0.00,1.00], w1: [0.01,0.98,0.01], unc2: 0.063, unc1: 0.067, lr: 0.0009256968830284974
2026-08-14 23:46:57 - val epoch: 54, loss: 0.8532
2026-08-14 23:46:59 - train: epoch 55, iter:0, loss: 0.6656, b2: 0.207, b1: 0.094, w2: [0.00,0.00,1.00], w1: [0.01,0.98,0.01], unc2: 0.074, unc1: 0.075, lr: 0.0009229423231234972
2026-08-14 23:47:02 - train: epoch 55, iter:20, loss: 0.6425, b2: 0.210, b1: 0.094, w2: [0.00,0.00,1.00], w1: [0.01,0.98,0.01], unc2: 0.077, unc1: 0.078, lr: 0.0009229423231234972
2026-08-14 23:47:31 - val epoch: 55, loss: 0.9967
2026-08-14 23:47:33 - train: epoch 56, iter:0, loss: 0.8862, b2: 0.212, b1: 0.094, w2: [0.00,0.00,1.00], w1: [0.01,0.98,0.01], unc2: 0.047, unc1: 0.049, lr: 0.0009201419311329846
2026-08-14 23:47:35 - train: epoch 56, iter:20, loss: 0.6704, b2: 0.214, b1: 0.095, w2: [0.00,0.00,1.00], w1: [0.01,0.98,0.01], unc2: 0.053, unc1: 0.051, lr: 0.0009201419311329846
2026-08-14 23:47:54 - val epoch: 56, loss: 1.0451
2026-08-14 23:47:56 - train: epoch 57, iter:0, loss: 0.9698, b2: 0.215, b1: 0.095, w2: [0.00,0.00,1.00], w1: [0.01,0.98,0.01], unc2: 0.069, unc1: 0.069, lr: 0.0009172960141514989
2026-08-14 23:47:59 - train: epoch 57, iter:20, loss: 0.7082, b2: 0.217, b1: 0.095, w2: [0.00,0.00,1.00], w1: [0.01,0.98,0.01], unc2: 0.082, unc1: 0.083, lr: 0.0009172960141514989
2026-08-14 23:48:24 - val epoch: 57, loss: 0.8812
2026-08-14 23:48:26 - train: epoch 58, iter:0, loss: 0.5318, b2: 0.218, b1: 0.096, w2: [0.00,0.00,1.00], w1: [0.01,0.98,0.01], unc2: 0.068, unc1: 0.074, lr: 0.0009144048842659077
2026-08-14 23:48:29 - train: epoch 58, iter:20, loss: 0.6310, b2: 0.221, b1: 0.096, w2: [0.00,0.00,1.00], w1: [0.01,0.98,0.01], unc2: 0.072, unc1: 0.074, lr: 0.0009144048842659077
2026-08-14 23:48:49 - val epoch: 58, loss: 0.9462
2026-08-14 23:48:51 - train: epoch 59, iter:0, loss: 0.5389, b2: 0.222, b1: 0.096, w2: [0.00,0.00,1.00], w1: [0.01,0.98,0.01], unc2: 0.070, unc1: 0.065, lr: 0.0009114688585211832
2026-08-14 23:48:54 - train: epoch 59, iter:20, loss: 0.6609, b2: 0.225, b1: 0.096, w2: [0.00,0.00,1.00], w1: [0.01,0.98,0.01], unc2: 0.073, unc1: 0.071, lr: 0.0009114688585211832
2026-08-14 23:49:14 - val epoch: 59, loss: 0.8945
2026-08-14 23:49:16 - train: epoch 60, iter:0, loss: 0.6962, b2: 0.226, b1: 0.097, w2: [0.00,0.00,1.00], w1: [0.01,0.98,0.01], unc2: 0.084, unc1: 0.080, lr: 0.0009084882588856339
2026-08-14 23:49:19 - train: epoch 60, iter:20, loss: 0.6470, b2: 0.227, b1: 0.097, w2: [0.00,0.00,1.00], w1: [0.01,0.98,0.01], unc2: 0.091, unc1: 0.087, lr: 0.0009084882588856339
2026-08-14 23:49:48 - val epoch: 60, loss: 0.9783, miou: 0.7646677380931816, f1_or_dsc: 0.8666421690458808, accuracy: 0.9377428564694849,                 specificity: 0.9720656686559338, sensitivity: 0.8310605045575147, confusion_matrix: [[38944350  1119147]
 [ 2177561 10712030]]
2026-08-14 23:49:50 - train: epoch 61, iter:0, loss: 0.5908, b2: 0.228, b1: 0.097, w2: [0.00,0.00,1.00], w1: [0.01,0.98,0.01], unc2: 0.053, unc1: 0.057, lr: 0.0009054634122155986
2026-08-14 23:49:52 - train: epoch 61, iter:20, loss: 0.6671, b2: 0.230, b1: 0.097, w2: [0.00,0.00,1.00], w1: [0.01,0.98,0.01], unc2: 0.090, unc1: 0.088, lr: 0.0009054634122155986
2026-08-14 23:50:10 - val epoch: 61, loss: 0.8900
2026-08-14 23:50:12 - train: epoch 62, iter:0, loss: 0.6819, b2: 0.231, b1: 0.098, w2: [0.00,0.00,1.00], w1: [0.01,0.98,0.01], unc2: 0.055, unc1: 0.053, lr: 0.0009023946502196013
2026-08-14 23:50:15 - train: epoch 62, iter:20, loss: 0.6466, b2: 0.233, b1: 0.098, w2: [0.00,0.00,1.00], w1: [0.01,0.98,0.01], unc2: 0.059, unc1: 0.061, lr: 0.0009023946502196013
2026-08-14 23:50:43 - val epoch: 62, loss: 0.8433
2026-08-14 23:50:45 - train: epoch 63, iter:0, loss: 0.6533, b2: 0.234, b1: 0.099, w2: [0.00,0.00,1.00], w1: [0.01,0.98,0.01], unc2: 0.079, unc1: 0.079, lr: 0.0008992823094219767
2026-08-14 23:50:47 - train: epoch 63, iter:20, loss: 0.6471, b2: 0.236, b1: 0.099, w2: [0.00,0.00,1.00], w1: [0.01,0.98,0.01], unc2: 0.053, unc1: 0.051, lr: 0.0008992823094219767
2026-08-14 23:51:06 - val epoch: 63, loss: 0.8560
2026-08-14 23:51:08 - train: epoch 64, iter:0, loss: 0.5113, b2: 0.237, b1: 0.099, w2: [0.00,0.00,1.00], w1: [0.01,0.98,0.01], unc2: 0.055, unc1: 0.056, lr: 0.0008961267311259662
2026-08-14 23:51:10 - train: epoch 64, iter:20, loss: 0.6376, b2: 0.239, b1: 0.099, w2: [0.00,0.00,1.00], w1: [0.01,0.98,0.01], unc2: 0.060, unc1: 0.056, lr: 0.0008961267311259662
2026-08-14 23:51:36 - val epoch: 64, loss: 0.9600
2026-08-14 23:51:38 - train: epoch 65, iter:0, loss: 0.6028, b2: 0.240, b1: 0.099, w2: [0.00,0.00,1.00], w1: [0.01,0.98,0.01], unc2: 0.065, unc1: 0.063, lr: 0.0008929282613762903
2026-08-14 23:51:41 - train: epoch 65, iter:20, loss: 0.6122, b2: 0.243, b1: 0.100, w2: [0.00,0.00,1.00], w1: [0.01,0.98,0.01], unc2: 0.077, unc1: 0.076, lr: 0.0008929282613762903
2026-08-14 23:52:01 - val epoch: 65, loss: 0.8638
2026-08-14 23:52:03 - train: epoch 66, iter:0, loss: 0.5933, b2: 0.243, b1: 0.100, w2: [0.00,0.00,1.00], w1: [0.01,0.98,0.01], unc2: 0.071, unc1: 0.071, lr: 0.0008896872509212002
2026-08-14 23:52:05 - train: epoch 66, iter:20, loss: 0.6250, b2: 0.245, b1: 0.100, w2: [0.00,0.00,1.00], w1: [0.01,0.99,0.01], unc2: 0.063, unc1: 0.065, lr: 0.0008896872509212002
2026-08-14 23:52:25 - val epoch: 66, loss: 1.0643
2026-08-14 23:52:28 - train: epoch 67, iter:0, loss: 0.5420, b2: 0.246, b1: 0.100, w2: [0.00,0.00,1.00], w1: [0.01,0.98,0.01], unc2: 0.048, unc1: 0.050, lr: 0.0008864040551740152
2026-08-14 23:52:31 - train: epoch 67, iter:20, loss: 0.6636, b2: 0.248, b1: 0.100, w2: [0.00,0.00,1.00], w1: [0.01,0.98,0.01], unc2: 0.049, unc1: 0.048, lr: 0.0008864040551740152
2026-08-14 23:52:55 - val epoch: 67, loss: 0.9013
2026-08-14 23:52:57 - train: epoch 68, iter:0, loss: 0.7172, b2: 0.249, b1: 0.100, w2: [0.00,0.00,1.00], w1: [0.01,0.98,0.01], unc2: 0.060, unc1: 0.063, lr: 0.0008830790341741476
2026-08-14 23:53:00 - train: epoch 68, iter:20, loss: 0.6214, b2: 0.251, b1: 0.100, w2: [0.00,0.00,1.00], w1: [0.01,0.99,0.01], unc2: 0.123, unc1: 0.113, lr: 0.0008830790341741476
2026-08-14 23:53:18 - val epoch: 68, loss: 0.9423
2026-08-14 23:53:19 - train: epoch 69, iter:0, loss: 0.4801, b2: 0.252, b1: 0.101, w2: [0.00,0.00,1.00], w1: [0.01,0.99,0.01], unc2: 0.070, unc1: 0.071, lr: 0.000879712552547619
2026-08-14 23:53:22 - train: epoch 69, iter:20, loss: 0.6307, b2: 0.253, b1: 0.101, w2: [0.00,0.00,1.00], w1: [0.01,0.99,0.01], unc2: 0.075, unc1: 0.074, lr: 0.000879712552547619
2026-08-14 23:53:51 - val epoch: 69, loss: 0.9241
2026-08-14 23:53:53 - train: epoch 70, iter:0, loss: 0.9458, b2: 0.254, b1: 0.101, w2: [0.00,0.00,1.00], w1: [0.01,0.98,0.01], unc2: 0.057, unc1: 0.061, lr: 0.0008763049794670771
2026-08-14 23:53:55 - train: epoch 70, iter:20, loss: 0.6011, b2: 0.255, b1: 0.101, w2: [0.00,0.00,1.00], w1: [0.01,0.98,0.01], unc2: 0.051, unc1: 0.051, lr: 0.0008763049794670771
2026-08-14 23:54:14 - val epoch: 70, loss: 0.8443
2026-08-14 23:54:16 - train: epoch 71, iter:0, loss: 0.5806, b2: 0.256, b1: 0.101, w2: [0.00,0.00,1.00], w1: [0.01,0.99,0.01], unc2: 0.090, unc1: 0.086, lr: 0.0008728566886113098
2026-08-14 23:54:19 - train: epoch 71, iter:20, loss: 0.6058, b2: 0.258, b1: 0.102, w2: [0.00,0.00,1.00], w1: [0.01,0.99,0.01], unc2: 0.074, unc1: 0.072, lr: 0.0008728566886113098
2026-08-14 23:54:43 - val epoch: 71, loss: 0.9145
2026-08-14 23:54:46 - train: epoch 72, iter:0, loss: 0.5869, b2: 0.259, b1: 0.102, w2: [0.00,0.00,1.00], w1: [0.01,0.98,0.01], unc2: 0.058, unc1: 0.061, lr: 0.000869368058124268
2026-08-14 23:54:48 - train: epoch 72, iter:20, loss: 0.6049, b2: 0.261, b1: 0.102, w2: [0.00,0.00,1.00], w1: [0.01,0.99,0.01], unc2: 0.060, unc1: 0.056, lr: 0.000869368058124268
2026-08-14 23:55:09 - val epoch: 72, loss: 0.9611
2026-08-14 23:55:11 - train: epoch 73, iter:0, loss: 0.5834, b2: 0.261, b1: 0.102, w2: [0.00,0.00,1.00], w1: [0.01,0.99,0.01], unc2: 0.065, unc1: 0.062, lr: 0.0008658394705735983
2026-08-14 23:55:14 - train: epoch 73, iter:20, loss: 0.6305, b2: 0.263, b1: 0.103, w2: [0.00,0.00,1.00], w1: [0.01,0.99,0.01], unc2: 0.082, unc1: 0.084, lr: 0.0008658394705735983
2026-08-14 23:55:33 - val epoch: 73, loss: 0.9162
2026-08-14 23:55:35 - train: epoch 74, iter:0, loss: 0.6147, b2: 0.264, b1: 0.103, w2: [0.00,0.00,1.00], w1: [0.01,0.99,0.01], unc2: 0.077, unc1: 0.079, lr: 0.0008622713129086888
2026-08-14 23:55:38 - train: epoch 74, iter:20, loss: 0.6447, b2: 0.265, b1: 0.103, w2: [0.00,0.00,1.00], w1: [0.01,0.99,0.01], unc2: 0.084, unc1: 0.084, lr: 0.0008622713129086888
2026-08-14 23:56:04 - val epoch: 74, loss: 0.8677
2026-08-14 23:56:05 - train: epoch 75, iter:0, loss: 0.7165, b2: 0.265, b1: 0.103, w2: [0.00,0.00,1.00], w1: [0.01,0.99,0.01], unc2: 0.087, unc1: 0.084, lr: 0.0008586639764182372
2026-08-14 23:56:08 - train: epoch 75, iter:20, loss: 0.6138, b2: 0.266, b1: 0.103, w2: [0.00,0.00,1.00], w1: [0.01,0.99,0.01], unc2: 0.046, unc1: 0.047, lr: 0.0008586639764182372
2026-08-14 23:56:26 - val epoch: 75, loss: 0.8802
2026-08-14 23:56:28 - train: epoch 76, iter:0, loss: 0.4840, b2: 0.267, b1: 0.103, w2: [0.00,0.00,1.00], w1: [0.01,0.99,0.01], unc2: 0.065, unc1: 0.063, lr: 0.0008550178566873405
2026-08-14 23:56:30 - train: epoch 76, iter:20, loss: 0.6403, b2: 0.268, b1: 0.103, w2: [0.00,0.00,1.00], w1: [0.01,0.99,0.01], unc2: 0.115, unc1: 0.108, lr: 0.0008550178566873405
2026-08-14 23:56:58 - val epoch: 76, loss: 0.9819
2026-08-14 23:57:00 - train: epoch 77, iter:0, loss: 0.8582, b2: 0.269, b1: 0.103, w2: [0.00,0.00,1.00], w1: [0.01,0.99,0.01], unc2: 0.128, unc1: 0.123, lr: 0.0008513333535541156
2026-08-14 23:57:03 - train: epoch 77, iter:20, loss: 0.6864, b2: 0.271, b1: 0.104, w2: [0.00,0.00,1.00], w1: [0.01,0.99,0.01], unc2: 0.073, unc1: 0.076, lr: 0.0008513333535541156
2026-08-14 23:57:21 - val epoch: 77, loss: 0.9021
2026-08-14 23:57:23 - train: epoch 78, iter:0, loss: 0.5320, b2: 0.272, b1: 0.104, w2: [0.00,0.00,1.00], w1: [0.01,0.99,0.01], unc2: 0.067, unc1: 0.064, lr: 0.0008476108710658509
2026-08-14 23:57:26 - train: epoch 78, iter:20, loss: 0.5998, b2: 0.274, b1: 0.104, w2: [0.00,0.00,1.00], w1: [0.01,0.99,0.01], unc2: 0.059, unc1: 0.062, lr: 0.0008476108710658509
2026-08-14 23:57:44 - val epoch: 78, loss: 0.8688
2026-08-14 23:57:46 - train: epoch 79, iter:0, loss: 0.5415, b2: 0.275, b1: 0.105, w2: [0.00,0.00,1.00], w1: [0.01,0.99,0.01], unc2: 0.065, unc1: 0.068, lr: 0.0008438508174347005
2026-08-14 23:57:49 - train: epoch 79, iter:20, loss: 0.6252, b2: 0.277, b1: 0.105, w2: [0.00,0.00,1.00], w1: [0.01,0.99,0.01], unc2: 0.092, unc1: 0.094, lr: 0.0008438508174347005
2026-08-14 23:58:07 - val epoch: 79, loss: 0.8443
2026-08-14 23:58:09 - train: epoch 80, iter:0, loss: 0.6342, b2: 0.278, b1: 0.105, w2: [0.00,0.00,1.00], w1: [0.01,0.99,0.01], unc2: 0.089, unc1: 0.084, lr: 0.0008400536049929166
2026-08-14 23:58:12 - train: epoch 80, iter:20, loss: 0.6082, b2: 0.279, b1: 0.105, w2: [0.00,0.00,1.00], w1: [0.01,0.99,0.01], unc2: 0.085, unc1: 0.086, lr: 0.0008400536049929166
2026-08-14 23:58:30 - val epoch: 80, loss: 0.8615
2026-08-14 23:58:32 - train: epoch 81, iter:0, loss: 0.5357, b2: 0.280, b1: 0.105, w2: [0.00,0.00,1.00], w1: [0.01,0.99,0.01], unc2: 0.071, unc1: 0.070, lr: 0.0008362196501476343
2026-08-14 23:58:34 - train: epoch 81, iter:20, loss: 0.5985, b2: 0.281, b1: 0.106, w2: [0.00,0.00,1.00], w1: [0.01,0.99,0.01], unc2: 0.088, unc1: 0.087, lr: 0.0008362196501476343
2026-08-14 23:58:53 - val epoch: 81, loss: 0.8802
2026-08-14 23:58:55 - train: epoch 82, iter:0, loss: 0.6534, b2: 0.283, b1: 0.106, w2: [0.00,0.00,1.00], w1: [0.01,0.99,0.01], unc2: 0.092, unc1: 0.092, lr: 0.0008323493733352072
2026-08-14 23:58:57 - train: epoch 82, iter:20, loss: 0.5964, b2: 0.284, b1: 0.107, w2: [0.00,0.00,1.00], w1: [0.01,0.99,0.01], unc2: 0.067, unc1: 0.063, lr: 0.0008323493733352072
2026-08-14 23:59:16 - val epoch: 82, loss: 0.8598
2026-08-14 23:59:18 - train: epoch 83, iter:0, loss: 0.5665, b2: 0.285, b1: 0.107, w2: [0.00,0.00,1.00], w1: [0.01,0.99,0.01], unc2: 0.042, unc1: 0.042, lr: 0.0008284431989751018
2026-08-14 23:59:20 - train: epoch 83, iter:20, loss: 0.5679, b2: 0.287, b1: 0.107, w2: [0.00,0.00,1.00], w1: [0.01,0.99,0.01], unc2: 0.057, unc1: 0.058, lr: 0.0008284431989751018
2026-08-14 23:59:38 - val epoch: 83, loss: 0.9553
2026-08-14 23:59:40 - train: epoch 84, iter:0, loss: 0.7206, b2: 0.287, b1: 0.107, w2: [0.00,0.00,1.00], w1: [0.01,0.99,0.01], unc2: 0.066, unc1: 0.065, lr: 0.000824501555423355
2026-08-14 23:59:43 - train: epoch 84, iter:20, loss: 0.6162, b2: 0.289, b1: 0.107, w2: [0.00,0.00,1.00], w1: [0.01,0.99,0.01], unc2: 0.077, unc1: 0.080, lr: 0.000824501555423355
2026-08-15 00:00:00 - val epoch: 84, loss: 0.8704
2026-08-15 00:00:02 - train: epoch 85, iter:0, loss: 0.7111, b2: 0.289, b1: 0.107, w2: [0.00,0.00,1.00], w1: [0.01,0.99,0.01], unc2: 0.062, unc1: 0.065, lr: 0.0008205248749256009
2026-08-15 00:00:05 - train: epoch 85, iter:20, loss: 0.5996, b2: 0.290, b1: 0.107, w2: [0.00,0.00,1.00], w1: [0.01,0.99,0.01], unc2: 0.066, unc1: 0.063, lr: 0.0008205248749256009
2026-08-15 00:00:23 - val epoch: 85, loss: 0.9078
2026-08-15 00:00:25 - train: epoch 86, iter:0, loss: 0.5936, b2: 0.291, b1: 0.107, w2: [0.00,0.00,1.00], w1: [0.01,0.99,0.01], unc2: 0.052, unc1: 0.051, lr: 0.000816513593569669
2026-08-15 00:00:27 - train: epoch 86, iter:20, loss: 0.5976, b2: 0.292, b1: 0.107, w2: [0.00,0.00,1.00], w1: [0.01,0.99,0.01], unc2: 0.057, unc1: 0.055, lr: 0.000816513593569669
2026-08-15 00:00:46 - val epoch: 86, loss: 0.9034
2026-08-15 00:00:48 - train: epoch 87, iter:0, loss: 0.6548, b2: 0.292, b1: 0.108, w2: [0.00,0.00,1.00], w1: [0.01,0.99,0.01], unc2: 0.068, unc1: 0.068, lr: 0.0008124681512377632
2026-08-15 00:00:50 - train: epoch 87, iter:20, loss: 0.6154, b2: 0.293, b1: 0.108, w2: [0.00,0.00,1.00], w1: [0.01,0.99,0.01], unc2: 0.068, unc1: 0.067, lr: 0.0008124681512377632
2026-08-15 00:01:08 - val epoch: 87, loss: 0.8551
2026-08-15 00:01:11 - train: epoch 88, iter:0, loss: 0.4866, b2: 0.294, b1: 0.108, w2: [0.00,0.00,1.00], w1: [0.01,0.99,0.01], unc2: 0.052, unc1: 0.053, lr: 0.000808388991558223
2026-08-15 00:01:13 - train: epoch 88, iter:20, loss: 0.5818, b2: 0.295, b1: 0.109, w2: [0.00,0.00,1.00], w1: [0.01,0.99,0.00], unc2: 0.074, unc1: 0.075, lr: 0.000808388991558223
2026-08-15 00:01:31 - val epoch: 88, loss: 0.8906
2026-08-15 00:01:33 - train: epoch 89, iter:0, loss: 0.5706, b2: 0.295, b1: 0.109, w2: [0.00,0.00,1.00], w1: [0.01,0.99,0.00], unc2: 0.074, unc1: 0.078, lr: 0.0008042765618568752
2026-08-15 00:01:36 - train: epoch 89, iter:20, loss: 0.5715, b2: 0.296, b1: 0.110, w2: [0.00,0.00,1.00], w1: [0.01,0.99,0.00], unc2: 0.057, unc1: 0.059, lr: 0.0008042765618568752
2026-08-15 00:01:54 - val epoch: 89, loss: 0.8719
2026-08-15 00:01:56 - train: epoch 90, iter:0, loss: 0.6408, b2: 0.297, b1: 0.110, w2: [0.00,0.00,1.00], w1: [0.01,0.99,0.00], unc2: 0.062, unc1: 0.062, lr: 0.0008001313131079794
2026-08-15 00:01:59 - train: epoch 90, iter:20, loss: 0.5705, b2: 0.298, b1: 0.110, w2: [0.00,0.00,1.00], w1: [0.01,0.99,0.00], unc2: 0.049, unc1: 0.049, lr: 0.0008001313131079794
2026-08-15 00:02:21 - val epoch: 90, loss: 0.8369, miou: 0.7775562472111108, f1_or_dsc: 0.8748597952172308, accuracy: 0.9387237813213084,                 specificity: 0.9576345020505823, sensitivity: 0.8799453760790393, confusion_matrix: [[38366187  1697310]
 [ 1547455 11342136]]
2026-08-15 00:02:23 - train: epoch 91, iter:0, loss: 0.7254, b2: 0.298, b1: 0.110, w2: [0.00,0.00,1.00], w1: [0.01,0.99,0.00], unc2: 0.088, unc1: 0.085, lr: 0.0007959536998847737
2026-08-15 00:02:26 - train: epoch 91, iter:20, loss: 0.5774, b2: 0.299, b1: 0.110, w2: [0.00,0.00,1.00], w1: [0.01,0.99,0.01], unc2: 0.048, unc1: 0.047, lr: 0.0007959536998847737
2026-08-15 00:02:44 - val epoch: 91, loss: 0.8710
2026-08-15 00:02:46 - train: epoch 92, iter:0, loss: 0.4578, b2: 0.300, b1: 0.110, w2: [0.00,0.00,1.00], w1: [0.01,0.99,0.01], unc2: 0.054, unc1: 0.056, lr: 0.0007917441803096255
2026-08-15 00:02:49 - train: epoch 92, iter:20, loss: 0.5764, b2: 0.301, b1: 0.111, w2: [0.00,0.00,1.00], w1: [0.01,0.99,0.00], unc2: 0.075, unc1: 0.073, lr: 0.0007917441803096255
2026-08-15 00:03:07 - val epoch: 92, loss: 0.8475
2026-08-15 00:03:10 - train: epoch 93, iter:0, loss: 0.4450, b2: 0.302, b1: 0.111, w2: [0.00,0.00,1.00], w1: [0.01,0.99,0.00], unc2: 0.061, unc1: 0.061, lr: 0.0007875032160037932
2026-08-15 00:03:12 - train: epoch 93, iter:20, loss: 0.5546, b2: 0.302, b1: 0.111, w2: [0.00,0.00,1.00], w1: [0.01,0.99,0.00], unc2: 0.067, unc1: 0.067, lr: 0.0007875032160037932
2026-08-15 00:03:31 - val epoch: 93, loss: 0.8911
2026-08-15 00:03:33 - train: epoch 94, iter:0, loss: 0.5140, b2: 0.303, b1: 0.111, w2: [0.00,0.00,1.00], w1: [0.01,0.99,0.00], unc2: 0.058, unc1: 0.056, lr: 0.0007832312720368042
2026-08-15 00:03:35 - train: epoch 94, iter:20, loss: 0.5817, b2: 0.304, b1: 0.112, w2: [0.00,0.00,1.00], w1: [0.01,0.99,0.00], unc2: 0.065, unc1: 0.064, lr: 0.0007832312720368042
2026-08-15 00:03:53 - val epoch: 94, loss: 0.8678
2026-08-15 00:03:55 - train: epoch 95, iter:0, loss: 0.5327, b2: 0.305, b1: 0.112, w2: [0.00,0.00,1.00], w1: [0.01,0.99,0.00], unc2: 0.074, unc1: 0.072, lr: 0.0007789288168754548
2026-08-15 00:03:58 - train: epoch 95, iter:20, loss: 0.5687, b2: 0.306, b1: 0.112, w2: [0.00,0.00,1.00], w1: [0.01,0.99,0.00], unc2: 0.053, unc1: 0.055, lr: 0.0007789288168754548
2026-08-15 00:04:16 - val epoch: 95, loss: 1.0054
2026-08-15 00:04:18 - train: epoch 96, iter:0, loss: 0.5730, b2: 0.307, b1: 0.112, w2: [0.00,0.00,1.00], w1: [0.01,0.99,0.00], unc2: 0.053, unc1: 0.050, lr: 0.0007745963223324379
2026-08-15 00:04:21 - train: epoch 96, iter:20, loss: 0.5655, b2: 0.309, b1: 0.112, w2: [0.00,0.00,1.00], w1: [0.01,0.99,0.00], unc2: 0.070, unc1: 0.069, lr: 0.0007745963223324379
2026-08-15 00:04:39 - val epoch: 96, loss: 0.8446
2026-08-15 00:04:41 - train: epoch 97, iter:0, loss: 0.5449, b2: 0.309, b1: 0.112, w2: [0.00,0.00,1.00], w1: [0.01,0.99,0.00], unc2: 0.057, unc1: 0.057, lr: 0.0007702342635146028
2026-08-15 00:04:43 - train: epoch 97, iter:20, loss: 0.5660, b2: 0.310, b1: 0.112, w2: [0.00,0.00,1.00], w1: [0.01,0.99,0.01], unc2: 0.054, unc1: 0.052, lr: 0.0007702342635146028
2026-08-15 00:05:01 - val epoch: 97, loss: 0.9111
2026-08-15 00:05:04 - train: epoch 98, iter:0, loss: 0.4870, b2: 0.310, b1: 0.112, w2: [0.00,0.00,1.00], w1: [0.01,0.99,0.00], unc2: 0.088, unc1: 0.091, lr: 0.000765843118770855
2026-08-15 00:05:06 - train: epoch 98, iter:20, loss: 0.5703, b2: 0.311, b1: 0.112, w2: [0.00,0.00,1.00], w1: [0.01,0.99,0.00], unc2: 0.041, unc1: 0.041, lr: 0.000765843118770855
2026-08-15 00:05:24 - val epoch: 98, loss: 0.9413
2026-08-15 00:05:26 - train: epoch 99, iter:0, loss: 0.6352, b2: 0.312, b1: 0.112, w2: [0.00,0.00,1.00], w1: [0.01,0.99,0.01], unc2: 0.048, unc1: 0.049, lr: 0.0007614233696396991
2026-08-15 00:05:29 - train: epoch 99, iter:20, loss: 0.5917, b2: 0.314, b1: 0.113, w2: [0.00,0.00,1.00], w1: [0.01,0.99,0.00], unc2: 0.073, unc1: 0.072, lr: 0.0007614233696396991
2026-08-15 00:05:47 - val epoch: 99, loss: 0.8599
2026-08-15 00:05:49 - train: epoch 100, iter:0, loss: 0.5146, b2: 0.314, b1: 0.113, w2: [0.00,0.00,1.00], w1: [0.01,0.99,0.00], unc2: 0.055, unc1: 0.057, lr: 0.0007569755007964334
2026-08-15 00:05:52 - train: epoch 100, iter:20, loss: 0.5772, b2: 0.315, b1: 0.113, w2: [0.00,0.00,1.00], w1: [0.01,0.99,0.00], unc2: 0.064, unc1: 0.066, lr: 0.0007569755007964334
2026-08-15 00:06:10 - val epoch: 100, loss: 0.8325
2026-08-15 00:06:12 - train: epoch 101, iter:0, loss: 0.4269, b2: 0.316, b1: 0.113, w2: [0.00,0.00,1.00], w1: [0.01,0.99,0.00], unc2: 0.049, unc1: 0.049, lr: 0.0007524999999999996
2026-08-15 00:06:15 - train: epoch 101, iter:20, loss: 0.5725, b2: 0.317, b1: 0.113, w2: [0.00,0.00,1.00], w1: [0.01,0.99,0.00], unc2: 0.072, unc1: 0.072, lr: 0.0007524999999999996
2026-08-15 00:06:33 - val epoch: 101, loss: 0.8355
2026-08-15 00:06:35 - train: epoch 102, iter:0, loss: 0.5396, b2: 0.317, b1: 0.113, w2: [0.00,0.00,1.00], w1: [0.01,0.99,0.00], unc2: 0.070, unc1: 0.076, lr: 0.0007479973580394943
2026-08-15 00:06:38 - train: epoch 102, iter:20, loss: 0.5556, b2: 0.318, b1: 0.113, w2: [0.00,0.00,1.00], w1: [0.01,0.99,0.00], unc2: 0.069, unc1: 0.065, lr: 0.0007479973580394943
2026-08-15 00:06:56 - val epoch: 102, loss: 0.9215
2026-08-15 00:06:58 - train: epoch 103, iter:0, loss: 0.6876, b2: 0.319, b1: 0.113, w2: [0.00,0.00,1.00], w1: [0.01,0.99,0.00], unc2: 0.070, unc1: 0.065, lr: 0.0007434680686803487
2026-08-15 00:07:01 - train: epoch 103, iter:20, loss: 0.5773, b2: 0.321, b1: 0.113, w2: [0.00,0.00,1.00], w1: [0.01,0.99,0.00], unc2: 0.058, unc1: 0.059, lr: 0.0007434680686803487
2026-08-15 00:07:19 - val epoch: 103, loss: 0.8575
2026-08-15 00:07:21 - train: epoch 104, iter:0, loss: 0.5496, b2: 0.322, b1: 0.113, w2: [0.00,0.00,1.00], w1: [0.01,0.99,0.00], unc2: 0.061, unc1: 0.060, lr: 0.0007389126286101815
2026-08-15 00:07:23 - train: epoch 104, iter:20, loss: 0.5468, b2: 0.323, b1: 0.114, w2: [0.00,0.00,1.00], w1: [0.01,0.99,0.00], unc2: 0.084, unc1: 0.089, lr: 0.0007389126286101815
2026-08-15 00:07:42 - val epoch: 104, loss: 0.8178
2026-08-15 00:07:44 - train: epoch 105, iter:0, loss: 0.6898, b2: 0.324, b1: 0.114, w2: [0.00,0.00,1.00], w1: [0.01,0.99,0.00], unc2: 0.090, unc1: 0.094, lr: 0.0007343315373843313
2026-08-15 00:07:46 - train: epoch 105, iter:20, loss: 0.5745, b2: 0.325, b1: 0.114, w2: [0.00,0.00,1.00], w1: [0.01,0.99,0.00], unc2: 0.053, unc1: 0.051, lr: 0.0007343315373843313
2026-08-15 00:08:04 - val epoch: 105, loss: 0.8434
2026-08-15 00:08:06 - train: epoch 106, iter:0, loss: 0.6094, b2: 0.326, b1: 0.114, w2: [0.00,0.00,1.00], w1: [0.01,0.99,0.00], unc2: 0.063, unc1: 0.059, lr: 0.0007297252973710753
2026-08-15 00:08:09 - train: epoch 106, iter:20, loss: 0.6021, b2: 0.326, b1: 0.114, w2: [0.00,0.00,1.00], w1: [0.01,0.99,0.00], unc2: 0.063, unc1: 0.063, lr: 0.0007297252973710753
2026-08-15 00:08:27 - val epoch: 106, loss: 0.8516
2026-08-15 00:08:29 - train: epoch 107, iter:0, loss: 0.6185, b2: 0.326, b1: 0.114, w2: [0.00,0.00,1.00], w1: [0.01,0.99,0.00], unc2: 0.064, unc1: 0.061, lr: 0.0007250944136965387
2026-08-15 00:08:32 - train: epoch 107, iter:20, loss: 0.5690, b2: 0.327, b1: 0.114, w2: [0.00,0.00,1.00], w1: [0.01,0.99,0.00], unc2: 0.049, unc1: 0.050, lr: 0.0007250944136965387
2026-08-15 00:08:49 - val epoch: 107, loss: 0.8470
2026-08-15 00:08:52 - train: epoch 108, iter:0, loss: 0.5884, b2: 0.327, b1: 0.114, w2: [0.00,0.00,1.00], w1: [0.01,0.99,0.00], unc2: 0.075, unc1: 0.079, lr: 0.0007204393941893019
2026-08-15 00:08:54 - train: epoch 108, iter:20, loss: 0.5736, b2: 0.328, b1: 0.115, w2: [0.00,0.00,1.00], w1: [0.01,0.99,0.00], unc2: 0.069, unc1: 0.066, lr: 0.0007204393941893019
2026-08-15 00:09:12 - val epoch: 108, loss: 0.8296
2026-08-15 00:09:14 - train: epoch 109, iter:0, loss: 0.4973, b2: 0.329, b1: 0.115, w2: [0.00,0.00,1.00], w1: [0.01,0.99,0.00], unc2: 0.067, unc1: 0.066, lr: 0.0007157607493247106
2026-08-15 00:09:16 - train: epoch 109, iter:20, loss: 0.5500, b2: 0.329, b1: 0.115, w2: [0.00,0.00,1.00], w1: [0.01,0.99,0.00], unc2: 0.087, unc1: 0.086, lr: 0.0007157607493247106
2026-08-15 00:09:35 - val epoch: 109, loss: 0.9250
2026-08-15 00:09:37 - train: epoch 110, iter:0, loss: 0.4323, b2: 0.329, b1: 0.115, w2: [0.00,0.00,1.00], w1: [0.01,0.99,0.00], unc2: 0.047, unc1: 0.046, lr: 0.0007110589921688983
2026-08-15 00:09:39 - train: epoch 110, iter:20, loss: 0.5290, b2: 0.330, b1: 0.115, w2: [0.00,0.00,1.00], w1: [0.01,0.99,0.00], unc2: 0.063, unc1: 0.063, lr: 0.0007110589921688983
2026-08-15 00:09:57 - val epoch: 110, loss: 0.8377
2026-08-15 00:09:59 - train: epoch 111, iter:0, loss: 0.4993, b2: 0.330, b1: 0.115, w2: [0.00,0.00,1.00], w1: [0.01,0.99,0.00], unc2: 0.060, unc1: 0.058, lr: 0.0007063346383225208
2026-08-15 00:10:02 - train: epoch 111, iter:20, loss: 0.5443, b2: 0.330, b1: 0.115, w2: [0.00,0.00,1.00], w1: [0.01,0.99,0.00], unc2: 0.052, unc1: 0.054, lr: 0.0007063346383225208
2026-08-15 00:10:20 - val epoch: 111, loss: 0.8242
2026-08-15 00:10:21 - train: epoch 112, iter:0, loss: 0.4599, b2: 0.331, b1: 0.115, w2: [0.00,0.00,1.00], w1: [0.01,0.99,0.00], unc2: 0.053, unc1: 0.050, lr: 0.0007015882058642161
2026-08-15 00:10:24 - train: epoch 112, iter:20, loss: 0.5690, b2: 0.331, b1: 0.116, w2: [0.00,0.00,1.00], w1: [0.01,0.99,0.00], unc2: 0.070, unc1: 0.071, lr: 0.0007015882058642161
2026-08-15 00:10:42 - val epoch: 112, loss: 0.8483
2026-08-15 00:10:44 - train: epoch 113, iter:0, loss: 0.4246, b2: 0.331, b1: 0.116, w2: [0.00,0.00,1.00], w1: [0.01,0.99,0.00], unc2: 0.039, unc1: 0.040, lr: 0.0006968202152937907
2026-08-15 00:10:47 - train: epoch 113, iter:20, loss: 0.5735, b2: 0.332, b1: 0.116, w2: [0.00,0.00,1.00], w1: [0.01,0.99,0.00], unc2: 0.066, unc1: 0.064, lr: 0.0006968202152937907
2026-08-15 00:11:05 - val epoch: 113, loss: 0.9121
2026-08-15 00:11:07 - train: epoch 114, iter:0, loss: 0.6460, b2: 0.332, b1: 0.116, w2: [0.00,0.00,1.00], w1: [0.01,0.99,0.00], unc2: 0.076, unc1: 0.075, lr: 0.000692031189475141
2026-08-15 00:11:10 - train: epoch 114, iter:20, loss: 0.5418, b2: 0.332, b1: 0.115, w2: [0.00,0.00,1.00], w1: [0.01,0.99,0.00], unc2: 0.069, unc1: 0.071, lr: 0.000692031189475141
2026-08-15 00:11:28 - val epoch: 114, loss: 0.8274
2026-08-15 00:11:30 - train: epoch 115, iter:0, loss: 0.6071, b2: 0.333, b1: 0.116, w2: [0.00,0.00,1.00], w1: [0.01,0.99,0.00], unc2: 0.062, unc1: 0.065, lr: 0.0006872216535789155
2026-08-15 00:11:32 - train: epoch 115, iter:20, loss: 0.5540, b2: 0.333, b1: 0.116, w2: [0.00,0.00,1.00], w1: [0.01,0.99,0.00], unc2: 0.062, unc1: 0.064, lr: 0.0006872216535789155
2026-08-15 00:11:51 - val epoch: 115, loss: 0.8528
2026-08-15 00:11:52 - train: epoch 116, iter:0, loss: 0.5752, b2: 0.334, b1: 0.116, w2: [0.00,0.00,1.00], w1: [0.01,0.99,0.00], unc2: 0.071, unc1: 0.070, lr: 0.0006823921350249233
2026-08-15 00:11:55 - train: epoch 116, iter:20, loss: 0.5538, b2: 0.334, b1: 0.116, w2: [0.00,0.00,1.00], w1: [0.01,0.99,0.00], unc2: 0.082, unc1: 0.079, lr: 0.0006823921350249233
2026-08-15 00:12:13 - val epoch: 116, loss: 0.8647
2026-08-15 00:12:15 - train: epoch 117, iter:0, loss: 0.7424, b2: 0.335, b1: 0.116, w2: [0.00,0.00,1.00], w1: [0.01,0.99,0.00], unc2: 0.098, unc1: 0.098, lr: 0.0006775431634242984
2026-08-15 00:12:18 - train: epoch 117, iter:20, loss: 0.5769, b2: 0.336, b1: 0.117, w2: [0.00,0.00,1.00], w1: [0.01,0.99,0.00], unc2: 0.059, unc1: 0.057, lr: 0.0006775431634242984
2026-08-15 00:12:36 - val epoch: 117, loss: 0.8647
2026-08-15 00:12:38 - train: epoch 118, iter:0, loss: 0.4834, b2: 0.337, b1: 0.117, w2: [0.00,0.00,1.00], w1: [0.01,0.99,0.00], unc2: 0.069, unc1: 0.068, lr: 0.0006726752705214191
2026-08-15 00:12:40 - train: epoch 118, iter:20, loss: 0.5744, b2: 0.338, b1: 0.117, w2: [0.00,0.00,1.00], w1: [0.01,0.99,0.00], unc2: 0.063, unc1: 0.068, lr: 0.0006726752705214191
2026-08-15 00:12:59 - val epoch: 118, loss: 0.8907
2026-08-15 00:13:01 - train: epoch 119, iter:0, loss: 0.4995, b2: 0.338, b1: 0.117, w2: [0.00,0.00,1.00], w1: [0.01,0.99,0.00], unc2: 0.045, unc1: 0.045, lr: 0.0006677889901355985
2026-08-15 00:13:03 - train: epoch 119, iter:20, loss: 0.5509, b2: 0.339, b1: 0.117, w2: [0.00,0.00,1.00], w1: [0.01,0.99,0.00], unc2: 0.064, unc1: 0.064, lr: 0.0006677889901355985
2026-08-15 00:13:21 - val epoch: 119, loss: 0.8890
2026-08-15 00:13:23 - train: epoch 120, iter:0, loss: 0.4312, b2: 0.339, b1: 0.117, w2: [0.00,0.00,1.00], w1: [0.01,0.99,0.00], unc2: 0.043, unc1: 0.043, lr: 0.0006628848581025445
2026-08-15 00:13:26 - train: epoch 120, iter:20, loss: 0.5404, b2: 0.340, b1: 0.117, w2: [0.00,0.00,1.00], w1: [0.01,0.99,0.00], unc2: 0.072, unc1: 0.070, lr: 0.0006628848581025445
2026-08-15 00:13:48 - val epoch: 120, loss: 0.9017, miou: 0.7739874885332061, f1_or_dsc: 0.872596332878498, accuracy: 0.9403332058746036,                 specificity: 0.972795560008154, sensitivity: 0.8394335398229471, confusion_matrix: [[38973592  1089905]
 [ 2069636 10819955]]
2026-08-15 00:13:50 - train: epoch 121, iter:0, loss: 0.5347, b2: 0.340, b1: 0.117, w2: [0.00,0.00,1.00], w1: [0.01,0.99,0.00], unc2: 0.047, unc1: 0.045, lr: 0.0006579634122155989
2026-08-15 00:13:52 - train: epoch 121, iter:20, loss: 0.5753, b2: 0.341, b1: 0.117, w2: [0.00,0.00,1.00], w1: [0.01,0.99,0.00], unc2: 0.078, unc1: 0.081, lr: 0.0006579634122155989
2026-08-15 00:14:11 - val epoch: 121, loss: 0.8337
2026-08-15 00:14:13 - train: epoch 122, iter:0, loss: 0.6471, b2: 0.341, b1: 0.117, w2: [0.00,0.00,1.00], w1: [0.01,0.99,0.00], unc2: 0.081, unc1: 0.082, lr: 0.0006530251921667629
2026-08-15 00:14:15 - train: epoch 122, iter:20, loss: 0.5722, b2: 0.342, b1: 0.117, w2: [0.00,0.00,1.00], w1: [0.01,0.99,0.00], unc2: 0.058, unc1: 0.060, lr: 0.0006530251921667629
2026-08-15 00:14:33 - val epoch: 122, loss: 0.8915
2026-08-15 00:14:35 - train: epoch 123, iter:0, loss: 0.4887, b2: 0.342, b1: 0.118, w2: [0.00,0.00,1.00], w1: [0.01,0.99,0.00], unc2: 0.046, unc1: 0.046, lr: 0.0006480707394875134
2026-08-15 00:14:38 - train: epoch 123, iter:20, loss: 0.5345, b2: 0.343, b1: 0.118, w2: [0.00,0.00,1.00], w1: [0.01,0.99,0.00], unc2: 0.058, unc1: 0.056, lr: 0.0006480707394875134
2026-08-15 00:14:56 - val epoch: 123, loss: 0.8460
2026-08-15 00:14:58 - train: epoch 124, iter:0, loss: 0.4780, b2: 0.343, b1: 0.118, w2: [0.00,0.00,1.00], w1: [0.01,0.99,0.00], unc2: 0.064, unc1: 0.062, lr: 0.0006431005974894185
2026-08-15 00:15:01 - train: epoch 124, iter:20, loss: 0.5481, b2: 0.343, b1: 0.118, w2: [0.00,0.00,1.00], w1: [0.01,0.99,0.00], unc2: 0.047, unc1: 0.046, lr: 0.0006431005974894185
2026-08-15 00:15:19 - val epoch: 124, loss: 0.8279
2026-08-15 00:15:21 - train: epoch 125, iter:0, loss: 0.4881, b2: 0.344, b1: 0.118, w2: [0.00,0.00,1.00], w1: [0.01,0.99,0.00], unc2: 0.070, unc1: 0.069, lr: 0.0006381153112045565
2026-08-15 00:15:23 - train: epoch 125, iter:20, loss: 0.5345, b2: 0.344, b1: 0.118, w2: [0.00,0.00,1.00], w1: [0.01,0.99,0.00], unc2: 0.076, unc1: 0.076, lr: 0.0006381153112045565
2026-08-15 00:15:41 - val epoch: 125, loss: 0.8423
2026-08-15 00:15:43 - train: epoch 126, iter:0, loss: 0.5051, b2: 0.345, b1: 0.118, w2: [0.00,0.00,1.00], w1: [0.01,0.99,0.00], unc2: 0.063, unc1: 0.064, lr: 0.0006331154273257479
2026-08-15 00:15:46 - train: epoch 126, iter:20, loss: 0.5632, b2: 0.346, b1: 0.118, w2: [0.00,0.00,1.00], w1: [0.01,0.99,0.00], unc2: 0.059, unc1: 0.057, lr: 0.0006331154273257479
2026-08-15 00:16:04 - val epoch: 126, loss: 0.8483
2026-08-15 00:16:06 - train: epoch 127, iter:0, loss: 0.4776, b2: 0.346, b1: 0.118, w2: [0.00,0.00,1.00], w1: [0.01,0.99,0.00], unc2: 0.046, unc1: 0.045, lr: 0.000628101494146603
2026-08-15 00:16:09 - train: epoch 127, iter:20, loss: 0.5549, b2: 0.347, b1: 0.118, w2: [0.00,0.00,1.00], w1: [0.01,0.99,0.00], unc2: 0.082, unc1: 0.084, lr: 0.000628101494146603
2026-08-15 00:16:27 - val epoch: 127, loss: 0.8640
2026-08-15 00:16:28 - train: epoch 128, iter:0, loss: 0.5966, b2: 0.347, b1: 0.119, w2: [0.00,0.00,1.00], w1: [0.01,0.99,0.00], unc2: 0.071, unc1: 0.069, lr: 0.0006230740615013976
2026-08-15 00:16:31 - train: epoch 128, iter:20, loss: 0.5470, b2: 0.348, b1: 0.119, w2: [0.00,0.00,1.00], w1: [0.01,0.99,0.00], unc2: 0.061, unc1: 0.060, lr: 0.0006230740615013976
2026-08-15 00:16:49 - val epoch: 128, loss: 0.8296
2026-08-15 00:16:51 - train: epoch 129, iter:0, loss: 0.5124, b2: 0.348, b1: 0.119, w2: [0.00,0.00,1.00], w1: [0.01,0.99,0.00], unc2: 0.076, unc1: 0.075, lr: 0.0006180336807047746
2026-08-15 00:16:54 - train: epoch 129, iter:20, loss: 0.5612, b2: 0.349, b1: 0.119, w2: [0.00,0.00,1.00], w1: [0.01,0.99,0.00], unc2: 0.055, unc1: 0.054, lr: 0.0006180336807047746
2026-08-15 00:17:12 - val epoch: 129, loss: 0.9529
2026-08-15 00:17:14 - train: epoch 130, iter:0, loss: 0.5769, b2: 0.349, b1: 0.119, w2: [0.00,0.00,1.00], w1: [0.01,0.99,0.00], unc2: 0.052, unc1: 0.051, lr: 0.0006129809044912887
2026-08-15 00:17:17 - train: epoch 130, iter:20, loss: 0.5420, b2: 0.349, b1: 0.119, w2: [0.00,0.00,1.00], w1: [0.01,0.99,0.00], unc2: 0.055, unc1: 0.058, lr: 0.0006129809044912887
2026-08-15 00:17:35 - val epoch: 130, loss: 0.8676
2026-08-15 00:17:37 - train: epoch 131, iter:0, loss: 0.5191, b2: 0.350, b1: 0.119, w2: [0.00,0.00,1.00], w1: [0.01,0.99,0.00], unc2: 0.052, unc1: 0.050, lr: 0.0006079162869547909
2026-08-15 00:17:40 - train: epoch 131, iter:20, loss: 0.5396, b2: 0.351, b1: 0.119, w2: [0.00,0.00,1.00], w1: [0.01,0.99,0.00], unc2: 0.049, unc1: 0.049, lr: 0.0006079162869547909
2026-08-15 00:17:57 - val epoch: 131, loss: 0.8384
2026-08-15 00:18:00 - train: epoch 132, iter:0, loss: 0.4679, b2: 0.351, b1: 0.119, w2: [0.00,0.00,1.00], w1: [0.01,0.99,0.00], unc2: 0.066, unc1: 0.067, lr: 0.0006028403834876673
2026-08-15 00:18:02 - train: epoch 132, iter:20, loss: 0.5427, b2: 0.351, b1: 0.119, w2: [0.00,0.00,1.00], w1: [0.01,0.99,0.00], unc2: 0.070, unc1: 0.067, lr: 0.0006028403834876673
2026-08-15 00:18:20 - val epoch: 132, loss: 0.8475
2026-08-15 00:18:23 - train: epoch 133, iter:0, loss: 0.4947, b2: 0.352, b1: 0.119, w2: [0.00,0.00,1.00], w1: [0.01,0.99,0.00], unc2: 0.046, unc1: 0.047, lr: 0.0005977537507199337
2026-08-15 00:18:25 - train: epoch 133, iter:20, loss: 0.5397, b2: 0.353, b1: 0.119, w2: [0.00,0.00,1.00], w1: [0.01,0.99,0.00], unc2: 0.072, unc1: 0.074, lr: 0.0005977537507199337
2026-08-15 00:18:43 - val epoch: 133, loss: 0.8841
2026-08-15 00:18:45 - train: epoch 134, iter:0, loss: 0.4510, b2: 0.353, b1: 0.119, w2: [0.00,0.00,1.00], w1: [0.01,0.99,0.00], unc2: 0.051, unc1: 0.052, lr: 0.0005926569464581937
2026-08-15 00:18:48 - train: epoch 134, iter:20, loss: 0.5421, b2: 0.353, b1: 0.119, w2: [0.00,0.00,1.00], w1: [0.01,0.99,0.00], unc2: 0.048, unc1: 0.047, lr: 0.0005926569464581937
2026-08-15 00:19:05 - val epoch: 134, loss: 0.8444
2026-08-15 00:19:07 - train: epoch 135, iter:0, loss: 0.4034, b2: 0.354, b1: 0.119, w2: [0.00,0.00,1.00], w1: [0.01,0.99,0.00], unc2: 0.046, unc1: 0.045, lr: 0.0005875505296244705
2026-08-15 00:19:10 - train: epoch 135, iter:20, loss: 0.5191, b2: 0.355, b1: 0.120, w2: [0.00,0.00,1.00], w1: [0.01,0.99,0.00], unc2: 0.064, unc1: 0.063, lr: 0.0005875505296244705
2026-08-15 00:19:28 - val epoch: 135, loss: 0.8243
2026-08-15 00:19:30 - train: epoch 136, iter:0, loss: 0.5105, b2: 0.355, b1: 0.120, w2: [0.00,0.00,1.00], w1: [0.01,0.99,0.00], unc2: 0.050, unc1: 0.052, lr: 0.0005824350601949142
2026-08-15 00:19:33 - train: epoch 136, iter:20, loss: 0.5333, b2: 0.355, b1: 0.119, w2: [0.00,0.00,1.00], w1: [0.01,0.99,0.00], unc2: 0.065, unc1: 0.065, lr: 0.0005824350601949142
2026-08-15 00:19:51 - val epoch: 136, loss: 0.8492
2026-08-15 00:19:53 - train: epoch 137, iter:0, loss: 0.5539, b2: 0.355, b1: 0.119, w2: [0.00,0.00,1.00], w1: [0.01,0.99,0.00], unc2: 0.060, unc1: 0.060, lr: 0.0005773110991383937
2026-08-15 00:19:55 - train: epoch 137, iter:20, loss: 0.5255, b2: 0.356, b1: 0.119, w2: [0.00,0.00,1.00], w1: [0.01,0.99,0.00], unc2: 0.074, unc1: 0.075, lr: 0.0005773110991383937
2026-08-15 00:20:13 - val epoch: 137, loss: 0.8687
2026-08-15 00:20:15 - train: epoch 138, iter:0, loss: 0.6084, b2: 0.356, b1: 0.119, w2: [0.00,0.00,1.00], w1: [0.01,0.99,0.00], unc2: 0.048, unc1: 0.047, lr: 0.0005721792083549806
2026-08-15 00:20:18 - train: epoch 138, iter:20, loss: 0.5400, b2: 0.357, b1: 0.119, w2: [0.00,0.00,1.00], w1: [0.01,0.99,0.00], unc2: 0.067, unc1: 0.064, lr: 0.0005721792083549806
2026-08-15 00:20:36 - val epoch: 138, loss: 0.8432
2026-08-15 00:20:38 - train: epoch 139, iter:0, loss: 0.5964, b2: 0.357, b1: 0.119, w2: [0.00,0.00,1.00], w1: [0.01,0.99,0.00], unc2: 0.056, unc1: 0.052, lr: 0.0005670399506143306
2026-08-15 00:20:40 - train: epoch 139, iter:20, loss: 0.5643, b2: 0.357, b1: 0.119, w2: [0.00,0.00,1.00], w1: [0.01,0.99,0.00], unc2: 0.061, unc1: 0.061, lr: 0.0005670399506143306
2026-08-15 00:20:58 - val epoch: 139, loss: 0.8937
2026-08-15 00:21:00 - train: epoch 140, iter:0, loss: 0.5799, b2: 0.357, b1: 0.119, w2: [0.00,0.00,1.00], w1: [0.01,0.99,0.00], unc2: 0.058, unc1: 0.058, lr: 0.000561893889493969
2026-08-15 00:21:03 - train: epoch 140, iter:20, loss: 0.5442, b2: 0.357, b1: 0.119, w2: [0.00,0.00,1.00], w1: [0.01,0.99,0.01], unc2: 0.045, unc1: 0.045, lr: 0.000561893889493969
2026-08-15 00:21:21 - val epoch: 140, loss: 0.8684
2026-08-15 00:21:23 - train: epoch 141, iter:0, loss: 0.4935, b2: 0.358, b1: 0.120, w2: [0.00,0.00,1.00], w1: [0.01,0.99,0.00], unc2: 0.059, unc1: 0.060, lr: 0.0005567415893174885
2026-08-15 00:21:25 - train: epoch 141, iter:20, loss: 0.5243, b2: 0.358, b1: 0.120, w2: [0.00,0.00,1.00], w1: [0.01,0.99,0.01], unc2: 0.047, unc1: 0.046, lr: 0.0005567415893174885
2026-08-15 00:21:43 - val epoch: 141, loss: 0.8698
2026-08-15 00:21:45 - train: epoch 142, iter:0, loss: 0.4389, b2: 0.358, b1: 0.120, w2: [0.00,0.00,1.00], w1: [0.01,0.99,0.00], unc2: 0.056, unc1: 0.057, lr: 0.0005515836150926646
2026-08-15 00:21:48 - train: epoch 142, iter:20, loss: 0.5602, b2: 0.359, b1: 0.120, w2: [0.00,0.00,1.00], w1: [0.01,0.99,0.00], unc2: 0.057, unc1: 0.059, lr: 0.0005515836150926646
2026-08-15 00:22:06 - val epoch: 142, loss: 0.8829
2026-08-15 00:22:09 - train: epoch 143, iter:0, loss: 0.4986, b2: 0.360, b1: 0.120, w2: [0.00,0.00,1.00], w1: [0.01,0.99,0.00], unc2: 0.039, unc1: 0.038, lr: 0.0005464205324494961
2026-08-15 00:22:11 - train: epoch 143, iter:20, loss: 0.5314, b2: 0.360, b1: 0.120, w2: [0.00,0.00,1.00], w1: [0.01,0.99,0.00], unc2: 0.060, unc1: 0.061, lr: 0.0005464205324494961
2026-08-15 00:22:29 - val epoch: 143, loss: 0.8493
2026-08-15 00:22:31 - train: epoch 144, iter:0, loss: 0.5891, b2: 0.360, b1: 0.120, w2: [0.00,0.00,1.00], w1: [0.01,0.99,0.00], unc2: 0.067, unc1: 0.067, lr: 0.0005412529075781776
2026-08-15 00:22:34 - train: epoch 144, iter:20, loss: 0.5276, b2: 0.361, b1: 0.120, w2: [0.00,0.00,1.00], w1: [0.01,0.99,0.00], unc2: 0.064, unc1: 0.068, lr: 0.0005412529075781776
2026-08-15 00:22:52 - val epoch: 144, loss: 0.8483
2026-08-15 00:22:54 - train: epoch 145, iter:0, loss: 0.5230, b2: 0.361, b1: 0.121, w2: [0.00,0.00,1.00], w1: [0.01,0.99,0.00], unc2: 0.052, unc1: 0.053, lr: 0.0005360813071670101
2026-08-15 00:22:57 - train: epoch 145, iter:20, loss: 0.5294, b2: 0.361, b1: 0.121, w2: [0.00,0.00,1.00], w1: [0.01,0.99,0.00], unc2: 0.066, unc1: 0.066, lr: 0.0005360813071670101
2026-08-15 00:23:15 - val epoch: 145, loss: 0.8482
2026-08-15 00:23:17 - train: epoch 146, iter:0, loss: 0.4190, b2: 0.362, b1: 0.121, w2: [0.00,0.00,1.00], w1: [0.01,0.99,0.00], unc2: 0.054, unc1: 0.054, lr: 0.0005309062983402573
2026-08-15 00:23:20 - train: epoch 146, iter:20, loss: 0.5064, b2: 0.362, b1: 0.121, w2: [0.00,0.00,1.00], w1: [0.01,0.99,0.00], unc2: 0.063, unc1: 0.064, lr: 0.0005309062983402573
2026-08-15 00:23:38 - val epoch: 146, loss: 0.8545
2026-08-15 00:23:40 - train: epoch 147, iter:0, loss: 0.5054, b2: 0.362, b1: 0.121, w2: [0.00,0.00,1.00], w1: [0.01,0.99,0.00], unc2: 0.069, unc1: 0.071, lr: 0.0005257284485959538
2026-08-15 00:23:42 - train: epoch 147, iter:20, loss: 0.5143, b2: 0.362, b1: 0.121, w2: [0.00,0.00,1.00], w1: [0.01,0.99,0.00], unc2: 0.060, unc1: 0.059, lr: 0.0005257284485959538
2026-08-15 00:24:00 - val epoch: 147, loss: 0.8491
2026-08-15 00:24:02 - train: epoch 148, iter:0, loss: 0.4772, b2: 0.362, b1: 0.121, w2: [0.00,0.00,1.00], w1: [0.01,0.99,0.00], unc2: 0.070, unc1: 0.070, lr: 0.0005205483257436734
2026-08-15 00:24:05 - train: epoch 148, iter:20, loss: 0.5411, b2: 0.362, b1: 0.121, w2: [0.00,0.00,1.00], w1: [0.01,0.99,0.00], unc2: 0.045, unc1: 0.044, lr: 0.0005205483257436734
2026-08-15 00:24:23 - val epoch: 148, loss: 0.8821
2026-08-15 00:24:26 - train: epoch 149, iter:0, loss: 0.4414, b2: 0.363, b1: 0.121, w2: [0.00,0.00,1.00], w1: [0.01,0.99,0.00], unc2: 0.052, unc1: 0.050, lr: 0.0005153664978422616
2026-08-15 00:24:28 - train: epoch 149, iter:20, loss: 0.5384, b2: 0.363, b1: 0.122, w2: [0.00,0.00,1.00], w1: [0.01,0.99,0.00], unc2: 0.053, unc1: 0.052, lr: 0.0005153664978422616
2026-08-15 00:24:47 - val epoch: 149, loss: 0.8567
2026-08-15 00:24:49 - train: epoch 150, iter:0, loss: 0.7024, b2: 0.363, b1: 0.122, w2: [0.00,0.00,1.00], w1: [0.01,0.99,0.00], unc2: 0.083, unc1: 0.082, lr: 0.0005101835331375416
2026-08-15 00:24:51 - train: epoch 150, iter:20, loss: 0.5246, b2: 0.364, b1: 0.122, w2: [0.00,0.00,1.00], w1: [0.01,0.99,0.00], unc2: 0.053, unc1: 0.051, lr: 0.0005101835331375416
2026-08-15 00:25:13 - val epoch: 150, loss: 0.9518, miou: 0.7628005075227025, f1_or_dsc: 0.8654416699648909, accuracy: 0.9374338093370495,                 specificity: 0.9730961328712768, sensitivity: 0.8265879809530031, confusion_matrix: [[38985634  1077863]
 [ 2235210 10654381]]
2026-08-15 00:25:15 - train: epoch 151, iter:0, loss: 0.5197, b2: 0.364, b1: 0.122, w2: [0.00,0.00,1.00], w1: [0.01,0.99,0.00], unc2: 0.048, unc1: 0.046, lr: 0.0005049999999999999
2026-08-15 00:25:18 - train: epoch 151, iter:20, loss: 0.5240, b2: 0.364, b1: 0.122, w2: [0.00,0.00,1.00], w1: [0.01,0.99,0.00], unc2: 0.061, unc1: 0.061, lr: 0.0005049999999999999
2026-08-15 00:25:36 - val epoch: 151, loss: 0.8632
2026-08-15 00:25:39 - train: epoch 152, iter:0, loss: 0.5756, b2: 0.365, b1: 0.122, w2: [0.00,0.00,1.00], w1: [0.00,0.99,0.00], unc2: 0.063, unc1: 0.062, lr: 0.0004998164668624582
2026-08-15 00:25:41 - train: epoch 152, iter:20, loss: 0.5164, b2: 0.365, b1: 0.123, w2: [0.00,0.00,1.00], w1: [0.01,0.99,0.00], unc2: 0.053, unc1: 0.051, lr: 0.0004998164668624582
2026-08-15 00:25:59 - val epoch: 152, loss: 0.9005
2026-08-15 00:26:01 - train: epoch 153, iter:0, loss: 0.4301, b2: 0.365, b1: 0.123, w2: [0.00,0.00,1.00], w1: [0.00,0.99,0.00], unc2: 0.058, unc1: 0.057, lr: 0.0004946335021577383
2026-08-15 00:26:04 - train: epoch 153, iter:20, loss: 0.4993, b2: 0.365, b1: 0.123, w2: [0.00,0.00,1.00], w1: [0.00,0.99,0.00], unc2: 0.054, unc1: 0.053, lr: 0.0004946335021577383
2026-08-15 00:26:22 - val epoch: 153, loss: 0.9187
2026-08-15 00:26:24 - train: epoch 154, iter:0, loss: 0.5033, b2: 0.365, b1: 0.123, w2: [0.00,0.00,1.00], w1: [0.00,0.99,0.00], unc2: 0.061, unc1: 0.061, lr: 0.0004894516742563263
2026-08-15 00:26:27 - train: epoch 154, iter:20, loss: 0.5046, b2: 0.366, b1: 0.123, w2: [0.00,0.00,1.00], w1: [0.00,0.99,0.00], unc2: 0.077, unc1: 0.082, lr: 0.0004894516742563263
2026-08-15 00:26:45 - val epoch: 154, loss: 0.8420
2026-08-15 00:26:47 - train: epoch 155, iter:0, loss: 0.5407, b2: 0.366, b1: 0.123, w2: [0.00,0.00,1.00], w1: [0.01,0.99,0.00], unc2: 0.054, unc1: 0.054, lr: 0.000484271551404046
2026-08-15 00:26:49 - train: epoch 155, iter:20, loss: 0.5336, b2: 0.367, b1: 0.123, w2: [0.00,0.00,1.00], w1: [0.01,0.99,0.00], unc2: 0.060, unc1: 0.058, lr: 0.000484271551404046
2026-08-15 00:27:08 - val epoch: 155, loss: 0.8631
2026-08-15 00:27:10 - train: epoch 156, iter:0, loss: 0.4643, b2: 0.367, b1: 0.123, w2: [0.00,0.00,1.00], w1: [0.01,0.99,0.00], unc2: 0.052, unc1: 0.053, lr: 0.0004790937016597426
2026-08-15 00:27:12 - train: epoch 156, iter:20, loss: 0.5176, b2: 0.367, b1: 0.123, w2: [0.00,0.00,1.00], w1: [0.01,0.99,0.00], unc2: 0.041, unc1: 0.041, lr: 0.0004790937016597426
2026-08-15 00:27:31 - val epoch: 156, loss: 0.8459
2026-08-15 00:27:32 - train: epoch 157, iter:0, loss: 0.5070, b2: 0.367, b1: 0.123, w2: [0.00,0.00,1.00], w1: [0.00,0.99,0.00], unc2: 0.069, unc1: 0.070, lr: 0.0004739186928329898
2026-08-15 00:27:35 - train: epoch 157, iter:20, loss: 0.5207, b2: 0.368, b1: 0.124, w2: [0.00,0.00,1.00], w1: [0.00,0.99,0.00], unc2: 0.055, unc1: 0.054, lr: 0.0004739186928329898
2026-08-15 00:27:53 - val epoch: 157, loss: 0.8930
2026-08-15 00:27:55 - train: epoch 158, iter:0, loss: 0.6414, b2: 0.368, b1: 0.124, w2: [0.00,0.00,1.00], w1: [0.00,0.99,0.00], unc2: 0.053, unc1: 0.054, lr: 0.0004687470924218222
2026-08-15 00:27:58 - train: epoch 158, iter:20, loss: 0.5141, b2: 0.368, b1: 0.124, w2: [0.00,0.00,1.00], w1: [0.00,0.99,0.00], unc2: 0.054, unc1: 0.054, lr: 0.0004687470924218222
2026-08-15 00:28:16 - val epoch: 158, loss: 0.9410
2026-08-15 00:28:18 - train: epoch 159, iter:0, loss: 0.4985, b2: 0.368, b1: 0.124, w2: [0.00,0.00,1.00], w1: [0.01,0.99,0.00], unc2: 0.053, unc1: 0.053, lr: 0.00046357946755050356
2026-08-15 00:28:21 - train: epoch 159, iter:20, loss: 0.5128, b2: 0.369, b1: 0.123, w2: [0.00,0.00,1.00], w1: [0.00,0.99,0.00], unc2: 0.055, unc1: 0.054, lr: 0.00046357946755050356
2026-08-15 00:28:39 - val epoch: 159, loss: 0.8781
2026-08-15 00:28:41 - train: epoch 160, iter:0, loss: 0.4739, b2: 0.369, b1: 0.123, w2: [0.00,0.00,1.00], w1: [0.01,0.99,0.00], unc2: 0.040, unc1: 0.039, lr: 0.00045841638490733513
2026-08-15 00:28:43 - train: epoch 160, iter:20, loss: 0.5188, b2: 0.369, b1: 0.124, w2: [0.00,0.00,1.00], w1: [0.00,0.99,0.00], unc2: 0.052, unc1: 0.051, lr: 0.00045841638490733513
2026-08-15 00:29:02 - val epoch: 160, loss: 0.8815
2026-08-15 00:29:04 - train: epoch 161, iter:0, loss: 0.6173, b2: 0.369, b1: 0.124, w2: [0.00,0.00,1.00], w1: [0.00,0.99,0.00], unc2: 0.078, unc1: 0.079, lr: 0.00045325841068251133
2026-08-15 00:29:06 - train: epoch 161, iter:20, loss: 0.5021, b2: 0.369, b1: 0.124, w2: [0.00,0.00,1.00], w1: [0.00,0.99,0.00], unc2: 0.058, unc1: 0.058, lr: 0.00045325841068251133
2026-08-15 00:29:24 - val epoch: 161, loss: 0.8414
2026-08-15 00:29:27 - train: epoch 162, iter:0, loss: 0.4743, b2: 0.370, b1: 0.124, w2: [0.00,0.00,1.00], w1: [0.01,0.99,0.00], unc2: 0.056, unc1: 0.054, lr: 0.0004481061105060308
2026-08-15 00:29:29 - train: epoch 162, iter:20, loss: 0.5149, b2: 0.369, b1: 0.124, w2: [0.00,0.00,1.00], w1: [0.01,0.99,0.00], unc2: 0.056, unc1: 0.058, lr: 0.0004481061105060308
2026-08-15 00:29:47 - val epoch: 162, loss: 0.9189
2026-08-15 00:29:49 - train: epoch 163, iter:0, loss: 0.4895, b2: 0.370, b1: 0.124, w2: [0.00,0.00,1.00], w1: [0.00,0.99,0.00], unc2: 0.063, unc1: 0.063, lr: 0.0004429600493856691
2026-08-15 00:29:52 - train: epoch 163, iter:20, loss: 0.5173, b2: 0.370, b1: 0.124, w2: [0.00,0.00,1.00], w1: [0.00,0.99,0.00], unc2: 0.046, unc1: 0.046, lr: 0.0004429600493856691
2026-08-15 00:30:10 - val epoch: 163, loss: 0.8540
2026-08-15 00:30:12 - train: epoch 164, iter:0, loss: 0.6114, b2: 0.370, b1: 0.124, w2: [0.00,0.00,1.00], w1: [0.00,0.99,0.00], unc2: 0.071, unc1: 0.069, lr: 0.000437820791645019
2026-08-15 00:30:15 - train: epoch 164, iter:20, loss: 0.5043, b2: 0.370, b1: 0.124, w2: [0.00,0.00,1.00], w1: [0.01,0.99,0.00], unc2: 0.052, unc1: 0.053, lr: 0.000437820791645019
2026-08-15 00:30:33 - val epoch: 164, loss: 0.8243
2026-08-15 00:30:35 - train: epoch 165, iter:0, loss: 0.5327, b2: 0.370, b1: 0.124, w2: [0.00,0.00,1.00], w1: [0.00,0.99,0.00], unc2: 0.057, unc1: 0.057, lr: 0.00043268890086160604
2026-08-15 00:30:37 - train: epoch 165, iter:20, loss: 0.4967, b2: 0.371, b1: 0.124, w2: [0.00,0.00,1.00], w1: [0.01,0.99,0.00], unc2: 0.041, unc1: 0.040, lr: 0.00043268890086160604
2026-08-15 00:30:55 - val epoch: 165, loss: 0.8761
2026-08-15 00:30:58 - train: epoch 166, iter:0, loss: 0.5128, b2: 0.370, b1: 0.124, w2: [0.00,0.00,1.00], w1: [0.00,0.99,0.00], unc2: 0.058, unc1: 0.059, lr: 0.0004275649398050855
2026-08-15 00:31:00 - train: epoch 166, iter:20, loss: 0.5065, b2: 0.371, b1: 0.124, w2: [0.00,0.00,1.00], w1: [0.00,0.99,0.00], unc2: 0.062, unc1: 0.063, lr: 0.0004275649398050855
2026-08-15 00:31:18 - val epoch: 166, loss: 0.8554
2026-08-15 00:31:20 - train: epoch 167, iter:0, loss: 0.4135, b2: 0.371, b1: 0.125, w2: [0.00,0.00,1.00], w1: [0.00,0.99,0.00], unc2: 0.050, unc1: 0.050, lr: 0.0004224494703755289
2026-08-15 00:31:23 - train: epoch 167, iter:20, loss: 0.5156, b2: 0.372, b1: 0.124, w2: [0.00,0.00,1.00], w1: [0.01,0.99,0.00], unc2: 0.047, unc1: 0.047, lr: 0.0004224494703755289
2026-08-15 00:31:41 - val epoch: 167, loss: 0.8769
2026-08-15 00:31:43 - train: epoch 168, iter:0, loss: 0.5363, b2: 0.372, b1: 0.124, w2: [0.00,0.00,1.00], w1: [0.01,0.99,0.00], unc2: 0.058, unc1: 0.058, lr: 0.00041734305354180595
2026-08-15 00:31:45 - train: epoch 168, iter:20, loss: 0.5212, b2: 0.372, b1: 0.124, w2: [0.00,0.00,1.00], w1: [0.00,0.99,0.00], unc2: 0.073, unc1: 0.072, lr: 0.00041734305354180595
2026-08-15 00:32:03 - val epoch: 168, loss: 0.8234
2026-08-15 00:32:05 - train: epoch 169, iter:0, loss: 0.5188, b2: 0.372, b1: 0.125, w2: [0.00,0.00,1.00], w1: [0.01,0.99,0.00], unc2: 0.057, unc1: 0.057, lr: 0.000412246249280066
2026-08-15 00:32:08 - train: epoch 169, iter:20, loss: 0.5068, b2: 0.372, b1: 0.125, w2: [0.00,0.00,1.00], w1: [0.00,0.99,0.00], unc2: 0.066, unc1: 0.063, lr: 0.000412246249280066
2026-08-15 00:32:26 - val epoch: 169, loss: 0.8603
2026-08-15 00:32:28 - train: epoch 170, iter:0, loss: 0.4749, b2: 0.372, b1: 0.125, w2: [0.00,0.00,1.00], w1: [0.01,0.99,0.00], unc2: 0.048, unc1: 0.048, lr: 0.0004071596165123322
2026-08-15 00:32:31 - train: epoch 170, iter:20, loss: 0.5146, b2: 0.373, b1: 0.125, w2: [0.00,0.00,1.00], w1: [0.01,0.99,0.00], unc2: 0.057, unc1: 0.061, lr: 0.0004071596165123322
2026-08-15 00:32:49 - val epoch: 170, loss: 0.8503
2026-08-15 00:32:51 - train: epoch 171, iter:0, loss: 0.5298, b2: 0.373, b1: 0.125, w2: [0.00,0.00,1.00], w1: [0.00,0.99,0.00], unc2: 0.062, unc1: 0.064, lr: 0.0004020837130452088
2026-08-15 00:32:54 - train: epoch 171, iter:20, loss: 0.5144, b2: 0.373, b1: 0.125, w2: [0.00,0.00,1.00], w1: [0.01,0.99,0.00], unc2: 0.052, unc1: 0.053, lr: 0.0004020837130452088
2026-08-15 00:33:12 - val epoch: 171, loss: 0.9231
2026-08-15 00:33:14 - train: epoch 172, iter:0, loss: 0.4287, b2: 0.374, b1: 0.125, w2: [0.00,0.00,1.00], w1: [0.01,0.99,0.00], unc2: 0.040, unc1: 0.038, lr: 0.00039701909550871116
2026-08-15 00:33:16 - train: epoch 172, iter:20, loss: 0.5066, b2: 0.373, b1: 0.125, w2: [0.00,0.00,1.00], w1: [0.00,0.99,0.00], unc2: 0.075, unc1: 0.076, lr: 0.00039701909550871116
2026-08-15 00:33:34 - val epoch: 172, loss: 0.8435
2026-08-15 00:33:36 - train: epoch 173, iter:0, loss: 0.5472, b2: 0.373, b1: 0.125, w2: [0.00,0.00,1.00], w1: [0.00,0.99,0.00], unc2: 0.058, unc1: 0.059, lr: 0.0003919663192952252
2026-08-15 00:33:39 - train: epoch 173, iter:20, loss: 0.5076, b2: 0.374, b1: 0.125, w2: [0.00,0.00,1.00], w1: [0.01,0.99,0.00], unc2: 0.044, unc1: 0.045, lr: 0.0003919663192952252
2026-08-15 00:33:57 - val epoch: 173, loss: 0.8575
2026-08-15 00:33:59 - train: epoch 174, iter:0, loss: 0.3584, b2: 0.374, b1: 0.125, w2: [0.00,0.00,1.00], w1: [0.01,0.99,0.00], unc2: 0.045, unc1: 0.046, lr: 0.0003869259384986023
2026-08-15 00:34:02 - train: epoch 174, iter:20, loss: 0.5139, b2: 0.374, b1: 0.125, w2: [0.00,0.00,1.00], w1: [0.00,0.99,0.00], unc2: 0.061, unc1: 0.061, lr: 0.0003869259384986023
2026-08-15 00:34:20 - val epoch: 174, loss: 0.9053
2026-08-15 00:34:22 - train: epoch 175, iter:0, loss: 0.4481, b2: 0.374, b1: 0.125, w2: [0.00,0.00,1.00], w1: [0.01,0.99,0.00], unc2: 0.050, unc1: 0.050, lr: 0.0003818985058533967
2026-08-15 00:34:24 - train: epoch 175, iter:20, loss: 0.4966, b2: 0.375, b1: 0.125, w2: [0.00,0.00,1.00], w1: [0.01,0.99,0.00], unc2: 0.061, unc1: 0.060, lr: 0.0003818985058533967
2026-08-15 00:34:42 - val epoch: 175, loss: 0.8621
2026-08-15 00:34:45 - train: epoch 176, iter:0, loss: 0.5505, b2: 0.375, b1: 0.125, w2: [0.00,0.00,1.00], w1: [0.00,0.99,0.00], unc2: 0.067, unc1: 0.065, lr: 0.00037688457267425206
2026-08-15 00:34:47 - train: epoch 176, iter:20, loss: 0.5077, b2: 0.374, b1: 0.125, w2: [0.00,0.00,1.00], w1: [0.01,0.99,0.00], unc2: 0.063, unc1: 0.061, lr: 0.00037688457267425206
2026-08-15 00:35:05 - val epoch: 176, loss: 0.8956
2026-08-15 00:35:07 - train: epoch 177, iter:0, loss: 0.5035, b2: 0.374, b1: 0.125, w2: [0.00,0.00,1.00], w1: [0.01,0.99,0.00], unc2: 0.065, unc1: 0.067, lr: 0.0003718846887954434
2026-08-15 00:35:10 - train: epoch 177, iter:20, loss: 0.4916, b2: 0.374, b1: 0.125, w2: [0.00,0.00,1.00], w1: [0.01,0.99,0.00], unc2: 0.053, unc1: 0.054, lr: 0.0003718846887954434
2026-08-15 00:35:28 - val epoch: 177, loss: 0.8274
2026-08-15 00:35:30 - train: epoch 178, iter:0, loss: 0.4570, b2: 0.374, b1: 0.125, w2: [0.00,0.00,1.00], w1: [0.01,0.99,0.00], unc2: 0.055, unc1: 0.056, lr: 0.0003668994025105812
2026-08-15 00:35:32 - train: epoch 178, iter:20, loss: 0.5030, b2: 0.374, b1: 0.125, w2: [0.00,0.00,1.00], w1: [0.01,0.99,0.00], unc2: 0.070, unc1: 0.069, lr: 0.0003668994025105812
2026-08-15 00:35:51 - val epoch: 178, loss: 0.9037
2026-08-15 00:35:53 - train: epoch 179, iter:0, loss: 0.4944, b2: 0.374, b1: 0.125, w2: [0.00,0.00,1.00], w1: [0.01,0.99,0.00], unc2: 0.044, unc1: 0.044, lr: 0.0003619292605124862
2026-08-15 00:35:55 - train: epoch 179, iter:20, loss: 0.5082, b2: 0.374, b1: 0.125, w2: [0.00,0.00,1.00], w1: [0.01,0.99,0.00], unc2: 0.056, unc1: 0.056, lr: 0.0003619292605124862
2026-08-15 00:36:13 - val epoch: 179, loss: 0.8874
2026-08-15 00:36:16 - train: epoch 180, iter:0, loss: 0.4538, b2: 0.375, b1: 0.125, w2: [0.00,0.00,1.00], w1: [0.01,0.99,0.00], unc2: 0.065, unc1: 0.066, lr: 0.00035697480783323686
2026-08-15 00:36:18 - train: epoch 180, iter:20, loss: 0.4974, b2: 0.375, b1: 0.126, w2: [0.00,0.00,1.00], w1: [0.01,0.99,0.00], unc2: 0.052, unc1: 0.051, lr: 0.00035697480783323686
2026-08-15 00:36:41 - val epoch: 180, loss: 0.8620, miou: 0.7841047646255033, f1_or_dsc: 0.8789895976653509, accuracy: 0.9428704516722424,                 specificity: 0.9719770842769916, sensitivity: 0.852401057566528, confusion_matrix: [[38940801  1122696]
 [ 1902490 10987101]]
2026-08-15 00:36:43 - train: epoch 181, iter:0, loss: 0.4213, b2: 0.375, b1: 0.125, w2: [0.00,0.00,1.00], w1: [0.01,0.99,0.00], unc2: 0.048, unc1: 0.047, lr: 0.00035203658778440076
2026-08-15 00:36:45 - train: epoch 181, iter:20, loss: 0.5018, b2: 0.376, b1: 0.125, w2: [0.00,0.00,1.00], w1: [0.01,0.99,0.00], unc2: 0.047, unc1: 0.046, lr: 0.00035203658778440076
2026-08-15 00:37:04 - val epoch: 181, loss: 0.8478
2026-08-15 00:37:06 - train: epoch 182, iter:0, loss: 0.5314, b2: 0.376, b1: 0.126, w2: [0.00,0.00,1.00], w1: [0.01,0.99,0.00], unc2: 0.057, unc1: 0.057, lr: 0.00034711514189745505
2026-08-15 00:37:08 - train: epoch 182, iter:20, loss: 0.4925, b2: 0.376, b1: 0.126, w2: [0.00,0.00,1.00], w1: [0.01,0.99,0.00], unc2: 0.062, unc1: 0.062, lr: 0.00034711514189745505
2026-08-15 00:37:27 - val epoch: 182, loss: 0.9585
2026-08-15 00:37:28 - train: epoch 183, iter:0, loss: 0.4925, b2: 0.376, b1: 0.126, w2: [0.00,0.00,1.00], w1: [0.01,0.99,0.00], unc2: 0.040, unc1: 0.040, lr: 0.00034221100986440094
2026-08-15 00:37:31 - train: epoch 183, iter:20, loss: 0.5068, b2: 0.376, b1: 0.126, w2: [0.00,0.00,1.00], w1: [0.01,0.99,0.00], unc2: 0.057, unc1: 0.058, lr: 0.00034221100986440094
2026-08-15 00:37:49 - val epoch: 183, loss: 0.8606
2026-08-15 00:37:51 - train: epoch 184, iter:0, loss: 0.4266, b2: 0.376, b1: 0.126, w2: [0.00,0.00,1.00], w1: [0.01,0.99,0.00], unc2: 0.045, unc1: 0.042, lr: 0.0003373247294785804
2026-08-15 00:37:54 - train: epoch 184, iter:20, loss: 0.5057, b2: 0.376, b1: 0.126, w2: [0.00,0.00,1.00], w1: [0.01,0.99,0.00], unc2: 0.059, unc1: 0.058, lr: 0.0003373247294785804
2026-08-15 00:38:12 - val epoch: 184, loss: 0.8472
2026-08-15 00:38:15 - train: epoch 185, iter:0, loss: 0.4806, b2: 0.376, b1: 0.126, w2: [0.00,0.00,1.00], w1: [0.01,0.99,0.00], unc2: 0.056, unc1: 0.055, lr: 0.0003324568365757012
2026-08-15 00:38:17 - train: epoch 185, iter:20, loss: 0.5029, b2: 0.376, b1: 0.126, w2: [0.00,0.00,1.00], w1: [0.01,0.99,0.00], unc2: 0.046, unc1: 0.046, lr: 0.0003324568365757012
2026-08-15 00:38:35 - val epoch: 185, loss: 0.8909
2026-08-15 00:38:37 - train: epoch 186, iter:0, loss: 0.4354, b2: 0.377, b1: 0.126, w2: [0.00,0.00,1.00], w1: [0.01,0.99,0.00], unc2: 0.039, unc1: 0.036, lr: 0.0003276078649750761
2026-08-15 00:38:40 - train: epoch 186, iter:20, loss: 0.4812, b2: 0.376, b1: 0.126, w2: [0.00,0.00,1.00], w1: [0.00,0.99,0.00], unc2: 0.066, unc1: 0.066, lr: 0.0003276078649750761
2026-08-15 00:38:58 - val epoch: 186, loss: 0.9384
2026-08-15 00:39:00 - train: epoch 187, iter:0, loss: 0.5079, b2: 0.377, b1: 0.126, w2: [0.00,0.00,1.00], w1: [0.01,0.99,0.00], unc2: 0.054, unc1: 0.053, lr: 0.00032277834642108417
2026-08-15 00:39:03 - train: epoch 187, iter:20, loss: 0.4745, b2: 0.377, b1: 0.126, w2: [0.00,0.00,1.00], w1: [0.01,0.99,0.00], unc2: 0.048, unc1: 0.049, lr: 0.00032277834642108417
2026-08-15 00:39:21 - val epoch: 187, loss: 0.8314
2026-08-15 00:39:23 - train: epoch 188, iter:0, loss: 0.5706, b2: 0.377, b1: 0.126, w2: [0.00,0.00,1.00], w1: [0.01,0.99,0.00], unc2: 0.058, unc1: 0.058, lr: 0.00031796881052485835
2026-08-15 00:39:26 - train: epoch 188, iter:20, loss: 0.5104, b2: 0.377, b1: 0.126, w2: [0.00,0.00,1.00], w1: [0.00,0.99,0.00], unc2: 0.067, unc1: 0.067, lr: 0.00031796881052485835
2026-08-15 00:39:43 - val epoch: 188, loss: 0.8534
2026-08-15 00:39:46 - train: epoch 189, iter:0, loss: 0.5716, b2: 0.377, b1: 0.126, w2: [0.00,0.00,1.00], w1: [0.01,0.99,0.00], unc2: 0.046, unc1: 0.045, lr: 0.00031317978470620867
2026-08-15 00:39:48 - train: epoch 189, iter:20, loss: 0.4814, b2: 0.377, b1: 0.126, w2: [0.00,0.00,1.00], w1: [0.01,0.99,0.00], unc2: 0.059, unc1: 0.058, lr: 0.00031317978470620867
2026-08-15 00:40:06 - val epoch: 189, loss: 0.8408
2026-08-15 00:40:08 - train: epoch 190, iter:0, loss: 0.3617, b2: 0.378, b1: 0.126, w2: [0.00,0.00,1.00], w1: [0.01,0.99,0.00], unc2: 0.054, unc1: 0.054, lr: 0.00030841179413578315
2026-08-15 00:40:10 - train: epoch 190, iter:20, loss: 0.4924, b2: 0.378, b1: 0.127, w2: [0.00,0.00,1.00], w1: [0.01,0.99,0.00], unc2: 0.050, unc1: 0.049, lr: 0.00030841179413578315
2026-08-15 00:40:28 - val epoch: 190, loss: 0.8585
2026-08-15 00:40:30 - train: epoch 191, iter:0, loss: 0.5743, b2: 0.378, b1: 0.127, w2: [0.00,0.00,1.00], w1: [0.01,0.99,0.00], unc2: 0.071, unc1: 0.073, lr: 0.0003036653616774785
2026-08-15 00:40:33 - train: epoch 191, iter:20, loss: 0.4869, b2: 0.378, b1: 0.127, w2: [0.00,0.00,1.00], w1: [0.01,0.99,0.00], unc2: 0.061, unc1: 0.061, lr: 0.0003036653616774785
2026-08-15 00:40:51 - val epoch: 191, loss: 0.8892
2026-08-15 00:40:53 - train: epoch 192, iter:0, loss: 0.4969, b2: 0.378, b1: 0.127, w2: [0.00,0.00,1.00], w1: [0.01,0.99,0.00], unc2: 0.059, unc1: 0.060, lr: 0.0002989410078311011
2026-08-15 00:40:56 - train: epoch 192, iter:20, loss: 0.4981, b2: 0.378, b1: 0.127, w2: [0.00,0.00,1.00], w1: [0.01,0.99,0.00], unc2: 0.071, unc1: 0.071, lr: 0.0002989410078311011
2026-08-15 00:41:14 - val epoch: 192, loss: 0.8471
2026-08-15 00:41:16 - train: epoch 193, iter:0, loss: 0.4701, b2: 0.378, b1: 0.127, w2: [0.00,0.00,1.00], w1: [0.01,0.99,0.00], unc2: 0.060, unc1: 0.060, lr: 0.00029423925067528865
2026-08-15 00:41:18 - train: epoch 193, iter:20, loss: 0.4700, b2: 0.378, b1: 0.127, w2: [0.00,0.00,1.00], w1: [0.01,0.99,0.00], unc2: 0.047, unc1: 0.048, lr: 0.00029423925067528865
2026-08-15 00:41:36 - val epoch: 193, loss: 0.8388
2026-08-15 00:41:38 - train: epoch 194, iter:0, loss: 0.4696, b2: 0.378, b1: 0.127, w2: [0.00,0.00,1.00], w1: [0.01,0.99,0.00], unc2: 0.042, unc1: 0.043, lr: 0.0002895606058106975
2026-08-15 00:41:41 - train: epoch 194, iter:20, loss: 0.4702, b2: 0.379, b1: 0.127, w2: [0.00,0.00,1.00], w1: [0.01,0.99,0.00], unc2: 0.067, unc1: 0.066, lr: 0.0002895606058106975
2026-08-15 00:42:00 - val epoch: 194, loss: 0.8527
2026-08-15 00:42:01 - train: epoch 195, iter:0, loss: 0.5008, b2: 0.379, b1: 0.127, w2: [0.00,0.00,1.00], w1: [0.01,0.99,0.00], unc2: 0.062, unc1: 0.062, lr: 0.0002849055863034606
2026-08-15 00:42:04 - train: epoch 195, iter:20, loss: 0.4907, b2: 0.379, b1: 0.127, w2: [0.00,0.00,1.00], w1: [0.01,0.99,0.01], unc2: 0.034, unc1: 0.033, lr: 0.0002849055863034606
2026-08-15 00:42:22 - val epoch: 195, loss: 0.8686
2026-08-15 00:42:24 - train: epoch 196, iter:0, loss: 0.4805, b2: 0.379, b1: 0.127, w2: [0.00,0.00,1.00], w1: [0.01,0.99,0.00], unc2: 0.054, unc1: 0.055, lr: 0.00028027470262892396
2026-08-15 00:42:27 - train: epoch 196, iter:20, loss: 0.4682, b2: 0.379, b1: 0.127, w2: [0.00,0.00,1.00], w1: [0.01,0.99,0.00], unc2: 0.051, unc1: 0.050, lr: 0.00028027470262892396
2026-08-15 00:42:45 - val epoch: 196, loss: 0.8510
2026-08-15 00:42:47 - train: epoch 197, iter:0, loss: 0.4621, b2: 0.379, b1: 0.127, w2: [0.00,0.00,1.00], w1: [0.01,0.99,0.00], unc2: 0.067, unc1: 0.068, lr: 0.0002756684626156682
2026-08-15 00:42:50 - train: epoch 197, iter:20, loss: 0.5045, b2: 0.379, b1: 0.127, w2: [0.00,0.00,1.00], w1: [0.01,0.99,0.00], unc2: 0.064, unc1: 0.063, lr: 0.0002756684626156682
2026-08-15 00:43:08 - val epoch: 197, loss: 0.8360
2026-08-15 00:43:10 - train: epoch 198, iter:0, loss: 0.6173, b2: 0.379, b1: 0.127, w2: [0.00,0.00,1.00], w1: [0.01,0.99,0.00], unc2: 0.068, unc1: 0.067, lr: 0.000271087371389818
2026-08-15 00:43:12 - train: epoch 198, iter:20, loss: 0.4944, b2: 0.380, b1: 0.127, w2: [0.00,0.00,1.00], w1: [0.01,0.99,0.00], unc2: 0.053, unc1: 0.052, lr: 0.000271087371389818
2026-08-15 00:43:31 - val epoch: 198, loss: 0.8814
2026-08-15 00:43:33 - train: epoch 199, iter:0, loss: 0.4197, b2: 0.379, b1: 0.127, w2: [0.00,0.00,1.00], w1: [0.01,0.99,0.00], unc2: 0.063, unc1: 0.065, lr: 0.0002665319313196505
2026-08-15 00:43:35 - train: epoch 199, iter:20, loss: 0.4814, b2: 0.380, b1: 0.127, w2: [0.00,0.00,1.00], w1: [0.01,0.99,0.00], unc2: 0.060, unc1: 0.059, lr: 0.0002665319313196505
2026-08-15 00:43:53 - val epoch: 199, loss: 0.8665
2026-08-15 00:43:55 - train: epoch 200, iter:0, loss: 0.4922, b2: 0.380, b1: 0.127, w2: [0.00,0.00,1.00], w1: [0.01,0.99,0.00], unc2: 0.050, unc1: 0.049, lr: 0.00026200264196050494
2026-08-15 00:43:58 - train: epoch 200, iter:20, loss: 0.4878, b2: 0.380, b1: 0.128, w2: [0.00,0.00,1.00], w1: [0.01,0.99,0.00], unc2: 0.064, unc1: 0.062, lr: 0.00026200264196050494
2026-08-15 00:44:16 - val epoch: 200, loss: 0.8480
2026-08-15 00:44:18 - train: epoch 201, iter:0, loss: 0.4730, b2: 0.380, b1: 0.128, w2: [0.00,0.00,1.00], w1: [0.01,0.99,0.00], unc2: 0.062, unc1: 0.062, lr: 0.00025749999999999954
2026-08-15 00:44:20 - train: epoch 201, iter:20, loss: 0.4796, b2: 0.380, b1: 0.128, w2: [0.00,0.00,1.00], w1: [0.01,0.99,0.00], unc2: 0.056, unc1: 0.054, lr: 0.00025749999999999954
2026-08-15 00:44:38 - val epoch: 201, loss: 0.8479
2026-08-15 00:44:41 - train: epoch 202, iter:0, loss: 0.4857, b2: 0.380, b1: 0.127, w2: [0.00,0.00,1.00], w1: [0.01,0.99,0.00], unc2: 0.062, unc1: 0.062, lr: 0.0002530244992035658
2026-08-15 00:44:43 - train: epoch 202, iter:20, loss: 0.5013, b2: 0.380, b1: 0.127, w2: [0.00,0.00,1.00], w1: [0.01,0.99,0.00], unc2: 0.069, unc1: 0.067, lr: 0.0002530244992035658
2026-08-15 00:45:01 - val epoch: 202, loss: 0.9774
2026-08-15 00:45:03 - train: epoch 203, iter:0, loss: 0.6276, b2: 0.380, b1: 0.128, w2: [0.00,0.00,1.00], w1: [0.01,0.99,0.01], unc2: 0.052, unc1: 0.050, lr: 0.0002485766303603003
2026-08-15 00:45:06 - train: epoch 203, iter:20, loss: 0.4900, b2: 0.381, b1: 0.128, w2: [0.00,0.00,1.00], w1: [0.01,0.99,0.00], unc2: 0.063, unc1: 0.062, lr: 0.0002485766303603003
2026-08-15 00:45:24 - val epoch: 203, loss: 0.8575
2026-08-15 00:45:26 - train: epoch 204, iter:0, loss: 0.4451, b2: 0.381, b1: 0.128, w2: [0.00,0.00,1.00], w1: [0.01,0.99,0.00], unc2: 0.053, unc1: 0.052, lr: 0.0002441568812291443
2026-08-15 00:45:28 - train: epoch 204, iter:20, loss: 0.4837, b2: 0.381, b1: 0.128, w2: [0.00,0.00,1.00], w1: [0.01,0.99,0.00], unc2: 0.063, unc1: 0.062, lr: 0.0002441568812291443
2026-08-15 00:45:47 - val epoch: 204, loss: 0.8583
2026-08-15 00:45:49 - train: epoch 205, iter:0, loss: 0.5398, b2: 0.381, b1: 0.128, w2: [0.00,0.00,1.00], w1: [0.01,0.99,0.00], unc2: 0.073, unc1: 0.074, lr: 0.00023976573648539645
2026-08-15 00:45:51 - train: epoch 205, iter:20, loss: 0.4822, b2: 0.381, b1: 0.128, w2: [0.00,0.00,1.00], w1: [0.01,0.99,0.01], unc2: 0.055, unc1: 0.055, lr: 0.00023976573648539645
2026-08-15 00:46:09 - val epoch: 205, loss: 0.8467
2026-08-15 00:46:11 - train: epoch 206, iter:0, loss: 0.4490, b2: 0.381, b1: 0.128, w2: [0.00,0.00,1.00], w1: [0.01,0.99,0.00], unc2: 0.055, unc1: 0.056, lr: 0.00023540367766756144
2026-08-15 00:46:14 - train: epoch 206, iter:20, loss: 0.4760, b2: 0.381, b1: 0.128, w2: [0.00,0.00,1.00], w1: [0.01,0.99,0.01], unc2: 0.045, unc1: 0.045, lr: 0.00023540367766756144
2026-08-15 00:46:32 - val epoch: 206, loss: 0.8610
2026-08-15 00:46:34 - train: epoch 207, iter:0, loss: 0.4730, b2: 0.381, b1: 0.128, w2: [0.00,0.00,1.00], w1: [0.01,0.99,0.00], unc2: 0.061, unc1: 0.059, lr: 0.0002310711831245444
2026-08-15 00:46:36 - train: epoch 207, iter:20, loss: 0.4807, b2: 0.381, b1: 0.128, w2: [0.00,0.00,1.00], w1: [0.01,0.99,0.01], unc2: 0.045, unc1: 0.044, lr: 0.0002310711831245444
2026-08-15 00:46:54 - val epoch: 207, loss: 0.8636
2026-08-15 00:46:56 - train: epoch 208, iter:0, loss: 0.5033, b2: 0.381, b1: 0.128, w2: [0.00,0.00,1.00], w1: [0.01,0.99,0.00], unc2: 0.049, unc1: 0.050, lr: 0.00022676872796319514
2026-08-15 00:46:59 - train: epoch 208, iter:20, loss: 0.4826, b2: 0.381, b1: 0.128, w2: [0.00,0.00,1.00], w1: [0.01,0.99,0.00], unc2: 0.054, unc1: 0.054, lr: 0.00022676872796319514
2026-08-15 00:47:17 - val epoch: 208, loss: 0.8978
2026-08-15 00:47:19 - train: epoch 209, iter:0, loss: 0.5635, b2: 0.381, b1: 0.128, w2: [0.00,0.00,1.00], w1: [0.01,0.99,0.01], unc2: 0.057, unc1: 0.056, lr: 0.00022249678399620604
2026-08-15 00:47:21 - train: epoch 209, iter:20, loss: 0.4628, b2: 0.381, b1: 0.128, w2: [0.00,0.00,1.00], w1: [0.01,0.99,0.01], unc2: 0.048, unc1: 0.047, lr: 0.00022249678399620604
2026-08-15 00:47:40 - val epoch: 209, loss: 0.8802
2026-08-15 00:47:41 - train: epoch 210, iter:0, loss: 0.4572, b2: 0.381, b1: 0.128, w2: [0.00,0.00,1.00], w1: [0.01,0.99,0.01], unc2: 0.051, unc1: 0.051, lr: 0.0002182558196903736
2026-08-15 00:47:44 - train: epoch 210, iter:20, loss: 0.4791, b2: 0.381, b1: 0.128, w2: [0.00,0.00,1.00], w1: [0.01,0.99,0.00], unc2: 0.055, unc1: 0.055, lr: 0.0002182558196903736
2026-08-15 00:48:06 - val epoch: 210, loss: 0.8752, miou: 0.7803495719542782, f1_or_dsc: 0.8766251125588708, accuracy: 0.9406576817578608,                 specificity: 0.9646413541983118, sensitivity: 0.8661115003571487, confusion_matrix: [[38646906  1416591]
 [ 1725768 11163823]]
2026-08-15 00:48:08 - train: epoch 211, iter:0, loss: 0.4470, b2: 0.381, b1: 0.128, w2: [0.00,0.00,1.00], w1: [0.01,0.99,0.00], unc2: 0.053, unc1: 0.054, lr: 0.00021404630011522552
2026-08-15 00:48:11 - train: epoch 211, iter:20, loss: 0.4786, b2: 0.381, b1: 0.128, w2: [0.00,0.00,1.00], w1: [0.01,0.99,0.01], unc2: 0.054, unc1: 0.053, lr: 0.00021404630011522552
2026-08-15 00:48:29 - val epoch: 211, loss: 0.8526
2026-08-15 00:48:31 - train: epoch 212, iter:0, loss: 0.4435, b2: 0.381, b1: 0.128, w2: [0.00,0.00,1.00], w1: [0.01,0.99,0.01], unc2: 0.040, unc1: 0.039, lr: 0.0002098686868920198
2026-08-15 00:48:33 - train: epoch 212, iter:20, loss: 0.4775, b2: 0.381, b1: 0.128, w2: [0.00,0.00,1.00], w1: [0.01,0.99,0.00], unc2: 0.063, unc1: 0.062, lr: 0.0002098686868920198
2026-08-15 00:48:51 - val epoch: 212, loss: 0.8671
2026-08-15 00:48:53 - train: epoch 213, iter:0, loss: 0.5150, b2: 0.381, b1: 0.128, w2: [0.00,0.00,1.00], w1: [0.01,0.99,0.00], unc2: 0.066, unc1: 0.065, lr: 0.00020572343814312415
2026-08-15 00:48:56 - train: epoch 213, iter:20, loss: 0.4789, b2: 0.381, b1: 0.128, w2: [0.00,0.00,1.00], w1: [0.01,0.99,0.01], unc2: 0.052, unc1: 0.052, lr: 0.00020572343814312415
2026-08-15 00:49:14 - val epoch: 213, loss: 0.8566
2026-08-15 00:49:16 - train: epoch 214, iter:0, loss: 0.4775, b2: 0.381, b1: 0.128, w2: [0.00,0.00,1.00], w1: [0.01,0.99,0.01], unc2: 0.051, unc1: 0.051, lr: 0.00020161100844177644
2026-08-15 00:49:19 - train: epoch 214, iter:20, loss: 0.4628, b2: 0.381, b1: 0.129, w2: [0.00,0.00,1.00], w1: [0.01,0.99,0.00], unc2: 0.058, unc1: 0.057, lr: 0.00020161100844177644
2026-08-15 00:49:37 - val epoch: 214, loss: 0.8638
2026-08-15 00:49:39 - train: epoch 215, iter:0, loss: 0.5030, b2: 0.381, b1: 0.128, w2: [0.00,0.00,1.00], w1: [0.01,0.99,0.01], unc2: 0.057, unc1: 0.056, lr: 0.0001975318487622361
2026-08-15 00:49:42 - train: epoch 215, iter:20, loss: 0.4892, b2: 0.382, b1: 0.128, w2: [0.00,0.00,1.00], w1: [0.01,0.99,0.00], unc2: 0.066, unc1: 0.065, lr: 0.0001975318487622361
2026-08-15 00:50:00 - val epoch: 215, loss: 0.8796
2026-08-15 00:50:02 - train: epoch 216, iter:0, loss: 0.4122, b2: 0.382, b1: 0.129, w2: [0.00,0.00,1.00], w1: [0.01,0.99,0.00], unc2: 0.050, unc1: 0.048, lr: 0.00019348640643033024
2026-08-15 00:50:05 - train: epoch 216, iter:20, loss: 0.4565, b2: 0.382, b1: 0.129, w2: [0.00,0.00,1.00], w1: [0.01,0.99,0.01], unc2: 0.051, unc1: 0.051, lr: 0.00019348640643033024
2026-08-15 00:50:23 - val epoch: 216, loss: 0.8631
2026-08-15 00:50:25 - train: epoch 217, iter:0, loss: 0.4583, b2: 0.382, b1: 0.129, w2: [0.00,0.00,1.00], w1: [0.01,0.99,0.01], unc2: 0.054, unc1: 0.054, lr: 0.00018947512507439828
2026-08-15 00:50:27 - train: epoch 217, iter:20, loss: 0.4506, b2: 0.382, b1: 0.129, w2: [0.00,0.00,1.00], w1: [0.01,0.99,0.01], unc2: 0.052, unc1: 0.052, lr: 0.00018947512507439828
2026-08-15 00:50:45 - val epoch: 217, loss: 0.8570
2026-08-15 00:50:47 - train: epoch 218, iter:0, loss: 0.4665, b2: 0.382, b1: 0.129, w2: [0.00,0.00,1.00], w1: [0.01,0.99,0.01], unc2: 0.056, unc1: 0.057, lr: 0.00018549844457664425
2026-08-15 00:50:50 - train: epoch 218, iter:20, loss: 0.4669, b2: 0.382, b1: 0.129, w2: [0.00,0.00,1.00], w1: [0.01,0.99,0.01], unc2: 0.041, unc1: 0.039, lr: 0.00018549844457664425
2026-08-15 00:51:08 - val epoch: 218, loss: 0.8665
2026-08-15 00:51:10 - train: epoch 219, iter:0, loss: 0.4444, b2: 0.382, b1: 0.129, w2: [0.00,0.00,1.00], w1: [0.01,0.99,0.01], unc2: 0.053, unc1: 0.052, lr: 0.00018155680102489765
2026-08-15 00:51:13 - train: epoch 219, iter:20, loss: 0.4604, b2: 0.382, b1: 0.129, w2: [0.00,0.00,1.00], w1: [0.01,0.99,0.01], unc2: 0.042, unc1: 0.042, lr: 0.00018155680102489765
2026-08-15 00:51:31 - val epoch: 219, loss: 0.8638
2026-08-15 00:51:33 - train: epoch 220, iter:0, loss: 0.4462, b2: 0.382, b1: 0.129, w2: [0.00,0.00,1.00], w1: [0.01,0.99,0.01], unc2: 0.056, unc1: 0.057, lr: 0.00017765062666479195
2026-08-15 00:51:36 - train: epoch 220, iter:20, loss: 0.4790, b2: 0.382, b1: 0.129, w2: [0.00,0.00,1.00], w1: [0.01,0.99,0.01], unc2: 0.063, unc1: 0.063, lr: 0.00017765062666479195
2026-08-15 00:51:54 - val epoch: 220, loss: 0.8637
2026-08-15 00:51:56 - train: epoch 221, iter:0, loss: 0.3794, b2: 0.382, b1: 0.129, w2: [0.00,0.00,1.00], w1: [0.01,0.99,0.01], unc2: 0.041, unc1: 0.040, lr: 0.00017378034985236489
2026-08-15 00:51:58 - train: epoch 221, iter:20, loss: 0.4630, b2: 0.382, b1: 0.129, w2: [0.00,0.00,1.00], w1: [0.01,0.99,0.01], unc2: 0.054, unc1: 0.054, lr: 0.00017378034985236489
2026-08-15 00:52:16 - val epoch: 221, loss: 0.8580
2026-08-15 00:52:18 - train: epoch 222, iter:0, loss: 0.4347, b2: 0.382, b1: 0.129, w2: [0.00,0.00,1.00], w1: [0.01,0.99,0.01], unc2: 0.064, unc1: 0.065, lr: 0.0001699463950070827
2026-08-15 00:52:21 - train: epoch 222, iter:20, loss: 0.4604, b2: 0.382, b1: 0.129, w2: [0.00,0.00,1.00], w1: [0.01,0.99,0.01], unc2: 0.045, unc1: 0.045, lr: 0.0001699463950070827
2026-08-15 00:52:39 - val epoch: 222, loss: 0.8568
2026-08-15 00:52:41 - train: epoch 223, iter:0, loss: 0.5074, b2: 0.382, b1: 0.129, w2: [0.00,0.00,1.00], w1: [0.01,0.99,0.01], unc2: 0.060, unc1: 0.061, lr: 0.0001661491825652988
2026-08-15 00:52:44 - train: epoch 223, iter:20, loss: 0.4804, b2: 0.382, b1: 0.129, w2: [0.00,0.00,1.00], w1: [0.01,0.99,0.01], unc2: 0.057, unc1: 0.056, lr: 0.0001661491825652988
2026-08-15 00:53:02 - val epoch: 223, loss: 0.8726
2026-08-15 00:53:04 - train: epoch 224, iter:0, loss: 0.4241, b2: 0.382, b1: 0.129, w2: [0.00,0.00,1.00], w1: [0.01,0.99,0.01], unc2: 0.046, unc1: 0.046, lr: 0.0001623891289341484
2026-08-15 00:53:06 - train: epoch 224, iter:20, loss: 0.4656, b2: 0.382, b1: 0.129, w2: [0.00,0.00,1.00], w1: [0.01,0.99,0.01], unc2: 0.065, unc1: 0.064, lr: 0.0001623891289341484
2026-08-15 00:53:25 - val epoch: 224, loss: 0.8756
2026-08-15 00:53:27 - train: epoch 225, iter:0, loss: 0.4432, b2: 0.382, b1: 0.129, w2: [0.00,0.00,1.00], w1: [0.01,0.99,0.01], unc2: 0.055, unc1: 0.055, lr: 0.0001586666464458838
2026-08-15 00:53:30 - train: epoch 225, iter:20, loss: 0.4658, b2: 0.382, b1: 0.129, w2: [0.00,0.00,1.00], w1: [0.01,0.99,0.01], unc2: 0.040, unc1: 0.039, lr: 0.0001586666464458838
2026-08-15 00:53:48 - val epoch: 225, loss: 0.8833
2026-08-15 00:53:49 - train: epoch 226, iter:0, loss: 0.4465, b2: 0.382, b1: 0.129, w2: [0.00,0.00,1.00], w1: [0.01,0.99,0.01], unc2: 0.037, unc1: 0.036, lr: 0.00015498214331265874
2026-08-15 00:53:52 - train: epoch 226, iter:20, loss: 0.4769, b2: 0.382, b1: 0.129, w2: [0.00,0.00,1.00], w1: [0.01,0.99,0.01], unc2: 0.054, unc1: 0.055, lr: 0.00015498214331265874
2026-08-15 00:54:10 - val epoch: 226, loss: 0.8662
2026-08-15 00:54:12 - train: epoch 227, iter:0, loss: 0.4526, b2: 0.382, b1: 0.129, w2: [0.00,0.00,1.00], w1: [0.01,0.99,0.01], unc2: 0.047, unc1: 0.045, lr: 0.00015133602358176218
2026-08-15 00:54:15 - train: epoch 227, iter:20, loss: 0.4767, b2: 0.382, b1: 0.129, w2: [0.00,0.00,1.00], w1: [0.01,0.99,0.01], unc2: 0.042, unc1: 0.041, lr: 0.00015133602358176218
2026-08-15 00:54:33 - val epoch: 227, loss: 0.8589
2026-08-15 00:54:34 - train: epoch 228, iter:0, loss: 0.4880, b2: 0.383, b1: 0.129, w2: [0.00,0.00,1.00], w1: [0.01,0.99,0.01], unc2: 0.062, unc1: 0.061, lr: 0.00014772868709131046
2026-08-15 00:54:37 - train: epoch 228, iter:20, loss: 0.4744, b2: 0.383, b1: 0.129, w2: [0.00,0.00,1.00], w1: [0.01,0.99,0.01], unc2: 0.056, unc1: 0.054, lr: 0.00014772868709131046
2026-08-15 00:54:55 - val epoch: 228, loss: 0.8484
2026-08-15 00:54:58 - train: epoch 229, iter:0, loss: 0.4569, b2: 0.383, b1: 0.129, w2: [0.00,0.00,1.00], w1: [0.01,0.99,0.01], unc2: 0.056, unc1: 0.056, lr: 0.00014416052942640113
2026-08-15 00:55:00 - train: epoch 229, iter:20, loss: 0.4889, b2: 0.383, b1: 0.129, w2: [0.00,0.00,1.00], w1: [0.01,0.99,0.01], unc2: 0.064, unc1: 0.064, lr: 0.00014416052942640113
2026-08-15 00:55:18 - val epoch: 229, loss: 0.8715
2026-08-15 00:55:20 - train: epoch 230, iter:0, loss: 0.5423, b2: 0.383, b1: 0.129, w2: [0.00,0.00,1.00], w1: [0.01,0.99,0.01], unc2: 0.047, unc1: 0.046, lr: 0.0001406319418757314
2026-08-15 00:55:23 - train: epoch 230, iter:20, loss: 0.4636, b2: 0.383, b1: 0.129, w2: [0.00,0.00,1.00], w1: [0.01,0.99,0.01], unc2: 0.054, unc1: 0.052, lr: 0.0001406319418757314
2026-08-15 00:55:41 - val epoch: 230, loss: 0.8677
2026-08-15 00:55:43 - train: epoch 231, iter:0, loss: 0.5144, b2: 0.383, b1: 0.129, w2: [0.00,0.00,1.00], w1: [0.01,0.99,0.01], unc2: 0.075, unc1: 0.073, lr: 0.00013714331138868954
2026-08-15 00:55:45 - train: epoch 231, iter:20, loss: 0.4640, b2: 0.383, b1: 0.129, w2: [0.00,0.00,1.00], w1: [0.01,0.99,0.01], unc2: 0.050, unc1: 0.049, lr: 0.00013714331138868954
2026-08-15 00:56:04 - val epoch: 231, loss: 0.8618
2026-08-15 00:56:06 - train: epoch 232, iter:0, loss: 0.4267, b2: 0.383, b1: 0.129, w2: [0.00,0.00,1.00], w1: [0.01,0.99,0.01], unc2: 0.052, unc1: 0.052, lr: 0.00013369502053292226
2026-08-15 00:56:08 - train: epoch 232, iter:20, loss: 0.4670, b2: 0.383, b1: 0.129, w2: [0.00,0.00,1.00], w1: [0.01,0.99,0.01], unc2: 0.061, unc1: 0.061, lr: 0.00013369502053292226
2026-08-15 00:56:26 - val epoch: 232, loss: 0.8522
2026-08-15 00:56:29 - train: epoch 233, iter:0, loss: 0.4841, b2: 0.383, b1: 0.129, w2: [0.00,0.00,1.00], w1: [0.01,0.99,0.01], unc2: 0.064, unc1: 0.065, lr: 0.0001302874474523804
2026-08-15 00:56:31 - train: epoch 233, iter:20, loss: 0.4850, b2: 0.383, b1: 0.129, w2: [0.00,0.00,1.00], w1: [0.01,0.99,0.01], unc2: 0.053, unc1: 0.052, lr: 0.0001302874474523804
2026-08-15 00:56:50 - val epoch: 233, loss: 0.8636
2026-08-15 00:56:52 - train: epoch 234, iter:0, loss: 0.4274, b2: 0.383, b1: 0.129, w2: [0.00,0.00,1.00], w1: [0.01,0.99,0.01], unc2: 0.050, unc1: 0.048, lr: 0.00012692096582585187
2026-08-15 00:56:54 - train: epoch 234, iter:20, loss: 0.4742, b2: 0.383, b1: 0.129, w2: [0.00,0.00,1.00], w1: [0.01,0.99,0.01], unc2: 0.067, unc1: 0.066, lr: 0.00012692096582585187
2026-08-15 00:57:12 - val epoch: 234, loss: 0.8551
2026-08-15 00:57:14 - train: epoch 235, iter:0, loss: 0.3882, b2: 0.383, b1: 0.129, w2: [0.00,0.00,1.00], w1: [0.01,0.99,0.01], unc2: 0.043, unc1: 0.043, lr: 0.00012359594482598416
2026-08-15 00:57:17 - train: epoch 235, iter:20, loss: 0.4732, b2: 0.383, b1: 0.130, w2: [0.00,0.00,1.00], w1: [0.01,0.99,0.01], unc2: 0.052, unc1: 0.051, lr: 0.00012359594482598416
2026-08-15 00:57:35 - val epoch: 235, loss: 0.8745
2026-08-15 00:57:37 - train: epoch 236, iter:0, loss: 0.4044, b2: 0.383, b1: 0.130, w2: [0.00,0.00,1.00], w1: [0.01,0.99,0.01], unc2: 0.047, unc1: 0.046, lr: 0.00012031274907879919
2026-08-15 00:57:39 - train: epoch 236, iter:20, loss: 0.4636, b2: 0.383, b1: 0.130, w2: [0.00,0.00,1.00], w1: [0.01,0.99,0.01], unc2: 0.060, unc1: 0.060, lr: 0.00012031274907879919
2026-08-15 00:57:57 - val epoch: 236, loss: 0.8631
2026-08-15 00:57:59 - train: epoch 237, iter:0, loss: 0.4408, b2: 0.383, b1: 0.130, w2: [0.00,0.00,1.00], w1: [0.01,0.99,0.01], unc2: 0.051, unc1: 0.049, lr: 0.00011707173862370913
2026-08-15 00:58:02 - train: epoch 237, iter:20, loss: 0.4624, b2: 0.383, b1: 0.130, w2: [0.00,0.00,1.00], w1: [0.01,0.99,0.01], unc2: 0.049, unc1: 0.049, lr: 0.00011707173862370913
2026-08-15 00:58:20 - val epoch: 237, loss: 0.8674
2026-08-15 00:58:22 - train: epoch 238, iter:0, loss: 0.4358, b2: 0.383, b1: 0.130, w2: [0.00,0.00,1.00], w1: [0.01,0.99,0.01], unc2: 0.051, unc1: 0.051, lr: 0.00011387326887403316
2026-08-15 00:58:25 - train: epoch 238, iter:20, loss: 0.4571, b2: 0.383, b1: 0.130, w2: [0.00,0.00,1.00], w1: [0.01,0.99,0.01], unc2: 0.055, unc1: 0.054, lr: 0.00011387326887403316
2026-08-15 00:58:43 - val epoch: 238, loss: 0.8960
2026-08-15 00:58:45 - train: epoch 239, iter:0, loss: 0.3909, b2: 0.383, b1: 0.130, w2: [0.00,0.00,1.00], w1: [0.01,0.99,0.01], unc2: 0.052, unc1: 0.052, lr: 0.00011071769057802265
2026-08-15 00:58:48 - train: epoch 239, iter:20, loss: 0.4762, b2: 0.383, b1: 0.130, w2: [0.00,0.00,1.00], w1: [0.01,0.99,0.01], unc2: 0.045, unc1: 0.045, lr: 0.00011071769057802265
2026-08-15 00:59:06 - val epoch: 239, loss: 0.8690
2026-08-15 00:59:08 - train: epoch 240, iter:0, loss: 0.5105, b2: 0.383, b1: 0.130, w2: [0.00,0.00,1.00], w1: [0.01,0.99,0.01], unc2: 0.056, unc1: 0.056, lr: 0.0001076053497803982
2026-08-15 00:59:10 - train: epoch 240, iter:20, loss: 0.4471, b2: 0.383, b1: 0.130, w2: [0.00,0.00,1.00], w1: [0.01,0.99,0.01], unc2: 0.044, unc1: 0.043, lr: 0.0001076053497803982
2026-08-15 00:59:33 - val epoch: 240, loss: 0.8758, miou: 0.7814543301473459, f1_or_dsc: 0.8773217667417957, accuracy: 0.9408140654611116,                 specificity: 0.9637820432899304, sensitivity: 0.8694248715882451, confusion_matrix: [[38612479  1451018]
 [ 1683060 11206531]]
2026-08-15 00:59:35 - train: epoch 241, iter:0, loss: 0.4464, b2: 0.383, b1: 0.130, w2: [0.00,0.00,1.00], w1: [0.01,0.99,0.01], unc2: 0.041, unc1: 0.040, lr: 0.00010453658778440088
2026-08-15 00:59:37 - train: epoch 241, iter:20, loss: 0.4605, b2: 0.383, b1: 0.130, w2: [0.00,0.00,1.00], w1: [0.01,0.99,0.01], unc2: 0.054, unc1: 0.054, lr: 0.00010453658778440088
2026-08-15 00:59:55 - val epoch: 241, loss: 0.8820
2026-08-15 00:59:57 - train: epoch 242, iter:0, loss: 0.4378, b2: 0.383, b1: 0.130, w2: [0.00,0.00,1.00], w1: [0.01,0.99,0.01], unc2: 0.050, unc1: 0.049, lr: 0.00010151174111436543
2026-08-15 01:00:00 - train: epoch 242, iter:20, loss: 0.4571, b2: 0.383, b1: 0.130, w2: [0.00,0.00,1.00], w1: [0.01,0.99,0.01], unc2: 0.061, unc1: 0.060, lr: 0.00010151174111436543
2026-08-15 01:00:18 - val epoch: 242, loss: 0.8553
2026-08-15 01:00:20 - train: epoch 243, iter:0, loss: 0.4501, b2: 0.383, b1: 0.130, w2: [0.00,0.00,1.00], w1: [0.01,0.99,0.01], unc2: 0.053, unc1: 0.052, lr: 9.853114147881633e-05
2026-08-15 01:00:23 - train: epoch 243, iter:20, loss: 0.4731, b2: 0.383, b1: 0.130, w2: [0.00,0.00,1.00], w1: [0.01,0.99,0.01], unc2: 0.049, unc1: 0.048, lr: 9.853114147881633e-05
2026-08-15 01:00:41 - val epoch: 243, loss: 0.8819
2026-08-15 01:00:43 - train: epoch 244, iter:0, loss: 0.3921, b2: 0.383, b1: 0.130, w2: [0.00,0.00,1.00], w1: [0.01,0.99,0.01], unc2: 0.042, unc1: 0.041, lr: 9.559511573409167e-05
2026-08-15 01:00:46 - train: epoch 244, iter:20, loss: 0.4603, b2: 0.383, b1: 0.130, w2: [0.00,0.00,1.00], w1: [0.01,0.99,0.01], unc2: 0.044, unc1: 0.042, lr: 9.559511573409167e-05
2026-08-15 01:01:04 - val epoch: 244, loss: 0.8617
2026-08-15 01:01:06 - train: epoch 245, iter:0, loss: 0.4020, b2: 0.383, b1: 0.130, w2: [0.00,0.00,1.00], w1: [0.01,0.99,0.01], unc2: 0.036, unc1: 0.036, lr: 9.270398584850061e-05
2026-08-15 01:01:08 - train: epoch 245, iter:20, loss: 0.4666, b2: 0.383, b1: 0.130, w2: [0.00,0.00,1.00], w1: [0.01,0.99,0.01], unc2: 0.053, unc1: 0.052, lr: 9.270398584850061e-05
2026-08-15 01:01:27 - val epoch: 245, loss: 0.8586
2026-08-15 01:01:29 - train: epoch 246, iter:0, loss: 0.6045, b2: 0.383, b1: 0.130, w2: [0.00,0.00,1.00], w1: [0.01,0.99,0.01], unc2: 0.064, unc1: 0.064, lr: 8.985806886701499e-05
2026-08-15 01:01:31 - train: epoch 246, iter:20, loss: 0.4632, b2: 0.383, b1: 0.130, w2: [0.00,0.00,1.00], w1: [0.01,0.99,0.01], unc2: 0.064, unc1: 0.065, lr: 8.985806886701499e-05
2026-08-15 01:01:49 - val epoch: 246, loss: 0.8756
2026-08-15 01:01:51 - train: epoch 247, iter:0, loss: 0.6479, b2: 0.383, b1: 0.130, w2: [0.00,0.00,1.00], w1: [0.01,0.99,0.01], unc2: 0.042, unc1: 0.041, lr: 8.705767687650239e-05
2026-08-15 01:01:54 - train: epoch 247, iter:20, loss: 0.4740, b2: 0.383, b1: 0.130, w2: [0.00,0.00,1.00], w1: [0.01,0.99,0.01], unc2: 0.054, unc1: 0.054, lr: 8.705767687650239e-05
2026-08-15 01:02:12 - val epoch: 247, loss: 0.8779
2026-08-15 01:02:15 - train: epoch 248, iter:0, loss: 0.5393, b2: 0.383, b1: 0.130, w2: [0.00,0.00,1.00], w1: [0.01,0.99,0.01], unc2: 0.059, unc1: 0.059, lr: 8.430311697150229e-05
2026-08-15 01:02:17 - train: epoch 248, iter:20, loss: 0.4687, b2: 0.383, b1: 0.130, w2: [0.00,0.00,1.00], w1: [0.01,0.99,0.01], unc2: 0.039, unc1: 0.039, lr: 8.430311697150229e-05
2026-08-15 01:02:35 - val epoch: 248, loss: 0.8750
2026-08-15 01:02:37 - train: epoch 249, iter:0, loss: 0.4414, b2: 0.383, b1: 0.130, w2: [0.00,0.00,1.00], w1: [0.01,0.99,0.01], unc2: 0.048, unc1: 0.048, lr: 8.159469122054909e-05
2026-08-15 01:02:40 - train: epoch 249, iter:20, loss: 0.4583, b2: 0.383, b1: 0.130, w2: [0.00,0.00,1.00], w1: [0.01,0.99,0.01], unc2: 0.058, unc1: 0.058, lr: 8.159469122054909e-05
2026-08-15 01:02:58 - val epoch: 249, loss: 0.8546
2026-08-15 01:03:00 - train: epoch 250, iter:0, loss: 0.4928, b2: 0.383, b1: 0.130, w2: [0.00,0.00,1.00], w1: [0.01,0.99,0.01], unc2: 0.063, unc1: 0.062, lr: 7.893269663304782e-05
2026-08-15 01:03:03 - train: epoch 250, iter:20, loss: 0.4835, b2: 0.383, b1: 0.130, w2: [0.00,0.00,1.00], w1: [0.01,0.99,0.01], unc2: 0.056, unc1: 0.056, lr: 7.893269663304782e-05
2026-08-15 01:03:21 - val epoch: 250, loss: 0.9179
2026-08-15 01:03:23 - train: epoch 251, iter:0, loss: 0.4942, b2: 0.383, b1: 0.130, w2: [0.00,0.00,1.00], w1: [0.01,0.99,0.01], unc2: 0.051, unc1: 0.050, lr: 7.631742512670282e-05
2026-08-15 01:03:26 - train: epoch 251, iter:20, loss: 0.4549, b2: 0.383, b1: 0.130, w2: [0.00,0.00,1.00], w1: [0.01,0.99,0.01], unc2: 0.048, unc1: 0.046, lr: 7.631742512670282e-05
2026-08-15 01:03:44 - val epoch: 251, loss: 0.8769
2026-08-15 01:03:46 - train: epoch 252, iter:0, loss: 0.4370, b2: 0.383, b1: 0.130, w2: [0.00,0.00,1.00], w1: [0.01,0.99,0.01], unc2: 0.054, unc1: 0.053, lr: 7.374916349550603e-05
2026-08-15 01:03:48 - train: epoch 252, iter:20, loss: 0.4602, b2: 0.383, b1: 0.130, w2: [0.00,0.00,1.00], w1: [0.01,0.99,0.01], unc2: 0.041, unc1: 0.040, lr: 7.374916349550603e-05
2026-08-15 01:04:06 - val epoch: 252, loss: 0.8668
2026-08-15 01:04:08 - train: epoch 253, iter:0, loss: 0.4243, b2: 0.383, b1: 0.130, w2: [0.00,0.00,1.00], w1: [0.01,0.99,0.01], unc2: 0.058, unc1: 0.056, lr: 7.122819337828741e-05
2026-08-15 01:04:11 - train: epoch 253, iter:20, loss: 0.4657, b2: 0.383, b1: 0.130, w2: [0.00,0.00,1.00], w1: [0.01,0.99,0.01], unc2: 0.055, unc1: 0.055, lr: 7.122819337828741e-05
2026-08-15 01:04:29 - val epoch: 253, loss: 0.8795
2026-08-15 01:04:31 - train: epoch 254, iter:0, loss: 0.4644, b2: 0.383, b1: 0.130, w2: [0.00,0.00,1.00], w1: [0.01,0.99,0.01], unc2: 0.060, unc1: 0.060, lr: 6.875479122782878e-05
2026-08-15 01:04:33 - train: epoch 254, iter:20, loss: 0.4698, b2: 0.383, b1: 0.130, w2: [0.00,0.00,1.00], w1: [0.01,0.99,0.01], unc2: 0.073, unc1: 0.074, lr: 6.875479122782878e-05
2026-08-15 01:04:51 - val epoch: 254, loss: 0.8924
2026-08-15 01:04:53 - train: epoch 255, iter:0, loss: 0.4118, b2: 0.383, b1: 0.130, w2: [0.00,0.00,1.00], w1: [0.01,0.99,0.01], unc2: 0.044, unc1: 0.044, lr: 6.632922828054862e-05
2026-08-15 01:04:56 - train: epoch 255, iter:20, loss: 0.4603, b2: 0.383, b1: 0.130, w2: [0.00,0.00,1.00], w1: [0.01,0.99,0.01], unc2: 0.044, unc1: 0.044, lr: 6.632922828054862e-05
2026-08-15 01:05:14 - val epoch: 255, loss: 0.8637
2026-08-15 01:05:16 - train: epoch 256, iter:0, loss: 0.3981, b2: 0.383, b1: 0.130, w2: [0.00,0.00,1.00], w1: [0.01,0.99,0.01], unc2: 0.046, unc1: 0.044, lr: 6.395177052675786e-05
2026-08-15 01:05:18 - train: epoch 256, iter:20, loss: 0.4681, b2: 0.383, b1: 0.130, w2: [0.00,0.00,1.00], w1: [0.01,0.99,0.01], unc2: 0.044, unc1: 0.044, lr: 6.395177052675786e-05
2026-08-15 01:05:36 - val epoch: 256, loss: 0.8633
2026-08-15 01:05:38 - train: epoch 257, iter:0, loss: 0.3937, b2: 0.383, b1: 0.130, w2: [0.00,0.00,1.00], w1: [0.01,0.99,0.01], unc2: 0.040, unc1: 0.039, lr: 6.162267868149065e-05
2026-08-15 01:05:41 - train: epoch 257, iter:20, loss: 0.4527, b2: 0.383, b1: 0.130, w2: [0.00,0.00,1.00], w1: [0.01,0.99,0.01], unc2: 0.039, unc1: 0.038, lr: 6.162267868149065e-05
2026-08-15 01:05:58 - val epoch: 257, loss: 0.8769
2026-08-15 01:06:01 - train: epoch 258, iter:0, loss: 0.4945, b2: 0.383, b1: 0.130, w2: [0.00,0.00,1.00], w1: [0.01,0.99,0.01], unc2: 0.054, unc1: 0.054, lr: 5.934220815591413e-05
2026-08-15 01:06:03 - train: epoch 258, iter:20, loss: 0.4585, b2: 0.383, b1: 0.130, w2: [0.00,0.00,1.00], w1: [0.01,0.99,0.01], unc2: 0.064, unc1: 0.064, lr: 5.934220815591413e-05
2026-08-15 01:06:22 - val epoch: 258, loss: 0.8756
2026-08-15 01:06:23 - train: epoch 259, iter:0, loss: 0.4493, b2: 0.383, b1: 0.130, w2: [0.00,0.00,1.00], w1: [0.01,0.99,0.01], unc2: 0.053, unc1: 0.052, lr: 5.711060902932035e-05
2026-08-15 01:06:26 - train: epoch 259, iter:20, loss: 0.4629, b2: 0.383, b1: 0.130, w2: [0.00,0.00,1.00], w1: [0.01,0.99,0.01], unc2: 0.056, unc1: 0.055, lr: 5.711060902932035e-05
2026-08-15 01:06:44 - val epoch: 259, loss: 0.8780
2026-08-15 01:06:46 - train: epoch 260, iter:0, loss: 0.4221, b2: 0.383, b1: 0.130, w2: [0.00,0.00,1.00], w1: [0.01,0.99,0.01], unc2: 0.061, unc1: 0.061, lr: 5.492812602170101e-05
2026-08-15 01:06:49 - train: epoch 260, iter:20, loss: 0.4498, b2: 0.383, b1: 0.130, w2: [0.00,0.00,1.00], w1: [0.01,0.99,0.01], unc2: 0.051, unc1: 0.051, lr: 5.492812602170101e-05
2026-08-15 01:07:07 - val epoch: 260, loss: 0.8756
2026-08-15 01:07:09 - train: epoch 261, iter:0, loss: 0.5193, b2: 0.383, b1: 0.130, w2: [0.00,0.00,1.00], w1: [0.01,0.99,0.01], unc2: 0.049, unc1: 0.049, lr: 5.279499846691256e-05
2026-08-15 01:07:11 - train: epoch 261, iter:20, loss: 0.4543, b2: 0.383, b1: 0.130, w2: [0.00,0.00,1.00], w1: [0.01,0.99,0.01], unc2: 0.051, unc1: 0.052, lr: 5.279499846691256e-05
2026-08-15 01:07:29 - val epoch: 261, loss: 0.8711
2026-08-15 01:07:31 - train: epoch 262, iter:0, loss: 0.4249, b2: 0.383, b1: 0.130, w2: [0.00,0.00,1.00], w1: [0.01,0.99,0.01], unc2: 0.047, unc1: 0.045, lr: 5.071146028642938e-05
2026-08-15 01:07:34 - train: epoch 262, iter:20, loss: 0.4570, b2: 0.383, b1: 0.130, w2: [0.00,0.00,1.00], w1: [0.01,0.99,0.01], unc2: 0.043, unc1: 0.042, lr: 5.071146028642938e-05
2026-08-15 01:07:52 - val epoch: 262, loss: 0.8818
2026-08-15 01:07:54 - train: epoch 263, iter:0, loss: 0.4687, b2: 0.383, b1: 0.130, w2: [0.00,0.00,1.00], w1: [0.01,0.99,0.01], unc2: 0.055, unc1: 0.054, lr: 4.867773996369213e-05
2026-08-15 01:07:57 - train: epoch 263, iter:20, loss: 0.4586, b2: 0.383, b1: 0.130, w2: [0.00,0.00,1.00], w1: [0.01,0.99,0.01], unc2: 0.035, unc1: 0.034, lr: 4.867773996369213e-05
2026-08-15 01:08:15 - val epoch: 263, loss: 0.8738
2026-08-15 01:08:17 - train: epoch 264, iter:0, loss: 0.3566, b2: 0.383, b1: 0.130, w2: [0.00,0.00,1.00], w1: [0.01,0.99,0.01], unc2: 0.052, unc1: 0.051, lr: 4.669406051905255e-05
2026-08-15 01:08:19 - train: epoch 264, iter:20, loss: 0.4514, b2: 0.383, b1: 0.130, w2: [0.00,0.00,1.00], w1: [0.01,0.99,0.01], unc2: 0.057, unc1: 0.057, lr: 4.669406051905255e-05
2026-08-15 01:08:38 - val epoch: 264, loss: 0.8688
2026-08-15 01:08:40 - train: epoch 265, iter:0, loss: 0.4788, b2: 0.383, b1: 0.130, w2: [0.00,0.00,1.00], w1: [0.01,0.99,0.01], unc2: 0.046, unc1: 0.046, lr: 4.476063948531553e-05
2026-08-15 01:08:42 - train: epoch 265, iter:20, loss: 0.4487, b2: 0.383, b1: 0.130, w2: [0.00,0.00,1.00], w1: [0.01,0.99,0.01], unc2: 0.042, unc1: 0.041, lr: 4.476063948531553e-05
2026-08-15 01:09:01 - val epoch: 265, loss: 0.8795
2026-08-15 01:09:03 - train: epoch 266, iter:0, loss: 0.4471, b2: 0.383, b1: 0.130, w2: [0.00,0.00,1.00], w1: [0.01,0.99,0.01], unc2: 0.049, unc1: 0.049, lr: 4.2877688883885086e-05
2026-08-15 01:09:05 - train: epoch 266, iter:20, loss: 0.4517, b2: 0.383, b1: 0.130, w2: [0.00,0.00,1.00], w1: [0.01,0.99,0.01], unc2: 0.063, unc1: 0.064, lr: 4.2877688883885086e-05
2026-08-15 01:09:23 - val epoch: 266, loss: 0.8672
2026-08-15 01:09:25 - train: epoch 267, iter:0, loss: 0.4686, b2: 0.383, b1: 0.130, w2: [0.00,0.00,1.00], w1: [0.01,0.99,0.01], unc2: 0.048, unc1: 0.047, lr: 4.1045415201513684e-05
2026-08-15 01:09:28 - train: epoch 267, iter:20, loss: 0.4539, b2: 0.383, b1: 0.130, w2: [0.00,0.00,1.00], w1: [0.01,0.99,0.01], unc2: 0.048, unc1: 0.048, lr: 4.1045415201513684e-05
2026-08-15 01:09:46 - val epoch: 267, loss: 0.8673
2026-08-15 01:09:48 - train: epoch 268, iter:0, loss: 0.5035, b2: 0.383, b1: 0.130, w2: [0.00,0.00,1.00], w1: [0.01,0.99,0.01], unc2: 0.055, unc1: 0.054, lr: 3.926401936765836e-05
2026-08-15 01:09:51 - train: epoch 268, iter:20, loss: 0.4572, b2: 0.383, b1: 0.130, w2: [0.00,0.00,1.00], w1: [0.01,0.99,0.01], unc2: 0.063, unc1: 0.063, lr: 3.926401936765836e-05
2026-08-15 01:10:09 - val epoch: 268, loss: 0.8581
2026-08-15 01:10:11 - train: epoch 269, iter:0, loss: 0.5077, b2: 0.383, b1: 0.130, w2: [0.00,0.00,1.00], w1: [0.01,0.99,0.01], unc2: 0.067, unc1: 0.067, lr: 3.753369673244687e-05
2026-08-15 01:10:13 - train: epoch 269, iter:20, loss: 0.4579, b2: 0.383, b1: 0.130, w2: [0.00,0.00,1.00], w1: [0.01,0.99,0.01], unc2: 0.056, unc1: 0.055, lr: 3.753369673244687e-05
2026-08-15 01:10:32 - val epoch: 269, loss: 0.8617
2026-08-15 01:10:34 - train: epoch 270, iter:0, loss: 0.3749, b2: 0.383, b1: 0.130, w2: [0.00,0.00,1.00], w1: [0.01,0.99,0.01], unc2: 0.042, unc1: 0.041, lr: 3.5854637045255115e-05
2026-08-15 01:10:36 - train: epoch 270, iter:20, loss: 0.4445, b2: 0.383, b1: 0.130, w2: [0.00,0.00,1.00], w1: [0.01,0.99,0.01], unc2: 0.052, unc1: 0.053, lr: 3.5854637045255115e-05
2026-08-15 01:10:58 - val epoch: 270, loss: 0.8767, miou: 0.7809880169673554, f1_or_dsc: 0.8770278177359242, accuracy: 0.9406970940013923,                 specificity: 0.9638382540595495, sensitivity: 0.8687696141793794, confusion_matrix: [[38614731  1448766]
 [ 1691506 11198085]]
2026-08-15 01:11:00 - train: epoch 271, iter:0, loss: 0.4531, b2: 0.383, b1: 0.130, w2: [0.00,0.00,1.00], w1: [0.01,0.99,0.01], unc2: 0.043, unc1: 0.042, lr: 3.422702443389897e-05
2026-08-15 01:11:03 - train: epoch 271, iter:20, loss: 0.4568, b2: 0.383, b1: 0.130, w2: [0.00,0.00,1.00], w1: [0.01,0.99,0.01], unc2: 0.045, unc1: 0.044, lr: 3.422702443389897e-05
2026-08-15 01:11:20 - val epoch: 271, loss: 0.8798
2026-08-15 01:11:22 - train: epoch 272, iter:0, loss: 0.4490, b2: 0.383, b1: 0.130, w2: [0.00,0.00,1.00], w1: [0.01,0.99,0.01], unc2: 0.048, unc1: 0.047, lr: 3.265103738444294e-05
2026-08-15 01:11:25 - train: epoch 272, iter:20, loss: 0.4596, b2: 0.383, b1: 0.130, w2: [0.00,0.00,1.00], w1: [0.01,0.99,0.01], unc2: 0.063, unc1: 0.062, lr: 3.265103738444294e-05
2026-08-15 01:11:43 - val epoch: 272, loss: 0.8850
2026-08-15 01:11:45 - train: epoch 273, iter:0, loss: 0.4657, b2: 0.383, b1: 0.130, w2: [0.00,0.00,1.00], w1: [0.01,0.99,0.01], unc2: 0.054, unc1: 0.054, lr: 3.112684872162669e-05
2026-08-15 01:11:48 - train: epoch 273, iter:20, loss: 0.4655, b2: 0.383, b1: 0.130, w2: [0.00,0.00,1.00], w1: [0.01,0.99,0.01], unc2: 0.056, unc1: 0.055, lr: 3.112684872162669e-05
2026-08-15 01:12:06 - val epoch: 273, loss: 0.8771
2026-08-15 01:12:08 - train: epoch 274, iter:0, loss: 0.4187, b2: 0.383, b1: 0.130, w2: [0.00,0.00,1.00], w1: [0.01,0.99,0.01], unc2: 0.045, unc1: 0.045, lr: 2.9654625589913163e-05
2026-08-15 01:12:10 - train: epoch 274, iter:20, loss: 0.4549, b2: 0.383, b1: 0.130, w2: [0.00,0.00,1.00], w1: [0.01,0.99,0.01], unc2: 0.048, unc1: 0.047, lr: 2.9654625589913163e-05
2026-08-15 01:12:28 - val epoch: 274, loss: 0.8745
2026-08-15 01:12:30 - train: epoch 275, iter:0, loss: 0.4633, b2: 0.383, b1: 0.130, w2: [0.00,0.00,1.00], w1: [0.01,0.99,0.01], unc2: 0.056, unc1: 0.055, lr: 2.823452943515922e-05
2026-08-15 01:12:33 - train: epoch 275, iter:20, loss: 0.4638, b2: 0.383, b1: 0.130, w2: [0.00,0.00,1.00], w1: [0.01,0.99,0.01], unc2: 0.046, unc1: 0.046, lr: 2.823452943515922e-05
2026-08-15 01:12:51 - val epoch: 275, loss: 0.8817
2026-08-15 01:12:54 - train: epoch 276, iter:0, loss: 0.5286, b2: 0.383, b1: 0.130, w2: [0.00,0.00,1.00], w1: [0.01,0.99,0.01], unc2: 0.050, unc1: 0.049, lr: 2.6866715986911168e-05
2026-08-15 01:12:56 - train: epoch 276, iter:20, loss: 0.4389, b2: 0.383, b1: 0.130, w2: [0.00,0.00,1.00], w1: [0.01,0.99,0.01], unc2: 0.049, unc1: 0.048, lr: 2.6866715986911168e-05
2026-08-15 01:13:14 - val epoch: 276, loss: 0.8711
2026-08-15 01:13:16 - train: epoch 277, iter:0, loss: 0.4236, b2: 0.383, b1: 0.130, w2: [0.00,0.00,1.00], w1: [0.01,0.99,0.01], unc2: 0.059, unc1: 0.058, lr: 2.5551335241327604e-05
2026-08-15 01:13:18 - train: epoch 277, iter:20, loss: 0.4507, b2: 0.383, b1: 0.130, w2: [0.00,0.00,1.00], w1: [0.01,0.99,0.01], unc2: 0.057, unc1: 0.056, lr: 2.5551335241327604e-05
2026-08-15 01:13:36 - val epoch: 277, loss: 0.8730
2026-08-15 01:13:38 - train: epoch 278, iter:0, loss: 0.4464, b2: 0.383, b1: 0.130, w2: [0.00,0.00,1.00], w1: [0.01,0.99,0.01], unc2: 0.055, unc1: 0.055, lr: 2.4288531444730185e-05
2026-08-15 01:13:41 - train: epoch 278, iter:20, loss: 0.4648, b2: 0.383, b1: 0.130, w2: [0.00,0.00,1.00], w1: [0.01,0.99,0.01], unc2: 0.048, unc1: 0.046, lr: 2.4288531444730185e-05
2026-08-15 01:13:59 - val epoch: 278, loss: 0.8753
2026-08-15 01:14:01 - train: epoch 279, iter:0, loss: 0.4304, b2: 0.383, b1: 0.130, w2: [0.00,0.00,1.00], w1: [0.01,0.99,0.01], unc2: 0.042, unc1: 0.042, lr: 2.3078443077785645e-05
2026-08-15 01:14:03 - train: epoch 279, iter:20, loss: 0.4462, b2: 0.383, b1: 0.130, w2: [0.00,0.00,1.00], w1: [0.01,0.99,0.01], unc2: 0.053, unc1: 0.053, lr: 2.3078443077785645e-05
2026-08-15 01:14:21 - val epoch: 279, loss: 0.8734
2026-08-15 01:14:23 - train: epoch 280, iter:0, loss: 0.4701, b2: 0.383, b1: 0.130, w2: [0.00,0.00,1.00], w1: [0.01,0.99,0.01], unc2: 0.062, unc1: 0.063, lr: 2.1921202840320064e-05
2026-08-15 01:14:26 - train: epoch 280, iter:20, loss: 0.4696, b2: 0.383, b1: 0.130, w2: [0.00,0.00,1.00], w1: [0.01,0.99,0.01], unc2: 0.057, unc1: 0.056, lr: 2.1921202840320064e-05
2026-08-15 01:14:43 - val epoch: 280, loss: 0.8807
2026-08-15 01:14:46 - train: epoch 281, iter:0, loss: 0.4019, b2: 0.383, b1: 0.130, w2: [0.00,0.00,1.00], w1: [0.01,0.99,0.01], unc2: 0.042, unc1: 0.042, lr: 2.081693763676623e-05
2026-08-15 01:14:48 - train: epoch 281, iter:20, loss: 0.4588, b2: 0.383, b1: 0.130, w2: [0.00,0.00,1.00], w1: [0.01,0.99,0.01], unc2: 0.061, unc1: 0.061, lr: 2.081693763676623e-05
2026-08-15 01:15:06 - val epoch: 281, loss: 0.8738
2026-08-15 01:15:08 - train: epoch 282, iter:0, loss: 0.4332, b2: 0.383, b1: 0.130, w2: [0.00,0.00,1.00], w1: [0.01,0.99,0.01], unc2: 0.044, unc1: 0.043, lr: 1.9765768562247723e-05
2026-08-15 01:15:11 - train: epoch 282, iter:20, loss: 0.4494, b2: 0.383, b1: 0.130, w2: [0.00,0.00,1.00], w1: [0.01,0.99,0.01], unc2: 0.054, unc1: 0.053, lr: 1.9765768562247723e-05
2026-08-15 01:15:29 - val epoch: 282, loss: 0.8729
2026-08-15 01:15:31 - train: epoch 283, iter:0, loss: 0.4433, b2: 0.383, b1: 0.130, w2: [0.00,0.00,1.00], w1: [0.01,0.99,0.01], unc2: 0.055, unc1: 0.055, lr: 1.876781088929913e-05
2026-08-15 01:15:34 - train: epoch 283, iter:20, loss: 0.4458, b2: 0.383, b1: 0.130, w2: [0.00,0.00,1.00], w1: [0.01,0.99,0.01], unc2: 0.056, unc1: 0.055, lr: 1.876781088929913e-05
2026-08-15 01:15:52 - val epoch: 283, loss: 0.8739
2026-08-15 01:15:54 - train: epoch 284, iter:0, loss: 0.4182, b2: 0.383, b1: 0.130, w2: [0.00,0.00,1.00], w1: [0.01,0.99,0.01], unc2: 0.047, unc1: 0.046, lr: 1.7823174055225262e-05
2026-08-15 01:15:56 - train: epoch 284, iter:20, loss: 0.4362, b2: 0.383, b1: 0.131, w2: [0.00,0.00,1.00], w1: [0.01,0.99,0.01], unc2: 0.044, unc1: 0.044, lr: 1.7823174055225262e-05
2026-08-15 01:16:14 - val epoch: 284, loss: 0.8693
2026-08-15 01:16:17 - train: epoch 285, iter:0, loss: 0.4749, b2: 0.383, b1: 0.131, w2: [0.00,0.00,1.00], w1: [0.01,0.99,0.01], unc2: 0.054, unc1: 0.054, lr: 1.693196165010003e-05
2026-08-15 01:16:19 - train: epoch 285, iter:20, loss: 0.4668, b2: 0.383, b1: 0.130, w2: [0.00,0.00,1.00], w1: [0.01,0.99,0.01], unc2: 0.054, unc1: 0.053, lr: 1.693196165010003e-05
2026-08-15 01:16:37 - val epoch: 285, loss: 0.8762
2026-08-15 01:16:39 - train: epoch 286, iter:0, loss: 0.4614, b2: 0.383, b1: 0.131, w2: [0.00,0.00,1.00], w1: [0.01,0.99,0.01], unc2: 0.042, unc1: 0.042, lr: 1.6094271405406855e-05
2026-08-15 01:16:42 - train: epoch 286, iter:20, loss: 0.4454, b2: 0.383, b1: 0.130, w2: [0.00,0.00,1.00], w1: [0.01,0.99,0.01], unc2: 0.042, unc1: 0.041, lr: 1.6094271405406855e-05
2026-08-15 01:17:00 - val epoch: 286, loss: 0.8723
2026-08-15 01:17:02 - train: epoch 287, iter:0, loss: 0.3982, b2: 0.383, b1: 0.131, w2: [0.00,0.00,1.00], w1: [0.01,0.99,0.01], unc2: 0.055, unc1: 0.055, lr: 1.5310195183320773e-05
2026-08-15 01:17:04 - train: epoch 287, iter:20, loss: 0.4516, b2: 0.383, b1: 0.131, w2: [0.00,0.00,1.00], w1: [0.01,0.99,0.01], unc2: 0.053, unc1: 0.051, lr: 1.5310195183320773e-05
2026-08-15 01:17:22 - val epoch: 287, loss: 0.8758
2026-08-15 01:17:25 - train: epoch 288, iter:0, loss: 0.4544, b2: 0.383, b1: 0.131, w2: [0.00,0.00,1.00], w1: [0.01,0.99,0.01], unc2: 0.045, unc1: 0.045, lr: 1.4579818966635417e-05
2026-08-15 01:17:27 - train: epoch 288, iter:20, loss: 0.4385, b2: 0.383, b1: 0.131, w2: [0.00,0.00,1.00], w1: [0.01,0.99,0.01], unc2: 0.059, unc1: 0.059, lr: 1.4579818966635417e-05
2026-08-15 01:17:45 - val epoch: 288, loss: 0.8729
2026-08-15 01:17:47 - train: epoch 289, iter:0, loss: 0.4483, b2: 0.383, b1: 0.131, w2: [0.00,0.00,1.00], w1: [0.01,0.99,0.01], unc2: 0.059, unc1: 0.058, lr: 1.3903222849333505e-05
2026-08-15 01:17:50 - train: epoch 289, iter:20, loss: 0.4485, b2: 0.383, b1: 0.131, w2: [0.00,0.00,1.00], w1: [0.01,0.99,0.01], unc2: 0.054, unc1: 0.053, lr: 1.3903222849333505e-05
2026-08-15 01:18:08 - val epoch: 289, loss: 0.8748
2026-08-15 01:18:10 - train: epoch 290, iter:0, loss: 0.4171, b2: 0.383, b1: 0.131, w2: [0.00,0.00,1.00], w1: [0.01,0.99,0.01], unc2: 0.049, unc1: 0.048, lr: 1.3280481027803759e-05
2026-08-15 01:18:13 - train: epoch 290, iter:20, loss: 0.4486, b2: 0.383, b1: 0.131, w2: [0.00,0.00,1.00], w1: [0.01,0.99,0.01], unc2: 0.046, unc1: 0.046, lr: 1.3280481027803759e-05
2026-08-15 01:18:31 - val epoch: 290, loss: 0.8754
2026-08-15 01:18:33 - train: epoch 291, iter:0, loss: 0.3762, b2: 0.383, b1: 0.131, w2: [0.00,0.00,1.00], w1: [0.01,0.99,0.01], unc2: 0.047, unc1: 0.046, lr: 1.271166179270472e-05
2026-08-15 01:18:36 - train: epoch 291, iter:20, loss: 0.4579, b2: 0.383, b1: 0.131, w2: [0.00,0.00,1.00], w1: [0.01,0.99,0.01], unc2: 0.060, unc1: 0.060, lr: 1.271166179270472e-05
2026-08-15 01:18:54 - val epoch: 291, loss: 0.8829
2026-08-15 01:18:56 - train: epoch 292, iter:0, loss: 0.4210, b2: 0.383, b1: 0.131, w2: [0.00,0.00,1.00], w1: [0.01,0.99,0.01], unc2: 0.050, unc1: 0.050, lr: 1.21968275214754e-05
2026-08-15 01:18:58 - train: epoch 292, iter:20, loss: 0.4676, b2: 0.383, b1: 0.131, w2: [0.00,0.00,1.00], w1: [0.01,0.99,0.01], unc2: 0.058, unc1: 0.057, lr: 1.21968275214754e-05
2026-08-15 01:19:17 - val epoch: 292, loss: 0.8735
2026-08-15 01:19:19 - train: epoch 293, iter:0, loss: 0.4159, b2: 0.383, b1: 0.131, w2: [0.00,0.00,1.00], w1: [0.01,0.99,0.01], unc2: 0.056, unc1: 0.055, lr: 1.1736034671495336e-05
2026-08-15 01:19:21 - train: epoch 293, iter:20, loss: 0.4643, b2: 0.383, b1: 0.131, w2: [0.00,0.00,1.00], w1: [0.01,0.99,0.01], unc2: 0.043, unc1: 0.043, lr: 1.1736034671495336e-05
2026-08-15 01:19:40 - val epoch: 293, loss: 0.8759
2026-08-15 01:19:41 - train: epoch 294, iter:0, loss: 0.5378, b2: 0.383, b1: 0.131, w2: [0.00,0.00,1.00], w1: [0.01,0.99,0.01], unc2: 0.052, unc1: 0.052, lr: 1.1329333773893242e-05
2026-08-15 01:19:44 - train: epoch 294, iter:20, loss: 0.4497, b2: 0.383, b1: 0.131, w2: [0.00,0.00,1.00], w1: [0.01,0.99,0.01], unc2: 0.039, unc1: 0.038, lr: 1.1329333773893242e-05
2026-08-15 01:20:02 - val epoch: 294, loss: 0.8761
2026-08-15 01:20:04 - train: epoch 295, iter:0, loss: 0.4306, b2: 0.383, b1: 0.131, w2: [0.00,0.00,1.00], w1: [0.01,0.99,0.01], unc2: 0.052, unc1: 0.052, lr: 1.0976769428005577e-05
2026-08-15 01:20:06 - train: epoch 295, iter:20, loss: 0.4587, b2: 0.383, b1: 0.131, w2: [0.00,0.00,1.00], w1: [0.01,0.99,0.01], unc2: 0.053, unc1: 0.053, lr: 1.0976769428005577e-05
2026-08-15 01:20:25 - val epoch: 295, loss: 0.8784
2026-08-15 01:20:27 - train: epoch 296, iter:0, loss: 0.4919, b2: 0.383, b1: 0.131, w2: [0.00,0.00,1.00], w1: [0.01,0.99,0.01], unc2: 0.054, unc1: 0.054, lr: 1.0678380296485951e-05
2026-08-15 01:20:29 - train: epoch 296, iter:20, loss: 0.4463, b2: 0.383, b1: 0.131, w2: [0.00,0.00,1.00], w1: [0.01,0.99,0.01], unc2: 0.055, unc1: 0.055, lr: 1.0678380296485951e-05
2026-08-15 01:20:47 - val epoch: 296, loss: 0.8734
2026-08-15 01:20:49 - train: epoch 297, iter:0, loss: 0.5590, b2: 0.383, b1: 0.131, w2: [0.00,0.00,1.00], w1: [0.01,0.99,0.01], unc2: 0.055, unc1: 0.054, lr: 1.04341991010651e-05
2026-08-15 01:20:52 - train: epoch 297, iter:20, loss: 0.4516, b2: 0.383, b1: 0.131, w2: [0.00,0.00,1.00], w1: [0.01,0.99,0.01], unc2: 0.058, unc1: 0.058, lr: 1.04341991010651e-05
2026-08-15 01:21:10 - val epoch: 297, loss: 0.8793
2026-08-15 01:21:12 - train: epoch 298, iter:0, loss: 0.4154, b2: 0.383, b1: 0.131, w2: [0.00,0.00,1.00], w1: [0.01,0.99,0.01], unc2: 0.046, unc1: 0.047, lr: 1.0244252618962858e-05
2026-08-15 01:21:15 - train: epoch 298, iter:20, loss: 0.4722, b2: 0.383, b1: 0.131, w2: [0.00,0.00,1.00], w1: [0.01,0.99,0.01], unc2: 0.048, unc1: 0.048, lr: 1.0244252618962858e-05
2026-08-15 01:21:33 - val epoch: 298, loss: 0.8774
2026-08-15 01:21:35 - train: epoch 299, iter:0, loss: 0.5168, b2: 0.383, b1: 0.131, w2: [0.00,0.00,1.00], w1: [0.01,0.99,0.01], unc2: 0.055, unc1: 0.054, lr: 1.0108561679951479e-05
2026-08-15 01:21:37 - train: epoch 299, iter:20, loss: 0.4711, b2: 0.383, b1: 0.131, w2: [0.00,0.00,1.00], w1: [0.01,0.99,0.01], unc2: 0.061, unc1: 0.060, lr: 1.0108561679951479e-05
2026-08-15 01:21:56 - val epoch: 299, loss: 0.8757
2026-08-15 01:21:58 - train: epoch 300, iter:0, loss: 0.3962, b2: 0.383, b1: 0.131, w2: [0.00,0.00,1.00], w1: [0.01,0.98,0.01], unc2: 0.039, unc1: 0.039, lr: 1.002714116407149e-05
2026-08-15 01:22:00 - train: epoch 300, iter:20, loss: 0.4345, b2: 0.383, b1: 0.131, w2: [0.00,0.00,1.00], w1: [0.01,0.99,0.01], unc2: 0.050, unc1: 0.048, lr: 1.002714116407149e-05
2026-08-15 01:22:22 - val epoch: 300, loss: 0.8764, miou: 0.7811728095901875, f1_or_dsc: 0.8771443235425538, accuracy: 0.9406100735806002,                 specificity: 0.9630104181869097, sensitivity: 0.8709852003837826, confusion_matrix: [[38581565  1481932]
 [ 1662948 11226643]]
2026-08-15 01:22:45 - test of best model, loss: 0.8178,miou: 0.7880992027444501, f1_or_dsc: 0.8814938248782195, accuracy: 0.942763337994566,                 specificity: 0.9647159607659811, sensitivity: 0.8745300762452431, confusion_matrix: [[38649895  1413602]
 [ 1617256 11272335]]
