2026-08-14 15:22:50 - #----------Config info----------#
2026-08-14 15:22:50 - network: ege_prh,
2026-08-14 15:22:50 - edge_pos_weight: 14.4805,
2026-08-14 15:22:50 - work_dir: results/ege_prh_isic18_Friday_14_August_2026_15h_22m_50s/,
2026-08-14 15:22:56 - train: epoch 1, iter:0, total: 7.0833, seg: 5.6751, edge: 1.4082, rho: 1.00, gamma: 0.100, edge_pos_p: 0.666, edge_neg_p: 0.634, lr: 0.001
2026-08-14 15:23:07 - train: epoch 1, iter:20, total: 3.6563, seg: 2.4037, edge: 1.2526, rho: 1.00, gamma: 0.100, edge_pos_p: 0.573, edge_neg_p: 0.544, lr: 0.001
2026-08-14 15:23:32 - val epoch: 1, loss: 3.4457
2026-08-14 15:23:35 - train: epoch 2, iter:0, total: 3.3654, seg: 2.0197, edge: 1.3457, rho: 1.00, gamma: 0.100, edge_pos_p: 0.552, edge_neg_p: 0.524, lr: 0.0009999728588359286
2026-08-14 15:23:46 - train: epoch 2, iter:20, total: 2.9507, seg: 1.6837, edge: 1.2671, rho: 1.00, gamma: 0.100, edge_pos_p: 0.509, edge_neg_p: 0.475, lr: 0.0009999728588359286
2026-08-14 15:24:12 - val epoch: 2, loss: 3.0341
2026-08-14 15:24:14 - train: epoch 3, iter:0, total: 2.7804, seg: 1.5368, edge: 1.2435, rho: 1.00, gamma: 0.100, edge_pos_p: 0.530, edge_neg_p: 0.487, lr: 0.0009998914383200486
2026-08-14 15:24:26 - train: epoch 3, iter:20, total: 2.7788, seg: 1.5730, edge: 1.2058, rho: 1.00, gamma: 0.100, edge_pos_p: 0.577, edge_neg_p: 0.481, lr: 0.0009998914383200486
2026-08-14 15:24:51 - val epoch: 3, loss: 2.8170
2026-08-14 15:24:53 - train: epoch 4, iter:0, total: 2.3929, seg: 1.2769, edge: 1.1160, rho: 1.00, gamma: 0.100, edge_pos_p: 0.581, edge_neg_p: 0.447, lr: 0.0009997557473810372
2026-08-14 15:25:05 - train: epoch 4, iter:20, total: 2.3732, seg: 1.2320, edge: 1.1412, rho: 1.00, gamma: 0.100, edge_pos_p: 0.614, edge_neg_p: 0.455, lr: 0.0009997557473810372
2026-08-14 15:25:30 - val epoch: 4, loss: 2.6378
2026-08-14 15:25:32 - train: epoch 5, iter:0, total: 2.5398, seg: 1.3266, edge: 1.2132, rho: 1.00, gamma: 0.100, edge_pos_p: 0.538, edge_neg_p: 0.423, lr: 0.000999565800898935
2026-08-14 15:25:44 - train: epoch 5, iter:20, total: 2.5813, seg: 1.5910, edge: 0.9904, rho: 1.00, gamma: 0.100, edge_pos_p: 0.627, edge_neg_p: 0.397, lr: 0.000999565800898935
2026-08-14 15:26:09 - val epoch: 5, loss: 2.6271
2026-08-14 15:26:12 - train: epoch 6, iter:0, total: 2.4012, seg: 1.3480, edge: 1.0532, rho: 1.00, gamma: 0.100, edge_pos_p: 0.648, edge_neg_p: 0.435, lr: 0.0009993216197035143
2026-08-14 15:26:24 - train: epoch 6, iter:20, total: 2.4185, seg: 1.3605, edge: 1.0581, rho: 1.00, gamma: 0.099, edge_pos_p: 0.573, edge_neg_p: 0.356, lr: 0.0009993216197035143
2026-08-14 15:26:50 - val epoch: 6, loss: 2.4763
2026-08-14 15:26:52 - train: epoch 7, iter:0, total: 2.2527, seg: 1.2019, edge: 1.0509, rho: 1.00, gamma: 0.099, edge_pos_p: 0.613, edge_neg_p: 0.374, lr: 0.0009990232305719946
2026-08-14 15:27:04 - train: epoch 7, iter:20, total: 2.0435, seg: 1.0528, edge: 0.9907, rho: 1.00, gamma: 0.100, edge_pos_p: 0.638, edge_neg_p: 0.381, lr: 0.0009990232305719946
2026-08-14 15:27:29 - val epoch: 7, loss: 2.3928
2026-08-14 15:27:31 - train: epoch 8, iter:0, total: 2.1884, seg: 1.0755, edge: 1.1129, rho: 1.00, gamma: 0.100, edge_pos_p: 0.657, edge_neg_p: 0.406, lr: 0.0009986706662261067
2026-08-14 15:27:43 - train: epoch 8, iter:20, total: 2.3779, seg: 1.3579, edge: 1.0199, rho: 1.00, gamma: 0.100, edge_pos_p: 0.648, edge_neg_p: 0.390, lr: 0.0009986706662261067
2026-08-14 15:28:08 - val epoch: 8, loss: 2.2963
2026-08-14 15:28:11 - train: epoch 9, iter:0, total: 2.1511, seg: 1.1861, edge: 0.9650, rho: 1.00, gamma: 0.100, edge_pos_p: 0.646, edge_neg_p: 0.367, lr: 0.0009982639653285047
2026-08-14 15:28:22 - train: epoch 9, iter:20, total: 2.1557, seg: 1.1806, edge: 0.9751, rho: 1.00, gamma: 0.100, edge_pos_p: 0.618, edge_neg_p: 0.316, lr: 0.0009982639653285047
2026-08-14 15:28:48 - val epoch: 9, loss: 2.2112
2026-08-14 15:28:50 - train: epoch 10, iter:0, total: 1.8744, seg: 0.8943, edge: 0.9800, rho: 1.00, gamma: 0.100, edge_pos_p: 0.692, edge_neg_p: 0.391, lr: 0.0009978031724785245
2026-08-14 15:29:02 - train: epoch 10, iter:20, total: 1.9329, seg: 1.0235, edge: 0.9094, rho: 1.00, gamma: 0.101, edge_pos_p: 0.638, edge_neg_p: 0.288, lr: 0.0009978031724785245
2026-08-14 15:29:27 - val epoch: 10, loss: 2.1671
2026-08-14 15:29:29 - train: epoch 11, iter:0, total: 1.6221, seg: 0.7289, edge: 0.8932, rho: 1.00, gamma: 0.101, edge_pos_p: 0.690, edge_neg_p: 0.317, lr: 0.0009972883382072953
2026-08-14 15:29:41 - train: epoch 11, iter:20, total: 2.3208, seg: 1.2576, edge: 1.0632, rho: 1.00, gamma: 0.101, edge_pos_p: 0.658, edge_neg_p: 0.325, lr: 0.0009972883382072953
2026-08-14 15:30:06 - val epoch: 11, loss: 2.0825
2026-08-14 15:30:08 - train: epoch 12, iter:0, total: 1.6935, seg: 0.8036, edge: 0.8899, rho: 1.00, gamma: 0.101, edge_pos_p: 0.709, edge_neg_p: 0.337, lr: 0.0009967195189721962
2026-08-14 15:30:20 - train: epoch 12, iter:20, total: 1.7537, seg: 0.8412, edge: 0.9126, rho: 1.00, gamma: 0.101, edge_pos_p: 0.648, edge_neg_p: 0.299, lr: 0.0009967195189721962
2026-08-14 15:30:45 - val epoch: 12, loss: 2.1677
2026-08-14 15:30:48 - train: epoch 13, iter:0, total: 1.9942, seg: 1.0692, edge: 0.9250, rho: 1.00, gamma: 0.101, edge_pos_p: 0.655, edge_neg_p: 0.336, lr: 0.0009960967771506667
2026-08-14 15:30:59 - train: epoch 13, iter:20, total: 1.6449, seg: 0.7241, edge: 0.9208, rho: 1.00, gamma: 0.102, edge_pos_p: 0.732, edge_neg_p: 0.334, lr: 0.0009960967771506667
2026-08-14 15:31:25 - val epoch: 13, loss: 2.1664
2026-08-14 15:31:27 - train: epoch 14, iter:0, total: 1.7246, seg: 0.7765, edge: 0.9481, rho: 1.00, gamma: 0.102, edge_pos_p: 0.691, edge_neg_p: 0.335, lr: 0.0009954201810333646
2026-08-14 15:31:39 - train: epoch 14, iter:20, total: 1.6222, seg: 0.8303, edge: 0.7919, rho: 1.00, gamma: 0.102, edge_pos_p: 0.685, edge_neg_p: 0.285, lr: 0.0009954201810333646
2026-08-14 15:32:04 - val epoch: 14, loss: 2.4361
2026-08-14 15:32:06 - train: epoch 15, iter:0, total: 2.1648, seg: 1.0545, edge: 1.1104, rho: 1.00, gamma: 0.102, edge_pos_p: 0.607, edge_neg_p: 0.347, lr: 0.0009946898048166792
2026-08-14 15:32:18 - train: epoch 15, iter:20, total: 2.2927, seg: 1.2659, edge: 1.0268, rho: 1.00, gamma: 0.102, edge_pos_p: 0.704, edge_neg_p: 0.385, lr: 0.0009946898048166792
2026-08-14 15:32:44 - val epoch: 15, loss: 2.1171
2026-08-14 15:32:46 - train: epoch 16, iter:0, total: 1.9866, seg: 0.9799, edge: 1.0066, rho: 1.00, gamma: 0.102, edge_pos_p: 0.626, edge_neg_p: 0.273, lr: 0.000993905728594593
2026-08-14 15:32:57 - train: epoch 16, iter:20, total: 1.6417, seg: 0.7843, edge: 0.8574, rho: 1.00, gamma: 0.102, edge_pos_p: 0.711, edge_neg_p: 0.320, lr: 0.000993905728594593
2026-08-14 15:33:22 - val epoch: 16, loss: 2.1803
2026-08-14 15:33:24 - train: epoch 17, iter:0, total: 1.6145, seg: 0.8079, edge: 0.8066, rho: 1.00, gamma: 0.102, edge_pos_p: 0.680, edge_neg_p: 0.282, lr: 0.0009930680383498998
2026-08-14 15:33:36 - train: epoch 17, iter:20, total: 1.8449, seg: 0.8366, edge: 1.0083, rho: 1.00, gamma: 0.102, edge_pos_p: 0.584, edge_neg_p: 0.229, lr: 0.0009930680383498998
2026-08-14 15:34:01 - val epoch: 17, loss: 2.2040
2026-08-14 15:34:03 - train: epoch 18, iter:0, total: 1.4424, seg: 0.6362, edge: 0.8062, rho: 1.00, gamma: 0.102, edge_pos_p: 0.725, edge_neg_p: 0.344, lr: 0.0009921768259447744
2026-08-14 15:34:15 - train: epoch 18, iter:20, total: 1.7437, seg: 0.8404, edge: 0.9033, rho: 1.00, gamma: 0.102, edge_pos_p: 0.637, edge_neg_p: 0.267, lr: 0.0009921768259447744
2026-08-14 15:34:40 - val epoch: 18, loss: 2.1198
2026-08-14 15:34:43 - train: epoch 19, iter:0, total: 2.0561, seg: 0.9870, edge: 1.0691, rho: 1.00, gamma: 0.102, edge_pos_p: 0.619, edge_neg_p: 0.293, lr: 0.0009912321891107007
2026-08-14 15:34:54 - train: epoch 19, iter:20, total: 1.5288, seg: 0.6822, edge: 0.8466, rho: 1.00, gamma: 0.103, edge_pos_p: 0.696, edge_neg_p: 0.303, lr: 0.0009912321891107007
2026-08-14 15:35:19 - val epoch: 19, loss: 2.0148
2026-08-14 15:35:22 - train: epoch 20, iter:0, total: 1.8432, seg: 0.8977, edge: 0.9455, rho: 1.00, gamma: 0.103, edge_pos_p: 0.643, edge_neg_p: 0.290, lr: 0.0009902342314377522
2026-08-14 15:35:33 - train: epoch 20, iter:20, total: 1.6008, seg: 0.7241, edge: 0.8767, rho: 1.00, gamma: 0.103, edge_pos_p: 0.705, edge_neg_p: 0.320, lr: 0.0009902342314377522
2026-08-14 15:35:59 - val epoch: 20, loss: 2.1569
2026-08-14 15:36:01 - train: epoch 21, iter:0, total: 1.5980, seg: 0.7561, edge: 0.8419, rho: 0.97, gamma: 0.103, edge_pos_p: 0.730, edge_neg_p: 0.338, lr: 0.0009891830623632338
2026-08-14 15:36:13 - train: epoch 21, iter:20, total: 1.9888, seg: 0.9915, edge: 0.9972, rho: 0.97, gamma: 0.103, edge_pos_p: 0.633, edge_neg_p: 0.305, lr: 0.0009891830623632338
2026-08-14 15:36:37 - val epoch: 21, loss: 2.0888
2026-08-14 15:36:39 - train: epoch 22, iter:0, total: 1.8426, seg: 0.8667, edge: 0.9760, rho: 0.95, gamma: 0.103, edge_pos_p: 0.707, edge_neg_p: 0.378, lr: 0.00098807879715968
2026-08-14 15:36:51 - train: epoch 22, iter:20, total: 1.6586, seg: 0.7275, edge: 0.9311, rho: 0.95, gamma: 0.104, edge_pos_p: 0.696, edge_neg_p: 0.305, lr: 0.00098807879715968
2026-08-14 15:37:15 - val epoch: 22, loss: 1.9800
2026-08-14 15:37:18 - train: epoch 23, iter:0, total: 1.7700, seg: 0.8838, edge: 0.8862, rho: 0.93, gamma: 0.104, edge_pos_p: 0.735, edge_neg_p: 0.344, lr: 0.0009869215569222143
2026-08-14 15:37:29 - train: epoch 23, iter:20, total: 1.8165, seg: 0.7802, edge: 1.0363, rho: 0.93, gamma: 0.104, edge_pos_p: 0.619, edge_neg_p: 0.247, lr: 0.0009869215569222143
2026-08-14 15:37:54 - val epoch: 23, loss: 2.2063
2026-08-14 15:37:56 - train: epoch 24, iter:0, total: 1.3958, seg: 0.5671, edge: 0.8287, rho: 0.90, gamma: 0.104, edge_pos_p: 0.669, edge_neg_p: 0.251, lr: 0.0009857114685552697
2026-08-14 15:38:07 - train: epoch 24, iter:20, total: 1.8014, seg: 0.8212, edge: 0.9802, rho: 0.90, gamma: 0.104, edge_pos_p: 0.687, edge_neg_p: 0.322, lr: 0.0009857114685552697
2026-08-14 15:38:31 - val epoch: 24, loss: 2.3714
2026-08-14 15:38:34 - train: epoch 25, iter:0, total: 1.4397, seg: 0.5895, edge: 0.8502, rho: 0.88, gamma: 0.104, edge_pos_p: 0.669, edge_neg_p: 0.269, lr: 0.0009844486647586721
2026-08-14 15:38:44 - train: epoch 25, iter:20, total: 1.5947, seg: 0.7011, edge: 0.8936, rho: 0.88, gamma: 0.104, edge_pos_p: 0.715, edge_neg_p: 0.319, lr: 0.0009844486647586721
2026-08-14 15:39:08 - val epoch: 25, loss: 2.2009
2026-08-14 15:39:11 - train: epoch 26, iter:0, total: 1.5790, seg: 0.7783, edge: 0.8008, rho: 0.85, gamma: 0.104, edge_pos_p: 0.683, edge_neg_p: 0.245, lr: 0.0009831332840130884
2026-08-14 15:39:20 - train: epoch 26, iter:20, total: 1.5621, seg: 0.6724, edge: 0.8897, rho: 0.85, gamma: 0.104, edge_pos_p: 0.688, edge_neg_p: 0.294, lr: 0.0009831332840130884
2026-08-14 15:39:45 - val epoch: 26, loss: 1.9278
2026-08-14 15:39:47 - train: epoch 27, iter:0, total: 1.4188, seg: 0.5738, edge: 0.8450, rho: 0.82, gamma: 0.105, edge_pos_p: 0.740, edge_neg_p: 0.363, lr: 0.0009817654705648405
2026-08-14 15:39:56 - train: epoch 27, iter:20, total: 1.6271, seg: 0.7829, edge: 0.8442, rho: 0.82, gamma: 0.105, edge_pos_p: 0.687, edge_neg_p: 0.294, lr: 0.0009817654705648405
2026-08-14 15:40:20 - val epoch: 27, loss: 2.1209
2026-08-14 15:40:22 - train: epoch 28, iter:0, total: 1.6927, seg: 0.8173, edge: 0.8754, rho: 0.80, gamma: 0.105, edge_pos_p: 0.680, edge_neg_p: 0.288, lr: 0.0009803453744100864
2026-08-14 15:40:31 - train: epoch 28, iter:20, total: 1.7578, seg: 0.8587, edge: 0.8991, rho: 0.80, gamma: 0.105, edge_pos_p: 0.695, edge_neg_p: 0.307, lr: 0.0009803453744100864
2026-08-14 15:40:55 - val epoch: 28, loss: 1.9401
2026-08-14 15:40:58 - train: epoch 29, iter:0, total: 1.3335, seg: 0.6181, edge: 0.7155, rho: 0.78, gamma: 0.105, edge_pos_p: 0.721, edge_neg_p: 0.273, lr: 0.0009788731512783728
2026-08-14 15:41:06 - train: epoch 29, iter:20, total: 1.4576, seg: 0.6657, edge: 0.7919, rho: 0.78, gamma: 0.105, edge_pos_p: 0.663, edge_neg_p: 0.263, lr: 0.0009788731512783728
2026-08-14 15:41:30 - val epoch: 29, loss: 2.0349
2026-08-14 15:41:32 - train: epoch 30, iter:0, total: 1.4518, seg: 0.6329, edge: 0.8190, rho: 0.75, gamma: 0.106, edge_pos_p: 0.672, edge_neg_p: 0.259, lr: 0.0009773489626155566
2026-08-14 15:41:40 - train: epoch 30, iter:20, total: 1.5647, seg: 0.7605, edge: 0.8042, rho: 0.75, gamma: 0.106, edge_pos_p: 0.677, edge_neg_p: 0.244, lr: 0.0009773489626155566
2026-08-14 15:42:08 - val epoch: 30, loss: 1.9966, miou: 0.7721709721470958, f1_or_dsc: 0.8714407179478428, accuracy: 0.9376872789741743,                 specificity: 0.9602275607643537, sensitivity: 0.8676274522597343, confusion_matrix: [[38470074  1593423]
 [ 1706228 11183363]]
2026-08-14 15:42:10 - train: epoch 31, iter:0, total: 1.5609, seg: 0.7185, edge: 0.8425, rho: 0.72, gamma: 0.106, edge_pos_p: 0.621, edge_neg_p: 0.203, lr: 0.0009757729755661006
2026-08-14 15:42:18 - train: epoch 31, iter:20, total: 1.5451, seg: 0.7120, edge: 0.8331, rho: 0.72, gamma: 0.106, edge_pos_p: 0.773, edge_neg_p: 0.355, lr: 0.0009757729755661006
2026-08-14 15:42:41 - val epoch: 31, loss: 1.8836
2026-08-14 15:42:44 - train: epoch 32, iter:0, total: 1.5084, seg: 0.6644, edge: 0.8441, rho: 0.70, gamma: 0.106, edge_pos_p: 0.676, edge_neg_p: 0.268, lr: 0.0009741453629547445
2026-08-14 15:42:51 - train: epoch 32, iter:20, total: 1.5177, seg: 0.7100, edge: 0.8077, rho: 0.70, gamma: 0.106, edge_pos_p: 0.769, edge_neg_p: 0.336, lr: 0.0009741453629547445
2026-08-14 15:43:15 - val epoch: 32, loss: 1.9449
2026-08-14 15:43:17 - train: epoch 33, iter:0, total: 1.3915, seg: 0.6059, edge: 0.7856, rho: 0.68, gamma: 0.106, edge_pos_p: 0.662, edge_neg_p: 0.223, lr: 0.0009724663032675527
2026-08-14 15:43:24 - train: epoch 33, iter:20, total: 1.4568, seg: 0.6745, edge: 0.7823, rho: 0.68, gamma: 0.106, edge_pos_p: 0.752, edge_neg_p: 0.315, lr: 0.0009724663032675527
2026-08-14 15:43:47 - val epoch: 33, loss: 2.0061
2026-08-14 15:43:49 - train: epoch 34, iter:0, total: 1.4645, seg: 0.6588, edge: 0.8057, rho: 0.65, gamma: 0.106, edge_pos_p: 0.758, edge_neg_p: 0.317, lr: 0.0009707359806323412
2026-08-14 15:43:56 - train: epoch 34, iter:20, total: 1.5314, seg: 0.6898, edge: 0.8416, rho: 0.65, gamma: 0.106, edge_pos_p: 0.717, edge_neg_p: 0.329, lr: 0.0009707359806323412
2026-08-14 15:44:19 - val epoch: 34, loss: 1.9999
2026-08-14 15:44:21 - train: epoch 35, iter:0, total: 1.5305, seg: 0.6820, edge: 0.8485, rho: 0.62, gamma: 0.106, edge_pos_p: 0.652, edge_neg_p: 0.225, lr: 0.0009689545847984858
2026-08-14 15:44:28 - train: epoch 35, iter:20, total: 1.3173, seg: 0.4789, edge: 0.8384, rho: 0.62, gamma: 0.107, edge_pos_p: 0.763, edge_neg_p: 0.339, lr: 0.0009689545847984858
2026-08-14 15:44:51 - val epoch: 35, loss: 2.0078
2026-08-14 15:44:53 - train: epoch 36, iter:0, total: 1.4863, seg: 0.5619, edge: 0.9244, rho: 0.60, gamma: 0.107, edge_pos_p: 0.657, edge_neg_p: 0.256, lr: 0.0009671223111161144
2026-08-14 15:44:59 - train: epoch 36, iter:20, total: 1.3591, seg: 0.6203, edge: 0.7389, rho: 0.60, gamma: 0.106, edge_pos_p: 0.737, edge_neg_p: 0.265, lr: 0.0009671223111161144
2026-08-14 15:45:22 - val epoch: 36, loss: 2.1566
2026-08-14 15:45:24 - train: epoch 37, iter:0, total: 1.8547, seg: 1.0146, edge: 0.8400, rho: 0.57, gamma: 0.106, edge_pos_p: 0.688, edge_neg_p: 0.260, lr: 0.000965239360514684
2026-08-14 15:45:30 - train: epoch 37, iter:20, total: 1.7220, seg: 0.7508, edge: 0.9712, rho: 0.57, gamma: 0.107, edge_pos_p: 0.632, edge_neg_p: 0.219, lr: 0.000965239360514684
2026-08-14 15:45:53 - val epoch: 37, loss: 1.9842
2026-08-14 15:45:55 - train: epoch 38, iter:0, total: 1.7272, seg: 0.9197, edge: 0.8075, rho: 0.55, gamma: 0.107, edge_pos_p: 0.680, edge_neg_p: 0.268, lr: 0.000963305939480947
2026-08-14 15:46:01 - train: epoch 38, iter:20, total: 1.6042, seg: 0.6569, edge: 0.9472, rho: 0.55, gamma: 0.107, edge_pos_p: 0.680, edge_neg_p: 0.293, lr: 0.000963305939480947
2026-08-14 15:46:23 - val epoch: 38, loss: 1.8982
2026-08-14 15:46:26 - train: epoch 39, iter:0, total: 1.4047, seg: 0.6005, edge: 0.8042, rho: 0.53, gamma: 0.107, edge_pos_p: 0.756, edge_neg_p: 0.315, lr: 0.0009613222600363074
2026-08-14 15:46:32 - train: epoch 39, iter:20, total: 1.2975, seg: 0.5551, edge: 0.7424, rho: 0.53, gamma: 0.107, edge_pos_p: 0.685, edge_neg_p: 0.214, lr: 0.0009613222600363074
2026-08-14 15:46:54 - val epoch: 39, loss: 1.8853
2026-08-14 15:46:56 - train: epoch 40, iter:0, total: 1.5021, seg: 0.6658, edge: 0.8363, rho: 0.50, gamma: 0.107, edge_pos_p: 0.725, edge_neg_p: 0.301, lr: 0.0009592885397135703
2026-08-14 15:47:02 - train: epoch 40, iter:20, total: 1.4458, seg: 0.6234, edge: 0.8224, rho: 0.50, gamma: 0.107, edge_pos_p: 0.764, edge_neg_p: 0.346, lr: 0.0009592885397135703
2026-08-14 15:47:24 - val epoch: 40, loss: 1.9214
2026-08-14 15:47:27 - train: epoch 41, iter:0, total: 1.5553, seg: 0.6903, edge: 0.8650, rho: 0.50, gamma: 0.108, edge_pos_p: 0.674, edge_neg_p: 0.258, lr: 0.0009572050015330871
2026-08-14 15:47:32 - train: epoch 41, iter:20, total: 1.3927, seg: 0.6522, edge: 0.7405, rho: 0.50, gamma: 0.108, edge_pos_p: 0.743, edge_neg_p: 0.280, lr: 0.0009572050015330871
2026-08-14 15:47:54 - val epoch: 41, loss: 1.9167
2026-08-14 15:47:56 - train: epoch 42, iter:0, total: 1.4780, seg: 0.7032, edge: 0.7749, rho: 0.50, gamma: 0.108, edge_pos_p: 0.762, edge_neg_p: 0.324, lr: 0.0009550718739782986
2026-08-14 15:48:02 - train: epoch 42, iter:20, total: 1.4152, seg: 0.5804, edge: 0.8348, rho: 0.50, gamma: 0.108, edge_pos_p: 0.748, edge_neg_p: 0.323, lr: 0.0009550718739782986
2026-08-14 15:48:24 - val epoch: 42, loss: 1.9236
2026-08-14 15:48:26 - train: epoch 43, iter:0, total: 1.5446, seg: 0.7669, edge: 0.7777, rho: 0.50, gamma: 0.108, edge_pos_p: 0.755, edge_neg_p: 0.313, lr: 0.0009528893909706794
2026-08-14 15:48:31 - train: epoch 43, iter:20, total: 1.3543, seg: 0.5410, edge: 0.8133, rho: 0.50, gamma: 0.108, edge_pos_p: 0.715, edge_neg_p: 0.280, lr: 0.0009528893909706794
2026-08-14 15:48:53 - val epoch: 43, loss: 2.0693
2026-08-14 15:48:55 - train: epoch 44, iter:0, total: 1.2617, seg: 0.5738, edge: 0.6878, rho: 0.50, gamma: 0.108, edge_pos_p: 0.722, edge_neg_p: 0.249, lr: 0.0009506577918440856
2026-08-14 15:49:01 - train: epoch 44, iter:20, total: 1.3477, seg: 0.5432, edge: 0.8045, rho: 0.50, gamma: 0.108, edge_pos_p: 0.769, edge_neg_p: 0.328, lr: 0.0009506577918440856
2026-08-14 15:49:23 - val epoch: 44, loss: 1.9271
2026-08-14 15:49:25 - train: epoch 45, iter:0, total: 1.3681, seg: 0.5326, edge: 0.8356, rho: 0.50, gamma: 0.108, edge_pos_p: 0.704, edge_neg_p: 0.265, lr: 0.000948377321318509
2026-08-14 15:49:30 - train: epoch 45, iter:20, total: 1.4475, seg: 0.6049, edge: 0.8426, rho: 0.50, gamma: 0.108, edge_pos_p: 0.704, edge_neg_p: 0.263, lr: 0.000948377321318509
2026-08-14 15:49:53 - val epoch: 45, loss: 1.8692
2026-08-14 15:49:55 - train: epoch 46, iter:0, total: 1.4946, seg: 0.6313, edge: 0.8633, rho: 0.50, gamma: 0.108, edge_pos_p: 0.686, edge_neg_p: 0.229, lr: 0.0009460482294732416
2026-08-14 15:50:00 - train: epoch 46, iter:20, total: 1.6344, seg: 0.7533, edge: 0.8811, rho: 0.50, gamma: 0.108, edge_pos_p: 0.815, edge_neg_p: 0.410, lr: 0.0009460482294732416
2026-08-14 15:50:22 - val epoch: 46, loss: 1.9759
2026-08-14 15:50:25 - train: epoch 47, iter:0, total: 1.2124, seg: 0.5179, edge: 0.6945, rho: 0.50, gamma: 0.109, edge_pos_p: 0.767, edge_neg_p: 0.244, lr: 0.0009436707717194508
2026-08-14 15:50:30 - train: epoch 47, iter:20, total: 1.2695, seg: 0.5999, edge: 0.6696, rho: 0.50, gamma: 0.109, edge_pos_p: 0.732, edge_neg_p: 0.235, lr: 0.0009436707717194508
2026-08-14 15:50:52 - val epoch: 47, loss: 1.8618
2026-08-14 15:50:54 - train: epoch 48, iter:0, total: 1.4038, seg: 0.6137, edge: 0.7901, rho: 0.50, gamma: 0.109, edge_pos_p: 0.730, edge_neg_p: 0.284, lr: 0.0009412452087721706
2026-08-14 15:51:00 - train: epoch 48, iter:20, total: 1.2394, seg: 0.5118, edge: 0.7276, rho: 0.50, gamma: 0.109, edge_pos_p: 0.750, edge_neg_p: 0.280, lr: 0.0009412452087721706
2026-08-14 15:51:22 - val epoch: 48, loss: 1.9012
2026-08-14 15:51:24 - train: epoch 49, iter:0, total: 1.4484, seg: 0.6709, edge: 0.7775, rho: 0.50, gamma: 0.109, edge_pos_p: 0.745, edge_neg_p: 0.283, lr: 0.000938771806621712
2026-08-14 15:51:29 - train: epoch 49, iter:20, total: 1.3738, seg: 0.5778, edge: 0.7959, rho: 0.50, gamma: 0.109, edge_pos_p: 0.761, edge_neg_p: 0.312, lr: 0.000938771806621712
2026-08-14 15:51:52 - val epoch: 49, loss: 2.1180
2026-08-14 15:51:54 - train: epoch 50, iter:0, total: 1.6452, seg: 0.7668, edge: 0.8783, rho: 0.50, gamma: 0.109, edge_pos_p: 0.650, edge_neg_p: 0.205, lr: 0.0009362508365044934
2026-08-14 15:52:00 - train: epoch 50, iter:20, total: 1.2450, seg: 0.5171, edge: 0.7279, rho: 0.50, gamma: 0.109, edge_pos_p: 0.723, edge_neg_p: 0.230, lr: 0.0009362508365044934
2026-08-14 15:52:22 - val epoch: 50, loss: 1.9188
2026-08-14 15:52:24 - train: epoch 51, iter:0, total: 1.2906, seg: 0.5467, edge: 0.7438, rho: 0.50, gamma: 0.109, edge_pos_p: 0.693, edge_neg_p: 0.215, lr: 0.0009336825748732968
2026-08-14 15:52:29 - train: epoch 51, iter:20, total: 1.4883, seg: 0.7231, edge: 0.7652, rho: 0.50, gamma: 0.109, edge_pos_p: 0.761, edge_neg_p: 0.284, lr: 0.0009336825748732968
2026-08-14 15:52:52 - val epoch: 51, loss: 1.9018
2026-08-14 15:52:55 - train: epoch 52, iter:0, total: 1.5150, seg: 0.7561, edge: 0.7589, rho: 0.50, gamma: 0.109, edge_pos_p: 0.766, edge_neg_p: 0.303, lr: 0.0009310673033669517
2026-08-14 15:53:00 - train: epoch 52, iter:20, total: 1.3634, seg: 0.6340, edge: 0.7294, rho: 0.50, gamma: 0.109, edge_pos_p: 0.739, edge_neg_p: 0.224, lr: 0.0009310673033669517
2026-08-14 15:53:22 - val epoch: 52, loss: 1.9163
2026-08-14 15:53:25 - train: epoch 53, iter:0, total: 1.8800, seg: 0.9257, edge: 0.9543, rho: 0.50, gamma: 0.110, edge_pos_p: 0.656, edge_neg_p: 0.261, lr: 0.0009284053087794505
2026-08-14 15:53:30 - train: epoch 53, iter:20, total: 1.3746, seg: 0.5486, edge: 0.8260, rho: 0.50, gamma: 0.110, edge_pos_p: 0.759, edge_neg_p: 0.310, lr: 0.0009284053087794505
2026-08-14 15:53:53 - val epoch: 53, loss: 1.7891
2026-08-14 15:53:55 - train: epoch 54, iter:0, total: 1.3526, seg: 0.5548, edge: 0.7979, rho: 0.50, gamma: 0.110, edge_pos_p: 0.724, edge_neg_p: 0.271, lr: 0.0009256968830284974
2026-08-14 15:54:00 - train: epoch 54, iter:20, total: 1.4431, seg: 0.5770, edge: 0.8661, rho: 0.50, gamma: 0.110, edge_pos_p: 0.740, edge_neg_p: 0.314, lr: 0.0009256968830284974
2026-08-14 15:54:23 - val epoch: 54, loss: 1.9014
2026-08-14 15:54:25 - train: epoch 55, iter:0, total: 1.4893, seg: 0.6531, edge: 0.8362, rho: 0.50, gamma: 0.110, edge_pos_p: 0.766, edge_neg_p: 0.318, lr: 0.0009229423231234972
2026-08-14 15:54:30 - train: epoch 55, iter:20, total: 1.4329, seg: 0.6720, edge: 0.7609, rho: 0.50, gamma: 0.110, edge_pos_p: 0.722, edge_neg_p: 0.269, lr: 0.0009229423231234972
2026-08-14 15:54:53 - val epoch: 55, loss: 1.7746
2026-08-14 15:54:56 - train: epoch 56, iter:0, total: 1.5487, seg: 0.7501, edge: 0.7986, rho: 0.50, gamma: 0.110, edge_pos_p: 0.751, edge_neg_p: 0.292, lr: 0.0009201419311329846
2026-08-14 15:55:01 - train: epoch 56, iter:20, total: 1.3355, seg: 0.6025, edge: 0.7330, rho: 0.50, gamma: 0.110, edge_pos_p: 0.754, edge_neg_p: 0.251, lr: 0.0009201419311329846
2026-08-14 15:55:24 - val epoch: 56, loss: 1.9369
2026-08-14 15:55:26 - train: epoch 57, iter:0, total: 1.3833, seg: 0.5917, edge: 0.7915, rho: 0.50, gamma: 0.110, edge_pos_p: 0.690, edge_neg_p: 0.215, lr: 0.0009172960141514989
2026-08-14 15:55:31 - train: epoch 57, iter:20, total: 1.2960, seg: 0.5500, edge: 0.7460, rho: 0.50, gamma: 0.110, edge_pos_p: 0.699, edge_neg_p: 0.210, lr: 0.0009172960141514989
2026-08-14 15:55:54 - val epoch: 57, loss: 1.9543
2026-08-14 15:55:56 - train: epoch 58, iter:0, total: 1.3124, seg: 0.5318, edge: 0.7805, rho: 0.50, gamma: 0.110, edge_pos_p: 0.759, edge_neg_p: 0.301, lr: 0.0009144048842659077
2026-08-14 15:56:01 - train: epoch 58, iter:20, total: 1.4024, seg: 0.5822, edge: 0.8202, rho: 0.50, gamma: 0.111, edge_pos_p: 0.744, edge_neg_p: 0.293, lr: 0.0009144048842659077
2026-08-14 15:56:24 - val epoch: 58, loss: 1.8552
2026-08-14 15:56:26 - train: epoch 59, iter:0, total: 1.2172, seg: 0.4931, edge: 0.7241, rho: 0.50, gamma: 0.111, edge_pos_p: 0.782, edge_neg_p: 0.276, lr: 0.0009114688585211832
2026-08-14 15:56:31 - train: epoch 59, iter:20, total: 1.3371, seg: 0.5613, edge: 0.7758, rho: 0.50, gamma: 0.111, edge_pos_p: 0.738, edge_neg_p: 0.269, lr: 0.0009114688585211832
2026-08-14 15:56:54 - val epoch: 59, loss: 1.8664
2026-08-14 15:56:56 - train: epoch 60, iter:0, total: 1.4132, seg: 0.5433, edge: 0.8699, rho: 0.50, gamma: 0.111, edge_pos_p: 0.764, edge_neg_p: 0.335, lr: 0.0009084882588856339
2026-08-14 15:57:01 - train: epoch 60, iter:20, total: 1.2392, seg: 0.5467, edge: 0.6925, rho: 0.50, gamma: 0.111, edge_pos_p: 0.767, edge_neg_p: 0.273, lr: 0.0009084882588856339
2026-08-14 15:57:27 - val epoch: 60, loss: 1.8690, miou: 0.7737851605608447, f1_or_dsc: 0.8724677348368223, accuracy: 0.9394995434449451,                 specificity: 0.9682367218218619, sensitivity: 0.8501784889838631, confusion_matrix: [[38790949  1272548]
 [ 1931138 10958453]]
2026-08-14 15:57:29 - train: epoch 61, iter:0, total: 1.3599, seg: 0.5327, edge: 0.8272, rho: 0.50, gamma: 0.111, edge_pos_p: 0.737, edge_neg_p: 0.283, lr: 0.0009054634122155986
2026-08-14 15:57:35 - train: epoch 61, iter:20, total: 1.3897, seg: 0.5786, edge: 0.8111, rho: 0.50, gamma: 0.111, edge_pos_p: 0.696, edge_neg_p: 0.237, lr: 0.0009054634122155986
2026-08-14 15:57:57 - val epoch: 61, loss: 1.9836
2026-08-14 15:57:59 - train: epoch 62, iter:0, total: 1.3545, seg: 0.5899, edge: 0.7646, rho: 0.50, gamma: 0.112, edge_pos_p: 0.811, edge_neg_p: 0.333, lr: 0.0009023946502196013
2026-08-14 15:58:05 - train: epoch 62, iter:20, total: 1.1567, seg: 0.5081, edge: 0.6486, rho: 0.50, gamma: 0.111, edge_pos_p: 0.793, edge_neg_p: 0.254, lr: 0.0009023946502196013
2026-08-14 15:58:27 - val epoch: 62, loss: 1.9151
2026-08-14 15:58:29 - train: epoch 63, iter:0, total: 1.3577, seg: 0.5995, edge: 0.7582, rho: 0.50, gamma: 0.112, edge_pos_p: 0.715, edge_neg_p: 0.241, lr: 0.0008992823094219767
2026-08-14 15:58:34 - train: epoch 63, iter:20, total: 1.2668, seg: 0.4904, edge: 0.7764, rho: 0.50, gamma: 0.112, edge_pos_p: 0.741, edge_neg_p: 0.258, lr: 0.0008992823094219767
2026-08-14 15:58:56 - val epoch: 63, loss: 1.9708
2026-08-14 15:58:59 - train: epoch 64, iter:0, total: 1.1815, seg: 0.5214, edge: 0.6600, rho: 0.50, gamma: 0.112, edge_pos_p: 0.820, edge_neg_p: 0.291, lr: 0.0008961267311259662
2026-08-14 15:59:04 - train: epoch 64, iter:20, total: 1.3743, seg: 0.6758, edge: 0.6986, rho: 0.50, gamma: 0.112, edge_pos_p: 0.755, edge_neg_p: 0.261, lr: 0.0008961267311259662
2026-08-14 15:59:26 - val epoch: 64, loss: 1.9726
2026-08-14 15:59:28 - train: epoch 65, iter:0, total: 1.2722, seg: 0.5232, edge: 0.7490, rho: 0.50, gamma: 0.112, edge_pos_p: 0.780, edge_neg_p: 0.304, lr: 0.0008929282613762903
2026-08-14 15:59:33 - train: epoch 65, iter:20, total: 1.3281, seg: 0.5618, edge: 0.7663, rho: 0.50, gamma: 0.112, edge_pos_p: 0.710, edge_neg_p: 0.244, lr: 0.0008929282613762903
2026-08-14 15:59:55 - val epoch: 65, loss: 1.9243
2026-08-14 15:59:57 - train: epoch 66, iter:0, total: 1.3197, seg: 0.5877, edge: 0.7320, rho: 0.50, gamma: 0.112, edge_pos_p: 0.770, edge_neg_p: 0.259, lr: 0.0008896872509212002
2026-08-14 16:00:03 - train: epoch 66, iter:20, total: 1.2897, seg: 0.4984, edge: 0.7913, rho: 0.50, gamma: 0.112, edge_pos_p: 0.710, edge_neg_p: 0.224, lr: 0.0008896872509212002
2026-08-14 16:00:25 - val epoch: 66, loss: 1.9225
2026-08-14 16:00:27 - train: epoch 67, iter:0, total: 1.3197, seg: 0.5928, edge: 0.7269, rho: 0.50, gamma: 0.112, edge_pos_p: 0.784, edge_neg_p: 0.313, lr: 0.0008864040551740152
2026-08-14 16:00:32 - train: epoch 67, iter:20, total: 1.2546, seg: 0.4922, edge: 0.7625, rho: 0.50, gamma: 0.112, edge_pos_p: 0.743, edge_neg_p: 0.243, lr: 0.0008864040551740152
2026-08-14 16:00:55 - val epoch: 67, loss: 2.0179
2026-08-14 16:00:57 - train: epoch 68, iter:0, total: 1.5420, seg: 0.7006, edge: 0.8413, rho: 0.50, gamma: 0.112, edge_pos_p: 0.674, edge_neg_p: 0.199, lr: 0.0008830790341741476
2026-08-14 16:01:02 - train: epoch 68, iter:20, total: 1.2808, seg: 0.5739, edge: 0.7069, rho: 0.50, gamma: 0.113, edge_pos_p: 0.772, edge_neg_p: 0.239, lr: 0.0008830790341741476
2026-08-14 16:01:24 - val epoch: 68, loss: 1.8786
2026-08-14 16:01:27 - train: epoch 69, iter:0, total: 1.3853, seg: 0.6329, edge: 0.7524, rho: 0.50, gamma: 0.113, edge_pos_p: 0.740, edge_neg_p: 0.254, lr: 0.000879712552547619
2026-08-14 16:01:32 - train: epoch 69, iter:20, total: 1.4164, seg: 0.5546, edge: 0.8618, rho: 0.50, gamma: 0.113, edge_pos_p: 0.819, edge_neg_p: 0.380, lr: 0.000879712552547619
2026-08-14 16:01:54 - val epoch: 69, loss: 1.9112
2026-08-14 16:01:56 - train: epoch 70, iter:0, total: 1.5481, seg: 0.7063, edge: 0.8418, rho: 0.50, gamma: 0.113, edge_pos_p: 0.697, edge_neg_p: 0.233, lr: 0.0008763049794670771
2026-08-14 16:02:02 - train: epoch 70, iter:20, total: 1.1823, seg: 0.5253, edge: 0.6570, rho: 0.50, gamma: 0.113, edge_pos_p: 0.797, edge_neg_p: 0.268, lr: 0.0008763049794670771
2026-08-14 16:02:24 - val epoch: 70, loss: 1.8519
2026-08-14 16:02:26 - train: epoch 71, iter:0, total: 1.2916, seg: 0.5151, edge: 0.7765, rho: 0.50, gamma: 0.113, edge_pos_p: 0.790, edge_neg_p: 0.312, lr: 0.0008728566886113098
2026-08-14 16:02:31 - train: epoch 71, iter:20, total: 1.3718, seg: 0.6176, edge: 0.7542, rho: 0.50, gamma: 0.113, edge_pos_p: 0.730, edge_neg_p: 0.268, lr: 0.0008728566886113098
2026-08-14 16:02:54 - val epoch: 71, loss: 1.8360
2026-08-14 16:02:56 - train: epoch 72, iter:0, total: 1.3279, seg: 0.5412, edge: 0.7867, rho: 0.50, gamma: 0.113, edge_pos_p: 0.740, edge_neg_p: 0.257, lr: 0.000869368058124268
2026-08-14 16:03:01 - train: epoch 72, iter:20, total: 1.2849, seg: 0.6051, edge: 0.6798, rho: 0.50, gamma: 0.113, edge_pos_p: 0.753, edge_neg_p: 0.247, lr: 0.000869368058124268
2026-08-14 16:03:24 - val epoch: 72, loss: 1.8623
2026-08-14 16:03:26 - train: epoch 73, iter:0, total: 1.3689, seg: 0.5786, edge: 0.7904, rho: 0.50, gamma: 0.113, edge_pos_p: 0.749, edge_neg_p: 0.275, lr: 0.0008658394705735983
2026-08-14 16:03:31 - train: epoch 73, iter:20, total: 1.3640, seg: 0.5808, edge: 0.7832, rho: 0.50, gamma: 0.113, edge_pos_p: 0.739, edge_neg_p: 0.265, lr: 0.0008658394705735983
2026-08-14 16:03:54 - val epoch: 73, loss: 1.8096
2026-08-14 16:03:56 - train: epoch 74, iter:0, total: 1.0038, seg: 0.3782, edge: 0.6256, rho: 0.50, gamma: 0.114, edge_pos_p: 0.799, edge_neg_p: 0.254, lr: 0.0008622713129086888
2026-08-14 16:04:01 - train: epoch 74, iter:20, total: 1.3734, seg: 0.5870, edge: 0.7864, rho: 0.50, gamma: 0.114, edge_pos_p: 0.684, edge_neg_p: 0.221, lr: 0.0008622713129086888
2026-08-14 16:04:23 - val epoch: 74, loss: 2.0820
2026-08-14 16:04:25 - train: epoch 75, iter:0, total: 1.5938, seg: 0.7743, edge: 0.8195, rho: 0.50, gamma: 0.114, edge_pos_p: 0.765, edge_neg_p: 0.327, lr: 0.0008586639764182372
2026-08-14 16:04:31 - train: epoch 75, iter:20, total: 1.4389, seg: 0.7095, edge: 0.7294, rho: 0.50, gamma: 0.114, edge_pos_p: 0.739, edge_neg_p: 0.240, lr: 0.0008586639764182372
2026-08-14 16:04:53 - val epoch: 75, loss: 1.7981
2026-08-14 16:04:55 - train: epoch 76, iter:0, total: 1.2456, seg: 0.5060, edge: 0.7396, rho: 0.50, gamma: 0.114, edge_pos_p: 0.753, edge_neg_p: 0.255, lr: 0.0008550178566873405
2026-08-14 16:05:01 - train: epoch 76, iter:20, total: 1.2130, seg: 0.4924, edge: 0.7206, rho: 0.50, gamma: 0.114, edge_pos_p: 0.728, edge_neg_p: 0.235, lr: 0.0008550178566873405
2026-08-14 16:05:23 - val epoch: 76, loss: 1.9362
2026-08-14 16:05:25 - train: epoch 77, iter:0, total: 1.1271, seg: 0.4564, edge: 0.6707, rho: 0.50, gamma: 0.114, edge_pos_p: 0.800, edge_neg_p: 0.261, lr: 0.0008513333535541156
2026-08-14 16:05:30 - train: epoch 77, iter:20, total: 1.2329, seg: 0.5472, edge: 0.6857, rho: 0.50, gamma: 0.114, edge_pos_p: 0.762, edge_neg_p: 0.253, lr: 0.0008513333535541156
2026-08-14 16:05:52 - val epoch: 77, loss: 1.8965
2026-08-14 16:05:54 - train: epoch 78, iter:0, total: 1.1931, seg: 0.5291, edge: 0.6640, rho: 0.50, gamma: 0.114, edge_pos_p: 0.724, edge_neg_p: 0.224, lr: 0.0008476108710658509
2026-08-14 16:06:00 - train: epoch 78, iter:20, total: 1.4192, seg: 0.5714, edge: 0.8478, rho: 0.50, gamma: 0.114, edge_pos_p: 0.741, edge_neg_p: 0.259, lr: 0.0008476108710658509
2026-08-14 16:06:22 - val epoch: 78, loss: 1.8568
2026-08-14 16:06:24 - train: epoch 79, iter:0, total: 1.2584, seg: 0.4703, edge: 0.7881, rho: 0.50, gamma: 0.114, edge_pos_p: 0.776, edge_neg_p: 0.301, lr: 0.0008438508174347005
2026-08-14 16:06:30 - train: epoch 79, iter:20, total: 1.3030, seg: 0.5290, edge: 0.7740, rho: 0.50, gamma: 0.115, edge_pos_p: 0.729, edge_neg_p: 0.220, lr: 0.0008438508174347005
2026-08-14 16:06:52 - val epoch: 79, loss: 1.8817
2026-08-14 16:06:54 - train: epoch 80, iter:0, total: 1.3843, seg: 0.5731, edge: 0.8111, rho: 0.50, gamma: 0.115, edge_pos_p: 0.771, edge_neg_p: 0.304, lr: 0.0008400536049929166
2026-08-14 16:07:00 - train: epoch 80, iter:20, total: 1.5889, seg: 0.6092, edge: 0.9798, rho: 0.50, gamma: 0.115, edge_pos_p: 0.641, edge_neg_p: 0.250, lr: 0.0008400536049929166
2026-08-14 16:07:22 - val epoch: 80, loss: 1.8149
2026-08-14 16:07:24 - train: epoch 81, iter:0, total: 1.2392, seg: 0.5236, edge: 0.7156, rho: 0.50, gamma: 0.115, edge_pos_p: 0.777, edge_neg_p: 0.275, lr: 0.0008362196501476343
2026-08-14 16:07:29 - train: epoch 81, iter:20, total: 1.4790, seg: 0.5845, edge: 0.8945, rho: 0.50, gamma: 0.115, edge_pos_p: 0.684, edge_neg_p: 0.218, lr: 0.0008362196501476343
2026-08-14 16:07:51 - val epoch: 81, loss: 1.8154
2026-08-14 16:07:54 - train: epoch 82, iter:0, total: 1.2473, seg: 0.5278, edge: 0.7195, rho: 0.50, gamma: 0.115, edge_pos_p: 0.759, edge_neg_p: 0.257, lr: 0.0008323493733352072
2026-08-14 16:07:59 - train: epoch 82, iter:20, total: 1.6249, seg: 0.7844, edge: 0.8404, rho: 0.50, gamma: 0.115, edge_pos_p: 0.725, edge_neg_p: 0.279, lr: 0.0008323493733352072
2026-08-14 16:08:21 - val epoch: 82, loss: 1.8520
2026-08-14 16:08:23 - train: epoch 83, iter:0, total: 1.3557, seg: 0.6118, edge: 0.7439, rho: 0.50, gamma: 0.115, edge_pos_p: 0.731, edge_neg_p: 0.229, lr: 0.0008284431989751018
2026-08-14 16:08:28 - train: epoch 83, iter:20, total: 1.3193, seg: 0.5665, edge: 0.7527, rho: 0.50, gamma: 0.115, edge_pos_p: 0.774, edge_neg_p: 0.290, lr: 0.0008284431989751018
2026-08-14 16:08:51 - val epoch: 83, loss: 1.8483
2026-08-14 16:08:53 - train: epoch 84, iter:0, total: 1.0720, seg: 0.4345, edge: 0.6375, rho: 0.50, gamma: 0.115, edge_pos_p: 0.783, edge_neg_p: 0.250, lr: 0.000824501555423355
2026-08-14 16:08:59 - train: epoch 84, iter:20, total: 1.2751, seg: 0.5061, edge: 0.7690, rho: 0.50, gamma: 0.115, edge_pos_p: 0.718, edge_neg_p: 0.231, lr: 0.000824501555423355
2026-08-14 16:09:21 - val epoch: 84, loss: 1.8777
2026-08-14 16:09:23 - train: epoch 85, iter:0, total: 1.2510, seg: 0.5177, edge: 0.7333, rho: 0.50, gamma: 0.116, edge_pos_p: 0.716, edge_neg_p: 0.246, lr: 0.0008205248749256009
2026-08-14 16:09:29 - train: epoch 85, iter:20, total: 1.1880, seg: 0.4964, edge: 0.6916, rho: 0.50, gamma: 0.116, edge_pos_p: 0.748, edge_neg_p: 0.247, lr: 0.0008205248749256009
2026-08-14 16:09:52 - val epoch: 85, loss: 1.9653
2026-08-14 16:09:53 - train: epoch 86, iter:0, total: 1.2260, seg: 0.5126, edge: 0.7134, rho: 0.50, gamma: 0.116, edge_pos_p: 0.759, edge_neg_p: 0.239, lr: 0.000816513593569669
2026-08-14 16:09:59 - train: epoch 86, iter:20, total: 1.5640, seg: 0.7166, edge: 0.8474, rho: 0.50, gamma: 0.116, edge_pos_p: 0.682, edge_neg_p: 0.235, lr: 0.000816513593569669
2026-08-14 16:10:21 - val epoch: 86, loss: 1.8391
2026-08-14 16:10:23 - train: epoch 87, iter:0, total: 1.2417, seg: 0.5552, edge: 0.6865, rho: 0.50, gamma: 0.116, edge_pos_p: 0.754, edge_neg_p: 0.218, lr: 0.0008124681512377632
2026-08-14 16:10:28 - train: epoch 87, iter:20, total: 1.4186, seg: 0.5747, edge: 0.8440, rho: 0.50, gamma: 0.116, edge_pos_p: 0.682, edge_neg_p: 0.240, lr: 0.0008124681512377632
2026-08-14 16:10:51 - val epoch: 87, loss: 1.7939
2026-08-14 16:10:53 - train: epoch 88, iter:0, total: 1.3505, seg: 0.5348, edge: 0.8157, rho: 0.50, gamma: 0.116, edge_pos_p: 0.741, edge_neg_p: 0.276, lr: 0.000808388991558223
2026-08-14 16:10:58 - train: epoch 88, iter:20, total: 1.1177, seg: 0.4761, edge: 0.6416, rho: 0.50, gamma: 0.116, edge_pos_p: 0.778, edge_neg_p: 0.248, lr: 0.000808388991558223
2026-08-14 16:11:21 - val epoch: 88, loss: 1.8941
2026-08-14 16:11:23 - train: epoch 89, iter:0, total: 1.1900, seg: 0.4232, edge: 0.7668, rho: 0.50, gamma: 0.116, edge_pos_p: 0.728, edge_neg_p: 0.216, lr: 0.0008042765618568752
2026-08-14 16:11:29 - train: epoch 89, iter:20, total: 1.2104, seg: 0.4582, edge: 0.7522, rho: 0.50, gamma: 0.117, edge_pos_p: 0.780, edge_neg_p: 0.292, lr: 0.0008042765618568752
2026-08-14 16:11:51 - val epoch: 89, loss: 1.8341
2026-08-14 16:11:53 - train: epoch 90, iter:0, total: 1.0861, seg: 0.4641, edge: 0.6220, rho: 0.50, gamma: 0.117, edge_pos_p: 0.796, edge_neg_p: 0.239, lr: 0.0008001313131079794
2026-08-14 16:11:59 - train: epoch 90, iter:20, total: 1.3372, seg: 0.5735, edge: 0.7637, rho: 0.50, gamma: 0.117, edge_pos_p: 0.712, edge_neg_p: 0.236, lr: 0.0008001313131079794
2026-08-14 16:12:25 - val epoch: 90, loss: 2.1331, miou: 0.7279071947923753, f1_or_dsc: 0.8425304287014562, accuracy: 0.9173569820895053,                 specificity: 0.920278976146291, sensitivity: 0.9082748242360832, confusion_matrix: [[36869594  3193903]
 [ 1182300 11707291]]
2026-08-14 16:12:27 - train: epoch 91, iter:0, total: 1.3204, seg: 0.6474, edge: 0.6730, rho: 0.50, gamma: 0.117, edge_pos_p: 0.768, edge_neg_p: 0.274, lr: 0.0007959536998847737
2026-08-14 16:12:32 - train: epoch 91, iter:20, total: 1.2146, seg: 0.5600, edge: 0.6546, rho: 0.50, gamma: 0.117, edge_pos_p: 0.790, edge_neg_p: 0.262, lr: 0.0007959536998847737
2026-08-14 16:12:55 - val epoch: 91, loss: 1.8444
2026-08-14 16:12:57 - train: epoch 92, iter:0, total: 1.1870, seg: 0.4353, edge: 0.7517, rho: 0.50, gamma: 0.117, edge_pos_p: 0.771, edge_neg_p: 0.286, lr: 0.0007917441803096255
2026-08-14 16:13:02 - train: epoch 92, iter:20, total: 1.2793, seg: 0.4846, edge: 0.7946, rho: 0.50, gamma: 0.117, edge_pos_p: 0.724, edge_neg_p: 0.229, lr: 0.0007917441803096255
2026-08-14 16:13:24 - val epoch: 92, loss: 1.8918
2026-08-14 16:13:26 - train: epoch 93, iter:0, total: 1.2786, seg: 0.5528, edge: 0.7259, rho: 0.50, gamma: 0.117, edge_pos_p: 0.793, edge_neg_p: 0.297, lr: 0.0007875032160037932
2026-08-14 16:13:31 - train: epoch 93, iter:20, total: 1.3119, seg: 0.5495, edge: 0.7624, rho: 0.50, gamma: 0.117, edge_pos_p: 0.732, edge_neg_p: 0.245, lr: 0.0007875032160037932
2026-08-14 16:13:54 - val epoch: 93, loss: 1.7982
2026-08-14 16:13:56 - train: epoch 94, iter:0, total: 1.2338, seg: 0.5011, edge: 0.7326, rho: 0.50, gamma: 0.118, edge_pos_p: 0.781, edge_neg_p: 0.307, lr: 0.0007832312720368042
2026-08-14 16:14:01 - train: epoch 94, iter:20, total: 1.3187, seg: 0.4372, edge: 0.8816, rho: 0.50, gamma: 0.117, edge_pos_p: 0.700, edge_neg_p: 0.248, lr: 0.0007832312720368042
2026-08-14 16:14:24 - val epoch: 94, loss: 1.8502
2026-08-14 16:14:26 - train: epoch 95, iter:0, total: 1.2409, seg: 0.4722, edge: 0.7687, rho: 0.50, gamma: 0.118, edge_pos_p: 0.743, edge_neg_p: 0.248, lr: 0.0007789288168754548
2026-08-14 16:14:31 - train: epoch 95, iter:20, total: 1.2679, seg: 0.5339, edge: 0.7339, rho: 0.50, gamma: 0.118, edge_pos_p: 0.734, edge_neg_p: 0.231, lr: 0.0007789288168754548
2026-08-14 16:14:53 - val epoch: 95, loss: 1.8436
2026-08-14 16:14:56 - train: epoch 96, iter:0, total: 1.2228, seg: 0.5302, edge: 0.6925, rho: 0.50, gamma: 0.118, edge_pos_p: 0.751, edge_neg_p: 0.241, lr: 0.0007745963223324379
2026-08-14 16:15:01 - train: epoch 96, iter:20, total: 1.3134, seg: 0.5070, edge: 0.8064, rho: 0.50, gamma: 0.118, edge_pos_p: 0.734, edge_neg_p: 0.243, lr: 0.0007745963223324379
2026-08-14 16:15:23 - val epoch: 96, loss: 1.8420
2026-08-14 16:15:25 - train: epoch 97, iter:0, total: 1.2352, seg: 0.5045, edge: 0.7307, rho: 0.50, gamma: 0.118, edge_pos_p: 0.729, edge_neg_p: 0.239, lr: 0.0007702342635146028
2026-08-14 16:15:31 - train: epoch 97, iter:20, total: 1.3425, seg: 0.5734, edge: 0.7691, rho: 0.50, gamma: 0.118, edge_pos_p: 0.766, edge_neg_p: 0.290, lr: 0.0007702342635146028
2026-08-14 16:15:53 - val epoch: 97, loss: 1.8071
2026-08-14 16:15:55 - train: epoch 98, iter:0, total: 1.1496, seg: 0.4286, edge: 0.7210, rho: 0.50, gamma: 0.118, edge_pos_p: 0.717, edge_neg_p: 0.224, lr: 0.000765843118770855
2026-08-14 16:16:00 - train: epoch 98, iter:20, total: 1.1789, seg: 0.4932, edge: 0.6856, rho: 0.50, gamma: 0.118, edge_pos_p: 0.807, edge_neg_p: 0.305, lr: 0.000765843118770855
2026-08-14 16:16:23 - val epoch: 98, loss: 1.8402
2026-08-14 16:16:25 - train: epoch 99, iter:0, total: 1.2708, seg: 0.5405, edge: 0.7303, rho: 0.50, gamma: 0.118, edge_pos_p: 0.766, edge_neg_p: 0.261, lr: 0.0007614233696396991
2026-08-14 16:16:30 - train: epoch 99, iter:20, total: 1.2763, seg: 0.4650, edge: 0.8113, rho: 0.50, gamma: 0.118, edge_pos_p: 0.727, edge_neg_p: 0.269, lr: 0.0007614233696396991
2026-08-14 16:16:53 - val epoch: 99, loss: 1.9181
2026-08-14 16:16:55 - train: epoch 100, iter:0, total: 1.1319, seg: 0.4581, edge: 0.6738, rho: 0.50, gamma: 0.118, edge_pos_p: 0.731, edge_neg_p: 0.205, lr: 0.0007569755007964334
2026-08-14 16:17:00 - train: epoch 100, iter:20, total: 1.3066, seg: 0.5401, edge: 0.7665, rho: 0.50, gamma: 0.119, edge_pos_p: 0.789, edge_neg_p: 0.302, lr: 0.0007569755007964334
2026-08-14 16:17:23 - val epoch: 100, loss: 2.1240
2026-08-14 16:17:25 - train: epoch 101, iter:0, total: 1.1667, seg: 0.5184, edge: 0.6483, rho: 0.50, gamma: 0.119, edge_pos_p: 0.720, edge_neg_p: 0.184, lr: 0.0007524999999999996
2026-08-14 16:17:30 - train: epoch 101, iter:20, total: 1.3503, seg: 0.6198, edge: 0.7306, rho: 0.50, gamma: 0.119, edge_pos_p: 0.710, edge_neg_p: 0.203, lr: 0.0007524999999999996
2026-08-14 16:17:53 - val epoch: 101, loss: 1.8533
2026-08-14 16:17:55 - train: epoch 102, iter:0, total: 1.3229, seg: 0.5668, edge: 0.7561, rho: 0.50, gamma: 0.119, edge_pos_p: 0.731, edge_neg_p: 0.249, lr: 0.0007479973580394943
2026-08-14 16:18:00 - train: epoch 102, iter:20, total: 1.1502, seg: 0.4407, edge: 0.7095, rho: 0.50, gamma: 0.119, edge_pos_p: 0.764, edge_neg_p: 0.257, lr: 0.0007479973580394943
2026-08-14 16:18:23 - val epoch: 102, loss: 1.9883
2026-08-14 16:18:25 - train: epoch 103, iter:0, total: 1.2733, seg: 0.5017, edge: 0.7716, rho: 0.50, gamma: 0.119, edge_pos_p: 0.729, edge_neg_p: 0.245, lr: 0.0007434680686803487
2026-08-14 16:18:30 - train: epoch 103, iter:20, total: 1.0571, seg: 0.4200, edge: 0.6371, rho: 0.50, gamma: 0.119, edge_pos_p: 0.805, edge_neg_p: 0.237, lr: 0.0007434680686803487
2026-08-14 16:18:52 - val epoch: 103, loss: 1.9802
2026-08-14 16:18:54 - train: epoch 104, iter:0, total: 1.0750, seg: 0.4528, edge: 0.6223, rho: 0.50, gamma: 0.119, edge_pos_p: 0.786, edge_neg_p: 0.238, lr: 0.0007389126286101815
2026-08-14 16:19:00 - train: epoch 104, iter:20, total: 1.2129, seg: 0.4770, edge: 0.7358, rho: 0.50, gamma: 0.119, edge_pos_p: 0.755, edge_neg_p: 0.256, lr: 0.0007389126286101815
2026-08-14 16:19:22 - val epoch: 104, loss: 1.8239
2026-08-14 16:19:24 - train: epoch 105, iter:0, total: 1.3043, seg: 0.5209, edge: 0.7833, rho: 0.50, gamma: 0.119, edge_pos_p: 0.752, edge_neg_p: 0.271, lr: 0.0007343315373843313
2026-08-14 16:19:30 - train: epoch 105, iter:20, total: 1.0205, seg: 0.4278, edge: 0.5927, rho: 0.50, gamma: 0.120, edge_pos_p: 0.765, edge_neg_p: 0.219, lr: 0.0007343315373843313
2026-08-14 16:19:52 - val epoch: 105, loss: 1.9751
2026-08-14 16:19:54 - train: epoch 106, iter:0, total: 1.3005, seg: 0.4702, edge: 0.8304, rho: 0.50, gamma: 0.120, edge_pos_p: 0.741, edge_neg_p: 0.256, lr: 0.0007297252973710753
2026-08-14 16:19:59 - train: epoch 106, iter:20, total: 1.2372, seg: 0.4391, edge: 0.7981, rho: 0.50, gamma: 0.120, edge_pos_p: 0.723, edge_neg_p: 0.231, lr: 0.0007297252973710753
2026-08-14 16:20:22 - val epoch: 106, loss: 1.7896
2026-08-14 16:20:24 - train: epoch 107, iter:0, total: 1.1868, seg: 0.4958, edge: 0.6910, rho: 0.50, gamma: 0.120, edge_pos_p: 0.792, edge_neg_p: 0.277, lr: 0.0007250944136965387
2026-08-14 16:20:29 - train: epoch 107, iter:20, total: 1.0547, seg: 0.4624, edge: 0.5923, rho: 0.50, gamma: 0.120, edge_pos_p: 0.794, edge_neg_p: 0.245, lr: 0.0007250944136965387
2026-08-14 16:20:51 - val epoch: 107, loss: 1.8446
2026-08-14 16:20:53 - train: epoch 108, iter:0, total: 1.0333, seg: 0.4016, edge: 0.6317, rho: 0.50, gamma: 0.120, edge_pos_p: 0.798, edge_neg_p: 0.272, lr: 0.0007204393941893019
2026-08-14 16:20:59 - train: epoch 108, iter:20, total: 1.2395, seg: 0.4591, edge: 0.7804, rho: 0.50, gamma: 0.120, edge_pos_p: 0.721, edge_neg_p: 0.213, lr: 0.0007204393941893019
2026-08-14 16:21:21 - val epoch: 108, loss: 1.9542
2026-08-14 16:21:23 - train: epoch 109, iter:0, total: 1.2361, seg: 0.4833, edge: 0.7528, rho: 0.50, gamma: 0.120, edge_pos_p: 0.726, edge_neg_p: 0.244, lr: 0.0007157607493247106
2026-08-14 16:21:29 - train: epoch 109, iter:20, total: 1.1942, seg: 0.4114, edge: 0.7828, rho: 0.50, gamma: 0.120, edge_pos_p: 0.758, edge_neg_p: 0.268, lr: 0.0007157607493247106
2026-08-14 16:21:51 - val epoch: 109, loss: 1.8192
2026-08-14 16:21:53 - train: epoch 110, iter:0, total: 1.3447, seg: 0.4839, edge: 0.8608, rho: 0.50, gamma: 0.120, edge_pos_p: 0.706, edge_neg_p: 0.242, lr: 0.0007110589921688983
2026-08-14 16:21:58 - train: epoch 110, iter:20, total: 1.2201, seg: 0.5250, edge: 0.6952, rho: 0.50, gamma: 0.120, edge_pos_p: 0.752, edge_neg_p: 0.231, lr: 0.0007110589921688983
2026-08-14 16:22:21 - val epoch: 110, loss: 1.8639
2026-08-14 16:22:23 - train: epoch 111, iter:0, total: 1.2438, seg: 0.4908, edge: 0.7530, rho: 0.50, gamma: 0.120, edge_pos_p: 0.713, edge_neg_p: 0.213, lr: 0.0007063346383225208
2026-08-14 16:22:28 - train: epoch 111, iter:20, total: 1.1262, seg: 0.4323, edge: 0.6939, rho: 0.50, gamma: 0.120, edge_pos_p: 0.777, edge_neg_p: 0.278, lr: 0.0007063346383225208
2026-08-14 16:22:50 - val epoch: 111, loss: 1.9246
2026-08-14 16:22:52 - train: epoch 112, iter:0, total: 1.3765, seg: 0.5051, edge: 0.8714, rho: 0.50, gamma: 0.120, edge_pos_p: 0.738, edge_neg_p: 0.283, lr: 0.0007015882058642161
2026-08-14 16:22:58 - train: epoch 112, iter:20, total: 1.0864, seg: 0.4681, edge: 0.6183, rho: 0.50, gamma: 0.121, edge_pos_p: 0.767, edge_neg_p: 0.225, lr: 0.0007015882058642161
2026-08-14 16:23:20 - val epoch: 112, loss: 1.8314
2026-08-14 16:23:22 - train: epoch 113, iter:0, total: 1.1980, seg: 0.4641, edge: 0.7339, rho: 0.50, gamma: 0.121, edge_pos_p: 0.776, edge_neg_p: 0.250, lr: 0.0006968202152937907
2026-08-14 16:23:27 - train: epoch 113, iter:20, total: 1.2558, seg: 0.5006, edge: 0.7552, rho: 0.50, gamma: 0.121, edge_pos_p: 0.731, edge_neg_p: 0.245, lr: 0.0006968202152937907
2026-08-14 16:23:50 - val epoch: 113, loss: 1.8622
2026-08-14 16:23:52 - train: epoch 114, iter:0, total: 1.1373, seg: 0.4346, edge: 0.7027, rho: 0.50, gamma: 0.121, edge_pos_p: 0.780, edge_neg_p: 0.263, lr: 0.000692031189475141
2026-08-14 16:23:58 - train: epoch 114, iter:20, total: 1.1631, seg: 0.4598, edge: 0.7034, rho: 0.50, gamma: 0.121, edge_pos_p: 0.777, edge_neg_p: 0.269, lr: 0.000692031189475141
2026-08-14 16:24:20 - val epoch: 114, loss: 1.9324
2026-08-14 16:24:22 - train: epoch 115, iter:0, total: 0.9577, seg: 0.3709, edge: 0.5869, rho: 0.50, gamma: 0.121, edge_pos_p: 0.760, edge_neg_p: 0.193, lr: 0.0006872216535789155
2026-08-14 16:24:28 - train: epoch 115, iter:20, total: 1.1200, seg: 0.4269, edge: 0.6931, rho: 0.50, gamma: 0.121, edge_pos_p: 0.757, edge_neg_p: 0.241, lr: 0.0006872216535789155
2026-08-14 16:24:50 - val epoch: 115, loss: 1.8756
2026-08-14 16:24:52 - train: epoch 116, iter:0, total: 1.0945, seg: 0.4220, edge: 0.6725, rho: 0.50, gamma: 0.121, edge_pos_p: 0.761, edge_neg_p: 0.239, lr: 0.0006823921350249233
2026-08-14 16:24:57 - train: epoch 116, iter:20, total: 1.0560, seg: 0.4196, edge: 0.6364, rho: 0.50, gamma: 0.121, edge_pos_p: 0.768, edge_neg_p: 0.226, lr: 0.0006823921350249233
2026-08-14 16:25:19 - val epoch: 116, loss: 1.8859
2026-08-14 16:25:22 - train: epoch 117, iter:0, total: 1.3092, seg: 0.5294, edge: 0.7798, rho: 0.50, gamma: 0.121, edge_pos_p: 0.730, edge_neg_p: 0.235, lr: 0.0006775431634242984
2026-08-14 16:25:27 - train: epoch 117, iter:20, total: 1.1747, seg: 0.5035, edge: 0.6712, rho: 0.50, gamma: 0.122, edge_pos_p: 0.762, edge_neg_p: 0.249, lr: 0.0006775431634242984
2026-08-14 16:25:49 - val epoch: 117, loss: 1.8792
2026-08-14 16:25:51 - train: epoch 118, iter:0, total: 1.2853, seg: 0.5547, edge: 0.7306, rho: 0.50, gamma: 0.122, edge_pos_p: 0.744, edge_neg_p: 0.273, lr: 0.0006726752705214191
2026-08-14 16:25:57 - train: epoch 118, iter:20, total: 1.1973, seg: 0.4473, edge: 0.7500, rho: 0.50, gamma: 0.122, edge_pos_p: 0.753, edge_neg_p: 0.250, lr: 0.0006726752705214191
2026-08-14 16:26:19 - val epoch: 118, loss: 1.8687
2026-08-14 16:26:20 - train: epoch 119, iter:0, total: 1.0508, seg: 0.4222, edge: 0.6286, rho: 0.50, gamma: 0.122, edge_pos_p: 0.782, edge_neg_p: 0.238, lr: 0.0006677889901355985
2026-08-14 16:26:26 - train: epoch 119, iter:20, total: 1.1478, seg: 0.4321, edge: 0.7157, rho: 0.50, gamma: 0.122, edge_pos_p: 0.774, edge_neg_p: 0.257, lr: 0.0006677889901355985
2026-08-14 16:26:48 - val epoch: 119, loss: 1.9901
2026-08-14 16:26:50 - train: epoch 120, iter:0, total: 1.1962, seg: 0.4664, edge: 0.7298, rho: 0.50, gamma: 0.122, edge_pos_p: 0.720, edge_neg_p: 0.215, lr: 0.0006628848581025445
2026-08-14 16:26:56 - train: epoch 120, iter:20, total: 1.3606, seg: 0.5964, edge: 0.7642, rho: 0.50, gamma: 0.122, edge_pos_p: 0.710, edge_neg_p: 0.226, lr: 0.0006628848581025445
2026-08-14 16:27:22 - val epoch: 120, loss: 1.9122, miou: 0.7764203957400184, f1_or_dsc: 0.8741403753322461, accuracy: 0.9376646929448194,                 specificity: 0.9532232296147288, sensitivity: 0.889305564466708, confusion_matrix: [[38189456  1874041]
 [ 1426806 11462785]]
2026-08-14 16:27:24 - train: epoch 121, iter:0, total: 1.1303, seg: 0.4426, edge: 0.6877, rho: 0.50, gamma: 0.122, edge_pos_p: 0.744, edge_neg_p: 0.231, lr: 0.0006579634122155989
2026-08-14 16:27:29 - train: epoch 121, iter:20, total: 1.2577, seg: 0.4399, edge: 0.8178, rho: 0.50, gamma: 0.122, edge_pos_p: 0.768, edge_neg_p: 0.290, lr: 0.0006579634122155989
2026-08-14 16:27:51 - val epoch: 121, loss: 1.8444
2026-08-14 16:27:53 - train: epoch 122, iter:0, total: 1.2460, seg: 0.4523, edge: 0.7938, rho: 0.50, gamma: 0.122, edge_pos_p: 0.729, edge_neg_p: 0.242, lr: 0.0006530251921667629
2026-08-14 16:27:59 - train: epoch 122, iter:20, total: 1.1298, seg: 0.4010, edge: 0.7288, rho: 0.50, gamma: 0.122, edge_pos_p: 0.730, edge_neg_p: 0.217, lr: 0.0006530251921667629
2026-08-14 16:28:21 - val epoch: 122, loss: 1.8530
2026-08-14 16:28:23 - train: epoch 123, iter:0, total: 1.1370, seg: 0.4373, edge: 0.6997, rho: 0.50, gamma: 0.122, edge_pos_p: 0.792, edge_neg_p: 0.276, lr: 0.0006480707394875134
2026-08-14 16:28:29 - train: epoch 123, iter:20, total: 1.1497, seg: 0.4208, edge: 0.7289, rho: 0.50, gamma: 0.122, edge_pos_p: 0.767, edge_neg_p: 0.270, lr: 0.0006480707394875134
2026-08-14 16:28:51 - val epoch: 123, loss: 1.8751
2026-08-14 16:28:53 - train: epoch 124, iter:0, total: 1.2676, seg: 0.5211, edge: 0.7465, rho: 0.50, gamma: 0.122, edge_pos_p: 0.756, edge_neg_p: 0.250, lr: 0.0006431005974894185
2026-08-14 16:28:58 - train: epoch 124, iter:20, total: 1.0577, seg: 0.4132, edge: 0.6445, rho: 0.50, gamma: 0.122, edge_pos_p: 0.787, edge_neg_p: 0.239, lr: 0.0006431005974894185
2026-08-14 16:29:20 - val epoch: 124, loss: 1.8961
2026-08-14 16:29:23 - train: epoch 125, iter:0, total: 1.0741, seg: 0.3934, edge: 0.6806, rho: 0.50, gamma: 0.123, edge_pos_p: 0.761, edge_neg_p: 0.210, lr: 0.0006381153112045565
2026-08-14 16:29:28 - train: epoch 125, iter:20, total: 1.2594, seg: 0.4720, edge: 0.7874, rho: 0.50, gamma: 0.122, edge_pos_p: 0.753, edge_neg_p: 0.271, lr: 0.0006381153112045565
2026-08-14 16:29:51 - val epoch: 125, loss: 1.8264
2026-08-14 16:29:53 - train: epoch 126, iter:0, total: 1.1401, seg: 0.4420, edge: 0.6982, rho: 0.50, gamma: 0.123, edge_pos_p: 0.764, edge_neg_p: 0.236, lr: 0.0006331154273257479
2026-08-14 16:29:58 - train: epoch 126, iter:20, total: 1.2612, seg: 0.4652, edge: 0.7960, rho: 0.50, gamma: 0.123, edge_pos_p: 0.756, edge_neg_p: 0.267, lr: 0.0006331154273257479
2026-08-14 16:30:20 - val epoch: 126, loss: 1.7833
2026-08-14 16:30:22 - train: epoch 127, iter:0, total: 1.1655, seg: 0.4383, edge: 0.7272, rho: 0.50, gamma: 0.123, edge_pos_p: 0.749, edge_neg_p: 0.258, lr: 0.000628101494146603
2026-08-14 16:30:28 - train: epoch 127, iter:20, total: 1.0442, seg: 0.4158, edge: 0.6284, rho: 0.50, gamma: 0.123, edge_pos_p: 0.767, edge_neg_p: 0.236, lr: 0.000628101494146603
2026-08-14 16:30:51 - val epoch: 127, loss: 1.8479
2026-08-14 16:30:53 - train: epoch 128, iter:0, total: 1.3404, seg: 0.5137, edge: 0.8267, rho: 0.50, gamma: 0.123, edge_pos_p: 0.760, edge_neg_p: 0.283, lr: 0.0006230740615013976
2026-08-14 16:30:58 - train: epoch 128, iter:20, total: 1.1081, seg: 0.4495, edge: 0.6586, rho: 0.50, gamma: 0.123, edge_pos_p: 0.774, edge_neg_p: 0.225, lr: 0.0006230740615013976
2026-08-14 16:31:21 - val epoch: 128, loss: 1.8917
2026-08-14 16:31:23 - train: epoch 129, iter:0, total: 1.3235, seg: 0.4894, edge: 0.8341, rho: 0.50, gamma: 0.123, edge_pos_p: 0.741, edge_neg_p: 0.272, lr: 0.0006180336807047746
2026-08-14 16:31:28 - train: epoch 129, iter:20, total: 1.2204, seg: 0.5187, edge: 0.7017, rho: 0.50, gamma: 0.123, edge_pos_p: 0.736, edge_neg_p: 0.204, lr: 0.0006180336807047746
2026-08-14 16:31:50 - val epoch: 129, loss: 1.9035
2026-08-14 16:31:52 - train: epoch 130, iter:0, total: 0.9782, seg: 0.3480, edge: 0.6302, rho: 0.50, gamma: 0.123, edge_pos_p: 0.796, edge_neg_p: 0.252, lr: 0.0006129809044912887
2026-08-14 16:31:57 - train: epoch 130, iter:20, total: 1.2591, seg: 0.4831, edge: 0.7759, rho: 0.50, gamma: 0.123, edge_pos_p: 0.728, edge_neg_p: 0.231, lr: 0.0006129809044912887
2026-08-14 16:32:20 - val epoch: 130, loss: 1.8764
2026-08-14 16:32:22 - train: epoch 131, iter:0, total: 0.9911, seg: 0.3863, edge: 0.6048, rho: 0.50, gamma: 0.123, edge_pos_p: 0.780, edge_neg_p: 0.213, lr: 0.0006079162869547909
2026-08-14 16:32:27 - train: epoch 131, iter:20, total: 1.1554, seg: 0.4159, edge: 0.7395, rho: 0.50, gamma: 0.123, edge_pos_p: 0.722, edge_neg_p: 0.219, lr: 0.0006079162869547909
2026-08-14 16:32:50 - val epoch: 131, loss: 1.8182
2026-08-14 16:32:52 - train: epoch 132, iter:0, total: 1.1580, seg: 0.4191, edge: 0.7389, rho: 0.50, gamma: 0.123, edge_pos_p: 0.742, edge_neg_p: 0.248, lr: 0.0006028403834876673
2026-08-14 16:32:57 - train: epoch 132, iter:20, total: 1.0597, seg: 0.3768, edge: 0.6829, rho: 0.50, gamma: 0.123, edge_pos_p: 0.783, edge_neg_p: 0.226, lr: 0.0006028403834876673
2026-08-14 16:33:20 - val epoch: 132, loss: 1.8938
2026-08-14 16:33:22 - train: epoch 133, iter:0, total: 1.0595, seg: 0.3687, edge: 0.6908, rho: 0.50, gamma: 0.123, edge_pos_p: 0.767, edge_neg_p: 0.234, lr: 0.0005977537507199337
2026-08-14 16:33:27 - train: epoch 133, iter:20, total: 1.1153, seg: 0.4463, edge: 0.6690, rho: 0.50, gamma: 0.123, edge_pos_p: 0.766, edge_neg_p: 0.234, lr: 0.0005977537507199337
2026-08-14 16:33:49 - val epoch: 133, loss: 1.8683
2026-08-14 16:33:52 - train: epoch 134, iter:0, total: 1.1086, seg: 0.4261, edge: 0.6825, rho: 0.50, gamma: 0.124, edge_pos_p: 0.743, edge_neg_p: 0.199, lr: 0.0005926569464581937
2026-08-14 16:33:57 - train: epoch 134, iter:20, total: 1.1849, seg: 0.4493, edge: 0.7356, rho: 0.50, gamma: 0.124, edge_pos_p: 0.793, edge_neg_p: 0.295, lr: 0.0005926569464581937
2026-08-14 16:34:19 - val epoch: 134, loss: 1.9275
2026-08-14 16:34:21 - train: epoch 135, iter:0, total: 1.0544, seg: 0.3708, edge: 0.6837, rho: 0.50, gamma: 0.124, edge_pos_p: 0.750, edge_neg_p: 0.217, lr: 0.0005875505296244705
2026-08-14 16:34:27 - train: epoch 135, iter:20, total: 0.9599, seg: 0.3724, edge: 0.5876, rho: 0.50, gamma: 0.124, edge_pos_p: 0.736, edge_neg_p: 0.174, lr: 0.0005875505296244705
2026-08-14 16:34:49 - val epoch: 135, loss: 1.9276
2026-08-14 16:34:51 - train: epoch 136, iter:0, total: 1.0059, seg: 0.3712, edge: 0.6347, rho: 0.50, gamma: 0.124, edge_pos_p: 0.762, edge_neg_p: 0.206, lr: 0.0005824350601949142
2026-08-14 16:34:57 - train: epoch 136, iter:20, total: 1.2195, seg: 0.4509, edge: 0.7686, rho: 0.50, gamma: 0.124, edge_pos_p: 0.763, edge_neg_p: 0.266, lr: 0.0005824350601949142
2026-08-14 16:35:19 - val epoch: 136, loss: 1.9539
2026-08-14 16:35:21 - train: epoch 137, iter:0, total: 1.2158, seg: 0.4274, edge: 0.7885, rho: 0.50, gamma: 0.124, edge_pos_p: 0.704, edge_neg_p: 0.206, lr: 0.0005773110991383937
2026-08-14 16:35:26 - train: epoch 137, iter:20, total: 0.9570, seg: 0.3868, edge: 0.5702, rho: 0.50, gamma: 0.124, edge_pos_p: 0.807, edge_neg_p: 0.225, lr: 0.0005773110991383937
2026-08-14 16:35:49 - val epoch: 137, loss: 1.8390
2026-08-14 16:35:51 - train: epoch 138, iter:0, total: 1.0229, seg: 0.3776, edge: 0.6454, rho: 0.50, gamma: 0.124, edge_pos_p: 0.756, edge_neg_p: 0.219, lr: 0.0005721792083549806
2026-08-14 16:35:56 - train: epoch 138, iter:20, total: 1.0861, seg: 0.3547, edge: 0.7314, rho: 0.50, gamma: 0.124, edge_pos_p: 0.745, edge_neg_p: 0.222, lr: 0.0005721792083549806
2026-08-14 16:36:18 - val epoch: 138, loss: 1.9243
2026-08-14 16:36:20 - train: epoch 139, iter:0, total: 1.2208, seg: 0.4644, edge: 0.7564, rho: 0.50, gamma: 0.124, edge_pos_p: 0.745, edge_neg_p: 0.268, lr: 0.0005670399506143306
2026-08-14 16:36:26 - train: epoch 139, iter:20, total: 1.1227, seg: 0.4106, edge: 0.7121, rho: 0.50, gamma: 0.124, edge_pos_p: 0.746, edge_neg_p: 0.233, lr: 0.0005670399506143306
2026-08-14 16:36:48 - val epoch: 139, loss: 1.9622
2026-08-14 16:36:50 - train: epoch 140, iter:0, total: 1.1206, seg: 0.4407, edge: 0.6799, rho: 0.50, gamma: 0.124, edge_pos_p: 0.767, edge_neg_p: 0.238, lr: 0.000561893889493969
2026-08-14 16:36:56 - train: epoch 140, iter:20, total: 1.1293, seg: 0.4169, edge: 0.7125, rho: 0.50, gamma: 0.124, edge_pos_p: 0.696, edge_neg_p: 0.200, lr: 0.000561893889493969
2026-08-14 16:37:18 - val epoch: 140, loss: 1.9282
2026-08-14 16:37:20 - train: epoch 141, iter:0, total: 1.1627, seg: 0.4511, edge: 0.7117, rho: 0.50, gamma: 0.124, edge_pos_p: 0.736, edge_neg_p: 0.217, lr: 0.0005567415893174885
2026-08-14 16:37:25 - train: epoch 141, iter:20, total: 1.0976, seg: 0.3830, edge: 0.7147, rho: 0.50, gamma: 0.124, edge_pos_p: 0.768, edge_neg_p: 0.238, lr: 0.0005567415893174885
2026-08-14 16:37:47 - val epoch: 141, loss: 1.8609
2026-08-14 16:37:49 - train: epoch 142, iter:0, total: 1.2131, seg: 0.4222, edge: 0.7909, rho: 0.50, gamma: 0.125, edge_pos_p: 0.737, edge_neg_p: 0.228, lr: 0.0005515836150926646
2026-08-14 16:37:54 - train: epoch 142, iter:20, total: 1.0535, seg: 0.3535, edge: 0.7000, rho: 0.50, gamma: 0.125, edge_pos_p: 0.768, edge_neg_p: 0.245, lr: 0.0005515836150926646
2026-08-14 16:38:17 - val epoch: 142, loss: 1.9643
2026-08-14 16:38:19 - train: epoch 143, iter:0, total: 1.0858, seg: 0.4066, edge: 0.6792, rho: 0.50, gamma: 0.125, edge_pos_p: 0.783, edge_neg_p: 0.251, lr: 0.0005464205324494961
2026-08-14 16:38:24 - train: epoch 143, iter:20, total: 1.2850, seg: 0.4243, edge: 0.8607, rho: 0.50, gamma: 0.125, edge_pos_p: 0.723, edge_neg_p: 0.245, lr: 0.0005464205324494961
2026-08-14 16:38:47 - val epoch: 143, loss: 1.8509
2026-08-14 16:38:49 - train: epoch 144, iter:0, total: 1.0901, seg: 0.4093, edge: 0.6808, rho: 0.50, gamma: 0.125, edge_pos_p: 0.757, edge_neg_p: 0.235, lr: 0.0005412529075781776
2026-08-14 16:38:54 - train: epoch 144, iter:20, total: 1.2587, seg: 0.4430, edge: 0.8157, rho: 0.50, gamma: 0.125, edge_pos_p: 0.740, edge_neg_p: 0.261, lr: 0.0005412529075781776
2026-08-14 16:39:17 - val epoch: 144, loss: 1.8572
2026-08-14 16:39:20 - train: epoch 145, iter:0, total: 1.2782, seg: 0.4852, edge: 0.7930, rho: 0.50, gamma: 0.125, edge_pos_p: 0.757, edge_neg_p: 0.257, lr: 0.0005360813071670101
2026-08-14 16:39:25 - train: epoch 145, iter:20, total: 1.2777, seg: 0.4200, edge: 0.8576, rho: 0.50, gamma: 0.125, edge_pos_p: 0.725, edge_neg_p: 0.225, lr: 0.0005360813071670101
2026-08-14 16:39:47 - val epoch: 145, loss: 1.9390
2026-08-14 16:39:49 - train: epoch 146, iter:0, total: 1.1348, seg: 0.4182, edge: 0.7165, rho: 0.50, gamma: 0.125, edge_pos_p: 0.767, edge_neg_p: 0.270, lr: 0.0005309062983402573
2026-08-14 16:39:55 - train: epoch 146, iter:20, total: 1.1217, seg: 0.4174, edge: 0.7043, rho: 0.50, gamma: 0.125, edge_pos_p: 0.773, edge_neg_p: 0.242, lr: 0.0005309062983402573
2026-08-14 16:40:17 - val epoch: 146, loss: 1.8775
2026-08-14 16:40:19 - train: epoch 147, iter:0, total: 1.0721, seg: 0.4089, edge: 0.6632, rho: 0.50, gamma: 0.125, edge_pos_p: 0.777, edge_neg_p: 0.239, lr: 0.0005257284485959538
2026-08-14 16:40:24 - train: epoch 147, iter:20, total: 1.1624, seg: 0.4204, edge: 0.7420, rho: 0.50, gamma: 0.125, edge_pos_p: 0.756, edge_neg_p: 0.252, lr: 0.0005257284485959538
2026-08-14 16:40:46 - val epoch: 147, loss: 1.8767
2026-08-14 16:40:48 - train: epoch 148, iter:0, total: 1.2391, seg: 0.4741, edge: 0.7649, rho: 0.50, gamma: 0.125, edge_pos_p: 0.727, edge_neg_p: 0.244, lr: 0.0005205483257436734
2026-08-14 16:40:54 - train: epoch 148, iter:20, total: 1.0461, seg: 0.3942, edge: 0.6520, rho: 0.50, gamma: 0.125, edge_pos_p: 0.772, edge_neg_p: 0.245, lr: 0.0005205483257436734
2026-08-14 16:41:16 - val epoch: 148, loss: 1.8766
2026-08-14 16:41:18 - train: epoch 149, iter:0, total: 1.1944, seg: 0.4082, edge: 0.7863, rho: 0.50, gamma: 0.125, edge_pos_p: 0.733, edge_neg_p: 0.234, lr: 0.0005153664978422616
2026-08-14 16:41:24 - train: epoch 149, iter:20, total: 1.2423, seg: 0.4601, edge: 0.7822, rho: 0.50, gamma: 0.126, edge_pos_p: 0.783, edge_neg_p: 0.301, lr: 0.0005153664978422616
2026-08-14 16:41:46 - val epoch: 149, loss: 1.8490
2026-08-14 16:41:48 - train: epoch 150, iter:0, total: 1.0530, seg: 0.3814, edge: 0.6716, rho: 0.50, gamma: 0.126, edge_pos_p: 0.778, edge_neg_p: 0.235, lr: 0.0005101835331375416
2026-08-14 16:41:53 - train: epoch 150, iter:20, total: 1.1949, seg: 0.4267, edge: 0.7682, rho: 0.50, gamma: 0.126, edge_pos_p: 0.761, edge_neg_p: 0.294, lr: 0.0005101835331375416
2026-08-14 16:42:19 - val epoch: 150, loss: 1.8856, miou: 0.7767355941433789, f1_or_dsc: 0.8743401063205107, accuracy: 0.937707504423538,                 specificity: 0.9529564281420566, sensitivity: 0.8903107166084634, confusion_matrix: [[38178767  1884730]
 [ 1413850 11475741]]
2026-08-14 16:42:21 - train: epoch 151, iter:0, total: 1.2033, seg: 0.3948, edge: 0.8085, rho: 0.50, gamma: 0.126, edge_pos_p: 0.717, edge_neg_p: 0.230, lr: 0.0005049999999999999
2026-08-14 16:42:27 - train: epoch 151, iter:20, total: 1.1304, seg: 0.4000, edge: 0.7305, rho: 0.50, gamma: 0.126, edge_pos_p: 0.763, edge_neg_p: 0.232, lr: 0.0005049999999999999
2026-08-14 16:42:49 - val epoch: 151, loss: 1.8672
2026-08-14 16:42:51 - train: epoch 152, iter:0, total: 0.9689, seg: 0.3446, edge: 0.6244, rho: 0.50, gamma: 0.126, edge_pos_p: 0.808, edge_neg_p: 0.243, lr: 0.0004998164668624582
2026-08-14 16:42:56 - train: epoch 152, iter:20, total: 1.1045, seg: 0.3947, edge: 0.7098, rho: 0.50, gamma: 0.126, edge_pos_p: 0.783, edge_neg_p: 0.253, lr: 0.0004998164668624582
2026-08-14 16:43:19 - val epoch: 152, loss: 1.9694
2026-08-14 16:43:21 - train: epoch 153, iter:0, total: 1.0528, seg: 0.3836, edge: 0.6693, rho: 0.50, gamma: 0.126, edge_pos_p: 0.781, edge_neg_p: 0.243, lr: 0.0004946335021577383
2026-08-14 16:43:27 - train: epoch 153, iter:20, total: 1.1094, seg: 0.4328, edge: 0.6766, rho: 0.50, gamma: 0.126, edge_pos_p: 0.738, edge_neg_p: 0.234, lr: 0.0004946335021577383
2026-08-14 16:43:49 - val epoch: 153, loss: 1.9466
2026-08-14 16:43:51 - train: epoch 154, iter:0, total: 1.1063, seg: 0.4320, edge: 0.6743, rho: 0.50, gamma: 0.126, edge_pos_p: 0.778, edge_neg_p: 0.230, lr: 0.0004894516742563263
2026-08-14 16:43:57 - train: epoch 154, iter:20, total: 1.1224, seg: 0.3947, edge: 0.7276, rho: 0.50, gamma: 0.126, edge_pos_p: 0.785, edge_neg_p: 0.291, lr: 0.0004894516742563263
2026-08-14 16:44:19 - val epoch: 154, loss: 1.8985
2026-08-14 16:44:21 - train: epoch 155, iter:0, total: 1.2211, seg: 0.4144, edge: 0.8067, rho: 0.50, gamma: 0.126, edge_pos_p: 0.725, edge_neg_p: 0.252, lr: 0.000484271551404046
2026-08-14 16:44:27 - train: epoch 155, iter:20, total: 1.0091, seg: 0.3232, edge: 0.6858, rho: 0.50, gamma: 0.126, edge_pos_p: 0.761, edge_neg_p: 0.233, lr: 0.000484271551404046
2026-08-14 16:44:50 - val epoch: 155, loss: 1.8706
2026-08-14 16:44:52 - train: epoch 156, iter:0, total: 1.1417, seg: 0.4145, edge: 0.7272, rho: 0.50, gamma: 0.126, edge_pos_p: 0.761, edge_neg_p: 0.250, lr: 0.0004790937016597426
2026-08-14 16:44:57 - train: epoch 156, iter:20, total: 1.0314, seg: 0.3743, edge: 0.6571, rho: 0.50, gamma: 0.126, edge_pos_p: 0.781, edge_neg_p: 0.224, lr: 0.0004790937016597426
2026-08-14 16:45:20 - val epoch: 156, loss: 1.8821
2026-08-14 16:45:22 - train: epoch 157, iter:0, total: 1.0691, seg: 0.3607, edge: 0.7084, rho: 0.50, gamma: 0.127, edge_pos_p: 0.750, edge_neg_p: 0.217, lr: 0.0004739186928329898
2026-08-14 16:45:27 - train: epoch 157, iter:20, total: 1.1422, seg: 0.3869, edge: 0.7553, rho: 0.50, gamma: 0.127, edge_pos_p: 0.777, edge_neg_p: 0.289, lr: 0.0004739186928329898
2026-08-14 16:45:49 - val epoch: 157, loss: 1.9054
2026-08-14 16:45:51 - train: epoch 158, iter:0, total: 1.1697, seg: 0.4128, edge: 0.7569, rho: 0.50, gamma: 0.127, edge_pos_p: 0.764, edge_neg_p: 0.270, lr: 0.0004687470924218222
2026-08-14 16:45:57 - train: epoch 158, iter:20, total: 1.2065, seg: 0.4246, edge: 0.7819, rho: 0.50, gamma: 0.127, edge_pos_p: 0.728, edge_neg_p: 0.240, lr: 0.0004687470924218222
2026-08-14 16:46:19 - val epoch: 158, loss: 1.9103
2026-08-14 16:46:21 - train: epoch 159, iter:0, total: 1.0390, seg: 0.3258, edge: 0.7132, rho: 0.50, gamma: 0.127, edge_pos_p: 0.739, edge_neg_p: 0.228, lr: 0.00046357946755050356
2026-08-14 16:46:27 - train: epoch 159, iter:20, total: 1.1115, seg: 0.4037, edge: 0.7079, rho: 0.50, gamma: 0.127, edge_pos_p: 0.769, edge_neg_p: 0.250, lr: 0.00046357946755050356
2026-08-14 16:46:49 - val epoch: 159, loss: 1.9011
2026-08-14 16:46:51 - train: epoch 160, iter:0, total: 1.0341, seg: 0.3729, edge: 0.6612, rho: 0.50, gamma: 0.127, edge_pos_p: 0.764, edge_neg_p: 0.216, lr: 0.00045841638490733513
2026-08-14 16:46:56 - train: epoch 160, iter:20, total: 1.2410, seg: 0.3982, edge: 0.8428, rho: 0.50, gamma: 0.127, edge_pos_p: 0.715, edge_neg_p: 0.237, lr: 0.00045841638490733513
2026-08-14 16:47:18 - val epoch: 160, loss: 1.8860
2026-08-14 16:47:20 - train: epoch 161, iter:0, total: 1.1235, seg: 0.3985, edge: 0.7250, rho: 0.50, gamma: 0.127, edge_pos_p: 0.776, edge_neg_p: 0.264, lr: 0.00045325841068251133
2026-08-14 16:47:25 - train: epoch 161, iter:20, total: 1.0133, seg: 0.3534, edge: 0.6599, rho: 0.50, gamma: 0.127, edge_pos_p: 0.754, edge_neg_p: 0.209, lr: 0.00045325841068251133
2026-08-14 16:47:48 - val epoch: 161, loss: 1.8703
2026-08-14 16:47:50 - train: epoch 162, iter:0, total: 1.1061, seg: 0.3727, edge: 0.7334, rho: 0.50, gamma: 0.127, edge_pos_p: 0.759, edge_neg_p: 0.260, lr: 0.0004481061105060308
2026-08-14 16:47:55 - train: epoch 162, iter:20, total: 1.0068, seg: 0.3270, edge: 0.6799, rho: 0.50, gamma: 0.127, edge_pos_p: 0.802, edge_neg_p: 0.268, lr: 0.0004481061105060308
2026-08-14 16:48:18 - val epoch: 162, loss: 1.8978
2026-08-14 16:48:20 - train: epoch 163, iter:0, total: 1.0004, seg: 0.3407, edge: 0.6598, rho: 0.50, gamma: 0.127, edge_pos_p: 0.792, edge_neg_p: 0.253, lr: 0.0004429600493856691
2026-08-14 16:48:25 - train: epoch 163, iter:20, total: 1.2403, seg: 0.4109, edge: 0.8294, rho: 0.50, gamma: 0.127, edge_pos_p: 0.703, edge_neg_p: 0.222, lr: 0.0004429600493856691
2026-08-14 16:48:47 - val epoch: 163, loss: 1.9464
2026-08-14 16:48:49 - train: epoch 164, iter:0, total: 1.1271, seg: 0.3765, edge: 0.7506, rho: 0.50, gamma: 0.127, edge_pos_p: 0.756, edge_neg_p: 0.233, lr: 0.000437820791645019
2026-08-14 16:48:55 - train: epoch 164, iter:20, total: 1.0743, seg: 0.3737, edge: 0.7006, rho: 0.50, gamma: 0.127, edge_pos_p: 0.745, edge_neg_p: 0.237, lr: 0.000437820791645019
2026-08-14 16:49:17 - val epoch: 164, loss: 1.9652
2026-08-14 16:49:19 - train: epoch 165, iter:0, total: 0.9764, seg: 0.3408, edge: 0.6356, rho: 0.50, gamma: 0.127, edge_pos_p: 0.784, edge_neg_p: 0.219, lr: 0.00043268890086160604
2026-08-14 16:49:24 - train: epoch 165, iter:20, total: 1.1170, seg: 0.3683, edge: 0.7487, rho: 0.50, gamma: 0.127, edge_pos_p: 0.793, edge_neg_p: 0.268, lr: 0.00043268890086160604
2026-08-14 16:49:47 - val epoch: 165, loss: 1.8852
2026-08-14 16:49:48 - train: epoch 166, iter:0, total: 1.0896, seg: 0.3678, edge: 0.7219, rho: 0.50, gamma: 0.127, edge_pos_p: 0.718, edge_neg_p: 0.224, lr: 0.0004275649398050855
2026-08-14 16:49:54 - train: epoch 166, iter:20, total: 0.9857, seg: 0.3358, edge: 0.6499, rho: 0.50, gamma: 0.128, edge_pos_p: 0.764, edge_neg_p: 0.215, lr: 0.0004275649398050855
2026-08-14 16:50:16 - val epoch: 166, loss: 1.8827
2026-08-14 16:50:18 - train: epoch 167, iter:0, total: 1.0585, seg: 0.3674, edge: 0.6911, rho: 0.50, gamma: 0.128, edge_pos_p: 0.773, edge_neg_p: 0.253, lr: 0.0004224494703755289
2026-08-14 16:50:24 - train: epoch 167, iter:20, total: 1.0517, seg: 0.3513, edge: 0.7004, rho: 0.50, gamma: 0.127, edge_pos_p: 0.766, edge_neg_p: 0.244, lr: 0.0004224494703755289
2026-08-14 16:50:46 - val epoch: 167, loss: 1.9254
2026-08-14 16:50:48 - train: epoch 168, iter:0, total: 1.0580, seg: 0.3590, edge: 0.6989, rho: 0.50, gamma: 0.128, edge_pos_p: 0.735, edge_neg_p: 0.230, lr: 0.00041734305354180595
2026-08-14 16:50:53 - train: epoch 168, iter:20, total: 1.0659, seg: 0.3616, edge: 0.7043, rho: 0.50, gamma: 0.128, edge_pos_p: 0.769, edge_neg_p: 0.246, lr: 0.00041734305354180595
2026-08-14 16:51:16 - val epoch: 168, loss: 1.9194
2026-08-14 16:51:18 - train: epoch 169, iter:0, total: 0.8284, seg: 0.3195, edge: 0.5089, rho: 0.50, gamma: 0.128, edge_pos_p: 0.805, edge_neg_p: 0.204, lr: 0.000412246249280066
2026-08-14 16:51:23 - train: epoch 169, iter:20, total: 1.0685, seg: 0.3435, edge: 0.7249, rho: 0.50, gamma: 0.128, edge_pos_p: 0.751, edge_neg_p: 0.230, lr: 0.000412246249280066
2026-08-14 16:51:45 - val epoch: 169, loss: 1.9151
2026-08-14 16:51:47 - train: epoch 170, iter:0, total: 1.1374, seg: 0.3779, edge: 0.7595, rho: 0.50, gamma: 0.128, edge_pos_p: 0.763, edge_neg_p: 0.244, lr: 0.0004071596165123322
2026-08-14 16:51:52 - train: epoch 170, iter:20, total: 1.0407, seg: 0.3749, edge: 0.6658, rho: 0.50, gamma: 0.128, edge_pos_p: 0.792, edge_neg_p: 0.257, lr: 0.0004071596165123322
2026-08-14 16:52:15 - val epoch: 170, loss: 1.9026
2026-08-14 16:52:16 - train: epoch 171, iter:0, total: 1.1660, seg: 0.3930, edge: 0.7730, rho: 0.50, gamma: 0.128, edge_pos_p: 0.771, edge_neg_p: 0.296, lr: 0.0004020837130452088
2026-08-14 16:52:22 - train: epoch 171, iter:20, total: 1.0805, seg: 0.3335, edge: 0.7470, rho: 0.50, gamma: 0.128, edge_pos_p: 0.764, edge_neg_p: 0.251, lr: 0.0004020837130452088
2026-08-14 16:52:44 - val epoch: 171, loss: 1.8962
2026-08-14 16:52:46 - train: epoch 172, iter:0, total: 1.1413, seg: 0.3532, edge: 0.7881, rho: 0.50, gamma: 0.128, edge_pos_p: 0.765, edge_neg_p: 0.265, lr: 0.00039701909550871116
2026-08-14 16:52:52 - train: epoch 172, iter:20, total: 1.0750, seg: 0.3577, edge: 0.7174, rho: 0.50, gamma: 0.128, edge_pos_p: 0.783, edge_neg_p: 0.254, lr: 0.00039701909550871116
2026-08-14 16:53:14 - val epoch: 172, loss: 1.8975
2026-08-14 16:53:16 - train: epoch 173, iter:0, total: 1.0243, seg: 0.3576, edge: 0.6667, rho: 0.50, gamma: 0.128, edge_pos_p: 0.776, edge_neg_p: 0.246, lr: 0.0003919663192952252
2026-08-14 16:53:22 - train: epoch 173, iter:20, total: 0.8806, seg: 0.3070, edge: 0.5735, rho: 0.50, gamma: 0.128, edge_pos_p: 0.794, edge_neg_p: 0.215, lr: 0.0003919663192952252
2026-08-14 16:53:44 - val epoch: 173, loss: 1.9206
2026-08-14 16:53:46 - train: epoch 174, iter:0, total: 0.9951, seg: 0.3642, edge: 0.6309, rho: 0.50, gamma: 0.128, edge_pos_p: 0.786, edge_neg_p: 0.243, lr: 0.0003869259384986023
2026-08-14 16:53:51 - train: epoch 174, iter:20, total: 1.0702, seg: 0.3818, edge: 0.6884, rho: 0.50, gamma: 0.128, edge_pos_p: 0.757, edge_neg_p: 0.218, lr: 0.0003869259384986023
2026-08-14 16:54:14 - val epoch: 174, loss: 1.8807
2026-08-14 16:54:16 - train: epoch 175, iter:0, total: 1.0342, seg: 0.3251, edge: 0.7091, rho: 0.50, gamma: 0.128, edge_pos_p: 0.773, edge_neg_p: 0.257, lr: 0.0003818985058533967
2026-08-14 16:54:21 - train: epoch 175, iter:20, total: 0.9110, seg: 0.3310, edge: 0.5800, rho: 0.50, gamma: 0.128, edge_pos_p: 0.798, edge_neg_p: 0.228, lr: 0.0003818985058533967
2026-08-14 16:54:44 - val epoch: 175, loss: 1.9181
2026-08-14 16:54:45 - train: epoch 176, iter:0, total: 1.0041, seg: 0.3673, edge: 0.6368, rho: 0.50, gamma: 0.128, edge_pos_p: 0.799, edge_neg_p: 0.229, lr: 0.00037688457267425206
2026-08-14 16:54:51 - train: epoch 176, iter:20, total: 1.1991, seg: 0.3761, edge: 0.8230, rho: 0.50, gamma: 0.128, edge_pos_p: 0.718, edge_neg_p: 0.249, lr: 0.00037688457267425206
2026-08-14 16:55:13 - val epoch: 176, loss: 1.9086
2026-08-14 16:55:14 - train: epoch 177, iter:0, total: 1.0144, seg: 0.3516, edge: 0.6628, rho: 0.50, gamma: 0.128, edge_pos_p: 0.764, edge_neg_p: 0.214, lr: 0.0003718846887954434
2026-08-14 16:55:20 - train: epoch 177, iter:20, total: 1.0260, seg: 0.3420, edge: 0.6839, rho: 0.50, gamma: 0.129, edge_pos_p: 0.768, edge_neg_p: 0.224, lr: 0.0003718846887954434
2026-08-14 16:55:42 - val epoch: 177, loss: 1.9976
2026-08-14 16:55:44 - train: epoch 178, iter:0, total: 1.0823, seg: 0.3778, edge: 0.7045, rho: 0.50, gamma: 0.128, edge_pos_p: 0.744, edge_neg_p: 0.222, lr: 0.0003668994025105812
2026-08-14 16:55:49 - train: epoch 178, iter:20, total: 1.0116, seg: 0.3286, edge: 0.6831, rho: 0.50, gamma: 0.128, edge_pos_p: 0.776, edge_neg_p: 0.234, lr: 0.0003668994025105812
2026-08-14 16:56:11 - val epoch: 178, loss: 1.8861
2026-08-14 16:56:13 - train: epoch 179, iter:0, total: 1.0845, seg: 0.3810, edge: 0.7036, rho: 0.50, gamma: 0.128, edge_pos_p: 0.756, edge_neg_p: 0.233, lr: 0.0003619292605124862
2026-08-14 16:56:19 - train: epoch 179, iter:20, total: 1.1837, seg: 0.3969, edge: 0.7867, rho: 0.50, gamma: 0.129, edge_pos_p: 0.724, edge_neg_p: 0.240, lr: 0.0003619292605124862
2026-08-14 16:56:41 - val epoch: 179, loss: 1.9005
2026-08-14 16:56:43 - train: epoch 180, iter:0, total: 1.0616, seg: 0.4013, edge: 0.6603, rho: 0.50, gamma: 0.128, edge_pos_p: 0.786, edge_neg_p: 0.259, lr: 0.00035697480783323686
2026-08-14 16:56:48 - train: epoch 180, iter:20, total: 1.0920, seg: 0.3598, edge: 0.7322, rho: 0.50, gamma: 0.129, edge_pos_p: 0.756, edge_neg_p: 0.245, lr: 0.00035697480783323686
2026-08-14 16:57:14 - val epoch: 180, loss: 1.9946, miou: 0.7726140474246896, f1_or_dsc: 0.8717228079594292, accuracy: 0.9381111069480972,                 specificity: 0.961986743194185, sensitivity: 0.8639007242355479, confusion_matrix: [[38540553  1522944]
 [ 1754264 11135327]]
2026-08-14 16:57:16 - train: epoch 181, iter:0, total: 0.9686, seg: 0.3470, edge: 0.6216, rho: 0.50, gamma: 0.129, edge_pos_p: 0.766, edge_neg_p: 0.220, lr: 0.00035203658778440076
2026-08-14 16:57:22 - train: epoch 181, iter:20, total: 1.0739, seg: 0.3792, edge: 0.6947, rho: 0.50, gamma: 0.129, edge_pos_p: 0.757, edge_neg_p: 0.231, lr: 0.00035203658778440076
2026-08-14 16:57:44 - val epoch: 181, loss: 1.9033
2026-08-14 16:57:45 - train: epoch 182, iter:0, total: 1.0097, seg: 0.3434, edge: 0.6663, rho: 0.50, gamma: 0.129, edge_pos_p: 0.787, edge_neg_p: 0.245, lr: 0.00034711514189745505
2026-08-14 16:57:51 - train: epoch 182, iter:20, total: 1.0252, seg: 0.3308, edge: 0.6944, rho: 0.50, gamma: 0.129, edge_pos_p: 0.769, edge_neg_p: 0.229, lr: 0.00034711514189745505
2026-08-14 16:58:13 - val epoch: 182, loss: 1.9718
2026-08-14 16:58:15 - train: epoch 183, iter:0, total: 0.9513, seg: 0.3179, edge: 0.6335, rho: 0.50, gamma: 0.129, edge_pos_p: 0.788, edge_neg_p: 0.232, lr: 0.00034221100986440094
2026-08-14 16:58:20 - train: epoch 183, iter:20, total: 1.0558, seg: 0.3472, edge: 0.7086, rho: 0.50, gamma: 0.129, edge_pos_p: 0.765, edge_neg_p: 0.235, lr: 0.00034221100986440094
2026-08-14 16:58:42 - val epoch: 183, loss: 1.9306
2026-08-14 16:58:44 - train: epoch 184, iter:0, total: 1.1618, seg: 0.4178, edge: 0.7441, rho: 0.50, gamma: 0.129, edge_pos_p: 0.770, edge_neg_p: 0.259, lr: 0.0003373247294785804
2026-08-14 16:58:49 - train: epoch 184, iter:20, total: 1.0191, seg: 0.3077, edge: 0.7114, rho: 0.50, gamma: 0.129, edge_pos_p: 0.770, edge_neg_p: 0.232, lr: 0.0003373247294785804
2026-08-14 16:59:12 - val epoch: 184, loss: 1.9446
2026-08-14 16:59:13 - train: epoch 185, iter:0, total: 1.0771, seg: 0.3701, edge: 0.7070, rho: 0.50, gamma: 0.129, edge_pos_p: 0.753, edge_neg_p: 0.237, lr: 0.0003324568365757012
2026-08-14 16:59:19 - train: epoch 185, iter:20, total: 0.9928, seg: 0.3312, edge: 0.6616, rho: 0.50, gamma: 0.129, edge_pos_p: 0.772, edge_neg_p: 0.220, lr: 0.0003324568365757012
2026-08-14 16:59:41 - val epoch: 185, loss: 1.9375
2026-08-14 16:59:43 - train: epoch 186, iter:0, total: 0.9927, seg: 0.3379, edge: 0.6547, rho: 0.50, gamma: 0.129, edge_pos_p: 0.782, edge_neg_p: 0.252, lr: 0.0003276078649750761
2026-08-14 16:59:48 - train: epoch 186, iter:20, total: 0.9716, seg: 0.3367, edge: 0.6348, rho: 0.50, gamma: 0.129, edge_pos_p: 0.807, edge_neg_p: 0.239, lr: 0.0003276078649750761
2026-08-14 17:00:11 - val epoch: 186, loss: 1.9016
2026-08-14 17:00:13 - train: epoch 187, iter:0, total: 1.0179, seg: 0.3636, edge: 0.6542, rho: 0.50, gamma: 0.129, edge_pos_p: 0.787, edge_neg_p: 0.243, lr: 0.00032277834642108417
2026-08-14 17:00:19 - train: epoch 187, iter:20, total: 1.0274, seg: 0.3333, edge: 0.6941, rho: 0.50, gamma: 0.129, edge_pos_p: 0.771, edge_neg_p: 0.233, lr: 0.00032277834642108417
2026-08-14 17:00:42 - val epoch: 187, loss: 1.9154
2026-08-14 17:00:44 - train: epoch 188, iter:0, total: 1.0208, seg: 0.3206, edge: 0.7002, rho: 0.50, gamma: 0.129, edge_pos_p: 0.760, edge_neg_p: 0.227, lr: 0.00031796881052485835
2026-08-14 17:00:49 - train: epoch 188, iter:20, total: 0.9620, seg: 0.3061, edge: 0.6559, rho: 0.50, gamma: 0.129, edge_pos_p: 0.758, edge_neg_p: 0.198, lr: 0.00031796881052485835
2026-08-14 17:01:11 - val epoch: 188, loss: 1.9112
2026-08-14 17:01:13 - train: epoch 189, iter:0, total: 1.0534, seg: 0.3492, edge: 0.7042, rho: 0.50, gamma: 0.129, edge_pos_p: 0.788, edge_neg_p: 0.247, lr: 0.00031317978470620867
2026-08-14 17:01:19 - train: epoch 189, iter:20, total: 1.1838, seg: 0.3816, edge: 0.8022, rho: 0.50, gamma: 0.129, edge_pos_p: 0.758, edge_neg_p: 0.259, lr: 0.00031317978470620867
2026-08-14 17:01:42 - val epoch: 189, loss: 1.9565
2026-08-14 17:01:43 - train: epoch 190, iter:0, total: 1.0654, seg: 0.3587, edge: 0.7067, rho: 0.50, gamma: 0.129, edge_pos_p: 0.749, edge_neg_p: 0.234, lr: 0.00030841179413578315
2026-08-14 17:01:49 - train: epoch 190, iter:20, total: 0.9513, seg: 0.3238, edge: 0.6275, rho: 0.50, gamma: 0.129, edge_pos_p: 0.783, edge_neg_p: 0.227, lr: 0.00030841179413578315
2026-08-14 17:02:12 - val epoch: 190, loss: 1.9618
2026-08-14 17:02:13 - train: epoch 191, iter:0, total: 0.9946, seg: 0.3610, edge: 0.6336, rho: 0.50, gamma: 0.130, edge_pos_p: 0.773, edge_neg_p: 0.222, lr: 0.0003036653616774785
2026-08-14 17:02:19 - train: epoch 191, iter:20, total: 1.0848, seg: 0.3459, edge: 0.7389, rho: 0.50, gamma: 0.130, edge_pos_p: 0.765, edge_neg_p: 0.254, lr: 0.0003036653616774785
2026-08-14 17:02:41 - val epoch: 191, loss: 1.9426
2026-08-14 17:02:43 - train: epoch 192, iter:0, total: 0.9766, seg: 0.3458, edge: 0.6307, rho: 0.50, gamma: 0.130, edge_pos_p: 0.764, edge_neg_p: 0.205, lr: 0.0002989410078311011
2026-08-14 17:02:49 - train: epoch 192, iter:20, total: 1.0858, seg: 0.3475, edge: 0.7382, rho: 0.50, gamma: 0.130, edge_pos_p: 0.771, edge_neg_p: 0.260, lr: 0.0002989410078311011
2026-08-14 17:03:11 - val epoch: 192, loss: 1.9623
2026-08-14 17:03:13 - train: epoch 193, iter:0, total: 1.0662, seg: 0.3564, edge: 0.7098, rho: 0.50, gamma: 0.130, edge_pos_p: 0.746, edge_neg_p: 0.215, lr: 0.00029423925067528865
2026-08-14 17:03:18 - train: epoch 193, iter:20, total: 1.0402, seg: 0.3210, edge: 0.7192, rho: 0.50, gamma: 0.130, edge_pos_p: 0.785, edge_neg_p: 0.266, lr: 0.00029423925067528865
2026-08-14 17:03:41 - val epoch: 193, loss: 1.9343
2026-08-14 17:03:43 - train: epoch 194, iter:0, total: 1.0313, seg: 0.3285, edge: 0.7027, rho: 0.50, gamma: 0.130, edge_pos_p: 0.774, edge_neg_p: 0.241, lr: 0.0002895606058106975
2026-08-14 17:03:48 - train: epoch 194, iter:20, total: 1.0722, seg: 0.3383, edge: 0.7339, rho: 0.50, gamma: 0.130, edge_pos_p: 0.761, edge_neg_p: 0.243, lr: 0.0002895606058106975
2026-08-14 17:04:11 - val epoch: 194, loss: 1.8873
2026-08-14 17:04:13 - train: epoch 195, iter:0, total: 1.2287, seg: 0.3766, edge: 0.8521, rho: 0.50, gamma: 0.130, edge_pos_p: 0.737, edge_neg_p: 0.264, lr: 0.0002849055863034606
2026-08-14 17:04:18 - train: epoch 195, iter:20, total: 0.9723, seg: 0.3252, edge: 0.6471, rho: 0.50, gamma: 0.130, edge_pos_p: 0.784, edge_neg_p: 0.222, lr: 0.0002849055863034606
2026-08-14 17:04:41 - val epoch: 195, loss: 1.9162
2026-08-14 17:04:43 - train: epoch 196, iter:0, total: 1.0081, seg: 0.3115, edge: 0.6966, rho: 0.50, gamma: 0.130, edge_pos_p: 0.762, edge_neg_p: 0.240, lr: 0.00028027470262892396
2026-08-14 17:04:48 - train: epoch 196, iter:20, total: 1.0214, seg: 0.3296, edge: 0.6918, rho: 0.50, gamma: 0.130, edge_pos_p: 0.773, edge_neg_p: 0.252, lr: 0.00028027470262892396
2026-08-14 17:05:11 - val epoch: 196, loss: 1.9170
2026-08-14 17:05:12 - train: epoch 197, iter:0, total: 0.9481, seg: 0.3354, edge: 0.6128, rho: 0.50, gamma: 0.130, edge_pos_p: 0.794, edge_neg_p: 0.221, lr: 0.0002756684626156682
2026-08-14 17:05:18 - train: epoch 197, iter:20, total: 0.9155, seg: 0.3156, edge: 0.5999, rho: 0.50, gamma: 0.130, edge_pos_p: 0.805, edge_neg_p: 0.235, lr: 0.0002756684626156682
2026-08-14 17:05:41 - val epoch: 197, loss: 1.9492
2026-08-14 17:05:42 - train: epoch 198, iter:0, total: 1.0785, seg: 0.3443, edge: 0.7342, rho: 0.50, gamma: 0.130, edge_pos_p: 0.754, edge_neg_p: 0.249, lr: 0.000271087371389818
2026-08-14 17:05:48 - train: epoch 198, iter:20, total: 1.0261, seg: 0.3184, edge: 0.7077, rho: 0.50, gamma: 0.130, edge_pos_p: 0.778, edge_neg_p: 0.260, lr: 0.000271087371389818
2026-08-14 17:06:10 - val epoch: 198, loss: 1.9428
2026-08-14 17:06:13 - train: epoch 199, iter:0, total: 1.0191, seg: 0.3415, edge: 0.6776, rho: 0.50, gamma: 0.130, edge_pos_p: 0.769, edge_neg_p: 0.236, lr: 0.0002665319313196505
2026-08-14 17:06:18 - train: epoch 199, iter:20, total: 0.8197, seg: 0.2764, edge: 0.5433, rho: 0.50, gamma: 0.130, edge_pos_p: 0.803, edge_neg_p: 0.219, lr: 0.0002665319313196505
2026-08-14 17:06:40 - val epoch: 199, loss: 1.9200
2026-08-14 17:06:42 - train: epoch 200, iter:0, total: 0.9566, seg: 0.3305, edge: 0.6261, rho: 0.50, gamma: 0.130, edge_pos_p: 0.771, edge_neg_p: 0.225, lr: 0.00026200264196050494
2026-08-14 17:06:48 - train: epoch 200, iter:20, total: 1.0457, seg: 0.3411, edge: 0.7046, rho: 0.50, gamma: 0.130, edge_pos_p: 0.747, edge_neg_p: 0.221, lr: 0.00026200264196050494
2026-08-14 17:07:10 - val epoch: 200, loss: 1.9538
2026-08-14 17:07:12 - train: epoch 201, iter:0, total: 1.0634, seg: 0.3422, edge: 0.7212, rho: 0.50, gamma: 0.130, edge_pos_p: 0.750, edge_neg_p: 0.234, lr: 0.00025749999999999954
2026-08-14 17:07:18 - train: epoch 201, iter:20, total: 0.9415, seg: 0.3031, edge: 0.6384, rho: 0.50, gamma: 0.130, edge_pos_p: 0.795, edge_neg_p: 0.234, lr: 0.00025749999999999954
2026-08-14 17:07:40 - val epoch: 201, loss: 1.9468
2026-08-14 17:07:42 - train: epoch 202, iter:0, total: 0.9006, seg: 0.3132, edge: 0.5875, rho: 0.50, gamma: 0.130, edge_pos_p: 0.807, edge_neg_p: 0.221, lr: 0.0002530244992035658
2026-08-14 17:07:48 - train: epoch 202, iter:20, total: 0.9765, seg: 0.3390, edge: 0.6375, rho: 0.50, gamma: 0.131, edge_pos_p: 0.772, edge_neg_p: 0.212, lr: 0.0002530244992035658
2026-08-14 17:08:11 - val epoch: 202, loss: 1.9234
2026-08-14 17:08:12 - train: epoch 203, iter:0, total: 0.9744, seg: 0.2934, edge: 0.6810, rho: 0.50, gamma: 0.130, edge_pos_p: 0.794, edge_neg_p: 0.240, lr: 0.0002485766303603003
2026-08-14 17:08:18 - train: epoch 203, iter:20, total: 1.0287, seg: 0.3419, edge: 0.6868, rho: 0.50, gamma: 0.131, edge_pos_p: 0.762, edge_neg_p: 0.225, lr: 0.0002485766303603003
2026-08-14 17:08:41 - val epoch: 203, loss: 1.9434
2026-08-14 17:08:42 - train: epoch 204, iter:0, total: 1.0255, seg: 0.3243, edge: 0.7012, rho: 0.50, gamma: 0.131, edge_pos_p: 0.776, edge_neg_p: 0.242, lr: 0.0002441568812291443
2026-08-14 17:08:48 - train: epoch 204, iter:20, total: 1.0258, seg: 0.3320, edge: 0.6938, rho: 0.50, gamma: 0.131, edge_pos_p: 0.788, edge_neg_p: 0.253, lr: 0.0002441568812291443
2026-08-14 17:09:10 - val epoch: 204, loss: 1.9863
2026-08-14 17:09:12 - train: epoch 205, iter:0, total: 1.1250, seg: 0.3272, edge: 0.7978, rho: 0.50, gamma: 0.131, edge_pos_p: 0.725, edge_neg_p: 0.224, lr: 0.00023976573648539645
2026-08-14 17:09:18 - train: epoch 205, iter:20, total: 1.0250, seg: 0.3248, edge: 0.7002, rho: 0.50, gamma: 0.131, edge_pos_p: 0.770, edge_neg_p: 0.241, lr: 0.00023976573648539645
2026-08-14 17:09:40 - val epoch: 205, loss: 1.9230
2026-08-14 17:09:42 - train: epoch 206, iter:0, total: 1.0358, seg: 0.3134, edge: 0.7224, rho: 0.50, gamma: 0.131, edge_pos_p: 0.759, edge_neg_p: 0.240, lr: 0.00023540367766756144
2026-08-14 17:09:47 - train: epoch 206, iter:20, total: 1.1251, seg: 0.3374, edge: 0.7877, rho: 0.50, gamma: 0.131, edge_pos_p: 0.750, edge_neg_p: 0.246, lr: 0.00023540367766756144
2026-08-14 17:10:10 - val epoch: 206, loss: 1.9887
2026-08-14 17:10:12 - train: epoch 207, iter:0, total: 1.1826, seg: 0.3633, edge: 0.8193, rho: 0.50, gamma: 0.131, edge_pos_p: 0.752, edge_neg_p: 0.269, lr: 0.0002310711831245444
2026-08-14 17:10:17 - train: epoch 207, iter:20, total: 1.0604, seg: 0.3305, edge: 0.7299, rho: 0.50, gamma: 0.131, edge_pos_p: 0.761, edge_neg_p: 0.236, lr: 0.0002310711831245444
2026-08-14 17:10:40 - val epoch: 207, loss: 1.9396
2026-08-14 17:10:41 - train: epoch 208, iter:0, total: 0.8604, seg: 0.2673, edge: 0.5931, rho: 0.50, gamma: 0.131, edge_pos_p: 0.807, edge_neg_p: 0.217, lr: 0.00022676872796319514
2026-08-14 17:10:47 - train: epoch 208, iter:20, total: 1.0339, seg: 0.3166, edge: 0.7173, rho: 0.50, gamma: 0.131, edge_pos_p: 0.770, edge_neg_p: 0.249, lr: 0.00022676872796319514
2026-08-14 17:11:10 - val epoch: 208, loss: 1.9502
2026-08-14 17:11:12 - train: epoch 209, iter:0, total: 0.9281, seg: 0.3104, edge: 0.6176, rho: 0.50, gamma: 0.131, edge_pos_p: 0.772, edge_neg_p: 0.216, lr: 0.00022249678399620604
2026-08-14 17:11:17 - train: epoch 209, iter:20, total: 1.1387, seg: 0.3525, edge: 0.7862, rho: 0.50, gamma: 0.131, edge_pos_p: 0.759, edge_neg_p: 0.245, lr: 0.00022249678399620604
2026-08-14 17:11:40 - val epoch: 209, loss: 1.9537
2026-08-14 17:11:42 - train: epoch 210, iter:0, total: 0.9016, seg: 0.3272, edge: 0.5743, rho: 0.50, gamma: 0.131, edge_pos_p: 0.793, edge_neg_p: 0.210, lr: 0.0002182558196903736
2026-08-14 17:11:48 - train: epoch 210, iter:20, total: 0.9016, seg: 0.3104, edge: 0.5912, rho: 0.50, gamma: 0.131, edge_pos_p: 0.795, edge_neg_p: 0.216, lr: 0.0002182558196903736
2026-08-14 17:12:14 - val epoch: 210, loss: 1.9531, miou: 0.7812134587632305, f1_or_dsc: 0.8771699482954266, accuracy: 0.9398504767087427,                 specificity: 0.9583549084594388, sensitivity: 0.8823349010841384, confusion_matrix: [[38395049  1668448]
 [ 1516655 11372936]]
2026-08-14 17:12:16 - train: epoch 211, iter:0, total: 0.9483, seg: 0.2752, edge: 0.6731, rho: 0.50, gamma: 0.131, edge_pos_p: 0.804, edge_neg_p: 0.251, lr: 0.00021404630011522552
2026-08-14 17:12:21 - train: epoch 211, iter:20, total: 0.9697, seg: 0.3188, edge: 0.6510, rho: 0.50, gamma: 0.131, edge_pos_p: 0.782, edge_neg_p: 0.232, lr: 0.00021404630011522552
2026-08-14 17:12:44 - val epoch: 211, loss: 1.9604
2026-08-14 17:12:46 - train: epoch 212, iter:0, total: 0.9218, seg: 0.2911, edge: 0.6308, rho: 0.50, gamma: 0.131, edge_pos_p: 0.804, edge_neg_p: 0.236, lr: 0.0002098686868920198
2026-08-14 17:12:51 - train: epoch 212, iter:20, total: 0.8262, seg: 0.2956, edge: 0.5306, rho: 0.50, gamma: 0.131, edge_pos_p: 0.798, edge_neg_p: 0.207, lr: 0.0002098686868920198
2026-08-14 17:13:13 - val epoch: 212, loss: 1.9816
2026-08-14 17:13:16 - train: epoch 213, iter:0, total: 1.0544, seg: 0.3171, edge: 0.7374, rho: 0.50, gamma: 0.131, edge_pos_p: 0.751, edge_neg_p: 0.240, lr: 0.00020572343814312415
2026-08-14 17:13:21 - train: epoch 213, iter:20, total: 0.8856, seg: 0.2907, edge: 0.5949, rho: 0.50, gamma: 0.131, edge_pos_p: 0.798, edge_neg_p: 0.218, lr: 0.00020572343814312415
2026-08-14 17:13:44 - val epoch: 213, loss: 1.9637
2026-08-14 17:13:46 - train: epoch 214, iter:0, total: 1.0417, seg: 0.3342, edge: 0.7075, rho: 0.50, gamma: 0.131, edge_pos_p: 0.724, edge_neg_p: 0.210, lr: 0.00020161100844177644
2026-08-14 17:13:52 - train: epoch 214, iter:20, total: 1.0157, seg: 0.2954, edge: 0.7203, rho: 0.50, gamma: 0.131, edge_pos_p: 0.762, edge_neg_p: 0.249, lr: 0.00020161100844177644
2026-08-14 17:14:14 - val epoch: 214, loss: 1.9655
2026-08-14 17:14:16 - train: epoch 215, iter:0, total: 0.9798, seg: 0.2995, edge: 0.6803, rho: 0.50, gamma: 0.131, edge_pos_p: 0.787, edge_neg_p: 0.232, lr: 0.0001975318487622361
2026-08-14 17:14:22 - train: epoch 215, iter:20, total: 0.9970, seg: 0.3027, edge: 0.6943, rho: 0.50, gamma: 0.131, edge_pos_p: 0.767, edge_neg_p: 0.231, lr: 0.0001975318487622361
2026-08-14 17:14:44 - val epoch: 215, loss: 1.9696
2026-08-14 17:14:46 - train: epoch 216, iter:0, total: 1.0995, seg: 0.3077, edge: 0.7918, rho: 0.50, gamma: 0.131, edge_pos_p: 0.758, edge_neg_p: 0.264, lr: 0.00019348640643033024
2026-08-14 17:14:52 - train: epoch 216, iter:20, total: 0.9467, seg: 0.2971, edge: 0.6496, rho: 0.50, gamma: 0.131, edge_pos_p: 0.779, edge_neg_p: 0.226, lr: 0.00019348640643033024
2026-08-14 17:15:14 - val epoch: 216, loss: 1.9528
2026-08-14 17:15:16 - train: epoch 217, iter:0, total: 1.0410, seg: 0.3431, edge: 0.6979, rho: 0.50, gamma: 0.131, edge_pos_p: 0.737, edge_neg_p: 0.225, lr: 0.00018947512507439828
2026-08-14 17:15:21 - train: epoch 217, iter:20, total: 1.0270, seg: 0.3085, edge: 0.7185, rho: 0.50, gamma: 0.131, edge_pos_p: 0.760, edge_neg_p: 0.236, lr: 0.00018947512507439828
2026-08-14 17:15:44 - val epoch: 217, loss: 1.9513
2026-08-14 17:15:46 - train: epoch 218, iter:0, total: 0.9791, seg: 0.3212, edge: 0.6579, rho: 0.50, gamma: 0.131, edge_pos_p: 0.768, edge_neg_p: 0.233, lr: 0.00018549844457664425
2026-08-14 17:15:51 - train: epoch 218, iter:20, total: 1.0546, seg: 0.3180, edge: 0.7366, rho: 0.50, gamma: 0.131, edge_pos_p: 0.755, edge_neg_p: 0.253, lr: 0.00018549844457664425
2026-08-14 17:16:14 - val epoch: 218, loss: 1.9824
2026-08-14 17:16:15 - train: epoch 219, iter:0, total: 0.9906, seg: 0.3192, edge: 0.6714, rho: 0.50, gamma: 0.131, edge_pos_p: 0.751, edge_neg_p: 0.220, lr: 0.00018155680102489765
2026-08-14 17:16:21 - train: epoch 219, iter:20, total: 0.9305, seg: 0.2893, edge: 0.6412, rho: 0.50, gamma: 0.131, edge_pos_p: 0.789, edge_neg_p: 0.236, lr: 0.00018155680102489765
2026-08-14 17:16:43 - val epoch: 219, loss: 1.9712
2026-08-14 17:16:46 - train: epoch 220, iter:0, total: 1.0192, seg: 0.3127, edge: 0.7065, rho: 0.50, gamma: 0.131, edge_pos_p: 0.752, edge_neg_p: 0.228, lr: 0.00017765062666479195
2026-08-14 17:16:51 - train: epoch 220, iter:20, total: 1.0347, seg: 0.3159, edge: 0.7188, rho: 0.50, gamma: 0.131, edge_pos_p: 0.767, edge_neg_p: 0.235, lr: 0.00017765062666479195
2026-08-14 17:17:14 - val epoch: 220, loss: 1.9634
2026-08-14 17:17:16 - train: epoch 221, iter:0, total: 0.9069, seg: 0.2927, edge: 0.6142, rho: 0.50, gamma: 0.132, edge_pos_p: 0.799, edge_neg_p: 0.221, lr: 0.00017378034985236489
2026-08-14 17:17:21 - train: epoch 221, iter:20, total: 0.9504, seg: 0.3053, edge: 0.6451, rho: 0.50, gamma: 0.132, edge_pos_p: 0.804, edge_neg_p: 0.236, lr: 0.00017378034985236489
2026-08-14 17:17:44 - val epoch: 221, loss: 1.9406
2026-08-14 17:17:46 - train: epoch 222, iter:0, total: 1.0487, seg: 0.3189, edge: 0.7298, rho: 0.50, gamma: 0.132, edge_pos_p: 0.724, edge_neg_p: 0.219, lr: 0.0001699463950070827
2026-08-14 17:17:51 - train: epoch 222, iter:20, total: 0.9082, seg: 0.2883, edge: 0.6199, rho: 0.50, gamma: 0.132, edge_pos_p: 0.799, edge_neg_p: 0.238, lr: 0.0001699463950070827
2026-08-14 17:18:13 - val epoch: 222, loss: 1.9653
2026-08-14 17:18:15 - train: epoch 223, iter:0, total: 0.9876, seg: 0.2920, edge: 0.6956, rho: 0.50, gamma: 0.132, edge_pos_p: 0.768, edge_neg_p: 0.250, lr: 0.0001661491825652988
2026-08-14 17:18:21 - train: epoch 223, iter:20, total: 0.9100, seg: 0.2940, edge: 0.6160, rho: 0.50, gamma: 0.132, edge_pos_p: 0.791, edge_neg_p: 0.229, lr: 0.0001661491825652988
2026-08-14 17:18:44 - val epoch: 223, loss: 1.9813
2026-08-14 17:18:45 - train: epoch 224, iter:0, total: 1.0994, seg: 0.3153, edge: 0.7841, rho: 0.50, gamma: 0.132, edge_pos_p: 0.752, edge_neg_p: 0.257, lr: 0.0001623891289341484
2026-08-14 17:18:51 - train: epoch 224, iter:20, total: 0.8740, seg: 0.2545, edge: 0.6194, rho: 0.50, gamma: 0.132, edge_pos_p: 0.805, edge_neg_p: 0.235, lr: 0.0001623891289341484
2026-08-14 17:19:14 - val epoch: 224, loss: 1.9910
2026-08-14 17:19:16 - train: epoch 225, iter:0, total: 1.0723, seg: 0.3375, edge: 0.7348, rho: 0.50, gamma: 0.132, edge_pos_p: 0.754, edge_neg_p: 0.241, lr: 0.0001586666464458838
2026-08-14 17:19:21 - train: epoch 225, iter:20, total: 1.1422, seg: 0.2966, edge: 0.8456, rho: 0.50, gamma: 0.132, edge_pos_p: 0.738, edge_neg_p: 0.268, lr: 0.0001586666464458838
2026-08-14 17:19:44 - val epoch: 225, loss: 1.9859
2026-08-14 17:19:46 - train: epoch 226, iter:0, total: 0.9410, seg: 0.3138, edge: 0.6273, rho: 0.50, gamma: 0.132, edge_pos_p: 0.773, edge_neg_p: 0.214, lr: 0.00015498214331265874
2026-08-14 17:19:51 - train: epoch 226, iter:20, total: 1.0047, seg: 0.2968, edge: 0.7079, rho: 0.50, gamma: 0.132, edge_pos_p: 0.765, edge_neg_p: 0.241, lr: 0.00015498214331265874
2026-08-14 17:20:14 - val epoch: 226, loss: 1.9751
2026-08-14 17:20:15 - train: epoch 227, iter:0, total: 0.9363, seg: 0.3211, edge: 0.6151, rho: 0.50, gamma: 0.132, edge_pos_p: 0.788, edge_neg_p: 0.213, lr: 0.00015133602358176218
2026-08-14 17:20:21 - train: epoch 227, iter:20, total: 0.9386, seg: 0.2844, edge: 0.6542, rho: 0.50, gamma: 0.132, edge_pos_p: 0.793, edge_neg_p: 0.237, lr: 0.00015133602358176218
2026-08-14 17:20:43 - val epoch: 227, loss: 1.9753
2026-08-14 17:20:45 - train: epoch 228, iter:0, total: 1.0781, seg: 0.2977, edge: 0.7804, rho: 0.50, gamma: 0.132, edge_pos_p: 0.759, edge_neg_p: 0.242, lr: 0.00014772868709131046
2026-08-14 17:20:50 - train: epoch 228, iter:20, total: 0.8856, seg: 0.2986, edge: 0.5870, rho: 0.50, gamma: 0.132, edge_pos_p: 0.794, edge_neg_p: 0.222, lr: 0.00014772868709131046
2026-08-14 17:21:12 - val epoch: 228, loss: 1.9950
2026-08-14 17:21:14 - train: epoch 229, iter:0, total: 1.1215, seg: 0.3199, edge: 0.8016, rho: 0.50, gamma: 0.132, edge_pos_p: 0.729, edge_neg_p: 0.243, lr: 0.00014416052942640113
2026-08-14 17:21:20 - train: epoch 229, iter:20, total: 0.8640, seg: 0.2604, edge: 0.6036, rho: 0.50, gamma: 0.132, edge_pos_p: 0.801, edge_neg_p: 0.220, lr: 0.00014416052942640113
2026-08-14 17:21:43 - val epoch: 229, loss: 1.9861
2026-08-14 17:21:44 - train: epoch 230, iter:0, total: 0.9733, seg: 0.2789, edge: 0.6944, rho: 0.50, gamma: 0.132, edge_pos_p: 0.801, edge_neg_p: 0.252, lr: 0.0001406319418757314
2026-08-14 17:21:50 - train: epoch 230, iter:20, total: 0.8971, seg: 0.2919, edge: 0.6052, rho: 0.50, gamma: 0.132, edge_pos_p: 0.804, edge_neg_p: 0.225, lr: 0.0001406319418757314
2026-08-14 17:22:12 - val epoch: 230, loss: 1.9616
2026-08-14 17:22:14 - train: epoch 231, iter:0, total: 1.0190, seg: 0.2910, edge: 0.7280, rho: 0.50, gamma: 0.132, edge_pos_p: 0.760, edge_neg_p: 0.252, lr: 0.00013714331138868954
2026-08-14 17:22:20 - train: epoch 231, iter:20, total: 0.9377, seg: 0.2922, edge: 0.6455, rho: 0.50, gamma: 0.132, edge_pos_p: 0.780, edge_neg_p: 0.228, lr: 0.00013714331138868954
2026-08-14 17:22:42 - val epoch: 231, loss: 1.9567
2026-08-14 17:22:44 - train: epoch 232, iter:0, total: 1.0091, seg: 0.3382, edge: 0.6708, rho: 0.50, gamma: 0.132, edge_pos_p: 0.770, edge_neg_p: 0.236, lr: 0.00013369502053292226
2026-08-14 17:22:49 - train: epoch 232, iter:20, total: 0.9650, seg: 0.2753, edge: 0.6897, rho: 0.50, gamma: 0.132, edge_pos_p: 0.778, edge_neg_p: 0.244, lr: 0.00013369502053292226
2026-08-14 17:23:12 - val epoch: 232, loss: 1.9785
2026-08-14 17:23:14 - train: epoch 233, iter:0, total: 1.0167, seg: 0.3140, edge: 0.7028, rho: 0.50, gamma: 0.132, edge_pos_p: 0.768, edge_neg_p: 0.238, lr: 0.0001302874474523804
2026-08-14 17:23:20 - train: epoch 233, iter:20, total: 0.9980, seg: 0.3104, edge: 0.6877, rho: 0.50, gamma: 0.132, edge_pos_p: 0.766, edge_neg_p: 0.242, lr: 0.0001302874474523804
2026-08-14 17:23:42 - val epoch: 233, loss: 1.9683
2026-08-14 17:23:44 - train: epoch 234, iter:0, total: 1.1445, seg: 0.3395, edge: 0.8051, rho: 0.50, gamma: 0.132, edge_pos_p: 0.727, edge_neg_p: 0.244, lr: 0.00012692096582585187
2026-08-14 17:23:50 - train: epoch 234, iter:20, total: 0.9857, seg: 0.2817, edge: 0.7039, rho: 0.50, gamma: 0.132, edge_pos_p: 0.779, edge_neg_p: 0.254, lr: 0.00012692096582585187
2026-08-14 17:24:12 - val epoch: 234, loss: 1.9732
2026-08-14 17:24:14 - train: epoch 235, iter:0, total: 0.9350, seg: 0.2810, edge: 0.6540, rho: 0.50, gamma: 0.132, edge_pos_p: 0.779, edge_neg_p: 0.221, lr: 0.00012359594482598416
2026-08-14 17:24:20 - train: epoch 235, iter:20, total: 0.9588, seg: 0.2913, edge: 0.6674, rho: 0.50, gamma: 0.132, edge_pos_p: 0.762, edge_neg_p: 0.223, lr: 0.00012359594482598416
2026-08-14 17:24:42 - val epoch: 235, loss: 1.9914
2026-08-14 17:24:44 - train: epoch 236, iter:0, total: 1.0699, seg: 0.3446, edge: 0.7253, rho: 0.50, gamma: 0.132, edge_pos_p: 0.737, edge_neg_p: 0.217, lr: 0.00012031274907879919
2026-08-14 17:24:49 - train: epoch 236, iter:20, total: 0.9291, seg: 0.2917, edge: 0.6374, rho: 0.50, gamma: 0.132, edge_pos_p: 0.798, edge_neg_p: 0.237, lr: 0.00012031274907879919
2026-08-14 17:25:12 - val epoch: 236, loss: 1.9725
2026-08-14 17:25:14 - train: epoch 237, iter:0, total: 0.9565, seg: 0.2860, edge: 0.6705, rho: 0.50, gamma: 0.132, edge_pos_p: 0.773, edge_neg_p: 0.235, lr: 0.00011707173862370913
2026-08-14 17:25:20 - train: epoch 237, iter:20, total: 1.0525, seg: 0.3509, edge: 0.7016, rho: 0.50, gamma: 0.132, edge_pos_p: 0.770, edge_neg_p: 0.223, lr: 0.00011707173862370913
2026-08-14 17:25:42 - val epoch: 237, loss: 1.9902
2026-08-14 17:25:44 - train: epoch 238, iter:0, total: 0.9521, seg: 0.2666, edge: 0.6855, rho: 0.50, gamma: 0.132, edge_pos_p: 0.787, edge_neg_p: 0.233, lr: 0.00011387326887403316
2026-08-14 17:25:49 - train: epoch 238, iter:20, total: 0.8464, seg: 0.2755, edge: 0.5708, rho: 0.50, gamma: 0.132, edge_pos_p: 0.802, edge_neg_p: 0.211, lr: 0.00011387326887403316
2026-08-14 17:26:12 - val epoch: 238, loss: 1.9757
2026-08-14 17:26:14 - train: epoch 239, iter:0, total: 0.9676, seg: 0.2874, edge: 0.6802, rho: 0.50, gamma: 0.132, edge_pos_p: 0.768, edge_neg_p: 0.246, lr: 0.00011071769057802265
2026-08-14 17:26:19 - train: epoch 239, iter:20, total: 0.9124, seg: 0.2630, edge: 0.6494, rho: 0.50, gamma: 0.132, edge_pos_p: 0.791, edge_neg_p: 0.233, lr: 0.00011071769057802265
2026-08-14 17:26:42 - val epoch: 239, loss: 1.9969
2026-08-14 17:26:44 - train: epoch 240, iter:0, total: 0.9611, seg: 0.3067, edge: 0.6544, rho: 0.50, gamma: 0.132, edge_pos_p: 0.753, edge_neg_p: 0.212, lr: 0.0001076053497803982
2026-08-14 17:26:49 - train: epoch 240, iter:20, total: 0.8551, seg: 0.2531, edge: 0.6021, rho: 0.50, gamma: 0.132, edge_pos_p: 0.819, edge_neg_p: 0.240, lr: 0.0001076053497803982
2026-08-14 17:27:15 - val epoch: 240, loss: 1.9890, miou: 0.7784262109547657, f1_or_dsc: 0.8754101870067018, accuracy: 0.9387595677139735,                 specificity: 0.9564184324698366, sensitivity: 0.8838721880314123, confusion_matrix: [[38317467  1746030]
 [ 1496840 11392751]]
2026-08-14 17:27:17 - train: epoch 241, iter:0, total: 1.0360, seg: 0.3294, edge: 0.7065, rho: 0.50, gamma: 0.132, edge_pos_p: 0.764, edge_neg_p: 0.246, lr: 0.00010453658778440088
2026-08-14 17:27:22 - train: epoch 241, iter:20, total: 1.0006, seg: 0.2964, edge: 0.7042, rho: 0.50, gamma: 0.132, edge_pos_p: 0.760, edge_neg_p: 0.222, lr: 0.00010453658778440088
2026-08-14 17:27:45 - val epoch: 241, loss: 1.9694
2026-08-14 17:27:47 - train: epoch 242, iter:0, total: 0.9549, seg: 0.3115, edge: 0.6434, rho: 0.50, gamma: 0.133, edge_pos_p: 0.801, edge_neg_p: 0.233, lr: 0.00010151174111436543
2026-08-14 17:27:53 - train: epoch 242, iter:20, total: 1.0464, seg: 0.3138, edge: 0.7326, rho: 0.50, gamma: 0.133, edge_pos_p: 0.771, edge_neg_p: 0.230, lr: 0.00010151174111436543
2026-08-14 17:28:16 - val epoch: 242, loss: 1.9993
2026-08-14 17:28:18 - train: epoch 243, iter:0, total: 0.9589, seg: 0.3209, edge: 0.6380, rho: 0.50, gamma: 0.133, edge_pos_p: 0.781, edge_neg_p: 0.214, lr: 9.853114147881633e-05
2026-08-14 17:28:23 - train: epoch 243, iter:20, total: 0.9107, seg: 0.2779, edge: 0.6328, rho: 0.50, gamma: 0.133, edge_pos_p: 0.769, edge_neg_p: 0.214, lr: 9.853114147881633e-05
2026-08-14 17:28:46 - val epoch: 243, loss: 1.9960
2026-08-14 17:28:48 - train: epoch 244, iter:0, total: 0.9587, seg: 0.2853, edge: 0.6735, rho: 0.50, gamma: 0.133, edge_pos_p: 0.737, edge_neg_p: 0.198, lr: 9.559511573409167e-05
2026-08-14 17:28:53 - train: epoch 244, iter:20, total: 0.9904, seg: 0.3113, edge: 0.6790, rho: 0.50, gamma: 0.133, edge_pos_p: 0.760, edge_neg_p: 0.224, lr: 9.559511573409167e-05
2026-08-14 17:29:21 - val epoch: 244, loss: 1.9980
2026-08-14 17:29:23 - train: epoch 245, iter:0, total: 0.9505, seg: 0.2967, edge: 0.6537, rho: 0.50, gamma: 0.133, edge_pos_p: 0.771, edge_neg_p: 0.230, lr: 9.270398584850061e-05
2026-08-14 17:29:29 - train: epoch 245, iter:20, total: 1.0673, seg: 0.3062, edge: 0.7611, rho: 0.50, gamma: 0.133, edge_pos_p: 0.741, edge_neg_p: 0.234, lr: 9.270398584850061e-05
2026-08-14 17:29:55 - val epoch: 245, loss: 1.9982
2026-08-14 17:29:57 - train: epoch 246, iter:0, total: 0.8501, seg: 0.2461, edge: 0.6040, rho: 0.50, gamma: 0.133, edge_pos_p: 0.798, edge_neg_p: 0.232, lr: 8.985806886701499e-05
2026-08-14 17:30:02 - train: epoch 246, iter:20, total: 1.1105, seg: 0.2943, edge: 0.8162, rho: 0.50, gamma: 0.133, edge_pos_p: 0.741, edge_neg_p: 0.251, lr: 8.985806886701499e-05
2026-08-14 17:30:27 - val epoch: 246, loss: 1.9836
2026-08-14 17:30:29 - train: epoch 247, iter:0, total: 1.0181, seg: 0.3080, edge: 0.7102, rho: 0.50, gamma: 0.133, edge_pos_p: 0.769, edge_neg_p: 0.237, lr: 8.705767687650239e-05
2026-08-14 17:30:34 - train: epoch 247, iter:20, total: 1.0878, seg: 0.3320, edge: 0.7558, rho: 0.50, gamma: 0.133, edge_pos_p: 0.734, edge_neg_p: 0.237, lr: 8.705767687650239e-05
2026-08-14 17:31:10 - val epoch: 247, loss: 1.9912
2026-08-14 17:31:12 - train: epoch 248, iter:0, total: 0.9351, seg: 0.2764, edge: 0.6586, rho: 0.50, gamma: 0.133, edge_pos_p: 0.794, edge_neg_p: 0.243, lr: 8.430311697150229e-05
2026-08-14 17:31:18 - train: epoch 248, iter:20, total: 0.9048, seg: 0.2941, edge: 0.6107, rho: 0.50, gamma: 0.133, edge_pos_p: 0.778, edge_neg_p: 0.218, lr: 8.430311697150229e-05
2026-08-14 17:31:42 - val epoch: 248, loss: 1.9942
2026-08-14 17:31:45 - train: epoch 249, iter:0, total: 0.9513, seg: 0.2700, edge: 0.6813, rho: 0.50, gamma: 0.133, edge_pos_p: 0.768, edge_neg_p: 0.229, lr: 8.159469122054909e-05
2026-08-14 17:31:51 - train: epoch 249, iter:20, total: 0.9216, seg: 0.2571, edge: 0.6645, rho: 0.50, gamma: 0.133, edge_pos_p: 0.767, edge_neg_p: 0.229, lr: 8.159469122054909e-05
2026-08-14 17:32:17 - val epoch: 249, loss: 1.9850
2026-08-14 17:32:19 - train: epoch 250, iter:0, total: 0.9532, seg: 0.2686, edge: 0.6847, rho: 0.50, gamma: 0.133, edge_pos_p: 0.770, edge_neg_p: 0.226, lr: 7.893269663304782e-05
2026-08-14 17:32:24 - train: epoch 250, iter:20, total: 0.8899, seg: 0.2672, edge: 0.6227, rho: 0.50, gamma: 0.133, edge_pos_p: 0.782, edge_neg_p: 0.216, lr: 7.893269663304782e-05
2026-08-14 17:32:50 - val epoch: 250, loss: 2.0093
2026-08-14 17:32:52 - train: epoch 251, iter:0, total: 0.9948, seg: 0.3103, edge: 0.6845, rho: 0.50, gamma: 0.133, edge_pos_p: 0.770, edge_neg_p: 0.230, lr: 7.631742512670282e-05
2026-08-14 17:32:58 - train: epoch 251, iter:20, total: 0.9559, seg: 0.2886, edge: 0.6673, rho: 0.50, gamma: 0.133, edge_pos_p: 0.787, edge_neg_p: 0.249, lr: 7.631742512670282e-05
2026-08-14 17:33:28 - val epoch: 251, loss: 1.9938
2026-08-14 17:33:30 - train: epoch 252, iter:0, total: 0.9691, seg: 0.2848, edge: 0.6843, rho: 0.50, gamma: 0.133, edge_pos_p: 0.776, edge_neg_p: 0.240, lr: 7.374916349550603e-05
2026-08-14 17:33:35 - train: epoch 252, iter:20, total: 0.9247, seg: 0.2794, edge: 0.6453, rho: 0.50, gamma: 0.133, edge_pos_p: 0.789, edge_neg_p: 0.222, lr: 7.374916349550603e-05
2026-08-14 17:34:03 - val epoch: 252, loss: 1.9729
2026-08-14 17:34:05 - train: epoch 253, iter:0, total: 0.9667, seg: 0.2810, edge: 0.6857, rho: 0.50, gamma: 0.133, edge_pos_p: 0.787, edge_neg_p: 0.236, lr: 7.122819337828741e-05
2026-08-14 17:34:11 - train: epoch 253, iter:20, total: 0.9574, seg: 0.2766, edge: 0.6808, rho: 0.50, gamma: 0.133, edge_pos_p: 0.775, edge_neg_p: 0.230, lr: 7.122819337828741e-05
2026-08-14 17:34:36 - val epoch: 253, loss: 1.9769
2026-08-14 17:34:38 - train: epoch 254, iter:0, total: 0.9408, seg: 0.2838, edge: 0.6570, rho: 0.50, gamma: 0.133, edge_pos_p: 0.779, edge_neg_p: 0.232, lr: 6.875479122782878e-05
2026-08-14 17:34:43 - train: epoch 254, iter:20, total: 1.0001, seg: 0.2717, edge: 0.7284, rho: 0.50, gamma: 0.133, edge_pos_p: 0.756, edge_neg_p: 0.237, lr: 6.875479122782878e-05
2026-08-14 17:35:07 - val epoch: 254, loss: 1.9903
2026-08-14 17:35:09 - train: epoch 255, iter:0, total: 0.8914, seg: 0.2519, edge: 0.6396, rho: 0.50, gamma: 0.133, edge_pos_p: 0.790, edge_neg_p: 0.236, lr: 6.632922828054862e-05
2026-08-14 17:35:15 - train: epoch 255, iter:20, total: 0.9825, seg: 0.2944, edge: 0.6881, rho: 0.50, gamma: 0.133, edge_pos_p: 0.777, edge_neg_p: 0.243, lr: 6.632922828054862e-05
2026-08-14 17:35:38 - val epoch: 255, loss: 2.0010
2026-08-14 17:35:40 - train: epoch 256, iter:0, total: 1.0180, seg: 0.2930, edge: 0.7250, rho: 0.50, gamma: 0.133, edge_pos_p: 0.759, edge_neg_p: 0.229, lr: 6.395177052675786e-05
2026-08-14 17:35:45 - train: epoch 256, iter:20, total: 1.0550, seg: 0.3003, edge: 0.7547, rho: 0.50, gamma: 0.133, edge_pos_p: 0.758, edge_neg_p: 0.253, lr: 6.395177052675786e-05
2026-08-14 17:36:10 - val epoch: 256, loss: 2.0025
2026-08-14 17:36:12 - train: epoch 257, iter:0, total: 0.9429, seg: 0.2790, edge: 0.6639, rho: 0.50, gamma: 0.133, edge_pos_p: 0.771, edge_neg_p: 0.221, lr: 6.162267868149065e-05
2026-08-14 17:36:17 - train: epoch 257, iter:20, total: 0.9439, seg: 0.2840, edge: 0.6600, rho: 0.50, gamma: 0.133, edge_pos_p: 0.790, edge_neg_p: 0.245, lr: 6.162267868149065e-05
2026-08-14 17:36:43 - val epoch: 257, loss: 1.9922
2026-08-14 17:36:45 - train: epoch 258, iter:0, total: 0.9016, seg: 0.2906, edge: 0.6110, rho: 0.50, gamma: 0.133, edge_pos_p: 0.793, edge_neg_p: 0.217, lr: 5.934220815591413e-05
2026-08-14 17:36:51 - train: epoch 258, iter:20, total: 0.9264, seg: 0.2784, edge: 0.6480, rho: 0.50, gamma: 0.133, edge_pos_p: 0.775, edge_neg_p: 0.226, lr: 5.934220815591413e-05
2026-08-14 17:37:13 - val epoch: 258, loss: 2.0004
2026-08-14 17:37:15 - train: epoch 259, iter:0, total: 0.9849, seg: 0.3081, edge: 0.6768, rho: 0.50, gamma: 0.133, edge_pos_p: 0.753, edge_neg_p: 0.225, lr: 5.711060902932035e-05
2026-08-14 17:37:21 - train: epoch 259, iter:20, total: 1.0970, seg: 0.3131, edge: 0.7839, rho: 0.50, gamma: 0.133, edge_pos_p: 0.726, edge_neg_p: 0.241, lr: 5.711060902932035e-05
2026-08-14 17:37:46 - val epoch: 259, loss: 1.9952
2026-08-14 17:37:48 - train: epoch 260, iter:0, total: 0.9868, seg: 0.2902, edge: 0.6966, rho: 0.50, gamma: 0.133, edge_pos_p: 0.759, edge_neg_p: 0.231, lr: 5.492812602170101e-05
2026-08-14 17:37:53 - train: epoch 260, iter:20, total: 0.9818, seg: 0.3008, edge: 0.6810, rho: 0.50, gamma: 0.133, edge_pos_p: 0.764, edge_neg_p: 0.230, lr: 5.492812602170101e-05
2026-08-14 17:38:21 - val epoch: 260, loss: 1.9996
2026-08-14 17:38:23 - train: epoch 261, iter:0, total: 0.8559, seg: 0.2665, edge: 0.5894, rho: 0.50, gamma: 0.133, edge_pos_p: 0.788, edge_neg_p: 0.212, lr: 5.279499846691256e-05
2026-08-14 17:38:29 - train: epoch 261, iter:20, total: 0.8853, seg: 0.2578, edge: 0.6275, rho: 0.50, gamma: 0.133, edge_pos_p: 0.804, edge_neg_p: 0.228, lr: 5.279499846691256e-05
2026-08-14 17:38:55 - val epoch: 261, loss: 1.9942
2026-08-14 17:38:57 - train: epoch 262, iter:0, total: 0.8892, seg: 0.2705, edge: 0.6187, rho: 0.50, gamma: 0.133, edge_pos_p: 0.793, edge_neg_p: 0.220, lr: 5.071146028642938e-05
2026-08-14 17:39:02 - train: epoch 262, iter:20, total: 1.0359, seg: 0.3007, edge: 0.7352, rho: 0.50, gamma: 0.133, edge_pos_p: 0.754, edge_neg_p: 0.239, lr: 5.071146028642938e-05
2026-08-14 17:39:40 - val epoch: 262, loss: 1.9966
2026-08-14 17:39:44 - train: epoch 263, iter:0, total: 1.0045, seg: 0.2973, edge: 0.7073, rho: 0.50, gamma: 0.133, edge_pos_p: 0.760, edge_neg_p: 0.233, lr: 4.867773996369213e-05
2026-08-14 17:39:49 - train: epoch 263, iter:20, total: 0.9170, seg: 0.2814, edge: 0.6355, rho: 0.50, gamma: 0.133, edge_pos_p: 0.782, edge_neg_p: 0.219, lr: 4.867773996369213e-05
2026-08-14 17:40:14 - val epoch: 263, loss: 1.9919
2026-08-14 17:40:16 - train: epoch 264, iter:0, total: 1.1445, seg: 0.3275, edge: 0.8170, rho: 0.50, gamma: 0.133, edge_pos_p: 0.704, edge_neg_p: 0.239, lr: 4.669406051905255e-05
2026-08-14 17:40:21 - train: epoch 264, iter:20, total: 0.9977, seg: 0.2659, edge: 0.7318, rho: 0.50, gamma: 0.133, edge_pos_p: 0.764, edge_neg_p: 0.240, lr: 4.669406051905255e-05
2026-08-14 17:40:47 - val epoch: 264, loss: 1.9910
2026-08-14 17:40:49 - train: epoch 265, iter:0, total: 0.9632, seg: 0.2981, edge: 0.6651, rho: 0.50, gamma: 0.133, edge_pos_p: 0.780, edge_neg_p: 0.221, lr: 4.476063948531553e-05
2026-08-14 17:40:54 - train: epoch 265, iter:20, total: 0.9795, seg: 0.2714, edge: 0.7081, rho: 0.50, gamma: 0.133, edge_pos_p: 0.762, edge_neg_p: 0.235, lr: 4.476063948531553e-05
2026-08-14 17:41:17 - val epoch: 265, loss: 1.9915
2026-08-14 17:41:19 - train: epoch 266, iter:0, total: 0.8793, seg: 0.2705, edge: 0.6089, rho: 0.50, gamma: 0.133, edge_pos_p: 0.796, edge_neg_p: 0.217, lr: 4.2877688883885086e-05
2026-08-14 17:41:24 - train: epoch 266, iter:20, total: 1.1457, seg: 0.2981, edge: 0.8476, rho: 0.50, gamma: 0.133, edge_pos_p: 0.715, edge_neg_p: 0.232, lr: 4.2877688883885086e-05
2026-08-14 17:41:46 - val epoch: 266, loss: 1.9965
2026-08-14 17:41:48 - train: epoch 267, iter:0, total: 0.9091, seg: 0.2747, edge: 0.6344, rho: 0.50, gamma: 0.133, edge_pos_p: 0.767, edge_neg_p: 0.229, lr: 4.1045415201513684e-05
2026-08-14 17:41:54 - train: epoch 267, iter:20, total: 0.9646, seg: 0.3110, edge: 0.6536, rho: 0.50, gamma: 0.133, edge_pos_p: 0.788, edge_neg_p: 0.232, lr: 4.1045415201513684e-05
2026-08-14 17:42:17 - val epoch: 267, loss: 1.9964
2026-08-14 17:42:18 - train: epoch 268, iter:0, total: 1.0316, seg: 0.2887, edge: 0.7429, rho: 0.50, gamma: 0.133, edge_pos_p: 0.741, edge_neg_p: 0.238, lr: 3.926401936765836e-05
2026-08-14 17:42:24 - train: epoch 268, iter:20, total: 0.9843, seg: 0.3219, edge: 0.6624, rho: 0.50, gamma: 0.133, edge_pos_p: 0.786, edge_neg_p: 0.242, lr: 3.926401936765836e-05
2026-08-14 17:42:47 - val epoch: 268, loss: 1.9912
2026-08-14 17:42:49 - train: epoch 269, iter:0, total: 0.9387, seg: 0.2736, edge: 0.6651, rho: 0.50, gamma: 0.133, edge_pos_p: 0.790, edge_neg_p: 0.224, lr: 3.753369673244687e-05
2026-08-14 17:42:54 - train: epoch 269, iter:20, total: 0.9460, seg: 0.2915, edge: 0.6545, rho: 0.50, gamma: 0.133, edge_pos_p: 0.774, edge_neg_p: 0.229, lr: 3.753369673244687e-05
2026-08-14 17:43:17 - val epoch: 269, loss: 1.9865
2026-08-14 17:43:19 - train: epoch 270, iter:0, total: 0.9690, seg: 0.2791, edge: 0.6899, rho: 0.50, gamma: 0.133, edge_pos_p: 0.773, edge_neg_p: 0.222, lr: 3.5854637045255115e-05
2026-08-14 17:43:25 - train: epoch 270, iter:20, total: 0.9068, seg: 0.2877, edge: 0.6191, rho: 0.50, gamma: 0.133, edge_pos_p: 0.782, edge_neg_p: 0.223, lr: 3.5854637045255115e-05
2026-08-14 17:43:51 - val epoch: 270, loss: 1.9947, miou: 0.7803190161574548, f1_or_dsc: 0.8766058319611207, accuracy: 0.9395719282697923,                 specificity: 0.9581584952506766, sensitivity: 0.8818010594750446, confusion_matrix: [[38387180  1676317]
 [ 1523536 11366055]]
2026-08-14 17:43:53 - train: epoch 271, iter:0, total: 0.9230, seg: 0.2831, edge: 0.6399, rho: 0.50, gamma: 0.133, edge_pos_p: 0.779, edge_neg_p: 0.228, lr: 3.422702443389897e-05
2026-08-14 17:43:58 - train: epoch 271, iter:20, total: 0.8587, seg: 0.2637, edge: 0.5950, rho: 0.50, gamma: 0.133, edge_pos_p: 0.806, edge_neg_p: 0.225, lr: 3.422702443389897e-05
2026-08-14 17:44:21 - val epoch: 271, loss: 1.9954
2026-08-14 17:44:23 - train: epoch 272, iter:0, total: 0.9368, seg: 0.2672, edge: 0.6696, rho: 0.50, gamma: 0.133, edge_pos_p: 0.776, edge_neg_p: 0.236, lr: 3.265103738444294e-05
2026-08-14 17:44:29 - train: epoch 272, iter:20, total: 0.9879, seg: 0.2852, edge: 0.7027, rho: 0.50, gamma: 0.133, edge_pos_p: 0.770, edge_neg_p: 0.243, lr: 3.265103738444294e-05
2026-08-14 17:44:51 - val epoch: 272, loss: 1.9894
2026-08-14 17:44:53 - train: epoch 273, iter:0, total: 0.9562, seg: 0.2898, edge: 0.6665, rho: 0.50, gamma: 0.133, edge_pos_p: 0.765, edge_neg_p: 0.214, lr: 3.112684872162669e-05
2026-08-14 17:44:58 - train: epoch 273, iter:20, total: 1.0915, seg: 0.3056, edge: 0.7859, rho: 0.50, gamma: 0.133, edge_pos_p: 0.756, edge_neg_p: 0.254, lr: 3.112684872162669e-05
2026-08-14 17:45:21 - val epoch: 273, loss: 1.9974
2026-08-14 17:45:23 - train: epoch 274, iter:0, total: 1.0076, seg: 0.2904, edge: 0.7172, rho: 0.50, gamma: 0.133, edge_pos_p: 0.762, edge_neg_p: 0.245, lr: 2.9654625589913163e-05
2026-08-14 17:45:29 - train: epoch 274, iter:20, total: 1.0189, seg: 0.3071, edge: 0.7118, rho: 0.50, gamma: 0.133, edge_pos_p: 0.745, edge_neg_p: 0.233, lr: 2.9654625589913163e-05
2026-08-14 17:45:52 - val epoch: 274, loss: 1.9911
2026-08-14 17:45:53 - train: epoch 275, iter:0, total: 0.9409, seg: 0.2571, edge: 0.6838, rho: 0.50, gamma: 0.133, edge_pos_p: 0.788, edge_neg_p: 0.243, lr: 2.823452943515922e-05
2026-08-14 17:45:59 - train: epoch 275, iter:20, total: 1.0222, seg: 0.2840, edge: 0.7383, rho: 0.50, gamma: 0.133, edge_pos_p: 0.756, edge_neg_p: 0.251, lr: 2.823452943515922e-05
2026-08-14 17:46:21 - val epoch: 275, loss: 1.9927
2026-08-14 17:46:23 - train: epoch 276, iter:0, total: 0.9201, seg: 0.2633, edge: 0.6568, rho: 0.50, gamma: 0.133, edge_pos_p: 0.774, edge_neg_p: 0.227, lr: 2.6866715986911168e-05
2026-08-14 17:46:29 - train: epoch 276, iter:20, total: 0.9590, seg: 0.2592, edge: 0.6998, rho: 0.50, gamma: 0.133, edge_pos_p: 0.787, edge_neg_p: 0.242, lr: 2.6866715986911168e-05
2026-08-14 17:46:51 - val epoch: 276, loss: 1.9930
2026-08-14 17:46:52 - train: epoch 277, iter:0, total: 1.0876, seg: 0.3106, edge: 0.7770, rho: 0.50, gamma: 0.133, edge_pos_p: 0.748, edge_neg_p: 0.249, lr: 2.5551335241327604e-05
2026-08-14 17:46:58 - train: epoch 277, iter:20, total: 0.9677, seg: 0.2623, edge: 0.7054, rho: 0.50, gamma: 0.133, edge_pos_p: 0.746, edge_neg_p: 0.230, lr: 2.5551335241327604e-05
2026-08-14 17:47:20 - val epoch: 277, loss: 2.0074
2026-08-14 17:47:22 - train: epoch 278, iter:0, total: 0.8375, seg: 0.2689, edge: 0.5685, rho: 0.50, gamma: 0.133, edge_pos_p: 0.803, edge_neg_p: 0.209, lr: 2.4288531444730185e-05
2026-08-14 17:47:28 - train: epoch 278, iter:20, total: 1.0728, seg: 0.2825, edge: 0.7903, rho: 0.50, gamma: 0.133, edge_pos_p: 0.747, edge_neg_p: 0.252, lr: 2.4288531444730185e-05
2026-08-14 17:47:52 - val epoch: 278, loss: 1.9946
2026-08-14 17:47:54 - train: epoch 279, iter:0, total: 0.9625, seg: 0.2928, edge: 0.6698, rho: 0.50, gamma: 0.133, edge_pos_p: 0.771, edge_neg_p: 0.219, lr: 2.3078443077785645e-05
2026-08-14 17:48:00 - train: epoch 279, iter:20, total: 0.9501, seg: 0.2854, edge: 0.6646, rho: 0.50, gamma: 0.133, edge_pos_p: 0.773, edge_neg_p: 0.224, lr: 2.3078443077785645e-05
2026-08-14 17:48:24 - val epoch: 279, loss: 2.0000
2026-08-14 17:48:26 - train: epoch 280, iter:0, total: 0.8283, seg: 0.2617, edge: 0.5666, rho: 0.50, gamma: 0.133, edge_pos_p: 0.792, edge_neg_p: 0.212, lr: 2.1921202840320064e-05
2026-08-14 17:48:32 - train: epoch 280, iter:20, total: 1.0344, seg: 0.2728, edge: 0.7616, rho: 0.50, gamma: 0.133, edge_pos_p: 0.766, edge_neg_p: 0.241, lr: 2.1921202840320064e-05
2026-08-14 17:48:55 - val epoch: 280, loss: 2.0004
2026-08-14 17:48:57 - train: epoch 281, iter:0, total: 1.0215, seg: 0.3021, edge: 0.7194, rho: 0.50, gamma: 0.133, edge_pos_p: 0.752, edge_neg_p: 0.227, lr: 2.081693763676623e-05
2026-08-14 17:49:02 - train: epoch 281, iter:20, total: 0.9814, seg: 0.2774, edge: 0.7039, rho: 0.50, gamma: 0.133, edge_pos_p: 0.763, edge_neg_p: 0.236, lr: 2.081693763676623e-05
2026-08-14 17:49:26 - val epoch: 281, loss: 2.0020
2026-08-14 17:49:28 - train: epoch 282, iter:0, total: 1.0465, seg: 0.2998, edge: 0.7467, rho: 0.50, gamma: 0.133, edge_pos_p: 0.740, edge_neg_p: 0.228, lr: 1.9765768562247723e-05
2026-08-14 17:49:33 - train: epoch 282, iter:20, total: 1.0771, seg: 0.3099, edge: 0.7672, rho: 0.50, gamma: 0.133, edge_pos_p: 0.732, edge_neg_p: 0.234, lr: 1.9765768562247723e-05
2026-08-14 17:49:59 - val epoch: 282, loss: 1.9976
2026-08-14 17:50:00 - train: epoch 283, iter:0, total: 0.8437, seg: 0.2598, edge: 0.5839, rho: 0.50, gamma: 0.133, edge_pos_p: 0.792, edge_neg_p: 0.219, lr: 1.876781088929913e-05
2026-08-14 17:50:06 - train: epoch 283, iter:20, total: 1.0211, seg: 0.2992, edge: 0.7220, rho: 0.50, gamma: 0.133, edge_pos_p: 0.766, edge_neg_p: 0.241, lr: 1.876781088929913e-05
2026-08-14 17:50:29 - val epoch: 283, loss: 2.0041
2026-08-14 17:50:31 - train: epoch 284, iter:0, total: 1.1115, seg: 0.3141, edge: 0.7974, rho: 0.50, gamma: 0.133, edge_pos_p: 0.733, edge_neg_p: 0.250, lr: 1.7823174055225262e-05
2026-08-14 17:50:37 - train: epoch 284, iter:20, total: 1.0048, seg: 0.2805, edge: 0.7242, rho: 0.50, gamma: 0.133, edge_pos_p: 0.776, edge_neg_p: 0.254, lr: 1.7823174055225262e-05
2026-08-14 17:51:12 - val epoch: 284, loss: 1.9992
2026-08-14 17:51:14 - train: epoch 285, iter:0, total: 0.8960, seg: 0.2822, edge: 0.6137, rho: 0.50, gamma: 0.133, edge_pos_p: 0.804, edge_neg_p: 0.224, lr: 1.693196165010003e-05
2026-08-14 17:51:20 - train: epoch 285, iter:20, total: 1.0520, seg: 0.3126, edge: 0.7393, rho: 0.50, gamma: 0.133, edge_pos_p: 0.747, edge_neg_p: 0.240, lr: 1.693196165010003e-05
2026-08-14 17:51:51 - val epoch: 285, loss: 2.0013
2026-08-14 17:51:54 - train: epoch 286, iter:0, total: 1.0731, seg: 0.3128, edge: 0.7604, rho: 0.50, gamma: 0.133, edge_pos_p: 0.731, edge_neg_p: 0.236, lr: 1.6094271405406855e-05
2026-08-14 17:52:00 - train: epoch 286, iter:20, total: 0.8336, seg: 0.2562, edge: 0.5774, rho: 0.50, gamma: 0.133, edge_pos_p: 0.802, edge_neg_p: 0.221, lr: 1.6094271405406855e-05
2026-08-14 17:52:26 - val epoch: 286, loss: 1.9960
2026-08-14 17:52:28 - train: epoch 287, iter:0, total: 1.0614, seg: 0.3135, edge: 0.7479, rho: 0.50, gamma: 0.133, edge_pos_p: 0.762, edge_neg_p: 0.242, lr: 1.5310195183320773e-05
2026-08-14 17:52:34 - train: epoch 287, iter:20, total: 1.0066, seg: 0.2916, edge: 0.7150, rho: 0.50, gamma: 0.133, edge_pos_p: 0.762, edge_neg_p: 0.228, lr: 1.5310195183320773e-05
2026-08-14 17:52:56 - val epoch: 287, loss: 2.0066
2026-08-14 17:52:58 - train: epoch 288, iter:0, total: 1.0085, seg: 0.3066, edge: 0.7019, rho: 0.50, gamma: 0.133, edge_pos_p: 0.775, edge_neg_p: 0.252, lr: 1.4579818966635417e-05
2026-08-14 17:53:04 - train: epoch 288, iter:20, total: 1.0142, seg: 0.2854, edge: 0.7288, rho: 0.50, gamma: 0.133, edge_pos_p: 0.756, edge_neg_p: 0.241, lr: 1.4579818966635417e-05
2026-08-14 17:53:27 - val epoch: 288, loss: 2.0014
2026-08-14 17:53:28 - train: epoch 289, iter:0, total: 1.1296, seg: 0.3058, edge: 0.8238, rho: 0.50, gamma: 0.133, edge_pos_p: 0.744, edge_neg_p: 0.252, lr: 1.3903222849333505e-05
2026-08-14 17:53:34 - train: epoch 289, iter:20, total: 0.8568, seg: 0.2730, edge: 0.5838, rho: 0.50, gamma: 0.133, edge_pos_p: 0.802, edge_neg_p: 0.219, lr: 1.3903222849333505e-05
2026-08-14 17:53:56 - val epoch: 289, loss: 2.0044
2026-08-14 17:53:58 - train: epoch 290, iter:0, total: 0.8438, seg: 0.2652, edge: 0.5786, rho: 0.50, gamma: 0.133, edge_pos_p: 0.816, edge_neg_p: 0.229, lr: 1.3280481027803759e-05
2026-08-14 17:54:04 - train: epoch 290, iter:20, total: 0.8728, seg: 0.2487, edge: 0.6242, rho: 0.50, gamma: 0.133, edge_pos_p: 0.799, edge_neg_p: 0.232, lr: 1.3280481027803759e-05
2026-08-14 17:54:32 - val epoch: 290, loss: 2.0049
2026-08-14 17:54:34 - train: epoch 291, iter:0, total: 1.0184, seg: 0.2800, edge: 0.7384, rho: 0.50, gamma: 0.133, edge_pos_p: 0.769, edge_neg_p: 0.267, lr: 1.271166179270472e-05
2026-08-14 17:54:40 - train: epoch 291, iter:20, total: 0.9466, seg: 0.2823, edge: 0.6642, rho: 0.50, gamma: 0.133, edge_pos_p: 0.773, edge_neg_p: 0.232, lr: 1.271166179270472e-05
2026-08-14 17:55:19 - val epoch: 291, loss: 2.0023
2026-08-14 17:55:21 - train: epoch 292, iter:0, total: 1.0300, seg: 0.3093, edge: 0.7207, rho: 0.50, gamma: 0.133, edge_pos_p: 0.759, edge_neg_p: 0.244, lr: 1.21968275214754e-05
2026-08-14 17:55:26 - train: epoch 292, iter:20, total: 1.0183, seg: 0.3144, edge: 0.7039, rho: 0.50, gamma: 0.133, edge_pos_p: 0.766, edge_neg_p: 0.239, lr: 1.21968275214754e-05
2026-08-14 17:55:49 - val epoch: 292, loss: 2.0010
2026-08-14 17:55:51 - train: epoch 293, iter:0, total: 0.9824, seg: 0.2979, edge: 0.6844, rho: 0.50, gamma: 0.133, edge_pos_p: 0.760, edge_neg_p: 0.231, lr: 1.1736034671495336e-05
2026-08-14 17:55:56 - train: epoch 293, iter:20, total: 1.1685, seg: 0.3413, edge: 0.8272, rho: 0.50, gamma: 0.133, edge_pos_p: 0.721, edge_neg_p: 0.242, lr: 1.1736034671495336e-05
2026-08-14 17:56:19 - val epoch: 293, loss: 2.0027
2026-08-14 17:56:21 - train: epoch 294, iter:0, total: 0.8177, seg: 0.2458, edge: 0.5718, rho: 0.50, gamma: 0.133, edge_pos_p: 0.808, edge_neg_p: 0.215, lr: 1.1329333773893242e-05
2026-08-14 17:56:26 - train: epoch 294, iter:20, total: 0.9493, seg: 0.2737, edge: 0.6756, rho: 0.50, gamma: 0.133, edge_pos_p: 0.778, edge_neg_p: 0.231, lr: 1.1329333773893242e-05
2026-08-14 17:56:49 - val epoch: 294, loss: 2.0013
2026-08-14 17:56:51 - train: epoch 295, iter:0, total: 0.8844, seg: 0.2671, edge: 0.6173, rho: 0.50, gamma: 0.133, edge_pos_p: 0.792, edge_neg_p: 0.217, lr: 1.0976769428005577e-05
2026-08-14 17:56:57 - train: epoch 295, iter:20, total: 0.9546, seg: 0.2707, edge: 0.6840, rho: 0.50, gamma: 0.133, edge_pos_p: 0.779, edge_neg_p: 0.239, lr: 1.0976769428005577e-05
2026-08-14 17:57:20 - val epoch: 295, loss: 1.9990
2026-08-14 17:57:22 - train: epoch 296, iter:0, total: 0.9383, seg: 0.2788, edge: 0.6595, rho: 0.50, gamma: 0.133, edge_pos_p: 0.794, edge_neg_p: 0.227, lr: 1.0678380296485951e-05
2026-08-14 17:57:27 - train: epoch 296, iter:20, total: 0.9775, seg: 0.2752, edge: 0.7022, rho: 0.50, gamma: 0.133, edge_pos_p: 0.775, edge_neg_p: 0.248, lr: 1.0678380296485951e-05
2026-08-14 17:57:50 - val epoch: 296, loss: 1.9983
2026-08-14 17:57:52 - train: epoch 297, iter:0, total: 0.9370, seg: 0.2742, edge: 0.6629, rho: 0.50, gamma: 0.133, edge_pos_p: 0.785, edge_neg_p: 0.241, lr: 1.04341991010651e-05
2026-08-14 17:57:57 - train: epoch 297, iter:20, total: 0.9505, seg: 0.2576, edge: 0.6929, rho: 0.50, gamma: 0.133, edge_pos_p: 0.775, edge_neg_p: 0.233, lr: 1.04341991010651e-05
2026-08-14 17:58:20 - val epoch: 297, loss: 1.9991
2026-08-14 17:58:22 - train: epoch 298, iter:0, total: 1.0703, seg: 0.3073, edge: 0.7630, rho: 0.50, gamma: 0.133, edge_pos_p: 0.753, edge_neg_p: 0.243, lr: 1.0244252618962858e-05
2026-08-14 17:58:27 - train: epoch 298, iter:20, total: 0.9782, seg: 0.2989, edge: 0.6792, rho: 0.50, gamma: 0.133, edge_pos_p: 0.759, edge_neg_p: 0.213, lr: 1.0244252618962858e-05
2026-08-14 17:58:50 - val epoch: 298, loss: 2.0014
2026-08-14 17:58:52 - train: epoch 299, iter:0, total: 0.9098, seg: 0.2742, edge: 0.6357, rho: 0.50, gamma: 0.133, edge_pos_p: 0.762, edge_neg_p: 0.227, lr: 1.0108561679951479e-05
2026-08-14 17:58:57 - train: epoch 299, iter:20, total: 0.9056, seg: 0.2910, edge: 0.6147, rho: 0.50, gamma: 0.133, edge_pos_p: 0.784, edge_neg_p: 0.217, lr: 1.0108561679951479e-05
2026-08-14 17:59:20 - val epoch: 299, loss: 2.0011
2026-08-14 17:59:22 - train: epoch 300, iter:0, total: 0.9414, seg: 0.2934, edge: 0.6481, rho: 0.50, gamma: 0.133, edge_pos_p: 0.789, edge_neg_p: 0.238, lr: 1.002714116407149e-05
2026-08-14 17:59:28 - train: epoch 300, iter:20, total: 1.0379, seg: 0.2733, edge: 0.7646, rho: 0.50, gamma: 0.133, edge_pos_p: 0.742, edge_neg_p: 0.241, lr: 1.002714116407149e-05
2026-08-14 17:59:54 - val epoch: 300, loss: 2.0035, miou: 0.7787231995179638, f1_or_dsc: 0.8755979567017497, accuracy: 0.9389430697601621,                 specificity: 0.9570242208262549, sensitivity: 0.882743137466503, confusion_matrix: [[38341737  1721760]
 [ 1511393 11378198]]
2026-08-14 18:00:20 - test of best model, loss: 1.7746,miou: 0.7884695628000972, f1_or_dsc: 0.8817254475000835, accuracy: 0.9434112699905245,                 specificity: 0.9681394262712514, sensitivity: 0.86655107985971, confusion_matrix: [[38787051  1276446]
 [ 1720102 11169489]]
