match_field,match_value,dataset_a,split_a,image_id_a,dataset_b,split_b,image_id_b
mask_sha256,dea15763bb2caa6e0177050ee94438987b1f9055e93aa199676cbdca39cd5305,ISIC2017,test,ISIC_0012086,ISIC2018,train,ISIC_0012086
mask_sha256,d68375de648f3c770fe8c293a05eb076334c5f57738879d42f70c5b15d2c80b1,ISIC2017,test,ISIC_0012092,ISIC2018,train,ISIC_0012092
mask_sha256,ae9e5e1050d20624a3b8f497ae2dd9a13a3a6ecc31d77bf27fa7f90131025f74,ISIC2017,test,ISIC_0012095,ISIC2018,train,ISIC_0012095
mask_sha256,0d59fcf32743588bce672ead7ed436f10c589b971ff7b4d75f5c448910e00101,ISIC2017,test,ISIC_0012134,ISIC2018,train,ISIC_0012134
mask_sha256,9977dd64d4607247daa1777eb451312879d3ba5d60ade973e13e62bfebe44530,ISIC2017,test,ISIC_0012136,ISIC2018,train,ISIC_0012136
mask_sha256,8800f7c0d70288ed515bec48ee3ad383f01b1e45bc8368d12105d4abc8eb7137,ISIC2017,test,ISIC_0012147,ISIC2018,train,ISIC_0012147
mask_sha256,59cc684df2e0b50ceb295205faa265c7ae237211f50d4fa624e6e87206868d56,ISIC2017,test,ISIC_0012149,ISIC2018,train,ISIC_0012149
mask_sha256,7b9aa8056769a69a8a9a1588e50a0508ba12e4370fdbfbba44c947e5b52175a1,ISIC2017,test,ISIC_0012178,ISIC2018,train,ISIC_0012178
mask_sha256,2a4e0a7238dfa7beb52ac3b21fae29866e5a1b1f588e165e0310c0191868cfb2,ISIC2017,test,ISIC_0012207,ISIC2018,train,ISIC_0012207
mask_sha256,e14b14dcfcf3ad7e999c0938aa7a9b33e83dbfdc9c29ee8908f8ebcb0e6906b6,ISIC2017,test,ISIC_0012216,ISIC2018,train,ISIC_0012216
mask_sha256,e4fd8fead47542fc7db74b78db060737b61c9ccf3a41a4248140af091b8ecd76,ISIC2017,test,ISIC_0012223,ISIC2018,train,ISIC_0012223
mask_sha256,5d46b0d692ab57e038eb6d9f5c966a5afed42789213d3f38ad4fa73066d148f3,ISIC2017,test,ISIC_0012248,ISIC2018,train,ISIC_0012248
mask_sha256,837796cbbc989a3375648b15e2f270d2b9c3bb58cb13eb338855dab44f04b82e,ISIC2017,test,ISIC_0012258,ISIC2018,train,ISIC_0012258
mask_sha256,4c1f6031c645026898f1e7d971b88f3c8b46a400c4ed610a2cc2759b8bc0a1bb,ISIC2017,test,ISIC_0012266,ISIC2018,train,ISIC_0012266
mask_sha256,7f06ba1904338698bc6e525a329bdf06c6c7a4a1c7edeb5fab31c65c23d0c3ad,ISIC2017,test,ISIC_0012272,ISIC2018,train,ISIC_0012272
mask_sha256,324e64d7c1fe9825fb3ddeb67a6f4d8cb18b57f6f5355705be5a176ca50731c1,ISIC2017,test,ISIC_0012273,ISIC2018,train,ISIC_0012273
mask_sha256,966ccd63e0068eb2487defc5a8845a18e60ff2328f545ea0bc57b9806802e890,ISIC2017,test,ISIC_0012314,ISIC2018,train,ISIC_0012314
mask_sha256,d9dd87e086dc4f2787a95774554bdaba5cf2cfef6cec450c70e0cbf1a75e0d2f,ISIC2017,test,ISIC_0012323,ISIC2018,train,ISIC_0012323
mask_sha256,2b5e2f882b02866b78401dfa5a8ca363b6f9f7362e5b4047339cc326bd542106,ISIC2017,test,ISIC_0012330,ISIC2018,train,ISIC_0012330
mask_sha256,6880834f269deadabf0c8f32587784634f168c31116d7bb34f0f9f8485300d16,ISIC2017,test,ISIC_0012356,ISIC2018,train,ISIC_0012356
mask_sha256,3aa9a295eaaf7cc8ebc3316ae655f8ed459639aa66e076e2bd8136bb9e75f53c,ISIC2017,test,ISIC_0012357,ISIC2018,train,ISIC_0012357
mask_sha256,5dc2c424f823b8589249c56940af5581a7bf5ac203fad3ea04ff54a3504acb4d,ISIC2017,test,ISIC_0012358,ISIC2018,train,ISIC_0012358
mask_sha256,2bac6c81c7c6d06d34ff570ea0b479e4e891143d3dbfc1b32dc18dbc52417c1f,ISIC2017,test,ISIC_0012369,ISIC2018,train,ISIC_0012369
mask_sha256,3c79ff57ead2dee2dbb9f9f02532250269733cd01a18787603ff58c5d5a8692c,ISIC2017,test,ISIC_0012372,ISIC2018,train,ISIC_0012372
mask_sha256,5bee0a74a1d63e24d9b8b3a60824e1d8af19ab694fa2fe8cf8ae6c2f42c30023,ISIC2017,test,ISIC_0012395,ISIC2018,train,ISIC_0012395
mask_sha256,06a886379172bcd61ab167d9da28f2e9c5fb9d95bc42b6eb8f407e0c13c6c57d,ISIC2017,test,ISIC_0012425,ISIC2018,train,ISIC_0012425
mask_sha256,8a0d1c2b732afe49e3e919c49b2b0a2ff530edccad11be3425f8418b42805488,ISIC2017,test,ISIC_0012432,ISIC2018,train,ISIC_0012432
mask_sha256,934b8a77eb1d09bd66083fdcc4a23ad3ff2a34034f26116264c293d7884f6f57,ISIC2017,test,ISIC_0012447,ISIC2018,train,ISIC_0012447
mask_sha256,3e2a667fb8d1e14799c404a13119c837ff1009f2b247095d8623b5a80c972cba,ISIC2017,test,ISIC_0012448,ISIC2018,train,ISIC_0012448
mask_sha256,ac0fa63ced65e4475189254d9111c6e1eef7d8d4178dbcbb2d437db5737bd0e1,ISIC2017,test,ISIC_0012484,ISIC2018,train,ISIC_0012484
mask_sha256,de34f6982b852662e6fb95d11eebd4d2caf33601eb31ec88065df324ff0dddfd,ISIC2017,test,ISIC_0012493,ISIC2018,train,ISIC_0012493
mask_sha256,19a20dd9612c3a578c6814bb993c2df277a671362d34a2f6ae45f0f307a8d8d1,ISIC2017,test,ISIC_0012510,ISIC2018,train,ISIC_0012510
mask_sha256,cc98963d615515a0bc89a995be8e869a3310f8c02ce8453ea75d47b76f969adc,ISIC2017,test,ISIC_0012548,ISIC2018,train,ISIC_0012548
mask_sha256,1818ee7737ff3b5ca9fb7798bf5b5baa200e717bacc9e862db5ca5152789688e,ISIC2017,test,ISIC_0012551,ISIC2018,train,ISIC_0012551
mask_sha256,7ffc6d862a4fdb997cb405a0bb14ce3398cc5994f24cdfa75d45bdd22d2bf90c,ISIC2017,test,ISIC_0012654,ISIC2018,train,ISIC_0012654
mask_sha256,aea651d677fa5c3f080bdbe413d544ea59f13724b185db99edf83fd13c2e2cbb,ISIC2017,test,ISIC_0012656,ISIC2018,train,ISIC_0012656
mask_sha256,951a6f07710c02ac67d27a560b2ac8152e6d0497b961064c747843b653e158f0,ISIC2017,test,ISIC_0012705,ISIC2018,train,ISIC_0012705
mask_sha256,71fa2e76d330ea4bc60b19e986477575050be385fb74240f60aae5f3861b1509,ISIC2017,test,ISIC_0012708,ISIC2018,train,ISIC_0012708
mask_sha256,880d571a204c437f0bb7ac4d4691794032d08d7563ad0b5081ba137c0f987ced,ISIC2017,test,ISIC_0012722,ISIC2018,train,ISIC_0012722
mask_sha256,ce02fdca1ad8fa4ea2cfae79e500e6ca9a33a0bbaade5d216a7538fabf0e2d31,ISIC2017,test,ISIC_0012758,ISIC2018,train,ISIC_0012758
mask_sha256,609bbf22c19d885b91a164b3ef8d81af5400115da23acdfd7036e3318580abac,ISIC2017,test,ISIC_0012786,ISIC2018,train,ISIC_0012786
mask_sha256,ff2ffe717ab16693f338a7591cd3ac8ea2ab0d77b5d197f32079fd4575bcf634,ISIC2017,test,ISIC_0012803,ISIC2018,train,ISIC_0012803
mask_sha256,bd8609f35c1b99917a2f0bd3235dbd7cc1a801a13c35803d94677d5e053529aa,ISIC2017,test,ISIC_0012836,ISIC2018,train,ISIC_0012836
mask_sha256,d598a352585b4575c9ee8065c96cf54c3e21d8186e23bed77792ca060418e8d3,ISIC2017,test,ISIC_0012837,ISIC2018,train,ISIC_0012837
mask_sha256,345052ab025119a6dc22f082fa120a9bd8fc575019b93764a6bc941c197b9831,ISIC2017,test,ISIC_0012852,ISIC2018,train,ISIC_0012852
mask_sha256,bc4713f88cd92d76cb0a7fdf40d84c9d201e88f8e93a86b815688eacf7390bdf,ISIC2017,test,ISIC_0012903,ISIC2018,train,ISIC_0012903
mask_sha256,b2dafb507eafed3df4ed985c6f5a14579f10e3e0374c4a46bc604236e5621245,ISIC2017,test,ISIC_0012904,ISIC2018,train,ISIC_0012904
mask_sha256,79ee9700f3f42540ee0d57fe0da031dbcd1db488ccd4fe43e61f1a4198416399,ISIC2017,test,ISIC_0012941,ISIC2018,train,ISIC_0012941
mask_sha256,41d7cfbd0f8b0da8ca2506d7068091149ebc6c29bb9602fc2da86b45126c09d6,ISIC2017,test,ISIC_0012989,ISIC2018,train,ISIC_0012989
mask_sha256,3b16c6dd6442aa3fdc75b448b6ae59ed01ac793085e490555f454fefddb8ccb1,ISIC2017,test,ISIC_0013035,ISIC2018,train,ISIC_0013035
mask_sha256,1256ea31a849c04a80047111099ae0cf61da900221598a1c96d3c4d930650d07,ISIC2017,test,ISIC_0013045,ISIC2018,train,ISIC_0013045
mask_sha256,617afbcace0b6bb5942a151d6f1513d16cbded94276bb2d7d74b054493fa2fcc,ISIC2017,test,ISIC_0013070,ISIC2018,train,ISIC_0013070
mask_sha256,ca3734149c167ff82cc4bc9b5342dfa9e07be4cdd44a4eefa62bd41397e428bd,ISIC2017,test,ISIC_0013072,ISIC2018,train,ISIC_0013072
mask_sha256,2adfe7c066e73b704f84432029c6bd6aa49b59b39687d821b78e4af035d423a3,ISIC2017,test,ISIC_0013073,ISIC2018,train,ISIC_0013073
mask_sha256,c2043a321f8601879bc95351e193bc0a3578a712f5d4529cacd0bf672f67bdae,ISIC2017,test,ISIC_0013109,ISIC2018,train,ISIC_0013109
mask_sha256,c04f2946e18ebaef121e48ec707d70cae20f0617d5576b214406d651efe57803,ISIC2017,test,ISIC_0013159,ISIC2018,train,ISIC_0013159
mask_sha256,0e03c8568838622fed8a52684f531b2336d413b3c610a102e99440338bb9866c,ISIC2017,test,ISIC_0013164,ISIC2018,train,ISIC_0013164
mask_sha256,f6f78893cf7b2356375c59a811e24bd8e5e00c03b518ceb1428b020e976648b4,ISIC2017,test,ISIC_0013169,ISIC2018,train,ISIC_0013169
mask_sha256,d59510ddd1e55662e9254a959a34308af69f318929751ee9a4e7a7b8d9b46eb8,ISIC2017,test,ISIC_0013170,ISIC2018,train,ISIC_0013170
mask_sha256,79ac5d7fe3c9c9bd293cd10d5da6ace8378df0553dae0aba22496329f5168ba2,ISIC2017,test,ISIC_0013176,ISIC2018,train,ISIC_0013176
mask_sha256,b9ce7e8757002a3c8ff1d376b8a12082f807e4176ee84443131ab7928d3ab454,ISIC2017,test,ISIC_0013191,ISIC2018,train,ISIC_0013191
mask_sha256,8a60289eaf9dbfe8b2efe5cef007aef8bf8a90e8bfcd8795525e4dd0508aac07,ISIC2017,test,ISIC_0013203,ISIC2018,train,ISIC_0013203
mask_sha256,662f56937c9084fb630af7eef5c8c21dec8708b333237789f3bb79a554561416,ISIC2017,test,ISIC_0013216,ISIC2018,train,ISIC_0013216
mask_sha256,1c9dc5b432dd9d2920a35eac02fdb4c25680c1a534939566efb28ca9a5e3e054,ISIC2017,test,ISIC_0013226,ISIC2018,train,ISIC_0013226
mask_sha256,5224696c3fbcfc3606df2ec8ef8729ece43542b61b732477a86c712e3c74911d,ISIC2017,test,ISIC_0013230,ISIC2018,train,ISIC_0013230
mask_sha256,bf871744d913bc18d4504dbcd87e32a7773ad9f06a2fcb2df8b3bbf5e18a7fa5,ISIC2017,test,ISIC_0013242,ISIC2018,train,ISIC_0013242
mask_sha256,34353a534cd98fdbb66f9d6746bf1a41197cdcb0273f1b127006da6e5d932a03,ISIC2017,test,ISIC_0013269,ISIC2018,train,ISIC_0013269
mask_sha256,ea34db8ba2b741aba638ce0c32ed4d89fbaab8fd0eb6295025b59235cb4a90e5,ISIC2017,test,ISIC_0013271,ISIC2018,train,ISIC_0013271
mask_sha256,a4ef36f1c90dbfb48a650b4a7056f044ad6a88fb813910af0a70f390adca473a,ISIC2017,test,ISIC_0013277,ISIC2018,train,ISIC_0013277
mask_sha256,bcaef9dc9418bce773497e6e4e7f78c28deaa3a6ed63de13fa9627c9c3a499bb,ISIC2017,test,ISIC_0013291,ISIC2018,train,ISIC_0013291
mask_sha256,3dc1a1806d906616fa0ef6d04e7da558256aea121d72cc9843e67caa165f5d9b,ISIC2017,test,ISIC_0013319,ISIC2018,train,ISIC_0013319
mask_sha256,efaf7c778e79cf986003d727cd980e322fc863a0d2ad456f4088d966a8109678,ISIC2017,test,ISIC_0013321,ISIC2018,train,ISIC_0013321
mask_sha256,ddae7ac3effc610c9d9db7559655b38ad4e61ddbbe9a2b659c5e5ecb93b570b2,ISIC2017,test,ISIC_0013325,ISIC2018,train,ISIC_0013325
mask_sha256,a5655dbdfe3bd14c41ccfe38d69c0c6a5f30d19c2e30c7d3fd106619ff1bb90f,ISIC2017,test,ISIC_0013374,ISIC2018,train,ISIC_0013374
mask_sha256,8bd5c5ca7f7d27538f2abcbab880b074855f3e15552a832ea8bd4e62f4fba6ea,ISIC2017,test,ISIC_0013393,ISIC2018,train,ISIC_0013393
mask_sha256,5eb6445f9ba78a4d25d52ad6026fcb0c08bff6040ee65c7f668f110b9209c34e,ISIC2017,test,ISIC_0013399,ISIC2018,train,ISIC_0013399
mask_sha256,fd6a374c6aec784aebb85d5d53e68bf547838014236e389b2548d1f28c306cfd,ISIC2017,test,ISIC_0013411,ISIC2018,train,ISIC_0013411
mask_sha256,e24a69989c04b01a27b3eba3bfd5cb5b0097e0a9ca44fe3ec1a1f8358c94ac75,ISIC2017,test,ISIC_0013414,ISIC2018,train,ISIC_0013414
mask_sha256,9370ea951eb041c0c97d5ebb39942abe3a7947f36f5862546887a3e6ca09e3f0,ISIC2017,test,ISIC_0013416,ISIC2018,train,ISIC_0013416
mask_sha256,3932444a3f6c36f1c6cb6f3ae81a4b42e352f04ab96aabca83c2485e4aeaa06a,ISIC2017,test,ISIC_0013455,ISIC2018,train,ISIC_0013455
mask_sha256,67f851061321e3f519698c09d8049e14fcb5b5a603509babb30e4e5f9014efb6,ISIC2017,test,ISIC_0013457,ISIC2018,train,ISIC_0013457
mask_sha256,59e39b2284dbc1830efe8e2f5644ed23b3586be72e98eee44f63b50b3ab380de,ISIC2017,test,ISIC_0013459,ISIC2018,train,ISIC_0013459
mask_sha256,92e0dc7a7948dd9859ec3b5d86a6a077e1adf23150dc1e9b524a4c8a0fbf3681,ISIC2017,test,ISIC_0013465,ISIC2018,train,ISIC_0013465
mask_sha256,a41aac0356aee9e479d40de2854865d32b3916ce379f464696be77ca0b7c0bf3,ISIC2017,test,ISIC_0013472,ISIC2018,train,ISIC_0013472
mask_sha256,6c439a0fd09ade97615baac3f359af3a32c5858dc22904e55f1e943e3663b0a0,ISIC2017,test,ISIC_0013473,ISIC2018,train,ISIC_0013473
mask_sha256,bb91cc7d8afb6953dfabe8a5ff5d024f9a364c510a454fb82e5bd07a6d3e9119,ISIC2017,test,ISIC_0013511,ISIC2018,train,ISIC_0013511
mask_sha256,afff4f4446d0fe8c28e20ce2e37d8efed37cbb4c1607e61f9369bd4f063c3d6e,ISIC2017,test,ISIC_0013512,ISIC2018,train,ISIC_0013512
mask_sha256,6eb71af7f38250bcbf9ae907ad274db747f1fce96c27e583e0cddfc2de491217,ISIC2017,test,ISIC_0013529,ISIC2018,train,ISIC_0013529
mask_sha256,4af725c92b4975df62680a9911b41c0c6efdc9520128020ec1c8731996675b03,ISIC2017,test,ISIC_0013565,ISIC2018,train,ISIC_0013565
mask_sha256,1074257ed21ed912bda9b18e3cf63363f4d93a9cf47c254cedf88207ff127a70,ISIC2017,test,ISIC_0013577,ISIC2018,train,ISIC_0013577
mask_sha256,02f2c1a417f3dc82eb0835ebf51149993a78b41dda244b045db517079d16f01d,ISIC2017,test,ISIC_0013588,ISIC2018,train,ISIC_0013588
mask_sha256,a71be3e5c35cdc364412f4e3f77388a186c5bf0ae0c73235006f6d5bf437171b,ISIC2017,test,ISIC_0013600,ISIC2018,train,ISIC_0013600
mask_sha256,38cda14e0e21b26c6832acb94f7f6fe612a24abfc298811b7ddde6683c1911f9,ISIC2017,test,ISIC_0013602,ISIC2018,train,ISIC_0013602
mask_sha256,a62192fd061276d6928b9931c39ef5108e85bee41028746d14aa4ae77750914a,ISIC2017,test,ISIC_0013615,ISIC2018,train,ISIC_0013615
mask_sha256,13fad7d8e90dc311cb1ade4bafcffb9d60721041984fc30def2d90fb42a759fb,ISIC2017,test,ISIC_0013617,ISIC2018,train,ISIC_0013617
mask_sha256,9891f7294e6d5572585d5aa4401a95ececb400b081c5a5784aadf8c8424221ee,ISIC2017,test,ISIC_0013636,ISIC2018,train,ISIC_0013636
mask_sha256,0bebe3de75ec2caae804417e369039ea5e9cce791f2c0229f1d51c67f03c14ff,ISIC2017,test,ISIC_0013673,ISIC2018,train,ISIC_0013673
mask_sha256,6630cf5f4aa1f6012b3c1b2600b298162f7d1f8cd1a919e1373729d203c5f5ae,ISIC2017,test,ISIC_0013678,ISIC2018,train,ISIC_0013678
mask_sha256,c56a19b9df3a22426caa229918c1f48d26eff182418a6aff744b70ca77ed971d,ISIC2017,test,ISIC_0013696,ISIC2018,train,ISIC_0013696
mask_sha256,7affd2f83812869307376fb5ddc85aeb748eea57fbacfb01a0ee151b927cf468,ISIC2017,test,ISIC_0013708,ISIC2018,train,ISIC_0013708
mask_sha256,1e733afde7e4af18f39156e8f6b66a60cd67d213ee451680bca09586023962a5,ISIC2017,test,ISIC_0013733,ISIC2018,train,ISIC_0013733
mask_sha256,c5d52f07275e6bdf1ef1d91ffae4b5ddef38df2667ed83689b1b114689c0172a,ISIC2017,test,ISIC_0013738,ISIC2018,train,ISIC_0013738
mask_sha256,f79fbf6a0df277eef2f56eaa9ef499f11e5b3bf2ca04043902a2b136cf66bade,ISIC2017,test,ISIC_0013739,ISIC2018,train,ISIC_0013739
mask_sha256,e64ad6205e5badfa380c0459611571ca47881c583b4a3b098f923056c21f2208,ISIC2017,test,ISIC_0013766,ISIC2018,train,ISIC_0013766
mask_sha256,c0f9e1eff941ebbfc786b2253013670ced803bd62e9e34b9b4d707ae9ceb2e13,ISIC2017,test,ISIC_0013767,ISIC2018,train,ISIC_0013767
mask_sha256,4bbc9e4d1773ce79c29ab3877367551908dfd492609022e5fe93d9f83da1cafe,ISIC2017,test,ISIC_0013794,ISIC2018,train,ISIC_0013794
mask_sha256,8da02d476910e4d1cc992790aba3b30c7fe68d3b7866feda29465aef3c5f482b,ISIC2017,test,ISIC_0013809,ISIC2018,train,ISIC_0013809
mask_sha256,b7be7e1d3e357b2df3a330820fd3ff0a342599e454058fdb2ce8628e7682daaa,ISIC2017,test,ISIC_0013813,ISIC2018,train,ISIC_0013813
mask_sha256,fa3c869e1be6cae1891811f230f3a00f1c28a451fef3d66835d5baf7d9b87494,ISIC2017,test,ISIC_0013833,ISIC2018,train,ISIC_0013833
mask_sha256,04c42a63ad79c4ea9af6a57cf1cf6dadd484777bcb46be16b58cd2e553fce049,ISIC2017,test,ISIC_0013842,ISIC2018,train,ISIC_0013842
mask_sha256,3249a6e7ab3ee04d34371387599d822552d1cd80664615be32cca6e7d4e4b7ae,ISIC2017,test,ISIC_0013867,ISIC2018,train,ISIC_0013867
mask_sha256,77e2ef1ebcc2324146957410ea28c1311e006524e280ebbf63071c6e2a2b2e1a,ISIC2017,test,ISIC_0013891,ISIC2018,train,ISIC_0013891
mask_sha256,e06b140187968d2b9efc7f2e20ae119dbdb4abe0a229380117aac399da7d286c,ISIC2017,test,ISIC_0013897,ISIC2018,train,ISIC_0013897
mask_sha256,708b3ebb9dee868f1fb3b24a6a1e20c00071364a3ff3059935286db9ae1303f0,ISIC2017,test,ISIC_0013908,ISIC2018,train,ISIC_0013908
mask_sha256,96e6dfcc3dbf873b0a796ba3d52566f6ed82340e1472a31d73649b7051ee8ef9,ISIC2017,test,ISIC_0013911,ISIC2018,train,ISIC_0013911
mask_sha256,8d7cde8d3b0aeb4990c6c333e1c23c1c132652eccff4079d37fc00e6cf0b95bc,ISIC2017,test,ISIC_0013917,ISIC2018,train,ISIC_0013917
mask_sha256,97597144e244819b9e07c5172ab26e949a90c458610e58c81826ab2ab3564f29,ISIC2017,test,ISIC_0013925,ISIC2018,train,ISIC_0013925
mask_sha256,89dc7a5eb384688796305a62cc60e8eac662a397f3c5f5d66bcea5c6b90ffc98,ISIC2017,test,ISIC_0013948,ISIC2018,train,ISIC_0013948
mask_sha256,e7d4213bcfb309fde592c37337ce9ca2f68f57aab75b3dcbe197d868ac44e634,ISIC2017,test,ISIC_0013953,ISIC2018,train,ISIC_0013953
mask_sha256,426271b0b1e3b04bc945007d8e2d6bef83f753a21a853eff074b19603b2d5471,ISIC2017,test,ISIC_0013966,ISIC2018,train,ISIC_0013966
mask_sha256,97bbd386c1d94611e2958c76e9411a7970a606735b6aa1c68299b497b4cd93f7,ISIC2017,test,ISIC_0013977,ISIC2018,train,ISIC_0013977
mask_sha256,5b14be44e0e7e3006d935cb3733a7ee5c0a1e7a384a5d51142895f1027ac7b7a,ISIC2017,test,ISIC_0013987,ISIC2018,train,ISIC_0013987
mask_sha256,a6a0367c8b92c1debaacd8d89bdeef2e70d77deac389676845a23047a21e453a,ISIC2017,test,ISIC_0013988,ISIC2018,train,ISIC_0013988
mask_sha256,d323b7000678298e11845266a20b920666b6b5d3b2c68e4307cd37b1df6a4b39,ISIC2017,test,ISIC_0013998,ISIC2018,train,ISIC_0013998
mask_sha256,1177760bad224ff0b667f6c5891f877df8cd1f28f84cfe5a7bccfdd13628f975,ISIC2017,test,ISIC_0014027,ISIC2018,train,ISIC_0014027
mask_sha256,8f3c82fc2004261631b466174aec46b059ef957b3f743d4ca89cadd76365bf22,ISIC2017,test,ISIC_0014059,ISIC2018,train,ISIC_0014059
mask_sha256,d682b0b46049a8ff1f19cb52e0e0e3c0dfded293abcb57cc6c52a9016deffebd,ISIC2017,test,ISIC_0014077,ISIC2018,train,ISIC_0014077
mask_sha256,6aaa18fdbca8a520674dd1e4e8acb9e98c2bff9a27e175055923e20701402b4e,ISIC2017,test,ISIC_0014090,ISIC2018,train,ISIC_0014090
mask_sha256,798cff6bc0f95eacc5a8bb188ee93ffac749302d1deaee82ff7ef0a00c4652f2,ISIC2017,test,ISIC_0014103,ISIC2018,train,ISIC_0014103
mask_sha256,c8de6e65b3bdd939a226cf8eae647f6756bf95662ad16adb7d6d83dfa330d59d,ISIC2017,test,ISIC_0014110,ISIC2018,train,ISIC_0014110
mask_sha256,f1d82185f4ce942a224d19eebfa2c637f8f4b1014a4a8a1e610463a456b2d6a7,ISIC2017,test,ISIC_0014117,ISIC2018,train,ISIC_0014117
mask_sha256,17953cd7d60eb086c26a307291582d29a2048833ea0d846feb9abf3642f21d97,ISIC2017,test,ISIC_0014129,ISIC2018,train,ISIC_0014129
mask_sha256,a1636756e4a9ec9bb5f36426318955e29afabc516ce82bf3a7705dfc167ece9f,ISIC2017,test,ISIC_0014160,ISIC2018,train,ISIC_0014160
mask_sha256,194679ed7f3d1367414f5e0b7368055913100a34293918e942dd639321238700,ISIC2017,test,ISIC_0014181,ISIC2018,train,ISIC_0014181
mask_sha256,900adb216e8f9adaef34f32a7b7f2e2ddd577f17372a720c9b158b9f0478dcb3,ISIC2017,test,ISIC_0014186,ISIC2018,train,ISIC_0014186
mask_sha256,fea0e4008a7726358f5e794d0e4ae46343b8b00d8c330531a674011596f531ef,ISIC2017,test,ISIC_0014219,ISIC2018,train,ISIC_0014219
mask_sha256,2ef4ab3f4e8e9997cc44e9f84e7022fc1c468765bf92ed15a57a96598f73f1d7,ISIC2017,test,ISIC_0014221,ISIC2018,train,ISIC_0014221
mask_sha256,ac282b2d62b9b55735f0dd30cd4e67864796a53a392f6ba1650534839de1261f,ISIC2017,test,ISIC_0014233,ISIC2018,train,ISIC_0014233
mask_sha256,35fae0d6eab8ca3b9d2463a2dbe01aad49c4b7752f4dcffff073529b48a9cf02,ISIC2017,test,ISIC_0014255,ISIC2018,train,ISIC_0014255
mask_sha256,a8e8cd911e9cdb17290abcd7c9f2016f103387b0e2bef595d818b7a14a89b7c0,ISIC2017,test,ISIC_0014270,ISIC2018,train,ISIC_0014270
mask_sha256,9a4d58967c05d70abc15ba2db3bbf6b23de00f33c99c68a9eae3094ea937136c,ISIC2017,test,ISIC_0014284,ISIC2018,train,ISIC_0014284
mask_sha256,b664eb54af8c88747d1ac51318070108c380a7da06164e4e28b01454dfa3f39d,ISIC2017,test,ISIC_0014288,ISIC2018,train,ISIC_0014288
mask_sha256,6c7f9cf0e8131d60d7ab8032f6a9f634a6c10fc8e48a6ad212c42d3b48a3a1dc,ISIC2017,test,ISIC_0014336,ISIC2018,train,ISIC_0014336
mask_sha256,dce87661656447b003163587bef8fff97c95ecc4ddacdbe09cf4cb6e3e4eca02,ISIC2017,test,ISIC_0014349,ISIC2018,train,ISIC_0014349
mask_sha256,7381f7da3caceb7d57642c2d2f13353148cd2487d9138c8e80639b23b7c6be00,ISIC2017,test,ISIC_0014386,ISIC2018,train,ISIC_0014386
mask_sha256,dd8debfd60256e65b1cda2d1b899bc25d6dd8af8356b0840670afbbb438d0d85,ISIC2017,test,ISIC_0014392,ISIC2018,train,ISIC_0014392
mask_sha256,1bdd619198eaa848cf77f764647fb4856089c64b0b75cf8ae748dc9314904d0d,ISIC2017,test,ISIC_0014419,ISIC2018,train,ISIC_0014419
mask_sha256,c64a85408ba4a49565150b96620dc147a105f69652acc86e4fcc4d818dc711ef,ISIC2017,test,ISIC_0014423,ISIC2018,train,ISIC_0014423
mask_sha256,74d91070e72e60998b9bb049751a633c441197dad52b9fe73703045e223cf9a2,ISIC2017,test,ISIC_0014434,ISIC2018,train,ISIC_0014434
mask_sha256,5f7618a03c713221609bf78f1800308bed212126498f2fe3837203a5882489d0,ISIC2017,test,ISIC_0014454,ISIC2018,train,ISIC_0014454
mask_sha256,6591a8fffcfaebf93c83aab63da5d1c9b50a2a39b185c33f360337678d5c6b18,ISIC2017,test,ISIC_0014457,ISIC2018,train,ISIC_0014457
mask_sha256,adff500f9d3619bf94cf507ce5e9bad4025656455862f8cb34809409b862f77e,ISIC2017,test,ISIC_0014470,ISIC2018,train,ISIC_0014470
mask_sha256,1d42989017bd2b024389dec4597fdda94b1e548415326741defb9a727f54e889,ISIC2017,test,ISIC_0014478,ISIC2018,train,ISIC_0014478
mask_sha256,d6dc080795b1f001f7f74b77ee93e6b853c5dc1a562e91273ff772c6449aebc7,ISIC2017,test,ISIC_0014489,ISIC2018,train,ISIC_0014489
mask_sha256,539b820d0c4968c7e56961a07b9a84c50613af5613037a8bba64e69f4101568c,ISIC2017,test,ISIC_0014500,ISIC2018,train,ISIC_0014500
mask_sha256,8abfe08e986a05252319c28ed6f46db475c237ee327c363805a85f10de458541,ISIC2017,test,ISIC_0014503,ISIC2018,train,ISIC_0014503
mask_sha256,ed5a9157b7ac1c6e1bef019a54cfb44284cd8002653410da6cbfaeb8fc1af371,ISIC2017,test,ISIC_0014506,ISIC2018,train,ISIC_0014506
mask_sha256,8cf0051d2bd2e576009598d8734aa0ff894f1571894056082f7147addbc40788,ISIC2017,test,ISIC_0014513,ISIC2018,train,ISIC_0014513
mask_sha256,65ba49dde07d6f3c4278201137232b7aa28e26ae145b0bd2deec4535487e0127,ISIC2017,test,ISIC_0014541,ISIC2018,train,ISIC_0014541
mask_sha256,2cf38fd790abe5531ee88d0ce5bb5191f18a587b94cf1ca1f6c9a97ef4a60990,ISIC2017,test,ISIC_0014542,ISIC2018,train,ISIC_0014542
mask_sha256,aa0c532431df12c3a5dd99edf4090b4c5cf7a1f6f288ddcd04cb0f605492b930,ISIC2017,test,ISIC_0014546,ISIC2018,train,ISIC_0014546
mask_sha256,29864d33a64926274f640bb8bc209e52c54bfa6606fe8450b6faf18e412d1c8d,ISIC2017,test,ISIC_0014548,ISIC2018,train,ISIC_0014548
mask_sha256,e2dc628644d2cbc28bdac049908ad28f8958dc65077fb94dad91102ae418b109,ISIC2017,test,ISIC_0014559,ISIC2018,train,ISIC_0014559
mask_sha256,c60392a89f00ccf8a53359540bd51b843898510218c4ee3f86feedacfa7617f5,ISIC2017,test,ISIC_0014567,ISIC2018,train,ISIC_0014567
mask_sha256,c8782a3bf1e572c629cb77fb58bc9cc3544a59703f3227fbbb513c9da90bd0f6,ISIC2017,test,ISIC_0014574,ISIC2018,train,ISIC_0014574
mask_sha256,bdfac9905c88f786124313a52da45c14aba678395f2ad98563afeb9704e0587f,ISIC2017,test,ISIC_0014586,ISIC2018,train,ISIC_0014586
mask_sha256,8caa92531c1db33b3367fc1b8ca2995b64127c75ac9dc8f57907ccc3be92a352,ISIC2017,test,ISIC_0014587,ISIC2018,train,ISIC_0014587
mask_sha256,1f9861d9809f288f4927c07bf6cd37705d338b06514adf1677a93dd34fd7d4f4,ISIC2017,test,ISIC_0014600,ISIC2018,train,ISIC_0014600
mask_sha256,68f64ad4ae1326adc858fdf0de1c76caa50bce9c8a20c8651508704fa549c98e,ISIC2017,test,ISIC_0014619,ISIC2018,train,ISIC_0014619
mask_sha256,43f6757601e9b4548155ddb68b2f55e7acc70cbe5df8ba2ebb4b306fe02ba6a6,ISIC2017,test,ISIC_0014643,ISIC2018,train,ISIC_0014643
mask_sha256,e76c482527b7c1da1b3eb02b418b39060ae601d1584ad5fc9cf7270578f7664e,ISIC2017,test,ISIC_0014652,ISIC2018,train,ISIC_0014652
mask_sha256,aa5c57e096219400da77d4ab90318ae9ca8d1c98e48e5545cb91b6aa8e3b2e22,ISIC2017,test,ISIC_0014663,ISIC2018,train,ISIC_0014663
mask_sha256,582f5a6966c70f444263345a5eb912ff3d85bc323eb1b231e69e245bd32d5c4e,ISIC2017,test,ISIC_0014666,ISIC2018,train,ISIC_0014666
mask_sha256,7c51f09b2fa85d3c7f838f28dc71bc41b671d80892e6eced2decdd424be543e6,ISIC2017,test,ISIC_0014675,ISIC2018,train,ISIC_0014675
mask_sha256,3db205562f772ab5a7b9d30fd9533eb5f325bca4d0fa4c793c6ea95f531e60a5,ISIC2017,test,ISIC_0014677,ISIC2018,train,ISIC_0014677
mask_sha256,30ce7960d8900ae9d1d405b35c921346665a888abf6cd6df93ac8df5c75296b2,ISIC2017,test,ISIC_0014687,ISIC2018,train,ISIC_0014687
mask_sha256,674f618d17be28e3497faa83d7b5f7d3023ffb113e17d4cdc15c7f6385f40f62,ISIC2017,test,ISIC_0014693,ISIC2018,train,ISIC_0014693
mask_sha256,41c03a542eea914334b7429dc477943574bce9f8016bcbee2c09eea525aa7028,ISIC2017,test,ISIC_0014697,ISIC2018,train,ISIC_0014697
mask_sha256,69f63999b9eb9a46610e6b40bcb008efe3dbcb83032d1a45700f55572698b7a4,ISIC2017,test,ISIC_0014698,ISIC2018,train,ISIC_0014698
mask_sha256,b1ca719fed0325734e412d95d21c8c13fc2442a1a126a2f36a1e0d8701625f36,ISIC2017,test,ISIC_0014703,ISIC2018,train,ISIC_0014703
mask_sha256,b10dc6c2a785a26ae01906557d82abd7ec67b1dafd8f4da08a0512696f2f65a8,ISIC2017,test,ISIC_0014720,ISIC2018,train,ISIC_0014720
mask_sha256,e6dc6e99239bcd43992f24c57aee08d14537fe8e771f9073fad4bd18e66ebbf4,ISIC2017,test,ISIC_0014725,ISIC2018,train,ISIC_0014725
mask_sha256,e224381e1398549bef43368a277e1ab933ddfab2a03e5b269259790e979c7d5d,ISIC2017,test,ISIC_0014728,ISIC2018,train,ISIC_0014728
mask_sha256,0d1787d746c89c0e9b6efc9250d654c6dff0c7ee0f8fe10b2b87ac653c943a4e,ISIC2017,test,ISIC_0014729,ISIC2018,train,ISIC_0014729
mask_sha256,722f91f731a5c73842777279bd77c994d55910f73147fcf3984d7ca6e2f10c61,ISIC2017,test,ISIC_0014740,ISIC2018,train,ISIC_0014740
mask_sha256,72f0b45c211ea4ace506e5ece2648b922c9da39af1cb3b36317a4499c98224ed,ISIC2017,test,ISIC_0014743,ISIC2018,train,ISIC_0014743
mask_sha256,fb4d221db813905b59cda605ebb3d40c8b660652e5232319ce5fdf96d7d0f663,ISIC2017,test,ISIC_0014746,ISIC2018,train,ISIC_0014746
mask_sha256,c9df45df09587feb1bed0e2ed20b1ef4c038a9d21a2b0d5f159cd878d06676fc,ISIC2017,test,ISIC_0014749,ISIC2018,train,ISIC_0014749
mask_sha256,0009aae070bd47c57a0ba47afd5dbba00be4c2a1dc68791f411693a6dfda3f20,ISIC2017,test,ISIC_0014753,ISIC2018,train,ISIC_0014753
mask_sha256,2d752b62fc7dd6effe9864a83ba9cb297eaa7a9099ae56ad78fd95113307ac2e,ISIC2017,test,ISIC_0014755,ISIC2018,train,ISIC_0014755
mask_sha256,6d635983e5a044c3b4d4af3383a02b936ed879c78e0bf7b961207a1da69764f9,ISIC2017,test,ISIC_0014765,ISIC2018,train,ISIC_0014765
mask_sha256,cdb8dca91137f0871cbe817bd44a2ee708f0e9332b9b54a587e9d1db88655c3a,ISIC2017,test,ISIC_0014768,ISIC2018,train,ISIC_0014768
mask_sha256,ee948410a003880efb40baff138287d8a38cf951e75ff77fb74f5d3c23113fad,ISIC2017,test,ISIC_0014772,ISIC2018,train,ISIC_0014772
mask_sha256,f39cc7dd6507b0998f63d21d02bd7c81f5d9f31a0d004ff877c2375de49f3ccd,ISIC2017,test,ISIC_0014773,ISIC2018,train,ISIC_0014773
mask_sha256,2000d896978d5a32c1253bfb360a389a3e214698a9c6a9b5b297f47486ccd91e,ISIC2017,test,ISIC_0014780,ISIC2018,train,ISIC_0014780
mask_sha256,0818646e38044451da528fbf5265aff8917a17c4750b95bbd377bde08319e665,ISIC2017,test,ISIC_0014784,ISIC2018,train,ISIC_0014784
mask_sha256,97aea06524b51aa7b4748b6235f52822ca2ecf03d2b951b960e6180f2d11b5c3,ISIC2017,test,ISIC_0014786,ISIC2018,train,ISIC_0014786
mask_sha256,0c25c1ed13138ffe3374f96f63d32e101cee3a9d6cee5703f4b6ade51c3ca33f,ISIC2017,test,ISIC_0014787,ISIC2018,train,ISIC_0014787
mask_sha256,b6543ca0b00a3ed3485ba2404c5ab44958e26f1ecb13b8d495201a5b37e79035,ISIC2017,test,ISIC_0014790,ISIC2018,train,ISIC_0014790
mask_sha256,af9c22c9eb419cc6855863ce427c82216f73138394ce153937e8349a84718627,ISIC2017,test,ISIC_0014792,ISIC2018,train,ISIC_0014792
mask_sha256,7e0d3a0cd6797f94828c313a7a3ec525abc633bed2e5c386cb832b8e6bfee9f6,ISIC2017,test,ISIC_0014796,ISIC2018,train,ISIC_0014796
mask_sha256,3caf11abef1129285ebfd226ccc955eb2c5fe05e09df466323738f85597b4d16,ISIC2017,test,ISIC_0014798,ISIC2018,train,ISIC_0014798
mask_sha256,c6688f65dd71466278da32a1ae31c7142884b6d5268d46b7d76c4a611e8f677d,ISIC2017,test,ISIC_0014800,ISIC2018,train,ISIC_0014800
mask_sha256,984034e14321fa36cfa8e4cea5a0b3f539bf0e0ee37d284453bd36aac418c18b,ISIC2017,test,ISIC_0014807,ISIC2018,train,ISIC_0014807
mask_sha256,bdcbd92c9280edb9b4b85003de4d189f0ab2532b7919bb8ae46171477be3b416,ISIC2017,test,ISIC_0014814,ISIC2018,train,ISIC_0014814
mask_sha256,df5ea3eaec862a0a828043d7e2d379b2b68d1d8b1af1932a0dd33b2f0fa8b976,ISIC2017,test,ISIC_0014815,ISIC2018,train,ISIC_0014815
mask_sha256,7204d5fc76b3eac639e30a76e7be060f3ff74a9e5fa4b209bed2e68da90ac137,ISIC2017,test,ISIC_0014820,ISIC2018,train,ISIC_0014820
mask_sha256,7d22766d3edef1112b96332c9ee09642ae407d9c93fbe404c8a58b59514ad00e,ISIC2017,test,ISIC_0014826,ISIC2018,train,ISIC_0014826
mask_sha256,2eab654a79f0552535aa26bdd4f0f360d867715ec3b5f9966c986d47e1381608,ISIC2017,test,ISIC_0014833,ISIC2018,train,ISIC_0014833
mask_sha256,512fff0412cfc7064f60eec73afb6e1c0b427974b77102d77b4f20eed5159ce9,ISIC2017,test,ISIC_0014835,ISIC2018,train,ISIC_0014835
mask_sha256,ad6eb83c64766ecc3c877f01567b873fd75b63a6d351ca91592f8ad703970907,ISIC2017,test,ISIC_0014844,ISIC2018,train,ISIC_0014844
mask_sha256,fcb4a2ed58b26c5f0856e8f5968bfdf821d5cd3c650535b7a2215c52c1313c97,ISIC2017,test,ISIC_0014853,ISIC2018,train,ISIC_0014853
mask_sha256,bbef1be559f38ebe5a62b42101d78debe5748f9bd1f4ac8fca257aa5b221e5bc,ISIC2017,test,ISIC_0014854,ISIC2018,train,ISIC_0014854
mask_sha256,053b577f51413dcabe7eac66c6bff554e530431584dc032e879ba937e42f4fc3,ISIC2017,test,ISIC_0014862,ISIC2018,train,ISIC_0014862
mask_sha256,05a236934c6a224a16d7d3f0bd4eec9121b39b6059e77e7b1350972eef5e53bc,ISIC2017,test,ISIC_0014863,ISIC2018,train,ISIC_0014863
mask_sha256,7d84c6112f15b016b3a1148fc101981b3fed2a65ae6d63fbe286b93d830dc922,ISIC2017,test,ISIC_0014867,ISIC2018,train,ISIC_0014867
mask_sha256,35ea5528135384416fb53942f09627bb16ea35a47d3edc40e114d60db3f7d306,ISIC2017,test,ISIC_0014868,ISIC2018,train,ISIC_0014868
mask_sha256,c73f7c538abd1660101a0d504368f8b4036a6a15a8748294d1c8cf9d66e25d2c,ISIC2017,test,ISIC_0014872,ISIC2018,train,ISIC_0014872
mask_sha256,e784d71eef8af9fdc9a9c9e6da170befd276e12e3b8abf46ef2a17350e6e1b69,ISIC2017,test,ISIC_0014876,ISIC2018,train,ISIC_0014876
mask_sha256,1b0633dd05aca23e0815c5bf8dd526aea296c35c78f6273686747cbb144011d4,ISIC2017,test,ISIC_0014879,ISIC2018,train,ISIC_0014879
mask_sha256,829b7577a827025e3b599929f75dde5c3ee9bf0a7543a14b42c269d97a14f7f0,ISIC2017,test,ISIC_0014883,ISIC2018,train,ISIC_0014883
mask_sha256,6268148b6a757189d2b43167eaa811386dcb219332ed0db4457a90c5a12aedb0,ISIC2017,test,ISIC_0014901,ISIC2018,train,ISIC_0014901
mask_sha256,a2c575d8a34cf7f2dc7421b78c01152344c4d8b6bff3808f85121af1d0640d36,ISIC2017,test,ISIC_0014907,ISIC2018,train,ISIC_0014907
mask_sha256,e8af1ad307b57546e7623f8183b5b870ee94a76b87939abfd27a37cb8179b3d1,ISIC2017,test,ISIC_0014910,ISIC2018,train,ISIC_0014910
mask_sha256,b9efc2c901eb5ab1d7b1ec17ca29cc881050a1b843e32073d11f9669f4ecfb04,ISIC2017,test,ISIC_0014912,ISIC2018,train,ISIC_0014912
mask_sha256,180cd3c9cc15aeadbc0435ebf6c1b710998b3b0fe090dd030d94805abbc5086f,ISIC2017,test,ISIC_0014921,ISIC2018,train,ISIC_0014921
mask_sha256,b377c87debe8e7c1bdf8f108cbe03b77609085be3c51f2a3cc492713b83fd7da,ISIC2017,test,ISIC_0014927,ISIC2018,train,ISIC_0014927
mask_sha256,8cfedab9f6f334b2b08a6a2e2e244fb31618e1fcb517e52be895ea05a61390fc,ISIC2017,test,ISIC_0014928,ISIC2018,train,ISIC_0014928
mask_sha256,b811ae99535ff115aeca3e24cc8fee7413022269acf69e832a7f2a70389e980b,ISIC2017,test,ISIC_0014932,ISIC2018,train,ISIC_0014932
mask_sha256,57aa182e16f4022b375fa30e9e0ea555e6721fd2d7117c9aebaf43b499814d1c,ISIC2017,test,ISIC_0014936,ISIC2018,train,ISIC_0014936
mask_sha256,cf1649f145accecf904e8a42b59754e01bab42c12bf41c19b9df15bd62ed4020,ISIC2017,test,ISIC_0014938,ISIC2018,train,ISIC_0014938
mask_sha256,a60738dd3a8ff17e3f3e6a1dc9f233352a064ee24f2d8aa69d069f8b67b9bdbf,ISIC2017,test,ISIC_0014940,ISIC2018,train,ISIC_0014940
mask_sha256,2210362fe6fcd89889ad27cf1f57009dc82206e79b9a325819e0f6d4d4601e9c,ISIC2017,test,ISIC_0014941,ISIC2018,train,ISIC_0014941
mask_sha256,212f650b6e7b377270c75711404142aab1870f6e7a7321686b5b2222bc54c280,ISIC2017,test,ISIC_0014942,ISIC2018,train,ISIC_0014942
mask_sha256,14fead1ec7e2124f41dff59cd9b0f9c3e0a2de3850570cd52fb9445ef58cf4d5,ISIC2017,test,ISIC_0014943,ISIC2018,train,ISIC_0014943
mask_sha256,ae8d6584aed3db347cc7d13f82faf81881f46d9510985101bda6a450e714dc67,ISIC2017,test,ISIC_0014944,ISIC2018,train,ISIC_0014944
mask_sha256,64a44b37b3f4efc7c39c68691de49b97699da1d559cc2b60674b866d5051ac6c,ISIC2017,test,ISIC_0014947,ISIC2018,train,ISIC_0014947
mask_sha256,f62d70d477c5edb1215421656e9e6a3dd349ad42427860be742dee3afb27b5f1,ISIC2017,test,ISIC_0014948,ISIC2018,train,ISIC_0014948
mask_sha256,8a88500781c12943d4ec6627a17c04851877c0780a1e65a6a0eac3bce5376918,ISIC2017,test,ISIC_0014949,ISIC2018,train,ISIC_0014949
mask_sha256,3155c10141d5948e39feb31ef338dae0605e9d6e86d9aaf94cd9820afae30968,ISIC2017,test,ISIC_0014952,ISIC2018,train,ISIC_0014952
mask_sha256,2209d9093a86f3b1ddda02d19affc2c21c9f2454a87c7f4f799c1750ca58f143,ISIC2017,test,ISIC_0014955,ISIC2018,train,ISIC_0014955
mask_sha256,e44bdabdad7ebdb2537a163660dd91a18979073cd361f1d55cbf15de5eb53f9c,ISIC2017,test,ISIC_0014956,ISIC2018,train,ISIC_0014956
mask_sha256,cbd7988dd049a5c7d885ed2dc79b82376a9b9e595b527c5f4098b9e900cb2858,ISIC2017,test,ISIC_0014957,ISIC2018,train,ISIC_0014957
mask_sha256,f8737c9e02b67be455f2c92440eeb82fbab11e0ec1eda7e0f8c8357fc87c6a94,ISIC2017,test,ISIC_0014958,ISIC2018,train,ISIC_0014958
mask_sha256,b014671dca4ae36d7dd325dfab8ec1d4c69291155681865a3424f65943325bb5,ISIC2017,test,ISIC_0014961,ISIC2018,train,ISIC_0014961
mask_sha256,e18c31a38ec301368caef1d03dc117e720799f31552e6ded770a292786240e34,ISIC2017,test,ISIC_0014962,ISIC2018,train,ISIC_0014962
mask_sha256,878a2feeddb66b7e8ee1d62d4f43af79ab7c8cc64e11b48a5f0f5547377992b1,ISIC2017,test,ISIC_0014963,ISIC2018,train,ISIC_0014963
mask_sha256,66c344c2c737fe9da9093d34fcd958c2231dcec0c31a87eea1a9c65525539717,ISIC2017,test,ISIC_0014964,ISIC2018,train,ISIC_0014964
mask_sha256,266bd0209c310211deb5e26e39ca1c4c9db17d8f4d379514133a98d30659d5cd,ISIC2017,test,ISIC_0014966,ISIC2018,train,ISIC_0014966
mask_sha256,5b8c01370d3ece798f2316000a9bd83f5a7ad024193918116799ca67d15b4c92,ISIC2017,test,ISIC_0014968,ISIC2018,train,ISIC_0014968
mask_sha256,1a476a7615baf04530e662c018e8be1ed314ebbe45dbd32a5854b21e58c20074,ISIC2017,test,ISIC_0014969,ISIC2018,train,ISIC_0014969
mask_sha256,53a4f42c2674de4c413fedf1aec3e5fc28fb19023ae9b7b855d28ea5a93753af,ISIC2017,test,ISIC_0014973,ISIC2018,train,ISIC_0014973
mask_sha256,7a1a500a53c9cbdf34d97b590abd77bb81fd1b251fa785ffefc0b8bdeb91c50c,ISIC2017,test,ISIC_0014974,ISIC2018,train,ISIC_0014974
mask_sha256,a41e92d874c8b12dfa50ca066776d029f0ace898250d96b6a4884a358152c981,ISIC2017,test,ISIC_0014982,ISIC2018,train,ISIC_0014982
mask_sha256,2f3679ffa75a70741573aa662d9ca8d18fc8b5d814219a533993f8746b113b3d,ISIC2017,test,ISIC_0014992,ISIC2018,train,ISIC_0014992
mask_sha256,c0ca4ffe28904a000a580970dcd4650a841fab2341a444554760ee4d93f56411,ISIC2017,test,ISIC_0014994,ISIC2018,train,ISIC_0014994
mask_sha256,fe222776d902c03de5b81d3970c539e699f6535fb86b68f36c9ac2068371c8ad,ISIC2017,test,ISIC_0014998,ISIC2018,train,ISIC_0014998
mask_sha256,ae41383c0882993783ee6f0931be78c8bfd0e349d54574b7bdc838aa6fff9e8e,ISIC2017,test,ISIC_0015002,ISIC2018,train,ISIC_0015002
mask_sha256,ceaa818bb113959d1ac7884bb80d1386c407e23f500593b4c76fb0c6265f84c4,ISIC2017,test,ISIC_0015003,ISIC2018,train,ISIC_0015003
mask_sha256,8171791ab0db775afceae469a966733149cb866cb69b69cbc6d73fce978df702,ISIC2017,test,ISIC_0015007,ISIC2018,train,ISIC_0015007
mask_sha256,e316fc4f8904f18e56dd1945ff1909439077091ebc6ef5e194f80b27245bc21f,ISIC2017,test,ISIC_0015008,ISIC2018,train,ISIC_0015008
mask_sha256,de73e50f474fcbafb733a950a5d2b849174bf7ce403a7c3b214973535082c5f9,ISIC2017,test,ISIC_0015009,ISIC2018,train,ISIC_0015009
mask_sha256,e84de31e1609feb8ceeb41d91497726f5fd32d32e69b1d13e9a262fc4bfc021a,ISIC2017,test,ISIC_0015011,ISIC2018,train,ISIC_0015011
mask_sha256,30358fad2683eebe0fa6d1b26014b251621e5fd7812c3a2bd749a3c32d85ce8a,ISIC2017,test,ISIC_0015013,ISIC2018,train,ISIC_0015013
mask_sha256,4d29672cf022e4e5204d03a1eb524803f09dbb54adfd7ae24a24b3b2dffe0835,ISIC2017,test,ISIC_0015015,ISIC2018,train,ISIC_0015015
mask_sha256,ae9a0cd4cb413dadb699728ddeb896f2d6c4e126f7e9778af7b28e28840f7702,ISIC2017,test,ISIC_0015016,ISIC2018,train,ISIC_0015016
mask_sha256,7d2435f312f478b3f8b925a7bd05c1fb41f054adb77b6b86e209eaaed9df85fe,ISIC2017,test,ISIC_0015018,ISIC2018,train,ISIC_0015018
mask_sha256,f69c968b31ae41f8782bf134b3859503af1351b2f0b9b88f9b04dd8f9a6553c3,ISIC2017,test,ISIC_0015019,ISIC2018,train,ISIC_0015019
mask_sha256,4b33545b5f5e6642717498a1330d318e503d30033d677f310d8fc3f6718d2418,ISIC2017,test,ISIC_0015020,ISIC2018,train,ISIC_0015020
mask_sha256,693844b4f0d60843f22bd52c45272a54b7656b5931ec703aab893870ddad14c5,ISIC2017,test,ISIC_0015021,ISIC2018,train,ISIC_0015021
mask_sha256,a85d14e7b4b9851822887901d0779ec43794032be93efeb530f7d2678cfc4988,ISIC2017,test,ISIC_0015023,ISIC2018,train,ISIC_0015023
mask_sha256,029f75f1720f8c7abc07680ceb4101abc07a0fa941a4e16ff12fcd212f0c0b24,ISIC2017,test,ISIC_0015026,ISIC2018,train,ISIC_0015026
mask_sha256,7e557c7dd3c91d9167d2b3a61ab37dbee50e0cbf5fe23eb4663f945e200a40d5,ISIC2017,test,ISIC_0015030,ISIC2018,train,ISIC_0015030
mask_sha256,dc973c11792eab738872706a40a39b69d165f086d94312b6805bdfce57c417d8,ISIC2017,test,ISIC_0015031,ISIC2018,train,ISIC_0015031
mask_sha256,0bee86ad674bc04bf51e2179a05949f2baa3bd1945fc551a9b1932d345590aeb,ISIC2017,test,ISIC_0015034,ISIC2018,train,ISIC_0015034
mask_sha256,468b62a0f3e26028ead3ff0a71afcefd9bcbf1c1168a810711081266de8f749c,ISIC2017,test,ISIC_0015035,ISIC2018,train,ISIC_0015035
mask_sha256,16f494fb1c36fbe2b1c0e55e924d9f2477d8712860a1c64120ba489addf0addc,ISIC2017,test,ISIC_0015037,ISIC2018,train,ISIC_0015037
mask_sha256,e7a5a6267c7d745cb47a3acc1417d8fc1891d22de1136fc516217df20c3f7175,ISIC2017,test,ISIC_0015040,ISIC2018,train,ISIC_0015040
mask_sha256,c03dd3e5a9d81d2e1fea73d8513df51f3cd1d074c394d4069ace6e26e7a815e8,ISIC2017,test,ISIC_0015041,ISIC2018,train,ISIC_0015041
mask_sha256,d5e1b098182e51d677c54d441aff7d7048072156d3a9e14b6aae9d90f5b57faa,ISIC2017,test,ISIC_0015046,ISIC2018,train,ISIC_0015046
mask_sha256,8be1d698e0d928f3c4fa19e716d556acecbfac2e8a5bbc028a2c76fb59e65680,ISIC2017,test,ISIC_0015050,ISIC2018,train,ISIC_0015050
mask_sha256,ad6faa1c56c7105b9690922abb28efc1311b709afdc50dd7561aa55e847aa6c7,ISIC2017,test,ISIC_0015051,ISIC2018,train,ISIC_0015051
mask_sha256,07848e0e01e85441c052e33c24b32b944ee0ab2802acf48895a34a021f05aca6,ISIC2017,test,ISIC_0015056,ISIC2018,train,ISIC_0015056
mask_sha256,99477d8ddb314d77f0ca2cac4b0347059767ea5f6e58762837fd21c89b9f6d62,ISIC2017,test,ISIC_0015057,ISIC2018,train,ISIC_0015057
mask_sha256,1790463935bd11f296f1769e5207c092546e0345187f74ad2c29f916d553f7ac,ISIC2017,test,ISIC_0015060,ISIC2018,train,ISIC_0015060
mask_sha256,a00ea91d484b511344431acc9c77bff6e41c8c0e6c08b4fcf86c87606697bc43,ISIC2017,test,ISIC_0015064,ISIC2018,train,ISIC_0015064
mask_sha256,094066574a0254443517f0122af24f1e3c854d9020918284fe40ea72a5bf39b0,ISIC2017,test,ISIC_0015071,ISIC2018,train,ISIC_0015071
mask_sha256,dee0e61e2a5facde66662d869e44800db156f6aa59345db1b269d76c7d0965be,ISIC2017,test,ISIC_0015078,ISIC2018,train,ISIC_0015078
mask_sha256,21dc082e8ec35d38c8387550315394c637adad6f614a273871d92b7e4ea59b38,ISIC2017,test,ISIC_0015089,ISIC2018,train,ISIC_0015089
mask_sha256,f01fbbaf316dac86749be5e63e0d6a41371a29f4e1211283472b41c170b9c250,ISIC2017,test,ISIC_0015102,ISIC2018,train,ISIC_0015102
mask_sha256,d2b38678137b7836beb04c651aeed7b4b6cec75e6aaf6d2b72717a119d34ea90,ISIC2017,test,ISIC_0015115,ISIC2018,train,ISIC_0015115
mask_sha256,5dda8395ce4c629a7ae7cd4b9093194e976becac870ad7e7f58ff7421646c108,ISIC2017,test,ISIC_0015118,ISIC2018,train,ISIC_0015118
mask_sha256,4d75a6a57189fe595ba1c23a6731510bf78dffd2403b03004e17861bdb9b7149,ISIC2017,test,ISIC_0015125,ISIC2018,train,ISIC_0015125
mask_sha256,3ffa3f7a3aa8a48e36882b7ed1593e54e09bf10f268e5777abf010c9c4b3dcd4,ISIC2017,test,ISIC_0015127,ISIC2018,train,ISIC_0015127
mask_sha256,6a18fa32b493e170842ce1a07040a9401399119da149c2b488f1b9d63d2ff018,ISIC2017,test,ISIC_0015129,ISIC2018,train,ISIC_0015129
mask_sha256,05b5ae9d79464d0408b06a81199a29acd720340aa7fb7d59ddb2d9fd5c60b5a8,ISIC2017,test,ISIC_0015130,ISIC2018,train,ISIC_0015130
mask_sha256,d5bd695caec221c7a8fc26421f9145d1296c22bb20cf7c846e825c3528f0f768,ISIC2017,test,ISIC_0015132,ISIC2018,train,ISIC_0015132
mask_sha256,5296041564a1fde63837dac35fad9670406e205846d2cd8a38cfdf3d4a473411,ISIC2017,test,ISIC_0015133,ISIC2018,train,ISIC_0015133
mask_sha256,492f3afe0ab8a54e54971c4227dd818d159a4ef52c63aa6fa4800cba4bf2abef,ISIC2017,test,ISIC_0015136,ISIC2018,train,ISIC_0015136
mask_sha256,939732063e31c3e7c238dc4ae50da07438766c989716b64a0a94d1a4b8626811,ISIC2017,test,ISIC_0015139,ISIC2018,train,ISIC_0015139
mask_sha256,e86ac326b0331e26e9171fffc838f471ab7701699fc8e3a9bff4931dfbe3e1ae,ISIC2017,test,ISIC_0015140,ISIC2018,train,ISIC_0015140
mask_sha256,ee821e3af89a017d34eeacd93f03916dce4418a208387d71e088ed008c0faa8c,ISIC2017,test,ISIC_0015142,ISIC2018,train,ISIC_0015142
mask_sha256,e65b038e04ba2156dade01dc8940442be7c9402f9bb8431894b6b70006e37de0,ISIC2017,test,ISIC_0015146,ISIC2018,train,ISIC_0015146
mask_sha256,86d93b53dac3e063cf4ea57dbf3bbb5166351d06f60a3e41a16c8a9f9d4b0737,ISIC2017,test,ISIC_0015149,ISIC2018,train,ISIC_0015149
mask_sha256,9ac2a02832afda368a3055bd1602bb7151ba868689de55785beaa849d2cfc8db,ISIC2017,test,ISIC_0015150,ISIC2018,train,ISIC_0015150
mask_sha256,7fd0223f545aa23879a7ccb12b6c6fbdf76a52240644b11b6441c8bc03c5f163,ISIC2017,test,ISIC_0015152,ISIC2018,train,ISIC_0015152
mask_sha256,edee2e140eaf422aa6b54a1830b85f674db6e1e23aaf4034f81fe2b2df0b78e3,ISIC2017,test,ISIC_0015155,ISIC2018,train,ISIC_0015155
mask_sha256,a86bbcc343f0284a51f362fcba0d4f1ce201dfabea093c8ce1066889324edbd8,ISIC2017,test,ISIC_0015156,ISIC2018,train,ISIC_0015156
mask_sha256,96c5a9aeb26fde17b90ef20a34af6dadaac7fc34a54dbf000cb33c5762836ac1,ISIC2017,test,ISIC_0015157,ISIC2018,train,ISIC_0015157
mask_sha256,de4ef36599a8eba80cc679c84405806380643f6d7eaea27818a3017fa8982d35,ISIC2017,test,ISIC_0015160,ISIC2018,train,ISIC_0015160
mask_sha256,238569b242d0448a4683b7216f38fb358c1a1b1bec9376c04b6ec1f97070c498,ISIC2017,test,ISIC_0015161,ISIC2018,train,ISIC_0015161
mask_sha256,14fe62d55afe347540d10fbca52b05afa10b4850f4ecc6195fbda92bc77e0df9,ISIC2017,test,ISIC_0015163,ISIC2018,train,ISIC_0015163
mask_sha256,96d29d373158c56cea698eb0a4efd60f1e7df4ea6c0bff09415d1db40ae8e35f,ISIC2017,test,ISIC_0015167,ISIC2018,train,ISIC_0015167
mask_sha256,93b110c85cce7ef701302d59ae08d7fc8d7a1620b6e84c8194e9bfecb03044f2,ISIC2017,test,ISIC_0015171,ISIC2018,train,ISIC_0015171
mask_sha256,6961c1bd33c4810582aed77f0c8a020215945297826a502dd04b83354f4d831d,ISIC2017,test,ISIC_0015173,ISIC2018,train,ISIC_0015173
mask_sha256,9d58a73d45053175a6c2c8dad351d81e875e1fc8d52a4d643145506ae1b9599a,ISIC2017,test,ISIC_0015174,ISIC2018,train,ISIC_0015174
mask_sha256,5c8b4841b0242876e30789e5b6cdfadd936f472f81fa3a309d10401e7dd26e64,ISIC2017,test,ISIC_0015175,ISIC2018,train,ISIC_0015175
mask_sha256,153f837b7b13de0a078f30fa2180bb3af4b29e25bdf6dfe741c68b3acbea598c,ISIC2017,test,ISIC_0015176,ISIC2018,train,ISIC_0015176
mask_sha256,c4f429516b5f525320982cb48712e5970f962c1f011c62427f4ae45369be9561,ISIC2017,test,ISIC_0015179,ISIC2018,train,ISIC_0015179
mask_sha256,3205cadc1640eae92ae62dcf006150f229c7602b7ef547bc0a3b159b48d57bed,ISIC2017,test,ISIC_0015180,ISIC2018,train,ISIC_0015180
mask_sha256,47d2120f33aee11aff3282cba98be864ca79d30b8aaaa6e3a6661fdc78c67f99,ISIC2017,test,ISIC_0015184,ISIC2018,train,ISIC_0015184
mask_sha256,8442129bf301549933eb6add34679e63fd1ac7dcde91135aafb7c767613943a0,ISIC2017,test,ISIC_0015185,ISIC2018,train,ISIC_0015185
mask_sha256,ca22003afa59d5242fbe4f45b2678807098c48c216c08bd9ddd26b07171b24e5,ISIC2017,test,ISIC_0015193,ISIC2018,train,ISIC_0015193
mask_sha256,3af569bed28b35e6e82a46d27bb49b06fffe580b43b5b1f817253b1abd0e3752,ISIC2017,test,ISIC_0015201,ISIC2018,train,ISIC_0015201
mask_sha256,4dcceea9ac1f330483287b7da21ee99766636e95275dd73bec13deb41ace7aa0,ISIC2017,test,ISIC_0015202,ISIC2018,train,ISIC_0015202
mask_sha256,422ee17e38e1c01186936515251e50724133aedc23c73643aae593e96b444a81,ISIC2017,test,ISIC_0015203,ISIC2018,train,ISIC_0015203
mask_sha256,7d17c436366cafb75cd4ab2d7cbd05ff15ff63e02f8efce4c4988f7f5883eb51,ISIC2017,test,ISIC_0015206,ISIC2018,train,ISIC_0015206
mask_sha256,1469965b6e5454f75a6e67a3b67e66683036d3892eb634d6e74f760f1448d771,ISIC2017,test,ISIC_0015207,ISIC2018,train,ISIC_0015207
mask_sha256,b018c6262d2a116bde89dc9e7383612646a3a201e01c9ab004321bcc08ffa3bc,ISIC2017,test,ISIC_0015208,ISIC2018,train,ISIC_0015208
mask_sha256,e5ee633ccdcb426fac4a8b9dceeb29e881b757b0171ff1d74deac27c4a58619b,ISIC2017,test,ISIC_0015212,ISIC2018,train,ISIC_0015212
mask_sha256,662efa08d5c2d5d416421c27f566513dc0b46230c14b147958567ac5a0c91421,ISIC2017,test,ISIC_0015215,ISIC2018,train,ISIC_0015215
mask_sha256,e753b086da026141ae561f77d4e23624b5a1f6267ba2f7b6e79e43ee05a8c952,ISIC2017,test,ISIC_0015216,ISIC2018,train,ISIC_0015216
mask_sha256,266d3de36a9e820b4a2decab3f9521aebd6d67126056ba3556cfab5e2cc12c35,ISIC2017,test,ISIC_0015218,ISIC2018,train,ISIC_0015218
mask_sha256,1cf6aef624e0b4a5f8c9dcf82de2a6ba6ecfacb1de2c257b516ffc12647efcea,ISIC2017,test,ISIC_0015223,ISIC2018,train,ISIC_0015223
mask_sha256,38d7d8aa806b466b54b3823bae3ec79b0adfce80cd0e2dbb9b191093f4f72e3d,ISIC2017,test,ISIC_0015224,ISIC2018,train,ISIC_0015224
mask_sha256,29191719f45a7045236697e8b62242e45f6fa2dd32f230386547927c0205e809,ISIC2017,test,ISIC_0015226,ISIC2018,train,ISIC_0015226
mask_sha256,1f8d5ecb86621e92ca17e5a8fa5f869bb256ea3cd5c252f35fb4971bfda64328,ISIC2017,test,ISIC_0015229,ISIC2018,train,ISIC_0015229
mask_sha256,589cea30019f370f299a5aef76f87d8188560f3e273fd46dbe0c7742104fdb20,ISIC2017,test,ISIC_0015232,ISIC2018,train,ISIC_0015232
mask_sha256,c05b3e88591ebd0f5d327f838aede33c8b958a709e5e41093913526f4cbab916,ISIC2017,test,ISIC_0015237,ISIC2018,train,ISIC_0015237
mask_sha256,bcf587083cc327ae95e7941f1bda8afcd6d37be6e9ea0c920507cbdd153ba519,ISIC2017,test,ISIC_0015241,ISIC2018,train,ISIC_0015241
mask_sha256,694cdac596045d401af0ec10ec3434f5b94c9b9fb47583839d6a8ebad1a89c33,ISIC2017,test,ISIC_0015244,ISIC2018,train,ISIC_0015244
mask_sha256,16ab72478a2cf7382e3b387c4a71c5ba4e57d723b918676d14abbe8e261471c1,ISIC2017,test,ISIC_0015245,ISIC2018,train,ISIC_0015245
mask_sha256,2646e4ce7cac8cb423eca257ed471ff3062f5fa7f867388eb9267c6d3d050611,ISIC2017,test,ISIC_0015250,ISIC2018,train,ISIC_0015250
mask_sha256,7fae04dd68eaeb2fd8b1bdc4f85dd42fc3ecde2e7290d245e607adcce1fa1d51,ISIC2017,test,ISIC_0015251,ISIC2018,train,ISIC_0015251
mask_sha256,810b0b1604b3215731d8898750f9903a1fe1708a9aa3532ff620cb6a5da56233,ISIC2017,test,ISIC_0015254,ISIC2018,train,ISIC_0015254
mask_sha256,dd931e4fe9e1943bc1e14563947b112176186e2df2da2d11b5eedbd6d8422f3b,ISIC2017,test,ISIC_0015255,ISIC2018,train,ISIC_0015255
mask_sha256,3aa6e16883be0d370d22c1a803338461415937861c7c15d5e3117cac269d52cf,ISIC2017,test,ISIC_0015258,ISIC2018,train,ISIC_0015258
mask_sha256,e3e6ef39f3cb218af8d92c82a0f7070fbd17f85ae279a93c5b796dad45be5114,ISIC2017,test,ISIC_0015264,ISIC2018,train,ISIC_0015264
mask_sha256,13034eba79196914b27c1618de6097cc5e27360c4a15b8fd75f3511eaaaea3e2,ISIC2017,test,ISIC_0015270,ISIC2018,train,ISIC_0015270
mask_sha256,b99e37082fdc5d0884ab423becb375b4384a0398e87b8480d8e0f60068d6afe9,ISIC2017,test,ISIC_0015273,ISIC2018,train,ISIC_0015273
mask_sha256,16cd36d6a8949105546e7480acf5cca62fa3396d381f68a4f1ed5050d059d53a,ISIC2017,test,ISIC_0015274,ISIC2018,train,ISIC_0015274
mask_sha256,effe87e7d1e6097cf80b21e1a1f824b04ed6b226d1136c9644cc8d667eee1657,ISIC2017,test,ISIC_0015276,ISIC2018,train,ISIC_0015276
mask_sha256,5f28d0705e7d7fba83fd2f11c0514ae615866e717ded5f5e8f8793e85565d301,ISIC2017,test,ISIC_0015279,ISIC2018,train,ISIC_0015279
mask_sha256,1bf310ef88d7e2d0b9183f8686456d3bbfdb0b54f42c106b9954bab4b89026e7,ISIC2017,test,ISIC_0015283,ISIC2018,train,ISIC_0015283
mask_sha256,a685ba79e72d9eee9d86feedecfe92990c3062be03ccb3a9afefb6feb6e6bd91,ISIC2017,test,ISIC_0015291,ISIC2018,train,ISIC_0015291
mask_sha256,b7588e79f2cfbacec1731147ee5eacf9b3e03e82c727e333cb0c23b544bb64f3,ISIC2017,test,ISIC_0015293,ISIC2018,train,ISIC_0015293
mask_sha256,a0985b0a8ba95de8225c09115739efeade56153259855ef071894029d0f175f0,ISIC2017,test,ISIC_0015298,ISIC2018,train,ISIC_0015298
mask_sha256,c78697460229322b8dad46cbc785ca761c7fdf201e4d757f97f5b118c95d5a81,ISIC2017,test,ISIC_0015309,ISIC2018,train,ISIC_0015309
mask_sha256,7cad1653103f98e68a4c21c806bc05c96bb9c21639eee55cfa4fdde4278abd7b,ISIC2017,test,ISIC_0015310,ISIC2018,train,ISIC_0015310
mask_sha256,bd34f0161dd28706760369febf34befc7283059726765875a12f9c0a4a48e3e5,ISIC2017,test,ISIC_0015311,ISIC2018,train,ISIC_0015311
mask_sha256,ac039937a504ef0b5b30a186a1b632daf83363733c6b200c948b36c3fd1eff49,ISIC2017,test,ISIC_0015312,ISIC2018,train,ISIC_0015312
mask_sha256,35f9566bd912c0ba32cc3f9d909427fb943fc1b15cc8257cc2273c9cdf48b0c1,ISIC2017,test,ISIC_0015330,ISIC2018,train,ISIC_0015330
mask_sha256,0dc8d91d1c4df583d9a24bc0581c9b4aa966fa61f1aed59425e0414ba71eee2b,ISIC2017,test,ISIC_0015331,ISIC2018,train,ISIC_0015331
mask_sha256,d0c20b8e04ffb8e16313b06e80618a0fbfff504156b02d10483195dd2aebfa59,ISIC2017,test,ISIC_0015353,ISIC2018,train,ISIC_0015353
mask_sha256,72a981a54b443843f306bf2e91dbbf7b97dd30e5c18f382788914387e62fa9ae,ISIC2017,test,ISIC_0015355,ISIC2018,train,ISIC_0015355
mask_sha256,32f8077d1a7787c36ae5d76dea9df6165076b46aa872c1391679e4e786ef32dd,ISIC2017,test,ISIC_0015357,ISIC2018,train,ISIC_0015357
mask_sha256,3caa7110e31d20fcf6a62a7f06ce03919b988a7f124aa46024b745dd503bcf5a,ISIC2017,test,ISIC_0015360,ISIC2018,train,ISIC_0015360
mask_sha256,82c75eace1c3aabe8e5d2769a6db93070974276509f5158dba061d59509e0446,ISIC2017,test,ISIC_0015363,ISIC2018,train,ISIC_0015363
mask_sha256,78b14ea2645f3663cce3af9e59f9f162eef2d279889c96c66909f47355d4e228,ISIC2017,test,ISIC_0015368,ISIC2018,train,ISIC_0015368
mask_sha256,47625a2a65c53c967c8012568a3c5457ed79157a139d73c0ae92c4381e7dc5c5,ISIC2017,test,ISIC_0015369,ISIC2018,train,ISIC_0015369
mask_sha256,47e7d88cd3a138e62b27231512dc0749735f309252ea3bcad3823282f5186c32,ISIC2017,test,ISIC_0015383,ISIC2018,train,ISIC_0015383
mask_sha256,aed12520727018b4e6f994bf5b6d9faae1be80fe10d3d7df73808d5162171730,ISIC2017,test,ISIC_0015390,ISIC2018,train,ISIC_0015390
mask_sha256,5e3434009a92a69c05011430a45802f99a5396e82e8d50d0741e1ddcc4f05aa2,ISIC2017,test,ISIC_0015395,ISIC2018,train,ISIC_0015395
mask_sha256,85502064ca909e1d8e2ea6764a1c542ba82b341b19eab46476ac7925ada88d1a,ISIC2017,test,ISIC_0015403,ISIC2018,train,ISIC_0015403
mask_sha256,df0b5194681df6ee0a94b7f1569ab3ae885dfc128862d0868986ef79e37cd94d,ISIC2017,test,ISIC_0015404,ISIC2018,train,ISIC_0015404
mask_sha256,973812e7adfe7aa10c399fe6b95d13cdb9bb06ddcac7f2cd4d0c48ff6ab1c0b6,ISIC2017,test,ISIC_0015411,ISIC2018,train,ISIC_0015411
mask_sha256,e3a1abe4559488ff47b9bde15827e75491f39f2df8abd64e8c01e9a87d52c59b,ISIC2017,test,ISIC_0015412,ISIC2018,train,ISIC_0015412
mask_sha256,2b7d50749af5dc0d5df246444984c82c4be0964c5eb0962afda51ea5f5f64d07,ISIC2017,test,ISIC_0015416,ISIC2018,train,ISIC_0015416
mask_sha256,112f7d97ff25d6a357dd82db9183e9187d1b68c8d64127e0d80edd681cce3744,ISIC2017,test,ISIC_0015417,ISIC2018,train,ISIC_0015417
mask_sha256,5ae9f651dcad7366269f9caa6fe1cd22b35fd97d5042d49ef4bfb1134afb1ffc,ISIC2017,test,ISIC_0015418,ISIC2018,train,ISIC_0015418
mask_sha256,459c8ef9d4d5d679f39f2dd400b5bccf4953dc74fb70183be2688be2b8f5faf9,ISIC2017,test,ISIC_0015419,ISIC2018,train,ISIC_0015419
mask_sha256,6faad59b19b443be74ea0b2b7d6cf295d21b8886d23d217d6b4904fbd0c46e00,ISIC2017,test,ISIC_0015436,ISIC2018,train,ISIC_0015436
mask_sha256,07f292571a747bb7678764232ae9f3d045575869738a68024b0f56fe6ae676e8,ISIC2017,test,ISIC_0015440,ISIC2018,train,ISIC_0015440
mask_sha256,81da40b5883e8a56a52af03ae9479500003d7924eda72d2d1f74a2fe1a8e988e,ISIC2017,test,ISIC_0015447,ISIC2018,train,ISIC_0015447
mask_sha256,2b0d184f07f7162b6a784226b721a9f9ff683f3296761d1d2e0ab8af929f7e89,ISIC2017,test,ISIC_0015455,ISIC2018,train,ISIC_0015455
mask_sha256,4d13755533e69843255b8d93c29aa09e39c525f7160c4adc89666c7ed2d4d042,ISIC2017,test,ISIC_0015464,ISIC2018,train,ISIC_0015464
mask_sha256,a03749219c40ffa0026007d0ebc42a0b3e0a86a5bd926c3a32a60e386fd10803,ISIC2017,test,ISIC_0015466,ISIC2018,train,ISIC_0015466
mask_sha256,7ce7dc54c0f8572ce18259310937c17e221e0ced452e95926a82e78ea207ee22,ISIC2017,test,ISIC_0015468,ISIC2018,train,ISIC_0015468
mask_sha256,de6b6fc3caee7224373bd6f1bf2f4ef98938cfdf1c67125913107edafdb9bfff,ISIC2017,test,ISIC_0015476,ISIC2018,train,ISIC_0015476
mask_sha256,d3758cbbf8e1692e5b8172329d22a5185014fa6a5d1c82c9a0e92a1ffdb8e029,ISIC2017,test,ISIC_0015481,ISIC2018,train,ISIC_0015481
mask_sha256,b92b2da05428a2316c511437257e93325709179a3bd9b2132efb4fc3359b2e20,ISIC2017,test,ISIC_0015482,ISIC2018,train,ISIC_0015482
mask_sha256,4ea5c2f815546fd7dc5dee511a4d09ba113b5f9a57258e35b85a779532d9c4a5,ISIC2017,test,ISIC_0015485,ISIC2018,train,ISIC_0015485
mask_sha256,4e4925af76fbfd3c74c3f39417263954e235e3fc460539257096d1b41e9777e3,ISIC2017,test,ISIC_0015510,ISIC2018,train,ISIC_0015510
mask_sha256,b367272dfdaac1cfdb31bc2e347c279b64e64f4097db76b03952765701be94e5,ISIC2017,test,ISIC_0015526,ISIC2018,train,ISIC_0015526
mask_sha256,7335d512b6b98c2d78c8a7c310dbeb27282bdfd508b16f9592209e2677f78ae9,ISIC2017,test,ISIC_0015537,ISIC2018,train,ISIC_0015537
mask_sha256,ce4c4e5d66d66720e4f9876065d710b7897f5ed2b949b411f0bc4fe60f1abf61,ISIC2017,test,ISIC_0015544,ISIC2018,train,ISIC_0015544
mask_sha256,6e915be991e14ae7ac851f9856262fc7e713da5980404256fea81ab9cb8a0359,ISIC2017,test,ISIC_0015559,ISIC2018,train,ISIC_0015559
mask_sha256,a69fbf9b88c950de3e20cb684890023d854a4e720b501209f290032fe2cb1b30,ISIC2017,test,ISIC_0015563,ISIC2018,train,ISIC_0015563
mask_sha256,3e4f0bab60e2dee8c8ab9dfe45575b6f22c36a6185cc2412b36d63e57d82575e,ISIC2017,test,ISIC_0015566,ISIC2018,train,ISIC_0015566
mask_sha256,a4bfdcdb9b3a39c333976617cd9efd3318ff57cb831dc347309aad18b60aad8c,ISIC2017,test,ISIC_0015568,ISIC2018,train,ISIC_0015568
mask_sha256,aa380745936b8f39e4a88c240be6f659f764727b703c07479c45e4838010f4ad,ISIC2017,test,ISIC_0015582,ISIC2018,train,ISIC_0015582
mask_sha256,65734117d54554e34038bcc1deed63c6e87cecf739794bde3b04ecf17f71766b,ISIC2017,test,ISIC_0015593,ISIC2018,train,ISIC_0015593
mask_sha256,c0131ebdb4594c88a2b80b3bd6ce97f4b2a36ccf93218952c9c20c70e4993faf,ISIC2017,test,ISIC_0015603,ISIC2018,train,ISIC_0015603
mask_sha256,76bf2b46d3f6657fd7a69b0220ca003549bac3be7aaf70bcdb33f76294fa1c20,ISIC2017,test,ISIC_0015607,ISIC2018,train,ISIC_0015607
mask_sha256,cddc429a9349543e59af533e040334378fa4ef8424956dddbb56c8b2f03856ce,ISIC2017,test,ISIC_0015614,ISIC2018,train,ISIC_0015614
mask_sha256,75fe4ea279bd04662a4c6240c46be8485bbd2c156c3592379fb5955ced7c18a6,ISIC2017,test,ISIC_0015617,ISIC2018,train,ISIC_0015617
mask_sha256,f651d1dce0984a470ec485a724237e5a086b165993aec27d4bb6dbd1112a0874,ISIC2017,test,ISIC_0015625,ISIC2018,train,ISIC_0015625
mask_sha256,20c74e9dfc42ab84df701a8e65a4b69d9c8f42633a90c84e407bdf0f23535fd3,ISIC2017,test,ISIC_0015631,ISIC2018,train,ISIC_0015631
mask_sha256,d22ace528a212dd9fb75029fdaf8eee64e97a566b8678a5232c178ebbf15ed12,ISIC2017,test,ISIC_0015636,ISIC2018,train,ISIC_0015636
mask_sha256,e9cfa9dac0ef286bb28e4b5078c06dd3543976e16b719018e2652b4cb6edadb0,ISIC2017,test,ISIC_0015638,ISIC2018,train,ISIC_0015638
mask_sha256,cbba1baae55f3c471550ca1a636264fcae8942e171cee06c27e87382b6921940,ISIC2017,test,ISIC_0015641,ISIC2018,train,ISIC_0015641
mask_sha256,944677251470682633432567959e4f93768980e30f2c70ba5b0c9fc8e2c9ad8c,ISIC2017,test,ISIC_0015645,ISIC2018,train,ISIC_0015645
mask_sha256,292623a9b3fbe9710d62fe1b039ccf08a3ab376157ef8d25c80e4cb9d05bbd1f,ISIC2017,test,ISIC_0015936,ISIC2018,train,ISIC_0015936
mask_sha256,917e423255716a2cec432f4cd1df5fc3e10c1cb2582608c9799a68ed74f7539a,ISIC2017,test,ISIC_0015937,ISIC2018,train,ISIC_0015937
mask_sha256,749d9e1ed0ddd1385b573b91b33793462e774c907576673830e179af1e9bd090,ISIC2017,test,ISIC_0015939,ISIC2018,train,ISIC_0015939
mask_sha256,d370ffed502a1fa6051b7adece7107e680b692f90056e2376ffbc3d0bb94a250,ISIC2017,test,ISIC_0015940,ISIC2018,train,ISIC_0015940
mask_sha256,b1b7915bd4109a44842ee7aeb94f4c8332c938fda5987e3ea8a9c2cad81a186d,ISIC2017,test,ISIC_0015941,ISIC2018,train,ISIC_0015941
mask_sha256,7a3b04f325594b9097e82c45905d6326361ca14a2f3df0c1dc1ffddc75ac2597,ISIC2017,test,ISIC_0015942,ISIC2018,train,ISIC_0015942
mask_sha256,3bdfe2883eaa9c41c8d35bc1035d96ccbff0cdbddda60e77b5100ed9097dea24,ISIC2017,test,ISIC_0015943,ISIC2018,train,ISIC_0015943
mask_sha256,c93d811bc2a75befceab00e1c72e1450016987b8ec92c3fa0b6ca7f6466d50fc,ISIC2017,test,ISIC_0015944,ISIC2018,train,ISIC_0015944
mask_sha256,ae8e857258fd16ff25322e0a8ef0c4611e0fd2eefe7d651ea43fdfec40861fcb,ISIC2017,test,ISIC_0015945,ISIC2018,train,ISIC_0015945
mask_sha256,19d45af3f820f598efe8757a0bed600736a0f57ccecc97b420dea43bce2e47ae,ISIC2017,test,ISIC_0015946,ISIC2018,train,ISIC_0015946
mask_sha256,3f8fbb36bfd3665aa0bf37a7b35654d8cc19108c8143c7419c6f5929df580355,ISIC2017,test,ISIC_0015947,ISIC2018,train,ISIC_0015947
mask_sha256,ce719e2fe89376ef94cd17728d276e4580fa2b44dd574d5382a9777f6a8f2f08,ISIC2017,test,ISIC_0015948,ISIC2018,train,ISIC_0015948
mask_sha256,28e55ac1b21e828e758424ef0c262e9e52a1d583d602068f7477109490fe44ce,ISIC2017,test,ISIC_0015949,ISIC2018,train,ISIC_0015949
mask_sha256,398c6421b803f371494bfa3b430ddf2aa0063684175d4bd6b73c9c39db96f755,ISIC2017,test,ISIC_0015950,ISIC2018,train,ISIC_0015950
mask_sha256,4504cf0f334bbdda2cdfd31d3502449d1b026ffbbb9218cc888d70b009115f0a,ISIC2017,test,ISIC_0015951,ISIC2018,train,ISIC_0015951
mask_sha256,434e5952a1320b1dad5fdc87bd05ed4ee2d51adcadaa7e6f2405da35f8003f4d,ISIC2017,test,ISIC_0015952,ISIC2018,train,ISIC_0015952
mask_sha256,e924c67630819c69644fb6cc03ffd94dcc709a381636beb7d1b75110f74c1b53,ISIC2017,test,ISIC_0015953,ISIC2018,train,ISIC_0015953
mask_sha256,1a10bb5587987ed7f8a3d428e0205b600ea2446d45c9841f89fb1cfa9fbfd7f0,ISIC2017,test,ISIC_0015955,ISIC2018,train,ISIC_0015955
mask_sha256,254c735a757626e069e4b66b1406b019fd57c2a6a6840dc2b42ba81a6ac5f997,ISIC2017,test,ISIC_0015956,ISIC2018,train,ISIC_0015956
mask_sha256,926d273c79720577a9732377325dd83969a0701e16af30d7d864477f0e973538,ISIC2017,test,ISIC_0015957,ISIC2018,train,ISIC_0015957
mask_sha256,daa421157388f17a4772ff70d7abe569c5146db8f4b3874f523a3d1966267905,ISIC2017,test,ISIC_0015958,ISIC2018,train,ISIC_0015958
mask_sha256,a3ce66f53224083d17d3b2dc3a3e6c2d3c3c75befdd9a69ef839f1a0af73937c,ISIC2017,test,ISIC_0015960,ISIC2018,train,ISIC_0015960
mask_sha256,d76a60c419be0a07d75d45e9acc9c0e1d571dfb94b8cb4b34de8e7e3256f707e,ISIC2017,test,ISIC_0015961,ISIC2018,train,ISIC_0015961
mask_sha256,4fe2c6b73a137a50570583edfbab8bcccba84799fdc875161c25edda4a7eefdc,ISIC2017,test,ISIC_0015962,ISIC2018,train,ISIC_0015962
mask_sha256,db8cd6fdac303515eacaea623e852ffb0cf09ed815ff743baa2de7a90c081f6d,ISIC2017,test,ISIC_0015963,ISIC2018,train,ISIC_0015963
mask_sha256,8df8eee3deebdec047cc2ba84f0145b63ff18a9d3057f5eed58c5cd19de412af,ISIC2017,test,ISIC_0015964,ISIC2018,train,ISIC_0015964
mask_sha256,e32069d2c1c883e6114d858056947731f6daf8b42416e019fb3b9a6f0e0af6bd,ISIC2017,test,ISIC_0015965,ISIC2018,train,ISIC_0015965
mask_sha256,a186fa6f25546b0cddd7083e24e6c620f3198ec28c8f57f22e990234a90b88be,ISIC2017,test,ISIC_0015966,ISIC2018,train,ISIC_0015966
mask_sha256,0cf2d8a4f98d288948d6febfc80620c984e677bba9b894e694095368abea1d7f,ISIC2017,test,ISIC_0015967,ISIC2018,train,ISIC_0015967
mask_sha256,82995b90f905d58880ea3b840e1fa94e40cd8ea80f5444016aaf83f4f58b0177,ISIC2017,test,ISIC_0015968,ISIC2018,train,ISIC_0015968
mask_sha256,c4cf8d4f38fc539571cf28e9537f764a708c3652a1cae61c79a061e65302b00f,ISIC2017,test,ISIC_0015969,ISIC2018,train,ISIC_0015969
mask_sha256,743ada53b59028a3a2da5063a71776f19033e158199dfd7f5f1888831a7e9a9c,ISIC2017,test,ISIC_0015971,ISIC2018,train,ISIC_0015971
mask_sha256,5358353f68b381a067c2b9eabc904eb9780bf242bbd97604a65bb9d7085d4bcf,ISIC2017,test,ISIC_0015972,ISIC2018,train,ISIC_0015972
mask_sha256,52dca56dac427efe35bbf86cd2c6e481744f385d47ce463827c55a395c9efef9,ISIC2017,test,ISIC_0015973,ISIC2018,train,ISIC_0015973
mask_sha256,6d86c650984678db0e5ec00cf8af201f68104b4d0b2cecd822d3422604fee807,ISIC2017,test,ISIC_0015974,ISIC2018,train,ISIC_0015974
mask_sha256,ff86959b3c90bddd767ee246cb258f47f18d4f1fc113ff9b4fb5c7f09a9f85e2,ISIC2017,test,ISIC_0015975,ISIC2018,train,ISIC_0015975
mask_sha256,3d54d97284977d1da456ac34c4f2d03e3e091f6a9ed2a081dc74f27f1a27dd56,ISIC2017,test,ISIC_0015976,ISIC2018,train,ISIC_0015976
mask_sha256,ac8610568278ab64900d585b21f7c8f71a3c3e2889dba3703e9ec9104c89fca7,ISIC2017,test,ISIC_0015978,ISIC2018,train,ISIC_0015978
mask_sha256,da249c5cd95270cc47117129559562b6372f1cc8eb03c86e349c9bada80246be,ISIC2017,test,ISIC_0015980,ISIC2018,train,ISIC_0015980
mask_sha256,d932c6619667a2f68f7954e95f3e0961c268065befc93fcd9405c8f2be78d5a0,ISIC2017,test,ISIC_0015981,ISIC2018,train,ISIC_0015981
mask_sha256,27904815eb76d79146a2e8d965d4e42641639e7df5ad5fbbf96b69af6b84cfcd,ISIC2017,test,ISIC_0015982,ISIC2018,train,ISIC_0015982
mask_sha256,1ca5a12e8e1522a55df8157166160f9962cd22860c0d9594b57f16a3f014fdc0,ISIC2017,test,ISIC_0015983,ISIC2018,train,ISIC_0015983
mask_sha256,b694fa4b860ca98bc7981bf6a51a632dd870af331bf9e1f5269a317ff5e1549d,ISIC2017,test,ISIC_0015984,ISIC2018,train,ISIC_0015984
mask_sha256,986c1a1900a89256e39733e362d261c01e734e6801f6d8717ca3d3beb5fa06c8,ISIC2017,test,ISIC_0015985,ISIC2018,train,ISIC_0015985
mask_sha256,51a70bc1ad6f484ae612a9284bfeb06d6f0de032937b9345b7569db1c1fd02b1,ISIC2017,test,ISIC_0015986,ISIC2018,train,ISIC_0015986
mask_sha256,9d627c82c1f1a1ef71f943c0471871f5273d77600c23a2842fc20a008cb65ed7,ISIC2017,test,ISIC_0015987,ISIC2018,train,ISIC_0015987
mask_sha256,6dbd8d53f28f500fde98d1647067a23c56d8cdf56404492d6d400bdb162409e2,ISIC2017,test,ISIC_0015989,ISIC2018,train,ISIC_0015989
mask_sha256,c77b8ea6340256ecbd82647fcb4cdd033e76262bf344558258f6266532d056e0,ISIC2017,test,ISIC_0015990,ISIC2018,train,ISIC_0015990
mask_sha256,bcb52f38138d45e54935392fccf166581bb69e5b909dd18c81363f608238de0b,ISIC2017,test,ISIC_0015991,ISIC2018,train,ISIC_0015991
mask_sha256,ce24550c5df2e100d243c38259571d40048e55a0304cf7c51f577134a813ae60,ISIC2017,test,ISIC_0015993,ISIC2018,train,ISIC_0015993
mask_sha256,8626c57b4c9b88ac2ef2df8d0edcfb17aeaa3c9df2dcd4b3565d7545ab680ecc,ISIC2017,test,ISIC_0015994,ISIC2018,train,ISIC_0015994
mask_sha256,d1d0ca23719916e33e0cd6c135b649701f8ad604810e0a4d0e13ba8571dcb815,ISIC2017,test,ISIC_0015995,ISIC2018,train,ISIC_0015995
mask_sha256,1c312262d00107c9b400439b07f36b24cf2a0c6911e04177a1eb48e9dcb33743,ISIC2017,test,ISIC_0015996,ISIC2018,train,ISIC_0015996
mask_sha256,304a0711dc0a3f767218d299dd0b16b9e0f5014b95bd4cbca4b8da50cfba5def,ISIC2017,test,ISIC_0015997,ISIC2018,train,ISIC_0015997
mask_sha256,b3aa71bc6422eb673f4a3292187d55b3ef5e5b52b48412dd2cefd5ee19a8c00f,ISIC2017,test,ISIC_0015998,ISIC2018,train,ISIC_0015998
mask_sha256,1c6d88ba3153c0f2a486292a0794487411cb5c809a844f264914c837911e6e72,ISIC2017,test,ISIC_0015999,ISIC2018,train,ISIC_0015999
mask_sha256,2286004d848d12b108222abe9ad8d4936f29fbd4aa5a8090bd6152083a0b10c3,ISIC2017,test,ISIC_0016000,ISIC2018,train,ISIC_0016000
mask_sha256,624f6e4bf1d8af90d0fb2c6f3bf3b0db1045a6257e87905d51559474033e2b1d,ISIC2017,test,ISIC_0016003,ISIC2018,train,ISIC_0016003
mask_sha256,04b19f55560ea768121782e5c89803df639b94bcaae3739ef310e90ba7ec52d2,ISIC2017,test,ISIC_0016004,ISIC2018,train,ISIC_0016004
mask_sha256,8435fad078b96cfd2d9948d953322fe7f4123bde9b9c24a40d14a927f948c4c6,ISIC2017,test,ISIC_0016005,ISIC2018,train,ISIC_0016005
mask_sha256,f03483e085c9238e39417d461c83a869f8a1132f1a33303479fdf609780f66d1,ISIC2017,test,ISIC_0016006,ISIC2018,train,ISIC_0016006
mask_sha256,e4c8ea888a2b401c758f907a874236f5a01ed7a6738c2594cdba7e02727edbac,ISIC2017,test,ISIC_0016007,ISIC2018,train,ISIC_0016007
mask_sha256,00a0ff2b7c24d08aed5cf46416ccdf6a739fb25c64fdd72b20c1a09a735d0e2c,ISIC2017,test,ISIC_0016008,ISIC2018,train,ISIC_0016008
mask_sha256,777bcc179330c382b6853bcdf3ff263cd5d9777d2ef0dc684d86f0e2a9563e77,ISIC2017,test,ISIC_0016009,ISIC2018,train,ISIC_0016009
mask_sha256,07fcd8070966b623926c6f45771e32cc346a2fdbb912ada26bb8d4ea2b985e68,ISIC2017,test,ISIC_0016011,ISIC2018,train,ISIC_0016011
mask_sha256,8f6db2ecc36d37a17bec98b4c70256b42c8596a125876b8f80a639c5b5690595,ISIC2017,test,ISIC_0016012,ISIC2018,train,ISIC_0016012
mask_sha256,a619a020fc17c06216b6fb21086657a49c018844603bd4b8a062ffe573530208,ISIC2017,test,ISIC_0016013,ISIC2018,train,ISIC_0016013
mask_sha256,c4ef06ae0f9f51b4afbdd980518016758ff540a4c9cfb5d3638ce3ebfbb26706,ISIC2017,test,ISIC_0016014,ISIC2018,train,ISIC_0016014
mask_sha256,377b0912f9c71bb9b96e9b9d8257e543e8df403545f5f603c685519910178229,ISIC2017,test,ISIC_0016015,ISIC2018,train,ISIC_0016015
mask_sha256,900f28351b2a89c68082371b282d2606b0341cf6ec18934bdbedebe724bed4ba,ISIC2017,test,ISIC_0016016,ISIC2018,train,ISIC_0016016
mask_sha256,26ac811cc978bd7bbfbb3b915736e7844b8a631438ab785dfcc9f50bccb064da,ISIC2017,test,ISIC_0016017,ISIC2018,train,ISIC_0016017
mask_sha256,ffbbc54c7944085cdd9f457d3803562c3e3457fdffa450b40046aeaa77be1a66,ISIC2017,test,ISIC_0016019,ISIC2018,train,ISIC_0016019
mask_sha256,e731937c3368e827206a6be3d89eaa653ec322d30ea596df4f282de964af3861,ISIC2017,test,ISIC_0016022,ISIC2018,train,ISIC_0016022
mask_sha256,8372a85e3929b654c1a128e961e2593ae68058e22e256242b9740654de6a4d99,ISIC2017,test,ISIC_0016023,ISIC2018,train,ISIC_0016023
mask_sha256,c09c1bb5a8a880a02cf004de188fe1f8d7ffe3cbb931c5d49c134cd7941ebac3,ISIC2017,test,ISIC_0016024,ISIC2018,train,ISIC_0016024
mask_sha256,058e52f8ceb48df6cbe396f17e5fc4cc3f6f05fb9e54a8d4a8e8c4ae31106922,ISIC2017,test,ISIC_0016025,ISIC2018,train,ISIC_0016025
mask_sha256,54172d1a20231f091ef87e318ddefa722741b97db83c8643286d667ca331fcad,ISIC2017,test,ISIC_0016026,ISIC2018,train,ISIC_0016026
mask_sha256,f2306f255137f4cb2bc8074c933000af7dea8112852cc951d9b254a2c7bd710e,ISIC2017,test,ISIC_0016027,ISIC2018,train,ISIC_0016027
mask_sha256,fc943e99577236190c754740eb87e997c9082f4a4bd3018c2da4b0451b3940d8,ISIC2017,test,ISIC_0016028,ISIC2018,train,ISIC_0016028
mask_sha256,5503bec412c03b4ce75fe570617abf9ef639b3419db9027f13077b09ccb4717d,ISIC2017,test,ISIC_0016029,ISIC2018,train,ISIC_0016029
mask_sha256,f4deade54801fa791bee79d48cac7d0c14fae3c3cbbb0ff6a9d08cd77a69edec,ISIC2017,test,ISIC_0016030,ISIC2018,train,ISIC_0016030
mask_sha256,4948dd5f53d3075da23ad2543c5ed2fc80e4e5fa56402ea0018b5a2c73205465,ISIC2017,test,ISIC_0016033,ISIC2018,train,ISIC_0016033
mask_sha256,a26cc07fe7108b6a300e36c9bbf92051f9d41f8fa5441570825a47bc70a5b45b,ISIC2017,test,ISIC_0016034,ISIC2018,train,ISIC_0016034
mask_sha256,ac0984c75333fdc7f71a16c4ae834cb20567aa791dd9039740492d0c758ea16d,ISIC2017,test,ISIC_0016035,ISIC2018,train,ISIC_0016035
mask_sha256,a23c061039820b195fae0c2137ae2d0b972b808573bb90133cb9022db8a01ad1,ISIC2017,test,ISIC_0016036,ISIC2018,train,ISIC_0016036
mask_sha256,6d4f64b5090bf959a24c0e7591834a028de1afd0ffd5db81bbc597f5f367e610,ISIC2017,test,ISIC_0016037,ISIC2018,train,ISIC_0016037
mask_sha256,7fef04cd6fb0dad2f1d76d8140a25b116787e7da56821083a45e27741c4a11dc,ISIC2017,test,ISIC_0016038,ISIC2018,train,ISIC_0016038
mask_sha256,7c0814cd38dfb51d35b778f0ba030e59d67ad57699c9e603de752beff1eb5fc0,ISIC2017,test,ISIC_0016040,ISIC2018,train,ISIC_0016040
mask_sha256,6643c101d1a6a251a43ca6e7e913a8b30bbe096bcf3d944bc2c81a7d6d678aa7,ISIC2017,test,ISIC_0016041,ISIC2018,train,ISIC_0016041
mask_sha256,89fdc7fa7f96c798635bb491e1ae5edab798af5d8ed1f4d474626bb3da29cdf7,ISIC2017,test,ISIC_0016042,ISIC2018,train,ISIC_0016042
mask_sha256,87dd63776c4740def91683e1d317e9b24e8204542d59544324841b0fb40e7027,ISIC2017,test,ISIC_0016043,ISIC2018,train,ISIC_0016043
mask_sha256,e6bf6693273dec541812a1d42965796c861faa8b3c8db52210302d4b51ff28c0,ISIC2017,test,ISIC_0016044,ISIC2018,train,ISIC_0016044
mask_sha256,58bc63ae3e31f8279973ea783e41353ffae55d7f43d4ef74bdbc5c07e1b13a88,ISIC2017,test,ISIC_0016045,ISIC2018,train,ISIC_0016045
mask_sha256,2c6b5a0c4120cb8c789b01d565b4dff040d358c035b3ab5fa5bb6df83f904621,ISIC2017,test,ISIC_0016046,ISIC2018,train,ISIC_0016046
mask_sha256,8f88e216cd0a904bcd5cbf95a846375a7c81220705c1636b9cd9adebc07ba8d3,ISIC2017,test,ISIC_0016048,ISIC2018,train,ISIC_0016048
mask_sha256,70bfd8f247b83889e4362de7d18770a857d6845c604d86598a665aec9ba22995,ISIC2017,test,ISIC_0016050,ISIC2018,train,ISIC_0016050
mask_sha256,3747bb33575da250ba470042a33b06ed9ab5bbc73a13fc2bbae1fff8ca3426cd,ISIC2017,test,ISIC_0016051,ISIC2018,train,ISIC_0016051
mask_sha256,5e06d0838ec6a7f8e9ad28b3cbc1480831ad99b28398362f9df160323fe86a7f,ISIC2017,test,ISIC_0016052,ISIC2018,train,ISIC_0016052
mask_sha256,2c7c77e5de809e211e22634be7e486b684f30e49851f3dbc41b5ed1c77c30fe6,ISIC2017,test,ISIC_0016053,ISIC2018,train,ISIC_0016053
mask_sha256,b3b0daadfd69a4e3625021fd9a1f360b74673fca264c333ede7efa95da21982c,ISIC2017,test,ISIC_0016054,ISIC2018,train,ISIC_0016054
mask_sha256,23d296f32a7e39be00a6cfe7b9ad4ec79af9d49a378989f917d5308acd9533ad,ISIC2017,test,ISIC_0016055,ISIC2018,train,ISIC_0016055
mask_sha256,9d57b7730f055f01b65c12dd0ade4192710a3d9902aecef33ad221d13ca4d723,ISIC2017,test,ISIC_0016056,ISIC2018,train,ISIC_0016056
mask_sha256,d2f72353f0d33b67faa1c45d84f798e99796dc0624c38248dea77e3ae4b689f5,ISIC2017,test,ISIC_0016057,ISIC2018,train,ISIC_0016057
mask_sha256,1c866ea856c9e408cf2ccc054f1b7992caeefa08d4b7840da9634d79ae626eae,ISIC2017,test,ISIC_0016058,ISIC2018,train,ISIC_0016058
mask_sha256,2c8f8471142474dbb21e68b8cd18b9b6655eb2fd43456057c4a9627a005f2123,ISIC2017,test,ISIC_0016059,ISIC2018,train,ISIC_0016059
mask_sha256,26295dae6358b55b1b2c8e939c099965b4fcbece72fa3d7874e605b7e15c89e1,ISIC2017,test,ISIC_0016060,ISIC2018,train,ISIC_0016060
mask_sha256,67889012a546a5a377dc442093a6d3c1afb070468a682c9bd8578edb2c1c5c21,ISIC2017,test,ISIC_0016061,ISIC2018,train,ISIC_0016061
mask_sha256,9547f11827988222787514d4d3e660b7676c15afaba24e0e89a3ff23b5337cb6,ISIC2017,test,ISIC_0016062,ISIC2018,train,ISIC_0016062
mask_sha256,63bc2cd92bdafcc11acdcd3a194d9336729efc8dff38e23ae38b8c3e9cc4f3b2,ISIC2017,test,ISIC_0016063,ISIC2018,train,ISIC_0016063
mask_sha256,cff0850ccee3cca55b36aaf84778c8a7a8a6eed9fa20185df2e3350860d9227b,ISIC2017,test,ISIC_0016064,ISIC2018,train,ISIC_0016064
mask_sha256,dc77a0785990190a57c2282e4d4e178f3b24cb5b24e2fbe0987e3dc66fb9493c,ISIC2017,test,ISIC_0016065,ISIC2018,train,ISIC_0016065
mask_sha256,93a477d444b0641fea86601230ba2ba1e66e8ddec11f8e1beb6c525c4802e912,ISIC2017,test,ISIC_0016066,ISIC2018,train,ISIC_0016066
mask_sha256,c076b87dd83a7ca00e408d3ec9c3b8ca7a239b6e87b470ced67d6a2cb2936512,ISIC2017,test,ISIC_0016068,ISIC2018,train,ISIC_0016068
mask_sha256,7a2656eea012101524f5d0390101ce3d71b5504cb66ab6411086648f2a043af8,ISIC2017,test,ISIC_0016069,ISIC2018,train,ISIC_0016069
mask_sha256,5d3cf38b2ed73bad9f9d42ac74d833d78117680c05be3ba955d456b048578b76,ISIC2017,test,ISIC_0016070,ISIC2018,train,ISIC_0016070
mask_sha256,b95b0b46b3a359fcb08eb78c0e4b7e32be4ca58e559e3351e216ee78adf42540,ISIC2017,test,ISIC_0016071,ISIC2018,train,ISIC_0016071
mask_sha256,9b07fdf83a4939d91b5997d243c0e3891b12bfbfd4cae93c32b79bccb392b04a,ISIC2017,test,ISIC_0016072,ISIC2018,train,ISIC_0016072
mask_sha256,6f0f913825c37da3b88648768bea1213a19d58852c51b4c92d588336ec9874b1,ISIC2017,train,ISIC_0012089,ISIC2018,train,ISIC_0012089
mask_sha256,d4a95dd6c2850fadbb26d5c58fd480eb55d29919d0afb2669a95bedeff962c22,ISIC2017,train,ISIC_0012090,ISIC2018,train,ISIC_0012090
mask_sha256,30d8ca8a18ff90b2b39763097c07289f33451ebf74621c3c7daf0784b6e3e4e2,ISIC2017,train,ISIC_0012094,ISIC2018,train,ISIC_0012094
mask_sha256,16e37004d5e65dfc838d7f7fb44f22f1747042e906ecbf6b1f9f2b174aabd252,ISIC2017,train,ISIC_0012097,ISIC2018,train,ISIC_0012097
mask_sha256,f2f419d3d16b6ca2a48e5203a896ce03de9b489d5b83f9409ef8cf78f44fa99a,ISIC2017,train,ISIC_0012102,ISIC2018,train,ISIC_0012102
mask_sha256,622fa352e09b9dedec5ec6db8de00a66bf0fbaffda950630d45ff94508f57e88,ISIC2017,train,ISIC_0012105,ISIC2018,train,ISIC_0012105
mask_sha256,c16ea3d97d2efb22df9932035b5ccb75a33fe25008e8dc0ebb3f316464e6c89b,ISIC2017,train,ISIC_0012107,ISIC2018,train,ISIC_0012107
mask_sha256,55c172d3d60b348ab84814378d70092b2314159a206d062afd56a8698b34b241,ISIC2017,train,ISIC_0012108,ISIC2018,train,ISIC_0012108
mask_sha256,65d6b16794475ca0404634613d7ed7b573622874e9584edc2ae97b7815b2cb43,ISIC2017,train,ISIC_0012116,ISIC2018,train,ISIC_0012116
mask_sha256,dd71a40e5a2b0bbe9761a9d265e64326a23fcce34c84ce3ab13ab0492fe2a1ef,ISIC2017,train,ISIC_0012118,ISIC2018,train,ISIC_0012118
mask_sha256,2be66162297cba3a47d0a635285a757dad70398414776a61f71c64e344510f7a,ISIC2017,train,ISIC_0012137,ISIC2018,train,ISIC_0012137
mask_sha256,be781b5253a133e5d4120059ed031e39bc2632574fb4e963a17c059b339ba527,ISIC2017,train,ISIC_0012148,ISIC2018,train,ISIC_0012148
mask_sha256,94c004b4b0fdb7c41631525bc856caa10904751b4a486f336dc7a13599ff3a8c,ISIC2017,train,ISIC_0012155,ISIC2018,train,ISIC_0012155
mask_sha256,2b4497e26e027b41bf88e1c9e0640bc44afeff4737f37c690f2f38671f3b36e4,ISIC2017,train,ISIC_0012156,ISIC2018,train,ISIC_0012156
mask_sha256,c5d89e06ee7aee9312c9f37e6942bcab7ba94c6b53fb820aafeab69952ff609d,ISIC2017,train,ISIC_0012164,ISIC2018,train,ISIC_0012164
mask_sha256,6de248e480d340847b3ad247a5e1a41081c49cf6489d3b1d7139129feb58168a,ISIC2017,train,ISIC_0012167,ISIC2018,train,ISIC_0012167
mask_sha256,97d866824a2a8e96226d529740e87609163e05c11620b448fba1cf6010794639,ISIC2017,train,ISIC_0012173,ISIC2018,train,ISIC_0012173
mask_sha256,e1101a8cb5bea8603596663ff51b9061efa33e8bb0aef5eed177b64a1f357e36,ISIC2017,train,ISIC_0012177,ISIC2018,train,ISIC_0012177
mask_sha256,42ebdbb905131286f89f1f5c60fb7686047544ece76f7649ab7aa1989fdda056,ISIC2017,train,ISIC_0012182,ISIC2018,train,ISIC_0012182
mask_sha256,c4b7da32a8d5b72db0bf35f72eac2e4f8d33968fe0a20df0820f68d548731f71,ISIC2017,train,ISIC_0012187,ISIC2018,train,ISIC_0012187
mask_sha256,e67c1c60b77f9721421c7a459ac62dec35a0e423c9563a3d92e8f0421663fce7,ISIC2017,train,ISIC_0012203,ISIC2018,train,ISIC_0012203
mask_sha256,24672e2fd9b429915a149399cf5e530fe182c7d5e7566bdf7799532a5d959c10,ISIC2017,train,ISIC_0012205,ISIC2018,train,ISIC_0012205
mask_sha256,f720f8980f0a714a753105477a6f3cb09f14464b0c3df7de485dce05aad8d20c,ISIC2017,train,ISIC_0012208,ISIC2018,train,ISIC_0012208
mask_sha256,e10826dcfe2635bb99de08fdcc1296f37d7ed430b304ba85fc068e5fa47a0847,ISIC2017,train,ISIC_0012211,ISIC2018,train,ISIC_0012211
mask_sha256,a13273dfc439d431e6d45c1032b38efed9b088f846654d1882ee2ac856f4470f,ISIC2017,train,ISIC_0012212,ISIC2018,train,ISIC_0012212
mask_sha256,5e02e2854102ec14a164c0c17b3fd3685726c643bb73e2ff8ed4a183faaac1a5,ISIC2017,train,ISIC_0012213,ISIC2018,train,ISIC_0012213
mask_sha256,5585f3c43e9e25924d91ecbba86fd9ceb54ea6219c1365b933d6231afdd3f048,ISIC2017,train,ISIC_0012224,ISIC2018,train,ISIC_0012224
mask_sha256,442b5ef0f2d6413f1d565d628a140bccbc16f598319aa7d79d37e666f31b9496,ISIC2017,train,ISIC_0012227,ISIC2018,train,ISIC_0012227
mask_sha256,e84df546cc80cd05393a11cc1ce87121e199fa05770894f4b6e54ff009584e87,ISIC2017,train,ISIC_0012228,ISIC2018,train,ISIC_0012228
mask_sha256,a77034c5e38d0c56e40114e44ef2c8b021c3559ffe2c48f0c31b200ace4bed6a,ISIC2017,train,ISIC_0012230,ISIC2018,train,ISIC_0012230
mask_sha256,7aba5449f540c65ad220d2f542234d20cce3e7251ed234db988e6c43cf34ba34,ISIC2017,train,ISIC_0012232,ISIC2018,train,ISIC_0012232
mask_sha256,b3105afc6fced8464d501de646cc53325998b940ce45ceea25e89a10954fd388,ISIC2017,train,ISIC_0012233,ISIC2018,train,ISIC_0012233
mask_sha256,af2f0d17fde8be08a4f40df647738e55a738407d08ae88c37adf15ffb0d3cfa9,ISIC2017,train,ISIC_0012235,ISIC2018,train,ISIC_0012235
mask_sha256,9fd3c76ccae965006861c13915a56f0af3912eb91b3e82bba2ba615f736cbc02,ISIC2017,train,ISIC_0012238,ISIC2018,train,ISIC_0012238
mask_sha256,6b72132b8ded5dc0998b1cc17f3381faf5c2a4821378709ebd76543ca9f8c817,ISIC2017,train,ISIC_0012245,ISIC2018,train,ISIC_0012245
mask_sha256,6bd6e7664fc63fec3452f2af9ce1ef8df039b2152d6733e737d8b5e5deabedf6,ISIC2017,train,ISIC_0012246,ISIC2018,train,ISIC_0012246
mask_sha256,e0fc63127070f0d6e80feba24184140d81f1df0c40d430fa4f35d106ff2ebbc3,ISIC2017,train,ISIC_0012250,ISIC2018,train,ISIC_0012250
mask_sha256,f70a6892f86cd912ee71bf5bd9e59e4ce0311fca45f1c0a7c00ccf9f99452206,ISIC2017,train,ISIC_0012253,ISIC2018,train,ISIC_0012253
mask_sha256,d57a8c8b8215e0f017ed6691d1171cc9c9db109b0cdd4393990a5af63865394e,ISIC2017,train,ISIC_0012257,ISIC2018,train,ISIC_0012257
mask_sha256,700c025112816fa9270fefcb96e29421d64d31be7fca83d65ff1a204aa9ab8cc,ISIC2017,train,ISIC_0012259,ISIC2018,train,ISIC_0012259
mask_sha256,02f4e6c5fcd0620011098849311aedc6030bff9acc2c24f027d89ec2785c58de,ISIC2017,train,ISIC_0012260,ISIC2018,train,ISIC_0012260
mask_sha256,dafac2ea7b4731287bbb58dcc452ed7c4608d5ca8f327c9deaa321767996222c,ISIC2017,train,ISIC_0012261,ISIC2018,train,ISIC_0012261
mask_sha256,537cca94cc24472ced0720ec09bebf6b2a68b4a4666da30427cac050740a9853,ISIC2017,train,ISIC_0012263,ISIC2018,train,ISIC_0012263
mask_sha256,e534bfcd8f536cb04be385a0e9c92ed5793a243561e9ff7fc38088880487c9d9,ISIC2017,train,ISIC_0012271,ISIC2018,train,ISIC_0012271
mask_sha256,70e98690b45c13c8e443335e5f1285bbd08bddf40cd55efbbf6dd280d0b8a629,ISIC2017,train,ISIC_0012282,ISIC2018,train,ISIC_0012282
mask_sha256,a7bdb0f34b1e4507b6714aac47d0ccbd3a880c0c832c0497689fee7d9cba1997,ISIC2017,train,ISIC_0012284,ISIC2018,train,ISIC_0012284
mask_sha256,bb5bb71ffac7c97a986b8e4a80d092ad9ee7e2fdca50dce9e063c6e7f3ffd7bc,ISIC2017,train,ISIC_0012290,ISIC2018,train,ISIC_0012290
mask_sha256,0bee92c541b0dd0475429c00f7079dc447e891305c30ad8fcdd5fa0438306eed,ISIC2017,train,ISIC_0012298,ISIC2018,train,ISIC_0012298
mask_sha256,e118a5358fec151b51b1223c73590990564653e59cebe7a94b15d9c8cfbfd843,ISIC2017,train,ISIC_0012299,ISIC2018,train,ISIC_0012299
mask_sha256,c4c132a25cfde7418069c73941b2a3609f68a6ced9ef5a09a44ab69bca59ff9e,ISIC2017,train,ISIC_0012303,ISIC2018,train,ISIC_0012303
mask_sha256,7aaaccdcea198caaf1751b09ed4abc8e398ba6c68c305fcc541bd29736c6f073,ISIC2017,train,ISIC_0012309,ISIC2018,train,ISIC_0012309
mask_sha256,6720d1adc49b9b636e8facafa14c8274a484eb768adfef5423e858dd8bafbbe3,ISIC2017,train,ISIC_0012311,ISIC2018,train,ISIC_0012311
mask_sha256,4728c96ee2bb79d88e294ed9a13a00ff8f04b3b74b292fb91d102c3c215591bc,ISIC2017,train,ISIC_0012318,ISIC2018,train,ISIC_0012318
mask_sha256,3eacac710fcc269acd18fa42f515dd980d7f7914b0ebbb6bdc0ac9495e710fae,ISIC2017,train,ISIC_0012320,ISIC2018,train,ISIC_0012320
mask_sha256,e38282ed03e19c1af2820496b5f92f7a1743e00bd2c3e144cc267f5822b01b90,ISIC2017,train,ISIC_0012324,ISIC2018,train,ISIC_0012324
mask_sha256,ed805b9e18be8e5b4f3686e7cc262a3d7f1f7569ca082cf37a6e18197143e4bb,ISIC2017,train,ISIC_0012325,ISIC2018,train,ISIC_0012325
mask_sha256,a572501cd1e4882c38045e3437820f70cb75bc6f6c94295d10afb4507778be71,ISIC2017,train,ISIC_0012329,ISIC2018,train,ISIC_0012329
mask_sha256,119a6eb8a8e53416f4d285bb589b5af401e73acfc409b4d881907f59b01b7476,ISIC2017,train,ISIC_0012332,ISIC2018,train,ISIC_0012332
mask_sha256,ae1b85fafaa4ec9df8fb6bbb0e031d71e8ed867422dd005cd8ea321d17f3128a,ISIC2017,train,ISIC_0012333,ISIC2018,train,ISIC_0012333
mask_sha256,2572fc6a9c89a3d5f3824a1cdae985ec9759fdbd83b10baa7047517387eab983,ISIC2017,train,ISIC_0012334,ISIC2018,train,ISIC_0012334
mask_sha256,78b3c387b3fccd0797cbc21eb349b3ddcda6c77047ecb93287f69c0e584c6313,ISIC2017,train,ISIC_0012338,ISIC2018,train,ISIC_0012338
mask_sha256,11a6f174c5fbe228829167680e6cd76059ada11a1a7da5826ef1e18de11f924a,ISIC2017,train,ISIC_0012342,ISIC2018,train,ISIC_0012342
mask_sha256,be42ba9ec53d2f7f4b27f672009b1986e25c05c107fd9b1669818532a1cf54a7,ISIC2017,train,ISIC_0012348,ISIC2018,train,ISIC_0012348
mask_sha256,2f87ba71d5dc051d59c653c4fce6f3a0e0fadecf7bc33b5a018cf2ed5dbd7459,ISIC2017,train,ISIC_0012351,ISIC2018,train,ISIC_0012351
mask_sha256,2943a1f120e18fea00d0aaf31c329f3af03afe996237b6de8aa52dac168ba63c,ISIC2017,train,ISIC_0012360,ISIC2018,train,ISIC_0012360
mask_sha256,af491a962231d71b452e40658f8c06c81ba1cc45f030c6df73a204f7905bf417,ISIC2017,train,ISIC_0012374,ISIC2018,train,ISIC_0012374
mask_sha256,94d9c93a4bb3ce4a4a3e38c052afdb3460ef3212a84435c24c50bd31fc3c15b0,ISIC2017,train,ISIC_0012376,ISIC2018,train,ISIC_0012376
mask_sha256,d6a8e6c7ac4237752bcc62c9904abdf6beb12759555000596e9414c9a46bbf63,ISIC2017,train,ISIC_0012378,ISIC2018,train,ISIC_0012378
mask_sha256,9c1ed3992f74a52e305849d127d196cc96009e6bbd80e1d3191aec8c6c8a73a0,ISIC2017,train,ISIC_0012379,ISIC2018,train,ISIC_0012379
mask_sha256,169860d91059e54ea20b492385b60629d0b14ddd1bfa2a83da3d6bd36e0d444f,ISIC2017,train,ISIC_0012381,ISIC2018,train,ISIC_0012381
mask_sha256,4df59f53bd1d6e3ef7c58dd893c96cf9289c1e982978edb14ff5f035e8a197a5,ISIC2017,train,ISIC_0012382,ISIC2018,train,ISIC_0012382
mask_sha256,0f8f2d407be16bb476568b491ec5fad7f97195966113665357a25afccf3b069e,ISIC2017,train,ISIC_0012384,ISIC2018,train,ISIC_0012384
mask_sha256,da09c3842639db7fae225de20b5d461512a2221dc72c04fbb4392172dae387dc,ISIC2017,train,ISIC_0012390,ISIC2018,train,ISIC_0012390
mask_sha256,a1ad615d9b38081f633d63359fb7e983f14fae30b04386afaf25c2e993a6b0f6,ISIC2017,train,ISIC_0012406,ISIC2018,train,ISIC_0012406
mask_sha256,85d99b2efae766dce7765fd3e0614de4a39c2f7b82e6328ef7417a376a5978a0,ISIC2017,train,ISIC_0012413,ISIC2018,train,ISIC_0012413
mask_sha256,27e21237b032daa46c10d92a0a147c14d9bbd8ab17eb39ae8ac8259fdabc663f,ISIC2017,train,ISIC_0012415,ISIC2018,train,ISIC_0012415
mask_sha256,db6aa366f37fd65f4d169d9af1f8cf74f924adfd5153c6846bb0400bc0b1c5aa,ISIC2017,train,ISIC_0012435,ISIC2018,train,ISIC_0012435
mask_sha256,2d9aa8067484e48a806ac0e373ae975892f4451f57dd2caab8470f1f50732449,ISIC2017,train,ISIC_0012442,ISIC2018,train,ISIC_0012442
mask_sha256,cfd9f46c366aa71250c9a48c3019efab61f1d57025e3d6978e10abf2a59bc498,ISIC2017,train,ISIC_0012450,ISIC2018,train,ISIC_0012450
mask_sha256,6214e06090ccd21ecf11d0261667884cf4525daef5ebad03c4c31709b90397a1,ISIC2017,train,ISIC_0012453,ISIC2018,train,ISIC_0012453
mask_sha256,00e838b988664026b761f2d11e188d7aff15a7d646492f40e49fe7ba4a5ccac0,ISIC2017,train,ISIC_0012455,ISIC2018,train,ISIC_0012455
mask_sha256,6922284130cfdc9c80e4ddc2f2784323d23264ab11d465400d387f8154fbaf31,ISIC2017,train,ISIC_0012464,ISIC2018,train,ISIC_0012464
mask_sha256,d2ffd8ae915768287f5788750dafc5545abaa29f92aeeba0b28fa4a2dc70a0ae,ISIC2017,train,ISIC_0012469,ISIC2018,train,ISIC_0012469
mask_sha256,a10912ea0bdb545c37090bfcbc6a29c5da2465fee00c7ba242c6feca1456f7b9,ISIC2017,train,ISIC_0012473,ISIC2018,train,ISIC_0012473
mask_sha256,d1f6e762ff39362a7e1693f684ccfa765ccc72c80d38fa42cffe6561c33877d0,ISIC2017,train,ISIC_0012475,ISIC2018,train,ISIC_0012475
mask_sha256,0e20d3abc4ea4a4212cf92f34b0a8778cf600e63a4703c2475f4a672ff61e237,ISIC2017,train,ISIC_0012478,ISIC2018,train,ISIC_0012478
mask_sha256,b44e696d22372ea6cc7a40c0d54b2ae18f27038beddde9b519af88a87d159278,ISIC2017,train,ISIC_0012489,ISIC2018,train,ISIC_0012489
mask_sha256,195bcadec7ee3fb786a5cd19c56336b4e9d2feb1a934032036f7aa1dab6a3f83,ISIC2017,train,ISIC_0012494,ISIC2018,train,ISIC_0012494
mask_sha256,a2e48f1c89a9ba26a57c3f984d0a3c41831fc06c88c559276579c3d7d7a14b6a,ISIC2017,train,ISIC_0012495,ISIC2018,train,ISIC_0012495
mask_sha256,5bd6cd21f7090a078d1d70f71fd0f9c553aa048945c6946d06ec9f9afc2ac297,ISIC2017,train,ISIC_0012496,ISIC2018,train,ISIC_0012496
mask_sha256,42441f503ac3ff22e7905625b8569952fbc571584ad1e1ec176f139d75997119,ISIC2017,train,ISIC_0012503,ISIC2018,train,ISIC_0012503
mask_sha256,237ffc6945ba4c17cdc7a4ec5c7c631828936700477f1d7321851ac873be3120,ISIC2017,train,ISIC_0012506,ISIC2018,train,ISIC_0012506
mask_sha256,11726c8633df667e732b109d1ac08492e1ca80d9fb5f752225bc836bd1a3e5ef,ISIC2017,train,ISIC_0012508,ISIC2018,train,ISIC_0012508
mask_sha256,5e0a4b5ba2b0ece4d905660df3709136a5a8803538cab51281ef3bcb81aac262,ISIC2017,train,ISIC_0012511,ISIC2018,train,ISIC_0012511
mask_sha256,2db7611d5ea5dd7fe06f150de0393a7e460ecae6f0b2a008a1d7af64a29a8e2e,ISIC2017,train,ISIC_0012512,ISIC2018,train,ISIC_0012512
mask_sha256,ba53c297da1ef3649b90979f681a018799e20d3985d07c9785a7d064006d8067,ISIC2017,train,ISIC_0012516,ISIC2018,train,ISIC_0012516
mask_sha256,4989075c95da5f508e8aa39d8eafd97dbaadb38879bcb0e62cb364ed1bf94135,ISIC2017,train,ISIC_0012517,ISIC2018,train,ISIC_0012517
mask_sha256,96d3d4ea1ff0516275b87b55aca0f410064e0a485f4d7105ccfea29e9e3f8b71,ISIC2017,train,ISIC_0012518,ISIC2018,train,ISIC_0012518
mask_sha256,6b405388934678cad289d1b42f220c48d56442090b0885d82cc91eee48d41542,ISIC2017,train,ISIC_0012520,ISIC2018,train,ISIC_0012520
mask_sha256,3db29fa58f662e0b0425d666bba34a825c7c056e8193b7a1366d3f88d603bca2,ISIC2017,train,ISIC_0012521,ISIC2018,train,ISIC_0012521
mask_sha256,4e4098a6d3c40d2aff0a7d276476f2443175a89c3d7cd7ccda010cabb1e1ffc1,ISIC2017,train,ISIC_0012526,ISIC2018,train,ISIC_0012526
mask_sha256,d1c5e6c4b200d365f91c9b8d30c2f6e83630848e6ccec3805293deb52689183c,ISIC2017,train,ISIC_0012529,ISIC2018,train,ISIC_0012529
mask_sha256,cd0eb820c3bb54f0930259f038cfc2d5acdba89d214981842d25f5d47213d5ca,ISIC2017,train,ISIC_0012539,ISIC2018,train,ISIC_0012539
mask_sha256,55fc2bc7dc07bd34195985c0ed1bf1925ddd44468b2a73f91ac9e5e62401649e,ISIC2017,train,ISIC_0012544,ISIC2018,train,ISIC_0012544
mask_sha256,152e364943c3120180e1134ccd04ad5501160b6ddd96ac307648ad030f140598,ISIC2017,train,ISIC_0012549,ISIC2018,train,ISIC_0012549
mask_sha256,8b50ddd02c6606ea08d6b680ad4201cf8176a6f6f614aa076e974d1ca7ee3a44,ISIC2017,train,ISIC_0012550,ISIC2018,train,ISIC_0012550
mask_sha256,da7e3055a4de6b992f8b0fc4dde1bba7b756498708b01fb700d08bfbc9229354,ISIC2017,train,ISIC_0012653,ISIC2018,train,ISIC_0012653
mask_sha256,a2c4ee2c09cb42dd036518bb14d227ffc1fe7568dd0e68a2b07a0009287de4e9,ISIC2017,train,ISIC_0012655,ISIC2018,train,ISIC_0012655
mask_sha256,6b83fbf7083f850901f564492be678ee5b1186632d118bedd162330829aa00a0,ISIC2017,train,ISIC_0012657,ISIC2018,train,ISIC_0012657
mask_sha256,3ef16c1b88c1109153f49c12fb95468799cb1b2c174d936a0880085d753fdfd5,ISIC2017,train,ISIC_0012658,ISIC2018,train,ISIC_0012658
mask_sha256,7dc26f6d5fef470e32a7d60d5cd7b272d5483775ccf7cc281d0483cd0291c411,ISIC2017,train,ISIC_0012659,ISIC2018,train,ISIC_0012659
mask_sha256,6cff7cb8a8c6191a1d705e9f3f23bbe7f832cd774ffd22b28e3b00722b42ecd2,ISIC2017,train,ISIC_0012661,ISIC2018,train,ISIC_0012661
mask_sha256,e8a5c227257a5cb7946fd37ef17936b9a87911e5d4e44a2482345cdcaa6dc837,ISIC2017,train,ISIC_0012662,ISIC2018,train,ISIC_0012662
mask_sha256,3acdb4453182ba8aca18919732deb912a4966957483ac195866ccd7d4fca8fb3,ISIC2017,train,ISIC_0012663,ISIC2018,train,ISIC_0012663
mask_sha256,d977250bb7c9c814db57f564a774b49290e1bea9a249f4d40b844d57268e849f,ISIC2017,train,ISIC_0012664,ISIC2018,train,ISIC_0012664
mask_sha256,0fdc812bdefe61519e8fa31be17271265f8a8d0d6b7e2a825525c102ec43381c,ISIC2017,train,ISIC_0012665,ISIC2018,train,ISIC_0012665
mask_sha256,edebcded9eb5939ce315b0b5fade35d5d49701be6aa5d87294a6a52b1f3683e7,ISIC2017,train,ISIC_0012666,ISIC2018,train,ISIC_0012666
mask_sha256,a3243d789fa53d265d9e9d14664dd917aa5d9cd5f5d5edb9def31d963cc472a4,ISIC2017,train,ISIC_0012669,ISIC2018,train,ISIC_0012669
mask_sha256,2d99384df618ff1d8453792ddb2923a6c4d8da10c736a60b55c062dcc9f2e2fd,ISIC2017,train,ISIC_0012672,ISIC2018,train,ISIC_0012672
mask_sha256,6665f7bc57837600ced9636546be518d21e07b8be8058cfaeae9a6362ee4274d,ISIC2017,train,ISIC_0012673,ISIC2018,train,ISIC_0012673
mask_sha256,6978441bf2eb8531c834e3feee88edb25b7466afda324c5060cc5220388c00dd,ISIC2017,train,ISIC_0012674,ISIC2018,train,ISIC_0012674
mask_sha256,2853d6f75112bd7eef297e6337116400afdc4a261c141370231cfe75c5cc8419,ISIC2017,train,ISIC_0012675,ISIC2018,train,ISIC_0012675
mask_sha256,e7091b3649a3bebc0814b0c00c84ebfc28890a0f5a50cf4357a21e8a1c82eb80,ISIC2017,train,ISIC_0012676,ISIC2018,train,ISIC_0012676
mask_sha256,4dc090ba35bf5cfdeaa219aea0553bf6271a90fd005b3fb416967f3e1afe1e27,ISIC2017,train,ISIC_0012677,ISIC2018,train,ISIC_0012677
mask_sha256,a8fc3b7037269b8448023398dd13ec05f472886e789e58f7c6ecee750b98aed2,ISIC2017,train,ISIC_0012678,ISIC2018,train,ISIC_0012678
mask_sha256,b0adf59741bcef6cfa87cee54dbdeaad247f59e0adca627ab315fe028118a53e,ISIC2017,train,ISIC_0012679,ISIC2018,train,ISIC_0012679
mask_sha256,d62dd506429c450a342ce74c32766e8499ea301f317f2481dc5a04fd06ca1fa8,ISIC2017,train,ISIC_0012680,ISIC2018,train,ISIC_0012680
mask_sha256,a15623155db809bc219479500c4572c11c906a61cb8b57b33cac9593b79cde07,ISIC2017,train,ISIC_0012681,ISIC2018,train,ISIC_0012681
mask_sha256,3df6c679fd1f7ab7ec1c8fa2fd4e85a1c603f988c10e160f61d2287c6025a874,ISIC2017,train,ISIC_0012682,ISIC2018,train,ISIC_0012682
mask_sha256,43aea6c9ad0e29b23fc417141782a8c4245af5c9b4570374ef1c13a957c54c95,ISIC2017,train,ISIC_0012683,ISIC2018,train,ISIC_0012683
mask_sha256,50a9db27deef8178822e0b8d2fc431cc859731d0d77bb0eae6e5038f2e6a24d8,ISIC2017,train,ISIC_0012685,ISIC2018,train,ISIC_0012685
mask_sha256,275fdf0dc0410bafa216185be8095c4ce80bcebd3e4bc321981798ac36bea51c,ISIC2017,train,ISIC_0012690,ISIC2018,train,ISIC_0012690
mask_sha256,33fd1d12a71aff8688685713c73f1118c8d575f01d95531b7c06bb97e2744335,ISIC2017,train,ISIC_0012693,ISIC2018,train,ISIC_0012693
mask_sha256,9a2bc477371ca363ef00f0f79cfc88f983cc541524795dd6fce20ce19111a30f,ISIC2017,train,ISIC_0012697,ISIC2018,train,ISIC_0012697
mask_sha256,db0ced05f28ad7ecac8c694d908ebb65b56a9d6078d472bf84d4b5b4e5cc23af,ISIC2017,train,ISIC_0012699,ISIC2018,train,ISIC_0012699
mask_sha256,a141df42738fa6056afff262da926ee242668a680af8a5e12a2f4cef1fcff2cd,ISIC2017,train,ISIC_0012701,ISIC2018,train,ISIC_0012701
mask_sha256,1a242b5737a4d57beb1ea5698fa431c2b86595e6592022207d192574aa911c22,ISIC2017,train,ISIC_0012702,ISIC2018,train,ISIC_0012702
mask_sha256,6e2c31e9e38173f7d6a36cbf0be0c49a44615056dd61931feb120e150248ff3c,ISIC2017,train,ISIC_0012704,ISIC2018,train,ISIC_0012704
mask_sha256,95cd51cc5498d7eaf45d54d641c79f2e11eaa521e1c88acd05e5f2391b4be59e,ISIC2017,train,ISIC_0012706,ISIC2018,train,ISIC_0012706
mask_sha256,0cd7e77175d4d14806a155d3dbf3d3119ee50ea72c63adc90f61712dac38bb67,ISIC2017,train,ISIC_0012710,ISIC2018,train,ISIC_0012710
mask_sha256,c893b90081cb5ab978453085f3e557c890ce922b77a2f795d81d70284c1b6c51,ISIC2017,train,ISIC_0012711,ISIC2018,train,ISIC_0012711
mask_sha256,50bb9ff97ae3dfd57dbf3c15f20e1b66442472e71f65cde8d7df139c43338fb2,ISIC2017,train,ISIC_0012715,ISIC2018,train,ISIC_0012715
mask_sha256,92ee7397601220e0ae42cd6b226d42acd4e5f2d50512291360d664928b3c16de,ISIC2017,train,ISIC_0012719,ISIC2018,train,ISIC_0012719
mask_sha256,1c68d072b9f05874ffc64d26d8068892984a2b1d6a9ef34e85b15ec778687d2e,ISIC2017,train,ISIC_0012721,ISIC2018,train,ISIC_0012721
mask_sha256,744f09e2c107406f5857fe6ea42d35207cd9e8ad45f12f662133f045c10f7ba5,ISIC2017,train,ISIC_0012725,ISIC2018,train,ISIC_0012725
mask_sha256,1d9607cd66648756b3d54b9e67eea59583b7ead149abb04d14530b502309c3a1,ISIC2017,train,ISIC_0012726,ISIC2018,train,ISIC_0012726
mask_sha256,ac87ab4e11d35e86b7529d64a44e71be2f1d77103c32dfa8c1baa91cfaab98c9,ISIC2017,train,ISIC_0012735,ISIC2018,train,ISIC_0012735
mask_sha256,1458052f71d6d57b92562b81307b73bb1ecb2c75d5dfe83b8337a392ae24fb14,ISIC2017,train,ISIC_0012737,ISIC2018,train,ISIC_0012737
mask_sha256,484a3fb49b49de525dda79cf6a2037403cb7169200c3f24852b88a0af75bc6a5,ISIC2017,train,ISIC_0012739,ISIC2018,train,ISIC_0012739
mask_sha256,7540e2ecb6ed8b4308d6d75999f74c8ba0ed11b9cb40d9bdbd6115d2c4c629ac,ISIC2017,train,ISIC_0012741,ISIC2018,train,ISIC_0012741
mask_sha256,79e043fc24b0d4c9f9d4e081343c75dda264c8fa503c1f5d612f610eba41f6b1,ISIC2017,train,ISIC_0012742,ISIC2018,train,ISIC_0012742
mask_sha256,6d08cbdeb2b07cd2d4567efd9204c86c94eff05b70917137ec40d15e50f059fc,ISIC2017,train,ISIC_0012744,ISIC2018,train,ISIC_0012744
mask_sha256,0d76844ce480e17fa7578acec381fcd3bc4e2c2befad782aca4e7a6b46a981bf,ISIC2017,train,ISIC_0012749,ISIC2018,train,ISIC_0012749
mask_sha256,67203e9f67b0c40d32ea810054b6b5905997dff3b300066b1ade76d93f8f6002,ISIC2017,train,ISIC_0012756,ISIC2018,train,ISIC_0012756
mask_sha256,6a0890017c9cc63064f126bd97a8f6c527e8e8d9415221a79f6a5b767418e641,ISIC2017,train,ISIC_0012768,ISIC2018,train,ISIC_0012768
mask_sha256,e05249064df0447f06602a68dd531db534daa154d5c96abfb4df10441b08d2e1,ISIC2017,train,ISIC_0012770,ISIC2018,train,ISIC_0012770
mask_sha256,c8cff90040738b1f3b229331ae2952a042df560c085949ef08bf326fab989df2,ISIC2017,train,ISIC_0012773,ISIC2018,train,ISIC_0012773
mask_sha256,64a671159e73cf8112721a155de3b1a549747421828f6e0629e71365ace98cff,ISIC2017,train,ISIC_0012777,ISIC2018,train,ISIC_0012777
mask_sha256,fac3d7c0ca736fd43923be4af12da5ea5892f1d7bf9c9cadba6fed93bcafb0be,ISIC2017,train,ISIC_0012792,ISIC2018,train,ISIC_0012792
mask_sha256,9d1f4c5de5a2ad3b52cf4c4ba061ff43e2eb482c526d61b4da9bdb9e36bbd36f,ISIC2017,train,ISIC_0012793,ISIC2018,train,ISIC_0012793
mask_sha256,84418bf8113451b32fc8fbab4694e3bba902f006b21c3a24c4974e644bc2adf0,ISIC2017,train,ISIC_0012804,ISIC2018,train,ISIC_0012804
mask_sha256,637e292acc7d1bc19cc399302b440b1603c9988c1da161de75c70c45deba6672,ISIC2017,train,ISIC_0012806,ISIC2018,train,ISIC_0012806
mask_sha256,13ff09ea1e11681c4f8404ca5be998786b0f4461f013b6971fca5f34caf6d73a,ISIC2017,train,ISIC_0012813,ISIC2018,train,ISIC_0012813
mask_sha256,397a88e8f13b5c50fc9494cd082d25cbf5319b6e3685f869a38c5777b2d47282,ISIC2017,train,ISIC_0012814,ISIC2018,train,ISIC_0012814
mask_sha256,63f0c977eda1e76167c894c9ae54d9fe75947cf19b4153d8e6d3e0a8a5ca044d,ISIC2017,train,ISIC_0012823,ISIC2018,train,ISIC_0012823
mask_sha256,9b38522815934c678e68b6018d50a3670f97b1bfd55505266bcdd6246651ae85,ISIC2017,train,ISIC_0012826,ISIC2018,train,ISIC_0012826
mask_sha256,58814e1a85d1f1d1bbf0e1529ad978ba6e2184630cbee26b6b62df55306d6d8c,ISIC2017,train,ISIC_0012828,ISIC2018,train,ISIC_0012828
mask_sha256,7bccff8b095b299a433f935d4d1c06330dc719e1e23cb9774d3d0202c2e37a6e,ISIC2017,train,ISIC_0012835,ISIC2018,train,ISIC_0012835
mask_sha256,48530c7e11b2ee8586b3396231b64f81f70d5c5376455b8829589bb4c800f8a9,ISIC2017,train,ISIC_0012840,ISIC2018,train,ISIC_0012840
mask_sha256,fb970000bacc47f9673f0dca7c7f761a91713c6526115cb47ab04bb30159402d,ISIC2017,train,ISIC_0012844,ISIC2018,train,ISIC_0012844
mask_sha256,97654b2ba7628ab840f9d82a5ac52fa1635f169a4f51b24fc559a47e93130593,ISIC2017,train,ISIC_0012855,ISIC2018,train,ISIC_0012855
mask_sha256,925578b5f1fe2df38bea4d2593b1e434be48b0040102d3e5a5e48b80b1117fdf,ISIC2017,train,ISIC_0012856,ISIC2018,train,ISIC_0012856
mask_sha256,97a853b516ec05de3b1e8c193594011cbd1e49b50d54935c26bc86c6b3dcd336,ISIC2017,train,ISIC_0012865,ISIC2018,train,ISIC_0012865
mask_sha256,f1d1c79b1cfdf4f7f609abc4d7fccda937a0a9f1ce9a9828d9ee5bd82aa2daa9,ISIC2017,train,ISIC_0012871,ISIC2018,train,ISIC_0012871
mask_sha256,b2022313d95e3690dbb2e2fb3e67949d461ff92dc63180753813fd7beee612b5,ISIC2017,train,ISIC_0012873,ISIC2018,train,ISIC_0012873
mask_sha256,5bebbd4e53c05bd60a3c98a84c488863f49a85ccbf14137c5e2a40830136ba93,ISIC2017,train,ISIC_0012877,ISIC2018,train,ISIC_0012877
mask_sha256,05fda4daf3ae6d7afde48f7d3f2453bbb1f76bda88841116805f3ff2253f2ea0,ISIC2017,train,ISIC_0012878,ISIC2018,train,ISIC_0012878
mask_sha256,b7dae21acef6c901f26125dd56044682be895f603f86fd1cf093e6a17745525c,ISIC2017,train,ISIC_0012879,ISIC2018,train,ISIC_0012879
mask_sha256,d5832c6c972f89ad22f44496a15fe2d45281b8ab4af25e3cdc01f22b46083432,ISIC2017,train,ISIC_0012883,ISIC2018,train,ISIC_0012883
mask_sha256,b34b2d70c1ff2a780b88e3d65351b8f3c4c9a08131911e033a5768f03e7e0371,ISIC2017,train,ISIC_0012884,ISIC2018,train,ISIC_0012884
mask_sha256,1ba74aac8cbadcf32f06bbadc0269ba98f3b1020604d06d03e6ff8d1f25d8e94,ISIC2017,train,ISIC_0012887,ISIC2018,train,ISIC_0012887
mask_sha256,9f2aadd46345507bd8cc6bf8c39fbe7a0037bfdbf7b34a4408ba23c386c65d10,ISIC2017,train,ISIC_0012888,ISIC2018,train,ISIC_0012888
mask_sha256,81d462b69944c0de305afe01bd8685bf14d54f5a905c20dab409fd99ef4b0ba3,ISIC2017,train,ISIC_0012889,ISIC2018,train,ISIC_0012889
mask_sha256,0659f0593111511df76315991adf283032b98c36c318fe36f2e6ecbee7d97f35,ISIC2017,train,ISIC_0012891,ISIC2018,train,ISIC_0012891
mask_sha256,16e80e27d6b33f5fb9cd9d38dfedec658c6aeab95638f8912faf90248a941602,ISIC2017,train,ISIC_0012897,ISIC2018,train,ISIC_0012897
mask_sha256,f21fee6c69c993f7386b29f949a5add6c2ca068a5f590cadae20393b6bcca0a9,ISIC2017,train,ISIC_0012898,ISIC2018,train,ISIC_0012898
mask_sha256,8157435419cbcfacd62f250a1e3621b80c759b872e04d9b751c2268f8456ffbb,ISIC2017,train,ISIC_0012901,ISIC2018,train,ISIC_0012901
mask_sha256,0065010909dd54cb8ff4676a0295c6159f00717e64e64d3530b91e1934cd7397,ISIC2017,train,ISIC_0012902,ISIC2018,train,ISIC_0012902
mask_sha256,ffd11d664aabfb7de8ce04c8d989f6f908aee862aa76d68dc4d0d8a67d1541cf,ISIC2017,train,ISIC_0012905,ISIC2018,train,ISIC_0012905
mask_sha256,cdb7dbb0d72114aa4f23ea90fe72f877e0b15c38032bbc292a11e501538d70e4,ISIC2017,train,ISIC_0012907,ISIC2018,train,ISIC_0012907
mask_sha256,650cfe36fb7bf4870ce5cf76cfc725400407498ba5131ead90cca4a09c89e4c9,ISIC2017,train,ISIC_0012911,ISIC2018,train,ISIC_0012911
mask_sha256,5501da2c539f4fc3500d25f04d07fcec94cf450702a3b27c2e11b2e8b2738406,ISIC2017,train,ISIC_0012930,ISIC2018,train,ISIC_0012930
mask_sha256,904033354dd4e7f5e2a72a93c7f2a583711daabe047c284f8c43be6bca9de84f,ISIC2017,train,ISIC_0012932,ISIC2018,train,ISIC_0012932
mask_sha256,bfafb2e97adbc637774637a44f0b8870bae1f00d70fba6a88dcad0a7d3c42151,ISIC2017,train,ISIC_0012939,ISIC2018,train,ISIC_0012939
mask_sha256,3ec9868a125b0d3c1b90684bb607a2512ac4de9047199e463fcbc1aff3de7c33,ISIC2017,train,ISIC_0012940,ISIC2018,train,ISIC_0012940
mask_sha256,047035e068b5421bf1557a7a04a984999fc5ed4c20d5469e8a2ed2f3766e50f3,ISIC2017,train,ISIC_0012944,ISIC2018,train,ISIC_0012944
mask_sha256,79046199c3d9abc667823031db8cc13901b8c6b9be162cc258d1b5f8ec2bb411,ISIC2017,train,ISIC_0012949,ISIC2018,train,ISIC_0012949
mask_sha256,d0f2bee22b054ecf45073bfa6548dc35c556a646c9874932d6ddf8307d80ced4,ISIC2017,train,ISIC_0012950,ISIC2018,train,ISIC_0012950
mask_sha256,40ee7c3acd9296b3a916fcd3b149e7390cb45289cd4460d002fdbe3a092ec989,ISIC2017,train,ISIC_0012957,ISIC2018,train,ISIC_0012957
mask_sha256,dd7aa04fb2be47aa4ab27318ec13125d3c344700c7ae15e0d9a23d1478f0f268,ISIC2017,train,ISIC_0012961,ISIC2018,train,ISIC_0012961
mask_sha256,9c28e0268946657424fd2b85165cfdadd7b09ea7bcf8ac5c63b84cb5e7419a00,ISIC2017,train,ISIC_0012969,ISIC2018,train,ISIC_0012969
mask_sha256,d138be5bb0ec055e4481ea4fdc36de1c488bf78a6f16b4b6f831bb5dc79d79b6,ISIC2017,train,ISIC_0012976,ISIC2018,train,ISIC_0012976
mask_sha256,7893d5756589721b009b2a055a758b57619795bea364ff0b0433ab3b62d99dce,ISIC2017,train,ISIC_0012986,ISIC2018,train,ISIC_0012986
mask_sha256,055961d82e6f869871db366daf623307f1eeae394e379cc0ebe0e65bf1e5eeff,ISIC2017,train,ISIC_0012987,ISIC2018,train,ISIC_0012987
mask_sha256,1ace3c6415d3d08884a47d3747b0c5965631815971448f7d8849d43ee60b5777,ISIC2017,train,ISIC_0012988,ISIC2018,train,ISIC_0012988
mask_sha256,31a33dfd1fde1e3800e424396b8276af3f71c32efceb3d1c9dd184b5e0bfdcde,ISIC2017,train,ISIC_0012990,ISIC2018,train,ISIC_0012990
mask_sha256,3dc04460ad9a7bc4fb0332d2f0fbe15bd883c9a37ff97aa646e6fc0f8d8d0b6a,ISIC2017,train,ISIC_0012999,ISIC2018,train,ISIC_0012999
mask_sha256,896593f68ce4d04e3d1cf7be05c7b129dab30bf0ff84384fb42fc2ee7444efed,ISIC2017,train,ISIC_0013000,ISIC2018,train,ISIC_0013000
mask_sha256,f2ad65bf921ae8217e1d6f612bd3a65afafcf88f98c88a0a6c362a2c7d9a4caf,ISIC2017,train,ISIC_0013001,ISIC2018,train,ISIC_0013001
mask_sha256,6ed1bbc2128e7ab950303e7f02f3b7698f8696c80cfc15b46750fd76c4377295,ISIC2017,train,ISIC_0013007,ISIC2018,train,ISIC_0013007
mask_sha256,7ed5c48d4211260029d5691890204662d0e52bc84226eba45c340337fd48a461,ISIC2017,train,ISIC_0013012,ISIC2018,train,ISIC_0013012
mask_sha256,4db96e6de5961d35a9a8da7eaf2fba097f3dbcac8237e0182469d79022f5303b,ISIC2017,train,ISIC_0013015,ISIC2018,train,ISIC_0013015
mask_sha256,dfe11d9c330cb168a1b810c8dc458cabf9840f7d2af671aad103816804a45f6b,ISIC2017,train,ISIC_0013023,ISIC2018,train,ISIC_0013023
mask_sha256,e2030947da6b7cd080cde302a86c854bddb06d25dde15f809c9146abe3dbdfbb,ISIC2017,train,ISIC_0013024,ISIC2018,train,ISIC_0013024
mask_sha256,be335b41444aad5ebe237421934091f9a32b0e526d8fc0428d7f32a684dd08da,ISIC2017,train,ISIC_0013025,ISIC2018,train,ISIC_0013025
mask_sha256,bfd9eb6dae4e9225cd7b531d1f91ea9c9682d03fa9ef80150dff19dbd61221a5,ISIC2017,train,ISIC_0013026,ISIC2018,train,ISIC_0013026
mask_sha256,8cfff60b6393dbf53d742dc577b170595df75515746a37cd9675d4e1a4e7d0d0,ISIC2017,train,ISIC_0013031,ISIC2018,train,ISIC_0013031
mask_sha256,b3a41cb50a42d4deac2776b5996ab9597128d3105d9ae406338f6103e311a5ea,ISIC2017,train,ISIC_0013032,ISIC2018,train,ISIC_0013032
mask_sha256,f6d6589dc8e86a6b6c6f2a6913cc805a161a37eceec1465bab0709635f498281,ISIC2017,train,ISIC_0013034,ISIC2018,train,ISIC_0013034
mask_sha256,54837b78a493b0ae62439263ffe934c8702385cae3e12794412424d6ecc4d82d,ISIC2017,train,ISIC_0013037,ISIC2018,train,ISIC_0013037
mask_sha256,eb5bcc4e4927c0fa5b95d64bf16313a0d00d09230012d5a296a98f0bec5dcf90,ISIC2017,train,ISIC_0013039,ISIC2018,train,ISIC_0013039
mask_sha256,102efd9c33fc2ad330adfaccba20f4e78ddf8061059cec4605ad882d488d1e95,ISIC2017,train,ISIC_0013044,ISIC2018,train,ISIC_0013044
mask_sha256,a8a121056965b840b78ecfe4c0cc57de5eba9f1bf614b7281c4f8732b91c4afc,ISIC2017,train,ISIC_0013047,ISIC2018,train,ISIC_0013047
mask_sha256,8fc1a461c845efa06cfde7976e7af027cc97e2f8362a36f2e81cbe73dc715d11,ISIC2017,train,ISIC_0013048,ISIC2018,train,ISIC_0013048
mask_sha256,2c174abcd11fd075506a44aa6c5c8dd51d005d3392b25fe5d5952304f1f6ab6a,ISIC2017,train,ISIC_0013052,ISIC2018,train,ISIC_0013052
mask_sha256,1dd594dad87c15e306775b03709a01a418348e3dca5fdb610028a645034f26ba,ISIC2017,train,ISIC_0013053,ISIC2018,train,ISIC_0013053
mask_sha256,201a65c6aa045bad13e1e5aaf796dcf1b39d9ea635216269a527897743890a49,ISIC2017,train,ISIC_0013054,ISIC2018,train,ISIC_0013054
mask_sha256,288f43383be6b7373f0fc9c800d1f9a5bd16d3f9531e507ace0cf9ea497e2342,ISIC2017,train,ISIC_0013055,ISIC2018,train,ISIC_0013055
mask_sha256,0ce19ca8326e8c7be31b15a37b8901b798bb0391c411559204d99a9df531b012,ISIC2017,train,ISIC_0013056,ISIC2018,train,ISIC_0013056
mask_sha256,79f03951fe81e51e8300c1f07b96de95cc45ae62fadfc1f00b643cf3cb6815d0,ISIC2017,train,ISIC_0013063,ISIC2018,train,ISIC_0013063
mask_sha256,34f378cf2b9817d957d52eb7c45294e059b8c862e5d0500ff04d30e3594c080d,ISIC2017,train,ISIC_0013071,ISIC2018,train,ISIC_0013071
mask_sha256,9bae4cb56b9e043afe7e8e570d7efdd269e6cdf6456435bbc8f40a6425e250ff,ISIC2017,train,ISIC_0013075,ISIC2018,train,ISIC_0013075
mask_sha256,86d55a8a042b930025d3db86f5cd24bcf367867901689b11be65da68ebd116e2,ISIC2017,train,ISIC_0013079,ISIC2018,train,ISIC_0013079
mask_sha256,ac95f62ec0b0cd4755d0d76dd6eaf9e1fb9f98a1be896d7f1dda483f9ba302fb,ISIC2017,train,ISIC_0013084,ISIC2018,train,ISIC_0013084
mask_sha256,6497b2329abc837dde457214b081c5452e1a26ec53fd5ac8b3b231000250b86f,ISIC2017,train,ISIC_0013086,ISIC2018,train,ISIC_0013086
mask_sha256,3b58932f7ef72383f77d8cc5b8e856346b17d2cce663050cdd9f58394f66fbeb,ISIC2017,train,ISIC_0013089,ISIC2018,train,ISIC_0013089
mask_sha256,19f18d0cf0f292c486df104a8748a24fcf02dfb232ad1c0908b8dd5b860a1c60,ISIC2017,train,ISIC_0013090,ISIC2018,train,ISIC_0013090
mask_sha256,d6163254a921b4294dc03b685910addf86d66e02125bd472019cc656ef0d4cee,ISIC2017,train,ISIC_0013094,ISIC2018,train,ISIC_0013094
mask_sha256,defd6f3fc03ebbd6cc30601a4d557393fa8da72c835c25aeff7b1e9dc491ee82,ISIC2017,train,ISIC_0013106,ISIC2018,train,ISIC_0013106
mask_sha256,e34069ddf42b6a2499eef57baa748c74b9ed59ab66d7207877fd0a0e8096cd16,ISIC2017,train,ISIC_0013112,ISIC2018,train,ISIC_0013112
mask_sha256,67ece42e337c10b202ca2a2d551f95a4b5e886cf5b840f7405357a3d77cb3fb5,ISIC2017,train,ISIC_0013114,ISIC2018,train,ISIC_0013114
mask_sha256,ca7cca66924a625244a4e3f51a47474e839f989e1920b28bf1618b1fc7e699d7,ISIC2017,train,ISIC_0013118,ISIC2018,train,ISIC_0013118
mask_sha256,b89f2aebc54404bdf110e902a361b780ea633591c2036a23b6630743df1aa5a9,ISIC2017,train,ISIC_0013120,ISIC2018,train,ISIC_0013120
mask_sha256,20c3455dd21675bd6e317ebaacfd406a6efe1e7c15ce92a462886d6311e3136d,ISIC2017,train,ISIC_0013121,ISIC2018,train,ISIC_0013121
mask_sha256,c505f55928f6ed099f9c85cf881f5b31f3490efc11e6521ac870b1710e8bb29e,ISIC2017,train,ISIC_0013124,ISIC2018,train,ISIC_0013124
mask_sha256,84dd0acd99d81469c057b8e98ea48bd104538f1477f6b5492ccea1b61e0863c1,ISIC2017,train,ISIC_0013126,ISIC2018,train,ISIC_0013126
mask_sha256,49a090ca58b4772476e5f0eb78924300342023ad9e84628259771a7d04ed136c,ISIC2017,train,ISIC_0013129,ISIC2018,train,ISIC_0013129
mask_sha256,5586a2de8f85a7c964e3e31ef57a5ab7925675d2f89d8ed3e768d04036d75238,ISIC2017,train,ISIC_0013134,ISIC2018,train,ISIC_0013134
mask_sha256,ae18a9bf2b0485c373e80dab0b510b1900597009521d03551ba2e9ee33a7757b,ISIC2017,train,ISIC_0013136,ISIC2018,train,ISIC_0013136
mask_sha256,89dfa88dd199e31ccf619b4bbead1cf98675b7c1b2ae79f40a51b9d935e97fe5,ISIC2017,train,ISIC_0013140,ISIC2018,train,ISIC_0013140
mask_sha256,63e2591007675de7df0b6bec265275546b9e2590aeaf556c16d6b482ab710f04,ISIC2017,train,ISIC_0013141,ISIC2018,train,ISIC_0013141
mask_sha256,203fec43c01e7b9bc00f2325a985e957273744dc7353b9519676a73b9eedb32a,ISIC2017,train,ISIC_0013146,ISIC2018,train,ISIC_0013146
mask_sha256,3a389d55b97bc55664652b406c168c5b935967b68cfc9b274d92138e6a160dbb,ISIC2017,train,ISIC_0013147,ISIC2018,train,ISIC_0013147
mask_sha256,d75e3a64e32206c087b60b0b1964a9d6301df8ddc3cab610f1c71e11340e47e4,ISIC2017,train,ISIC_0013150,ISIC2018,train,ISIC_0013150
mask_sha256,a409d63a0190b5e2b878169743e8069c46131ef54b2852c0896ce903bd768cd1,ISIC2017,train,ISIC_0013155,ISIC2018,train,ISIC_0013155
mask_sha256,b520fcecfeec766b4f00162fbc12a463627b9ea544ef2872b1981bf43bc184fb,ISIC2017,train,ISIC_0013160,ISIC2018,train,ISIC_0013160
mask_sha256,24bbb129d44932fe56f7e1f1c0fd2be3fe5f3c9c1b56df3e3cf316088a18a972,ISIC2017,train,ISIC_0013165,ISIC2018,train,ISIC_0013165
mask_sha256,f538eae0cf27305466ac7573ac064dbde51741b794b68b374a72267b9dbe7a3d,ISIC2017,train,ISIC_0013166,ISIC2018,train,ISIC_0013166
mask_sha256,88c45f1ab1746cd7fe8cd68f727b42e6fe120ee90a5903e0004f0ee423ff9da5,ISIC2017,train,ISIC_0013167,ISIC2018,train,ISIC_0013167
mask_sha256,44b4bc0b29de95c41ff1b3587a1f9c3fb829c249d3dc3c13962e0555dd53e3ba,ISIC2017,train,ISIC_0013172,ISIC2018,train,ISIC_0013172
mask_sha256,d9f294c990e4192f7ae61973d6595ecddd2c9175d7021fca93dd098ad51f2146,ISIC2017,train,ISIC_0013173,ISIC2018,train,ISIC_0013173
mask_sha256,aec010935705da1e7bb2849a827df58ef1cb61f678565322a13acb6f0cee8dd7,ISIC2017,train,ISIC_0013177,ISIC2018,train,ISIC_0013177
mask_sha256,4180cd7ba2f0c92359cbf80462dcb59fa57006c49eb7ae737b46012885b53c39,ISIC2017,train,ISIC_0013178,ISIC2018,train,ISIC_0013178
mask_sha256,94331d62c6d8f94bb92e8211679f46fd7631fe1fea8b87d8131b5037ad912256,ISIC2017,train,ISIC_0013181,ISIC2018,train,ISIC_0013181
mask_sha256,28232ddf4e8ad9fd99543215b579701cbede4f2bccadc65359d0c8d599d6d370,ISIC2017,train,ISIC_0013184,ISIC2018,train,ISIC_0013184
mask_sha256,b2882871fbd124e21caf732405655fe264f476591cf02b7b7aa5e8fa6a835b54,ISIC2017,train,ISIC_0013187,ISIC2018,train,ISIC_0013187
mask_sha256,b5ed5a2ac07c12f1cc9deec964a58aa23341382d489323f1613e89efe8d93178,ISIC2017,train,ISIC_0013189,ISIC2018,train,ISIC_0013189
mask_sha256,1229bfde80e969366ec1213ae7281c35ba56754f7ce840121eae774c702c652e,ISIC2017,train,ISIC_0013190,ISIC2018,train,ISIC_0013190
mask_sha256,d0f81ee12a63086e89c7cf7cc9639e19026f43d24b42d48934ea73bf3b2aaecc,ISIC2017,train,ISIC_0013192,ISIC2018,train,ISIC_0013192
mask_sha256,ab51bb7ad4c4b9307165e7bb68f8ce5668a76c6670e309172c01980a12d7276e,ISIC2017,train,ISIC_0013193,ISIC2018,train,ISIC_0013193
mask_sha256,08ba69366067d24c9170e304aa576bd2e8e0d1aecf833ebe76c5d331ec45f425,ISIC2017,train,ISIC_0013196,ISIC2018,train,ISIC_0013196
mask_sha256,7ccddd41e2aa6aed299831b5a01afa61c71fdae992f44c4453077a7b714792e7,ISIC2017,train,ISIC_0013197,ISIC2018,train,ISIC_0013197
mask_sha256,37514a44b2ae540ed5fdd5a86555de807e5d7ec910db1b17692bfc657c86105e,ISIC2017,train,ISIC_0013198,ISIC2018,train,ISIC_0013198
mask_sha256,c249f1dfab4ed2791e5cdcbcdcadbcb275923b0a7ee87d2f146a41777904dd67,ISIC2017,train,ISIC_0013200,ISIC2018,train,ISIC_0013200
mask_sha256,e3c7008fb6184f794130f2a0a817271df24d3f6ab580c9966b5c3fe4bbb736e1,ISIC2017,train,ISIC_0013201,ISIC2018,train,ISIC_0013201
mask_sha256,07d80e6028dda692f8efc67ca61a529c134b77b2a4607cc67d0438a82394f420,ISIC2017,train,ISIC_0013205,ISIC2018,train,ISIC_0013205
mask_sha256,6f3348614a374f2a0ca4868c5f3de898ec6d28deb1c024008bb0249f67e9a672,ISIC2017,train,ISIC_0013207,ISIC2018,train,ISIC_0013207
mask_sha256,11b92268ce691a311f14b8d4b9e505b2976be5a657ca12ff9e0728743d5f605b,ISIC2017,train,ISIC_0013208,ISIC2018,train,ISIC_0013208
mask_sha256,ed9da51583cf2c55bc4ae52b3ff94dc7a534521dc4fa1f70deb724ffa34a2649,ISIC2017,train,ISIC_0013212,ISIC2018,train,ISIC_0013212
mask_sha256,77f4c52efedcc98668875d6cf7903836216a50c8e1386520a6c81f9483da2954,ISIC2017,train,ISIC_0013213,ISIC2018,train,ISIC_0013213
mask_sha256,73d3636002c117f42ac2763f9f77607152e7404c9e03ec96ba4bee587da37efd,ISIC2017,train,ISIC_0013219,ISIC2018,train,ISIC_0013219
mask_sha256,78d522b3fcf5af3b3cb6d970b0b816cdb06e64e6acaf9e5b6f5b48069088a5be,ISIC2017,train,ISIC_0013220,ISIC2018,train,ISIC_0013220
mask_sha256,4583d2264a33c67ab1c5c6d6d531bf6e02f481f9bb7d03c29ff210645e0d856a,ISIC2017,train,ISIC_0013222,ISIC2018,train,ISIC_0013222
mask_sha256,cf9d85383fe8b94414f1ae6469fc35fd06f7c4f3e14a91831aea42adf99ad2f3,ISIC2017,train,ISIC_0013223,ISIC2018,train,ISIC_0013223
mask_sha256,340f0cc21aec81bbc8d97420e68352e96a025de18d0eada82f3cb1f913395f88,ISIC2017,train,ISIC_0013224,ISIC2018,train,ISIC_0013224
mask_sha256,243974a6efaf8a13f5574c2f50719ac7324c01139cff23d78fb8e9cbdd65a142,ISIC2017,train,ISIC_0013227,ISIC2018,train,ISIC_0013227
mask_sha256,0aee0fbbe21d537ca3f2065f206e7b5b17527cf08f32c0898a001228c7a25aa8,ISIC2017,train,ISIC_0013229,ISIC2018,train,ISIC_0013229
mask_sha256,d57360ffb8a10d9c824639375333e64b4ae5b4fbfcf3b61dffdd0183f88f9d24,ISIC2017,train,ISIC_0013235,ISIC2018,train,ISIC_0013235
mask_sha256,b072df05e28f68ca0fb41f815ce8d803c609d318f3ab20d5830b5975c9bf0724,ISIC2017,train,ISIC_0013238,ISIC2018,train,ISIC_0013238
mask_sha256,ebe189ec5b055c6806b84412d1c439730333d9cd172c304e159e3b39fb9dcd94,ISIC2017,train,ISIC_0013244,ISIC2018,train,ISIC_0013244
mask_sha256,97fe8f3bba295b72ff7eb2df95977f227788998c2e8d44b0ef019e06b0c2a9cc,ISIC2017,train,ISIC_0013248,ISIC2018,train,ISIC_0013248
mask_sha256,f8f70a753c482194a2d9d63e6bcd0858503ed6e753c1848f6f665e49fef73b41,ISIC2017,train,ISIC_0013249,ISIC2018,train,ISIC_0013249
mask_sha256,697cf7f109f051b20ebb03c421537e0ce3669f4105b362cab2e399aa8a64b0f1,ISIC2017,train,ISIC_0013257,ISIC2018,train,ISIC_0013257
mask_sha256,8da7bd61df30186d5ed9d65a03054a38476a980f0b5ed63e87638beefd58b4e8,ISIC2017,train,ISIC_0013258,ISIC2018,train,ISIC_0013258
mask_sha256,c1e1f8f8bfe48fa7842ed631556a967cdc17c9612708c1f2ae522430bd385f3b,ISIC2017,train,ISIC_0013274,ISIC2018,train,ISIC_0013274
mask_sha256,65284235cdcafb6ff840a908369a5fca29b120f221d33abaf1de595a8815f75b,ISIC2017,train,ISIC_0013275,ISIC2018,train,ISIC_0013275
mask_sha256,eb1857870a56f25325a00bb39f7e370046d766b73ee850f558ec042bee7d7e88,ISIC2017,train,ISIC_0013287,ISIC2018,train,ISIC_0013287
mask_sha256,0e82ca6419e9fc3c3f5af7b411d1933927894d0afc538604ee5167586b3f4d74,ISIC2017,train,ISIC_0013288,ISIC2018,train,ISIC_0013288
mask_sha256,16e4431f29a6980602d333253153d0e2c499deb36fb575b0646639b4072831de,ISIC2017,train,ISIC_0013294,ISIC2018,train,ISIC_0013294
mask_sha256,558599f5ecf89747416a270c6144c7767de04a66584e30fd67603e80efa8d0b2,ISIC2017,train,ISIC_0013304,ISIC2018,train,ISIC_0013304
mask_sha256,c243f560e776d83b6a22d0eea64009d410925548ca4ac152ac5412ceb12531a3,ISIC2017,train,ISIC_0013306,ISIC2018,train,ISIC_0013306
mask_sha256,a609b4c7a192dd550bcfb68ce2683b2bfe682d8a9a79091fd64fcfe69d7ccfe8,ISIC2017,train,ISIC_0013310,ISIC2018,train,ISIC_0013310
mask_sha256,4fc88832a18e04bdd4b686864c6189482a751380d5646e91489912a3488baedd,ISIC2017,train,ISIC_0013311,ISIC2018,train,ISIC_0013311
mask_sha256,cd5eb4222120ae9acb6b0b97ec540aac1d4f0f644f01f1fd0115430450afe6d3,ISIC2017,train,ISIC_0013314,ISIC2018,train,ISIC_0013314
mask_sha256,b71430107c647ac8f6decc9d8ce31e9ae42fd00ce8faa93e766be80c5c36ed3e,ISIC2017,train,ISIC_0013315,ISIC2018,train,ISIC_0013315
mask_sha256,7b92c3fc419fc88054b5c892045615b87e50b381ab6fdd80ec3374fbe5174114,ISIC2017,train,ISIC_0013320,ISIC2018,train,ISIC_0013320
mask_sha256,84f3e1db013330717eb798990ed9c60ec56568613fed37888f30da289638edbf,ISIC2017,train,ISIC_0013326,ISIC2018,train,ISIC_0013326
mask_sha256,99a6c82d6eb5091e8e146b9d6a42559824bd583bbc8fb748ef18faa7589184b7,ISIC2017,train,ISIC_0013329,ISIC2018,train,ISIC_0013329
mask_sha256,424cae9089f74113b94ec1691f961796b73496d4f902972731ee2bbfbd023598,ISIC2017,train,ISIC_0013330,ISIC2018,train,ISIC_0013330
mask_sha256,97e1222b085b44faf75e2edb169d48af15164a103d3f83e8e97001865c0ed954,ISIC2017,train,ISIC_0013333,ISIC2018,train,ISIC_0013333
mask_sha256,261099a97038227941ae2474dc25c18c5ea2748b1d341349351429543fab8e8f,ISIC2017,train,ISIC_0013334,ISIC2018,train,ISIC_0013334
mask_sha256,e6fcab7565e3c1cfe1a0fcbaea8e097015f788db9ca736d6790ee3340f55d8c6,ISIC2017,train,ISIC_0013335,ISIC2018,train,ISIC_0013335
mask_sha256,16015a966ef9c52cbec11ed0641f57ed40bd5ade1fdc343ce158bfd0e5199c7e,ISIC2017,train,ISIC_0013341,ISIC2018,train,ISIC_0013341
mask_sha256,af6cf9469a028713e083db6b3df2e8af4cb1a97316bcda4a4e50ec39e1dc7254,ISIC2017,train,ISIC_0013342,ISIC2018,train,ISIC_0013342
mask_sha256,d38b4936bc53471a3309a76a755681d5d0889cf85fde94abc38b80619bb60864,ISIC2017,train,ISIC_0013346,ISIC2018,train,ISIC_0013346
mask_sha256,a97d75a6091441639450439d9e6f9560ff4fc800f8e307c40b310c93253a7984,ISIC2017,train,ISIC_0013355,ISIC2018,train,ISIC_0013355
mask_sha256,ce6c2a6534272a51aad3c89fbfc0062daa95db1f824997314176b47749983070,ISIC2017,train,ISIC_0013359,ISIC2018,train,ISIC_0013359
mask_sha256,c7c24c25eed0b6bdbfc8aa7bc768787a6582d490e31801d1a63f3c007f54efa8,ISIC2017,train,ISIC_0013360,ISIC2018,train,ISIC_0013360
mask_sha256,651d4f14692b0f46ac0030b2801282bb8d6189f2e74a72d4da92ed61f9c73ed0,ISIC2017,train,ISIC_0013364,ISIC2018,train,ISIC_0013364
mask_sha256,f9830a507c212eaa60c69449e691a6eb83d23e08c417ec48cc1ad7f2d86b6a31,ISIC2017,train,ISIC_0013365,ISIC2018,train,ISIC_0013365
mask_sha256,c5b7027101158f65f98853780d061d006971bf1214e4fa9e764410979a2ccc02,ISIC2017,train,ISIC_0013371,ISIC2018,train,ISIC_0013371
mask_sha256,6f4b2c69d88cae0fc4a17e5646e01f5239e7ab1a22c461932784b2554167e056,ISIC2017,train,ISIC_0013378,ISIC2018,train,ISIC_0013378
mask_sha256,37892f030b9e6072c6509063bc15fd530b24761515bbb6a408cb7485307e2edf,ISIC2017,train,ISIC_0013383,ISIC2018,train,ISIC_0013383
mask_sha256,470a803386f5b91b0f97c76ac3d7483f99c82c190365e0d76075430e6c5bdb36,ISIC2017,train,ISIC_0013385,ISIC2018,train,ISIC_0013385
mask_sha256,eace860b87c0f165f130086c645b75f6d6abf92273110f1fa183a7c33557840f,ISIC2017,train,ISIC_0013390,ISIC2018,train,ISIC_0013390
mask_sha256,9675929259fc4208b26f61d9d9cf5821bdd96e8eda1af0dcd6dacd6765723ae6,ISIC2017,train,ISIC_0013394,ISIC2018,train,ISIC_0013394
mask_sha256,89843b2bc2eac51b90d4e963f9a3bb787bc1c1ba5cf468afa77da2249e9cf47f,ISIC2017,train,ISIC_0013395,ISIC2018,train,ISIC_0013395
mask_sha256,75a0587be98e0c278842ba2fd19735e95ae99b29e0260ca4c8158fba84dc46e0,ISIC2017,train,ISIC_0013397,ISIC2018,train,ISIC_0013397
mask_sha256,935c995ab9facd42fdeb95add81afb735caee49347383ae41f141de05b181790,ISIC2017,train,ISIC_0013400,ISIC2018,train,ISIC_0013400
mask_sha256,4c36dc02f1992695348d8e0799ef65ee7ff8ba085a32b88be72f1b36be5a9c50,ISIC2017,train,ISIC_0013403,ISIC2018,train,ISIC_0013403
mask_sha256,1494812db1817fe13c930d88bf3d934bdfb96d580e34ed39e98a63107123d0ca,ISIC2017,train,ISIC_0013405,ISIC2018,train,ISIC_0013405
mask_sha256,1f063504c8a46b9aa6791d34c426842ff9e0b90685d66d33595ba8f4dba12865,ISIC2017,train,ISIC_0013410,ISIC2018,train,ISIC_0013410
mask_sha256,d29cfcddb27d2455b3d4fb4a6f561468e98ed22f3b7560ac3696b497e3a3ee60,ISIC2017,train,ISIC_0013417,ISIC2018,train,ISIC_0013417
mask_sha256,b4b227d4c3816632fe631afb39b42f96dfc57bb97cbb3c6bd5210862b702719d,ISIC2017,train,ISIC_0013423,ISIC2018,train,ISIC_0013423
mask_sha256,c74be3aa789c6609e3ed284ee478a33e4fc504d8db4dbb43d1c4063334576d06,ISIC2017,train,ISIC_0013424,ISIC2018,train,ISIC_0013424
mask_sha256,95d54664dc538b8c69838f217856b33fdadc61ec6492d3947e85f979fda8eff7,ISIC2017,train,ISIC_0013425,ISIC2018,train,ISIC_0013425
mask_sha256,a5ddb80a3f4f8e14c6c0248001821111c463798a9d94b714902b01a8b942e925,ISIC2017,train,ISIC_0013427,ISIC2018,train,ISIC_0013427
mask_sha256,3bf7946002a5a5ab27265b3e5cbd053ec581c6b54c6d1078b7344ce80cc71355,ISIC2017,train,ISIC_0013428,ISIC2018,train,ISIC_0013428
mask_sha256,918c81501e3f282501929c476e3c72508ef4cb2515346b7ba9f7936411306857,ISIC2017,train,ISIC_0013429,ISIC2018,train,ISIC_0013429
mask_sha256,c5eed6b86860664627032d37fa2da6c9c79637d6caec03cb072745a920589960,ISIC2017,train,ISIC_0013430,ISIC2018,train,ISIC_0013430
mask_sha256,e7a2f1aacaea5b02ffa104c3670c24b0278dda3dfa549d0f6fddb293022f9dcc,ISIC2017,train,ISIC_0013432,ISIC2018,train,ISIC_0013432
mask_sha256,50bd756548966404994639af1e16d24002026145b5af14059454d25b967515bc,ISIC2017,train,ISIC_0013433,ISIC2018,train,ISIC_0013433
mask_sha256,2c598c50d7458568957ae4327ca5d445800cb75ae7fd7c3d675bacb49cc93bd7,ISIC2017,train,ISIC_0013437,ISIC2018,train,ISIC_0013437
mask_sha256,c53b7889c40c2f7ac380b8ac1ab420b3d5b65660fbcea8be2ef9534b4dec3b76,ISIC2017,train,ISIC_0013438,ISIC2018,train,ISIC_0013438
mask_sha256,b1fe64a4190838d5af3746086d3f24cd021a381656d83395edd226915a8c6a05,ISIC2017,train,ISIC_0013443,ISIC2018,train,ISIC_0013443
mask_sha256,04eff3c52c12232f81d5b6160064e1edc2d78f9576d3f4edf6f79e32d78e0c9a,ISIC2017,train,ISIC_0013458,ISIC2018,train,ISIC_0013458
mask_sha256,3d1d72489a943c6e9566191898356cbdbef317e6939b94f4237dfe94a76fb1a0,ISIC2017,train,ISIC_0013461,ISIC2018,train,ISIC_0013461
mask_sha256,44e725ef66c4f957b8ffcdbe86e24ff4ba740626ecaae5ae95e4f31e1e694aad,ISIC2017,train,ISIC_0013480,ISIC2018,train,ISIC_0013480
mask_sha256,4e03ffd68aaa1145e960949066287aedc80b6702cb60c5224f63497fa8940ade,ISIC2017,train,ISIC_0013488,ISIC2018,train,ISIC_0013488
mask_sha256,7cf9f394782a9a267f67308c045b63e583b12ca971a922a0dd14b5d0ab8211a2,ISIC2017,train,ISIC_0013489,ISIC2018,train,ISIC_0013489
mask_sha256,a10bb86ec91a6698fb5a6ddcf26448661308aa494e654e3fe04c594b4cc803f8,ISIC2017,train,ISIC_0013490,ISIC2018,train,ISIC_0013490
mask_sha256,9212deb27e9aa6783f74d09ccd3d2751dbd020ae19d6f19877c4d9063a585556,ISIC2017,train,ISIC_0013492,ISIC2018,train,ISIC_0013492
mask_sha256,513e5e6563e960ecd6d5ef7c5b7e0308aa2fed9d6e5f5ae97851e25f0c8206bc,ISIC2017,train,ISIC_0013494,ISIC2018,train,ISIC_0013494
mask_sha256,17c931f58d2dd8789c213de4a5a38564ab5cc270ccd13fbc9b32e6411518e41e,ISIC2017,train,ISIC_0013495,ISIC2018,train,ISIC_0013495
mask_sha256,3c656671bf150ea59c9d6a3162ef1486e5e39545adbae4089029430a292b7f36,ISIC2017,train,ISIC_0013498,ISIC2018,train,ISIC_0013498
mask_sha256,905949f4d0a9a0d3abf0882a27360371e3651aeeeb271f5a3d09298c442929c1,ISIC2017,train,ISIC_0013499,ISIC2018,train,ISIC_0013499
mask_sha256,88104cfc73da31bf7a3e38698cf9a93cab9902e3f11e597fe1f0da3658e66e4e,ISIC2017,train,ISIC_0013500,ISIC2018,train,ISIC_0013500
mask_sha256,08c2c8477eb7b2dbf21982385ebd3fab7188196517a8e3bf794fe9c9b610dfac,ISIC2017,train,ISIC_0013516,ISIC2018,train,ISIC_0013516
mask_sha256,02c5fe14a284c4e9e04ad199deb9bdc0b05959bcd643911ce6410c4dba992a96,ISIC2017,train,ISIC_0013517,ISIC2018,train,ISIC_0013517
mask_sha256,cf9c4008d4f21aa8b4fc1b6f82173be8655a3bea6de91001b3a8d924002e86dc,ISIC2017,train,ISIC_0013523,ISIC2018,train,ISIC_0013523
mask_sha256,9550571639107a52ead552ee2df5709a4e59c01560e59d2983a80ca2f133d5ff,ISIC2017,train,ISIC_0013525,ISIC2018,train,ISIC_0013525
mask_sha256,c96382692bd4f6b5f3a31025ed56040b7fe31b33fa576c46c4c9c7f761cc9aeb,ISIC2017,train,ISIC_0013553,ISIC2018,train,ISIC_0013553
mask_sha256,3497624efe8c22a9b312da515a8cacfd5a6af08a29a9a56595e7c4c9fa087b61,ISIC2017,train,ISIC_0013554,ISIC2018,train,ISIC_0013554
mask_sha256,f45a09d0d73acaa9a5a1d1661234bf13733789e1dcf050b0e6e8fe9509c0c90d,ISIC2017,train,ISIC_0013558,ISIC2018,train,ISIC_0013558
mask_sha256,4508d1ddad430e7f5fe6b789ec92aec341c7163917fef541ca8f035610a89509,ISIC2017,train,ISIC_0013559,ISIC2018,train,ISIC_0013559
mask_sha256,18dc2842326e288280e42b12f22e98f43426fa769e6710b67d2392079e85529c,ISIC2017,train,ISIC_0013567,ISIC2018,train,ISIC_0013567
mask_sha256,9e06c4645b92aa8016014df297d9215cd3fde05d00751f481041e993c6ba9757,ISIC2017,train,ISIC_0013568,ISIC2018,train,ISIC_0013568
mask_sha256,9e189ef3b91ad55c2b0df79d1879763d633867d1841be7336ba00c48f23bd2e7,ISIC2017,train,ISIC_0013572,ISIC2018,train,ISIC_0013572
mask_sha256,59293b294744097df7310506d3a4bdb05aebd97df80f3299184639725ba5349f,ISIC2017,train,ISIC_0013578,ISIC2018,train,ISIC_0013578
mask_sha256,ce85d2f0aed8c73a1253b0a5a0a9d43f11aea379c18cae74038608e126ae21d6,ISIC2017,train,ISIC_0013579,ISIC2018,train,ISIC_0013579
mask_sha256,e1b9019b8ce5f1d654d24e7111dd56fe621d5127ee3ecb67c5c51894cee84fe4,ISIC2017,train,ISIC_0013580,ISIC2018,train,ISIC_0013580
mask_sha256,d877e54f941937d3abbdc228e38d80d1693d7b07348abe2532a94fd869ef1055,ISIC2017,train,ISIC_0013581,ISIC2018,train,ISIC_0013581
mask_sha256,d9a7991a030ae1d296265057d730ab9b4ef1437460b81b105c3a2c1eebe6a0c9,ISIC2017,train,ISIC_0013585,ISIC2018,train,ISIC_0013585
mask_sha256,10ab98e1c2bc65a95bfd397360875bffb684eed6f4a472bfa23adc98a19b8a0f,ISIC2017,train,ISIC_0013592,ISIC2018,train,ISIC_0013592
mask_sha256,8c0f958bd01b4bcc7eb2ecbec816f096e05c848505f376ecfa0780d81e59d4ba,ISIC2017,train,ISIC_0013594,ISIC2018,train,ISIC_0013594
mask_sha256,c8d580ed0e661e3f7f14d0c8772e178c3c1d4e66a6179edd15685db9cfb0a979,ISIC2017,train,ISIC_0013596,ISIC2018,train,ISIC_0013596
mask_sha256,b3f2c26d934e5d6a62f48e46a17798a23526e47f0a8687873f52979fa20acdd3,ISIC2017,train,ISIC_0013597,ISIC2018,train,ISIC_0013597
mask_sha256,62a5a9aa12e520b7b2ee7586d603a6721be916816764d6b4441bfadfb171ce19,ISIC2017,train,ISIC_0013599,ISIC2018,train,ISIC_0013599
mask_sha256,62475540f8754d37df3a3e4173e3069153310e7cce5fe14e21c89a279cb1242f,ISIC2017,train,ISIC_0013601,ISIC2018,train,ISIC_0013601
mask_sha256,36ce97203f7bf183449a19c7439edd21d04c5aed950623108cec47893c5c6615,ISIC2017,train,ISIC_0013603,ISIC2018,train,ISIC_0013603
mask_sha256,926688c0f93d0fe1410d8f950d1f8f6d80dae7cb649464091e78b1591fb6e91a,ISIC2017,train,ISIC_0013606,ISIC2018,train,ISIC_0013606
mask_sha256,7653b714f1e4a19137e6dc83e608f075ecb9b630fcf1fff0c6ea34d6a2f33ee4,ISIC2017,train,ISIC_0013610,ISIC2018,train,ISIC_0013610
mask_sha256,785393a57c30f1c6b7a38599d83bb592f362da7b2d7bc7bc84c54db6f5bb572a,ISIC2017,train,ISIC_0013621,ISIC2018,train,ISIC_0013621
mask_sha256,867431408249f6f0dc2d31a3f282cf50569051d57da413e36b7ea589cf4d094d,ISIC2017,train,ISIC_0013626,ISIC2018,train,ISIC_0013626
mask_sha256,8728ebbfaf01d78bde3a7b3410ae9e2267d9a6ff54689055e4acabfd77536edb,ISIC2017,train,ISIC_0013634,ISIC2018,train,ISIC_0013634
mask_sha256,a6551ba3f4855b44852fcea94963a3ab04c36e1b87630b208ca555501db0b9e5,ISIC2017,train,ISIC_0013635,ISIC2018,train,ISIC_0013635
mask_sha256,c0465a8c53b9b2a1f653541166d11de02e5ad4365983e031928494b4fc79e17f,ISIC2017,train,ISIC_0013639,ISIC2018,train,ISIC_0013639
mask_sha256,5c7d89e3efd29ebf88ab102f2944cbd5262c71a8920af4bce4b8d0e618243463,ISIC2017,train,ISIC_0013643,ISIC2018,train,ISIC_0013643
mask_sha256,daa81aa4b62ae4555d93554bcd22e3c6b228f0af1a12ffdd98fb151538ba5652,ISIC2017,train,ISIC_0013652,ISIC2018,train,ISIC_0013652
mask_sha256,f5ed7ef54bb8c80e3abbdc6922e86fd6a34dcbe54b8178444b1939ceee5e6022,ISIC2017,train,ISIC_0013656,ISIC2018,train,ISIC_0013656
mask_sha256,a12f84cc546064723b48f88a3887872a532e6011207673ce3278ad66eacb8c19,ISIC2017,train,ISIC_0013667,ISIC2018,train,ISIC_0013667
mask_sha256,68c8da7cc6893b229673acc2f6fb7a53a28c9e8e70ce76900d3b98c568902f10,ISIC2017,train,ISIC_0013671,ISIC2018,train,ISIC_0013671
mask_sha256,0566e996aca7a14087d84d3643c2d7c207af00f1879dadb818d5e71fc913bd1a,ISIC2017,train,ISIC_0013672,ISIC2018,train,ISIC_0013672
mask_sha256,e067dfdc2005be77f2dc3a6694bc69b5b3fa673a455c37e6df61f84a5f5f6389,ISIC2017,train,ISIC_0013674,ISIC2018,train,ISIC_0013674
mask_sha256,4e5bb5866711fadaee7f2bf79e4c433e09887c6dc198fc8e87d022d8e188b17b,ISIC2017,train,ISIC_0013675,ISIC2018,train,ISIC_0013675
mask_sha256,76deadb2b2a70681d9d45e15fe41edb9f9560ce4922d02ff335a32c118b768aa,ISIC2017,train,ISIC_0013676,ISIC2018,train,ISIC_0013676
mask_sha256,a885b3feda9414b22d5e2691d3070608a92fb4891ba464eddc6966034475752b,ISIC2017,train,ISIC_0013680,ISIC2018,train,ISIC_0013680
mask_sha256,4144a7cfd190cbca437711a4ffb30ab2b4f974e72ee6143804ec860ab3a9636a,ISIC2017,train,ISIC_0013684,ISIC2018,train,ISIC_0013684
mask_sha256,c2a05217494e169a0e74050e786a0e1eeb27735917f88c79aedd6f25783073b0,ISIC2017,train,ISIC_0013685,ISIC2018,train,ISIC_0013685
mask_sha256,dd149aee320b6ecf9559f4c80ba725d1fc1b59aaf8d753e09ee42e52f77e177f,ISIC2017,train,ISIC_0013688,ISIC2018,train,ISIC_0013688
mask_sha256,113fd0445ea3f45a9fb9d1f413b73df2e90aede8204bcbaf4cd3e3d08d7e3054,ISIC2017,train,ISIC_0013689,ISIC2018,train,ISIC_0013689
mask_sha256,bb3dcd9c71bf6a39a87098d9e0209ad5b429e762b623e188afa1bcfb18bf2dba,ISIC2017,train,ISIC_0013690,ISIC2018,train,ISIC_0013690
mask_sha256,3d6684e3fc017de0df8b5cf3a4e8995c570617cd7ceb980c4a09b88bc9e39409,ISIC2017,train,ISIC_0013691,ISIC2018,train,ISIC_0013691
mask_sha256,52bed72142a4de76d1423f9cbcd617d8c0c4f53c47cf0c7d874b6e340efa0bb1,ISIC2017,train,ISIC_0013695,ISIC2018,train,ISIC_0013695
mask_sha256,e0dc2c44c59ae871fda397e7b00f2714f7606611b6e1475b0af282e890965efe,ISIC2017,train,ISIC_0013709,ISIC2018,train,ISIC_0013709
mask_sha256,317a309663986b6adb5153cc600c07969af5a8f639b8462da5edb2bce52410c6,ISIC2017,train,ISIC_0013712,ISIC2018,train,ISIC_0013712
mask_sha256,a466244ce4ab8da8efd7d58a32ff74a4489bbd5e00acfd8a2e2310060dfe2cb3,ISIC2017,train,ISIC_0013713,ISIC2018,train,ISIC_0013713
mask_sha256,597b55f0cb2b25b2552fb9ad5a756fe094d6185f2c460e67bc3f29af3d97cbd7,ISIC2017,train,ISIC_0013719,ISIC2018,train,ISIC_0013719
mask_sha256,02c4ba708e81fcf540f34b0dac2a13e7fc45151d29586edf9cf80980f1a38220,ISIC2017,train,ISIC_0013721,ISIC2018,train,ISIC_0013721
mask_sha256,206806d99ecf2f4f46006a8ea7646e5ec914c7afc1ed8d049ff8eaec77d53292,ISIC2017,train,ISIC_0013737,ISIC2018,train,ISIC_0013737
mask_sha256,6ca6f03915a61fe7394ad309c1af5f46b5331d002a248420caa6af8c4aabb208,ISIC2017,train,ISIC_0013740,ISIC2018,train,ISIC_0013740
mask_sha256,2fe92270066341ee31e2b34467cded7d9f0829af0077ff15154652760d63248b,ISIC2017,train,ISIC_0013747,ISIC2018,train,ISIC_0013747
mask_sha256,0d2653ef3c2a747e5e401641a4755f2a8268e6978f0396663548d6ccfd61e816,ISIC2017,train,ISIC_0013748,ISIC2018,train,ISIC_0013748
mask_sha256,88423fd38411238b81c55f32eab223bf051a8c7638a88042e3fd58da168d7431,ISIC2017,train,ISIC_0013749,ISIC2018,train,ISIC_0013749
mask_sha256,14e36dc84fabada67ce9222daa151c644c9b34549f61bd3551959074daa7c558,ISIC2017,train,ISIC_0013758,ISIC2018,train,ISIC_0013758
mask_sha256,584cb51c8289c42e07e867bab254c0b04a5269fdef3f9fee92d1ff588349e938,ISIC2017,train,ISIC_0013762,ISIC2018,train,ISIC_0013762
mask_sha256,782df487457872a5900808af3c6034fcdbff1d00c7eed7dc6b55be9cb674f683,ISIC2017,train,ISIC_0013765,ISIC2018,train,ISIC_0013765
mask_sha256,c6e19af60cfd502b2b237e7cd7db43a84ed04552133b331ca30149168ac2adbd,ISIC2017,train,ISIC_0013772,ISIC2018,train,ISIC_0013772
mask_sha256,b179798f4f56d4c27d0f4719d0e2ae995e0aba239a836b07bb455226b08ac384,ISIC2017,train,ISIC_0013775,ISIC2018,train,ISIC_0013775
mask_sha256,28ba02afb0549d4e1ff4871faf18b022daeded5de78b6e10b908d4b5c0fa8257,ISIC2017,train,ISIC_0013777,ISIC2018,train,ISIC_0013777
mask_sha256,487b6f23d7a23a6d48e28938af8257d6f390de98214133268c7d98ac50d3ab02,ISIC2017,train,ISIC_0013778,ISIC2018,train,ISIC_0013778
mask_sha256,62ec5ff92548198d5c626c9b294e9168ec128f223b9a7c70a6cf8ae3fd1a336b,ISIC2017,train,ISIC_0013782,ISIC2018,train,ISIC_0013782
mask_sha256,4b0e7ce8f7e097e92d90c2dd35a0aae66d08a45459d1d65b88fa7d0bf11c15e0,ISIC2017,train,ISIC_0013783,ISIC2018,train,ISIC_0013783
mask_sha256,1670264a17bc6452378b8a4a718837d8eee95eb8fddbbe27174d02a445203b71,ISIC2017,train,ISIC_0013789,ISIC2018,train,ISIC_0013789
mask_sha256,f613305868768230e06c4bfefc56faba2a393907b96430707c3a88e914e14af4,ISIC2017,train,ISIC_0013792,ISIC2018,train,ISIC_0013792
mask_sha256,121bb9c899b115b6e727335059057ed0671afc8a2df420d70f2b504c461930a1,ISIC2017,train,ISIC_0013795,ISIC2018,train,ISIC_0013795
mask_sha256,e263c4634cd9f71f0bd8b402a6eb8cbfbaa062c0103203a47e3508df79848b80,ISIC2017,train,ISIC_0013796,ISIC2018,train,ISIC_0013796
mask_sha256,51d0aaf6ca5107f17b7c7a3f2359e10c6ec68bbbf61d9cac0d88d07ba090b88c,ISIC2017,train,ISIC_0013797,ISIC2018,train,ISIC_0013797
mask_sha256,4c5156c0579dc9d5785e1278a933d5f287d806f16f91bb46bd8f7f1094171acc,ISIC2017,train,ISIC_0013798,ISIC2018,train,ISIC_0013798
mask_sha256,8d7b84bd27fc786810f1611b36b8db1d9061cd9b4fabd1b07b5b978328a77baa,ISIC2017,train,ISIC_0013800,ISIC2018,train,ISIC_0013800
mask_sha256,3570acd2370674d13f16d9654c4f24bdf454f4a7ea5e29f3d9a6771ec1304875,ISIC2017,train,ISIC_0013802,ISIC2018,train,ISIC_0013802
mask_sha256,def48079822b61ebefc7e374697440eb33e76bb8e74d325699a1bcc7bf06053f,ISIC2017,train,ISIC_0013803,ISIC2018,train,ISIC_0013803
mask_sha256,29fbfed38363296469d4e1fd0701069dd55abc2e334f08c97c95ab865e917cd0,ISIC2017,train,ISIC_0013804,ISIC2018,train,ISIC_0013804
mask_sha256,094bed051e39d533d749a3b861072e8eb8095e1441d860b2d0bde8445ac888a3,ISIC2017,train,ISIC_0013805,ISIC2018,train,ISIC_0013805
mask_sha256,f78c1570fc5bf86f5d7140690682b981d254169b610ae415cccd60c502bfcac4,ISIC2017,train,ISIC_0013806,ISIC2018,train,ISIC_0013806
mask_sha256,0dc533e4cda632e01d77806be88d07b439c198a944a9e7fe90be0492d6708101,ISIC2017,train,ISIC_0013807,ISIC2018,train,ISIC_0013807
mask_sha256,6fd903fc96e1e72be5aa1625c4fd856258a66325e77e896b96e97ac62e884619,ISIC2017,train,ISIC_0013815,ISIC2018,train,ISIC_0013815
mask_sha256,0eefd0c5ad8ba626c15eda3aa99cfef8ae7742233ed0a810abaaa21380e0f218,ISIC2017,train,ISIC_0013816,ISIC2018,train,ISIC_0013816
mask_sha256,7eb235f516e7f8f202994a18da926b4a4cfe42f6af197833a434b6a123522642,ISIC2017,train,ISIC_0013817,ISIC2018,train,ISIC_0013817
mask_sha256,50a64540e08e6372066f24f6dfa659cf46a6a6f807fa270c93874a663d9153ec,ISIC2017,train,ISIC_0013819,ISIC2018,train,ISIC_0013819
mask_sha256,5fa0c87c0edaecf0bd40a97ac99c52deed596b5d19f8c9a67b3f8b95d90703ee,ISIC2017,train,ISIC_0013830,ISIC2018,train,ISIC_0013830
mask_sha256,0df6e96d3bf1bcc83f9812ae9a4b697aee499f55c7573d7ad5bcfd276f09996f,ISIC2017,train,ISIC_0013831,ISIC2018,train,ISIC_0013831
mask_sha256,a2fbc188663c31a0d86fd4c967fe39bf755e976f2ff3f0e6df83c767f35f38c4,ISIC2017,train,ISIC_0013832,ISIC2018,train,ISIC_0013832
mask_sha256,65dac0cee680e2acd3d56eb56c5571ec4431f47eb0625a8b16059366980a3464,ISIC2017,train,ISIC_0013835,ISIC2018,train,ISIC_0013835
mask_sha256,7a936aacfef686e4437316b2d74e37e65a44aadbe3307cf768910cf7260f2e9f,ISIC2017,train,ISIC_0013836,ISIC2018,train,ISIC_0013836
mask_sha256,9004b7cf86674b184f021a2db2ac848f408d92c5e83bc558c327964ae77fbb83,ISIC2017,train,ISIC_0013837,ISIC2018,train,ISIC_0013837
mask_sha256,0904ccaacb73e98ec916fb419dd8d16057b479df641064494aa440e2aceabfbd,ISIC2017,train,ISIC_0013839,ISIC2018,train,ISIC_0013839
mask_sha256,5e7685b7093493b4366f7770002b59c012077c7a7365156a83269a9a26029095,ISIC2017,train,ISIC_0013840,ISIC2018,train,ISIC_0013840
mask_sha256,b1ba920f2249f5fb564c371e767c24bc0c5bb36cc2788a6cb7a1f61d4599f267,ISIC2017,train,ISIC_0013843,ISIC2018,train,ISIC_0013843
mask_sha256,b5f2a5364e1c627e08cf55ac85cb323458e08abe35ed95d67af3d746143fd76a,ISIC2017,train,ISIC_0013844,ISIC2018,train,ISIC_0013844
mask_sha256,d49bd900ee2d884859582690dc26cae14ee53bd027004933552c9b37187e7ea7,ISIC2017,train,ISIC_0013861,ISIC2018,train,ISIC_0013861
mask_sha256,6e54a832fdd3c4d805273250f1076de1fd4b04b66638662584200c31999fdaf0,ISIC2017,train,ISIC_0013862,ISIC2018,train,ISIC_0013862
mask_sha256,056ce415765058284695460408c5f1bafe45126aca313fdf24d33eb07151d928,ISIC2017,train,ISIC_0013865,ISIC2018,train,ISIC_0013865
mask_sha256,d3e97632d92350b44f5185299fe49ffe4b5abbb2dcfc2a1433069465217531c1,ISIC2017,train,ISIC_0013874,ISIC2018,train,ISIC_0013874
mask_sha256,497de4275fa95b5d0bc53941ff235b86b2b6f3d8aedf967ad064b106a50e7f79,ISIC2017,train,ISIC_0013879,ISIC2018,train,ISIC_0013879
mask_sha256,339398fd81f52ba10a1835152bd3e38ba83029ef78b3ddb876589f29486c86a8,ISIC2017,train,ISIC_0013888,ISIC2018,train,ISIC_0013888
mask_sha256,4d01b85a20078a19d0c8f355b50b4d84dc6140f93abeb62f7db8e6e05710e971,ISIC2017,train,ISIC_0013896,ISIC2018,train,ISIC_0013896
mask_sha256,4a1ae6deeee469cc02ec6ae0e13e7145334962b55df5640f305bfdca7b2e2eec,ISIC2017,train,ISIC_0013910,ISIC2018,train,ISIC_0013910
mask_sha256,ff519c4523c39124d3ca388e4bb19ea30d599efc41020bd28e96c43e26d35b4f,ISIC2017,train,ISIC_0013918,ISIC2018,train,ISIC_0013918
mask_sha256,aed3b430fa3af0eefbfbdd0ed5ffeaca9e899f45e3d77c4705befc91966016cf,ISIC2017,train,ISIC_0013921,ISIC2018,train,ISIC_0013921
mask_sha256,4d9f10bbcacc3e5b5630dff938d50a8239d6f633e96aeb02d91da9a3e49ed803,ISIC2017,train,ISIC_0013922,ISIC2018,train,ISIC_0013922
mask_sha256,63635b9c1a8eb9595e302c3c8e9f3c7635eb405d3c0dcf8121589332c02d7b37,ISIC2017,train,ISIC_0013929,ISIC2018,train,ISIC_0013929
mask_sha256,70a3a661ae8796999154c5cef8057d1416bed57dca779b4db62a8fd69838c44a,ISIC2017,train,ISIC_0013936,ISIC2018,train,ISIC_0013936
mask_sha256,c99d6a8324e2077c856d08e663a1ff6cd3812976258c8bf4915399ea1dd9f62a,ISIC2017,train,ISIC_0013942,ISIC2018,train,ISIC_0013942
mask_sha256,9dd8d3eb0ff16d81af37d88fea25a69043ba4aa7e678597d6e547f7560053b2a,ISIC2017,train,ISIC_0013946,ISIC2018,train,ISIC_0013946
mask_sha256,d5eda2af529c90802c2dd49de6882a331fc04d9c90098d0fe1550f9902b704a1,ISIC2017,train,ISIC_0013958,ISIC2018,train,ISIC_0013958
mask_sha256,1beacea186498604479f03577655a6668488f1e8f912510f162471bf1ecd5367,ISIC2017,train,ISIC_0013961,ISIC2018,train,ISIC_0013961
mask_sha256,10b2e0d07befc4f6c478cb48a66e7fb73811d72dbace69536255c33e941bc1ff,ISIC2017,train,ISIC_0013962,ISIC2018,train,ISIC_0013962
mask_sha256,bca2a349da79a21df7aed3ecc91c1848c6cbbb0646323594edc05889746b755c,ISIC2017,train,ISIC_0013967,ISIC2018,train,ISIC_0013967
mask_sha256,9ba3dc460e360bb6dd8c688a542bf72b26e83c6b9e0f9cdded3187c478aa3bd0,ISIC2017,train,ISIC_0013969,ISIC2018,train,ISIC_0013969
mask_sha256,3e9f6c83cf778fd85a932e38d974ad5117361434a4b1459fc762544be03f960d,ISIC2017,train,ISIC_0013970,ISIC2018,train,ISIC_0013970
mask_sha256,e5126a6f5228ff988dac627a65caa407c614d6a749d93593342b9567f9490770,ISIC2017,train,ISIC_0013972,ISIC2018,train,ISIC_0013972
mask_sha256,180b74cde01a68e0a894ae1f18c6040f82445c8764c116270443d658e65899cd,ISIC2017,train,ISIC_0013975,ISIC2018,train,ISIC_0013975
mask_sha256,49ea2d31bf10520229201fa5a94641b22e6b279d15758d4105dc0c5ba3f863c5,ISIC2017,train,ISIC_0013980,ISIC2018,train,ISIC_0013980
mask_sha256,8e3b10f19aea1d6172fc22cfeaa6ad94744118080517175171e76d5ad9b5ef0c,ISIC2017,train,ISIC_0013981,ISIC2018,train,ISIC_0013981
mask_sha256,18216d67a6a94fefe1afa20f991b90313651ee26f2cefebad1d7b12966388d86,ISIC2017,train,ISIC_0013982,ISIC2018,train,ISIC_0013982
mask_sha256,785404f034c99cf6b7fa4118ebff521e10c49d938e6bccbe489f73cc6c432791,ISIC2017,train,ISIC_0013983,ISIC2018,train,ISIC_0013983
mask_sha256,755f9627c89dcc814e3289d1192753c77656033a20e63110d7e6c4ae1603acad,ISIC2017,train,ISIC_0013984,ISIC2018,train,ISIC_0013984
mask_sha256,1bd42966a605aeacf238b4ffccefb5bd2c8666201203f1e5b7095ac16cf84604,ISIC2017,train,ISIC_0013986,ISIC2018,train,ISIC_0013986
mask_sha256,6ec27455881752d1a0f664b5284168822636ba9e1ef117665593cc5b04aa4d1a,ISIC2017,train,ISIC_0013995,ISIC2018,train,ISIC_0013995
mask_sha256,c76c0e305adce6b47ac7991df15d72e9f43402356dedc0364be401de4918a462,ISIC2017,train,ISIC_0013996,ISIC2018,train,ISIC_0013996
mask_sha256,64f793cb47326895aa2184cd764844697f82406b6dea6825cfd497abf466c759,ISIC2017,train,ISIC_0013997,ISIC2018,train,ISIC_0013997
mask_sha256,6ab6704350bfd2e5532b36c6371c76849d1338fa22fcb30d1a0a465d7a891bb9,ISIC2017,train,ISIC_0014001,ISIC2018,train,ISIC_0014001
mask_sha256,4b3b6c513fab3e31642b5122c3d035710f7ae68d9e1a1900adb36cb454162df0,ISIC2017,train,ISIC_0014013,ISIC2018,train,ISIC_0014013
mask_sha256,fa0f1ca5a13b25f8222bd7f40e2e06abd55c9778f8a250ea9c4f41b95c8e7016,ISIC2017,train,ISIC_0014026,ISIC2018,train,ISIC_0014026
mask_sha256,2d916c89202ad5f34130f0880169d2969e1a181108075d21100944d121a19163,ISIC2017,train,ISIC_0014028,ISIC2018,train,ISIC_0014028
mask_sha256,3d6799cc8125a1a1778916f0d416b0739de13c6e4e48739c0e992e3a4486f234,ISIC2017,train,ISIC_0014029,ISIC2018,train,ISIC_0014029
mask_sha256,eb8706065f3cba6f75e4456d28ee43fb3fa0f500afdfdf62e7a42da3f16fafc8,ISIC2017,train,ISIC_0014032,ISIC2018,train,ISIC_0014032
mask_sha256,2f478d5cdaf1f6481745acd768be470a91069b0f10e1a983e31e3aebeb6efc75,ISIC2017,train,ISIC_0014044,ISIC2018,train,ISIC_0014044
mask_sha256,088f94a39ff8ada657302d375ead6174986cf49e2589f30c3a62cac8b058d5c5,ISIC2017,train,ISIC_0014046,ISIC2018,train,ISIC_0014046
mask_sha256,f460caa573ecce504af29f7af036c3737fba051140b39adb7a09598f6ebe9f1f,ISIC2017,train,ISIC_0014049,ISIC2018,train,ISIC_0014049
mask_sha256,cc11b4e5c60dc64d63fedc4ab2827aee7f70ef8100ad015292d57c3d8b00efe4,ISIC2017,train,ISIC_0014062,ISIC2018,train,ISIC_0014062
mask_sha256,bb644fc4a52e8faa08ea01bc391bddd774ef9216163460ec8ab008251e672525,ISIC2017,train,ISIC_0014066,ISIC2018,train,ISIC_0014066
mask_sha256,daff4c9830854165d6c19793c8d5996c1666f375d4f823a8dc3f694d3ee8bffb,ISIC2017,train,ISIC_0014069,ISIC2018,train,ISIC_0014069
mask_sha256,e022011b52914a1b8b2d2794f5d2f3f32b67dbaf6f3aee5c5b637dce3bfd1f91,ISIC2017,train,ISIC_0014072,ISIC2018,train,ISIC_0014072
mask_sha256,9d09a2ee7fe0583e94955a01aa2ddb0492a7dcb8f487232c5cbe86a9e7aba50a,ISIC2017,train,ISIC_0014076,ISIC2018,train,ISIC_0014076
mask_sha256,320f51661ba7b339d3b6731cf4ec659aae5f961ca0b4f2dd6a258b32a7915c08,ISIC2017,train,ISIC_0014080,ISIC2018,train,ISIC_0014080
mask_sha256,a3c4ad40b373640d205a9f7cbb477167dc5f4bcf375ab3d5df31ceab3b048d5e,ISIC2017,train,ISIC_0014081,ISIC2018,train,ISIC_0014081
mask_sha256,5ec47700b1995182041a73047fae4f9a4f8b923f6b37ecca0346375d2d6c543f,ISIC2017,train,ISIC_0014092,ISIC2018,train,ISIC_0014092
mask_sha256,cf7f90027d084ec70a7bdde8054e89df9ff2752fd1dc141613ad3b3fa0c047c5,ISIC2017,train,ISIC_0014093,ISIC2018,train,ISIC_0014093
mask_sha256,723aa829f217c10802909817b0471b525f064692c1005bd87a51cbcdc16007a1,ISIC2017,train,ISIC_0014108,ISIC2018,train,ISIC_0014108
mask_sha256,c959892b5264a69504b618b3d60f46a36add39b33b80f67f836fc78585491ef9,ISIC2017,train,ISIC_0014114,ISIC2018,train,ISIC_0014114
mask_sha256,b7eb8e7e8c660cf92cedaabcd44252b27617aa70380c4881f63ae88d04da5eb3,ISIC2017,train,ISIC_0014127,ISIC2018,train,ISIC_0014127
mask_sha256,b930af50af2acfda6cf8bf0b616061eced66870a6f0981f5a9dd6db2231c46e7,ISIC2017,train,ISIC_0014131,ISIC2018,train,ISIC_0014131
mask_sha256,2c200a8246ddc79156f4f715a3dd7f5dc81ade4a41cccb88458f1dc402e379a8,ISIC2017,train,ISIC_0014132,ISIC2018,train,ISIC_0014132
mask_sha256,dd9a07a2ec90367689eb0630653bc2bfb130c0e40d01454086c1ab86366ef941,ISIC2017,train,ISIC_0014133,ISIC2018,train,ISIC_0014133
mask_sha256,d097587bccd3d2647923acf16f341398117219ae6bb8c5e73ef0fdb41ce3e09d,ISIC2017,train,ISIC_0014136,ISIC2018,train,ISIC_0014136
mask_sha256,b16982629380a73a7207db3ffd56ed554599b1f99d1c2c7b89e6942fe0801457,ISIC2017,train,ISIC_0014144,ISIC2018,train,ISIC_0014144
mask_sha256,e6b2598f4319b4eee5f00213c889b681da65400e043a067cd1c2dd0dbe4d407b,ISIC2017,train,ISIC_0014149,ISIC2018,train,ISIC_0014149
mask_sha256,6d72bf813e26fa4f29ce1eb85b054f32b609330eefea5d2d666273a58a9f9a7f,ISIC2017,train,ISIC_0014150,ISIC2018,train,ISIC_0014150
mask_sha256,d2af21874800804e3fd5f6df43df6d3b2a5bc25323324184181aa8455795ec28,ISIC2017,train,ISIC_0014151,ISIC2018,train,ISIC_0014151
mask_sha256,b2c89acfed2cdcc6fcb20ff3e2161c4f4655fcf4b3096ed39d24efd1821a6feb,ISIC2017,train,ISIC_0014157,ISIC2018,train,ISIC_0014157
mask_sha256,e445d416fb8e8d3e55ac662d52584cdf406c0483300e241ab65d2df0b2b65283,ISIC2017,train,ISIC_0014163,ISIC2018,train,ISIC_0014163
mask_sha256,ef7eb53c97cf17bad2468336bdaa2e63b77a60748a2d24e6345b1ba52c3a3338,ISIC2017,train,ISIC_0014164,ISIC2018,train,ISIC_0014164
mask_sha256,e536c38b79b7b09d7c04d61b4b5d1cc9f2848c88dbee3b609ef405f306d8371d,ISIC2017,train,ISIC_0014169,ISIC2018,train,ISIC_0014169
mask_sha256,647e1a77fbdfdbc787173b76a47a5c7b0af2786fe6a9d74d6829bf99e7e302ce,ISIC2017,train,ISIC_0014171,ISIC2018,train,ISIC_0014171
mask_sha256,8bd5daa57e2b2c6d8d642577b120a8e748b87498c455a03af59ee21cdf5958fb,ISIC2017,train,ISIC_0014174,ISIC2018,train,ISIC_0014174
mask_sha256,ee4b92986a267eab843e8c0a9e9e88e8b1b01ce1ed8b9176034faadbe8543d55,ISIC2017,train,ISIC_0014183,ISIC2018,train,ISIC_0014183
mask_sha256,9727f41cf3265b4b484a5311ed92ecd9779ccce87f07d52c3f11038e51d2d794,ISIC2017,train,ISIC_0014185,ISIC2018,train,ISIC_0014185
mask_sha256,454bc3f910f51c6a55bd034c5ce716402dfd3c86d598861bad4a807a649702be,ISIC2017,train,ISIC_0014187,ISIC2018,train,ISIC_0014187
mask_sha256,e6aaec699cfc04b70892c02daffbf1839d66612740985861b122a53b66c17f85,ISIC2017,train,ISIC_0014189,ISIC2018,train,ISIC_0014189
mask_sha256,2123a0a63dab7fcb4a461c9130545099f384a3ed176a27e061209e7b61bcd209,ISIC2017,train,ISIC_0014195,ISIC2018,train,ISIC_0014195
mask_sha256,97080826d2e0233390fc8eb652705c79fdeac4415579420b3266c5fb8075793b,ISIC2017,train,ISIC_0014197,ISIC2018,train,ISIC_0014197
mask_sha256,5efa9823b678e925708cb9530d19d738c4efed29e84506285d3376f552c5dceb,ISIC2017,train,ISIC_0014222,ISIC2018,train,ISIC_0014222
mask_sha256,be9b03cc240c009a2752e637ffcd96bdb801486f6eb5afc83f5fe6309331fc06,ISIC2017,train,ISIC_0014229,ISIC2018,train,ISIC_0014229
mask_sha256,64ab87780bce412e2bde9fd3bbbb628bdc07a20ec7aa4be3f178d978302a7725,ISIC2017,train,ISIC_0014238,ISIC2018,train,ISIC_0014238
mask_sha256,4fbef0c424668e3d9e16118d6680f9805889641165c5f0ed69ca40d8e2b136b9,ISIC2017,train,ISIC_0014249,ISIC2018,train,ISIC_0014249
mask_sha256,4e638656ad54e942ee23198edb55354980a0fdeb5d4d19dae7e6c54235cc7b50,ISIC2017,train,ISIC_0014253,ISIC2018,train,ISIC_0014253
mask_sha256,6bfe5af36f09fabcd14bb215eec23000b8dfc991f27250b6d9990d440a572eda,ISIC2017,train,ISIC_0014263,ISIC2018,train,ISIC_0014263
mask_sha256,a5db63eab984d7998734db40e4102dc9ea162dbcdf87023e7033c831808dc4e6,ISIC2017,train,ISIC_0014273,ISIC2018,train,ISIC_0014273
mask_sha256,69506fb8e1e5e24c1f708731c60951d33f70038549c0e1dfea15b631490cbedc,ISIC2017,train,ISIC_0014274,ISIC2018,train,ISIC_0014274
mask_sha256,c1b91304c9e3f4ff286e707d88781fcb7e813e53be3db5f0396b8187155cc043,ISIC2017,train,ISIC_0014286,ISIC2018,train,ISIC_0014286
mask_sha256,75508c55d85ff8f1404996b84c50539d319640ca5e65e7e7bd8e260151f7564a,ISIC2017,train,ISIC_0014289,ISIC2018,train,ISIC_0014289
mask_sha256,e6369c6ef44196825809fc30946d136014a35c552dfb4c4ee4e996e4b3f4e7fa,ISIC2017,train,ISIC_0014290,ISIC2018,train,ISIC_0014290
mask_sha256,3c0cfd0823d29ec34cdd46ecb690dae299f800a0fc46addc91015fd95ef03a35,ISIC2017,train,ISIC_0014291,ISIC2018,train,ISIC_0014291
mask_sha256,bf61f2640d10d6d44c7a5074e712df09ea6d825eff86e40ed24511ded2e7b6e8,ISIC2017,train,ISIC_0014299,ISIC2018,train,ISIC_0014299
mask_sha256,0c774f9248e2d9a3b34b0ab9cc4f098b7245086d2efabe5874f9751904309be5,ISIC2017,train,ISIC_0014308,ISIC2018,train,ISIC_0014308
mask_sha256,d08322bd5bfd10a6128fbdf0d0a75c7931846d4c84a665a887d24fb031fb6489,ISIC2017,train,ISIC_0014311,ISIC2018,train,ISIC_0014311
mask_sha256,7fc3bbec4e7ddc5cee3b596adfa04d89c3410b5c6a765e88bc1eb20c0e8444c8,ISIC2017,train,ISIC_0014316,ISIC2018,train,ISIC_0014316
mask_sha256,962bd1579afb717770584b3a7b1f960d38e2592134cfdf7aff30cb19cce39e4f,ISIC2017,train,ISIC_0014317,ISIC2018,train,ISIC_0014317
mask_sha256,a6d5aaddb1cbf2323bf3ac95d1dd45ad440f889703cc54a367edd251d960addc,ISIC2017,train,ISIC_0014324,ISIC2018,train,ISIC_0014324
mask_sha256,74de3046ae3a0c563c02a166eee4a13418f2ca1e7bf1284c18e948a724da3879,ISIC2017,train,ISIC_0014325,ISIC2018,train,ISIC_0014325
mask_sha256,e6d4391cf26c39db295b0375bb4ee5b47f2b371fd14fdb1061817b89478c6d2a,ISIC2017,train,ISIC_0014327,ISIC2018,train,ISIC_0014327
mask_sha256,654aa4d42358e97c2584fe3a1fa33c2dd155a349cddf9887d72321610b5695c2,ISIC2017,train,ISIC_0014328,ISIC2018,train,ISIC_0014328
mask_sha256,89e5ef7195217bf58d6fcee30b0b0e6d919d13a340c1d69b11f1e412fd1496c6,ISIC2017,train,ISIC_0014331,ISIC2018,train,ISIC_0014331
mask_sha256,bb57012b2322b17505664e6494ff3790a098e1506247bafffdcaa07f1a657594,ISIC2017,train,ISIC_0014337,ISIC2018,train,ISIC_0014337
mask_sha256,74001ba8aed295d743429b4fa54c0cf585d5863e0bea8778e511ee43b4947b60,ISIC2017,train,ISIC_0014346,ISIC2018,train,ISIC_0014346
mask_sha256,50ba3494fb7552e24fd82ee5e279f44a82ff7203a612461a64e2a174e822a301,ISIC2017,train,ISIC_0014347,ISIC2018,train,ISIC_0014347
mask_sha256,ba986f2477ac9f7f574ad13da9bfc92aa0706f01f82eccbe0073e98a516f3c61,ISIC2017,train,ISIC_0014353,ISIC2018,train,ISIC_0014353
mask_sha256,7d88da53466d144717c251a65a93176eb98f654ea263cb21f00dc35d15296021,ISIC2017,train,ISIC_0014357,ISIC2018,train,ISIC_0014357
mask_sha256,4ec40f52bfbeb3925d70203c746dc43b92e73c7dfe75070d6a0393e3bbe39f5c,ISIC2017,train,ISIC_0014360,ISIC2018,train,ISIC_0014360
mask_sha256,46b041bc133c96745fb174687b32d0abc43b2fe33d46ea50fed19a2b15828788,ISIC2017,train,ISIC_0014361,ISIC2018,train,ISIC_0014361
mask_sha256,985cd2d6bc0520d9da60e0288980df89aaac45634b1b842fe02164be02249325,ISIC2017,train,ISIC_0014365,ISIC2018,train,ISIC_0014365
mask_sha256,75201455be2808d61aa2c72a4b525e168364f19c5e2b3fc0fd9237d2e0092d04,ISIC2017,train,ISIC_0014366,ISIC2018,train,ISIC_0014366
mask_sha256,a64a940beac6723254a5daeac33ff1eea7056f2ed5cf9d5f776bc6dd90182b48,ISIC2017,train,ISIC_0014372,ISIC2018,train,ISIC_0014372
mask_sha256,d3927bb7cc0d369a02844231a7dd3b809ff9a548388e8fc4e760e2310555d8bb,ISIC2017,train,ISIC_0014385,ISIC2018,train,ISIC_0014385
mask_sha256,ce4800a72c39902e6148144aad067fd8f0506cc19adead129c5700166afa7a45,ISIC2017,train,ISIC_0014393,ISIC2018,train,ISIC_0014393
mask_sha256,e891a5ae2ef14437738490891490d0d0cc6ca818bd1e67168b0f0ad9703fc3b2,ISIC2017,train,ISIC_0014394,ISIC2018,train,ISIC_0014394
mask_sha256,19cb5851d8cdcbfa01f6b76d11277a343a28e7a6b0d021591c95aac304e30037,ISIC2017,train,ISIC_0014395,ISIC2018,train,ISIC_0014395
mask_sha256,3deef372eabaff8c6b101bacd269a6c30f79ff928e00f79cc82945e5e701248a,ISIC2017,train,ISIC_0014397,ISIC2018,train,ISIC_0014397
mask_sha256,a68afd9069a7f6dd311f7276a77c3aea2108ecde747807995062132a3310d143,ISIC2017,train,ISIC_0014410,ISIC2018,train,ISIC_0014410
mask_sha256,2f358d887c83c9631a3fd3ccc463b3b4bf98ef447bb05d50906d18d3879a29b2,ISIC2017,train,ISIC_0014422,ISIC2018,train,ISIC_0014422
mask_sha256,8ec96eb4f6e9302124e819bfca62e12f18e741b2b59347448de8f9f68f6aeae9,ISIC2017,train,ISIC_0014430,ISIC2018,train,ISIC_0014430
mask_sha256,1f0731e1dc0b7123f8f83c6429046c1b635e9727030b6df97aa516d6d9ebd677,ISIC2017,train,ISIC_0014431,ISIC2018,train,ISIC_0014431
mask_sha256,217b2a7cff3c913d1b8d45d8e15d4df9d26a38b7738dece7cc8b74ddc015097b,ISIC2017,train,ISIC_0014433,ISIC2018,train,ISIC_0014433
mask_sha256,e594c714c6dce953be9cbf529cb853d2aef884320c9e45710db6821c3d587d54,ISIC2017,train,ISIC_0014438,ISIC2018,train,ISIC_0014438
mask_sha256,e3d6ca21d1a969ac53617fb633f8fcafe3b8042e8e0bd4a12d3c45d950ac619e,ISIC2017,train,ISIC_0014440,ISIC2018,train,ISIC_0014440
mask_sha256,822b62a43edb1daa8152386667e8b66931f636fa6c42b8c16d3110b2a5dddd4b,ISIC2017,train,ISIC_0014441,ISIC2018,train,ISIC_0014441
mask_sha256,dc366b3d60d6de1af727eb6a0b0c64c6af605b3166e7a9fb0898c96cdf77db38,ISIC2017,train,ISIC_0014453,ISIC2018,train,ISIC_0014453
mask_sha256,eaa39e9ac96ba271f18c1809f74b25c05e072be90dfae79669f9589ef10207c7,ISIC2017,train,ISIC_0014458,ISIC2018,train,ISIC_0014458
mask_sha256,79c93d738f22ddeb77ee35471182de23f8061176ef3771e11ad55938efd8ecb6,ISIC2017,train,ISIC_0014469,ISIC2018,train,ISIC_0014469
mask_sha256,1e0c8675bdef9a889debb61c81c3a6559e4d8605f7107ef173e0dae1db95a51a,ISIC2017,train,ISIC_0014473,ISIC2018,train,ISIC_0014473
mask_sha256,cb4ccd1cecff18d3851ccb9960689257a1948ced0118b928bd075465d956582f,ISIC2017,train,ISIC_0014476,ISIC2018,train,ISIC_0014476
mask_sha256,c340195c69802c4172545d0de0664bef39670c11c70f79ccc129c2cf4357a468,ISIC2017,train,ISIC_0014480,ISIC2018,train,ISIC_0014480
mask_sha256,9ec8d952aa9235aa33756ab00791669fdc9f45ef60a13f63287869b44607dbba,ISIC2017,train,ISIC_0014486,ISIC2018,train,ISIC_0014486
mask_sha256,401a5731195a0d28d7780594016d6c8066b5208ed316c7166e544bfa12421f4a,ISIC2017,train,ISIC_0014498,ISIC2018,train,ISIC_0014498
mask_sha256,464b00a3f386c5e53eae5c420e26cab18051ddf7f1e4244663ca092f4061da6d,ISIC2017,train,ISIC_0014501,ISIC2018,train,ISIC_0014501
mask_sha256,5a6a809c70782af780aa50fa4b1351315a5452d087a527e276d7fd684d93232d,ISIC2017,train,ISIC_0014502,ISIC2018,train,ISIC_0014502
mask_sha256,19cd109dc6a8495918be1bc15e94117e647c3050fc3a11a70db3610c0c41c04f,ISIC2017,train,ISIC_0014507,ISIC2018,train,ISIC_0014507
mask_sha256,4ad7e48a9746ab50ea9d383624642e4977618154d304559c69ece74a812ec564,ISIC2017,train,ISIC_0014511,ISIC2018,train,ISIC_0014511
mask_sha256,d5843bd3c7e5f10b688dd98a2ce546ce7b3a2e5a0821c908d8e74f9e98c521ea,ISIC2017,train,ISIC_0014518,ISIC2018,train,ISIC_0014518
mask_sha256,7dec8086f6cb8c2fa1ee5b9293e9b50abe59f258f40b8df65f5f22f0c5ed2025,ISIC2017,train,ISIC_0014522,ISIC2018,train,ISIC_0014522
mask_sha256,cfd5f0a5c12e2feb0f9134d2fbb7b5d642ae586c8f02e381132cab8eec981b6c,ISIC2017,train,ISIC_0014525,ISIC2018,train,ISIC_0014525
mask_sha256,49a59b46bd5a51b64036294eca67bcc4c161b9815e077adeb14e826111601607,ISIC2017,train,ISIC_0014526,ISIC2018,train,ISIC_0014526
mask_sha256,04e07f61ef7bc65533e310bfdae8494ed034a8d7c0f351e596d3098e787986cd,ISIC2017,train,ISIC_0014527,ISIC2018,train,ISIC_0014527
mask_sha256,43e9d390b40793bc08c545f1e7cd60f04fa5cc7654666f75ba80b5e0be7809bd,ISIC2017,train,ISIC_0014529,ISIC2018,train,ISIC_0014529
mask_sha256,eb2d27e1091690a0f4a40e4ff536c5fc4b61bceb3d9c8115572057cc2899dc02,ISIC2017,train,ISIC_0014535,ISIC2018,train,ISIC_0014535
mask_sha256,ffb463f568bcfc096a2c26c906e9889f3862effa57ac904c4dc44004d7f5c163,ISIC2017,train,ISIC_0014537,ISIC2018,train,ISIC_0014537
mask_sha256,caa41a623852ec08e9042c9736ec3f10997006f8a3e554c0619b791df9a5728d,ISIC2017,train,ISIC_0014543,ISIC2018,train,ISIC_0014543
mask_sha256,4417c4374935b7e596ec01223f165892be3c9d322a00bd0e5568ca21c040fbe4,ISIC2017,train,ISIC_0014545,ISIC2018,train,ISIC_0014545
mask_sha256,80fb25cdc93a97a94518ee7da880e8c00b1dcc4b46100bb61a4311de17b19c10,ISIC2017,train,ISIC_0014547,ISIC2018,train,ISIC_0014547
mask_sha256,7a9fbcc2d30fe8dd4d76cc7a34eab574ca4d8f47847a9d55819f0a38c16caaed,ISIC2017,train,ISIC_0014554,ISIC2018,train,ISIC_0014554
mask_sha256,92b24d1c6196c2d3f3aeff3c6e33b1b35588f5d42fb8066d1c40cdf96326819a,ISIC2017,train,ISIC_0014576,ISIC2018,train,ISIC_0014576
mask_sha256,3714239a09f2ef91586718428ff088516fd7b52ccb7bf557541a61b9fc816413,ISIC2017,train,ISIC_0014577,ISIC2018,train,ISIC_0014577
mask_sha256,82f6e40f3573e49f6c9c61dcc2d62fd8b04fb19f25ad7693368d5a16f8af6087,ISIC2017,train,ISIC_0014580,ISIC2018,train,ISIC_0014580
mask_sha256,c42db171d36c0140317d847e0810b1bc3edbf5906b5771a2af4db1db71294bf1,ISIC2017,train,ISIC_0014581,ISIC2018,train,ISIC_0014581
mask_sha256,ce5e992595bcc311a8a1941aa500abb6e951a736359cc601a2cc78c7d233755f,ISIC2017,train,ISIC_0014585,ISIC2018,train,ISIC_0014585
mask_sha256,6dd31ec480dae3dd05e7e5f1813fcad9522ba2552ab8f280c39fbf53c000dc37,ISIC2017,train,ISIC_0014596,ISIC2018,train,ISIC_0014596
mask_sha256,0357515ca2ab0bb6b47d38e1deb6f6c892b0b7de17b910fe91f31c547abc993d,ISIC2017,train,ISIC_0014599,ISIC2018,train,ISIC_0014599
mask_sha256,3fe89de2d473380dd70d39a1b1a92f7ec1f5a81cda1f6dcefd0b51d8433febf3,ISIC2017,train,ISIC_0014605,ISIC2018,train,ISIC_0014605
mask_sha256,2e479919696dae873bb40a52a52506c296df694f498827dd707733f19c6bc83f,ISIC2017,train,ISIC_0014609,ISIC2018,train,ISIC_0014609
mask_sha256,a0ca59d3a468001da06dd314a34115d4b1cd8d4332c0fac2da97f80b468c0bfa,ISIC2017,train,ISIC_0014617,ISIC2018,train,ISIC_0014617
mask_sha256,5bbb7fbd6608ef015f9111f2a73c72b07decbd74cdee4eaf7856b4c5c825e1a4,ISIC2017,train,ISIC_0014628,ISIC2018,train,ISIC_0014628
mask_sha256,8607b31541182455f1b553b1585aa691ab489553700d54925f5f135d47021904,ISIC2017,train,ISIC_0014632,ISIC2018,train,ISIC_0014632
mask_sha256,2c3fe1c2c3b059de527e85e4b90247d036913927d03a696f426cf4599ed9667e,ISIC2017,train,ISIC_0014639,ISIC2018,train,ISIC_0014639
mask_sha256,afda5990a9ec376dae5631ed7abf072d3a2611286ad50c8a6c883e94b7db27bd,ISIC2017,train,ISIC_0014640,ISIC2018,train,ISIC_0014640
mask_sha256,2889235ff5ff28bd2d8b97acfa69bf15af68778e0edf1a993c4ab8aa4236a305,ISIC2017,train,ISIC_0014642,ISIC2018,train,ISIC_0014642
mask_sha256,8ec85956d7d460545d96f00caeb2c0b7a77d4462ef75affb2a0c1f56560684b4,ISIC2017,train,ISIC_0014651,ISIC2018,train,ISIC_0014651
mask_sha256,64a8ac8ea7804d9ae8be441d3db079748c0116a8ca982506996a8863a7288640,ISIC2017,train,ISIC_0014657,ISIC2018,train,ISIC_0014657
mask_sha256,315315ce773a2a3747ab7720b6670ec51f0ac7e5d59f0b0daab22e81432d7038,ISIC2017,train,ISIC_0014658,ISIC2018,train,ISIC_0014658
mask_sha256,5d371aa9c8026a4ea9905f4d5e9092d48d80d3d5579cbcb7b1bb0ceff18df821,ISIC2017,train,ISIC_0014661,ISIC2018,train,ISIC_0014661
mask_sha256,c29e4d7e31104df3d0b651cf8772ce019972bc97cdd8701e70a9fc7633db8d29,ISIC2017,train,ISIC_0014664,ISIC2018,train,ISIC_0014664
mask_sha256,9c56e9e9be2e337d46678a1df4574cd45d8b273c044bde6b0c6e77c0997267c8,ISIC2017,train,ISIC_0014665,ISIC2018,train,ISIC_0014665
mask_sha256,36e9f73b7c78fb6e64861855afab9ac3fcdc8afd143d51f8239a743a726f2790,ISIC2017,train,ISIC_0014667,ISIC2018,train,ISIC_0014667
mask_sha256,029071427bd8031cdbb73179209aa3de4eb5ec6b4eb5b2341e1a585be1ff9473,ISIC2017,train,ISIC_0014680,ISIC2018,train,ISIC_0014680
mask_sha256,d35e9e3c6b08135067df3abb8682a1399625dd48a4839416fd4ea7853cf5f268,ISIC2017,train,ISIC_0014682,ISIC2018,train,ISIC_0014682
mask_sha256,423a212f4307f87603eda7ab7fccbe96081c43fd6a23c5253ba9d59eb6a3c347,ISIC2017,train,ISIC_0014683,ISIC2018,train,ISIC_0014683
mask_sha256,87a61c86004a345558dd742a7f439e6f0e28bdb50677df26ddd89a6f5d83d868,ISIC2017,train,ISIC_0014685,ISIC2018,train,ISIC_0014685
mask_sha256,cfaf9ea3d567a94bd46b54e481376cc346ec513ed8f31f73a86e6f900cf9e6c5,ISIC2017,train,ISIC_0014692,ISIC2018,train,ISIC_0014692
mask_sha256,db499a36696f100fe25361dbc28aa02c2ab77eceedcf902d5097729d4c0888ea,ISIC2017,train,ISIC_0014694,ISIC2018,train,ISIC_0014694
mask_sha256,76341275280c1091bfdce4eb2d9f97c9f7ff5c28a0cc4ce990ed8bdcac2b2c81,ISIC2017,train,ISIC_0014696,ISIC2018,train,ISIC_0014696
mask_sha256,8b03ac079595a115ae3e69e764cf9c1ed927701d6be9beeffd26a0f201c407b4,ISIC2017,train,ISIC_0014702,ISIC2018,train,ISIC_0014702
mask_sha256,f70ce716ee073bb0de1e56e6f128fa39c4b773206591488ddc64841e618773b2,ISIC2017,train,ISIC_0014707,ISIC2018,train,ISIC_0014707
mask_sha256,0c580d83745020e33b27b7913fd15aa987745df933449b794f1b079cd0975f1e,ISIC2017,train,ISIC_0014708,ISIC2018,train,ISIC_0014708
mask_sha256,c87e9e327fd8c319df9732cc15965140fb6fd9e0aa4407bb6b4cd92e5c37cf36,ISIC2017,train,ISIC_0014713,ISIC2018,train,ISIC_0014713
mask_sha256,db4b36399efbc1b9783673165468c7c906323a82a7fa2588a3017d335f2624bf,ISIC2017,train,ISIC_0014714,ISIC2018,train,ISIC_0014714
mask_sha256,b7e248feec0c6e8392a54495c721c9489fc3ba968fe33bb9a355fbbb3e7c4dae,ISIC2017,train,ISIC_0014715,ISIC2018,train,ISIC_0014715
mask_sha256,cd435081308ba3f8b6d31ced1233ffb111042d0fc59eb687aa8dbc7d52339db5,ISIC2017,train,ISIC_0014716,ISIC2018,train,ISIC_0014716
mask_sha256,94e076c0f7a2868234cd1f431b94bd4f091f202bddfcac1b543d46929de9b501,ISIC2017,train,ISIC_0014722,ISIC2018,train,ISIC_0014722
mask_sha256,72f3da8939600ddf781703e4a330d49ff0cca63dc15a467934ddf2df1de182ac,ISIC2017,train,ISIC_0014723,ISIC2018,train,ISIC_0014723
mask_sha256,4e5f1847b92198f8036840e3f93ce51a425659cc683a09f4f50f4d031c5ba586,ISIC2017,train,ISIC_0014724,ISIC2018,train,ISIC_0014724
mask_sha256,951d4e547dd22839e9b39d78c0b5aada755c0ad11da78bde5abf046b4d741b50,ISIC2017,train,ISIC_0014726,ISIC2018,train,ISIC_0014726
mask_sha256,b3b304bdfcfb683628652012ac09a29bb4f10bdfd3dc74675b3394497cc266aa,ISIC2017,train,ISIC_0014730,ISIC2018,train,ISIC_0014730
mask_sha256,79c43ce379fecf4e7f0ae148c0477b0b7bef5e5c4e2029195cd9c8a4cda35712,ISIC2017,train,ISIC_0014735,ISIC2018,train,ISIC_0014735
mask_sha256,9c75abff839a98cda3fb711efbaac2bd0949ff28a86130745ec49d7007ad783d,ISIC2017,train,ISIC_0014739,ISIC2018,train,ISIC_0014739
mask_sha256,06da54972efd2177015176a48a280df898b0ef12172efeb20625b4b9bef40212,ISIC2017,train,ISIC_0014742,ISIC2018,train,ISIC_0014742
mask_sha256,3290322216eae9457a40636d0e3341dff22afa1648848bf876e786fd16373948,ISIC2017,train,ISIC_0014745,ISIC2018,train,ISIC_0014745
mask_sha256,a88f103101dd4667658d80c62ce549778cae62fe53ff77a592e5ca43e025c82c,ISIC2017,train,ISIC_0014748,ISIC2018,train,ISIC_0014748
mask_sha256,51ad462680ec0853dfbb260e052c8c82512b57e1b423cf0617d3336739dd84a5,ISIC2017,train,ISIC_0014754,ISIC2018,train,ISIC_0014754
mask_sha256,8b4574b063b950912c65d09081c169b3c9676504b97fcc00b3c5b3179e947ae3,ISIC2017,train,ISIC_0014760,ISIC2018,train,ISIC_0014760
mask_sha256,3f7579255d6b922cff6bdbf8884a743ac692dca8afc1296d98c8166e2ff034a2,ISIC2017,train,ISIC_0014762,ISIC2018,train,ISIC_0014762
mask_sha256,148fa64b7990061baa7a32ceb775a1b96b00de7cf1b165c0268577904a211c51,ISIC2017,train,ISIC_0014763,ISIC2018,train,ISIC_0014763
mask_sha256,393cc59eccd7105a1153df04c13e91731800cdf63757cbf1277d78bd0df6830a,ISIC2017,train,ISIC_0014769,ISIC2018,train,ISIC_0014769
mask_sha256,f2b7a9a694584d29fcca39e30a05109f6615867b18e2430de4b877b7603635af,ISIC2017,train,ISIC_0014770,ISIC2018,train,ISIC_0014770
mask_sha256,6525e4730c724f916aea267358a6296bc55b065ef4ff71aa54c0c38b654ad527,ISIC2017,train,ISIC_0014771,ISIC2018,train,ISIC_0014771
mask_sha256,a2b51ba1827aaaafde7afb8615e109d257936dbd20a94b665bfcd7fd413b6244,ISIC2017,train,ISIC_0014775,ISIC2018,train,ISIC_0014775
mask_sha256,ca8a20b2f70925e4de3ac46d4df32bfcb69593d3bbf006005e0f7008043b50e7,ISIC2017,train,ISIC_0014778,ISIC2018,train,ISIC_0014778
mask_sha256,320f321a214ca0c0984b185171d5fafd4facb71ed7d6055088434481aed41bf3,ISIC2017,train,ISIC_0014779,ISIC2018,train,ISIC_0014779
mask_sha256,a550d6217095a16aab6f1fbadf59b90f4655e1f8d4d81932c2b14fbefd344a87,ISIC2017,train,ISIC_0014782,ISIC2018,train,ISIC_0014782
mask_sha256,443c3f03d6e475c6fcc02244795cdc5d4f1b24517f95b49d2df05ca512fb6bdb,ISIC2017,train,ISIC_0014783,ISIC2018,train,ISIC_0014783
mask_sha256,d1ca582f8a5d9dbaacbc0d2ead6477535361a360584eb530946cfbb36c139934,ISIC2017,train,ISIC_0014785,ISIC2018,train,ISIC_0014785
mask_sha256,5fec67b5f9383f8cfbf57e8245e7ff060af440f79fea8f92b853fbdd572b3c79,ISIC2017,train,ISIC_0014791,ISIC2018,train,ISIC_0014791
mask_sha256,af1bbc7183456ff66a5784a6a3e7ff38d2d2a91522e60c01c28c648d4178bc57,ISIC2017,train,ISIC_0014795,ISIC2018,train,ISIC_0014795
mask_sha256,26d07d37973dcb7dc4b20f12d83b75f532f97c47062bb7c47f6be8d0f49377e7,ISIC2017,train,ISIC_0014803,ISIC2018,train,ISIC_0014803
mask_sha256,575f99ca3408b16a1f40d5708d6c8e188c461c299fec3a54e4745d4f4713c1ed,ISIC2017,train,ISIC_0014804,ISIC2018,train,ISIC_0014804
mask_sha256,c24d907a5862682d9d28256eeb0bca9085c4813bb0cd76beec7bea41b395677f,ISIC2017,train,ISIC_0014805,ISIC2018,train,ISIC_0014805
mask_sha256,ee16aae56555ed315cc268588d4e0f0c04b890d8f091add28831bd6f21c81762,ISIC2017,train,ISIC_0014806,ISIC2018,train,ISIC_0014806
mask_sha256,c4c6ea93b8f44517fa313302d62fa2407f9ee37b07565561de47d10f102c38ef,ISIC2017,train,ISIC_0014808,ISIC2018,train,ISIC_0014808
mask_sha256,63ae8e06eba0e063eb2975605123a510238e44c93187084e4f6e47e055bffa52,ISIC2017,train,ISIC_0014812,ISIC2018,train,ISIC_0014812
mask_sha256,b4a12878feebe38fda410d40fc7df39564372bb7b96289685c1119422ce5a623,ISIC2017,train,ISIC_0014818,ISIC2018,train,ISIC_0014818
mask_sha256,bdd05643c592cd2157c4ae46064424bf1168eef6be47b182b0f9a9ec3295b826,ISIC2017,train,ISIC_0014821,ISIC2018,train,ISIC_0014821
mask_sha256,7032dc660c4a115850ec36e35adf1e1193ef9a039e730566c098b59470649ab9,ISIC2017,train,ISIC_0014823,ISIC2018,train,ISIC_0014823
mask_sha256,c285a4fcb8287c94866e7607eca3fe0102c579e92e0e901db03a224fbd3886c8,ISIC2017,train,ISIC_0014825,ISIC2018,train,ISIC_0014825
mask_sha256,c0fc472979ffd0a2025dd5397056947ab90693517748830bb1d4f324b947c2df,ISIC2017,train,ISIC_0014830,ISIC2018,train,ISIC_0014830
mask_sha256,cbe954dcfea98a3b41a011eed3ace485773c9c4d06a6a931b98c360bd4c8272b,ISIC2017,train,ISIC_0014831,ISIC2018,train,ISIC_0014831
mask_sha256,23eed60331636f3e1b8e67712664051317588bb4e027d20e0a08b58a6dacd3ae,ISIC2017,train,ISIC_0014832,ISIC2018,train,ISIC_0014832
mask_sha256,cb85174156de08eeed3ed82c94f810029148bf83debab3236383c15d51cc72d1,ISIC2017,train,ISIC_0014834,ISIC2018,train,ISIC_0014834
mask_sha256,4670cf6279da1020f0fed5a8ceb3da6764bcec81b174e6ee007f12b6ef8c9dfb,ISIC2017,train,ISIC_0014838,ISIC2018,train,ISIC_0014838
mask_sha256,a2cf426242132fa7c8bc3c0913dff14cdfd4e321744df589471fbbb900db5830,ISIC2017,train,ISIC_0014839,ISIC2018,train,ISIC_0014839
mask_sha256,d771c23d1b446dd46b9fa99d116fd23684568e2e20c151d2be81d0577bb50639,ISIC2017,train,ISIC_0014843,ISIC2018,train,ISIC_0014843
mask_sha256,89b17aa48252ba60ce7064c936bdb33be10f0f3d5c91939baabc8f64e85f14f1,ISIC2017,train,ISIC_0014845,ISIC2018,train,ISIC_0014845
mask_sha256,911e5ea3595aa44e53a61e4804a3e602d94b746f34181c9052237f7bf5db833f,ISIC2017,train,ISIC_0014846,ISIC2018,train,ISIC_0014846
mask_sha256,e1b166111eae3f49403057ae74b2925653664d8337d622bb2e5342bd38ada933,ISIC2017,train,ISIC_0014848,ISIC2018,train,ISIC_0014848
mask_sha256,a72ae5e29a9778b68433bea2e261b34785c1217867d1665003491852a9eae9b0,ISIC2017,train,ISIC_0014849,ISIC2018,train,ISIC_0014849
mask_sha256,0d93f5173b9d452f05743a942bffe416954f65710ff7891aa8726d6b4cc696dd,ISIC2017,train,ISIC_0014850,ISIC2018,train,ISIC_0014850
mask_sha256,c2255de149032828f366135f6b861a27662f9ccf576d271fc5475f3f559cfcd8,ISIC2017,train,ISIC_0014851,ISIC2018,train,ISIC_0014851
mask_sha256,ee0bcbb01136ca635ea6be4a2a72a730883aa440f16d9ae2102011c8afab8d59,ISIC2017,train,ISIC_0014855,ISIC2018,train,ISIC_0014855
mask_sha256,82153d039812dfd1185d5b0038401468f89e680e90dd60c6b91f8fcc59882549,ISIC2017,train,ISIC_0014860,ISIC2018,train,ISIC_0014860
mask_sha256,c7525d4226f4debfe9e7bf3b479878fcccf377d23be5970386acf9d158ac7a09,ISIC2017,train,ISIC_0014869,ISIC2018,train,ISIC_0014869
mask_sha256,f11a79230bbf5ee1bca6564c4448f9e969d71cb379ffbe084eccde62a4608cd6,ISIC2017,train,ISIC_0014890,ISIC2018,train,ISIC_0014890
mask_sha256,677ac6d95099bc1b68cddfd08f1eeb4f5790c188d9b22cffb32123271d9605c5,ISIC2017,train,ISIC_0014891,ISIC2018,train,ISIC_0014891
mask_sha256,7cfe3347a1b8737418591b3bbe04672f1d75e38f954ab51da34d7d263212f898,ISIC2017,train,ISIC_0014897,ISIC2018,train,ISIC_0014897
mask_sha256,86fc4c0ba9a561a2bf958733f5ce493a623b3553940f21b1526e932678a19a27,ISIC2017,train,ISIC_0014898,ISIC2018,train,ISIC_0014898
mask_sha256,076e7b2c3cb75de40539b3f61880868500dae5367e16a6e5d77550b83aa35c57,ISIC2017,train,ISIC_0014903,ISIC2018,train,ISIC_0014903
mask_sha256,d32215e4385c11c36aa6bc57c265e2c457828ffb9fbd50eb0a567a5adb331fba,ISIC2017,train,ISIC_0014904,ISIC2018,train,ISIC_0014904
mask_sha256,760d4cd95b48fb6925573c5fd4c4d92bed96d504a83fa6fc65d040bf8f28e292,ISIC2017,train,ISIC_0014908,ISIC2018,train,ISIC_0014908
mask_sha256,6de66c84ea26cbd54054441252a69b5a0be8c5afa11dc5e00dfabc047981a93f,ISIC2017,train,ISIC_0014911,ISIC2018,train,ISIC_0014911
mask_sha256,e1c8f5d429ee7fbe394097e1433b7168a937f7918be2f140b08fca963f18e16c,ISIC2017,train,ISIC_0014913,ISIC2018,train,ISIC_0014913
mask_sha256,b4bdfddf6080ae580c9e0c8f4f2117837d6ed29ff11fd02897abbd0c50a906e6,ISIC2017,train,ISIC_0014915,ISIC2018,train,ISIC_0014915
mask_sha256,018be3cb7d41326fdc700c056728b5bbe99fa1aa5099994ffa4ea8d1d97fe8ef,ISIC2017,train,ISIC_0014919,ISIC2018,train,ISIC_0014919
mask_sha256,3d980f5047473df34b214679c9efdc6437b633dbbe13e47bd95100f9ef8bbb95,ISIC2017,train,ISIC_0014920,ISIC2018,train,ISIC_0014920
mask_sha256,953813a5c1af030b86393de6589ef85ab099d1faf8ce5e929c2058331187bbc3,ISIC2017,train,ISIC_0014922,ISIC2018,train,ISIC_0014922
mask_sha256,6bf18f3010d8c4529895b1cbee79fe7ba373b4a0dd0f4d89db08982d1b4fae7c,ISIC2017,train,ISIC_0014923,ISIC2018,train,ISIC_0014923
mask_sha256,13ea119019efe224b5f5ecde712c99ac2dcf8b1748ecd722a6cfa21459e21dee,ISIC2017,train,ISIC_0014925,ISIC2018,train,ISIC_0014925
mask_sha256,d54a0b3d2fcaadfa399c0392e3f38ecf90d1ad1e85429c7197adffd887c12fdc,ISIC2017,train,ISIC_0014926,ISIC2018,train,ISIC_0014926
mask_sha256,2621f1a1b8b83d9e8df8934ea6c945600d53f23a47e5cc024f0abb81978af138,ISIC2017,train,ISIC_0014929,ISIC2018,train,ISIC_0014929
mask_sha256,85bf7fe6411806c51668c43c05067f4c27612caab14efcaad4616c315874d383,ISIC2017,train,ISIC_0014930,ISIC2018,train,ISIC_0014930
mask_sha256,8a11f1810a7ca520e37bd035dab69be035eae2a5ff7a9d393624e5324a1fa175,ISIC2017,train,ISIC_0014933,ISIC2018,train,ISIC_0014933
mask_sha256,bdedc6a9aa33f74eb110af039a6fa4ee6d16e116926498e89f0512a00bc6bc8b,ISIC2017,train,ISIC_0014951,ISIC2018,train,ISIC_0014951
mask_sha256,27ce5db8e6475c8ba7308c98d61455ed4160a2619fa993fd8546991cf3d3a104,ISIC2017,train,ISIC_0014975,ISIC2018,train,ISIC_0014975
mask_sha256,7e11ca6addc4d66b2fb403b204ffe4cc35b9dda6a596503e16a5316da165a67c,ISIC2017,train,ISIC_0014983,ISIC2018,train,ISIC_0014983
mask_sha256,4bdc57a4a59d49ccd7e0e35eb55d36c76387689c5ba2fcdc2c92c15f20a25aa4,ISIC2017,train,ISIC_0014987,ISIC2018,train,ISIC_0014987
mask_sha256,82db0ba196883a3562658b51e5582752bcc12e49e64d7a1314a8f54d4ac9b447,ISIC2017,train,ISIC_0015005,ISIC2018,train,ISIC_0015005
mask_sha256,77a83df111d05a6efa5003a4566861620a1a6cc3d01d2a3665856a1a4f263094,ISIC2017,train,ISIC_0015032,ISIC2018,train,ISIC_0015032
mask_sha256,a193a270d607710f0faf4630f7874d5f128232f74615c44e28f0d03fad049bd1,ISIC2017,train,ISIC_0015044,ISIC2018,train,ISIC_0015044
mask_sha256,617476367b1362218dfa6cbf8654100d12182c6fc85ce5446c0d101d805e65e9,ISIC2017,train,ISIC_0015079,ISIC2018,train,ISIC_0015079
mask_sha256,1be5b3acfdab9c67dcbcff329dd4601b05be26c3074ca5c2fbe5f7776baf67e9,ISIC2017,train,ISIC_0015082,ISIC2018,train,ISIC_0015082
mask_sha256,7803ad2547022133ce83c76c49d33a6503ce1e1abd228d4634112f13541ca98c,ISIC2017,train,ISIC_0015108,ISIC2018,train,ISIC_0015108
mask_sha256,92a80c82fb9c2239001d6bab1d283dd5367953f508ab66776b692df528b60295,ISIC2017,train,ISIC_0015109,ISIC2018,train,ISIC_0015109
mask_sha256,25c3d1be980bc68303389814677ad7079ad925c105eed439eae9c63088c19fca,ISIC2017,train,ISIC_0015110,ISIC2018,train,ISIC_0015110
mask_sha256,53bd94dd5a430ef448085500448c0ec4712e0b5220c9b2f699017662fd8cf1e9,ISIC2017,train,ISIC_0015113,ISIC2018,train,ISIC_0015113
mask_sha256,ed940d1c30b1b40517b7ece5b69ea5b2c47106a9a7f1ea3c6367f9c450cbadfb,ISIC2017,train,ISIC_0015153,ISIC2018,train,ISIC_0015153
mask_sha256,16c2df942cfe1f711bdbd1199bd28e8915cff664b7c28339f1aec3adde4bc0b2,ISIC2017,train,ISIC_0015158,ISIC2018,train,ISIC_0015158
mask_sha256,016f3b66d28926f1bc971749bb6a0f41d099ff720fb06894fa886f6b2481354d,ISIC2017,train,ISIC_0015166,ISIC2018,train,ISIC_0015166
mask_sha256,299677ee3647141e9795f8e6ce41eec3389c68f2fb667fecf406ace88093139d,ISIC2017,train,ISIC_0015170,ISIC2018,train,ISIC_0015170
mask_sha256,f572a60d921cca475f203b6521197b00d6ecc968ea717d82a2fd536141171e46,ISIC2017,train,ISIC_0015189,ISIC2018,train,ISIC_0015189
mask_sha256,66668cb647db7aba15b4e7478f7ba5105ab114146fc66e349df6f5789a39729d,ISIC2017,train,ISIC_0015190,ISIC2018,train,ISIC_0015190
mask_sha256,c63ba1bd39e40364ac8817d9e20b0139a31a915efe6507419692f530cd766472,ISIC2017,train,ISIC_0015200,ISIC2018,train,ISIC_0015200
mask_sha256,59fe6dbb3cc139005a7c25a3f1969985a86aab9d7db1f690cda966369b6af104,ISIC2017,train,ISIC_0015204,ISIC2018,train,ISIC_0015204
mask_sha256,cfcadc7d9ff3522ae515cd5fa1a482bf7ffcbdb3ae180f347a1980568c983a32,ISIC2017,train,ISIC_0015219,ISIC2018,train,ISIC_0015219
mask_sha256,d2d3945ace579a79ecd89e8f5ff126e50ee344532537562c59fc96824dccca19,ISIC2017,train,ISIC_0015220,ISIC2018,train,ISIC_0015220
mask_sha256,32a88a650ab940f01af832378e6c67d8e7219bc7879c437c290c1627c0dc97b1,ISIC2017,train,ISIC_0015233,ISIC2018,train,ISIC_0015233
mask_sha256,7210bdd892771d3dfa59141ba626208f017882df4adb96821f63b5657bba1129,ISIC2017,train,ISIC_0015260,ISIC2018,train,ISIC_0015260
mask_sha256,d1fbd11e0f6ab6eef304389b17789068bc34b17ea588cf87ba0fb746f021fde1,ISIC2017,train,ISIC_0015284,ISIC2018,train,ISIC_0015284
mask_sha256,e6cadceaed52bf2876825c89cc6f0daeb6e0825925fbd164fcc39a233ed54da3,ISIC2017,train,ISIC_0015295,ISIC2018,train,ISIC_0015295
mask_sha256,be3766829a4c023402b968fe67b050773378907dedbcdeb2169bac052c1e3638,ISIC2017,val,ISIC_0003462,ISIC2018,train,ISIC_0003462
mask_sha256,b57323362608a19e54cc65f66b1c0caaac0b544779d12840eb4e1c346d07cc03,ISIC2017,val,ISIC_0003539,ISIC2018,train,ISIC_0003539
mask_sha256,0b0268cbf75f1d6917834c7c4dea884c1de92d2903e66485e907b2d1129a4f70,ISIC2017,val,ISIC_0003582,ISIC2018,train,ISIC_0003582
mask_sha256,f9a4f1ea759a3aef1e57c73e39e5a45c6b05c9b867ecaded8b322b51a709b0d3,ISIC2017,val,ISIC_0004337,ISIC2018,train,ISIC_0004337
mask_sha256,15ba79e7dab923cbe27103700abdd667fb308bf83f0ef4c0c842cd149a378f48,ISIC2017,val,ISIC_0006671,ISIC2018,train,ISIC_0006671
mask_sha256,8e1ac5e273b801a30ed9a1ec71ece9b9dd67a14e4d5d24322bee9959d112a9a6,ISIC2017,val,ISIC_0006914,ISIC2018,train,ISIC_0006914
mask_sha256,7c9d063d7effd13ef4c28b71d5266d83bac89af17a669db8c0a7761883adab33,ISIC2017,val,ISIC_0007141,ISIC2018,train,ISIC_0007141
mask_sha256,307c5fa8a1ea5d34575657322b890044f95700532306890644da5ca926817b13,ISIC2017,val,ISIC_0007156,ISIC2018,train,ISIC_0007156
mask_sha256,d451e15aaabf9ff0009ba969824debf14861e74aec02fe44a8a93765cbc2f8b7,ISIC2017,val,ISIC_0007241,ISIC2018,train,ISIC_0007241
mask_sha256,6a3929f282cfb4b0bd0bf0c4b4c15cb212a113cd729aa4cd769d7b00d759de23,ISIC2017,val,ISIC_0007332,ISIC2018,train,ISIC_0007332
mask_sha256,40434cc5c8d5bdaaf04e49ebd719dba2e4d0e86faaf362ebddb7c27c09c9ec4e,ISIC2017,val,ISIC_0007344,ISIC2018,train,ISIC_0007344
mask_sha256,0d8629e8613c57fe8089289e86aae97f47d3dacdd5ca194438dd426c37df8c4a,ISIC2017,val,ISIC_0007528,ISIC2018,train,ISIC_0007528
mask_sha256,b3d1e20aa92a14ed1c388f63ef8ac8840f75941764eb270dd970a6c968f774ea,ISIC2017,val,ISIC_0007796,ISIC2018,train,ISIC_0007796
mask_sha256,a5c726232e6161d7dc44c46866c75070e6b969c940e961f5cddd6d12f6280393,ISIC2017,val,ISIC_0012099,ISIC2018,train,ISIC_0012099
mask_sha256,76297d471eaba04ae5d5eaf65132136a3fc6933a76b4460649ee97f22a9026ea,ISIC2017,val,ISIC_0012109,ISIC2018,train,ISIC_0012109
mask_sha256,e08d78a515488e3bf65951ac6115e86c8ab5519ecfee8b23b8555649bab64838,ISIC2017,val,ISIC_0012126,ISIC2018,train,ISIC_0012126
mask_sha256,31f1a5857b647a319c3b22a77aff8dd9e657d699e3ba188f732921e3bf4e69c8,ISIC2017,val,ISIC_0012127,ISIC2018,train,ISIC_0012127
mask_sha256,d5f6e6bcf2b513340e2cf5427320563c91ca3165e51ce241ee6e9a25b31d0965,ISIC2017,val,ISIC_0012143,ISIC2018,train,ISIC_0012143
mask_sha256,a80e4849125e0b91fd006cfab2aebddcefc87c6ba8e7975320ce06fc1b401217,ISIC2017,val,ISIC_0012151,ISIC2018,train,ISIC_0012151
mask_sha256,986cd49c9101ace2dd612cd09a8236a710c4bd3d9ca3e52e37c047aa65f7f8a2,ISIC2017,val,ISIC_0012159,ISIC2018,train,ISIC_0012159
mask_sha256,2f422ac88133fc49cc3a04e5a60c7b5c0443b3e8eabf8bd788c5e63df22791ae,ISIC2017,val,ISIC_0012160,ISIC2018,train,ISIC_0012160
mask_sha256,42735c61cd03443e9f1ad27c0ae90e232420f508e421fe2a9f9f4e6eaf3cc320,ISIC2017,val,ISIC_0012191,ISIC2018,train,ISIC_0012191
mask_sha256,1c950302cb6f31fa4f8fb6aa2e2b84e4646fd4d418da76154b26eccaaea363c3,ISIC2017,val,ISIC_0012201,ISIC2018,train,ISIC_0012201
mask_sha256,7ed954ce00b146a7a75cf8fce8f7f50e65b5d744affcf076c359802e053691a4,ISIC2017,val,ISIC_0012204,ISIC2018,train,ISIC_0012204
mask_sha256,034e371ebd72133389c94590b49fc9305d188ab16aca94587072705568fa53a8,ISIC2017,val,ISIC_0012206,ISIC2018,train,ISIC_0012206
mask_sha256,425b13d5f2da70631118161af97d18a4d0a9194f497036312531058609f3ebd0,ISIC2017,val,ISIC_0012210,ISIC2018,train,ISIC_0012210
mask_sha256,694a6624642037e6afb6838647ce3756bd71fd55c6531e54c1a61c6e4db758ed,ISIC2017,val,ISIC_0012221,ISIC2018,train,ISIC_0012221
mask_sha256,e4e09a5cce1c21aa529170914fa249485d75cd43daac4fc175d313b4a3c52c4c,ISIC2017,val,ISIC_0012222,ISIC2018,train,ISIC_0012222
mask_sha256,661c9697cc6158a333fa684b4f5909ac65773adf307629f708c2d3433f569ccc,ISIC2017,val,ISIC_0012256,ISIC2018,train,ISIC_0012256
mask_sha256,12737c6acf3d2ede2cb5e9f842f59ddee96ade6db6ebf4b5d1d27abc2f0196bb,ISIC2017,val,ISIC_0012288,ISIC2018,train,ISIC_0012288
mask_sha256,48f23a34bfb212e787253c04929683dbc2dd70b6d3b5dfe06c9f1aac4930d97e,ISIC2017,val,ISIC_0012306,ISIC2018,train,ISIC_0012306
mask_sha256,6b95a3a2e1ff489f7a97b936ccbcd83d6d17d03a216f6592e7474ab323a852c9,ISIC2017,val,ISIC_0012313,ISIC2018,train,ISIC_0012313
mask_sha256,6ddf50db607b0de58e4a962dab401d8df6d0be966c605498bf3e20466381e133,ISIC2017,val,ISIC_0012316,ISIC2018,train,ISIC_0012316
mask_sha256,03af5d186176046ea49850b479bd6c291bbf2f9a72b45452fbf90b64ccd8106b,ISIC2017,val,ISIC_0012335,ISIC2018,train,ISIC_0012335
mask_sha256,f13d6062ac80c4d1ad6c2ce429abdcf52af6601d3d50a287c05e242126610cf7,ISIC2017,val,ISIC_0012400,ISIC2018,train,ISIC_0012400
mask_sha256,b0e60915c76fc90dd39a27949b537ecdd5011e725fe17ce87b4c3693deff20fc,ISIC2017,val,ISIC_0012417,ISIC2018,train,ISIC_0012417
mask_sha256,a60889199b1407544ffa1be91abec306c57392937332cba5aad38406384d0656,ISIC2017,val,ISIC_0012434,ISIC2018,train,ISIC_0012434
mask_sha256,a3a57586c1a71cf5a1399d37cf1ab1b0ab850c5ebcf589af31185752599752a9,ISIC2017,val,ISIC_0012538,ISIC2018,train,ISIC_0012538
mask_sha256,5232c3010e4f73292d868f663df4f9cc3e9601217ac6010d80e80f7e45c2c02d,ISIC2017,val,ISIC_0012547,ISIC2018,train,ISIC_0012547
mask_sha256,0b8b53419963212f1a711ef4ca87de00ea5e34b06a4c96dc1786dc6515d2a2de,ISIC2017,val,ISIC_0012660,ISIC2018,train,ISIC_0012660
mask_sha256,c1245dae7a5e719d084f22a4d55f859dedde7ffa13d41d69a38d0ec604194c7a,ISIC2017,val,ISIC_0012684,ISIC2018,train,ISIC_0012684
mask_sha256,49f19ca181658fdf5914625978f7c0cd02c2edcada81e6165fa2af58f6b8109f,ISIC2017,val,ISIC_0012720,ISIC2018,train,ISIC_0012720
mask_sha256,78e12cd037619f2c89d171b6a0c69d0049b484e329481376d0a9475613e2cfb6,ISIC2017,val,ISIC_0012746,ISIC2018,train,ISIC_0012746
mask_sha256,9a80dbad1befcac9c3a285224cfcefbb41d1de785990babdf071457137a77f47,ISIC2017,val,ISIC_0012876,ISIC2018,train,ISIC_0012876
mask_sha256,6bd775c70d24327ab73113839b548d5e185aee6f4711a158dfb45af141d2e237,ISIC2017,val,ISIC_0012956,ISIC2018,train,ISIC_0012956
mask_sha256,20d93d5c6f7e5a7b202d4fe299b96e45370614548448774f41f90ed8a439268b,ISIC2017,val,ISIC_0012965,ISIC2018,train,ISIC_0012965
mask_sha256,1948720c9aa39e5ef9d1d7fed10362172e50dc8d95c3062124fa0da924dedec7,ISIC2017,val,ISIC_0013010,ISIC2018,train,ISIC_0013010
mask_sha256,07f22132612863eec9ba30beba81a5a790009f9c08af0299abf5e66599aea097,ISIC2017,val,ISIC_0013082,ISIC2018,train,ISIC_0013082
mask_sha256,4101a8d5299c05603986f19eadc801c6c3dfe2f93b2be92d0342088d10545874,ISIC2017,val,ISIC_0013104,ISIC2018,train,ISIC_0013104
mask_sha256,cec66fcaa3bb8b03277068f9e6331c9e26c25f4f92b0265323e99b5060f8ceb8,ISIC2017,val,ISIC_0013128,ISIC2018,train,ISIC_0013128
mask_sha256,3dba7c330e0e2c49786a8cb7322c3079aa7d13cfc2765456c1360119191f1f5c,ISIC2017,val,ISIC_0013232,ISIC2018,train,ISIC_0013232
mask_sha256,4772d51578841f4f01a5abeb442cc1e78643783f0c597564ce0d9e7036cc9e32,ISIC2017,val,ISIC_0013491,ISIC2018,train,ISIC_0013491
mask_sha256,c0813fd4279f093f2f88f7d5d61adf3966f6fee1c85df10fd215aa1f24658155,ISIC2017,val,ISIC_0013501,ISIC2018,train,ISIC_0013501
mask_sha256,e672b433a6f05a37cc8eae02df982978dc03e22ec4ea7e975c22d613b7b97eb2,ISIC2017,val,ISIC_0013518,ISIC2018,train,ISIC_0013518
mask_sha256,a2e15681402175844197282979cd0156f77a15a0a15b89c575d3cf51403235ff,ISIC2017,val,ISIC_0013527,ISIC2018,train,ISIC_0013527
mask_sha256,8f3e49a85096a5689082b642c2e6551e9c2c3abf5c1600a63e54de58c7608308,ISIC2017,val,ISIC_0013549,ISIC2018,train,ISIC_0013549
mask_sha256,07bf1f49d58cf4b5e4d79607be36ed836ad46d311173d20723c7fc9889030f82,ISIC2017,val,ISIC_0013561,ISIC2018,train,ISIC_0013561
mask_sha256,20b77e47a758c00aeb8e5ea37c0442a3f5d8970f0c6c28281f4f691205132689,ISIC2017,val,ISIC_0013562,ISIC2018,train,ISIC_0013562
mask_sha256,16f69cc2c36c062e723075e6e0eb6adb3f456ace6e97e419da9ab48502650ac9,ISIC2017,val,ISIC_0013637,ISIC2018,train,ISIC_0013637
mask_sha256,8ae9ef276fa84499adba4930a7b478d4f8519275b7a63e680c32106d21c83a82,ISIC2017,val,ISIC_0013644,ISIC2018,train,ISIC_0013644
mask_sha256,347e5ed40fd8d4a4262029d8a98c61a564ee2c64bcb353e6c628d9b383293528,ISIC2017,val,ISIC_0013651,ISIC2018,train,ISIC_0013651
mask_sha256,515d957f52d0d13f37572cedfbab0b050a77586f617f95be7f350095353bd50d,ISIC2017,val,ISIC_0013663,ISIC2018,train,ISIC_0013663
mask_sha256,c943c1e2bdb0717910ae5ae8310f55701d2823939cc720bbcd6b4f52801c47ed,ISIC2017,val,ISIC_0013702,ISIC2018,train,ISIC_0013702
mask_sha256,a69b15d4ad4e8b42a17f16b6e0b5c9e50fb136385ca569f3cb1c4247712357e2,ISIC2017,val,ISIC_0013736,ISIC2018,train,ISIC_0013736
mask_sha256,49d890448ced0edd24b12cc176613859604008af64b1a1a521507ed2dff230e2,ISIC2017,val,ISIC_0013793,ISIC2018,train,ISIC_0013793
mask_sha256,b217fde8e7f3db84e2b9bcd067735ff6436ba60fbbe7498098b1601a96f12a34,ISIC2017,val,ISIC_0013828,ISIC2018,train,ISIC_0013828
mask_sha256,65f5ba93097583a30c816f7e7887c6f82e71ca7f23eea518e854592c61bd5957,ISIC2017,val,ISIC_0013863,ISIC2018,train,ISIC_0013863
mask_sha256,6f01b9b723a1623321eb674de3437e256444dc3d235dea9ed1f766f19749353d,ISIC2017,val,ISIC_0013898,ISIC2018,train,ISIC_0013898
mask_sha256,773dde41a4e239d2687be8a44f392bff1a928afd5992e47ca94e685151ea1b1c,ISIC2017,val,ISIC_0014037,ISIC2018,train,ISIC_0014037
mask_sha256,d6ebee1cfe34b58faf20dd754a611c0268d26e770e5c7e5622918ec69de9e296,ISIC2017,val,ISIC_0014139,ISIC2018,train,ISIC_0014139
mask_sha256,a419b027dd5252c370f154c19d109cd0db5a5b1f87cf278e0cc97b870a8aa029,ISIC2017,val,ISIC_0014162,ISIC2018,train,ISIC_0014162
mask_sha256,7f6f6dc377db23b3617854baa6386fa9a7e5c6bde2fedd9d7b59b083e1dd5699,ISIC2017,val,ISIC_0014178,ISIC2018,train,ISIC_0014178
mask_sha256,be3163c9e222a99b25fd456febcf5d09cdd77b6c11a04d858340d363ac744ec8,ISIC2017,val,ISIC_0014211,ISIC2018,train,ISIC_0014211
mask_sha256,0f27ea6a2f594ac206955bbdd3485c13af93b3522c467c0444a6a37f0c7c5c73,ISIC2017,val,ISIC_0014217,ISIC2018,train,ISIC_0014217
mask_sha256,9feeb751a407949cafbd1e53b097f4f3d0fd6a9160b5533aac4e8f1ed2192eaa,ISIC2017,val,ISIC_0014302,ISIC2018,train,ISIC_0014302
mask_sha256,7f0733467001efc51892e8337507334a2cedd4e6cf5c172eb73ed4f81ca79301,ISIC2017,val,ISIC_0014382,ISIC2018,train,ISIC_0014382
mask_sha256,cee0f68909efd79997e3904420784a122e07a5ffc7d89bfd672099ff4e2f50c4,ISIC2017,val,ISIC_0014428,ISIC2018,train,ISIC_0014428
mask_sha256,0ea95d1bf63d78b11d0198e76e2dc5a304a188043018df4e2b4ed7f9d9cf174f,ISIC2017,val,ISIC_0014558,ISIC2018,train,ISIC_0014558
mask_sha256,54cd5dff1a9114ac011dadbd98ec0a683de4c6b6677c32c799c8a86db77fc054,ISIC2017,val,ISIC_0014572,ISIC2018,train,ISIC_0014572
mask_sha256,0a2bda8042359510d16374101185cd6e5f8cfee3d99f6855b411cc315e619dec,ISIC2017,val,ISIC_0014601,ISIC2018,train,ISIC_0014601
mask_sha256,610990f999adeb677c411c03d59541858a9caed61fc5d29b86f14bb26b80cfbc,ISIC2017,val,ISIC_0014610,ISIC2018,train,ISIC_0014610
mask_sha256,ddecb2edead775521804c1c1ae1acafde37c140441c63a382371120f39807847,ISIC2017,val,ISIC_0014623,ISIC2018,train,ISIC_0014623
mask_sha256,5463cff1085de4fd07a4b7dbe6e728f38e2e10d3715f2fef5fe6daa4b6339f6a,ISIC2017,val,ISIC_0014624,ISIC2018,train,ISIC_0014624
mask_sha256,5f2d493e571fdb1111ba580316e356e35e355017bbf8ed474ae38c8e675f7981,ISIC2017,val,ISIC_0014633,ISIC2018,train,ISIC_0014633
mask_sha256,3e998680ff5f06a39325eb085abb391599778f64aa0c6571fe9285d45bde160b,ISIC2017,val,ISIC_0014635,ISIC2018,train,ISIC_0014635
mask_sha256,6b6a7ad857c46dcc058ba65774c142eeb35479cf586e525751bd22753a464250,ISIC2017,val,ISIC_0014637,ISIC2018,train,ISIC_0014637
mask_sha256,42faf04da700296c56279f0bbeea639f405789a2951808e1601c1e80f1cd03f2,ISIC2017,val,ISIC_0014688,ISIC2018,train,ISIC_0014688
mask_sha256,6c5679830d017c542dc7764d86ced5651b12443e84ab4dd0d941b4e54ad1d100,ISIC2017,val,ISIC_0014809,ISIC2018,train,ISIC_0014809
mask_sha256,7d64ecd9f4138ec83a9823c73069c609b57b4f7bfac24455f0f40e6bb238b99f,ISIC2017,val,ISIC_0014829,ISIC2018,train,ISIC_0014829
mask_sha256,01a58ef61fe7d590c0760f9ff2c80236710a30b80dcca533113d0fccd9f6b69b,ISIC2017,val,ISIC_0014857,ISIC2018,train,ISIC_0014857
mask_sha256,05cb01a2942de8b8d5cba9ad39fc28b824983e8d366a22bb52ca7c229d347dec,ISIC2017,val,ISIC_0014931,ISIC2018,train,ISIC_0014931
mask_sha256,380429cdde36957c0c29241957c7943c177103c4b45185e99940f46f6d048ac0,ISIC2017,val,ISIC_0014937,ISIC2018,train,ISIC_0014937
mask_sha256,6b79279765ceaec7ba40e399d5248a392f14d4640963b75a7f10c567afa3f277,ISIC2017,val,ISIC_0014945,ISIC2018,train,ISIC_0014945
mask_sha256,8e1fbe32151a0fde712c0a8e3f6ebfb623150ff97859a08fe2374fd20a1d107b,ISIC2017,val,ISIC_0014946,ISIC2018,train,ISIC_0014946
mask_sha256,05a72a9cccdaf3cbb27b1af9e1e63adbd0fd4e5431a3c5eebb561c0cb7b2740f,ISIC2017,val,ISIC_0014979,ISIC2018,train,ISIC_0014979
mask_sha256,bf508d2a1fbf7d221674bcf5445be9a8380b65f6fc5d599ca03794d385970a4e,ISIC2017,val,ISIC_0014985,ISIC2018,train,ISIC_0014985
mask_sha256,ca01073ba6ee5050b9cc2be96fde0397e07af6c647377ddb35db45c8fd761af2,ISIC2017,val,ISIC_0014989,ISIC2018,train,ISIC_0014989
mask_sha256,d5454dbe03371fb8499f384169999a6d01135c27bef25c5648e29c9bce70ccd5,ISIC2017,val,ISIC_0015043,ISIC2018,train,ISIC_0015043
mask_sha256,b2e6669a20b3b30de8e8d0b2acae38b36ac89c1c85243bb0ea2ef71e65d72412,ISIC2017,val,ISIC_0015062,ISIC2018,train,ISIC_0015062
mask_sha256,2805ef6f7cbc363f14eb7c9c2d8f5527a17ce1206a94c471e17df5466d90a133,ISIC2017,val,ISIC_0015124,ISIC2018,train,ISIC_0015124
mask_sha256,5323d19476b8ddf537ed170dc0776e29c50378a8563c99c68c21a2c90a65957f,ISIC2017,val,ISIC_0015144,ISIC2018,train,ISIC_0015144
mask_sha256,d8f94235e9cb1824107055db20e53d525d0f08f0ffa6b1d41bd17aacb9c19352,ISIC2017,val,ISIC_0015211,ISIC2018,train,ISIC_0015211
mask_sha256,69e9ce2decd8c1d4d1ef8281b6529c58cfb8c29895b96419840100c77bbb1fb8,ISIC2017,val,ISIC_0015243,ISIC2018,train,ISIC_0015243
mask_sha256,527f8842677f13c5aaf34f3640c2ac5934fee72998f4e37a5ebc75bb5f1e7911,ISIC2017,val,ISIC_0015256,ISIC2018,train,ISIC_0015256
mask_sha256,ca025aad38cc7d10341a418d0255f956137fd1c69f6cc9461e73c139f8e9c6ab,ISIC2017,val,ISIC_0015313,ISIC2018,train,ISIC_0015313
mask_sha256,5cce8e1565bcb1b729d32a78a6de251287569a2542bccb7b9b8ac287ef46c392,ISIC2017,val,ISIC_0015401,ISIC2018,train,ISIC_0015401
mask_sha256,943f1d1d3aec3df7374ab90be334f42cdbe31620581110b7955ceb5b95e7771b,ISIC2017,val,ISIC_0015443,ISIC2018,train,ISIC_0015443
mask_sha256,fec148d53cd4ecb68864e0350fecd795171c2d7c0be22f45475f319de98fd172,ISIC2017,val,ISIC_0015445,ISIC2018,train,ISIC_0015445
mask_sha256,cef8a75247983d1d4bc220d115f2a597d99506d7735ba2e1dca76db71b32ab10,ISIC2017,val,ISIC_0015483,ISIC2018,train,ISIC_0015483
mask_sha256,a9aeba93927851130cedca0d88c12b54f91b798dc4018a342d5093fd377d4d77,ISIC2017,val,ISIC_0015496,ISIC2018,train,ISIC_0015496
mask_sha256,973f174a849f1b479305af0ba80c162d4604d1b7ad3cacc34987b219b8ff65b5,ISIC2017,val,ISIC_0015627,ISIC2018,train,ISIC_0015627
