action,alpha,annotator_id,bce,bce_orig,bf1,bf1_025,bf1_1pct,both_empty,changed_pixel_fraction,changed_pixel_fraction_canonical,checkpoint_hash,diagonal_px,dice,dice_D0,dice_anchor,fn,fn_added,fn_removed,fp,fp_added,fp_removed,gain_dice,gain_loss,gain_loss_orig,gain_vs_D0,group_id,gt_empty,hd95,hd95_normalized,image_id,iou,iou_anchor,lambda,logit_delta_rms,loss,loss_D0,loss_D0_orig,loss_anchor,loss_anchor_orig,loss_orig,loss_view,manifest_hash,message_rms,method,one_empty,pred_empty,protocol_id,reference_count,reference_id,run_id,seed,seg_filename,skill_level,soft_dice,soft_dice_orig,split,subset,thresholded_jaccard,tool,tp
0.3333333333333333,0.3333333333333333,A04,0.11256452649831772,0.11273329294689449,0.06178939606771504,0.015210963700299741,0.3680860701456964,0,0.0033492028343666963,0.0033365885416666665,6e0811712543811a10b6cde1ec29db65b7bb4f25142c6991f2738d3d5c073f0a,1880.6001701584523,0.9366484159853533,0.9294413087316338,0.9369899719302718,51,0,34,91438,3109,2544,-0.0003415559449184702,0.0009781718254089355,0.0009757384030303212,0.007207107253719536,ISIC_0000038,0,50.47771785649585,0.026841281127951182,ISIC_0000038,0.8808454607732562,0.8814497955693884,0.0,0.2637413386683612,0.09343402087688446,0.10128255188465118,0.10139295057109239,0.0944121927022934,0.09452870663166522,0.0935529682286349,canonical_letterbox_valid,3d99874f14ae5f316eec36e21141043d75bd4fd17ccfb31e3174198dee269596,0.4169228422751294,fixed_shrink,0,0,P2-IMA-M-v2,2,545bd97fbae47821f880245a,Shrink-D0-0.333333,17,ISIC_0000038_A04_T3_S2_545bd97fbae47821f880245a.png,S2,0.9256964921951294,0.9256273564896247,val,M,0.8808454607732562,T3,676329
0.3333333333333333,0.3333333333333333,A06,0.14769677817821503,0.14767929880011602,0.02674769665602173,0.0005212405525149857,0.23540212928102963,0,0.0033492028343666963,0.0033365885416666665,6e0811712543811a10b6cde1ec29db65b7bb4f25142c6991f2738d3d5c073f0a,1880.6001701584523,0.9278773379966874,0.9351535262637011,0.9274891343113965,119355,2544,3143,0,0,0,0.000388203685290911,0.003308117389678955,0.003267233258671537,-0.007276188267013706,ISIC_0000038,0,68.37725794493463,0.036359274570933076,ISIC_0000038,0.8654581895162109,0.8647829723532953,0.0,0.2637413386683612,0.11218517273664474,0.10019554942846298,0.10028741474945119,0.1154932901263237,0.11543346743247433,0.1121662341738028,canonical_letterbox_valid,3d99874f14ae5f316eec36e21141043d75bd4fd17ccfb31e3174198dee269596,0.4169228422751294,fixed_shrink,0,0,P2-IMA-M-v2,2,54ea8f6fbae47871b5e00da8,Shrink-D0-0.333333,17,ISIC_0000038_A06_T3_S1_54ea8f6fbae47871b5e00da8.png,S1,0.9233264327049255,0.9233468304525104,val,M,0.8654581895162109,T3,767767
0.3333333333333333,0.3333333333333333,A04,0.15462297201156616,0.15471567087238822,0.1417599734778553,0.05554447641234833,0.39508239744576434,0,0.005499948174811074,0.005513509114583333,6e0811712543811a10b6cde1ec29db65b7bb4f25142c6991f2738d3d5c073f0a,1880.6001701584523,0.9227168098180879,0.9134682295829739,0.9241540555316451,139,0,220,132984,6027,3092,-0.0014372457135571892,0.0013288185000419617,0.0013120253456226222,0.00924858023511399,ISIC_0000049,0,99.72462083156798,0.053028082424966254,ISIC_0000049,0.8565220530938352,0.8590022207950316,0.0,0.41941312366442823,0.1234864592552185,0.1346672773361206,0.13478413186630392,0.12481527775526047,0.12488673013377558,0.12357470478815295,canonical_letterbox_valid,3d99874f14ae5f316eec36e21141043d75bd4fd17ccfb31e3174198dee269596,0.46543187273502784,fixed_shrink,0,0,P2-IMA-M-v2,2,545bd216bae47821f8802439,Shrink-D0-0.333333,17,ISIC_0000049_A04_T3_S2_545bd216bae47821f8802439.png,S2,0.9076500535011292,0.9075662612960823,val,M,0.8565220530938352,T3,794706
0.3333333333333333,0.3333333333333333,A06,0.3089936673641205,0.30817409226210746,0.08616914360067389,0.05899286187931505,0.12466837273730426,0,0.005499948174811074,0.005513509114583333,6e0811712543811a10b6cde1ec29db65b7bb4f25142c6991f2738d3d5c073f0a,1880.6001701584523,0.8940835637348361,0.9044029372341046,0.8904592217971758,201099,935,6039,15115,208,2157,0.003624341937660258,0.006396681070327759,0.00638958663399225,-0.01031937349926848,ISIC_0000049,0,122.43569705135175,0.06510458681976818,ISIC_0000049,0.8084549016689567,0.8025475397483767,0.0,0.41941312366442823,0.21206195652484894,0.18379144370555878,0.1831424094152048,0.2184586375951767,0.21788953369131692,0.21149994705732467,canonical_letterbox_valid,3d99874f14ae5f316eec36e21141043d75bd4fd17ccfb31e3174198dee269596,0.46543187273502784,fixed_shrink,0,0,P2-IMA-M-v2,2,54ea917bbae47871b5e00df0,Shrink-D0-0.333333,17,ISIC_0000049_A06_T1_S1_54ea917bbae47871b5e00df0.png,S1,0.8848697543144226,0.8851741981474581,val,M,0.8084549016689567,T1,912575
0.3333333333333333,0.3333333333333333,A04,0.010383829474449158,0.011094847088061277,0.892301775187167,0.6542527630946661,0.9675324675324676,0,0.0005789109172116164,0.0006917317708333334,6e0811712543811a10b6cde1ec29db65b7bb4f25142c6991f2738d3d5c073f0a,1880.6001701584523,0.9767589330047081,0.9788192692410436,0.978127974174839,6882,696,49,888,15,223,-0.0013690411701309246,0.0016351062804460526,0.00154739794709393,-0.0020603362363355027,ISIC_0000078,0,16.260321669895266,0.00864634701618964,ISIC_0000078,0.9545736234697099,0.9571922407651792,0.0,0.6099628455409943,0.021720819175243378,0.019709043204784393,0.020614006076348224,0.02335592545568943,0.02437434653424071,0.02282694858714678,canonical_letterbox_valid,3d99874f14ae5f316eec36e21141043d75bd4fd17ccfb31e3174198dee269596,0.8436419570278606,fixed_shrink,0,0,P2-IMA-M-v2,2,545bc676bae47821f88023e2,Shrink-D0-0.333333,17,ISIC_0000078_A04_T3_S2_545bc676bae47821f88023e2.png,S2,0.9669421911239624,0.9654409499137677,val,M,0.9545736234697099,T3,163276
0.3333333333333333,0.3333333333333333,A06,0.04467495158314705,0.04260000954728388,0.21230998263170955,0.046454010529575714,0.7118254879448909,0,0.0005789109172116164,0.0006917317708333334,6e0811712543811a10b6cde1ec29db65b7bb4f25142c6991f2738d3d5c073f0a,1880.6001701584523,0.9255607960103631,0.9331919050004618,0.9281443525117135,26398,919,64,7,0,0,-0.002583556501350337,-0.002674780786037445,-0.002493535149274091,-0.007631108990098667,ISIC_0000078,0,30.805843601498726,0.016380857606166834,ISIC_0000078,0.8614361730040617,0.8659229017327694,0.0,0.6099628455409943,0.06120086461305618,0.056910447776317596,0.05497005550021898,0.05852608382701874,0.05683390773685867,0.05932744288613276,canonical_letterbox_valid,3d99874f14ae5f316eec36e21141043d75bd4fd17ccfb31e3174198dee269596,0.8436419570278606,fixed_shrink,0,0,P2-IMA-M-v2,2,54ea9e6cbae47871b5e0107a,Shrink-D0-0.333333,17,ISIC_0000078_A06_T3_S1_54ea9e6cbae47871b5e0107a.png,S1,0.9222732186317444,0.9239451237750184,val,M,0.8614361730040617,T3,164157
0.3333333333333333,0.3333333333333333,A04,0.03605712950229645,0.036130655168748256,0.16354383089034177,0.009310918159985221,0.648907386360149,0,0.0013558069864908855,0.001220703125,6e0811712543811a10b6cde1ec29db65b7bb4f25142c6991f2738d3d5c073f0a,2560.0,0.9167369944514242,0.8703794007972692,0.9242636287160256,0,0,0,43608,4265,0,-0.007526634264601428,-0.0037218183279037476,-0.003688279010184571,0.04635759365415504,ISIC_0000110,0,41.23105625617661,0.016105881350068987,ISIC_0000110,0.8462737024672775,0.8591915764759778,0.0,0.9192559420903886,0.06517023593187332,0.10677579045295715,0.10700806469273831,0.061448417603969574,0.06177588092963184,0.06546415993981641,canonical_letterbox_valid,3d99874f14ae5f316eec36e21141043d75bd4fd17ccfb31e3174198dee269596,0.6671033185735893,fixed_shrink,0,0,P2-IMA-M-v2,2,545a8eb5bae47821f8802382,Shrink-D0-0.333333,17,ISIC_0000110_A04_T1_S2_545a8eb5bae47821f8802382.png,S2,0.9057166576385498,0.9052023352891154,val,M,0.8462737024672775,T1,240065
0.3333333333333333,0.3333333333333333,A06,0.040603410452604294,0.04058200828787107,0.3169402649849006,0.1466997731921573,0.6427428625605898,0,0.0013558069864908855,0.001220703125,6e0811712543811a10b6cde1ec29db65b7bb4f25142c6991f2738d3d5c073f0a,2560.0,0.9210699461452859,0.9420023623026234,0.9141702656720324,48392,0,4073,193,192,0,0.006899680473253511,0.0047688111662864685,0.004826417460497598,-0.02093241615733743,ISIC_0000110,0,50.92150822589606,0.01989121415074065,ISIC_0000110,0.8536882839203168,0.8419094051037596,0.0,0.9192559420903886,0.06390554457902908,0.04980477690696716,0.04976028946351134,0.06867435574531555,0.06880749182851457,0.06398107436801698,canonical_letterbox_valid,3d99874f14ae5f316eec36e21141043d75bd4fd17ccfb31e3174198dee269596,0.6671033185735893,fixed_shrink,0,0,P2-IMA-M-v2,2,566576d49fc3c147bbd6ae36,Shrink-D0-0.333333,17,ISIC_0000110_A06_T1_S1_566576d49fc3c147bbd6ae36.png,S1,0.9127923250198364,0.9126198595518371,val,M,0.8536882839203168,T1,283480
0.3333333333333333,0.3333333333333333,A04,0.09844440966844559,0.09945334403814343,0.2344560714430971,0.11641034502620817,0.5519876410383734,0,0.003237693461079062,0.0032585816062176164,6e0811712543811a10b6cde1ec29db65b7bb4f25142c6991f2738d3d5c073f0a,904.6043333966513,0.9354419304457328,0.931477053794362,0.9343429807731559,678,48,3,15112,442,781,0.0010989496725768433,0.02374514937400818,0.02359915408865905,0.003964876651370797,ISIC_0000173,0,23.0,0.025425480677987146,ISIC_0000173,0.8787138599563707,0.8767764523814996,0.0,1.1301491127782144,0.09920105338096619,0.09333515167236328,0.09429211105944121,0.12294620275497437,0.12366838568134221,0.10006923159268316,canonical_letterbox_valid,3d99874f14ae5f316eec36e21141043d75bd4fd17ccfb31e3174198dee269596,0.6112290439126064,fixed_shrink,0,0,P2-IMA-M-v2,2,54592a55bae47821f88022c5,Shrink-D0-0.333333,17,ISIC_0000173_A04_T3_S2_54592a55bae47821f88022c5.png,S2,0.9000422954559326,0.8993148808527771,val,M,0.8787138599563707,T3,114398
0.3333333333333333,0.3333333333333333,A06,0.06342075765132904,0.06330894423763736,0.603561418231682,0.33900887553222814,0.8859053040374977,0,0.003237693461079062,0.0032585816062176164,6e0811712543811a10b6cde1ec29db65b7bb4f25142c6991f2738d3d5c073f0a,904.6043333966513,0.9725478500913797,0.9703088745718542,0.9729698774481732,4853,376,134,2327,311,453,-0.00042202735679353065,0.026481635868549347,0.02653770340983691,0.0022389755195254546,ISIC_0000173,0,14.926337811025155,0.016500404939449088,ISIC_0000173,0.9465626697826038,0.9473625515780083,0.0,1.1301491127782144,0.06885107606649399,0.06003938615322113,0.05990778862292924,0.09533271193504333,0.095312881618996,0.06877517820915909,canonical_letterbox_valid,3d99874f14ae5f316eec36e21141043d75bd4fd17ccfb31e3174198dee269596,0.6112290439126064,fixed_shrink,0,0,P2-IMA-M-v2,2,565f48c99fc3c1045c4bdd5b,Shrink-D0-0.333333,17,ISIC_0000173_A06_T1_S1_565f48c99fc3c1045c4bdd5b.png,S1,0.9257186055183411,0.9257585878193192,val,M,0.9465626697826038,T1,127183
0.3333333333333333,0.3333333333333333,A04,0.13720352947711945,0.13701335336192008,0.33216170364329967,0.17616131959373807,0.5755738144927924,0,0.003904692786540054,0.0038248697916666665,6e0811712543811a10b6cde1ec29db65b7bb4f25142c6991f2738d3d5c073f0a,902.800088613199,0.9567038692678883,0.954295121879675,0.9555353868380596,3610,0,590,19790,461,477,0.0011684824298286989,0.0008739382028579712,0.0009014851495064979,0.0024087473882132837,ISIC_0000187,0,43.10451476234399,0.04774535947216986,ISIC_0000187,0.9170012627158322,0.914856640231532,0.0,0.19496781022504983,0.09933201223611832,0.10749337822198868,0.10727553926312978,0.10020595043897629,0.10010778959064724,0.09920630444114074,canonical_letterbox_valid,3d99874f14ae5f316eec36e21141043d75bd4fd17ccfb31e3174198dee269596,0.4243043363309326,fixed_shrink,0,0,P2-IMA-M-v2,2,545912bebae47821f880229b,Shrink-D0-0.333333,17,ISIC_0000187_A04_T1_S2_545912bebae47821f880229b.png,S2,0.9385395050048828,0.9386007444796386,val,M,0.9170012627158322,T1,258532
0.3333333333333333,0.3333333333333333,A06,0.21723572909832,0.21672349860614282,0.12223041282870341,0.08087527879516984,0.27853011595220856,0,0.003904692786540054,0.0038248697916666665,6e0811712543811a10b6cde1ec29db65b7bb4f25142c6991f2738d3d5c073f0a,902.800088613199,0.9325654639918696,0.9407657740065262,0.9319733829325777,39924,477,921,286,130,0,0.0005920810592918713,0.006193786859512329,0.0061882783901826555,-0.008200310014656598,ISIC_0000187,0,38.0,0.042091267468052876,ISIC_0000187,0.8736512006435273,0.8726125061298394,0.0,0.19496781022504983,0.1457458734512329,0.12357281893491745,0.12336820251350092,0.15193966031074524,0.1516295130820206,0.14544123469183795,canonical_letterbox_valid,3d99874f14ae5f316eec36e21141043d75bd4fd17ccfb31e3174198dee269596,0.4243043363309326,fixed_shrink,0,0,P2-IMA-M-v2,2,5661eee69fc3c147bbd6a578,Shrink-D0-0.333333,17,ISIC_0000187_A06_T1_S1_5661eee69fc3c147bbd6a578.png,S1,0.9257439970970154,0.9258410292224669,val,M,0.8736512006435273,T1,278036
0.3333333333333333,0.3333333333333333,A04,0.019737280905246735,0.01973617540211531,0.8313791776540218,0.49477035015916326,0.9984496124031007,0,0.0020390263310185184,0.0021158854166666665,6e0811712543811a10b6cde1ec29db65b7bb4f25142c6991f2738d3d5c073f0a,960.0,0.9806148948647063,0.9677550571679859,0.9837162439027128,280,0,166,3191,736,0,-0.003101349038006518,0.0007022581994533539,0.0007931346992628395,0.012859837696720389,ISIC_0000269,0,6.1553003673097155,0.00641177121594762,ISIC_0000269,0.9619670622267512,0.9679543119732235,0.0,0.44157931688710117,0.02670734003186226,0.037204988300800323,0.03693205337098967,0.027409598231315613,0.027525786404685972,0.026732651705423133,canonical_letterbox_valid,3d99874f14ae5f316eec36e21141043d75bd4fd17ccfb31e3174198dee269596,0.6334271319653304,fixed_shrink,0,0,P2-IMA-M-v2,2,5457c4a4bae47821f88021a5,Shrink-D0-0.333333,17,ISIC_0000269_A04_T3_S2_5457c4a4bae47821f88021a5.png,S2,0.9663226008415222,0.966270871991269,val,M,0.9619670622267512,T3,87792
0.3333333333333333,0.3333333333333333,A06,0.024435119703412056,0.024238737619496686,0.6835355768728565,0.31308203991130823,0.9892729439809297,0,0.0020390263310185184,0.0021158854166666665,6e0811712543811a10b6cde1ec29db65b7bb4f25142c6991f2738d3d5c073f0a,960.0,0.9744565829485302,0.9596830059020754,0.9786051460849682,75,0,73,4461,829,0,-0.004148563136437966,-0.0005518198013305664,-0.00048413850737902275,0.014773577046454767,ISIC_0000269,0,7.280109889280518,0.007583447801333873,ISIC_0000269,0.9501855959937622,0.9581065954404903,0.0,0.44157931688710117,0.03128031641244888,0.04534926265478134,0.04504396916089298,0.030728496611118317,0.030676764094172665,0.031160902601551688,canonical_letterbox_valid,3d99874f14ae5f316eec36e21141043d75bd4fd17ccfb31e3174198dee269596,0.6334271319653304,fixed_shrink,0,0,P2-IMA-M-v2,2,5661a7859fc3c147bbd69906,Shrink-D0-0.333333,17,ISIC_0000269_A06_T3_S1_5661a7859fc3c147bbd69906.png,S1,0.9618744850158691,0.9619169324163933,val,M,0.9501855959937622,T3,86522
0.3333333333333333,0.3333333333333333,A04,0.4570232331752777,0.4568072275511848,0.18185066737471733,0.14902705223837046,0.259599987440736,0,0.005345662434895833,0.005472819010416667,6e0811712543811a10b6cde1ec29db65b7bb4f25142c6991f2738d3d5c073f0a,1280.0,0.8707398244876227,0.8812468887351663,0.8695716303476192,137694,1501,2650,925,53,0,0.0011681941400034646,-0.015063047409057617,-0.01499385070789444,-0.010507064247543663,ISIC_0000289,0,175.95894398674133,0.13746792498964167,ISIC_0000289,0.7710710457778637,0.7692408061335386,0.0,0.5679641667750748,0.2977140545845032,0.3052282929420471,0.30497481935558657,0.28265100717544556,0.2825367467459698,0.29753059745386423,canonical_letterbox_valid,3d99874f14ae5f316eec36e21141043d75bd4fd17ccfb31e3174198dee269596,0.5053963357156844,fixed_shrink,0,0,P2-IMA-M-v2,3,5457ada9bae47821f8802169,Shrink-D0-0.333333,17,ISIC_0000289_A04_T1_S1_5457ada9bae47821f8802169.png,S1,0.861595094203949,0.8617460326434563,val,M,0.7710710457778637,T1,466892
0.3333333333333333,0.3333333333333333,A03,0.9770450592041016,0.9708904957740848,0.14436062534910415,0.03511615343057806,0.167210648086683,0,0.005345662434895833,0.005472819010416667,6e0811712543811a10b6cde1ec29db65b7bb4f25142c6991f2738d3d5c073f0a,1280.0,0.793565137969312,0.8037983375068027,0.7922689184978204,237536,1363,2597,3852,106,138,0.0012962194714916109,-0.055096328258514404,-0.05463586573098711,-0.01023319953749069,ISIC_0000289,0,213.9686801292722,0.16716303135099392,ISIC_0000289,0.6577770279562148,0.6559977884417729,0.0,0.5679641667750748,0.5928843021392822,0.6466026306152344,0.6425853828880668,0.5377879738807678,0.5348285208925299,0.589464386623517,canonical_letterbox_valid,3d99874f14ae5f316eec36e21141043d75bd4fd17ccfb31e3174198dee269596,0.5053963357156844,fixed_shrink,0,0,P2-IMA-M-v2,3,57be0a7d9fc3c1434763a325,Shrink-D0-0.333333,17,ISIC_0000289_A03_T1_S1_57be0a7d9fc3c1434763a325.png,S1,0.7912765145301819,0.7919617225270509,val,M,0.6577770279562148,T1,463965
0.3333333333333333,0.3333333333333333,A02,0.23179610073566437,0.2321184168081147,0.08487770837623265,0.05229476185908049,0.27635396872337376,0,0.005345662434895833,0.005472819010416667,6e0811712543811a10b6cde1ec29db65b7bb4f25142c6991f2738d3d5c073f0a,1280.0,0.9140061441782581,0.924250835386229,0.9129233079768743,83118,1420,2518,4133,185,81,0.00108283620138383,0.004596233367919922,0.004558598298950445,-0.01024469120797089,ISIC_0000289,0,90.78546139112804,0.07092614171181878,ISIC_0000289,0.8416310454046303,0.8397965982306733,0.0,0.5679641667750748,0.16575053334236145,0.15333318710327148,0.15367855688903037,0.17034676671028137,0.17053420178820283,0.1659756034892524,canonical_letterbox_valid,3d99874f14ae5f316eec36e21141043d75bd4fd17ccfb31e3174198dee269596,0.5053963357156844,fixed_shrink,0,0,P2-IMA-M-v2,3,57c04cae9fc3c158f2bd0e30,Shrink-D0-0.333333,17,ISIC_0000289_A02_T1_S1_57c04cae9fc3c158f2bd0e30.png,S1,0.9002950191497803,0.90016720982961,val,M,0.8416310454046303,T1,463684
0.3333333333333333,0.3333333333333333,A04,0.04485943540930748,0.0437987032631333,0.2468464452863829,0.13489736070381234,0.6304453379451059,0,0.0018062798783137766,0.00164794921875,6e0811712543811a10b6cde1ec29db65b7bb4f25142c6991f2738d3d5c073f0a,959.200187656362,0.9405093485309451,0.9475456800475143,0.9387593893173625,7186,15,498,1144,285,0,0.0017499592135826747,0.003026030957698822,0.0027907645595822914,-0.007036331516569128,ISIC_0000306,0,16.97056274847714,0.01769240974602157,ISIC_0000306,0.8876995254529767,0.8845867561678689,0.0,0.426087800194272,0.05663780868053436,0.05381874740123749,0.05353077295782528,0.059663839638233185,0.05850338589665763,0.05571262133707534,canonical_letterbox_valid,3d99874f14ae5f316eec36e21141043d75bd4fd17ccfb31e3174198dee269596,0.5997582074765079,fixed_shrink,0,0,P2-IMA-M-v2,2,5453ea51bae47821f8802136,Shrink-D0-0.333333,17,ISIC_0000306_A04_T1_S2_5453ea51bae47821f8802136.png,S2,0.931583821773529,0.9323734605889826,val,M,0.8876995254529767,T1,65846
0.3333333333333333,0.3333333333333333,A06,0.04083314538002014,0.041042467234218664,0.4714373353541915,0.3182201471302946,0.6846650864314043,0,0.0018062798783137766,0.00164794921875,6e0811712543811a10b6cde1ec29db65b7bb4f25142c6991f2738d3d5c073f0a,959.200187656362,0.9415531303311444,0.9298982246360276,0.9413894439873046,948,0,372,6555,411,15,0.0001636863438397862,0.0010492652654647827,0.0008827779704670552,0.011654905695116846,ISIC_0000306,0,19.1049731745428,0.019917607836610687,ISIC_0000306,0.8895610703877065,0.8892688993515147,0.0,0.426087800194272,0.05517037212848663,0.06445939838886261,0.06507765010356356,0.056219637393951416,0.05632840988715583,0.055445631916688776,canonical_letterbox_valid,3d99874f14ae5f316eec36e21141043d75bd4fd17ccfb31e3174198dee269596,0.5997582074765079,fixed_shrink,0,0,P2-IMA-M-v2,2,5661ec4b9fc3c147bbd6a46a,Shrink-D0-0.333333,17,ISIC_0000306_A06_T3_S1_5661ec4b9fc3c147bbd6a46a.png,S1,0.9304924011230469,0.9301512034008411,val,M,0.8895610703877065,T3,60435
0.3333333333333333,0.3333333333333333,A04,0.1589081585407257,0.15995834521898653,0.15466879956974197,0.09330282417224055,0.2512146841821126,0,0.01048004490801101,0.01043701171875,6e0811712543811a10b6cde1ec29db65b7bb4f25142c6991f2738d3d5c073f0a,959.200187656362,0.8609084490468345,0.8195376413273279,0.8703154555892386,1267,0,719,33011,3754,157,-0.009407006542404117,-0.005186200141906738,-0.00537442613698258,0.04137080771950663,ISIC_0000316,0,54.0,0.056296903081242675,ISIC_0000316,0.7557851239669422,0.7704057383941563,0.0,0.8240123843738947,0.16072465479373932,0.19940617680549622,0.20065728302460156,0.15553845465183258,0.1562672933769927,0.16164171951397527,canonical_letterbox_valid,3d99874f14ae5f316eec36e21141043d75bd4fd17ccfb31e3174198dee269596,0.47142104631670134,fixed_shrink,0,0,P2-IMA-M-v2,2,5453e37ebae47821f8802118,Shrink-D0-0.333333,17,ISIC_0000316_A04_T3_S2_5453e37ebae47821f8802118.png,S2,0.8374588489532471,0.836674906191036,val,M,0.7557851239669422,T3,106082
0.3333333333333333,0.3333333333333333,A06,0.19254863262176514,0.19090711506558347,0.08190110295520756,0.04252690802348336,0.15523519058431523,0,0.01048004490801101,0.01043701171875,6e0811712543811a10b6cde1ec29db65b7bb4f25142c6991f2738d3d5c073f0a,959.200187656362,0.8748703286693824,0.9131659603794002,0.8611656213526235,38781,153,4178,783,295,4,0.01370470731675888,0.019650638103485107,0.019699132771338973,-0.03829563171001782,ISIC_0000316,0,58.22541477685222,0.0607020468992149,ISIC_0000316,0.7775728886740052,0.7561816164835597,0.0,0.8240123843738947,0.16739141941070557,0.12590694427490234,0.12498205467154035,0.18704205751419067,0.18598924243216267,0.1662901096608237,canonical_letterbox_valid,3d99874f14ae5f316eec36e21141043d75bd4fd17ccfb31e3174198dee269596,0.47142104631670134,fixed_shrink,0,0,P2-IMA-M-v2,2,5661b07f9fc3c147bbd69a08,Shrink-D0-0.333333,17,ISIC_0000316_A06_T1_S1_5661b07f9fc3c147bbd69a08.png,S1,0.857765793800354,0.8583268957439361,val,M,0.7775728886740052,T1,138310
0.3333333333333333,0.3333333333333333,A04,0.03750908747315407,0.03712109455638064,0.3266135974225071,0.20527569949779648,0.5989469628868628,0,0.0014576995509198898,0.0014851888020833333,6e0811712543811a10b6cde1ec29db65b7bb4f25142c6991f2738d3d5c073f0a,959.200187656362,0.8252386882523869,0.851333304613794,0.8064203121209671,232,33,0,3978,0,611,0.01881837613141979,0.012271292507648468,0.01236943860620178,-0.026094616361407086,ISIC_0000317,0,20.248456731316587,0.021109729743475292,ISIC_0000317,0.7024734982332156,0.6756317322674615,0.0,0.36224514374155886,0.10936972498893738,0.09326460212469101,0.0935863273536462,0.12164101749658585,0.12229719997159065,0.10992776136538887,canonical_letterbox_valid,3d99874f14ae5f316eec36e21141043d75bd4fd17ccfb31e3174198dee269596,0.4856100374814938,fixed_shrink,0,0,P2-IMA-M-v2,2,5453e368bae47821f8802115,Shrink-D0-0.333333,17,ISIC_0000317_A04_T3_S2_5453e368bae47821f8802115.png,S2,0.818769633769989,0.8172655718256029,val,M,0.7024734982332156,T3,9940
0.3333333333333333,0.3333333333333333,A06,0.011159227229654789,0.011385547245229988,0.5329310489326293,0.3346262710975993,1.0,0,0.0014576995509198898,0.0014851888020833333,6e0811712543811a10b6cde1ec29db65b7bb4f25142c6991f2738d3d5c073f0a,959.200187656362,0.9336602642691731,0.9073612525011409,0.9442815249266863,1738,460,0,210,0,184,-0.01062126065751312,-0.005102835595607758,-0.005173115971861063,0.026299011768032288,ISIC_0000317,0,8.48528137423857,0.008846204873010785,ISIC_0000317,0.8755748594787941,0.8944444444444445,0.0,0.36224514374155886,0.042487435042858124,0.05575406551361084,0.056636605625689854,0.037384599447250366,0.038512267750753754,0.043685383722614816,canonical_letterbox_valid,3d99874f14ae5f316eec36e21141043d75bd4fd17ccfb31e3174198dee269596,0.4856100374814938,fixed_shrink,0,0,P2-IMA-M-v2,2,5661ecea9fc3c147bbd6a4b2,Shrink-D0-0.333333,17,ISIC_0000317_A06_T1_S1_5661ecea9fc3c147bbd6a4b2.png,S1,0.926184356212616,0.9240147798000004,val,M,0.8755748594787941,T1,13708
0.3333333333333333,0.3333333333333333,A04,0.05859184265136719,0.059531368701182606,0.40225093077373486,0.2062869138819696,0.6764195553920319,0,0.006503060263653484,0.006937662760416667,6e0811712543811a10b6cde1ec29db65b7bb4f25142c6991f2738d3d5c073f0a,959.200187656362,0.9526643251379829,0.9303918908442514,0.951626018288029,4114,1022,574,5320,283,994,0.001038306849953985,0.018280893564224243,0.018291595537638566,0.02227243429373149,ISIC_0000333,0,18.428226393838653,0.019212075467650608,ISIC_0000333,0.9096074429656884,0.9077161727478635,0.0,1.4291711480689024,0.07344996929168701,0.07998821139335632,0.0814228338529725,0.09173086285591125,0.09260364435136502,0.07431204881372645,canonical_letterbox_valid,3d99874f14ae5f316eec36e21141043d75bd4fd17ccfb31e3174198dee269596,0.696585755533819,fixed_shrink,0,0,P2-IMA-M-v2,2,5453c658bae47821f88020e5,Shrink-D0-0.333333,17,ISIC_0000333_A04_T1_S2_5453c658bae47821f88020e5.png,S2,0.9116919040679932,0.9109072710737297,val,M,0.9096074429656884,T1,94933
0.3333333333333333,0.3333333333333333,A06,0.053712498396635056,0.05357391743678602,0.45945754305014863,0.3186484633127611,0.7321204333098538,0,0.006503060263653484,0.006937662760416667,6e0811712543811a10b6cde1ec29db65b7bb4f25142c6991f2738d3d5c073f0a,959.200187656362,0.9569108910891089,0.9409136997570354,0.9597507371073888,5099,1274,431,3605,426,742,-0.0028398460182799123,0.017903633415699005,0.018071366621436796,0.015997191332073446,ISIC_0000333,0,18.38069382682557,0.01916252109138509,ISIC_0000333,0.9173817298200319,0.9226161184086005,0.0,1.4291711480689024,0.06903011351823807,0.0722544938325882,0.0726410164213156,0.08693374693393707,0.08702608543009971,0.06895471880866291,canonical_letterbox_valid,3d99874f14ae5f316eec36e21141043d75bd4fd17ccfb31e3174198dee269596,0.696585755533819,fixed_shrink,0,0,P2-IMA-M-v2,2,5661f0819fc3c147bbd6a638,Shrink-D0-0.333333,17,ISIC_0000333_A06_T1_S1_5661f0819fc3c147bbd6a638.png,S1,0.9156522750854492,0.9156644798194602,val,M,0.9173817298200319,T1,96648
0.3333333333333333,0.3333333333333333,A04,0.06612426042556763,0.06643512058660427,0.3489451116752352,0.16625767206466668,0.6990888810224489,0,0.0062540743155149936,0.00628662109375,6e0811712543811a10b6cde1ec29db65b7bb4f25142c6991f2738d3d5c073f0a,959.200187656362,0.9514559431930445,0.9594695041797418,0.9444134185059098,9120,0,2235,3705,528,0,0.0070425246871347325,0.00983930379152298,0.00977819572070611,-0.008013560986697255,ISIC_0000367,0,23.725496021984387,0.024734665742667847,ISIC_0000367,0.9074067389122729,0.8946811517527775,0.0,0.3815768231340078,0.0640680193901062,0.05366700142621994,0.054160592446927495,0.07390732318162918,0.07414020942312162,0.06436201370241551,canonical_letterbox_valid,3d99874f14ae5f316eec36e21141043d75bd4fd17ccfb31e3174198dee269596,0.7019804818183614,fixed_shrink,0,0,P2-IMA-M-v2,2,5453ae8cbae47821f880207f,Shrink-D0-0.333333,17,ISIC_0000367_A04_T3_S2_5453ae8cbae47821f880207f.png,S2,0.9379882216453552,0.9377110931817733,val,M,0.9074067389122729,T3,125684
0.3333333333333333,0.3333333333333333,A06,0.18095071613788605,0.17930743710898678,0.020336331638639026,0.0007821666014861166,0.12389406760822205,0,0.0062540743155149936,0.00628662109375,6e0811712543811a10b6cde1ec29db65b7bb4f25142c6991f2738d3d5c073f0a,959.200187656362,0.8939439475747809,0.9262338759136564,0.8832852020815023,30701,0,2763,0,0,0,0.01065874549327861,0.011161595582962036,0.011132795247759925,-0.03228992833887545,ISIC_0000367,0,40.321205421438414,0.04203627766165917,ISIC_0000367,0.8082266225248298,0.7909675807358361,0.0,0.3815768231340078,0.14402702450752258,0.10907205194234848,0.1082223857958023,0.15518862009048462,0.1540751552485545,0.14294236000079458,canonical_letterbox_valid,3d99874f14ae5f316eec36e21141043d75bd4fd17ccfb31e3174198dee269596,0.7019804818183614,fixed_shrink,0,0,P2-IMA-M-v2,2,5661f3389fc3c147bbd6a692,Shrink-D0-0.333333,17,ISIC_0000367_A06_T1_S1_5661f3389fc3c147bbd6a692.png,S1,0.8928966522216797,0.8934227171073976,val,M,0.8082266225248298,T1,129389
0.3333333333333333,0.3333333333333333,A04,0.06514710187911987,0.06597289988003505,0.4216161339553771,0.28171829306379714,0.6776689860453041,0,0.003847964653049399,0.0034993489583333335,6e0811712543811a10b6cde1ec29db65b7bb4f25142c6991f2738d3d5c073f0a,959.200187656362,0.944361502752202,0.9291802672093669,0.9399028301072141,2044,1,653,10217,368,678,0.004458672644987893,0.014888368546962738,0.014743285029939657,0.015181235542835125,ISIC_0000372,0,33.1058907144937,0.03451405779577896,ISIC_0000372,0.8945879723165542,0.8866195069667738,0.0,1.18980561585418,0.07379397749900818,0.08522330224514008,0.08643153246634,0.08868234604597092,0.08929922331504296,0.0745559382851033,canonical_letterbox_valid,3d99874f14ae5f316eec36e21141043d75bd4fd17ccfb31e3174198dee269596,0.6093316786464521,fixed_shrink,0,0,P2-IMA-M-v2,2,5453a4f4bae47821f8802070,Shrink-D0-0.333333,17,ISIC_0000372_A04_T3_S2_5453a4f4bae47821f8802070.png,S2,0.9175591468811035,0.9168610233098284,val,M,0.8945879723165542,T3,104054
0.3333333333333333,0.3333333333333333,A06,0.054144006222486496,0.0536073178622407,0.2982767428820634,0.1633707849832457,0.7155059480832221,0,0.003847964653049399,0.0034993489583333335,6e0811712543811a10b6cde1ec29db65b7bb4f25142c6991f2738d3d5c073f0a,959.200187656362,0.9562000728115728,0.9736541037468904,0.9539749655325587,10449,587,1016,18,5,92,0.002225107279014149,0.015277288854122162,0.015343629980795574,-0.01745403093531761,ISIC_0000372,0,18.601075237738275,0.01939227647899731,ISIC_0000372,0.9160760102629891,0.9120001281979376,0.0,1.18980561585418,0.06196483224630356,0.0452231764793396,0.04504270591308765,0.07724212110042572,0.07686935238310282,0.06152572240230724,canonical_letterbox_valid,3d99874f14ae5f316eec36e21141043d75bd4fd17ccfb31e3174198dee269596,0.6093316786464521,fixed_shrink,0,0,P2-IMA-M-v2,2,566575969fc3c147bbd6ade8,Shrink-D0-0.333333,17,ISIC_0000372_A06_T1_S1_566575969fc3c147bbd6ade8.png,S1,0.9302143454551697,0.9305558730576262,val,M,0.9160760102629891,T1,114253
0.3333333333333333,0.3333333333333333,A04,0.04251397028565407,0.041576986153889,0.5257350088744168,0.25922604422975004,0.8051598120512689,0,0.00600715919777199,0.006001790364583333,6e0811712543811a10b6cde1ec29db65b7bb4f25142c6991f2738d3d5c073f0a,3840.0,0.9527265715055042,0.9497753200674278,0.9509886430094502,97622,18000,0,22991,0,24518,0.0017379284960540309,0.005238525569438934,0.005437001436509707,0.0029512514380763966,ISIC_0000375,0,72.44584176174753,0.018866104625455085,ISIC_0000375,0.9097209435315217,0.9065570517155206,0.0,0.8748357012127526,0.055041223764419556,0.055557794868946075,0.054654977150561265,0.06027974933385849,0.05966037735102744,0.05422337591451773,canonical_letterbox_valid,3d99874f14ae5f316eec36e21141043d75bd4fd17ccfb31e3174198dee269596,0.8324002766564849,fixed_shrink,0,0,P2-IMA-M-v2,2,5453a256bae47821f8802067,Shrink-D0-0.333333,17,ISIC_0000375_A04_T3_S2_5453a256bae47821f8802067.png,S2,0.9324315190315247,0.9331302343248535,val,M,0.9097209435315217,T3,1215389
0.3333333333333333,0.3333333333333333,A06,0.2871823310852051,0.2865226688301243,0.0,0.0,0.0,0,0.00600715919777199,0.006001790364583333,6e0811712543811a10b6cde1ec29db65b7bb4f25142c6991f2738d3d5c073f0a,3840.0,0.8026412924911254,0.7875202762858274,0.8189151866201235,609002,42518,0,0,0,0,-0.016273894128998156,-0.03843364119529724,-0.038370669750495495,0.015121016205297932,ISIC_0000375,0,244.22447089110852,0.06360012262789284,ISIC_0000375,0.6703432208390036,0.6933584932623572,0.0,0.8748357012127526,0.2419472336769104,0.30098623037338257,0.3005051172737835,0.20351359248161316,0.20314002374475099,0.24151069349524648,canonical_letterbox_valid,3d99874f14ae5f316eec36e21141043d75bd4fd17ccfb31e3174198dee269596,0.8324002766564849,fixed_shrink,0,0,P2-IMA-M-v2,2,566578c09fc3c147bbd6ae8a,Shrink-D0-0.333333,17,ISIC_0000375_A06_T1_S1_566578c09fc3c147bbd6ae8a.png,S1,0.8032878637313843,0.8035012818396313,val,M,0.6703432208390036,T1,1238380
0.3333333333333333,0.3333333333333333,A04,0.021412385627627373,0.020707288966823893,0.5734713201928084,0.33289255090105857,0.9320638035814436,0,0.0009128240137363206,0.0009202223557692308,6e0811712543811a10b6cde1ec29db65b7bb4f25142c6991f2738d3d5c073f0a,3326.425258441861,0.9348994210972671,0.9343598725093686,0.9349754316907917,22191,2333,0,16651,0,2609,-7.601059352457806e-05,-0.00012373179197311401,-8.471095179227173e-05,0.0005395485878985085,ISIC_0000384,0,36.05551275463989,0.010839117056106273,ISIC_0000384,0.8777569364016315,0.8778909515440779,0.0,0.49967432344058854,0.046241141855716705,0.04736754298210144,0.04657031008067733,0.04611741006374359,0.045399196001826125,0.0454839069536184,canonical_letterbox_valid,3d99874f14ae5f316eec36e21141043d75bd4fd17ccfb31e3174198dee269596,0.8157258766939934,fixed_shrink,0,0,P2-IMA-M-v2,2,5452a687bae47821f880204c,Shrink-D0-0.333333,17,ISIC_0000384_A04_T3_S2_5452a687bae47821f880204c.png,S2,0.9289301037788391,0.9297394750595871,val,M,0.8777569364016315,T3,278902
0.3333333333333333,0.3333333333333333,A06,0.04063979536294937,0.040404756906257,0.29914567505208334,0.040411886740619345,0.6560698764935521,0,0.0009128240137363206,0.0009202223557692308,6e0811712543811a10b6cde1ec29db65b7bb4f25142c6991f2738d3d5c073f0a,3326.425258441861,0.9006396289603515,0.8939407642911781,0.9088558207059251,65212,4942,0,0,0,0,-0.008216191745573531,-0.006535373628139496,-0.006411601060363259,0.0066988646691734655,ISIC_0000384,0,78.74642849044012,0.023672988981368527,ISIC_0000384,0.8192396712541405,0.8329383393621886,0.0,0.49967432344058854,0.0706670731306076,0.07728227972984314,0.07723076859010689,0.06413169950246811,0.06429427586057412,0.07070587692093738,canonical_letterbox_valid,3d99874f14ae5f316eec36e21141043d75bd4fd17ccfb31e3174198dee269596,0.8157258766939934,fixed_shrink,0,0,P2-IMA-M-v2,2,5661a56a9fc3c147bbd698ac,Shrink-D0-0.333333,17,ISIC_0000384_A06_T3_S1_5661a56a9fc3c147bbd698ac.png,S1,0.8993056416511536,0.8989930030643822,val,M,0.8192396712541405,T3,295553
0.3333333333333333,0.3333333333333333,A04,0.022778987884521484,0.022694610554198504,0.6922514887796204,0.4358399157464273,0.9069760633026503,0,0.0005582173665364584,0.0005696614583333334,6e0811712543811a10b6cde1ec29db65b7bb4f25142c6991f2738d3d5c073f0a,3840.0,0.9700959732195432,0.971301302132283,0.96940886636929,49932,120,2357,18424,1116,358,0.0006871068502531941,0.0016828589141368866,0.0017145952250374602,-0.0012053289127398337,ISIC_0000386,0,48.23638011483326,0.012561557321571161,ISIC_0000386,0.941928517603842,0.9406338117368829,0.0,0.49437316464281533,0.03142976760864258,0.029530081897974014,0.02957582894231499,0.033112626522779465,0.03305671878467495,0.03134212355963749,canonical_letterbox_valid,3d99874f14ae5f316eec36e21141043d75bd4fd17ccfb31e3174198dee269596,0.9708949612034349,fixed_shrink,0,0,P2-IMA-M-v2,2,5452a573bae47821f8802046,Shrink-D0-0.333333,17,ISIC_0000386_A04_T3_S1_5452a573bae47821f8802046.png,S1,0.9599194526672363,0.9600103634349235,val,M,0.941928517603842,T3,1108745
0.3333333333333333,0.3333333333333333,A06,0.020629609003663063,0.020963083111760202,0.722215328335211,0.464820819608052,0.9298530869989035,0,0.0005582173665364584,0.0005696614583333334,6e0811712543811a10b6cde1ec29db65b7bb4f25142c6991f2738d3d5c073f0a,3840.0,0.9724276583157004,0.9725094300731287,0.971900580561425,41749,145,2200,20981,1273,333,0.0005270777542754068,0.0016508586704730988,0.0016854114336878195,-8.177175742829501e-05,ISIC_0000386,0,48.83646178829912,0.012717828590702895,ISIC_0000386,0.9463349867142092,0.9453371553231311,0.0,0.49437316464281533,0.02926645800471306,0.028849322348833084,0.029247054133505333,0.030917316675186157,0.031339857898789555,0.029654446465101736,canonical_letterbox_valid,3d99874f14ae5f316eec36e21141043d75bd4fd17ccfb31e3174198dee269596,0.9708949612034349,fixed_shrink,0,0,P2-IMA-M-v2,2,568b33bb9fc3c126c063fec5,Shrink-D0-0.333333,17,ISIC_0000386_A06_T3_S1_568b33bb9fc3c126c063fec5.png,S1,0.9620966911315918,0.9616541901815567,val,M,0.9463349867142092,T3,1106188
0.3333333333333333,0.3333333333333333,A04,0.04777541011571884,0.047353163498954215,0.7000356438044696,0.4085091799504946,0.8541202133889837,0,0.0027500974658869397,0.0029296875,6e0811712543811a10b6cde1ec29db65b7bb4f25142c6991f2738d3d5c073f0a,3252.572059155646,0.9673108522013671,0.9730998774574138,0.9657668968882851,76819,4472,6483,8786,560,2593,0.001543955313082046,0.0017551369965076447,0.0016943512075465461,-0.0057890252560466315,ISIC_0000396,0,146.83629488889187,0.045144670807696095,ISIC_0000396,0.9366912146441825,0.933800024368361,0.0,0.4968419851264171,0.05418608710169792,0.05561532825231552,0.055656986621145335,0.055941224098205566,0.05557731130745665,0.0538829600999101,canonical_letterbox_valid,3d99874f14ae5f316eec36e21141043d75bd4fd17ccfb31e3174198dee269596,0.6824208005333007,fixed_shrink,0,0,P2-IMA-M-v2,2,54529d84bae47821f8802028,Shrink-D0-0.333333,17,ISIC_0000396_A04_T3_S2_54529d84bae47821f8802028.png,S2,0.939403235912323,0.939587243299134,val,M,0.9366912146441825,T3,1266577
0.3333333333333333,0.3333333333333333,A06,0.34240254759788513,0.34247858665752,0.08607491448426394,0.03232638292160117,0.18811383744831772,0,0.0027500974658869397,0.0029296875,6e0811712543811a10b6cde1ec29db65b7bb4f25142c6991f2738d3d5c073f0a,3252.572059155646,0.8228509379766338,0.8407555052791784,0.8228592922449406,549138,7065,7043,0,0,0,-8.35426830680941e-06,-0.0053313374519348145,-0.0053604531786380916,-0.01790456730254464,ISIC_0000396,0,284.8754113643366,0.08758465798242425,ISIC_0000396,0.6990201704466042,0.6990322285381044,0.0,0.4968419851264171,0.25900113582611084,0.2470824420452118,0.24725712036994818,0.253669798374176,0.253651026457104,0.2590114796357421,canonical_letterbox_valid,3d99874f14ae5f316eec36e21141043d75bd4fd17ccfb31e3174198dee269596,0.6824208005333007,fixed_shrink,0,0,P2-IMA-M-v2,2,54ebc36bbae47871b5e02287,Shrink-D0-0.333333,17,ISIC_0000396_A06_T1_S1_54ebc36bbae47871b5e02287.png,S1,0.8244003057479858,0.8244556273860357,val,M,0.6990201704466042,T1,1275363
0.3333333333333333,0.3333333333333333,A04,1.376437783241272,1.3754934515704675,0.0,0.0,0.0,0,0.009771700258608218,0.010030110677083334,6e0811712543811a10b6cde1ec29db65b7bb4f25142c6991f2738d3d5c073f0a,3840.0,0.04559211029837854,0.045412047985459086,0.04562139859015192,0,0,0,5237466,36343,32820,-2.9288291773378605e-05,0.03538227081298828,0.03537932360942353,0.0001800623129194559,ISIC_0000401,0,1879.7797342374147,0.48952597245766005,ISIC_0000401,0.023327837826800358,0.023343173404191796,0.0,0.15224693867074554,1.163167953491211,1.144075870513916,1.1433215354409256,1.1985502243041992,1.1977727020158522,1.1623933784064286,canonical_letterbox_valid,3d99874f14ae5f316eec36e21141043d75bd4fd17ccfb31e3174198dee269596,0.6277985680254536,fixed_shrink,0,0,P2-IMA-M-v2,2,545290f1bae47821f8802019,Shrink-D0-0.333333,17,ISIC_0000401_A04_T3_S2_545290f1bae47821f8802019.png,S2,0.050101928412914276,0.05070669475761007,val,M,0.0,T3,125097
0.3333333333333333,0.3333333333333333,A06,0.3737544119358063,0.3742355231625932,0.38495291710898544,0.22336487939938604,0.5513071989363679,0,0.009771700258608218,0.010030110677083334,6e0811712543811a10b6cde1ec29db65b7bb4f25142c6991f2738d3d5c073f0a,3840.0,0.9273142975595703,0.9246974503181875,0.9301924190586413,743636,27160,12415,83882,23928,5660,-0.0028781214990709625,-0.015141725540161133,-0.014990169656385,0.0026168472413827804,ISIC_0000401,0,304.0,0.07916666666666666,ISIC_0000401,0.8644790318821906,0.8694950714783068,0.0,0.15224693867074554,0.28010261058807373,0.28688845038414,0.28713936401522566,0.2649608850479126,0.26548453298220764,0.28047470263859264,canonical_letterbox_valid,3d99874f14ae5f316eec36e21141043d75bd4fd17ccfb31e3174198dee269596,0.6277985680254536,fixed_shrink,0,0,P2-IMA-M-v2,2,54cdaebebae47819d8e4cf0d,Shrink-D0-0.333333,17,ISIC_0000401_A06_T1_S1_54cdaebebae47819d8e4cf0d.png,S1,0.8135491609573364,0.8132861178854079,val,M,0.8644790318821906,T1,5278681
0.3333333333333333,0.3333333333333333,A04,0.22670350968837738,0.2271753622675312,0.1592274206080302,0.08253779598466318,0.34193827270321114,0,0.009828214292173032,0.009928385416666666,6e0811712543811a10b6cde1ec29db65b7bb4f25142c6991f2738d3d5c073f0a,3840.0,0.8472149017516267,0.8383116835951621,0.8500142917588838,464379,34865,1772,95368,110,32816,-0.002799390007257041,0.021167606115341187,0.02110668364769619,0.008903218156464665,ISIC_0000432,0,403.18108338828614,0.10499507379903285,ISIC_0000432,0.7349287417394166,0.7391520482971622,0.0,0.9164294218840802,0.22491759061813354,0.2246176302433014,0.22502349281591974,0.24608519673347473,0.24639029513506022,0.22528361148736403,canonical_letterbox_valid,3d99874f14ae5f316eec36e21141043d75bd4fd17ccfb31e3174198dee269596,0.6898154381396888,fixed_shrink,0,0,P2-IMA-M-v2,2,5451505bbae47821f8801fbc,Shrink-D0-0.333333,17,ISIC_0000432_A04_T1_S2_5451505bbae47821f8801fbc.png,S2,0.7768683433532715,0.7766081392928031,val,M,0.7349287417394166,T1,1551938
0.3333333333333333,0.3333333333333333,A06,0.18680526316165924,0.18663872002005416,0.11687921376695568,0.05312782711934169,0.23051668217115853,0,0.009828214292173032,0.009928385416666666,6e0811712543811a10b6cde1ec29db65b7bb4f25142c6991f2738d3d5c073f0a,3840.0,0.8154025796233911,0.8346277087505407,0.80927592293251,338562,18236,1882,280359,0,49445,0.006126656690881083,0.035903096199035645,0.03593470622755343,-0.019225129127149576,ISIC_0000432,0,319.3900436770063,0.08317449054088706,ISIC_0000432,0.6883372913003282,0.6796502552678629,0.0,0.9164294218840802,0.21136686205863953,0.17882263660430908,0.17864756135498008,0.24726995825767517,0.24715495292532363,0.2112202466977702,canonical_letterbox_valid,3d99874f14ae5f316eec36e21141043d75bd4fd17ccfb31e3174198dee269596,0.6898154381396888,fixed_shrink,0,0,P2-IMA-M-v2,2,54cda622bae47819d8e4cd8c,Shrink-D0-0.333333,17,ISIC_0000432_A06_T1_S1_54cda622bae47819d8e4cd8c.png,S1,0.764071524143219,0.7641982266245138,val,M,0.6883372913003282,T1,1366947
0.3333333333333333,0.3333333333333333,A04,0.060807496309280396,0.06089620064220214,0.12360739039044905,0.008541193696525102,0.652015473310233,0,0.001755043312355324,0.0018310546875,6e0811712543811a10b6cde1ec29db65b7bb4f25142c6991f2738d3d5c073f0a,3840.0,0.9325918491127291,0.9013370789080567,0.9344338882606045,0,0,0,194159,9050,3372,-0.0018420391478753961,0.0006285384297370911,0.0006176006895697306,0.03125477020467238,ISIC_0000434,0,63.245553203367585,0.01647019614671031,ISIC_0000434,0.8736975151796645,0.8769365673006106,0.0,0.6224043440314921,0.07396750152111053,0.1090831309556961,0.10919443251887749,0.07459603995084763,0.074707728296461,0.07409012760689127,canonical_letterbox_valid,3d99874f14ae5f316eec36e21141043d75bd4fd17ccfb31e3174198dee269596,0.6431362588428011,fixed_shrink,0,0,P2-IMA-M-v2,2,54514b68bae47821f8801fb6,Shrink-D0-0.333333,17,ISIC_0000434_A04_T3_S2_54514b68bae47821f8801fb6.png,S2,0.9128724932670593,0.9127159454284196,val,M,0.8736975151796645,T3,1343095
0.3333333333333333,0.3333333333333333,A06,0.1777021437883377,0.17784626403213227,0.02739811419047181,0.005537650161148549,0.0755424357819838,0,0.001755043312355324,0.0018310546875,6e0811712543811a10b6cde1ec29db65b7bb4f25142c6991f2738d3d5c073f0a,3840.0,0.8591591803064293,0.8880588149099048,0.8573461373756938,504000,3372,9050,0,0,0,0.0018130429307355866,-0.002291560173034668,-0.002284757126766651,-0.028899634603475444,ISIC_0000434,0,171.32483751906872,0.04461584310392415,ISIC_0000434,0.7530929516855815,0.7503113282325472,0.0,0.6224043440314921,0.15894651412963867,0.13037654757499695,0.1305160439716901,0.156654953956604,0.1567547879867131,0.15903954511347976,canonical_letterbox_valid,3d99874f14ae5f316eec36e21141043d75bd4fd17ccfb31e3174198dee269596,0.6431362588428011,fixed_shrink,0,0,P2-IMA-M-v2,2,54cda57fbae47819d8e4cd5c,Shrink-D0-0.333333,17,ISIC_0000434_A06_T1_S1_54cda57fbae47819d8e4cd5c.png,S1,0.8598091006278992,0.8597671738051728,val,M,0.7530929516855815,T1,1537254
0.3333333333333333,0.3333333333333333,A04,0.1546899378299713,0.15610340875640918,0.19923873380991597,0.11052041005866349,0.3394959118619118,0,0.002082259566695602,0.00201416015625,6e0811712543811a10b6cde1ec29db65b7bb4f25142c6991f2738d3d5c073f0a,3840.0,0.8698730709216549,0.883514706698265,0.8674497122158731,326310,2748,5027,75320,658,6305,0.0024233587057818085,0.0004522353410720825,0.0003394810895268052,-0.01364163577661015,ISIC_0000435,0,247.99334661192236,0.06458160068018812,ISIC_0000435,0.7697127185802611,0.7659260004366498,0.0,0.9677372354573249,0.14898331463336945,0.1361229419708252,0.1370093354978152,0.14943554997444153,0.1503472258240054,0.1500077447344786,canonical_letterbox_valid,3d99874f14ae5f316eec36e21141043d75bd4fd17ccfb31e3174198dee269596,0.7642741297844806,fixed_shrink,0,0,P2-IMA-M-v2,2,5451480abae47821f8801fb3,Shrink-D0-0.333333,17,ISIC_0000435_A04_T3_S2_5451480abae47821f8801fb3.png,S2,0.8567233085632324,0.856087919287452,val,M,0.7697127185802611,T3,1342409
0.3333333333333333,0.3333333333333333,A06,0.19318987429141998,0.19406551993923113,0.057240845188703336,0.039202443724325096,0.21023438754493756,0,0.002082259566695602,0.00201416015625,6e0811712543811a10b6cde1ec29db65b7bb4f25142c6991f2738d3d5c073f0a,3840.0,0.8460994746879914,0.8674824037333339,0.8469411874252397,513522,8520,5685,1636,0,533,-0.0008417127372483124,-0.0018061399459838867,-0.0018814267446559119,-0.021382929045342447,ISIC_0000435,0,215.60148422494683,0.05614621985024657,ISIC_0000435,0.733251659157717,0.7345169025108397,0.0,0.9677372354573249,0.17542430758476257,0.15282976627349854,0.15342460603847874,0.1736181676387787,0.17418861705088678,0.1760700437955427,canonical_letterbox_valid,3d99874f14ae5f316eec36e21141043d75bd4fd17ccfb31e3174198dee269596,0.7642741297844806,fixed_shrink,0,0,P2-IMA-M-v2,2,54cda51fbae47819d8e4cd56,Shrink-D0-0.333333,17,ISIC_0000435_A06_T1_S1_54cda51fbae47819d8e4cd56.png,S1,0.8423412442207336,0.8419254323481458,val,M,0.733251659157717,T1,1416093
0.3333333333333333,0.3333333333333333,A04,0.08361539989709854,0.08356422953494601,0.27514614304501955,0.1009000087719096,0.5498641945673304,0,0.004240247938368056,0.00445556640625,6e0811712543811a10b6cde1ec29db65b7bb4f25142c6991f2738d3d5c073f0a,3840.0,0.9448851010095952,0.9324969950956765,0.9440684065527624,63533,3832,1357,211617,8868,15955,0.000816694456832856,0.001743018627166748,0.0017249161879475672,0.012388105913918701,ISIC_0000436,0,105.13800164163052,0.02737968792750795,ISIC_0000436,0.8955281570885939,0.8940620892597009,0.0,0.6718985968330958,0.0831209272146225,0.10230807960033417,0.1023227181785346,0.08486394584178925,0.08480908563102862,0.08308416944308106,canonical_letterbox_valid,3d99874f14ae5f316eec36e21141043d75bd4fd17ccfb31e3174198dee269596,0.6372973417325986,fixed_shrink,0,0,P2-IMA-M-v2,2,5451450cbae47821f8801fb0,Shrink-D0-0.333333,17,ISIC_0000436_A04_T1_S2_5451450cbae47821f8801fb0.png,S2,0.917373538017273,0.9173958906487839,val,M,0.8955281570885939,T1,2358574
0.3333333333333333,0.3333333333333333,A06,0.4115768373012543,0.41073720054205815,0.046477218329779364,0.011020833763498588,0.10149913201057724,0,0.004240247938368056,0.00445556640625,6e0811712543811a10b6cde1ec29db65b7bb4f25142c6991f2738d3d5c073f0a,3840.0,0.8313665443587779,0.8533141536083895,0.8347415541189304,1029917,19787,5399,9072,4826,0,-0.003375009760152481,-0.0008226633071899414,-0.0008602787660412226,-0.021947609249611588,ISIC_0000436,0,302.6682873327277,0.07881986649289784,ISIC_0000436,0.7114006024263717,0.7163574373303679,0.0,0.6718985968330958,0.2900415062904358,0.24278134107589722,0.2424445601946468,0.28921884298324585,0.288716911997966,0.28957719076400723,canonical_letterbox_valid,3d99874f14ae5f316eec36e21141043d75bd4fd17ccfb31e3174198dee269596,0.6372973417325986,fixed_shrink,0,0,P2-IMA-M-v2,2,54cda4dcbae47819d8e4cd50,Shrink-D0-0.333333,17,ISIC_0000436_A06_T1_S1_54cda4dcbae47819d8e4cd50.png,S1,0.8314938545227051,0.8315828190140436,val,M,0.7114006024263717,T1,2561119
0.3333333333333333,0.3333333333333333,A04,0.02180478908121586,0.020737538166897915,0.7115677993072339,0.46412722231880615,0.86102578238071,0,0.002331769024884259,0.0024007161458333335,6e0811712543811a10b6cde1ec29db65b7bb4f25142c6991f2738d3d5c073f0a,3840.0,0.947919708521086,0.9426310478291046,0.937309750392515,38906,0,12458,7464,4046,0,0.010609958128571018,0.006279099732637405,0.006026885090425711,0.005288660691981417,ISIC_0000439,0,97.2339812729001,0.025321349289817732,ISIC_0000439,0.9009955952968104,0.8820159503098098,0.0,0.33760894745323516,0.04445521906018257,0.045749373733997345,0.04538062628676069,0.05073431879281998,0.049065828972142116,0.043038943881716404,canonical_letterbox_valid,3d99874f14ae5f316eec36e21141043d75bd4fd17ccfb31e3174198dee269596,0.7520601482441054,fixed_shrink,0,0,P2-IMA-M-v2,2,54512ae1bae47821f8801fa7,Shrink-D0-0.333333,17,ISIC_0000439_A04_T3_S2_54512ae1bae47821f8801fa7.png,S2,0.9328943490982056,0.9346596504034651,val,M,0.9009955952968104,T3,421993
0.3333333333333333,0.3333333333333333,A06,0.05344626307487488,0.05347628993974549,0.15068809551306245,0.03313391624482283,0.4313763715438434,0,0.002331769024884259,0.0024007161458333335,6e0811712543811a10b6cde1ec29db65b7bb4f25142c6991f2738d3d5c073f0a,3840.0,0.8772793225807114,0.9193899143605766,0.8614911202085973,117601,0,14802,1993,1702,0,0.01578820237211409,0.014137163758277893,0.014187675554584958,-0.0421105917798652,ISIC_0000439,0,86.36892672955366,0.022491908002487935,ISIC_0000439,0.7813869827330923,0.7566837075231592,0.0,0.33760894745323516,0.08868385851383209,0.05800515040755272,0.0581139041612729,0.10282102227210999,0.1032290863817324,0.08904141082714744,canonical_letterbox_valid,3d99874f14ae5f316eec36e21141043d75bd4fd17ccfb31e3174198dee269596,0.7520601482441054,fixed_shrink,0,0,P2-IMA-M-v2,2,54cda37dbae47819d8e4cd3e,Shrink-D0-0.333333,17,ISIC_0000439_A06_T1_S1_54cda37dbae47819d8e4cd3e.png,S1,0.8760785460472107,0.8753934682854506,val,M,0.7813869827330923,T1,427464
0.3333333333333333,0.3333333333333333,A04,0.276922345161438,0.27640655946776277,0.15710749830624507,0.08909593718829432,0.3000150596656375,0,0.02019896330656829,0.01995849609375,6e0811712543811a10b6cde1ec29db65b7bb4f25142c6991f2738d3d5c073f0a,3840.0,0.8962329252324764,0.9278684033072762,0.8821530831226826,20479,3879,0,851822,0,139087,0.01407984210979385,0.023555055260658264,0.023539325950334977,-0.03163547807479972,ISIC_0000450,0,333.7393441781044,0.08691128754638135,ISIC_0000450,0.8119764991370501,0.7891537470863714,0.0,0.405737169086164,0.2044917643070221,0.16304722428321838,0.1627632952218993,0.22804681956768036,0.2277136105830805,0.20417428463274553,canonical_letterbox_valid,3d99874f14ae5f316eec36e21141043d75bd4fd17ccfb31e3174198dee269596,0.49003454496221244,fixed_shrink,0,0,P2-IMA-M-v2,2,54511f18bae47821f8801f86,Shrink-D0-0.333333,17,ISIC_0000450_A04_T3_S2_54511f18bae47821f8801f86.png,S2,0.8679388165473938,0.8680579902022717,val,M,0.8119764991370501,T3,3767018
0.3333333333333333,0.3333333333333333,A06,0.2367280274629593,0.23728223946960939,0.14610052858809375,0.06561909704573943,0.2386358818410397,0,0.02019896330656829,0.01995849609375,6e0811712543811a10b6cde1ec29db65b7bb4f25142c6991f2738d3d5c073f0a,3840.0,0.9065544079976915,0.8728256120891865,0.9206863893740405,932545,137561,0,16295,0,5405,-0.014131981376348968,-0.013643324375152588,-0.013592734270604978,0.03372879590850497,ISIC_0000450,0,248.10985396287413,0.06461194113616514,ISIC_0000450,0.8290804907243868,0.8530295368369148,0.0,0.405737169086164,0.16993284225463867,0.2106984257698059,0.21092908014412393,0.15628951787948608,0.15669396484273757,0.17028669911334254,canonical_letterbox_valid,3d99874f14ae5f316eec36e21141043d75bd4fd17ccfb31e3174198dee269596,0.49003454496221244,fixed_shrink,0,0,P2-IMA-M-v2,2,54cd9dcabae47819d8e4cca8,Shrink-D0-0.333333,17,ISIC_0000450_A06_T1_S1_54cd9dcabae47819d8e4cca8.png,S1,0.8968623280525208,0.8967088412429243,val,M,0.8290804907243868,T1,4602545
0.3333333333333333,0.3333333333333333,A04,0.09469364583492279,0.09523560134959437,0.11841891997562108,0.032654027034221655,0.4704686415459817,0,0.0024044215425531915,0.0023207720588235294,6e0811712543811a10b6cde1ec29db65b7bb4f25142c6991f2738d3d5c073f0a,3612.2104036171536,0.8860009435367422,0.8810013970244309,0.8781186190062665,2784,27,0,180139,0,14438,0.00788232453047566,0.006123796105384827,0.0060705000974113354,0.00499954651231127,ISIC_0000473,0,117.92179582591089,0.03264532866297814,ISIC_0000473,0.7953336570585905,0.7827196652719666,0.0,0.5522471752558664,0.10843285173177719,0.11174927651882172,0.11239993653184804,0.11455664783716202,0.11510418911834516,0.10903368902093383,canonical_letterbox_valid,3d99874f14ae5f316eec36e21141043d75bd4fd17ccfb31e3174198dee269596,0.7387506819949733,fixed_shrink,0,0,P2-IMA-M-v2,2,54510071bae47821f8801f3b,Shrink-D0-0.333333,17,ISIC_0000473_A04_T3_S2_54510071bae47821f8801f3b.png,S2,0.8778279423713684,0.8771682233077267,val,M,0.7953336570585905,T3,710839
0.3333333333333333,0.3333333333333333,A06,0.06710522621870041,0.06717509650299681,0.21803095772499925,0.10269939285746925,0.43623860068769627,0,0.0024044215425531915,0.0023207720588235294,6e0811712543811a10b6cde1ec29db65b7bb4f25142c6991f2738d3d5c073f0a,3612.2104036171536,0.9177930717151168,0.9191999711255369,0.9235503260470974,153290,12235,0,5360,0,2230,-0.005757254331980599,-0.005795538425445557,-0.005766843605431754,-0.0014068994104200483,ISIC_0000473,0,91.98369420718001,0.025464655689787737,ISIC_0000473,0.8480753982694098,0.8579595947627229,0.0,0.5522471752558664,0.07741299271583557,0.07651108503341675,0.07665625997733815,0.07161745429039001,0.07174556176269595,0.0775124053681277,canonical_letterbox_valid,3d99874f14ae5f316eec36e21141043d75bd4fd17ccfb31e3174198dee269596,0.7387506819949733,fixed_shrink,0,0,P2-IMA-M-v2,2,54cc1475bae47819d8e4cadb,Shrink-D0-0.333333,17,ISIC_0000473_A06_T1_S1_54cc1475bae47819d8e4cadb.png,S1,0.9122792482376099,0.9121502857667414,val,M,0.8480753982694098,T1,885618
0.3333333333333333,0.3333333333333333,A04,0.07897190004587173,0.07973458708934457,0.5108999652584417,0.2894422462241171,0.7925165052432084,0,0.006910091474252345,0.007076793721973094,6e0811712543811a10b6cde1ec29db65b7bb4f25142c6991f2738d3d5c073f0a,1219.73972633509,0.9529205418211445,0.9526479890536327,0.9470416084680217,11031,0,3584,9020,1425,84,0.005878933353122839,0.021026335656642914,0.02094070549890531,0.00027255276751181334,ISIC_0000489,0,28.72969195748175,0.023553952812379795,ISIC_0000489,0.9100747172316055,0.8994102863743215,0.0,0.6669588845127942,0.09002722799777985,0.08018079400062561,0.08078840112753899,0.11105356365442276,0.11164603523888444,0.09070532973997913,canonical_letterbox_valid,3d99874f14ae5f316eec36e21141043d75bd4fd17ccfb31e3174198dee269596,0.5484119388814468,fixed_shrink,0,0,P2-IMA-M-v2,2,5450f48cbae47865794e4d22,Shrink-D0-0.333333,17,ISIC_0000489_A04_T3_S2_5450f48cbae47865794e4d22.png,S2,0.8989174365997314,0.8983239276093863,val,M,0.9100747172316055,T3,202923
0.3333333333333333,0.3333333333333333,A12,0.0806783065199852,0.08068338478760902,0.4523741659175455,0.23528339991088965,0.775860769245384,0,0.006910091474252345,0.007076793721973094,6e0811712543811a10b6cde1ec29db65b7bb4f25142c6991f2738d3d5c073f0a,1219.73972633509,0.9521034637962901,0.9377680785182985,0.9500565694447473,6906,0,2767,13100,2242,84,0.002046894351542816,0.018266096711158752,0.018298393682792374,0.014335385277991608,ISIC_0000489,0,24.606890784293558,0.020173886488250276,ISIC_0000489,0.9085853716489452,0.9048645305988712,0.0,0.6669588845127942,0.09229867160320282,0.09457018971443176,0.09458882244707476,0.11056476831436157,0.11064453780790162,0.09234614412510925,canonical_letterbox_valid,3d99874f14ae5f316eec36e21141043d75bd4fd17ccfb31e3174198dee269596,0.5484119388814468,fixed_shrink,0,0,P2-IMA-M-v2,2,5450f4d5bae47865794e4d28,Shrink-D0-0.333333,17,ISIC_0000489_A12_T3_S1_5450f4d5bae47865794e4d28.png,S1,0.8960809707641602,0.8959910965373905,val,M,0.9085853716489452,T3,198843
0.3333333333333333,0.3333333333333333,A04,0.09204891324043274,0.09269771266257937,0.1838016177096637,0.07278362542551432,0.48730661172314865,0,0.009382148545936574,0.009389013452914798,6e0811712543811a10b6cde1ec29db65b7bb4f25142c6991f2738d3d5c073f0a,1219.73972633509,0.934639755925839,0.9018741103323147,0.9496360657185073,2169,0,344,23453,6571,0,-0.014996309792668305,-0.01463538408279419,-0.014657379416449012,0.03276564559352435,ISIC_0000498,0,109.26001043794581,0.08957649577113931,ISIC_0000498,0.8772992620332636,0.9041019352669522,0.0,0.3451370120137245,0.08717434108257294,0.12543734908103943,0.12594538292722668,0.07253895699977875,0.07303398067462955,0.08769136009107856,canonical_letterbox_valid,3d99874f14ae5f316eec36e21141043d75bd4fd17ccfb31e3174198dee269596,0.5106720182003304,fixed_shrink,0,0,P2-IMA-M-v2,2,544ead46bae478661558fb78,Shrink-D0-0.333333,17,ISIC_0000498_A04_T3_S2_544ead46bae478661558fb78.png,S2,0.9177002310752869,0.9173149924804223,val,M,0.8772992620332636,T3,183195
0.3333333333333333,0.3333333333333333,A06,0.04883106052875519,0.04879736538052953,0.4551448104578654,0.26589488882843015,0.7535110072231909,0,0.009382148545936574,0.009389013452914798,6e0811712543811a10b6cde1ec29db65b7bb4f25142c6991f2738d3d5c073f0a,1219.73972633509,0.9647769554100052,0.9620026331187829,0.9548104114965084,12179,0,5408,2712,1507,0,0.009966543913496828,0.006207462400197983,0.006175198550269004,0.0027743222912223198,ISIC_0000498,0,20.09975124224178,0.016478721491374894,ISIC_0000498,0.9319508104575761,0.9135284373274434,0.0,0.3451370120137245,0.052735812962055206,0.05449367314577103,0.05452018733477783,0.05894327536225319,0.058890341677156,0.05271514312688699,canonical_letterbox_valid,3d99874f14ae5f316eec36e21141043d75bd4fd17ccfb31e3174198dee269596,0.5106720182003304,fixed_shrink,0,0,P2-IMA-M-v2,2,54cc0254bae47819d8e4c996,Shrink-D0-0.333333,17,ISIC_0000498_A06_T1_S1_54cc0254bae47819d8e4c996.png,S1,0.9433594346046448,0.9433670791267555,val,M,0.9319508104575761,T1,203936
0.3333333333333333,0.3333333333333333,A04,0.10448357462882996,0.10473816204838221,0.35259692907603624,0.15438552606379446,0.7136477636430748,0,0.004068989658606476,0.004098934977578475,6e0811712543811a10b6cde1ec29db65b7bb4f25142c6991f2738d3d5c073f0a,1219.73972633509,0.9397831354830039,0.9371330892677442,0.9387363700852231,7674,1130,5,22792,14,1850,0.0010467653977807023,0.0035957470536231995,0.003628024584551151,0.0026500462152596604,ISIC_0000516,0,92.34717104492157,0.07571055451509638,ISIC_0000516,0.8864065144928076,0.884545878728179,0.0,0.5190678012849845,0.09323336184024811,0.09478229284286499,0.0948802484455913,0.09682910889387131,0.09705212290607122,0.09342409832152007,canonical_letterbox_valid,3d99874f14ae5f316eec36e21141043d75bd4fd17ccfb31e3174198dee269596,0.6246918236109315,fixed_shrink,0,0,P2-IMA-M-v2,2,544e6a95bae478661558fb42,Shrink-D0-0.333333,17,ISIC_0000516_A04_T3_S2_544e6a95bae478661558fb42.png,S2,0.9180168509483337,0.9178899654053421,val,M,0.8864065144928076,T3,237736
0.3333333333333333,0.3333333333333333,A06,0.11089886724948883,0.11104616574546222,0.4236414077522751,0.2659907582598847,0.7269823730578371,0,0.004068989658606476,0.004098934977578475,6e0811712543811a10b6cde1ec29db65b7bb4f25142c6991f2738d3d5c073f0a,1219.73972633509,0.9401047988616289,0.938154018509317,0.9420703000948998,23260,1924,3,8814,16,1056,-0.0019655012332708832,-0.0013145506381988525,-0.001272532187290426,0.0019507803523118872,ISIC_0000516,0,76.5349584841739,0.0627469589058445,ISIC_0000516,0.8869790125022904,0.8904847837993456,0.0,0.5190678012849845,0.09573612362146378,0.09816880524158478,0.09822711674372617,0.09442157298326492,0.09457933097921642,0.09585186316650685,canonical_letterbox_valid,3d99874f14ae5f316eec36e21141043d75bd4fd17ccfb31e3174198dee269596,0.6246918236109315,fixed_shrink,0,0,P2-IMA-M-v2,2,54cbfd4abae47819d8e4c8c4,Shrink-D0-0.333333,17,ISIC_0000516_A06_T1_S1_54cbfd4abae47819d8e4c8c4.png,S1,0.9194266200065613,0.9193424394124485,val,M,0.8869790125022904,T1,251714
0.3333333333333333,0.3333333333333333,A04,0.07078209519386292,0.06990545993874028,0.3389947815638935,0.13368292164420761,0.7652818675529958,0,0.010498046875,0.010335286458333334,6e0811712543811a10b6cde1ec29db65b7bb4f25142c6991f2738d3d5c073f0a,3840.0,0.967184740981249,0.9787321644201351,0.9572415554415096,8925,3151,0,205015,0,71153,0.009943185539739385,0.01622326672077179,0.016329682881818713,-0.01154742343888615,ISIC_0000521,0,55.54412629048544,0.014464616221480582,ISIC_0000521,0.9364547362518096,0.9179897419548694,0.0,0.5635871389333561,0.05743153393268585,0.03943343460559845,0.03897707236073075,0.07365480065345764,0.07319177136027206,0.05686208847845335,canonical_letterbox_valid,3d99874f14ae5f316eec36e21141043d75bd4fd17ccfb31e3174198dee269596,1.0075088659494003,fixed_shrink,0,0,P2-IMA-M-v2,2,544e6483bae478661558fb33,Shrink-D0-0.333333,17,ISIC_0000521_A04_T3_S1_544e6483bae478661558fb33.png,S1,0.9559190273284912,0.9561812829818336,val,M,0.9364547362518096,T3,3152794
0.3333333333333333,0.3333333333333333,A06,0.14214180409908295,0.14168505123628536,0.046287559154843165,0.02001007701720291,0.23345257612385148,0,0.010498046875,0.010335286458333334,6e0811712543811a10b6cde1ec29db65b7bb4f25142c6991f2738d3d5c073f0a,3840.0,0.9392459081141773,0.9267526541128844,0.9497180906461906,434389,72722,0,3,0,1582,-0.010472182532013319,-0.021659336984157562,-0.02158580390887664,0.012493254001292864,ISIC_0000521,0,95.0,0.024739583333333332,ISIC_0000521,0.8854511288703807,0.9042506418400645,0.0,0.5635871389333561,0.10285409539937973,0.14665454626083374,0.14631879895358546,0.08119475841522217,0.08098734849034678,0.10257315239922342,canonical_letterbox_valid,3d99874f14ae5f316eec36e21141043d75bd4fd17ccfb31e3174198dee269596,1.0075088659494003,fixed_shrink,0,0,P2-IMA-M-v2,2,568b32539fc3c126c063feb9,Shrink-D0-0.333333,17,ISIC_0000521_A06_T1_S1_568b32539fc3c126c063feb9.png,S1,0.9364336133003235,0.9365387464378385,val,M,0.8854511288703807,T1,3357806
0.3333333333333333,0.3333333333333333,A04,0.4831902086734772,0.48164766742838033,0.009607686148919135,0.001621796951021732,0.057170984297930966,0,0.0273573058590005,0.0273262331838565,6e0811712543811a10b6cde1ec29db65b7bb4f25142c6991f2738d3d5c073f0a,1093.5890452999245,0.7788303196714393,0.8144771906497721,0.7568025044454255,0,0,0,123159,0,16208,0.022027815226013825,0.02563461661338806,0.025709051952976403,-0.035646870978332745,ISIC_0000547,0,142.51391956274028,0.13031761809908662,ISIC_0000547,0.6377740392816598,0.6087548496128732,0.0,0.5870089506228248,0.3615645170211792,0.31889164447784424,0.3176261530689253,0.38719913363456726,0.3861811258093561,0.3604720738563797,canonical_letterbox_valid,3d99874f14ae5f316eec36e21141043d75bd4fd17ccfb31e3174198dee269596,0.62879784686047,fixed_shrink,0,0,P2-IMA-M-v2,3,5441209bbae478661558fae5,Shrink-D0-0.333333,17,ISIC_0000547_A04_T3_S2_5441209bbae478661558fae5.png,S2,0.7600612044334412,0.760703519715621,val,M,0.0,T3,216847
0.3333333333333333,0.3333333333333333,A03,0.37361979484558105,0.37451534797997327,0.04389012540035829,0.016930956194230802,0.0775374086235778,0,0.0273573058590005,0.0273262331838565,6e0811712543811a10b6cde1ec29db65b7bb4f25142c6991f2738d3d5c073f0a,1093.5890452999245,0.8617731196807428,0.8290209468776676,0.8803314580964351,107217,14426,0,1405,0,1782,-0.01855833841569232,-0.033217623829841614,-0.03334249225487271,0.032752172803075186,ISIC_0000547,0,74.79811085283954,0.06839690940057436,ISIC_0000547,0.7571189317186281,0.7862429148895892,0.0,0.5870089506228248,0.2612247169017792,0.3656894564628601,0.3664553236179994,0.22800709307193756,0.22842261166518354,0.26176510392005625,canonical_letterbox_valid,3d99874f14ae5f316eec36e21141043d75bd4fd17ccfb31e3174198dee269596,0.62879784686047,fixed_shrink,0,0,P2-IMA-M-v2,3,57be109d9fc3c1434763a335,Shrink-D0-0.333333,17,ISIC_0000547_A03_T1_S1_57be109d9fc3c1434763a335.png,S1,0.8511703610420227,0.8509851401398608,val,M,0.7571189317186281,T1,338601
0.3333333333333333,0.3333333333333333,A02,0.22510336339473724,0.22519157309952825,0.1841247452440577,0.08655007641857543,0.41000365155480634,0,0.0273573058590005,0.0273262331838565,6e0811712543811a10b6cde1ec29db65b7bb4f25142c6991f2738d3d5c073f0a,1093.5890452999245,0.9046629295395392,0.9194684102603784,0.8958647924830915,13077,4424,0,48387,0,11784,0.008798137056447719,0.02962164580821991,0.029628634084229055,-0.014805480720839204,ISIC_0000547,0,92.18079400673344,0.08429198738128563,ISIC_0000547,0.8259219503629458,0.8113723630802456,0.0,0.5870089506228248,0.17828670144081116,0.1405051350593567,0.14055926435562288,0.20790834724903107,0.20798494075514043,0.17835630667091137,canonical_letterbox_valid,3d99874f14ae5f316eec36e21141043d75bd4fd17ccfb31e3174198dee269596,0.62879784686047,fixed_shrink,0,0,P2-IMA-M-v2,3,57c04fc49fc3c158f2bd0e40,Shrink-D0-0.333333,17,ISIC_0000547_A02_T1_S1_57c04fc49fc3c158f2bd0e40.png,S1,0.8685299754142761,0.8684789597577055,val,M,0.8259219503629458,T1,291619
0.3333333333333333,0.3333333333333333,A04,0.0025827563367784023,0.002630816427699204,0.9741309620048505,0.7484512900326031,1.0,0,0.0001938221899631058,0.00013786764705882353,6e0811712543811a10b6cde1ec29db65b7bb4f25142c6991f2738d3d5c073f0a,5147.6254720016295,0.9395350461577863,0.9495903695034276,0.9308085824687516,1931,352,0,8457,0,2015,0.008726463689034625,0.004677664488554001,0.004310771287329956,-0.010055323345641298,ISIC_0001200,0,20.615528128088304,0.004004861705696715,ISIC_0001200,0.8859652011636204,0.8705724411985823,0.0,0.2785593796480299,0.034084126353263855,0.02806069143116474,0.030186744912179077,0.038761790841817856,0.039505757337610976,0.03519498605028102,canonical_letterbox_valid,3d99874f14ae5f316eec36e21141043d75bd4fd17ccfb31e3174198dee269596,0.383934128391055,fixed_shrink,0,0,P2-IMA-M-v2,2,54eb6ab7bae47871b5e014b0,Shrink-D0-0.333333,17,ISIC_0001200_A04_T3_S1_54eb6ab7bae47871b5e014b0.png,S1,0.9344145059585571,0.9322408443271372,val,M,0.8859652011636204,T3,80707
0.3333333333333333,0.3333333333333333,A06,0.011415801011025906,0.010600432683241493,0.46125302730351425,0.0536534469220261,1.0,0,0.0001938221899631058,0.00013786764705882353,6e0811712543811a10b6cde1ec29db65b7bb4f25142c6991f2738d3d5c073f0a,5147.6254720016295,0.8196217822699683,0.84381537790559,0.8069784416464638,0,0,0,27251,0,2367,0.012643340623504473,0.006865881383419037,0.0069467601638094345,-0.024193595635621734,ISIC_0001200,0,38.004604466123745,0.00738293892452627,ISIC_0001200,0.6943721681396079,0.6764156406026374,0.0,0.2785593796480299,0.09868735820055008,0.08542968332767487,0.08373251854239078,0.10555323958396912,0.10382858277986891,0.09688182261605947,canonical_letterbox_valid,3d99874f14ae5f316eec36e21141043d75bd4fd17ccfb31e3174198dee269596,0.383934128391055,fixed_shrink,0,0,P2-IMA-M-v2,2,54ebc0d4bae47871b5e02041,Shrink-D0-0.333333,17,ISIC_0001200_A06_T3_S1_54ebc0d4bae47871b5e02041.png,S1,0.8140410780906677,0.8168367874511225,val,M,0.6943721681396079,T3,61913
0.3333333333333333,0.3333333333333333,A06,0.007904346100986004,0.007527048523650131,0.7879977673354016,0.2600615107410802,1.0,0,0.00036743092298647856,0.0003654970760233918,6e0811712543811a10b6cde1ec29db65b7bb4f25142c6991f2738d3d5c073f0a,3634.3956856677014,0.868626427489274,0.9105425267480817,0.8456806169309419,112,46,0,10207,0,2194,0.022945810558332114,0.012336775660514832,0.011940976529206573,-0.04191609925880768,ISIC_0001208,0,23.0,0.006328424857728308,ISIC_0001208,0.7677626988949654,0.7326227293199219,0.0,0.24702674076686856,0.07250025868415833,0.04917646944522858,0.04947416147928437,0.08483703434467316,0.08421105187861838,0.07227007534941181,canonical_letterbox_valid,3d99874f14ae5f316eec36e21141043d75bd4fd17ccfb31e3174198dee269596,0.4733440894773298,fixed_shrink,0,0,P2-IMA-M-v2,2,54eb6c21bae47871b5e015ce,Shrink-D0-0.333333,17,ISIC_0001208_A06_T3_S1_54eb6c21bae47871b5e015ce.png,S1,0.8629038333892822,0.8629868978248265,val,M,0.7677626988949654,T3,34114
0.3333333333333333,0.3333333333333333,A04,0.0032626634929329157,0.002854070070018693,0.9810736947087048,0.7417517585922444,1.0,0,0.00036743092298647856,0.0003654970760233918,6e0811712543811a10b6cde1ec29db65b7bb4f25142c6991f2738d3d5c073f0a,3634.3956856677014,0.9371618902847946,0.9219612690564483,0.9344441052034719,3224,925,0,2398,0,1315,0.002717785081322699,0.001431148499250412,0.0015432252778439376,0.015200621228346312,ISIC_0001208,0,16.433140529321587,0.004521560652882664,ISIC_0001208,0.8817541276685246,0.8769545640605813,0.0,0.24702674076686856,0.03754450008273125,0.0471641942858696,0.044395244912683825,0.03897564858198166,0.03766571904368442,0.03612249376584048,canonical_letterbox_valid,3d99874f14ae5f316eec36e21141043d75bd4fd17ccfb31e3174198dee269596,0.4733440894773298,fixed_shrink,0,0,P2-IMA-M-v2,2,54eb6c2ebae47871b5e015d4,Shrink-D0-0.333333,17,ISIC_0001208_A04_T3_S1_54eb6c2ebae47871b5e015d4.png,S1,0.9281736612319946,0.9306090825383377,val,M,0.8817541276685246,T3,41923
0.3333333333333333,0.3333333333333333,A01,0.012976393103599548,0.012489666622259584,0.7003085530581975,0.3542014710465457,0.9456227613242688,0,0.0010122393864953388,0.0007309941520467836,6e0811712543811a10b6cde1ec29db65b7bb4f25142c6991f2738d3d5c073f0a,3634.3956856677014,0.8880206570408983,0.9035155519856125,0.8747235616991507,3204,1324,0,19954,0,4847,0.013297095341747611,0.007675237953662872,0.007925491114166475,-0.015494894944714233,ISIC_0001549,0,37.5685797323365,0.010336953645550706,ISIC_0001549,0.7985945626271939,0.7773410443214914,0.0,0.22411661397500204,0.06622909754514694,0.05907931551337242,0.05797012621550556,0.07390433549880981,0.07400882540688576,0.06608333429271929,canonical_letterbox_valid,3d99874f14ae5f316eec36e21141043d75bd4fd17ccfb31e3174198dee269596,0.41725666315293397,fixed_shrink,0,0,P2-IMA-M-v2,2,55dc9c949fc3c10470dbc9b5,Shrink-D0-0.333333,17,ISIC_0001549_A01_T3_S2_55dc9c949fc3c10470dbc9b5.png,S2,0.8805181980133057,0.880322998036821,val,M,0.7985945626271939,T3,91824
0.3333333333333333,0.3333333333333333,A05,0.019476892426609993,0.018852909721189276,0.43141616212274053,0.20311271043805348,0.865029538296865,0,0.0010122393864953388,0.0007309941520467836,6e0811712543811a10b6cde1ec29db65b7bb4f25142c6991f2738d3d5c073f0a,3634.3956856677014,0.8410749115076211,0.8752115493795453,0.8181804543613388,523,306,0,30277,0,5865,0.022894457146282354,0.013392671942710876,0.012900144904750846,-0.034136637871924114,ISIC_0001549,0,47.38143096192854,0.013036948934530706,ISIC_0001549,0.7257370815932183,0.692305739383579,0.0,0.22411661397500204,0.09320035576820374,0.0747537761926651,0.07437581387563832,0.10659302771091461,0.10506070804825765,0.0921605631435068,canonical_letterbox_valid,3d99874f14ae5f316eec36e21141043d75bd4fd17ccfb31e3174198dee269596,0.41725666315293397,fixed_shrink,0,0,P2-IMA-M-v2,2,55dc9ca09fc3c10470dbc9bb,Shrink-D0-0.333333,17,ISIC_0001549_A05_T3_S1_55dc9ca09fc3c10470dbc9bb.png,S1,0.8330761790275574,0.8345317834341757,val,M,0.7257370815932183,T3,81501
0.3333333333333333,0.3333333333333333,A01,0.012135806493461132,0.01255638443912302,0.5839214455070726,0.36063895565719806,0.7890137328339576,0,0.00018486368312757202,0.00013706140350877192,6e0811712543811a10b6cde1ec29db65b7bb4f25142c6991f2738d3d5c073f0a,3634.3956856677014,0.8555640467932514,0.8560468129429997,0.8557607446755366,11986,482,30,5213,19,596,-0.0001966978822852683,-0.00019226223230361938,-3.543687393967043e-05,-0.0004827661497482927,ISIC_0001555,0,84.63450089731582,0.023287090404347923,ISIC_0001555,0.7475857817957674,0.7478861966091829,0.0,0.11379390780834776,0.07914888858795166,0.07907699048519135,0.08106266237852962,0.07895662635564804,0.08140449673378063,0.0814399336077203,canonical_letterbox_valid,3d99874f14ae5f316eec36e21141043d75bd4fd17ccfb31e3174198dee269596,0.38976600708392395,fixed_shrink,0,0,P2-IMA-M-v2,2,55dc9cd59fc3c10470dbc9eb,Shrink-D0-0.333333,17,ISIC_0001555_A01_T3_S2_55dc9cd59fc3c10470dbc9eb.png,S2,0.8538380265235901,0.8496765172236824,val,M,0.7475857817957674,T3,50939
0.3333333333333333,0.3333333333333333,A05,0.036383625119924545,0.03411446054573968,0.05622625012610552,0.030094043887147332,0.4637533173385395,0,0.00018486368312757202,0.00013706140350877192,6e0811712543811a10b6cde1ec29db65b7bb4f25142c6991f2738d3d5c073f0a,3634.3956856677014,0.5963325672029579,0.603849948144588,0.5887895418388112,34,1,0,32282,49,1077,0.007543025364146749,0.003791213035583496,0.0037950131665383247,-0.007517380941630125,ISIC_0001555,0,70.15156998485945,0.0193021277956892,ISIC_0001555,0.42483892784679456,0.4172230572936694,0.0,0.11379390780834776,0.23075518012046814,0.22717830538749695,0.2174283177497815,0.23454639315605164,0.22455953225575365,0.22076451908921532,canonical_letterbox_valid,3d99874f14ae5f316eec36e21141043d75bd4fd17ccfb31e3174198dee269596,0.38976600708392395,fixed_shrink,0,0,P2-IMA-M-v2,2,55dc9cee9fc3c10470dbc9f7,Shrink-D0-0.333333,17,ISIC_0001555_A05_T3_S1_55dc9cee9fc3c10470dbc9f7.png,S1,0.5748732686042786,0.592585422367309,val,M,0.0,T3,23870
0.3333333333333333,0.3333333333333333,A01,0.013711478561162949,0.013689852623771604,0.49000026948263176,0.21906164910741624,0.7871878393051032,0,7.775100781053162e-05,2.2843567251461987e-05,6e0811712543811a10b6cde1ec29db65b7bb4f25142c6991f2738d3d5c073f0a,3634.3956856677014,0.6483796350382018,0.6290345717974466,0.6566219120467728,13804,332,0,1245,0,142,-0.008242277008570942,-0.0038700997829437256,-0.004363223181421322,0.019345063240755245,ISIC_0001570,0,102.96461370166614,0.028330600905044207,ISIC_0001570,0.47970543493292767,0.4887841464253767,0.0,0.27364499073088033,0.18248839676380157,0.19225887954235077,0.1938067588963314,0.17861829698085785,0.1794795065716815,0.1838427297531028,canonical_letterbox_valid,3d99874f14ae5f316eec36e21141043d75bd4fd17ccfb31e3174198dee269596,0.3599019319189038,fixed_shrink,0,0,P2-IMA-M-v2,2,55dc9d769fc3c10470dbca63,Shrink-D0-0.333333,17,ISIC_0001570_A01_T3_S2_55dc9d769fc3c10470dbca63.png,S2,0.6487346887588501,0.646004393117566,val,M,0.0,T3,13875
0.3333333333333333,0.3333333333333333,A05,0.0062639000825583935,0.005659194182112718,0.552089112713926,0.14092244488499295,1.0,0,7.775100781053162e-05,2.2843567251461987e-05,6e0811712543811a10b6cde1ec29db65b7bb4f25142c6991f2738d3d5c073f0a,3634.3956856677014,0.7094020741752379,0.7401371448926886,0.6953357038276511,0,0,0,6809,0,474,0.014066370347586843,0.0069693922996521,0.007799117186463145,-0.03073507071745063,ISIC_0001570,0,26.518819754388872,0.007296624266577872,ISIC_0001570,0.5496693121693121,0.5329613954084904,0.0,0.27364499073088033,0.16435813903808594,0.14992062747478485,0.13780570182201393,0.17132753133773804,0.16056830892734097,0.15276919174087783,canonical_letterbox_valid,3d99874f14ae5f316eec36e21141043d75bd4fd17ccfb31e3174198dee269596,0.3599019319189038,fixed_shrink,0,0,P2-IMA-M-v2,2,55dc9d839fc3c10470dbca6f,Shrink-D0-0.333333,17,ISIC_0001570_A05_T3_S1_55dc9d839fc3c10470dbca6f.png,S1,0.6775476336479187,0.700120810700357,val,M,0.0,T3,8311
0.3333333333333333,0.3333333333333333,A05,0.037272773683071136,0.036840366266141074,0.08425208223003225,0.013601236476043277,0.5905427782888685,0,0.0011424805261610817,0.0012107090643274853,6e0811712543811a10b6cde1ec29db65b7bb4f25142c6991f2738d3d5c073f0a,3634.3956856677014,0.8072764397419834,0.8166343797628399,0.7902483343428225,0,0,0,62295,0,6965,0.017028105399160887,0.008717983961105347,0.008679110738740836,-0.009357940020856548,ISIC_0001659,0,65.0,0.017884678945753914,ISIC_0001659,0.6768344875885145,0.6532318630150703,0.0,0.4905175610626832,0.11683304607868195,0.11359944939613342,0.11388807746199502,0.1255510300397873,0.12560718587528152,0.11692807513654069,canonical_letterbox_valid,3d99874f14ae5f316eec36e21141043d75bd4fd17ccfb31e3174198dee269596,0.5246463793414774,fixed_shrink,0,0,P2-IMA-M-v2,2,55dd197c9fc3c10470dbdb91,Shrink-D0-0.333333,17,ISIC_0001659_A05_T3_S1_55dd197c9fc3c10470dbdb91.png,S1,0.8036066889762878,0.8029842159930597,val,M,0.6768344875885145,T3,130470
0.3333333333333333,0.3333333333333333,A02,0.02212803065776825,0.0211769246584062,0.41855415847504995,0.19950770214545127,0.6893760938067681,0,0.0011424805261610817,0.0012107090643274853,6e0811712543811a10b6cde1ec29db65b7bb4f25142c6991f2738d3d5c073f0a,3634.3956856677014,0.8946425024246036,0.8864241244127194,0.9104468001931612,43729,6552,0,1354,0,413,-0.015804297768557518,-0.008195001631975174,-0.00795527115922856,0.008218378011884186,ISIC_0001659,0,63.953107821277925,0.017596627707180606,ISIC_0001659,0.8093693708931304,0.8356148193172849,0.0,0.4905175610626832,0.06670110672712326,0.0707380622625351,0.06896191745784862,0.05850610509514809,0.057227207660341645,0.0651824788195702,canonical_letterbox_valid,3d99874f14ae5f316eec36e21141043d75bd4fd17ccfb31e3174198dee269596,0.5246463793414774,fixed_shrink,0,0,P2-IMA-M-v2,2,566708529fc3c14011cd7027,Shrink-D0-0.333333,17,ISIC_0001659_A02_T1_S1_566708529fc3c14011cd7027.png,S1,0.8887258172035217,0.8908119670192658,val,M,0.8093693708931304,T1,191411
0.3333333333333333,0.3333333333333333,A01,0.0014938263921067119,0.0014278466828059216,1.0,0.8823297707518185,1.0,0,4.346839044259679e-05,2.2843567251461987e-05,6e0811712543811a10b6cde1ec29db65b7bb4f25142c6991f2738d3d5c073f0a,3634.3956856677014,0.9385959835638636,0.9376307096925512,0.9386406424098052,1489,118,15,1694,9,123,-4.465884594151426e-05,0.0010164640843868256,0.0005773378588216013,0.0009652738713123998,ISIC_0001977,0,10.0,0.0027514890685775254,ISIC_0001977,0.8842966194111233,0.8843759050101361,0.0,0.2567881966602777,0.034784771502017975,0.035273946821689606,0.03636179954535638,0.0358012355864048,0.03630486813847601,0.03572753027965441,canonical_letterbox_valid,3d99874f14ae5f316eec36e21141043d75bd4fd17ccfb31e3174198dee269596,0.45224423904072325,fixed_shrink,0,0,P2-IMA-M-v2,2,55dca3bb9fc3c10470dbccfd,Shrink-D0-0.333333,17,ISIC_0001977_A01_T3_S2_55dca3bb9fc3c10470dbccfd.png,S2,0.9319242835044861,0.9299727861234971,val,M,0.8842966194111233,T3,24327
0.3333333333333333,0.3333333333333333,A05,0.0016289971536025405,0.0015522477283740812,1.0,0.872419155172821,1.0,0,4.346839044259679e-05,2.2843567251461987e-05,6e0811712543811a10b6cde1ec29db65b7bb4f25142c6991f2738d3d5c073f0a,3634.3956856677014,0.936943703759342,0.9338151388360594,0.9374427259636064,2285,133,18,1073,6,108,-0.0004990222042644543,0.0006954893469810486,0.00029935743090278577,0.0031285649232826174,ISIC_0001977,0,11.704699910719626,0.0032205353855325387,ISIC_0001977,0.881367907864057,0.8822514784567728,0.0,0.2567881966602777,0.03581163287162781,0.037404727190732956,0.03809606885932996,0.036507122218608856,0.03662727473153376,0.03632791730063097,canonical_letterbox_valid,3d99874f14ae5f316eec36e21141043d75bd4fd17ccfb31e3174198dee269596,0.45224423904072325,fixed_shrink,0,0,P2-IMA-M-v2,2,55dca3c59fc3c10470dbcd09,Shrink-D0-0.333333,17,ISIC_0001977_A05_T3_S1_55dca3c59fc3c10470dbcd09.png,S1,0.9300057291984558,0.9288964131271121,val,M,0.881367907864057,T3,24948
0.3333333333333333,0.3333333333333333,A04,0.004931919276714325,0.004518855453889741,0.9369715603382014,0.6579537742423222,0.984954128440367,0,9.021741412614429e-05,0.00013706140350877192,6e0811712543811a10b6cde1ec29db65b7bb4f25142c6991f2738d3d5c073f0a,3634.3956856677014,0.9379308363970589,0.9400620493522163,0.9362110999569769,3120,51,79,5524,98,322,0.0017197364400819426,0.0011204779148101807,0.0010188572489285355,-0.002131212955157391,ISIC_0002339,0,23.0,0.006328424857728308,ISIC_0002339,0.883116531898207,0.8800722586211546,0.0,0.2267464226182442,0.03634261712431908,0.0350915901362896,0.03439350903329915,0.03746309503912926,0.03641572172789032,0.03539686447896179,canonical_letterbox_valid,3d99874f14ae5f316eec36e21141043d75bd4fd17ccfb31e3174198dee269596,0.4359245576275364,fixed_shrink,0,0,P2-IMA-M-v2,2,54f9f3cfbae47807dbb0d73f,Shrink-D0-0.333333,17,ISIC_0002339_A04_T3_S2_54f9f3cfbae47807dbb0d73f.png,S2,0.9322466850280762,0.9337251264959662,val,M,0.883116531898207,T3,65310
0.3333333333333333,0.3333333333333333,A02,0.008693849667906761,0.008201529269136877,0.7795505296776476,0.30506053326735993,1.0,0,9.021741412614429e-05,0.00013706140350877192,6e0811712543811a10b6cde1ec29db65b7bb4f25142c6991f2738d3d5c073f0a,3634.3956856677014,0.9136691594691384,0.911458744831582,0.9153583168967785,11675,323,105,1439,72,50,-0.0016891574276400867,-0.000725720077753067,-0.0007665263646433121,0.002210414637556446,ISIC_0002339,0,25.0,0.006878722671443813,ISIC_0002339,0.8410597631773503,0.8439269218179835,0.0,0.2267464226182442,0.04900934174656868,0.04979369416832924,0.0496334725001057,0.04828362166881561,0.04800464243291269,0.048771168797556004,canonical_letterbox_valid,3d99874f14ae5f316eec36e21141043d75bd4fd17ccfb31e3174198dee269596,0.4359245576275364,fixed_shrink,0,0,P2-IMA-M-v2,2,5661d5a59fc3c147bbd6a0fe,Shrink-D0-0.333333,17,ISIC_0002339_A02_T1_S1_5661d5a59fc3c147bbd6a0fe.png,S1,0.9106751680374146,0.9106591916740249,val,M,0.8410597631773503,T1,69395
0.3333333333333333,0.3333333333333333,A04,0.02406414784491062,0.023886229484813934,0.5503875968992248,0.2395262355483821,0.9344259838531019,0,0.0003142846644830772,0.00029696637426900583,6e0811712543811a10b6cde1ec29db65b7bb4f25142c6991f2738d3d5c073f0a,3634.3956856677014,0.9288974109166387,0.9220620722229883,0.9270959490537565,928,77,3,47167,218,1618,0.0018014618628822143,0.0009348355233669281,0.0009297882835881607,0.0068353386936503835,ISIC_0002342,0,37.64306044943742,0.010357446933443005,ISIC_0002342,0.8672347731990636,0.8640995886222144,0.0,0.41140799523843524,0.04889921471476555,0.054986029863357544,0.055188209080482754,0.04983405023813248,0.050146789059522454,0.04921700077593429,canonical_letterbox_valid,3d99874f14ae5f316eec36e21141043d75bd4fd17ccfb31e3174198dee269596,0.6116073955320398,fixed_shrink,0,0,P2-IMA-M-v2,2,54f9f37dbae47807dbb0d72d,Shrink-D0-0.333333,17,ISIC_0002342_A04_T3_S2_54f9f37dbae47807dbb0d72d.png,S2,0.9262657165527344,0.9254522279329453,val,M,0.8672347731990636,T3,314161
0.3333333333333333,0.3333333333333333,A02,0.019412623718380928,0.019096227803012743,0.6072154006477418,0.3240939064304967,0.914244756557503,0,0.0003142846644830772,0.00029696637426900583,6e0811712543811a10b6cde1ec29db65b7bb4f25142c6991f2738d3d5c073f0a,3634.3956856677014,0.9485970508020154,0.9507698828471425,0.9476306519981113,25337,558,215,12471,6,1137,0.0009663988039041449,0.0011862553656101227,0.0011593697593203153,-0.002172832045127082,ISIC_0002342,0,40.8166632639171,0.011230660278647775,ISIC_0002342,0.9022202681908111,0.9004734448008747,0.0,0.41140799523843524,0.03782331198453903,0.036084242165088654,0.035983973334259574,0.039009567350149155,0.03898602478513308,0.03782665502581276,canonical_letterbox_valid,3d99874f14ae5f316eec36e21141043d75bd4fd17ccfb31e3174198dee269596,0.6116073955320398,fixed_shrink,0,0,P2-IMA-M-v2,2,5669ba909fc3c15467941096,Shrink-D0-0.333333,17,ISIC_0002342_A02_T1_S1_5669ba909fc3c15467941096.png,S1,0.9437659978866577,0.9434429177513872,val,M,0.9022202681908111,T1,348857
0.3333333333333333,0.3333333333333333,A06,0.04380379617214203,0.04375563737566965,0.3505118455688798,0.19632903480911748,0.6547773826866544,0,0.0033450976841353825,0.00356359649122807,6e0811712543811a10b6cde1ec29db65b7bb4f25142c6991f2738d3d5c073f0a,3634.3956856677014,0.827479484931374,0.8403842669068773,0.820009970388491,119453,5312,11500,8644,2861,720,0.007469514542883027,0.01479356735944748,0.014861487640709506,-0.012904781975503266,ISIC_0002412,0,199.41990757359173,0.05487016957454781,ISIC_0002412,0.7057270847691247,0.6949295755138414,0.0,0.9593791238681979,0.12427865713834763,0.11899705231189728,0.11891417652120394,0.1390722244977951,0.13906965524252202,0.12420816760181251,canonical_letterbox_valid,3d99874f14ae5f316eec36e21141043d75bd4fd17ccfb31e3174198dee269596,0.47558361741519645,fixed_shrink,0,0,P2-IMA-M-v2,2,54ee1fb1bae47871b5e03317,Shrink-D0-0.333333,17,ISIC_0002412_A06_T1_S1_54ee1fb1bae47871b5e03317.png,S1,0.7952464818954468,0.7953393021720446,val,M,0.7057270847691247,T1,307203
0.3333333333333333,0.3333333333333333,A04,0.16707533597946167,0.16702280085781293,0.06171445447201787,0.050181542683972784,0.19063131382239337,0,0.0033450976841353825,0.00356359649122807,6e0811712543811a10b6cde1ec29db65b7bb4f25142c6991f2738d3d5c073f0a,3634.3956856677014,0.6619979865398403,0.6888888888888889,0.6500582466693495,321436,5959,14353,541,8,73,0.011939739870490795,0.015438437461853027,0.015528711919239546,-0.026890902349048562,ISIC_0002412,0,259.2845739477032,0.07134186708678864,ISIC_0002412,0.49476606154565556,0.48154540376685895,0.0,0.9593791238681979,0.25185471773147583,0.25129932165145874,0.25139333276475107,0.26729315519332886,0.26745359951902586,0.2519248875997863,canonical_letterbox_valid,3d99874f14ae5f316eec36e21141043d75bd4fd17ccfb31e3174198dee269596,0.47558361741519645,fixed_shrink,0,0,P2-IMA-M-v2,2,54ee1fb5bae47871b5e0331d,Shrink-D0-0.333333,17,ISIC_0002412_A04_T1_S1_54ee1fb5bae47871b5e0331d.png,S1,0.66336590051651,0.6631730256582403,val,M,0.0,T1,315306
0.3333333333333333,0.3333333333333333,A02,0.03138863667845726,0.030807292052724405,0.2227415701559911,0.12579049596200273,0.6346359195515545,0,0.0005358914399092971,0.00041118421052631577,6e0811712543811a10b6cde1ec29db65b7bb4f25142c6991f2738d3d5c073f0a,3634.3956856677014,0.8783270297195553,0.9092109649460215,0.8702404976456406,55193,0,3256,11,11,0,0.008086532073914743,0.00516616553068161,0.0051966300506549185,-0.030883935226466153,ISIC_0003185,0,68.61923872732895,0.018880508525235717,ISIC_0003185,0.783050900745119,0.77028827447975,0.0,0.2756691830449446,0.07787385582923889,0.05799674615263939,0.05751716514809694,0.0830400213599205,0.08262435533910148,0.07742772528844656,canonical_letterbox_valid,3d99874f14ae5f316eec36e21141043d75bd4fd17ccfb31e3174198dee269596,0.6219568621710035,fixed_shrink,0,0,P2-IMA-M-v2,2,55f1bf829fc3c1423f77e17a,Shrink-D0-0.333333,17,ISIC_0003185_A02_T1_S1_55f1bf829fc3c1423f77e17a.png,S1,0.8756409287452698,0.8759518414758313,val,M,0.783050900745119,T1,199252
0.3333333333333333,0.3333333333333333,A05,0.019844362512230873,0.019561851502626276,0.31203070248623394,0.10521821116700152,0.7796285075698905,0,0.0005358914399092971,0.00041118421052631577,6e0811712543811a10b6cde1ec29db65b7bb4f25142c6991f2738d3d5c073f0a,3634.3956856677014,0.8918134582647165,0.8592455662794145,0.898896935183732,261,0,193,38696,3074,0,-0.007083476919015563,-0.0038830414414405823,-0.003946689919442636,0.03256789198530197,ISIC_0003185,0,49.64876634922564,0.013660803787825403,ISIC_0003185,0.8047503057276317,0.8163603970475948,0.0,0.2756691830449446,0.06668416410684586,0.08823046088218689,0.08854411771410502,0.06280112266540527,0.06279256124899858,0.06673925116844122,canonical_letterbox_valid,3d99874f14ae5f316eec36e21141043d75bd4fd17ccfb31e3174198dee269596,0.6219568621710035,fixed_shrink,0,0,P2-IMA-M-v2,2,566603da9fc3c12067285139,Shrink-D0-0.333333,17,ISIC_0003185_A05_T1_S1_566603da9fc3c12067285139.png,S1,0.8864760398864746,0.8860833491657438,val,M,0.8047503057276317,T1,160567
0.3333333333333333,0.3333333333333333,A05,0.02108113095164299,0.02040614639541446,0.32771795228029477,0.13498718853420982,0.9086484848478055,0,0.0003223819019369445,0.0004825367647058824,6e0811712543811a10b6cde1ec29db65b7bb4f25142c6991f2738d3d5c073f0a,5147.6254720016295,0.9153035243363284,0.9262031654108714,0.9118951541477675,64423,0,3293,10023,644,0,0.003408370188560994,0.002488359808921814,0.0024740486396969685,-0.010899641074542998,ISIC_0003346,0,53.45091205957107,0.010383605479904297,ISIC_0003346,0.8438337773489123,0.8380581684052211,0.0,0.2204654301616383,0.054030053317546844,0.04652782157063484,0.04615682065079627,0.05651841312646866,0.05612413437349477,0.0536500857337978,canonical_letterbox_valid,3d99874f14ae5f316eec36e21141043d75bd4fd17ccfb31e3174198dee269596,0.5750400583057259,fixed_shrink,0,0,P2-IMA-M-v2,2,55e9ff299fc3c1046f7c9727,Shrink-D0-0.333333,17,ISIC_0003346_A05_T1_S1_55e9ff299fc3c1046f7c9727.png,S1,0.9130210280418396,0.9131059749278189,val,M,0.8438337773489123,T1,402264
0.3333333333333333,0.3333333333333333,A06,0.013511710800230503,0.013559355269142648,0.6826634084845871,0.2899803885730094,0.9906862220319024,0,0.0003223819019369445,0.0004825367647058824,6e0811712543811a10b6cde1ec29db65b7bb4f25142c6991f2738d3d5c073f0a,5147.6254720016295,0.9278545316555056,0.9123793442149726,0.932268303833845,214,0,137,55301,3800,0,-0.004413772178339381,-0.0026468709111213684,-0.002557221956003948,0.015475187440533,ISIC_0003346,0,41.86047503098018,0.00813199702633046,ISIC_0003346,0.865418508076344,0.8731297452171637,0.0,0.2204654301616383,0.043961551040410995,0.0538908988237381,0.05471861792445185,0.04131468012928963,0.042165803572621556,0.044723025528625504,canonical_letterbox_valid,3d99874f14ae5f316eec36e21141043d75bd4fd17ccfb31e3174198dee269596,0.5750400583057259,fixed_shrink,0,0,P2-IMA-M-v2,2,568bb66e9fc3c126c063ff58,Shrink-D0-0.333333,17,ISIC_0003346_A06_T3_S1_568bb66e9fc3c126c063ff58.png,S1,0.9255886077880859,0.9241133042118916,val,M,0.865418508076344,T3,356986
0.3333333333333333,0.3333333333333333,A01,0.035974469035863876,0.035039979266073336,0.28982847733294725,0.07335548172757475,0.7228253935329059,0,0.0003638222264214328,0.00022843567251461987,6e0811712543811a10b6cde1ec29db65b7bb4f25142c6991f2738d3d5c073f0a,3634.3956856677014,0.868385624929491,0.9005616925213888,0.8620580991108411,52499,0,2218,0,0,0,0.006327525818649926,0.0033515021204948425,0.003437714579644882,-0.03217606759189784,ISIC_0003516,0,67.59140781570136,0.01859770197346678,ISIC_0003516,0.7673865267709976,0.7575589741771972,0.0,0.2743765545624743,0.0846032053232193,0.06503617763519287,0.06397396024113927,0.08795470744371414,0.08718532698903435,0.08374761240938947,canonical_letterbox_valid,3d99874f14ae5f316eec36e21141043d75bd4fd17ccfb31e3174198dee269596,0.6059890209745603,fixed_shrink,0,0,P2-IMA-M-v2,2,55e0b72b9fc3c104700e26fc,Shrink-D0-0.333333,17,ISIC_0003516_A01_T3_S2_55e0b72b9fc3c104700e26fc.png,S2,0.8667680621147156,0.8675447544472944,val,M,0.7673865267709976,T3,173193
0.3333333333333333,0.3333333333333333,A02,0.0076716323383152485,0.0075078973638288485,0.8434809990463562,0.48487453001192166,1.0,0,0.0003638222264214328,0.00022843567251461987,6e0811712543811a10b6cde1ec29db65b7bb4f25142c6991f2738d3d5c073f0a,3634.3956856677014,0.9509569175817056,0.9621828600063183,0.9469975281765199,13009,0,1753,4401,465,0,0.003959389405185698,0.002618100494146347,0.002744164098360719,-0.011225942424612612,ISIC_0003516,0,25.533296189722208,0.007025458535077283,ISIC_0003516,0.9064993931321897,0.8993307741591605,0.0,0.2743765545624743,0.030942607671022415,0.025865789502859116,0.025772266657046242,0.03356070816516876,0.033690055086926705,0.030945890988565986,canonical_letterbox_valid,3d99874f14ae5f316eec36e21141043d75bd4fd17ccfb31e3174198dee269596,0.6059890209745603,fixed_shrink,0,0,P2-IMA-M-v2,2,5666f2e99fc3c14011cd6d15,Shrink-D0-0.333333,17,ISIC_0003516_A02_T1_S1_5666f2e99fc3c14011cd6d15.png,S1,0.9457864165306091,0.9456161153866969,val,M,0.9064993931321897,T1,168792
0.3333333333333333,0.3333333333333333,A05,0.004074784927070141,0.004166009551783785,0.942396503181349,0.5354387798976504,1.0,0,0.00010284785210380448,0.00011421783625730994,6e0811712543811a10b6cde1ec29db65b7bb4f25142c6991f2738d3d5c073f0a,3634.3956856677014,0.8919752617423149,0.9040219804101147,0.8862363778674213,1152,89,0,5957,0,538,0.00573888387489363,0.0033112764358520508,0.0033726387389403367,-0.012046718667799827,ISIC_0003758,0,18.840078451493152,0.00518382699104264,ISIC_0003758,0.8050138511752928,0.7957131659323728,0.0,0.20131399496954255,0.057169362902641296,0.05164257436990738,0.0530258617170422,0.06048063933849335,0.06259176971606244,0.0592191309771221,canonical_letterbox_valid,3d99874f14ae5f316eec36e21141043d75bd4fd17ccfb31e3174198dee269596,0.31080461260665987,fixed_shrink,0,0,P2-IMA-M-v2,2,55dd30f69fc3c10470dbde8c,Shrink-D0-0.333333,17,ISIC_0003758_A05_T3_S1_55dd30f69fc3c10470dbde8c.png,S1,0.8897360563278198,0.8857277475975396,val,M,0.8050138511752928,T3,29350
0.3333333333333333,0.3333333333333333,A02,0.007373561151325703,0.00655689116150283,0.7645863570391872,0.2408497130997436,1.0,0,0.00010284785210380448,0.00011421783625730994,6e0811712543811a10b6cde1ec29db65b7bb4f25142c6991f2738d3d5c073f0a,3634.3956856677014,0.8531319190364776,0.8644353479412473,0.847861918830664,1211,98,0,8142,0,529,0.005270000205813585,0.003276430070400238,0.0031472593719929776,-0.011303428904769763,ISIC_0003758,0,30.051613541604254,0.008268668615284044,ISIC_0003758,0.7438797305438414,0.73590304208168,0.0,0.20131399496954255,0.08300881832838058,0.07642563432455063,0.07321097227398071,0.08628524839878082,0.08259064191018009,0.07944338253818711,canonical_letterbox_valid,3d99874f14ae5f316eec36e21141043d75bd4fd17ccfb31e3174198dee269596,0.31080461260665987,fixed_shrink,0,0,P2-IMA-M-v2,2,5661d37a9fc3c147bbd6a04a,Shrink-D0-0.333333,17,ISIC_0003758_A02_T1_S1_5661d37a9fc3c147bbd6a04a.png,S1,0.8413559198379517,0.8476701260851286,val,M,0.7438797305438414,T1,27165
0.3333333333333333,0.3333333333333333,A07,0.09089601784944534,0.0900696214572355,0.03198928357431696,0.01472556438347767,0.20040310638470601,0,0.0031210304337784497,0.0029239766081871343,6e0811712543811a10b6cde1ec29db65b7bb4f25142c6991f2738d3d5c073f0a,3634.3956856677014,0.8994648155331192,0.9311027207120086,0.8867662504942402,167695,0,19027,0,0,0,0.012698565038879006,0.017887651920318604,0.01791314085480139,-0.031637905178889425,ISIC_0004110,0,74.06078584514209,0.020377744266316958,ISIC_0004110,0.8172976459347242,0.7965678824307437,0.0,0.4226970431005815,0.09579050540924072,0.0590394102036953,0.058644338270196744,0.11367815732955933,0.11320071541323451,0.09528757455843312,canonical_letterbox_valid,3d99874f14ae5f316eec36e21141043d75bd4fd17ccfb31e3174198dee269596,0.4815644695859016,fixed_shrink,0,0,P2-IMA-M-v2,2,5661d7969fc3c147bbd6a170,Shrink-D0-0.333333,17,ISIC_0004110_A07_T1_S1_5661d7969fc3c147bbd6a170.png,S1,0.8993149995803833,0.8994944723403693,val,M,0.8172976459347242,T1,750164
0.3333333333333333,0.3333333333333333,A06,0.026075126603245735,0.025376158181085424,0.55133618720928,0.30260638875362655,0.9016817028319667,0,0.0031210304337784497,0.0029239766081871343,6e0811712543811a10b6cde1ec29db65b7bb4f25142c6991f2738d3d5c073f0a,3634.3956856677014,0.9583245853453706,0.9770942765451939,0.9473139900093116,63522,0,17613,1586,1414,0,0.01101059533605897,0.010232433676719666,0.010190823137745914,-0.018769691199823302,ISIC_0004110,0,44.94441010848846,0.012366405310717123,ISIC_0004110,0.9199838758439988,0.8999017570469006,0.0,0.4226970431005815,0.03643110394477844,0.024639146402478218,0.02445404049923244,0.04666353762149811,0.046045287950860804,0.03585446481311489,canonical_letterbox_valid,3d99874f14ae5f316eec36e21141043d75bd4fd17ccfb31e3174198dee269596,0.4815644695859016,fixed_shrink,0,0,P2-IMA-M-v2,2,568bb4f29fc3c126c063ff46,Shrink-D0-0.333333,17,ISIC_0004110_A06_T1_S1_568bb4f29fc3c126c063ff46.png,S1,0.9532129168510437,0.9536672285548556,val,M,0.9199838758439988,T1,748578
0.3333333333333333,0.3333333333333333,A05,0.017597246915102005,0.017273941549010578,0.4328918997578241,0.202550155471608,0.9309846442196452,0,0.0005223454794147241,0.0004365808823529412,6e0811712543811a10b6cde1ec29db65b7bb4f25142c6991f2738d3d5c073f0a,5147.6254720016295,0.891226097444531,0.8968141307543716,0.8853424565849133,2873,654,0,66389,335,5390,0.005883640859617678,0.0037178322672843933,0.0038926745619422276,-0.00558803330984059,ISIC_0004309,0,57.26604482757368,0.011124749681003123,ISIC_0004309,0.8037942590373562,0.7942730588557289,0.0,0.23602948540524796,0.06639238446950912,0.06370013952255249,0.06357318969208978,0.07011021673679352,0.07005384940268256,0.06616117484074033,canonical_letterbox_valid,3d99874f14ae5f316eec36e21141043d75bd4fd17ccfb31e3174198dee269596,0.5203520942817099,fixed_shrink,0,0,P2-IMA-M-v2,2,5645f6e39fc3c1155c12d15f,Shrink-D0-0.333333,17,ISIC_0004309_A05_T3_S1_5645f6e39fc3c1155c12d15f.png,S1,0.8848124742507935,0.8849515918675299,val,M,0.8037942590373562,T3,283745
0.3333333333333333,0.3333333333333333,A02,0.028160324320197105,0.027309168502600782,0.5408666482898681,0.18940301954914804,0.7387018052670103,0,0.0005223454794147241,0.0004365808823529412,6e0811712543811a10b6cde1ec29db65b7bb4f25142c6991f2738d3d5c073f0a,5147.6254720016295,0.8791586922636782,0.8830695451257045,0.8791729007224977,75923,2850,335,15946,0,3194,-1.4208458819497949e-05,-0.0004215613007545471,-0.0004028004615123787,-0.003910852862026304,ISIC_0004309,0,116.50321883965266,0.022632419447242914,ISIC_0004309,0.7843739217991959,0.7843965418834202,0.0,0.23602948540524796,0.07720213383436203,0.07460929453372955,0.07360677311013074,0.07678057253360748,0.07579051115200063,0.076193311613513,canonical_letterbox_valid,3d99874f14ae5f316eec36e21141043d75bd4fd17ccfb31e3174198dee269596,0.5203520942817099,fixed_shrink,0,0,P2-IMA-M-v2,2,56659f5e9fc3c147bbd6af8c,Shrink-D0-0.333333,17,ISIC_0004309_A02_T1_S1_56659f5e9fc3c147bbd6af8c.png,S1,0.8737560510635376,0.8749225452755748,val,M,0.7843739217991959,T1,334188
0.3333333333333333,0.3333333333333333,A05,0.01906505599617958,0.018783118647081695,0.49226864372427676,0.15238040162500543,0.9295677630446012,0,0.0007189507747543462,0.0007538377192982456,6e0811712543811a10b6cde1ec29db65b7bb4f25142c6991f2738d3d5c073f0a,3634.3956856677014,0.8693056659845414,0.7742673957261851,0.8839932677827974,71,0,247,30010,4136,0,-0.014687601798256011,-0.009440377354621887,-0.009284238890747101,0.09503827025835632,ISIC_0004333,0,41.614900552649736,0.011450294396055657,ISIC_0004333,0.7688246414902937,0.7921038845586017,0.0,0.24842233339610267,0.07690228521823883,0.14058728516101837,0.14103903932686795,0.06746190786361694,0.06812894201950902,0.07741318091025612,canonical_letterbox_valid,3d99874f14ae5f316eec36e21141043d75bd4fd17ccfb31e3174198dee269596,0.6494462993725778,fixed_shrink,0,0,P2-IMA-M-v2,2,562e759c9fc3c10a87fd9a0c,Shrink-D0-0.333333,17,ISIC_0004333_A05_T3_S1_562e759c9fc3c10a87fd9a0c.png,S1,0.8652604818344116,0.8639567568265695,val,M,0.7688246414902937,T3,100041
0.3333333333333333,0.3333333333333333,A02,0.010491309687495232,0.010493191786626513,0.6640786921559689,0.4195188218446749,0.9502368747934786,0,0.0007189507747543462,0.0007538377192982456,6e0811712543811a10b6cde1ec29db65b7bb4f25142c6991f2738d3d5c073f0a,3634.3956856677014,0.9245605848498989,0.9197696119657032,0.9174393434600109,15143,0,2972,5227,1411,0,0.007121241389888011,0.004358254373073578,0.004291548316527262,0.004790972884195721,ISIC_0004333,0,36.30142489695318,0.009988297377775469,ISIC_0004333,0.859704946485392,0.8474715369689045,0.0,0.24842233339610267,0.045731306076049805,0.05343237146735191,0.054142107029160065,0.05008956044912338,0.050774132465163505,0.04648258414863624,canonical_letterbox_valid,3d99874f14ae5f316eec36e21141043d75bd4fd17ccfb31e3174198dee269596,0.6494462993725778,fixed_shrink,0,0,P2-IMA-M-v2,2,56741b159fc3c16581746793,Shrink-D0-0.333333,17,ISIC_0004333_A02_T1_S1_56741b159fc3c16581746793.png,S1,0.9190286993980408,0.917528023489354,val,M,0.859704946485392,T1,124824
0.3333333333333333,0.3333333333333333,A01,0.027889514341950417,0.028557602059959268,0.5225527104223239,0.34551798771703346,0.7042760242401644,0,0.00035496451667086585,0.00043402777777777775,6e0811712543811a10b6cde1ec29db65b7bb4f25142c6991f2738d3d5c073f0a,3634.3956856677014,0.8854819267916813,0.8817780725266425,0.8894346063709484,35789,1611,9,1738,0,544,-0.003952679579267149,-0.0027154088020324707,-0.002569544803062998,0.0037038542650387196,ISIC_0004447,0,79.30952023559341,0.02182192779623633,ISIC_0004447,0.7944975932446566,0.8008844967377358,0.0,0.21425512583840248,0.07231618463993073,0.07464596629142761,0.07579576589886156,0.06960077583789825,0.0708839498447189,0.07345349464778189,canonical_letterbox_valid,3d99874f14ae5f316eec36e21141043d75bd4fd17ccfb31e3174198dee269596,0.5532705689941184,fixed_shrink,0,0,P2-IMA-M-v2,2,55e4a0429fc3c128ff23aace,Shrink-D0-0.333333,17,ISIC_0004447_A01_T3_S2_55e4a0429fc3c128ff23aace.png,S2,0.8832571506500244,0.8816506127643955,val,M,0.7944975932446566,T3,145084
0.3333333333333333,0.3333333333333333,A05,0.008571676909923553,0.007901020365656371,0.9021331288398451,0.5294102416384551,0.9952079146699645,0,0.00035496451667086585,0.00043402777777777775,6e0811712543811a10b6cde1ec29db65b7bb4f25142c6991f2738d3d5c073f0a,3634.3956856677014,0.9390906186774571,0.9453127234249435,0.9333441361721315,2623,197,5,14537,4,1958,0.005746482505325612,0.003536626696586609,0.003334371719300344,-0.006222104747486412,ISIC_0004447,0,23.04450122961834,0.00634066932241162,ISIC_0004447,0.8851751480477767,0.8750189895573947,0.0,0.21425512583840248,0.03727206215262413,0.03385285660624504,0.03320824162269328,0.04080868884921074,0.03981923848364968,0.03648486676434934,canonical_letterbox_valid,3d99874f14ae5f316eec36e21141043d75bd4fd17ccfb31e3174198dee269596,0.5532705689941184,fixed_shrink,0,0,P2-IMA-M-v2,2,5667419d9fc3c14011cd72b5,Shrink-D0-0.333333,17,ISIC_0004447_A05_T3_S1_5667419d9fc3c14011cd72b5.png,S1,0.9340275526046753,0.9349312868369577,val,M,0.8851751480477767,T3,132285
0.3333333333333333,0.3333333333333333,A05,0.009127046912908554,0.008969998404000395,0.8091861768323749,0.6529122969626376,0.939552113150362,0,0.00033642893885949443,0.0003426535087719298,6e0811712543811a10b6cde1ec29db65b7bb4f25142c6991f2738d3d5c073f0a,3634.3956856677014,0.9406528812847696,0.9365120891176842,0.9432177706730609,11802,1270,2,2333,3,776,-0.002564889388291247,-0.0013927221298217773,-0.0011106567242265553,0.004140792167085405,ISIC_0004677,0,61.68783672369032,0.016973340840942912,ISIC_0004677,0.8879552930918315,0.8925375015756964,0.0,0.2690058296288155,0.03580106794834137,0.03876526653766632,0.039617155013060686,0.03440834581851959,0.03648522379813347,0.03759588052236003,canonical_letterbox_valid,3d99874f14ae5f316eec36e21141043d75bd4fd17ccfb31e3174198dee269596,0.5538259186318283,fixed_shrink,0,0,P2-IMA-M-v2,2,5640bf2d9fc3c1045ec16346,Shrink-D0-0.333333,17,ISIC_0004677_A05_T3_S1_5640bf2d9fc3c1045ec16346.png,S1,0.9375249147415161,0.9337782373592803,val,M,0.8879552930918315,T3,112020
0.3333333333333333,0.3333333333333333,A02,0.016674017533659935,0.016036138059963945,0.48281946493823535,0.16315647576528863,0.9238326103597858,0,0.00033642893885949443,0.0003426535087719298,6e0811712543811a10b6cde1ec29db65b7bb4f25142c6991f2738d3d5c073f0a,3634.3956856677014,0.8994730649204481,0.8947676395467449,0.9076017364689716,25475,1964,5,70,0,82,-0.00812867154852348,-0.004723295569419861,-0.004605380873670489,0.00470542537370322,ISIC_0004677,0,37.48332962798263,0.010313497172528227,ISIC_0004677,0.8173112681294161,0.8308341076406262,0.0,0.2690058296288155,0.05986489728093147,0.06238049268722534,0.06164506535712017,0.05514160171151161,0.05465462283432617,0.05926000370799666,canonical_letterbox_valid,3d99874f14ae5f316eec36e21141043d75bd4fd17ccfb31e3174198dee269596,0.5538259186318283,fixed_shrink,0,0,P2-IMA-M-v2,2,5665a0999fc3c147bbd6b052,Shrink-D0-0.333333,17,ISIC_0004677_A02_T1_S1_5665a0999fc3c147bbd6b052.png,S1,0.8969442248344421,0.8975161306439706,val,M,0.8173112681294161,T1,114283
0.3333333333333333,0.3333333333333333,A05,0.017769914120435715,0.01824859056034994,0.742907315022797,0.4433115168216787,0.9276686897536595,0,0.0011857848849416309,0.0012563961988304093,6e0811712543811a10b6cde1ec29db65b7bb4f25142c6991f2738d3d5c073f0a,3634.3956856677014,0.9449005547672493,0.9462307115522925,0.9440502719966473,23774,2900,151,22668,172,4006,0.0008502827706020621,0.001858483999967575,0.0016226626090683621,-0.0013301567850432239,ISIC_0004715,0,55.97320787662612,0.01540096696057542,ISIC_0004715,0.8955559203794369,0.8940295612194616,0.0,0.5632762664550917,0.04370402544736862,0.04396900534629822,0.045048535075253075,0.0455625094473362,0.046235865158068976,0.04461320254900061,canonical_letterbox_valid,3d99874f14ae5f316eec36e21141043d75bd4fd17ccfb31e3174198dee269596,0.5223563054967251,fixed_shrink,0,0,P2-IMA-M-v2,2,563236f09fc3c10a87fd9c39,Shrink-D0-0.333333,17,ISIC_0004715_A05_T3_S1_563236f09fc3c10a87fd9c39.png,S1,0.9303618669509888,0.9290221854623487,val,M,0.8955559203794369,T3,398217
0.3333333333333333,0.3333333333333333,A02,0.03526056185364723,0.035146825744729326,0.44041687048659767,0.2526242349284876,0.6012618267780482,0,0.0011857848849416309,0.0012563961988304093,6e0811712543811a10b6cde1ec29db65b7bb4f25142c6991f2738d3d5c073f0a,3634.3956856677014,0.9137987623957358,0.917738423021989,0.9196932024197079,75522,6007,286,3268,37,899,-0.005894440023972103,-0.0031713247299194336,-0.003090975221046649,-0.003939660626253283,ISIC_0004715,0,80.21282349919889,0.02207047070177842,ISIC_0004715,0.8412794340128161,0.8513259422968252,0.0,0.5632762664550917,0.06569993495941162,0.06280872970819473,0.06288242737432878,0.06252861022949219,0.06270091524066718,0.06579189046171383,canonical_letterbox_valid,3d99874f14ae5f316eec36e21141043d75bd4fd17ccfb31e3174198dee269596,0.5223563054967251,fixed_shrink,0,0,P2-IMA-M-v2,2,5665c20c9fc3c12067284cdd,Shrink-D0-0.333333,17,ISIC_0004715_A02_T1_S1_5665c20c9fc3c12067284cdd.png,S1,0.9038606882095337,0.9035630448213017,val,M,0.8412794340128161,T1,417617
0.3333333333333333,0.3333333333333333,A07,0.009812792763113976,0.008926885332759902,0.42747593655898486,0.24660646333844496,1.0,0,4.7569181993785166e-05,9.137426900584795e-05,6e0811712543811a10b6cde1ec29db65b7bb4f25142c6991f2738d3d5c073f0a,3634.3956856677014,0.8507727208280165,0.8511799305506342,0.8512070676052346,12630,161,129,0,0,0,-0.00043434677721809756,-0.0014526471495628357,-0.0014338327805953899,-0.0004072097226177629,ISIC_0004799,0,25.317977802344327,0.006966213916163885,ISIC_0004799,0.7402997964345198,0.7409577858655645,0.0,0.30740678601081556,0.08617988973855972,0.0928749367594719,0.09055603680037617,0.08472724258899689,0.08240897424445677,0.08384280702505216,canonical_letterbox_valid,3d99874f14ae5f316eec36e21141043d75bd4fd17ccfb31e3174198dee269596,0.35217175075256085,fixed_shrink,0,0,P2-IMA-M-v2,2,5664a4de9fc3c147bbd6ac3e,Shrink-D0-0.333333,17,ISIC_0004799_A07_T1_S2_5664a4de9fc3c147bbd6ac3e.png,S2,0.8374530076980591,0.8412412712826556,val,M,0.7402997964345198,T1,36003
0.3333333333333333,0.3333333333333333,A02,0.0020297574810683727,0.002108979920196911,0.951884414286836,0.756088416244866,1.0,0,4.7569181993785166e-05,9.137426900584795e-05,6e0811712543811a10b6cde1ec29db65b7bb4f25142c6991f2738d3d5c073f0a,3634.3956856677014,0.938055622939825,0.9365131438189106,0.9378271597894767,1207,47,40,3134,89,114,0.00022846315034830145,-0.0006573423743247986,-0.000954316214069037,0.0015424791209144306,ISIC_0004799,0,17.88854381999832,0.004922013277349542,ISIC_0004799,0.8833378124160172,0.882932724587082,0.0,0.30740678601081556,0.04088174179196358,0.04913478344678879,0.050722783537370246,0.04022439941763878,0.040774688134697624,0.04172900434876666,canonical_letterbox_valid,3d99874f14ae5f316eec36e21141043d75bd4fd17ccfb31e3174198dee269596,0.35217175075256085,fixed_shrink,0,0,P2-IMA-M-v2,2,56659e209fc3c147bbd6af20,Shrink-D0-0.333333,17,ISIC_0004799_A02_T1_S1_56659e209fc3c147bbd6af20.png,S1,0.9202662706375122,0.9186509712226636,val,M,0.8833378124160172,T1,32869
0.3333333333333333,0.3333333333333333,A01,0.03253737837076187,0.03348082270971038,0.47281417705880074,0.26979615468483303,0.658331590466997,0,0.002159804894179894,0.002261513157894737,6e0811712543811a10b6cde1ec29db65b7bb4f25142c6991f2738d3d5c073f0a,3634.3956856677014,0.8145054773286788,0.8158780957161981,0.8295459697447497,53731,8348,0,17472,0,4819,-0.01504049241607086,-0.006590418517589569,-0.0067852810290024435,-0.001372618387519231,ISIC_0005390,0,125.75611172303577,0.03460165667127469,ISIC_0005390,0.6870596715144004,0.7087386162136107,0.0,0.642401467510389,0.11110009253025055,0.1078171506524086,0.10951538081643582,0.10450967401266098,0.10630381195211439,0.11308909298111683,canonical_letterbox_valid,3d99874f14ae5f316eec36e21141043d75bd4fd17ccfb31e3174198dee269596,0.5495789187347758,fixed_shrink,0,0,P2-IMA-M-v2,2,55e08b119fc3c104700e2316,Shrink-D0-0.333333,17,ISIC_0005390_A01_T3_S2_55e08b119fc3c104700e2316.png,S2,0.8103371858596802,0.8073026367474767,val,M,0.6870596715144004,T3,156326
0.3333333333333333,0.3333333333333333,A02,0.01429788675159216,0.014696165342751184,0.4000264060591749,0.2504165501137151,0.8299747417268141,0,0.002159804894179894,0.002261513157894737,6e0811712543811a10b6cde1ec29db65b7bb4f25142c6991f2738d3d5c073f0a,3634.3956856677014,0.8919455377021667,0.896718374861607,0.8678452631015215,5119,1822,0,29776,0,11345,0.024100274600645122,0.014538995921611786,0.014350626693644689,-0.004772837159440324,ISIC_0005390,0,52.191472599003106,0.014360426632912048,ISIC_0005390,0.804965430898126,0.7665429775782868,0.0,0.642401467510389,0.07067965716123581,0.07092712819576263,0.0727270415341852,0.0852186530828476,0.08671285769991505,0.07236223100627036,canonical_letterbox_valid,3d99874f14ae5f316eec36e21141043d75bd4fd17ccfb31e3174198dee269596,0.5495789187347758,fixed_shrink,0,0,P2-IMA-M-v2,2,5666f5e39fc3c14011cd6ea7,Shrink-D0-0.333333,17,ISIC_0005390_A02_T1_S1_5666f5e39fc3c14011cd6ea7.png,S1,0.8729385733604431,0.8699717033302105,val,M,0.804965430898126,T1,144022
0.3333333333333333,0.3333333333333333,A01,0.04743700847029686,0.046257551948431924,0.41282086605133855,0.3051283038893454,0.5745590489305915,0,3.707115562274292e-05,4.5687134502923974e-05,6e0811712543811a10b6cde1ec29db65b7bb4f25142c6991f2738d3d5c073f0a,3634.3956856677014,0.6570858436624583,0.6537029534888207,0.6582283328865229,34665,135,7,1079,2,82,-0.00114248922406468,-0.0007900595664978027,-0.0007674090174149273,0.003382890173637576,ISIC_0005777,0,175.29745403337313,0.04823290285222974,ISIC_0005777,0.4892984712101729,0.490566576280862,0.0,0.17841314722715246,0.1973067820072174,0.19903847575187683,0.1974288483567515,0.1965167224407196,0.19504138791742567,0.1958087969348406,canonical_letterbox_valid,3d99874f14ae5f316eec36e21141043d75bd4fd17ccfb31e3174198dee269596,0.31489736578627003,fixed_shrink,0,0,P2-IMA-M-v2,2,55e086349fc3c104700e2184,Shrink-D0-0.333333,17,ISIC_0005777_A01_T3_S2_55e086349fc3c104700e2184.png,S2,0.6528234481811523,0.6546399580787507,val,M,0.0,T3,34246
0.3333333333333333,0.3333333333333333,A02,0.0048995972611010075,0.004507489318035411,0.8781547788766001,0.5571917326709472,1.0,0,3.707115562274292e-05,4.5687134502923974e-05,6e0811712543811a10b6cde1ec29db65b7bb4f25142c6991f2738d3d5c073f0a,3634.3956856677014,0.8985417505185919,0.9047723155724905,0.89599728420208,251,14,3,6303,6,203,0.0025444663165118397,0.0012634135782718658,0.001431126016673459,-0.006230565053898629,ISIC_0005777,0,22.02271554554524,0.006059526108396006,ISIC_0005777,0.8157746795592534,0.811589746456825,0.0,0.17841314722715246,0.05732794478535652,0.0550675243139267,0.054070082765494576,0.05859135836362839,0.05814054962321251,0.05670942360653905,canonical_letterbox_valid,3d99874f14ae5f316eec36e21141043d75bd4fd17ccfb31e3174198dee269596,0.31489736578627003,fixed_shrink,0,0,P2-IMA-M-v2,2,5661d4ae9fc3c147bbd6a098,Shrink-D0-0.333333,17,ISIC_0005777_A02_T3_S1_5661d4ae9fc3c147bbd6a098.png,S1,0.8902437090873718,0.8910886421049573,val,M,0.8157746795592534,T3,29022
0.3333333333333333,0.3333333333333333,A02,0.01581362634897232,0.01531667407241284,0.2577576083278597,0.047163631599633174,0.8869403067391348,0,0.00022291902872260014,0.0001599049707602339,6e0811712543811a10b6cde1ec29db65b7bb4f25142c6991f2738d3d5c073f0a,3634.3956856677014,0.7679365541653131,0.7756783055373266,0.7585138633798765,0,0,0,20717,125,1234,0.009422690785436671,0.005302265286445618,0.005326070282460488,-0.0077417513720134945,ISIC_0005842,0,39.81205847478876,0.01095424436909505,ISIC_0005842,0.6232930266387854,0.6109724796805932,0.0,0.21758286759602322,0.12615258991718292,0.12162468582391739,0.12070296163408668,0.13145485520362854,0.1304773669240764,0.12515129664161592,canonical_letterbox_valid,3d99874f14ae5f316eec36e21141043d75bd4fd17ccfb31e3174198dee269596,0.34038599912060163,fixed_shrink,0,0,P2-IMA-M-v2,2,560ee6f59fc3c1047093fbbb,Shrink-D0-0.333333,17,ISIC_0005842_A02_T1_S1_560ee6f59fc3c1047093fbbb.png,S1,0.7635084390640259,0.765014080789181,val,M,0.0,T1,34278
0.3333333333333333,0.3333333333333333,A05,0.02657954953610897,0.025644490057374347,0.09989295606784598,0.0,0.4881116666289618,0,0.00022291902872260014,0.0001599049707602339,6e0811712543811a10b6cde1ec29db65b7bb4f25142c6991f2738d3d5c073f0a,3634.3956856677014,0.6531561868609563,0.6603610072548097,0.6444052480247421,0,0,0,28325,125,1234,0.00875093883621425,0.005056008696556091,0.005095629773606225,-0.007204820393853395,ISIC_0005842,0,55.44817345074938,0.015256504312232747,ISIC_0005842,0.4849531775615965,0.4753671752459718,0.0,0.21758286759602322,0.19147655367851257,0.18679416179656982,0.18291761152576752,0.19653256237506866,0.1926314086743246,0.18753577890071838,canonical_letterbox_valid,3d99874f14ae5f316eec36e21141043d75bd4fd17ccfb31e3174198dee269596,0.34038599912060163,fixed_shrink,0,0,P2-IMA-M-v2,2,5661e13a9fc3c147bbd6a284,Shrink-D0-0.333333,17,ISIC_0005842_A05_T1_S1_5661e13a9fc3c147bbd6a284.png,S1,0.6436264514923096,0.6505729322559376,val,M,0.0,T1,26670
0.3333333333333333,0.3333333333333333,A01,0.010284735821187496,0.011707095503554896,0.6258963057784989,0.3339642163890877,0.8222774775505858,0,8.988935080204921e-05,0.0001599049707602339,6e0811712543811a10b6cde1ec29db65b7bb4f25142c6991f2738d3d5c073f0a,3634.3956856677014,0.8331226967151308,0.8255955820972195,0.8387764367998142,15041,496,0,672,0,52,-0.005653740084683334,-0.0028072521090507507,-0.002837060529602531,0.007527114617911335,ISIC_0005957,0,65.97423650840018,0.01815273905606114,ISIC_0005957,0.7139762632881899,0.7223212337237216,0.0,0.158016142799957,0.08222470432519913,0.08649759739637375,0.09531166116801021,0.07941745221614838,0.08808958792988282,0.09092664845948535,canonical_letterbox_valid,3d99874f14ae5f316eec36e21141043d75bd4fd17ccfb31e3174198dee269596,0.33929946101169833,fixed_shrink,0,0,P2-IMA-M-v2,2,55e748659fc3c128ff23adc2,Shrink-D0-0.333333,17,ISIC_0005957_A01_T3_S2_55e748659fc3c128ff23adc2.png,S2,0.8458353281021118,0.8298537985845842,val,M,0.7139762632881899,T3,39223
0.3333333333333333,0.3333333333333333,A02,0.01577574573457241,0.015440816880213173,0.3881906510142954,0.2412655148780401,0.7520963929709177,0,8.988935080204921e-05,0.0001599049707602339,6e0811712543811a10b6cde1ec29db65b7bb4f25142c6991f2738d3d5c073f0a,3634.3956856677014,0.797890286782789,0.7912490658367544,0.8030924709449216,19250,476,0,638,0,72,-0.005202184162132695,-0.003339111804962158,-0.0031787842356990476,0.006641220946034587,ISIC_0005957,0,44.03521041456257,0.012116240008818011,ISIC_0005957,0.6637416518725167,0.6709728625225864,0.0,0.158016142799957,0.10996133089065552,0.11430631577968597,0.11392760319968169,0.10662221908569336,0.10644316098088061,0.10962194521657966,canonical_letterbox_valid,3d99874f14ae5f316eec36e21141043d75bd4fd17ccfb31e3174198dee269596,0.33929946101169833,fixed_shrink,0,0,P2-IMA-M-v2,2,567420579fc3c16581746abd,Shrink-D0-0.333333,17,ISIC_0005957_A02_T1_S1_567420579fc3c16581746abd.png,S1,0.7958530783653259,0.7961969264470539,val,M,0.6637416518725167,T1,39257
0.3333333333333333,0.3333333333333333,A01,0.0069664763286709785,0.006774883790668779,0.8477854230709719,0.5505672737988644,0.9933993399339933,0,0.00044058904425967917,0.00022843567251461987,6e0811712543811a10b6cde1ec29db65b7bb4f25142c6991f2738d3d5c073f0a,3634.3956856677014,0.9196857217793895,0.9009869889397721,0.9232426172553561,4063,0,928,10023,1758,0,-0.003556895475966604,-0.0014945603907108307,-0.002062316308795775,0.018698732839617316,ISIC_0006070,0,30.0,0.008254467205732577,ISIC_0006070,0.8513131227833136,0.8574286390328895,0.0,0.2791666641457308,0.0468234159052372,0.056559011340141296,0.05710404151746433,0.04532885551452637,0.04544539111785898,0.047507707426654756,canonical_letterbox_valid,3d99874f14ae5f316eec36e21141043d75bd4fd17ccfb31e3174198dee269596,0.45249283388835704,fixed_shrink,0,0,P2-IMA-M-v2,2,55e4667d9fc3c128ff23a6c0,Shrink-D0-0.333333,17,ISIC_0006070_A01_T3_S2_55e4667d9fc3c128ff23a6c0.png,S2,0.9133196473121643,0.9117594689373593,val,M,0.8513131227833136,T3,80650
0.3333333333333333,0.3333333333333333,A02,0.009839403443038464,0.009272736027333412,0.7148317117102325,0.3113007601661627,0.8872543238885404,0,0.00044058904425967917,0.00022843567251461987,6e0811712543811a10b6cde1ec29db65b7bb4f25142c6991f2738d3d5c073f0a,3634.3956856677014,0.8950491762460058,0.8771644711995148,0.9025320344833818,2518,0,581,15185,2105,0,-0.007482858237376044,-0.004146646708250046,-0.0038842590925207143,0.01788470504649098,ISIC_0006070,0,45.09988913511872,0.012409185194933746,ISIC_0006070,0.8100353038383535,0.822376655029313,0.0,0.2791666641457308,0.06170734018087387,0.07248148322105408,0.07018454861813989,0.057560693472623825,0.056275370604130875,0.06015962969665159,canonical_letterbox_valid,3d99874f14ae5f316eec36e21141043d75bd4fd17ccfb31e3174198dee269596,0.45249283388835704,fixed_shrink,0,0,P2-IMA-M-v2,2,56741b5b9fc3c165817467c9,Shrink-D0-0.333333,17,ISIC_0006070_A02_T1_S1_56741b5b9fc3c165817467c9.png,S1,0.886424720287323,0.8889534766340302,val,M,0.8100353038383535,T1,75488
0.3333333333333333,0.3333333333333333,A01,0.04489009827375412,0.04255285834280975,0.49976119418738735,0.3202576169600926,0.636265159351355,0,0.0001454960842361636,0.0001599049707602339,6e0811712543811a10b6cde1ec29db65b7bb4f25142c6991f2738d3d5c073f0a,3634.3956856677014,0.8798977048989763,0.8820481103973444,0.8795854892157433,45834,270,378,3759,115,124,0.0003122156832330303,-0.00035008788108825684,-0.0003788029720525887,-0.002150405498368091,ISIC_0006104,0,143.1683874431439,0.03939262530156823,ISIC_0006104,0.7855512025529927,0.7850536393000298,0.0,0.18521381797366493,0.08612018823623657,0.08505848050117493,0.08230208302618758,0.08577010035514832,0.08293904517243991,0.0833178481444925,canonical_letterbox_valid,3d99874f14ae5f316eec36e21141043d75bd4fd17ccfb31e3174198dee269596,0.5015933310810304,fixed_shrink,0,0,P2-IMA-M-v2,2,55e096e39fc3c104700e2346,Shrink-D0-0.333333,17,ISIC_0006104_A01_T3_S2_55e096e39fc3c104700e2346.png,S2,0.8726497292518616,0.8759171620538247,val,M,0.7855512025529927,T3,181665
0.3333333333333333,0.3333333333333333,A02,0.004630252718925476,0.004427839249372191,0.947864760496303,0.7034830404403981,1.0,0,0.0001454960842361636,0.0001599049707602339,6e0811712543811a10b6cde1ec29db65b7bb4f25142c6991f2738d3d5c073f0a,3634.3956856677014,0.9705756394554298,0.9688711401764413,0.9711761463784645,3270,161,99,7517,394,233,-0.0006005069230347049,-0.00012227334082126617,-2.45795167747552e-05,0.001704499278988525,ISIC_0006104,0,18.384776310850235,0.005058551104754746,ISIC_0006104,0.9428333704304324,0.9439673691077954,0.0,0.18521381797366493,0.020882271230220795,0.021791812032461166,0.021756185964455565,0.02075999788939953,0.02084686243654178,0.020871441953316534,canonical_letterbox_valid,3d99874f14ae5f316eec36e21141043d75bd4fd17ccfb31e3174198dee269596,0.5015933310810304,fixed_shrink,0,0,P2-IMA-M-v2,2,567421099fc3c16581746b1d,Shrink-D0-0.333333,17,ISIC_0006104_A02_T1_S1_567421099fc3c16581746b1d.png,S1,0.9628657102584839,0.9626849553427391,val,M,0.9428333704304324,T1,177907
0.3333333333333333,0.3333333333333333,A01,0.011155940592288971,0.010903055242595397,0.528320755011797,0.2832906373550312,0.7519603796945936,0,7.036958301839255e-05,4.5687134502923974e-05,6e0811712543811a10b6cde1ec29db65b7bb4f25142c6991f2738d3d5c073f0a,3634.3956856677014,0.7794859180912557,0.7579929695346501,0.7882556131260795,10275,383,0,483,0,46,-0.008769695034823832,-0.0033867433667182922,-0.003932974631351505,0.02149294855660555,ISIC_0006216,0,75.71525583953984,0.02083296987670445,ISIC_0006216,0.6386537686416768,0.6505131128848347,0.0,0.28483590733107395,0.11831288039684296,0.12736454606056213,0.1288091360031193,0.11492613703012466,0.11429926381382421,0.11823223844517572,canonical_letterbox_valid,3d99874f14ae5f316eec36e21141043d75bd4fd17ccfb31e3174198dee269596,0.3455242033668152,fixed_shrink,0,0,P2-IMA-M-v2,2,55e0a2579fc3c104700e249c,Shrink-D0-0.333333,17,ISIC_0006216_A01_T3_S2_55e0a2579fc3c104700e249c.png,S2,0.7745301723480225,0.774438578352244,val,M,0.0,T3,19014
0.3333333333333333,0.3333333333333333,A02,0.005030231084674597,0.005075559780108082,0.7120835747600552,0.41658932147916566,1.0,0,7.036958301839255e-05,4.5687134502923974e-05,6e0811712543811a10b6cde1ec29db65b7bb4f25142c6991f2738d3d5c073f0a,3634.3956856677014,0.852946404764021,0.8374005907748239,0.8585389474610966,6314,310,0,304,0,119,-0.005592542697075653,-0.0023409798741340637,-0.0024574618778825524,0.015545813989197077,ISIC_0006216,0,26.88679336916518,0.007397871804436068,ISIC_0006216,0.7435976909069777,0.7521403779406093,0.0,0.28483590733107395,0.07713580876588821,0.08473189175128937,0.08796486236369949,0.07479482889175415,0.07682116813806314,0.07927863001594569,canonical_letterbox_valid,3d99874f14ae5f316eec36e21141043d75bd4fd17ccfb31e3174198dee269596,0.3455242033668152,fixed_shrink,0,0,P2-IMA-M-v2,2,5661c6009fc3c147bbd69d02,Shrink-D0-0.333333,17,ISIC_0006216_A02_T1_S1_5661c6009fc3c147bbd69d02.png,S1,0.8507586121559143,0.8465182997482167,val,M,0.7435976909069777,T1,19193
0.3333333333333333,0.3333333333333333,A01,0.01457071304321289,0.014267420179186543,0.7005527711076373,0.4080894229161115,0.8541455160744501,0,7.988341941714958e-05,6.853070175438596e-05,6e0811712543811a10b6cde1ec29db65b7bb4f25142c6991f2738d3d5c073f0a,3634.3956856677014,0.8738653201559421,0.8747435341713625,0.8728951462017649,9135,145,6,8401,1,335,0.0009701739541772003,0.0007529333233833313,0.000699809093589493,-0.000878214015420431,ISIC_0006372,0,104.11243879302292,0.028646423724194923,ISIC_0006372,0.7759865101365593,0.7744578006741716,0.0,0.17631781842419827,0.07384178042411804,0.07298161089420319,0.07215326243965185,0.07459471374750137,0.07343576488631792,0.07273595579272843,canonical_letterbox_valid,3d99874f14ae5f316eec36e21141043d75bd4fd17ccfb31e3174198dee269596,0.38561081010016723,fixed_shrink,0,0,P2-IMA-M-v2,2,55e492459fc3c128ff23a8d6,Shrink-D0-0.333333,17,ISIC_0006372_A01_T3_S2_55e492459fc3c128ff23a8d6.png,S2,0.8668871521949768,0.8687955085937297,val,M,0.7759865101365593,T3,60745
0.3333333333333333,0.3333333333333333,A05,0.007544585037976503,0.006921026404434357,0.8609013674551348,0.25270796878187035,1.0,0,7.988341941714958e-05,6.853070175438596e-05,6e0811712543811a10b6cde1ec29db65b7bb4f25142c6991f2738d3d5c073f0a,3634.3956856677014,0.9045640650565889,0.9074437383064302,0.9019654985874858,3494,48,7,9163,0,432,0.0025985664691031696,0.0015552937984466553,0.0014656914986551986,-0.002879673249841286,ISIC_0006372,0,23.259406699226016,0.006399800327451924,ISIC_0006372,0.8257571585903084,0.8214363915042697,0.0,0.17631781842419827,0.05440530553460121,0.05279134586453438,0.05130135969670765,0.05596059933304787,0.054295375993273914,0.052829684494618716,canonical_letterbox_valid,3d99874f14ae5f316eec36e21141043d75bd4fd17ccfb31e3174198dee269596,0.38561081010016723,fixed_shrink,0,0,P2-IMA-M-v2,2,5665a6199fc3c11b98db259b,Shrink-D0-0.333333,17,ISIC_0006372_A05_T1_S1_5665a6199fc3c11b98db259b.png,S1,0.8987339735031128,0.9012616574151969,val,M,0.8257571585903084,T1,59983
0.3333333333333333,0.3333333333333333,A02,0.004835469648241997,0.004659651283752501,0.9631221310982114,0.535739014355476,1.0,0,9.021741412614429e-05,0.00013706140350877192,6e0811712543811a10b6cde1ec29db65b7bb4f25142c6991f2738d3d5c073f0a,3634.3956856677014,0.9007668770564211,0.9099382107066826,0.8962483631879378,376,70,0,7375,0,480,0.004518513868483343,0.003193087875843048,0.0028144437726924376,-0.00917133365026146,ISIC_0006464,0,17.88854381999832,0.004922013277349542,ISIC_0006464,0.8194502678779408,0.8120018428933425,0.0,0.20940922641333592,0.054755799472332,0.04921793192625046,0.049548054203463476,0.05794888734817505,0.05734790096340542,0.05453345719071298,canonical_letterbox_valid,3d99874f14ae5f316eec36e21141043d75bd4fd17ccfb31e3174198dee269596,0.3476028490201634,fixed_shrink,0,0,P2-IMA-M-v2,2,56099de29fc3c10ee6f16c79,Shrink-D0-0.333333,17,ISIC_0006464_A02_T3_S1_56099de29fc3c10ee6f16c79.png,S1,0.8953238725662231,0.8955927369023265,val,M,0.8194502678779408,T3,35179
0.3333333333333333,0.3333333333333333,A05,0.011715576983988285,0.011479435723535653,0.5607284870609721,0.0971382063746948,0.9938750510412413,0,9.021741412614429e-05,0.00013706140350877192,6e0811712543811a10b6cde1ec29db65b7bb4f25142c6991f2738d3d5c073f0a,3634.3956856677014,0.8076605163983804,0.8199869143458596,0.8014847975086544,0,0,0,13729,0,550,0.006175718889726012,0.003679923713207245,0.003503361336749264,-0.01232639794747914,ISIC_0006464,0,27.784887978899608,0.007644981554559336,ISIC_0006464,0.6773746298820322,0.6687314402375649,0.0,0.20940922641333592,0.1023806557059288,0.09565822780132294,0.09693017434618824,0.10606057941913605,0.1070973394938471,0.10359397815709784,canonical_letterbox_valid,3d99874f14ae5f316eec36e21141043d75bd4fd17ccfb31e3174198dee269596,0.3476028490201634,fixed_shrink,0,0,P2-IMA-M-v2,2,5666039b9fc3c12067285121,Shrink-D0-0.333333,17,ISIC_0006464_A05_T3_S1_5666039b9fc3c12067285121.png,S1,0.8069542646408081,0.80429147940934,val,M,0.6773746298820322,T3,28825
0.3333333333333333,0.3333333333333333,A01,0.012071674689650536,0.0109178291470007,0.7183145978079807,0.5021951468536229,0.8847650404070637,0,0.00011350991013689426,0.0001599049707602339,6e0811712543811a10b6cde1ec29db65b7bb4f25142c6991f2738d3d5c073f0a,3634.3956856677014,0.9006522732980046,0.9021399000991235,0.8997655522368886,7945,200,97,7484,58,337,0.0008867210611159804,0.0005217753350734711,0.0005584579769533637,-0.001487626801118913,ISIC_0006748,0,65.85576194476756,0.018120140909387173,ISIC_0006748,0.8192605955532648,0.8177943837935665,0.0,0.17791963952198328,0.061225924640893936,0.0607011541724205,0.057572503297025,0.06174769997596741,0.05872071735805774,0.05816225938110438,canonical_letterbox_valid,3d99874f14ae5f316eec36e21141043d75bd4fd17ccfb31e3174198dee269596,0.4725045019101833,fixed_shrink,0,0,P2-IMA-M-v2,2,55e4abf99fc3c128ff23ab58,Shrink-D0-0.333333,17,ISIC_0006748_A01_T3_S2_55e4abf99fc3c128ff23ab58.png,S2,0.8896198272705078,0.894593310384792,val,M,0.8192605955532648,T3,69937
0.3333333333333333,0.3333333333333333,A05,0.009321654215455055,0.008509005721562848,0.8230501300648119,0.4914278563383807,0.9912467471019636,0,0.00011350991013689426,0.0001599049707602339,6e0811712543811a10b6cde1ec29db65b7bb4f25142c6991f2738d3d5c073f0a,3634.3956856677014,0.9001321739130435,0.9031232492997199,0.8988566036688591,1632,108,28,12724,127,429,0.001275570244184343,0.0007389634847640991,0.0006005537569357192,-0.002991075386676423,ISIC_0006748,0,27.586228448267445,0.007590320601869022,ISIC_0006748,0.8184003137135846,0.8162938693214038,0.0,0.17791963952198328,0.05978349968791008,0.058344416320323944,0.05557301007993133,0.06052246317267418,0.05733542066786892,0.0567348669109332,canonical_letterbox_valid,3d99874f14ae5f316eec36e21141043d75bd4fd17ccfb31e3174198dee269596,0.4725045019101833,fixed_shrink,0,0,P2-IMA-M-v2,2,5666ed7d9fc3c14011cd6b11,Shrink-D0-0.333333,17,ISIC_0006748_A05_T3_S1_5666ed7d9fc3c14011cd6b11.png,S1,0.8897546529769897,0.8950392718996965,val,M,0.8184003137135846,T3,64697
0.3333333333333333,0.3333333333333333,A01,0.011454988270998001,0.0114888368275442,0.6920836642838232,0.5271388207884886,0.7832512315270935,0,0.000446658215755438,0.00041118421052631577,6e0811712543811a10b6cde1ec29db65b7bb4f25142c6991f2738d3d5c073f0a,3634.3956856677014,0.9149334381582113,0.9149111366218092,0.9103981151034267,9631,853,0,4868,0,1870,0.004535323054784546,0.0026912428438663483,0.002330457975574185,2.230153640203625e-05,ISIC_0007381,0,152.72743093419393,0.04202278566873636,ISIC_0007381,0.8432048966703074,0.8355328012211022,0.0,0.37924401026041193,0.05019032210111618,0.05025877431035042,0.052190939773359646,0.05288156494498253,0.053675453785854754,0.05134499581028057,canonical_letterbox_valid,3d99874f14ae5f316eec36e21141043d75bd4fd17ccfb31e3174198dee269596,0.4610989670117745,fixed_shrink,0,0,P2-IMA-M-v2,2,55e4aded9fc3c128ff23ac4e,Shrink-D0-0.333333,17,ISIC_0007381_A01_T3_S2_55e4aded9fc3c128ff23ac4e.png,S2,0.9110743403434753,0.9087988452069831,val,M,0.8432048966703074,T3,77972
0.3333333333333333,0.3333333333333333,A02,0.026143791154026985,0.025576797805188255,0.403858213635142,0.10235053231492873,0.7549333477175098,0,0.000446658215755438,0.00041118421052631577,6e0811712543811a10b6cde1ec29db65b7bb4f25142c6991f2738d3d5c073f0a,3634.3956856677014,0.8421309450591901,0.8177085766186584,0.8579378528240968,31059,2723,0,0,0,0,-0.015806907764906786,-0.009217560291290283,-0.009068924082387117,0.024422368440531694,ISIC_0007381,0,58.240879114244144,0.016024914222718786,ISIC_0007381,0.7273110387272935,0.7512181845319098,0.0,0.37924401026041193,0.09236586093902588,0.10754649341106415,0.10739310384313328,0.0831483006477356,0.08327157130586527,0.09234049538825238,canonical_letterbox_valid,3d99874f14ae5f316eec36e21141043d75bd4fd17ccfb31e3174198dee269596,0.4610989670117745,fixed_shrink,0,0,P2-IMA-M-v2,2,5661c9399fc3c147bbd69df2,Shrink-D0-0.333333,17,ISIC_0007381_A02_T1_S1_5661c9399fc3c147bbd69df2.png,S1,0.8414120674133301,0.8408958070286835,val,M,0.7273110387272935,T1,82840
0.3333333333333333,0.3333333333333333,A01,0.08749928325414658,0.08620575612620533,0.1011979171398215,0.01211166902493082,0.36927646338303416,0,0.0023605855903068925,0.0023207720588235294,6e0811712543811a10b6cde1ec29db65b7bb4f25142c6991f2738d3d5c073f0a,5147.6254720016295,0.8672848874127134,0.9147529846525967,0.8513312937327719,275468,0,28828,0,0,0,0.015953593679941425,0.015618816018104553,0.015579179972817242,-0.04746809723988332,ISIC_0007469,0,190.4553289469599,0.0369986763766833,ISIC_0007469,0.7656690352013652,0.7411460668231323,0.0,0.5395235093011881,0.11076264083385468,0.06826438009738922,0.06767212888312407,0.12638145685195923,0.12516162442511053,0.10958244445229329,canonical_letterbox_valid,3d99874f14ae5f316eec36e21141043d75bd4fd17ccfb31e3174198dee269596,0.620267518278752,fixed_shrink,0,0,P2-IMA-M-v2,2,55e4ac559fc3c128ff23ab8e,Shrink-D0-0.333333,17,ISIC_0007469_A01_T3_S2_55e4ac559fc3c128ff23ab8e.png,S2,0.8659740090370178,0.8670408672216188,val,M,0.7656690352013652,T3,900083
0.3333333333333333,0.3333333333333333,A02,0.022907765582203865,0.02231916986854986,0.3885069989031975,0.07949711060714479,0.9128891679516649,0,0.0023605855903068925,0.0023207720588235294,6e0811712543811a10b6cde1ec29db65b7bb4f25142c6991f2738d3d5c073f0a,5147.6254720016295,0.9416079087770687,0.9794366375534749,0.9254040952281818,111634,0,28828,0,0,0,0.016203813548886892,0.012189943343400955,0.012183834780606473,-0.037828728776406195,ISIC_0007469,0,57.74424065076679,0.011217646070958853,ISIC_0007469,0.8896588670547199,0.8611647328254838,0.0,0.5395235093011881,0.04265294969081879,0.023158986121416092,0.0230251980842491,0.05484289303421974,0.054319704134398454,0.04213586935379198,canonical_letterbox_valid,3d99874f14ae5f316eec36e21141043d75bd4fd17ccfb31e3174198dee269596,0.620267518278752,fixed_shrink,0,0,P2-IMA-M-v2,2,5674199c9fc3c165817466c7,Shrink-D0-0.333333,17,ISIC_0007469_A02_T1_S1_5674199c9fc3c165817466c7.png,S1,0.9376018643379211,0.9380474311609659,val,M,0.8896588670547199,T1,900083
0.3333333333333333,0.3333333333333333,A05,0.007678972091525793,0.007635103380131832,0.8598806024424983,0.5262084529516305,0.9853442399454669,0,6.960239183296998e-05,0.00013786764705882353,6e0811712543811a10b6cde1ec29db65b7bb4f25142c6991f2738d3d5c073f0a,5147.6254720016295,0.8735863560198421,0.8725054827552345,0.8737144476361394,10865,0,358,11994,490,2,-0.00012809161629723231,0.00017856061458587646,1.4143964401941433e-05,0.0010808732646075958,ISIC_0007483,0,44.1814353700757,0.008582876825515427,ISIC_0007483,0.7755466747837357,0.7757486063835035,0.0,0.1863857930873754,0.06862553209066391,0.06889732927083969,0.06961845620160446,0.06880409270524979,0.06904500386365038,0.06903085989924844,canonical_letterbox_valid,3d99874f14ae5f316eec36e21141043d75bd4fd17ccfb31e3174198dee269596,0.3911281166162662,fixed_shrink,0,0,P2-IMA-M-v2,2,5605872b9fc3c10ee6f16a69,Shrink-D0-0.333333,17,ISIC_0007483_A05_T3_S1_5605872b9fc3c10ee6f16a69.png,S1,0.8704279065132141,0.8695733835816349,val,M,0.7755466747837357,T3,78984
0.3333333333333333,0.3333333333333333,A02,0.0063207414932549,0.005595977337601986,0.8441803041690069,0.4637313769509222,1.0,0,6.960239183296998e-05,0.00013786764705882353,6e0811712543811a10b6cde1ec29db65b7bb4f25142c6991f2738d3d5c073f0a,5147.6254720016295,0.9089034789222947,0.9201955443953991,0.9049681887167942,18040,2,778,164,70,0,0.003935290205500541,0.002402082085609436,0.0023436659500517196,-0.011292065473104351,ISIC_0007483,0,45.08990022160684,0.008759359138860164,ISIC_0007483,0.8330184006310885,0.8264309578881668,0.0,0.1863857930873754,0.05273972451686859,0.04682452604174614,0.045331170433152365,0.05514180660247803,0.053358096780049685,0.051014430829997966,canonical_letterbox_valid,3d99874f14ae5f316eec36e21141043d75bd4fd17ccfb31e3174198dee269596,0.3911281166162662,fixed_shrink,0,0,P2-IMA-M-v2,2,5665c2af9fc3c12067284cfb,Shrink-D0-0.333333,17,ISIC_0007483_A02_T1_S1_5665c2af9fc3c12067284cfb.png,S1,0.9008412957191467,0.9035671156776061,val,M,0.8330184006310885,T1,90814
0.3333333333333333,0.3333333333333333,A01,0.012990067712962627,0.012885684003559333,0.6545218271866068,0.3489598486650331,0.9444013447116628,0,0.000579687893675989,0.0005710891812865497,6e0811712543811a10b6cde1ec29db65b7bb4f25142c6991f2738d3d5c073f0a,3634.3956856677014,0.9022376841472319,0.8910501594058153,0.9109001370767121,18892,2618,0,3870,0,916,-0.008662452929480202,-0.004792846739292145,-0.004551059169597221,0.011187524741416599,ISIC_0008423,0,38.44212165736883,0.010577307751317768,ISIC_0008423,0.8218880090143666,0.836378892410964,0.0,0.18029584617889247,0.05605426803231239,0.06214096397161484,0.06319165821519565,0.05126142129302025,0.05283733768352378,0.057388396853121,canonical_letterbox_valid,3d99874f14ae5f316eec36e21141043d75bd4fd17ccfb31e3174198dee269596,0.45792152092727495,fixed_shrink,0,0,P2-IMA-M-v2,2,55df1ed79fc3c10470dc0a1e,Shrink-D0-0.333333,17,ISIC_0008423_A01_T3_S2_55df1ed79fc3c10470dc0a1e.png,S2,0.9008815288543701,0.8981088902973173,val,M,0.8218880090143666,T3,105034
0.3333333333333333,0.3333333333333333,A05,0.015469888225197792,0.014715364171283227,0.573174726478048,0.2520458265139116,0.9125680410068306,0,0.000579687893675989,0.0005710891812865497,6e0811712543811a10b6cde1ec29db65b7bb4f25142c6991f2738d3d5c073f0a,3634.3956856677014,0.8927055354555545,0.8827058808349212,0.9029869436003607,21780,2809,0,3546,0,725,-0.010281408144806159,-0.005348075181245804,-0.005365252028971812,0.009999654620633347,ISIC_0008423,0,52.663017002675275,0.014490171560117338,ISIC_0008423,0.8062042790242111,0.8231323577532741,0.0,0.18029584617889247,0.06376808136701584,0.06904524564743042,0.06779776649771817,0.058420006185770035,0.057067480546317696,0.06243273257528951,canonical_letterbox_valid,3d99874f14ae5f316eec36e21141043d75bd4fd17ccfb31e3174198dee269596,0.45792152092727495,fixed_shrink,0,0,P2-IMA-M-v2,2,5669ba769fc3c15467941090,Shrink-D0-0.333333,17,ISIC_0008423_A05_T1_S1_5669ba769fc3c15467941090.png,S1,0.8879337310791016,0.8898498990207042,val,M,0.8062042790242111,T1,105358
0.3333333333333333,0.3333333333333333,A01,0.012520837597548962,0.012186661466285055,0.8035428417170971,0.6224418237478365,0.912639405204461,0,0.00036415028974552785,0.00025127923976608186,6e0811712543811a10b6cde1ec29db65b7bb4f25142c6991f2738d3d5c073f0a,3634.3956856677014,0.866965901346556,0.8581698295271791,0.8652053064775675,13006,848,0,3977,0,1372,0.0017605948689884965,-9.191781282424927e-05,0.00038519592658235735,0.008796071819376916,ISIC_0008457,0,55.18151567105072,0.015183133715643546,ISIC_0008457,0.7651719417596549,0.7624333383089303,0.0,0.247026470076609,0.07571151107549667,0.08124877512454987,0.08120566075668267,0.07561959326267242,0.07738507715740735,0.07699988123082499,canonical_letterbox_valid,3d99874f14ae5f316eec36e21141043d75bd4fd17ccfb31e3174198dee269596,0.3096330243145863,fixed_shrink,0,0,P2-IMA-M-v2,2,55df1ce69fc3c10470dc0952,Shrink-D0-0.333333,17,ISIC_0008457_A01_T3_S2_55df1ce69fc3c10470dc0952.png,S2,0.8610978126525879,0.8581868990046351,val,M,0.7651719417596549,T3,55338
0.3333333333333333,0.3333333333333333,A02,0.03818893805146217,0.037239882380119944,0.5003603545591662,0.3076174843455529,0.6424447958542115,0,0.00036415028974552785,0.00025127923976608186,6e0811712543811a10b6cde1ec29db65b7bb4f25142c6991f2738d3d5c073f0a,3634.3956856677014,0.6521204070869064,0.6520734304197322,0.6539777833011491,9687,821,0,25931,0,1399,-0.0018573762142426453,-0.00038795173168182373,-0.0003383697530589813,4.697666717423665e-05,ISIC_0008457,0,216.38633697008098,0.059538464076271065,ISIC_0008457,0.4838120634184516,0.4858595758582975,0.0,0.247026470076609,0.19524648785591125,0.19363512098789215,0.19233721525700193,0.19485853612422943,0.1938380774513883,0.1941764472044473,canonical_letterbox_valid,3d99874f14ae5f316eec36e21141043d75bd4fd17ccfb31e3174198dee269596,0.3096330243145863,fixed_shrink,0,0,P2-IMA-M-v2,2,567416bc9fc3c165817465cb,Shrink-D0-0.333333,17,ISIC_0008457_A02_T1_S1_567416bc9fc3c165817465cb.png,S1,0.6476959586143494,0.6488869879712253,val,M,0.0,T1,33384
0.3333333333333333,0.3333333333333333,A01,0.02087309956550598,0.0201652421729417,0.6609894266941915,0.3800420011787797,0.8275020159026651,0,0.00038842697572856303,0.00047971491228070173,6e0811712543811a10b6cde1ec29db65b7bb4f25142c6991f2738d3d5c073f0a,3634.3956856677014,0.9245747415632007,0.9369485163853708,0.9195164283320579,29776,0,2106,562,262,0,0.005058313231142808,0.003153141587972641,0.0030057753695517386,-0.012373774822170058,ISIC_0008514,0,81.94782897268166,0.022547855561199422,ISIC_0008514,0.8597294273217374,0.8510230534209795,0.0,0.1967252564489306,0.05014084279537201,0.04178846627473831,0.04219455719043834,0.05329398438334465,0.05295959430998257,0.049953818940430834,canonical_letterbox_valid,3d99874f14ae5f316eec36e21141043d75bd4fd17ccfb31e3174198dee269596,0.49308018811336296,fixed_shrink,0,0,P2-IMA-M-v2,2,55df19689fc3c10470dc07fc,Shrink-D0-0.333333,17,ISIC_0008514_A01_T3_S2_55df19689fc3c10470dc07fc.png,S2,0.920591413974762,0.92025760429208,val,M,0.8597294273217374,T3,185944
0.3333333333333333,0.3333333333333333,A02,0.008750020526349545,0.008204405330690225,0.8304386039191411,0.3652479397546691,1.0,0,0.00038842697572856303,0.00047971491228070173,6e0811712543811a10b6cde1ec29db65b7bb4f25142c6991f2738d3d5c073f0a,3634.3956856677014,0.946709925592058,0.9360234344798297,0.950268618187812,3250,0,484,15951,1884,0,-0.0035586925957540316,-0.002048734575510025,-0.001883184951358429,0.010686491112228302,ISIC_0008514,0,20.8806130178211,0.005745277846373233,ISIC_0008514,0.8988121587723181,0.9052493186850622,0.0,0.1967252564489306,0.033596426248550415,0.040474627166986465,0.03955515352967407,0.03154769167304039,0.03092506750525813,0.03280825245661656,canonical_letterbox_valid,3d99874f14ae5f316eec36e21141043d75bd4fd17ccfb31e3174198dee269596,0.49308018811336296,fixed_shrink,0,0,P2-IMA-M-v2,2,5661c4219fc3c147bbd69c60,Shrink-D0-0.333333,17,ISIC_0008514_A02_T1_S1_5661c4219fc3c147bbd69c60.png,S1,0.9415571689605713,0.9425879004174571,val,M,0.8988121587723181,T1,170555
0.3333333333333333,0.3333333333333333,A01,0.004918073303997517,0.005499725488570992,0.7836166924265843,0.558311684429814,0.87168458781362,0,0.00016157118711682204,0.00013706140350877192,6e0811712543811a10b6cde1ec29db65b7bb4f25142c6991f2738d3d5c073f0a,3634.3956856677014,0.9279649047009754,0.9307486914842366,0.9246814606318011,5489,0,653,3181,332,0,0.003283444069174246,0.0019319094717502594,0.0018203993395628573,-0.0027837867832611884,ISIC_0008537,0,95.34553176370144,0.026234218838553574,ISIC_0008537,0.8656105651486499,0.8599139945779191,0.0,0.21989563948337096,0.03741486743092537,0.03601536899805069,0.040256782307763084,0.03934677690267563,0.04348650139368131,0.04166610205411845,canonical_letterbox_valid,3d99874f14ae5f316eec36e21141043d75bd4fd17ccfb31e3174198dee269596,0.3881426204557961,fixed_shrink,0,0,P2-IMA-M-v2,2,55df18859fc3c10470dc0760,Shrink-D0-0.333333,17,ISIC_0008537_A01_T3_S2_55df18859fc3c10470dc0760.png,S2,0.9300883412361145,0.9221675213803341,val,M,0.8656105651486499,T3,55844
0.3333333333333333,0.3333333333333333,A02,0.005431083030998707,0.005114815679097004,0.8902016595633907,0.49510395982176364,1.0,0,0.00016157118711682204,0.00013706140350877192,6e0811712543811a10b6cde1ec29db65b7bb4f25142c6991f2738d3d5c073f0a,3634.3956856677014,0.9215797481117383,0.9109638660659068,0.9261553553262607,871,0,202,7840,783,0,-0.004575607214522437,-0.0022723227739334106,-0.0022387426375149316,0.010615882045831415,ISIC_0008537,0,24.863561992236153,0.0068411819027537416,ISIC_0008537,0.8545645786029117,0.8624668008729044,0.0,0.21989563948337096,0.045925840735435486,0.051369328051805496,0.05090813694395117,0.043653517961502075,0.0427433306466052,0.044982073284120135,canonical_letterbox_valid,3d99874f14ae5f316eec36e21141043d75bd4fd17ccfb31e3174198dee269596,0.3881426204557961,fixed_shrink,0,0,P2-IMA-M-v2,2,5666f4769fc3c14011cd6dff,Shrink-D0-0.333333,17,ISIC_0008537_A02_T1_S1_5666f4769fc3c14011cd6dff.png,S1,0.9135794043540955,0.9151506691108567,val,M,0.8545645786029117,T1,51185
0.3333333333333333,0.3333333333333333,A01,0.007309913635253906,0.006933697481565525,0.9181455798554722,0.6552325430868535,0.9948246118458884,0,0.0009537984236122757,0.0006663602941176471,6e0811712543811a10b6cde1ec29db65b7bb4f25142c6991f2738d3d5c073f0a,5147.6254720016295,0.9712005748869852,0.9670769248999747,0.9674809601237913,23316,0,7762,9627,3886,0,0.0037196147631939347,0.0027793794870376587,0.002643730089437385,0.004123649987010536,ISIC_0008552,0,29.40406633955063,0.0057121611701321,ISIC_0008552,0.9440135279821893,0.9370102852919641,0.0,0.30932788163509833,0.02128690481185913,0.023171309381723404,0.023546899802843586,0.02406628429889679,0.02389708557578063,0.021253355486343245,canonical_letterbox_valid,3d99874f14ae5f316eec36e21141043d75bd4fd17ccfb31e3174198dee269596,0.6792764542719304,fixed_shrink,0,0,P2-IMA-M-v2,2,55df14c49fc3c10470dc060a,Shrink-D0-0.333333,17,ISIC_0008552_A01_T3_S2_55df14c49fc3c10470dc060a.png,S2,0.9647361040115356,0.964426986508879,val,M,0.9440135279821893,T3,555467
0.3333333333333333,0.3333333333333333,A02,0.019093364477157593,0.01866192862741569,0.483951508396125,0.03109136207442139,0.9942462600690449,0,0.0009537984236122757,0.0006663602941176471,6e0811712543811a10b6cde1ec29db65b7bb4f25142c6991f2738d3d5c073f0a,5147.6254720016295,0.9272980430010165,0.8953799429423458,0.9375913547130155,7,0,38,76592,11610,0,-0.010293311711998987,-0.006868045777082443,-0.006940196686158563,0.031918100058670684,ISIC_0008552,0,41.61850534333239,0.008084990947709573,ISIC_0008552,0.864450779595152,0.8825148015053542,0.0,0.30932788163509833,0.04658953845500946,0.0712629109621048,0.07151619288153481,0.03972149267792702,0.039672708114236434,0.046612904800395,canonical_letterbox_valid,3d99874f14ae5f316eec36e21141043d75bd4fd17ccfb31e3174198dee269596,0.6792764542719304,fixed_shrink,0,0,P2-IMA-M-v2,2,56659e599fc3c147bbd6af32,Shrink-D0-0.333333,17,ISIC_0008552_A02_T3_S1_56659e599fc3c147bbd6af32.png,S1,0.9259142875671387,0.9254361190266257,val,M,0.864450779595152,T3,488502
0.3333333333333333,0.3333333333333333,A01,0.004838491324335337,0.005185091931610272,0.840822733072519,0.647769056249511,0.8843689049874617,0,0.0001556637022052658,0.00016084558823529412,6e0811712543811a10b6cde1ec29db65b7bb4f25142c6991f2738d3d5c073f0a,5147.6254720016295,0.942513936730278,0.9383563043759666,0.9437874875669376,14205,1086,0,2851,0,815,-0.0012735508366596981,-0.0007734745740890503,-0.000553030235600209,0.004157632354311325,ISIC_0008578,0,95.57039227360194,0.01856591797391193,ISIC_0008578,0.8912778801226439,0.8935583288943003,0.0,0.23844828732707152,0.0325552336871624,0.03513432666659355,0.03706557941712247,0.03178175911307335,0.034414040544492694,0.0349670707800929,canonical_letterbox_valid,3d99874f14ae5f316eec36e21141043d75bd4fd17ccfb31e3174198dee269596,0.34754613788878197,fixed_shrink,0,0,P2-IMA-M-v2,2,55df10d19fc3c10470dc0544,Shrink-D0-0.333333,17,ISIC_0008578_A01_T3_S2_55df10d19fc3c10470dc0544.png,S2,0.9397280216217041,0.9352509503714245,val,M,0.8912778801226439,T3,139821
0.3333333333333333,0.3333333333333333,A02,0.004423853475600481,0.004132509014660451,0.9803582121744461,0.6050452456141238,1.0,0,0.0001556637022052658,0.00016084558823529412,6e0811712543811a10b6cde1ec29db65b7bb4f25142c6991f2738d3d5c073f0a,5147.6254720016295,0.9423206012969019,0.9320586888894087,0.9483428301031172,17256,1812,0,187,0,89,-0.0060222288062152796,-0.002459544688463211,-0.002391304038482419,0.01026191240749319,ISIC_0008578,0,23.706539182259394,0.004605334889105912,ISIC_0008578,0.8909321694762643,0.9017604379534675,0.0,0.23844828732707152,0.03310799598693848,0.03793654218316078,0.03817404241718599,0.030648451298475266,0.030835991836780655,0.033227295875263074,canonical_letterbox_valid,3d99874f14ae5f316eec36e21141043d75bd4fd17ccfb31e3174198dee269596,0.34754613788878197,fixed_shrink,0,0,P2-IMA-M-v2,2,56741cac9fc3c1658174687d,Shrink-D0-0.333333,17,ISIC_0008578_A02_T1_S1_56741cac9fc3c1658174687d.png,S1,0.9382078647613525,0.9376779172641343,val,M,0.8909321694762643,T1,142485
0.3333333333333333,0.3333333333333333,A01,0.0049288226291537285,0.004858368880786349,0.9355295707203672,0.462479155086159,1.0,0,0.00025982615268329553,0.00025127923976608186,6e0811712543811a10b6cde1ec29db65b7bb4f25142c6991f2738d3d5c073f0a,3634.3956856677014,0.9181374015355469,0.9372598278669458,0.9064278884390946,311,72,0,8720,0,1512,0.011709513096452295,0.006541837006807327,0.006267711879304187,-0.019122426331398934,ISIC_0008705,0,19.439527325491667,0.005348764693440442,ISIC_0008705,0.8486635944700461,0.8288688773759132,0.0,0.2829596100997158,0.044701602309942245,0.034279439598321915,0.03604323549152763,0.05124343931674957,0.051933071350466015,0.04566535947116183,canonical_letterbox_valid,3d99874f14ae5f316eec36e21141043d75bd4fd17ccfb31e3174198dee269596,0.4190410570866588,fixed_shrink,0,0,P2-IMA-M-v2,2,55de127e9fc3c10470dc01a8,Shrink-D0-0.333333,17,ISIC_0008705_A01_T3_S2_55de127e9fc3c10470dc01a8.png,S2,0.9155256152153015,0.9135276499384627,val,M,0.8486635944700461,T3,50644
0.3333333333333333,0.3333333333333333,A02,0.009661010466516018,0.00893217788799741,0.7884827165905763,0.10687317899147271,1.0,0,0.00025982615268329553,0.00025127923976608186,6e0811712543811a10b6cde1ec29db65b7bb4f25142c6991f2738d3d5c073f0a,3634.3956856677014,0.866645029496554,0.8903977863688992,0.8537360591299769,0,0,0,13970,0,1584,0.012908970366577122,0.0069942474365234375,0.007113719113485184,-0.023752756872345238,ISIC_0008705,0,21.633307652783937,0.005952380952380953,ISIC_0008705,0.7646721919008153,0.7447988449169785,0.0,0.2829596100997158,0.07411222904920578,0.06111157312989235,0.059558917994069475,0.08110647648572922,0.07935385365897064,0.07224013454548546,canonical_letterbox_valid,3d99874f14ae5f316eec36e21141043d75bd4fd17ccfb31e3174198dee269596,0.4190410570866588,fixed_shrink,0,0,P2-IMA-M-v2,2,5661c04c9fc3c147bbd69b1c,Shrink-D0-0.333333,17,ISIC_0008705_A02_T3_S1_5661c04c9fc3c147bbd69b1c.png,S1,0.8614365458488464,0.8644519087970265,val,M,0.7646721919008153,T3,45394
0.3333333333333333,0.3333333333333333,A01,0.017536360770463943,0.017083138761960666,0.7173802074895044,0.5114123525270357,0.8364479474211836,0,0.00036234594146300497,0.0003426535087719298,6e0811712543811a10b6cde1ec29db65b7bb4f25142c6991f2738d3d5c073f0a,3634.3956856677014,0.9041177704960371,0.900405588102749,0.90484094827069,16907,1089,0,6853,0,1120,-0.0007231777746528056,-0.00046798214316368103,-7.252971678084474e-05,0.003712182393288188,ISIC_0008781,0,140.47418929795003,0.03865131962705995,ISIC_0008781,0.8250136247808988,0.8262187550218404,0.0,0.3516495328252694,0.06112600117921829,0.06326901167631149,0.06215969295562193,0.06065801903605461,0.059952286223214635,0.06002481593999548,canonical_letterbox_valid,3d99874f14ae5f316eec36e21141043d75bd4fd17ccfb31e3174198dee269596,0.43120830398095594,fixed_shrink,0,0,P2-IMA-M-v2,2,55de0c969fc3c10470dbff86,Shrink-D0-0.333333,17,ISIC_0008781_A01_T3_S2_55de0c969fc3c10470dbff86.png,S2,0.8952843546867371,0.8970335068819697,val,M,0.8250136247808988,T3,112022
0.3333333333333333,0.3333333333333333,A02,0.007520091254264116,0.007449504685885356,0.7375533062734418,0.5648735159511199,1.0,0,0.00036234594146300497,0.0003426535087719298,6e0811712543811a10b6cde1ec29db65b7bb4f25142c6991f2738d3d5c073f0a,3634.3956856677014,0.9412243237746594,0.9296628658627906,0.9454651824679021,13878,1576,0,861,0,633,-0.004240858693242755,-0.0018054544925689697,-0.0016066564146134318,0.0115614579118688,ISIC_0008781,0,28.0,0.007704169392017071,ISIC_0008781,0.88897426046869,0.8965708545124675,0.0,0.3516495328252694,0.03605417162179947,0.0419660359621048,0.04234437193120666,0.0342487171292305,0.035383065028494656,0.03698972144310809,canonical_letterbox_valid,3d99874f14ae5f316eec36e21141043d75bd4fd17ccfb31e3174198dee269596,0.43120830398095594,fixed_shrink,0,0,P2-IMA-M-v2,2,5661d7649fc3c147bbd6a158,Shrink-D0-0.333333,17,ISIC_0008781_A02_T1_S1_5661d7649fc3c147bbd6a158.png,S1,0.9354117512702942,0.9334700617996692,val,M,0.88897426046869,T1,118014
0.3333333333333333,0.3333333333333333,A01,0.003640462877228856,0.0036078216517156057,0.9444444444444444,0.7108904986582008,0.9876665022200296,0,3.395455404383976e-05,0.0,6e0811712543811a10b6cde1ec29db65b7bb4f25142c6991f2738d3d5c073f0a,3634.3956856677014,0.9262929120609474,0.9247699970700264,0.9268434994690348,3440,94,19,2868,29,65,-0.000550587408087333,5.8945268392562866e-05,0.00017655988606548462,0.0015229149909210538,ISIC_0008810,0,20.64894991178387,0.005681535995987817,ISIC_0008810,0.8627054086407662,0.8636610774015354,0.0,0.25932908528169596,0.041455890983343124,0.04201485216617584,0.04294010184413431,0.04151483625173569,0.042661220209979235,0.04248466032391375,canonical_letterbox_valid,3d99874f14ae5f316eec36e21141043d75bd4fd17ccfb31e3174198dee269596,0.3614854261463823,fixed_shrink,0,0,P2-IMA-M-v2,2,55de0a1f9fc3c10470dbfed8,Shrink-D0-0.333333,17,ISIC_0008810_A01_T3_S2_55de0a1f9fc3c10470dbfed8.png,S2,0.9207286834716797,0.9186385010038881,val,M,0.8627054086407662,T3,39637
0.3333333333333333,0.3333333333333333,A05,0.003955272492021322,0.004069895893357351,0.9224201091704884,0.44320822407212984,1.0,0,3.395455404383976e-05,0.0,6e0811712543811a10b6cde1ec29db65b7bb4f25142c6991f2738d3d5c073f0a,3634.3956856677014,0.905519871023876,0.9078141648587237,0.9048489107519325,264,24,0,7120,48,135,0.000670960271943466,0.0008313730359077454,0.0007965863055640968,-0.0022942938348476938,ISIC_0008810,0,20.615528128088304,0.005672340028738746,ISIC_0008810,0.8273515864294232,0.8262320328542094,0.0,0.25932908528169596,0.049896642565727234,0.048440996557474136,0.050926718953556896,0.05072801560163498,0.052966202486908386,0.05216961618134429,canonical_letterbox_valid,3d99874f14ae5f316eec36e21141043d75bd4fd17ccfb31e3174198dee269596,0.3614854261463823,fixed_shrink,0,0,P2-IMA-M-v2,2,5665c8409fc3c12067284d61,Shrink-D0-0.333333,17,ISIC_0008810_A05_T1_S1_5665c8409fc3c12067284d61.png,S1,0.9041619896888733,0.8997306635306688,val,M,0.8273515864294232,T1,35385
0.3333333333333333,0.3333333333333333,A01,0.0074136327020823956,0.00759301197467295,0.8878767288805682,0.5209834538609814,0.985616599858524,0,0.0007447037456958092,0.0007995248538011695,6e0811712543811a10b6cde1ec29db65b7bb4f25142c6991f2738d3d5c073f0a,3634.3956856677014,0.957291265871489,0.9494897901528935,0.9573386441037486,9534,0,2163,8781,2377,0,-4.737823225953175e-05,0.00013126060366630554,0.0002513651738108788,0.007801475718595574,ISIC_0008890,0,23.345235059857504,0.006423415907057071,ISIC_0008890,0.9180811808118081,0.9181683378692393,0.0,0.3259199469086901,0.028055790811777115,0.03302052989602089,0.033534075054467705,0.02818705141544342,0.029256331215260667,0.029004966041449788,canonical_letterbox_valid,3d99874f14ae5f316eec36e21141043d75bd4fd17ccfb31e3174198dee269596,0.5558514731001729,fixed_shrink,0,0,P2-IMA-M-v2,2,55ddfc3f9fc3c10470dbfcbc,Shrink-D0-0.333333,17,ISIC_0008890_A01_T3_S2_55ddfc3f9fc3c10470dbfcbc.png,S2,0.9513020515441895,0.9495830798917734,val,M,0.9180811808118081,T3,205260
0.3333333333333333,0.3333333333333333,A02,0.015046309679746628,0.014795338420666068,0.6171817937803467,0.29905422346815147,0.9770755885997521,0,0.0007447037456958092,0.0007995248538011695,6e0811712543811a10b6cde1ec29db65b7bb4f25142c6991f2738d3d5c073f0a,3634.3956856677014,0.9232492912947687,0.895207672377647,0.9323854604274048,753,0,294,29868,4246,0,-0.00913616913263604,-0.005270838737487793,-0.005369694712752442,0.028041618917121758,ISIC_0008890,0,33.52610922848042,0.009224672305409997,ISIC_0008890,0.8574401519595519,0.8733352964644642,0.0,0.3259199469086901,0.047813780605793,0.06570635735988617,0.06625502952166418,0.042542941868305206,0.04282780055478881,0.04819749526754125,canonical_letterbox_valid,3d99874f14ae5f316eec36e21141043d75bd4fd17ccfb31e3174198dee269596,0.5558514731001729,fixed_shrink,0,0,P2-IMA-M-v2,2,5661fbb89fc3c147bbd6a806,Shrink-D0-0.333333,17,ISIC_0008890_A02_T3_S1_5661fbb89fc3c147bbd6a806.png,S1,0.9194187521934509,0.9184003478855836,val,M,0.8574401519595519,T3,184173
0.3333333333333333,0.3333333333333333,A01,0.03092893585562706,0.031901271083708,0.4463807295137621,0.30661629922258393,0.6181323336742924,0,0.0006695772444780382,0.0008223684210526315,6e0811712543811a10b6cde1ec29db65b7bb4f25142c6991f2738d3d5c073f0a,3634.3956856677014,0.8833935730365294,0.9073588142067355,0.8744597365098187,49604,0,3777,2402,305,0,0.008933836526710759,0.005327202379703522,0.005353625712198912,-0.023965241170206042,ISIC_0008902,0,113.07872567049198,0.031113487757103545,ISIC_0008902,0.79114140103855,0.7769244378679191,0.0,0.5340497311822002,0.07488797605037689,0.060855984687805176,0.06234832663499299,0.08021517843008041,0.08212301711753248,0.07676939140533356,canonical_letterbox_valid,3d99874f14ae5f316eec36e21141043d75bd4fd17ccfb31e3174198dee269596,0.5832176562892408,fixed_shrink,0,0,P2-IMA-M-v2,2,55ddf9d09fc3c10470dbfc14,Shrink-D0-0.333333,17,ISIC_0008902_A01_T3_S2_55ddf9d09fc3c10470dbfc14.png,S2,0.8811529874801636,0.8783624882730409,val,M,0.79114140103855,T3,196995
0.3333333333333333,0.3333333333333333,A02,0.007149795535951853,0.0065106562239450935,0.8360914882187643,0.4910268273709409,0.9765003223877569,0,0.0006695772444780382,0.0008223684210526315,6e0811712543811a10b6cde1ec29db65b7bb4f25142c6991f2738d3d5c073f0a,3634.3956856677014,0.9569226879132157,0.9546402027917408,0.9558261897427807,10987,0,2172,6390,1910,0,0.0010964981704350008,0.0012151971459388733,0.0013603119639600085,0.0022824851214748865,ISIC_0008902,0,27.202941017470888,0.007484859484273033,ISIC_0008902,0.9174034147083429,0.9153899287201281,0.0,0.5340497311822002,0.0318344421684742,0.03302666172385216,0.031859688160679585,0.03304963931441307,0.03179022457666918,0.030429912612709168,canonical_letterbox_valid,3d99874f14ae5f316eec36e21141043d75bd4fd17ccfb31e3174198dee269596,0.5832176562892408,fixed_shrink,0,0,P2-IMA-M-v2,2,5666f64a9fc3c14011cd6ebf,Shrink-D0-0.333333,17,ISIC_0008902_A02_T1_S1_5666f64a9fc3c14011cd6ebf.png,S1,0.943480908870697,0.9456508309985268,val,M,0.9174034147083429,T1,193007
0.3333333333333333,0.3333333333333333,A01,0.017272477969527245,0.01730403781305354,0.29975544427623146,0.05291377340247869,0.8376392285134934,0,0.00032724316578483243,0.00041118421052631577,6e0811712543811a10b6cde1ec29db65b7bb4f25142c6991f2738d3d5c073f0a,3634.3956856677014,0.7738224809529991,0.7944847992931338,0.7600062722960523,26,26,0,22625,53,1916,0.013816208656946771,0.007996082305908203,0.007689227225299203,-0.020662318340134656,ISIC_0008927,0,45.967379738244816,0.012647874286093264,ISIC_0008927,0.6310851968273099,0.6129113844013784,0.0,0.2051394519935697,0.12101861834526062,0.1098027378320694,0.11221143255740862,0.12901470065116882,0.13084105426493314,0.12315182703963394,canonical_letterbox_valid,3d99874f14ae5f316eec36e21141043d75bd4fd17ccfb31e3174198dee269596,0.33179784696751746,fixed_shrink,0,0,P2-IMA-M-v2,2,55ddf8219fc3c10470dbfa88,Shrink-D0-0.333333,17,ISIC_0008927_A01_T3_S2_55ddf8219fc3c10470dbfa88.png,S2,0.7752352356910706,0.7710003837337857,val,M,0.0,T3,38748
0.3333333333333333,0.3333333333333333,A02,0.004672182258218527,0.0038782858946616325,0.9132830481782618,0.634602267773715,0.9808997598163457,0,0.00032724316578483243,0.00041118421052631577,6e0811712543811a10b6cde1ec29db65b7bb4f25142c6991f2738d3d5c073f0a,3634.3956856677014,0.9303864208449555,0.9372516902488325,0.9208995572517806,1516,312,0,6670,53,1630,0.009486863593174855,0.004710782319307327,0.004630203620862444,-0.006865269403876995,ISIC_0008927,0,29.0,0.007979318298874823,ISIC_0008927,0.8698341522364802,0.8533955883721652,0.0,0.2051394519935697,0.0434897318482399,0.04081925004720688,0.03755794845066897,0.048200514167547226,0.0452938163139104,0.040663612693047954,canonical_letterbox_valid,3d99874f14ae5f316eec36e21141043d75bd4fd17ccfb31e3174198dee269596,0.33179784696751746,fixed_shrink,0,0,P2-IMA-M-v2,2,5669b9869fc3c15467941036,Shrink-D0-0.333333,17,ISIC_0008927_A02_T1_S1_5669b9869fc3c15467941036.png,S1,0.9176927208900452,0.9225510605085657,val,M,0.8698341522364802,T1,54703
0.3333333333333333,0.3333333333333333,A01,0.024494530633091927,0.024043364643705475,0.3152232750605597,0.09144504801379914,0.8150815108412931,0,0.00021996645880574452,0.00027412280701754384,6e0811712543811a10b6cde1ec29db65b7bb4f25142c6991f2738d3d5c073f0a,3634.3956856677014,0.8383019246618924,0.8371395076201641,0.8337749244199871,304,29,0,37561,0,1312,0.004527000241905221,0.0023387670516967773,0.002220394522531949,0.0011624170417282587,ISIC_0008968,0,61.39218191268331,0.0168919917428871,ISIC_0008968,0.7216177270655354,0.7149348285152552,0.0,0.22688222511067105,0.0967831015586853,0.09882774949073792,0.09799682853379932,0.09912186861038208,0.0979317492947139,0.09571135477218196,canonical_letterbox_valid,3d99874f14ae5f316eec36e21141043d75bd4fd17ccfb31e3174198dee269596,0.37815936178659076,fixed_shrink,0,0,P2-IMA-M-v2,2,55ddf0e39fc3c10470dbf6f2,Shrink-D0-0.333333,17,ISIC_0008968_A01_T3_S2_55ddf0e39fc3c10470dbf6f2.png,S2,0.8309283256530762,0.8326206550993416,val,M,0.7216177270655354,T3,98153
0.3333333333333333,0.3333333333333333,A02,0.028949595987796783,0.028801742944187105,0.5013601443658167,0.1809128458169319,0.7477037116613848,0,0.00021996645880574452,0.00027412280701754384,6e0811712543811a10b6cde1ec29db65b7bb4f25142c6991f2738d3d5c073f0a,3634.3956856677014,0.8564964593561232,0.857109657178086,0.8603434294026028,41190,1172,0,3211,0,169,-0.003846970046479603,-0.0024302154779434204,-0.0023529895239836757,-0.0006131978219627854,ISIC_0008968,0,101.82919082959727,0.028018190542973165,ISIC_0008968,0.7490107628996517,0.7549146397248593,0.0,0.22688222511067105,0.08761502802371979,0.08753257989883423,0.08755524492448771,0.08518481254577637,0.0853255365776889,0.08767852610167258,canonical_letterbox_valid,3d99874f14ae5f316eec36e21141043d75bd4fd17ccfb31e3174198dee269596,0.37815936178659076,fixed_shrink,0,0,P2-IMA-M-v2,2,5665c1ed9fc3c12067284cd7,Shrink-D0-0.333333,17,ISIC_0008968_A02_T1_S1_5665c1ed9fc3c12067284cd7.png,S1,0.8537195324897766,0.853444690740842,val,M,0.7490107628996517,T1,132503
0.3333333333333333,0.3333333333333333,A01,0.009742246009409428,0.009191799229205403,0.5323712885578473,0.2288337130598194,0.8948105723958172,0,0.00026261469093810365,0.0001827485380116959,6e0811712543811a10b6cde1ec29db65b7bb4f25142c6991f2738d3d5c073f0a,3634.3956856677014,0.775750300120048,0.8009611033966267,0.7596313066924576,387,71,0,14557,0,1530,0.016118993427590378,0.007740318775177002,0.007648320063411193,-0.025210803276578764,ISIC_0008988,0,44.0,0.01210655190174111,ISIC_0008988,0.6336536575799177,0.6124237984972355,0.0,0.15166030074105974,0.12505018711090088,0.11432106047868729,0.11091621309944562,0.13279050588607788,0.12916986452212123,0.12152154445871004,canonical_letterbox_valid,3d99874f14ae5f316eec36e21141043d75bd4fd17ccfb31e3174198dee269596,0.3126449229514533,fixed_shrink,0,0,P2-IMA-M-v2,2,55ddef939fc3c10470dbf5d2,Shrink-D0-0.333333,17,ISIC_0008988_A01_T3_S2_55ddef939fc3c10470dbf5d2.png,S2,0.7596418857574463,0.7661487103117853,val,M,0.0,T3,25848
0.3333333333333333,0.3333333333333333,A02,0.009711191989481449,0.009175734019080915,0.5932645478836727,0.35049961568024596,0.8385876418663303,0,0.00026261469093810365,0.0001827485380116959,6e0811712543811a10b6cde1ec29db65b7bb4f25142c6991f2738d3d5c073f0a,3634.3956856677014,0.8075923383495728,0.8204095148738892,0.7993579035289204,4324,331,0,10111,0,1270,0.008234434820652337,0.0037858858704566956,0.004362094149909054,-0.012817176524316465,ISIC_0008988,0,54.57105459856901,0.015015166018870993,ISIC_0008988,0.6772787229761452,0.6657753429422378,0.0,0.15166030074105974,0.10898443311452866,0.1042240709066391,0.09998482149290684,0.11277031898498535,0.10961984920539825,0.10525775505548919,canonical_letterbox_valid,3d99874f14ae5f316eec36e21141043d75bd4fd17ccfb31e3174198dee269596,0.3126449229514533,fixed_shrink,0,0,P2-IMA-M-v2,2,5665a48f9fc3c11b98db24e1,Shrink-D0-0.333333,17,ISIC_0008988_A02_T1_S1_5665a48f9fc3c11b98db24e1.png,S1,0.7917423248291016,0.7986602239081025,val,M,0.6772787229761452,T1,30294
0.3333333333333333,0.3333333333333333,A01,0.06557575613260269,0.0653677345724913,0.46631188137423485,0.3077069695688171,0.6000750665610737,0,0.001307168314856807,0.0014848318713450292,6e0811712543811a10b6cde1ec29db65b7bb4f25142c6991f2738d3d5c073f0a,3634.3956856677014,0.7557308937441839,0.7383052075182883,0.7613433517373075,64771,3890,0,9777,0,4079,-0.0056124579931235985,-0.005513519048690796,-0.004836172669751476,0.017425686225895576,ISIC_0008994,0,205.15919750350824,0.05644932892490404,ISIC_0008994,0.607369330271557,0.6146524565989677,0.0,0.2516772240152152,0.156418576836586,0.16839411854743958,0.1675972830213793,0.1509050577878952,0.15176414460609094,0.15660031727584242,canonical_letterbox_valid,3d99874f14ae5f316eec36e21141043d75bd4fd17ccfb31e3174198dee269596,0.46313540748547993,fixed_shrink,0,0,P2-IMA-M-v2,2,55ddef559fc3c10470dbf5a2,Shrink-D0-0.333333,17,ISIC_0008994_A01_T3_S2_55ddef559fc3c10470dbf5a2.png,S2,0.7527385950088501,0.7521671000208064,val,M,0.0,T3,115320
0.3333333333333333,0.3333333333333333,A02,0.012653143145143986,0.012324811255729413,0.7014495644482704,0.3633939462710278,0.8902516290295631,0,0.001307168314856807,0.0014848318713450292,6e0811712543811a10b6cde1ec29db65b7bb4f25142c6991f2738d3d5c073f0a,3634.3956856677014,0.9051965246172942,0.9057399044440081,0.895497638873869,7210,2396,0,15704,0,5573,0.009698885743425145,0.006496071815490723,0.006116120588372097,-0.00054337982671393,ISIC_0008994,0,48.093657501954,0.013232917288453792,ISIC_0008994,0.8268118844807909,0.8107702349869451,0.0,0.2516772240152152,0.05754031240940094,0.056425947695970535,0.056536303681888084,0.06403638422489166,0.0631835209490834,0.057067400360711305,canonical_letterbox_valid,3d99874f14ae5f316eec36e21141043d75bd4fd17ccfb31e3174198dee269596,0.46313540748547993,fixed_shrink,0,0,P2-IMA-M-v2,2,5666f4d69fc3c14011cd6e1d,Shrink-D0-0.333333,17,ISIC_0008994_A02_T1_S1_5666f4d69fc3c14011cd6e1d.png,S1,0.8975725173950195,0.8981900105343068,val,M,0.8268118844807909,T1,109393
0.3333333333333333,0.3333333333333333,A01,0.08144332468509674,0.08082575170427977,0.3299648502606908,0.20799943817145017,0.6056426875880371,0,0.008523590789032367,0.008662683823529412,6e0811712543811a10b6cde1ec29db65b7bb4f25142c6991f2738d3d5c073f0a,5147.6254720016295,0.9461992997393944,0.9458717799116115,0.9362902918751341,15244,6825,0,439802,0,97267,0.0099090078642603,0.013537004590034485,0.013638051997543768,0.0003275198277828961,ISIC_0008998,0,118.12112421133432,0.02294672074606148,ISIC_0008998,0.8978920772261765,0.8802122277568099,0.0,0.6137934315600618,0.07480458170175552,0.08249741047620773,0.08173206745376467,0.08834158629179001,0.08803211195165164,0.07439405995410787,canonical_letterbox_valid,3d99874f14ae5f316eec36e21141043d75bd4fd17ccfb31e3174198dee269596,0.6837290263110009,fixed_shrink,0,0,P2-IMA-M-v2,2,55ddef2a9fc3c10470dbf578,Shrink-D0-0.333333,17,ISIC_0008998_A01_T3_S2_55ddef2a9fc3c10470dbf578.png,S2,0.9318341612815857,0.932037631796064,val,M,0.8978920772261765,T3,4001474
0.3333333333333333,0.3333333333333333,A05,0.05014851689338684,0.0500603456694442,0.6603698985746853,0.39276315558486347,0.9129343396645293,0,0.008523590789032367,0.008662683823529412,6e0811712543811a10b6cde1ec29db65b7bb4f25142c6991f2738d3d5c073f0a,5147.6254720016295,0.9729788676910236,0.9701631421381591,0.9713445231354738,126306,43286,0,114042,0,60806,0.0016343445555497826,0.009633950889110565,0.009651365343257098,0.0028157255528644676,ISIC_0008998,0,70.71067811865476,0.013736562324368025,ISIC_0008998,0.9473795982206779,0.9442855698355453,0.0,0.6137934315600618,0.04958765208721161,0.046063780784606934,0.04620146997412159,0.059221602976322174,0.05920189066936138,0.04955052532610428,canonical_letterbox_valid,3d99874f14ae5f316eec36e21141043d75bd4fd17ccfb31e3174198dee269596,0.6837290263110009,fixed_shrink,0,0,P2-IMA-M-v2,2,56683af29fc3c14011cd7357,Shrink-D0-0.333333,17,ISIC_0008998_A05_T3_S1_56683af29fc3c14011cd7357.png,S1,0.9509732127189636,0.9509592950172356,val,M,0.9473795982206779,T3,4327234
0.3333333333333333,0.3333333333333333,A01,0.05854383483529091,0.05852266167872432,0.44055442433385555,0.2870122629077666,0.6180413467991424,0,0.0002959329930404159,0.00034466911764705885,6e0811712543811a10b6cde1ec29db65b7bb4f25142c6991f2738d3d5c073f0a,5147.6254720016295,0.8665623990670012,0.8770057849010701,0.8681528409587095,164848,2636,513,2886,0,465,-0.0015904418917083163,-0.0034019872546195984,-0.0032889701569426694,-0.010443385834068897,ISIC_0009026,0,269.6659935002184,0.05238648284863663,ISIC_0009026,0.7645435428943622,0.7670230331223005,0.0,0.36878635153087314,0.09585942327976227,0.08938860893249512,0.08965495405020646,0.09245743602514267,0.0928222075486297,0.09611117770557237,canonical_letterbox_valid,3d99874f14ae5f316eec36e21141043d75bd4fd17ccfb31e3174198dee269596,0.6764845575089906,fixed_shrink,0,0,P2-IMA-M-v2,2,55ddeddb9fc3c10470dbf40a,Shrink-D0-0.333333,17,ISIC_0009026_A01_T3_S2_55ddeddb9fc3c10470dbf40a.png,S2,0.8668249845504761,0.8663003062675796,val,M,0.7645435428943622,T3,544644
0.3333333333333333,0.3333333333333333,A02,0.02323412522673607,0.02264156790081387,0.44076239816681106,0.08979196501256766,0.8166075077982146,0,0.0002959329930404159,0.00034466911764705885,6e0811712543811a10b6cde1ec29db65b7bb4f25142c6991f2738d3d5c073f0a,5147.6254720016295,0.9151602750487656,0.9019916848767475,0.9128199452771665,0,0,0,85639,513,3101,0.002340329771599148,0.001459028571844101,0.0014842790599621514,0.013168590172018102,ISIC_0009026,0,65.73431371817918,0.012769832241236989,ISIC_0009026,0.8435903055540336,0.8396216811665861,0.0,0.36878635153087314,0.05647638440132141,0.06691992282867432,0.06663097081514624,0.05793541297316551,0.057547715164677535,0.05606343610471538,canonical_letterbox_valid,3d99874f14ae5f316eec36e21141043d75bd4fd17ccfb31e3174198dee269596,0.6764845575089906,fixed_shrink,0,0,P2-IMA-M-v2,2,5674195d9fc3c165817466a9,Shrink-D0-0.333333,17,ISIC_0009026_A02_T1_S1_5674195d9fc3c165817466a9.png,S1,0.9102813601493835,0.9105146956913831,val,M,0.8435903055540336,T1,461891
0.3333333333333333,0.3333333333333333,A01,0.008725723251700401,0.00836053649227429,0.8851085188356975,0.23200635103926098,1.0,0,0.0002880395985554716,0.0003654970760233918,6e0811712543811a10b6cde1ec29db65b7bb4f25142c6991f2738d3d5c073f0a,3634.3956856677014,0.9232869944078873,0.9251326549441251,0.9163891526572245,2,1,0,17077,39,1716,0.00689784175066277,0.003979947417974472,0.0038159210530110746,-0.0018456605362378031,ISIC_0009040,0,22.0,0.006053275950870555,ISIC_0009040,0.8575051936891462,0.8456810439876907,0.0,0.2708635051885283,0.044472139328718185,0.043385498225688934,0.043150952357758995,0.04845208674669266,0.04791296410523224,0.04409704305222117,canonical_letterbox_valid,3d99874f14ae5f316eec36e21141043d75bd4fd17ccfb31e3174198dee269596,0.5530199173627414,fixed_shrink,0,0,P2-IMA-M-v2,2,55dded489fc3c10470dbf350,Shrink-D0-0.333333,17,ISIC_0009040_A01_T3_S2_55dded489fc3c10470dbf350.png,S2,0.9197814464569092,0.920166450387832,val,M,0.8575051936891462,T3,102778
0.3333333333333333,0.3333333333333333,A02,0.019416531547904015,0.01905036008343195,0.4021888696554518,0.08005031734232947,0.8690770267235571,0,0.0002880395985554716,0.0003654970760233918,6e0811712543811a10b6cde1ec29db65b7bb4f25142c6991f2738d3d5c073f0a,3634.3956856677014,0.8868983531831922,0.8850750638348336,0.8937662939361737,30569,1717,39,0,0,0,-0.006867940752981472,-0.004119709134101868,-0.0039660639062857606,0.0018232893483586254,ISIC_0009040,0,44.37453180320678,0.01220960391797692,ISIC_0009040,0.796781098760836,0.8079362335797479,0.0,0.2708635051885283,0.06625346094369888,0.0673103779554367,0.06747587490860736,0.062133751809597015,0.06253496243706604,0.0665010263433518,canonical_letterbox_valid,3d99874f14ae5f316eec36e21141043d75bd4fd17ccfb31e3174198dee269596,0.5530199173627414,fixed_shrink,0,0,P2-IMA-M-v2,2,5665a57c9fc3c11b98db2577,Shrink-D0-0.333333,17,ISIC_0009040_A02_T1_S1_5665a57c9fc3c11b98db2577.png,S1,0.8869096040725708,0.8860483073967284,val,M,0.796781098760836,T1,119855
0.3333333333333333,0.3333333333333333,A01,0.006454004906117916,0.006043353179541118,0.7296238660372681,0.38413569468695435,0.951396070320579,0,0.00013339093681871543,6.893382352941176e-05,6e0811712543811a10b6cde1ec29db65b7bb4f25142c6991f2738d3d5c073f0a,5147.6254720016295,0.8258895648967551,0.7748979763810808,0.8460068089534345,15040,1562,0,70,0,67,-0.020117244056679362,-0.009342953562736511,-0.009571887956668676,0.05099158851567431,ISIC_0009053,0,60.02164714171896,0.011660064911128786,ISIC_0009053,0.703417276777828,0.7331124789273533,0.0,0.17006907692105946,0.09335244446992874,0.11986371129751205,0.11775394986030892,0.08400949090719223,0.08268724862663338,0.09225913658330205,canonical_letterbox_valid,3d99874f14ae5f316eec36e21141043d75bd4fd17ccfb31e3174198dee269596,0.2716732302458082,fixed_shrink,0,0,P2-IMA-M-v2,2,55ddec909fc3c10470dbf290,Shrink-D0-0.333333,17,ISIC_0009053_A01_T3_S2_55ddec909fc3c10470dbf290.png,S2,0.819749116897583,0.821525080012937,val,M,0.703417276777828,T3,35837
0.3333333333333333,0.3333333333333333,A05,0.0012692282907664776,0.0012428679213478506,0.9978251413658111,0.898583439890847,1.0,0,0.00013339093681871543,6.893382352941176e-05,6e0811712543811a10b6cde1ec29db65b7bb4f25142c6991f2738d3d5c073f0a,5147.6254720016295,0.9243894422453092,0.9291298179952311,0.9157333184370025,1727,443,0,3564,0,1186,0.008656123808306715,0.0034926049411296844,0.004101571881539819,-0.004740375749921921,ISIC_0009053,0,16.401219466856727,0.0031861718681874484,ISIC_0009053,0.8594090450124887,0.8445646573930964,0.0,0.17006907692105946,0.04324788227677345,0.04390611872076988,0.043486308243050456,0.04674048721790314,0.04862569836102498,0.044524126479485164,canonical_letterbox_valid,3d99874f14ae5f316eec36e21141043d75bd4fd17ccfb31e3174198dee269596,0.2716732302458082,fixed_shrink,0,0,P2-IMA-M-v2,2,5666ec749fc3c14011cd6a99,Shrink-D0-0.333333,17,ISIC_0009053_A05_T3_S1_5666ec749fc3c14011cd6a99.png,S1,0.9147734642028809,0.9121946149623775,val,M,0.8594090450124887,T3,32343
0.3333333333333333,0.3333333333333333,A01,0.013133554719388485,0.01289147290498974,0.7423343558251918,0.3908968228356851,0.9110562075355157,0,0.0003720238095238095,0.00045687134502923974,6e0811712543811a10b6cde1ec29db65b7bb4f25142c6991f2738d3d5c073f0a,3634.3956856677014,0.9104426031218372,0.8987138330779924,0.9166320183269335,21056,1792,4,712,0,472,-0.006189415205096305,-0.0031394995748996735,-0.002837059023435562,0.011728770043844872,ISIC_0009056,0,50.10761397441691,0.013787055210311056,ISIC_0009056,0.8356077483668769,0.8460948023508695,0.0,0.20017211145728295,0.053678497672080994,0.06016508489847183,0.0597893268131455,0.05053899809718132,0.05114672457995058,0.05398378360338614,canonical_letterbox_valid,3d99874f14ae5f316eec36e21141043d75bd4fd17ccfb31e3174198dee269596,0.4530113872886004,fixed_shrink,0,0,P2-IMA-M-v2,2,55dde8159fc3c10470dbf104,Shrink-D0-0.333333,17,ISIC_0009056_A01_T3_S2_55dde8159fc3c10470dbf104.png,S2,0.9057765603065491,0.9049239056982175,val,M,0.8356077483668769,T3,110647
0.3333333333333333,0.3333333333333333,A05,0.008257090114057064,0.008084663900213833,0.7816177104541303,0.5772989013769404,0.9270038910505837,0,0.0003720238095238095,0.00045687134502923974,6e0811712543811a10b6cde1ec29db65b7bb4f25142c6991f2738d3d5c073f0a,3634.3956856677014,0.9359230005610946,0.9316889958234178,0.9378328702714255,11909,1284,3,2937,1,980,-0.0019098697103309137,-0.0016710422933101654,-0.0008987189204952006,0.0042340047376767664,ISIC_0009056,0,45.456571604726285,0.012507325986541591,ISIC_0009056,0.8795632280883928,0.8829428477146329,0.0,0.20017211145728295,0.04059121012687683,0.04482884705066681,0.043351993201711736,0.038920167833566666,0.03971698789744035,0.040615706817935554,canonical_letterbox_valid,3d99874f14ae5f316eec36e21141043d75bd4fd17ccfb31e3174198dee269596,0.4530113872886004,fixed_shrink,0,0,P2-IMA-M-v2,2,5666048f9fc3c12067285175,Shrink-D0-0.333333,17,ISIC_0009056_A05_T3_S1_5666048f9fc3c12067285175.png,S1,0.927074670791626,0.9268532502643427,val,M,0.8795632280883928,T3,108422
0.3333333333333333,0.3333333333333333,A01,0.02003878355026245,0.020354351790956463,0.6362441921064027,0.2686596977162261,0.8575505388686946,0,0.0002967518447090391,0.00022977941176470588,6e0811712543811a10b6cde1ec29db65b7bb4f25142c6991f2738d3d5c073f0a,5147.6254720016295,0.9130522955122998,0.9059221469317585,0.9147857616485315,31454,0,802,45291,2723,99,-0.0017334661362317094,2.7194619178771973e-06,5.114698102938464e-05,0.0071301485805412845,ISIC_0009076,0,172.75768467158542,0.0335606554150509,ISIC_0009076,0.8400149259642986,0.8429540724034066,0.0,0.42151131834097383,0.0558260977268219,0.06019037961959839,0.06127338151542861,0.05582881718873978,0.057164748117610256,0.05711360113658087,canonical_letterbox_valid,3d99874f14ae5f316eec36e21141043d75bd4fd17ccfb31e3174198dee269596,0.6576642650931329,fixed_shrink,0,0,P2-IMA-M-v2,2,55dde52d9fc3c10470dbf08c,Shrink-D0-0.333333,17,ISIC_0009076_A01_T3_S2_55dde52d9fc3c10470dbf08c.png,S2,0.9083865880966187,0.9061271495177947,val,M,0.8400149259642986,T3,402956
0.3333333333333333,0.3333333333333333,A02,0.015364125370979309,0.015156210618265633,0.5382205235524273,0.21706723360359287,0.9433995691717734,0,0.0002967518447090391,0.00022977941176470588,6e0811712543811a10b6cde1ec29db65b7bb4f25142c6991f2738d3d5c073f0a,5147.6254720016295,0.9275536471794765,0.9393746141927993,0.9244471150597405,69388,99,3182,547,343,0,0.003106532119735994,0.0023204460740089417,0.002397849487464465,-0.011820967013322803,ISIC_0009076,0,53.14696584714222,0.010324559573382536,ISIC_0009076,0.8648951481256097,0.859508749410391,0.0,0.42151131834097383,0.04623005539178848,0.03919778764247894,0.0392114662797252,0.048550501465797424,0.0486259178089745,0.04622806832151004,canonical_letterbox_valid,3d99874f14ae5f316eec36e21141043d75bd4fd17ccfb31e3174198dee269596,0.6576642650931329,fixed_shrink,0,0,P2-IMA-M-v2,2,5674132d9fc3c16581746457,Shrink-D0-0.333333,17,ISIC_0009076_A02_T1_S1_5674132d9fc3c16581746457.png,S1,0.9229040145874023,0.9227000739752456,val,M,0.8648951481256097,T1,447700
0.3333333333333333,0.3333333333333333,A01,0.050557687878608704,0.05075936634666779,0.20593737676133902,0.07887946220279754,0.6081006053404525,0,0.0029916094524229447,0.0029468201754385965,6e0811712543811a10b6cde1ec29db65b7bb4f25142c6991f2738d3d5c073f0a,3634.3956856677014,0.9205423710379209,0.9460152204239228,0.9101719727380834,133589,379,17106,834,753,0,0.010370398299837547,0.006298810243606567,0.006283702991466356,-0.025472849386001917,ISIC_0009115,0,84.87343503104596,0.023352832870054775,ISIC_0009115,0.852782310615602,0.8351519230284423,0.0,0.5792548189418746,0.06682417541742325,0.0490843802690506,0.04933766418076969,0.07312298566102982,0.0733748331361993,0.06709113014473295,canonical_letterbox_valid,3d99874f14ae5f316eec36e21141043d75bd4fd17ccfb31e3174198dee269596,0.6048784157631895,fixed_shrink,0,0,P2-IMA-M-v2,2,55ddd9f69fc3c10470dbef2a,Shrink-D0-0.333333,17,ISIC_0009115_A01_T3_S2_55ddd9f69fc3c10470dbef2a.png,S2,0.9169093370437622,0.9165771060572019,val,M,0.852782310615602,T3,778667
0.3333333333333333,0.3333333333333333,A02,0.042360201478004456,0.04202102878045365,0.5625920588759561,0.36854756794701826,0.6943456249700019,0,0.0029916094524229447,0.0029468201754385965,6e0811712543811a10b6cde1ec29db65b7bb4f25142c6991f2738d3d5c073f0a,3634.3956856677014,0.9374059574804342,0.9267925596807757,0.9366477584995153,27324,46,8808,67731,9051,333,0.0007581989809188894,0.000991232693195343,0.001055664774881837,0.01061339779965853,ISIC_0009115,0,90.25103874330361,0.02483247465299666,ISIC_0009115,0.8821863477210051,0.8808442978197158,0.0,0.5792548189418746,0.05943886190652847,0.06698787212371826,0.06673928730604549,0.060430094599723816,0.06015988067766364,0.0591042159027818,canonical_letterbox_valid,3d99874f14ae5f316eec36e21141043d75bd4fd17ccfb31e3174198dee269596,0.6048784157631895,fixed_shrink,0,0,P2-IMA-M-v2,2,5667149b9fc3c14011cd70b1,Shrink-D0-0.333333,17,ISIC_0009115_A02_T1_S1_5667149b9fc3c14011cd70b1.png,S1,0.9234824776649475,0.92381259697489,val,M,0.8821863477210051,T1,711770
0.3333333333333333,0.3333333333333333,A01,0.022349782288074493,0.02181440498374835,0.5710070223321801,0.38246090939025446,0.8061918677987333,0,0.0006940179621231209,0.0006624634502923976,6e0811712543811a10b6cde1ec29db65b7bb4f25142c6991f2738d3d5c073f0a,3634.3956856677014,0.9167383215558752,0.922458585901526,0.9183733217003538,37495,2368,84,5111,0,1779,-0.0016350001444785933,-0.0006399527192115784,-0.0006201489777535804,-0.005720264345650761,ISIC_0009190,0,79.8103940746788,0.02195974268553432,ISIC_0009190,0.8462759643381597,0.8490668177157648,0.0,0.3005718298839269,0.057892922312021255,0.053995274007320404,0.05292958972184309,0.05725296959280968,0.056394292912758236,0.057014441890511816,canonical_letterbox_valid,3d99874f14ae5f316eec36e21141043d75bd4fd17ccfb31e3174198dee269596,0.5228040562976415,fixed_shrink,0,0,P2-IMA-M-v2,2,55ddd5d59fc3c10470dbed68,Shrink-D0-0.333333,17,ISIC_0009190_A01_T3_S2_55ddd5d59fc3c10470dbed68.png,S2,0.906563937664032,0.9077855212027247,val,M,0.8462759643381597,T3,234553
0.3333333333333333,0.3333333333333333,A02,0.013127545826137066,0.01281625632163199,0.6729756397272649,0.328188811599464,0.9633258752949538,0,0.0006940179621231209,0.0006624634502923976,6e0811712543811a10b6cde1ec29db65b7bb4f25142c6991f2738d3d5c073f0a,3634.3956856677014,0.9389349633559454,0.9324079637034122,0.9406297562314428,13339,2315,0,15782,84,1832,-0.0016947928754974528,-0.0014403313398361206,-0.0013249215581788293,0.0065269996525332274,ISIC_0009190,0,35.608987629529715,0.009797774020576333,ISIC_0009190,0.8848985980403394,0.8879140808083187,0.0,0.3005718298839269,0.0431508906185627,0.04844733700156212,0.04812475918567991,0.04171055927872658,0.04152381875623251,0.04284874031441134,canonical_letterbox_valid,3d99874f14ae5f316eec36e21141043d75bd4fd17ccfb31e3174198dee269596,0.5228040562976415,fixed_shrink,0,0,P2-IMA-M-v2,2,5661c95f9fc3c147bbd69df8,Shrink-D0-0.333333,17,ISIC_0009190_A02_T1_S1_5661c95f9fc3c147bbd69df8.png,S1,0.926825761795044,0.9271187756928093,val,M,0.8848985980403394,T1,223882
0.3333333333333333,0.3333333333333333,A01,0.025941286236047745,0.02588804615749297,0.4819359900381775,0.29116627082647145,0.7606349259023746,0,0.00032757122910892755,0.00045687134502923974,6e0811712543811a10b6cde1ec29db65b7bb4f25142c6991f2738d3d5c073f0a,3634.3956856677014,0.872006107064474,0.8872178103841877,0.8646133498988037,31559,0,1793,633,204,0,0.007392757165670338,0.003931261599063873,0.003791781814672962,-0.015211703319713665,ISIC_0009202,0,151.3175399711565,0.04163485571146798,ISIC_0009202,0.7730592448467417,0.7615144583756919,0.0,0.27594891029234386,0.07732315361499786,0.06913162767887115,0.07022618230883484,0.08125441521406174,0.082562838517486,0.07877105670281304,canonical_letterbox_valid,3d99874f14ae5f316eec36e21141043d75bd4fd17ccfb31e3174198dee269596,0.5159404620802731,fixed_shrink,0,0,P2-IMA-M-v2,2,55ddd4619fc3c10470dbed20,Shrink-D0-0.333333,17,ISIC_0009202_A01_T3_S2_55ddd4619fc3c10470dbed20.png,S2,0.8712949752807617,0.8683459327518669,val,M,0.7730592448467417,T3,109660
0.3333333333333333,0.3333333333333333,A05,0.005785081535577774,0.0055608331255562315,0.8358380927985467,0.5994412271285471,0.9991341991341991,0,0.00032757122910892755,0.00045687134502923974,6e0811712543811a10b6cde1ec29db65b7bb4f25142c6991f2738d3d5c073f0a,3634.3956856677014,0.9442058872051095,0.9301791625556713,0.9485149268645495,1703,0,490,10134,1507,0,-0.004309039659440073,-0.002113576978445053,-0.0018064932082771448,0.014026724649438105,ISIC_0009202,0,24.704243944039227,0.0067973457159496466,ISIC_0009202,0.8943087253116183,0.9020716994451936,0.0,0.27594891029234386,0.034267857670784,0.042449869215488434,0.04199294057337466,0.032154280692338943,0.032404167471698164,0.03421066067997531,canonical_letterbox_valid,3d99874f14ae5f316eec36e21141043d75bd4fd17ccfb31e3174198dee269596,0.5159404620802731,fixed_shrink,0,0,P2-IMA-M-v2,2,5668a1c59fc3c14011cd7708,Shrink-D0-0.333333,17,ISIC_0009202_A05_T1_S1_5668a1c59fc3c14011cd7708.png,S1,0.9372493624687195,0.9371395117656056,val,M,0.8943087253116183,T1,100159
0.3333333333333333,0.3333333333333333,A01,0.028906378895044327,0.02883450640160107,0.4251913169522013,0.20012175063363008,0.7219052079774121,0,0.0004633894452842866,0.00041118421052631577,6e0811712543811a10b6cde1ec29db65b7bb4f25142c6991f2738d3d5c073f0a,3634.3956856677014,0.8702662156453064,0.8910060353681012,0.8617142724686057,44879,0,2705,262,120,0,0.008551943176700716,0.005412884056568146,0.005494860657979092,-0.020739819722794817,ISIC_0009350,0,110.08857981507022,0.03029075239363901,ISIC_0009350,0.7703285744812919,0.7570280920041135,0.0,0.2559893398314058,0.07927112281322479,0.06655292212963104,0.06709011124527252,0.08468400686979294,0.0853951048739481,0.079900244215969,canonical_letterbox_valid,3d99874f14ae5f316eec36e21141043d75bd4fd17ccfb31e3174198dee269596,0.5135592730713848,fixed_shrink,0,0,P2-IMA-M-v2,2,55ddc9f89fc3c10470dbe94e,Shrink-D0-0.333333,17,ISIC_0009350_A01_T3_S2_55ddc9f89fc3c10470dbe94e.png,S2,0.8703641295433044,0.8690340179696631,val,M,0.7703285744812919,T3,151405
0.3333333333333333,0.3333333333333333,A02,0.006227363832294941,0.006345797230436365,0.8517757662492016,0.52586603720748,0.9893238434163701,0,0.0004633894452842866,0.00041118421052631577,6e0811712543811a10b6cde1ec29db65b7bb4f25142c6991f2738d3d5c073f0a,3634.3956856677014,0.9509117707321264,0.9425515719943751,0.9529210435896495,7059,0,1042,7795,1783,0,-0.002009272857523059,-0.0010162778198719025,-0.001027794612852212,0.00836019873775129,ISIC_0009350,0,21.633307652783937,0.005952380952380953,ISIC_0009350,0.9064173481345211,0.9100756325544943,0.0,0.2559893398314058,0.0304104033857584,0.035274941474199295,0.03626552961920423,0.029394125565886497,0.030602475875259293,0.031630270488111505,canonical_letterbox_valid,3d99874f14ae5f316eec36e21141043d75bd4fd17ccfb31e3174198dee269596,0.5135592730713848,fixed_shrink,0,0,P2-IMA-M-v2,2,5661d0ff9fc3c147bbd69ff6,Shrink-D0-0.333333,17,ISIC_0009350_A02_T1_S1_5661d0ff9fc3c147bbd69ff6.png,S1,0.9454065561294556,0.9430852562542134,val,M,0.9064173481345211,T1,143872
0.3333333333333333,0.3333333333333333,A01,0.02747529372572899,0.02741452106952073,0.467522266587801,0.27259172099636236,0.6909948518571646,0,0.00043484793608801546,0.0005025584795321637,6e0811712543811a10b6cde1ec29db65b7bb4f25142c6991f2738d3d5c073f0a,3634.3956856677014,0.8826240222025761,0.9098659567089497,0.8803763922214661,47855,711,1225,4588,114,601,0.0022476299811099443,0.002675384283065796,0.0026805949821416125,-0.027241934506373577,ISIC_0009354,0,96.45385675101016,0.026539173247254702,ISIC_0009354,0.7899078195169438,0.786314602608494,0.0,0.30905719589550495,0.07454264163970947,0.057738617062568665,0.058397979458114556,0.07721802592277527,0.07784947123653779,0.07516887625439618,canonical_letterbox_valid,3d99874f14ae5f316eec36e21141043d75bd4fd17ccfb31e3174198dee269596,0.5462573734310018,fixed_shrink,0,0,P2-IMA-M-v2,2,55ddc9c79fc3c10470dbe936,Shrink-D0-0.333333,17,ISIC_0009354_A01_T3_S2_55ddc9c79fc3c10470dbe936.png,S2,0.8783900141716003,0.8770767685607284,val,M,0.7899078195169438,T3,197176
0.3333333333333333,0.3333333333333333,A02,0.10394944995641708,0.10373622827826286,0.0,0.0,0.015340533392109324,0,0.00043484793608801546,0.0005025584795321637,6e0811712543811a10b6cde1ec29db65b7bb4f25142c6991f2738d3d5c073f0a,3634.3956856677014,0.7316148075089112,0.7705301784132608,0.7315527141720048,148030,1312,1339,0,0,0,6.209333690632146e-05,0.0023262053728103638,0.0024513519620703583,-0.0389153709043496,ISIC_0009354,0,145.27069621370634,0.03997107326166595,ISIC_0009354,0.5768080641749144,0.5767308758869506,0.0,0.30905719589550495,0.18458469212055206,0.1505638062953949,0.15038147544619804,0.18691089749336243,0.18700804845717908,0.18455669649510872,canonical_letterbox_valid,3d99874f14ae5f316eec36e21141043d75bd4fd17ccfb31e3174198dee269596,0.5462573734310018,fixed_shrink,0,0,P2-IMA-M-v2,2,56683fea9fc3c14011cd73ae,Shrink-D0-0.333333,17,ISIC_0009354_A02_T1_S1_56683fea9fc3c14011cd73ae.png,S1,0.7347800731658936,0.7346228352880454,val,M,0.0,T1,201764
0.3333333333333333,0.3333333333333333,A01,0.11026830971240997,0.10913398003011986,0.1821043165467626,0.10562786950710842,0.2970256276265286,0,0.0015934035651297557,0.001644736842105263,6e0811712543811a10b6cde1ec29db65b7bb4f25142c6991f2738d3d5c073f0a,3634.3956856677014,0.43332262635805385,0.4779537149817296,0.41033713658504195,72908,0,4809,77049,4356,549,0.022985489773011902,0.01583269238471985,0.01596702914373216,-0.04463108862367576,ISIC_0009645,0,599.2723350580907,0.16488912790132645,ISIC_0009645,0.2765870201793614,0.2581284032159777,0.0,0.7008942167047411,0.33820798993110657,0.3061727285385132,0.30549142541548846,0.3540406823158264,0.353894144080146,0.33792711493641386,canonical_letterbox_valid,3d99874f14ae5f316eec36e21141043d75bd4fd17ccfb31e3174198dee269596,0.39201137487488863,fixed_shrink,0,0,P2-IMA-M-v2,2,55dcb8c79fc3c10470dbd54f,Shrink-D0-0.333333,17,ISIC_0009645_A01_T3_S2_55dcb8c79fc3c10470dbd54f.png,S2,0.43385234475135803,0.43327975015729214,val,M,0.0,T3,57334
0.3333333333333333,0.3333333333333333,A02,0.0706256851553917,0.07005116392054231,0.09340963633007199,0.051070840197693576,0.18512560144050533,0,0.0015934035651297557,0.001644736842105263,6e0811712543811a10b6cde1ec29db65b7bb4f25142c6991f2738d3d5c073f0a,3634.3956856677014,0.38525672463877464,0.37874146556939414,0.3755093736046978,15424,0,2522,98641,6643,549,0.009747351034076812,0.004029899835586548,0.004072581388052998,0.006515259069380497,ISIC_0009645,0,1161.9122783239695,0.31969889324544093,ISIC_0009645,0.23858698191673286,0.2311551494993494,0.0,0.7008942167047411,0.3452206254005432,0.34505754709243774,0.34538185740240696,0.34925052523612976,0.349322434975161,0.345249853587108,canonical_letterbox_valid,3d99874f14ae5f316eec36e21141043d75bd4fd17ccfb31e3174198dee269596,0.39201137487488863,fixed_shrink,0,0,P2-IMA-M-v2,2,5666f58d9fc3c14011cd6e7d,Shrink-D0-0.333333,17,ISIC_0009645_A02_T1_S1_5666f58d9fc3c14011cd6e7d.png,S1,0.38018444180488586,0.37955145674632634,val,M,0.0,T1,35742
0.3333333333333333,0.3333333333333333,A01,0.01424317341297865,0.013585247530776822,0.7201308607312624,0.48050964113836925,0.896448198235061,0,0.0003028113470568506,0.00029871323529411767,6e0811712543811a10b6cde1ec29db65b7bb4f25142c6991f2738d3d5c073f0a,5147.6254720016295,0.9188585850446042,0.9312018403687425,0.9141340677050711,43411,0,3068,3914,630,0,0.004724517339533052,0.0028479695320129395,0.002935397381177547,-0.01234325532413838,ISIC_0009674,0,80.26296771895748,0.015592231438653521,ISIC_0009674,0.8498967594193153,0.8418480039916988,0.0,0.1542353877333966,0.05114450305700302,0.04413500428199768,0.042839678872368656,0.05399247258901596,0.05324795170602664,0.050312554324849094,canonical_letterbox_valid,3d99874f14ae5f316eec36e21141043d75bd4fd17ccfb31e3174198dee269596,0.6085122565259946,fixed_shrink,0,0,P2-IMA-M-v2,2,55dcb75d9fc3c10470dbd453,Shrink-D0-0.333333,17,ISIC_0009674_A01_T3_S2_55dcb75d9fc3c10470dbd453.png,S2,0.9119541645050049,0.9129601388810786,val,M,0.8498967594193153,T3,267958
0.3333333333333333,0.3333333333333333,A02,0.008172713220119476,0.007566347598871384,0.8097581626324977,0.6302176304898071,0.9965508092332184,0,0.0003028113470568506,0.00029871323529411767,6e0811712543811a10b6cde1ec29db65b7bb4f25142c6991f2738d3d5c073f0a,5147.6254720016295,0.9463399689407092,0.9570006485418103,0.9425040053309892,27339,0,2832,3137,866,0,0.003835963609719939,0.0021223649382591248,0.002076948706010981,-0.010660679601101175,ISIC_0009674,0,43.22611815330531,0.00839729276895062,ISIC_0009674,0.8981454558823038,0.8912601183193953,0.0,0.1542353877333966,0.03518037125468254,0.030535945668816566,0.030308581364758794,0.037302736192941666,0.03650917991354349,0.034432231207532506,canonical_letterbox_valid,3d99874f14ae5f316eec36e21141043d75bd4fd17ccfb31e3174198dee269596,0.6085122565259946,fixed_shrink,0,0,P2-IMA-M-v2,2,567418659fc3c16581746691,Shrink-D0-0.333333,17,ISIC_0009674_A02_T1_S1_567418659fc3c16581746691.png,S1,0.9378119707107544,0.9387018851838064,val,M,0.8981454558823038,T1,268735
0.3333333333333333,0.3333333333333333,A01,0.01578199677169323,0.01556930182593217,0.4645850013344009,0.13549914767603546,0.7704851202609051,0,0.00016434352989267147,0.00027573529411764705,6e0811712543811a10b6cde1ec29db65b7bb4f25142c6991f2738d3d5c073f0a,5147.6254720016295,0.7236083541490564,0.6688724664672201,0.7466075156576201,29092,1960,0,9,0,47,-0.022999161508563626,-0.013584360480308533,-0.011421760433793282,0.05473588768183635,ISIC_0009843,0,105.9976414044722,0.020591560512901015,ISIC_0009843,0.5669171813378971,0.5956693733083489,0.0,0.21190133746201123,0.14783990383148193,0.17379002273082733,0.17514869351718318,0.1342555433511734,0.13566836194423054,0.14709012237802382,canonical_letterbox_valid,3d99874f14ae5f316eec36e21141043d75bd4fd17ccfb31e3174198dee269596,0.31077295454584036,fixed_shrink,0,0,P2-IMA-M-v2,2,55dca8fc9fc3c10470dbcf2b,Shrink-D0-0.333333,17,ISIC_0009843_A01_T3_S2_55dca8fc9fc3c10470dbcf2b.png,S2,0.7201021909713745,0.7213890570698845,val,M,0.0,T3,38094
0.3333333333333333,0.3333333333333333,A02,0.0023759184405207634,0.0024025213182183175,0.9938650306748467,0.6214392445569483,1.0,0,0.00016434352989267147,0.00027573529411764705,6e0811712543811a10b6cde1ec29db65b7bb4f25142c6991f2738d3d5c073f0a,5147.6254720016295,0.9030858930602957,0.8435676715683212,0.9271567640147701,8178,1946,0,0,0,61,-0.024070870954474355,-0.009770374745130539,-0.009473063203199732,0.0595182214919745,ISIC_0009843,0,23.005432216610668,0.004469134815992181,ISIC_0009843,0.8232968172684255,0.8642052565707133,0.0,0.21190133746201123,0.051429398357868195,0.07720530033111572,0.08175637929036922,0.041659023612737656,0.04366192874633215,0.05313499194953188,canonical_letterbox_valid,3d99874f14ae5f316eec36e21141043d75bd4fd17ccfb31e3174198dee269596,0.31077295454584036,fixed_shrink,0,0,P2-IMA-M-v2,2,5661d65d9fc3c147bbd6a116,Shrink-D0-0.333333,17,ISIC_0009843_A02_T1_S1_5661d65d9fc3c147bbd6a116.png,S1,0.8995171189308167,0.8961325374191546,val,M,0.8232968172684255,T1,38103
0.3333333333333333,0.3333333333333333,A01,0.039773501455783844,0.03967708353995707,0.37618371034065545,0.16464856805876857,0.6192713789551012,0,0.0001899486646510456,0.0001827485380116959,6e0811712543811a10b6cde1ec29db65b7bb4f25142c6991f2738d3d5c073f0a,3634.3956856677014,0.8477666362807658,0.8460836089863439,0.8515498963852937,45076,1060,3,515,0,95,-0.003783260104527897,-0.0033524557948112488,-0.0033842430072555107,0.0016830272944218239,ISIC_0009848,0,99.68443612242586,0.027428063629816937,ISIC_0009848,0.7357594936708861,0.7414774866623028,0.0,0.2691061094734325,0.09597627818584442,0.0986148864030838,0.09980484209914085,0.09262382239103317,0.09358791248311177,0.09697215549036728,canonical_letterbox_valid,3d99874f14ae5f316eec36e21141043d75bd4fd17ccfb31e3174198dee269596,0.5350869586979582,fixed_shrink,0,0,P2-IMA-M-v2,2,55dca8c89fc3c10470dbcf01,Shrink-D0-0.333333,17,ISIC_0009848_A01_T3_S2_55dca8c89fc3c10470dbcf01.png,S2,0.8478209376335144,0.8457327725592225,val,M,0.7357594936708861,T3,126945
0.3333333333333333,0.3333333333333333,A02,0.011686035431921482,0.011016029080072117,0.668314908584902,0.28882593219676017,1.0,0,0.0001899486646510456,0.0001827485380116959,6e0811712543811a10b6cde1ec29db65b7bb4f25142c6991f2738d3d5c073f0a,3634.3956856677014,0.9274449105196637,0.9255517100902482,0.9311790220964041,18925,1049,3,880,0,106,-0.0037341115767404176,-0.002118494361639023,-0.0021375369472060105,0.0018932004294155425,ISIC_0009848,0,26.358068454857783,0.007252393722235929,ISIC_0009848,0.8647060832735595,0.8712207575892035,0.0,0.2691061094734325,0.04329753294587135,0.04450977221131325,0.04433538065344886,0.04117903858423233,0.0408996171645461,0.04303715411175211,canonical_letterbox_valid,3d99874f14ae5f316eec36e21141043d75bd4fd17ccfb31e3174198dee269596,0.5350869586979582,fixed_shrink,0,0,P2-IMA-M-v2,2,5661c1ee9fc3c147bbd69b94,Shrink-D0-0.333333,17,ISIC_0009848_A02_T1_S1_5661c1ee9fc3c147bbd69b94.png,S1,0.9250909686088562,0.9249417208565679,val,M,0.8647060832735595,T1,126580
0.3333333333333333,0.3333333333333333,A04,0.06184650585055351,0.06106448352775032,0.23867367144099588,0.12220808018742724,0.5727980110895312,0,0.010684967041015625,0.010335286458333334,6e0811712543811a10b6cde1ec29db65b7bb4f25142c6991f2738d3d5c073f0a,1280.0,0.9404709793674622,0.9645873632008723,0.9180372008682034,21798,0,8034,369,369,0,0.02243377849925876,0.02109014242887497,0.021108007984051366,-0.024116383833410193,ISIC_0009942,0,34.438350715445125,0.026904961496441504,ISIC_0009942,0.8876311654078167,0.8484923895764876,0.0,0.452727235786571,0.06563872843980789,0.045491065829992294,0.044936476425115446,0.08672887086868286,0.0861519351202839,0.06504392713623254,canonical_letterbox_valid,3d99874f14ae5f316eec36e21141043d75bd4fd17ccfb31e3174198dee269596,0.6943075889504751,fixed_shrink,0,0,P2-IMA-M-v2,2,5592f1f09fc3c13155145c90,Shrink-D0-0.333333,17,ISIC_0009942_A04_T1_S1_5592f1f09fc3c13155145c90.png,S1,0.930569052696228,0.9309766292552852,val,M,0.8876311654078167,T1,175103
0.3333333333333333,0.3333333333333333,A06,0.08944985270500183,0.08821132702168816,0.13834586466165413,0.06803399207516135,0.33523903267779975,0,0.010684967041015625,0.010335286458333334,6e0811712543811a10b6cde1ec29db65b7bb4f25142c6991f2738d3d5c073f0a,1280.0,0.9244181274906453,0.898198406451443,0.937812326485286,1451,0,1737,23414,6666,0,-0.013394198994640671,-0.015888191759586334,-0.01606940443314797,0.026219721039202337,ISIC_0009942,0,29.427877939124322,0.022990529639940877,ISIC_0009942,0.8594586345472324,0.882906429691584,0.0,0.452727235786571,0.08990640938282013,0.1255093216896057,0.12490938675586141,0.0740182176232338,0.073012156226865,0.08908156066001297,canonical_letterbox_valid,3d99874f14ae5f316eec36e21141043d75bd4fd17ccfb31e3174198dee269596,0.6943075889504751,fixed_shrink,0,0,P2-IMA-M-v2,2,568bb8989fc3c126c063ff6a,Shrink-D0-0.333333,17,ISIC_0009942_A06_T1_S1_568bb8989fc3c126c063ff6a.png,S1,0.9096370339393616,0.9100482057016622,val,M,0.8594586345472324,T1,152058
0.3333333333333333,0.3333333333333333,A04,0.4341912269592285,0.43440531749941985,0.009749377417474699,0.006198897662089955,0.023266974958425255,0,0.014644622802734375,0.014729817708333334,6e0811712543811a10b6cde1ec29db65b7bb4f25142c6991f2738d3d5c073f0a,1280.0,0.737314361845349,0.7665649892929727,0.724070967553618,6,0,0,150236,528,10989,0.013243394291731048,0.03270885348320007,0.03273600161400392,-0.029250627447623634,ISIC_0010038,0,130.04806734019894,0.10160005260953042,ISIC_0010038,0.5839255152397991,0.5674852982734723,0.0,0.5642287939162918,0.3474995195865631,0.28550297021865845,0.285725140072423,0.3802083730697632,0.38047524504235486,0.34773924342835094,canonical_letterbox_valid,3d99874f14ae5f316eec36e21141043d75bd4fd17ccfb31e3174198dee269596,0.4394364879128627,fixed_shrink,0,0,P2-IMA-M-v2,2,559452be9fc3c13155bcaf49,Shrink-D0-0.333333,17,ISIC_0010038_A04_T3_S2_559452be9fc3c13155bcaf49.png,S2,0.7391921877861023,0.738926830642718,val,M,0.0,T3,210852
0.3333333333333333,0.3333333333333333,A06,0.20151691138744354,0.2021932785188897,0.18397024010821778,0.07627380157773177,0.3480983028921234,0,0.014644622802734375,0.014729817708333334,6e0811712543811a10b6cde1ec29db65b7bb4f25142c6991f2738d3d5c073f0a,1280.0,0.9039486868557934,0.8908473775087482,0.9051979755279725,68249,5752,528,7000,0,5237,-0.0012492886721791052,-0.002005457878112793,-0.0019983047751442884,0.013101309347045231,ISIC_0010038,0,82.21921916437786,0.0642337649721702,ISIC_0010038,0.8247320869154068,0.8268143055037808,0.0,0.5642287939162918,0.15924787521362305,0.1758737564086914,0.1762973127993016,0.15724241733551025,0.1576932321287252,0.1596915369038695,canonical_letterbox_valid,3d99874f14ae5f316eec36e21141043d75bd4fd17ccfb31e3174198dee269596,0.4394364879128627,fixed_shrink,0,0,P2-IMA-M-v2,2,55ddf5f99fc3c10470dbf968,Shrink-D0-0.333333,17,ISIC_0010038_A06_T1_S1_55ddf5f99fc3c10470dbf968.png,S1,0.8830211758613586,0.8828102047111507,val,M,0.8247320869154068,T1,354088
0.3333333333333333,0.3333333333333333,A04,0.11731922626495361,0.11617145650537652,0.41723214722532603,0.3406432231580203,0.5887905552093357,0,0.006890614827473958,0.00677490234375,6e0811712543811a10b6cde1ec29db65b7bb4f25142c6991f2738d3d5c073f0a,1280.0,0.9678285234902018,0.9720352444875192,0.9655319318680442,13194,1183,0,26957,0,4236,0.002296591622157562,0.006342589855194092,0.006198670563772199,-0.004206720997317448,ISIC_0010139,0,43.924934731144404,0.03431635525870656,ISIC_0010139,0.9376625352628744,0.9333607886143875,0.0,0.25820571523654434,0.08295169472694397,0.07414443790912628,0.07364344602703865,0.08929428458213806,0.08845947691392984,0.08226080635015764,canonical_letterbox_valid,3d99874f14ae5f316eec36e21141043d75bd4fd17ccfb31e3174198dee269596,0.4901406362008659,fixed_shrink,0,0,P2-IMA-M-v2,2,55942a179fc3c131551461b7,Shrink-D0-0.333333,17,ISIC_0010139_A04_T3_S2_55942a179fc3c131551461b7.png,S2,0.9514158368110657,0.9516498438050612,val,M,0.9376625352628744,T3,603940
0.3333333333333333,0.3333333333333333,A06,0.08464457839727402,0.08795696913527411,0.5283477323479222,0.4537870683230349,0.7236605653342075,0,0.006890614827473958,0.00677490234375,6e0811712543811a10b6cde1ec29db65b7bb4f25142c6991f2738d3d5c073f0a,1280.0,0.9799808198538663,0.9764712413685792,0.9827902668501627,23761,4466,0,1936,0,953,-0.002809446996296372,-0.001905333250761032,-0.001770871921070026,0.0035095784852871015,ISIC_0010139,0,25.63590668737322,0.020028052099510328,ISIC_0010139,0.9607474437034299,0.9661628618189749,0.0,0.25820571523654434,0.06206003949046135,0.0637914389371872,0.06584376528423422,0.06015470623970032,0.06233195518666907,0.0641028271077391,canonical_letterbox_valid,3d99874f14ae5f316eec36e21141043d75bd4fd17ccfb31e3174198dee269596,0.4901406362008659,fixed_shrink,0,0,P2-IMA-M-v2,2,55df16219fc3c10470dc0676,Shrink-D0-0.333333,17,ISIC_0010139_A06_T1_S1_55df16219fc3c10470dc0676.png,S1,0.9605244994163513,0.9597513149197959,val,M,0.9607474437034299,T1,628961
0.3333333333333333,0.3333333333333333,A04,0.21701844036579132,0.21687022620023932,0.17374822515176483,0.12947599125385093,0.27431224180873554,0,0.0023956298828125,0.0022379557291666665,6e0811712543811a10b6cde1ec29db65b7bb4f25142c6991f2738d3d5c073f0a,1280.0,0.9337631668429096,0.9385978579828534,0.9340518754809165,69193,931,599,1713,153,201,-0.00028870863800689595,-0.004298120737075806,-0.004261708063844849,-0.004834691139943836,ISIC_0010175,0,45.72306613596884,0.03572114541872566,ISIC_0010175,0.8757558713086934,0.8762639137831648,0.0,0.21211759641450917,0.14471286535263062,0.13887694478034973,0.13868174359134638,0.1404147446155548,0.14035471284686607,0.14461642091071092,canonical_letterbox_valid,3d99874f14ae5f316eec36e21141043d75bd4fd17ccfb31e3174198dee269596,0.560566948743024,fixed_shrink,0,0,P2-IMA-M-v2,4,55a9390c9fc3c156bd715c4b,Shrink-D0-0.333333,17,ISIC_0010175_A04_T1_S1_55a9390c9fc3c156bd715c4b.png,S1,0.9275926947593689,0.9276373843788175,val,M,0.8757558713086934,T1,499793
0.3333333333333333,0.3333333333333333,A06,0.07297283411026001,0.07190572388533338,0.5341945119013047,0.31969335782144587,0.8301505866549181,0,0.0023956298828125,0.0022379557291666665,6e0811712543811a10b6cde1ec29db65b7bb4f25142c6991f2738d3d5c073f0a,1280.0,0.9780356125558284,0.9711963791802867,0.9782386212794588,2581,488,202,19087,550,644,-0.00020300872363043787,0.0016050860285758972,0.0016748084180340725,0.006839233375541709,ISIC_0010175,0,21.840329667841555,0.017062757553001216,ISIC_0010175,0.9570153564761639,0.9574041861950371,0.0,0.21211759641450917,0.05689021944999695,0.0638803243637085,0.06303543841339013,0.058495305478572845,0.05788127613180895,0.056206467713774876,canonical_letterbox_valid,3d99874f14ae5f316eec36e21141043d75bd4fd17ccfb31e3174198dee269596,0.560566948743024,fixed_shrink,0,0,P2-IMA-M-v2,4,57b711eb9fc3c1565f9bf373,Shrink-D0-0.333333,17,ISIC_0010175_A06_T1_S1_57b711eb9fc3c1565f9bf373.png,S1,0.9591923952102661,0.9594927884577836,val,M,0.9570153564761639,T1,482419
0.3333333333333333,0.3333333333333333,A03,0.3557511866092682,0.3541918232269757,0.07813167977004287,0.04903343808069114,0.12418210232367484,0,0.0023956298828125,0.0022379557291666665,6e0811712543811a10b6cde1ec29db65b7bb4f25142c6991f2738d3d5c073f0a,1280.0,0.9063030468123694,0.9118195672715159,0.9071305797176936,96726,1132,507,5775,245,0,-0.0008275329053242242,-0.0097198486328125,-0.00966114767239229,-0.005516520459146523,ISIC_0010175,0,75.39396492951552,0.058901535101184,ISIC_0010175,0.8286601184824617,0.8300448003050234,0.0,0.21211759641450917,0.22543300688266754,0.22654348611831665,0.22554059409191915,0.21571315824985504,0.2149056834857728,0.2245668311581651,canonical_letterbox_valid,3d99874f14ae5f316eec36e21141043d75bd4fd17ccfb31e3174198dee269596,0.560566948743024,fixed_shrink,0,0,P2-IMA-M-v2,4,57be143a9fc3c1434763a352,Shrink-D0-0.333333,17,ISIC_0010175_A03_T1_S1_57be143a9fc3c1434763a352.png,S1,0.9048851728439331,0.9050581609106455,val,M,0.8286601184824617,T1,495731
0.3333333333333333,0.3333333333333333,A02,0.08647141605615616,0.08518468355781912,0.32832651640414234,0.18621930290742736,0.6364528382275781,0,0.0023956298828125,0.0022379557291666665,6e0811712543811a10b6cde1ec29db65b7bb4f25142c6991f2738d3d5c073f0a,1280.0,0.9713744659378939,0.9737409480716613,0.9720433206809316,26470,1013,485,2916,267,119,-0.0006688547430376834,0.0003002285957336426,0.00042027383159295995,-0.0023664821337674447,ISIC_0010175,0,23.021728866442675,0.01798572567690834,ISIC_0010175,0.9443421670682001,0.9456072811597718,0.0,0.21211759641450917,0.06499503552913666,0.05994593724608421,0.05891301102079332,0.0652952641248703,0.06460115035090486,0.0641808765193119,canonical_letterbox_valid,3d99874f14ae5f316eec36e21141043d75bd4fd17ccfb31e3174198dee269596,0.560566948743024,fixed_shrink,0,0,P2-IMA-M-v2,4,57c0545f9fc3c158f2bd0e5d,Shrink-D0-0.333333,17,ISIC_0010175_A02_T1_S1_57c0545f9fc3c158f2bd0e5d.png,S1,0.9564813375473022,0.9568229305191953,val,M,0.9443421670682001,T1,498590
0.3333333333333333,0.3333333333333333,A04,0.15652255713939667,0.15322678316219285,0.41066029157944184,0.37048070412999323,0.4827219903406039,0,0.0034001668294270835,0.00360107421875,6e0811712543811a10b6cde1ec29db65b7bb4f25142c6991f2738d3d5c073f0a,1280.0,0.9547100353161094,0.9526026872955763,0.9530927318773877,292,5,101,56596,271,2297,0.0016173034387216845,0.0054931193590164185,0.005558281544012472,0.0021073480205331396,ISIC_0010190,0,69.49674717740407,0.05429433373234693,ISIC_0010190,0.91334468671076,0.9103888767402872,0.0,0.17877155639395262,0.1064796969294548,0.11108840256929398,0.10884755914398074,0.11197281628847122,0.11003547934879879,0.10447719780478631,canonical_letterbox_valid,3d99874f14ae5f316eec36e21141043d75bd4fd17ccfb31e3174198dee269596,0.5945891124876369,fixed_shrink,0,0,P2-IMA-M-v2,4,55a92e539fc3c156bd715bf1,Shrink-D0-0.333333,17,ISIC_0010190_A04_T3_S1_55a92e539fc3c156bd715bf1.png,S1,0.9435631632804871,0.9442723875526202,val,M,0.91334468671076,T3,599598
0.3333333333333333,0.3333333333333333,A06,0.09612435847520828,0.10129540866565502,0.5517586987017259,0.5033097754562769,0.6479079902133715,0,0.0034001668294270835,0.00360107421875,6e0811712543811a10b6cde1ec29db65b7bb4f25142c6991f2738d3d5c073f0a,1280.0,0.9734017440723621,0.9756456831090693,0.9745950645276007,34200,2109,366,1575,6,193,-0.0011933204552385668,0.0004174858331680298,0.0002119425728275004,-0.0022439390367071654,ISIC_0010190,0,33.83784863137726,0.026435819243263485,ISIC_0010190,0.9481817628774294,0.9504489697805182,0.0,0.17877155639395262,0.06796371936798096,0.061557043343782425,0.06511128078729242,0.06838120520114899,0.07121525670944504,0.07100331413661753,canonical_letterbox_valid,3d99874f14ae5f316eec36e21141043d75bd4fd17ccfb31e3174198dee269596,0.5945891124876369,fixed_shrink,0,0,P2-IMA-M-v2,4,568b330f9fc3c126c063febc,Shrink-D0-0.333333,17,ISIC_0010190_A06_T1_S1_568b330f9fc3c126c063febc.png,S1,0.9601969122886658,0.9592887803924199,val,M,0.9481817628774294,T1,654619
0.3333333333333333,0.3333333333333333,A03,0.2339753657579422,0.2406330432036546,0.338379624318151,0.0812030034285652,0.5031401458231051,0,0.0034001668294270835,0.00360107421875,6e0811712543811a10b6cde1ec29db65b7bb4f25142c6991f2738d3d5c073f0a,1280.0,0.9403824488386884,0.9410776764887895,0.9415521517292829,54385,1820,127,25574,245,482,-0.0011697028905944817,-0.005805283784866333,-0.0060639346823254114,-0.0006952276501011045,ISIC_0010190,0,73.00684899377592,0.05703660077638743,ISIC_0010190,0.8874734547460592,0.8895593233691982,0.0,0.17877155639395262,0.15007182955741882,0.1584133356809616,0.16258726569560064,0.1442665457725525,0.1478470762667351,0.1539110109490605,canonical_letterbox_valid,3d99874f14ae5f316eec36e21141043d75bd4fd17ccfb31e3174198dee269596,0.5945891124876369,fixed_shrink,0,0,P2-IMA-M-v2,4,57be14769fc3c1434763a354,Shrink-D0-0.333333,17,ISIC_0010190_A03_T1_S1_57be14769fc3c1434763a354.png,S1,0.9338316917419434,0.9328110213055336,val,M,0.8874734547460592,T1,630620
0.3333333333333333,0.3333333333333333,A02,0.10569839924573898,0.10330200891671017,0.41673637422296583,0.1577130152927428,0.7825783160591592,0,0.0034001668294270835,0.00360107421875,6e0811712543811a10b6cde1ec29db65b7bb4f25142c6991f2738d3d5c073f0a,1280.0,0.978130635484127,0.9797553749328699,0.9789492361066544,19535,1788,302,9388,70,514,-0.0008186006225273657,0.0008947998285293579,0.0009945962996043556,-0.0016247394487428624,ISIC_0010190,0,24.81912760470992,0.019389943441179624,ISIC_0010190,0.9571973379860861,0.9587664695277688,0.0,0.17877155639395262,0.07315737009048462,0.06849285960197449,0.06688495304833617,0.07405216991901398,0.07277473552033309,0.07178013922072873,canonical_letterbox_valid,3d99874f14ae5f316eec36e21141043d75bd4fd17ccfb31e3174198dee269596,0.5945891124876369,fixed_shrink,0,0,P2-IMA-M-v2,4,57c054969fc3c158f2bd0e5f,Shrink-D0-0.333333,17,ISIC_0010190_A02_T1_S1_57c054969fc3c158f2bd0e5f.png,S1,0.9593836665153503,0.9597417304752527,val,M,0.9571973379860861,T1,646806
0.3333333333333333,0.3333333333333333,A04,0.35341691970825195,0.3533846324461723,0.0,0.0,0.014613143130517982,0,0.010906219482421875,0.01068115234375,6e0811712543811a10b6cde1ec29db65b7bb4f25142c6991f2738d3d5c073f0a,1280.0,0.5654415925106733,0.5006447205499338,0.5792307616309513,0,0,0,135172,7991,586,-0.013789169120278055,-0.011393904685974121,-0.01142868199337388,0.06479687196073947,ISIC_0010197,0,283.61447701289984,0.221573810166328,ISIC_0010197,0.39415724696791776,0.4076881354046424,0.0,0.306539826066647,0.43261319398880005,0.4977121651172638,0.4978460929780958,0.4212192893028259,0.42122165454859695,0.4326503365419708,canonical_letterbox_valid,3d99874f14ae5f316eec36e21141043d75bd4fd17ccfb31e3174198dee269596,0.5490119308924022,fixed_shrink,0,0,P2-IMA-M-v2,2,55a92d309fc3c156bd715bc7,Shrink-D0-0.333333,17,ISIC_0010197_A04_T1_S2_55a92d309fc3c156bd715bc7.png,S2,0.48819056153297424,0.48808395936223065,val,M,0.0,T1,87942
0.3333333333333333,0.3333333333333333,A06,0.23709489405155182,0.2371988616345466,0.050670426684149554,0.02640990371389271,0.10838938202365642,0,0.010906219482421875,0.01068115234375,6e0811712543811a10b6cde1ec29db65b7bb4f25142c6991f2738d3d5c073f0a,1280.0,0.847157281587466,0.8621791061017954,0.8330973968214336,39718,0,6290,29974,1701,586,0.014059884766032371,0.01674753427505493,0.016771552847476667,-0.01502182451432943,ISIC_0010197,0,182.8947655179695,0.14288653556091366,ISIC_0010197,0.7348420283679309,0.7139391021599667,0.0,0.306539826066647,0.2607880234718323,0.22450384497642517,0.22458799272796565,0.2775355577468872,0.2776479355644035,0.2608763827169268,canonical_letterbox_valid,3d99874f14ae5f316eec36e21141043d75bd4fd17ccfb31e3174198dee269596,0.5490119308924022,fixed_shrink,0,0,P2-IMA-M-v2,2,55db09b69fc3c10470dba3c2,Shrink-D0-0.333333,17,ISIC_0010197_A06_T1_S1_55db09b69fc3c10470dba3c2.png,S1,0.7155188322067261,0.715446096200693,val,M,0.7348420283679309,T1,193140
0.3333333333333333,0.3333333333333333,A04,0.1263418048620224,0.12743519285660374,0.01748436204687618,0.0022541561003099468,0.23616812726689024,0,0.006229400634765625,0.006266276041666667,6e0811712543811a10b6cde1ec29db65b7bb4f25142c6991f2738d3d5c073f0a,1280.0,0.9406903469178605,0.9463417576782919,0.9345173383444599,0,0,0,43520,26,4873,0.006173008573400529,0.008595108985900879,0.008590279653448302,-0.005651410760431408,ISIC_0010201,0,28.22321100401986,0.022049383596890515,ISIC_0010201,0.888022066239888,0.8770835715828663,0.0,0.2694223430470322,0.09735783189535141,0.09264989197254181,0.09355126271203815,0.10595294088125229,0.10672350724903414,0.09813322759558583,canonical_letterbox_valid,3d99874f14ae5f316eec36e21141043d75bd4fd17ccfb31e3174198dee269596,0.4739119133562229,fixed_shrink,0,0,P2-IMA-M-v2,2,55a9297d9fc3c156bd715baf,Shrink-D0-0.333333,17,ISIC_0010201_A04_T3_S1_55a9297d9fc3c156bd715baf.png,S1,0.9316261410713196,0.9311687376654321,val,M,0.888022066239888,T3,345128
0.3333333333333333,0.3333333333333333,A06,0.062043171375989914,0.06228619972099551,0.3940202705064508,0.20712969502686818,0.7459223562834495,0,0.006229400634765625,0.006266276041666667,6e0811712543811a10b6cde1ec29db65b7bb4f25142c6991f2738d3d5c073f0a,1280.0,0.9723598795054206,0.9721472672058339,0.9724994215699095,17480,2438,26,4367,0,2435,-0.00013954206448896223,0.0022919364273548126,0.002318660857751363,0.0002126122995866897,ISIC_0010201,0,20.248456731316587,0.015819106821341085,ISIC_0010201,0.9462066146633573,0.9464709237008736,0.0,0.2694223430470322,0.05227168649435043,0.04906085878610611,0.04932149034806746,0.054563622921705246,0.05477432999384194,0.05245566913609058,canonical_letterbox_valid,3d99874f14ae5f316eec36e21141043d75bd4fd17ccfb31e3174198dee269596,0.4739119133562229,fixed_shrink,0,0,P2-IMA-M-v2,2,568b2c959fc3c126c063fe8f,Shrink-D0-0.333333,17,ISIC_0010201_A06_T1_S1_568b2c959fc3c126c063fe8f.png,S1,0.9574998021125793,0.9573748614488143,val,M,0.9462066146633573,T1,384281
0.3333333333333333,0.3333333333333333,A04,0.01802965998649597,0.018105273168650727,0.6917383222562484,0.45440691717887843,0.8521885101574201,0,0.0017077128092447917,0.0017903645833333333,6e0811712543811a10b6cde1ec29db65b7bb4f25142c6991f2738d3d5c073f0a,1280.0,0.9415866186996996,0.938052116059878,0.9344005568122499,587,239,0,5713,1,1103,0.007186061887449746,0.0060241445899009705,0.006115312680358434,0.0035345026398215795,ISIC_0010220,0,18.601075237738275,0.014532090029483028,ISIC_0010220,0.8896208564019903,0.8768778576094056,0.0,0.5014506579732614,0.04781518876552582,0.04766121506690979,0.04774478805177476,0.05383933335542679,0.05409288751771774,0.04797757483735931,canonical_letterbox_valid,3d99874f14ae5f316eec36e21141043d75bd4fd17ccfb31e3174198dee269596,0.8632835678220518,fixed_shrink,0,0,P2-IMA-M-v2,2,55a926619fc3c156bd715b3d,Shrink-D0-0.333333,17,ISIC_0010220_A04_T3_S2_55a926619fc3c156bd715b3d.png,S2,0.9223992824554443,0.9221501234939321,val,M,0.8896208564019903,T3,50776
0.3333333333333333,0.3333333333333333,A06,0.01600588485598564,0.016065357793491452,0.6986513836733603,0.42327662322259263,0.9417287779213114,0,0.0017077128092447917,0.0017903645833333333,6e0811712543811a10b6cde1ec29db65b7bb4f25142c6991f2738d3d5c073f0a,1280.0,0.9540310258203196,0.9513196279053757,0.9583376002730841,4093,893,1,1232,0,449,-0.0043065744527645,0.000529751181602478,0.00036661408850762606,0.0027113979149439027,ISIC_0010220,0,13.92838827718412,0.010881553341550092,ISIC_0010220,0.9121026047340794,0.9200078648555652,0.0,0.5014506579732614,0.041071660816669464,0.04020344093441963,0.04057258778996064,0.04160141199827194,0.04170000602211563,0.041333391933608,canonical_letterbox_valid,3d99874f14ae5f316eec36e21141043d75bd4fd17ccfb31e3174198dee269596,0.8632835678220518,fixed_shrink,0,0,P2-IMA-M-v2,2,55db0e8c9fc3c10470dba44c,Shrink-D0-0.333333,17,ISIC_0010220_A06_T3_S1_55db0e8c9fc3c10470dba44c.png,S1,0.933862566947937,0.9333985739262755,val,M,0.9121026047340794,T3,55257
0.3333333333333333,0.3333333333333333,A04,0.30006060004234314,0.3005701738039292,0.052895606430727125,0.034593966689933114,0.10144800288975958,0,0.00751495361328125,0.00738525390625,6e0811712543811a10b6cde1ec29db65b7bb4f25142c6991f2738d3d5c073f0a,1280.0,0.8786482684928107,0.8809666829643081,0.8729133599005676,489,291,0,95362,27,5592,0.0057349085922431264,0.01918719708919525,0.01919101080808061,-0.0023184144714973876,ISIC_0010264,0,64.73096539673074,0.05057106671619589,ISIC_0010264,0.7835616995140633,0.7744864758786943,0.0,0.358543219364531,0.21644426882266998,0.2038566917181015,0.20421599603115734,0.23563146591186523,0.23602641872956678,0.21683540792148617,canonical_letterbox_valid,3d99874f14ae5f316eec36e21141043d75bd4fd17ccfb31e3174198dee269596,0.4587560115016801,fixed_shrink,0,0,P2-IMA-M-v2,2,55a9214d9fc3c156bd715a35,Shrink-D0-0.333333,17,ISIC_0010264_A04_T3_S1_55a9214d9fc3c156bd715a35.png,S1,0.8671720623970032,0.8668993579609569,val,M,0.7835616995140633,T3,347005
0.3333333333333333,0.3333333333333333,A06,0.1105632409453392,0.10985488012260265,0.18561085625654267,0.10193898629836239,0.4185817613929929,0,0.00751495361328125,0.00738525390625,6e0811712543811a10b6cde1ec29db65b7bb4f25142c6991f2738d3d5c073f0a,1280.0,0.9564445816133637,0.957170879565997,0.9558168107578029,17483,2548,26,20903,1,3335,0.0006277708555607608,0.0007941722869873047,0.000760077488687616,-0.000726297952633348,ISIC_0010264,0,36.364808705243,0.028410006800971093,ISIC_0010264,0.9165249537892791,0.9153727244464402,0.0,0.358543219364531,0.0889044851064682,0.09119381010532379,0.09072398183464395,0.0896986573934555,0.08918582034504155,0.08842574285635393,canonical_letterbox_valid,3d99874f14ae5f316eec36e21141043d75bd4fd17ccfb31e3174198dee269596,0.4587560115016801,fixed_shrink,0,0,P2-IMA-M-v2,2,568b395b9fc3c126c063feec,Shrink-D0-0.333333,17,ISIC_0010264_A06_T1_S1_568b395b9fc3c126c063feec.png,S1,0.9327542781829834,0.9330033944098948,val,M,0.9165249537892791,T1,421464
0.3333333333333333,0.3333333333333333,A04,0.05860532447695732,0.05732267269627808,0.18983443143727902,0.06330208807191322,0.49844384578815115,0,0.0021502176920572915,0.0020751953125,6e0811712543811a10b6cde1ec29db65b7bb4f25142c6991f2738d3d5c073f0a,1280.0,0.8770133574081294,0.8558377756872583,0.8961226239096456,11988,1689,0,0,0,2,-0.01910926650151623,-0.01633685827255249,-0.016243490989152162,0.021175581720871084,ISIC_0010268,0,40.46541517043963,0.03161360560190596,ISIC_0010268,0.7809650837733643,0.8117954433340032,0.0,0.6350343449677887,0.09206754714250565,0.11721488833427429,0.11597781644340568,0.07573068886995316,0.07463596955282359,0.09087946054197575,canonical_letterbox_valid,3d99874f14ae5f316eec36e21141043d75bd4fd17ccfb31e3174198dee269596,0.8738533775449682,fixed_shrink,0,0,P2-IMA-M-v2,2,5595ad909fc3c13155bcb0e8,Shrink-D0-0.333333,17,ISIC_0010268_A04_T3_S2_5595ad909fc3c13155bcb0e8.png,S2,0.8744702339172363,0.8755637516123266,val,M,0.7809650837733643,T3,42743
0.3333333333333333,0.3333333333333333,A06,0.07452663779258728,0.0736501610582208,0.1663836840805921,0.0,0.37645597558741656,0,0.0021502176920572915,0.0020751953125,6e0811712543811a10b6cde1ec29db65b7bb4f25142c6991f2738d3d5c073f0a,1280.0,0.8532047827215202,0.8321780668767151,0.8722383078961574,14708,1691,0,0,0,0,-0.01903352517463719,-0.01828419417142868,-0.018311886756883083,0.02102671584480509,ISIC_0010268,0,38.0,0.0296875,ISIC_0010268,0.7439905310612522,0.7734243094114985,0.0,0.6350343449677887,0.11105410754680634,0.13924948871135712,0.13886156447287398,0.09276991337537766,0.0922955070931259,0.11060739385000898,canonical_letterbox_valid,3d99874f14ae5f316eec36e21141043d75bd4fd17ccfb31e3174198dee269596,0.8738533775449682,fixed_shrink,0,0,P2-IMA-M-v2,2,55ddf13f9fc3c10470dbf746,Shrink-D0-0.333333,17,ISIC_0010268_A06_T1_S1_55ddf13f9fc3c10470dbf746.png,S1,0.8524184226989746,0.8524353733582029,val,M,0.7439905310612522,T1,42743
0.3333333333333333,0.3333333333333333,A04,1.2039079666137695,1.20382928457058,0.08684581211398851,0.01307892650888914,0.19863532979529946,0,0.0100250244140625,0.00994873046875,6e0811712543811a10b6cde1ec29db65b7bb4f25142c6991f2738d3d5c073f0a,1280.0,0.6762278215058772,0.6902670337013391,0.6713545975146593,0,0,0,351659,0,7884,0.004873223991217923,0.012793481349945068,0.012806359769792497,-0.014039212195461892,ISIC_0010355,0,375.9857435272439,0.2937388621306593,ISIC_0010355,0.51083398827367,0.5052925304666205,0.0,0.18299991241606933,0.7622752785682678,0.7265204787254333,0.7265069825487748,0.7750687599182129,0.7751280890581234,0.7623217292883309,canonical_letterbox_valid,3d99874f14ae5f316eec36e21141043d75bd4fd17ccfb31e3174198dee269596,0.5526184715665358,fixed_shrink,0,0,P2-IMA-M-v2,2,55a913d39fc3c156bd715939,Shrink-D0-0.333333,17,ISIC_0010355_A04_T1_S2_55a913d39fc3c156bd715939.png,S2,0.6793574094772339,0.6791858259939184,val,M,0.0,T1,367236
0.3333333333333333,0.3333333333333333,A06,0.1835276335477829,0.1811031553876242,0.640561071039274,0.38387296486560185,0.6753783300766633,0,0.0100250244140625,0.00994873046875,6e0811712543811a10b6cde1ec29db65b7bb4f25142c6991f2738d3d5c073f0a,1280.0,0.9555232686835676,0.9423310778147116,0.9602291607448125,59659,7293,0,6647,0,591,-0.004705892061244832,-0.010153472423553467,-0.010333858021681644,0.013192190868856035,ISIC_0010355,0,95.90766448180689,0.07492786287641164,ISIC_0010355,0.9148344238164597,0.9235007604489537,0.0,0.18299991241606933,0.1268443465232849,0.15207377076148987,0.1510183605887379,0.11669087409973145,0.11498819802963643,0.12532205605131808,canonical_letterbox_valid,3d99874f14ae5f316eec36e21141043d75bd4fd17ccfb31e3174198dee269596,0.5526184715665358,fixed_shrink,0,0,P2-IMA-M-v2,2,55dba7829fc3c10470dbb095,Shrink-D0-0.333333,17,ISIC_0010355_A06_T1_S1_55dba7829fc3c10470dbb095.png,S1,0.9298389554023743,0.9304590432849881,val,M,0.9148344238164597,T1,712248
0.3333333333333333,0.3333333333333333,A04,0.6173887252807617,0.6171083742264689,0.11151497191752596,0.003034134007585335,0.16320351361692922,0,0.0280914306640625,0.0277099609375,6e0811712543811a10b6cde1ec29db65b7bb4f25142c6991f2738d3d5c073f0a,1280.0,0.5457861431121207,0.5571003924936632,0.5268988333187132,0,0,0,279932,0,22092,0.01888730979340747,0.018084406852722168,0.01810817034673451,-0.011314249381542463,ISIC_0010415,0,576.0383652924681,0.4500299728847407,ISIC_0010415,0.37531353488828784,0.3576800054443991,0.0,0.13364703256508698,0.571021318435669,0.5512866973876953,0.5510252413345584,0.5891057252883911,0.5889206911006295,0.570812520753895,canonical_letterbox_valid,3d99874f14ae5f316eec36e21141043d75bd4fd17ccfb31e3174198dee269596,0.4776329797011517,fixed_shrink,0,0,P2-IMA-M-v2,2,55a8058c9fc3c156bd7157d1,Shrink-D0-0.333333,17,ISIC_0010415_A04_T1_S2_55a8058c9fc3c156bd7157d1.png,S2,0.47534602880477905,0.47548333271867904,val,M,0.0,T1,168184
0.3333333333333333,0.3333333333333333,A06,0.5528122782707214,0.5555945359879955,0.11778880415734841,0.03962326322148388,0.25633635758036655,0,0.0280914306640625,0.0277099609375,6e0811712543811a10b6cde1ec29db65b7bb4f25142c6991f2738d3d5c073f0a,1280.0,0.8188008166713342,0.8068457543880752,0.8362412763972483,190885,18672,0,5164,0,3420,-0.017440459725914126,-0.010082155466079712,-0.010243763570343789,0.011955062283259044,ISIC_0010415,0,243.99846309539282,0.19062379929327564,ISIC_0010415,0.6931945333418884,0.7185692871185718,0.0,0.13364703256508698,0.4083453118801117,0.42543065547943115,0.4272590791411592,0.398263156414032,0.39972148047190664,0.40996524404225043,canonical_letterbox_valid,3d99874f14ae5f316eec36e21141043d75bd4fd17ccfb31e3174198dee269596,0.4776329797011517,fixed_shrink,0,0,P2-IMA-M-v2,2,55dba9df9fc3c10470dbb215,Shrink-D0-0.333333,17,ISIC_0010415_A06_T1_S1_55dba9df9fc3c10470dbb215.png,S1,0.736121654510498,0.7356640479034946,val,M,0.6931945333418884,T1,442952
0.3333333333333333,0.3333333333333333,A04,0.02458820678293705,0.02425015099562851,0.28058506291877755,0.07196326350883815,0.7817162929501158,0,0.0010172526041666667,0.0009969075520833333,6e0811712543811a10b6cde1ec29db65b7bb4f25142c6991f2738d3d5c073f0a,1280.0,0.8740608495127575,0.7996053012130182,0.8872234387978555,0,0,1,6772,799,0,-0.013162589285097948,-0.009122364223003387,-0.00928666712333133,0.07445554829973933,ISIC_0010444,0,19.0,0.01484375,ISIC_0010444,0.7762949260042283,0.7973060088894921,0.0,0.29658285957778635,0.0804256722331047,0.1290966272354126,0.12913702222292409,0.07130330801010132,0.07109234545717248,0.08037901258050381,canonical_letterbox_valid,3d99874f14ae5f316eec36e21141043d75bd4fd17ccfb31e3174198dee269596,0.7154521856283654,fixed_shrink,0,0,P2-IMA-M-v2,3,55a802779fc3c156bd715723,Shrink-D0-0.333333,17,ISIC_0010444_A04_T3_S1_55a802779fc3c156bd715723.png,S1,0.8637368679046631,0.8634921258346209,val,M,0.7762949260042283,T3,23500
0.3333333333333333,0.3333333333333333,A03,0.1796410083770752,0.17848948745360518,0.0,0.0,0.0,0,0.0010172526041666667,0.0009969075520833333,6e0811712543811a10b6cde1ec29db65b7bb4f25142c6991f2738d3d5c073f0a,1280.0,0.6594273142147626,0.7287543895889279,0.6476437432015206,31269,0,800,0,0,0,0.011783571013242011,0.01638936996459961,0.016448046817675088,-0.06932707537416527,ISIC_0010444,0,60.13152058309217,0.04697775045554076,ISIC_0010444,0.4918997091369981,0.4789002453648787,0.0,0.29658285957778635,0.2575896978378296,0.1999494880437851,0.19897773075947223,0.2739790678024292,0.27301162968246084,0.25656358286478576,canonical_letterbox_valid,3d99874f14ae5f316eec36e21141043d75bd4fd17ccfb31e3174198dee269596,0.7154521856283654,fixed_shrink,0,0,P2-IMA-M-v2,3,57be15929fc3c1434763a35d,Shrink-D0-0.333333,17,ISIC_0010444_A03_T1_S1_57be15929fc3c1434763a35d.png,S1,0.664461612701416,0.6653623217240336,val,M,0.0,T1,30272
0.3333333333333333,0.3333333333333333,A02,0.0077523402869701385,0.007844222929346828,0.8651822147299609,0.6734035416511377,0.9594470046082949,0,0.0010172526041666667,0.0009969075520833333,6e0811712543811a10b6cde1ec29db65b7bb4f25142c6991f2738d3d5c073f0a,1280.0,0.9590032803839503,0.9364329496187771,0.9537514529410802,1938,0,544,599,256,0,0.005251827442870116,0.0013634786009788513,0.0014181230900385047,0.02257033076517323,ISIC_0010444,0,13.0,0.01015625,ISIC_0010444,0.9212356411052468,0.9115916630155849,0.0,0.29658285957778635,0.033826522529125214,0.04629780352115631,0.04661927442024018,0.035190001130104065,0.035800672692148795,0.03438254960211029,canonical_letterbox_valid,3d99874f14ae5f316eec36e21141043d75bd4fd17ccfb31e3174198dee269596,0.7154521856283654,fixed_shrink,0,0,P2-IMA-M-v2,3,57c05eef9fc3c158f2bd0e68,Shrink-D0-0.333333,17,ISIC_0010444_A02_T3_S1_57c05eef9fc3c158f2bd0e68.png,S1,0.94009929895401,0.9390791237251263,val,M,0.9212356411052468,T3,29673
0.3333333333333333,0.3333333333333333,A04,0.0847930982708931,0.0844947904723205,0.44055966807593977,0.2379516582420624,0.7254666563395553,0,0.019086201985677082,0.019185384114583332,6e0811712543811a10b6cde1ec29db65b7bb4f25142c6991f2738d3d5c073f0a,1280.0,0.9077167054695144,0.9336353740696066,0.8441594820878334,2336,669,9,14074,20,14312,0.06355722338168102,0.05830994248390198,0.05835423178332108,-0.025918668600092176,ISIC_0010451,0,50.24252948620805,0.03925197616110004,ISIC_0010451,0.8310268132954405,0.7303425247738043,0.0,0.7477574239900808,0.17129755020141602,0.08254964649677277,0.08211638576654215,0.229607492685318,0.2292788372956276,0.1709246055123065,canonical_letterbox_valid,3d99874f14ae5f316eec36e21141043d75bd4fd17ccfb31e3174198dee269596,0.4514711912180725,fixed_shrink,0,0,P2-IMA-M-v2,2,55a7ff069fc3c156bd7156f9,Shrink-D0-0.333333,17,ISIC_0010451_A04_T3_S1_55a7ff069fc3c156bd7156f9.png,S1,0.7421979904174805,0.7426455794477075,val,M,0.8310268132954405,T3,80706
0.3333333333333333,0.3333333333333333,A06,0.1256934553384781,0.1254415597897119,0.0,0.0,0.19303313508920988,0,0.019086201985677082,0.019185384114583332,6e0811712543811a10b6cde1ec29db65b7bb4f25142c6991f2738d3d5c073f0a,1280.0,0.8331758345603587,0.7913843968531469,0.8321957214796241,37955,6139,29,0,0,8842,0.0009801130807346459,0.03365090489387512,0.03380009926127195,0.04179143770721183,ISIC_0010451,0,71.13923460273917,0.05557752703338997,ISIC_0010451,0.7140543187554149,0.7126157497333606,0.0,0.7477574239900808,0.19136443734169006,0.17833617329597473,0.17779264968502495,0.22501534223556519,0.22494179973607353,0.19114170047480158,canonical_letterbox_valid,3d99874f14ae5f316eec36e21141043d75bd4fd17ccfb31e3174198dee269596,0.4514711912180725,fixed_shrink,0,0,P2-IMA-M-v2,2,568b3de39fc3c126c063ff13,Shrink-D0-0.333333,17,ISIC_0010451_A06_T1_S1_568b3de39fc3c126c063ff13.png,S1,0.7429645657539368,0.7431581588401087,val,M,0.7140543187554149,T1,94780
0.3333333333333333,0.3333333333333333,A04,0.06511928141117096,0.06538194645726682,0.4134013301041251,0.24442442997621985,0.7504260886983898,0,0.004305521647135417,0.004109700520833333,6e0811712543811a10b6cde1ec29db65b7bb4f25142c6991f2738d3d5c073f0a,1280.0,0.973117355098368,0.9794663819611398,0.9696544479532088,19196,266,2763,1597,124,233,0.0034629071451592885,0.0034579262137413025,0.0035216511669415584,-0.006349026862771723,ISIC_0010479,0,22.620778132708242,0.017672482916178314,ISIC_0010479,0.9476422256523633,0.9410963593980496,0.0,0.28735944403077346,0.057007499039173126,0.05133625864982605,0.05146750341609985,0.06046542525291443,0.06071917897098642,0.05719752780404486,canonical_letterbox_valid,3d99874f14ae5f316eec36e21141043d75bd4fd17ccfb31e3174198dee269596,0.4582832021283349,fixed_shrink,0,0,P2-IMA-M-v2,2,55a7f9ce9fc3c156bd715651,Shrink-D0-0.333333,17,ISIC_0010479_A04_T1_S1_55a7f9ce9fc3c156bd715651.png,S1,0.9511042833328247,0.9509868908491771,val,M,0.9476422256523633,T1,376340
0.3333333333333333,0.3333333333333333,A06,0.0904325544834137,0.08988620958361275,0.22753059449093066,0.1383570722030902,0.5464659768632192,0,0.004305521647135417,0.004109700520833333,6e0811712543811a10b6cde1ec29db65b7bb4f25142c6991f2738d3d5c073f0a,1280.0,0.9596817056271467,0.951645520075671,0.960654115850928,807,0,793,28550,2094,499,-0.0009724102237812504,-0.001825869083404541,-0.0017628557584672688,0.008036185551475672,ISIC_0010479,0,30.364452901377952,0.023722228829201525,ISIC_0010479,0.9224885410725978,0.9242872180491,0.0,0.28735944403077346,0.07592134177684784,0.08698393404483795,0.08650388853750796,0.0740954726934433,0.07380182045707295,0.07556467621554022,canonical_letterbox_valid,3d99874f14ae5f316eec36e21141043d75bd4fd17ccfb31e3174198dee269596,0.4582832021283349,fixed_shrink,0,0,P2-IMA-M-v2,2,568b3a509fc3c126c063fef5,Shrink-D0-0.333333,17,ISIC_0010479_A06_T1_S1_568b3a509fc3c126c063fef5.png,S1,0.938589870929718,0.9387568571525323,val,M,0.9224885410725978,T1,349387
0.3333333333333333,0.3333333333333333,A04,0.06551413983106613,0.06503757362983714,0.43141222971086257,0.20870416360787006,0.7445911385094096,0,0.010976155598958334,0.011311848958333334,6e0811712543811a10b6cde1ec29db65b7bb4f25142c6991f2738d3d5c073f0a,1280.0,0.9557374027335069,0.9652875123732985,0.9418726027815365,2443,718,0,18928,0,7914,0.01386479995197043,0.01633991301059723,0.016201193263775976,-0.009550109639791526,ISIC_0010540,0,32.563734984595555,0.025440417956715276,ISIC_0010540,0.915227075292447,0.8901315713565965,0.0,0.5715441371488107,0.06337189674377441,0.052015580236911774,0.05174826016705532,0.07971180975437164,0.07922256858996707,0.06302137532619109,canonical_letterbox_valid,3d99874f14ae5f316eec36e21141043d75bd4fd17ccfb31e3174198dee269596,0.7654715490049387,fixed_shrink,0,0,P2-IMA-M-v2,2,55a7e5a89fc3c156bd7154e3,Shrink-D0-0.333333,17,ISIC_0010540_A04_T3_S2_55a7e5a89fc3c156bd7154e3.png,S2,0.9387703537940979,0.938994822977455,val,M,0.915227075292447,T3,230726
0.3333333333333333,0.3333333333333333,A06,0.2287149578332901,0.23016852360191808,0.0,0.0,0.005117469178878808,0,0.010976155598958334,0.011311848958333334,6e0811712543811a10b6cde1ec29db65b7bb4f25142c6991f2738d3d5c073f0a,1280.0,0.8792073350037947,0.8652200810473037,0.8959879557150514,68599,8632,0,0,0,0,-0.016780620711256744,-0.03503945469856262,-0.035167428817789226,0.01398725395649092,ISIC_0010540,0,61.0,0.04765625,ISIC_0010540,0.7844513641662451,0.8115744392040295,0.0,0.5715441371488107,0.1737338900566101,0.22234603762626648,0.22347394026154985,0.13869443535804749,0.13943140943233756,0.1745988382501268,canonical_letterbox_valid,3d99874f14ae5f316eec36e21141043d75bd4fd17ccfb31e3174198dee269596,0.7654715490049387,fixed_shrink,0,0,P2-IMA-M-v2,2,55dc55e39fc3c10470dbb5bd,Shrink-D0-0.333333,17,ISIC_0010540_A06_T1_S1_55dc55e39fc3c10470dbb5bd.png,S1,0.8812471628189087,0.8809708471016645,val,M,0.7844513641662451,T1,249654
0.3333333333333333,0.3333333333333333,A04,0.17374740540981293,0.17298024401686807,0.022158282898435692,0.010022486347574687,0.1335821914690217,0,0.0277557373046875,0.027567545572916668,6e0811712543811a10b6cde1ec29db65b7bb4f25142c6991f2738d3d5c073f0a,1280.0,0.8786454690338058,0.9127597770549124,0.8444578375554324,3,3,0,65406,0,21825,0.03418763147837345,0.04316267371177673,0.04302680593913116,-0.0341143080211066,ISIC_0010543,0,60.41026389248263,0.04719551866600206,ISIC_0010543,0.7835572468563865,0.7307892909497724,0.0,0.9132968019495241,0.16222691535949707,0.13073351979255676,0.13043408154273378,0.2053895890712738,0.20466594680976063,0.16163914087062947,canonical_letterbox_valid,3d99874f14ae5f316eec36e21141043d75bd4fd17ccfb31e3174198dee269596,0.5528490924307502,fixed_shrink,0,0,P2-IMA-M-v2,2,55a7e52b9fc3c156bd7154d1,Shrink-D0-0.333333,17,ISIC_0010543_A04_T3_S2_55a7e52b9fc3c156bd7154d1.png,S2,0.84929358959198,0.8497019622756091,val,M,0.7835572468563865,T3,236791
0.3333333333333333,0.3333333333333333,A06,0.1585860699415207,0.15816880164197122,0.08369541857053421,0.044147998547297,0.18832167512711434,0,0.0277557373046875,0.027567545572916668,6e0811712543811a10b6cde1ec29db65b7bb4f25142c6991f2738d3d5c073f0a,1280.0,0.908926404658459,0.8726953440617989,0.932626129238196,60178,18050,0,318,0,3778,-0.023699724579737014,-0.008961468935012817,-0.009119579747520035,0.036231060596660036,ISIC_0010543,0,54.817880294662984,0.04282646898020546,ISIC_0010543,0.8330569161779924,0.87375769145685,0.0,0.9132968019495241,0.13759925961494446,0.1601828634738922,0.16010589764122973,0.12863779067993164,0.1281833417144792,0.13730292146199924,canonical_letterbox_valid,3d99874f14ae5f316eec36e21141043d75bd4fd17ccfb31e3174198dee269596,0.5528490924307502,fixed_shrink,0,0,P2-IMA-M-v2,2,55dc56419fc3c10470dbb5cf,Shrink-D0-0.333333,17,ISIC_0010543_A06_T1_S1_55dc56419fc3c10470dbb5cf.png,S1,0.883387565612793,0.8835629587179727,val,M,0.8330569161779924,T1,301879
0.3333333333333333,0.3333333333333333,A04,0.22528302669525146,0.22675893862429908,0.09494557994851188,0.05676297826959611,0.19577985642810528,0,0.005686442057291667,0.005574544270833333,6e0811712543811a10b6cde1ec29db65b7bb4f25142c6991f2738d3d5c073f0a,1280.0,0.8862753599128499,0.8763117802360022,0.8869264802760514,7040,16,553,75849,2556,1347,-0.0006511203632014739,0.0008087754249572754,0.0007627511654134667,0.00996357967684769,ISIC_0010568,0,65.5858126661906,0.05123891614546141,ISIC_0010568,0.7957760186068056,0.7968265029753079,0.0,0.2746367305218564,0.17679190635681152,0.18942314386367798,0.1903535707152461,0.1776006817817688,0.1784727162007606,0.17770996503534714,canonical_letterbox_valid,3d99874f14ae5f316eec36e21141043d75bd4fd17ccfb31e3174198dee269596,0.46139081395210046,fixed_shrink,0,0,P2-IMA-M-v2,2,55a7df019fc3c156bd71543b,Shrink-D0-0.333333,17,ISIC_0010568_A04_T3_S1_55a7df019fc3c156bd71543b.png,S1,0.8716992139816284,0.8713390085536048,val,M,0.7957760186068056,T3,322984
0.3333333333333333,0.3333333333333333,A06,0.11112507432699203,0.11131414122691653,0.3828359868666197,0.20025961616891366,0.576540150414151,0,0.005686442057291667,0.005574544270833333,6e0811712543811a10b6cde1ec29db65b7bb4f25142c6991f2738d3d5c073f0a,1280.0,0.958897756526311,0.958887080789419,0.9579809166851004,20954,768,1974,12192,1135,595,0.0009168398412106038,0.0004789382219314575,0.0004465338482256831,1.0675736892062915e-05,ISIC_0010568,0,33.26634179953776,0.025989329530888877,ISIC_0010568,0.9210409088418651,0.9193506453236397,0.0,0.2746367305218564,0.0937461405992508,0.09428288042545319,0.09444792873987043,0.09422507882118225,0.09434027564008252,0.09389374179185683,canonical_letterbox_valid,3d99874f14ae5f316eec36e21141043d75bd4fd17ccfb31e3174198dee269596,0.46139081395210046,fixed_shrink,0,0,P2-IMA-M-v2,2,568bb8069fc3c126c063ff64,Shrink-D0-0.333333,17,ISIC_0010568_A06_T1_S1_568bb8069fc3c126c063ff64.png,S1,0.923632800579071,0.9235266576432029,val,M,0.9210409088418651,T1,386641
0.3333333333333333,0.3333333333333333,A04,0.08465048670768738,0.08466605479619961,0.31217619224290194,0.1924594595647381,0.5383986334525124,0,0.007152557373046875,0.007344563802083333,6e0811712543811a10b6cde1ec29db65b7bb4f25142c6991f2738d3d5c073f0a,1280.0,0.9576083328839654,0.968657722040446,0.9513347070806695,28630,412,4848,457,365,0,0.006273625803295935,0.008044704794883728,0.008009138759016515,-0.011049389156480571,ISIC_0010596,0,33.83784863137726,0.026435819243263485,ISIC_0010596,0.9186646086047123,0.9071862237685898,0.0,0.40299721688392626,0.07304824888706207,0.059334564954042435,0.059517474334722285,0.0810929536819458,0.08104933710310022,0.0730401983440837,canonical_letterbox_valid,3d99874f14ae5f316eec36e21141043d75bd4fd17ccfb31e3174198dee269596,0.5229348192777645,fixed_shrink,0,0,P2-IMA-M-v2,3,55a7d8889fc3c156bd715393,Shrink-D0-0.333333,17,ISIC_0010596_A04_T1_S1_55a7d8889fc3c156bd715393.png,S1,0.9385539889335632,0.9385856581080322,val,M,0.9186646086047123,T1,328531
0.3333333333333333,0.3333333333333333,A03,0.28467246890068054,0.28430127603497396,0.068951013080277,0.05048543689320389,0.13088547656091457,0,0.007152557373046875,0.007344563802083333,6e0811712543811a10b6cde1ec29db65b7bb4f25142c6991f2738d3d5c073f0a,1280.0,0.8784485740884945,0.9014312938409763,0.8711993095642028,90853,408,5213,150,0,4,0.007249264524291754,0.005218863487243652,0.005187001182359652,-0.022982719752481784,ISIC_0010596,0,75.23961722390672,0.05878095095617712,ISIC_0010596,0.7832441328979304,0.7717919708463837,0.0,0.40299721688392626,0.20256827771663666,0.17883962392807007,0.17865098102003982,0.2077871412038803,0.20743464471243764,0.202247643530078,canonical_letterbox_valid,3d99874f14ae5f316eec36e21141043d75bd4fd17ccfb31e3174198dee269596,0.5229348192777645,fixed_shrink,0,0,P2-IMA-M-v2,3,57be15e29fc3c1434763a361,Shrink-D0-0.333333,17,ISIC_0010596_A03_T1_S1_57be15e29fc3c1434763a361.png,S1,0.8795359134674072,0.879805988974818,val,M,0.7832441328979304,T1,328838
0.3333333333333333,0.3333333333333333,A02,0.0628700777888298,0.06215294665678341,0.4973510533681257,0.2645631308448916,0.8106882352207512,0,0.007152557373046875,0.007344563802083333,6e0811712543811a10b6cde1ec29db65b7bb4f25142c6991f2738d3d5c073f0a,1280.0,0.9725564992859113,0.9594753313392075,0.9729402524996973,4458,245,2456,13355,2757,167,-0.0003837532137860311,0.0025583505630493164,0.0025945608536320705,0.013081167946703776,ISIC_0010596,0,23.08679276123039,0.018036556844711244,ISIC_0010596,0.9465790562789778,0.9473063810237686,0.0,0.40299721688392626,0.05895650014281273,0.06843121349811554,0.06793010486365289,0.061514850705862045,0.061030241874016296,0.058435681020384225,canonical_letterbox_valid,3d99874f14ae5f316eec36e21141043d75bd4fd17ccfb31e3174198dee269596,0.5229348192777645,fixed_shrink,0,0,P2-IMA-M-v2,3,57c05f519fc3c158f2bd0e6c,Shrink-D0-0.333333,17,ISIC_0010596_A02_T1_S1_57c05f519fc3c158f2bd0e6c.png,S1,0.9449570775032043,0.945281584616015,val,M,0.9465790562789778,T1,315633
0.3333333333333333,0.3333333333333333,A04,0.7446007132530212,0.7429828434955605,0.08885137606419194,0.08519613115957882,0.10450531870589486,0,0.028016408284505207,0.027852376302083332,6e0811712543811a10b6cde1ec29db65b7bb4f25142c6991f2738d3d5c073f0a,1280.0,0.6354203477879716,0.6180851573839753,0.6501512843072037,0,0,0,347673,21820,213,-0.014730936519232074,-0.051590412855148315,-0.0514695681514461,0.017335190403996337,ISIC_0010652,0,312.59590346488744,0.2442155495819433,ISIC_0010652,0.4656528087297318,0.4816475185321194,0.0,0.3428659952139878,0.5438340902328491,0.6597196459770203,0.658380853439244,0.4922436773777008,0.49127505699097074,0.5427446251424168,canonical_letterbox_valid,3d99874f14ae5f316eec36e21141043d75bd4fd17ccfb31e3174198dee269596,0.5344090929734294,fixed_shrink,0,0,P2-IMA-M-v2,2,55a6bfe49fc3c156bd715240,Shrink-D0-0.333333,17,ISIC_0010652_A04_T3_S2_55a6bfe49fc3c156bd715240.png,S2,0.6569325923919678,0.6574935932107268,val,M,0.0,T3,302977
0.3333333333333333,0.3333333333333333,A06,0.3225210905075073,0.3237195801312838,0.2676416299405133,0.2342420008372899,0.3191425955573509,0,0.028016408284505207,0.027852376302083332,6e0811712543811a10b6cde1ec29db65b7bb4f25142c6991f2738d3d5c073f0a,1280.0,0.912473808170797,0.931647426841435,0.8960517081020011,123468,213,21583,1137,237,0,0.016422100068795964,0.030617058277130127,0.030616434359670458,-0.019173618670637937,ISIC_0010652,0,92.70382947861431,0.07242486678016744,ISIC_0010652,0.8390361676126895,0.8116790565991412,0.0,0.3428659952139878,0.2258492112159729,0.18291988968849182,0.18370167377492236,0.256466269493103,0.2571857638278934,0.22656932946822292,canonical_letterbox_valid,3d99874f14ae5f316eec36e21141043d75bd4fd17ccfb31e3174198dee269596,0.5344090929734294,fixed_shrink,0,0,P2-IMA-M-v2,2,55dc59d89fc3c10470dbb85d,Shrink-D0-0.333333,17,ISIC_0010652_A06_T1_S1_55dc59d89fc3c10470dbb85d.png,S1,0.8708226680755615,0.870580921194838,val,M,0.8390361676126895,T1,649513
0.3333333333333333,0.3333333333333333,A04,0.08717075735330582,0.08754365793532358,0.24197009336821643,0.14818885055314884,0.47515094148187953,0,0.008421579996744791,0.008382161458333334,6e0811712543811a10b6cde1ec29db65b7bb4f25142c6991f2738d3d5c073f0a,1280.0,0.9023143736859098,0.8556227327690448,0.9217036243455762,945,0,590,23865,6033,0,-0.019389250659666346,-0.019416652619838715,-0.01944177132259034,0.04669164091686506,ISIC_0010657,0,40.35095546127544,0.03152418395412144,ISIC_0010657,0.8220152947759588,0.8547776336410194,0.0,0.37150463723325644,0.10235394537448883,0.14792802929878235,0.14825100488464135,0.08293729275465012,0.08323929040878697,0.10268106173137731,canonical_letterbox_valid,3d99874f14ae5f316eec36e21141043d75bd4fd17ccfb31e3174198dee269596,0.5486550771566394,fixed_shrink,0,0,P2-IMA-M-v2,2,55a6bf499fc3c156bd715222,Shrink-D0-0.333333,17,ISIC_0010657_A04_T3_S2_55a6bf499fc3c156bd715222.png,S2,0.8824628591537476,0.882181534472569,val,M,0.8220152947759588,T3,114584
0.3333333333333333,0.3333333333333333,A06,0.029378509148955345,0.029233547614633582,0.6818928892062124,0.5235271203867954,0.8891188858207569,0,0.008421579996744791,0.008382161458333334,6e0811712543811a10b6cde1ec29db65b7bb4f25142c6991f2738d3d5c073f0a,1280.0,0.9718436423543507,0.9543916458637474,0.9585151801790286,5716,0,5043,2180,1580,0,0.013328462175322131,0.0038550905883312225,0.003759277568435977,0.01745199649060336,ISIC_0010657,0,17.11133609932508,0.013368231327597718,ISIC_0010657,0.9452294246176256,0.9203352386295893,0.0,0.37150463723325644,0.04504694417119026,0.05669621750712395,0.056730309939769366,0.048902034759521484,0.04865355746021832,0.044894279891782345,canonical_letterbox_valid,3d99874f14ae5f316eec36e21141043d75bd4fd17ccfb31e3174198dee269596,0.5486550771566394,fixed_shrink,0,0,P2-IMA-M-v2,2,55dc5a289fc3c10470dbb87b,Shrink-D0-0.333333,17,ISIC_0010657_A06_T1_S1_55dc5a289fc3c10470dbb87b.png,S1,0.93928462266922,0.9394449878310689,val,M,0.9452294246176256,T1,136269
0.3333333333333333,0.3333333333333333,A04,0.1356118768453598,0.13434126955990014,0.0,0.0,0.04725316941990011,0,0.0034472147623697915,0.0033772786458333335,6e0811712543811a10b6cde1ec29db65b7bb4f25142c6991f2738d3d5c073f0a,1280.0,0.8586088802547516,0.8468552465233881,0.8501265140037915,0,0,0,35299,110,2601,0.008482366250960105,0.00607164204120636,0.006102337238024336,0.01175363373136351,ISIC_0010819,0,44.45495652725066,0.03473043478691458,ISIC_0010819,0.7522477312127571,0.7393217813586447,0.0,0.8308675511845255,0.14767634868621826,0.16151192784309387,0.16067408048654055,0.15374799072742462,0.15289965234872394,0.1467973151106996,canonical_letterbox_valid,3d99874f14ae5f316eec36e21141043d75bd4fd17ccfb31e3174198dee269596,0.9071738461804589,fixed_shrink,0,0,P2-IMA-M-v2,2,55a69ef49fc3c156bd714e56,Shrink-D0-0.333333,17,ISIC_0010819_A04_T3_S2_55a69ef49fc3c156bd714e56.png,S2,0.8402591943740845,0.8407466393385009,val,M,0.7522477312127571,T3,107178
0.3333333333333333,0.3333333333333333,A06,0.19712813198566437,0.19647218090537255,0.09995222889900184,0.025875382448642608,0.3175760593678959,0,0.0034472147623697915,0.0033772786458333335,6e0811712543811a10b6cde1ec29db65b7bb4f25142c6991f2738d3d5c073f0a,1280.0,0.8427955348110814,0.852696700600503,0.850407988889313,53138,2456,110,10,0,145,-0.007612454078231634,-0.012647956609725952,-0.012728415137337523,-0.009901165789421573,ISIC_0010819,0,68.87779027583343,0.05381077365299487,ISIC_0010819,0.7283030442450732,0.7397476501838987,0.0,0.8308675511845255,0.17906337976455688,0.17444059252738953,0.17418233922082565,0.16641542315483093,0.1659107189400572,0.17863913407739473,canonical_letterbox_valid,3d99874f14ae5f316eec36e21141043d75bd4fd17ccfb31e3174198dee269596,0.9071738461804589,fixed_shrink,0,0,P2-IMA-M-v2,2,55dc5fd79fc3c10470dbbc47,Shrink-D0-0.333333,17,ISIC_0010819_A06_T1_S1_55dc5fd79fc3c10470dbbc47.png,S1,0.8390013575553894,0.8391939127505831,val,M,0.7283030442450732,T1,142467
0.3333333333333333,0.3333333333333333,A04,0.40849077701568604,0.4086340762372686,0.1275302142804182,0.08054018070719951,0.19895421361836166,0,0.016216278076171875,0.01617431640625,6e0811712543811a10b6cde1ec29db65b7bb4f25142c6991f2738d3d5c073f0a,1280.0,0.8351291010440445,0.8420973611701441,0.8263769289992239,1262,1030,0,156622,59,11664,0.008752172044820594,0.024942010641098022,0.024892583516663125,-0.006968260126099635,ISIC_0010938,0,161.82474917073432,0.12642558528963618,ISIC_0010938,0.7169284611647091,0.7041246456535255,0.0,0.23883599346409085,0.2974909245967865,0.27251097559928894,0.27262936567100593,0.3224329352378845,0.32245899519999277,0.29756641168332965,canonical_letterbox_valid,3d99874f14ae5f316eec36e21141043d75bd4fd17ccfb31e3174198dee269596,0.5623612940861292,fixed_shrink,0,0,P2-IMA-M-v2,2,55a56e639fc3c156bd714b8c,Shrink-D0-0.333333,17,ISIC_0010938_A04_T1_S2_55a56e639fc3c156bd714b8c.png,S2,0.813508927822113,0.8135012528706094,val,M,0.7169284611647091,T1,399869
0.3333333333333333,0.3333333333333333,A06,0.3555634021759033,0.3547131931778018,0.17359125315391086,0.10495490711604469,0.30625212542192104,0,0.016216278076171875,0.01617431640625,6e0811712543811a10b6cde1ec29db65b7bb4f25142c6991f2738d3d5c073f0a,1280.0,0.8963531685418752,0.8900243074106103,0.9010523613963038,124506,8651,59,3403,0,4043,-0.004699192854428658,-0.011529818177223206,-0.01205000059127212,0.006328861131264851,ISIC_0010938,0,118.91256863084787,0.0929004442428499,ISIC_0010938,0.8121739155972787,0.8199229242088053,0.0,0.23883599346409085,0.24299156665802002,0.2555997371673584,0.2559218326970995,0.23146174848079681,0.23045414673568446,0.24250414732695658,canonical_letterbox_valid,3d99874f14ae5f316eec36e21141043d75bd4fd17ccfb31e3174198dee269596,0.5623612940861292,fixed_shrink,0,0,P2-IMA-M-v2,2,55ddb5de9fc3c10470dbe07e,Shrink-D0-0.333333,17,ISIC_0010938_A06_T1_S1_55ddb5de9fc3c10470dbe07e.png,S1,0.8695802688598633,0.8697048985238887,val,M,0.8121739155972787,T1,553088
0.3333333333333333,0.3333333333333333,A04,0.18599577248096466,0.18765801328270607,0.24535823437200438,0.21941001065929744,0.4105522668619392,0,0.004060109456380208,0.004048665364583333,6e0811712543811a10b6cde1ec29db65b7bb4f25142c6991f2738d3d5c073f0a,1280.0,0.9449533505537067,0.9475532095208117,0.9442146117096856,16577,63,507,56135,1043,1580,0.0007387388440210918,0.004154026508331299,0.00408464289166971,-0.0025998589671050176,ISIC_0010968,0,67.21458012125406,0.05251139071972973,ISIC_0010968,0.8956507762473199,0.8943243789712785,0.0,0.3652424954713528,0.1281244158744812,0.1256280541419983,0.12675334517317893,0.1322784423828125,0.13324628056725907,0.12916163767558936,canonical_letterbox_valid,3d99874f14ae5f316eec36e21141043d75bd4fd17ccfb31e3174198dee269596,0.662006838363038,fixed_shrink,0,0,P2-IMA-M-v2,2,55a569289fc3c156bd714ad8,Shrink-D0-0.333333,17,ISIC_0010968_A04_T1_S2_55a569289fc3c156bd714ad8.png,S2,0.9297469258308411,0.9293347379315273,val,M,0.8956507762473199,T1,624102
0.3333333333333333,0.3333333333333333,A06,0.17949537932872772,0.17914416981300588,0.4712686462005121,0.41743766661439546,0.5344787073042303,0,0.004060109456380208,0.004048665364583333,6e0811712543811a10b6cde1ec29db65b7bb4f25142c6991f2738d3d5c073f0a,1280.0,0.9495269403181859,0.9511778725689268,0.9489009420496717,66715,1124,1525,5064,25,519,0.0006259982685141718,0.006684191524982452,0.006444990269648607,-0.0016509322507409774,ISIC_0010968,0,78.0,0.0609375,ISIC_0010968,0.9039041330634364,0.9027702335687127,0.0,0.3652424954713528,0.12182360142469406,0.11597549915313721,0.11606368584347655,0.1285077929496765,0.1280861608849253,0.1216411706152767,canonical_letterbox_valid,3d99874f14ae5f316eec36e21141043d75bd4fd17ccfb31e3174198dee269596,0.662006838363038,fixed_shrink,0,0,P2-IMA-M-v2,2,55ddb8219fc3c10470dbe132,Shrink-D0-0.333333,17,ISIC_0010968_A06_T1_S1_55ddb8219fc3c10470dbe132.png,S1,0.9358481764793396,0.9358618285824525,val,M,0.9039041330634364,T1,675173
0.3333333333333333,0.3333333333333333,A04,0.015569314360618591,0.015641576019466388,0.5619968445325458,0.2577624784853701,0.8514969647590741,0,0.00072479248046875,0.0006510416666666666,6e0811712543811a10b6cde1ec29db65b7bb4f25142c6991f2738d3d5c073f0a,1280.0,0.8805067831419398,0.8646686892171596,0.8670214279616403,32,14,0,4099,0,556,0.013485355180299474,0.005810625851154327,0.005357257734510318,0.015838093924780194,ISIC_0011005,0,16.278820596099706,0.012717828590702895,ISIC_0011005,0.7865226603276316,0.765258451800874,0.0,0.28393300875242683,0.0770551785826683,0.08838594704866409,0.0884819343342214,0.08286580443382263,0.08292040935116028,0.07756315161664996,canonical_letterbox_valid,3d99874f14ae5f316eec36e21141043d75bd4fd17ccfb31e3174198dee269596,0.5022827301018518,fixed_shrink,0,0,P2-IMA-M-v2,2,55a562639fc3c156bd7149fa,Shrink-D0-0.333333,17,ISIC_0011005_A04_T3_S2_55a562639fc3c156bd7149fa.png,S2,0.861458957195282,0.8605152727861665,val,M,0.7865226603276316,T3,15220
0.3333333333333333,0.3333333333333333,A06,0.05983507260680199,0.059381118144433954,0.12762237762237763,0.06017699115044248,0.25934927575172817,0,0.00072479248046875,0.0006510416666666666,6e0811712543811a10b6cde1ec29db65b7bb4f25142c6991f2738d3d5c073f0a,1280.0,0.7438035628310062,0.7603899435608004,0.7571387751214401,13295,562,0,8,0,8,-0.013335212290433884,-0.004393935203552246,-0.004188725171847596,-0.016586380729794126,ISIC_0011005,0,34.52535300326414,0.026972932033800107,ISIC_0011005,0.5921076838167658,0.6091901170988904,0.0,0.28393300875242683,0.15705707669258118,0.14197370409965515,0.14121637515391283,0.15266314148902893,0.15228873793349826,0.15647746310534585,canonical_letterbox_valid,3d99874f14ae5f316eec36e21141043d75bd4fd17ccfb31e3174198dee269596,0.5022827301018518,fixed_shrink,0,0,P2-IMA-M-v2,2,55ddbb899fc3c10470dbe38a,Shrink-D0-0.333333,17,ISIC_0011005_A06_T1_S1_55ddbb899fc3c10470dbe38a.png,S1,0.7457209229469299,0.7464261919337423,val,M,0.0,T1,19311
0.3333333333333333,0.3333333333333333,A04,0.07547269761562347,0.07611297125743532,0.059876359206314234,0.014172581418171029,0.36921228036987985,0,0.0017751057942708333,0.0018310546875,6e0811712543811a10b6cde1ec29db65b7bb4f25142c6991f2738d3d5c073f0a,1280.0,0.91315310803432,0.9098450982430606,0.9099793792995893,42,6,0,24929,190,1200,0.003173728734730763,0.003018289804458618,0.0030127730273769304,0.0033080097912594475,ISIC_0011100,0,26.0,0.0203125,ISIC_0011100,0.8401856,0.8348276739158083,0.0,0.2604619631001793,0.08876927942037582,0.09119227528572083,0.09161606376667049,0.09178756922483444,0.09231586521563187,0.08930309218825494,canonical_letterbox_valid,3d99874f14ae5f316eec36e21141043d75bd4fd17ccfb31e3174198dee269596,0.5472174913039685,fixed_shrink,0,0,P2-IMA-M-v2,2,55a027079fc3c156bd7147c0,Shrink-D0-0.333333,17,ISIC_0011100_A04_T3_S1_55a027079fc3c156bd7147c0.png,S1,0.8979341387748718,0.8975067868809254,val,M,0.8401856,T3,131279
0.3333333333333333,0.3333333333333333,A06,0.05743373557925224,0.05707669018962765,0.1988663826426541,0.13923598714744734,0.41695310413038444,0,0.0017751057942708333,0.0018310546875,6e0811712543811a10b6cde1ec29db65b7bb4f25142c6991f2738d3d5c073f0a,1280.0,0.9328131954131482,0.9356925055981705,0.9356728280906137,22430,1144,190,63,0,62,-0.0028596326774654734,-0.0015840083360671997,-0.0015745696538232573,-0.002879310185022299,ISIC_0011100,0,30.23243291566195,0.0236190882153609,ISIC_0011100,0.874086140686752,0.8791214325685507,0.0,0.2604619631001793,0.06738279014825821,0.06674519181251526,0.06645557188377367,0.06579878181219101,0.0655238363186362,0.06709840597245946,canonical_letterbox_valid,3d99874f14ae5f316eec36e21141043d75bd4fd17ccfb31e3174198dee269596,0.5472174913039685,fixed_shrink,0,0,P2-IMA-M-v2,2,568bb4659fc3c126c063ff40,Shrink-D0-0.333333,17,ISIC_0011100_A06_T1_S1_568bb4659fc3c126c063ff40.png,S1,0.9226681590080261,0.9228798782447087,val,M,0.874086140686752,T1,156145
0.3333333333333333,0.3333333333333333,A04,0.29856544733047485,0.2990548308466157,0.00844069302532208,0.0,0.038890991913376846,0,0.008394877115885416,0.008158365885416666,6e0811712543811a10b6cde1ec29db65b7bb4f25142c6991f2738d3d5c073f0a,1280.0,0.864847589084584,0.8788220482271234,0.8704332055698872,113754,5382,1220,0,0,0,-0.005585616485303202,-0.005782321095466614,-0.005928406669303915,-0.013974459142539364,ISIC_0011107,0,102.61578825892242,0.08016858457728314,ISIC_0011107,0.761877947638017,0.770590291660474,0.0,0.6473515303095945,0.22091397643089294,0.20616331696510315,0.20662543633067595,0.21513165533542633,0.21522750732997603,0.22115591399927995,canonical_letterbox_valid,3d99874f14ae5f316eec36e21141043d75bd4fd17ccfb31e3174198dee269596,0.44100889835816826,fixed_shrink,0,0,P2-IMA-M-v2,3,55a020ea9fc3c156bd714796,Shrink-D0-0.333333,17,ISIC_0011107_A04_T1_S1_55a020ea9fc3c156bd714796.png,S1,0.856737494468689,0.8567430028480558,val,M,0.761877947638017,T1,363959
0.3333333333333333,0.3333333333333333,A03,0.5891878604888916,0.5896612134624218,0.0,0.0,0.0,0,0.008394877115885416,0.008158365885416666,6e0811712543811a10b6cde1ec29db65b7bb4f25142c6991f2738d3d5c073f0a,1280.0,0.798952025648371,0.8127480530076665,0.8044136430036285,183173,5382,1220,0,0,0,-0.00546161735525752,-0.023865044116973877,-0.024021690643779958,-0.013796027359295526,ISIC_0011107,0,138.0507153186828,0.10785212134272093,ISIC_0011107,0.6652124167476953,0.6728193562065461,0.0,0.6473515303095945,0.393754243850708,0.3871057629585266,0.38764135710986286,0.36988919973373413,0.3699636077605166,0.3939852984042966,canonical_letterbox_valid,3d99874f14ae5f316eec36e21141043d75bd4fd17ccfb31e3174198dee269596,0.44100889835816826,fixed_shrink,0,0,P2-IMA-M-v2,3,57be16e99fc3c1434763a366,Shrink-D0-0.333333,17,ISIC_0011107_A03_T1_S1_57be16e99fc3c1434763a366.png,S1,0.8016793727874756,0.8016906166538287,val,M,0.6652124167476953,T1,363959
0.3333333333333333,0.3333333333333333,A02,0.2599487602710724,0.26003869356625003,0.0,0.0,0.03128442388191232,0,0.008394877115885416,0.008158365885416666,6e0811712543811a10b6cde1ec29db65b7bb4f25142c6991f2738d3d5c073f0a,1280.0,0.8711863351955842,0.8853102637286012,0.8767812697240714,107630,5382,1220,0,0,0,-0.00559493452848725,-0.0015013813972473145,-0.0015849299842184694,-0.014123928533017027,ISIC_0011107,0,90.44335243676011,0.07065886909121884,ISIC_0011107,0.771771606207948,0.780597087718331,0.0,0.6473515303095945,0.19782458245754242,0.1791001856327057,0.17923551990790765,0.1963232010602951,0.19625925697001373,0.1978441869542322,canonical_letterbox_valid,3d99874f14ae5f316eec36e21141043d75bd4fd17ccfb31e3174198dee269596,0.44100889835816826,fixed_shrink,0,0,P2-IMA-M-v2,3,57c060a19fc3c158f2bd0e71,Shrink-D0-0.333333,17,ISIC_0011107_A02_T1_S1_57c060a19fc3c158f2bd0e71.png,S1,0.8642995953559875,0.8643503196577856,val,M,0.771771606207948,T1,363959
0.3333333333333333,0.3333333333333333,A04,0.1731351613998413,0.1730209325662052,0.0,0.0,0.0,0,0.0003916422526041667,0.0003255208333333333,6e0811712543811a10b6cde1ec29db65b7bb4f25142c6991f2738d3d5c073f0a,1280.0,0.8452172082251386,0.8521100661425837,0.8450854982058098,35288,141,167,0,0,0,0.0001317100193287679,-0.006602644920349121,-0.006580450117572911,-0.006892857917445094,ISIC_0011110,0,45.751978551663086,0.035743733243486786,ISIC_0011110,0.7319274362636361,0.7317299219058616,0.0,0.41267250550816587,0.1630193591117859,0.16535282135009766,0.16539696863103953,0.15641671419143677,0.15644495260788321,0.16302540272545613,canonical_letterbox_valid,3d99874f14ae5f316eec36e21141043d75bd4fd17ccfb31e3174198dee269596,0.7877225936193109,fixed_shrink,0,0,P2-IMA-M-v2,4,55a0206a9fc3c156bd714784,Shrink-D0-0.333333,17,ISIC_0011110_A04_T1_S1_55a0206a9fc3c156bd714784.png,S1,0.8470964431762695,0.846970127115293,val,M,0.7319274362636361,T1,96348
0.3333333333333333,0.3333333333333333,A06,0.030218815430998802,0.03020358866056666,0.41694771733781083,0.08810110650794484,0.8851096598961707,0,0.0003916422526041667,0.0003255208333333333,6e0811712543811a10b6cde1ec29db65b7bb4f25142c6991f2738d3d5c073f0a,1280.0,0.9493489410130211,0.9562506728783534,0.9492143423782096,10281,141,167,0,0,0,0.00013459863481157797,6.636977195739746e-05,0.00011633352730080343,-0.006901731865332272,ISIC_0011110,0,19.697715603592208,0.015388840315306412,ISIC_0011110,0.9035815772444644,0.90333774113984,0.0,0.41267250550816587,0.041690099984407425,0.03679165989160538,0.03694898755891964,0.04175646975636482,0.04191104027548608,0.04179470674818528,canonical_letterbox_valid,3d99874f14ae5f316eec36e21141043d75bd4fd17ccfb31e3174198dee269596,0.7877225936193109,fixed_shrink,0,0,P2-IMA-M-v2,4,568b368b9fc3c126c063fed4,Shrink-D0-0.333333,17,ISIC_0011110_A06_T3_S1_568b368b9fc3c126c063fed4.png,S1,0.9468386173248291,0.9466141751641961,val,M,0.9035815772444644,T3,96348
0.3333333333333333,0.3333333333333333,A03,0.2834477126598358,0.2824559947231955,0.0,0.0,0.04637328149518702,0,0.0003916422526041667,0.0003255208333333333,6e0811712543811a10b6cde1ec29db65b7bb4f25142c6991f2738d3d5c073f0a,1280.0,0.7978998277461243,0.8046756947046398,0.797770397303274,48808,141,167,0,0,0,0.00012943044285029792,-0.011468008160591125,-0.011385777818728432,-0.0067758669585155085,ISIC_0011110,0,67.44330307361018,0.052690080526257954,ISIC_0011110,0.6637548568436716,0.6635757392047177,0.0,0.41267250550816587,0.24197234213352203,0.2518550157546997,0.2510723928514893,0.2305043339729309,0.22988033461497967,0.2412661124337081,canonical_letterbox_valid,3d99874f14ae5f316eec36e21141043d75bd4fd17ccfb31e3174198dee269596,0.7877225936193109,fixed_shrink,0,0,P2-IMA-M-v2,4,57be16f99fc3c1434763a367,Shrink-D0-0.333333,17,ISIC_0011110_A03_T1_S1_57be16f99fc3c1434763a367.png,S1,0.7995030283927917,0.7999237698557793,val,M,0.6637548568436716,T1,96348
0.3333333333333333,0.3333333333333333,A02,0.10540062934160233,0.10412293396547255,0.0017597888253409594,0.0,0.17116473892141465,0,0.0003916422526041667,0.0003255208333333333,6e0811712543811a10b6cde1ec29db65b7bb4f25142c6991f2738d3d5c073f0a,1280.0,0.8859138158529913,0.8928819444444445,0.8857806285490953,24815,141,167,0,0,0,0.00013318730389599853,-0.0037010759115219116,-0.0036307690663278935,-0.006968128591453127,ISIC_0011110,0,33.53207340208699,0.026196932345380463,ISIC_0011110,0.7951932520653995,0.7949786651040334,0.0,0.41267250550816587,0.10947257280349731,0.10765735805034637,0.10675651215032606,0.1057714968919754,0.10494103144116071,0.1085718005074886,canonical_letterbox_valid,3d99874f14ae5f316eec36e21141043d75bd4fd17ccfb31e3174198dee269596,0.7877225936193109,fixed_shrink,0,0,P2-IMA-M-v2,4,57c060b29fc3c158f2bd0e72,Shrink-D0-0.333333,17,ISIC_0011110_A02_T1_S1_57c060b29fc3c158f2bd0e72.png,S1,0.8864554762840271,0.8869793329504954,val,M,0.7951932520653995,T1,96348
0.3333333333333333,0.3333333333333333,A04,0.13133765757083893,0.13256113204641717,0.6800874225489435,0.21489879196350134,0.7277640716693574,0,0.009240468343098959,0.00921630859375,6e0811712543811a10b6cde1ec29db65b7bb4f25142c6991f2738d3d5c073f0a,1280.0,0.9643288478631267,0.9632212408438192,0.9646587295001612,21484,3706,18,26836,24,3519,-0.00032988163703451256,0.008906431496143341,0.00879969632995091,0.001107607019307455,ISIC_0011121,0,58.0,0.0453125,ISIC_0011121,0.9311149063807099,0.9317302004530799,0.0,0.43306014139628735,0.09346962720155716,0.0881204754114151,0.08899235034807504,0.1023760586977005,0.10303546103812193,0.09423576470817102,canonical_letterbox_valid,3d99874f14ae5f316eec36e21141043d75bd4fd17ccfb31e3174198dee269596,0.669598219523753,fixed_shrink,0,0,P2-IMA-M-v2,2,55a01ee49fc3c156bd714742,Shrink-D0-0.333333,17,ISIC_0011121_A04_T1_S1_55a01ee49fc3c156bd714742.png,S1,0.9443984031677246,0.9440896026300751,val,M,0.9311149063807099,T1,653138
0.3333333333333333,0.3333333333333333,A06,0.22016574442386627,0.21933582158334083,0.6864125282597314,0.6504640997945167,0.739777056221286,0,0.009240468343098959,0.00921630859375,6e0811712543811a10b6cde1ec29db65b7bb4f25142c6991f2738d3d5c073f0a,1280.0,0.9525124929127592,0.9425242610460751,0.955067596924431,63640,5286,42,3783,0,1939,-0.002555104011671805,-0.0032927989959716797,-0.0031820280491618447,0.009988231866684072,ISIC_0011121,0,155.5862526065494,0.12155175984886672,ISIC_0011121,0.9093306473519864,0.9139994071514701,0.0,0.43306014139628735,0.1439889371395111,0.1695840209722519,0.16872363858651127,0.14069613814353943,0.14039080395447023,0.14357283200363208,canonical_letterbox_valid,3d99874f14ae5f316eec36e21141043d75bd4fd17ccfb31e3174198dee269596,0.669598219523753,fixed_shrink,0,0,P2-IMA-M-v2,2,568b3a1a9fc3c126c063fef2,Shrink-D0-0.333333,17,ISIC_0011121_A06_T1_S1_568b3a1a9fc3c126c063fef2.png,S1,0.9321878552436829,0.9321901575760767,val,M,0.9093306473519864,T1,676191
0.3333333333333333,0.3333333333333333,A04,0.13518472015857697,0.13481178936383256,0.31779592605033785,0.14323910021033118,0.6327585033739017,0,0.04921595255533854,0.048990885416666664,6e0811712543811a10b6cde1ec29db65b7bb4f25142c6991f2738d3d5c073f0a,1280.0,0.9438877842449659,0.9629126578764332,0.9016292273512713,6675,2570,206,32128,319,35610,0.04225855689369462,0.06645756214857101,0.06639977507566201,-0.01902487363146732,ISIC_0011155,0,70.83325482190321,0.05533848032961188,ISIC_0011155,0.8937381560066162,0.8208787504213957,0.0,1.2971826282541319,0.1235567107796669,0.08138124644756317,0.08132569132984982,0.19001427292823792,0.189669129903485,0.12326935482782299,canonical_letterbox_valid,3d99874f14ae5f316eec36e21141043d75bd4fd17ccfb31e3174198dee269596,0.5611614733499726,fixed_shrink,0,0,P2-IMA-M-v2,2,55a009329fc3c156bd714651,Shrink-D0-0.333333,17,ISIC_0011155_A04_T1_S2_55a009329fc3c156bd714651.png,S2,0.8880712985992432,0.8882730797081866,val,M,0.8937381560066162,T1,326361
0.3333333333333333,0.3333333333333333,A03,0.17764942348003387,0.1767942901498428,0.21779082172336792,0.13592959001137048,0.3755140769942517,0,0.04921595255533854,0.048990885416666664,6e0811712543811a10b6cde1ec29db65b7bb4f25142c6991f2738d3d5c073f0a,1280.0,0.9054422918439659,0.9321390045405512,0.8617434003726715,7420,1845,229,55801,296,36335,0.043698891471294354,0.06542451679706573,0.0654462628111949,-0.026696712696585356,ISIC_0011155,0,94.6476536746361,0.07394347943330945,ISIC_0011155,0.8272220688750481,0.7570730542259198,0.0,1.2971826282541319,0.156650573015213,0.10988977551460266,0.10938530275334968,0.22207508981227875,0.22145828335918563,0.15601202054799074,canonical_letterbox_valid,3d99874f14ae5f316eec36e21141043d75bd4fd17ccfb31e3174198dee269596,0.5611614733499726,fixed_shrink,0,0,P2-IMA-M-v2,2,5abbd5e11165976359dad0bc,Shrink-D0-0.333333,17,ISIC_0011155_A03_T1_S1_5abbd5e11165976359dad0bc.png,S1,0.864348292350769,0.8647702490538614,val,M,0.8272220688750481,T1,302688
0.3333333333333333,0.3333333333333333,A04,0.10781271010637283,0.107132014910996,0.12140615842207877,0.07959099409807398,0.2258546958113307,0,0.010245005289713541,0.01025390625,6e0811712543811a10b6cde1ec29db65b7bb4f25142c6991f2738d3d5c073f0a,1280.0,0.8905644514308889,0.9389954815589735,0.8645417601746831,36788,0,7878,179,179,0,0.02602269125620582,0.027533769607543945,0.027661153317738302,-0.048431030128084585,ISIC_0011169,0,40.162171256046406,0.031376696293786255,ISIC_0011169,0.8027185108494946,0.7614033963130933,0.0,0.4482033412047311,0.11304411292076111,0.07166332751512527,0.07099520199145552,0.14057788252830505,0.1402258273931474,0.1125646740754091,canonical_letterbox_valid,3d99874f14ae5f316eec36e21141043d75bd4fd17ccfb31e3174198dee269596,0.4899148981581108,fixed_shrink,0,0,P2-IMA-M-v2,2,55a007d89fc3c156bd7145fd,Shrink-D0-0.333333,17,ISIC_0011169_A04_T1_S1_55a007d89fc3c156bd7145fd.png,S1,0.88172447681427,0.8820026667601778,val,M,0.8027185108494946,T1,150415
0.3333333333333333,0.3333333333333333,A06,0.0695515051484108,0.06964610479072866,0.19497880665145093,0.04900568181818182,0.5582727568623196,0,0.010245005289713541,0.01025390625,6e0811712543811a10b6cde1ec29db65b7bb4f25142c6991f2738d3d5c073f0a,1280.0,0.9177328779019278,0.9672847235324723,0.8904944866148128,26999,0,8057,0,0,0,0.027238391287115027,0.025048449635505676,0.025096305945852174,-0.04955184563054449,ISIC_0011169,0,46.66904755831214,0.036460193404931354,ISIC_0011169,0.8479726115331122,0.8026048323976733,0.0,0.4482033412047311,0.08177118003368378,0.053855545818805695,0.0539560610622625,0.10681962966918945,0.10694199045870986,0.08184568451285769,canonical_letterbox_valid,3d99874f14ae5f316eec36e21141043d75bd4fd17ccfb31e3174198dee269596,0.4899148981581108,fixed_shrink,0,0,P2-IMA-M-v2,2,568b39019fc3c126c063fee9,Shrink-D0-0.333333,17,ISIC_0011169_A06_T1_S1_568b39019fc3c126c063fee9.png,S1,0.9060091376304626,0.9059547357650133,val,M,0.8479726115331122,T1,150594
0.3333333333333333,0.3333333333333333,A04,0.02169504202902317,0.02126498385255339,0.7200311997270024,0.4571109734623121,0.8904926370994279,0,0.0027186075846354165,0.00225830078125,6e0811712543811a10b6cde1ec29db65b7bb4f25142c6991f2738d3d5c073f0a,1280.0,0.9669670807424,0.9694037572719538,0.9621031983350478,5861,0,1542,1114,596,0,0.004863882407352249,0.0034215450286865234,0.003377589366995004,-0.002436676529553816,ISIC_0011321,0,17.0,0.01328125,ISIC_0011321,0.9360467248587985,0.9269738540399012,0.0,0.2969508505993168,0.034227412194013596,0.03293894603848457,0.03286938432281762,0.03764895722270012,0.03721964528079092,0.03384205591379592,canonical_letterbox_valid,3d99874f14ae5f316eec36e21141043d75bd4fd17ccfb31e3174198dee269596,0.7400124426310003,fixed_shrink,0,0,P2-IMA-M-v2,4,55a967a49fc3c156bd715e61,Shrink-D0-0.333333,17,ISIC_0011321_A04_T3_S1_55a967a49fc3c156bd715e61.png,S1,0.9532402157783508,0.9535808720249616,val,M,0.9360467248587985,T3,102089
0.3333333333333333,0.3333333333333333,A06,0.01599593460559845,0.01570011193721379,0.8647743978954913,0.5884113362407429,0.97252208047105,0,0.0027186075846354165,0.00225830078125,6e0811712543811a10b6cde1ec29db65b7bb4f25142c6991f2738d3d5c073f0a,1280.0,0.9756515214191575,0.9700359493907279,0.972851866251944,3277,0,1331,1785,807,0,0.0027996551672134773,0.001919381320476532,0.0016180965429703799,0.00561557202842955,ISIC_0011321,0,11.180339887498949,0.008734640537108554,ISIC_0011321,0.9524605559729526,0.9471388150237052,0.0,0.2969508505993168,0.028117693960666656,0.03227169066667557,0.03286676573616082,0.03003707528114319,0.029504786737565944,0.027886690194595564,canonical_letterbox_valid,3d99874f14ae5f316eec36e21141043d75bd4fd17ccfb31e3174198dee269596,0.7400124426310003,fixed_shrink,0,0,P2-IMA-M-v2,4,57b712229fc3c1565f9bf379,Shrink-D0-0.333333,17,ISIC_0011321_A06_T3_S1_57b712229fc3c1565f9bf379.png,S1,0.9597605466842651,0.9599267315480227,val,M,0.9524605559729526,T3,101418
0.3333333333333333,0.3333333333333333,A03,0.2559695541858673,0.2547418001271137,0.0,0.0,0.008159934720522236,0,0.0027186075846354165,0.00225830078125,6e0811712543811a10b6cde1ec29db65b7bb4f25142c6991f2738d3d5c073f0a,1280.0,0.7966913566904303,0.8252220476238926,0.7866786538543868,52673,0,2138,0,0,0,0.010012702836043497,0.012052610516548157,0.012019623301466942,-0.028530690933462277,ISIC_0011321,0,71.84358000469572,0.056127796878668534,ISIC_0011321,0.6620839641766533,0.6483679334855911,0.0,0.2969508505993168,0.22774676978588104,0.1958887279033661,0.19518045756854968,0.2397993803024292,0.23898360644483677,0.22696398314336982,canonical_letterbox_valid,3d99874f14ae5f316eec36e21141043d75bd4fd17ccfb31e3174198dee269596,0.7400124426310003,fixed_shrink,0,0,P2-IMA-M-v2,4,57be17d99fc3c1434763a36f,Shrink-D0-0.333333,17,ISIC_0011321_A03_T1_S1_57be17d99fc3c1434763a36f.png,S1,0.8004760146141052,0.8008138338403741,val,M,0.6620839641766533,T1,103203
0.3333333333333333,0.3333333333333333,A02,0.03830248489975929,0.03798859805330539,0.5313004267897269,0.34283919327766,0.711050676836512,0,0.0027186075846354165,0.00225830078125,6e0811712543811a10b6cde1ec29db65b7bb4f25142c6991f2738d3d5c073f0a,1280.0,0.947036809163201,0.9554393803857755,0.9403777957398695,10606,0,1725,843,413,0,0.006659013423331528,0.005040749907493591,0.004943685761351235,-0.008402571222574484,ISIC_0011321,0,26.635495043918272,0.02080898050306115,ISIC_0011321,0.8994016290451546,0.8874651663197997,0.0,0.2969508505993168,0.05069270730018616,0.043351221829652786,0.04341413977645099,0.05573345720767975,0.055409413311893224,0.05046572755054199,canonical_letterbox_valid,3d99874f14ae5f316eec36e21141043d75bd4fd17ccfb31e3174198dee269596,0.7400124426310003,fixed_shrink,0,0,P2-IMA-M-v2,4,57c0616a9fc3c158f2bd0e7a,Shrink-D0-0.333333,17,ISIC_0011321_A02_T3_S1_57c0616a9fc3c158f2bd0e7a.png,S1,0.9369170665740967,0.9370571429522214,val,M,0.8994016290451546,T3,102360
0.3333333333333333,0.3333333333333333,A04,0.22978734970092773,0.22856714819832422,0.20420790553782062,0.12397013729148977,0.32211079298454476,0,0.005558013916015625,0.005655924479166667,6e0811712543811a10b6cde1ec29db65b7bb4f25142c6991f2738d3d5c073f0a,1280.0,0.8979295660646804,0.9112755168808134,0.8995159360732354,76598,2683,1021,2596,1,666,-0.0015863700085549937,0.0034752488136291504,0.0035134656152440713,-0.01334595081613299,ISIC_0011348,0,99.29753269845128,0.07757619742066506,ISIC_0011348,0.8147660425462243,0.8173820644558617,0.0,0.5295137251915616,0.17382392287254333,0.15650025010108948,0.15573491063604783,0.17729917168617249,0.17655020850019165,0.17303674288494758,canonical_letterbox_valid,3d99874f14ae5f316eec36e21141043d75bd4fd17ccfb31e3174198dee269596,0.5600010840651317,fixed_shrink,0,0,P2-IMA-M-v2,2,55a94ccc9fc3c156bd715dcb,Shrink-D0-0.333333,17,ISIC_0011348_A04_T1_S2_55a94ccc9fc3c156bd715dcb.png,S2,0.8821395039558411,0.8824936624284291,val,M,0.8147660425462243,T1,348341
0.3333333333333333,0.3333333333333333,A06,0.9827923774719238,0.9833912728254209,0.01573269403655978,0.00977922655208179,0.042946131640697535,0,0.005558013916015625,0.005655924479166667,6e0811712543811a10b6cde1ec29db65b7bb4f25142c6991f2738d3d5c073f0a,1280.0,0.7401774424704007,0.7548850802332998,0.7432614682856115,246377,3349,1022,0,0,0,-0.0030840258152107225,-0.0358661413192749,-0.03591048104793104,-0.014707637762899073,ISIC_0011348,0,174.90553429389468,0.13664494866710522,ISIC_0011348,0.5875251542739665,0.5914209276862755,0.0,0.5295137251915616,0.6145719289779663,0.6074581146240234,0.6077939211780726,0.5787057876586914,0.5789635345066838,0.6148740155546149,canonical_letterbox_valid,3d99874f14ae5f316eec36e21141043d75bd4fd17ccfb31e3174198dee269596,0.5600010840651317,fixed_shrink,0,0,P2-IMA-M-v2,2,55bb81f39fc3c10459c3492b,Shrink-D0-0.333333,17,ISIC_0011348_A06_T1_S1_55bb81f39fc3c10459c3492b.png,S1,0.7536484599113464,0.7536432417161911,val,M,0.0,T1,350937
0.3333333333333333,0.3333333333333333,A04,0.12713243067264557,0.12736007758669912,0.38543371040342167,0.23783037738789192,0.5887747959491655,0,0.06998443603515625,0.06978352864583333,6e0811712543811a10b6cde1ec29db65b7bb4f25142c6991f2738d3d5c073f0a,1280.0,0.9669139295683096,0.937382114232257,0.9421572562702174,15562,12978,0,19050,0,42060,0.02475667329809217,0.03312235325574875,0.033090497679184136,0.029531815336052536,ISIC_0011349,0,31.400636936215164,0.024531747606418096,ISIC_0011349,0.935947117324184,0.8906401843324302,0.0,0.7638900506293252,0.09890566021203995,0.11331740021705627,0.11352927131114059,0.1320280134677887,0.13214012607977527,0.09904962840059113,canonical_letterbox_valid,3d99874f14ae5f316eec36e21141043d75bd4fd17ccfb31e3174198dee269596,0.5387042250218933,fixed_shrink,0,0,P2-IMA-M-v2,4,55a94c809fc3c156bd715db9,Shrink-D0-0.333333,17,ISIC_0011349_A04_T1_S1_55a94c809fc3c156bd715db9.png,S1,0.9293211102485657,0.9292608207855169,val,M,0.935947117324184,T1,505754
0.3333333333333333,0.3333333333333333,A06,0.16213171184062958,0.16248780230158683,0.24003024247480334,0.13543230443036028,0.46473788859378745,0,0.06998443603515625,0.06978352864583333,6e0811712543811a10b6cde1ec29db65b7bb4f25142c6991f2738d3d5c073f0a,1280.0,0.9447317115344078,0.946796997802668,0.9179406364946596,18360,11471,0,38535,0,43567,0.026791075039748202,0.04088369756937027,0.040845714175241105,-0.0020652862682601913,ISIC_0011349,0,59.638074608809944,0.04659224578813277,ISIC_0011349,0.8952526308812808,0.8483274277309363,0.0,0.7638900506293252,0.12238990515470505,0.11606386303901672,0.11629222644184718,0.16327360272407532,0.16345277985642315,0.12260706568118204,canonical_letterbox_valid,3d99874f14ae5f316eec36e21141043d75bd4fd17ccfb31e3174198dee269596,0.5387042250218933,fixed_shrink,0,0,P2-IMA-M-v2,4,57bda5d99fc3c11f2f681074,Shrink-D0-0.333333,17,ISIC_0011349_A06_T1_S1_57bda5d99fc3c11f2f681074.png,S1,0.9173519015312195,0.9172736709392227,val,M,0.8952526308812808,T1,486269
0.3333333333333333,0.3333333333333333,A03,0.1943129301071167,0.1940258737325735,0.18011622428145121,0.08816508816508815,0.35085461608797247,0,0.06998443603515625,0.06978352864583333,6e0811712543811a10b6cde1ec29db65b7bb4f25142c6991f2738d3d5c073f0a,1280.0,0.9291062109525113,0.8774128317261883,0.9551848606437762,75727,40910,0,3784,0,14128,-0.026078649691264832,-0.02546078711748123,-0.025838634916540495,0.051693379226323,ISIC_0011349,0,71.0334417167351,0.055494876341199297,ISIC_0011349,0.8675988416917695,0.9142142228455127,0.0,0.7638900506293252,0.14008969068527222,0.23693041503429413,0.2374669555569559,0.11462890356779099,0.11404467577214826,0.13988331068868876,canonical_letterbox_valid,3d99874f14ae5f316eec36e21141043d75bd4fd17ccfb31e3174198dee269596,0.5387042250218933,fixed_shrink,0,0,P2-IMA-M-v2,4,57be18ea9fc3c1434763a373,Shrink-D0-0.333333,17,ISIC_0011349_A03_T1_S1_57be18ea9fc3c1434763a373.png,S1,0.9141335487365723,0.914259252355196,val,M,0.8675988416917695,T1,521020
0.3333333333333333,0.3333333333333333,A02,0.17943300306797028,0.18049517730653786,0.1866889176275623,0.11196911695404338,0.35436895184320893,0,0.06998443603515625,0.06978352864583333,6e0811712543811a10b6cde1ec29db65b7bb4f25142c6991f2738d3d5c073f0a,1280.0,0.9379711984797034,0.9423245272590978,0.9095292393499944,20637,10422,0,43077,0,44616,0.028441959129709038,0.04198184609413147,0.041791860805449776,-0.0043533287793943165,ISIC_0011349,0,65.73431371817918,0.051354932592327485,ISIC_0011349,0.8831880991711294,0.8340702677876883,0.0,0.7638900506293252,0.13341519236564636,0.12615829706192017,0.12697458070923356,0.17539703845977783,0.17588060115276183,0.13408874034731205,canonical_letterbox_valid,3d99874f14ae5f316eec36e21141043d75bd4fd17ccfb31e3174198dee269596,0.5387042250218933,fixed_shrink,0,0,P2-IMA-M-v2,4,57c061f79fc3c158f2bd0e7e,Shrink-D0-0.333333,17,ISIC_0011349_A02_T1_S1_57c061f79fc3c158f2bd0e7e.png,S1,0.9126026034355164,0.9123176966119138,val,M,0.8831880991711294,T1,481727
0.3333333333333333,0.3333333333333333,A04,0.1126813068985939,0.11165651284164045,0.5222371366970978,0.3678006275287638,0.7290323283870794,0,0.01056671142578125,0.010599772135416666,6e0811712543811a10b6cde1ec29db65b7bb4f25142c6991f2738d3d5c073f0a,1280.0,0.9737917643109901,0.9688907420913165,0.9757561464446292,27335,5333,0,6786,0,2977,-0.001964382133639031,-0.0007425695657730103,-0.0006592648839665038,0.00490102221967359,ISIC_0011350,0,36.011102550927966,0.028133673867912472,ISIC_0011350,0.9489221879584444,0.9526599969895544,0.0,0.32087637463902247,0.08065403997898102,0.08760978281497955,0.08684112860824136,0.07991147041320801,0.07938240958311293,0.08004167446707944,canonical_letterbox_valid,3d99874f14ae5f316eec36e21141043d75bd4fd17ccfb31e3174198dee269596,0.5927830892546506,fixed_shrink,0,0,P2-IMA-M-v2,2,55a94c999fc3c156bd715dbf,Shrink-D0-0.333333,17,ISIC_0011350_A04_T1_S1_55a94c999fc3c156bd715dbf.png,S1,0.9513732194900513,0.9515731639074816,val,M,0.9489221879584444,T1,633899
0.3333333333333333,0.3333333333333333,A06,0.17670507729053497,0.17551643426559527,0.5159353278061641,0.3761347185169673,0.6433289281305051,0,0.01056671142578125,0.010599772135416666,6e0811712543811a10b6cde1ec29db65b7bb4f25142c6991f2738d3d5c073f0a,1280.0,0.9563642936808969,0.9480902826383208,0.9613261645272307,55025,7302,0,3152,0,1008,-0.004961870846333816,-0.009366609156131744,-0.009190846535907904,0.00827401104257608,ISIC_0011350,0,81.58431221748455,0.0637377439199098,ISIC_0011350,0.9163775136191804,0.9255322813534314,0.0,0.32087637463902247,0.11854145675897598,0.13669174909591675,0.1357314969474271,0.10917484760284424,0.10864758434523714,0.11783843088114504,canonical_letterbox_valid,3d99874f14ae5f316eec36e21141043d75bd4fd17ccfb31e3174198dee269596,0.5927830892546506,fixed_shrink,0,0,P2-IMA-M-v2,2,568b26fc9fc3c126c063fe71,Shrink-D0-0.333333,17,ISIC_0011350_A06_T1_S1_568b26fc9fc3c126c063fe71.png,S1,0.939622163772583,0.9398395725033052,val,M,0.9163775136191804,T1,637533
0.3333333333333333,0.3333333333333333,A04,0.8332357406616211,0.8334931755075132,0.0,0.0,0.0,0,0.005457560221354167,0.005839029947916667,6e0811712543811a10b6cde1ec29db65b7bb4f25142c6991f2738d3d5c073f0a,1280.0,0.47967185538743234,0.47821876453348455,0.4813258827525748,0,0,0,447285,3623,669,-0.0016540273651424742,0.008279860019683838,0.008250728920609962,0.0014530908539477916,ISIC_0011355,0,381.0698097844285,0.29771078889408475,ISIC_0011355,0.3155054762928627,0.3169382274223327,0.0,0.08553909092660633,0.682745635509491,0.691846489906311,0.6920216170790159,0.6910254955291748,0.6911338033644183,0.6828830744438084,canonical_letterbox_valid,3d99874f14ae5f316eec36e21141043d75bd4fd17ccfb31e3174198dee269596,0.5163016282514521,fixed_shrink,0,0,P2-IMA-M-v2,2,55a948cf9fc3c156bd715d95,Shrink-D0-0.333333,17,ISIC_0011355_A04_T1_S2_55a948cf9fc3c156bd715d95.png,S2,0.46774449944496155,0.46772702661989646,val,M,0.0,T1,206168
0.3333333333333333,0.3333333333333333,A11,0.40586209297180176,0.4056463562590458,0.09067566287354499,0.05316836649389735,0.2478763295124522,0,0.005457560221354167,0.005839029947916667,6e0811712543811a10b6cde1ec29db65b7bb4f25142c6991f2738d3d5c073f0a,1280.0,0.9082050830493126,0.9072165779517949,0.908199283357289,22302,73,1418,91329,2205,596,5.799692023633618e-06,-0.005002498626708984,-0.005019285506359328,0.000988505097517689,ISIC_0011355,0,91.35097153287424,0.071367946510058,ISIC_0011355,0.8318458612958839,0.831836130452454,0.0,0.08553909092660633,0.31232500076293945,0.29561135172843933,0.295522869932053,0.30732250213623047,0.30718292905630884,0.31220221456266817,canonical_letterbox_valid,3d99874f14ae5f316eec36e21141043d75bd4fd17ccfb31e3174198dee269596,0.5163016282514521,fixed_shrink,0,0,P2-IMA-M-v2,2,55c0f4a89fc3c10459c34980,Shrink-D0-0.333333,17,ISIC_0011355_A11_T1_S1_55c0f4a89fc3c10459c34980.png,S1,0.7812120914459229,0.7812419271337095,val,M,0.8318458612958839,T1,562124
0.3333333333333333,0.3333333333333333,A01,0.05117469280958176,0.05121230413479,0.42680391228630854,0.16090503946514945,0.6948051254385335,0,0.0038121420445107273,0.0038369082840236687,6e0811712543811a10b6cde1ec29db65b7bb4f25142c6991f2738d3d5c073f0a,8032.73459041191,0.9383023071432707,0.9251408009729547,0.9301361018573433,3233,525,185,669198,8107,104185,0.008166205285927375,0.007789157330989838,0.0078086394530296754,0.013161506170315973,ISIC_0011512,0,186.02123378970126,0.02315789619287823,ISIC_0011513,0.8837754037296282,0.8693966620166466,0.0,0.7833000608807409,0.06711986660957336,0.07882805168628693,0.07896908029668645,0.0749090239405632,0.07506624265707137,0.0672576032040417,canonical_letterbox_valid,3d99874f14ae5f316eec36e21141043d75bd4fd17ccfb31e3174198dee269596,0.5593682280942855,fixed_shrink,0,0,P2-IMA-M-v2,2,55dc76f09fc3c10470dbc2b3,Shrink-D0-0.333333,17,ISIC_0011513_A01_T3_S2_55dc76f09fc3c10470dbc2b3.png,S2,0.9169349670410156,0.9166970977267066,val,M,0.8837754037296282,T3,5113186
0.3333333333333333,0.3333333333333333,A05,0.03360384330153465,0.033715071730380526,0.6810059481193077,0.4557742880787582,0.8298527290273255,0,0.0038121420445107273,0.0038369082840236687,6e0811712543811a10b6cde1ec29db65b7bb4f25142c6991f2738d3d5c073f0a,8032.73459041191,0.9646730457687445,0.9625432674318695,0.9702590995243333,368129,84459,4499,51601,3793,20251,-0.005586053755588849,0.0034056678414344788,0.0033506017362298773,0.002129778336874999,ISIC_0011512,0,205.92473149638363,0.02563569469134222,ISIC_0011513,0.9317569119844149,0.9422361480214517,0.0,0.7833000608807409,0.04723802208900452,0.0472734197974205,0.047323487460137925,0.050643689930438995,0.05073944084459785,0.04738883910836797,canonical_letterbox_valid,3d99874f14ae5f316eec36e21141043d75bd4fd17ccfb31e3174198dee269596,0.5593682280942855,fixed_shrink,0,0,P2-IMA-M-v2,2,55dc77c49fc3c10470dbc2d1,Shrink-D0-0.333333,17,ISIC_0011513_A05_T3_S1_55dc77c49fc3c10470dbc2d1.png,S1,0.9391278028488159,0.9389373935136446,val,M,0.9317569119844149,T3,5730783
0.3333333333333333,0.3333333333333333,A01,0.23383517563343048,0.23304249574251654,0.12409450115245307,0.08006782215523738,0.21627655722992403,0,0.003924260161990573,0.0038832720588235295,6e0811712543811a10b6cde1ec29db65b7bb4f25142c6991f2738d3d5c073f0a,7982.69785223016,0.6602960870339455,0.6250578285826184,0.6710792379517475,91766,0,14128,1455337,101157,0,-0.01078315091780202,-0.018694013357162476,-0.01842279540129066,0.03523825845132711,ISIC_0011575,0,882.8357999634562,0.1105936634839329,ISIC_0011575,0.49286717807076835,0.5049806257202422,0.0,0.4478004913459981,0.30083131790161133,0.3529985547065735,0.3508280822372661,0.28213730454444885,0.2802222902220766,0.2986450856233673,canonical_letterbox_valid,3d99874f14ae5f316eec36e21141043d75bd4fd17ccfb31e3174198dee269596,0.3748476345240958,fixed_shrink,0,0,P2-IMA-M-v2,2,55dc6b2e9fc3c10470dbbf59,Shrink-D0-0.333333,17,ISIC_0011575_A01_T3_S2_55dc6b2e9fc3c10470dbbf59.png,S2,0.6321725249290466,0.635752324495782,val,M,0.0,T3,1503583
0.3333333333333333,0.3333333333333333,A06,0.1629345715045929,0.16262072746594539,0.1279280367966257,0.07258777955487224,0.2135919015653524,0,0.003924260161990573,0.0038832720588235295,6e0811712543811a10b6cde1ec29db65b7bb4f25142c6991f2738d3d5c073f0a,7982.69785223016,0.7868009725022337,0.8287659160287756,0.7734362068182327,1424305,0,92869,116249,22416,0,0.013364765684001023,0.014883816242218018,0.01483355684067228,-0.0419649435265419,ISIC_0011575,0,572.4002096415679,0.07170510775146702,ISIC_0011575,0.6485341272693051,0.6305715292735821,0.0,0.4478004913459981,0.19151340425014496,0.1518634557723999,0.15187386266574288,0.20639722049236298,0.20618400860731473,0.19135045176664245,canonical_letterbox_valid,3d99874f14ae5f316eec36e21141043d75bd4fd17ccfb31e3174198dee269596,0.3748476345240958,fixed_shrink,0,0,P2-IMA-M-v2,2,55e06f579fc3c104700e2129,Shrink-D0-0.333333,17,ISIC_0011575_A06_T1_S1_55e06f579fc3c104700e2129.png,S1,0.779907763004303,0.7799198239326605,val,M,0.0,T1,2842671
0.3333333333333333,0.3333333333333333,A01,0.06418159604072571,0.06459130191216819,0.21989161622467968,0.02868206941364224,0.7558969152298358,0,0.009116724406269826,0.008902616279069768,6e0811712543811a10b6cde1ec29db65b7bb4f25142c6991f2738d3d5c073f0a,8004.910055709558,0.9597776534781408,0.9236606437568492,0.9722384385791047,360,0,2188,833644,268063,0,-0.012460785100963934,-0.014806687831878662,-0.014811653043117906,0.036117009721291615,ISIC_0011613,0,136.4587849865299,0.017046885478644414,ISIC_0011616,0.9226658672420397,0.9459766497153007,0.0,0.4274112801571125,0.05766548216342926,0.12373135983943939,0.1240048484848306,0.0428587943315506,0.04319521741369271,0.05800687045681062,canonical_letterbox_valid,3d99874f14ae5f316eec36e21141043d75bd4fd17ccfb31e3174198dee269596,0.49419625999708466,fixed_shrink,0,0,P2-IMA-M-v2,2,55dc68829fc3c10470dbbe8d,Shrink-D0-0.333333,17,ISIC_0011616_A01_T3_S2_55dc68829fc3c10470dbbe8d.png,S2,0.9488506317138672,0.948577560998547,val,M,0.9226658672420397,T3,9950419
0.3333333333333333,0.3333333333333333,A03,0.6581782698631287,0.6575757814927536,0.0,0.0,0.0,0,0.009116724406269826,0.008902616279069768,6e0811712543811a10b6cde1ec29db65b7bb4f25142c6991f2738d3d5c073f0a,8004.910055709558,0.8064524946057027,0.841603758106991,0.7942686531443675,5176321,0,270251,0,0,0,0.01218384146133522,0.038928985595703125,0.038937905231207326,-0.03515126350128828,ISIC_0011613,0,791.2979839909115,0.09885157715501283,ISIC_0011616,0.6756769135379199,0.6587443008890012,0.0,0.4274112801571125,0.42335599660873413,0.31964564323425293,0.319333583426489,0.46228498220443726,0.4619129564407724,0.4229750512095651,canonical_letterbox_valid,3d99874f14ae5f316eec36e21141043d75bd4fd17ccfb31e3174198dee269596,0.49419625999708466,fixed_shrink,0,0,P2-IMA-M-v2,2,57bb06219fc3c1565f095ba5,Shrink-D0-0.333333,17,ISIC_0011616_A03_T1_S1_57bb06219fc3c1565f095ba5.png,S1,0.8114662766456604,0.8116256790736235,val,M,0.6756769135379199,T1,10784063
0.3333333333333333,0.3333333333333333,A01,0.2142331302165985,0.21212463464757764,0.1873506178174768,0.105178420216404,0.34707946873315126,0,0.002939247165863819,0.0027869152046783624,6e0811712543811a10b6cde1ec29db65b7bb4f25142c6991f2738d3d5c073f0a,7961.336696811661,0.885631563202711,0.873875051443096,0.884230350297824,395772,2342,3117,1445831,28019,52558,0.0014012129048869282,0.02546273171901703,0.025532072678687096,0.011756511759615007,ISIC_0011758,0,1030.671234733684,0.1294595711730726,ISIC_0011759,0.794738556799068,0.7924846768630469,0.0,0.8033601791448167,0.18312878906726837,0.18010340631008148,0.17866704718285065,0.2085915207862854,0.20718744709699033,0.18165537441830323,canonical_letterbox_valid,3d99874f14ae5f316eec36e21141043d75bd4fd17ccfb31e3174198dee269596,0.39607699979848987,fixed_shrink,0,0,P2-IMA-M-v2,2,55dc7f5c9fc3c10470dbc541,Shrink-D0-0.333333,17,ISIC_0011759_A01_T3_S2_55dc7f5c9fc3c10470dbc541.png,S2,0.8479755520820618,0.8488138858109712,val,M,0.794738556799068,T3,7130384
0.3333333333333333,0.3333333333333333,A06,0.1517709642648697,0.15175632633842784,0.07030401897301161,0.036325937488169466,0.24273269439693823,0,0.002939247165863819,0.0027869152046783624,6e0811712543811a10b6cde1ec29db65b7bb4f25142c6991f2738d3d5c073f0a,7961.336696811661,0.9042915763236262,0.9187509040604444,0.9024474634937618,1626726,24630,31079,155696,57,30270,0.0018441128298644083,0.031160414218902588,0.031203452445845603,-0.014459327736818128,ISIC_0011758,0,289.0,0.03630043684947254,ISIC_0011759,0.8253031160329164,0.8222362333255221,0.0,0.8033601791448167,0.1394566297531128,0.1096210703253746,0.10954542450959145,0.17061704397201538,0.17067761818601063,0.13947416574016502,canonical_letterbox_valid,3d99874f14ae5f316eec36e21141043d75bd4fd17ccfb31e3174198dee269596,0.39607699979848987,fixed_shrink,0,0,P2-IMA-M-v2,2,55e06fdb9fc3c104700e2135,Shrink-D0-0.333333,17,ISIC_0011759_A06_T1_S1_55e06fdb9fc3c104700e2135.png,S1,0.8728576898574829,0.8728079948580978,val,M,0.8253031160329164,T1,8420519
0.3333333333333333,0.3333333333333333,A01,0.062092557549476624,0.061763123761059975,0.580860495105039,0.32200066183297354,0.8296152206291418,0,0.007448613636147987,0.007449127906976744,6e0811712543811a10b6cde1ec29db65b7bb4f25142c6991f2738d3d5c073f0a,7972.4602225410945,0.9578153836290575,0.9596740869454657,0.9485883981067377,169765,26541,4774,538233,162,187541,0.00922698552231982,0.010288573801517487,0.010338890678920548,-0.00185870331640825,ISIC_0011780,0,155.35121489362353,0.019485981812036913,ISIC_0011780,0.9190457895687689,0.9022046136818612,0.0,0.7217573721990753,0.06661895662546158,0.06342356652021408,0.06327853405709419,0.07690753042697906,0.07672003922930373,0.06638114855038318,canonical_letterbox_valid,3d99874f14ae5f316eec36e21141043d75bd4fd17ccfb31e3174198dee269596,0.5138752139408528,fixed_shrink,0,0,P2-IMA-M-v2,2,55dc7f839fc3c10470dbc559,Shrink-D0-0.333333,17,ISIC_0011780_A01_T3_S2_55dc7f839fc3c10470dbc559.png,S2,0.9288546442985535,0.9290008266602936,val,M,0.9190457895687689,T3,8037662
0.3333333333333333,0.3333333333333333,A05,0.06703191995620728,0.06654457529592568,0.49383085439110963,0.28908791990058497,0.7537310687040862,0,0.007448613636147987,0.007449127906976744,6e0811712543811a10b6cde1ec29db65b7bb4f25142c6991f2738d3d5c073f0a,7972.4602225410945,0.9534802314076625,0.955608267955209,0.9509348540459192,521561,82251,4936,287237,0,131831,0.0025453773617433173,0.006125941872596741,0.006152248108017747,-0.0021280365475465635,ISIC_0011780,0,229.57220998730506,0.02879565448796088,ISIC_0011780,0.9110962449282525,0.906459296368181,0.0,0.7217573721990753,0.06939536333084106,0.06502288579940796,0.06480797570704278,0.0755213052034378,0.07523662298417293,0.06908437487615518,canonical_letterbox_valid,3d99874f14ae5f316eec36e21141043d75bd4fd17ccfb31e3174198dee269596,0.5138752139408528,fixed_shrink,0,0,P2-IMA-M-v2,2,55dc7f999fc3c10470dbc55f,Shrink-D0-0.333333,17,ISIC_0011780_A05_T3_S1_55dc7f999fc3c10470dbc55f.png,S1,0.9282411932945251,0.9283758255436153,val,M,0.9110962449282525,T3,8288658
0.3333333333333333,0.3333333333333333,A05,0.038054209202528,0.038141813567084744,0.46159997960539073,0.2448543581041624,0.8051790134656235,0,0.0011802023685489058,0.0013097426470588234,6e0811712543811a10b6cde1ec29db65b7bb4f25142c6991f2738d3d5c073f0a,8054.8088121320425,0.957461345736827,0.9614939672933414,0.9563822034531729,436741,3742,23296,56166,8263,0,0.001079142283654022,0.0011409372091293335,0.0011985350839409797,-0.004032621556514404,ISIC_0011881,0,124.1933975700802,0.015418540708628838,ISIC_0011881,0.9183940967767037,0.9164104010277483,0.0,0.28355258551432394,0.044294409453868866,0.04197588562965393,0.04193993324016024,0.0454353466629982,0.045668882590603074,0.044470347506662095,canonical_letterbox_valid,3d99874f14ae5f316eec36e21141043d75bd4fd17ccfb31e3174198dee269596,0.5670296889247703,fixed_shrink,0,0,P2-IMA-M-v2,2,55db59539fc3c10470dba831,Shrink-D0-0.333333,17,ISIC_0011881_A05_T3_S1_55db59539fc3c10470dba831.png,S1,0.9494653940200806,0.9492011185537605,val,M,0.9183940967767037,T3,5547183
0.3333333333333333,0.3333333333333333,A06,0.061564791947603226,0.06137966343873739,0.2984006817552361,0.12068707686451509,0.5749548528295698,0,0.0011802023685489058,0.0013097426470588234,6e0811712543811a10b6cde1ec29db65b7bb4f25142c6991f2738d3d5c073f0a,8054.8088121320425,0.9373484050307034,0.9523647551041825,0.9348636308948592,744251,3655,31500,4230,59,87,0.0024847741358441366,0.0030819252133369446,0.0031003655422469772,-0.015016350073479123,ISIC_0011881,0,167.45969528107,0.020790027322416953,ISIC_0011881,0.8820844098556935,0.8776938409119123,0.0,0.28355258551432394,0.06409331411123276,0.04929641634225845,0.04928629275567145,0.0671752393245697,0.06710331615707657,0.06400295061482959,canonical_letterbox_valid,3d99874f14ae5f316eec36e21141043d75bd4fd17ccfb31e3174198dee269596,0.5670296889247703,fixed_shrink,0,0,P2-IMA-M-v2,2,55df426c9fc3c10470dc10d8,Shrink-D0-0.333333,17,ISIC_0011881_A06_T1_S1_55df426c9fc3c10470dc10d8.png,S1,0.9333781599998474,0.9333737622090782,val,M,0.8820844098556935,T1,5599119
0.3333333333333333,0.3333333333333333,A00,1.7924675941467285,1.788808131755658,0.0,0.0,0.0,0,0.0006793550531914894,0.0006433823529411765,6e0811712543811a10b6cde1ec29db65b7bb4f25142c6991f2738d3d5c073f0a,3612.2104036171536,0.10432781496235599,0.11804049014202785,0.10099184264858801,2083810,0,4087,0,0,0,0.0033359723137679764,0.08860611915588379,0.08843511547232596,-0.013712675179671854,ISIC_0012149,0,1047.8999070557104,0.29009935467944403,ISIC_0012149,0.05503473426777334,0.05318136325935721,0.0,0.4014575107090805,1.3343586921691895,1.2102421522140503,1.208632281116302,1.4229648113250732,1.4208970714041025,1.3324619559317765,canonical_letterbox_valid,3d99874f14ae5f316eec36e21141043d75bd4fd17ccfb31e3174198dee269596,0.43411746968319476,fixed_shrink,0,0,P2-IMA-M-v2,2,5841e25e9fc3c156c3ef2955,Shrink-D0-0.333333,17,ISIC_0012149_A00_T2_S1_5841e25e9fc3c156c3ef2955.png,S1,0.12375033646821976,0.12388421989210482,val,M,0.0,T2,121361
0.3333333333333333,0.3333333333333333,A03,0.0934949442744255,0.09371543823863125,0.0,0.0,0.0,0,0.0006793550531914894,0.0006433823529411765,6e0811712543811a10b6cde1ec29db65b7bb4f25142c6991f2738d3d5c073f0a,3612.2104036171536,0.5592402210952926,0.613398141352143,0.5455441998074123,191299,0,4087,0,0,0,0.013696021287880278,0.02010977268218994,0.02024296082735,-0.0541579202568504,ISIC_0012149,0,184.69975636150687,0.051132059244543,ISIC_0012149,0.3881564638904881,0.37508475660461843,0.0,0.4014575107090805,0.2688218951225281,0.22879378497600555,0.22911159257119174,0.288931667804718,0.28956203300399014,0.26931907217664014,canonical_letterbox_valid,3d99874f14ae5f316eec36e21141043d75bd4fd17ccfb31e3174198dee269596,0.43411746968319476,fixed_shrink,0,0,P2-IMA-M-v2,2,58a476afd8311368134d5262,Shrink-D0-0.333333,17,ISIC_0012149_A03_T1_S1_58a476afd8311368134d5262.png,S1,0.55585116147995,0.555077293885351,val,M,0.0,T1,121361
0.3333333333333333,0.3333333333333333,A00,0.01809317246079445,0.018589048273800642,0.567907995618839,0.32271430002002804,0.8959290796972652,0,0.0006542553191489362,0.0005284926470588235,6e0811712543811a10b6cde1ec29db65b7bb4f25142c6991f2738d3d5c073f0a,3612.2104036171536,0.9101818978013176,0.9111958287408988,0.9040700782760086,6332,677,4,26075,0,3255,0.006111819525309037,0.004585795104503632,0.004424869668071388,-0.0010139309395811313,ISIC_0012191,0,133.37702848753096,0.036923936754617456,ISIC_0012191,0.8351686359081824,0.8249342046011748,0.0,0.6935154266940262,0.057450294494628906,0.05759420990943909,0.05954365368290306,0.06203608959913254,0.06415921299826309,0.0597343433301917,canonical_letterbox_valid,3d99874f14ae5f316eec36e21141043d75bd4fd17ccfb31e3174198dee269596,0.6466318267983051,fixed_shrink,0,0,P2-IMA-M-v2,2,5841e2759fc3c156c3ef29d3,Shrink-D0-0.333333,17,ISIC_0012191_A00_T2_S1_5841e2759fc3c156c3ef29d3.png,S1,0.9031925797462463,0.8991203616134172,val,M,0.8351686359081824,T2,164200
0.3333333333333333,0.3333333333333333,A03,0.022937381640076637,0.022838873336516956,0.562484983890048,0.2413880551814473,0.837776178968276,0,0.0006542553191489362,0.0005284926470588235,6e0811712543811a10b6cde1ec29db65b7bb4f25142c6991f2738d3d5c073f0a,3612.2104036171536,0.905915690115242,0.9072323630029578,0.9093666498158446,34823,2496,0,3891,4,1436,-0.003450959700602607,-0.0009545348584651947,-0.0007977771787039817,-0.001316672887715864,ISIC_0012191,0,74.51703876543617,0.02062920772577842,ISIC_0012191,0.8280126878070885,0.8337968480995894,0.0,0.6935154266940262,0.0630892962217331,0.06196122244000435,0.06218455284960944,0.0621347613632679,0.06257216218237364,0.06336993936107763,canonical_letterbox_valid,3d99874f14ae5f316eec36e21141043d75bd4fd17ccfb31e3174198dee269596,0.6466318267983051,fixed_shrink,0,0,P2-IMA-M-v2,2,58909ce0d831135f264ceb5c,Shrink-D0-0.333333,17,ISIC_0012191_A03_T1_S1_58909ce0d831135f264ceb5c.png,S1,0.8967587947845459,0.8960989946143617,val,M,0.8280126878070885,T1,186384
0.3333333333333333,0.3333333333333333,A00,0.020420502871274948,0.021111489887100255,0.7563850947670103,0.5012413281780167,0.8608116293155663,0,0.000955927437950696,0.0009191176470588235,6e0811712543811a10b6cde1ec29db65b7bb4f25142c6991f2738d3d5c073f0a,5147.6254720016295,0.9286589680585424,0.9208411415200541,0.9236470583191497,8292,2498,0,74077,0,9176,0.005011909739392695,0.001796439290046692,0.00195283148539184,0.007817826538488282,ISIC_0012228,0,281.94503010338735,0.05477186163541039,ISIC_0012228,0.8668191923683253,0.858126570339249,0.0,0.45298774655722374,0.05128151923418045,0.0560603030025959,0.05835886488973249,0.05307795852422714,0.055143669224114435,0.053190837738722595,canonical_letterbox_valid,3d99874f14ae5f316eec36e21141043d75bd4fd17ccfb31e3174198dee269596,0.6325643310153252,fixed_shrink,0,0,P2-IMA-M-v2,2,5841e28a9fc3c156c3ef2a42,Shrink-D0-0.333333,17,ISIC_0012228_A00_T2_S1_5841e28a9fc3c156c3ef2a42.png,S1,0.9178574681282043,0.9147298144096551,val,M,0.8668191923683253,T2,536106
0.3333333333333333,0.3333333333333333,A09,0.01474779099225998,0.014679727309317055,0.6421939361450331,0.418930438501871,0.9274318782523816,0,0.000955927437950696,0.0009191176470588235,6e0811712543811a10b6cde1ec29db65b7bb4f25142c6991f2738d3d5c073f0a,5147.6254720016295,0.946719170018949,0.9538508919292648,0.9498740691644898,59059,7549,0,8649,0,4125,-0.0031548991455407904,-0.0006489753723144531,-0.00046410793188310373,-0.007131721910315747,ISIC_0012228,0,69.00796641566818,0.013405786180639666,ISIC_0012228,0.8988288242519149,0.9045334861969773,0.0,0.45298774655722374,0.038940753787755966,0.032986316829919815,0.033337051573917115,0.03829177841544151,0.038730519227798785,0.03919462715968189,canonical_letterbox_valid,3d99874f14ae5f316eec36e21141043d75bd4fd17ccfb31e3174198dee269596,0.6325643310153252,fixed_shrink,0,0,P2-IMA-M-v2,2,58472a049fc3c10f04859aca,Shrink-D0-0.333333,17,ISIC_0012228_A09_T1_S1_58472a049fc3c10f04859aca.png,S1,0.936866283416748,0.9362904729899533,val,M,0.8988288242519149,T1,601534
0.3333333333333333,0.3333333333333333,A00,0.040241122245788574,0.04027443788898208,0.13129689020007448,0.01714561031394853,0.5816938493928551,0,0.0005224273645815865,0.0003676470588235294,6e0811712543811a10b6cde1ec29db65b7bb4f25142c6991f2738d3d5c073f0a,5147.6254720016295,0.778438164213178,0.7588420546210675,0.771000767699062,0,0,0,146354,4,6376,0.0074373965141160125,0.003477439284324646,0.0033517071280781408,0.019596109592110555,ISIC_0012261,0,168.03153646140598,0.03264253341183109,ISIC_0012261,0.6372482680844208,0.6273403167678069,0.0,0.5879672027113045,0.13821715116500854,0.15534013509750366,0.15605174998381036,0.1416945904493332,0.1421882308828506,0.13883652375477246,canonical_letterbox_valid,3d99874f14ae5f316eec36e21141043d75bd4fd17ccfb31e3174198dee269596,0.44050222264021466,fixed_shrink,0,0,P2-IMA-M-v2,2,5841e2a29fc3c156c3ef2aa5,Shrink-D0-0.333333,17,ISIC_0012261_A00_T2_S1_5841e2a29fc3c156c3ef2aa5.png,S1,0.7638068199157715,0.7626013903794372,val,M,0.0,T2,257101
0.3333333333333333,0.3333333333333333,A09,0.03436250239610672,0.033818526116042004,0.32271003088867445,0.23489339113509689,0.4805797352642863,0,0.0005224273645815865,0.0003676470588235294,6e0811712543811a10b6cde1ec29db65b7bb4f25142c6991f2738d3d5c073f0a,5147.6254720016295,0.8540072674004241,0.8649647606869622,0.8550376201831466,119128,3198,4,14020,0,3178,-0.0010303527827224546,0.0013973191380500793,0.0014465439981068556,-0.010957493286538056,ISIC_0012261,0,108.17116027180337,0.021013797693743546,ISIC_0012261,0.7452117654037732,0.7467822832047261,0.0,0.5879672027113045,0.09700742363929749,0.08975814282894135,0.08907544981317284,0.09840474277734756,0.0977203524980513,0.09627380849994445,canonical_letterbox_valid,3d99874f14ae5f316eec36e21141043d75bd4fd17ccfb31e3174198dee269596,0.44050222264021466,fixed_shrink,0,0,P2-IMA-M-v2,2,58471a419fc3c10f048599f4,Shrink-D0-0.333333,17,ISIC_0012261_A09_T1_S1_58471a419fc3c10f048599f4.png,S1,0.8403476476669312,0.8412709091161531,val,M,0.7452117654037732,T1,389435
0.3333333333333333,0.3333333333333333,A00,0.04819905757904053,0.049999537952848366,0.5452259300522181,0.21219396311881655,0.8399148798177074,0,0.0005492038141455643,0.00045955882352941176,6e0811712543811a10b6cde1ec29db65b7bb4f25142c6991f2738d3d5c073f0a,5147.6254720016295,0.9158062576389402,0.8887597303022494,0.9160930673053831,320,0,426,223144,3808,2473,-0.00028680966644289985,-0.001494094729423523,-0.0018144770961395218,0.027046527336690773,ISIC_0012400,0,222.38490633033572,0.04320145425107286,ISIC_0012400,0.8446887505959769,0.8451768686707771,0.0,0.8258735377790188,0.06797283887863159,0.099380724132061,0.10226642887806506,0.06647874414920807,0.0685285482789048,0.07034302537504432,canonical_letterbox_valid,3d99874f14ae5f316eec36e21141043d75bd4fd17ccfb31e3174198dee269596,0.7555555945167022,fixed_shrink,0,0,P2-IMA-M-v2,2,5841e2f69fc3c156c3ef2c46,Shrink-D0-0.333333,17,ISIC_0012400_A00_T2_S1_5841e2f69fc3c156c3ef2c46.png,S1,0.9122533798217773,0.9093134872027597,val,M,0.8446887505959769,T2,1215350
0.3333333333333333,0.3333333333333333,A03,0.052740663290023804,0.05160473116806918,0.3032251378043592,0.18914607183279356,0.6034999728777612,0,0.0005492038141455643,0.00045955882352941176,6e0811712543811a10b6cde1ec29db65b7bb4f25142c6991f2738d3d5c073f0a,5147.6254720016295,0.925720677567725,0.9497174365274828,0.9251167022885819,230682,2473,4226,143,8,0,0.0006039752791431319,0.0013774260878562927,0.0015661441301634826,-0.023996758959757725,ISIC_0012400,0,111.0,0.021563340340850046,ISIC_0012400,0.8617132045991555,0.8606671108001112,0.0,0.8258735377790188,0.06615854799747467,0.046341508626937866,0.04539803713521147,0.06753597408533096,0.06684284322511391,0.06527669909495043,canonical_letterbox_valid,3d99874f14ae5f316eec36e21141043d75bd4fd17ccfb31e3174198dee269596,0.7555555945167022,fixed_shrink,0,0,P2-IMA-M-v2,2,58909d74d831135f264ceb68,Shrink-D0-0.333333,17,ISIC_0012400_A03_T1_S1_58909d74d831135f264ceb68.png,S1,0.9204235672950745,0.9210513329781683,val,M,0.8617132045991555,T1,1438351
0.3333333333333333,0.3333333333333333,A00,0.12273548543453217,0.12067602690101051,0.11443373451514564,0.03919546157813305,0.21491362531280972,0,6.354288948515847e-05,0.00011488970588235294,6e0811712543811a10b6cde1ec29db65b7bb4f25142c6991f2738d3d5c073f0a,5147.6254720016295,0.4742983542017574,0.4765667940719802,0.4756749085084598,207240,566,210,0,0,0,-0.00137655430670236,-0.0018919408321380615,-0.0017368099388117009,-0.0022684398702227937,ISIC_0012481,0,313.0758660726747,0.06081947254622949,ISIC_0012481,0.3108722832592908,0.31205607725253387,0.0,0.36357357573318905,0.325675368309021,0.32606393098831177,0.324219985699171,0.32378342747688293,0.3220458864385399,0.3237826963773516,canonical_letterbox_valid,3d99874f14ae5f316eec36e21141043d75bd4fd17ccfb31e3174198dee269596,0.4661410388863501,fixed_shrink,0,0,P2-IMA-M-v2,2,5841e3309fc3c156c3ef2d39,Shrink-D0-0.333333,17,ISIC_0012481_A00_T2_S1_5841e3309fc3c156c3ef2d39.png,S1,0.471384733915329,0.4731106341463074,val,M,0.0,T2,93488
0.3333333333333333,0.3333333333333333,A09,0.0008293795399367809,0.0009553454300057837,1.0,0.9912060301507538,1.0,0,6.354288948515847e-05,0.00011488970588235294,6e0811712543811a10b6cde1ec29db65b7bb4f25142c6991f2738d3d5c073f0a,5147.6254720016295,0.9747912635371342,0.9731489622465563,0.9757674701494926,2409,291,26,2307,184,275,-0.0009762066123584212,0.001640375703573227,0.0012551646197426006,0.0016423012905778522,ISIC_0012481,0,8.94427190999916,0.0017375529666343852,ISIC_0012481,0.9508222363577589,0.9526815851981497,0.0,0.36357357573318905,0.01997523568570614,0.020365668460726738,0.022695084573908682,0.021615611389279366,0.023475016620796204,0.022219852001053603,canonical_letterbox_valid,3d99874f14ae5f316eec36e21141043d75bd4fd17ccfb31e3174198dee269596,0.4661410388863501,fixed_shrink,0,0,P2-IMA-M-v2,2,58471c899fc3c10f04859a56,Shrink-D0-0.333333,17,ISIC_0012481_A09_T3_S1_58471c899fc3c10f04859a56.png,S1,0.9608789086341858,0.9565156414278986,val,M,0.9508222363577589,T3,91181
0.3333333333333333,0.3333333333333333,A00,0.06547238677740097,0.06549248832738283,0.0,0.0,0.03052398312960183,0,0.0009328358208955224,0.0009191176470588235,6e0811712543811a10b6cde1ec29db65b7bb4f25142c6991f2738d3d5c073f0a,5147.6254720016295,0.735180071780378,0.7010532250789355,0.7452193185918251,0,0,0,223941,11392,0,-0.010039246811447078,-0.009286299347877502,-0.009355588231539758,0.034126846701442504,ISIC_0012493,0,167.00943037697166,0.03244397466081207,ISIC_0012493,0.5812527581022761,0.5939040420637529,0.0,0.3694869554756534,0.16776548326015472,0.19563186168670654,0.19628403136253122,0.15847918391227722,0.15894801259355423,0.168303600825094,canonical_letterbox_valid,3d99874f14ae5f316eec36e21141043d75bd4fd17ccfb31e3174198dee269596,0.6015477754695384,fixed_shrink,0,0,P2-IMA-M-v2,2,5841e3399fc3c156c3ef2d5d,Shrink-D0-0.333333,17,ISIC_0012493_A00_T2_S2_5841e3399fc3c156c3ef2d5d.png,S2,0.7299414277076721,0.7288852866771949,val,M,0.0,T2,310847
0.3333333333333333,0.3333333333333333,A03,0.11975616216659546,0.11905795113844693,0.048238005845590855,0.014510278113663845,0.27265718831938923,0,0.0009328358208955224,0.0009191176470588235,6e0811712543811a10b6cde1ec29db65b7bb4f25142c6991f2738d3d5c073f0a,5147.6254720016295,0.7518485584442516,0.7869281849483521,0.7417727995192754,353019,0,11392,0,0,0,0.010075758924976141,0.007434919476509094,0.0075045549254609545,-0.03507962650410057,ISIC_0012493,0,267.3207712829573,0.051930889832008484,ISIC_0012493,0.602369659171419,0.589538041488747,0.0,0.3694869554756534,0.18379846215248108,0.15671823918819427,0.15612992457688485,0.19123338162899017,0.19073201401055867,0.18322745908509772,canonical_letterbox_valid,3d99874f14ae5f316eec36e21141043d75bd4fd17ccfb31e3174198dee269596,0.6015477754695384,fixed_shrink,0,0,P2-IMA-M-v2,2,58a493f9d8311352d32caea8,Shrink-D0-0.333333,17,ISIC_0012493_A03_T1_S1_58a493f9d8311352d32caea8.png,S1,0.7521592378616333,0.7526030329682515,val,M,0.0,T1,534788
0.3333333333333333,0.3333333333333333,A00,0.27961382269859314,0.2798917781755211,0.020384197815345756,0.012814870883134714,0.040988799700296945,0,0.033100128173828125,0.03338623046875,6e0811712543811a10b6cde1ec29db65b7bb4f25142c6991f2738d3d5c073f0a,1280.0,0.8518979065012227,0.8596894372311855,0.827693116608799,4836,2859,0,73534,1824,21348,0.024204789892423695,0.04874533414840698,0.048669697823516045,-0.007791530729962859,ISIC_0012623,0,90.80198235721508,0.07093904871657428,ISIC_0012623,0.7420053593884767,0.7060379226081847,0.0,0.6888347433621312,0.2799484133720398,0.213997483253479,0.21447199507567882,0.3286937475204468,0.3288226907673274,0.28015299294381135,canonical_letterbox_valid,3d99874f14ae5f316eec36e21141043d75bd4fd17ccfb31e3174198dee269596,0.4999867137659243,fixed_shrink,0,0,P2-IMA-M-v2,2,5841e3849fc3c156c3ef2ee3,Shrink-D0-0.333333,17,ISIC_0012623_A00_T2_S2_5841e3849fc3c156c3ef2ee3.png,S2,0.7197170257568359,0.7195857922878983,val,M,0.7420053593884767,T2,225396
0.3333333333333333,0.3333333333333333,A09,0.39643463492393494,0.39657783778592276,0.03511186059584036,0.011183519024595332,0.0931660939173515,0,0.033100128173828125,0.03338623046875,6e0811712543811a10b6cde1ec29db65b7bb4f25142c6991f2738d3d5c073f0a,1280.0,0.6993179115089658,0.7544691170222007,0.6669210066888661,169,14,0,138118,1824,24193,0.032396904820099715,0.038519710302352905,0.038494067052566416,-0.055151205513234824,ISIC_0012623,0,166.1114083980989,0.12977453781101475,ISIC_0012623,0.5376547564518771,0.5002861871166026,0.0,0.6888347433621312,0.39232343435287476,0.32297974824905396,0.32314648488412234,0.43084314465522766,0.43089855209583183,0.3924044850432654,canonical_letterbox_valid,3d99874f14ae5f316eec36e21141043d75bd4fd17ccfb31e3174198dee269596,0.4999867137659243,fixed_shrink,0,0,P2-IMA-M-v2,2,5b30e98f11659747a0a01268,Shrink-D0-0.333333,17,ISIC_0012623_A09_T1_S1_5b30e98f11659747a0a01268.png,S1,0.611787736415863,0.6117688676993919,val,M,0.0,T1,160812
0.3333333333333333,0.3333333333333333,A00,0.005781881045550108,0.005902036246701547,0.9126771265501614,0.6001580370335812,1.0,0,0.00145721435546875,0.001599049707602339,6e0811712543811a10b6cde1ec29db65b7bb4f25142c6991f2738d3d5c073f0a,2769.063379556344,0.9566914284777226,0.9627376339053859,0.9403508771929825,1338,930,0,6585,0,4227,0.0163405512847401,0.00982816144824028,0.009735233941835855,-0.00604620542766332,ISIC_0012654,0,16.278820596099706,0.005878818345684771,ISIC_0012654,0.9169784036968345,0.8874172185430463,0.0,0.47590704066551204,0.02626892551779747,0.02408834546804428,0.02419190896967684,0.03609708696603775,0.03733259850977326,0.027597364567937405,canonical_letterbox_valid,3d99874f14ae5f316eec36e21141043d75bd4fd17ccfb31e3174198dee269596,0.6153769723790026,fixed_shrink,0,0,P2-IMA-M-v2,2,5841e3929fc3c156c3ef2f40,Shrink-D0-0.333333,17,ISIC_0012654_A00_T2_S2_5841e3929fc3c156c3ef2f40.png,S2,0.9532440304756165,0.9507073071108267,val,M,0.9169784036968345,T2,87510
0.3333333333333333,0.3333333333333333,A03,0.02141052857041359,0.02149153435029328,0.29998685709278894,0.026014177505907288,0.9111970288668968,0,0.00145721435546875,0.001599049707602339,6e0811712543811a10b6cde1ec29db65b7bb4f25142c6991f2738d3d5c073f0a,2769.063379556344,0.875981030425382,0.9178334376956794,0.8498056007833912,0,0,0,20764,0,5157,0.02617542964199082,0.016256630420684814,0.016322581964636207,-0.041852407270297376,ISIC_0012654,0,30.828542669277358,0.011133202257803385,ISIC_0012654,0.7793294011371487,0.7388364969975416,0.0,0.47590704066551204,0.0718030035495758,0.046923160552978516,0.048020073999973975,0.08805963397026062,0.0896420508690442,0.07331946890440799,canonical_letterbox_valid,3d99874f14ae5f316eec36e21141043d75bd4fd17ccfb31e3174198dee269596,0.6153769723790026,fixed_shrink,0,0,P2-IMA-M-v2,2,58a494c2d8311352d32caeba,Shrink-D0-0.333333,17,ISIC_0012654_A03_T3_S1_58a494c2d8311352d32caeba.png,S1,0.8778045177459717,0.8748525965414773,val,M,0.7793294011371487,T3,73331
0.3333333333333333,0.3333333333333333,A00,0.04009304568171501,0.04099204614848971,0.6476867363960023,0.2820489871664597,0.8297070105405066,0,0.0028612034574468084,0.0026654411764705883,6e0811712543811a10b6cde1ec29db65b7bb4f25142c6991f2738d3d5c073f0a,3612.2104036171536,0.929543857940504,0.9271712064007358,0.9184871417232935,212,185,0,98175,0,17028,0.011056716217210494,0.008801080286502838,0.008703825060458185,0.002372651539768178,ISIC_0012671,0,131.77007829210666,0.03647907058795807,ISIC_0012671,0.8683623937661893,0.8492614162598308,0.0,0.61728100575667,0.05837108939886093,0.06112683564424515,0.06253751153149506,0.06717216968536377,0.06829522470815623,0.059591399647698044,canonical_letterbox_valid,3d99874f14ae5f316eec36e21141043d75bd4fd17ccfb31e3174198dee269596,0.6569350480296637,fixed_shrink,0,0,P2-IMA-M-v2,2,5841e39b9fc3c156c3ef2f73,Shrink-D0-0.333333,17,ISIC_0012671_A00_T2_S1_5841e39b9fc3c156c3ef2f73.png,S1,0.9233508706092834,0.9218092468530936,val,M,0.8683623937661893,T2,649021
0.3333333333333333,0.3333333333333333,A03,0.021068256348371506,0.021094210058487706,0.7781304863107064,0.4881496853362852,0.9475042340314982,0,0.0028612034574468084,0.0026654411764705883,6e0811712543811a10b6cde1ec29db65b7bb4f25142c6991f2738d3d5c073f0a,3612.2104036171536,0.9650584964366052,0.9684991487850364,0.9654979319287209,40469,8644,0,12717,0,8569,-0.00043943549211566957,0.0022541284561157227,0.0023589503048326854,-0.0034406523484311613,ISIC_0012671,0,44.79505691822558,0.012401009883967232,ISIC_0012671,0.9324763700304063,0.9332972467892604,0.0,0.61728100575667,0.034416936337947845,0.02984439767897129,0.02998408667740429,0.03667106479406357,0.03688927734581323,0.034530327040980545,canonical_letterbox_valid,3d99874f14ae5f316eec36e21141043d75bd4fd17ccfb31e3174198dee269596,0.6569350480296637,fixed_shrink,0,0,P2-IMA-M-v2,2,58472a0c9fc3c10f04859acb,Shrink-D0-0.333333,17,ISIC_0012671_A03_T3_S1_58472a0c9fc3c10f04859acb.png,S1,0.9522343873977661,0.9520335559765266,val,M,0.9324763700304063,T3,734479
0.3333333333333333,0.3333333333333333,A00,0.09121011942625046,0.09015077273671049,0.0,0.0,0.0,0,0.0001996343085106383,0.0002068014705882353,6e0811712543811a10b6cde1ec29db65b7bb4f25142c6991f2738d3d5c073f0a,3612.2104036171536,0.0,0.0,0.0,23572,0,0,72924,82,1119,0.0,0.0024832487106323242,0.00245718807173001,0.0,ISIC_0012789,0,982.5538896213959,0.27200904151028893,ISIC_0012789,0.0,0.0,0.0,0.3545120933009434,0.5455272793769836,0.5356788039207458,0.5353066341951852,0.548010528087616,0.5474557555042189,0.5449985674324889,canonical_letterbox_valid,3d99874f14ae5f316eec36e21141043d75bd4fd17ccfb31e3174198dee269596,0.4118630246715195,fixed_shrink,0,0,P2-IMA-M-v2,2,5841e3db9fc3c156c3ef30d5,Shrink-D0-0.333333,17,ISIC_0012789_A00_T2_S1_5841e3db9fc3c156c3ef30d5.png,S1,0.00015550781972706318,0.00015363787173268377,val,M,0.0,T2,0
0.3333333333333333,0.3333333333333333,A03,0.005616315640509129,0.005329977695881831,0.8573074647046505,0.6084540196245036,0.9528943051324115,0,0.0001996343085106383,0.0002068014705882353,6e0811712543811a10b6cde1ec29db65b7bb4f25142c6991f2738d3d5c073f0a,3612.2104036171536,0.9095703084450412,0.9049143086225905,0.9107987027264732,5859,616,55,7208,27,503,-0.0012283942814320659,-0.0007102079689502716,-0.0006912143140281324,0.004655999822450685,ISIC_0012789,0,41.43669871020132,0.011471286021630389,ISIC_0012789,0.8341393447825038,0.8362078754463216,0.0,0.3545120933009434,0.06159231439232826,0.08467508107423782,0.08440440118470983,0.06088210642337799,0.06047363264020883,0.06116484695423696,canonical_letterbox_valid,3d99874f14ae5f316eec36e21141043d75bd4fd17ccfb31e3174198dee269596,0.4118630246715195,fixed_shrink,0,0,P2-IMA-M-v2,2,58472d769fc3c10f04859ada,Shrink-D0-0.333333,17,ISIC_0012789_A03_T3_S1_58472d769fc3c10f04859ada.png,S1,0.88243168592453,0.8830002837874079,val,M,0.8341393447825038,T3,65716
0.3333333333333333,0.3333333333333333,A00,1.5533760786056519,1.550908831867207,0.0,0.0,0.0,0,0.002440758596061626,0.002489948830409357,6e0811712543811a10b6cde1ec29db65b7bb4f25142c6991f2738d3d5c073f0a,4659.490100858677,0.41530088940831683,0.4464085768896469,0.41110116748016157,3912793,3404,21092,0,0,0,0.0041997219281552645,-0.09654831886291504,-0.09637048905812595,-0.031107687481330082,ISIC_0012806,0,826.4416494737751,0.1773674010642224,ISIC_0012806,0.2620692386539265,0.2587333812991701,0.0,0.933596479572714,1.061293601989746,1.2362269163131714,1.2346148160100312,0.964745283126831,0.9635426566029016,1.0599131456610276,canonical_letterbox_valid,3d99874f14ae5f316eec36e21141043d75bd4fd17ccfb31e3174198dee269596,0.5649307967943301,fixed_shrink,0,0,P2-IMA-M-v2,2,5841e3e59fc3c156c3ef3108,Shrink-D0-0.333333,17,ISIC_0012806_A00_T2_S1_5841e3e59fc3c156c3ef3108.png,S1,0.43078890442848206,0.4310825405451519,val,M,0.0,T2,1389592
0.3333333333333333,0.3333333333333333,A03,0.09228268265724182,0.09227203343530734,0.2239131126745644,0.1062173173042119,0.4340769796980867,0,0.002440758596061626,0.002489948830409357,6e0811712543811a10b6cde1ec29db65b7bb4f25142c6991f2738d3d5c073f0a,4659.490100858677,0.8725859544082009,0.8966220920014631,0.8651623809970699,350301,839,19947,42965,1145,2565,0.007423573411130979,0.020201921463012695,0.020213632420468253,-0.024036137593262286,ISIC_0012806,0,281.42992012586467,0.06039929563837923,ISIC_0012806,0.7739711579964975,0.7623666738834431,0.0,0.933596479572714,0.14375431835651398,0.12991639971733093,0.12991524181302982,0.16395623981952667,0.16397198046736344,0.1437583480468952,canonical_letterbox_valid,3d99874f14ae5f316eec36e21141043d75bd4fd17ccfb31e3174198dee269596,0.5649307967943301,fixed_shrink,0,0,P2-IMA-M-v2,2,5847325f9fc3c10f04859aef,Shrink-D0-0.333333,17,ISIC_0012806_A03_T1_S1_5847325f9fc3c10f04859aef.png,S1,0.8047740459442139,0.8047553373415169,val,M,0.7739711579964975,T1,1346627
0.3333333333333333,0.3333333333333333,A00,0.3181246817111969,0.31734124831822313,0.1778285381275623,0.08841523455188648,0.28046773663451857,0,0.012628853242016121,0.012312682748538011,6e0811712543811a10b6cde1ec29db65b7bb4f25142c6991f2738d3d5c073f0a,4659.490100858677,0.7488840662095175,0.7521354196347111,0.7492938817654868,683361,29346,24558,693133,33924,38918,-0.0004098155559693062,0.017819136381149292,0.017903335099197892,-0.0032513534251935594,ISIC_0013159,0,507.04205932066304,0.10881921591103338,ISIC_0013159,0.5985728788063929,0.5990966789410002,0.0,0.7236970181985843,0.3428976535797119,0.3250140845775604,0.3242901339583135,0.3607167899608612,0.3604756281424258,0.3425722930432279,canonical_letterbox_valid,3d99874f14ae5f316eec36e21141043d75bd4fd17ccfb31e3174198dee269596,0.5015241632477655,fixed_shrink,0,0,P2-IMA-M-v2,2,5841e4bc9fc3c156c3ef352b,Shrink-D0-0.333333,17,ISIC_0013159_A00_T2_S1_5841e4bc9fc3c156c3ef352b.png,S1,0.6323294043540955,0.6321966622317674,val,M,0.0,T2,2052507
0.3333333333333333,0.3333333333333333,A03,0.300936222076416,0.30080102017648347,0.04801806104285156,0.02817533729129738,0.061969811925014016,0,0.012628853242016121,0.012312682748538011,6e0811712543811a10b6cde1ec29db65b7bb4f25142c6991f2738d3d5c073f0a,4659.490100858677,0.5571273905872486,0.5571336226798411,0.5563694490229044,1746,1278,0,1684809,58482,66986,0.0007579415643441667,0.015862703323364258,0.015881792836590303,-6.232092592539651e-06,ISIC_0013159,0,567.5221577693928,0.12179919808495927,ISIC_0013159,0.38612375545336547,0.3853960063718073,0.0,0.7236970181985843,0.41790077090263367,0.38277390599250793,0.3825542761730195,0.4337634742259979,0.4336125492747591,0.4177307564381688,canonical_letterbox_valid,3d99874f14ae5f316eec36e21141043d75bd4fd17ccfb31e3174198dee269596,0.5015241632477655,fixed_shrink,0,0,P2-IMA-M-v2,2,58a496c1d8311352d32caf11,Shrink-D0-0.333333,17,ISIC_0013159_A03_T1_S1_58a496c1d8311352d32caf11.png,S1,0.4651346802711487,0.4653395073001459,val,M,0.0,T1,1060831
0.3333333333333333,0.3333333333333333,A00,0.033458542078733444,0.031871310946123006,0.0,0.0,0.0,0,8.294547872340426e-05,6.893382352941176e-05,6e0811712543811a10b6cde1ec29db65b7bb4f25142c6991f2738d3d5c073f0a,3612.2104036171536,0.0,0.0,0.0,7892,0,0,18347,499,0,0.0,-0.0011187195777893066,-0.001086098551618564,0.0,ISIC_0013196,0,1485.5762685320503,0.41126515416832893,ISIC_0013196,0.0,0.0,0.0,0.4946802118557768,0.5167199373245239,0.5174146294593811,0.5166233910668613,0.5156012177467346,0.5148409105080505,0.515927009059669,canonical_letterbox_valid,3d99874f14ae5f316eec36e21141043d75bd4fd17ccfb31e3174198dee269596,0.40703704588775147,fixed_shrink,0,0,P2-IMA-M-v2,2,5841e4d19fc3c156c3ef359a,Shrink-D0-0.333333,17,ISIC_0013196_A00_T2_S1_5841e4d19fc3c156c3ef359a.png,S1,1.8704737158259377e-05,1.7292826785003802e-05,val,M,0.0,T2,0
0.3333333333333333,0.3333333333333333,A03,0.0007892808644101024,0.0008437663733281078,1.0,0.9659319171866287,1.0,0,8.294547872340426e-05,6.893382352941176e-05,6e0811712543811a10b6cde1ec29db65b7bb4f25142c6991f2738d3d5c073f0a,3612.2104036171536,0.9455247552061785,0.9312155211470298,0.94781295446918,768,0,195,1207,304,0,-0.0022881992630015002,0.002636302262544632,0.003817539435312031,0.014309234059148745,ISIC_0013196,0,8.94427190999916,0.002476121518570083,ISIC_0013196,0.8966780015694481,0.900802721811706,0.0,0.4946802118557768,0.04414355382323265,0.05145380645990372,0.05145796760313985,0.04677985608577728,0.04912638042109514,0.04530884098578311,canonical_letterbox_valid,3d99874f14ae5f316eec36e21141043d75bd4fd17ccfb31e3174198dee269596,0.40703704588775147,fixed_shrink,0,0,P2-IMA-M-v2,2,58473fc59fc3c10f04859b7f,Shrink-D0-0.333333,17,ISIC_0013196_A03_T1_S1_58473fc59fc3c10f04859b7f.png,S1,0.9125021696090698,0.9102260844017619,val,M,0.8966780015694481,T1,17140
0.3333333333333333,0.3333333333333333,A00,0.36710724234580994,0.3642076589009132,0.01690102605292035,0.0,0.06838038703734384,0,0.002356715425531915,0.0021599264705882354,6e0811712543811a10b6cde1ec29db65b7bb4f25142c6991f2738d3d5c073f0a,3612.2104036171536,0.46851138574477974,0.5550862257311315,0.45188608336730535,674762,272,13906,0,0,0,0.016625302377474394,-0.013743817806243896,-0.013360318203526567,-0.08657483998635179,ISIC_0013207,0,451.20343296847915,0.12491061775268081,ISIC_0013207,0.3059189479985928,0.2918945941331007,0.0,1.1716182216083684,0.44356513023376465,0.4185725450515747,0.4163851337402675,0.42982131242752075,0.428165353397766,0.4415256716012926,canonical_letterbox_valid,3d99874f14ae5f316eec36e21141043d75bd4fd17ccfb31e3174198dee269596,0.41008268187135344,fixed_shrink,0,0,P2-IMA-M-v2,2,5841e4d79fc3c156c3ef35bb,Shrink-D0-0.333333,17,ISIC_0013207_A00_T2_S1_5841e4d79fc3c156c3ef35bb.png,S1,0.4799770414829254,0.4811563156983281,val,M,0.0,T2,297404
0.3333333333333333,0.3333333333333333,A03,0.036965012550354004,0.03677206444303431,0.3366148571958027,0.197779210545168,0.574211415062479,0,0.002356715425531915,0.0021599264705882354,6e0811712543811a10b6cde1ec29db65b7bb4f25142c6991f2738d3d5c073f0a,3612.2104036171536,0.8346896263406758,0.8068770323979284,0.8445253182095287,25937,57,3085,65801,10821,215,-0.009835691868852914,0.032077670097351074,0.032142961224160826,0.027812593942747377,ISIC_0013207,0,494.756757707434,0.13696786798797772,ISIC_0013207,0.7162809541629426,0.730890370441428,0.0,1.1716182216083684,0.15439194440841675,0.16452376544475555,0.1642877618571977,0.18646961450576782,0.18623314823791096,0.15409018701375013,canonical_letterbox_valid,3d99874f14ae5f316eec36e21141043d75bd4fd17ccfb31e3174198dee269596,0.41008268187135344,fixed_shrink,0,0,P2-IMA-M-v2,2,584735b49fc3c10f04859aff,Shrink-D0-0.333333,17,ISIC_0013207_A03_T1_S1_584735b49fc3c10f04859aff.png,S1,0.7281811237335205,0.7285916904155341,val,M,0.7162809541629426,T1,231603
0.3333333333333333,0.3333333333333333,A00,0.015457354485988617,0.0162830112663102,0.5652450890431743,0.13327299654434754,0.9864031960924099,0,0.000406726673298643,0.00043402777777777775,6e0811712543811a10b6cde1ec29db65b7bb4f25142c6991f2738d3d5c073f0a,4659.490100858677,0.9379998879374895,0.9054658965220598,0.9345081335838005,118,45,0,60741,159,3878,0.0034917543536889806,0.002572428435087204,0.002305559527023285,0.032533991415429675,ISIC_0013216,0,39.90044229952281,0.008563263669595464,ISIC_0013216,0.8832389726549085,0.8770673554994228,0.0,0.5069090682010998,0.041669439524412155,0.06353136152029037,0.06561687561712005,0.04424186795949936,0.04586799850063681,0.043562438973613525,canonical_letterbox_valid,3d99874f14ae5f316eec36e21141043d75bd4fd17ccfb31e3174198dee269596,0.5941360432192625,fixed_shrink,0,0,P2-IMA-M-v2,2,5841e4dd9fc3c156c3ef35d6,Shrink-D0-0.333333,17,ISIC_0013216_A00_T2_S2_5841e4dd9fc3c156c3ef35d6.png,S2,0.9321184754371643,0.9291581333190831,val,M,0.8832389726549085,T2,460368
0.3333333333333333,0.3333333333333333,A03,0.011427529156208038,0.011227045790339889,0.8358120278489621,0.5289038005935454,0.9789334678351895,0,0.000406726673298643,0.00043402777777777775,6e0811712543811a10b6cde1ec29db65b7bb4f25142c6991f2738d3d5c073f0a,4659.490100858677,0.9570340887713983,0.9306214970254605,0.9552957562533662,5594,921,1,37802,158,3002,0.0017383325180321263,0.002113867551088333,0.0020386225623376525,0.026412591745937797,ISIC_0013216,0,37.57192551470539,0.00806352727475082,ISIC_0013216,0.9176082156357568,0.9144174171508855,0.0,0.5069090682010998,0.032997552305459976,0.05015287920832634,0.04931314191284954,0.03511141985654831,0.034987962530997244,0.03294933996865959,canonical_letterbox_valid,3d99874f14ae5f316eec36e21141043d75bd4fd17ccfb31e3174198dee269596,0.5941360432192625,fixed_shrink,0,0,P2-IMA-M-v2,2,58a49742d8311352d32caf26,Shrink-D0-0.333333,17,ISIC_0013216_A03_T3_S1_58a49742d8311352d32caf26.png,S1,0.9454324245452881,0.9453283658530207,val,M,0.9176082156357568,T3,483307
0.3333333333333333,0.3333333333333333,A00,0.00736113078892231,0.007620188193473519,0.8313094716725723,0.49049050845936365,1.0,0,0.0007688198316703001,0.0008042279411764705,6e0811712543811a10b6cde1ec29db65b7bb4f25142c6991f2738d3d5c073f0a,5147.6254720016295,0.9501636948217846,0.957405259721481,0.9429158705344218,10451,1957,0,23510,0,7432,0.007247824287362814,0.004485953599214554,0.004432162129875426,-0.007241564899696407,ISIC_0013325,0,35.0,0.006799251458826591,ISIC_0013325,0.9050589031215579,0.8919969983951274,0.0,0.39756653398704345,0.03021702915430069,0.025851938873529434,0.027343382685629046,0.034702982753515244,0.036249146369090275,0.03181698423921485,canonical_letterbox_valid,3d99874f14ae5f316eec36e21141043d75bd4fd17ccfb31e3174198dee269596,0.6247338364977428,fixed_shrink,0,0,P2-IMA-M-v2,2,5841e5299fc3c156c3ef371d,Shrink-D0-0.333333,17,ISIC_0013325_A00_T2_S2_5841e5299fc3c156c3ef371d.png,S2,0.9469270706176758,0.9439862197150438,val,M,0.9050589031215579,T2,323745
0.3333333333333333,0.3333333333333333,A03,0.038981933146715164,0.03764009679858583,0.17488561260803254,0.0,0.5792905478104089,0,0.0007688198316703001,0.0008042279411764705,6e0811712543811a10b6cde1ec29db65b7bb4f25142c6991f2738d3d5c073f0a,5147.6254720016295,0.8652885374903131,0.8500777129783831,0.8784086165047049,108124,9389,0,0,0,0,-0.013120079014391828,-0.008766591548919678,-0.008643253974621526,0.01521082451193001,ISIC_0013325,0,82.30825858328798,0.015989558492739916,ISIC_0013325,0.7625626126808658,0.7831806034094677,0.0,0.39756653398704345,0.08816731721162796,0.09914189577102661,0.09758052698204923,0.07940072566270828,0.07814153489633772,0.08678478887095925,canonical_letterbox_valid,3d99874f14ae5f316eec36e21141043d75bd4fd17ccfb31e3174198dee269596,0.6247338364977428,fixed_shrink,0,0,P2-IMA-M-v2,2,58a498a8d8311352d32caf4a,Shrink-D0-0.333333,17,ISIC_0013325_A03_T1_S1_58a498a8d8311352d32caf4a.png,S1,0.862647294998169,0.8640705190566673,val,M,0.7625626126808658,T1,347255
0.3333333333333333,0.3333333333333333,A00,0.26007503271102905,0.26098977876017854,0.0,0.0,0.03593597506702436,0,0.01388952577352004,0.01408547794117647,6e0811712543811a10b6cde1ec29db65b7bb4f25142c6991f2738d3d5c073f0a,5147.6254720016295,0.3417233168902567,0.31005949577002645,0.3670554815025239,0,0,0,1617894,169622,0,-0.025332164612267172,-0.03005272150039673,-0.030148854809328496,0.03166382112023025,ISIC_0013411,0,1019.3346112619171,0.19802035264728646,ISIC_0013411,0.20607135128344667,0.2247813549968392,0.0,0.6638754037199041,0.46599575877189636,0.5622591972351074,0.5641119117032788,0.43594303727149963,0.4374844626995904,0.4676333175089189,canonical_letterbox_valid,3d99874f14ae5f316eec36e21141043d75bd4fd17ccfb31e3174198dee269596,0.477512441995639,fixed_shrink,0,0,P2-IMA-M-v2,2,5841e5699fc3c156c3ef381f,Shrink-D0-0.333333,17,ISIC_0013411_A00_T2_S2_5841e5699fc3c156c3ef381f.png,S2,0.32808351516723633,0.3257231437423407,val,M,0.0,T2,419939
0.3333333333333333,0.3333333333333333,A03,0.46464717388153076,0.46374883552369545,0.0,0.0,0.0,0,0.01388952577352004,0.01408547794117647,6e0811712543811a10b6cde1ec29db65b7bb4f25142c6991f2738d3d5c073f0a,5147.6254720016295,0.6421360872872475,0.6937897883552014,0.6048513441367612,2271378,0,169622,0,0,0,0.037284743150486244,0.019247740507125854,0.019295497541867046,-0.05165370106795397,ISIC_0013411,0,831.2190950561383,0.16147621841899906,ISIC_0013411,0.4729016518337116,0.43353899356517933,0.0,0.6638754037199041,0.4145793616771698,0.42546921968460083,0.42475169060827433,0.43382710218429565,0.4333285009028363,0.41403300336096927,canonical_letterbox_valid,3d99874f14ae5f316eec36e21141043d75bd4fd17ccfb31e3174198dee269596,0.477512441995639,fixed_shrink,0,0,P2-IMA-M-v2,2,58a4992bd8311352d32caf56,Shrink-D0-0.333333,17,ISIC_0013411_A03_T1_S1_58a4992bd8311352d32caf56.png,S1,0.6354884505271912,0.635682828801757,val,M,0.0,T1,2037833
0.3333333333333333,0.3333333333333333,A00,0.31937459111213684,0.31869664977368967,0.0,0.0,0.0,0,0.013121010638297872,0.01291360294117647,6e0811712543811a10b6cde1ec29db65b7bb4f25142c6991f2738d3d5c073f0a,3612.2104036171536,0.5443068125861259,0.5538146020395665,0.5737709577647045,1193784,66528,12408,0,0,0,-0.02946414517857865,0.0033565759658813477,0.0033959924735985636,-0.009507789453440552,ISIC_0013511,0,403.0243144342296,0.11157276830570384,ISIC_0013511,0.3739158892081645,0.4022993087179369,0.0,0.3380060981945256,0.3711651563644409,0.36386436223983765,0.36330011684245284,0.37452173233032227,0.37420825754264386,0.3708122650690453,canonical_letterbox_valid,3d99874f14ae5f316eec36e21141043d75bd4fd17ccfb31e3174198dee269596,0.39515633225977315,fixed_shrink,0,0,P2-IMA-M-v2,2,5841e5b09fc3c156c3ef394b,Shrink-D0-0.333333,17,ISIC_0013511_A00_T2_S2_5841e5b09fc3c156c3ef394b.png,S2,0.5770442485809326,0.5770721196355991,val,M,0.0,T2,712963
0.3333333333333333,0.3333333333333333,A03,0.20521022379398346,0.20518040141110838,0.2055738626249156,0.09242742518681772,0.32430790296145007,0,0.013121010638297872,0.01291360294117647,6e0811712543811a10b6cde1ec29db65b7bb4f25142c6991f2738d3d5c073f0a,3612.2104036171536,0.7109676270049741,0.6961333476717927,0.6895599997331715,25106,6402,0,305880,12408,60126,0.021407627271802565,0.01737433671951294,0.01738375892425753,0.014834279333181377,ISIC_0013511,0,403.54404720901465,0.11171665050433341,ISIC_0013511,0.5515514132147536,0.5262049384884199,0.0,0.3380060981945256,0.410070538520813,0.361287921667099,0.3613551731068169,0.4274448752403259,0.42755250765674496,0.41016874873248743,canonical_letterbox_valid,3d99874f14ae5f316eec36e21141043d75bd4fd17ccfb31e3174198dee269596,0.39515633225977315,fixed_shrink,0,0,P2-IMA-M-v2,2,58a4a061d8311352d32caf6f,Shrink-D0-0.333333,17,ISIC_0013511_A03_T1_S1_58a4a061d8311352d32caf6f.png,S1,0.3850691616535187,0.3848429039461335,val,M,0.0,T1,407083
0.3333333333333333,0.3333333333333333,A00,0.43502816557884216,0.43402817794850346,0.041666240942412405,0.017418071702582413,0.10633497662400304,0,0.022118378386134067,0.022683662280701754,6e0811712543811a10b6cde1ec29db65b7bb4f25142c6991f2738d3d5c073f0a,4659.490100858677,0.7539198345424564,0.6855741518371832,0.7526254636631068,2207773,97487,113444,10997,10997,57,0.0012943708793495823,-0.004122048616409302,-0.004067649592181255,0.06834568270527319,ISIC_0013573,0,528.0412387790342,0.11332597072836871,ISIC_0013573,0.6050331715741798,0.6033676668383074,0.0,0.6559470594585338,0.3493152856826782,0.3902883529663086,0.38945908956248776,0.3451932370662689,0.3446422674611329,0.34870991705331417,canonical_letterbox_valid,3d99874f14ae5f316eec36e21141043d75bd4fd17ccfb31e3174198dee269596,0.6006183642891801,fixed_shrink,0,0,P2-IMA-M-v2,2,5841e5da9fc3c156c3ef3a05,Shrink-D0-0.333333,17,ISIC_0013573_A00_T2_S1_5841e5da9fc3c156c3ef3a05.png,S1,0.7363975644111633,0.7366083438418751,val,M,0.0,T2,3398841
0.3333333333333333,0.3333333333333333,A03,0.5079365372657776,0.5087414278036462,0.0,0.0,0.0,0,0.022118378386134067,0.022683662280701754,6e0811712543811a10b6cde1ec29db65b7bb4f25142c6991f2738d3d5c073f0a,4659.490100858677,0.475138546505453,0.49652637580379844,0.4780133656421834,0,0,0,2347351,124441,97544,-0.0028748191367303777,-0.0020409226417541504,-0.002077645719921861,-0.02138782929834543,ISIC_0013573,0,841.9457648637647,0.18069482854113292,ISIC_0013573,0.31159456842231215,0.3140719864756731,0.0,0.6559470594585338,0.5297549366950989,0.5164011120796204,0.5171900003771772,0.5277140140533447,0.5283891409411978,0.5304667866611197,canonical_letterbox_valid,3d99874f14ae5f316eec36e21141043d75bd4fd17ccfb31e3174198dee269596,0.6006183642891801,fixed_shrink,0,0,P2-IMA-M-v2,2,58471d5e9fc3c10f04859a61,Shrink-D0-0.333333,17,ISIC_0013573_A03_T3_S1_58471d5e9fc3c10f04859a61.png,S1,0.44842666387557983,0.4478078544814068,val,M,0.0,T3,1062487
0.3333333333333333,0.3333333333333333,A00,0.0432317890226841,0.04321099194133733,0.15946108210234866,0.033244924828307945,0.6392298835886182,0,0.0014473203242914641,0.0014705882352941176,6e0811712543811a10b6cde1ec29db65b7bb4f25142c6991f2738d3d5c073f0a,5147.6254720016295,0.9090119187278541,0.8982899306125396,0.9025133865247448,0,0,0,205455,708,16967,0.006498532203109364,0.07019364833831787,0.0701888799660981,0.010721988115314551,ISIC_0013615,0,86.6495736120068,0.016832921136803982,ISIC_0013615,0.8332005952511429,0.8223456900917302,0.0,1.848862701817034,0.09549346566200256,0.08424937725067139,0.08429606366833688,0.16568711400032043,0.16572648672923623,0.09553760676313813,canonical_letterbox_valid,3d99874f14ae5f316eec36e21141043d75bd4fd17ccfb31e3174198dee269596,0.6135837992249471,fixed_shrink,0,0,P2-IMA-M-v2,2,5841e5f79fc3c156c3ef3a83,Shrink-D0-0.333333,17,ISIC_0013615_A00_T2_S2_5841e5f79fc3c156c3ef3a83.png,S2,0.8522448539733887,0.852135778415061,val,M,0.8332005952511429,T2,1026294
0.3333333333333333,0.3333333333333333,A03,0.04553600773215294,0.0453784434183456,0.543851240969632,0.3377171390576493,0.7422084165548422,0,0.0014473203242914641,0.0014705882352941176,6e0811712543811a10b6cde1ec29db65b7bb4f25142c6991f2738d3d5c073f0a,5147.6254720016295,0.9234656605530392,0.924231539930283,0.9230960809365596,155675,7413,385,41598,323,9554,0.00036957961647965387,0.06098543107509613,0.06109609219183175,-0.0007658793772437056,ISIC_0013615,0,155.23466043098838,0.030156556897024237,ISIC_0013615,0.8578134730262703,0.8571758952640416,0.0,1.848862701817034,0.08884449303150177,0.07142551243305206,0.07137324678487693,0.1498299241065979,0.1498309618682733,0.08873486967644155,canonical_letterbox_valid,3d99874f14ae5f316eec36e21141043d75bd4fd17ccfb31e3174198dee269596,0.6135837992249471,fixed_shrink,0,0,P2-IMA-M-v2,2,58a4a0ecd8311352d32caf84,Shrink-D0-0.333333,17,ISIC_0013615_A03_T3_S1_58a4a0ecd8311352d32caf84.png,S1,0.8678470253944397,0.8679087040654625,val,M,0.8578134730262703,T3,1190151
0.3333333333333333,0.3333333333333333,A00,0.12106317281723022,0.12153138972258574,0.1735305896923873,0.09223086263306224,0.3992924184447488,0,0.004019087759936274,0.004457720588235294,6e0811712543811a10b6cde1ec29db65b7bb4f25142c6991f2738d3d5c073f0a,5147.6254720016295,0.8718850716550661,0.8716655743195447,0.8656492741703055,898,0,981,708619,4746,43355,0.006235797484760663,0.01040002703666687,0.010369025603764292,0.00021949733552140138,ISIC_0013651,0,284.49472615011865,0.05526717662299045,ISIC_0013651,0.7728690133852014,0.7631231280229899,0.0,0.9210684880285172,0.14127814769744873,0.1408427655696869,0.14132416789364416,0.1516781747341156,0.1521164652656852,0.1417474396619209,canonical_letterbox_valid,3d99874f14ae5f316eec36e21141043d75bd4fd17ccfb31e3174198dee269596,0.502126843834676,fixed_shrink,0,0,P2-IMA-M-v2,2,5841e6109fc3c156c3ef3aef,Shrink-D0-0.333333,17,ISIC_0013651_A00_T2_S1_5841e6109fc3c156c3ef3aef.png,S1,0.8385068774223328,0.8380365103987439,val,M,0.7728690133852014,T2,2414306
0.3333333333333333,0.3333333333333333,A03,0.22242194414138794,0.2225225336976624,0.15513148920412476,0.10064287313224018,0.24901692967271563,0,0.004019087759936274,0.004457720588235294,6e0811712543811a10b6cde1ec29db65b7bb4f25142c6991f2738d3d5c073f0a,5147.6254720016295,0.841061086394539,0.8333743162635678,0.8480501036178133,1123929,43355,1789,40913,3938,0,-0.006989017223274274,-0.004561126232147217,-0.004564630783944368,0.007686770130971188,ISIC_0013651,0,408.1874569361484,0.07929626177279496,ISIC_0013651,0.7257164950808292,0.7361866225963465,0.0,0.9210684880285172,0.1975143849849701,0.20234143733978271,0.20242506581134356,0.19295325875282288,0.19305253157034624,0.1976171623542906,canonical_letterbox_valid,3d99874f14ae5f316eec36e21141043d75bd4fd17ccfb31e3174198dee269596,0.502126843834676,fixed_shrink,0,0,P2-IMA-M-v2,2,58909e87d831135f264ceb89,Shrink-D0-0.333333,17,ISIC_0013651_A03_T1_S1_58909e87d831135f264ceb89.png,S1,0.8273931741714478,0.8272882089890812,val,M,0.7257164950808292,T1,3082012
0.3333333333333333,0.3333333333333333,A00,0.16968050599098206,0.16898503240701526,0.0,0.0,0.0,0,0.004213430851063829,0.004136029411764706,6e0811712543811a10b6cde1ec29db65b7bb4f25142c6991f2738d3d5c073f0a,3612.2104036171536,0.40560886391348144,0.39206241432762395,0.3910132648889293,0,0,0,403632,0,25348,0.014595599024552153,0.006583511829376221,0.006725674560971617,0.01354644958585749,ISIC_0013721,0,364.7793827710231,0.10098508724899982,ISIC_0013721,0.2543973399833749,0.24301832722190655,0.0,1.3348554248492799,0.3913394808769226,0.39212316274642944,0.39069759265514026,0.39792299270629883,0.39673806634534503,0.3900123917843734,canonical_letterbox_valid,3d99874f14ae5f316eec36e21141043d75bd4fd17ccfb31e3174198dee269596,0.5031075493281673,fixed_shrink,0,0,P2-IMA-M-v2,2,5841e6419fc3c156c3ef3bc1,Shrink-D0-0.333333,17,ISIC_0013721_A00_T2_S1_5841e6419fc3c156c3ef3bc1.png,S1,0.38700154423713684,0.38896024883826835,val,M,0.0,T2,137718
0.3333333333333333,0.3333333333333333,A03,0.090477354824543,0.09041625030519752,0.1488262580157641,0.058513136046551034,0.2938761440650554,0,0.004213430851063829,0.004136029411764706,6e0811712543811a10b6cde1ec29db65b7bb4f25142c6991f2738d3d5c073f0a,3612.2104036171536,0.8244410199084831,0.8342679753152638,0.8459596394072707,229494,24832,0,743,0,516,-0.02151861949878764,0.006454482674598694,0.006458973319454636,-0.00982695540678069,ISIC_0013721,0,225.04932090939914,0.06230238434727995,ISIC_0013721,0.7013182952711573,0.733041640738436,0.0,1.3348554248492799,0.15247449278831482,0.15446819365024567,0.15442103847666755,0.1589289754629135,0.15891953372922987,0.15246056040977524,canonical_letterbox_valid,3d99874f14ae5f316eec36e21141043d75bd4fd17ccfb31e3174198dee269596,0.5031075493281673,fixed_shrink,0,0,P2-IMA-M-v2,2,5847290e9fc3c10f04859abe,Shrink-D0-0.333333,17,ISIC_0013721_A03_T1_S1_5847290e9fc3c10f04859abe.png,S1,0.7855283617973328,0.785495129485647,val,M,0.7013182952711573,T1,540607
0.3333333333333333,0.3333333333333333,A00,0.013468683697283268,0.013463019910666618,0.623629496476808,0.24830300320220064,0.9968516984258492,0,0.0003299153372882777,0.0002527573529411765,6e0811712543811a10b6cde1ec29db65b7bb4f25142c6991f2738d3d5c073f0a,5147.6254720016295,0.9306704399438417,0.9097063787356118,0.92752798809648,674,68,0,62238,404,3557,0.003142451847361727,0.0021880045533180237,0.002059194995801379,0.02096406120822991,ISIC_0013733,0,43.73785545725808,0.008496705072105959,ISIC_0013733,0.8703307892236377,0.8648505301786102,0.0,0.39414672969987924,0.045259296894073486,0.05819495767354965,0.05933933346226857,0.04744730144739151,0.048072698183507546,0.04601350318770617,canonical_letterbox_valid,3d99874f14ae5f316eec36e21141043d75bd4fd17ccfb31e3174198dee269596,0.7576446407284564,fixed_shrink,0,0,P2-IMA-M-v2,2,5841e6499fc3c156c3ef3be5,Shrink-D0-0.333333,17,ISIC_0013733_A00_T2_S2_5841e6499fc3c156c3ef3be5.png,S2,0.9229500889778137,0.9214360135352543,val,M,0.8703307892236377,T2,422261
0.3333333333333333,0.3333333333333333,A03,0.008934046141803265,0.008700746222287309,0.8983838340164652,0.6213688356012864,0.985279113831803,0,0.0003299153372882777,0.0002527573529411765,6e0811712543811a10b6cde1ec29db65b7bb4f25142c6991f2738d3d5c073f0a,5147.6254720016295,0.9560764595353082,0.9437711143441916,0.954840399891015,11907,1020,70,29866,334,2605,0.001236059644293186,0.0014028474688529968,0.00122065540111322,0.01230534519111659,ISIC_0013733,0,38.01315561749642,0.007384600108196137,ISIC_0013733,0.9158491234997159,0.9135833415216663,0.0,0.39414672969987924,0.032581668347120285,0.040514059364795685,0.04011950203598936,0.03398451581597328,0.033970032119755404,0.032749376718642184,canonical_letterbox_valid,3d99874f14ae5f316eec36e21141043d75bd4fd17ccfb31e3174198dee269596,0.7576446407284564,fixed_shrink,0,0,P2-IMA-M-v2,2,58a4a1c7d8311352d32caf99,Shrink-D0-0.333333,17,ISIC_0013733_A03_T3_S1_58a4a1c7d8311352d32caf99.png,S1,0.943770706653595,0.9432019927850029,val,M,0.9158491234997159,T3,454633
0.3333333333333333,0.3333333333333333,A00,0.06409379094839096,0.0645245024810657,0.12211741357755518,0.04663643073990193,0.3903553615433143,0,0.002911345222622841,0.0031939338235294117,6e0811712543811a10b6cde1ec29db65b7bb4f25142c6991f2738d3d5c073f0a,5147.6254720016295,0.8168382113497845,0.7595091585504156,0.8307957795089241,5867,0,1782,334985,33772,0,-0.013957568159139622,-0.006968200206756592,-0.00701213835046588,0.05732905279936895,ISIC_0013747,0,243.30725071614768,0.04726591941071012,ISIC_0013747,0.6903858958136713,0.7105651561538008,0.0,0.8619666976415092,0.1337197870016098,0.16582483053207397,0.16652762422829567,0.1267515867948532,0.12741004655197657,0.13442218490244245,canonical_letterbox_valid,3d99874f14ae5f316eec36e21141043d75bd4fd17ccfb31e3174198dee269596,0.6313704493353809,fixed_shrink,0,0,P2-IMA-M-v2,2,5841e6529fc3c156c3ef3c0f,Shrink-D0-0.333333,17,ISIC_0013747_A00_T2_S1_5841e6529fc3c156c3ef3c0f.png,S1,0.796654224395752,0.7956801326761808,val,M,0.6903858958136713,T2,760041
0.3333333333333333,0.3333333333333333,A06,0.1526879370212555,0.15287223826408353,0.0,0.0,0.0,0,0.002911345222622841,0.0031939338235294117,6e0811712543811a10b6cde1ec29db65b7bb4f25142c6991f2738d3d5c073f0a,5147.6254720016295,0.7614139852087546,0.8233044213530278,0.7459121595695772,686244,0,35554,0,0,0,0.015501825639177347,0.013241514563560486,0.013206355833849881,-0.06189043614427325,ISIC_0013747,0,251.7240315595633,0.04890099968008776,ISIC_0013747,0.6147445362016988,0.5947846199621618,0.0,0.8619666976415092,0.19451139867305756,0.14403632283210754,0.1443684697728832,0.20775291323661804,0.20787849616975126,0.19467214033590138,canonical_letterbox_valid,3d99874f14ae5f316eec36e21141043d75bd4fd17ccfb31e3174198dee269596,0.6313704493353809,fixed_shrink,0,0,P2-IMA-M-v2,2,58473f729fc3c10f04859b7b,Shrink-D0-0.333333,17,ISIC_0013747_A06_T1_S1_58473f729fc3c10f04859b7b.png,S1,0.7636651396751404,0.7635279575922808,val,M,0.0,T1,1095026
0.3333333333333333,0.3333333333333333,A00,0.0067978608421981335,0.0071605049172647735,0.8879276255218442,0.6414728690686861,0.9961252825314821,0,0.0008170501949522053,0.0008961397058823529,6e0811712543811a10b6cde1ec29db65b7bb4f25142c6991f2738d3d5c073f0a,5147.6254720016295,0.9632198876490641,0.9702478056642287,0.9559414695077315,5131,1589,0,27010,0,8389,0.0072784181413325655,0.004868445917963982,0.0049403673817123815,-0.007027918015164669,ISIC_0013766,0,32.67720144297776,0.006348014559472484,ISIC_0013766,0.9290493482411893,0.9156014165767219,0.0,0.3963919338370788,0.023710494861006737,0.01917657069861889,0.02044276948988706,0.02857894077897072,0.030046230243664176,0.025105862861951794,canonical_letterbox_valid,3d99874f14ae5f316eec36e21141043d75bd4fd17ccfb31e3174198dee269596,0.7311993809331754,fixed_shrink,0,0,P2-IMA-M-v2,2,5841e6609fc3c156c3ef3c48,Shrink-D0-0.333333,17,ISIC_0013766_A00_T2_S2_5841e6609fc3c156c3ef3c48.png,S2,0.959376871585846,0.9569487791933612,val,M,0.9290493482411893,T2,420864
0.3333333333333333,0.3333333333333333,A03,0.005298220552504063,0.0045169547710321055,0.9793436091013946,0.8567779346011152,1.0,0,0.0008170501949522053,0.0008961397058823529,6e0811712543811a10b6cde1ec29db65b7bb4f25142c6991f2738d3d5c073f0a,5147.6254720016295,0.9762232992083968,0.9691270179483213,0.9786580156775598,17389,5989,0,4222,0,3989,-0.002434716469163045,-0.0006126053631305695,0.00016751543282365194,0.007096281260075443,ISIC_0013766,0,21.02379604162864,0.004084173597317607,ISIC_0013766,0.953551002336313,0.9582079564924604,0.0,0.3963919338370788,0.019276242703199387,0.02320067398250103,0.021141324930948023,0.018663637340068817,0.018235021576097396,0.018067506143273744,canonical_letterbox_valid,3d99874f14ae5f316eec36e21141043d75bd4fd17ccfb31e3174198dee269596,0.7311993809331754,fixed_shrink,0,0,P2-IMA-M-v2,2,58a4a227d8311352d32cafa5,Shrink-D0-0.333333,17,ISIC_0013766_A03_T3_S1_58a4a227d8311352d32cafa5.png,S1,0.9667457342147827,0.9683819424844846,val,M,0.953551002336313,T3,443652
0.3333333333333333,0.3333333333333333,A00,0.011893910355865955,0.011843807801685032,0.9564006957304142,0.7008165668685471,1.0,0,0.0007995345744680852,0.0008272058823529412,6e0811712543811a10b6cde1ec29db65b7bb4f25142c6991f2738d3d5c073f0a,3612.2104036171536,0.9820659603716494,0.983284097554609,0.9810971751433815,16446,1588,210,11903,10,3002,0.0009687852282679321,0.007103756070137024,0.00721880741254605,-0.0012181371829596,ISIC_0013801,0,18.0,0.004983098432465442,ISIC_0013801,0.964763847302133,0.9628957258818504,0.0,0.9281827425522798,0.02105524204671383,0.017406903207302094,0.01792360865966519,0.028158998116850853,0.028413653272481413,0.021194845859935363,canonical_letterbox_valid,3d99874f14ae5f316eec36e21141043d75bd4fd17ccfb31e3174198dee269596,0.6756582376783337,fixed_shrink,0,0,P2-IMA-M-v2,2,5841e6779fc3c156c3ef3cb1,Shrink-D0-0.333333,17,ISIC_0013801_A00_T2_S1_5841e6779fc3c156c3ef3cb1.png,S1,0.9697834253311157,0.9694541160818143,val,M,0.964763847302133,T2,776194
0.3333333333333333,0.3333333333333333,A03,0.03843066096305847,0.0381971654189513,0.5571651677227418,0.2246982305315908,0.8517382988819377,0,0.0007995345744680852,0.0008272058823529412,6e0811712543811a10b6cde1ec29db65b7bb4f25142c6991f2738d3d5c073f0a,3612.2104036171536,0.9500096220030778,0.9572887573071936,0.9524250178546825,82166,4299,216,701,4,291,-0.0024153958516046625,0.0021633878350257874,0.0023558391445777094,-0.007279135304115836,ISIC_0013801,0,72.09229897421291,0.019957945667290575,ISIC_0013801,0.9047793598027263,0.9091712136005973,0.0,0.9281827425522798,0.04723106324672699,0.0400947742164135,0.04005786181123856,0.04939445108175278,0.04947265964351669,0.04711682049893898,canonical_letterbox_valid,3d99874f14ae5f316eec36e21141043d75bd4fd17ccfb31e3174198dee269596,0.6756582376783337,fixed_shrink,0,0,P2-IMA-M-v2,2,58473db19fc3c10f04859b61,Shrink-D0-0.333333,17,ISIC_0013801_A03_T3_S1_58473db19fc3c10f04859b61.png,S1,0.9439685344696045,0.9439635244210733,val,M,0.9047793598027263,T3,787396
0.3333333333333333,0.3333333333333333,A00,0.17123724520206451,0.17129791760605353,0.30859187262615156,0.16022921004226245,0.5338677631008416,0,0.01388706921851417,0.0140625,6e0811712543811a10b6cde1ec29db65b7bb4f25142c6991f2738d3d5c073f0a,5147.6254720016295,0.943387022173854,0.9516680604973415,0.9368999633663968,452065,31759,0,380259,0,137833,0.006487058807457147,0.0031590312719345093,0.0031457595497561275,-0.008281038323487588,ISIC_0013813,0,255.79298200871443,0.04969145160229588,ISIC_0013814,0.8928406540252412,0.8812905005000004,0.0,0.44971051841834103,0.13432791829109192,0.14103233814239502,0.14107046033953413,0.13748694956302643,0.13751802238480063,0.1343722628350445,canonical_letterbox_valid,3d99874f14ae5f316eec36e21141043d75bd4fd17ccfb31e3174198dee269596,0.5231751347261481,fixed_shrink,0,0,P2-IMA-M-v2,2,5841e67f9fc3c156c3ef3cd8,Shrink-D0-0.333333,17,ISIC_0013814_A00_T2_S2_5841e67f9fc3c156c3ef3cd8.png,S2,0.9025813937187195,0.9025533919359645,val,M,0.8928406540252412,T2,6934838
0.3333333333333333,0.3333333333333333,A03,0.24305859208106995,0.24319460434220933,0.21274948987491624,0.11109025028306858,0.35512536115279225,0,0.01388706921851417,0.0140625,6e0811712543811a10b6cde1ec29db65b7bb4f25142c6991f2738d3d5c073f0a,5147.6254720016295,0.9210212566795183,0.9116190470227679,0.9264258227776332,1081009,120613,0,148142,0,48979,-0.005404566098114905,-0.010108336806297302,-0.01012802416509459,0.009402209656750427,ISIC_0013813,0,291.9397182493805,0.05671347300561499,ISIC_0013814,0.8536046352916459,0.8629360154456704,0.0,0.44971051841834103,0.17642827332019806,0.2039949595928192,0.20407467710222135,0.16631993651390076,0.16637080507061983,0.17649882923571442,canonical_letterbox_valid,3d99874f14ae5f316eec36e21141043d75bd4fd17ccfb31e3174198dee269596,0.5231751347261481,fixed_shrink,0,0,P2-IMA-M-v2,2,58a4a2a8d8311352d32cafb4,Shrink-D0-0.333333,17,ISIC_0013814_A03_T1_S1_58a4a2a8d8311352d32cafb4.png,S1,0.8902020454406738,0.8901969458707805,val,M,0.8536046352916459,T1,7166955
0.3333333333333333,0.3333333333333333,A00,0.033956509083509445,0.033780186761339814,0.4982908193354376,0.34231010241506465,0.8030653676590649,0,0.007577293882978724,0.007375919117647059,6e0811712543811a10b6cde1ec29db65b7bb4f25142c6991f2738d3d5c073f0a,3612.2104036171536,0.9201355212456421,0.8721229065786338,0.9078691618648929,41865,0,26308,31257,19277,0,0.01226635938074927,0.0199713334441185,0.02006699586440501,0.048012614667008346,ISIC_0013986,0,59.47685284823429,0.016465500677556335,ISIC_0013986,0.8520842562642991,0.8312824161390273,0.0,0.911563651925219,0.09856312721967697,0.12424707412719727,0.12390226898299189,0.11853446066379547,0.11845893490618421,0.0983919390417792,canonical_letterbox_valid,3d99874f14ae5f316eec36e21141043d75bd4fd17ccfb31e3174198dee269596,0.534784185849491,fixed_shrink,0,0,P2-IMA-M-v2,2,5841e6f69fc3c156c3ef3edc,Shrink-D0-0.333333,17,ISIC_0013986_A00_T2_S1_5841e6f69fc3c156c3ef3edc.png,S1,0.8368302583694458,0.8369963086777814,val,M,0.8520842562642991,T2,421227
0.3333333333333333,0.3333333333333333,A03,0.24400942027568817,0.24426328110472886,0.04191332374443373,0.031146057678828585,0.07623969846891296,0,0.007577293882978724,0.007375919117647059,6e0811712543811a10b6cde1ec29db65b7bb4f25142c6991f2738d3d5c073f0a,3612.2104036171536,0.6817058468957203,0.7937955966313852,0.6349785231914421,422336,0,45481,104,104,0,0.046727323704278234,0.030990689992904663,0.030946248566015078,-0.11208974973566488,ISIC_0013986,0,333.8622470420997,0.09242602443860429,ISIC_0013986,0.5171120916302783,0.4651784121932147,0.0,0.911563651925219,0.2913837730884552,0.24401605129241943,0.2445194500042255,0.32237446308135986,0.3225489436608978,0.29160269509488274,canonical_letterbox_valid,3d99874f14ae5f316eec36e21141043d75bd4fd17ccfb31e3174198dee269596,0.534784185849491,fixed_shrink,0,0,P2-IMA-M-v2,2,58473cb39fc3c10f04859b51,Shrink-D0-0.333333,17,ISIC_0013986_A03_T1_S1_58473cb39fc3c10f04859b51.png,S1,0.661241888999939,0.6610578909149634,val,M,0.0,T1,452380
0.3333333333333333,0.3333333333333333,A00,0.06134211644530296,0.060014068857200946,0.3298326128558436,0.1316104208651381,0.5906716756424669,0,0.0003656172700402482,0.00022977941176470588,6e0811712543811a10b6cde1ec29db65b7bb4f25142c6991f2738d3d5c073f0a,5147.6254720016295,0.6755362899875011,0.6453551080693276,0.6738893625082883,80,37,4,191241,1459,2965,0.0016469274792128008,-0.000469014048576355,-0.0007216423662266824,0.03018118191817354,ISIC_0013185,0,639.1315926791907,0.12416046896874715,ISIC_0013998,0.5100451487501505,0.5081697887462276,0.0,0.32862971209503045,0.20652738213539124,0.22799380123615265,0.22353840960760576,0.20605836808681488,0.20141527249471314,0.20213691486093982,canonical_letterbox_valid,3d99874f14ae5f316eec36e21141043d75bd4fd17ccfb31e3174198dee269596,0.4360060567826721,fixed_shrink,0,0,P2-IMA-M-v2,2,5841e6fe9fc3c156c3ef3f00,Shrink-D0-0.333333,17,ISIC_0013998_A00_T2_S2_5841e6fe9fc3c156c3ef3f00.png,S2,0.6482873558998108,0.6557402391353213,val,M,0.0,T2,199166
0.3333333333333333,0.3333333333333333,A03,0.1363157033920288,0.1361902941655728,0.0,0.0,0.0694581996840871,0,0.0003656172700402482,0.00022977941176470588,6e0811712543811a10b6cde1ec29db65b7bb4f25142c6991f2738d3d5c073f0a,5147.6254720016295,0.5588940778153609,0.5896802681809308,0.5616697806010783,283390,2735,1005,129093,458,267,-0.002775702785717371,0.0012572109699249268,0.0012668412931254314,-0.030786190365569843,ISIC_0013185,0,420.652928840922,0.08171785828803764,ISIC_0013998,0.38782303868969437,0.3905012722570761,0.0,0.32862971209503045,0.28765222430229187,0.26400884985923767,0.2643740946181745,0.2889094352722168,0.2892811871204376,0.28801434582731217,canonical_letterbox_valid,3d99874f14ae5f316eec36e21141043d75bd4fd17ccfb31e3174198dee269596,0.4360060567826721,fixed_shrink,0,0,P2-IMA-M-v2,2,58a4a571d8311352d32cafe4,Shrink-D0-0.333333,17,ISIC_0013998_A03_T1_S1_58a4a571d8311352d32cafe4.png,S1,0.5610112547874451,0.5601616025109485,val,M,0.0,T1,261314
0.3333333333333333,0.3333333333333333,A00,0.0694512128829956,0.06991333389462107,0.12621243017033326,0.01784405172279328,0.5328475884733246,0,0.0024671181923947676,0.0020909926470588235,6e0811712543811a10b6cde1ec29db65b7bb4f25142c6991f2738d3d5c073f0a,5147.6254720016295,0.9149454567535815,0.8798149216968986,0.9199279560753065,0,0,0,338966,25857,4272,-0.004982499321725009,-0.00790494680404663,-0.007947475956652239,0.035130535056682954,ISIC_0013626,0,117.0,0.022728926305220318,ISIC_0014077,0.8432253129101873,0.851728327984987,0.0,0.636722627081548,0.09382709860801697,0.13078992068767548,0.1313641283506426,0.08592215180397034,0.08641782626988392,0.09436530222653616,canonical_letterbox_valid,3d99874f14ae5f316eec36e21141043d75bd4fd17ccfb31e3174198dee269596,0.4651406748129568,fixed_shrink,0,0,P2-IMA-M-v2,2,5841e7399fc3c156c3ef3fed,Shrink-D0-0.333333,17,ISIC_0014077_A00_T2_S2_5841e7399fc3c156c3ef3fed.png,S2,0.8817970156669617,0.8811827294415487,val,M,0.8432253129101873,T2,1823156
0.3333333333333333,0.3333333333333333,A03,0.5946142077445984,0.5946533465616312,0.047869942249873225,0.030128817656147038,0.0844737822565402,0,0.0024671181923947676,0.0020909926470588235,6e0811712543811a10b6cde1ec29db65b7bb4f25142c6991f2738d3d5c073f0a,5147.6254720016295,0.6698088937919044,0.6975936838391235,0.6660207584825358,2116590,4272,23645,7605,2212,0,0.003788135309368612,0.013537287712097168,0.01355636474743882,-0.02778479004721901,ISIC_0013626,0,691.2749580298547,0.13429006476670802,ISIC_0014077,0.5035433560379853,0.499273705132702,0.0,0.636722627081548,0.45289885997772217,0.38530856370925903,0.38525879414574815,0.46643614768981934,0.4664094020508256,0.4528530373033868,canonical_letterbox_valid,3d99874f14ae5f316eec36e21141043d75bd4fd17ccfb31e3174198dee269596,0.4651406748129568,fixed_shrink,0,0,P2-IMA-M-v2,2,58a4a5c0d8311352d32caff0,Shrink-D0-0.333333,17,ISIC_0014077_A03_T1_S1_58a4a5c0d8311352d32caff0.png,S1,0.688816487789154,0.6889472719548576,val,M,0.0,T1,2154517
0.3333333333333333,0.3333333333333333,A00,0.10849081724882126,0.1079956816632138,0.33777991710878846,0.1681687838793559,0.5129311418568582,0,0.007840013416065739,0.008111213235294118,6e0811712543811a10b6cde1ec29db65b7bb4f25142c6991f2738d3d5c073f0a,5147.6254720016295,0.9310690509290016,0.9350352395544839,0.931983569600426,490359,46666,1703,65777,1883,45492,-0.0009145186714244469,0.014402851462364197,0.014369044351827356,-0.003966188625482259,ISIC_0014151,0,198.12369873389704,0.03848836707555913,ISIC_0014151,0.8710282471830274,0.872630366980165,0.0,1.2849957054903616,0.10772356390953064,0.10059043765068054,0.10015917133102367,0.12212641537189484,0.12170588506009988,0.10733684070827253,canonical_letterbox_valid,3d99874f14ae5f316eec36e21141043d75bd4fd17ccfb31e3174198dee269596,0.7070630116614969,fixed_shrink,0,0,P2-IMA-M-v2,2,5841e7729fc3c156c3ef40cb,Shrink-D0-0.333333,17,ISIC_0014151_A00_T2_S1_5841e7729fc3c156c3ef40cb.png,S1,0.8930436968803406,0.8933220002466687,val,M,0.8710282471830274,T2,3755940
0.3333333333333333,0.3333333333333333,A03,0.12626972794532776,0.1257414206726026,0.23274677889533468,0.11620406645796758,0.4867238544886998,0,0.007840013416065739,0.008111213235294118,6e0811712543811a10b6cde1ec29db65b7bb4f25142c6991f2738d3d5c073f0a,5147.6254720016295,0.9230228572373337,0.9284715873366317,0.9227016947839607,510059,42917,3346,109170,240,49241,0.00032116245337299176,0.011936977505683899,0.012022656211468377,-0.005448730099298027,ISIC_0014151,0,228.9792548049037,0.04448250092209335,ISIC_0014151,0.8570496258347615,0.8564960051607283,0.0,1.2849957054903616,0.11980213224887848,0.115473173558712,0.11511765411799962,0.13173910975456238,0.13140042040651667,0.1193777641950483,canonical_letterbox_valid,3d99874f14ae5f316eec36e21141043d75bd4fd17ccfb31e3174198dee269596,0.7070630116614969,fixed_shrink,0,0,P2-IMA-M-v2,2,58473f719fc3c10f04859b7a,Shrink-D0-0.333333,17,ISIC_0014151_A03_T1_S1_58473f719fc3c10f04859b7a.png,S1,0.8866654634475708,0.886985892282506,val,M,0.8570496258347615,T1,3712547
0.3333333333333333,0.3333333333333333,A00,0.04222767800092697,0.04171819211876161,0.5623023000047256,0.2843408248358093,0.7595733053288739,0,0.0003788007819050813,0.00045955882352941176,6e0811712543811a10b6cde1ec29db65b7bb4f25142c6991f2738d3d5c073f0a,5147.6254720016295,0.8099088020305567,0.8009345217839495,0.8166657242410712,40715,3606,0,55896,0,1020,-0.006756922210514493,-0.004300795495510101,-0.004147701458417891,0.00897428024660718,ISIC_0014158,0,163.22377260588905,0.031708556400164886,ISIC_0014158,0.6805434771826216,0.6901394990162897,0.0,0.4276448737218893,0.11789891123771667,0.12388850748538971,0.12310553148406708,0.11359811574220657,0.11339318112834182,0.11754088258675971,canonical_letterbox_valid,3d99874f14ae5f316eec36e21141043d75bd4fd17ccfb31e3174198dee269596,0.5794450346889204,fixed_shrink,0,0,P2-IMA-M-v2,2,5841e7779fc3c156c3ef40e0,Shrink-D0-0.333333,17,ISIC_0014158_A00_T2_S1_5841e7779fc3c156c3ef40e0.png,S1,0.8064298629760742,0.8066364269452422,val,M,0.6805434771826216,T2,205812
0.3333333333333333,0.3333333333333333,A03,0.002313367323949933,0.0021335691001747605,0.9916805324459235,0.9476626587256995,1.0,0,0.0003788007819050813,0.00045955882352941176,6e0811712543811a10b6cde1ec29db65b7bb4f25142c6991f2738d3d5c073f0a,5147.6254720016295,0.9808941176470588,0.9783663790340906,0.9780543016576837,3578,1523,0,6369,0,3103,0.002839815989375105,0.0018306467682123184,0.0018344210247885004,0.002527738612968178,ISIC_0014158,0,14.0,0.0027197005835306364,ISIC_0014158,0.9625046176579239,0.9570511459113451,0.0,0.4276448737218893,0.015376236289739609,0.0160374753177166,0.016043416459208065,0.017206883057951927,0.017480031181134774,0.015645610156346274,canonical_letterbox_valid,3d99874f14ae5f316eec36e21141043d75bd4fd17ccfb31e3174198dee269596,0.5794450346889204,fixed_shrink,0,0,P2-IMA-M-v2,2,58471d6f9fc3c10f04859a63,Shrink-D0-0.333333,17,ISIC_0014158_A03_T3_S1_58471d6f9fc3c10f04859a63.png,S1,0.9715608954429626,0.9708423487874822,val,M,0.9625046176579239,T3,255339
0.3333333333333333,0.3333333333333333,A00,0.005390028469264507,0.005142298966657189,0.9221038263895975,0.612878147822125,0.9626677852348993,0,0.0005706577278634915,0.0008042279411764705,6e0811712543811a10b6cde1ec29db65b7bb4f25142c6991f2738d3d5c073f0a,5147.6254720016295,0.9564936561117763,0.9600870017494917,0.9480566695191592,8599,1069,38,14437,3,5859,0.008436986592617046,0.004326837137341499,0.004344027072279613,-0.003593345637715406,ISIC_0014225,0,29.919825006026567,0.005812354680573213,ISIC_0014225,0.9166150850101896,0.9012431012664958,0.0,0.4929456631060797,0.0291305985301733,0.0284266360104084,0.02876406182646223,0.0334574356675148,0.03425766254345526,0.029913635471175648,canonical_letterbox_valid,3d99874f14ae5f316eec36e21141043d75bd4fd17ccfb31e3174198dee269596,0.7372886883727068,fixed_shrink,0,0,P2-IMA-M-v2,2,5841e7b09fc3c156c3ef41a9,Shrink-D0-0.333333,17,ISIC_0014225_A00_T2_S1_5841e7b09fc3c156c3ef41a9.png,S1,0.9471288323402405,0.9453150280243059,val,M,0.9166150850101896,T2,253225
0.3333333333333333,0.3333333333333333,A03,0.006493115331977606,0.006607820475009971,0.8869220915337137,0.6418869678114172,0.994741270509045,0,0.0005706577278634915,0.0008042279411764705,6e0811712543811a10b6cde1ec29db65b7bb4f25142c6991f2738d3d5c073f0a,5147.6254720016295,0.9475815604768779,0.9461833338182665,0.9513982552300054,22103,4347,20,6762,21,2581,-0.003816694753127514,-0.000253479927778244,-0.000943865782653347,0.0013982266586114456,ISIC_0014225,0,36.235341863986875,0.007039234315136944,ISIC_0014225,0.9003847945749142,0.9073018044984179,0.0,0.4929456631060797,0.03252093121409416,0.032914772629737854,0.034714823237093045,0.03226745128631592,0.03313069398186811,0.03407455976452146,canonical_letterbox_valid,3d99874f14ae5f316eec36e21141043d75bd4fd17ccfb31e3174198dee269596,0.7372886883727068,fixed_shrink,0,0,P2-IMA-M-v2,2,58471ffd9fc3c10f04859a7c,Shrink-D0-0.333333,17,ISIC_0014225_A03_T3_S1_58471ffd9fc3c10f04859a7c.png,S1,0.9414512515068054,0.9384587009459671,val,M,0.9003847945749142,T3,260900
0.3333333333333333,0.3333333333333333,A00,0.05244569107890129,0.05353910344984593,0.6796021331433487,0.41716853962202843,0.9474310459603917,0,0.004779361179157627,0.0050484283625731,6e0811712543811a10b6cde1ec29db65b7bb4f25142c6991f2738d3d5c073f0a,7917.522655477533,0.9829526172341291,0.9736798822848431,0.9823988532881522,66754,37916,1591,419802,22617,76332,0.0005537639459768373,0.006616152822971344,0.0065284963087345466,0.009272734949285932,ISIC_0011454,0,80.0,0.010104170645429612,ISIC_0014699,0.966476718676547,0.9654065902564635,0.0,0.6675172800783027,0.04614274948835373,0.057098980993032455,0.0580731528194053,0.05275890231132507,0.05343978428847875,0.046911287979744205,canonical_letterbox_valid,3d99874f14ae5f316eec36e21141043d75bd4fd17ccfb31e3174198dee269596,0.692429180140923,fixed_shrink,0,0,P2-IMA-M-v2,2,5841e9169fc3c156c3ef4737,Shrink-D0-0.333333,17,ISIC_0014699_A00_T2_S1_5841e9169fc3c156c3ef4737.png,S1,0.9601601958274841,0.9597165274903575,val,M,0.966476718676547,T2,14027417
0.3333333333333333,0.3333333333333333,A09,0.1444263458251953,0.14491936250973253,0.1295080027793495,0.06953847886194524,0.3391124074468899,0,0.004779361179157627,0.0050484283625731,6e0811712543811a10b6cde1ec29db65b7bb4f25142c6991f2738d3d5c073f0a,7917.522655477533,0.93957858850525,0.9495235282837218,0.938472024483731,1700163,47612,22212,139950,1996,66636,0.0011065640215189854,0.0007803440093994141,0.0007962954498538927,-0.009944939778471773,ISIC_0011454,0,275.0,0.034733086593664295,ISIC_0014699,0.8860426414634892,0.8840765821808039,0.0,0.6675172800783027,0.1060616672039032,0.08802437782287598,0.08830671486116069,0.10684201121330261,0.10717321334674394,0.10637691789689005,canonical_letterbox_valid,3d99874f14ae5f316eec36e21141043d75bd4fd17ccfb31e3174198dee269596,0.692429180140923,fixed_shrink,0,0,P2-IMA-M-v2,2,584715959fc3c10f048598ac,Shrink-D0-0.333333,17,ISIC_0014699_A09_T1_S1_584715959fc3c10f048598ac.png,S1,0.9323030114173889,0.9321655267159524,val,M,0.8860426414634892,T1,14307269
0.3333333333333333,0.3333333333333333,A00,0.022653231397271156,0.023918878252694085,0.6061873296194537,0.23724799252148066,0.9062719649490197,0,0.0028628998999532832,0.0030790441176470587,6e0811712543811a10b6cde1ec29db65b7bb4f25142c6991f2738d3d5c073f0a,7978.809748327128,0.9480299576910398,0.9076894595336403,0.9591955472457507,2577,0,8040,297901,76027,0,-0.01116558955471092,-0.007382869720458984,-0.007922329383915655,0.040340498157399485,ISIC_0011571,0,171.0,0.021431768069899475,ISIC_0014768,0.9011948245315207,0.9215905492212881,0.0,0.5055694567181842,0.03944096341729164,0.075215645134449,0.07795029184201066,0.03205809369683266,0.033533193421814,0.04145552280572966,canonical_letterbox_valid,3d99874f14ae5f316eec36e21141043d75bd4fd17ccfb31e3174198dee269596,0.4709962306448278,fixed_shrink,0,0,P2-IMA-M-v2,2,5841e9659fc3c156c3ef4806,Shrink-D0-0.333333,17,ISIC_0014768_A00_T2_S2_5841e9659fc3c156c3ef4806.png,S2,0.9437713027000427,0.9410078326412348,val,M,0.9011948245315207,T2,2740638
0.3333333333333333,0.3333333333333333,A03,0.04392111673951149,0.04508868421023568,0.35269108420443046,0.17686097703149606,0.6894218567501552,0,0.0028628998999532832,0.0030790441176470587,6e0811712543811a10b6cde1ec29db65b7bb4f25142c6991f2738d3d5c073f0a,7978.809748327128,0.9306370550137251,0.962011383319793,0.9173365476020354,448668,0,81932,3719,2135,0,0.013300507411689644,0.013362735509872437,0.013441587715949138,-0.0313743283060679,ISIC_0011571,0,179.35244594873276,0.022478596633581416,ISIC_0014768,0.8702723985126205,0.8472961247285565,0.0,0.5055694567181842,0.05847710371017456,0.03542345017194748,0.036578497974928105,0.071839839220047,0.07313762119213653,0.05969603347618739,canonical_letterbox_valid,3d99874f14ae5f316eec36e21141043d75bd4fd17ccfb31e3174198dee269596,0.4709962306448278,fixed_shrink,0,0,P2-IMA-M-v2,2,58a4b8b2d8311352d32cb0f8,Shrink-D0-0.333333,17,ISIC_0014768_A03_T3_S1_58a4b8b2d8311352d32cb0f8.png,S1,0.9269669055938721,0.9256966172578609,val,M,0.8702723985126205,T3,3034820
0.3333333333333333,0.3333333333333333,A00,0.02378848008811474,0.023959548175824266,0.8599875949799468,0.5912511309586275,0.983453886976947,0,0.005908758425762606,0.0055147058823529415,6e0811712543811a10b6cde1ec29db65b7bb4f25142c6991f2738d3d5c073f0a,8023.191696575622,0.9825276553957522,0.9789339278036514,0.9820661236947397,163761,82891,0,79073,0,92450,0.0004615317010124853,0.00973539799451828,0.009788158340087644,0.0035937275921007483,ISIC_0011607,0,57.682750180370874,0.007189501679860204,ISIC_0014780,0.9656553916243418,0.9647641625399992,0.0,0.7307804162369448,0.0315634161233902,0.029299510642886162,0.03009875312794289,0.04129881411790848,0.04156066902024923,0.031772510680161584,canonical_letterbox_valid,3d99874f14ae5f316eec36e21141043d75bd4fd17ccfb31e3174198dee269596,0.6869258259409249,fixed_shrink,0,0,P2-IMA-M-v2,2,5841e9739fc3c156c3ef482a,Shrink-D0-0.333333,17,ISIC_0014780_A00_T2_S2_5841e9739fc3c156c3ef482a.png,S2,0.9606616497039795,0.9604145268155011,val,M,0.9656553916243418,T2,6827679
0.3333333333333333,0.3333333333333333,A03,0.04073056951165199,0.04112783051136432,0.5045871709235331,0.25547765935089684,0.8671094479316269,0,0.005908758425762606,0.0055147058823529415,6e0811712543811a10b6cde1ec29db65b7bb4f25142c6991f2738d3d5c073f0a,8023.191696575622,0.9605722260990928,0.9596086726647246,0.9506846148899918,58150,17093,0,470238,0,158248,0.009887611209100977,0.013462517410516739,0.013533588484425624,0.0009635534343681584,ISIC_0011607,0,119.9208072020865,0.014946770778675261,ISIC_0014780,0.9241356159785162,0.906004646820578,0.0,0.7307804162369448,0.047589465975761414,0.045867111533880234,0.046142628720935,0.06105198338627815,0.061568231367670534,0.04803464288324491,canonical_letterbox_valid,3d99874f14ae5f316eec36e21141043d75bd4fd17ccfb31e3174198dee269596,0.6869258259409249,fixed_shrink,0,0,P2-IMA-M-v2,2,58a4ba3cd8311352d32cb101,Shrink-D0-0.333333,17,ISIC_0014780_A03_T3_S1_58a4ba3cd8311352d32cb101.png,S1,0.9455516338348389,0.9450585447448745,val,M,0.9241356159785162,T3,6436514
0.3333333333333333,0.3333333333333333,A00,0.03151794895529747,0.031031239084316167,0.7214549389432153,0.36426172540799523,0.9595250250526131,0,0.004084141173086689,0.004296875,6e0811712543811a10b6cde1ec29db65b7bb4f25142c6991f2738d3d5c073f0a,7979.363884420863,0.9779482423878996,0.9495530725379824,0.9816339559523357,19913,0,28181,347385,91774,0,-0.003685713564436144,-0.0041680969297885895,-0.003991594422776058,0.02839516984991719,ISIC_0011834,0,75.96051605933177,0.009519620506045505,ISIC_0014800,0.9568480608778137,0.9639303683483682,0.0,0.38322448068423265,0.03328000009059906,0.06948472559452057,0.06853054809905909,0.02911190316081047,0.028954562313592586,0.032946156736368644,canonical_letterbox_valid,3d99874f14ae5f316eec36e21141043d75bd4fd17ccfb31e3174198dee269596,0.6384879644277051,fixed_shrink,0,0,P2-IMA-M-v2,2,5841e9899fc3c156c3ef4866,Shrink-D0-0.333333,17,ISIC_0014800_A00_T2_S2_5841e9899fc3c156c3ef4866.png,S2,0.9649579524993896,0.9651389256115789,val,M,0.9568480608778137,T2,8144440
0.3333333333333333,0.3333333333333333,A03,0.03741199150681496,0.037145058835910405,0.6259736841483411,0.27379824024528276,0.9347024198855722,0,0.004084141173086689,0.004296875,6e0811712543811a10b6cde1ec29db65b7bb4f25142c6991f2738d3d5c073f0a,7979.363884420863,0.9722066148780408,0.9419413896241856,0.9778306832400467,4151,0,12158,455342,107797,0,-0.005624068362005907,-0.005636956542730331,-0.005482014961877266,0.03026522525385522,ISIC_0011834,0,95.88404452723762,0.012016502307213281,ISIC_0014800,0.9459163961856766,0.9566230048261964,0.0,0.38322448068423265,0.038171350955963135,0.07845315337181091,0.07791383627358124,0.0325343944132328,0.03255051576915689,0.03803253073103416,canonical_letterbox_valid,3d99874f14ae5f316eec36e21141043d75bd4fd17ccfb31e3174198dee269596,0.6384879644277051,fixed_shrink,0,0,P2-IMA-M-v2,2,58a4bb7cd8311352d32cb119,Shrink-D0-0.333333,17,ISIC_0014800_A03_T3_S1_58a4bb7cd8311352d32cb119.png,S1,0.9610692858695984,0.9610799973738421,val,M,0.9459163961856766,T3,8036483
0.3333333333333333,0.3333333333333333,A00,0.03265945613384247,0.03314658962160952,0.5020670405582119,0.21838276863631514,0.9342793625635942,0,0.0013829402050566512,0.0012408088235294117,6e0811712543811a10b6cde1ec29db65b7bb4f25142c6991f2738d3d5c073f0a,7994.080372375549,0.9619384446727381,0.9379839735876294,0.9639583608657984,8038,0,5354,387204,31438,3924,-0.0020199161930603005,0.0020296424627304077,0.001989724235554609,0.02395447108510873,ISIC_0014815,0,85.91507374779283,0.01074733674741151,ISIC_0014815,0.9266680186123212,0.93042434247272,0.0,0.551576330260962,0.042356185615062714,0.06631249189376831,0.06695044891710086,0.04438582807779312,0.0449197652066488,0.042930040971094194,canonical_letterbox_valid,3d99874f14ae5f316eec36e21141043d75bd4fd17ccfb31e3174198dee269596,0.6911113045842922,fixed_shrink,0,0,P2-IMA-M-v2,2,5841e99a9fc3c156c3ef4893,Shrink-D0-0.333333,17,ISIC_0014815_A00_T2_S2_5841e99a9fc3c156c3ef4893.png,S2,0.947947084903717,0.9472865076794211,val,M,0.9266680186123212,T2,4994521
0.3333333333333333,0.3333333333333333,A03,0.09359119832515717,0.09373308808363981,0.08428059029234136,0.01777943890303441,0.40958874391965866,0,0.0013829402050566512,0.0012408088235294117,6e0811712543811a10b6cde1ec29db65b7bb4f25142c6991f2738d3d5c073f0a,7994.080372375549,0.9131206275433886,0.9377043606127332,0.9100874588542519,1024029,3924,36757,55,35,0,0.0030331686891367227,0.0024666786193847656,0.00251948539522083,-0.024583733069344582,ISIC_0014815,0,258.0949437706985,0.032285757929401714,ISIC_0014815,0.8401306075756265,0.8350096218707065,0.0,0.551576330260962,0.09178914874792099,0.06714458018541336,0.0673492845474704,0.09425582736730576,0.0944675347705366,0.09194804937531577,canonical_letterbox_valid,3d99874f14ae5f316eec36e21141043d75bd4fd17ccfb31e3174198dee269596,0.6911113045842922,fixed_shrink,0,0,P2-IMA-M-v2,2,58a4bbb4d8311352d32cb122,Shrink-D0-0.333333,17,ISIC_0014815_A03_T3_S1_58a4bbb4d8311352d32cb122.png,S1,0.9100129008293152,0.9098369893330083,val,M,0.8401306075756265,T3,5381670
0.3333333333333333,0.3333333333333333,A00,0.010199617594480515,0.011175581311903132,0.9459593415233282,0.6382601498581395,1.0,0,0.0012786633074820335,0.0012335526315789473,6e0811712543811a10b6cde1ec29db65b7bb4f25142c6991f2738d3d5c073f0a,8021.52759765869,0.9808659435517002,0.9798427788329627,0.9779712647521995,32573,7651,272,105195,536,29559,0.0028946787995006718,0.003385748714208603,0.0033764460182696687,0.0010231647187375348,ISIC_0011630,0,41.667728893278955,0.00519448800568122,ISIC_0014867,0.9624503639590216,0.956892141114879,0.0,0.46155387869516945,0.01978234015405178,0.0191032774746418,0.02072424323100801,0.023168088868260384,0.024550400377875745,0.021173954359606076,canonical_letterbox_valid,3d99874f14ae5f316eec36e21141043d75bd4fd17ccfb31e3174198dee269596,0.5732013323460728,fixed_shrink,0,0,P2-IMA-M-v2,2,5841e9d59fc3c156c3ef492f,Shrink-D0-0.333333,17,ISIC_0014867_A00_T2_S2_5841e9d59fc3c156c3ef492f.png,S2,0.970634937286377,0.968827672592691,val,M,0.9624503639590216,T2,3531189
0.3333333333333333,0.3333333333333333,A03,0.049305155873298645,0.04978941766292536,0.10821722827522198,0.013217820118295032,0.6685234802658778,0,0.0012786633074820335,0.0012335526315789473,6e0811712543811a10b6cde1ec29db65b7bb4f25142c6991f2738d3d5c073f0a,8021.52759765869,0.9292761611147683,0.9308962900854438,0.934233315536165,553504,37210,808,0,0,0,-0.004957154421396659,-0.0045633986592292786,-0.004546476016565298,-0.0016201289706755384,ISIC_0011630,0,124.90796611905904,0.015571593390206246,ISIC_0014867,0.867895275482304,0.8765833358791452,0.0,0.46155387869516945,0.060394592583179474,0.05951151251792908,0.060221637795659394,0.055831193923950195,0.0564565207020226,0.0610029967185879,canonical_letterbox_valid,3d99874f14ae5f316eec36e21141043d75bd4fd17ccfb31e3174198dee269596,0.5732013323460728,fixed_shrink,0,0,P2-IMA-M-v2,2,58a4be7bd8311352d32cb143,Shrink-D0-0.333333,17,ISIC_0014867_A03_T3_S1_58a4be7bd8311352d32cb143.png,S1,0.9285159707069397,0.9277834242257496,val,M,0.867895275482304,T3,3636384
0.3333333333333333,0.3333333333333333,A00,0.028767630457878113,0.029368777399149944,0.6938528931923145,0.4227670279374621,0.9749266435819057,0,0.005352931171942987,0.005322551169590644,6e0811712543811a10b6cde1ec29db65b7bb4f25142c6991f2738d3d5c073f0a,8038.1605482846635,0.9769934534012116,0.951358523296495,0.9803612528203409,25494,0,54194,303168,105440,0,-0.003367799419129347,-0.004215024411678314,-0.004608354590451835,0.025634930104716624,ISIC_0014969,0,73.24616030891995,0.009112303725328131,ISIC_0014969,0.9550217021087913,0.9614790096316361,0.0,0.2428811170728983,0.03536462038755417,0.056571729481220245,0.057845245206548816,0.031149595975875854,0.03135385311523073,0.035962207705682564,canonical_letterbox_valid,3d99874f14ae5f316eec36e21141043d75bd4fd17ccfb31e3174198dee269596,0.47195071488907536,fixed_shrink,0,0,P2-IMA-M-v2,2,5841ea4a9fc3c156c3ef4a61,Shrink-D0-0.333333,17,ISIC_0014969_A00_T2_S2_5841ea4a9fc3c156c3ef4a61.png,S2,0.9580383896827698,0.9574443619877848,val,M,0.9550217021087913,T2,6978462
0.3333333333333333,0.3333333333333333,A03,0.16760443150997162,0.16732785859406812,0.0,0.0,0.06288443497271673,0,0.005352931171942987,0.005322551169590644,6e0811712543811a10b6cde1ec29db65b7bb4f25142c6991f2738d3d5c073f0a,8038.1605482846635,0.8841711539742337,0.9129091625200922,0.8732509605367468,1907827,0,159634,0,0,0,0.010920193437486958,0.018459230661392212,0.01838785373548893,-0.028738008545858507,ISIC_0014969,0,287.08883642524313,0.03571573803492985,ISIC_0014969,0.7923895829753597,0.7750181539562131,0.0,0.2428811170728983,0.14036408066749573,0.10238569974899292,0.10235336211155642,0.15882331132888794,0.1585627341928902,0.14017488045740126,canonical_letterbox_valid,3d99874f14ae5f316eec36e21141043d75bd4fd17ccfb31e3174198dee269596,0.47195071488907536,fixed_shrink,0,0,P2-IMA-M-v2,2,58a4cd57d831137de4d030d0,Shrink-D0-0.333333,17,ISIC_0014969_A03_T1_S1_58a4cd57d831137de4d030d0.png,S1,0.8868762850761414,0.8869780976792656,val,M,0.7923895829753597,T1,7281630
0.3333333333333333,0.3333333333333333,A00,0.051687486469745636,0.051819039833616215,0.6950028545084447,0.38159857387166624,0.9323079467036519,0,0.010336407656695343,0.010317095588235294,6e0811712543811a10b6cde1ec29db65b7bb4f25142c6991f2738d3d5c073f0a,8054.8088121320425,0.9819002701849598,0.9783598639082922,0.9779211740863094,394194,6876,210731,146249,91565,0,0.0039790960986504365,0.004878100007772446,0.0050329086784777904,0.003540406276667629,ISIC_0014838,0,92.76313923105448,0.011516491749790003,ISIC_0015089,0.9644440926856384,0.9567962365447632,0.0,0.3556755205450851,0.044974181801080704,0.04609489440917969,0.04586911344925712,0.04985228180885315,0.05010110931031159,0.045068200631833796,canonical_letterbox_valid,3d99874f14ae5f316eec36e21141043d75bd4fd17ccfb31e3174198dee269596,0.4542555399224302,fixed_shrink,0,0,P2-IMA-M-v2,2,5841eadb9fc3c156c3ef4bc9,Shrink-D0-0.333333,17,ISIC_0015089_A00_T2_S2_5841eadb9fc3c156c3ef4bc9.png,S2,0.9617391228675842,0.9616826385699486,val,M,0.9644440926856384,T2,14659366
0.3333333333333333,0.3333333333333333,A03,0.23587116599082947,0.23622818876690643,0.26238121201688785,0.13764774017938136,0.3848571363660459,0,0.010336407656695343,0.010317095588235294,6e0811712543811a10b6cde1ec29db65b7bb4f25142c6991f2738d3d5c073f0a,8054.8088121320425,0.9265355668882146,0.9384014328703605,0.9180526392129104,2293586,5462,276192,46842,26104,1414,0.00848292767530423,0.014068379998207092,0.014081181087178846,-0.011865865982145896,ISIC_0014838,0,462.0,0.05735704108881417,ISIC_0015089,0.8631264700613789,0.8485187657790024,0.0,0.3556755205450851,0.15852560102939606,0.13435429334640503,0.13453349974317758,0.17259398102760315,0.17281052494750362,0.15872934386032478,canonical_letterbox_valid,3d99874f14ae5f316eec36e21141043d75bd4fd17ccfb31e3174198dee269596,0.4542555399224302,fixed_shrink,0,0,P2-IMA-M-v2,2,58a4d324d831137de4d03148,Shrink-D0-0.333333,17,ISIC_0015089_A03_T1_S1_58a4d324d831137de4d03148.png,S1,0.9188199639320374,0.9187695010462569,val,M,0.8631264700613789,T1,14758773
0.3333333333333333,0.3333333333333333,A00,0.07806804031133652,0.07844199717348185,0.312437199021306,0.08771636129951164,0.7954568664150102,0,0.005171175053688843,0.005293084319526627,6e0811712543811a10b6cde1ec29db65b7bb4f25142c6991f2738d3d5c073f0a,8011.856526423822,0.9483322146574006,0.9191068901576087,0.9531358227129809,2765,131,526,1000176,125190,26927,-0.004803608055580333,-0.004033327102661133,-0.004051574382554754,0.02922532449979187,ISIC_0015132,0,242.5077318355025,0.030268606412969357,ISIC_0015132,0.9017412417443826,0.9104675118247545,0.0,0.7274575202049354,0.07868017256259918,0.11021813750267029,0.11041937967172477,0.07464684545993805,0.07488013600027582,0.07893171038283057,canonical_letterbox_valid,3d99874f14ae5f316eec36e21141043d75bd4fd17ccfb31e3174198dee269596,0.5288459509956863,fixed_shrink,0,0,P2-IMA-M-v2,2,5841eb109fc3c156c3ef4c4a,Shrink-D0-0.333333,17,ISIC_0015132_A00_T2_S2_5841eb109fc3c156c3ef4c4a.png,S2,0.9207077026367188,0.9205785764078207,val,M,0.9017412417443826,T2,9204200
0.3333333333333333,0.3333333333333333,A03,0.3866586983203888,0.38609143643283955,0.0,0.0,0.028852194710156775,0,0.005171175053688843,0.005293084319526627,6e0811712543811a10b6cde1ec29db65b7bb4f25142c6991f2738d3d5c073f0a,8011.856526423822,0.8219600229131843,0.8507329712283592,0.8172604795292008,4420621,27058,125716,0,0,0,0.004699543383983484,0.009163856506347656,0.009164717315125637,-0.028772948315174962,ISIC_0015132,0,807.305765710189,0.1007638820100712,ISIC_0015132,0.6977352542362915,0.6909894066986817,0.0,0.7274575202049354,0.2776678204536438,0.2143949419260025,0.21411143343636366,0.28683167695999146,0.28648780213722874,0.2773230848221031,canonical_letterbox_valid,3d99874f14ae5f316eec36e21141043d75bd4fd17ccfb31e3174198dee269596,0.5288459509956863,fixed_shrink,0,0,P2-IMA-M-v2,2,58a4d530d831137de4d03163,Shrink-D0-0.333333,17,ISIC_0015132_A03_T1_S1_58a4d530d831137de4d03163.png,S1,0.8313230276107788,0.8314452667886334,val,M,0.6977352542362915,T1,10204376
0.3333333333333333,0.3333333333333333,A00,0.01828731596469879,0.018676194315437572,0.8608284351849309,0.5633808137258011,1.0,0,0.0014820075545419107,0.001171875,6e0811712543811a10b6cde1ec29db65b7bb4f25142c6991f2738d3d5c073f0a,7996.019509731076,0.9853417900500775,0.9864266053837599,0.9833232003231787,16082,6524,0,200916,0,37135,0.002018589726898834,0.003861609846353531,0.003785865738072512,-0.0010848153336824318,ISIC_0015146,0,52.0,0.00650323575833157,ISIC_0015146,0.9711070983190567,0.9671935079424996,0.0,0.4372777930389534,0.021122820675373077,0.01810111664235592,0.018482108293712524,0.02498443052172661,0.025294921633428537,0.021509055895356025,canonical_letterbox_valid,3d99874f14ae5f316eec36e21141043d75bd4fd17ccfb31e3174198dee269596,0.6706899123569107,fixed_shrink,0,0,P2-IMA-M-v2,2,5841eb219fc3c156c3ef4c74,Shrink-D0-0.333333,17,ISIC_0015146_A00_T2_S2_5841eb219fc3c156c3ef4c74.png,S2,0.9760416746139526,0.9756580825247255,val,M,0.9711070983190567,T2,7293428
0.3333333333333333,0.3333333333333333,A03,0.019563989713788033,0.019194434137812508,0.8967606405739872,0.6189993506052232,0.9950746936947938,0,0.0014820075545419107,0.001171875,6e0811712543811a10b6cde1ec29db65b7bb4f25142c6991f2738d3d5c073f0a,7996.019509731076,0.9849324285926134,0.9862347692311841,0.983631047378001,52219,11797,0,171822,0,31862,0.0013013812146124293,0.003347676247358322,0.003414395513010475,-0.0013023406385707093,ISIC_0015146,0,54.644304369257,0.006833938349294349,ISIC_0015146,0.9703121805250947,0.9677893493700868,0.0,0.4372777930389534,0.022102393209934235,0.01875045709311962,0.018432031328662377,0.025450069457292557,0.02528101786855473,0.021866622355544256,canonical_letterbox_valid,3d99874f14ae5f316eec36e21141043d75bd4fd17ccfb31e3174198dee269596,0.6706899123569107,fixed_shrink,0,0,P2-IMA-M-v2,2,58a4d5cdd831137de4d03175,Shrink-D0-0.333333,17,ISIC_0015146_A03_T3_S1_58a4d5cdd831137de4d03175.png,S1,0.9753592014312744,0.975461189426724,val,M,0.9703121805250947,T3,7322522
0.3333333333333333,0.3333333333333333,A00,0.13052554428577423,0.13166145422437228,0.0,0.0,0.0495289984022293,0,0.005550755376725229,0.005299707602339181,6e0811712543811a10b6cde1ec29db65b7bb4f25142c6991f2738d3d5c073f0a,7933.5995613592695,0.8495369516892831,0.8169834281221852,0.8618508691009238,0,0,0,1656838,159293,1962,-0.012313917411640674,-0.013259053230285645,-0.013399364127828356,0.03255352356709795,ISIC_0015152,0,367.6751278573382,0.04634404913100305,ISIC_0015152,0.7384304545345469,0.7572389642999667,0.0,0.6318077667380779,0.145147442817688,0.19557523727416992,0.19694074163091985,0.13188838958740234,0.13284020392102888,0.14623956804885724,canonical_letterbox_valid,3d99874f14ae5f316eec36e21141043d75bd4fd17ccfb31e3174198dee269596,0.4640613467236375,fixed_shrink,0,0,P2-IMA-M-v2,2,5841eb279fc3c156c3ef4c86,Shrink-D0-0.333333,17,ISIC_0015152_A00_T2_S2_5841eb279fc3c156c3ef4c86.png,S2,0.8402306437492371,0.8391823181266578,val,M,0.7384304545345469,T2,4677378
0.3333333333333333,0.3333333333333333,A03,0.294282466173172,0.29389046269114033,0.14499300399041967,0.0793912291319281,0.2786517832692908,0,0.005550755376725229,0.005299707602339181,6e0811712543811a10b6cde1ec29db65b7bb4f25142c6991f2738d3d5c073f0a,7933.5995613592695,0.831767837560379,0.8555578672322793,0.8225345145737898,2458269,1962,136160,74068,23133,0,0.009233322986589187,-0.0015851408243179321,-0.0015563796390697382,-0.02379002967190036,ISIC_0015152,0,570.6356105256664,0.07192644475087409,ISIC_0015152,0.7119884765228488,0.6985635882788147,0.0,0.6318077667380779,0.23572085797786713,0.22221797704696655,0.2219556141770861,0.2341357171535492,0.2338812112702466,0.23543759090931635,canonical_letterbox_valid,3d99874f14ae5f316eec36e21141043d75bd4fd17ccfb31e3174198dee269596,0.4640613467236375,fixed_shrink,0,0,P2-IMA-M-v2,2,58a4d624d831137de4d0317e,Shrink-D0-0.333333,17,ISIC_0015152_A03_T1_S1_58a4d624d831137de4d0317e.png,S1,0.8228407502174377,0.8230152808725076,val,M,0.7119884765228488,T1,6260148
0.3333333333333333,0.3333333333333333,A00,0.14954523742198944,0.15061268485501467,0.2453767809210796,0.07683155768078538,0.3984849693464127,0,0.004935907599024282,0.004733455882352941,6e0811712543811a10b6cde1ec29db65b7bb4f25142c6991f2738d3d5c073f0a,7923.075476101436,0.9242921651571381,0.9424254677349135,0.9184017666986521,1796631,6481,135999,395,294,0,0.005890398458485935,0.00561358779668808,0.005551872140954733,-0.018133302577775456,ISIC_0011732,0,338.98746235347534,0.04278483315929167,ISIC_0015160,0.8592408972201615,0.8491154464032609,0.0,0.5247709401877628,0.11395012587308884,0.08603228628635406,0.08682303963397162,0.11956371366977692,0.12024194541015051,0.11469007326919578,canonical_letterbox_valid,3d99874f14ae5f316eec36e21141043d75bd4fd17ccfb31e3174198dee269596,0.6198885818547459,fixed_shrink,0,0,P2-IMA-M-v2,2,5841eb319fc3c156c3ef4c9e,Shrink-D0-0.333333,17,ISIC_0015160_A00_T2_S2_5841eb319fc3c156c3ef4c9e.png,S2,0.9216449856758118,0.9212325383166231,val,M,0.8592408972201615,T2,10969651
0.3333333333333333,0.3333333333333333,A03,0.06561321765184402,0.06521596870001034,0.4930848156869141,0.2870251416381934,0.7471927007080192,0,0.004935907599024282,0.004733455882352941,6e0811712543811a10b6cde1ec29db65b7bb4f25142c6991f2738d3d5c073f0a,7923.075476101436,0.9638434228756023,0.9511213882007036,0.9661768095033301,128124,529,38247,646415,98046,5952,-0.0023333866277277515,-0.00019029155373573303,-0.000144738428286377,0.012722034674898741,ISIC_0011732,0,207.70616247411272,0.0262153456824464,ISIC_0015160,0.9302102058267264,0.9345667792953638,0.0,0.5247709401877628,0.05787518993020058,0.07506269961595535,0.07487570643219335,0.057684898376464844,0.05749033252573677,0.05763507095402315,canonical_letterbox_valid,3d99874f14ae5f316eec36e21141043d75bd4fd17ccfb31e3174198dee269596,0.6198885818547459,fixed_shrink,0,0,P2-IMA-M-v2,2,58a4d679d831137de4d0318a,Shrink-D0-0.333333,17,ISIC_0015160_A03_T3_S1_58a4d679d831137de4d0318a.png,S1,0.9498628377914429,0.949945826791964,val,M,0.9302102058267264,T3,10323631
0.3333333333333333,0.3333333333333333,A00,0.08234945684671402,0.08200031119942786,0.5303216245130786,0.24588262279221754,0.8493566854859533,0,0.02266648300036688,0.02263327205882353,6e0811712543811a10b6cde1ec29db65b7bb4f25142c6991f2738d3d5c073f0a,7998.809161368959,0.9738096159225369,0.9741317339248139,0.9601048104685479,149103,90054,0,715392,4489,573194,0.013704805453989,0.02101515233516693,0.020662645250893147,-0.0003221180022769943,ISIC_0015167,0,122.0,0.015252270374096568,ISIC_0015167,0.9489560914157111,0.9232707489503288,0.0,0.6444698202534845,0.06888870894908905,0.06268516182899475,0.06309096632410686,0.08990386128425598,0.0892891036111387,0.06862645836024556,canonical_letterbox_valid,3d99874f14ae5f316eec36e21141043d75bd4fd17ccfb31e3174198dee269596,0.5387334802422282,fixed_shrink,0,0,P2-IMA-M-v2,2,5841eb399fc3c156c3ef4cb3,Shrink-D0-0.333333,17,ISIC_0015167_A00_T2_S2_5841eb399fc3c156c3ef4cb3.png,S2,0.9445720314979553,0.9447473944789367,val,M,0.9489560914157111,T2,16071806
0.3333333333333333,0.3333333333333333,A03,0.23934394121170044,0.23932662127019655,0.2078237129639756,0.10977093373653508,0.37686080686853457,0,0.02266648300036688,0.02263327205882353,6e0811712543811a10b6cde1ec29db65b7bb4f25142c6991f2738d3d5c073f0a,7998.809161368959,0.9203518015536168,0.899611295297633,0.9286008823430223,2577947,458311,4489,279278,0,204937,-0.00824908078940545,-0.02013416588306427,-0.020050286019607566,0.020740506255983893,ISIC_0015167,0,465.67719504975565,0.05821831545860473,ISIC_0015167,0.8524552746700321,0.8667179830927637,0.0,0.6444698202534845,0.1651236116886139,0.22157883644104004,0.22135901196951147,0.14498944580554962,0.14510521973135854,0.1651555057509661,canonical_letterbox_valid,3d99874f14ae5f316eec36e21141043d75bd4fd17ccfb31e3174198dee269596,0.5387334802422282,fixed_shrink,0,0,P2-IMA-M-v2,2,58a4d6d0d831137de4d03193,Shrink-D0-0.333333,17,ISIC_0015167_A03_T3_S1_58a4d6d0d831137de4d03193.png,S1,0.9090967178344727,0.9090156097682643,val,M,0.8524552746700321,T3,16507920
0.3333333333333333,0.3333333333333333,A00,0.049067579209804535,0.049458822683801994,0.6257477412901897,0.35461149072337617,0.9147623107952576,0,0.006821939404436699,0.006487573099415204,6e0811712543811a10b6cde1ec29db65b7bb4f25142c6991f2738d3d5c073f0a,7977.161462575519,0.9795703618957465,0.9791614509611912,0.9762752769219174,113397,51568,0,462060,0,149145,0.003295084973829132,0.005189534276723862,0.0052001233688957135,0.0004089109345553066,ISIC_0015176,0,96.38853517210595,0.012083061828986195,ISIC_0015176,0.9599587519974283,0.9536501902449942,0.0,0.4122715017149013,0.04317594692111015,0.041758857667446136,0.04208994035192054,0.048365481197834015,0.048654649990504596,0.04345452662160888,canonical_letterbox_valid,3d99874f14ae5f316eec36e21141043d75bd4fd17ccfb31e3174198dee269596,0.690374159800609,fixed_shrink,0,0,P2-IMA-M-v2,2,5841eb469fc3c156c3ef4cce,Shrink-D0-0.333333,17,ISIC_0015176_A00_T2_S2_5841eb469fc3c156c3ef4cce.png,S2,0.9627156853675842,0.9625497694405842,val,M,0.9599587519974283,T2,13796148
0.3333333333333333,0.3333333333333333,A03,0.23818746209144592,0.23624235601721477,0.19304834718037792,0.14914880967746574,0.20429589770889967,0,0.006821939404436699,0.006487573099415204,6e0811712543811a10b6cde1ec29db65b7bb4f25142c6991f2738d3d5c073f0a,7977.161462575519,0.9140777755973708,0.9136933394744824,0.9205306317707896,2666732,192954,0,11597,0,7759,-0.006452856173418842,-0.018284156918525696,-0.01798630856647329,0.00038443612288840967,ISIC_0015176,0,338.4154251803543,0.04242303816564507,ISIC_0015176,0.8417525261537117,0.8527621615431775,0.0,0.4122715017149013,0.16330908238887787,0.1714043915271759,0.16996254565691118,0.14502492547035217,0.1441828544365434,0.1621691630030167,canonical_letterbox_valid,3d99874f14ae5f316eec36e21141043d75bd4fd17ccfb31e3174198dee269596,0.690374159800609,fixed_shrink,0,0,P2-IMA-M-v2,2,58a4d735d831137de4d031a2,Shrink-D0-0.333333,17,ISIC_0015176_A03_T1_S1_58a4d735d831137de4d031a2.png,S1,0.9115692973136902,0.9119040300111814,val,M,0.8417525261537117,T1,14246611
0.3333333333333333,0.3333333333333333,A00,0.14284345507621765,0.14295309146527685,0.3859409543554885,0.33717945284924555,0.5109373420702612,0,0.012368434181382287,0.012335526315789474,6e0811712543811a10b6cde1ec29db65b7bb4f25142c6991f2738d3d5c073f0a,7960.7814314927655,0.9573535825930728,0.9708611949582042,0.9504460684520979,9975,9738,0,1993754,0,352222,0.006907514140974902,0.013457514345645905,0.013521881017411336,-0.013507612365131427,ISIC_0011559,0,366.7219655270188,0.04606607638745999,ISIC_0015216,0.9181958203760211,0.9055714431466727,0.0,0.28638519119333067,0.09947426617145538,0.08336661756038666,0.0832705378259187,0.11293178051710129,0.11306742185129492,0.09954554083388359,canonical_letterbox_valid,3d99874f14ae5f316eec36e21141043d75bd4fd17ccfb31e3174198dee269596,0.4428114768868005,fixed_shrink,0,0,P2-IMA-M-v2,2,5841eb759fc3c156c3ef4d46,Shrink-D0-0.333333,17,ISIC_0015216_A00_T2_S2_5841eb759fc3c156c3ef4d46.png,S2,0.9438949227333069,0.9438620097975097,val,M,0.9181958203760211,T2,22490484
0.3333333333333333,0.3333333333333333,A03,0.11844035238027573,0.11692387706287888,0.5459078360901906,0.4462515720156554,0.6876376290828236,0,0.012368434181382287,0.012335526315789474,6e0811712543811a10b6cde1ec29db65b7bb4f25142c6991f2738d3d5c073f0a,7960.7814314927655,0.970754606504556,0.9445980543723678,0.9750507787657219,1280917,284011,0,183286,0,77949,-0.004296172261165854,-0.007249325513839722,-0.0072356323319380245,0.02615655213218826,ISIC_0011559,0,260.3666606166018,0.03270616871687924,ISIC_0015216,0.9431711938080714,0.9513161809045848,0.0,0.28638519119333067,0.08248011767864227,0.12264813482761383,0.12176530029420811,0.07523079216480255,0.07435084018943383,0.08158647252137186,canonical_letterbox_valid,3d99874f14ae5f316eec36e21141043d75bd4fd17ccfb31e3174198dee269596,0.4428114768868005,fixed_shrink,0,0,P2-IMA-M-v2,2,58a4d867d831137de4d031cc,Shrink-D0-0.333333,17,ISIC_0015216_A03_T1_S1_58a4d867d831137de4d031cc.png,S1,0.9534801244735718,0.9537509320201352,val,M,0.9431711938080714,T1,24300952
0.3333333333333333,0.3333333333333333,A00,0.32365506887435913,0.32399130380113983,0.13260566175799737,0.06756304587456767,0.2674005718185511,0,0.02054168861327398,0.019970414201183433,6e0811712543811a10b6cde1ec29db65b7bb4f25142c6991f2738d3d5c073f0a,8043.754409478201,0.8058781402416506,0.8141611991948825,0.7923418199160202,477199,42221,100679,4240596,71335,397431,0.013536320325630458,0.01459568738937378,0.014576929906379321,-0.008283058953231892,ISIC_0011867,0,872.4945558388374,0.10846857218946795,ISIC_0015245,0.6748709385528991,0.6560977543007419,0.0,0.25958772271798036,0.3000659942626953,0.2853177785873413,0.2855816899707464,0.3146616816520691,0.3149045920906135,0.3003276621842342,canonical_letterbox_valid,3d99874f14ae5f316eec36e21141043d75bd4fd17ccfb31e3174198dee269596,0.469654243508581,fixed_shrink,0,0,P2-IMA-M-v2,2,5841eb969fc3c156c3ef4d9d,Shrink-D0-0.333333,17,ISIC_0015245_A00_T2_S2_5841eb969fc3c156c3ef4d9d.png,S2,0.7235230803489685,0.7233359794326715,val,M,0.6748709385528991,T2,9792735
0.3333333333333333,0.3333333333333333,A03,0.2791980504989624,0.27904355864807195,0.17616375855478145,0.1125217723991422,0.29307104601125583,0,0.02054168861327398,0.019970414201183433,6e0811712543811a10b6cde1ec29db65b7bb4f25142c6991f2738d3d5c073f0a,8043.754409478201,0.8871001524292579,0.8881573609666605,0.8895378083119407,1261359,203038,50500,1841828,121514,236614,-0.0024376558826828543,-0.003796115517616272,-0.003810443719615614,-0.001057208537402654,ISIC_0011867,0,650.9619981539123,0.08092763217470489,ISIC_0015245,0.7971069044223845,0.8010518637826992,0.0,0.25958772271798036,0.2512716054916382,0.24622167646884918,0.24610526294703985,0.2474754899740219,0.247364040118945,0.2511744838385606,canonical_letterbox_valid,3d99874f14ae5f316eec36e21141043d75bd4fd17ccfb31e3174198dee269596,0.469654243508581,fixed_shrink,0,0,P2-IMA-M-v2,2,58a4d966d831137de4d031ed,Shrink-D0-0.333333,17,ISIC_0015245_A03_T1_S1_58a4d966d831137de4d031ed.png,S1,0.776654839515686,0.7766945909709507,val,M,0.7971069044223845,T1,12191503
0.3333333333333333,0.3333333333333333,A00,0.011124414391815662,0.011295972354187537,0.9433666902464048,0.6796475763105696,1.0,0,0.0005975150993680516,0.0006893382352941177,6e0811712543811a10b6cde1ec29db65b7bb4f25142c6991f2738d3d5c073f0a,8010.427267006424,0.9833524129099938,0.9798907134307644,0.9834439981153795,30618,16,7666,106748,9340,664,-9.158520538576909e-05,0.0016716066747903824,0.0016265888147526074,0.003461699479229363,ISIC_0015309,0,42.0,0.005243166013502275,ISIC_0015309,0.9672500337355694,0.9674272704033485,0.0,0.4443265929848234,0.01851232908666134,0.019695553928613663,0.020164144270546483,0.02018393576145172,0.02052669113098439,0.018900102316231782,canonical_letterbox_valid,3d99874f14ae5f316eec36e21141043d75bd4fd17ccfb31e3174198dee269596,0.5039794857477582,fixed_shrink,0,0,P2-IMA-M-v2,2,5841ebe09fc3c156c3ef4e5d,Shrink-D0-0.333333,17,ISIC_0015309_A00_T2_S2_5841ebe09fc3c156c3ef4e5d.png,S2,0.9740997552871704,0.973495767721724,val,M,0.9672500337355694,T2,4057020
0.3333333333333333,0.3333333333333333,A03,0.019100740551948547,0.019060790171064212,0.844967022759428,0.5445909857659098,0.9579310032186409,0,0.0005975150993680516,0.0006893382352941177,6e0811712543811a10b6cde1ec29db65b7bb4f25142c6991f2738d3d5c073f0a,8010.427267006424,0.9752044167677076,0.9795137314485106,0.9737875732405001,189000,539,14506,21636,2500,141,0.0014168435272075008,0.002385556697845459,0.0023990186712439104,-0.004309314680802978,ISIC_0015309,0,90.35485598461214,0.011279655001271692,ISIC_0015309,0.9516087234605658,0.9489142285242606,0.0,0.4443265929848234,0.025634951889514923,0.02144322171807289,0.02181434417041829,0.028020508587360382,0.028296622490688803,0.025897603819444892,canonical_letterbox_valid,3d99874f14ae5f316eec36e21141043d75bd4fd17ccfb31e3174198dee269596,0.5039794857477582,fixed_shrink,0,0,P2-IMA-M-v2,2,58a4dad6d831137de4d0321d,Shrink-D0-0.333333,17,ISIC_0015309_A03_T3_S1_58a4dad6d831137de4d0321d.png,S1,0.9678308367729187,0.9672655825321744,val,M,0.9516087234605658,T3,4142132
0.3333333333333333,0.3333333333333333,A00,0.03808493912220001,0.03866445491757089,0.7271266651256896,0.4796698099220545,0.9189929841559291,0,0.00472124409731653,0.004802389705882353,6e0811712543811a10b6cde1ec29db65b7bb4f25142c6991f2738d3d5c073f0a,8054.8088121320425,0.9829502282786937,0.980541620287114,0.9841830994108499,307655,84767,732,141958,1008,54710,-0.0012328711321561991,0.004145216196775436,0.004003146717134476,0.0024086079915797143,ISIC_0000183,0,90.69729874698585,0.011260018811418445,ISIC_0015311,0.9664720996054098,0.9688587567700898,0.0,0.4659446691751003,0.03443152457475662,0.035757631063461304,0.036272947699373836,0.03857674077153206,0.03886637210910544,0.03486322539197097,canonical_letterbox_valid,3d99874f14ae5f316eec36e21141043d75bd4fd17ccfb31e3174198dee269596,0.6520371364054596,fixed_shrink,0,0,P2-IMA-M-v2,2,5841ebe29fc3c156c3ef4e63,Shrink-D0-0.333333,17,ISIC_0015311_A00_T2_S2_5841ebe29fc3c156c3ef4e63.png,S2,0.9692218899726868,0.968938004133629,val,M,0.9664720996054098,T2,12960502
0.3333333333333333,0.3333333333333333,A03,0.1035926342010498,0.1041275768642585,0.2753775899730131,0.16422111004976211,0.48924547460377943,0,0.00472124409731653,0.004802389705882353,6e0811712543811a10b6cde1ec29db65b7bb4f25142c6991f2738d3d5c073f0a,8054.8088121320425,0.9532184959681907,0.9580642295365247,0.9522566005905242,1014830,54320,1712,246996,28,85157,0.0009618953776665551,0.0002081543207168579,0.00019072349637011543,-0.004845733568333954,ISIC_0000183,0,309.2058374564509,0.038387731436993186,ISIC_0015311,0.9106183977236424,0.9088643279711717,0.0,0.4659446691751003,0.078473299741745,0.06932476162910461,0.0697126483520788,0.07868145406246185,0.0790680548624095,0.07887733136603939,canonical_letterbox_valid,3d99874f14ae5f316eec36e21141043d75bd4fd17ccfb31e3174198dee269596,0.6520371364054596,fixed_shrink,0,0,P2-IMA-M-v2,2,58a4db0ad831137de4d03223,Shrink-D0-0.333333,17,ISIC_0015311_A03_T3_S1_58a4db0ad831137de4d03223.png,S1,0.9466460347175598,0.9463729141321797,val,M,0.9106183977236424,T3,12855464
0.3333333333333333,0.3333333333333333,A00,0.656998336315155,0.6571334738298744,0.12535184381610556,0.07087077654822316,0.1405389637919077,0,0.02325257592637118,0.023529411764705882,6e0811712543811a10b6cde1ec29db65b7bb4f25142c6991f2738d3d5c073f0a,8026.250058402118,0.14399475859919209,0.13000866576491885,0.1497295577423747,8524,372,199,11316469,597118,92531,-0.005734799143182617,-0.0003960728645324707,-0.00038361496167127473,0.01398609283427324,ISIC_0011841,0,3124.1548612850925,0.3892421540012492,ISIC_0015363,0.0775831637687149,0.0809230663381731,0.0,0.28485176354627323,0.7596263289451599,0.7712825536727905,0.7715948509847845,0.7592302560806274,0.7595784567714989,0.7599620717331702,canonical_letterbox_valid,3d99874f14ae5f316eec36e21141043d75bd4fd17ccfb31e3174198dee269596,0.4421076082364179,fixed_shrink,0,0,P2-IMA-M-v2,2,5841ec1e9fc3c156c3ef4eff,Shrink-D0-0.333333,17,ISIC_0015363_A00_T2_S2_5841ec1e9fc3c156c3ef4eff.png,S2,0.1377456933259964,0.13720933036353403,val,M,0.0,T2,952529
0.3333333333333333,0.3333333333333333,A03,0.3500284254550934,0.3497771830812051,0.06661155886202384,0.022186033210553263,0.1866521070259072,0,0.02325257592637118,0.023529411764705882,6e0811712543811a10b6cde1ec29db65b7bb4f25142c6991f2738d3d5c073f0a,8026.250058402118,0.8320485210049277,0.8869919157190442,0.8117093907150411,4936410,92782,597122,11867,195,121,0.020339130289886542,0.007327377796173096,0.007297655945580739,-0.05494339471411658,ISIC_0011841,0,848.7136147948239,0.10574223437087724,ISIC_0015363,0.7123999035652047,0.6830899650073634,0.0,0.28485176354627323,0.30158764123916626,0.2795420289039612,0.2794730487026921,0.30891501903533936,0.30875888693429243,0.3014612309887117,canonical_letterbox_valid,3d99874f14ae5f316eec36e21141043d75bd4fd17ccfb31e3174198dee269596,0.4421076082364179,fixed_shrink,0,0,P2-IMA-M-v2,2,58a4dbd1d831137de4d0323e,Shrink-D0-0.333333,17,ISIC_0015363_A03_T1_S1_58a4dbd1d831137de4d0323e.png,S1,0.7468531131744385,0.7468547211037817,val,M,0.7123999035652047,T1,12257131
0.3333333333333333,0.3333333333333333,A00,0.10747220367193222,0.11039371715462787,0.004391289819558922,0.0,0.3590829104077937,0,0.0026765427304268796,0.0029411764705882353,6e0811712543811a10b6cde1ec29db65b7bb4f25142c6991f2738d3d5c073f0a,8021.805345431912,0.9029659309058872,0.8854529714124162,0.9021414122943691,0,0,0,1331786,33426,45970,0.0008245186115181102,0.003300480544567108,0.003504808022593897,0.01751295949347098,ISIC_0000193,0,260.5068118063517,0.03247483584910217,ISIC_0015436,0.8230974373034017,0.8217282466038881,0.0,0.5373551025686246,0.10998030006885529,0.12271930277347565,0.12482039480646229,0.1132807806134224,0.11594377277627393,0.11243896475368004,canonical_letterbox_valid,3d99874f14ae5f316eec36e21141043d75bd4fd17ccfb31e3174198dee269596,0.6087231180390467,fixed_shrink,0,0,P2-IMA-M-v2,2,5841ec719fc3c156c3ef4fda,Shrink-D0-0.333333,17,ISIC_0015436_A00_T2_S2_5841ec719fc3c156c3ef4fda.png,S2,0.8875116109848022,0.8855157876472678,val,M,0.8230974373034017,T2,6196573
0.3333333333333333,0.3333333333333333,A03,0.18541020154953003,0.18582218365034758,0.09923859646624518,0.05643514958513979,0.16380932575603707,0,0.0026765427304268796,0.0029411764705882353,6e0811712543811a10b6cde1ec29db65b7bb4f25142c6991f2738d3d5c073f0a,8021.805345431912,0.8724755926536175,0.8895126443386429,0.8725186266914419,2180677,39269,33426,15531,0,6701,-4.303403782435211e-05,0.01305583119392395,0.013053766419690416,-0.01703705168502534,ISIC_0000193,0,397.9243638470274,0.049605337790155794,ISIC_0015436,0.7737975222256875,0.7738652250467464,0.0,0.5373551025686246,0.1571817398071289,0.13171111047267914,0.13188829394426493,0.17023757100105286,0.1705234203393068,0.1574696539196164,canonical_letterbox_valid,3d99874f14ae5f316eec36e21141043d75bd4fd17ccfb31e3174198dee269596,0.6087231180390467,fixed_shrink,0,0,P2-IMA-M-v2,2,58a4dd4dd831137de4d0326e,Shrink-D0-0.333333,17,ISIC_0015436_A03_T1_S1_58a4dd4dd831137de4d0326e.png,S1,0.8710467219352722,0.8708828758111148,val,M,0.7737975222256875,T1,7512828
0.3333333333333333,0.3333333333333333,A00,0.05023186653852463,0.04969605427750144,0.6473796819350041,0.3294837367920787,0.879253883367523,0,0.004681592652744273,0.0046875,6e0811712543811a10b6cde1ec29db65b7bb4f25142c6991f2738d3d5c073f0a,7978.531506486642,0.9746211838574377,0.9698998306585948,0.9765718668362613,256151,88123,0,295190,201,49158,-0.0019506829788236146,0.0018470659852027893,0.001863653410450146,0.004721353198842926,ISIC_0015464,0,120.91732712891069,0.015155336170647874,ISIC_0015464,0.9504986532917923,0.9542163589126382,0.0,0.39057878490369907,0.04991724714636803,0.05273452401161194,0.05226775074633265,0.051764313131570816,0.051406651479535104,0.04954299806908496,canonical_letterbox_valid,3d99874f14ae5f316eec36e21141043d75bd4fd17ccfb31e3174198dee269596,0.5696743698829657,fixed_shrink,0,0,P2-IMA-M-v2,2,5841ec919fc3c156c3ef502e,Shrink-D0-0.333333,17,ISIC_0015464_A00_T2_S2_5841ec919fc3c156c3ef502e.png,S2,0.9503973722457886,0.9506100581393315,val,M,0.9504986532917923,T2,10586558
0.3333333333333333,0.3333333333333333,A03,0.2374834418296814,0.23697143586608496,0.03401030421554582,0.013915619111382914,0.11260780380517542,0,0.004681592652744273,0.0046875,6e0811712543811a10b6cde1ec29db65b7bb4f25142c6991f2738d3d5c073f0a,7978.531506486642,0.8902381831344165,0.8915654282224599,0.8963859109449299,2681974,136778,201,1086,0,503,-0.006147727810513426,-0.008035153150558472,-0.007999242022045272,-0.0013272450880433828,ISIC_0015464,0,366.5474048469038,0.04594171302687674,ISIC_0015464,0.8021885143325703,0.8122276797974083,0.0,0.39057878490369907,0.1749189794063568,0.16358906030654907,0.16329072249141263,0.16688382625579834,0.166599255507081,0.17459849752912626,canonical_letterbox_valid,3d99874f14ae5f316eec36e21141043d75bd4fd17ccfb31e3174198dee269596,0.5696743698829657,fixed_shrink,0,0,P2-IMA-M-v2,2,58a4ddbdd831137de4d0327a,Shrink-D0-0.333333,17,ISIC_0015464_A03_T1_S1_58a4ddbdd831137de4d0327a.png,S1,0.8876454830169678,0.8877744408078324,val,M,0.8021885143325703,T1,10880662
0.3333333333333333,0.3333333333333333,A00,0.135337233543396,0.1351224810129521,0.571367223079083,0.42023633480871686,0.6956461493378641,0,0.0026605850164307895,0.0026726973684210527,6e0811712543811a10b6cde1ec29db65b7bb4f25142c6991f2738d3d5c073f0a,7955.787955947544,0.9683577790224597,0.9679461100906456,0.9683193339964363,685704,33845,2243,856560,3005,38610,3.8445026023348206e-05,0.0003528892993927002,0.0003334691670143358,0.000411668931814102,ISIC_0015014,0,345.81873847183834,0.043467566052123485,ISIC_0015502,0.9386565994796966,0.938584356482543,0.0,0.16188683999454231,0.08973029255867004,0.0899185836315155,0.08984255046055324,0.09008318185806274,0.08994807244031817,0.08961460327330384,canonical_letterbox_valid,3d99874f14ae5f316eec36e21141043d75bd4fd17ccfb31e3174198dee269596,0.5792455312661041,fixed_shrink,0,0,P2-IMA-M-v2,2,5841ecc19fc3c156c3ef50a0,Shrink-D0-0.333333,17,ISIC_0015502_A00_T2_S2_5841ecc19fc3c156c3ef50a0.png,S2,0.9558766484260559,0.9558932744663444,val,M,0.9386565994796966,T2,23599218
0.3333333333333333,0.3333333333333333,A03,0.09446406364440918,0.09457506161566948,0.4629778610584088,0.29727839968588127,0.6722658253876918,0,0.0026605850164307895,0.0026726973684210527,6e0811712543811a10b6cde1ec29db65b7bb4f25142c6991f2738d3d5c073f0a,7955.787955947544,0.9766848719935551,0.9744159250515736,0.9777549894479964,838379,63138,3831,314221,1417,9317,-0.0010701174544412995,-0.0004245191812515259,-0.0004011325701071128,0.0022689469419815422,ISIC_0015014,0,156.9362912549185,0.019726052544876707,ISIC_0015502,0.954432163918331,0.9564781234980223,0.0,0.16188683999454231,0.065457284450531,0.06788312643766403,0.06789824207453599,0.06503276526927948,0.0651075306987572,0.06550866326886431,canonical_letterbox_valid,3d99874f14ae5f316eec36e21141043d75bd4fd17ccfb31e3174198dee269596,0.5792455312661041,fixed_shrink,0,0,P2-IMA-M-v2,2,5b2ff37911659747a0a00eb1,Shrink-D0-0.333333,17,ISIC_0015502_A03_T1_S1_5b2ff37911659747a0a00eb1.png,S1,0.9635494947433472,0.9635577350779408,val,M,0.954432163918331,T1,24141557
0.3333333333333333,0.3333333333333333,A00,0.19164779782295227,0.19162993161913788,0.17005393015806627,0.07079320273245639,0.2958116810104921,0,0.004781302867719036,0.004877034023668639,6e0811712543811a10b6cde1ec29db65b7bb4f25142c6991f2738d3d5c073f0a,8012.690434554426,0.9066849076540576,0.913065886977544,0.9020164578531561,717,158,40,2471317,1914,139165,0.004668449800901531,0.008083954453468323,0.008040741178717059,-0.006380979323486358,ISIC_0015595,0,414.9457795905388,0.05178607397598948,ISIC_0015596,0.8292988123932054,0.8215209274352865,0.0,0.3546849109863098,0.14831043779850006,0.13648656010627747,0.13660488936400358,0.15639439225196838,0.1563659218812981,0.14832518070258105,canonical_letterbox_valid,3d99874f14ae5f316eec36e21141043d75bd4fd17ccfb31e3174198dee269596,0.5147478652584068,fixed_shrink,0,0,P2-IMA-M-v2,3,5841ed329fc3c156c3ef51bb,Shrink-D0-0.333333,17,ISIC_0015596_A00_T2_S2_5841ed329fc3c156c3ef51bb.png,S2,0.8950269222259521,0.8949795702139758,val,M,0.8292988123932054,T2,12009611
0.3333333333333333,0.3333333333333333,A08,0.9998371005058289,1.0031063139233078,0.23355981001393036,0.14049177500229573,0.42306289187714685,0,0.004781302867719036,0.004877034023668639,6e0811712543811a10b6cde1ec29db65b7bb4f25142c6991f2738d3d5c073f0a,8012.690434554426,0.7842472271097555,0.7794425831922114,0.7869499146920587,2191942,92614,1498,3725738,456,46709,-0.002702687582303187,-0.016710937023162842,-0.016718474530809768,0.004804643917544094,ISIC_0015595,0,1135.9888202986929,0.14177370629467773,ISIC_0015596,0.6450713044604798,0.6487365395900252,0.0,0.3546849109863098,0.6158367395401001,0.6347074508666992,0.6368226102798484,0.5991258025169373,0.6012802346247206,0.6179987091555303,canonical_letterbox_valid,3d99874f14ae5f316eec36e21141043d75bd4fd17ccfb31e3174198dee269596,0.5147478652584068,fixed_shrink,0,0,P2-IMA-M-v2,3,5b2d2f5c116597169d5519d4,Shrink-D0-0.333333,17,ISIC_0015596_A08_T3_S1_5b2d2f5c116597169d5519d4.png,S1,0.7681635618209839,0.767108895612247,val,M,0.0,T3,10755190
0.3333333333333333,0.3333333333333333,A03,0.2527583837509155,0.2513289860281946,0.2318607761314769,0.1422744269117044,0.3991529012273734,0,0.004781302867719036,0.004877034023668639,6e0811712543811a10b6cde1ec29db65b7bb4f25142c6991f2738d3d5c073f0a,8012.690434554426,0.9147967848208312,0.9113075184449749,0.9163974877043894,2349079,89387,1620,293690,334,49936,-0.0016007028835582915,-0.0037810802459716797,-0.003721330407156026,0.003489266375856226,ISIC_0015595,0,634.4152819252154,0.07917631251412426,ISIC_0015596,0.842972792584103,0.8456952409264931,0.0,0.3546849109863098,0.17631220817565918,0.1819412261247635,0.18101105731086087,0.1725311279296875,0.17175968963521543,0.17548102004237146,canonical_letterbox_valid,3d99874f14ae5f316eec36e21141043d75bd4fd17ccfb31e3174198dee269596,0.5147478652584068,fixed_shrink,0,0,P2-IMA-M-v2,3,5b2fde4e11659747a0a00ea2,Shrink-D0-0.333333,17,ISIC_0015596_A03_T3_S1_5b2fde4e11659747a0a00ea2.png,S1,0.9001339673995972,0.9003669459434517,val,M,0.842972792584103,T3,14187238
0.3333333333333333,0.3333333333333333,A00,0.018279775977134705,0.0184912733778714,0.9403333171794982,0.6450615867157204,1.0,0,0.0011430902609742568,0.0011193347953216374,6e0811712543811a10b6cde1ec29db65b7bb4f25142c6991f2738d3d5c073f0a,8038.1605482846635,0.9867433069346216,0.9751770513816744,0.9872464837593194,69498,2522,10957,115929,18196,2414,-0.0005031768246978041,0.0023044124245643616,0.0022419198898039373,0.011566255552947213,ISIC_0015631,0,41.97618372363071,0.005222113127933031,ISIC_0015631,0.9738334951920756,0.9748141753424441,0.0,0.4257107306840852,0.024156473577022552,0.031442709267139435,0.03235403632911624,0.026460886001586914,0.02664523116588365,0.02440331127607971,canonical_letterbox_valid,3d99874f14ae5f316eec36e21141043d75bd4fd17ccfb31e3174198dee269596,0.7826045428204588,fixed_shrink,0,0,P2-IMA-M-v2,2,5841ed679fc3c156c3ef5224,Shrink-D0-0.333333,17,ISIC_0015631_A00_T2_S2_5841ed679fc3c156c3ef5224.png,S2,0.9699668288230896,0.969684650825712,val,M,0.9738334951920756,T2,6900999
0.3333333333333333,0.3333333333333333,A03,0.021583255380392075,0.022070524767862438,0.8676037515006145,0.6140439996381609,0.9853924086728816,0,0.0011430902609742568,0.0011193347953216374,6e0811712543811a10b6cde1ec29db65b7bb4f25142c6991f2738d3d5c073f0a,8038.1605482846635,0.9814148524497488,0.9731256642846927,0.9817082763105631,82091,1787,11629,176967,17524,3149,-0.0002934238608143236,0.0021397341042757034,0.002086694733118684,0.008289188165056083,ISIC_0015631,0,63.50590523722971,0.007900551980239038,ISIC_0015631,0.9635079156711652,0.9640737064558219,0.0,0.4257107306840852,0.027242479845881462,0.03367753326892853,0.034459103646113536,0.029382213950157166,0.029838531303016405,0.02775183656989772,canonical_letterbox_valid,3d99874f14ae5f316eec36e21141043d75bd4fd17ccfb31e3174198dee269596,0.7826045428204588,fixed_shrink,0,0,P2-IMA-M-v2,2,58a58ab2d831137de4d032be,Shrink-D0-0.333333,17,ISIC_0015631_A03_T3_S1_58a58ab2d831137de4d032be.png,S1,0.9670982956886292,0.966566851628067,val,M,0.9635079156711652,T3,6839961
0.3333333333333333,0.3333333333333333,A00,0.11023709923028946,0.11109103894164693,0.0072759999746480845,0.0,0.17370735924416855,0,0.0017823227775172598,0.0019761029411764705,6e0811712543811a10b6cde1ec29db65b7bb4f25142c6991f2738d3d5c073f0a,7922.802786893032,0.7807529608603463,0.7866126622627957,0.7722081610377479,0,0,0,1000098,532,51007,0.00854479982259837,0.005829125642776489,0.005813742995325,-0.005859701402449402,ISIC_0015633,0,412.2838827798147,0.05203763035246444,ISIC_0015633,0.640356659312681,0.6289406204967365,0.0,0.6486227146141543,0.1665932685136795,0.16430769860744476,0.16563752960808148,0.172422394156456,0.17371524018335327,0.16790149718802827,canonical_letterbox_valid,3d99874f14ae5f316eec36e21141043d75bd4fd17ccfb31e3174198dee269596,0.42732240857828796,fixed_shrink,0,0,P2-IMA-M-v2,2,5841ed6a9fc3c156c3ef522a,Shrink-D0-0.333333,17,ISIC_0015633_A00_T2_S2_5841ed6a9fc3c156c3ef522a.png,S2,0.7770505547523499,0.7752880445655904,val,M,0.0,T2,1780707
0.3333333333333333,0.3333333333333333,A03,0.3451845943927765,0.3447434525073014,0.0,0.0,0.04987132393326021,0,0.0017823227775172598,0.0019761029411764705,6e0811712543811a10b6cde1ec29db65b7bb4f25142c6991f2738d3d5c073f0a,7922.802786893032,0.7029733230597486,0.697378583147193,0.711195779667665,2349942,51007,532,0,0,0,-0.008222456607916429,-0.022096961736679077,-0.02206956211693545,0.005594739912555546,ISIC_0015633,0,571.6021343557072,0.07214645495169064,ISIC_0015633,0.541988330354235,0.5518260791264897,0.0,0.6486227146141543,0.3199576735496521,0.3496038019657135,0.3493305159906277,0.297860711812973,0.2976540735063429,0.3197236356232783,canonical_letterbox_valid,3d99874f14ae5f316eec36e21141043d75bd4fd17ccfb31e3174198dee269596,0.42732240857828796,fixed_shrink,0,0,P2-IMA-M-v2,2,5b2ff1a511659747a0a00ea5,Shrink-D0-0.333333,17,ISIC_0015633_A03_T1_S1_5b2ff1a511659747a0a00ea5.png,S1,0.7052692174911499,0.7052961812607448,val,M,0.0,T1,2780805
0.3333333333333333,0.3333333333333333,A00,0.052388012409210205,0.05248957202295581,0.015218769816106531,0.0,0.44595943123901693,0,0.0014778645833333334,0.0013834635416666667,6e0811712543811a10b6cde1ec29db65b7bb4f25142c6991f2738d3d5c073f0a,800.0,0.899869154087923,0.8959654023853014,0.8946316735285046,0,0,0,7423,10,444,0.005237480559418417,0.004273697733879089,0.004254083067493197,0.003903751702621583,ISIC_0016804,0,20.594900458891143,0.02574362557361393,ISIC_0016804,0.8179655696699201,0.8093516451518975,0.0,0.5956138428691508,0.08151498436927795,0.08267718553543091,0.08287748478926721,0.08578868210315704,0.08597474232412435,0.08172065925663115,canonical_letterbox_valid,3d99874f14ae5f316eec36e21141043d75bd4fd17ccfb31e3174198dee269596,0.6954305916674316,fixed_shrink,0,0,P2-IMA-M-v2,2,5b2bd38d116597326357fdff,Shrink-D0-0.333333,17,ISIC_0016804_A00_T2_S1_5b2bd38d116597326357fdff.png,S1,0.8893580436706543,0.8890482535096935,val,M,0.8179655696699201,T2,33355
0.3333333333333333,0.3333333333333333,A03,0.10890918970108032,0.10821926380720591,0.09242873044921986,0.04471717836540324,0.2668661642122357,0,0.0014778645833333334,0.0013834635416666667,6e0811712543811a10b6cde1ec29db65b7bb4f25142c6991f2738d3d5c073f0a,800.0,0.8702244431631324,0.8745969758557945,0.8747342913017601,12126,411,10,28,0,33,-0.004509848138627648,-0.002903372049331665,-0.0028830443014296186,-0.004372532692662134,ISIC_0016804,0,35.447141645488124,0.04430892705686015,ISIC_0016804,0.7702631181007107,0.7773579915748909,0.0,0.5956138428691508,0.12155520915985107,0.11823548376560211,0.1176912086800106,0.11865183711051941,0.11807576950451275,0.12095881380594237,canonical_letterbox_valid,3d99874f14ae5f316eec36e21141043d75bd4fd17ccfb31e3174198dee269596,0.6954305916674316,fixed_shrink,0,0,P2-IMA-M-v2,2,5b3016ce11659747a0a01023,Shrink-D0-0.333333,17,ISIC_0016804_A03_T1_S1_5b3016ce11659747a0a01023.png,S1,0.8657987713813782,0.8663016361953212,val,M,0.7702631181007107,T1,40750
0.3333333333333333,0.3333333333333333,A00,0.23155337572097778,0.23205700519297504,0.0406470654163709,0.02530864197530864,0.11531788284811421,0,0.016722005208333335,0.0167236328125,6e0811712543811a10b6cde1ec29db65b7bb4f25142c6991f2738d3d5c073f0a,800.0,0.8967589516833768,0.9113792001076843,0.8908533245700515,1,1,0,37450,1365,3771,0.005905627113325318,0.014277428388595581,0.014295217098743845,-0.014620248424307425,ISIC_0017427,0,52.04084828740029,0.06505106035925036,ISIC_0017427,0.8128404513698014,0.803188022201592,0.0,0.22336231448990282,0.1797451376914978,0.1652013063430786,0.16549612604733477,0.19402256608009338,0.19438339169467514,0.1800881745959313,canonical_letterbox_valid,3d99874f14ae5f316eec36e21141043d75bd4fd17ccfb31e3174198dee269596,0.5638446196462461,fixed_shrink,0,0,P2-IMA-M-v2,2,5b2bd3bb116597326357fe5f,Shrink-D0-0.333333,17,ISIC_0017427_A00_T2_S1_5b2bd3bb116597326357fe5f.png,S1,0.8720631003379822,0.8718806560011124,val,M,0.8128404513698014,T2,162651
0.3333333333333333,0.3333333333333333,A03,0.2220691293478012,0.2217930265159021,0.2576900754497969,0.14102092577820874,0.39466939112043165,0,0.016722005208333335,0.0167236328125,6e0811712543811a10b6cde1ec29db65b7bb4f25142c6991f2738d3d5c073f0a,800.0,0.927874835814997,0.9146037735849056,0.9316537282516726,30489,3299,1365,536,0,473,-0.0037788924366756182,-0.0071284472942352295,-0.007175412365420075,0.013271062230091335,ISIC_0017427,0,46.46233140225158,0.05807791425281447,ISIC_0017427,0.865453835812481,0.8720522108688973,0.0,0.22336231448990282,0.16315582394599915,0.17944329977035522,0.17933671880017477,0.15602737665176392,0.15580128161923204,0.16297669398465212,canonical_letterbox_valid,3d99874f14ae5f316eec36e21141043d75bd4fd17ccfb31e3174198dee269596,0.5638446196462461,fixed_shrink,0,0,P2-IMA-M-v2,2,5b30184c11659747a0a01047,Shrink-D0-0.333333,17,ISIC_0017427_A03_T1_S1_5b30184c11659747a0a01047.png,S1,0.8957574963569641,0.8958396385465979,val,M,0.865453835812481,T1,199565
0.3333333333333333,0.3333333333333333,A00,0.057548701763153076,0.05775288239096266,0.6216122684131127,0.37713658890129476,0.787291868185532,0,0.003681640625,0.0037638346354166665,6e0811712543811a10b6cde1ec29db65b7bb4f25142c6991f2738d3d5c073f0a,800.0,0.9590216610592371,0.9619243245951328,0.9538063446404683,3983,83,257,2521,57,734,0.005215316418768823,0.004160292446613312,0.004188657070579416,-0.002902663535895633,ISIC_0017891,0,23.345235059857504,0.02918154382482188,ISIC_0017891,0.92126956458583,0.911691960426472,0.0,0.34510648507087943,0.06200101971626282,0.06050962209701538,0.06069757867864074,0.06616131216287613,0.06639167384884787,0.06220301677826845,canonical_letterbox_valid,3d99874f14ae5f316eec36e21141043d75bd4fd17ccfb31e3174198dee269596,0.6838041115087323,fixed_shrink,0,0,P2-IMA-M-v2,2,5b2bd3e8116597326357fec8,Shrink-D0-0.333333,17,ISIC_0017891_A00_T2_S1_5b2bd3e8116597326357fec8.png,S1,0.9335466623306274,0.9333468488344258,val,M,0.92126956458583,T2,76107
0.3333333333333333,0.3333333333333333,A03,0.12290305644273758,0.12324082324444315,0.20756955059614796,0.15312422329373165,0.38339600656744877,0,0.003681640625,0.0037638346354166665,6e0811712543811a10b6cde1ec29db65b7bb4f25142c6991f2738d3d5c073f0a,800.0,0.9092576475329879,0.9090571144787207,0.9136760200813037,14739,805,197,796,117,12,-0.004418372548315785,-0.0044810473918914795,-0.00448913926280084,0.00020053305426714907,ISIC_0017891,0,32.01562118716424,0.040019526483955306,ISIC_0017891,0.8336135893838295,0.8410713902768544,0.0,0.34510648507087943,0.11115062236785889,0.11472625285387039,0.1150313449177607,0.10666957497596741,0.10694145360473123,0.11143059286753207,canonical_letterbox_valid,3d99874f14ae5f316eec36e21141043d75bd4fd17ccfb31e3174198dee269596,0.6838041115087323,fixed_shrink,0,0,P2-IMA-M-v2,2,5b301cf711659747a0a010b1,Shrink-D0-0.333333,17,ISIC_0017891_A03_T1_S1_5b301cf711659747a0a010b1.png,S1,0.9006018042564392,0.900379637509379,val,M,0.8336135893838295,T1,77832
0.3333333333333333,0.3333333333333333,A00,0.4490816593170166,0.4499581114522644,0.032414087661175824,0.017018594390167036,0.10273057923022637,0,0.007376302083333334,0.007364908854166667,6e0811712543811a10b6cde1ec29db65b7bb4f25142c6991f2738d3d5c073f0a,800.0,0.8025132380724302,0.8046842159267313,0.8023882510869348,16234,0,493,43140,1231,542,0.00012498698549545662,-0.0025615394115448,-0.0025822448459135727,-0.0021709778543010927,ISIC_0019364,0,94.63033312442224,0.1182879164055278,ISIC_0019366,0.6701646010521579,0.6699902967845551,0.0,0.25111860822995996,0.3411543667316437,0.3537936806678772,0.35452155493039084,0.3385928273200989,0.3392469413487351,0.3418291861946487,canonical_letterbox_valid,3d99874f14ae5f316eec36e21141043d75bd4fd17ccfb31e3174198dee269596,0.5958868686859439,fixed_shrink,0,0,P2-IMA-M-v2,3,5b2bd4711165973263580027,Shrink-D0-0.333333,17,ISIC_0019366_A00_T2_S2_5b2bd4711165973263580027.png,S2,0.7667729258537292,0.766299739062967,val,M,0.6701646010521579,T2,120637
0.3333333333333333,0.3333333333333333,A08,0.525938868522644,0.5248274751270865,0.1352511930585683,0.07734669665149717,0.23524790614719093,0,0.007376302083333334,0.007364908854166667,6e0811712543811a10b6cde1ec29db65b7bb4f25142c6991f2738d3d5c073f0a,800.0,0.7843973587241316,0.7902084955887798,0.779668873958994,25747,33,1231,41482,493,509,0.004728484765137653,-0.0036478936672210693,-0.003585483002037204,-0.005811136864648181,ISIC_0019364,0,144.22205101855957,0.18027756377319945,ISIC_0019366,0.6452744771110783,0.6388994407512926,0.0,0.25111860822995996,0.38718315958976746,0.39844265580177307,0.397697420644691,0.3835352659225464,0.38295569412605085,0.38654117712808805,canonical_letterbox_valid,3d99874f14ae5f316eec36e21141043d75bd4fd17ccfb31e3174198dee269596,0.5958868686859439,fixed_shrink,0,0,P2-IMA-M-v2,3,5b2d26eb116597169d551975,Shrink-D0-0.333333,17,ISIC_0019366_A08_T3_S1_5b2d26eb116597169d551975.png,S1,0.7515725493431091,0.7517451208709104,val,M,0.0,T3,122295
0.3333333333333333,0.3333333333333333,A03,0.20951862633228302,0.20945440763364612,0.17870139159423437,0.10675675675675675,0.2989693791309009,0,0.007376302083333334,0.007364908854166667,6e0811712543811a10b6cde1ec29db65b7bb4f25142c6991f2738d3d5c073f0a,800.0,0.9272466175300184,0.9264430987104499,0.9266910875389894,22232,531,1175,2998,549,11,0.0005555299910289246,0.0023382604122161865,0.0023505343033038972,0.0008035188195684162,ISIC_0019364,0,44.6004473584127,0.05575055919801588,ISIC_0019366,0.8643614018676515,0.863396433943851,0.0,0.25111860822995996,0.1713697910308838,0.16410526633262634,0.16401962245254326,0.17370805144309998,0.173662241419969,0.1713117071166651,canonical_letterbox_valid,3d99874f14ae5f316eec36e21141043d75bd4fd17ccfb31e3174198dee269596,0.5958868686859439,fixed_shrink,0,0,P2-IMA-M-v2,3,5b301bf211659747a0a01099,Shrink-D0-0.333333,17,ISIC_0019366_A03_T1_S1_5b301bf211659747a0a01099.png,S1,0.8667790293693542,0.8668309934003159,val,M,0.8643614018676515,T1,160779
0.3333333333333333,0.3333333333333333,A00,0.15931017696857452,0.15948973657461585,0.4102663445079213,0.24544811876521874,0.6846965272157912,0,0.007486979166666667,0.007405598958333333,6e0811712543811a10b6cde1ec29db65b7bb4f25142c6991f2738d3d5c073f0a,800.0,0.8955528384279476,0.8964577465283388,0.8876603059996562,1499,456,0,13450,0,1844,0.007892532428291466,-0.0015108585357666016,-0.00149179551579659,-0.0009049081003911219,ISIC_0019540,0,73.38454524705503,0.09173068155881879,ISIC_0019545,0.8108607361109353,0.7980118940171362,0.0,1.115560476403108,0.1404372751712799,0.16258925199508667,0.16269611941779252,0.1389264166355133,0.13905052414974284,0.14054231966553943,canonical_letterbox_valid,3d99874f14ae5f316eec36e21141043d75bd4fd17ccfb31e3174198dee269596,0.8902380819882055,fixed_shrink,0,0,P2-IMA-M-v2,2,5b2bd47a116597326358005a,Shrink-D0-0.333333,17,ISIC_0019545_A00_T2_S1_5b2bd47a116597326358005a.png,S1,0.8784356117248535,0.878405097243537,val,M,0.8108607361109353,T2,64088
0.3333333333333333,0.3333333333333333,A03,0.07858729362487793,0.07886736950054325,0.36242095754290876,0.17739223165579754,0.5612376052420057,0,0.007486979166666667,0.007405598958333333,6e0811712543811a10b6cde1ec29db65b7bb4f25142c6991f2738d3d5c073f0a,800.0,0.9414405918606986,0.9363894746493078,0.9525089551970143,9456,2005,0,169,0,295,-0.011068363336315667,-0.0003045201301574707,-0.000243554239941296,0.005051117211390843,ISIC_0019540,0,22.47220505424423,0.02809025631780529,ISIC_0019545,0.8893601857599375,0.9093241989254087,0.0,1.115560476403108,0.07567515969276428,0.08514031767845154,0.08527952496731633,0.07537063956260681,0.07555432534046119,0.07579787958040249,canonical_letterbox_valid,3d99874f14ae5f316eec36e21141043d75bd4fd17ccfb31e3174198dee269596,0.8902380819882055,fixed_shrink,0,0,P2-IMA-M-v2,2,5b30172911659747a0a0102f,Shrink-D0-0.333333,17,ISIC_0019545_A03_T1_S1_5b30172911659747a0a0102f.png,S1,0.9272369742393494,0.9272716103397383,val,M,0.8893601857599375,T1,77369
0.3333333333333333,0.3333333333333333,A00,1.2963820695877075,1.2965981440075303,0.14642704870714213,0.12811884385596642,0.16024445291807943,0,0.019983723958333335,0.01971435546875,6e0811712543811a10b6cde1ec29db65b7bb4f25142c6991f2738d3d5c073f0a,800.0,0.5127211684739844,0.5351029044046932,0.5017856030943129,144,81,0,129900,0,6058,0.010935565379671552,0.024900078773498535,0.02492178201502604,-0.0223817359307088,ISIC_0019695,0,216.99455678530697,0.2712431959816337,ISIC_0019696,0.3447377570404261,0.3349224277450995,0.0,0.5505119597799782,0.8929075598716736,0.7767287492752075,0.7768792253108148,0.9178076386451721,0.9180399609204886,0.8931181789054625,canonical_letterbox_valid,3d99874f14ae5f316eec36e21141043d75bd4fd17ccfb31e3174198dee269596,0.49646250976875395,fixed_shrink,0,0,P2-IMA-M-v2,3,5b2bd4841165973263580078,Shrink-D0-0.333333,17,ISIC_0019696_A00_T2_S2_5b2bd4841165973263580078.png,S2,0.5105669498443604,0.5103617861966052,val,M,0.0,T2,68417
0.3333333333333333,0.3333333333333333,A08,2.0526058673858643,2.0521342539109075,0.0,0.0,0.0,0,0.019983723958333335,0.01971435546875,6e0811712543811a10b6cde1ec29db65b7bb4f25142c6991f2738d3d5c073f0a,800.0,0.21467924596244217,0.2270742773892219,0.20890658467037226,0,0,0,174470,0,6139,0.005772661292069908,0.0003870725631713867,0.0004130871230660915,-0.012395031426779723,ISIC_0019695,0,270.09072549793336,0.3376134068724167,ISIC_0019696,0.12024687747394323,0.11663634229369645,0.0,0.5505119597799782,1.417972207069397,1.3519878387451172,1.3516404316546102,1.4183592796325684,1.4181129763160645,1.4176998891929984,canonical_letterbox_valid,3d99874f14ae5f316eec36e21141043d75bd4fd17ccfb31e3174198dee269596,0.49646250976875395,fixed_shrink,0,0,P2-IMA-M-v2,3,5b2d281f116597169d55198b,Shrink-D0-0.333333,17,ISIC_0019696_A08_T1_S1_5b2d281f116597169d55198b.png,S1,0.21666137874126434,0.21673447552491087,val,M,0.0,T1,23847
0.3333333333333333,0.3333333333333333,A03,0.13129378855228424,0.13139227632651174,0.36862392937927296,0.18431556529391768,0.5916570122635111,0,0.019983723958333335,0.01971435546875,6e0811712543811a10b6cde1ec29db65b7bb4f25142c6991f2738d3d5c073f0a,800.0,0.9644549881884432,0.9435721028877365,0.9651989004719672,8151,3111,0,6023,0,3028,-0.0007439122835239953,0.00905454158782959,0.009080697456251036,0.0208828853007067,ISIC_0019695,0,20.12461179749811,0.025155764746872634,ISIC_0019696,0.9313501365829088,0.932738572574178,0.0,0.5505119597799782,0.10330004245042801,0.13041594624519348,0.13044930176579608,0.1123545840382576,0.11245847818735236,0.10337778073110132,canonical_letterbox_valid,3d99874f14ae5f316eec36e21141043d75bd4fd17ccfb31e3174198dee269596,0.49646250976875395,fixed_shrink,0,0,P2-IMA-M-v2,3,5b30163111659747a0a01017,Shrink-D0-0.333333,17,ISIC_0019696_A03_T1_S1_5b30163111659747a0a01017.png,S1,0.9246937036514282,0.9246367148643091,val,M,0.9313501365829088,T1,192294
0.3333333333333333,0.3333333333333333,A00,0.25092074275016785,0.25129292794476815,0.05009823182711198,0.014734774066797643,0.19077623394990698,0,0.013997395833333334,0.01373291015625,6e0811712543811a10b6cde1ec29db65b7bb4f25142c6991f2738d3d5c073f0a,800.0,0.6832327266675744,0.6544787907772126,0.7041653666146646,0,0,24,41876,4125,151,-0.02093263994709016,0.00027570128440856934,0.00019862252015173665,0.028753935890361793,ISIC_0020226,0,113.57250745902901,0.14196563432378626,ISIC_0020226,0.5188712846260786,0.5434068116971456,0.0,0.6531237920444272,0.3109959363937378,0.32883065938949585,0.3293723803176997,0.31127163767814636,0.3116111594106323,0.31141253689048054,canonical_letterbox_valid,3d99874f14ae5f316eec36e21141043d75bd4fd17ccfb31e3174198dee269596,0.5593346589486019,fixed_shrink,0,0,P2-IMA-M-v2,2,5b2bd4a111659732635800db,Shrink-D0-0.333333,17,ISIC_0020226_A00_T2_S1_5b2bd4a111659732635800db.png,S1,0.6289288997650146,0.628467854163807,val,M,0.0,T2,45161
0.3333333333333333,0.3333333333333333,A03,0.6924341320991516,0.6921838077080448,0.08923995128647705,0.04830917874396136,0.13618397632149068,0,0.013997395833333334,0.01373291015625,6e0811712543811a10b6cde1ec29db65b7bb4f25142c6991f2738d3d5c073f0a,800.0,0.6512144749247969,0.6799739274362467,0.630808499001056,93212,151,4139,10,10,0,0.020405975923740938,-0.004984378814697266,-0.00494790656090327,-0.028759452511449846,ISIC_0020226,0,132.83448347473634,0.16604310434342043,ISIC_0020226,0.48281543864321025,0.46071604924572374,0.0,0.6531237920444272,0.5200831890106201,0.589678168296814,0.5894405354110055,0.5150988101959229,0.5149649771829254,0.5199128837438287,canonical_letterbox_valid,3d99874f14ae5f316eec36e21141043d75bd4fd17ccfb31e3174198dee269596,0.5593346589486019,fixed_shrink,0,0,P2-IMA-M-v2,2,5b301eb911659747a0a010c9,Shrink-D0-0.333333,17,ISIC_0020226_A03_T1_S1_5b301eb911659747a0a010c9.png,S1,0.6522678136825562,0.6523580402203875,val,M,0.0,T1,87027
0.3333333333333333,0.3333333333333333,A00,0.023042568936944008,0.023346263838820075,0.6466747785506363,0.32374529524793993,0.8885220448220302,0,0.000660083912037037,0.00067138671875,6e0811712543811a10b6cde1ec29db65b7bb4f25142c6991f2738d3d5c073f0a,3840.0,0.9579726784179892,0.9447895248655263,0.9594831705777852,567,24,281,68691,3620,747,-0.0015104921597960397,0.0010289177298545837,0.0009376161970855446,0.013183153552462912,ISIC_0020972,0,58.532030694083936,0.015242716326584358,ISIC_0020972,0.9193354709390829,0.9221217220586173,0.0,0.44878773445810743,0.03727516904473305,0.04840883985161781,0.04910459588415636,0.03830408677458763,0.03877427273889976,0.037836656541814215,canonical_letterbox_valid,3d99874f14ae5f316eec36e21141043d75bd4fd17ccfb31e3174198dee269596,0.8197644338527864,fixed_shrink,0,0,P2-IMA-M-v2,2,5b2bd4dc11659732635801aa,Shrink-D0-0.333333,17,ISIC_0020972_A00_T2_S1_5b2bd4dc11659732635801aa.png,S1,0.9484922289848328,0.9476729507551916,val,M,0.9193354709390829,T2,789335
0.3333333333333333,0.3333333333333333,A03,0.01455869060009718,0.014318948340128763,0.868947340263157,0.6015512503627372,0.9743903371301889,0,0.000660083912037037,0.00067138671875,6e0811712543811a10b6cde1ec29db65b7bb4f25142c6991f2738d3d5c073f0a,3840.0,0.9750733325053077,0.975489949173497,0.9743825602787229,24935,240,2360,18013,1541,531,0.0006907722265847571,0.003903402015566826,0.003969590965962635,-0.00041661666818926246,ISIC_0020972,0,34.0,0.008854166666666666,ISIC_0020972,0.9513591200517351,0.9500448437611614,0.0,0.44878773445810743,0.026262769475579262,0.024453813210129738,0.024197121762522984,0.030166171491146088,0.030071306345745175,0.02610171537978254,canonical_letterbox_valid,3d99874f14ae5f316eec36e21141043d75bd4fd17ccfb31e3174198dee269596,0.8197644338527864,fixed_shrink,0,0,P2-IMA-M-v2,2,5b30314b11659747a0a0112f,Shrink-D0-0.333333,17,ISIC_0020972_A03_T3_S1_5b30314b11659747a0a0112f.png,S1,0.9620331525802612,0.9621155175805637,val,M,0.9513591200517351,T3,840013
0.3333333333333333,0.3333333333333333,A00,0.20850646495819092,0.2092862670842557,0.06906371127364995,0.00984759671746776,0.26605400836540855,0,0.00568672462745949,0.0057373046875,6e0811712543811a10b6cde1ec29db65b7bb4f25142c6991f2738d3d5c073f0a,3840.0,0.8409386026345846,0.8255552768084367,0.8432930515618747,0,0,0,642975,25768,14482,-0.002354448927290087,0.018431395292282104,0.018297667331770878,0.015383325826147987,ISIC_0021447,0,346.43787321057647,0.09021819614858763,ISIC_0021448,0.7255341300694387,0.7290464129229568,0.0,0.5549473968399544,0.22038686275482178,0.21392551064491272,0.21483897764601667,0.23881825804710388,0.23935006672448575,0.22105239939271487,canonical_letterbox_valid,3d99874f14ae5f316eec36e21141043d75bd4fd17ccfb31e3174198dee269596,0.5314582979282821,fixed_shrink,0,0,P2-IMA-M-v2,2,5b2bd524116597326358024f,Shrink-D0-0.333333,17,ISIC_0021448_A00_T2_S1_5b2bd524116597326358024f.png,S1,0.7677327394485474,0.7671814682988259,val,M,0.7255341300694387,T2,1699666
0.3333333333333333,0.3333333333333333,A03,0.1805616170167923,0.18011882622898664,0.32667654155959486,0.16863135724374348,0.541735969468711,0,0.00568672462745949,0.0057373046875,6e0811712543811a10b6cde1ec29db65b7bb4f25142c6991f2738d3d5c073f0a,3840.0,0.9036731105426584,0.8944990576128835,0.9023644960076447,202489,4936,13066,244758,12702,9546,0.0013086145350137413,0.022292882204055786,0.022331183648686304,0.009174052929774912,ISIC_0021447,0,244.63023114784167,0.0637057893614171,ISIC_0021448,0.8242734162891483,0.822098495106559,0.0,0.5549473968399544,0.18257352709770203,0.16691330075263977,0.16648269237981664,0.2048664093017578,0.20452896643515717,0.18219778278647086,canonical_letterbox_valid,3d99874f14ae5f316eec36e21141043d75bd4fd17ccfb31e3174198dee269596,0.5314582979282821,fixed_shrink,0,0,P2-IMA-M-v2,2,5b31006111659747a0a0129c,Shrink-D0-0.333333,17,ISIC_0021448_A03_T1_S1_5b31006111659747a0a0129c.png,S1,0.815414547920227,0.815723260656045,val,M,0.8242734162891483,T1,2097883
0.3333333333333333,0.3333333333333333,A00,0.2448466420173645,0.24471233575104284,0.013831527460602821,0.0,0.15142550981990296,0,0.005656772189670139,0.005513509114583333,6e0811712543811a10b6cde1ec29db65b7bb4f25142c6991f2738d3d5c073f0a,3840.0,0.7113452349363437,0.6858381685128505,0.723410366302337,0,0,0,692953,40038,0,-0.012065131365993298,-0.025028526782989502,-0.025017799659127538,0.025507066423493208,ISIC_0021604,0,653.0926427391446,0.17007620904665224,ISIC_0021604,0.5520060564096895,0.5666741662369347,0.0,0.3688894162525355,0.27109116315841675,0.3362283706665039,0.33606635987587447,0.24606263637542725,0.2459512199407422,0.27096901959986974,canonical_letterbox_valid,3d99874f14ae5f316eec36e21141043d75bd4fd17ccfb31e3174198dee269596,0.3786321865614883,fixed_shrink,0,0,P2-IMA-M-v2,2,5b2bd5411165973263580297,Shrink-D0-0.333333,17,ISIC_0021604_A00_T2_S2_5b2bd5411165973263580297.png,S2,0.702664315700531,0.7027742965513033,val,M,0.0,T2,853838
0.3333333333333333,0.3333333333333333,A08,0.10284233093261719,0.10291681878417078,0.09783107417289548,0.031895649657137766,0.26633585632475515,0,0.005656772189670139,0.005513509114583333,6e0811712543811a10b6cde1ec29db65b7bb4f25142c6991f2738d3d5c073f0a,3840.0,0.8938410618707007,0.9035666894670951,0.8883608965948935,261947,0,26745,85225,13293,0,0.005480165275807192,0.008493736386299133,0.008496698876986689,-0.009725627596394393,ISIC_0021604,0,133.70115930686615,0.03481801023616306,ISIC_0021604,0.8080584363241111,0.7991450587458819,0.0,0.3688894162525355,0.11407783627510071,0.10491155087947845,0.1050386182033595,0.12257157266139984,0.12267742529995684,0.11418072642297016,canonical_letterbox_valid,3d99874f14ae5f316eec36e21141043d75bd4fd17ccfb31e3174198dee269596,0.3786321865614883,fixed_shrink,0,0,P2-IMA-M-v2,2,5b2d3d04116597169d551b07,Shrink-D0-0.333333,17,ISIC_0021604_A08_T1_S1_5b2d3d04116597169d551b07.png,S1,0.8746866583824158,0.8745553659382305,val,M,0.8080584363241111,T1,1461566
0.3333333333333333,0.3333333333333333,A00,0.6179080605506897,0.6179410490715602,0.0,0.0,0.0,0,0.014612220376995354,0.014547413793103448,6e0811712543811a10b6cde1ec29db65b7bb4f25142c6991f2738d3d5c073f0a,3472.2456710319334,0.15725097731383575,0.14576809183431572,0.16285035706221893,0,0,0,1944297,82544,3218,-0.005599379748383176,-0.00991678237915039,-0.009914834205749123,0.011482885479520033,ISIC_0021711,0,1184.1210420015811,0.341024557069911,ISIC_0021711,0.08533499428186478,0.08864294625548594,0.0,0.25175599707951524,0.7379246950149536,0.7759183049201965,0.7759991035320692,0.7280079126358032,0.7280988392548469,0.738013673460596,canonical_letterbox_valid,3d99874f14ae5f316eec36e21141043d75bd4fd17ccfb31e3174198dee269596,0.5096211607711328,fixed_shrink,0,0,P2-IMA-M-v2,2,5b2bd55511659732635802b8,Shrink-D0-0.333333,17,ISIC_0021711_A00_T2_S2_5b2bd55511659732635802b8.png,S2,0.14205871522426605,0.14191370215036833,val,M,0.0,T2,181396
0.3333333333333333,0.3333333333333333,A08,0.4795114994049072,0.4792146663718765,0.07437905915318183,0.04002665859648236,0.13435024680586324,0,0.014612220376995354,0.014547413793103448,6e0811712543811a10b6cde1ec29db65b7bb4f25142c6991f2738d3d5c073f0a,3472.2456710319334,0.7176507736027786,0.728754501107872,0.7156674853760465,1204491,2768,36304,261997,46240,450,0.001983288226732105,0.00934019684791565,0.00936461908289532,-0.011103727505093364,ISIC_0021711,0,369.866327186833,0.1065207828675644,ISIC_0021711,0.5596375455530385,0.5572291265907805,0.0,0.25175599707951524,0.4127176105976105,0.41730016469955444,0.4170542410874995,0.4220578074455261,0.4219087551869323,0.412544136104037,canonical_letterbox_valid,3d99874f14ae5f316eec36e21141043d75bd4fd17ccfb31e3174198dee269596,0.5096211607711328,fixed_shrink,0,0,P2-IMA-M-v2,2,5b2d3ebf116597169d551b4f,Shrink-D0-0.333333,17,ISIC_0021711_A08_T3_S1_5b2d3ebf116597169d551b4f.png,S1,0.6540762782096863,0.6541263941638025,val,M,0.0,T3,1863696
0.3333333333333333,0.3333333333333333,A00,0.07578170299530029,0.07569311804884575,0.0,0.0,0.03993565921570802,0,0.002948619701244213,0.0029296875,6e0811712543811a10b6cde1ec29db65b7bb4f25142c6991f2738d3d5c073f0a,3840.0,0.7476719739886306,0.7856413595134871,0.7263266034765075,0,0,0,179191,0,20870,0.021345370512123152,0.09256565570831299,0.09258490442081116,-0.037969385524856514,ISIC_0021837,0,222.0,0.0578125,ISIC_0021837,0.5970256661666715,0.5702612659250206,0.0,1.1727214301669533,0.2159399390220642,0.1444382667541504,0.14420922448552756,0.3085055947303772,0.3083946328958985,0.21580972847508736,canonical_letterbox_valid,3d99874f14ae5f316eec36e21141043d75bd4fd17ccfb31e3174198dee269596,0.3481935636501229,fixed_shrink,0,0,P2-IMA-M-v2,2,5b2bd57411659732635802f7,Shrink-D0-0.333333,17,ISIC_0021837_A00_T2_S1_5b2bd57411659732635802f7.png,S1,0.6439018249511719,0.644073661098671,val,M,0.0,T2,265480
0.3333333333333333,0.3333333333333333,A09,0.036885008215904236,0.03698228462339949,0.46576371335987954,0.31866457750039806,0.7182235175456619,0,0.002948619701244213,0.0029296875,6e0811712543811a10b6cde1ec29db65b7bb4f25142c6991f2738d3d5c073f0a,3840.0,0.9251321559695403,0.9002492858253279,0.9325138071591446,61222,13205,0,9252,0,7665,-0.00738165118960421,0.08904232829809189,0.08891574265243621,0.02488287014421242,ISIC_0021837,0,72.16920198046148,0.018794063015745176,ISIC_0021837,0.8606938621408085,0.8735605325980708,0.0,1.1727214301669533,0.11568834632635117,0.07733458280563354,0.07756248731408319,0.20473067462444305,0.20473367591183553,0.11581793325939932,canonical_letterbox_valid,3d99874f14ae5f316eec36e21141043d75bd4fd17ccfb31e3174198dee269596,0.3481935636501229,fixed_shrink,0,0,P2-IMA-M-v2,2,5b30c7bf11659747a0a01235,Shrink-D0-0.333333,17,ISIC_0021837_A09_T1_S1_5b30c7bf11659747a0a01235.png,S1,0.8055083155632019,0.8053464181046008,val,M,0.8606938621408085,T1,435419
0.3333333333333333,0.3333333333333333,A00,0.04200100526213646,0.04089490678626732,0.2701736746477689,0.07996703736037794,0.7279278977694913,0,0.0007919028953269675,0.0007527669270833334,6e0811712543811a10b6cde1ec29db65b7bb4f25142c6991f2738d3d5c073f0a,3840.0,0.8898335824544004,0.8575952226343908,0.8920054770601994,0,0,0,125738,4192,1413,-0.0021718946057990296,-0.0011760219931602478,-0.0011609672575084162,0.032238359820009554,ISIC_0021930,0,117.3822789331355,0.030568301805504034,ISIC_0021932,0.8015317058695398,0.8050630744035399,0.0,0.4760551727321521,0.08273813128471375,0.1088341772556305,0.10757225682165802,0.0815621092915535,0.0804069180419273,0.08156788529943572,canonical_letterbox_valid,3d99874f14ae5f316eec36e21141043d75bd4fd17ccfb31e3174198dee269596,0.43598794050870227,fixed_shrink,0,0,P2-IMA-M-v2,2,5b2bd5831165973263580318,Shrink-D0-0.333333,17,ISIC_0021932_A00_T2_S1_5b2bd5831165973263580318.png,S1,0.8765247464179993,0.8777591361873959,val,M,0.8015317058695398,T2,507804
0.3333333333333333,0.3333333333333333,A09,0.1236121654510498,0.12335523690566776,0.11592922975021472,0.049211260750147756,0.28382840468976345,0,0.0007919028953269675,0.0007527669270833334,6e0811712543811a10b6cde1ec29db65b7bb4f25142c6991f2738d3d5c073f0a,3840.0,0.8243255551305172,0.8552126838820496,0.8221961668134184,270032,1413,4192,0,0,0,0.002129388317098746,0.004980146884918213,0.005064083978094713,-0.030887128751532433,ISIC_0021930,0,180.81827833678747,0.047088093316871735,ISIC_0021932,0.701151206210006,0.6980756418400706,0.0,0.4760551727321521,0.15196040272712708,0.12159614264965057,0.12152972195093797,0.1569405496120453,0.156944557121161,0.1518804731430663,canonical_letterbox_valid,3d99874f14ae5f316eec36e21141043d75bd4fd17ccfb31e3174198dee269596,0.43598794050870227,fixed_shrink,0,0,P2-IMA-M-v2,2,5b30c78911659747a0a01231,Shrink-D0-0.333333,17,ISIC_0021932_A09_T1_S1_5b30c78911659747a0a01231.png,S1,0.8196913599967957,0.8195942906195351,val,M,0.701151206210006,T1,633542
0.3333333333333333,0.3333333333333333,A00,0.04054544121026993,0.04032680359945683,0.11210823640072405,0.05976151284961132,0.5912737988365273,0,0.0015360514322916667,0.0014241536458333333,6e0811712543811a10b6cde1ec29db65b7bb4f25142c6991f2738d3d5c073f0a,3840.0,0.8894583414658717,0.8974149936726168,0.8774457861857102,0,0,0,87785,0,10872,0.01201255528016143,0.00618375837802887,0.006136318151089254,-0.00795665220674513,ISIC_0021987,0,65.28397878562355,0.017001036142089466,ISIC_0021987,0.8009229862119013,0.7816511446732414,0.0,0.6420960162652145,0.07707197964191437,0.07339520007371902,0.07343683759781885,0.08325573801994324,0.0833220145183586,0.07718569636726935,canonical_letterbox_valid,3d99874f14ae5f316eec36e21141043d75bd4fd17ccfb31e3174198dee269596,0.8401660268698726,fixed_shrink,0,0,P2-IMA-M-v2,2,5b2bd5901165973263580333,Shrink-D0-0.333333,17,ISIC_0021987_A00_T2_S1_5b2bd5901165973263580333.png,S1,0.8864014744758606,0.8859554108649181,val,M,0.8009229862119013,T2,353175
0.3333333333333333,0.3333333333333333,A03,0.007952592335641384,0.008118391497479902,0.901318846113153,0.6831567777859553,0.9973279893119572,0,0.0015360514322916667,0.0014241536458333333,6e0811712543811a10b6cde1ec29db65b7bb4f25142c6991f2738d3d5c073f0a,3840.0,0.9732682517376362,0.9691688691047947,0.9754326606548718,18965,6272,0,4984,0,4600,-0.002164408917235572,0.0021568071097135544,0.0019972461940461726,0.004099382632841486,ISIC_0021987,0,26.027861556259637,0.0067780889469426136,ISIC_0021987,0.9479284665978148,0.9520434852806631,0.0,0.6420960162652145,0.022045742720365524,0.0229668989777565,0.023657458519091693,0.02420254983007908,0.02469763452237625,0.022700388328330077,canonical_letterbox_valid,3d99874f14ae5f316eec36e21141043d75bd4fd17ccfb31e3174198dee269596,0.8401660268698726,fixed_shrink,0,0,P2-IMA-M-v2,2,5b3104b511659747a0a012c6,Shrink-D0-0.333333,17,ISIC_0021987_A03_T3_S1_5b3104b511659747a0a012c6.png,S1,0.9638611078262329,0.9627176148408197,val,M,0.9479284665978148,T3,435976
0.3333333333333333,0.3333333333333333,A00,0.6156836152076721,0.6150773054774265,0.030961978674781756,0.0161062529379126,0.08105998295111527,0,0.008716865822120948,0.008768717447916666,6e0811712543811a10b6cde1ec29db65b7bb4f25142c6991f2738d3d5c073f0a,3840.0,0.7502547506932942,0.7471113254411194,0.7501567251612778,700042,2305,22022,1017534,34661,2709,9.802553201632147e-05,-0.010111749172210693,-0.010132216884357781,0.003143425252174814,ISIC_0022313,0,551.8639320938476,0.14371456564943946,ISIC_0022313,0.6003261473564286,0.6002006333618725,0.0,0.16273212278294938,0.5053330659866333,0.5180395841598511,0.5178948773426055,0.4952213168144226,0.4950002632523705,0.5051324801367283,canonical_letterbox_valid,3d99874f14ae5f316eec36e21141043d75bd4fd17ccfb31e3174198dee269596,0.5823113602241831,fixed_shrink,0,0,P2-IMA-M-v2,2,5b2bd5d511659732635803b4,Shrink-D0-0.333333,17,ISIC_0022313_A00_T2_S2_5b2bd5d511659732635803b4.png,S2,0.6050174236297607,0.60481234520397,val,M,0.0,T2,2579868
0.3333333333333333,0.3333333333333333,A08,0.7694128155708313,0.7687202573977848,0.0382134502699977,0.02075086122276989,0.08255707403533412,0,0.008716865822120948,0.008768717447916666,6e0811712543811a10b6cde1ec29db65b7bb4f25142c6991f2738d3d5c073f0a,3840.0,0.7009795485247939,0.7352866581111269,0.6948207284019229,3048625,5014,54474,11062,2209,0,0.006158820122871056,0.02977222204208374,0.029732964771553294,-0.034307109586332984,ISIC_0022313,0,873.1494430206941,0.22738266745330576,ISIC_0022313,0.5396216416213777,0.5323565455886962,0.0,0.16273212278294938,0.5459619760513306,0.48787105083465576,0.48756920163730527,0.5757341980934143,0.5753349732001186,0.5456020084285653,canonical_letterbox_valid,3d99874f14ae5f316eec36e21141043d75bd4fd17ccfb31e3174198dee269596,0.5823113602241831,fixed_shrink,0,0,P2-IMA-M-v2,2,5b2d39c1116597169d551a71,Shrink-D0-0.333333,17,ISIC_0022313_A08_T3_S1_5b2d39c1116597169d551a71.png,S1,0.6774888634681702,0.6775162405406542,val,M,0.0,T3,3586340
0.3333333333333333,0.3333333333333333,A00,0.36018651723861694,0.3602187831079688,0.0,0.0,0.07924156883636624,0,0.024378491352923172,0.02439872382198953,6e0811712543811a10b6cde1ec29db65b7bb4f25142c6991f2738d3d5c073f0a,3235.206330359781,0.7185213017844825,0.78469013426595,0.6884446899493234,0,0,0,785088,241,122093,0.030076611835159084,0.04016619920730591,0.04016979962752143,-0.06616883248146754,ISIC_0022662,0,424.2846237754765,0.1311460786268592,ISIC_0022662,0.5606970313162728,0.5249070966917307,0.0,0.3710115142029766,0.3746227025985718,0.29410722851753235,0.2940896548951035,0.4147889018058777,0.41481547900430904,0.3746456793767876,canonical_letterbox_valid,3d99874f14ae5f316eec36e21141043d75bd4fd17ccfb31e3174198dee269596,0.45565579548579116,fixed_shrink,0,0,P2-IMA-M-v2,2,5b2bd5fa1165973263580411,Shrink-D0-0.333333,17,ISIC_0022662_A00_T2_S1_5b2bd5fa1165973263580411.png,S1,0.6109411120414734,0.6109274243543936,val,M,0.0,T2,1002034
0.3333333333333333,0.3333333333333333,A03,0.27113381028175354,0.27102909355324767,0.17004530446133762,0.08620412676945607,0.282378990928598,0,0.024378491352923172,0.02439872382198953,6e0811712543811a10b6cde1ec29db65b7bb4f25142c6991f2738d3d5c073f0a,3235.206330359781,0.8545603629429975,0.9094257265061846,0.8243478345003245,37285,2335,232,426015,9,119758,0.03021252844267308,0.040215909481048584,0.040210257251373116,-0.05486536356318705,ISIC_0022662,0,264.8716643482754,0.08187164505171438,ISIC_0022662,0.7460544713981037,0.7011834441269116,0.0,0.3710115142029766,0.283044695854187,0.20988695323467255,0.20980523273433255,0.3232606053352356,0.32312964715758297,0.28291938990620985,canonical_letterbox_valid,3d99874f14ae5f316eec36e21141043d75bd4fd17ccfb31e3174198dee269596,0.45565579548579116,fixed_shrink,0,0,P2-IMA-M-v2,2,5b30bfbc11659747a0a011e4,Shrink-D0-0.333333,17,ISIC_0022662_A03_T1_S1_5b30bfbc11659747a0a011e4.png,S1,0.7050444483757019,0.705190313740828,val,M,0.7460544713981037,T1,1361107
0.3333333333333333,0.3333333333333333,A00,0.5708513259887695,0.5707081830480686,0.0,0.0,0.02124838361449267,0,0.038457093026221814,0.03869437172774869,6e0811712543811a10b6cde1ec29db65b7bb4f25142c6991f2738d3d5c073f0a,3235.206330359781,0.38298971071200405,0.2762547284816053,0.4056492892088156,0,0,0,1813740,178593,14389,-0.02265957849681155,-0.021126270294189453,-0.021114381295957774,0.10673498223039873,ISIC_0022662,0,1394.9880998058256,0.4311898399539456,ISIC_0022663,0.23685050939325966,0.25442914564733077,0.0,0.18189575343801376,0.6173190474510193,0.6910289525985718,0.6908696179227223,0.5961927771568298,0.5960982564030903,0.6172126376990481,canonical_letterbox_valid,3d99874f14ae5f316eec36e21141043d75bd4fd17ccfb31e3174198dee269596,0.723179175367594,fixed_shrink,0,0,P2-IMA-M-v2,3,5b2bd5fb1165973263580414,Shrink-D0-0.333333,17,ISIC_0022663_A00_T2_S2_5b2bd5fb1165973263580414.png,S2,0.33621320128440857,0.3362829076499723,val,M,0.0,T2,562911
0.3333333333333333,0.3333333333333333,A08,0.6834501028060913,0.6835134484136626,0.14268028938900684,0.08223536758308488,0.24923459280751328,0,0.038457093026221814,0.03869437172774869,6e0811712543811a10b6cde1ec29db65b7bb4f25142c6991f2738d3d5c073f0a,3235.206330359781,0.6632691429109264,0.7684238587444089,0.6313363321745932,1805907,4396,156146,301318,22447,9993,0.03193281073633325,0.023264646530151367,0.023235223251789616,-0.10515471583348246,ISIC_0022662,0,437.32950954705876,0.1351782436387679,ISIC_0022663,0.49618750056783434,0.46127938296023313,0.0,0.18189575343801376,0.520401120185852,0.48415637016296387,0.4843092293652001,0.5436657667160034,0.5436985707987629,0.5204633475469733,canonical_letterbox_valid,3d99874f14ae5f316eec36e21141043d75bd4fd17ccfb31e3174198dee269596,0.723179175367594,fixed_shrink,0,0,P2-IMA-M-v2,3,5b2d3b35116597169d551aa7,Shrink-D0-0.333333,17,ISIC_0022663_A08_T3_S1_5b2d3b35116597169d551aa7.png,S1,0.6426478028297424,0.6425867533197159,val,M,0.0,T3,2075333
0.3333333333333333,0.3333333333333333,A03,0.5860124230384827,0.5859306379824906,0.06791871954688608,0.04690755464588417,0.12941726466363748,0,0.038457093026221814,0.03869437172774869,6e0811712543811a10b6cde1ec29db65b7bb4f25142c6991f2738d3d5c073f0a,3235.206330359781,0.5443502821331488,0.7024295900298271,0.5296000365440531,1120677,5062,83982,1068801,94611,9327,0.014750245589095767,0.012310147285461426,0.01231947571623726,-0.15807930789667823,ISIC_0022662,0,733.6871012316478,0.2267821666725213,ISIC_0022663,0.373956917967088,0.360174136089687,0.0,0.18189575343801376,0.5047481060028076,0.4702688753604889,0.4702147034064663,0.517058253288269,0.5170083811168281,0.5046889054005909,canonical_letterbox_valid,3d99874f14ae5f316eec36e21141043d75bd4fd17ccfb31e3174198dee269596,0.723179175367594,fixed_shrink,0,0,P2-IMA-M-v2,3,5b302c0d11659747a0a01102,Shrink-D0-0.333333,17,ISIC_0022663_A03_T1_S1_5b302c0d11659747a0a01102.png,S1,0.5765161514282227,0.5765528271813088,val,M,0.0,T1,1307850
0.3333333333333333,0.3333333333333333,A00,0.4050780236721039,0.4049581876887037,0.3090955945196657,0.20328010671912702,0.5020587981188276,0,0.07870978168681766,0.07901589912280702,6e0811712543811a10b6cde1ec29db65b7bb4f25142c6991f2738d3d5c073f0a,4659.490100858677,0.8085170016457094,0.8383677337801773,0.751118163387758,765443,0,589542,1188587,200407,0,0.057398838257951335,0.028217613697052002,0.028221185668976967,-0.029850732134467872,ISIC_0023298,0,854.0,0.18328185735229272,ISIC_0023316,0.6785803933102322,0.6014325305789265,0.0,0.30032466573983685,0.3556036949157715,0.3380051255226135,0.3378835580382576,0.3838213086128235,0.3837410539943303,0.3555198683253533,canonical_letterbox_valid,3d99874f14ae5f316eec36e21141043d75bd4fd17ccfb31e3174198dee269596,0.5456720345355048,fixed_shrink,0,0,P2-IMA-M-v2,3,5b2bd75f1165976d8f829d2d,Shrink-D0-0.333333,17,ISIC_0023316_A00_T2_S2_5b2bd75f1165976d8f829d2d.png,S2,0.6938706040382385,0.6939184510379971,val,M,0.6785803933102322,T2,4125344
0.3333333333333333,0.3333333333333333,A08,0.6962611079216003,0.6965741926755972,0.11419902091904252,0.07275483812699075,0.21294586537516935,0,0.07870978168681766,0.07901589912280702,6e0811712543811a10b6cde1ec29db65b7bb4f25142c6991f2738d3d5c073f0a,4659.490100858677,0.7621459816888189,0.7595185664559946,0.7147666445745648,366310,0,499728,1816610,290221,0,0.047379337114254017,0.01965487003326416,0.019572422112943966,0.0026274152328242817,ISIC_0023298,0,746.1020371961872,0.16012525427593277,ISIC_0023316,0.6156994043034442,0.5561376395634896,0.0,0.30032466573983685,0.5558675527572632,0.5500206351280212,0.5505869948983024,0.5755224227905273,0.5758318534964121,0.5562594313834681,canonical_letterbox_valid,3d99874f14ae5f316eec36e21141043d75bd4fd17ccfb31e3174198dee269596,0.5456720345355048,fixed_shrink,0,0,P2-IMA-M-v2,3,5b2d3c19116597169d551ad4,Shrink-D0-0.333333,17,ISIC_0023316_A08_T3_S1_5b2d3c19116597169d551ad4.png,S1,0.584526002407074,0.584055329908661,val,M,0.0,T3,3497321
0.3333333333333333,0.3333333333333333,A09,0.5297629237174988,0.5274197237330954,0.3112936788080045,0.21850435406152724,0.3934223239329712,0,0.07870978168681766,0.07901589912280702,6e0811712543811a10b6cde1ec29db65b7bb4f25142c6991f2738d3d5c073f0a,4659.490100858677,0.8081461709221962,0.88054804374597,0.7322433050068167,2510295,0,787501,8651,2448,0,0.07590286591537954,0.0603964626789093,0.06010396614984925,-0.07240187282377375,ISIC_0023298,0,906.0270415390481,0.1944476803099293,ISIC_0023316,0.6780581235766963,0.5775897756239055,0.0,0.30032466573983685,0.4021117091178894,0.2913529872894287,0.2907222957312243,0.4625081717967987,0.46095660872445215,0.4008526425746029,canonical_letterbox_valid,3d99874f14ae5f316eec36e21141043d75bd4fd17ccfb31e3174198dee269596,0.5456720345355048,fixed_shrink,0,0,P2-IMA-M-v2,3,5b30c6d011659747a0a01228,Shrink-D0-0.333333,17,ISIC_0023316_A09_T1_S1_5b30c6d011659747a0a01228.png,S1,0.72553950548172,0.7257144385838896,val,M,0.6780581235766963,T1,5305280
0.3333333333333333,0.3333333333333333,A00,0.06841887533664703,0.06769989437139186,0.04368814868452812,0.0,0.3911756002074738,0,0.0010836744975002552,0.0010964912280701754,6e0811712543811a10b6cde1ec29db65b7bb4f25142c6991f2738d3d5c073f0a,4659.490100858677,0.8567999610766628,0.8422134447002833,0.8531416433675222,0,0,0,264890,1472,9404,0.0036583177091406016,0.0009700432419776917,0.0009218170851509055,0.014586516376379532,ISIC_0023380,0,172.27513241283378,0.03697295813142429,ISIC_0023381,0.7494750978871507,0.7438945170810836,0.0,0.44757047694173185,0.11395875364542007,0.12610822916030884,0.12554188999668828,0.11492879688739777,0.1142343643744857,0.11331254728933479,canonical_letterbox_valid,3d99874f14ae5f316eec36e21141043d75bd4fd17ccfb31e3174198dee269596,0.5921115027183174,fixed_shrink,0,0,P2-IMA-M-v2,2,5b2bd7701165976d8f829d54,Shrink-D0-0.333333,17,ISIC_0023381_A00_T2_S1_5b2bd7701165976d8f829d54.png,S1,0.8405013680458069,0.8410747997927223,val,M,0.7494750978871507,T2,792450
0.3333333333333333,0.3333333333333333,A03,0.02554064244031906,0.025803378435880014,0.668222327911889,0.3914894023259973,0.9060463781149045,0,0.0010836744975002552,0.0010964912280701754,6e0811712543811a10b6cde1ec29db65b7bb4f25142c6991f2738d3d5c073f0a,4659.490100858677,0.9501256719276596,0.941374857905984,0.9491423865521562,40596,3242,506,63719,966,6162,0.0009832853755034066,0.0006390698254108429,0.0005388524348748924,0.008750814021675657,ISIC_0023380,0,66.05489894071998,0.01417642220734561,ISIC_0023381,0.904989908337098,0.9032074130747726,0.0,0.44757047694173185,0.05208178982138634,0.06112455949187279,0.061547666734494584,0.05272085964679718,0.053030473138245285,0.05249162070337039,canonical_letterbox_valid,3d99874f14ae5f316eec36e21141043d75bd4fd17ccfb31e3174198dee269596,0.5921115027183174,fixed_shrink,0,0,P2-IMA-M-v2,2,5b30bd9e11659747a0a011cb,Shrink-D0-0.333333,17,ISIC_0023381_A03_T3_S1_5b30bd9e11659747a0a011cb.png,S1,0.9213770627975464,0.9208201370291392,val,M,0.904989908337098,T3,993621
0.3333333333333333,0.3333333333333333,A00,0.03674190863966942,0.03614540613528434,0.5788254720729347,0.23353943114601394,0.9546185527496159,0,0.004280231617115162,0.004292805989583333,6e0811712543811a10b6cde1ec29db65b7bb4f25142c6991f2738d3d5c073f0a,3840.0,0.9679382883545478,0.9721511079626549,0.9621063364560988,12807,6763,0,73071,0,23532,0.005831951898448984,0.011716954410076141,0.011777782468910952,-0.0042128196081071545,ISIC_0023625,0,37.0,0.009635416666666667,ISIC_0023628,0.937868615251049,0.9269796803373616,0.0,1.2173029881403217,0.051959067583084106,0.054174602031707764,0.053777716970945924,0.06367602199316025,0.06335845647522625,0.0515806740063153,canonical_letterbox_valid,3d99874f14ae5f316eec36e21141043d75bd4fd17ccfb31e3174198dee269596,0.5786980652059754,fixed_shrink,0,0,P2-IMA-M-v2,3,5b2bd7931165976d8f829d9c,Shrink-D0-0.333333,17,ISIC_0023628_A00_T2_S1_5b2bd7931165976d8f829d9c.png,S1,0.9328237771987915,0.9329840581226537,val,M,0.937868615251049,T2,1296322
0.3333333333333333,0.3333333333333333,A09,0.41352275013923645,0.4128531972203551,0.319483114470587,0.13763206377523668,0.5165718855347029,0,0.004280231617115162,0.004292805989583333,6e0811712543811a10b6cde1ec29db65b7bb4f25142c6991f2738d3d5c073f0a,3840.0,0.751692688748382,0.7510165498657325,0.7612542536485218,904596,28949,0,66,0,1346,-0.009561564900139818,-0.0191134512424469,-0.019060877657374464,0.0006761388826495018,ISIC_0023625,0,845.2340666662922,0.2201130381943469,ISIC_0023628,0.6021695795362246,0.6145363210252556,0.0,1.2173029881403217,0.3298131227493286,0.31467851996421814,0.3142812721864384,0.3106996715068817,0.3103321516789256,0.32939302933630005,canonical_letterbox_valid,3d99874f14ae5f316eec36e21141043d75bd4fd17ccfb31e3174198dee269596,0.5786980652059754,fixed_shrink,0,0,P2-IMA-M-v2,3,5b3106cf11659747a0a012e8,Shrink-D0-0.333333,17,ISIC_0023628_A09_T1_S1_5b3106cf11659747a0a012e8.png,S1,0.7538964748382568,0.754067138547755,val,M,0.0,T1,1369327
0.3333333333333333,0.3333333333333333,A03,0.5284544825553894,0.5248024563815987,0.14641349192945208,0.046509932789290026,0.356896876102418,0,0.004280231617115162,0.004292805989583333,6e0811712543811a10b6cde1ec29db65b7bb4f25142c6991f2738d3d5c073f0a,3840.0,0.7162936452806187,0.7155956052559824,0.7263547307404783,1084766,30237,0,0,0,58,-0.01006108545985962,-0.03140145540237427,-0.031090479298169715,0.0006980400246362484,ISIC_0023625,0,910.5772745265917,0.23712949857463325,ISIC_0023628,0.557988704073371,0.5702959436757222,0.0,1.2173029881403217,0.40352147817611694,0.3991747200489044,0.39682348185159694,0.3721200227737427,0.37013043331684603,0.40122091261501575,canonical_letterbox_valid,3d99874f14ae5f316eec36e21141043d75bd4fd17ccfb31e3174198dee269596,0.5786980652059754,fixed_shrink,0,0,P2-IMA-M-v2,3,5b3106f211659747a0a012eb,Shrink-D0-0.333333,17,ISIC_0023628_A03_T1_S1_5b3106f211659747a0a012eb.png,S1,0.7214115262031555,0.7223606311515672,val,M,0.0,T1,1369393
0.3333333333333333,0.3333333333333333,A00,0.08276534825563431,0.08352751907603018,0.18881162949381175,0.09950057449954451,0.5377806288796863,0,0.007258415222167969,0.007486979166666667,6e0811712543811a10b6cde1ec29db65b7bb4f25142c6991f2738d3d5c073f0a,2560.0,0.9597030915314636,0.9630190288292912,0.9526790407809193,684,327,0,120358,0,22506,0.007024050750544353,0.009479790925979614,0.009429283397736438,-0.0033159372978276425,ISIC_0024100,0,59.0,0.023046875,ISIC_0024104,0.9225280626319287,0.9096342743787637,0.0,0.3058148863337643,0.0675310492515564,0.06291361153125763,0.0634933248525375,0.07701084017753601,0.07747426628361778,0.06804498288588134,canonical_letterbox_valid,3d99874f14ae5f316eec36e21141043d75bd4fd17ccfb31e3174198dee269596,0.6802746579923092,fixed_shrink,0,0,P2-IMA-M-v2,2,5b2bd9ca1165976ea8195261,Shrink-D0-0.333333,17,ISIC_0024104_A00_T2_S1_5b2bd9ca1165976ea8195261.png,S1,0.9477032423019409,0.9474375533042675,val,M,0.9225280626319287,T2,1441356
0.3333333333333333,0.3333333333333333,A03,0.08645746856927872,0.08585458018681584,0.37888826159130023,0.20061667302595962,0.6029607749175584,0,0.007258415222167969,0.007486979166666667,6e0811712543811a10b6cde1ec29db65b7bb4f25142c6991f2738d3d5c073f0a,2560.0,0.9606348150406692,0.9573178872623072,0.9667208296136448,125659,20917,0,2157,0,1916,-0.00608601457297564,-0.0044240206480026245,-0.004285033519053655,0.003316927778362011,ISIC_0024100,0,73.40980860893181,0.028675706487863988,ISIC_0024104,0.9242514844080117,0.9355853261342494,0.0,0.3058148863337643,0.06812058389186859,0.07298398017883301,0.07249962311708358,0.06369656324386597,0.0634370112207645,0.06772204473981816,canonical_letterbox_valid,3d99874f14ae5f316eec36e21141043d75bd4fd17ccfb31e3174198dee269596,0.6802746579923092,fixed_shrink,0,0,P2-IMA-M-v2,2,5b3032d211659747a0a0114d,Shrink-D0-0.333333,17,ISIC_0024104_A03_T3_S1_5b3032d211659747a0a0114d.png,S1,0.9502162933349609,0.9504104907071795,val,M,0.9242514844080117,T3,1559557
0.3333333333333333,0.3333333333333333,A00,1.4218816757202148,1.4221381271739237,0.2897740563299748,0.28656858912677413,0.2970631547919162,0,0.007175728126808449,0.007161458333333333,6e0811712543811a10b6cde1ec29db65b7bb4f25142c6991f2738d3d5c073f0a,3840.0,0.24940502442858642,0.24976094304990712,0.24783963934618036,126,126,0,5430557,2037,48626,0.0015653850824060567,0.05265045166015625,0.0526622147087219,-0.00035591862132069996,ISIC_0036090,0,2069.7384375735523,0.5389943847847792,ISIC_0036090,0.14246871944047357,0.14144803461579217,0.0,0.1777942545891826,1.0809309482574463,1.0648165941238403,1.06508886716077,1.1335813999176025,1.1338639677538596,1.0812017530451377,canonical_letterbox_valid,3d99874f14ae5f316eec36e21141043d75bd4fd17ccfb31e3174198dee269596,0.6711519006516622,fixed_shrink,0,0,P2-IMA-M-v2,3,5b2bd9e91165976ea819529d,Shrink-D0-0.333333,17,ISIC_0036090_A00_T2_S2_5b2bd9e91165976ea819529d.png,S2,0.26001983880996704,0.2597346210836483,val,M,0.0,T2,902244
0.3333333333333333,0.3333333333333333,A08,0.9627285003662109,0.9629624863189091,0.15297982853387554,0.09250266522523963,0.2516283052302463,0,0.007175728126808449,0.007161458333333333,6e0811712543811a10b6cde1ec29db65b7bb4f25142c6991f2738d3d5c073f0a,3840.0,0.7565084721312463,0.7633361800287278,0.7572456547544479,442523,23355,1651,2210867,386,25397,-0.0007371826232016598,0.003277420997619629,0.0032811738234214127,-0.00682770789748155,ISIC_0036090,0,729.0,0.18984375,ISIC_0036090,0.6083744482182697,0.6093285110218835,0.0,0.1777942545891826,0.6407259702682495,0.6210678815841675,0.6211831542392088,0.6440033912658691,0.6441485256720366,0.6408673518486152,canonical_letterbox_valid,3d99874f14ae5f316eec36e21141043d75bd4fd17ccfb31e3174198dee269596,0.6711519006516622,fixed_shrink,0,0,P2-IMA-M-v2,3,5b2d31aa116597169d551a1f,Shrink-D0-0.333333,17,ISIC_0036090_A08_T3_S1_5b2d31aa116597169d551a1f.png,S1,0.6812765002250671,0.6812277826216788,val,M,0.0,T3,4121934
0.3333333333333333,0.3333333333333333,A03,0.37077274918556213,0.3710886512910453,0.3848310260902926,0.30581939556326765,0.46362384314632316,0,0.007175728126808449,0.007161458333333333,6e0811712543811a10b6cde1ec29db65b7bb4f25142c6991f2738d3d5c073f0a,3840.0,0.9074469650105343,0.8993938461836842,0.9078514720705962,95078,23929,344,993967,1693,24823,-0.0004045070600618983,-0.013367116451263428,-0.013332940995721965,0.008053118826850114,ISIC_0036090,0,377.1506327444575,0.0982163106105358,ISIC_0036090,0.8305747510181819,0.831252754414077,0.0,0.1777942545891826,0.2726486325263977,0.28244009613990784,0.28270415981227104,0.2592815160751343,0.259548845366263,0.27288178636198496,canonical_letterbox_valid,3d99874f14ae5f316eec36e21141043d75bd4fd17ccfb31e3174198dee269596,0.6711519006516622,fixed_shrink,0,0,P2-IMA-M-v2,3,5b30084e11659747a0a00f75,Shrink-D0-0.333333,17,ISIC_0036090_A03_T1_S1_5b30084e11659747a0a00f75.png,S1,0.8254754543304443,0.8253250785670754,val,M,0.8305747510181819,T1,5338834
0.3333333333333333,0.3333333333333333,A00,0.2695615291595459,0.26961664541680497,0.1070386104359431,0.059147924221523054,0.17057768933131817,0,0.010143845169632524,0.0101318359375,6e0811712543811a10b6cde1ec29db65b7bb4f25142c6991f2738d3d5c073f0a,3840.0,0.8310155475005054,0.7707732217302434,0.82268495367542,37602,6219,2982,537494,11751,50845,0.008330593825085386,0.01036807894706726,0.010356849676442403,0.060242325770262006,ISIC_0036152,0,202.1276797820232,0.05263741660990187,ISIC_0036152,0.7108867408147712,0.6987806333094377,0.0,0.22999722068599224,0.32311949133872986,0.32374995946884155,0.32375615102728583,0.3334875702857971,0.33349006735782394,0.32313321768138153,canonical_letterbox_valid,3d99874f14ae5f316eec36e21141043d75bd4fd17ccfb31e3174198dee269596,0.6845324639372337,fixed_shrink,0,0,P2-IMA-M-v2,3,5b2bda421165976ea8195357,Shrink-D0-0.333333,17,ISIC_0036152_A00_T2_S2_5b2bda421165976ea8195357.png,S2,0.6233225464820862,0.6233502100540419,val,M,0.7108867408147712,T2,1414076
0.3333333333333333,0.3333333333333333,A08,1.278579592704773,1.2781525635415432,0.0,0.0,0.0,0,0.010143845169632524,0.0101318359375,6e0811712543811a10b6cde1ec29db65b7bb4f25142c6991f2738d3d5c073f0a,3840.0,0.4813641194707084,0.5150920589567166,0.489251093355044,4205358,57064,14733,0,0,0,-0.007886973884335624,-0.027139782905578613,-0.027121311979772855,-0.03372793948600822,ISIC_0036152,0,904.8253973892415,0.2356316139034483,ISIC_0036152,0.3169713857300264,0.3238467300575872,0.0,0.22999722068599224,0.8688321113586426,0.9720492362976074,0.9718105235145531,0.841692328453064,0.8414764946955258,0.8685978066752986,canonical_letterbox_valid,3d99874f14ae5f316eec36e21141043d75bd4fd17ccfb31e3174198dee269596,0.6845324639372337,fixed_shrink,0,0,P2-IMA-M-v2,3,5b2d3298116597169d551a3b,Shrink-D0-0.333333,17,ISIC_0036152_A08_T3_S1_5b2d3298116597169d551a3b.png,S1,0.540915310382843,0.5409569501909459,val,M,0.0,T3,1951570
0.3333333333333333,0.3333333333333333,A03,0.2812146842479706,0.2811077958521331,0.3202596068751639,0.17293604507079482,0.49913792994420664,0,0.010143845169632524,0.0101318359375,6e0811712543811a10b6cde1ec29db65b7bb4f25142c6991f2738d3d5c073f0a,3840.0,0.7736661022852639,0.7090018420025892,0.7646723873491892,25390,5037,3351,704351,11382,52027,0.008993714936074704,0.0052307844161987305,0.005267252853203397,0.06466426028267469,ISIC_0036152,0,724.2470918092939,0.18860601349200362,ISIC_0036152,0.6308772054062803,0.6190037197568404,0.0,0.22999722068599224,0.34356391429901123,0.35228341817855835,0.35209000779237964,0.34879469871520996,0.3487083283848269,0.3434410755316235,canonical_letterbox_valid,3d99874f14ae5f316eec36e21141043d75bd4fd17ccfb31e3174198dee269596,0.6845324639372337,fixed_shrink,0,0,P2-IMA-M-v2,3,5b30046211659747a0a00f4b,Shrink-D0-0.333333,17,ISIC_0036152_A03_T1_S1_5b30046211659747a0a00f4b.png,S1,0.5940868258476257,0.5942256447888861,val,M,0.0,T1,1247219
0.3333333333333333,0.3333333333333333,A00,0.061942990869283676,0.06154390608982978,0.43306431496873965,0.27246376811594203,0.6153662875019902,0,0.0017118100766782408,0.00177001953125,6e0811712543811a10b6cde1ec29db65b7bb4f25142c6991f2738d3d5c073f0a,3840.0,0.7328001523374273,0.7293300200246086,0.7258974139439309,7402,2585,0,132918,0,9531,0.0069027383934964215,0.005055233836174011,0.005079259575689693,0.0034701323128187855,ISIC_0036170,0,524.2747326393046,0.13652987829148558,ISIC_0036170,0.5782830180173412,0.5697323134637972,0.0,0.6564146361440605,0.17590326070785522,0.18638019263744354,0.18652093244681525,0.18095849454402924,0.18088147773977326,0.17580221816408356,canonical_letterbox_valid,3d99874f14ae5f316eec36e21141043d75bd4fd17ccfb31e3174198dee269596,0.39261176437808304,fixed_shrink,0,0,P2-IMA-M-v2,3,5b2bda5b1165976ea819538a,Shrink-D0-0.333333,17,ISIC_0036170_A00_T2_S2_5b2bda5b1165976ea819538a.png,S2,0.7101364731788635,0.7099394697616627,val,M,0.0,T2,192415
0.3333333333333333,0.3333333333333333,A08,0.8618135452270508,0.8615271756225112,0.10323675511322455,0.08331665467606442,0.139216532148902,0,0.0017118100766782408,0.00177001953125,6e0811712543811a10b6cde1ec29db65b7bb4f25142c6991f2738d3d5c073f0a,3840.0,0.3833895018151288,0.3956629425809679,0.39453557943380985,1041786,11816,0,1112,0,300,-0.011146077618681027,-0.013072669506072998,-0.013035990595013258,-0.012273440765839083,ISIC_0036170,0,477.07924156483585,0.124239385824176,ISIC_0036170,0.23715638506962453,0.24574545183297877,0.0,0.6564146361440605,0.7369327545166016,0.7013192176818848,0.7011783403652294,0.7238600850105286,0.7237535571222082,0.7367895477172215,canonical_letterbox_valid,3d99874f14ae5f316eec36e21141043d75bd4fd17ccfb31e3174198dee269596,0.39261176437808304,fixed_shrink,0,0,P2-IMA-M-v2,3,5b2d3274116597169d551a35,Shrink-D0-0.333333,17,ISIC_0036170_A08_T1_S1_5b2d3274116597169d551a35.png,S1,0.3879479765892029,0.38794808018806826,val,M,0.0,T1,324221
0.3333333333333333,0.3333333333333333,A03,0.2098069041967392,0.20853226445368525,0.030315740625055775,0.01597975897196884,0.05423025633427174,0,0.0017118100766782408,0.00177001953125,6e0811712543811a10b6cde1ec29db65b7bb4f25142c6991f2738d3d5c073f0a,3840.0,0.5308305505688001,0.5488845118072476,0.5440257196974909,306451,8970,0,97061,0,3146,-0.013195169128690787,-0.0003051161766052246,-0.0002204219228340576,-0.01805396123844749,ISIC_0036170,0,333.9384657263108,0.08696314211622677,ISIC_0036170,0.36131336026236816,0.37365063865307985,0.0,0.6564146361440605,0.33577802777290344,0.30228570103645325,0.30123478555608096,0.3354729115962982,0.3344750397118782,0.33469546163471225,canonical_letterbox_valid,3d99874f14ae5f316eec36e21141043d75bd4fd17ccfb31e3174198dee269596,0.39261176437808304,fixed_shrink,0,0,P2-IMA-M-v2,3,5b30111a11659747a0a00fd8,Shrink-D0-0.333333,17,ISIC_0036170_A03_T1_S1_5b30111a11659747a0a00fd8.png,S1,0.5382508635520935,0.5391413411842607,val,M,0.0,T1,228272
0.3333333333333333,0.3333333333333333,A00,0.12389903515577316,0.12426485803134464,0.0,0.0,0.008256309854452184,0,0.005744792796947338,0.006001790364583333,6e0811712543811a10b6cde1ec29db65b7bb4f25142c6991f2738d3d5c073f0a,3840.0,0.766249595307471,0.7240482638857647,0.771385272595287,0,0,0,270028,24176,16485,-0.005135677287815943,0.06741788983345032,0.0673122160201503,0.042201331421706345,ISIC_0036180,0,145.79437574886077,0.037967285351265825,ISIC_0036180,0.6210734297578069,0.6278496060557055,0.0,0.8480947124245218,0.2829059064388275,0.22944606840610504,0.23023159203517765,0.35032379627227783,0.3508509859507572,0.2835387699306069,canonical_letterbox_valid,3d99874f14ae5f316eec36e21141043d75bd4fd17ccfb31e3174198dee269596,0.5316908562315873,fixed_shrink,0,0,P2-IMA-M-v2,2,5b2bda671165976ea81953a8,Shrink-D0-0.333333,17,ISIC_0036180_A00_T2_S1_5b2bda671165976ea81953a8.png,S1,0.5580872297286987,0.5571873181701309,val,M,0.0,T2,442585
0.3333333333333333,0.3333333333333333,A03,0.13926663994789124,0.1385996415693972,0.055254814279297425,0.028420910662541536,0.14875631776157996,0,0.005744792796947338,0.006001790364583333,6e0811712543811a10b6cde1ec29db65b7bb4f25142c6991f2738d3d5c073f0a,3840.0,0.721649613971462,0.6807487119461707,0.724519632791575,114,0,1186,310267,22990,16485,-0.0028700188201130628,0.06203767657279968,0.06227253185181969,0.040900902025291286,ISIC_0036180,0,246.39602185955238,0.06416563069259176,ISIC_0036180,0.564516287442457,0.568036679684292,0.0,0.8480947124245218,0.309429407119751,0.2635301351547241,0.26185091579944697,0.37146708369255066,0.3704114756144758,0.3081389437626561,canonical_letterbox_valid,3d99874f14ae5f316eec36e21141043d75bd4fd17ccfb31e3174198dee269596,0.5316908562315873,fixed_shrink,0,0,P2-IMA-M-v2,2,5b300f4511659747a0a00fbd,Shrink-D0-0.333333,17,ISIC_0036180_A03_T3_S1_5b300f4511659747a0a00fbd.png,S1,0.5204078555107117,0.522321754044085,val,M,0.0,T3,402346
0.3333333333333333,0.3333333333333333,A00,0.06234896555542946,0.06280904159643301,0.013198680131986803,0.0,0.28672952101198657,0,0.002937458179615162,0.0028076171875,6e0811712543811a10b6cde1ec29db65b7bb4f25142c6991f2738d3d5c073f0a,3840.0,0.8722097540106344,0.8154717688191262,0.885244317177757,0,0,0,179818,20755,36,-0.013034563167122593,-0.01229819655418396,-0.012420983631415722,0.05673798519150819,ISIC_0036303,0,97.0,0.025260416666666667,ISIC_0036303,0.773379409081056,0.794115096983916,0.0,0.4731998968029971,0.102242112159729,0.14797918498516083,0.14877798160801697,0.08994391560554504,0.09052462255524768,0.1029456061866634,canonical_letterbox_valid,3d99874f14ae5f316eec36e21141043d75bd4fd17ccfb31e3174198dee269596,0.5712499382522789,fixed_shrink,0,0,P2-IMA-M-v2,2,5b2bdb2f1165976fb48e6739,Shrink-D0-0.333333,17,ISIC_0036303_A00_T2_S1_5b2bdb2f1165976fb48e6739.png,S1,0.8578647375106812,0.8569178292231062,val,M,0.773379409081056,T2,613658
0.3333333333333333,0.3333333333333333,A03,0.0250538419932127,0.025172760828373667,0.8239544761058707,0.6156874924017527,0.9210767468499427,0,0.002937458179615162,0.0028076171875,6e0811712543811a10b6cde1ec29db65b7bb4f25142c6991f2738d3d5c073f0a,3840.0,0.9616996403830348,0.9336799268441803,0.9581438394388034,39637,2,12781,21826,7974,34,0.0035558009442313576,0.0003863200545310974,0.00023712976750782377,0.028019713538854463,ISIC_0036303,0,93.99678764403433,0.02447833011563394,ISIC_0036303,0.9262248938619371,0.9196507883801336,0.0,0.4731998968029971,0.04876451939344406,0.06699416041374207,0.06761377016965325,0.04915083944797516,0.04923248724370173,0.04899535747619391,canonical_letterbox_valid,3d99874f14ae5f316eec36e21141043d75bd4fd17ccfb31e3174198dee269596,0.5712499382522789,fixed_shrink,0,0,P2-IMA-M-v2,2,5b300ca311659747a0a00f96,Shrink-D0-0.333333,17,ISIC_0036303_A03_T3_S1_5b300ca311659747a0a00f96.png,S1,0.9275248050689697,0.9271820458759858,val,M,0.9262248938619371,T3,771650
0.3333333333333333,0.3333333333333333,A00,0.2652190625667572,0.2653045919936981,0.0,0.0,0.0,0,0.004791259765625,0.004740397135416667,6e0811712543811a10b6cde1ec29db65b7bb4f25142c6991f2738d3d5c073f0a,3840.0,0.4336545432674333,0.4013069368592147,0.4459461266628553,0,0,0,696802,33912,0,-0.012291583395422023,-0.0022905468940734863,-0.002276797776117223,0.0323476064082186,ISIC_0022342,0,433.2388473936998,0.112822616508776,ISIC_0036325,0.27685753573930416,0.28695667139597897,0.0,0.1501248494612098,0.48391401767730713,0.4897612929344177,0.4899475489887694,0.48162347078323364,0.4818815544939452,0.48415835227006243,canonical_letterbox_valid,3d99874f14ae5f316eec36e21141043d75bd4fd17ccfb31e3174198dee269596,0.5322342353998764,fixed_shrink,0,0,P2-IMA-M-v2,3,5b2bdb461165976fb48e676f,Shrink-D0-0.333333,17,ISIC_0036325_A00_T2_S2_5b2bdb461165976fb48e676f.png,S2,0.2973910868167877,0.29698788745357324,val,M,0.0,T2,266773
0.3333333333333333,0.3333333333333333,A08,1.559723973274231,1.5592026823937686,0.007061470749230934,0.0036112416867621175,0.013786855760318953,0,0.004791259765625,0.004740397135416667,6e0811712543811a10b6cde1ec29db65b7bb4f25142c6991f2738d3d5c073f0a,3840.0,0.2771773019389717,0.302030202551508,0.26851945500964125,4831600,0,33676,31215,236,0,0.00865784692933047,-0.013882994651794434,-0.013845043617044972,-0.024852900612536255,ISIC_0022342,0,1311.6914266527367,0.34158630902415016,ISIC_0036325,0.16088556428408116,0.15508083864213237,0.0,0.1501248494612098,1.0813370943069458,1.174155592918396,1.1737008729367435,1.0674540996551514,1.0671363933468423,1.0809814369638873,canonical_letterbox_valid,3d99874f14ae5f316eec36e21141043d75bd4fd17ccfb31e3174198dee269596,0.5322342353998764,fixed_shrink,0,0,P2-IMA-M-v2,3,5b2d32e4116597169d551a41,Shrink-D0-0.333333,17,ISIC_0036325_A08_T3_S1_5b2d32e4116597169d551a41.png,S1,0.39704981446266174,0.3972398084659942,val,M,0.0,T3,932360
0.3333333333333333,0.3333333333333333,A03,0.17260634899139404,0.17262548989947848,0.12497881567862991,0.050720479858711885,0.3165450313119476,0,0.004791259765625,0.004740397135416667,6e0811712543811a10b6cde1ec29db65b7bb4f25142c6991f2738d3d5c073f0a,3840.0,0.8011515549788027,0.7964773383537572,0.8076961255474665,47095,0,8178,288177,25734,0,-0.0065445705686637545,0.00044858455657958984,0.0004592198662895508,0.004674216625045524,ISIC_0022342,0,237.3723855444772,0.0618157254022076,ISIC_0036325,0.668267584869443,0.6774247260735723,0.0,0.1501248494612098,0.31083187460899353,0.3094669580459595,0.3094760332720663,0.3112804591655731,0.3113061453262043,0.31084692545991477,canonical_letterbox_valid,3d99874f14ae5f316eec36e21141043d75bd4fd17ccfb31e3174198dee269596,0.5322342353998764,fixed_shrink,0,0,P2-IMA-M-v2,3,5b300a2711659747a0a00f8d,Shrink-D0-0.333333,17,ISIC_0036325_A03_T1_S1_5b300a2711659747a0a00f8d.png,S1,0.550942599773407,0.5509316389796489,val,M,0.668267584869443,T1,675398
0.3333333333333333,0.3333333333333333,A04,0.4570232331752777,0.4568072275511848,0.18185066737471733,0.14902705223837046,0.259599987440736,0,0.005345662434895833,0.005472819010416667,6e0811712543811a10b6cde1ec29db65b7bb4f25142c6991f2738d3d5c073f0a,1280.0,0.8707398244876227,0.8812468887351663,0.8695716303476192,137694,1501,2650,925,53,0,0.0011681941400034646,-0.015063047409057617,-0.01499385070789444,-0.010507064247543663,ISIC_0000289,0,175.95894398674133,0.13746792498964167,ISIC_0000289,0.7710710457778637,0.7692408061335386,0.0,0.5679641667750748,0.2977140545845032,0.3052282929420471,0.30497481935558657,0.28265100717544556,0.2825367467459698,0.29753059745386423,canonical_letterbox_valid,3d99874f14ae5f316eec36e21141043d75bd4fd17ccfb31e3174198dee269596,0.5053963357156844,fixed_shrink,0,0,P2-IMA-M-v2,3,5457ada9bae47821f8802169,Shrink-D0-0.333333,17,ISIC_0000289_A04_T1_S1_5457ada9bae47821f8802169.png,S1,0.861595094203949,0.8617460326434563,val,H,0.7710710457778637,T1,466892
0.3333333333333333,0.3333333333333333,A03,0.9770450592041016,0.9708904957740848,0.14436062534910415,0.03511615343057806,0.167210648086683,0,0.005345662434895833,0.005472819010416667,6e0811712543811a10b6cde1ec29db65b7bb4f25142c6991f2738d3d5c073f0a,1280.0,0.793565137969312,0.8037983375068027,0.7922689184978204,237536,1363,2597,3852,106,138,0.0012962194714916109,-0.055096328258514404,-0.05463586573098711,-0.01023319953749069,ISIC_0000289,0,213.9686801292722,0.16716303135099392,ISIC_0000289,0.6577770279562148,0.6559977884417729,0.0,0.5679641667750748,0.5928843021392822,0.6466026306152344,0.6425853828880668,0.5377879738807678,0.5348285208925299,0.589464386623517,canonical_letterbox_valid,3d99874f14ae5f316eec36e21141043d75bd4fd17ccfb31e3174198dee269596,0.5053963357156844,fixed_shrink,0,0,P2-IMA-M-v2,3,57be0a7d9fc3c1434763a325,Shrink-D0-0.333333,17,ISIC_0000289_A03_T1_S1_57be0a7d9fc3c1434763a325.png,S1,0.7912765145301819,0.7919617225270509,val,H,0.6577770279562148,T1,463965
0.3333333333333333,0.3333333333333333,A02,0.23179610073566437,0.2321184168081147,0.08487770837623265,0.05229476185908049,0.27635396872337376,0,0.005345662434895833,0.005472819010416667,6e0811712543811a10b6cde1ec29db65b7bb4f25142c6991f2738d3d5c073f0a,1280.0,0.9140061441782581,0.924250835386229,0.9129233079768743,83118,1420,2518,4133,185,81,0.00108283620138383,0.004596233367919922,0.004558598298950445,-0.01024469120797089,ISIC_0000289,0,90.78546139112804,0.07092614171181878,ISIC_0000289,0.8416310454046303,0.8397965982306733,0.0,0.5679641667750748,0.16575053334236145,0.15333318710327148,0.15367855688903037,0.17034676671028137,0.17053420178820283,0.1659756034892524,canonical_letterbox_valid,3d99874f14ae5f316eec36e21141043d75bd4fd17ccfb31e3174198dee269596,0.5053963357156844,fixed_shrink,0,0,P2-IMA-M-v2,3,57c04cae9fc3c158f2bd0e30,Shrink-D0-0.333333,17,ISIC_0000289_A02_T1_S1_57c04cae9fc3c158f2bd0e30.png,S1,0.9002950191497803,0.90016720982961,val,H,0.8416310454046303,T1,463684
0.3333333333333333,0.3333333333333333,A03,0.37361979484558105,0.37451534797997327,0.04389012540035829,0.016930956194230802,0.0775374086235778,0,0.0273573058590005,0.0273262331838565,6e0811712543811a10b6cde1ec29db65b7bb4f25142c6991f2738d3d5c073f0a,1093.5890452999245,0.8617731196807428,0.8290209468776676,0.8803314580964351,107217,14426,0,1405,0,1782,-0.01855833841569232,-0.033217623829841614,-0.03334249225487271,0.032752172803075186,ISIC_0000547,0,74.79811085283954,0.06839690940057436,ISIC_0000547,0.7571189317186281,0.7862429148895892,0.0,0.5870089506228248,0.2612247169017792,0.3656894564628601,0.3664553236179994,0.22800709307193756,0.22842261166518354,0.26176510392005625,canonical_letterbox_valid,3d99874f14ae5f316eec36e21141043d75bd4fd17ccfb31e3174198dee269596,0.62879784686047,fixed_shrink,0,0,P2-IMA-M-v2,2,57be109d9fc3c1434763a335,Shrink-D0-0.333333,17,ISIC_0000547_A03_T1_S1_57be109d9fc3c1434763a335.png,S1,0.8511703610420227,0.8509851401398608,val,H,0.7571189317186281,T1,338601
0.3333333333333333,0.3333333333333333,A02,0.22510336339473724,0.22519157309952825,0.1841247452440577,0.08655007641857543,0.41000365155480634,0,0.0273573058590005,0.0273262331838565,6e0811712543811a10b6cde1ec29db65b7bb4f25142c6991f2738d3d5c073f0a,1093.5890452999245,0.9046629295395392,0.9194684102603784,0.8958647924830915,13077,4424,0,48387,0,11784,0.008798137056447719,0.02962164580821991,0.029628634084229055,-0.014805480720839204,ISIC_0000547,0,92.18079400673344,0.08429198738128563,ISIC_0000547,0.8259219503629458,0.8113723630802456,0.0,0.5870089506228248,0.17828670144081116,0.1405051350593567,0.14055926435562288,0.20790834724903107,0.20798494075514043,0.17835630667091137,canonical_letterbox_valid,3d99874f14ae5f316eec36e21141043d75bd4fd17ccfb31e3174198dee269596,0.62879784686047,fixed_shrink,0,0,P2-IMA-M-v2,2,57c04fc49fc3c158f2bd0e40,Shrink-D0-0.333333,17,ISIC_0000547_A02_T1_S1_57c04fc49fc3c158f2bd0e40.png,S1,0.8685299754142761,0.8684789597577055,val,H,0.8259219503629458,T1,291619
0.3333333333333333,0.3333333333333333,A06,0.04380379617214203,0.04375563737566965,0.3505118455688798,0.19632903480911748,0.6547773826866544,0,0.0033450976841353825,0.00356359649122807,6e0811712543811a10b6cde1ec29db65b7bb4f25142c6991f2738d3d5c073f0a,3634.3956856677014,0.827479484931374,0.8403842669068773,0.820009970388491,119453,5312,11500,8644,2861,720,0.007469514542883027,0.01479356735944748,0.014861487640709506,-0.012904781975503266,ISIC_0002412,0,199.41990757359173,0.05487016957454781,ISIC_0002412,0.7057270847691247,0.6949295755138414,0.0,0.9593791238681979,0.12427865713834763,0.11899705231189728,0.11891417652120394,0.1390722244977951,0.13906965524252202,0.12420816760181251,canonical_letterbox_valid,3d99874f14ae5f316eec36e21141043d75bd4fd17ccfb31e3174198dee269596,0.4755836174151964,fixed_shrink,0,0,P2-IMA-M-v2,2,54ee1fb1bae47871b5e03317,Shrink-D0-0.333333,17,ISIC_0002412_A06_T1_S1_54ee1fb1bae47871b5e03317.png,S1,0.7952464818954468,0.7953393021720446,val,H,0.7057270847691247,T1,307203
0.3333333333333333,0.3333333333333333,A04,0.16707533597946167,0.16702280085781293,0.06171445447201787,0.050181542683972784,0.19063131382239337,0,0.0033450976841353825,0.00356359649122807,6e0811712543811a10b6cde1ec29db65b7bb4f25142c6991f2738d3d5c073f0a,3634.3956856677014,0.6619979865398403,0.6888888888888889,0.6500582466693495,321436,5959,14353,541,8,73,0.011939739870490795,0.015438437461853027,0.015528711919239546,-0.026890902349048562,ISIC_0002412,0,259.2845739477032,0.07134186708678864,ISIC_0002412,0.49476606154565556,0.48154540376685895,0.0,0.9593791238681979,0.25185471773147583,0.25129932165145874,0.25139333276475107,0.26729315519332886,0.26745359951902586,0.2519248875997863,canonical_letterbox_valid,3d99874f14ae5f316eec36e21141043d75bd4fd17ccfb31e3174198dee269596,0.4755836174151964,fixed_shrink,0,0,P2-IMA-M-v2,2,54ee1fb5bae47871b5e0331d,Shrink-D0-0.333333,17,ISIC_0002412_A04_T1_S1_54ee1fb5bae47871b5e0331d.png,S1,0.66336590051651,0.6631730256582403,val,H,0.0,T1,315306
0.3333333333333333,0.3333333333333333,A02,0.03138863667845726,0.030807292052724405,0.2227415701559911,0.12579049596200273,0.6346359195515545,0,0.0005358914399092971,0.00041118421052631577,6e0811712543811a10b6cde1ec29db65b7bb4f25142c6991f2738d3d5c073f0a,3634.3956856677014,0.8783270297195553,0.9092109649460215,0.8702404976456406,55193,0,3256,11,11,0,0.008086532073914743,0.00516616553068161,0.0051966300506549185,-0.030883935226466153,ISIC_0003185,0,68.61923872732895,0.018880508525235717,ISIC_0003185,0.783050900745119,0.77028827447975,0.0,0.2756691830449446,0.07787385582923889,0.05799674615263939,0.05751716514809694,0.0830400213599205,0.08262435533910148,0.07742772528844656,canonical_letterbox_valid,3d99874f14ae5f316eec36e21141043d75bd4fd17ccfb31e3174198dee269596,0.6219568621710035,fixed_shrink,0,0,P2-IMA-M-v2,2,55f1bf829fc3c1423f77e17a,Shrink-D0-0.333333,17,ISIC_0003185_A02_T1_S1_55f1bf829fc3c1423f77e17a.png,S1,0.8756409287452698,0.8759518414758313,val,H,0.783050900745119,T1,199252
0.3333333333333333,0.3333333333333333,A05,0.019844362512230873,0.019561851502626276,0.31203070248623394,0.10521821116700152,0.7796285075698905,0,0.0005358914399092971,0.00041118421052631577,6e0811712543811a10b6cde1ec29db65b7bb4f25142c6991f2738d3d5c073f0a,3634.3956856677014,0.8918134582647165,0.8592455662794145,0.898896935183732,261,0,193,38696,3074,0,-0.007083476919015563,-0.0038830414414405823,-0.003946689919442636,0.03256789198530197,ISIC_0003185,0,49.64876634922564,0.013660803787825403,ISIC_0003185,0.8047503057276317,0.8163603970475948,0.0,0.2756691830449446,0.06668416410684586,0.08823046088218689,0.08854411771410502,0.06280112266540527,0.06279256124899858,0.06673925116844122,canonical_letterbox_valid,3d99874f14ae5f316eec36e21141043d75bd4fd17ccfb31e3174198dee269596,0.6219568621710035,fixed_shrink,0,0,P2-IMA-M-v2,2,566603da9fc3c12067285139,Shrink-D0-0.333333,17,ISIC_0003185_A05_T1_S1_566603da9fc3c12067285139.png,S1,0.8864760398864746,0.8860833491657438,val,H,0.8047503057276317,T1,160567
0.3333333333333333,0.3333333333333333,A07,0.09089601784944534,0.0900696214572355,0.03198928357431696,0.01472556438347767,0.20040310638470601,0,0.0031210304337784497,0.0029239766081871343,6e0811712543811a10b6cde1ec29db65b7bb4f25142c6991f2738d3d5c073f0a,3634.3956856677014,0.8994648155331192,0.9311027207120086,0.8867662504942402,167695,0,19027,0,0,0,0.012698565038879006,0.017887651920318604,0.01791314085480139,-0.031637905178889425,ISIC_0004110,0,74.06078584514209,0.020377744266316958,ISIC_0004110,0.8172976459347242,0.7965678824307437,0.0,0.4226970431005815,0.09579050540924072,0.0590394102036953,0.058644338270196744,0.11367815732955933,0.11320071541323451,0.09528757455843312,canonical_letterbox_valid,3d99874f14ae5f316eec36e21141043d75bd4fd17ccfb31e3174198dee269596,0.48156446958590154,fixed_shrink,0,0,P2-IMA-M-v2,2,5661d7969fc3c147bbd6a170,Shrink-D0-0.333333,17,ISIC_0004110_A07_T1_S1_5661d7969fc3c147bbd6a170.png,S1,0.8993149995803833,0.8994944723403693,val,H,0.8172976459347242,T1,750164
0.3333333333333333,0.3333333333333333,A06,0.026075126603245735,0.025376158181085424,0.55133618720928,0.30260638875362655,0.9016817028319667,0,0.0031210304337784497,0.0029239766081871343,6e0811712543811a10b6cde1ec29db65b7bb4f25142c6991f2738d3d5c073f0a,3634.3956856677014,0.9583245853453706,0.9770942765451939,0.9473139900093116,63522,0,17613,1586,1414,0,0.01101059533605897,0.010232433676719666,0.010190823137745914,-0.018769691199823302,ISIC_0004110,0,44.94441010848846,0.012366405310717123,ISIC_0004110,0.9199838758439988,0.8999017570469006,0.0,0.4226970431005815,0.03643110394477844,0.024639146402478218,0.02445404049923244,0.04666353762149811,0.046045287950860804,0.03585446481311489,canonical_letterbox_valid,3d99874f14ae5f316eec36e21141043d75bd4fd17ccfb31e3174198dee269596,0.48156446958590154,fixed_shrink,0,0,P2-IMA-M-v2,2,568bb4f29fc3c126c063ff46,Shrink-D0-0.333333,17,ISIC_0004110_A06_T1_S1_568bb4f29fc3c126c063ff46.png,S1,0.9532129168510437,0.9536672285548556,val,H,0.9199838758439988,T1,748578
0.3333333333333333,0.3333333333333333,A02,0.01581362634897232,0.01531667407241284,0.2577576083278597,0.047163631599633174,0.8869403067391348,0,0.00022291902872260014,0.0001599049707602339,6e0811712543811a10b6cde1ec29db65b7bb4f25142c6991f2738d3d5c073f0a,3634.3956856677014,0.7679365541653131,0.7756783055373266,0.7585138633798765,0,0,0,20717,125,1234,0.009422690785436671,0.005302265286445618,0.005326070282460488,-0.0077417513720134945,ISIC_0005842,0,39.81205847478876,0.01095424436909505,ISIC_0005842,0.6232930266387854,0.6109724796805932,0.0,0.21758286759602322,0.12615258991718292,0.12162468582391739,0.12070296163408668,0.13145485520362854,0.1304773669240764,0.12515129664161592,canonical_letterbox_valid,3d99874f14ae5f316eec36e21141043d75bd4fd17ccfb31e3174198dee269596,0.34038599912060163,fixed_shrink,0,0,P2-IMA-M-v2,2,560ee6f59fc3c1047093fbbb,Shrink-D0-0.333333,17,ISIC_0005842_A02_T1_S1_560ee6f59fc3c1047093fbbb.png,S1,0.7635084390640259,0.765014080789181,val,H,0.0,T1,34278
0.3333333333333333,0.3333333333333333,A05,0.02657954953610897,0.025644490057374347,0.09989295606784598,0.0,0.4881116666289618,0,0.00022291902872260014,0.0001599049707602339,6e0811712543811a10b6cde1ec29db65b7bb4f25142c6991f2738d3d5c073f0a,3634.3956856677014,0.6531561868609563,0.6603610072548097,0.6444052480247421,0,0,0,28325,125,1234,0.00875093883621425,0.005056008696556091,0.005095629773606225,-0.007204820393853395,ISIC_0005842,0,55.44817345074938,0.015256504312232747,ISIC_0005842,0.4849531775615965,0.4753671752459718,0.0,0.21758286759602322,0.19147655367851257,0.18679416179656982,0.18291761152576752,0.19653256237506866,0.1926314086743246,0.18753577890071838,canonical_letterbox_valid,3d99874f14ae5f316eec36e21141043d75bd4fd17ccfb31e3174198dee269596,0.34038599912060163,fixed_shrink,0,0,P2-IMA-M-v2,2,5661e13a9fc3c147bbd6a284,Shrink-D0-0.333333,17,ISIC_0005842_A05_T1_S1_5661e13a9fc3c147bbd6a284.png,S1,0.6436264514923096,0.6505729322559376,val,H,0.0,T1,26670
0.3333333333333333,0.3333333333333333,A04,0.06184650585055351,0.06106448352775032,0.23867367144099588,0.12220808018742724,0.5727980110895312,0,0.010684967041015625,0.010335286458333334,6e0811712543811a10b6cde1ec29db65b7bb4f25142c6991f2738d3d5c073f0a,1280.0,0.9404709793674622,0.9645873632008723,0.9180372008682034,21798,0,8034,369,369,0,0.02243377849925876,0.02109014242887497,0.021108007984051366,-0.024116383833410193,ISIC_0009942,0,34.438350715445125,0.026904961496441504,ISIC_0009942,0.8876311654078167,0.8484923895764876,0.0,0.452727235786571,0.06563872843980789,0.045491065829992294,0.044936476425115446,0.08672887086868286,0.0861519351202839,0.06504392713623254,canonical_letterbox_valid,3d99874f14ae5f316eec36e21141043d75bd4fd17ccfb31e3174198dee269596,0.6943075889504751,fixed_shrink,0,0,P2-IMA-M-v2,2,5592f1f09fc3c13155145c90,Shrink-D0-0.333333,17,ISIC_0009942_A04_T1_S1_5592f1f09fc3c13155145c90.png,S1,0.930569052696228,0.9309766292552852,val,H,0.8876311654078167,T1,175103
0.3333333333333333,0.3333333333333333,A06,0.08944985270500183,0.08821132702168816,0.13834586466165413,0.06803399207516135,0.33523903267779975,0,0.010684967041015625,0.010335286458333334,6e0811712543811a10b6cde1ec29db65b7bb4f25142c6991f2738d3d5c073f0a,1280.0,0.9244181274906453,0.898198406451443,0.937812326485286,1451,0,1737,23414,6666,0,-0.013394198994640671,-0.015888191759586334,-0.01606940443314797,0.026219721039202337,ISIC_0009942,0,29.427877939124322,0.022990529639940877,ISIC_0009942,0.8594586345472324,0.882906429691584,0.0,0.452727235786571,0.08990640938282013,0.1255093216896057,0.12490938675586141,0.0740182176232338,0.073012156226865,0.08908156066001297,canonical_letterbox_valid,3d99874f14ae5f316eec36e21141043d75bd4fd17ccfb31e3174198dee269596,0.6943075889504751,fixed_shrink,0,0,P2-IMA-M-v2,2,568bb8989fc3c126c063ff6a,Shrink-D0-0.333333,17,ISIC_0009942_A06_T1_S1_568bb8989fc3c126c063ff6a.png,S1,0.9096370339393616,0.9100482057016622,val,H,0.8594586345472324,T1,152058
0.3333333333333333,0.3333333333333333,A04,0.21701844036579132,0.21687022620023932,0.17374822515176483,0.12947599125385093,0.27431224180873554,0,0.0023956298828125,0.0022379557291666665,6e0811712543811a10b6cde1ec29db65b7bb4f25142c6991f2738d3d5c073f0a,1280.0,0.9337631668429096,0.9385978579828534,0.9340518754809165,69193,931,599,1713,153,201,-0.00028870863800689595,-0.004298120737075806,-0.004261708063844849,-0.004834691139943836,ISIC_0010175,0,45.72306613596884,0.03572114541872566,ISIC_0010175,0.8757558713086934,0.8762639137831648,0.0,0.21211759641450917,0.14471286535263062,0.13887694478034973,0.13868174359134638,0.1404147446155548,0.14035471284686607,0.14461642091071092,canonical_letterbox_valid,3d99874f14ae5f316eec36e21141043d75bd4fd17ccfb31e3174198dee269596,0.560566948743024,fixed_shrink,0,0,P2-IMA-M-v2,4,55a9390c9fc3c156bd715c4b,Shrink-D0-0.333333,17,ISIC_0010175_A04_T1_S1_55a9390c9fc3c156bd715c4b.png,S1,0.9275926947593689,0.9276373843788175,val,H,0.8757558713086934,T1,499793
0.3333333333333333,0.3333333333333333,A06,0.07297283411026001,0.07190572388533338,0.5341945119013047,0.31969335782144587,0.8301505866549181,0,0.0023956298828125,0.0022379557291666665,6e0811712543811a10b6cde1ec29db65b7bb4f25142c6991f2738d3d5c073f0a,1280.0,0.9780356125558284,0.9711963791802867,0.9782386212794588,2581,488,202,19087,550,644,-0.00020300872363043787,0.0016050860285758972,0.0016748084180340725,0.006839233375541709,ISIC_0010175,0,21.840329667841555,0.017062757553001216,ISIC_0010175,0.9570153564761639,0.9574041861950371,0.0,0.21211759641450917,0.05689021944999695,0.0638803243637085,0.06303543841339013,0.058495305478572845,0.05788127613180895,0.056206467713774876,canonical_letterbox_valid,3d99874f14ae5f316eec36e21141043d75bd4fd17ccfb31e3174198dee269596,0.560566948743024,fixed_shrink,0,0,P2-IMA-M-v2,4,57b711eb9fc3c1565f9bf373,Shrink-D0-0.333333,17,ISIC_0010175_A06_T1_S1_57b711eb9fc3c1565f9bf373.png,S1,0.9591923952102661,0.9594927884577836,val,H,0.9570153564761639,T1,482419
0.3333333333333333,0.3333333333333333,A03,0.3557511866092682,0.3541918232269757,0.07813167977004287,0.04903343808069114,0.12418210232367484,0,0.0023956298828125,0.0022379557291666665,6e0811712543811a10b6cde1ec29db65b7bb4f25142c6991f2738d3d5c073f0a,1280.0,0.9063030468123694,0.9118195672715159,0.9071305797176936,96726,1132,507,5775,245,0,-0.0008275329053242242,-0.0097198486328125,-0.00966114767239229,-0.005516520459146523,ISIC_0010175,0,75.39396492951552,0.058901535101184,ISIC_0010175,0.8286601184824617,0.8300448003050234,0.0,0.21211759641450917,0.22543300688266754,0.22654348611831665,0.22554059409191915,0.21571315824985504,0.2149056834857728,0.2245668311581651,canonical_letterbox_valid,3d99874f14ae5f316eec36e21141043d75bd4fd17ccfb31e3174198dee269596,0.560566948743024,fixed_shrink,0,0,P2-IMA-M-v2,4,57be143a9fc3c1434763a352,Shrink-D0-0.333333,17,ISIC_0010175_A03_T1_S1_57be143a9fc3c1434763a352.png,S1,0.9048851728439331,0.9050581609106455,val,H,0.8286601184824617,T1,495731
0.3333333333333333,0.3333333333333333,A02,0.08647141605615616,0.08518468355781912,0.32832651640414234,0.18621930290742736,0.6364528382275781,0,0.0023956298828125,0.0022379557291666665,6e0811712543811a10b6cde1ec29db65b7bb4f25142c6991f2738d3d5c073f0a,1280.0,0.9713744659378939,0.9737409480716613,0.9720433206809316,26470,1013,485,2916,267,119,-0.0006688547430376834,0.0003002285957336426,0.00042027383159295995,-0.0023664821337674447,ISIC_0010175,0,23.021728866442675,0.01798572567690834,ISIC_0010175,0.9443421670682001,0.9456072811597718,0.0,0.21211759641450917,0.06499503552913666,0.05994593724608421,0.05891301102079332,0.0652952641248703,0.06460115035090486,0.0641808765193119,canonical_letterbox_valid,3d99874f14ae5f316eec36e21141043d75bd4fd17ccfb31e3174198dee269596,0.560566948743024,fixed_shrink,0,0,P2-IMA-M-v2,4,57c0545f9fc3c158f2bd0e5d,Shrink-D0-0.333333,17,ISIC_0010175_A02_T1_S1_57c0545f9fc3c158f2bd0e5d.png,S1,0.9564813375473022,0.9568229305191953,val,H,0.9443421670682001,T1,498590
0.3333333333333333,0.3333333333333333,A06,0.09612435847520828,0.10129540866565502,0.5517586987017259,0.5033097754562769,0.6479079902133715,0,0.0034001668294270835,0.00360107421875,6e0811712543811a10b6cde1ec29db65b7bb4f25142c6991f2738d3d5c073f0a,1280.0,0.9734017440723621,0.9756456831090693,0.9745950645276007,34200,2109,366,1575,6,193,-0.0011933204552385668,0.0004174858331680298,0.0002119425728275004,-0.0022439390367071654,ISIC_0010190,0,33.83784863137726,0.026435819243263485,ISIC_0010190,0.9481817628774294,0.9504489697805182,0.0,0.17877155639395262,0.06796371936798096,0.061557043343782425,0.06511128078729242,0.06838120520114899,0.07121525670944504,0.07100331413661753,canonical_letterbox_valid,3d99874f14ae5f316eec36e21141043d75bd4fd17ccfb31e3174198dee269596,0.5945891124876369,fixed_shrink,0,0,P2-IMA-M-v2,3,568b330f9fc3c126c063febc,Shrink-D0-0.333333,17,ISIC_0010190_A06_T1_S1_568b330f9fc3c126c063febc.png,S1,0.9601969122886658,0.9592887803924199,val,H,0.9481817628774294,T1,654619
0.3333333333333333,0.3333333333333333,A03,0.2339753657579422,0.2406330432036546,0.338379624318151,0.0812030034285652,0.5031401458231051,0,0.0034001668294270835,0.00360107421875,6e0811712543811a10b6cde1ec29db65b7bb4f25142c6991f2738d3d5c073f0a,1280.0,0.9403824488386884,0.9410776764887895,0.9415521517292829,54385,1820,127,25574,245,482,-0.0011697028905944817,-0.005805283784866333,-0.0060639346823254114,-0.0006952276501011045,ISIC_0010190,0,73.00684899377592,0.05703660077638743,ISIC_0010190,0.8874734547460592,0.8895593233691982,0.0,0.17877155639395262,0.15007182955741882,0.1584133356809616,0.16258726569560064,0.1442665457725525,0.1478470762667351,0.1539110109490605,canonical_letterbox_valid,3d99874f14ae5f316eec36e21141043d75bd4fd17ccfb31e3174198dee269596,0.5945891124876369,fixed_shrink,0,0,P2-IMA-M-v2,3,57be14769fc3c1434763a354,Shrink-D0-0.333333,17,ISIC_0010190_A03_T1_S1_57be14769fc3c1434763a354.png,S1,0.9338316917419434,0.9328110213055336,val,H,0.8874734547460592,T1,630620
0.3333333333333333,0.3333333333333333,A02,0.10569839924573898,0.10330200891671017,0.41673637422296583,0.1577130152927428,0.7825783160591592,0,0.0034001668294270835,0.00360107421875,6e0811712543811a10b6cde1ec29db65b7bb4f25142c6991f2738d3d5c073f0a,1280.0,0.978130635484127,0.9797553749328699,0.9789492361066544,19535,1788,302,9388,70,514,-0.0008186006225273657,0.0008947998285293579,0.0009945962996043556,-0.0016247394487428624,ISIC_0010190,0,24.81912760470992,0.019389943441179624,ISIC_0010190,0.9571973379860861,0.9587664695277688,0.0,0.17877155639395262,0.07315737009048462,0.06849285960197449,0.06688495304833617,0.07405216991901398,0.07277473552033309,0.07178013922072873,canonical_letterbox_valid,3d99874f14ae5f316eec36e21141043d75bd4fd17ccfb31e3174198dee269596,0.5945891124876369,fixed_shrink,0,0,P2-IMA-M-v2,3,57c054969fc3c158f2bd0e5f,Shrink-D0-0.333333,17,ISIC_0010190_A02_T1_S1_57c054969fc3c158f2bd0e5f.png,S1,0.9593836665153503,0.9597417304752527,val,H,0.9571973379860861,T1,646806
0.3333333333333333,0.3333333333333333,A04,0.06511928141117096,0.06538194645726682,0.4134013301041251,0.24442442997621985,0.7504260886983898,0,0.004305521647135417,0.004109700520833333,6e0811712543811a10b6cde1ec29db65b7bb4f25142c6991f2738d3d5c073f0a,1280.0,0.973117355098368,0.9794663819611398,0.9696544479532088,19196,266,2763,1597,124,233,0.0034629071451592885,0.0034579262137413025,0.0035216511669415584,-0.006349026862771723,ISIC_0010479,0,22.620778132708242,0.017672482916178314,ISIC_0010479,0.9476422256523633,0.9410963593980496,0.0,0.28735944403077346,0.057007499039173126,0.05133625864982605,0.05146750341609985,0.06046542525291443,0.06071917897098642,0.05719752780404486,canonical_letterbox_valid,3d99874f14ae5f316eec36e21141043d75bd4fd17ccfb31e3174198dee269596,0.4582832021283349,fixed_shrink,0,0,P2-IMA-M-v2,2,55a7f9ce9fc3c156bd715651,Shrink-D0-0.333333,17,ISIC_0010479_A04_T1_S1_55a7f9ce9fc3c156bd715651.png,S1,0.9511042833328247,0.9509868908491771,val,H,0.9476422256523633,T1,376340
0.3333333333333333,0.3333333333333333,A06,0.0904325544834137,0.08988620958361275,0.22753059449093066,0.1383570722030902,0.5464659768632192,0,0.004305521647135417,0.004109700520833333,6e0811712543811a10b6cde1ec29db65b7bb4f25142c6991f2738d3d5c073f0a,1280.0,0.9596817056271467,0.951645520075671,0.960654115850928,807,0,793,28550,2094,499,-0.0009724102237812504,-0.001825869083404541,-0.0017628557584672688,0.008036185551475672,ISIC_0010479,0,30.364452901377952,0.023722228829201525,ISIC_0010479,0.9224885410725978,0.9242872180491,0.0,0.28735944403077346,0.07592134177684784,0.08698393404483795,0.08650388853750796,0.0740954726934433,0.07380182045707295,0.07556467621554022,canonical_letterbox_valid,3d99874f14ae5f316eec36e21141043d75bd4fd17ccfb31e3174198dee269596,0.4582832021283349,fixed_shrink,0,0,P2-IMA-M-v2,2,568b3a509fc3c126c063fef5,Shrink-D0-0.333333,17,ISIC_0010479_A06_T1_S1_568b3a509fc3c126c063fef5.png,S1,0.938589870929718,0.9387568571525323,val,H,0.9224885410725978,T1,349387
0.3333333333333333,0.3333333333333333,A04,0.08465048670768738,0.08466605479619961,0.31217619224290194,0.1924594595647381,0.5383986334525124,0,0.007152557373046875,0.007344563802083333,6e0811712543811a10b6cde1ec29db65b7bb4f25142c6991f2738d3d5c073f0a,1280.0,0.9576083328839654,0.968657722040446,0.9513347070806695,28630,412,4848,457,365,0,0.006273625803295935,0.008044704794883728,0.008009138759016515,-0.011049389156480571,ISIC_0010596,0,33.83784863137726,0.026435819243263485,ISIC_0010596,0.9186646086047123,0.9071862237685898,0.0,0.40299721688392626,0.07304824888706207,0.059334564954042435,0.059517474334722285,0.0810929536819458,0.08104933710310022,0.0730401983440837,canonical_letterbox_valid,3d99874f14ae5f316eec36e21141043d75bd4fd17ccfb31e3174198dee269596,0.5229348192777644,fixed_shrink,0,0,P2-IMA-M-v2,3,55a7d8889fc3c156bd715393,Shrink-D0-0.333333,17,ISIC_0010596_A04_T1_S1_55a7d8889fc3c156bd715393.png,S1,0.9385539889335632,0.9385856581080322,val,H,0.9186646086047123,T1,328531
0.3333333333333333,0.3333333333333333,A03,0.28467246890068054,0.28430127603497396,0.068951013080277,0.05048543689320389,0.13088547656091457,0,0.007152557373046875,0.007344563802083333,6e0811712543811a10b6cde1ec29db65b7bb4f25142c6991f2738d3d5c073f0a,1280.0,0.8784485740884945,0.9014312938409763,0.8711993095642028,90853,408,5213,150,0,4,0.007249264524291754,0.005218863487243652,0.005187001182359652,-0.022982719752481784,ISIC_0010596,0,75.23961722390672,0.05878095095617712,ISIC_0010596,0.7832441328979304,0.7717919708463837,0.0,0.40299721688392626,0.20256827771663666,0.17883962392807007,0.17865098102003982,0.2077871412038803,0.20743464471243764,0.202247643530078,canonical_letterbox_valid,3d99874f14ae5f316eec36e21141043d75bd4fd17ccfb31e3174198dee269596,0.5229348192777644,fixed_shrink,0,0,P2-IMA-M-v2,3,57be15e29fc3c1434763a361,Shrink-D0-0.333333,17,ISIC_0010596_A03_T1_S1_57be15e29fc3c1434763a361.png,S1,0.8795359134674072,0.879805988974818,val,H,0.7832441328979304,T1,328838
0.3333333333333333,0.3333333333333333,A02,0.0628700777888298,0.06215294665678341,0.4973510533681257,0.2645631308448916,0.8106882352207512,0,0.007152557373046875,0.007344563802083333,6e0811712543811a10b6cde1ec29db65b7bb4f25142c6991f2738d3d5c073f0a,1280.0,0.9725564992859113,0.9594753313392075,0.9729402524996973,4458,245,2456,13355,2757,167,-0.0003837532137860311,0.0025583505630493164,0.0025945608536320705,0.013081167946703776,ISIC_0010596,0,23.08679276123039,0.018036556844711244,ISIC_0010596,0.9465790562789778,0.9473063810237686,0.0,0.40299721688392626,0.05895650014281273,0.06843121349811554,0.06793010486365289,0.061514850705862045,0.061030241874016296,0.058435681020384225,canonical_letterbox_valid,3d99874f14ae5f316eec36e21141043d75bd4fd17ccfb31e3174198dee269596,0.5229348192777644,fixed_shrink,0,0,P2-IMA-M-v2,3,57c05f519fc3c158f2bd0e6c,Shrink-D0-0.333333,17,ISIC_0010596_A02_T1_S1_57c05f519fc3c158f2bd0e6c.png,S1,0.9449570775032043,0.945281584616015,val,H,0.9465790562789778,T1,315633
0.3333333333333333,0.3333333333333333,A04,0.29856544733047485,0.2990548308466157,0.00844069302532208,0.0,0.038890991913376846,0,0.008394877115885416,0.008158365885416666,6e0811712543811a10b6cde1ec29db65b7bb4f25142c6991f2738d3d5c073f0a,1280.0,0.864847589084584,0.8788220482271234,0.8704332055698872,113754,5382,1220,0,0,0,-0.005585616485303202,-0.005782321095466614,-0.005928406669303915,-0.013974459142539364,ISIC_0011107,0,102.61578825892242,0.08016858457728314,ISIC_0011107,0.761877947638017,0.770590291660474,0.0,0.6473515303095945,0.22091397643089294,0.20616331696510315,0.20662543633067595,0.21513165533542633,0.21522750732997603,0.22115591399927995,canonical_letterbox_valid,3d99874f14ae5f316eec36e21141043d75bd4fd17ccfb31e3174198dee269596,0.44100889835816826,fixed_shrink,0,0,P2-IMA-M-v2,3,55a020ea9fc3c156bd714796,Shrink-D0-0.333333,17,ISIC_0011107_A04_T1_S1_55a020ea9fc3c156bd714796.png,S1,0.856737494468689,0.8567430028480558,val,H,0.761877947638017,T1,363959
0.3333333333333333,0.3333333333333333,A03,0.5891878604888916,0.5896612134624218,0.0,0.0,0.0,0,0.008394877115885416,0.008158365885416666,6e0811712543811a10b6cde1ec29db65b7bb4f25142c6991f2738d3d5c073f0a,1280.0,0.798952025648371,0.8127480530076665,0.8044136430036285,183173,5382,1220,0,0,0,-0.00546161735525752,-0.023865044116973877,-0.024021690643779958,-0.013796027359295526,ISIC_0011107,0,138.0507153186828,0.10785212134272093,ISIC_0011107,0.6652124167476953,0.6728193562065461,0.0,0.6473515303095945,0.393754243850708,0.3871057629585266,0.38764135710986286,0.36988919973373413,0.3699636077605166,0.3939852984042966,canonical_letterbox_valid,3d99874f14ae5f316eec36e21141043d75bd4fd17ccfb31e3174198dee269596,0.44100889835816826,fixed_shrink,0,0,P2-IMA-M-v2,3,57be16e99fc3c1434763a366,Shrink-D0-0.333333,17,ISIC_0011107_A03_T1_S1_57be16e99fc3c1434763a366.png,S1,0.8016793727874756,0.8016906166538287,val,H,0.6652124167476953,T1,363959
0.3333333333333333,0.3333333333333333,A02,0.2599487602710724,0.26003869356625003,0.0,0.0,0.03128442388191232,0,0.008394877115885416,0.008158365885416666,6e0811712543811a10b6cde1ec29db65b7bb4f25142c6991f2738d3d5c073f0a,1280.0,0.8711863351955842,0.8853102637286012,0.8767812697240714,107630,5382,1220,0,0,0,-0.00559493452848725,-0.0015013813972473145,-0.0015849299842184694,-0.014123928533017027,ISIC_0011107,0,90.44335243676011,0.07065886909121884,ISIC_0011107,0.771771606207948,0.780597087718331,0.0,0.6473515303095945,0.19782458245754242,0.1791001856327057,0.17923551990790765,0.1963232010602951,0.19625925697001373,0.1978441869542322,canonical_letterbox_valid,3d99874f14ae5f316eec36e21141043d75bd4fd17ccfb31e3174198dee269596,0.44100889835816826,fixed_shrink,0,0,P2-IMA-M-v2,3,57c060a19fc3c158f2bd0e71,Shrink-D0-0.333333,17,ISIC_0011107_A02_T1_S1_57c060a19fc3c158f2bd0e71.png,S1,0.8642995953559875,0.8643503196577856,val,H,0.771771606207948,T1,363959
0.3333333333333333,0.3333333333333333,A04,0.1731351613998413,0.1730209325662052,0.0,0.0,0.0,0,0.0003916422526041667,0.0003255208333333333,6e0811712543811a10b6cde1ec29db65b7bb4f25142c6991f2738d3d5c073f0a,1280.0,0.8452172082251386,0.8521100661425837,0.8450854982058098,35288,141,167,0,0,0,0.0001317100193287679,-0.006602644920349121,-0.006580450117572911,-0.006892857917445094,ISIC_0011110,0,45.751978551663086,0.035743733243486786,ISIC_0011110,0.7319274362636361,0.7317299219058616,0.0,0.41267250550816587,0.1630193591117859,0.16535282135009766,0.16539696863103953,0.15641671419143677,0.15644495260788321,0.16302540272545613,canonical_letterbox_valid,3d99874f14ae5f316eec36e21141043d75bd4fd17ccfb31e3174198dee269596,0.7877225936193109,fixed_shrink,0,0,P2-IMA-M-v2,3,55a0206a9fc3c156bd714784,Shrink-D0-0.333333,17,ISIC_0011110_A04_T1_S1_55a0206a9fc3c156bd714784.png,S1,0.8470964431762695,0.846970127115293,val,H,0.7319274362636361,T1,96348
0.3333333333333333,0.3333333333333333,A03,0.2834477126598358,0.2824559947231955,0.0,0.0,0.04637328149518702,0,0.0003916422526041667,0.0003255208333333333,6e0811712543811a10b6cde1ec29db65b7bb4f25142c6991f2738d3d5c073f0a,1280.0,0.7978998277461243,0.8046756947046398,0.797770397303274,48808,141,167,0,0,0,0.00012943044285029792,-0.011468008160591125,-0.011385777818728432,-0.0067758669585155085,ISIC_0011110,0,67.44330307361018,0.052690080526257954,ISIC_0011110,0.6637548568436716,0.6635757392047177,0.0,0.41267250550816587,0.24197234213352203,0.2518550157546997,0.2510723928514893,0.2305043339729309,0.22988033461497967,0.2412661124337081,canonical_letterbox_valid,3d99874f14ae5f316eec36e21141043d75bd4fd17ccfb31e3174198dee269596,0.7877225936193109,fixed_shrink,0,0,P2-IMA-M-v2,3,57be16f99fc3c1434763a367,Shrink-D0-0.333333,17,ISIC_0011110_A03_T1_S1_57be16f99fc3c1434763a367.png,S1,0.7995030283927917,0.7999237698557793,val,H,0.6637548568436716,T1,96348
0.3333333333333333,0.3333333333333333,A02,0.10540062934160233,0.10412293396547255,0.0017597888253409594,0.0,0.17116473892141465,0,0.0003916422526041667,0.0003255208333333333,6e0811712543811a10b6cde1ec29db65b7bb4f25142c6991f2738d3d5c073f0a,1280.0,0.8859138158529913,0.8928819444444445,0.8857806285490953,24815,141,167,0,0,0,0.00013318730389599853,-0.0037010759115219116,-0.0036307690663278935,-0.006968128591453127,ISIC_0011110,0,33.53207340208699,0.026196932345380463,ISIC_0011110,0.7951932520653995,0.7949786651040334,0.0,0.41267250550816587,0.10947257280349731,0.10765735805034637,0.10675651215032606,0.1057714968919754,0.10494103144116071,0.1085718005074886,canonical_letterbox_valid,3d99874f14ae5f316eec36e21141043d75bd4fd17ccfb31e3174198dee269596,0.7877225936193109,fixed_shrink,0,0,P2-IMA-M-v2,3,57c060b29fc3c158f2bd0e72,Shrink-D0-0.333333,17,ISIC_0011110_A02_T1_S1_57c060b29fc3c158f2bd0e72.png,S1,0.8864554762840271,0.8869793329504954,val,H,0.7951932520653995,T1,96348
0.3333333333333333,0.3333333333333333,A04,0.13133765757083893,0.13256113204641717,0.6800874225489435,0.21489879196350134,0.7277640716693574,0,0.009240468343098959,0.00921630859375,6e0811712543811a10b6cde1ec29db65b7bb4f25142c6991f2738d3d5c073f0a,1280.0,0.9643288478631267,0.9632212408438192,0.9646587295001612,21484,3706,18,26836,24,3519,-0.00032988163703451256,0.008906431496143341,0.00879969632995091,0.001107607019307455,ISIC_0011121,0,58.0,0.0453125,ISIC_0011121,0.9311149063807099,0.9317302004530799,0.0,0.43306014139628735,0.09346962720155716,0.0881204754114151,0.08899235034807504,0.1023760586977005,0.10303546103812193,0.09423576470817102,canonical_letterbox_valid,3d99874f14ae5f316eec36e21141043d75bd4fd17ccfb31e3174198dee269596,0.6695982195237529,fixed_shrink,0,0,P2-IMA-M-v2,2,55a01ee49fc3c156bd714742,Shrink-D0-0.333333,17,ISIC_0011121_A04_T1_S1_55a01ee49fc3c156bd714742.png,S1,0.9443984031677246,0.9440896026300751,val,H,0.9311149063807099,T1,653138
0.3333333333333333,0.3333333333333333,A06,0.22016574442386627,0.21933582158334083,0.6864125282597314,0.6504640997945167,0.739777056221286,0,0.009240468343098959,0.00921630859375,6e0811712543811a10b6cde1ec29db65b7bb4f25142c6991f2738d3d5c073f0a,1280.0,0.9525124929127592,0.9425242610460751,0.955067596924431,63640,5286,42,3783,0,1939,-0.002555104011671805,-0.0032927989959716797,-0.0031820280491618447,0.009988231866684072,ISIC_0011121,0,155.5862526065494,0.12155175984886672,ISIC_0011121,0.9093306473519864,0.9139994071514701,0.0,0.43306014139628735,0.1439889371395111,0.1695840209722519,0.16872363858651127,0.14069613814353943,0.14039080395447023,0.14357283200363208,canonical_letterbox_valid,3d99874f14ae5f316eec36e21141043d75bd4fd17ccfb31e3174198dee269596,0.6695982195237529,fixed_shrink,0,0,P2-IMA-M-v2,2,568b3a1a9fc3c126c063fef2,Shrink-D0-0.333333,17,ISIC_0011121_A06_T1_S1_568b3a1a9fc3c126c063fef2.png,S1,0.9321878552436829,0.9321901575760767,val,H,0.9093306473519864,T1,676191
0.3333333333333333,0.3333333333333333,A04,0.10781271010637283,0.107132014910996,0.12140615842207877,0.07959099409807398,0.2258546958113307,0,0.010245005289713541,0.01025390625,6e0811712543811a10b6cde1ec29db65b7bb4f25142c6991f2738d3d5c073f0a,1280.0,0.8905644514308889,0.9389954815589735,0.8645417601746831,36788,0,7878,179,179,0,0.02602269125620582,0.027533769607543945,0.027661153317738302,-0.048431030128084585,ISIC_0011169,0,40.162171256046406,0.031376696293786255,ISIC_0011169,0.8027185108494946,0.7614033963130933,0.0,0.4482033412047311,0.11304411292076111,0.07166332751512527,0.07099520199145552,0.14057788252830505,0.1402258273931474,0.1125646740754091,canonical_letterbox_valid,3d99874f14ae5f316eec36e21141043d75bd4fd17ccfb31e3174198dee269596,0.48991489815811085,fixed_shrink,0,0,P2-IMA-M-v2,2,55a007d89fc3c156bd7145fd,Shrink-D0-0.333333,17,ISIC_0011169_A04_T1_S1_55a007d89fc3c156bd7145fd.png,S1,0.88172447681427,0.8820026667601778,val,H,0.8027185108494946,T1,150415
0.3333333333333333,0.3333333333333333,A06,0.0695515051484108,0.06964610479072866,0.19497880665145093,0.04900568181818182,0.5582727568623196,0,0.010245005289713541,0.01025390625,6e0811712543811a10b6cde1ec29db65b7bb4f25142c6991f2738d3d5c073f0a,1280.0,0.9177328779019278,0.9672847235324723,0.8904944866148128,26999,0,8057,0,0,0,0.027238391287115027,0.025048449635505676,0.025096305945852174,-0.04955184563054449,ISIC_0011169,0,46.66904755831214,0.036460193404931354,ISIC_0011169,0.8479726115331122,0.8026048323976733,0.0,0.4482033412047311,0.08177118003368378,0.053855545818805695,0.0539560610622625,0.10681962966918945,0.10694199045870986,0.08184568451285769,canonical_letterbox_valid,3d99874f14ae5f316eec36e21141043d75bd4fd17ccfb31e3174198dee269596,0.48991489815811085,fixed_shrink,0,0,P2-IMA-M-v2,2,568b39019fc3c126c063fee9,Shrink-D0-0.333333,17,ISIC_0011169_A06_T1_S1_568b39019fc3c126c063fee9.png,S1,0.9060091376304626,0.9059547357650133,val,H,0.8479726115331122,T1,150594
0.3333333333333333,0.3333333333333333,A04,0.12713243067264557,0.12736007758669912,0.38543371040342167,0.23783037738789192,0.5887747959491655,0,0.06998443603515625,0.06978352864583333,6e0811712543811a10b6cde1ec29db65b7bb4f25142c6991f2738d3d5c073f0a,1280.0,0.9669139295683096,0.937382114232257,0.9421572562702174,15562,12978,0,19050,0,42060,0.02475667329809217,0.03312235325574875,0.033090497679184136,0.029531815336052536,ISIC_0011349,0,31.400636936215164,0.024531747606418096,ISIC_0011349,0.935947117324184,0.8906401843324302,0.0,0.7638900506293252,0.09890566021203995,0.11331740021705627,0.11352927131114059,0.1320280134677887,0.13214012607977527,0.09904962840059113,canonical_letterbox_valid,3d99874f14ae5f316eec36e21141043d75bd4fd17ccfb31e3174198dee269596,0.5387042250218933,fixed_shrink,0,0,P2-IMA-M-v2,4,55a94c809fc3c156bd715db9,Shrink-D0-0.333333,17,ISIC_0011349_A04_T1_S1_55a94c809fc3c156bd715db9.png,S1,0.9293211102485657,0.9292608207855169,val,H,0.935947117324184,T1,505754
0.3333333333333333,0.3333333333333333,A06,0.16213171184062958,0.16248780230158683,0.24003024247480334,0.13543230443036028,0.46473788859378745,0,0.06998443603515625,0.06978352864583333,6e0811712543811a10b6cde1ec29db65b7bb4f25142c6991f2738d3d5c073f0a,1280.0,0.9447317115344078,0.946796997802668,0.9179406364946596,18360,11471,0,38535,0,43567,0.026791075039748202,0.04088369756937027,0.040845714175241105,-0.0020652862682601913,ISIC_0011349,0,59.638074608809944,0.04659224578813277,ISIC_0011349,0.8952526308812808,0.8483274277309363,0.0,0.7638900506293252,0.12238990515470505,0.11606386303901672,0.11629222644184718,0.16327360272407532,0.16345277985642315,0.12260706568118204,canonical_letterbox_valid,3d99874f14ae5f316eec36e21141043d75bd4fd17ccfb31e3174198dee269596,0.5387042250218933,fixed_shrink,0,0,P2-IMA-M-v2,4,57bda5d99fc3c11f2f681074,Shrink-D0-0.333333,17,ISIC_0011349_A06_T1_S1_57bda5d99fc3c11f2f681074.png,S1,0.9173519015312195,0.9172736709392227,val,H,0.8952526308812808,T1,486269
0.3333333333333333,0.3333333333333333,A03,0.1943129301071167,0.1940258737325735,0.18011622428145121,0.08816508816508815,0.35085461608797247,0,0.06998443603515625,0.06978352864583333,6e0811712543811a10b6cde1ec29db65b7bb4f25142c6991f2738d3d5c073f0a,1280.0,0.9291062109525113,0.8774128317261883,0.9551848606437762,75727,40910,0,3784,0,14128,-0.026078649691264832,-0.02546078711748123,-0.025838634916540495,0.051693379226323,ISIC_0011349,0,71.0334417167351,0.055494876341199297,ISIC_0011349,0.8675988416917695,0.9142142228455127,0.0,0.7638900506293252,0.14008969068527222,0.23693041503429413,0.2374669555569559,0.11462890356779099,0.11404467577214826,0.13988331068868876,canonical_letterbox_valid,3d99874f14ae5f316eec36e21141043d75bd4fd17ccfb31e3174198dee269596,0.5387042250218933,fixed_shrink,0,0,P2-IMA-M-v2,4,57be18ea9fc3c1434763a373,Shrink-D0-0.333333,17,ISIC_0011349_A03_T1_S1_57be18ea9fc3c1434763a373.png,S1,0.9141335487365723,0.914259252355196,val,H,0.8675988416917695,T1,521020
0.3333333333333333,0.3333333333333333,A02,0.17943300306797028,0.18049517730653786,0.1866889176275623,0.11196911695404338,0.35436895184320893,0,0.06998443603515625,0.06978352864583333,6e0811712543811a10b6cde1ec29db65b7bb4f25142c6991f2738d3d5c073f0a,1280.0,0.9379711984797034,0.9423245272590978,0.9095292393499944,20637,10422,0,43077,0,44616,0.028441959129709038,0.04198184609413147,0.041791860805449776,-0.0043533287793943165,ISIC_0011349,0,65.73431371817918,0.051354932592327485,ISIC_0011349,0.8831880991711294,0.8340702677876883,0.0,0.7638900506293252,0.13341519236564636,0.12615829706192017,0.12697458070923356,0.17539703845977783,0.17588060115276183,0.13408874034731205,canonical_letterbox_valid,3d99874f14ae5f316eec36e21141043d75bd4fd17ccfb31e3174198dee269596,0.5387042250218933,fixed_shrink,0,0,P2-IMA-M-v2,4,57c061f79fc3c158f2bd0e7e,Shrink-D0-0.333333,17,ISIC_0011349_A02_T1_S1_57c061f79fc3c158f2bd0e7e.png,S1,0.9126026034355164,0.9123176966119138,val,H,0.8831880991711294,T1,481727
0.3333333333333333,0.3333333333333333,A04,0.1126813068985939,0.11165651284164045,0.5222371366970978,0.3678006275287638,0.7290323283870794,0,0.01056671142578125,0.010599772135416666,6e0811712543811a10b6cde1ec29db65b7bb4f25142c6991f2738d3d5c073f0a,1280.0,0.9737917643109901,0.9688907420913165,0.9757561464446292,27335,5333,0,6786,0,2977,-0.001964382133639031,-0.0007425695657730103,-0.0006592648839665038,0.00490102221967359,ISIC_0011350,0,36.011102550927966,0.028133673867912472,ISIC_0011350,0.9489221879584444,0.9526599969895544,0.0,0.32087637463902247,0.08065403997898102,0.08760978281497955,0.08684112860824136,0.07991147041320801,0.07938240958311293,0.08004167446707944,canonical_letterbox_valid,3d99874f14ae5f316eec36e21141043d75bd4fd17ccfb31e3174198dee269596,0.5927830892546506,fixed_shrink,0,0,P2-IMA-M-v2,2,55a94c999fc3c156bd715dbf,Shrink-D0-0.333333,17,ISIC_0011350_A04_T1_S1_55a94c999fc3c156bd715dbf.png,S1,0.9513732194900513,0.9515731639074816,val,H,0.9489221879584444,T1,633899
0.3333333333333333,0.3333333333333333,A06,0.17670507729053497,0.17551643426559527,0.5159353278061641,0.3761347185169673,0.6433289281305051,0,0.01056671142578125,0.010599772135416666,6e0811712543811a10b6cde1ec29db65b7bb4f25142c6991f2738d3d5c073f0a,1280.0,0.9563642936808969,0.9480902826383208,0.9613261645272307,55025,7302,0,3152,0,1008,-0.004961870846333816,-0.009366609156131744,-0.009190846535907904,0.00827401104257608,ISIC_0011350,0,81.58431221748455,0.0637377439199098,ISIC_0011350,0.9163775136191804,0.9255322813534314,0.0,0.32087637463902247,0.11854145675897598,0.13669174909591675,0.1357314969474271,0.10917484760284424,0.10864758434523714,0.11783843088114504,canonical_letterbox_valid,3d99874f14ae5f316eec36e21141043d75bd4fd17ccfb31e3174198dee269596,0.5927830892546506,fixed_shrink,0,0,P2-IMA-M-v2,2,568b26fc9fc3c126c063fe71,Shrink-D0-0.333333,17,ISIC_0011350_A06_T1_S1_568b26fc9fc3c126c063fe71.png,S1,0.939622163772583,0.9398395725033052,val,H,0.9163775136191804,T1,637533
0.3333333333333333,0.3333333333333333,A00,1.7924675941467285,1.788808131755658,0.0,0.0,0.0,0,0.0006793550531914894,0.0006433823529411765,6e0811712543811a10b6cde1ec29db65b7bb4f25142c6991f2738d3d5c073f0a,3612.2104036171536,0.10432781496235599,0.11804049014202785,0.10099184264858801,2083810,0,4087,0,0,0,0.0033359723137679764,0.08860611915588379,0.08843511547232596,-0.013712675179671854,ISIC_0012149,0,1047.8999070557104,0.29009935467944403,ISIC_0012149,0.05503473426777334,0.05318136325935721,0.0,0.4014575107090805,1.3343586921691895,1.2102421522140503,1.208632281116302,1.4229648113250732,1.4208970714041025,1.3324619559317765,canonical_letterbox_valid,3d99874f14ae5f316eec36e21141043d75bd4fd17ccfb31e3174198dee269596,0.4341174696831948,fixed_shrink,0,0,P2-IMA-M-v2,2,5841e25e9fc3c156c3ef2955,Shrink-D0-0.333333,17,ISIC_0012149_A00_T2_S1_5841e25e9fc3c156c3ef2955.png,S1,0.12375033646821976,0.12388421989210482,val,H,0.0,T2,121361
0.3333333333333333,0.3333333333333333,A03,0.0934949442744255,0.09371543823863125,0.0,0.0,0.0,0,0.0006793550531914894,0.0006433823529411765,6e0811712543811a10b6cde1ec29db65b7bb4f25142c6991f2738d3d5c073f0a,3612.2104036171536,0.5592402210952926,0.613398141352143,0.5455441998074123,191299,0,4087,0,0,0,0.013696021287880278,0.02010977268218994,0.02024296082735,-0.0541579202568504,ISIC_0012149,0,184.69975636150687,0.051132059244543,ISIC_0012149,0.3881564638904881,0.37508475660461843,0.0,0.4014575107090805,0.2688218951225281,0.22879378497600555,0.22911159257119174,0.288931667804718,0.28956203300399014,0.26931907217664014,canonical_letterbox_valid,3d99874f14ae5f316eec36e21141043d75bd4fd17ccfb31e3174198dee269596,0.4341174696831948,fixed_shrink,0,0,P2-IMA-M-v2,2,58a476afd8311368134d5262,Shrink-D0-0.333333,17,ISIC_0012149_A03_T1_S1_58a476afd8311368134d5262.png,S1,0.55585116147995,0.555077293885351,val,H,0.0,T1,121361
0.3333333333333333,0.3333333333333333,A00,0.01809317246079445,0.018589048273800642,0.567907995618839,0.32271430002002804,0.8959290796972652,0,0.0006542553191489362,0.0005284926470588235,6e0811712543811a10b6cde1ec29db65b7bb4f25142c6991f2738d3d5c073f0a,3612.2104036171536,0.9101818978013176,0.9111958287408988,0.9040700782760086,6332,677,4,26075,0,3255,0.006111819525309037,0.004585795104503632,0.004424869668071388,-0.0010139309395811313,ISIC_0012191,0,133.37702848753096,0.036923936754617456,ISIC_0012191,0.8351686359081824,0.8249342046011748,0.0,0.6935154266940262,0.057450294494628906,0.05759420990943909,0.05954365368290306,0.06203608959913254,0.06415921299826309,0.0597343433301917,canonical_letterbox_valid,3d99874f14ae5f316eec36e21141043d75bd4fd17ccfb31e3174198dee269596,0.6466318267983052,fixed_shrink,0,0,P2-IMA-M-v2,2,5841e2759fc3c156c3ef29d3,Shrink-D0-0.333333,17,ISIC_0012191_A00_T2_S1_5841e2759fc3c156c3ef29d3.png,S1,0.9031925797462463,0.8991203616134172,val,H,0.8351686359081824,T2,164200
0.3333333333333333,0.3333333333333333,A03,0.022937381640076637,0.022838873336516956,0.562484983890048,0.2413880551814473,0.837776178968276,0,0.0006542553191489362,0.0005284926470588235,6e0811712543811a10b6cde1ec29db65b7bb4f25142c6991f2738d3d5c073f0a,3612.2104036171536,0.905915690115242,0.9072323630029578,0.9093666498158446,34823,2496,0,3891,4,1436,-0.003450959700602607,-0.0009545348584651947,-0.0007977771787039817,-0.001316672887715864,ISIC_0012191,0,74.51703876543617,0.02062920772577842,ISIC_0012191,0.8280126878070885,0.8337968480995894,0.0,0.6935154266940262,0.0630892962217331,0.06196122244000435,0.06218455284960944,0.0621347613632679,0.06257216218237364,0.06336993936107763,canonical_letterbox_valid,3d99874f14ae5f316eec36e21141043d75bd4fd17ccfb31e3174198dee269596,0.6466318267983052,fixed_shrink,0,0,P2-IMA-M-v2,2,58909ce0d831135f264ceb5c,Shrink-D0-0.333333,17,ISIC_0012191_A03_T1_S1_58909ce0d831135f264ceb5c.png,S1,0.8967587947845459,0.8960989946143617,val,H,0.8280126878070885,T1,186384
0.3333333333333333,0.3333333333333333,A00,0.020420502871274948,0.021111489887100255,0.7563850947670103,0.5012413281780167,0.8608116293155663,0,0.000955927437950696,0.0009191176470588235,6e0811712543811a10b6cde1ec29db65b7bb4f25142c6991f2738d3d5c073f0a,5147.6254720016295,0.9286589680585424,0.9208411415200541,0.9236470583191497,8292,2498,0,74077,0,9176,0.005011909739392695,0.001796439290046692,0.00195283148539184,0.007817826538488282,ISIC_0012228,0,281.94503010338735,0.05477186163541039,ISIC_0012228,0.8668191923683253,0.858126570339249,0.0,0.45298774655722374,0.05128151923418045,0.0560603030025959,0.05835886488973249,0.05307795852422714,0.055143669224114435,0.053190837738722595,canonical_letterbox_valid,3d99874f14ae5f316eec36e21141043d75bd4fd17ccfb31e3174198dee269596,0.6325643310153252,fixed_shrink,0,0,P2-IMA-M-v2,2,5841e28a9fc3c156c3ef2a42,Shrink-D0-0.333333,17,ISIC_0012228_A00_T2_S1_5841e28a9fc3c156c3ef2a42.png,S1,0.9178574681282043,0.9147298144096551,val,H,0.8668191923683253,T2,536106
0.3333333333333333,0.3333333333333333,A09,0.01474779099225998,0.014679727309317055,0.6421939361450331,0.418930438501871,0.9274318782523816,0,0.000955927437950696,0.0009191176470588235,6e0811712543811a10b6cde1ec29db65b7bb4f25142c6991f2738d3d5c073f0a,5147.6254720016295,0.946719170018949,0.9538508919292648,0.9498740691644898,59059,7549,0,8649,0,4125,-0.0031548991455407904,-0.0006489753723144531,-0.00046410793188310373,-0.007131721910315747,ISIC_0012228,0,69.00796641566818,0.013405786180639666,ISIC_0012228,0.8988288242519149,0.9045334861969773,0.0,0.45298774655722374,0.038940753787755966,0.032986316829919815,0.033337051573917115,0.03829177841544151,0.038730519227798785,0.03919462715968189,canonical_letterbox_valid,3d99874f14ae5f316eec36e21141043d75bd4fd17ccfb31e3174198dee269596,0.6325643310153252,fixed_shrink,0,0,P2-IMA-M-v2,2,58472a049fc3c10f04859aca,Shrink-D0-0.333333,17,ISIC_0012228_A09_T1_S1_58472a049fc3c10f04859aca.png,S1,0.936866283416748,0.9362904729899533,val,H,0.8988288242519149,T1,601534
0.3333333333333333,0.3333333333333333,A00,0.040241122245788574,0.04027443788898208,0.13129689020007448,0.01714561031394853,0.5816938493928551,0,0.0005224273645815865,0.0003676470588235294,6e0811712543811a10b6cde1ec29db65b7bb4f25142c6991f2738d3d5c073f0a,5147.6254720016295,0.778438164213178,0.7588420546210675,0.771000767699062,0,0,0,146354,4,6376,0.0074373965141160125,0.003477439284324646,0.0033517071280781408,0.019596109592110555,ISIC_0012261,0,168.03153646140598,0.03264253341183109,ISIC_0012261,0.6372482680844208,0.6273403167678069,0.0,0.5879672027113045,0.13821715116500854,0.15534013509750366,0.15605174998381036,0.1416945904493332,0.1421882308828506,0.13883652375477246,canonical_letterbox_valid,3d99874f14ae5f316eec36e21141043d75bd4fd17ccfb31e3174198dee269596,0.44050222264021466,fixed_shrink,0,0,P2-IMA-M-v2,2,5841e2a29fc3c156c3ef2aa5,Shrink-D0-0.333333,17,ISIC_0012261_A00_T2_S1_5841e2a29fc3c156c3ef2aa5.png,S1,0.7638068199157715,0.7626013903794372,val,H,0.0,T2,257101
0.3333333333333333,0.3333333333333333,A09,0.03436250239610672,0.033818526116042004,0.32271003088867445,0.23489339113509689,0.4805797352642863,0,0.0005224273645815865,0.0003676470588235294,6e0811712543811a10b6cde1ec29db65b7bb4f25142c6991f2738d3d5c073f0a,5147.6254720016295,0.8540072674004241,0.8649647606869622,0.8550376201831466,119128,3198,4,14020,0,3178,-0.0010303527827224546,0.0013973191380500793,0.0014465439981068556,-0.010957493286538056,ISIC_0012261,0,108.17116027180337,0.021013797693743546,ISIC_0012261,0.7452117654037732,0.7467822832047261,0.0,0.5879672027113045,0.09700742363929749,0.08975814282894135,0.08907544981317284,0.09840474277734756,0.0977203524980513,0.09627380849994445,canonical_letterbox_valid,3d99874f14ae5f316eec36e21141043d75bd4fd17ccfb31e3174198dee269596,0.44050222264021466,fixed_shrink,0,0,P2-IMA-M-v2,2,58471a419fc3c10f048599f4,Shrink-D0-0.333333,17,ISIC_0012261_A09_T1_S1_58471a419fc3c10f048599f4.png,S1,0.8403476476669312,0.8412709091161531,val,H,0.7452117654037732,T1,389435
0.3333333333333333,0.3333333333333333,A00,0.04819905757904053,0.049999537952848366,0.5452259300522181,0.21219396311881655,0.8399148798177074,0,0.0005492038141455643,0.00045955882352941176,6e0811712543811a10b6cde1ec29db65b7bb4f25142c6991f2738d3d5c073f0a,5147.6254720016295,0.9158062576389402,0.8887597303022494,0.9160930673053831,320,0,426,223144,3808,2473,-0.00028680966644289985,-0.001494094729423523,-0.0018144770961395218,0.027046527336690773,ISIC_0012400,0,222.38490633033572,0.04320145425107286,ISIC_0012400,0.8446887505959769,0.8451768686707771,0.0,0.8258735377790188,0.06797283887863159,0.099380724132061,0.10226642887806506,0.06647874414920807,0.0685285482789048,0.07034302537504432,canonical_letterbox_valid,3d99874f14ae5f316eec36e21141043d75bd4fd17ccfb31e3174198dee269596,0.7555555945167021,fixed_shrink,0,0,P2-IMA-M-v2,2,5841e2f69fc3c156c3ef2c46,Shrink-D0-0.333333,17,ISIC_0012400_A00_T2_S1_5841e2f69fc3c156c3ef2c46.png,S1,0.9122533798217773,0.9093134872027597,val,H,0.8446887505959769,T2,1215350
0.3333333333333333,0.3333333333333333,A03,0.052740663290023804,0.05160473116806918,0.3032251378043592,0.18914607183279356,0.6034999728777612,0,0.0005492038141455643,0.00045955882352941176,6e0811712543811a10b6cde1ec29db65b7bb4f25142c6991f2738d3d5c073f0a,5147.6254720016295,0.925720677567725,0.9497174365274828,0.9251167022885819,230682,2473,4226,143,8,0,0.0006039752791431319,0.0013774260878562927,0.0015661441301634826,-0.023996758959757725,ISIC_0012400,0,111.0,0.021563340340850046,ISIC_0012400,0.8617132045991555,0.8606671108001112,0.0,0.8258735377790188,0.06615854799747467,0.046341508626937866,0.04539803713521147,0.06753597408533096,0.06684284322511391,0.06527669909495043,canonical_letterbox_valid,3d99874f14ae5f316eec36e21141043d75bd4fd17ccfb31e3174198dee269596,0.7555555945167021,fixed_shrink,0,0,P2-IMA-M-v2,2,58909d74d831135f264ceb68,Shrink-D0-0.333333,17,ISIC_0012400_A03_T1_S1_58909d74d831135f264ceb68.png,S1,0.9204235672950745,0.9210513329781683,val,H,0.8617132045991555,T1,1438351
0.3333333333333333,0.3333333333333333,A00,0.4942518472671509,0.49427354443974125,0.0,0.0,0.0,0,0.033100128173828125,0.03338623046875,6e0811712543811a10b6cde1ec29db65b7bb4f25142c6991f2738d3d5c073f0a,1280.0,0.5977380299000361,0.6494233248900418,0.5679228590466131,0,0,0,171506,1824,24207,0.029815170853423,0.02471223473548889,0.024719112602014204,-0.05168529499000574,ISIC_0012623,0,190.43734561019187,0.1487791762579624,ISIC_0012623,0.4262670190345566,0.3965728121800238,0.0,0.6888347433621312,0.4825650155544281,0.4398280680179596,0.43983326265180783,0.507277250289917,0.5073003416443366,0.48258122904232237,canonical_letterbox_valid,3d99874f14ae5f316eec36e21141043d75bd4fd17ccfb31e3174198dee269596,0.4999867137659243,fixed_shrink,0,0,P2-IMA-M-v2,2,5b2bcdab116597326357fc19,Shrink-D0-0.333333,17,ISIC_0012623_A00_T2_S1_5b2bcdab116597326357fc19.png,S1,0.5291218161582947,0.5291110863550965,val,H,0.0,T2,127424
0.3333333333333333,0.3333333333333333,A09,0.39643463492393494,0.39657783778592276,0.03511186059584036,0.011183519024595332,0.0931660939173515,0,0.033100128173828125,0.03338623046875,6e0811712543811a10b6cde1ec29db65b7bb4f25142c6991f2738d3d5c073f0a,1280.0,0.6993179115089658,0.7544691170222007,0.6669210066888661,169,14,0,138118,1824,24193,0.032396904820099715,0.038519710302352905,0.038494067052566416,-0.055151205513234824,ISIC_0012623,0,166.1114083980989,0.12977453781101475,ISIC_0012623,0.5376547564518771,0.5002861871166026,0.0,0.6888347433621312,0.39232343435287476,0.32297974824905396,0.32314648488412234,0.43084314465522766,0.43089855209583183,0.3924044850432654,canonical_letterbox_valid,3d99874f14ae5f316eec36e21141043d75bd4fd17ccfb31e3174198dee269596,0.4999867137659243,fixed_shrink,0,0,P2-IMA-M-v2,2,5b30e98f11659747a0a01268,Shrink-D0-0.333333,17,ISIC_0012623_A09_T1_S1_5b30e98f11659747a0a01268.png,S1,0.611787736415863,0.6117688676993919,val,H,0.0,T1,160812
0.3333333333333333,0.3333333333333333,A00,1.5533760786056519,1.550908831867207,0.0,0.0,0.0,0,0.002440758596061626,0.002489948830409357,6e0811712543811a10b6cde1ec29db65b7bb4f25142c6991f2738d3d5c073f0a,4659.490100858677,0.41530088940831683,0.4464085768896469,0.41110116748016157,3912793,3404,21092,0,0,0,0.0041997219281552645,-0.09654831886291504,-0.09637048905812595,-0.031107687481330082,ISIC_0012806,0,826.4416494737751,0.1773674010642224,ISIC_0012806,0.2620692386539265,0.2587333812991701,0.0,0.933596479572714,1.061293601989746,1.2362269163131714,1.2346148160100312,0.964745283126831,0.9635426566029016,1.0599131456610276,canonical_letterbox_valid,3d99874f14ae5f316eec36e21141043d75bd4fd17ccfb31e3174198dee269596,0.5649307967943301,fixed_shrink,0,0,P2-IMA-M-v2,2,5841e3e59fc3c156c3ef3108,Shrink-D0-0.333333,17,ISIC_0012806_A00_T2_S1_5841e3e59fc3c156c3ef3108.png,S1,0.43078890442848206,0.4310825405451519,val,H,0.0,T2,1389592
0.3333333333333333,0.3333333333333333,A03,0.09228268265724182,0.09227203343530734,0.2239131126745644,0.1062173173042119,0.4340769796980867,0,0.002440758596061626,0.002489948830409357,6e0811712543811a10b6cde1ec29db65b7bb4f25142c6991f2738d3d5c073f0a,4659.490100858677,0.8725859544082009,0.8966220920014631,0.8651623809970699,350301,839,19947,42965,1145,2565,0.007423573411130979,0.020201921463012695,0.020213632420468253,-0.024036137593262286,ISIC_0012806,0,281.42992012586467,0.06039929563837923,ISIC_0012806,0.7739711579964975,0.7623666738834431,0.0,0.933596479572714,0.14375431835651398,0.12991639971733093,0.12991524181302982,0.16395623981952667,0.16397198046736344,0.1437583480468952,canonical_letterbox_valid,3d99874f14ae5f316eec36e21141043d75bd4fd17ccfb31e3174198dee269596,0.5649307967943301,fixed_shrink,0,0,P2-IMA-M-v2,2,5847325f9fc3c10f04859aef,Shrink-D0-0.333333,17,ISIC_0012806_A03_T1_S1_5847325f9fc3c10f04859aef.png,S1,0.8047740459442139,0.8047553373415169,val,H,0.7739711579964975,T1,1346627
0.3333333333333333,0.3333333333333333,A00,0.3181246817111969,0.31734124831822313,0.1778285381275623,0.08841523455188648,0.28046773663451857,0,0.012628853242016121,0.012312682748538011,6e0811712543811a10b6cde1ec29db65b7bb4f25142c6991f2738d3d5c073f0a,4659.490100858677,0.7488840662095175,0.7521354196347111,0.7492938817654868,683361,29346,24558,693133,33924,38918,-0.0004098155559693062,0.017819136381149292,0.017903335099197892,-0.0032513534251935594,ISIC_0013159,0,507.04205932066304,0.10881921591103338,ISIC_0013159,0.5985728788063929,0.5990966789410002,0.0,0.7236970181985843,0.3428976535797119,0.3250140845775604,0.3242901339583135,0.3607167899608612,0.3604756281424258,0.3425722930432279,canonical_letterbox_valid,3d99874f14ae5f316eec36e21141043d75bd4fd17ccfb31e3174198dee269596,0.5015241632477655,fixed_shrink,0,0,P2-IMA-M-v2,2,5841e4bc9fc3c156c3ef352b,Shrink-D0-0.333333,17,ISIC_0013159_A00_T2_S1_5841e4bc9fc3c156c3ef352b.png,S1,0.6323294043540955,0.6321966622317674,val,H,0.0,T2,2052507
0.3333333333333333,0.3333333333333333,A03,0.300936222076416,0.30080102017648347,0.04801806104285156,0.02817533729129738,0.061969811925014016,0,0.012628853242016121,0.012312682748538011,6e0811712543811a10b6cde1ec29db65b7bb4f25142c6991f2738d3d5c073f0a,4659.490100858677,0.5571273905872486,0.5571336226798411,0.5563694490229044,1746,1278,0,1684809,58482,66986,0.0007579415643441667,0.015862703323364258,0.015881792836590303,-6.232092592539651e-06,ISIC_0013159,0,567.5221577693928,0.12179919808495927,ISIC_0013159,0.38612375545336547,0.3853960063718073,0.0,0.7236970181985843,0.41790077090263367,0.38277390599250793,0.3825542761730195,0.4337634742259979,0.4336125492747591,0.4177307564381688,canonical_letterbox_valid,3d99874f14ae5f316eec36e21141043d75bd4fd17ccfb31e3174198dee269596,0.5015241632477655,fixed_shrink,0,0,P2-IMA-M-v2,2,58a496c1d8311352d32caf11,Shrink-D0-0.333333,17,ISIC_0013159_A03_T1_S1_58a496c1d8311352d32caf11.png,S1,0.4651346802711487,0.4653395073001459,val,H,0.0,T1,1060831
0.3333333333333333,0.3333333333333333,A00,0.033458542078733444,0.031871310946123006,0.0,0.0,0.0,0,8.294547872340426e-05,6.893382352941176e-05,6e0811712543811a10b6cde1ec29db65b7bb4f25142c6991f2738d3d5c073f0a,3612.2104036171536,0.0,0.0,0.0,7892,0,0,18347,499,0,0.0,-0.0011187195777893066,-0.001086098551618564,0.0,ISIC_0013196,0,1485.5762685320503,0.41126515416832893,ISIC_0013196,0.0,0.0,0.0,0.4946802118557768,0.5167199373245239,0.5174146294593811,0.5166233910668613,0.5156012177467346,0.5148409105080505,0.515927009059669,canonical_letterbox_valid,3d99874f14ae5f316eec36e21141043d75bd4fd17ccfb31e3174198dee269596,0.40703704588775147,fixed_shrink,0,0,P2-IMA-M-v2,2,5841e4d19fc3c156c3ef359a,Shrink-D0-0.333333,17,ISIC_0013196_A00_T2_S1_5841e4d19fc3c156c3ef359a.png,S1,1.8704737158259377e-05,1.7292826785003802e-05,val,H,0.0,T2,0
0.3333333333333333,0.3333333333333333,A03,0.0007892808644101024,0.0008437663733281078,1.0,0.9659319171866287,1.0,0,8.294547872340426e-05,6.893382352941176e-05,6e0811712543811a10b6cde1ec29db65b7bb4f25142c6991f2738d3d5c073f0a,3612.2104036171536,0.9455247552061785,0.9312155211470298,0.94781295446918,768,0,195,1207,304,0,-0.0022881992630015002,0.002636302262544632,0.003817539435312031,0.014309234059148745,ISIC_0013196,0,8.94427190999916,0.002476121518570083,ISIC_0013196,0.8966780015694481,0.900802721811706,0.0,0.4946802118557768,0.04414355382323265,0.05145380645990372,0.05145796760313985,0.04677985608577728,0.04912638042109514,0.04530884098578311,canonical_letterbox_valid,3d99874f14ae5f316eec36e21141043d75bd4fd17ccfb31e3174198dee269596,0.40703704588775147,fixed_shrink,0,0,P2-IMA-M-v2,2,58473fc59fc3c10f04859b7f,Shrink-D0-0.333333,17,ISIC_0013196_A03_T1_S1_58473fc59fc3c10f04859b7f.png,S1,0.9125021696090698,0.9102260844017619,val,H,0.8966780015694481,T1,17140
0.3333333333333333,0.3333333333333333,A00,0.36710724234580994,0.3642076589009132,0.01690102605292035,0.0,0.06838038703734384,0,0.002356715425531915,0.0021599264705882354,6e0811712543811a10b6cde1ec29db65b7bb4f25142c6991f2738d3d5c073f0a,3612.2104036171536,0.46851138574477974,0.5550862257311315,0.45188608336730535,674762,272,13906,0,0,0,0.016625302377474394,-0.013743817806243896,-0.013360318203526567,-0.08657483998635179,ISIC_0013207,0,451.20343296847915,0.12491061775268081,ISIC_0013207,0.3059189479985928,0.2918945941331007,0.0,1.1716182216083684,0.44356513023376465,0.4185725450515747,0.4163851337402675,0.42982131242752075,0.428165353397766,0.4415256716012926,canonical_letterbox_valid,3d99874f14ae5f316eec36e21141043d75bd4fd17ccfb31e3174198dee269596,0.41008268187135344,fixed_shrink,0,0,P2-IMA-M-v2,2,5841e4d79fc3c156c3ef35bb,Shrink-D0-0.333333,17,ISIC_0013207_A00_T2_S1_5841e4d79fc3c156c3ef35bb.png,S1,0.4799770414829254,0.4811563156983281,val,H,0.0,T2,297404
0.3333333333333333,0.3333333333333333,A03,0.036965012550354004,0.03677206444303431,0.3366148571958027,0.197779210545168,0.574211415062479,0,0.002356715425531915,0.0021599264705882354,6e0811712543811a10b6cde1ec29db65b7bb4f25142c6991f2738d3d5c073f0a,3612.2104036171536,0.8346896263406758,0.8068770323979284,0.8445253182095287,25937,57,3085,65801,10821,215,-0.009835691868852914,0.032077670097351074,0.032142961224160826,0.027812593942747377,ISIC_0013207,0,494.756757707434,0.13696786798797772,ISIC_0013207,0.7162809541629426,0.730890370441428,0.0,1.1716182216083684,0.15439194440841675,0.16452376544475555,0.1642877618571977,0.18646961450576782,0.18623314823791096,0.15409018701375013,canonical_letterbox_valid,3d99874f14ae5f316eec36e21141043d75bd4fd17ccfb31e3174198dee269596,0.41008268187135344,fixed_shrink,0,0,P2-IMA-M-v2,2,584735b49fc3c10f04859aff,Shrink-D0-0.333333,17,ISIC_0013207_A03_T1_S1_584735b49fc3c10f04859aff.png,S1,0.7281811237335205,0.7285916904155341,val,H,0.7162809541629426,T1,231603
0.3333333333333333,0.3333333333333333,A00,0.12106317281723022,0.12153138972258574,0.1735305896923873,0.09223086263306224,0.3992924184447488,0,0.004019087759936274,0.004457720588235294,6e0811712543811a10b6cde1ec29db65b7bb4f25142c6991f2738d3d5c073f0a,5147.6254720016295,0.8718850716550661,0.8716655743195447,0.8656492741703055,898,0,981,708619,4746,43355,0.006235797484760663,0.01040002703666687,0.010369025603764292,0.00021949733552140138,ISIC_0013651,0,284.49472615011865,0.05526717662299045,ISIC_0013651,0.7728690133852014,0.7631231280229899,0.0,0.9210684880285172,0.14127814769744873,0.1408427655696869,0.14132416789364416,0.1516781747341156,0.1521164652656852,0.1417474396619209,canonical_letterbox_valid,3d99874f14ae5f316eec36e21141043d75bd4fd17ccfb31e3174198dee269596,0.502126843834676,fixed_shrink,0,0,P2-IMA-M-v2,2,5841e6109fc3c156c3ef3aef,Shrink-D0-0.333333,17,ISIC_0013651_A00_T2_S1_5841e6109fc3c156c3ef3aef.png,S1,0.8385068774223328,0.8380365103987439,val,H,0.7728690133852014,T2,2414306
0.3333333333333333,0.3333333333333333,A03,0.22242194414138794,0.2225225336976624,0.15513148920412476,0.10064287313224018,0.24901692967271563,0,0.004019087759936274,0.004457720588235294,6e0811712543811a10b6cde1ec29db65b7bb4f25142c6991f2738d3d5c073f0a,5147.6254720016295,0.841061086394539,0.8333743162635678,0.8480501036178133,1123929,43355,1789,40913,3938,0,-0.006989017223274274,-0.004561126232147217,-0.004564630783944368,0.007686770130971188,ISIC_0013651,0,408.1874569361484,0.07929626177279496,ISIC_0013651,0.7257164950808292,0.7361866225963465,0.0,0.9210684880285172,0.1975143849849701,0.20234143733978271,0.20242506581134356,0.19295325875282288,0.19305253157034624,0.1976171623542906,canonical_letterbox_valid,3d99874f14ae5f316eec36e21141043d75bd4fd17ccfb31e3174198dee269596,0.502126843834676,fixed_shrink,0,0,P2-IMA-M-v2,2,58909e87d831135f264ceb89,Shrink-D0-0.333333,17,ISIC_0013651_A03_T1_S1_58909e87d831135f264ceb89.png,S1,0.8273931741714478,0.8272882089890812,val,H,0.7257164950808292,T1,3082012
0.3333333333333333,0.3333333333333333,A00,0.16968050599098206,0.16898503240701526,0.0,0.0,0.0,0,0.004213430851063829,0.004136029411764706,6e0811712543811a10b6cde1ec29db65b7bb4f25142c6991f2738d3d5c073f0a,3612.2104036171536,0.40560886391348144,0.39206241432762395,0.3910132648889293,0,0,0,403632,0,25348,0.014595599024552153,0.006583511829376221,0.006725674560971617,0.01354644958585749,ISIC_0013721,0,364.7793827710231,0.10098508724899982,ISIC_0013721,0.2543973399833749,0.24301832722190655,0.0,1.3348554248492799,0.3913394808769226,0.39212316274642944,0.39069759265514026,0.39792299270629883,0.39673806634534503,0.3900123917843734,canonical_letterbox_valid,3d99874f14ae5f316eec36e21141043d75bd4fd17ccfb31e3174198dee269596,0.5031075493281673,fixed_shrink,0,0,P2-IMA-M-v2,2,5841e6419fc3c156c3ef3bc1,Shrink-D0-0.333333,17,ISIC_0013721_A00_T2_S1_5841e6419fc3c156c3ef3bc1.png,S1,0.38700154423713684,0.38896024883826835,val,H,0.0,T2,137718
0.3333333333333333,0.3333333333333333,A03,0.090477354824543,0.09041625030519752,0.1488262580157641,0.058513136046551034,0.2938761440650554,0,0.004213430851063829,0.004136029411764706,6e0811712543811a10b6cde1ec29db65b7bb4f25142c6991f2738d3d5c073f0a,3612.2104036171536,0.8244410199084831,0.8342679753152638,0.8459596394072707,229494,24832,0,743,0,516,-0.02151861949878764,0.006454482674598694,0.006458973319454636,-0.00982695540678069,ISIC_0013721,0,225.04932090939914,0.06230238434727995,ISIC_0013721,0.7013182952711573,0.733041640738436,0.0,1.3348554248492799,0.15247449278831482,0.15446819365024567,0.15442103847666755,0.1589289754629135,0.15891953372922987,0.15246056040977524,canonical_letterbox_valid,3d99874f14ae5f316eec36e21141043d75bd4fd17ccfb31e3174198dee269596,0.5031075493281673,fixed_shrink,0,0,P2-IMA-M-v2,2,5847290e9fc3c10f04859abe,Shrink-D0-0.333333,17,ISIC_0013721_A03_T1_S1_5847290e9fc3c10f04859abe.png,S1,0.7855283617973328,0.785495129485647,val,H,0.7013182952711573,T1,540607
0.3333333333333333,0.3333333333333333,A00,0.06409379094839096,0.0645245024810657,0.12211741357755518,0.04663643073990193,0.3903553615433143,0,0.002911345222622841,0.0031939338235294117,6e0811712543811a10b6cde1ec29db65b7bb4f25142c6991f2738d3d5c073f0a,5147.6254720016295,0.8168382113497845,0.7595091585504156,0.8307957795089241,5867,0,1782,334985,33772,0,-0.013957568159139622,-0.006968200206756592,-0.00701213835046588,0.05732905279936895,ISIC_0013747,0,243.30725071614768,0.04726591941071012,ISIC_0013747,0.6903858958136713,0.7105651561538008,0.0,0.8619666976415092,0.1337197870016098,0.16582483053207397,0.16652762422829567,0.1267515867948532,0.12741004655197657,0.13442218490244245,canonical_letterbox_valid,3d99874f14ae5f316eec36e21141043d75bd4fd17ccfb31e3174198dee269596,0.6313704493353809,fixed_shrink,0,0,P2-IMA-M-v2,2,5841e6529fc3c156c3ef3c0f,Shrink-D0-0.333333,17,ISIC_0013747_A00_T2_S1_5841e6529fc3c156c3ef3c0f.png,S1,0.796654224395752,0.7956801326761808,val,H,0.6903858958136713,T2,760041
0.3333333333333333,0.3333333333333333,A06,0.1526879370212555,0.15287223826408353,0.0,0.0,0.0,0,0.002911345222622841,0.0031939338235294117,6e0811712543811a10b6cde1ec29db65b7bb4f25142c6991f2738d3d5c073f0a,5147.6254720016295,0.7614139852087546,0.8233044213530278,0.7459121595695772,686244,0,35554,0,0,0,0.015501825639177347,0.013241514563560486,0.013206355833849881,-0.06189043614427325,ISIC_0013747,0,251.7240315595633,0.04890099968008776,ISIC_0013747,0.6147445362016988,0.5947846199621618,0.0,0.8619666976415092,0.19451139867305756,0.14403632283210754,0.1443684697728832,0.20775291323661804,0.20787849616975126,0.19467214033590138,canonical_letterbox_valid,3d99874f14ae5f316eec36e21141043d75bd4fd17ccfb31e3174198dee269596,0.6313704493353809,fixed_shrink,0,0,P2-IMA-M-v2,2,58473f729fc3c10f04859b7b,Shrink-D0-0.333333,17,ISIC_0013747_A06_T1_S1_58473f729fc3c10f04859b7b.png,S1,0.7636651396751404,0.7635279575922808,val,H,0.0,T1,1095026
0.3333333333333333,0.3333333333333333,A00,0.033956509083509445,0.033780186761339814,0.4982908193354376,0.34231010241506465,0.8030653676590649,0,0.007577293882978724,0.007375919117647059,6e0811712543811a10b6cde1ec29db65b7bb4f25142c6991f2738d3d5c073f0a,3612.2104036171536,0.9201355212456421,0.8721229065786338,0.9078691618648929,41865,0,26308,31257,19277,0,0.01226635938074927,0.0199713334441185,0.02006699586440501,0.048012614667008346,ISIC_0013986,0,59.47685284823429,0.016465500677556335,ISIC_0013986,0.8520842562642991,0.8312824161390273,0.0,0.911563651925219,0.09856312721967697,0.12424707412719727,0.12390226898299189,0.11853446066379547,0.11845893490618421,0.0983919390417792,canonical_letterbox_valid,3d99874f14ae5f316eec36e21141043d75bd4fd17ccfb31e3174198dee269596,0.534784185849491,fixed_shrink,0,0,P2-IMA-M-v2,2,5841e6f69fc3c156c3ef3edc,Shrink-D0-0.333333,17,ISIC_0013986_A00_T2_S1_5841e6f69fc3c156c3ef3edc.png,S1,0.8368302583694458,0.8369963086777814,val,H,0.8520842562642991,T2,421227
0.3333333333333333,0.3333333333333333,A03,0.24400942027568817,0.24426328110472886,0.04191332374443373,0.031146057678828585,0.07623969846891296,0,0.007577293882978724,0.007375919117647059,6e0811712543811a10b6cde1ec29db65b7bb4f25142c6991f2738d3d5c073f0a,3612.2104036171536,0.6817058468957203,0.7937955966313852,0.6349785231914421,422336,0,45481,104,104,0,0.046727323704278234,0.030990689992904663,0.030946248566015078,-0.11208974973566488,ISIC_0013986,0,333.8622470420997,0.09242602443860429,ISIC_0013986,0.5171120916302783,0.4651784121932147,0.0,0.911563651925219,0.2913837730884552,0.24401605129241943,0.2445194500042255,0.32237446308135986,0.3225489436608978,0.29160269509488274,canonical_letterbox_valid,3d99874f14ae5f316eec36e21141043d75bd4fd17ccfb31e3174198dee269596,0.534784185849491,fixed_shrink,0,0,P2-IMA-M-v2,2,58473cb39fc3c10f04859b51,Shrink-D0-0.333333,17,ISIC_0013986_A03_T1_S1_58473cb39fc3c10f04859b51.png,S1,0.661241888999939,0.6610578909149634,val,H,0.0,T1,452380
0.3333333333333333,0.3333333333333333,A00,0.10849081724882126,0.1079956816632138,0.33777991710878846,0.1681687838793559,0.5129311418568582,0,0.007840013416065739,0.008111213235294118,6e0811712543811a10b6cde1ec29db65b7bb4f25142c6991f2738d3d5c073f0a,5147.6254720016295,0.9310690509290016,0.9350352395544839,0.931983569600426,490359,46666,1703,65777,1883,45492,-0.0009145186714244469,0.014402851462364197,0.014369044351827356,-0.003966188625482259,ISIC_0014151,0,198.12369873389704,0.03848836707555913,ISIC_0014151,0.8710282471830274,0.872630366980165,0.0,1.2849957054903616,0.10772356390953064,0.10059043765068054,0.10015917133102367,0.12212641537189484,0.12170588506009988,0.10733684070827253,canonical_letterbox_valid,3d99874f14ae5f316eec36e21141043d75bd4fd17ccfb31e3174198dee269596,0.7070630116614969,fixed_shrink,0,0,P2-IMA-M-v2,2,5841e7729fc3c156c3ef40cb,Shrink-D0-0.333333,17,ISIC_0014151_A00_T2_S1_5841e7729fc3c156c3ef40cb.png,S1,0.8930436968803406,0.8933220002466687,val,H,0.8710282471830274,T2,3755940
0.3333333333333333,0.3333333333333333,A03,0.12626972794532776,0.1257414206726026,0.23274677889533468,0.11620406645796758,0.4867238544886998,0,0.007840013416065739,0.008111213235294118,6e0811712543811a10b6cde1ec29db65b7bb4f25142c6991f2738d3d5c073f0a,5147.6254720016295,0.9230228572373337,0.9284715873366317,0.9227016947839607,510059,42917,3346,109170,240,49241,0.00032116245337299176,0.011936977505683899,0.012022656211468377,-0.005448730099298027,ISIC_0014151,0,228.9792548049037,0.04448250092209335,ISIC_0014151,0.8570496258347615,0.8564960051607283,0.0,1.2849957054903616,0.11980213224887848,0.115473173558712,0.11511765411799962,0.13173910975456238,0.13140042040651667,0.1193777641950483,canonical_letterbox_valid,3d99874f14ae5f316eec36e21141043d75bd4fd17ccfb31e3174198dee269596,0.7070630116614969,fixed_shrink,0,0,P2-IMA-M-v2,2,58473f719fc3c10f04859b7a,Shrink-D0-0.333333,17,ISIC_0014151_A03_T1_S1_58473f719fc3c10f04859b7a.png,S1,0.8866654634475708,0.886985892282506,val,H,0.8570496258347615,T1,3712547
0.3333333333333333,0.3333333333333333,A00,0.05244569107890129,0.05353910344984593,0.6796021331433487,0.41716853962202843,0.9474310459603917,0,0.004779361179157627,0.0050484283625731,6e0811712543811a10b6cde1ec29db65b7bb4f25142c6991f2738d3d5c073f0a,7917.522655477533,0.9829526172341291,0.9736798822848431,0.9823988532881522,66754,37916,1591,419802,22617,76332,0.0005537639459768373,0.006616152822971344,0.0065284963087345466,0.009272734949285932,ISIC_0011454,0,80.0,0.010104170645429612,ISIC_0014699,0.966476718676547,0.9654065902564635,0.0,0.6675172800783027,0.04614274948835373,0.057098980993032455,0.0580731528194053,0.05275890231132507,0.05343978428847875,0.046911287979744205,canonical_letterbox_valid,3d99874f14ae5f316eec36e21141043d75bd4fd17ccfb31e3174198dee269596,0.6924291801409229,fixed_shrink,0,0,P2-IMA-M-v2,2,5841e9169fc3c156c3ef4737,Shrink-D0-0.333333,17,ISIC_0014699_A00_T2_S1_5841e9169fc3c156c3ef4737.png,S1,0.9601601958274841,0.9597165274903575,val,H,0.966476718676547,T2,14027417
0.3333333333333333,0.3333333333333333,A09,0.1444263458251953,0.14491936250973253,0.1295080027793495,0.06953847886194524,0.3391124074468899,0,0.004779361179157627,0.0050484283625731,6e0811712543811a10b6cde1ec29db65b7bb4f25142c6991f2738d3d5c073f0a,7917.522655477533,0.93957858850525,0.9495235282837218,0.938472024483731,1700163,47612,22212,139950,1996,66636,0.0011065640215189854,0.0007803440093994141,0.0007962954498538927,-0.009944939778471773,ISIC_0011454,0,275.0,0.034733086593664295,ISIC_0014699,0.8860426414634892,0.8840765821808039,0.0,0.6675172800783027,0.1060616672039032,0.08802437782287598,0.08830671486116069,0.10684201121330261,0.10717321334674394,0.10637691789689005,canonical_letterbox_valid,3d99874f14ae5f316eec36e21141043d75bd4fd17ccfb31e3174198dee269596,0.6924291801409229,fixed_shrink,0,0,P2-IMA-M-v2,2,584715959fc3c10f048598ac,Shrink-D0-0.333333,17,ISIC_0014699_A09_T1_S1_584715959fc3c10f048598ac.png,S1,0.9323030114173889,0.9321655267159524,val,H,0.8860426414634892,T1,14307269
0.3333333333333333,0.3333333333333333,A00,0.20920315384864807,0.21040438113211404,0.21967867193354793,0.14373652860769826,0.3904311957968013,0,0.0026605850164307895,0.0026726973684210527,6e0811712543811a10b6cde1ec29db65b7bb4f25142c6991f2738d3d5c073f0a,7955.787955947544,0.9477603097670837,0.9484111609905816,0.9474414960681924,275909,24344,0,2179759,5248,48111,0.00031881369889130706,0.00042988359928131104,0.000467827756462702,-0.0006508512234979502,ISIC_0015014,0,342.3678528849355,0.04303380818853901,ISIC_0015502,0.9007076225734217,0.9001319095604158,0.0,0.16188683999454231,0.1345246285200119,0.13385334610939026,0.13447806466910736,0.1349545121192932,0.13571754594247532,0.1352497181860126,canonical_letterbox_valid,3d99874f14ae5f316eec36e21141043d75bd4fd17ccfb31e3174198dee269596,0.5792455312661041,fixed_shrink,0,0,P2-IMA-M-v2,2,5b2bd2d5116597326357fd5d,Shrink-D0-0.333333,17,ISIC_0015502_A00_T2_S1_5b2bd2d5116597326357fd5d.png,S1,0.9401538968086243,0.9399049447600888,val,H,0.9007076225734217,T2,22276019
0.3333333333333333,0.3333333333333333,A03,0.09446406364440918,0.09457506161566948,0.4629778610584088,0.29727839968588127,0.6722658253876918,0,0.0026605850164307895,0.0026726973684210527,6e0811712543811a10b6cde1ec29db65b7bb4f25142c6991f2738d3d5c073f0a,7955.787955947544,0.9766848719935551,0.9744159250515736,0.9777549894479964,838379,63138,3831,314221,1417,9317,-0.0010701174544412995,-0.0004245191812515259,-0.0004011325701071128,0.0022689469419815422,ISIC_0015014,0,156.9362912549185,0.019726052544876707,ISIC_0015502,0.954432163918331,0.9564781234980223,0.0,0.16188683999454231,0.065457284450531,0.06788312643766403,0.06789824207453599,0.06503276526927948,0.0651075306987572,0.06550866326886431,canonical_letterbox_valid,3d99874f14ae5f316eec36e21141043d75bd4fd17ccfb31e3174198dee269596,0.5792455312661041,fixed_shrink,0,0,P2-IMA-M-v2,2,5b2ff37911659747a0a00eb1,Shrink-D0-0.333333,17,ISIC_0015502_A03_T1_S1_5b2ff37911659747a0a00eb1.png,S1,0.9635494947433472,0.9635577350779408,val,H,0.954432163918331,T1,24141557
0.3333333333333333,0.3333333333333333,A00,0.02188698574900627,0.0217139025782668,0.5668216825675712,0.34447018444706057,0.8320633071641818,0,0.0017823227775172598,0.0019761029411764705,6e0811712543811a10b6cde1ec29db65b7bb4f25142c6991f2738d3d5c073f0a,7922.802786893032,0.9499053070488884,0.9498281633682021,0.94474721401668,15405,10108,0,251381,532,40899,0.005158093032208377,0.005084052681922913,0.005215239246797523,7.714368068634236e-05,ISIC_0015633,0,105.88507812553316,0.01336459848536209,ISIC_0015633,0.9045901416560272,0.8952804736130907,0.0,0.6486227146141543,0.04618098586797714,0.04380068555474281,0.04356081776796175,0.051265038549900055,0.05133904474868614,0.04612380550188862,canonical_letterbox_valid,3d99874f14ae5f316eec36e21141043d75bd4fd17ccfb31e3174198dee269596,0.42732240857828796,fixed_shrink,0,0,P2-IMA-M-v2,2,5b2bd33d116597326357fda2,Shrink-D0-0.333333,17,ISIC_0015633_A00_T2_S1_5b2bd33d116597326357fda2.png,S1,0.9295250177383423,0.9294662915744896,val,H,0.9045901416560272,T2,2529424
0.3333333333333333,0.3333333333333333,A03,0.3451845943927765,0.3447434525073014,0.0,0.0,0.04987132393326021,0,0.0017823227775172598,0.0019761029411764705,6e0811712543811a10b6cde1ec29db65b7bb4f25142c6991f2738d3d5c073f0a,7922.802786893032,0.7029733230597486,0.697378583147193,0.711195779667665,2349942,51007,532,0,0,0,-0.008222456607916429,-0.022096961736679077,-0.02206956211693545,0.005594739912555546,ISIC_0015633,0,571.6021343557072,0.07214645495169064,ISIC_0015633,0.541988330354235,0.5518260791264897,0.0,0.6486227146141543,0.3199576735496521,0.3496038019657135,0.3493305159906277,0.297860711812973,0.2976540735063429,0.3197236356232783,canonical_letterbox_valid,3d99874f14ae5f316eec36e21141043d75bd4fd17ccfb31e3174198dee269596,0.42732240857828796,fixed_shrink,0,0,P2-IMA-M-v2,2,5b2ff1a511659747a0a00ea5,Shrink-D0-0.333333,17,ISIC_0015633_A03_T1_S1_5b2ff1a511659747a0a00ea5.png,S1,0.7052692174911499,0.7052961812607448,val,H,0.0,T1,2780805
0.3333333333333333,0.3333333333333333,A00,0.052388012409210205,0.05248957202295581,0.015218769816106531,0.0,0.44595943123901693,0,0.0014778645833333334,0.0013834635416666667,6e0811712543811a10b6cde1ec29db65b7bb4f25142c6991f2738d3d5c073f0a,800.0,0.899869154087923,0.8959654023853014,0.8946316735285046,0,0,0,7423,10,444,0.005237480559418417,0.004273697733879089,0.004254083067493197,0.003903751702621583,ISIC_0016804,0,20.594900458891143,0.02574362557361393,ISIC_0016804,0.8179655696699201,0.8093516451518975,0.0,0.5956138428691508,0.08151498436927795,0.08267718553543091,0.08287748478926721,0.08578868210315704,0.08597474232412435,0.08172065925663115,canonical_letterbox_valid,3d99874f14ae5f316eec36e21141043d75bd4fd17ccfb31e3174198dee269596,0.6954305916674316,fixed_shrink,0,0,P2-IMA-M-v2,2,5b2bd38d116597326357fdff,Shrink-D0-0.333333,17,ISIC_0016804_A00_T2_S1_5b2bd38d116597326357fdff.png,S1,0.8893580436706543,0.8890482535096935,val,H,0.8179655696699201,T2,33355
0.3333333333333333,0.3333333333333333,A03,0.10890918970108032,0.10821926380720591,0.09242873044921986,0.04471717836540324,0.2668661642122357,0,0.0014778645833333334,0.0013834635416666667,6e0811712543811a10b6cde1ec29db65b7bb4f25142c6991f2738d3d5c073f0a,800.0,0.8702244431631324,0.8745969758557945,0.8747342913017601,12126,411,10,28,0,33,-0.004509848138627648,-0.002903372049331665,-0.0028830443014296186,-0.004372532692662134,ISIC_0016804,0,35.447141645488124,0.04430892705686015,ISIC_0016804,0.7702631181007107,0.7773579915748909,0.0,0.5956138428691508,0.12155520915985107,0.11823548376560211,0.1176912086800106,0.11865183711051941,0.11807576950451275,0.12095881380594237,canonical_letterbox_valid,3d99874f14ae5f316eec36e21141043d75bd4fd17ccfb31e3174198dee269596,0.6954305916674316,fixed_shrink,0,0,P2-IMA-M-v2,2,5b3016ce11659747a0a01023,Shrink-D0-0.333333,17,ISIC_0016804_A03_T1_S1_5b3016ce11659747a0a01023.png,S1,0.8657987713813782,0.8663016361953212,val,H,0.7702631181007107,T1,40750
0.3333333333333333,0.3333333333333333,A00,0.23155337572097778,0.23205700519297504,0.0406470654163709,0.02530864197530864,0.11531788284811421,0,0.016722005208333335,0.0167236328125,6e0811712543811a10b6cde1ec29db65b7bb4f25142c6991f2738d3d5c073f0a,800.0,0.8967589516833768,0.9113792001076843,0.8908533245700515,1,1,0,37450,1365,3771,0.005905627113325318,0.014277428388595581,0.014295217098743845,-0.014620248424307425,ISIC_0017427,0,52.04084828740029,0.06505106035925036,ISIC_0017427,0.8128404513698014,0.803188022201592,0.0,0.22336231448990282,0.1797451376914978,0.1652013063430786,0.16549612604733477,0.19402256608009338,0.19438339169467514,0.1800881745959313,canonical_letterbox_valid,3d99874f14ae5f316eec36e21141043d75bd4fd17ccfb31e3174198dee269596,0.5638446196462461,fixed_shrink,0,0,P2-IMA-M-v2,2,5b2bd3bb116597326357fe5f,Shrink-D0-0.333333,17,ISIC_0017427_A00_T2_S1_5b2bd3bb116597326357fe5f.png,S1,0.8720631003379822,0.8718806560011124,val,H,0.8128404513698014,T2,162651
0.3333333333333333,0.3333333333333333,A03,0.2220691293478012,0.2217930265159021,0.2576900754497969,0.14102092577820874,0.39466939112043165,0,0.016722005208333335,0.0167236328125,6e0811712543811a10b6cde1ec29db65b7bb4f25142c6991f2738d3d5c073f0a,800.0,0.927874835814997,0.9146037735849056,0.9316537282516726,30489,3299,1365,536,0,473,-0.0037788924366756182,-0.0071284472942352295,-0.007175412365420075,0.013271062230091335,ISIC_0017427,0,46.46233140225158,0.05807791425281447,ISIC_0017427,0.865453835812481,0.8720522108688973,0.0,0.22336231448990282,0.16315582394599915,0.17944329977035522,0.17933671880017477,0.15602737665176392,0.15580128161923204,0.16297669398465212,canonical_letterbox_valid,3d99874f14ae5f316eec36e21141043d75bd4fd17ccfb31e3174198dee269596,0.5638446196462461,fixed_shrink,0,0,P2-IMA-M-v2,2,5b30184c11659747a0a01047,Shrink-D0-0.333333,17,ISIC_0017427_A03_T1_S1_5b30184c11659747a0a01047.png,S1,0.8957574963569641,0.8958396385465979,val,H,0.865453835812481,T1,199565
0.3333333333333333,0.3333333333333333,A00,0.057548701763153076,0.05775288239096266,0.6216122684131127,0.37713658890129476,0.787291868185532,0,0.003681640625,0.0037638346354166665,6e0811712543811a10b6cde1ec29db65b7bb4f25142c6991f2738d3d5c073f0a,800.0,0.9590216610592371,0.9619243245951328,0.9538063446404683,3983,83,257,2521,57,734,0.005215316418768823,0.004160292446613312,0.004188657070579416,-0.002902663535895633,ISIC_0017891,0,23.345235059857504,0.02918154382482188,ISIC_0017891,0.92126956458583,0.911691960426472,0.0,0.34510648507087943,0.06200101971626282,0.06050962209701538,0.06069757867864074,0.06616131216287613,0.06639167384884787,0.06220301677826845,canonical_letterbox_valid,3d99874f14ae5f316eec36e21141043d75bd4fd17ccfb31e3174198dee269596,0.6838041115087323,fixed_shrink,0,0,P2-IMA-M-v2,2,5b2bd3e8116597326357fec8,Shrink-D0-0.333333,17,ISIC_0017891_A00_T2_S1_5b2bd3e8116597326357fec8.png,S1,0.9335466623306274,0.9333468488344258,val,H,0.92126956458583,T2,76107
0.3333333333333333,0.3333333333333333,A03,0.12290305644273758,0.12324082324444315,0.20756955059614796,0.15312422329373165,0.38339600656744877,0,0.003681640625,0.0037638346354166665,6e0811712543811a10b6cde1ec29db65b7bb4f25142c6991f2738d3d5c073f0a,800.0,0.9092576475329879,0.9090571144787207,0.9136760200813037,14739,805,197,796,117,12,-0.004418372548315785,-0.0044810473918914795,-0.00448913926280084,0.00020053305426714907,ISIC_0017891,0,32.01562118716424,0.040019526483955306,ISIC_0017891,0.8336135893838295,0.8410713902768544,0.0,0.34510648507087943,0.11115062236785889,0.11472625285387039,0.1150313449177607,0.10666957497596741,0.10694145360473123,0.11143059286753207,canonical_letterbox_valid,3d99874f14ae5f316eec36e21141043d75bd4fd17ccfb31e3174198dee269596,0.6838041115087323,fixed_shrink,0,0,P2-IMA-M-v2,2,5b301cf711659747a0a010b1,Shrink-D0-0.333333,17,ISIC_0017891_A03_T1_S1_5b301cf711659747a0a010b1.png,S1,0.9006018042564392,0.900379637509379,val,H,0.8336135893838295,T1,77832
0.3333333333333333,0.3333333333333333,A00,0.15931017696857452,0.15948973657461585,0.4102663445079213,0.24544811876521874,0.6846965272157912,0,0.007486979166666667,0.007405598958333333,6e0811712543811a10b6cde1ec29db65b7bb4f25142c6991f2738d3d5c073f0a,800.0,0.8955528384279476,0.8964577465283388,0.8876603059996562,1499,456,0,13450,0,1844,0.007892532428291466,-0.0015108585357666016,-0.00149179551579659,-0.0009049081003911219,ISIC_0019540,0,73.38454524705503,0.09173068155881879,ISIC_0019545,0.8108607361109353,0.7980118940171362,0.0,1.115560476403108,0.1404372751712799,0.16258925199508667,0.16269611941779252,0.1389264166355133,0.13905052414974284,0.14054231966553943,canonical_letterbox_valid,3d99874f14ae5f316eec36e21141043d75bd4fd17ccfb31e3174198dee269596,0.8902380819882054,fixed_shrink,0,0,P2-IMA-M-v2,2,5b2bd47a116597326358005a,Shrink-D0-0.333333,17,ISIC_0019545_A00_T2_S1_5b2bd47a116597326358005a.png,S1,0.8784356117248535,0.878405097243537,val,H,0.8108607361109353,T2,64088
0.3333333333333333,0.3333333333333333,A03,0.07858729362487793,0.07886736950054325,0.36242095754290876,0.17739223165579754,0.5612376052420057,0,0.007486979166666667,0.007405598958333333,6e0811712543811a10b6cde1ec29db65b7bb4f25142c6991f2738d3d5c073f0a,800.0,0.9414405918606986,0.9363894746493078,0.9525089551970143,9456,2005,0,169,0,295,-0.011068363336315667,-0.0003045201301574707,-0.000243554239941296,0.005051117211390843,ISIC_0019540,0,22.47220505424423,0.02809025631780529,ISIC_0019545,0.8893601857599375,0.9093241989254087,0.0,1.115560476403108,0.07567515969276428,0.08514031767845154,0.08527952496731633,0.07537063956260681,0.07555432534046119,0.07579787958040249,canonical_letterbox_valid,3d99874f14ae5f316eec36e21141043d75bd4fd17ccfb31e3174198dee269596,0.8902380819882054,fixed_shrink,0,0,P2-IMA-M-v2,2,5b30172911659747a0a0102f,Shrink-D0-0.333333,17,ISIC_0019545_A03_T1_S1_5b30172911659747a0a0102f.png,S1,0.9272369742393494,0.9272716103397383,val,H,0.8893601857599375,T1,77369
0.3333333333333333,0.3333333333333333,A08,2.0526058673858643,2.0521342539109075,0.0,0.0,0.0,0,0.019983723958333335,0.01971435546875,6e0811712543811a10b6cde1ec29db65b7bb4f25142c6991f2738d3d5c073f0a,800.0,0.21467924596244217,0.2270742773892219,0.20890658467037226,0,0,0,174470,0,6139,0.005772661292069908,0.0003870725631713867,0.0004130871230660915,-0.012395031426779723,ISIC_0019695,0,270.09072549793336,0.3376134068724167,ISIC_0019696,0.12024687747394323,0.11663634229369645,0.0,0.5505119597799782,1.417972207069397,1.3519878387451172,1.3516404316546102,1.4183592796325684,1.4181129763160645,1.4176998891929984,canonical_letterbox_valid,3d99874f14ae5f316eec36e21141043d75bd4fd17ccfb31e3174198dee269596,0.49646250976875395,fixed_shrink,0,0,P2-IMA-M-v2,2,5b2d281f116597169d55198b,Shrink-D0-0.333333,17,ISIC_0019696_A08_T1_S1_5b2d281f116597169d55198b.png,S1,0.21666137874126434,0.21673447552491087,val,H,0.0,T1,23847
0.3333333333333333,0.3333333333333333,A03,0.13129378855228424,0.13139227632651174,0.36862392937927296,0.18431556529391768,0.5916570122635111,0,0.019983723958333335,0.01971435546875,6e0811712543811a10b6cde1ec29db65b7bb4f25142c6991f2738d3d5c073f0a,800.0,0.9644549881884432,0.9435721028877365,0.9651989004719672,8151,3111,0,6023,0,3028,-0.0007439122835239953,0.00905454158782959,0.009080697456251036,0.0208828853007067,ISIC_0019695,0,20.12461179749811,0.025155764746872634,ISIC_0019696,0.9313501365829088,0.932738572574178,0.0,0.5505119597799782,0.10330004245042801,0.13041594624519348,0.13044930176579608,0.1123545840382576,0.11245847818735236,0.10337778073110132,canonical_letterbox_valid,3d99874f14ae5f316eec36e21141043d75bd4fd17ccfb31e3174198dee269596,0.49646250976875395,fixed_shrink,0,0,P2-IMA-M-v2,2,5b30163111659747a0a01017,Shrink-D0-0.333333,17,ISIC_0019696_A03_T1_S1_5b30163111659747a0a01017.png,S1,0.9246937036514282,0.9246367148643091,val,H,0.9313501365829088,T1,192294
0.3333333333333333,0.3333333333333333,A00,0.25092074275016785,0.25129292794476815,0.05009823182711198,0.014734774066797643,0.19077623394990698,0,0.013997395833333334,0.01373291015625,6e0811712543811a10b6cde1ec29db65b7bb4f25142c6991f2738d3d5c073f0a,800.0,0.6832327266675744,0.6544787907772126,0.7041653666146646,0,0,24,41876,4125,151,-0.02093263994709016,0.00027570128440856934,0.00019862252015173665,0.028753935890361793,ISIC_0020226,0,113.57250745902901,0.14196563432378626,ISIC_0020226,0.5188712846260786,0.5434068116971456,0.0,0.6531237920444272,0.3109959363937378,0.32883065938949585,0.3293723803176997,0.31127163767814636,0.3116111594106323,0.31141253689048054,canonical_letterbox_valid,3d99874f14ae5f316eec36e21141043d75bd4fd17ccfb31e3174198dee269596,0.5593346589486019,fixed_shrink,0,0,P2-IMA-M-v2,2,5b2bd4a111659732635800db,Shrink-D0-0.333333,17,ISIC_0020226_A00_T2_S1_5b2bd4a111659732635800db.png,S1,0.6289288997650146,0.628467854163807,val,H,0.0,T2,45161
0.3333333333333333,0.3333333333333333,A03,0.6924341320991516,0.6921838077080448,0.08923995128647705,0.04830917874396136,0.13618397632149068,0,0.013997395833333334,0.01373291015625,6e0811712543811a10b6cde1ec29db65b7bb4f25142c6991f2738d3d5c073f0a,800.0,0.6512144749247969,0.6799739274362467,0.630808499001056,93212,151,4139,10,10,0,0.020405975923740938,-0.004984378814697266,-0.00494790656090327,-0.028759452511449846,ISIC_0020226,0,132.83448347473634,0.16604310434342043,ISIC_0020226,0.48281543864321025,0.46071604924572374,0.0,0.6531237920444272,0.5200831890106201,0.589678168296814,0.5894405354110055,0.5150988101959229,0.5149649771829254,0.5199128837438287,canonical_letterbox_valid,3d99874f14ae5f316eec36e21141043d75bd4fd17ccfb31e3174198dee269596,0.5593346589486019,fixed_shrink,0,0,P2-IMA-M-v2,2,5b301eb911659747a0a010c9,Shrink-D0-0.333333,17,ISIC_0020226_A03_T1_S1_5b301eb911659747a0a010c9.png,S1,0.6522678136825562,0.6523580402203875,val,H,0.0,T1,87027
0.3333333333333333,0.3333333333333333,A00,0.20850646495819092,0.2092862670842557,0.06906371127364995,0.00984759671746776,0.26605400836540855,0,0.00568672462745949,0.0057373046875,6e0811712543811a10b6cde1ec29db65b7bb4f25142c6991f2738d3d5c073f0a,3840.0,0.8409386026345846,0.8255552768084367,0.8432930515618747,0,0,0,642975,25768,14482,-0.002354448927290087,0.018431395292282104,0.018297667331770878,0.015383325826147987,ISIC_0021447,0,346.43787321057647,0.09021819614858763,ISIC_0021448,0.7255341300694387,0.7290464129229568,0.0,0.5549473968399544,0.22038686275482178,0.21392551064491272,0.21483897764601667,0.23881825804710388,0.23935006672448575,0.22105239939271487,canonical_letterbox_valid,3d99874f14ae5f316eec36e21141043d75bd4fd17ccfb31e3174198dee269596,0.5314582979282821,fixed_shrink,0,0,P2-IMA-M-v2,2,5b2bd524116597326358024f,Shrink-D0-0.333333,17,ISIC_0021448_A00_T2_S1_5b2bd524116597326358024f.png,S1,0.7677327394485474,0.7671814682988259,val,H,0.7255341300694387,T2,1699666
0.3333333333333333,0.3333333333333333,A03,0.1805616170167923,0.18011882622898664,0.32667654155959486,0.16863135724374348,0.541735969468711,0,0.00568672462745949,0.0057373046875,6e0811712543811a10b6cde1ec29db65b7bb4f25142c6991f2738d3d5c073f0a,3840.0,0.9036731105426584,0.8944990576128835,0.9023644960076447,202489,4936,13066,244758,12702,9546,0.0013086145350137413,0.022292882204055786,0.022331183648686304,0.009174052929774912,ISIC_0021447,0,244.63023114784167,0.0637057893614171,ISIC_0021448,0.8242734162891483,0.822098495106559,0.0,0.5549473968399544,0.18257352709770203,0.16691330075263977,0.16648269237981664,0.2048664093017578,0.20452896643515717,0.18219778278647086,canonical_letterbox_valid,3d99874f14ae5f316eec36e21141043d75bd4fd17ccfb31e3174198dee269596,0.5314582979282821,fixed_shrink,0,0,P2-IMA-M-v2,2,5b31006111659747a0a0129c,Shrink-D0-0.333333,17,ISIC_0021448_A03_T1_S1_5b31006111659747a0a0129c.png,S1,0.815414547920227,0.815723260656045,val,H,0.8242734162891483,T1,2097883
0.3333333333333333,0.3333333333333333,A00,0.07578170299530029,0.07569311804884575,0.0,0.0,0.03993565921570802,0,0.002948619701244213,0.0029296875,6e0811712543811a10b6cde1ec29db65b7bb4f25142c6991f2738d3d5c073f0a,3840.0,0.7476719739886306,0.7856413595134871,0.7263266034765075,0,0,0,179191,0,20870,0.021345370512123152,0.09256565570831299,0.09258490442081116,-0.037969385524856514,ISIC_0021837,0,222.0,0.0578125,ISIC_0021837,0.5970256661666715,0.5702612659250206,0.0,1.1727214301669533,0.2159399390220642,0.1444382667541504,0.14420922448552756,0.3085055947303772,0.3083946328958985,0.21580972847508736,canonical_letterbox_valid,3d99874f14ae5f316eec36e21141043d75bd4fd17ccfb31e3174198dee269596,0.3481935636501229,fixed_shrink,0,0,P2-IMA-M-v2,2,5b2bd57411659732635802f7,Shrink-D0-0.333333,17,ISIC_0021837_A00_T2_S1_5b2bd57411659732635802f7.png,S1,0.6439018249511719,0.644073661098671,val,H,0.0,T2,265480
0.3333333333333333,0.3333333333333333,A09,0.036885008215904236,0.03698228462339949,0.46576371335987954,0.31866457750039806,0.7182235175456619,0,0.002948619701244213,0.0029296875,6e0811712543811a10b6cde1ec29db65b7bb4f25142c6991f2738d3d5c073f0a,3840.0,0.9251321559695403,0.9002492858253279,0.9325138071591446,61222,13205,0,9252,0,7665,-0.00738165118960421,0.08904232829809189,0.08891574265243621,0.02488287014421242,ISIC_0021837,0,72.16920198046148,0.018794063015745176,ISIC_0021837,0.8606938621408085,0.8735605325980708,0.0,1.1727214301669533,0.11568834632635117,0.07733458280563354,0.07756248731408319,0.20473067462444305,0.20473367591183553,0.11581793325939932,canonical_letterbox_valid,3d99874f14ae5f316eec36e21141043d75bd4fd17ccfb31e3174198dee269596,0.3481935636501229,fixed_shrink,0,0,P2-IMA-M-v2,2,5b30c7bf11659747a0a01235,Shrink-D0-0.333333,17,ISIC_0021837_A09_T1_S1_5b30c7bf11659747a0a01235.png,S1,0.8055083155632019,0.8053464181046008,val,H,0.8606938621408085,T1,435419
0.3333333333333333,0.3333333333333333,A00,0.04200100526213646,0.04089490678626732,0.2701736746477689,0.07996703736037794,0.7279278977694913,0,0.0007919028953269675,0.0007527669270833334,6e0811712543811a10b6cde1ec29db65b7bb4f25142c6991f2738d3d5c073f0a,3840.0,0.8898335824544004,0.8575952226343908,0.8920054770601994,0,0,0,125738,4192,1413,-0.0021718946057990296,-0.0011760219931602478,-0.0011609672575084162,0.032238359820009554,ISIC_0021930,0,117.3822789331355,0.030568301805504034,ISIC_0021932,0.8015317058695398,0.8050630744035399,0.0,0.4760551727321521,0.08273813128471375,0.1088341772556305,0.10757225682165802,0.0815621092915535,0.0804069180419273,0.08156788529943572,canonical_letterbox_valid,3d99874f14ae5f316eec36e21141043d75bd4fd17ccfb31e3174198dee269596,0.43598794050870227,fixed_shrink,0,0,P2-IMA-M-v2,2,5b2bd5831165973263580318,Shrink-D0-0.333333,17,ISIC_0021932_A00_T2_S1_5b2bd5831165973263580318.png,S1,0.8765247464179993,0.8777591361873959,val,H,0.8015317058695398,T2,507804
0.3333333333333333,0.3333333333333333,A09,0.1236121654510498,0.12335523690566776,0.11592922975021472,0.049211260750147756,0.28382840468976345,0,0.0007919028953269675,0.0007527669270833334,6e0811712543811a10b6cde1ec29db65b7bb4f25142c6991f2738d3d5c073f0a,3840.0,0.8243255551305172,0.8552126838820496,0.8221961668134184,270032,1413,4192,0,0,0,0.002129388317098746,0.004980146884918213,0.005064083978094713,-0.030887128751532433,ISIC_0021930,0,180.81827833678747,0.047088093316871735,ISIC_0021932,0.701151206210006,0.6980756418400706,0.0,0.4760551727321521,0.15196040272712708,0.12159614264965057,0.12152972195093797,0.1569405496120453,0.156944557121161,0.1518804731430663,canonical_letterbox_valid,3d99874f14ae5f316eec36e21141043d75bd4fd17ccfb31e3174198dee269596,0.43598794050870227,fixed_shrink,0,0,P2-IMA-M-v2,2,5b30c78911659747a0a01231,Shrink-D0-0.333333,17,ISIC_0021932_A09_T1_S1_5b30c78911659747a0a01231.png,S1,0.8196913599967957,0.8195942906195351,val,H,0.701151206210006,T1,633542
0.3333333333333333,0.3333333333333333,A00,0.36018651723861694,0.3602187831079688,0.0,0.0,0.07924156883636624,0,0.024378491352923172,0.02439872382198953,6e0811712543811a10b6cde1ec29db65b7bb4f25142c6991f2738d3d5c073f0a,3235.206330359781,0.7185213017844825,0.78469013426595,0.6884446899493234,0,0,0,785088,241,122093,0.030076611835159084,0.04016619920730591,0.04016979962752143,-0.06616883248146754,ISIC_0022662,0,424.2846237754765,0.1311460786268592,ISIC_0022662,0.5606970313162728,0.5249070966917307,0.0,0.3710115142029766,0.3746227025985718,0.29410722851753235,0.2940896548951035,0.4147889018058777,0.41481547900430904,0.3746456793767876,canonical_letterbox_valid,3d99874f14ae5f316eec36e21141043d75bd4fd17ccfb31e3174198dee269596,0.45565579548579116,fixed_shrink,0,0,P2-IMA-M-v2,2,5b2bd5fa1165973263580411,Shrink-D0-0.333333,17,ISIC_0022662_A00_T2_S1_5b2bd5fa1165973263580411.png,S1,0.6109411120414734,0.6109274243543936,val,H,0.0,T2,1002034
0.3333333333333333,0.3333333333333333,A03,0.27113381028175354,0.27102909355324767,0.17004530446133762,0.08620412676945607,0.282378990928598,0,0.024378491352923172,0.02439872382198953,6e0811712543811a10b6cde1ec29db65b7bb4f25142c6991f2738d3d5c073f0a,3235.206330359781,0.8545603629429975,0.9094257265061846,0.8243478345003245,37285,2335,232,426015,9,119758,0.03021252844267308,0.040215909481048584,0.040210257251373116,-0.05486536356318705,ISIC_0022662,0,264.8716643482754,0.08187164505171438,ISIC_0022662,0.7460544713981037,0.7011834441269116,0.0,0.3710115142029766,0.283044695854187,0.20988695323467255,0.20980523273433255,0.3232606053352356,0.32312964715758297,0.28291938990620985,canonical_letterbox_valid,3d99874f14ae5f316eec36e21141043d75bd4fd17ccfb31e3174198dee269596,0.45565579548579116,fixed_shrink,0,0,P2-IMA-M-v2,2,5b30bfbc11659747a0a011e4,Shrink-D0-0.333333,17,ISIC_0022662_A03_T1_S1_5b30bfbc11659747a0a011e4.png,S1,0.7050444483757019,0.705190313740828,val,H,0.7460544713981037,T1,1361107
0.3333333333333333,0.3333333333333333,A00,0.03674190863966942,0.03614540613528434,0.5788254720729347,0.23353943114601394,0.9546185527496159,0,0.004280231617115162,0.004292805989583333,6e0811712543811a10b6cde1ec29db65b7bb4f25142c6991f2738d3d5c073f0a,3840.0,0.9679382883545478,0.9721511079626549,0.9621063364560988,12807,6763,0,73071,0,23532,0.005831951898448984,0.011716954410076141,0.011777782468910952,-0.0042128196081071545,ISIC_0023625,0,37.0,0.009635416666666667,ISIC_0023628,0.937868615251049,0.9269796803373616,0.0,1.2173029881403217,0.051959067583084106,0.054174602031707764,0.053777716970945924,0.06367602199316025,0.06335845647522625,0.0515806740063153,canonical_letterbox_valid,3d99874f14ae5f316eec36e21141043d75bd4fd17ccfb31e3174198dee269596,0.5786980652059754,fixed_shrink,0,0,P2-IMA-M-v2,3,5b2bd7931165976d8f829d9c,Shrink-D0-0.333333,17,ISIC_0023628_A00_T2_S1_5b2bd7931165976d8f829d9c.png,S1,0.9328237771987915,0.9329840581226537,val,H,0.937868615251049,T2,1296322
0.3333333333333333,0.3333333333333333,A09,0.41352275013923645,0.4128531972203551,0.319483114470587,0.13763206377523668,0.5165718855347029,0,0.004280231617115162,0.004292805989583333,6e0811712543811a10b6cde1ec29db65b7bb4f25142c6991f2738d3d5c073f0a,3840.0,0.751692688748382,0.7510165498657325,0.7612542536485218,904596,28949,0,66,0,1346,-0.009561564900139818,-0.0191134512424469,-0.019060877657374464,0.0006761388826495018,ISIC_0023625,0,845.2340666662922,0.2201130381943469,ISIC_0023628,0.6021695795362246,0.6145363210252556,0.0,1.2173029881403217,0.3298131227493286,0.31467851996421814,0.3142812721864384,0.3106996715068817,0.3103321516789256,0.32939302933630005,canonical_letterbox_valid,3d99874f14ae5f316eec36e21141043d75bd4fd17ccfb31e3174198dee269596,0.5786980652059754,fixed_shrink,0,0,P2-IMA-M-v2,3,5b3106cf11659747a0a012e8,Shrink-D0-0.333333,17,ISIC_0023628_A09_T1_S1_5b3106cf11659747a0a012e8.png,S1,0.7538964748382568,0.754067138547755,val,H,0.0,T1,1369327
0.3333333333333333,0.3333333333333333,A03,0.5284544825553894,0.5248024563815987,0.14641349192945208,0.046509932789290026,0.356896876102418,0,0.004280231617115162,0.004292805989583333,6e0811712543811a10b6cde1ec29db65b7bb4f25142c6991f2738d3d5c073f0a,3840.0,0.7162936452806187,0.7155956052559824,0.7263547307404783,1084766,30237,0,0,0,58,-0.01006108545985962,-0.03140145540237427,-0.031090479298169715,0.0006980400246362484,ISIC_0023625,0,910.5772745265917,0.23712949857463325,ISIC_0023628,0.557988704073371,0.5702959436757222,0.0,1.2173029881403217,0.40352147817611694,0.3991747200489044,0.39682348185159694,0.3721200227737427,0.37013043331684603,0.40122091261501575,canonical_letterbox_valid,3d99874f14ae5f316eec36e21141043d75bd4fd17ccfb31e3174198dee269596,0.5786980652059754,fixed_shrink,0,0,P2-IMA-M-v2,3,5b3106f211659747a0a012eb,Shrink-D0-0.333333,17,ISIC_0023628_A03_T1_S1_5b3106f211659747a0a012eb.png,S1,0.7214115262031555,0.7223606311515672,val,H,0.0,T1,1369393
0.3333333333333333,0.3333333333333333,A08,0.8618135452270508,0.8615271756225112,0.10323675511322455,0.08331665467606442,0.139216532148902,0,0.0017118100766782408,0.00177001953125,6e0811712543811a10b6cde1ec29db65b7bb4f25142c6991f2738d3d5c073f0a,3840.0,0.3833895018151288,0.3956629425809679,0.39453557943380985,1041786,11816,0,1112,0,300,-0.011146077618681027,-0.013072669506072998,-0.013035990595013258,-0.012273440765839083,ISIC_0036170,0,477.07924156483585,0.124239385824176,ISIC_0036170,0.23715638506962453,0.24574545183297877,0.0,0.6564146361440605,0.7369327545166016,0.7013192176818848,0.7011783403652294,0.7238600850105286,0.7237535571222082,0.7367895477172215,canonical_letterbox_valid,3d99874f14ae5f316eec36e21141043d75bd4fd17ccfb31e3174198dee269596,0.392611764378083,fixed_shrink,0,0,P2-IMA-M-v2,2,5b2d3274116597169d551a35,Shrink-D0-0.333333,17,ISIC_0036170_A08_T1_S1_5b2d3274116597169d551a35.png,S1,0.3879479765892029,0.38794808018806826,val,H,0.0,T1,324221
0.3333333333333333,0.3333333333333333,A03,0.2098069041967392,0.20853226445368525,0.030315740625055775,0.01597975897196884,0.05423025633427174,0,0.0017118100766782408,0.00177001953125,6e0811712543811a10b6cde1ec29db65b7bb4f25142c6991f2738d3d5c073f0a,3840.0,0.5308305505688001,0.5488845118072476,0.5440257196974909,306451,8970,0,97061,0,3146,-0.013195169128690787,-0.0003051161766052246,-0.0002204219228340576,-0.01805396123844749,ISIC_0036170,0,333.9384657263108,0.08696314211622677,ISIC_0036170,0.36131336026236816,0.37365063865307985,0.0,0.6564146361440605,0.33577802777290344,0.30228570103645325,0.30123478555608096,0.3354729115962982,0.3344750397118782,0.33469546163471225,canonical_letterbox_valid,3d99874f14ae5f316eec36e21141043d75bd4fd17ccfb31e3174198dee269596,0.392611764378083,fixed_shrink,0,0,P2-IMA-M-v2,2,5b30111a11659747a0a00fd8,Shrink-D0-0.333333,17,ISIC_0036170_A03_T1_S1_5b30111a11659747a0a00fd8.png,S1,0.5382508635520935,0.5391413411842607,val,H,0.0,T1,228272
0.3333333333333333,0.3333333333333333,A04,0.4570232331752777,0.4568072275511848,0.18185066737471733,0.14902705223837046,0.259599987440736,0,0.005345662434895833,0.005472819010416667,6e0811712543811a10b6cde1ec29db65b7bb4f25142c6991f2738d3d5c073f0a,1280.0,0.8707398244876227,0.8812468887351663,0.8695716303476192,137694,1501,2650,925,53,0,0.0011681941400034646,-0.015063047409057617,-0.01499385070789444,-0.010507064247543663,ISIC_0000289,0,175.95894398674133,0.13746792498964167,ISIC_0000289,0.7710710457778637,0.7692408061335386,0.0,0.5679641667750748,0.2977140545845032,0.3052282929420471,0.30497481935558657,0.28265100717544556,0.2825367467459698,0.29753059745386423,canonical_letterbox_valid,3d99874f14ae5f316eec36e21141043d75bd4fd17ccfb31e3174198dee269596,0.5053963357156844,fixed_shrink,0,0,P2-IMA-M-v2,3,5457ada9bae47821f8802169,Shrink-D0-0.333333,17,ISIC_0000289_A04_T1_S1_5457ada9bae47821f8802169.png,S1,0.861595094203949,0.8617460326434563,val,T1,0.7710710457778637,T1,466892
0.3333333333333333,0.3333333333333333,A03,0.9770450592041016,0.9708904957740848,0.14436062534910415,0.03511615343057806,0.167210648086683,0,0.005345662434895833,0.005472819010416667,6e0811712543811a10b6cde1ec29db65b7bb4f25142c6991f2738d3d5c073f0a,1280.0,0.793565137969312,0.8037983375068027,0.7922689184978204,237536,1363,2597,3852,106,138,0.0012962194714916109,-0.055096328258514404,-0.05463586573098711,-0.01023319953749069,ISIC_0000289,0,213.9686801292722,0.16716303135099392,ISIC_0000289,0.6577770279562148,0.6559977884417729,0.0,0.5679641667750748,0.5928843021392822,0.6466026306152344,0.6425853828880668,0.5377879738807678,0.5348285208925299,0.589464386623517,canonical_letterbox_valid,3d99874f14ae5f316eec36e21141043d75bd4fd17ccfb31e3174198dee269596,0.5053963357156844,fixed_shrink,0,0,P2-IMA-M-v2,3,57be0a7d9fc3c1434763a325,Shrink-D0-0.333333,17,ISIC_0000289_A03_T1_S1_57be0a7d9fc3c1434763a325.png,S1,0.7912765145301819,0.7919617225270509,val,T1,0.6577770279562148,T1,463965
0.3333333333333333,0.3333333333333333,A02,0.23179610073566437,0.2321184168081147,0.08487770837623265,0.05229476185908049,0.27635396872337376,0,0.005345662434895833,0.005472819010416667,6e0811712543811a10b6cde1ec29db65b7bb4f25142c6991f2738d3d5c073f0a,1280.0,0.9140061441782581,0.924250835386229,0.9129233079768743,83118,1420,2518,4133,185,81,0.00108283620138383,0.004596233367919922,0.004558598298950445,-0.01024469120797089,ISIC_0000289,0,90.78546139112804,0.07092614171181878,ISIC_0000289,0.8416310454046303,0.8397965982306733,0.0,0.5679641667750748,0.16575053334236145,0.15333318710327148,0.15367855688903037,0.17034676671028137,0.17053420178820283,0.1659756034892524,canonical_letterbox_valid,3d99874f14ae5f316eec36e21141043d75bd4fd17ccfb31e3174198dee269596,0.5053963357156844,fixed_shrink,0,0,P2-IMA-M-v2,3,57c04cae9fc3c158f2bd0e30,Shrink-D0-0.333333,17,ISIC_0000289_A02_T1_S1_57c04cae9fc3c158f2bd0e30.png,S1,0.9002950191497803,0.90016720982961,val,T1,0.8416310454046303,T1,463684
0.3333333333333333,0.3333333333333333,A03,0.37361979484558105,0.37451534797997327,0.04389012540035829,0.016930956194230802,0.0775374086235778,0,0.0273573058590005,0.0273262331838565,6e0811712543811a10b6cde1ec29db65b7bb4f25142c6991f2738d3d5c073f0a,1093.5890452999245,0.8617731196807428,0.8290209468776676,0.8803314580964351,107217,14426,0,1405,0,1782,-0.01855833841569232,-0.033217623829841614,-0.03334249225487271,0.032752172803075186,ISIC_0000547,0,74.79811085283954,0.06839690940057436,ISIC_0000547,0.7571189317186281,0.7862429148895892,0.0,0.5870089506228248,0.2612247169017792,0.3656894564628601,0.3664553236179994,0.22800709307193756,0.22842261166518354,0.26176510392005625,canonical_letterbox_valid,3d99874f14ae5f316eec36e21141043d75bd4fd17ccfb31e3174198dee269596,0.62879784686047,fixed_shrink,0,0,P2-IMA-M-v2,2,57be109d9fc3c1434763a335,Shrink-D0-0.333333,17,ISIC_0000547_A03_T1_S1_57be109d9fc3c1434763a335.png,S1,0.8511703610420227,0.8509851401398608,val,T1,0.7571189317186281,T1,338601
0.3333333333333333,0.3333333333333333,A02,0.22510336339473724,0.22519157309952825,0.1841247452440577,0.08655007641857543,0.41000365155480634,0,0.0273573058590005,0.0273262331838565,6e0811712543811a10b6cde1ec29db65b7bb4f25142c6991f2738d3d5c073f0a,1093.5890452999245,0.9046629295395392,0.9194684102603784,0.8958647924830915,13077,4424,0,48387,0,11784,0.008798137056447719,0.02962164580821991,0.029628634084229055,-0.014805480720839204,ISIC_0000547,0,92.18079400673344,0.08429198738128563,ISIC_0000547,0.8259219503629458,0.8113723630802456,0.0,0.5870089506228248,0.17828670144081116,0.1405051350593567,0.14055926435562288,0.20790834724903107,0.20798494075514043,0.17835630667091137,canonical_letterbox_valid,3d99874f14ae5f316eec36e21141043d75bd4fd17ccfb31e3174198dee269596,0.62879784686047,fixed_shrink,0,0,P2-IMA-M-v2,2,57c04fc49fc3c158f2bd0e40,Shrink-D0-0.333333,17,ISIC_0000547_A02_T1_S1_57c04fc49fc3c158f2bd0e40.png,S1,0.8685299754142761,0.8684789597577055,val,T1,0.8259219503629458,T1,291619
0.3333333333333333,0.3333333333333333,A06,0.04380379617214203,0.04375563737566965,0.3505118455688798,0.19632903480911748,0.6547773826866544,0,0.0033450976841353825,0.00356359649122807,6e0811712543811a10b6cde1ec29db65b7bb4f25142c6991f2738d3d5c073f0a,3634.3956856677014,0.827479484931374,0.8403842669068773,0.820009970388491,119453,5312,11500,8644,2861,720,0.007469514542883027,0.01479356735944748,0.014861487640709506,-0.012904781975503266,ISIC_0002412,0,199.41990757359173,0.05487016957454781,ISIC_0002412,0.7057270847691247,0.6949295755138414,0.0,0.9593791238681979,0.12427865713834763,0.11899705231189728,0.11891417652120394,0.1390722244977951,0.13906965524252202,0.12420816760181251,canonical_letterbox_valid,3d99874f14ae5f316eec36e21141043d75bd4fd17ccfb31e3174198dee269596,0.4755836174151964,fixed_shrink,0,0,P2-IMA-M-v2,2,54ee1fb1bae47871b5e03317,Shrink-D0-0.333333,17,ISIC_0002412_A06_T1_S1_54ee1fb1bae47871b5e03317.png,S1,0.7952464818954468,0.7953393021720446,val,T1,0.7057270847691247,T1,307203
0.3333333333333333,0.3333333333333333,A04,0.16707533597946167,0.16702280085781293,0.06171445447201787,0.050181542683972784,0.19063131382239337,0,0.0033450976841353825,0.00356359649122807,6e0811712543811a10b6cde1ec29db65b7bb4f25142c6991f2738d3d5c073f0a,3634.3956856677014,0.6619979865398403,0.6888888888888889,0.6500582466693495,321436,5959,14353,541,8,73,0.011939739870490795,0.015438437461853027,0.015528711919239546,-0.026890902349048562,ISIC_0002412,0,259.2845739477032,0.07134186708678864,ISIC_0002412,0.49476606154565556,0.48154540376685895,0.0,0.9593791238681979,0.25185471773147583,0.25129932165145874,0.25139333276475107,0.26729315519332886,0.26745359951902586,0.2519248875997863,canonical_letterbox_valid,3d99874f14ae5f316eec36e21141043d75bd4fd17ccfb31e3174198dee269596,0.4755836174151964,fixed_shrink,0,0,P2-IMA-M-v2,2,54ee1fb5bae47871b5e0331d,Shrink-D0-0.333333,17,ISIC_0002412_A04_T1_S1_54ee1fb5bae47871b5e0331d.png,S1,0.66336590051651,0.6631730256582403,val,T1,0.0,T1,315306
0.3333333333333333,0.3333333333333333,A02,0.03138863667845726,0.030807292052724405,0.2227415701559911,0.12579049596200273,0.6346359195515545,0,0.0005358914399092971,0.00041118421052631577,6e0811712543811a10b6cde1ec29db65b7bb4f25142c6991f2738d3d5c073f0a,3634.3956856677014,0.8783270297195553,0.9092109649460215,0.8702404976456406,55193,0,3256,11,11,0,0.008086532073914743,0.00516616553068161,0.0051966300506549185,-0.030883935226466153,ISIC_0003185,0,68.61923872732895,0.018880508525235717,ISIC_0003185,0.783050900745119,0.77028827447975,0.0,0.2756691830449446,0.07787385582923889,0.05799674615263939,0.05751716514809694,0.0830400213599205,0.08262435533910148,0.07742772528844656,canonical_letterbox_valid,3d99874f14ae5f316eec36e21141043d75bd4fd17ccfb31e3174198dee269596,0.6219568621710035,fixed_shrink,0,0,P2-IMA-M-v2,2,55f1bf829fc3c1423f77e17a,Shrink-D0-0.333333,17,ISIC_0003185_A02_T1_S1_55f1bf829fc3c1423f77e17a.png,S1,0.8756409287452698,0.8759518414758313,val,T1,0.783050900745119,T1,199252
0.3333333333333333,0.3333333333333333,A05,0.019844362512230873,0.019561851502626276,0.31203070248623394,0.10521821116700152,0.7796285075698905,0,0.0005358914399092971,0.00041118421052631577,6e0811712543811a10b6cde1ec29db65b7bb4f25142c6991f2738d3d5c073f0a,3634.3956856677014,0.8918134582647165,0.8592455662794145,0.898896935183732,261,0,193,38696,3074,0,-0.007083476919015563,-0.0038830414414405823,-0.003946689919442636,0.03256789198530197,ISIC_0003185,0,49.64876634922564,0.013660803787825403,ISIC_0003185,0.8047503057276317,0.8163603970475948,0.0,0.2756691830449446,0.06668416410684586,0.08823046088218689,0.08854411771410502,0.06280112266540527,0.06279256124899858,0.06673925116844122,canonical_letterbox_valid,3d99874f14ae5f316eec36e21141043d75bd4fd17ccfb31e3174198dee269596,0.6219568621710035,fixed_shrink,0,0,P2-IMA-M-v2,2,566603da9fc3c12067285139,Shrink-D0-0.333333,17,ISIC_0003185_A05_T1_S1_566603da9fc3c12067285139.png,S1,0.8864760398864746,0.8860833491657438,val,T1,0.8047503057276317,T1,160567
0.3333333333333333,0.3333333333333333,A07,0.09089601784944534,0.0900696214572355,0.03198928357431696,0.01472556438347767,0.20040310638470601,0,0.0031210304337784497,0.0029239766081871343,6e0811712543811a10b6cde1ec29db65b7bb4f25142c6991f2738d3d5c073f0a,3634.3956856677014,0.8994648155331192,0.9311027207120086,0.8867662504942402,167695,0,19027,0,0,0,0.012698565038879006,0.017887651920318604,0.01791314085480139,-0.031637905178889425,ISIC_0004110,0,74.06078584514209,0.020377744266316958,ISIC_0004110,0.8172976459347242,0.7965678824307437,0.0,0.4226970431005815,0.09579050540924072,0.0590394102036953,0.058644338270196744,0.11367815732955933,0.11320071541323451,0.09528757455843312,canonical_letterbox_valid,3d99874f14ae5f316eec36e21141043d75bd4fd17ccfb31e3174198dee269596,0.48156446958590154,fixed_shrink,0,0,P2-IMA-M-v2,2,5661d7969fc3c147bbd6a170,Shrink-D0-0.333333,17,ISIC_0004110_A07_T1_S1_5661d7969fc3c147bbd6a170.png,S1,0.8993149995803833,0.8994944723403693,val,T1,0.8172976459347242,T1,750164
0.3333333333333333,0.3333333333333333,A06,0.026075126603245735,0.025376158181085424,0.55133618720928,0.30260638875362655,0.9016817028319667,0,0.0031210304337784497,0.0029239766081871343,6e0811712543811a10b6cde1ec29db65b7bb4f25142c6991f2738d3d5c073f0a,3634.3956856677014,0.9583245853453706,0.9770942765451939,0.9473139900093116,63522,0,17613,1586,1414,0,0.01101059533605897,0.010232433676719666,0.010190823137745914,-0.018769691199823302,ISIC_0004110,0,44.94441010848846,0.012366405310717123,ISIC_0004110,0.9199838758439988,0.8999017570469006,0.0,0.4226970431005815,0.03643110394477844,0.024639146402478218,0.02445404049923244,0.04666353762149811,0.046045287950860804,0.03585446481311489,canonical_letterbox_valid,3d99874f14ae5f316eec36e21141043d75bd4fd17ccfb31e3174198dee269596,0.48156446958590154,fixed_shrink,0,0,P2-IMA-M-v2,2,568bb4f29fc3c126c063ff46,Shrink-D0-0.333333,17,ISIC_0004110_A06_T1_S1_568bb4f29fc3c126c063ff46.png,S1,0.9532129168510437,0.9536672285548556,val,T1,0.9199838758439988,T1,748578
0.3333333333333333,0.3333333333333333,A02,0.01581362634897232,0.01531667407241284,0.2577576083278597,0.047163631599633174,0.8869403067391348,0,0.00022291902872260014,0.0001599049707602339,6e0811712543811a10b6cde1ec29db65b7bb4f25142c6991f2738d3d5c073f0a,3634.3956856677014,0.7679365541653131,0.7756783055373266,0.7585138633798765,0,0,0,20717,125,1234,0.009422690785436671,0.005302265286445618,0.005326070282460488,-0.0077417513720134945,ISIC_0005842,0,39.81205847478876,0.01095424436909505,ISIC_0005842,0.6232930266387854,0.6109724796805932,0.0,0.21758286759602322,0.12615258991718292,0.12162468582391739,0.12070296163408668,0.13145485520362854,0.1304773669240764,0.12515129664161592,canonical_letterbox_valid,3d99874f14ae5f316eec36e21141043d75bd4fd17ccfb31e3174198dee269596,0.34038599912060163,fixed_shrink,0,0,P2-IMA-M-v2,2,560ee6f59fc3c1047093fbbb,Shrink-D0-0.333333,17,ISIC_0005842_A02_T1_S1_560ee6f59fc3c1047093fbbb.png,S1,0.7635084390640259,0.765014080789181,val,T1,0.0,T1,34278
0.3333333333333333,0.3333333333333333,A05,0.02657954953610897,0.025644490057374347,0.09989295606784598,0.0,0.4881116666289618,0,0.00022291902872260014,0.0001599049707602339,6e0811712543811a10b6cde1ec29db65b7bb4f25142c6991f2738d3d5c073f0a,3634.3956856677014,0.6531561868609563,0.6603610072548097,0.6444052480247421,0,0,0,28325,125,1234,0.00875093883621425,0.005056008696556091,0.005095629773606225,-0.007204820393853395,ISIC_0005842,0,55.44817345074938,0.015256504312232747,ISIC_0005842,0.4849531775615965,0.4753671752459718,0.0,0.21758286759602322,0.19147655367851257,0.18679416179656982,0.18291761152576752,0.19653256237506866,0.1926314086743246,0.18753577890071838,canonical_letterbox_valid,3d99874f14ae5f316eec36e21141043d75bd4fd17ccfb31e3174198dee269596,0.34038599912060163,fixed_shrink,0,0,P2-IMA-M-v2,2,5661e13a9fc3c147bbd6a284,Shrink-D0-0.333333,17,ISIC_0005842_A05_T1_S1_5661e13a9fc3c147bbd6a284.png,S1,0.6436264514923096,0.6505729322559376,val,T1,0.0,T1,26670
0.3333333333333333,0.3333333333333333,A04,0.06184650585055351,0.06106448352775032,0.23867367144099588,0.12220808018742724,0.5727980110895312,0,0.010684967041015625,0.010335286458333334,6e0811712543811a10b6cde1ec29db65b7bb4f25142c6991f2738d3d5c073f0a,1280.0,0.9404709793674622,0.9645873632008723,0.9180372008682034,21798,0,8034,369,369,0,0.02243377849925876,0.02109014242887497,0.021108007984051366,-0.024116383833410193,ISIC_0009942,0,34.438350715445125,0.026904961496441504,ISIC_0009942,0.8876311654078167,0.8484923895764876,0.0,0.452727235786571,0.06563872843980789,0.045491065829992294,0.044936476425115446,0.08672887086868286,0.0861519351202839,0.06504392713623254,canonical_letterbox_valid,3d99874f14ae5f316eec36e21141043d75bd4fd17ccfb31e3174198dee269596,0.6943075889504751,fixed_shrink,0,0,P2-IMA-M-v2,2,5592f1f09fc3c13155145c90,Shrink-D0-0.333333,17,ISIC_0009942_A04_T1_S1_5592f1f09fc3c13155145c90.png,S1,0.930569052696228,0.9309766292552852,val,T1,0.8876311654078167,T1,175103
0.3333333333333333,0.3333333333333333,A06,0.08944985270500183,0.08821132702168816,0.13834586466165413,0.06803399207516135,0.33523903267779975,0,0.010684967041015625,0.010335286458333334,6e0811712543811a10b6cde1ec29db65b7bb4f25142c6991f2738d3d5c073f0a,1280.0,0.9244181274906453,0.898198406451443,0.937812326485286,1451,0,1737,23414,6666,0,-0.013394198994640671,-0.015888191759586334,-0.01606940443314797,0.026219721039202337,ISIC_0009942,0,29.427877939124322,0.022990529639940877,ISIC_0009942,0.8594586345472324,0.882906429691584,0.0,0.452727235786571,0.08990640938282013,0.1255093216896057,0.12490938675586141,0.0740182176232338,0.073012156226865,0.08908156066001297,canonical_letterbox_valid,3d99874f14ae5f316eec36e21141043d75bd4fd17ccfb31e3174198dee269596,0.6943075889504751,fixed_shrink,0,0,P2-IMA-M-v2,2,568bb8989fc3c126c063ff6a,Shrink-D0-0.333333,17,ISIC_0009942_A06_T1_S1_568bb8989fc3c126c063ff6a.png,S1,0.9096370339393616,0.9100482057016622,val,T1,0.8594586345472324,T1,152058
0.3333333333333333,0.3333333333333333,A04,0.21701844036579132,0.21687022620023932,0.17374822515176483,0.12947599125385093,0.27431224180873554,0,0.0023956298828125,0.0022379557291666665,6e0811712543811a10b6cde1ec29db65b7bb4f25142c6991f2738d3d5c073f0a,1280.0,0.9337631668429096,0.9385978579828534,0.9340518754809165,69193,931,599,1713,153,201,-0.00028870863800689595,-0.004298120737075806,-0.004261708063844849,-0.004834691139943836,ISIC_0010175,0,45.72306613596884,0.03572114541872566,ISIC_0010175,0.8757558713086934,0.8762639137831648,0.0,0.21211759641450917,0.14471286535263062,0.13887694478034973,0.13868174359134638,0.1404147446155548,0.14035471284686607,0.14461642091071092,canonical_letterbox_valid,3d99874f14ae5f316eec36e21141043d75bd4fd17ccfb31e3174198dee269596,0.560566948743024,fixed_shrink,0,0,P2-IMA-M-v2,4,55a9390c9fc3c156bd715c4b,Shrink-D0-0.333333,17,ISIC_0010175_A04_T1_S1_55a9390c9fc3c156bd715c4b.png,S1,0.9275926947593689,0.9276373843788175,val,T1,0.8757558713086934,T1,499793
0.3333333333333333,0.3333333333333333,A06,0.07297283411026001,0.07190572388533338,0.5341945119013047,0.31969335782144587,0.8301505866549181,0,0.0023956298828125,0.0022379557291666665,6e0811712543811a10b6cde1ec29db65b7bb4f25142c6991f2738d3d5c073f0a,1280.0,0.9780356125558284,0.9711963791802867,0.9782386212794588,2581,488,202,19087,550,644,-0.00020300872363043787,0.0016050860285758972,0.0016748084180340725,0.006839233375541709,ISIC_0010175,0,21.840329667841555,0.017062757553001216,ISIC_0010175,0.9570153564761639,0.9574041861950371,0.0,0.21211759641450917,0.05689021944999695,0.0638803243637085,0.06303543841339013,0.058495305478572845,0.05788127613180895,0.056206467713774876,canonical_letterbox_valid,3d99874f14ae5f316eec36e21141043d75bd4fd17ccfb31e3174198dee269596,0.560566948743024,fixed_shrink,0,0,P2-IMA-M-v2,4,57b711eb9fc3c1565f9bf373,Shrink-D0-0.333333,17,ISIC_0010175_A06_T1_S1_57b711eb9fc3c1565f9bf373.png,S1,0.9591923952102661,0.9594927884577836,val,T1,0.9570153564761639,T1,482419
0.3333333333333333,0.3333333333333333,A03,0.3557511866092682,0.3541918232269757,0.07813167977004287,0.04903343808069114,0.12418210232367484,0,0.0023956298828125,0.0022379557291666665,6e0811712543811a10b6cde1ec29db65b7bb4f25142c6991f2738d3d5c073f0a,1280.0,0.9063030468123694,0.9118195672715159,0.9071305797176936,96726,1132,507,5775,245,0,-0.0008275329053242242,-0.0097198486328125,-0.00966114767239229,-0.005516520459146523,ISIC_0010175,0,75.39396492951552,0.058901535101184,ISIC_0010175,0.8286601184824617,0.8300448003050234,0.0,0.21211759641450917,0.22543300688266754,0.22654348611831665,0.22554059409191915,0.21571315824985504,0.2149056834857728,0.2245668311581651,canonical_letterbox_valid,3d99874f14ae5f316eec36e21141043d75bd4fd17ccfb31e3174198dee269596,0.560566948743024,fixed_shrink,0,0,P2-IMA-M-v2,4,57be143a9fc3c1434763a352,Shrink-D0-0.333333,17,ISIC_0010175_A03_T1_S1_57be143a9fc3c1434763a352.png,S1,0.9048851728439331,0.9050581609106455,val,T1,0.8286601184824617,T1,495731
0.3333333333333333,0.3333333333333333,A02,0.08647141605615616,0.08518468355781912,0.32832651640414234,0.18621930290742736,0.6364528382275781,0,0.0023956298828125,0.0022379557291666665,6e0811712543811a10b6cde1ec29db65b7bb4f25142c6991f2738d3d5c073f0a,1280.0,0.9713744659378939,0.9737409480716613,0.9720433206809316,26470,1013,485,2916,267,119,-0.0006688547430376834,0.0003002285957336426,0.00042027383159295995,-0.0023664821337674447,ISIC_0010175,0,23.021728866442675,0.01798572567690834,ISIC_0010175,0.9443421670682001,0.9456072811597718,0.0,0.21211759641450917,0.06499503552913666,0.05994593724608421,0.05891301102079332,0.0652952641248703,0.06460115035090486,0.0641808765193119,canonical_letterbox_valid,3d99874f14ae5f316eec36e21141043d75bd4fd17ccfb31e3174198dee269596,0.560566948743024,fixed_shrink,0,0,P2-IMA-M-v2,4,57c0545f9fc3c158f2bd0e5d,Shrink-D0-0.333333,17,ISIC_0010175_A02_T1_S1_57c0545f9fc3c158f2bd0e5d.png,S1,0.9564813375473022,0.9568229305191953,val,T1,0.9443421670682001,T1,498590
0.3333333333333333,0.3333333333333333,A06,0.09612435847520828,0.10129540866565502,0.5517586987017259,0.5033097754562769,0.6479079902133715,0,0.0034001668294270835,0.00360107421875,6e0811712543811a10b6cde1ec29db65b7bb4f25142c6991f2738d3d5c073f0a,1280.0,0.9734017440723621,0.9756456831090693,0.9745950645276007,34200,2109,366,1575,6,193,-0.0011933204552385668,0.0004174858331680298,0.0002119425728275004,-0.0022439390367071654,ISIC_0010190,0,33.83784863137726,0.026435819243263485,ISIC_0010190,0.9481817628774294,0.9504489697805182,0.0,0.17877155639395262,0.06796371936798096,0.061557043343782425,0.06511128078729242,0.06838120520114899,0.07121525670944504,0.07100331413661753,canonical_letterbox_valid,3d99874f14ae5f316eec36e21141043d75bd4fd17ccfb31e3174198dee269596,0.5945891124876369,fixed_shrink,0,0,P2-IMA-M-v2,3,568b330f9fc3c126c063febc,Shrink-D0-0.333333,17,ISIC_0010190_A06_T1_S1_568b330f9fc3c126c063febc.png,S1,0.9601969122886658,0.9592887803924199,val,T1,0.9481817628774294,T1,654619
0.3333333333333333,0.3333333333333333,A03,0.2339753657579422,0.2406330432036546,0.338379624318151,0.0812030034285652,0.5031401458231051,0,0.0034001668294270835,0.00360107421875,6e0811712543811a10b6cde1ec29db65b7bb4f25142c6991f2738d3d5c073f0a,1280.0,0.9403824488386884,0.9410776764887895,0.9415521517292829,54385,1820,127,25574,245,482,-0.0011697028905944817,-0.005805283784866333,-0.0060639346823254114,-0.0006952276501011045,ISIC_0010190,0,73.00684899377592,0.05703660077638743,ISIC_0010190,0.8874734547460592,0.8895593233691982,0.0,0.17877155639395262,0.15007182955741882,0.1584133356809616,0.16258726569560064,0.1442665457725525,0.1478470762667351,0.1539110109490605,canonical_letterbox_valid,3d99874f14ae5f316eec36e21141043d75bd4fd17ccfb31e3174198dee269596,0.5945891124876369,fixed_shrink,0,0,P2-IMA-M-v2,3,57be14769fc3c1434763a354,Shrink-D0-0.333333,17,ISIC_0010190_A03_T1_S1_57be14769fc3c1434763a354.png,S1,0.9338316917419434,0.9328110213055336,val,T1,0.8874734547460592,T1,630620
0.3333333333333333,0.3333333333333333,A02,0.10569839924573898,0.10330200891671017,0.41673637422296583,0.1577130152927428,0.7825783160591592,0,0.0034001668294270835,0.00360107421875,6e0811712543811a10b6cde1ec29db65b7bb4f25142c6991f2738d3d5c073f0a,1280.0,0.978130635484127,0.9797553749328699,0.9789492361066544,19535,1788,302,9388,70,514,-0.0008186006225273657,0.0008947998285293579,0.0009945962996043556,-0.0016247394487428624,ISIC_0010190,0,24.81912760470992,0.019389943441179624,ISIC_0010190,0.9571973379860861,0.9587664695277688,0.0,0.17877155639395262,0.07315737009048462,0.06849285960197449,0.06688495304833617,0.07405216991901398,0.07277473552033309,0.07178013922072873,canonical_letterbox_valid,3d99874f14ae5f316eec36e21141043d75bd4fd17ccfb31e3174198dee269596,0.5945891124876369,fixed_shrink,0,0,P2-IMA-M-v2,3,57c054969fc3c158f2bd0e5f,Shrink-D0-0.333333,17,ISIC_0010190_A02_T1_S1_57c054969fc3c158f2bd0e5f.png,S1,0.9593836665153503,0.9597417304752527,val,T1,0.9571973379860861,T1,646806
0.3333333333333333,0.3333333333333333,A04,0.06511928141117096,0.06538194645726682,0.4134013301041251,0.24442442997621985,0.7504260886983898,0,0.004305521647135417,0.004109700520833333,6e0811712543811a10b6cde1ec29db65b7bb4f25142c6991f2738d3d5c073f0a,1280.0,0.973117355098368,0.9794663819611398,0.9696544479532088,19196,266,2763,1597,124,233,0.0034629071451592885,0.0034579262137413025,0.0035216511669415584,-0.006349026862771723,ISIC_0010479,0,22.620778132708242,0.017672482916178314,ISIC_0010479,0.9476422256523633,0.9410963593980496,0.0,0.28735944403077346,0.057007499039173126,0.05133625864982605,0.05146750341609985,0.06046542525291443,0.06071917897098642,0.05719752780404486,canonical_letterbox_valid,3d99874f14ae5f316eec36e21141043d75bd4fd17ccfb31e3174198dee269596,0.4582832021283349,fixed_shrink,0,0,P2-IMA-M-v2,2,55a7f9ce9fc3c156bd715651,Shrink-D0-0.333333,17,ISIC_0010479_A04_T1_S1_55a7f9ce9fc3c156bd715651.png,S1,0.9511042833328247,0.9509868908491771,val,T1,0.9476422256523633,T1,376340
0.3333333333333333,0.3333333333333333,A06,0.0904325544834137,0.08988620958361275,0.22753059449093066,0.1383570722030902,0.5464659768632192,0,0.004305521647135417,0.004109700520833333,6e0811712543811a10b6cde1ec29db65b7bb4f25142c6991f2738d3d5c073f0a,1280.0,0.9596817056271467,0.951645520075671,0.960654115850928,807,0,793,28550,2094,499,-0.0009724102237812504,-0.001825869083404541,-0.0017628557584672688,0.008036185551475672,ISIC_0010479,0,30.364452901377952,0.023722228829201525,ISIC_0010479,0.9224885410725978,0.9242872180491,0.0,0.28735944403077346,0.07592134177684784,0.08698393404483795,0.08650388853750796,0.0740954726934433,0.07380182045707295,0.07556467621554022,canonical_letterbox_valid,3d99874f14ae5f316eec36e21141043d75bd4fd17ccfb31e3174198dee269596,0.4582832021283349,fixed_shrink,0,0,P2-IMA-M-v2,2,568b3a509fc3c126c063fef5,Shrink-D0-0.333333,17,ISIC_0010479_A06_T1_S1_568b3a509fc3c126c063fef5.png,S1,0.938589870929718,0.9387568571525323,val,T1,0.9224885410725978,T1,349387
0.3333333333333333,0.3333333333333333,A04,0.08465048670768738,0.08466605479619961,0.31217619224290194,0.1924594595647381,0.5383986334525124,0,0.007152557373046875,0.007344563802083333,6e0811712543811a10b6cde1ec29db65b7bb4f25142c6991f2738d3d5c073f0a,1280.0,0.9576083328839654,0.968657722040446,0.9513347070806695,28630,412,4848,457,365,0,0.006273625803295935,0.008044704794883728,0.008009138759016515,-0.011049389156480571,ISIC_0010596,0,33.83784863137726,0.026435819243263485,ISIC_0010596,0.9186646086047123,0.9071862237685898,0.0,0.40299721688392626,0.07304824888706207,0.059334564954042435,0.059517474334722285,0.0810929536819458,0.08104933710310022,0.0730401983440837,canonical_letterbox_valid,3d99874f14ae5f316eec36e21141043d75bd4fd17ccfb31e3174198dee269596,0.5229348192777644,fixed_shrink,0,0,P2-IMA-M-v2,3,55a7d8889fc3c156bd715393,Shrink-D0-0.333333,17,ISIC_0010596_A04_T1_S1_55a7d8889fc3c156bd715393.png,S1,0.9385539889335632,0.9385856581080322,val,T1,0.9186646086047123,T1,328531
0.3333333333333333,0.3333333333333333,A03,0.28467246890068054,0.28430127603497396,0.068951013080277,0.05048543689320389,0.13088547656091457,0,0.007152557373046875,0.007344563802083333,6e0811712543811a10b6cde1ec29db65b7bb4f25142c6991f2738d3d5c073f0a,1280.0,0.8784485740884945,0.9014312938409763,0.8711993095642028,90853,408,5213,150,0,4,0.007249264524291754,0.005218863487243652,0.005187001182359652,-0.022982719752481784,ISIC_0010596,0,75.23961722390672,0.05878095095617712,ISIC_0010596,0.7832441328979304,0.7717919708463837,0.0,0.40299721688392626,0.20256827771663666,0.17883962392807007,0.17865098102003982,0.2077871412038803,0.20743464471243764,0.202247643530078,canonical_letterbox_valid,3d99874f14ae5f316eec36e21141043d75bd4fd17ccfb31e3174198dee269596,0.5229348192777644,fixed_shrink,0,0,P2-IMA-M-v2,3,57be15e29fc3c1434763a361,Shrink-D0-0.333333,17,ISIC_0010596_A03_T1_S1_57be15e29fc3c1434763a361.png,S1,0.8795359134674072,0.879805988974818,val,T1,0.7832441328979304,T1,328838
0.3333333333333333,0.3333333333333333,A02,0.0628700777888298,0.06215294665678341,0.4973510533681257,0.2645631308448916,0.8106882352207512,0,0.007152557373046875,0.007344563802083333,6e0811712543811a10b6cde1ec29db65b7bb4f25142c6991f2738d3d5c073f0a,1280.0,0.9725564992859113,0.9594753313392075,0.9729402524996973,4458,245,2456,13355,2757,167,-0.0003837532137860311,0.0025583505630493164,0.0025945608536320705,0.013081167946703776,ISIC_0010596,0,23.08679276123039,0.018036556844711244,ISIC_0010596,0.9465790562789778,0.9473063810237686,0.0,0.40299721688392626,0.05895650014281273,0.06843121349811554,0.06793010486365289,0.061514850705862045,0.061030241874016296,0.058435681020384225,canonical_letterbox_valid,3d99874f14ae5f316eec36e21141043d75bd4fd17ccfb31e3174198dee269596,0.5229348192777644,fixed_shrink,0,0,P2-IMA-M-v2,3,57c05f519fc3c158f2bd0e6c,Shrink-D0-0.333333,17,ISIC_0010596_A02_T1_S1_57c05f519fc3c158f2bd0e6c.png,S1,0.9449570775032043,0.945281584616015,val,T1,0.9465790562789778,T1,315633
0.3333333333333333,0.3333333333333333,A04,0.29856544733047485,0.2990548308466157,0.00844069302532208,0.0,0.038890991913376846,0,0.008394877115885416,0.008158365885416666,6e0811712543811a10b6cde1ec29db65b7bb4f25142c6991f2738d3d5c073f0a,1280.0,0.864847589084584,0.8788220482271234,0.8704332055698872,113754,5382,1220,0,0,0,-0.005585616485303202,-0.005782321095466614,-0.005928406669303915,-0.013974459142539364,ISIC_0011107,0,102.61578825892242,0.08016858457728314,ISIC_0011107,0.761877947638017,0.770590291660474,0.0,0.6473515303095945,0.22091397643089294,0.20616331696510315,0.20662543633067595,0.21513165533542633,0.21522750732997603,0.22115591399927995,canonical_letterbox_valid,3d99874f14ae5f316eec36e21141043d75bd4fd17ccfb31e3174198dee269596,0.44100889835816826,fixed_shrink,0,0,P2-IMA-M-v2,3,55a020ea9fc3c156bd714796,Shrink-D0-0.333333,17,ISIC_0011107_A04_T1_S1_55a020ea9fc3c156bd714796.png,S1,0.856737494468689,0.8567430028480558,val,T1,0.761877947638017,T1,363959
0.3333333333333333,0.3333333333333333,A03,0.5891878604888916,0.5896612134624218,0.0,0.0,0.0,0,0.008394877115885416,0.008158365885416666,6e0811712543811a10b6cde1ec29db65b7bb4f25142c6991f2738d3d5c073f0a,1280.0,0.798952025648371,0.8127480530076665,0.8044136430036285,183173,5382,1220,0,0,0,-0.00546161735525752,-0.023865044116973877,-0.024021690643779958,-0.013796027359295526,ISIC_0011107,0,138.0507153186828,0.10785212134272093,ISIC_0011107,0.6652124167476953,0.6728193562065461,0.0,0.6473515303095945,0.393754243850708,0.3871057629585266,0.38764135710986286,0.36988919973373413,0.3699636077605166,0.3939852984042966,canonical_letterbox_valid,3d99874f14ae5f316eec36e21141043d75bd4fd17ccfb31e3174198dee269596,0.44100889835816826,fixed_shrink,0,0,P2-IMA-M-v2,3,57be16e99fc3c1434763a366,Shrink-D0-0.333333,17,ISIC_0011107_A03_T1_S1_57be16e99fc3c1434763a366.png,S1,0.8016793727874756,0.8016906166538287,val,T1,0.6652124167476953,T1,363959
0.3333333333333333,0.3333333333333333,A02,0.2599487602710724,0.26003869356625003,0.0,0.0,0.03128442388191232,0,0.008394877115885416,0.008158365885416666,6e0811712543811a10b6cde1ec29db65b7bb4f25142c6991f2738d3d5c073f0a,1280.0,0.8711863351955842,0.8853102637286012,0.8767812697240714,107630,5382,1220,0,0,0,-0.00559493452848725,-0.0015013813972473145,-0.0015849299842184694,-0.014123928533017027,ISIC_0011107,0,90.44335243676011,0.07065886909121884,ISIC_0011107,0.771771606207948,0.780597087718331,0.0,0.6473515303095945,0.19782458245754242,0.1791001856327057,0.17923551990790765,0.1963232010602951,0.19625925697001373,0.1978441869542322,canonical_letterbox_valid,3d99874f14ae5f316eec36e21141043d75bd4fd17ccfb31e3174198dee269596,0.44100889835816826,fixed_shrink,0,0,P2-IMA-M-v2,3,57c060a19fc3c158f2bd0e71,Shrink-D0-0.333333,17,ISIC_0011107_A02_T1_S1_57c060a19fc3c158f2bd0e71.png,S1,0.8642995953559875,0.8643503196577856,val,T1,0.771771606207948,T1,363959
0.3333333333333333,0.3333333333333333,A04,0.1731351613998413,0.1730209325662052,0.0,0.0,0.0,0,0.0003916422526041667,0.0003255208333333333,6e0811712543811a10b6cde1ec29db65b7bb4f25142c6991f2738d3d5c073f0a,1280.0,0.8452172082251386,0.8521100661425837,0.8450854982058098,35288,141,167,0,0,0,0.0001317100193287679,-0.006602644920349121,-0.006580450117572911,-0.006892857917445094,ISIC_0011110,0,45.751978551663086,0.035743733243486786,ISIC_0011110,0.7319274362636361,0.7317299219058616,0.0,0.41267250550816587,0.1630193591117859,0.16535282135009766,0.16539696863103953,0.15641671419143677,0.15644495260788321,0.16302540272545613,canonical_letterbox_valid,3d99874f14ae5f316eec36e21141043d75bd4fd17ccfb31e3174198dee269596,0.7877225936193109,fixed_shrink,0,0,P2-IMA-M-v2,3,55a0206a9fc3c156bd714784,Shrink-D0-0.333333,17,ISIC_0011110_A04_T1_S1_55a0206a9fc3c156bd714784.png,S1,0.8470964431762695,0.846970127115293,val,T1,0.7319274362636361,T1,96348
0.3333333333333333,0.3333333333333333,A03,0.2834477126598358,0.2824559947231955,0.0,0.0,0.04637328149518702,0,0.0003916422526041667,0.0003255208333333333,6e0811712543811a10b6cde1ec29db65b7bb4f25142c6991f2738d3d5c073f0a,1280.0,0.7978998277461243,0.8046756947046398,0.797770397303274,48808,141,167,0,0,0,0.00012943044285029792,-0.011468008160591125,-0.011385777818728432,-0.0067758669585155085,ISIC_0011110,0,67.44330307361018,0.052690080526257954,ISIC_0011110,0.6637548568436716,0.6635757392047177,0.0,0.41267250550816587,0.24197234213352203,0.2518550157546997,0.2510723928514893,0.2305043339729309,0.22988033461497967,0.2412661124337081,canonical_letterbox_valid,3d99874f14ae5f316eec36e21141043d75bd4fd17ccfb31e3174198dee269596,0.7877225936193109,fixed_shrink,0,0,P2-IMA-M-v2,3,57be16f99fc3c1434763a367,Shrink-D0-0.333333,17,ISIC_0011110_A03_T1_S1_57be16f99fc3c1434763a367.png,S1,0.7995030283927917,0.7999237698557793,val,T1,0.6637548568436716,T1,96348
0.3333333333333333,0.3333333333333333,A02,0.10540062934160233,0.10412293396547255,0.0017597888253409594,0.0,0.17116473892141465,0,0.0003916422526041667,0.0003255208333333333,6e0811712543811a10b6cde1ec29db65b7bb4f25142c6991f2738d3d5c073f0a,1280.0,0.8859138158529913,0.8928819444444445,0.8857806285490953,24815,141,167,0,0,0,0.00013318730389599853,-0.0037010759115219116,-0.0036307690663278935,-0.006968128591453127,ISIC_0011110,0,33.53207340208699,0.026196932345380463,ISIC_0011110,0.7951932520653995,0.7949786651040334,0.0,0.41267250550816587,0.10947257280349731,0.10765735805034637,0.10675651215032606,0.1057714968919754,0.10494103144116071,0.1085718005074886,canonical_letterbox_valid,3d99874f14ae5f316eec36e21141043d75bd4fd17ccfb31e3174198dee269596,0.7877225936193109,fixed_shrink,0,0,P2-IMA-M-v2,3,57c060b29fc3c158f2bd0e72,Shrink-D0-0.333333,17,ISIC_0011110_A02_T1_S1_57c060b29fc3c158f2bd0e72.png,S1,0.8864554762840271,0.8869793329504954,val,T1,0.7951932520653995,T1,96348
0.3333333333333333,0.3333333333333333,A04,0.13133765757083893,0.13256113204641717,0.6800874225489435,0.21489879196350134,0.7277640716693574,0,0.009240468343098959,0.00921630859375,6e0811712543811a10b6cde1ec29db65b7bb4f25142c6991f2738d3d5c073f0a,1280.0,0.9643288478631267,0.9632212408438192,0.9646587295001612,21484,3706,18,26836,24,3519,-0.00032988163703451256,0.008906431496143341,0.00879969632995091,0.001107607019307455,ISIC_0011121,0,58.0,0.0453125,ISIC_0011121,0.9311149063807099,0.9317302004530799,0.0,0.43306014139628735,0.09346962720155716,0.0881204754114151,0.08899235034807504,0.1023760586977005,0.10303546103812193,0.09423576470817102,canonical_letterbox_valid,3d99874f14ae5f316eec36e21141043d75bd4fd17ccfb31e3174198dee269596,0.6695982195237529,fixed_shrink,0,0,P2-IMA-M-v2,2,55a01ee49fc3c156bd714742,Shrink-D0-0.333333,17,ISIC_0011121_A04_T1_S1_55a01ee49fc3c156bd714742.png,S1,0.9443984031677246,0.9440896026300751,val,T1,0.9311149063807099,T1,653138
0.3333333333333333,0.3333333333333333,A06,0.22016574442386627,0.21933582158334083,0.6864125282597314,0.6504640997945167,0.739777056221286,0,0.009240468343098959,0.00921630859375,6e0811712543811a10b6cde1ec29db65b7bb4f25142c6991f2738d3d5c073f0a,1280.0,0.9525124929127592,0.9425242610460751,0.955067596924431,63640,5286,42,3783,0,1939,-0.002555104011671805,-0.0032927989959716797,-0.0031820280491618447,0.009988231866684072,ISIC_0011121,0,155.5862526065494,0.12155175984886672,ISIC_0011121,0.9093306473519864,0.9139994071514701,0.0,0.43306014139628735,0.1439889371395111,0.1695840209722519,0.16872363858651127,0.14069613814353943,0.14039080395447023,0.14357283200363208,canonical_letterbox_valid,3d99874f14ae5f316eec36e21141043d75bd4fd17ccfb31e3174198dee269596,0.6695982195237529,fixed_shrink,0,0,P2-IMA-M-v2,2,568b3a1a9fc3c126c063fef2,Shrink-D0-0.333333,17,ISIC_0011121_A06_T1_S1_568b3a1a9fc3c126c063fef2.png,S1,0.9321878552436829,0.9321901575760767,val,T1,0.9093306473519864,T1,676191
0.3333333333333333,0.3333333333333333,A04,0.10781271010637283,0.107132014910996,0.12140615842207877,0.07959099409807398,0.2258546958113307,0,0.010245005289713541,0.01025390625,6e0811712543811a10b6cde1ec29db65b7bb4f25142c6991f2738d3d5c073f0a,1280.0,0.8905644514308889,0.9389954815589735,0.8645417601746831,36788,0,7878,179,179,0,0.02602269125620582,0.027533769607543945,0.027661153317738302,-0.048431030128084585,ISIC_0011169,0,40.162171256046406,0.031376696293786255,ISIC_0011169,0.8027185108494946,0.7614033963130933,0.0,0.4482033412047311,0.11304411292076111,0.07166332751512527,0.07099520199145552,0.14057788252830505,0.1402258273931474,0.1125646740754091,canonical_letterbox_valid,3d99874f14ae5f316eec36e21141043d75bd4fd17ccfb31e3174198dee269596,0.48991489815811085,fixed_shrink,0,0,P2-IMA-M-v2,2,55a007d89fc3c156bd7145fd,Shrink-D0-0.333333,17,ISIC_0011169_A04_T1_S1_55a007d89fc3c156bd7145fd.png,S1,0.88172447681427,0.8820026667601778,val,T1,0.8027185108494946,T1,150415
0.3333333333333333,0.3333333333333333,A06,0.0695515051484108,0.06964610479072866,0.19497880665145093,0.04900568181818182,0.5582727568623196,0,0.010245005289713541,0.01025390625,6e0811712543811a10b6cde1ec29db65b7bb4f25142c6991f2738d3d5c073f0a,1280.0,0.9177328779019278,0.9672847235324723,0.8904944866148128,26999,0,8057,0,0,0,0.027238391287115027,0.025048449635505676,0.025096305945852174,-0.04955184563054449,ISIC_0011169,0,46.66904755831214,0.036460193404931354,ISIC_0011169,0.8479726115331122,0.8026048323976733,0.0,0.4482033412047311,0.08177118003368378,0.053855545818805695,0.0539560610622625,0.10681962966918945,0.10694199045870986,0.08184568451285769,canonical_letterbox_valid,3d99874f14ae5f316eec36e21141043d75bd4fd17ccfb31e3174198dee269596,0.48991489815811085,fixed_shrink,0,0,P2-IMA-M-v2,2,568b39019fc3c126c063fee9,Shrink-D0-0.333333,17,ISIC_0011169_A06_T1_S1_568b39019fc3c126c063fee9.png,S1,0.9060091376304626,0.9059547357650133,val,T1,0.8479726115331122,T1,150594
0.3333333333333333,0.3333333333333333,A04,0.12713243067264557,0.12736007758669912,0.38543371040342167,0.23783037738789192,0.5887747959491655,0,0.06998443603515625,0.06978352864583333,6e0811712543811a10b6cde1ec29db65b7bb4f25142c6991f2738d3d5c073f0a,1280.0,0.9669139295683096,0.937382114232257,0.9421572562702174,15562,12978,0,19050,0,42060,0.02475667329809217,0.03312235325574875,0.033090497679184136,0.029531815336052536,ISIC_0011349,0,31.400636936215164,0.024531747606418096,ISIC_0011349,0.935947117324184,0.8906401843324302,0.0,0.7638900506293252,0.09890566021203995,0.11331740021705627,0.11352927131114059,0.1320280134677887,0.13214012607977527,0.09904962840059113,canonical_letterbox_valid,3d99874f14ae5f316eec36e21141043d75bd4fd17ccfb31e3174198dee269596,0.5387042250218933,fixed_shrink,0,0,P2-IMA-M-v2,4,55a94c809fc3c156bd715db9,Shrink-D0-0.333333,17,ISIC_0011349_A04_T1_S1_55a94c809fc3c156bd715db9.png,S1,0.9293211102485657,0.9292608207855169,val,T1,0.935947117324184,T1,505754
0.3333333333333333,0.3333333333333333,A06,0.16213171184062958,0.16248780230158683,0.24003024247480334,0.13543230443036028,0.46473788859378745,0,0.06998443603515625,0.06978352864583333,6e0811712543811a10b6cde1ec29db65b7bb4f25142c6991f2738d3d5c073f0a,1280.0,0.9447317115344078,0.946796997802668,0.9179406364946596,18360,11471,0,38535,0,43567,0.026791075039748202,0.04088369756937027,0.040845714175241105,-0.0020652862682601913,ISIC_0011349,0,59.638074608809944,0.04659224578813277,ISIC_0011349,0.8952526308812808,0.8483274277309363,0.0,0.7638900506293252,0.12238990515470505,0.11606386303901672,0.11629222644184718,0.16327360272407532,0.16345277985642315,0.12260706568118204,canonical_letterbox_valid,3d99874f14ae5f316eec36e21141043d75bd4fd17ccfb31e3174198dee269596,0.5387042250218933,fixed_shrink,0,0,P2-IMA-M-v2,4,57bda5d99fc3c11f2f681074,Shrink-D0-0.333333,17,ISIC_0011349_A06_T1_S1_57bda5d99fc3c11f2f681074.png,S1,0.9173519015312195,0.9172736709392227,val,T1,0.8952526308812808,T1,486269
0.3333333333333333,0.3333333333333333,A03,0.1943129301071167,0.1940258737325735,0.18011622428145121,0.08816508816508815,0.35085461608797247,0,0.06998443603515625,0.06978352864583333,6e0811712543811a10b6cde1ec29db65b7bb4f25142c6991f2738d3d5c073f0a,1280.0,0.9291062109525113,0.8774128317261883,0.9551848606437762,75727,40910,0,3784,0,14128,-0.026078649691264832,-0.02546078711748123,-0.025838634916540495,0.051693379226323,ISIC_0011349,0,71.0334417167351,0.055494876341199297,ISIC_0011349,0.8675988416917695,0.9142142228455127,0.0,0.7638900506293252,0.14008969068527222,0.23693041503429413,0.2374669555569559,0.11462890356779099,0.11404467577214826,0.13988331068868876,canonical_letterbox_valid,3d99874f14ae5f316eec36e21141043d75bd4fd17ccfb31e3174198dee269596,0.5387042250218933,fixed_shrink,0,0,P2-IMA-M-v2,4,57be18ea9fc3c1434763a373,Shrink-D0-0.333333,17,ISIC_0011349_A03_T1_S1_57be18ea9fc3c1434763a373.png,S1,0.9141335487365723,0.914259252355196,val,T1,0.8675988416917695,T1,521020
0.3333333333333333,0.3333333333333333,A02,0.17943300306797028,0.18049517730653786,0.1866889176275623,0.11196911695404338,0.35436895184320893,0,0.06998443603515625,0.06978352864583333,6e0811712543811a10b6cde1ec29db65b7bb4f25142c6991f2738d3d5c073f0a,1280.0,0.9379711984797034,0.9423245272590978,0.9095292393499944,20637,10422,0,43077,0,44616,0.028441959129709038,0.04198184609413147,0.041791860805449776,-0.0043533287793943165,ISIC_0011349,0,65.73431371817918,0.051354932592327485,ISIC_0011349,0.8831880991711294,0.8340702677876883,0.0,0.7638900506293252,0.13341519236564636,0.12615829706192017,0.12697458070923356,0.17539703845977783,0.17588060115276183,0.13408874034731205,canonical_letterbox_valid,3d99874f14ae5f316eec36e21141043d75bd4fd17ccfb31e3174198dee269596,0.5387042250218933,fixed_shrink,0,0,P2-IMA-M-v2,4,57c061f79fc3c158f2bd0e7e,Shrink-D0-0.333333,17,ISIC_0011349_A02_T1_S1_57c061f79fc3c158f2bd0e7e.png,S1,0.9126026034355164,0.9123176966119138,val,T1,0.8831880991711294,T1,481727
0.3333333333333333,0.3333333333333333,A04,0.1126813068985939,0.11165651284164045,0.5222371366970978,0.3678006275287638,0.7290323283870794,0,0.01056671142578125,0.010599772135416666,6e0811712543811a10b6cde1ec29db65b7bb4f25142c6991f2738d3d5c073f0a,1280.0,0.9737917643109901,0.9688907420913165,0.9757561464446292,27335,5333,0,6786,0,2977,-0.001964382133639031,-0.0007425695657730103,-0.0006592648839665038,0.00490102221967359,ISIC_0011350,0,36.011102550927966,0.028133673867912472,ISIC_0011350,0.9489221879584444,0.9526599969895544,0.0,0.32087637463902247,0.08065403997898102,0.08760978281497955,0.08684112860824136,0.07991147041320801,0.07938240958311293,0.08004167446707944,canonical_letterbox_valid,3d99874f14ae5f316eec36e21141043d75bd4fd17ccfb31e3174198dee269596,0.5927830892546506,fixed_shrink,0,0,P2-IMA-M-v2,2,55a94c999fc3c156bd715dbf,Shrink-D0-0.333333,17,ISIC_0011350_A04_T1_S1_55a94c999fc3c156bd715dbf.png,S1,0.9513732194900513,0.9515731639074816,val,T1,0.9489221879584444,T1,633899
0.3333333333333333,0.3333333333333333,A06,0.17670507729053497,0.17551643426559527,0.5159353278061641,0.3761347185169673,0.6433289281305051,0,0.01056671142578125,0.010599772135416666,6e0811712543811a10b6cde1ec29db65b7bb4f25142c6991f2738d3d5c073f0a,1280.0,0.9563642936808969,0.9480902826383208,0.9613261645272307,55025,7302,0,3152,0,1008,-0.004961870846333816,-0.009366609156131744,-0.009190846535907904,0.00827401104257608,ISIC_0011350,0,81.58431221748455,0.0637377439199098,ISIC_0011350,0.9163775136191804,0.9255322813534314,0.0,0.32087637463902247,0.11854145675897598,0.13669174909591675,0.1357314969474271,0.10917484760284424,0.10864758434523714,0.11783843088114504,canonical_letterbox_valid,3d99874f14ae5f316eec36e21141043d75bd4fd17ccfb31e3174198dee269596,0.5927830892546506,fixed_shrink,0,0,P2-IMA-M-v2,2,568b26fc9fc3c126c063fe71,Shrink-D0-0.333333,17,ISIC_0011350_A06_T1_S1_568b26fc9fc3c126c063fe71.png,S1,0.939622163772583,0.9398395725033052,val,T1,0.9163775136191804,T1,637533
0.3333333333333333,0.3333333333333333,A08,2.0526058673858643,2.0521342539109075,0.0,0.0,0.0,0,0.019983723958333335,0.01971435546875,6e0811712543811a10b6cde1ec29db65b7bb4f25142c6991f2738d3d5c073f0a,800.0,0.21467924596244217,0.2270742773892219,0.20890658467037226,0,0,0,174470,0,6139,0.005772661292069908,0.0003870725631713867,0.0004130871230660915,-0.012395031426779723,ISIC_0019695,0,270.09072549793336,0.3376134068724167,ISIC_0019696,0.12024687747394323,0.11663634229369645,0.0,0.5505119597799782,1.417972207069397,1.3519878387451172,1.3516404316546102,1.4183592796325684,1.4181129763160645,1.4176998891929984,canonical_letterbox_valid,3d99874f14ae5f316eec36e21141043d75bd4fd17ccfb31e3174198dee269596,0.49646250976875395,fixed_shrink,0,0,P2-IMA-M-v2,2,5b2d281f116597169d55198b,Shrink-D0-0.333333,17,ISIC_0019696_A08_T1_S1_5b2d281f116597169d55198b.png,S1,0.21666137874126434,0.21673447552491087,val,T1,0.0,T1,23847
0.3333333333333333,0.3333333333333333,A03,0.13129378855228424,0.13139227632651174,0.36862392937927296,0.18431556529391768,0.5916570122635111,0,0.019983723958333335,0.01971435546875,6e0811712543811a10b6cde1ec29db65b7bb4f25142c6991f2738d3d5c073f0a,800.0,0.9644549881884432,0.9435721028877365,0.9651989004719672,8151,3111,0,6023,0,3028,-0.0007439122835239953,0.00905454158782959,0.009080697456251036,0.0208828853007067,ISIC_0019695,0,20.12461179749811,0.025155764746872634,ISIC_0019696,0.9313501365829088,0.932738572574178,0.0,0.5505119597799782,0.10330004245042801,0.13041594624519348,0.13044930176579608,0.1123545840382576,0.11245847818735236,0.10337778073110132,canonical_letterbox_valid,3d99874f14ae5f316eec36e21141043d75bd4fd17ccfb31e3174198dee269596,0.49646250976875395,fixed_shrink,0,0,P2-IMA-M-v2,2,5b30163111659747a0a01017,Shrink-D0-0.333333,17,ISIC_0019696_A03_T1_S1_5b30163111659747a0a01017.png,S1,0.9246937036514282,0.9246367148643091,val,T1,0.9313501365829088,T1,192294
0.3333333333333333,0.3333333333333333,A09,0.41352275013923645,0.4128531972203551,0.319483114470587,0.13763206377523668,0.5165718855347029,0,0.004280231617115162,0.004292805989583333,6e0811712543811a10b6cde1ec29db65b7bb4f25142c6991f2738d3d5c073f0a,3840.0,0.751692688748382,0.7510165498657325,0.7612542536485218,904596,28949,0,66,0,1346,-0.009561564900139818,-0.0191134512424469,-0.019060877657374464,0.0006761388826495018,ISIC_0023625,0,845.2340666662922,0.2201130381943469,ISIC_0023628,0.6021695795362246,0.6145363210252556,0.0,1.2173029881403217,0.3298131227493286,0.31467851996421814,0.3142812721864384,0.3106996715068817,0.3103321516789256,0.32939302933630005,canonical_letterbox_valid,3d99874f14ae5f316eec36e21141043d75bd4fd17ccfb31e3174198dee269596,0.5786980652059754,fixed_shrink,0,0,P2-IMA-M-v2,2,5b3106cf11659747a0a012e8,Shrink-D0-0.333333,17,ISIC_0023628_A09_T1_S1_5b3106cf11659747a0a012e8.png,S1,0.7538964748382568,0.754067138547755,val,T1,0.0,T1,1369327
0.3333333333333333,0.3333333333333333,A03,0.5284544825553894,0.5248024563815987,0.14641349192945208,0.046509932789290026,0.356896876102418,0,0.004280231617115162,0.004292805989583333,6e0811712543811a10b6cde1ec29db65b7bb4f25142c6991f2738d3d5c073f0a,3840.0,0.7162936452806187,0.7155956052559824,0.7263547307404783,1084766,30237,0,0,0,58,-0.01006108545985962,-0.03140145540237427,-0.031090479298169715,0.0006980400246362484,ISIC_0023625,0,910.5772745265917,0.23712949857463325,ISIC_0023628,0.557988704073371,0.5702959436757222,0.0,1.2173029881403217,0.40352147817611694,0.3991747200489044,0.39682348185159694,0.3721200227737427,0.37013043331684603,0.40122091261501575,canonical_letterbox_valid,3d99874f14ae5f316eec36e21141043d75bd4fd17ccfb31e3174198dee269596,0.5786980652059754,fixed_shrink,0,0,P2-IMA-M-v2,2,5b3106f211659747a0a012eb,Shrink-D0-0.333333,17,ISIC_0023628_A03_T1_S1_5b3106f211659747a0a012eb.png,S1,0.7214115262031555,0.7223606311515672,val,T1,0.0,T1,1369393
0.3333333333333333,0.3333333333333333,A08,0.8618135452270508,0.8615271756225112,0.10323675511322455,0.08331665467606442,0.139216532148902,0,0.0017118100766782408,0.00177001953125,6e0811712543811a10b6cde1ec29db65b7bb4f25142c6991f2738d3d5c073f0a,3840.0,0.3833895018151288,0.3956629425809679,0.39453557943380985,1041786,11816,0,1112,0,300,-0.011146077618681027,-0.013072669506072998,-0.013035990595013258,-0.012273440765839083,ISIC_0036170,0,477.07924156483585,0.124239385824176,ISIC_0036170,0.23715638506962453,0.24574545183297877,0.0,0.6564146361440605,0.7369327545166016,0.7013192176818848,0.7011783403652294,0.7238600850105286,0.7237535571222082,0.7367895477172215,canonical_letterbox_valid,3d99874f14ae5f316eec36e21141043d75bd4fd17ccfb31e3174198dee269596,0.392611764378083,fixed_shrink,0,0,P2-IMA-M-v2,2,5b2d3274116597169d551a35,Shrink-D0-0.333333,17,ISIC_0036170_A08_T1_S1_5b2d3274116597169d551a35.png,S1,0.3879479765892029,0.38794808018806826,val,T1,0.0,T1,324221
0.3333333333333333,0.3333333333333333,A03,0.2098069041967392,0.20853226445368525,0.030315740625055775,0.01597975897196884,0.05423025633427174,0,0.0017118100766782408,0.00177001953125,6e0811712543811a10b6cde1ec29db65b7bb4f25142c6991f2738d3d5c073f0a,3840.0,0.5308305505688001,0.5488845118072476,0.5440257196974909,306451,8970,0,97061,0,3146,-0.013195169128690787,-0.0003051161766052246,-0.0002204219228340576,-0.01805396123844749,ISIC_0036170,0,333.9384657263108,0.08696314211622677,ISIC_0036170,0.36131336026236816,0.37365063865307985,0.0,0.6564146361440605,0.33577802777290344,0.30228570103645325,0.30123478555608096,0.3354729115962982,0.3344750397118782,0.33469546163471225,canonical_letterbox_valid,3d99874f14ae5f316eec36e21141043d75bd4fd17ccfb31e3174198dee269596,0.392611764378083,fixed_shrink,0,0,P2-IMA-M-v2,2,5b30111a11659747a0a00fd8,Shrink-D0-0.333333,17,ISIC_0036170_A03_T1_S1_5b30111a11659747a0a00fd8.png,S1,0.5382508635520935,0.5391413411842607,val,T1,0.0,T1,228272
