2026-09-12 17:34:57 - #----------Config info----------#
2026-09-12 17:34:57 - network: egeunet,
2026-09-12 17:34:57 - work_dir: results/retrain_ege_baseline_v1_20260912/,
2026-09-12 17:34:57 - epochs: 300,
2026-09-12 17:34:57 - val_interval: 10,
2026-09-12 17:34:57 - save_interval: 10,
2026-09-12 17:34:57 - num_workers: 4,
2026-09-12 17:34:57 - batch_size: 64,
2026-09-12 17:34:57 - gradient_accumulation_steps: 1,
2026-09-12 17:34:57 - seed: 42,
2026-09-12 17:35:01 - train: epoch 1, iter:0, loss: 5.5872, lr: 0.001
2026-09-12 17:35:03 - train: epoch 1, iter:20, loss: 3.1238, lr: 0.001
2026-09-12 17:35:18 - val epoch: 1, loss: 1.9607
2026-09-12 17:35:20 - train: epoch 2, iter:0, loss: 1.8980, lr: 0.0009999728588359286
2026-09-12 17:35:23 - train: epoch 2, iter:20, loss: 1.6808, lr: 0.0009999728588359286
2026-09-12 17:35:37 - val epoch: 2, loss: 1.5007
2026-09-12 17:35:39 - train: epoch 3, iter:0, loss: 1.8830, lr: 0.0009998914383200486
2026-09-12 17:35:42 - train: epoch 3, iter:20, loss: 1.4046, lr: 0.0009998914383200486
2026-09-12 17:35:56 - val epoch: 3, loss: 1.3555
2026-09-12 17:35:58 - train: epoch 4, iter:0, loss: 1.6069, lr: 0.0009997557473810372
2026-09-12 17:36:01 - train: epoch 4, iter:20, loss: 1.3437, lr: 0.0009997557473810372
2026-09-12 17:36:16 - val epoch: 4, loss: 1.2754
2026-09-12 17:36:18 - train: epoch 5, iter:0, loss: 1.0240, lr: 0.000999565800898935
2026-09-12 17:36:20 - train: epoch 5, iter:20, loss: 1.2218, lr: 0.000999565800898935
2026-09-12 17:36:35 - val epoch: 5, loss: 1.2563
2026-09-12 17:36:37 - train: epoch 6, iter:0, loss: 1.1181, lr: 0.0009993216197035143
2026-09-12 17:36:39 - train: epoch 6, iter:20, loss: 1.2131, lr: 0.0009993216197035143
2026-09-12 17:36:54 - val epoch: 6, loss: 1.2132
2026-09-12 17:36:55 - train: epoch 7, iter:0, loss: 1.0372, lr: 0.0009990232305719946
2026-09-12 17:36:58 - train: epoch 7, iter:20, loss: 1.1554, lr: 0.0009990232305719946
2026-09-12 17:37:12 - val epoch: 7, loss: 1.2120
2026-09-12 17:37:14 - train: epoch 8, iter:0, loss: 1.2838, lr: 0.0009986706662261067
2026-09-12 17:37:17 - train: epoch 8, iter:20, loss: 1.1093, lr: 0.0009986706662261067
2026-09-12 17:37:31 - val epoch: 8, loss: 1.1863
2026-09-12 17:37:33 - train: epoch 9, iter:0, loss: 0.9423, lr: 0.0009982639653285047
2026-09-12 17:37:35 - train: epoch 9, iter:20, loss: 1.0279, lr: 0.0009982639653285047
2026-09-12 17:37:50 - val epoch: 9, loss: 1.1443
2026-09-12 17:37:51 - train: epoch 10, iter:0, loss: 1.1004, lr: 0.0009978031724785245
2026-09-12 17:37:55 - train: epoch 10, iter:20, loss: 1.0232, lr: 0.0009978031724785245
2026-09-12 17:38:12 - val epoch: 10, loss: 1.1156, miou: 0.7414187024936196, f1_or_dsc: 0.8515111287503082, accuracy: 0.9280452161732287,                 specificity: 0.9539347501292761, sensitivity: 0.8475752256219766, confusion_matrix: [[38217962  1845535]
 [ 1964693 10924898]]
2026-09-12 17:38:13 - train: epoch 11, iter:0, loss: 1.0993, lr: 0.0009972883382072953
2026-09-12 17:38:16 - train: epoch 11, iter:20, loss: 1.0327, lr: 0.0009972883382072953
2026-09-12 17:38:31 - val epoch: 11, loss: 1.0779
2026-09-12 17:38:32 - train: epoch 12, iter:0, loss: 0.8027, lr: 0.0009967195189721962
2026-09-12 17:38:35 - train: epoch 12, iter:20, loss: 0.9944, lr: 0.0009967195189721962
2026-09-12 17:38:49 - val epoch: 12, loss: 1.0857
2026-09-12 17:38:51 - train: epoch 13, iter:0, loss: 0.8789, lr: 0.0009960967771506667
2026-09-12 17:38:54 - train: epoch 13, iter:20, loss: 1.0267, lr: 0.0009960967771506667
2026-09-12 17:39:08 - val epoch: 13, loss: 1.0376
2026-09-12 17:39:10 - train: epoch 14, iter:0, loss: 1.0476, lr: 0.0009954201810333646
2026-09-12 17:39:13 - train: epoch 14, iter:20, loss: 0.9490, lr: 0.0009954201810333646
2026-09-12 17:39:27 - val epoch: 14, loss: 1.0705
2026-09-12 17:39:28 - train: epoch 15, iter:0, loss: 1.0633, lr: 0.0009946898048166792
2026-09-12 17:39:31 - train: epoch 15, iter:20, loss: 0.9286, lr: 0.0009946898048166792
2026-09-12 17:39:46 - val epoch: 15, loss: 1.0261
2026-09-12 17:39:48 - train: epoch 16, iter:0, loss: 0.9599, lr: 0.000993905728594593
2026-09-12 17:39:51 - train: epoch 16, iter:20, loss: 0.9254, lr: 0.000993905728594593
2026-09-12 17:40:05 - val epoch: 16, loss: 1.0040
2026-09-12 17:40:07 - train: epoch 17, iter:0, loss: 1.0255, lr: 0.0009930680383498998
2026-09-12 17:40:10 - train: epoch 17, iter:20, loss: 0.9461, lr: 0.0009930680383498998
2026-09-12 17:40:25 - val epoch: 17, loss: 1.0294
2026-09-12 17:40:26 - train: epoch 18, iter:0, loss: 0.9473, lr: 0.0009921768259447744
2026-09-12 17:40:29 - train: epoch 18, iter:20, loss: 0.8773, lr: 0.0009921768259447744
2026-09-12 17:40:44 - val epoch: 18, loss: 0.9905
2026-09-12 17:40:45 - train: epoch 19, iter:0, loss: 0.9670, lr: 0.0009912321891107007
2026-09-12 17:40:49 - train: epoch 19, iter:20, loss: 0.8849, lr: 0.0009912321891107007
2026-09-12 17:41:03 - val epoch: 19, loss: 0.9911
2026-09-12 17:41:05 - train: epoch 20, iter:0, loss: 0.9383, lr: 0.0009902342314377522
2026-09-12 17:41:08 - train: epoch 20, iter:20, loss: 0.8457, lr: 0.0009902342314377522
2026-09-12 17:41:25 - val epoch: 20, loss: 0.9592, miou: 0.7661621190345222, f1_or_dsc: 0.8676011231102013, accuracy: 0.9353101182692122,                 specificity: 0.9560804440011814, sensitivity: 0.8707516786219206, confusion_matrix: [[38303926  1759571]
 [ 1665958 11223633]]
2026-09-12 17:41:26 - train: epoch 21, iter:0, loss: 0.9001, lr: 0.0009891830623632338
2026-09-12 17:41:29 - train: epoch 21, iter:20, loss: 0.8521, lr: 0.0009891830623632338
2026-09-12 17:41:44 - val epoch: 21, loss: 0.9692
2026-09-12 17:41:46 - train: epoch 22, iter:0, loss: 0.9895, lr: 0.00098807879715968
2026-09-12 17:41:49 - train: epoch 22, iter:20, loss: 0.8517, lr: 0.00098807879715968
2026-09-12 17:42:04 - val epoch: 22, loss: 0.9961
2026-09-12 17:42:05 - train: epoch 23, iter:0, loss: 0.7411, lr: 0.0009869215569222143
2026-09-12 17:42:08 - train: epoch 23, iter:20, loss: 0.8294, lr: 0.0009869215569222143
2026-09-12 17:42:22 - val epoch: 23, loss: 0.9917
2026-09-12 17:42:24 - train: epoch 24, iter:0, loss: 0.7781, lr: 0.0009857114685552697
2026-09-12 17:42:27 - train: epoch 24, iter:20, loss: 0.8657, lr: 0.0009857114685552697
2026-09-12 17:42:41 - val epoch: 24, loss: 0.9715
2026-09-12 17:42:43 - train: epoch 25, iter:0, loss: 0.7441, lr: 0.0009844486647586721
2026-09-12 17:42:46 - train: epoch 25, iter:20, loss: 0.8181, lr: 0.0009844486647586721
2026-09-12 17:43:01 - val epoch: 25, loss: 0.9925
2026-09-12 17:43:02 - train: epoch 26, iter:0, loss: 0.8489, lr: 0.0009831332840130884
2026-09-12 17:43:05 - train: epoch 26, iter:20, loss: 0.8947, lr: 0.0009831332840130884
2026-09-12 17:43:20 - val epoch: 26, loss: 0.9267
2026-09-12 17:43:21 - train: epoch 27, iter:0, loss: 0.8151, lr: 0.0009817654705648405
2026-09-12 17:43:24 - train: epoch 27, iter:20, loss: 0.8285, lr: 0.0009817654705648405
2026-09-12 17:43:39 - val epoch: 27, loss: 0.9969
2026-09-12 17:43:40 - train: epoch 28, iter:0, loss: 0.7752, lr: 0.0009803453744100864
2026-09-12 17:43:43 - train: epoch 28, iter:20, loss: 0.8055, lr: 0.0009803453744100864
2026-09-12 17:43:57 - val epoch: 28, loss: 0.9255
2026-09-12 17:43:59 - train: epoch 29, iter:0, loss: 0.8150, lr: 0.0009788731512783728
2026-09-12 17:44:02 - train: epoch 29, iter:20, loss: 0.7953, lr: 0.0009788731512783728
2026-09-12 17:44:17 - val epoch: 29, loss: 0.9740
2026-09-12 17:44:18 - train: epoch 30, iter:0, loss: 0.7367, lr: 0.0009773489626155566
2026-09-12 17:44:21 - train: epoch 30, iter:20, loss: 0.7801, lr: 0.0009773489626155566
2026-09-12 17:44:38 - val epoch: 30, loss: 0.9440, miou: 0.7640190490692643, f1_or_dsc: 0.8662253953236817, accuracy: 0.9327467172452719,                 specificity: 0.9450434893389361, sensitivity: 0.894525823201062, confusion_matrix: [[37861747  2201750]
 [ 1359519 11530072]]
2026-09-12 17:44:40 - train: epoch 31, iter:0, loss: 0.7507, lr: 0.0009757729755661006
2026-09-12 17:44:43 - train: epoch 31, iter:20, loss: 0.8004, lr: 0.0009757729755661006
2026-09-12 17:44:58 - val epoch: 31, loss: 1.0063
2026-09-12 17:44:59 - train: epoch 32, iter:0, loss: 0.7500, lr: 0.0009741453629547445
2026-09-12 17:45:02 - train: epoch 32, iter:20, loss: 0.7757, lr: 0.0009741453629547445
2026-09-12 17:45:17 - val epoch: 32, loss: 0.8985
2026-09-12 17:45:18 - train: epoch 33, iter:0, loss: 0.6557, lr: 0.0009724663032675527
2026-09-12 17:45:22 - train: epoch 33, iter:20, loss: 0.7766, lr: 0.0009724663032675527
2026-09-12 17:45:36 - val epoch: 33, loss: 0.9417
2026-09-12 17:45:37 - train: epoch 34, iter:0, loss: 0.5810, lr: 0.0009707359806323412
2026-09-12 17:45:41 - train: epoch 34, iter:20, loss: 0.7685, lr: 0.0009707359806323412
2026-09-12 17:45:55 - val epoch: 34, loss: 0.9009
2026-09-12 17:45:57 - train: epoch 35, iter:0, loss: 0.6309, lr: 0.0009689545847984858
2026-09-12 17:46:00 - train: epoch 35, iter:20, loss: 0.8017, lr: 0.0009689545847984858
2026-09-12 17:46:14 - val epoch: 35, loss: 0.8946
2026-09-12 17:46:16 - train: epoch 36, iter:0, loss: 0.9238, lr: 0.0009671223111161144
2026-09-12 17:46:19 - train: epoch 36, iter:20, loss: 0.7747, lr: 0.0009671223111161144
2026-09-12 17:46:34 - val epoch: 36, loss: 0.9160
2026-09-12 17:46:35 - train: epoch 37, iter:0, loss: 0.8276, lr: 0.000965239360514684
2026-09-12 17:46:38 - train: epoch 37, iter:20, loss: 0.7588, lr: 0.000965239360514684
2026-09-12 17:46:53 - val epoch: 37, loss: 1.0040
2026-09-12 17:46:54 - train: epoch 38, iter:0, loss: 0.8802, lr: 0.000963305939480947
2026-09-12 17:46:57 - train: epoch 38, iter:20, loss: 0.7547, lr: 0.000963305939480947
2026-09-12 17:47:12 - val epoch: 38, loss: 1.0275
2026-09-12 17:47:13 - train: epoch 39, iter:0, loss: 0.7327, lr: 0.0009613222600363074
2026-09-12 17:47:16 - train: epoch 39, iter:20, loss: 0.7805, lr: 0.0009613222600363074
2026-09-12 17:47:31 - val epoch: 39, loss: 0.8920
2026-09-12 17:47:32 - train: epoch 40, iter:0, loss: 0.7746, lr: 0.0009592885397135703
2026-09-12 17:47:35 - train: epoch 40, iter:20, loss: 0.7270, lr: 0.0009592885397135703
2026-09-12 17:47:52 - val epoch: 40, loss: 0.9266, miou: 0.7677705546492541, f1_or_dsc: 0.8686314551738742, accuracy: 0.9389160080711441,                 specificity: 0.9740707856830371, sensitivity: 0.8296477366892402, confusion_matrix: [[39024682  1038815]
 [ 2195771 10693820]]
2026-09-12 17:47:54 - train: epoch 41, iter:0, loss: 1.0644, lr: 0.0009572050015330871
2026-09-12 17:47:57 - train: epoch 41, iter:20, loss: 0.7212, lr: 0.0009572050015330871
2026-09-12 17:48:11 - val epoch: 41, loss: 0.9311
2026-09-12 17:48:13 - train: epoch 42, iter:0, loss: 0.5734, lr: 0.0009550718739782986
2026-09-12 17:48:16 - train: epoch 42, iter:20, loss: 0.7365, lr: 0.0009550718739782986
2026-09-12 17:48:31 - val epoch: 42, loss: 0.9122
2026-09-12 17:48:32 - train: epoch 43, iter:0, loss: 0.7350, lr: 0.0009528893909706794
2026-09-12 17:48:36 - train: epoch 43, iter:20, loss: 0.7434, lr: 0.0009528893909706794
2026-09-12 17:48:50 - val epoch: 43, loss: 0.8899
2026-09-12 17:48:52 - train: epoch 44, iter:0, loss: 0.7860, lr: 0.0009506577918440856
2026-09-12 17:48:55 - train: epoch 44, iter:20, loss: 0.7380, lr: 0.0009506577918440856
2026-09-12 17:49:10 - val epoch: 44, loss: 0.9142
2026-09-12 17:49:11 - train: epoch 45, iter:0, loss: 0.7209, lr: 0.000948377321318509
2026-09-12 17:49:14 - train: epoch 45, iter:20, loss: 0.7226, lr: 0.000948377321318509
2026-09-12 17:49:29 - val epoch: 45, loss: 0.8674
2026-09-12 17:49:31 - train: epoch 46, iter:0, loss: 0.6511, lr: 0.0009460482294732416
2026-09-12 17:49:34 - train: epoch 46, iter:20, loss: 0.7431, lr: 0.0009460482294732416
2026-09-13 10:41:39 - #----------Config info----------#
2026-09-13 10:41:39 - network: egeunet,
2026-09-13 10:41:39 - work_dir: results/retrain_ege_baseline_v1_20260912/,
2026-09-13 10:41:39 - epochs: 300,
2026-09-13 10:41:39 - val_interval: 10,
2026-09-13 10:41:39 - save_interval: 10,
2026-09-13 10:41:39 - num_workers: 4,
2026-09-13 10:41:39 - batch_size: 64,
2026-09-13 10:41:39 - gradient_accumulation_steps: 1,
2026-09-13 10:41:39 - seed: 42,
2026-09-13 10:41:40 - resuming model from results/retrain_ege_baseline_v1_20260912/checkpoints/latest.pth. resume_epoch: 45, min_loss: 0.8674, min_epoch: 45, loss: 0.8674
2026-09-13 10:41:43 - train: epoch 46, iter:0, loss: 0.6812, lr: 0.0009460482294732416
2026-09-13 10:41:45 - train: epoch 46, iter:20, loss: 0.7291, lr: 0.0009460482294732416
2026-09-13 10:42:00 - val epoch: 46, loss: 0.9062
2026-09-13 10:42:01 - train: epoch 47, iter:0, loss: 0.6888, lr: 0.0009436707717194508
2026-09-13 10:42:04 - train: epoch 47, iter:20, loss: 0.6965, lr: 0.0009436707717194508
2026-09-13 10:42:19 - val epoch: 47, loss: 0.8727
2026-09-13 10:42:20 - train: epoch 48, iter:0, loss: 0.9047, lr: 0.0009412452087721706
2026-09-13 10:42:24 - train: epoch 48, iter:20, loss: 0.7121, lr: 0.0009412452087721706
2026-09-13 10:42:39 - val epoch: 48, loss: 0.8885
2026-09-13 10:42:40 - train: epoch 49, iter:0, loss: 0.8117, lr: 0.000938771806621712
2026-09-13 10:42:43 - train: epoch 49, iter:20, loss: 0.7091, lr: 0.000938771806621712
2026-09-13 10:42:58 - val epoch: 49, loss: 0.8932
2026-09-13 10:42:59 - train: epoch 50, iter:0, loss: 0.5763, lr: 0.0009362508365044934
2026-09-13 10:43:03 - train: epoch 50, iter:20, loss: 0.7056, lr: 0.0009362508365044934
2026-09-13 10:43:20 - val epoch: 50, loss: 0.9135, miou: 0.767021793396185, f1_or_dsc: 0.8681520468652314, accuracy: 0.9396909770399037,                 specificity: 0.9795846578245528, sensitivity: 0.8156932209873843, confusion_matrix: [[39245587   817910]
 [ 2375639 10513952]]
2026-09-13 10:43:22 - train: epoch 51, iter:0, loss: 0.6871, lr: 0.0009336825748732968
2026-09-13 10:43:25 - train: epoch 51, iter:20, loss: 0.7168, lr: 0.0009336825748732968
2026-09-13 10:43:39 - val epoch: 51, loss: 0.8759
2026-09-13 10:43:41 - train: epoch 52, iter:0, loss: 0.6994, lr: 0.0009310673033669517
2026-09-13 10:43:44 - train: epoch 52, iter:20, loss: 0.7084, lr: 0.0009310673033669517
2026-09-13 10:43:59 - val epoch: 52, loss: 0.8668
2026-09-13 10:44:00 - train: epoch 53, iter:0, loss: 0.9569, lr: 0.0009284053087794505
2026-09-13 10:44:03 - train: epoch 53, iter:20, loss: 0.6971, lr: 0.0009284053087794505
2026-09-13 10:44:18 - val epoch: 53, loss: 0.8492
2026-09-13 10:44:19 - train: epoch 54, iter:0, loss: 0.6432, lr: 0.0009256968830284974
2026-09-13 10:44:22 - train: epoch 54, iter:20, loss: 0.6540, lr: 0.0009256968830284974
2026-09-13 10:44:37 - val epoch: 54, loss: 0.8682
2026-09-13 10:44:38 - train: epoch 55, iter:0, loss: 0.7626, lr: 0.0009229423231234972
2026-09-13 10:44:42 - train: epoch 55, iter:20, loss: 0.6851, lr: 0.0009229423231234972
2026-09-13 10:44:56 - val epoch: 55, loss: 0.9513
2026-09-13 10:44:58 - train: epoch 56, iter:0, loss: 0.6723, lr: 0.0009201419311329846
2026-09-13 10:45:01 - train: epoch 56, iter:20, loss: 0.7308, lr: 0.0009201419311329846
2026-09-13 10:45:16 - val epoch: 56, loss: 0.9245
2026-09-13 10:45:17 - train: epoch 57, iter:0, loss: 0.6250, lr: 0.0009172960141514989
2026-09-13 10:45:20 - train: epoch 57, iter:20, loss: 0.7677, lr: 0.0009172960141514989
2026-09-13 10:45:35 - val epoch: 57, loss: 0.9480
2026-09-13 10:45:36 - train: epoch 58, iter:0, loss: 0.6733, lr: 0.0009144048842659077
2026-09-13 10:45:39 - train: epoch 58, iter:20, loss: 0.7288, lr: 0.0009144048842659077
2026-09-13 10:45:54 - val epoch: 58, loss: 0.8844
2026-09-13 10:45:55 - train: epoch 59, iter:0, loss: 0.9174, lr: 0.0009114688585211832
2026-09-13 10:45:59 - train: epoch 59, iter:20, loss: 0.7083, lr: 0.0009114688585211832
2026-09-13 10:46:13 - val epoch: 59, loss: 0.8960
2026-09-13 10:46:15 - train: epoch 60, iter:0, loss: 0.7044, lr: 0.0009084882588856339
2026-09-13 10:46:17 - train: epoch 60, iter:20, loss: 0.6768, lr: 0.0009084882588856339
2026-09-13 10:46:34 - val epoch: 60, loss: 0.8604, miou: 0.7686500130629847, f1_or_dsc: 0.8691940263883194, accuracy: 0.9338952621611039,                 specificity: 0.9440650924705849, sensitivity: 0.9022853401632371, confusion_matrix: [[37822549  2240948]
 [ 1259502 11630089]]
2026-09-13 10:46:36 - train: epoch 61, iter:0, loss: 0.6638, lr: 0.0009054634122155986
2026-09-13 10:46:39 - train: epoch 61, iter:20, loss: 0.6764, lr: 0.0009054634122155986
2026-09-13 10:46:54 - val epoch: 61, loss: 0.8403
2026-09-13 10:46:55 - train: epoch 62, iter:0, loss: 0.6904, lr: 0.0009023946502196013
2026-09-13 10:46:59 - train: epoch 62, iter:20, loss: 0.6805, lr: 0.0009023946502196013
2026-09-13 10:47:13 - val epoch: 62, loss: 0.8460
2026-09-13 10:47:14 - train: epoch 63, iter:0, loss: 0.6953, lr: 0.0008992823094219767
2026-09-13 10:47:18 - train: epoch 63, iter:20, loss: 0.6596, lr: 0.0008992823094219767
2026-09-13 10:47:32 - val epoch: 63, loss: 0.9479
2026-09-13 10:47:34 - train: epoch 64, iter:0, loss: 0.8087, lr: 0.0008961267311259662
2026-09-13 10:47:37 - train: epoch 64, iter:20, loss: 0.6977, lr: 0.0008961267311259662
2026-09-13 10:47:51 - val epoch: 64, loss: 0.8761
2026-09-13 10:47:53 - train: epoch 65, iter:0, loss: 0.6949, lr: 0.0008929282613762903
2026-09-13 10:47:56 - train: epoch 65, iter:20, loss: 0.6593, lr: 0.0008929282613762903
2026-09-13 10:48:11 - val epoch: 65, loss: 0.8633
2026-09-13 10:48:12 - train: epoch 66, iter:0, loss: 0.7576, lr: 0.0008896872509212002
2026-09-13 10:48:15 - train: epoch 66, iter:20, loss: 0.6647, lr: 0.0008896872509212002
2026-09-13 10:48:30 - val epoch: 66, loss: 0.8430
2026-09-13 10:48:32 - train: epoch 67, iter:0, loss: 0.7613, lr: 0.0008864040551740152
2026-09-13 10:48:35 - train: epoch 67, iter:20, loss: 0.6596, lr: 0.0008864040551740152
2026-09-13 10:48:50 - val epoch: 67, loss: 0.8627
2026-09-13 10:48:51 - train: epoch 68, iter:0, loss: 0.6972, lr: 0.0008830790341741476
2026-09-13 10:48:54 - train: epoch 68, iter:20, loss: 0.6881, lr: 0.0008830790341741476
2026-09-13 10:49:09 - val epoch: 68, loss: 0.8274
2026-09-13 10:49:10 - train: epoch 69, iter:0, loss: 0.6706, lr: 0.000879712552547619
2026-09-13 10:49:13 - train: epoch 69, iter:20, loss: 0.6985, lr: 0.000879712552547619
2026-09-13 10:49:28 - val epoch: 69, loss: 0.8407
2026-09-13 10:49:30 - train: epoch 70, iter:0, loss: 0.6476, lr: 0.0008763049794670771
2026-09-13 10:49:33 - train: epoch 70, iter:20, loss: 0.6442, lr: 0.0008763049794670771
2026-09-13 10:49:50 - val epoch: 70, loss: 0.8291, miou: 0.7819476384226745, f1_or_dsc: 0.8776325651351132, accuracy: 0.9390667641516959,                 specificity: 0.9523809416836478, sensitivity: 0.8976835649789043, confusion_matrix: [[38155711  1907786]
 [ 1318817 11570774]]
2026-09-13 10:49:51 - train: epoch 71, iter:0, loss: 0.7136, lr: 0.0008728566886113098
2026-09-13 10:49:54 - train: epoch 71, iter:20, loss: 0.6736, lr: 0.0008728566886113098
2026-09-13 10:50:09 - val epoch: 71, loss: 0.8404
2026-09-13 10:50:10 - train: epoch 72, iter:0, loss: 0.6183, lr: 0.000869368058124268
2026-09-13 10:50:14 - train: epoch 72, iter:20, loss: 0.6461, lr: 0.000869368058124268
2026-09-13 10:50:29 - val epoch: 72, loss: 0.8767
2026-09-13 10:50:31 - train: epoch 73, iter:0, loss: 0.6012, lr: 0.0008658394705735983
2026-09-13 10:50:33 - train: epoch 73, iter:20, loss: 0.6462, lr: 0.0008658394705735983
2026-09-13 10:50:48 - val epoch: 73, loss: 0.8721
2026-09-13 10:50:50 - train: epoch 74, iter:0, loss: 0.6947, lr: 0.0008622713129086888
2026-09-13 10:50:53 - train: epoch 74, iter:20, loss: 0.6599, lr: 0.0008622713129086888
2026-09-13 10:51:08 - val epoch: 74, loss: 0.8767
2026-09-13 10:51:09 - train: epoch 75, iter:0, loss: 0.7382, lr: 0.0008586639764182372
2026-09-13 10:51:13 - train: epoch 75, iter:20, loss: 0.6421, lr: 0.0008586639764182372
2026-09-13 10:51:28 - val epoch: 75, loss: 0.9436
2026-09-13 10:51:29 - train: epoch 76, iter:0, loss: 0.6495, lr: 0.0008550178566873405
2026-09-13 10:51:32 - train: epoch 76, iter:20, loss: 0.6578, lr: 0.0008550178566873405
2026-09-13 10:51:47 - val epoch: 76, loss: 0.8939
2026-09-13 10:51:49 - train: epoch 77, iter:0, loss: 0.5820, lr: 0.0008513333535541156
2026-09-13 10:51:52 - train: epoch 77, iter:20, loss: 0.6225, lr: 0.0008513333535541156
2026-09-13 10:52:06 - val epoch: 77, loss: 0.8482
2026-09-13 10:52:08 - train: epoch 78, iter:0, loss: 0.5836, lr: 0.0008476108710658509
2026-09-13 10:52:11 - train: epoch 78, iter:20, loss: 0.6494, lr: 0.0008476108710658509
2026-09-13 10:52:25 - val epoch: 78, loss: 0.9064
2026-09-13 10:52:27 - train: epoch 79, iter:0, loss: 0.4861, lr: 0.0008438508174347005
2026-09-13 10:52:30 - train: epoch 79, iter:20, loss: 0.6370, lr: 0.0008438508174347005
2026-09-13 10:52:45 - val epoch: 79, loss: 0.8043
2026-09-13 10:52:46 - train: epoch 80, iter:0, loss: 0.5231, lr: 0.0008400536049929166
2026-09-13 10:52:49 - train: epoch 80, iter:20, loss: 0.6493, lr: 0.0008400536049929166
2026-09-13 10:53:06 - val epoch: 80, loss: 0.8545, miou: 0.7711301972202952, f1_or_dsc: 0.8707775390319102, accuracy: 0.9338890491145673,                 specificity: 0.9399365961488584, sensitivity: 0.915092030460858, confusion_matrix: [[37657147  2406350]
 [ 1094429 11795162]]
2026-09-13 10:53:08 - train: epoch 81, iter:0, loss: 0.7173, lr: 0.0008362196501476343
2026-09-13 10:53:11 - train: epoch 81, iter:20, loss: 0.6396, lr: 0.0008362196501476343
2026-09-13 10:53:26 - val epoch: 81, loss: 0.8086
2026-09-13 10:53:27 - train: epoch 82, iter:0, loss: 0.6790, lr: 0.0008323493733352072
2026-09-13 10:53:30 - train: epoch 82, iter:20, loss: 0.6366, lr: 0.0008323493733352072
2026-09-13 10:53:45 - val epoch: 82, loss: 0.9753
2026-09-13 10:53:46 - train: epoch 83, iter:0, loss: 0.7900, lr: 0.0008284431989751018
2026-09-13 10:53:49 - train: epoch 83, iter:20, loss: 0.6980, lr: 0.0008284431989751018
2026-09-13 10:54:04 - val epoch: 83, loss: 0.8575
2026-09-13 10:54:05 - train: epoch 84, iter:0, loss: 0.5525, lr: 0.000824501555423355
2026-09-13 10:54:09 - train: epoch 84, iter:20, loss: 0.6486, lr: 0.000824501555423355
2026-09-13 10:54:23 - val epoch: 84, loss: 0.8910
2026-09-13 10:54:25 - train: epoch 85, iter:0, loss: 0.6869, lr: 0.0008205248749256009
2026-09-13 10:54:28 - train: epoch 85, iter:20, loss: 0.6263, lr: 0.0008205248749256009
2026-09-13 10:54:42 - val epoch: 85, loss: 0.8698
2026-09-13 10:54:43 - train: epoch 86, iter:0, loss: 0.8286, lr: 0.000816513593569669
2026-09-13 10:54:47 - train: epoch 86, iter:20, loss: 0.6116, lr: 0.000816513593569669
2026-09-13 10:55:01 - val epoch: 86, loss: 0.8598
2026-09-13 10:55:02 - train: epoch 87, iter:0, loss: 0.4897, lr: 0.0008124681512377632
2026-09-13 10:55:05 - train: epoch 87, iter:20, loss: 0.6396, lr: 0.0008124681512377632
2026-09-13 10:55:20 - val epoch: 87, loss: 0.8201
2026-09-13 10:55:21 - train: epoch 88, iter:0, loss: 0.5852, lr: 0.000808388991558223
2026-09-13 10:55:24 - train: epoch 88, iter:20, loss: 0.6139, lr: 0.000808388991558223
2026-09-13 10:55:39 - val epoch: 88, loss: 0.8243
2026-09-13 10:55:40 - train: epoch 89, iter:0, loss: 0.6635, lr: 0.0008042765618568752
2026-09-13 10:55:43 - train: epoch 89, iter:20, loss: 0.6246, lr: 0.0008042765618568752
2026-09-13 10:55:58 - val epoch: 89, loss: 0.8892
2026-09-13 10:55:59 - train: epoch 90, iter:0, loss: 0.6899, lr: 0.0008001313131079794
2026-09-13 10:56:03 - train: epoch 90, iter:20, loss: 0.6350, lr: 0.0008001313131079794
2026-09-13 10:56:20 - val epoch: 90, loss: 0.8411, miou: 0.7774358406214564, f1_or_dsc: 0.8747835762664001, accuracy: 0.9355059708699142,                 specificity: 0.9387220491511262, sensitivity: 0.9255097388272444, confusion_matrix: [[37608488  2455009]
 [  960149 11929442]]
2026-09-13 10:56:21 - train: epoch 91, iter:0, loss: 0.5966, lr: 0.0007959536998847737
2026-09-13 10:56:25 - train: epoch 91, iter:20, loss: 0.6508, lr: 0.0007959536998847737
2026-09-13 10:56:39 - val epoch: 91, loss: 0.8653
2026-09-13 10:56:41 - train: epoch 92, iter:0, loss: 0.5533, lr: 0.0007917441803096255
2026-09-13 10:56:44 - train: epoch 92, iter:20, loss: 0.6079, lr: 0.0007917441803096255
2026-09-13 10:56:59 - val epoch: 92, loss: 0.8308
2026-09-13 10:57:01 - train: epoch 93, iter:0, loss: 0.6103, lr: 0.0007875032160037932
2026-09-13 10:57:04 - train: epoch 93, iter:20, loss: 0.6141, lr: 0.0007875032160037932
2026-09-13 10:57:19 - val epoch: 93, loss: 1.0010
2026-09-13 10:57:20 - train: epoch 94, iter:0, loss: 0.8694, lr: 0.0007832312720368042
2026-09-13 10:57:23 - train: epoch 94, iter:20, loss: 0.6493, lr: 0.0007832312720368042
2026-09-13 10:57:38 - val epoch: 94, loss: 0.8317
2026-09-13 10:57:39 - train: epoch 95, iter:0, loss: 0.6027, lr: 0.0007789288168754548
2026-09-13 10:57:42 - train: epoch 95, iter:20, loss: 0.6360, lr: 0.0007789288168754548
2026-09-13 10:57:57 - val epoch: 95, loss: 0.8894
2026-09-13 10:57:58 - train: epoch 96, iter:0, loss: 0.5124, lr: 0.0007745963223324379
2026-09-13 10:58:01 - train: epoch 96, iter:20, loss: 0.6192, lr: 0.0007745963223324379
2026-09-13 10:58:16 - val epoch: 96, loss: 0.8091
2026-09-13 10:58:17 - train: epoch 97, iter:0, loss: 0.5789, lr: 0.0007702342635146028
2026-09-13 10:58:20 - train: epoch 97, iter:20, loss: 0.6249, lr: 0.0007702342635146028
2026-09-13 10:58:35 - val epoch: 97, loss: 0.8686
2026-09-13 10:58:36 - train: epoch 98, iter:0, loss: 0.7563, lr: 0.000765843118770855
2026-09-13 10:58:40 - train: epoch 98, iter:20, loss: 0.6695, lr: 0.000765843118770855
2026-09-13 10:58:54 - val epoch: 98, loss: 0.8399
2026-09-13 10:58:55 - train: epoch 99, iter:0, loss: 0.5622, lr: 0.0007614233696396991
2026-09-13 10:58:59 - train: epoch 99, iter:20, loss: 0.6213, lr: 0.0007614233696396991
2026-09-13 10:59:13 - val epoch: 99, loss: 0.8545
2026-09-13 10:59:14 - train: epoch 100, iter:0, loss: 0.5205, lr: 0.0007569755007964334
2026-09-13 10:59:18 - train: epoch 100, iter:20, loss: 0.6137, lr: 0.0007569755007964334
2026-09-13 10:59:35 - val epoch: 100, loss: 0.8534, miou: 0.7761062357834373, f1_or_dsc: 0.8739412318330139, accuracy: 0.9377185519378964,                 specificity: 0.9540582540760234, sensitivity: 0.8869314006937846, confusion_matrix: [[38222910  1840587]
 [ 1457408 11432183]]
2026-09-13 10:59:36 - train: epoch 101, iter:0, loss: 0.5789, lr: 0.0007524999999999996
2026-09-13 10:59:39 - train: epoch 101, iter:20, loss: 0.6067, lr: 0.0007524999999999996
2026-09-13 10:59:53 - val epoch: 101, loss: 0.8387
2026-09-13 10:59:55 - train: epoch 102, iter:0, loss: 0.9150, lr: 0.0007479973580394943
2026-09-13 10:59:58 - train: epoch 102, iter:20, loss: 0.6200, lr: 0.0007479973580394943
2026-09-13 11:00:13 - val epoch: 102, loss: 0.8286
2026-09-13 11:00:14 - train: epoch 103, iter:0, loss: 0.5744, lr: 0.0007434680686803487
2026-09-13 11:00:17 - train: epoch 103, iter:20, loss: 0.6167, lr: 0.0007434680686803487
2026-09-13 11:00:32 - val epoch: 103, loss: 0.8274
2026-09-13 11:00:33 - train: epoch 104, iter:0, loss: 0.5337, lr: 0.0007389126286101815
2026-09-13 11:00:37 - train: epoch 104, iter:20, loss: 0.6152, lr: 0.0007389126286101815
2026-09-13 11:00:51 - val epoch: 104, loss: 0.8554
2026-09-13 11:00:52 - train: epoch 105, iter:0, loss: 0.5876, lr: 0.0007343315373843313
2026-09-13 11:00:56 - train: epoch 105, iter:20, loss: 0.6063, lr: 0.0007343315373843313
2026-09-13 11:01:10 - val epoch: 105, loss: 0.8874
2026-09-13 11:01:12 - train: epoch 106, iter:0, loss: 0.8037, lr: 0.0007297252973710753
2026-09-13 11:01:15 - train: epoch 106, iter:20, loss: 0.6168, lr: 0.0007297252973710753
2026-09-13 11:01:29 - val epoch: 106, loss: 0.8345
2026-09-13 11:01:31 - train: epoch 107, iter:0, loss: 0.6246, lr: 0.0007250944136965387
2026-09-13 11:01:34 - train: epoch 107, iter:20, loss: 0.6184, lr: 0.0007250944136965387
2026-09-13 11:01:49 - val epoch: 107, loss: 0.8002
2026-09-13 11:01:50 - train: epoch 108, iter:0, loss: 0.6143, lr: 0.0007204393941893019
2026-09-13 11:01:54 - train: epoch 108, iter:20, loss: 0.5983, lr: 0.0007204393941893019
2026-09-13 11:02:09 - val epoch: 108, loss: 0.8409
2026-09-13 11:02:10 - train: epoch 109, iter:0, loss: 0.5004, lr: 0.0007157607493247106
2026-09-13 11:02:13 - train: epoch 109, iter:20, loss: 0.6019, lr: 0.0007157607493247106
2026-09-13 11:02:28 - val epoch: 109, loss: 0.8063
2026-09-13 11:02:29 - train: epoch 110, iter:0, loss: 0.4833, lr: 0.0007110589921688983
2026-09-13 11:02:32 - train: epoch 110, iter:20, loss: 0.6139, lr: 0.0007110589921688983
2026-09-13 11:02:49 - val epoch: 110, loss: 0.9955, miou: 0.7439897208946381, f1_or_dsc: 0.8532042499803079, accuracy: 0.9344686375986232,                 specificity: 0.9834039449926201, sensitivity: 0.7823676484381855, confusion_matrix: [[39398601   664896]
 [ 2805192 10084399]]
2026-09-13 11:02:51 - train: epoch 111, iter:0, loss: 0.5140, lr: 0.0007063346383225208
2026-09-13 11:02:54 - train: epoch 111, iter:20, loss: 0.6144, lr: 0.0007063346383225208
2026-09-13 11:03:08 - val epoch: 111, loss: 0.8838
2026-09-13 11:03:10 - train: epoch 112, iter:0, loss: 0.6046, lr: 0.0007015882058642161
2026-09-13 11:03:13 - train: epoch 112, iter:20, loss: 0.5845, lr: 0.0007015882058642161
2026-09-13 11:03:27 - val epoch: 112, loss: 0.9348
2026-09-13 11:03:29 - train: epoch 113, iter:0, loss: 0.6348, lr: 0.0006968202152937907
2026-09-13 11:03:33 - train: epoch 113, iter:20, loss: 0.6051, lr: 0.0006968202152937907
2026-09-13 11:03:47 - val epoch: 113, loss: 0.8725
2026-09-13 11:03:49 - train: epoch 114, iter:0, loss: 0.5665, lr: 0.000692031189475141
2026-09-13 11:03:52 - train: epoch 114, iter:20, loss: 0.5859, lr: 0.000692031189475141
2026-09-13 11:04:07 - val epoch: 114, loss: 0.7990
2026-09-13 11:04:08 - train: epoch 115, iter:0, loss: 0.4586, lr: 0.0006872216535789155
2026-09-13 11:04:11 - train: epoch 115, iter:20, loss: 0.5827, lr: 0.0006872216535789155
2026-09-13 11:04:26 - val epoch: 115, loss: 0.8050
2026-09-13 11:04:28 - train: epoch 116, iter:0, loss: 0.6804, lr: 0.0006823921350249233
2026-09-13 11:04:31 - train: epoch 116, iter:20, loss: 0.6029, lr: 0.0006823921350249233
2026-09-13 11:04:46 - val epoch: 116, loss: 0.8244
2026-09-13 11:04:47 - train: epoch 117, iter:0, loss: 0.5739, lr: 0.0006775431634242984
2026-09-13 11:04:50 - train: epoch 117, iter:20, loss: 0.5888, lr: 0.0006775431634242984
2026-09-13 11:05:05 - val epoch: 117, loss: 0.8543
2026-09-13 11:05:07 - train: epoch 118, iter:0, loss: 0.5567, lr: 0.0006726752705214191
2026-09-13 11:05:10 - train: epoch 118, iter:20, loss: 0.5964, lr: 0.0006726752705214191
2026-09-13 11:05:25 - val epoch: 118, loss: 0.8205
2026-09-13 11:05:26 - train: epoch 119, iter:0, loss: 0.5080, lr: 0.0006677889901355985
2026-09-13 11:05:30 - train: epoch 119, iter:20, loss: 0.6305, lr: 0.0006677889901355985
2026-09-13 11:05:45 - val epoch: 119, loss: 0.8549
2026-09-13 11:05:46 - train: epoch 120, iter:0, loss: 0.7512, lr: 0.0006628848581025445
2026-09-13 11:05:49 - train: epoch 120, iter:20, loss: 0.5884, lr: 0.0006628848581025445
2026-09-13 11:06:07 - val epoch: 120, loss: 0.8247, miou: 0.7826149197613237, f1_or_dsc: 0.8780526978491899, accuracy: 0.9391187724500599,                 specificity: 0.9515634144468218, sensitivity: 0.9004382683670878, confusion_matrix: [[38122958  1940539]
 [ 1283310 11606281]]
2026-09-13 11:06:08 - train: epoch 121, iter:0, loss: 0.7974, lr: 0.0006579634122155989
2026-09-13 11:06:11 - train: epoch 121, iter:20, loss: 0.5918, lr: 0.0006579634122155989
2026-09-13 11:06:26 - val epoch: 121, loss: 0.8338
2026-09-13 11:06:28 - train: epoch 122, iter:0, loss: 0.6438, lr: 0.0006530251921667629
2026-09-13 11:06:31 - train: epoch 122, iter:20, loss: 0.5828, lr: 0.0006530251921667629
2026-09-13 11:06:46 - val epoch: 122, loss: 0.8226
2026-09-13 11:06:48 - train: epoch 123, iter:0, loss: 0.6254, lr: 0.0006480707394875134
2026-09-13 11:06:51 - train: epoch 123, iter:20, loss: 0.5969, lr: 0.0006480707394875134
2026-09-13 11:07:06 - val epoch: 123, loss: 0.8400
2026-09-13 11:07:07 - train: epoch 124, iter:0, loss: 0.5567, lr: 0.0006431005974894185
2026-09-13 11:07:11 - train: epoch 124, iter:20, loss: 0.5889, lr: 0.0006431005974894185
2026-09-13 11:07:26 - val epoch: 124, loss: 0.9205
2026-09-13 11:07:27 - train: epoch 125, iter:0, loss: 0.6695, lr: 0.0006381153112045565
2026-09-13 11:07:31 - train: epoch 125, iter:20, loss: 0.6005, lr: 0.0006381153112045565
2026-09-13 11:07:45 - val epoch: 125, loss: 0.7980
2026-09-13 11:07:47 - train: epoch 126, iter:0, loss: 0.6482, lr: 0.0006331154273257479
2026-09-13 11:07:50 - train: epoch 126, iter:20, loss: 0.5652, lr: 0.0006331154273257479
2026-09-13 11:08:05 - val epoch: 126, loss: 0.8274
2026-09-13 11:08:07 - train: epoch 127, iter:0, loss: 0.6211, lr: 0.000628101494146603
2026-09-13 11:08:10 - train: epoch 127, iter:20, loss: 0.5916, lr: 0.000628101494146603
2026-09-13 11:08:25 - val epoch: 127, loss: 0.8824
2026-09-13 11:08:26 - train: epoch 128, iter:0, loss: 0.6346, lr: 0.0006230740615013976
2026-09-13 11:08:30 - train: epoch 128, iter:20, loss: 0.5696, lr: 0.0006230740615013976
2026-09-13 11:08:45 - val epoch: 128, loss: 0.8208
2026-09-13 11:08:46 - train: epoch 129, iter:0, loss: 0.5389, lr: 0.0006180336807047746
2026-09-13 11:08:50 - train: epoch 129, iter:20, loss: 0.5888, lr: 0.0006180336807047746
2026-09-13 11:09:05 - val epoch: 129, loss: 0.7851
2026-09-13 11:09:06 - train: epoch 130, iter:0, loss: 0.4775, lr: 0.0006129809044912887
2026-09-13 11:09:09 - train: epoch 130, iter:20, loss: 0.5916, lr: 0.0006129809044912887
2026-09-13 11:09:28 - val epoch: 130, loss: 0.8902, miou: 0.7712110049655748, f1_or_dsc: 0.8708290574115578, accuracy: 0.9402512654219524,                 specificity: 0.976556689497175, sensitivity: 0.8274065484312109, confusion_matrix: [[39124276   939221]
 [ 2224659 10664932]]
2026-09-13 11:09:29 - train: epoch 131, iter:0, loss: 0.7983, lr: 0.0006079162869547909
2026-09-13 11:09:32 - train: epoch 131, iter:20, loss: 0.6092, lr: 0.0006079162869547909
2026-09-13 11:09:48 - val epoch: 131, loss: 0.8065
2026-09-13 11:09:50 - train: epoch 132, iter:0, loss: 0.5425, lr: 0.0006028403834876673
2026-09-13 11:09:53 - train: epoch 132, iter:20, loss: 0.5862, lr: 0.0006028403834876673
2026-09-13 11:10:07 - val epoch: 132, loss: 0.8253
2026-09-13 11:10:09 - train: epoch 133, iter:0, loss: 0.5010, lr: 0.0005977537507199337
2026-09-13 11:10:12 - train: epoch 133, iter:20, loss: 0.5732, lr: 0.0005977537507199337
2026-09-13 11:10:27 - val epoch: 133, loss: 0.8321
2026-09-13 11:10:28 - train: epoch 134, iter:0, loss: 0.5810, lr: 0.0005926569464581937
2026-09-13 11:10:31 - train: epoch 134, iter:20, loss: 0.5868, lr: 0.0005926569464581937
2026-09-13 11:10:46 - val epoch: 134, loss: 0.8019
2026-09-13 11:10:48 - train: epoch 135, iter:0, loss: 0.5454, lr: 0.0005875505296244705
2026-09-13 11:10:51 - train: epoch 135, iter:20, loss: 0.5791, lr: 0.0005875505296244705
2026-09-13 11:11:06 - val epoch: 135, loss: 0.8363
2026-09-13 11:11:07 - train: epoch 136, iter:0, loss: 0.5018, lr: 0.0005824350601949142
2026-09-13 11:11:10 - train: epoch 136, iter:20, loss: 0.5883, lr: 0.0005824350601949142
2026-09-13 11:11:25 - val epoch: 136, loss: 0.8057
2026-09-13 11:11:27 - train: epoch 137, iter:0, loss: 0.5845, lr: 0.0005773110991383937
2026-09-13 11:11:30 - train: epoch 137, iter:20, loss: 0.5749, lr: 0.0005773110991383937
2026-09-13 11:11:45 - val epoch: 137, loss: 0.8941
2026-09-13 11:11:47 - train: epoch 138, iter:0, loss: 0.6525, lr: 0.0005721792083549806
2026-09-13 11:11:50 - train: epoch 138, iter:20, loss: 0.5791, lr: 0.0005721792083549806
2026-09-13 11:12:05 - val epoch: 138, loss: 0.8173
2026-09-13 11:12:07 - train: epoch 139, iter:0, loss: 0.5990, lr: 0.0005670399506143306
2026-09-13 11:12:10 - train: epoch 139, iter:20, loss: 0.5637, lr: 0.0005670399506143306
2026-09-13 11:12:24 - val epoch: 139, loss: 0.8552
2026-09-13 11:12:26 - train: epoch 140, iter:0, loss: 0.6492, lr: 0.000561893889493969
2026-09-13 11:12:29 - train: epoch 140, iter:20, loss: 0.6030, lr: 0.000561893889493969
2026-09-13 11:12:46 - val epoch: 140, loss: 0.8268, miou: 0.7864807160783819, f1_or_dsc: 0.8804804988937536, accuracy: 0.9425755491351137,                 specificity: 0.9662596852191909, sensitivity: 0.8689603882698839, confusion_matrix: [[38711742  1351755]
 [ 1689047 11200544]]
2026-09-13 11:12:48 - train: epoch 141, iter:0, loss: 0.5059, lr: 0.0005567415893174885
2026-09-13 11:12:51 - train: epoch 141, iter:20, loss: 0.5756, lr: 0.0005567415893174885
2026-09-13 11:13:06 - val epoch: 141, loss: 0.7946
2026-09-13 11:13:08 - train: epoch 142, iter:0, loss: 0.5325, lr: 0.0005515836150926646
2026-09-13 11:13:11 - train: epoch 142, iter:20, loss: 0.5837, lr: 0.0005515836150926646
2026-09-13 11:13:26 - val epoch: 142, loss: 0.8145
2026-09-13 11:13:28 - train: epoch 143, iter:0, loss: 0.5676, lr: 0.0005464205324494961
2026-09-13 11:13:31 - train: epoch 143, iter:20, loss: 0.5785, lr: 0.0005464205324494961
2026-09-13 11:13:45 - val epoch: 143, loss: 0.8754
2026-09-13 11:13:47 - train: epoch 144, iter:0, loss: 0.5715, lr: 0.0005412529075781776
2026-09-13 11:13:50 - train: epoch 144, iter:20, loss: 0.5941, lr: 0.0005412529075781776
2026-09-13 11:14:05 - val epoch: 144, loss: 0.7848
2026-09-13 11:14:06 - train: epoch 145, iter:0, loss: 0.5016, lr: 0.0005360813071670101
2026-09-13 11:14:10 - train: epoch 145, iter:20, loss: 0.5484, lr: 0.0005360813071670101
2026-09-13 11:14:24 - val epoch: 145, loss: 0.8548
2026-09-13 11:14:26 - train: epoch 146, iter:0, loss: 0.5003, lr: 0.0005309062983402573
2026-09-13 11:14:29 - train: epoch 146, iter:20, loss: 0.5566, lr: 0.0005309062983402573
2026-09-13 11:14:44 - val epoch: 146, loss: 0.8399
2026-09-13 11:14:45 - train: epoch 147, iter:0, loss: 0.5631, lr: 0.0005257284485959538
2026-09-13 11:14:48 - train: epoch 147, iter:20, loss: 0.5695, lr: 0.0005257284485959538
2026-09-13 11:15:03 - val epoch: 147, loss: 0.8667
2026-09-13 11:15:04 - train: epoch 148, iter:0, loss: 0.6103, lr: 0.0005205483257436734
2026-09-13 11:15:07 - train: epoch 148, iter:20, loss: 0.5899, lr: 0.0005205483257436734
2026-09-13 11:15:22 - val epoch: 148, loss: 0.7865
2026-09-13 11:15:23 - train: epoch 149, iter:0, loss: 0.4836, lr: 0.0005153664978422616
2026-09-13 11:15:27 - train: epoch 149, iter:20, loss: 0.5626, lr: 0.0005153664978422616
2026-09-13 11:15:42 - val epoch: 149, loss: 0.8370
2026-09-13 11:15:43 - train: epoch 150, iter:0, loss: 0.6415, lr: 0.0005101835331375416
2026-09-13 11:15:47 - train: epoch 150, iter:20, loss: 0.5760, lr: 0.0005101835331375416
2026-09-13 11:16:04 - val epoch: 150, loss: 0.8565, miou: 0.7832145110526595, f1_or_dsc: 0.8784299434511843, accuracy: 0.9423559774266611,                 specificity: 0.9702766585752611, sensitivity: 0.8555727641008936, confusion_matrix: [[38872676  1190821]
 [ 1861608 11027983]]
2026-09-13 11:16:05 - train: epoch 151, iter:0, loss: 0.4218, lr: 0.0005049999999999999
2026-09-13 11:16:09 - train: epoch 151, iter:20, loss: 0.5695, lr: 0.0005049999999999999
2026-09-13 11:16:24 - val epoch: 151, loss: 0.8181
2026-09-13 11:16:25 - train: epoch 152, iter:0, loss: 0.6056, lr: 0.0004998164668624582
2026-09-13 11:16:29 - train: epoch 152, iter:20, loss: 0.5526, lr: 0.0004998164668624582
2026-09-13 11:16:43 - val epoch: 152, loss: 0.8390
2026-09-13 11:16:45 - train: epoch 153, iter:0, loss: 0.5486, lr: 0.0004946335021577383
2026-09-13 11:16:48 - train: epoch 153, iter:20, loss: 0.5536, lr: 0.0004946335021577383
2026-09-13 11:17:03 - val epoch: 153, loss: 0.8323
2026-09-13 11:17:05 - train: epoch 154, iter:0, loss: 0.5459, lr: 0.0004894516742563263
2026-09-13 11:17:09 - train: epoch 154, iter:20, loss: 0.5571, lr: 0.0004894516742563263
2026-09-13 11:17:24 - val epoch: 154, loss: 0.8043
2026-09-13 11:17:26 - train: epoch 155, iter:0, loss: 0.5361, lr: 0.000484271551404046
2026-09-13 11:17:29 - train: epoch 155, iter:20, loss: 0.5864, lr: 0.000484271551404046
2026-09-13 11:17:44 - val epoch: 155, loss: 0.8358
2026-09-13 11:17:46 - train: epoch 156, iter:0, loss: 0.5389, lr: 0.0004790937016597426
2026-09-13 11:17:50 - train: epoch 156, iter:20, loss: 0.5598, lr: 0.0004790937016597426
2026-09-13 11:18:05 - val epoch: 156, loss: 0.8328
2026-09-13 11:18:07 - train: epoch 157, iter:0, loss: 0.5023, lr: 0.0004739186928329898
2026-09-13 11:18:11 - train: epoch 157, iter:20, loss: 0.5567, lr: 0.0004739186928329898
2026-09-13 11:18:26 - val epoch: 157, loss: 0.8180
2026-09-13 11:18:28 - train: epoch 158, iter:0, loss: 0.5231, lr: 0.0004687470924218222
2026-09-13 11:18:32 - train: epoch 158, iter:20, loss: 0.5634, lr: 0.0004687470924218222
2026-09-13 11:18:46 - val epoch: 158, loss: 0.8570
2026-09-13 11:18:48 - train: epoch 159, iter:0, loss: 0.6447, lr: 0.00046357946755050356
2026-09-13 11:18:52 - train: epoch 159, iter:20, loss: 0.5626, lr: 0.00046357946755050356
2026-09-13 11:19:07 - val epoch: 159, loss: 0.8429
2026-09-13 11:19:09 - train: epoch 160, iter:0, loss: 0.7782, lr: 0.00045841638490733513
2026-09-13 11:19:13 - train: epoch 160, iter:20, loss: 0.5670, lr: 0.00045841638490733513
2026-09-13 11:19:30 - val epoch: 160, loss: 0.8585, miou: 0.7804728613160791, f1_or_dsc: 0.876702900980107, accuracy: 0.9403404764609762,                 specificity: 0.9625309792602478, sensitivity: 0.8713678347125211, confusion_matrix: [[38562357  1501140]
 [ 1658016 11231575]]
2026-09-13 11:19:32 - train: epoch 161, iter:0, loss: 0.5663, lr: 0.00045325841068251133
2026-09-13 11:19:36 - train: epoch 161, iter:20, loss: 0.5696, lr: 0.00045325841068251133
2026-09-13 11:19:51 - val epoch: 161, loss: 0.8005
2026-09-13 11:19:52 - train: epoch 162, iter:0, loss: 0.5310, lr: 0.0004481061105060308
2026-09-13 11:19:56 - train: epoch 162, iter:20, loss: 0.5815, lr: 0.0004481061105060308
2026-09-13 11:20:11 - val epoch: 162, loss: 0.8065
2026-09-13 11:20:13 - train: epoch 163, iter:0, loss: 0.5538, lr: 0.0004429600493856691
2026-09-13 11:20:17 - train: epoch 163, iter:20, loss: 0.5698, lr: 0.0004429600493856691
2026-09-13 11:20:32 - val epoch: 163, loss: 0.8129
2026-09-13 11:20:34 - train: epoch 164, iter:0, loss: 0.5231, lr: 0.000437820791645019
2026-09-13 11:20:38 - train: epoch 164, iter:20, loss: 0.5263, lr: 0.000437820791645019
2026-09-13 11:20:53 - val epoch: 164, loss: 0.7862
2026-09-13 11:20:55 - train: epoch 165, iter:0, loss: 0.5587, lr: 0.00043268890086160604
2026-09-13 11:20:59 - train: epoch 165, iter:20, loss: 0.5539, lr: 0.00043268890086160604
2026-09-13 11:21:14 - val epoch: 165, loss: 0.8016
2026-09-13 11:21:15 - train: epoch 166, iter:0, loss: 0.5673, lr: 0.0004275649398050855
2026-09-13 11:21:19 - train: epoch 166, iter:20, loss: 0.5450, lr: 0.0004275649398050855
2026-09-13 11:21:34 - val epoch: 166, loss: 0.8074
2026-09-13 11:21:36 - train: epoch 167, iter:0, loss: 0.5161, lr: 0.0004224494703755289
2026-09-13 11:21:40 - train: epoch 167, iter:20, loss: 0.5489, lr: 0.0004224494703755289
2026-09-13 11:21:56 - val epoch: 167, loss: 0.8238
2026-09-13 11:21:57 - train: epoch 168, iter:0, loss: 0.6264, lr: 0.00041734305354180595
2026-09-13 11:22:01 - train: epoch 168, iter:20, loss: 0.5492, lr: 0.00041734305354180595
2026-09-13 11:22:16 - val epoch: 168, loss: 0.8113
2026-09-13 11:22:18 - train: epoch 169, iter:0, loss: 0.6065, lr: 0.000412246249280066
2026-09-13 11:22:22 - train: epoch 169, iter:20, loss: 0.5495, lr: 0.000412246249280066
2026-09-13 11:22:37 - val epoch: 169, loss: 0.8409
2026-09-13 11:22:39 - train: epoch 170, iter:0, loss: 0.4581, lr: 0.0004071596165123322
2026-09-13 11:22:42 - train: epoch 170, iter:20, loss: 0.5621, lr: 0.0004071596165123322
2026-09-13 11:23:00 - val epoch: 170, loss: 0.8095, miou: 0.7867439419746652, f1_or_dsc: 0.880645428247738, accuracy: 0.9409250127206935,                 specificity: 0.9555911457254967, sensitivity: 0.8953396581784481, confusion_matrix: [[38284323  1779174]
 [ 1349029 11540562]]
2026-09-13 11:23:01 - train: epoch 171, iter:0, loss: 0.4777, lr: 0.0004020837130452088
2026-09-13 11:23:05 - train: epoch 171, iter:20, loss: 0.5602, lr: 0.0004020837130452088
2026-09-13 11:23:19 - val epoch: 171, loss: 0.8227
2026-09-13 11:23:21 - train: epoch 172, iter:0, loss: 0.6435, lr: 0.00039701909550871116
2026-09-13 11:23:25 - train: epoch 172, iter:20, loss: 0.5491, lr: 0.00039701909550871116
2026-09-13 11:23:40 - val epoch: 172, loss: 0.8153
2026-09-13 11:23:41 - train: epoch 173, iter:0, loss: 0.5165, lr: 0.0003919663192952252
2026-09-13 11:23:45 - train: epoch 173, iter:20, loss: 0.5424, lr: 0.0003919663192952252
2026-09-13 11:24:00 - val epoch: 173, loss: 0.8258
2026-09-13 11:24:01 - train: epoch 174, iter:0, loss: 0.4869, lr: 0.0003869259384986023
2026-09-13 11:24:06 - train: epoch 174, iter:20, loss: 0.5414, lr: 0.0003869259384986023
2026-09-13 11:24:20 - val epoch: 174, loss: 0.8398
2026-09-13 11:24:22 - train: epoch 175, iter:0, loss: 0.4671, lr: 0.0003818985058533967
2026-09-13 11:24:26 - train: epoch 175, iter:20, loss: 0.5526, lr: 0.0003818985058533967
2026-09-13 11:24:41 - val epoch: 175, loss: 0.7896
2026-09-13 11:24:42 - train: epoch 176, iter:0, loss: 0.5238, lr: 0.00037688457267425206
2026-09-13 11:24:46 - train: epoch 176, iter:20, loss: 0.5382, lr: 0.00037688457267425206
2026-09-13 11:25:01 - val epoch: 176, loss: 0.8476
2026-09-13 11:25:03 - train: epoch 177, iter:0, loss: 0.5448, lr: 0.0003718846887954434
2026-09-13 11:25:06 - train: epoch 177, iter:20, loss: 0.5305, lr: 0.0003718846887954434
2026-09-13 13:04:59 - #----------Config info----------#
2026-09-13 13:04:59 - network: egeunet,
2026-09-13 13:04:59 - work_dir: results/retrain_ege_baseline_v1_20260912/,
2026-09-13 13:04:59 - epochs: 300,
2026-09-13 13:04:59 - val_interval: 10,
2026-09-13 13:04:59 - save_interval: 10,
2026-09-13 13:04:59 - num_workers: 4,
2026-09-13 13:04:59 - batch_size: 64,
2026-09-13 13:04:59 - gradient_accumulation_steps: 1,
2026-09-13 13:04:59 - seed: 42,
2026-09-13 13:05:00 - resuming model from results/retrain_ege_baseline_v1_20260912/checkpoints/latest.pth. resume_epoch: 176, min_loss: 0.7848, min_epoch: 144, loss: 0.8476
2026-09-13 13:05:03 - train: epoch 177, iter:0, loss: 0.4965, lr: 0.0003718846887954434
2026-09-13 13:05:06 - train: epoch 177, iter:20, loss: 0.5551, lr: 0.0003718846887954434
2026-09-13 13:05:20 - val epoch: 177, loss: 0.9300
2026-09-13 13:05:22 - train: epoch 178, iter:0, loss: 0.6063, lr: 0.0003668994025105812
2026-09-13 13:05:25 - train: epoch 178, iter:20, loss: 0.5489, lr: 0.0003668994025105812
2026-09-13 13:05:39 - val epoch: 178, loss: 0.8596
2026-09-13 13:05:41 - train: epoch 179, iter:0, loss: 0.5928, lr: 0.0003619292605124862
2026-09-13 13:05:44 - train: epoch 179, iter:20, loss: 0.5438, lr: 0.0003619292605124862
2026-09-13 13:05:59 - val epoch: 179, loss: 0.8017
2026-09-13 13:06:00 - train: epoch 180, iter:0, loss: 0.5860, lr: 0.00035697480783323686
2026-09-13 13:06:03 - train: epoch 180, iter:20, loss: 0.5390, lr: 0.00035697480783323686
2026-09-13 13:06:20 - val epoch: 180, loss: 0.8039, miou: 0.7881965058885193, f1_or_dsc: 0.8815546874104646, accuracy: 0.9420333522381169,                 specificity: 0.9599965774330683, sensitivity: 0.8861999577798861, confusion_matrix: [[38460820  1602677]
 [ 1466836 11422755]]
2026-09-13 13:06:21 - train: epoch 181, iter:0, loss: 0.4429, lr: 0.00035203658778440076
2026-09-13 13:06:25 - train: epoch 181, iter:20, loss: 0.5370, lr: 0.00035203658778440076
2026-09-13 13:06:39 - val epoch: 181, loss: 0.8108
2026-09-13 13:06:41 - train: epoch 182, iter:0, loss: 0.4974, lr: 0.00034711514189745505
2026-09-13 13:06:44 - train: epoch 182, iter:20, loss: 0.5528, lr: 0.00034711514189745505
2026-09-13 13:06:59 - val epoch: 182, loss: 0.8317
2026-09-13 13:07:00 - train: epoch 183, iter:0, loss: 0.4988, lr: 0.00034221100986440094
2026-09-13 13:07:04 - train: epoch 183, iter:20, loss: 0.5549, lr: 0.00034221100986440094
2026-09-13 13:07:18 - val epoch: 183, loss: 0.8246
2026-09-13 13:07:19 - train: epoch 184, iter:0, loss: 0.6712, lr: 0.0003373247294785804
2026-09-13 13:07:22 - train: epoch 184, iter:20, loss: 0.5248, lr: 0.0003373247294785804
2026-09-13 13:07:37 - val epoch: 184, loss: 0.8026
2026-09-13 13:07:39 - train: epoch 185, iter:0, loss: 0.4990, lr: 0.0003324568365757012
2026-09-13 13:07:42 - train: epoch 185, iter:20, loss: 0.5194, lr: 0.0003324568365757012
2026-09-13 13:07:57 - val epoch: 185, loss: 0.8015
2026-09-13 13:07:58 - train: epoch 186, iter:0, loss: 0.5840, lr: 0.0003276078649750761
2026-09-13 13:08:01 - train: epoch 186, iter:20, loss: 0.5186, lr: 0.0003276078649750761
2026-09-13 13:08:16 - val epoch: 186, loss: 0.8690
2026-09-13 13:08:17 - train: epoch 187, iter:0, loss: 0.5247, lr: 0.00032277834642108417
2026-09-13 13:08:21 - train: epoch 187, iter:20, loss: 0.5210, lr: 0.00032277834642108417
2026-09-13 13:08:35 - val epoch: 187, loss: 0.8165
2026-09-13 13:08:37 - train: epoch 188, iter:0, loss: 0.4959, lr: 0.00031796881052485835
2026-09-13 13:08:40 - train: epoch 188, iter:20, loss: 0.5695, lr: 0.00031796881052485835
2026-09-13 13:08:54 - val epoch: 188, loss: 0.8365
2026-09-13 13:08:56 - train: epoch 189, iter:0, loss: 0.5300, lr: 0.00031317978470620867
2026-09-13 13:08:59 - train: epoch 189, iter:20, loss: 0.5378, lr: 0.00031317978470620867
2026-09-13 13:09:14 - val epoch: 189, loss: 0.8455
2026-09-13 13:09:15 - train: epoch 190, iter:0, loss: 0.6876, lr: 0.00030841179413578315
2026-09-13 13:09:18 - train: epoch 190, iter:20, loss: 0.5502, lr: 0.00030841179413578315
2026-09-13 13:09:35 - val epoch: 190, loss: 0.8445, miou: 0.7855814447619748, f1_or_dsc: 0.8799166759561572, accuracy: 0.9430188282881633,                 specificity: 0.9704830060141779, sensitivity: 0.8576545213886151, confusion_matrix: [[38880943  1182554]
 [ 1834775 11054816]]
2026-09-13 13:09:36 - train: epoch 191, iter:0, loss: 0.5757, lr: 0.0003036653616774785
2026-09-13 13:09:40 - train: epoch 191, iter:20, loss: 0.5404, lr: 0.0003036653616774785
2026-09-13 13:09:54 - val epoch: 191, loss: 0.8504
2026-09-13 13:09:56 - train: epoch 192, iter:0, loss: 0.4750, lr: 0.0002989410078311011
2026-09-13 13:09:59 - train: epoch 192, iter:20, loss: 0.5377, lr: 0.0002989410078311011
2026-09-13 13:10:14 - val epoch: 192, loss: 0.8256
2026-09-13 13:10:15 - train: epoch 193, iter:0, loss: 0.5253, lr: 0.00029423925067528865
2026-09-13 13:10:18 - train: epoch 193, iter:20, loss: 0.5289, lr: 0.00029423925067528865
2026-09-13 13:10:33 - val epoch: 193, loss: 0.8147
2026-09-13 13:10:34 - train: epoch 194, iter:0, loss: 0.5433, lr: 0.0002895606058106975
2026-09-13 13:10:37 - train: epoch 194, iter:20, loss: 0.5347, lr: 0.0002895606058106975
2026-09-13 13:10:52 - val epoch: 194, loss: 0.8198
2026-09-13 13:10:54 - train: epoch 195, iter:0, loss: 0.5649, lr: 0.0002849055863034606
2026-09-13 13:10:57 - train: epoch 195, iter:20, loss: 0.5275, lr: 0.0002849055863034606
2026-09-13 13:11:12 - val epoch: 195, loss: 0.8293
2026-09-13 13:11:14 - train: epoch 196, iter:0, loss: 0.6303, lr: 0.00028027470262892396
2026-09-13 13:11:17 - train: epoch 196, iter:20, loss: 0.5249, lr: 0.00028027470262892396
2026-09-13 13:11:32 - val epoch: 196, loss: 0.8022
2026-09-13 13:11:33 - train: epoch 197, iter:0, loss: 0.6752, lr: 0.0002756684626156682
2026-09-13 13:11:37 - train: epoch 197, iter:20, loss: 0.5424, lr: 0.0002756684626156682
2026-09-13 13:11:51 - val epoch: 197, loss: 0.8373
2026-09-13 13:11:53 - train: epoch 198, iter:0, loss: 0.6076, lr: 0.000271087371389818
2026-09-13 13:11:56 - train: epoch 198, iter:20, loss: 0.5365, lr: 0.000271087371389818
2026-09-13 13:12:11 - val epoch: 198, loss: 0.7999
2026-09-13 13:12:12 - train: epoch 199, iter:0, loss: 0.4766, lr: 0.0002665319313196505
2026-09-13 13:12:15 - train: epoch 199, iter:20, loss: 0.5364, lr: 0.0002665319313196505
2026-09-13 13:12:30 - val epoch: 199, loss: 0.8290
2026-09-13 13:12:31 - train: epoch 200, iter:0, loss: 0.5036, lr: 0.00026200264196050494
2026-09-13 13:12:35 - train: epoch 200, iter:20, loss: 0.5491, lr: 0.00026200264196050494
2026-09-13 13:12:52 - val epoch: 200, loss: 0.8113, miou: 0.786079412259141, f1_or_dsc: 0.8802289605531709, accuracy: 0.939874271355053,                 specificity: 0.9502364209494742, sensitivity: 0.9076665815075126, confusion_matrix: [[38069794  1993703]
 [ 1190140 11699451]]
2026-09-13 13:12:54 - train: epoch 201, iter:0, loss: 0.4855, lr: 0.00025749999999999954
2026-09-13 13:12:57 - train: epoch 201, iter:20, loss: 0.5260, lr: 0.00025749999999999954
2026-09-13 13:13:12 - val epoch: 201, loss: 0.8060
2026-09-13 13:13:13 - train: epoch 202, iter:0, loss: 0.6277, lr: 0.0002530244992035658
2026-09-13 13:13:17 - train: epoch 202, iter:20, loss: 0.5240, lr: 0.0002530244992035658
2026-09-13 13:13:31 - val epoch: 202, loss: 0.8195
2026-09-13 13:13:33 - train: epoch 203, iter:0, loss: 0.5082, lr: 0.0002485766303603003
2026-09-13 13:13:36 - train: epoch 203, iter:20, loss: 0.5418, lr: 0.0002485766303603003
2026-09-13 13:13:50 - val epoch: 203, loss: 0.8390
2026-09-13 13:13:52 - train: epoch 204, iter:0, loss: 0.5080, lr: 0.0002441568812291443
2026-09-13 13:13:55 - train: epoch 204, iter:20, loss: 0.5317, lr: 0.0002441568812291443
2026-09-13 13:14:10 - val epoch: 204, loss: 0.8439
2026-09-13 13:14:11 - train: epoch 205, iter:0, loss: 0.5038, lr: 0.00023976573648539645
2026-09-13 13:14:15 - train: epoch 205, iter:20, loss: 0.5201, lr: 0.00023976573648539645
2026-09-13 13:14:29 - val epoch: 205, loss: 0.8003
2026-09-13 13:14:31 - train: epoch 206, iter:0, loss: 0.5555, lr: 0.00023540367766756144
2026-09-13 13:14:34 - train: epoch 206, iter:20, loss: 0.5129, lr: 0.00023540367766756144
2026-09-13 13:14:49 - val epoch: 206, loss: 0.8328
2026-09-13 13:14:50 - train: epoch 207, iter:0, loss: 0.5316, lr: 0.0002310711831245444
2026-09-13 13:14:53 - train: epoch 207, iter:20, loss: 0.5342, lr: 0.0002310711831245444
2026-09-13 13:15:08 - val epoch: 207, loss: 0.8487
2026-09-13 13:15:10 - train: epoch 208, iter:0, loss: 0.4897, lr: 0.00022676872796319514
2026-09-13 13:15:13 - train: epoch 208, iter:20, loss: 0.5174, lr: 0.00022676872796319514
2026-09-13 13:15:27 - val epoch: 208, loss: 0.8289
2026-09-13 13:15:29 - train: epoch 209, iter:0, loss: 0.5160, lr: 0.00022249678399620604
2026-09-13 13:15:32 - train: epoch 209, iter:20, loss: 0.5195, lr: 0.00022249678399620604
2026-09-13 13:15:46 - val epoch: 209, loss: 0.8289
2026-09-13 13:15:48 - train: epoch 210, iter:0, loss: 0.4354, lr: 0.0002182558196903736
2026-09-13 13:15:51 - train: epoch 210, iter:20, loss: 0.5342, lr: 0.0002182558196903736
2026-09-13 13:16:08 - val epoch: 210, loss: 0.8074, miou: 0.7867718982183988, f1_or_dsc: 0.8806629419266039, accuracy: 0.9400532977415783,                 specificity: 0.9501396745271637, sensitivity: 0.9087027664415419, confusion_matrix: [[38065918  1997579]
 [ 1176784 11712807]]
2026-09-13 13:16:09 - train: epoch 211, iter:0, loss: 0.4789, lr: 0.00021404630011522552
2026-09-13 13:16:13 - train: epoch 211, iter:20, loss: 0.5271, lr: 0.00021404630011522552
2026-09-13 13:16:27 - val epoch: 211, loss: 0.8186
2026-09-13 13:16:29 - train: epoch 212, iter:0, loss: 0.5182, lr: 0.0002098686868920198
2026-09-13 13:16:32 - train: epoch 212, iter:20, loss: 0.5182, lr: 0.0002098686868920198
2026-09-13 13:16:47 - val epoch: 212, loss: 0.8415
2026-09-13 13:16:48 - train: epoch 213, iter:0, loss: 0.5649, lr: 0.00020572343814312415
2026-09-13 13:16:52 - train: epoch 213, iter:20, loss: 0.5326, lr: 0.00020572343814312415
2026-09-13 13:17:06 - val epoch: 213, loss: 0.8443
2026-09-13 13:17:08 - train: epoch 214, iter:0, loss: 0.5806, lr: 0.00020161100844177644
2026-09-13 13:17:11 - train: epoch 214, iter:20, loss: 0.5264, lr: 0.00020161100844177644
2026-09-13 13:17:25 - val epoch: 214, loss: 0.8579
2026-09-13 13:17:27 - train: epoch 215, iter:0, loss: 0.4749, lr: 0.0001975318487622361
2026-09-13 13:17:30 - train: epoch 215, iter:20, loss: 0.5263, lr: 0.0001975318487622361
2026-09-13 13:17:45 - val epoch: 215, loss: 0.8223
2026-09-13 13:17:47 - train: epoch 216, iter:0, loss: 0.5704, lr: 0.00019348640643033024
2026-09-13 13:17:50 - train: epoch 216, iter:20, loss: 0.5296, lr: 0.00019348640643033024
2026-09-13 13:18:04 - val epoch: 216, loss: 0.8385
2026-09-13 13:18:06 - train: epoch 217, iter:0, loss: 0.5468, lr: 0.00018947512507439828
2026-09-13 13:18:09 - train: epoch 217, iter:20, loss: 0.5160, lr: 0.00018947512507439828
2026-09-13 13:18:24 - val epoch: 217, loss: 0.8474
2026-09-13 13:18:25 - train: epoch 218, iter:0, loss: 0.4440, lr: 0.00018549844457664425
2026-09-13 13:18:29 - train: epoch 218, iter:20, loss: 0.5226, lr: 0.00018549844457664425
2026-09-13 13:18:43 - val epoch: 218, loss: 0.8265
2026-09-13 13:18:45 - train: epoch 219, iter:0, loss: 0.5300, lr: 0.00018155680102489765
2026-09-13 13:18:48 - train: epoch 219, iter:20, loss: 0.5260, lr: 0.00018155680102489765
2026-09-13 13:19:02 - val epoch: 219, loss: 0.8271
2026-09-13 13:19:04 - train: epoch 220, iter:0, loss: 0.5430, lr: 0.00017765062666479195
2026-09-13 13:19:07 - train: epoch 220, iter:20, loss: 0.5118, lr: 0.00017765062666479195
2026-09-13 13:19:24 - val epoch: 220, loss: 0.8421, miou: 0.788104087369492, f1_or_dsc: 0.8814968803397617, accuracy: 0.9437084575690845,                 specificity: 0.9706030404684843, sensitivity: 0.8601145684141568, confusion_matrix: [[38885752  1177745]
 [ 1803066 11086525]]
2026-09-13 13:19:25 - train: epoch 221, iter:0, loss: 0.5047, lr: 0.00017378034985236489
2026-09-13 13:19:29 - train: epoch 221, iter:20, loss: 0.5113, lr: 0.00017378034985236489
2026-09-13 13:19:43 - val epoch: 221, loss: 0.8483
2026-09-13 13:19:44 - train: epoch 222, iter:0, loss: 0.5480, lr: 0.0001699463950070827
2026-09-13 13:19:48 - train: epoch 222, iter:20, loss: 0.5202, lr: 0.0001699463950070827
2026-09-13 13:20:02 - val epoch: 222, loss: 0.8246
2026-09-13 13:20:04 - train: epoch 223, iter:0, loss: 0.4942, lr: 0.0001661491825652988
2026-09-13 13:20:07 - train: epoch 223, iter:20, loss: 0.5029, lr: 0.0001661491825652988
2026-09-13 13:20:21 - val epoch: 223, loss: 0.8292
2026-09-13 13:20:23 - train: epoch 224, iter:0, loss: 0.4860, lr: 0.0001623891289341484
2026-09-13 13:20:26 - train: epoch 224, iter:20, loss: 0.5088, lr: 0.0001623891289341484
2026-09-13 13:20:41 - val epoch: 224, loss: 0.8724
2026-09-13 13:20:42 - train: epoch 225, iter:0, loss: 0.5504, lr: 0.0001586666464458838
2026-09-13 13:20:46 - train: epoch 225, iter:20, loss: 0.5190, lr: 0.0001586666464458838
2026-09-13 13:21:00 - val epoch: 225, loss: 0.8073
2026-09-13 13:21:02 - train: epoch 226, iter:0, loss: 0.4838, lr: 0.00015498214331265874
2026-09-13 13:21:05 - train: epoch 226, iter:20, loss: 0.5274, lr: 0.00015498214331265874
2026-09-13 13:21:19 - val epoch: 226, loss: 0.8331
2026-09-13 13:21:21 - train: epoch 227, iter:0, loss: 0.4380, lr: 0.00015133602358176218
2026-09-13 13:21:24 - train: epoch 227, iter:20, loss: 0.5197, lr: 0.00015133602358176218
2026-09-13 13:21:39 - val epoch: 227, loss: 0.8214
2026-09-13 13:21:40 - train: epoch 228, iter:0, loss: 0.5237, lr: 0.00014772868709131046
2026-09-13 13:21:44 - train: epoch 228, iter:20, loss: 0.5215, lr: 0.00014772868709131046
2026-09-13 13:21:58 - val epoch: 228, loss: 0.8305
2026-09-13 13:22:00 - train: epoch 229, iter:0, loss: 0.5109, lr: 0.00014416052942640113
2026-09-13 13:22:03 - train: epoch 229, iter:20, loss: 0.5186, lr: 0.00014416052942640113
2026-09-13 13:22:18 - val epoch: 229, loss: 0.8459
2026-09-13 13:22:19 - train: epoch 230, iter:0, loss: 0.4577, lr: 0.0001406319418757314
2026-09-13 13:22:22 - train: epoch 230, iter:20, loss: 0.5250, lr: 0.0001406319418757314
2026-09-13 13:22:39 - val epoch: 230, loss: 0.8235, miou: 0.786244669926647, f1_or_dsc: 0.8803325582031655, accuracy: 0.9410276129694268,                 specificity: 0.9570807560807785, sensitivity: 0.8911311460542076, confusion_matrix: [[38344002  1719495]
 [ 1403275 11486316]]
2026-09-13 13:22:41 - train: epoch 231, iter:0, loss: 0.4266, lr: 0.00013714331138868954
2026-09-13 13:22:44 - train: epoch 231, iter:20, loss: 0.5146, lr: 0.00013714331138868954
2026-09-13 13:22:59 - val epoch: 231, loss: 0.8388
2026-09-13 13:23:00 - train: epoch 232, iter:0, loss: 0.4947, lr: 0.00013369502053292226
2026-09-13 13:23:03 - train: epoch 232, iter:20, loss: 0.5104, lr: 0.00013369502053292226
2026-09-13 13:23:18 - val epoch: 232, loss: 0.8297
2026-09-13 13:23:19 - train: epoch 233, iter:0, loss: 0.7241, lr: 0.0001302874474523804
2026-09-13 13:23:23 - train: epoch 233, iter:20, loss: 0.5321, lr: 0.0001302874474523804
2026-09-13 13:23:37 - val epoch: 233, loss: 0.8325
2026-09-13 13:23:39 - train: epoch 234, iter:0, loss: 0.5094, lr: 0.00012692096582585187
2026-09-13 13:23:42 - train: epoch 234, iter:20, loss: 0.5191, lr: 0.00012692096582585187
2026-09-13 13:23:56 - val epoch: 234, loss: 0.8369
2026-09-13 13:23:58 - train: epoch 235, iter:0, loss: 0.4400, lr: 0.00012359594482598416
2026-09-13 13:24:01 - train: epoch 235, iter:20, loss: 0.5206, lr: 0.00012359594482598416
2026-09-13 13:24:16 - val epoch: 235, loss: 0.8388
2026-09-13 13:24:17 - train: epoch 236, iter:0, loss: 0.5146, lr: 0.00012031274907879919
2026-09-13 13:24:20 - train: epoch 236, iter:20, loss: 0.5170, lr: 0.00012031274907879919
2026-09-13 13:24:35 - val epoch: 236, loss: 0.8268
2026-09-13 13:24:36 - train: epoch 237, iter:0, loss: 0.6224, lr: 0.00011707173862370913
2026-09-13 13:24:40 - train: epoch 237, iter:20, loss: 0.5088, lr: 0.00011707173862370913
2026-09-13 13:24:54 - val epoch: 237, loss: 0.8446
2026-09-13 13:24:56 - train: epoch 238, iter:0, loss: 0.5479, lr: 0.00011387326887403316
2026-09-13 13:24:59 - train: epoch 238, iter:20, loss: 0.5194, lr: 0.00011387326887403316
2026-09-13 13:25:13 - val epoch: 238, loss: 0.8518
2026-09-13 13:25:15 - train: epoch 239, iter:0, loss: 0.5876, lr: 0.00011071769057802265
2026-09-13 13:25:18 - train: epoch 239, iter:20, loss: 0.5056, lr: 0.00011071769057802265
2026-09-13 13:25:32 - val epoch: 239, loss: 0.8341
2026-09-13 13:25:34 - train: epoch 240, iter:0, loss: 0.4786, lr: 0.0001076053497803982
2026-09-13 13:25:37 - train: epoch 240, iter:20, loss: 0.5352, lr: 0.0001076053497803982
2026-09-13 13:25:54 - val epoch: 240, loss: 0.8420, miou: 0.7875360079835877, f1_or_dsc: 0.8811414197714091, accuracy: 0.9433986361664121,                 specificity: 0.969614484726583, sensitivity: 0.8619143927840689, confusion_matrix: [[38846147  1217350]
 [ 1779867 11109724]]
2026-09-13 13:25:55 - train: epoch 241, iter:0, loss: 0.4473, lr: 0.00010453658778440088
2026-09-13 13:25:59 - train: epoch 241, iter:20, loss: 0.5230, lr: 0.00010453658778440088
2026-09-13 13:26:13 - val epoch: 241, loss: 0.8395
2026-09-13 13:26:15 - train: epoch 242, iter:0, loss: 0.4433, lr: 0.00010151174111436543
2026-09-13 13:26:18 - train: epoch 242, iter:20, loss: 0.5213, lr: 0.00010151174111436543
2026-09-13 13:26:33 - val epoch: 242, loss: 0.8251
2026-09-13 13:26:34 - train: epoch 243, iter:0, loss: 0.5136, lr: 9.853114147881633e-05
2026-09-13 13:26:37 - train: epoch 243, iter:20, loss: 0.4948, lr: 9.853114147881633e-05
2026-09-13 13:26:52 - val epoch: 243, loss: 0.8328
2026-09-13 13:26:53 - train: epoch 244, iter:0, loss: 0.4772, lr: 9.559511573409167e-05
2026-09-13 13:26:57 - train: epoch 244, iter:20, loss: 0.5027, lr: 9.559511573409167e-05
2026-09-13 13:27:11 - val epoch: 244, loss: 0.8333
2026-09-13 13:27:13 - train: epoch 245, iter:0, loss: 0.5124, lr: 9.270398584850061e-05
2026-09-13 13:27:16 - train: epoch 245, iter:20, loss: 0.4959, lr: 9.270398584850061e-05
2026-09-13 13:27:30 - val epoch: 245, loss: 0.8371
2026-09-13 13:27:32 - train: epoch 246, iter:0, loss: 0.3874, lr: 8.985806886701499e-05
2026-09-13 13:27:35 - train: epoch 246, iter:20, loss: 0.5024, lr: 8.985806886701499e-05
2026-09-13 13:27:49 - val epoch: 246, loss: 0.8415
2026-09-13 13:27:51 - train: epoch 247, iter:0, loss: 0.5450, lr: 8.705767687650239e-05
2026-09-13 13:27:54 - train: epoch 247, iter:20, loss: 0.5204, lr: 8.705767687650239e-05
2026-09-13 13:28:09 - val epoch: 247, loss: 0.8324
2026-09-13 13:28:10 - train: epoch 248, iter:0, loss: 0.5098, lr: 8.430311697150229e-05
2026-09-13 13:28:13 - train: epoch 248, iter:20, loss: 0.5125, lr: 8.430311697150229e-05
2026-09-13 13:28:28 - val epoch: 248, loss: 0.8477
2026-09-13 13:28:30 - train: epoch 249, iter:0, loss: 0.4629, lr: 8.159469122054909e-05
2026-09-13 13:28:33 - train: epoch 249, iter:20, loss: 0.5210, lr: 8.159469122054909e-05
2026-09-13 13:28:47 - val epoch: 249, loss: 0.8384
2026-09-13 13:28:49 - train: epoch 250, iter:0, loss: 0.4195, lr: 7.893269663304782e-05
2026-09-13 13:28:52 - train: epoch 250, iter:20, loss: 0.5174, lr: 7.893269663304782e-05
2026-09-13 13:29:09 - val epoch: 250, loss: 0.8376, miou: 0.784880646659802, f1_or_dsc: 0.8794768973809151, accuracy: 0.941057809508673,                 specificity: 0.9595784411929892, sensitivity: 0.8834918811620943, confusion_matrix: [[38444068  1619429]
 [ 1501742 11387849]]
2026-09-13 13:29:10 - train: epoch 251, iter:0, loss: 0.5716, lr: 7.631742512670282e-05
2026-09-13 13:29:14 - train: epoch 251, iter:20, loss: 0.5107, lr: 7.631742512670282e-05
2026-09-13 13:29:28 - val epoch: 251, loss: 0.8353
2026-09-13 13:29:29 - train: epoch 252, iter:0, loss: 0.6757, lr: 7.374916349550603e-05
2026-09-13 13:29:33 - train: epoch 252, iter:20, loss: 0.5136, lr: 7.374916349550603e-05
2026-09-13 13:29:47 - val epoch: 252, loss: 0.8393
2026-09-13 13:29:49 - train: epoch 253, iter:0, loss: 0.5249, lr: 7.122819337828741e-05
2026-09-13 13:29:52 - train: epoch 253, iter:20, loss: 0.5083, lr: 7.122819337828741e-05
2026-09-13 13:30:07 - val epoch: 253, loss: 0.8354
2026-09-13 13:30:08 - train: epoch 254, iter:0, loss: 0.5205, lr: 6.875479122782878e-05
2026-09-13 13:30:11 - train: epoch 254, iter:20, loss: 0.5195, lr: 6.875479122782878e-05
2026-09-13 13:30:26 - val epoch: 254, loss: 0.8487
2026-09-13 13:30:27 - train: epoch 255, iter:0, loss: 0.4866, lr: 6.632922828054862e-05
2026-09-13 13:30:31 - train: epoch 255, iter:20, loss: 0.5092, lr: 6.632922828054862e-05
2026-09-13 13:30:45 - val epoch: 255, loss: 0.8445
2026-09-13 13:30:47 - train: epoch 256, iter:0, loss: 0.5659, lr: 6.395177052675786e-05
2026-09-13 13:30:50 - train: epoch 256, iter:20, loss: 0.5143, lr: 6.395177052675786e-05
2026-09-13 13:31:05 - val epoch: 256, loss: 0.8338
2026-09-13 13:31:06 - train: epoch 257, iter:0, loss: 0.5454, lr: 6.162267868149065e-05
2026-09-13 13:31:10 - train: epoch 257, iter:20, loss: 0.5037, lr: 6.162267868149065e-05
2026-09-13 13:31:24 - val epoch: 257, loss: 0.8269
2026-09-13 13:31:25 - train: epoch 258, iter:0, loss: 0.5405, lr: 5.934220815591413e-05
2026-09-13 13:31:29 - train: epoch 258, iter:20, loss: 0.5030, lr: 5.934220815591413e-05
2026-09-13 13:31:43 - val epoch: 258, loss: 0.8287
2026-09-13 13:31:44 - train: epoch 259, iter:0, loss: 0.5390, lr: 5.711060902932035e-05
2026-09-13 13:31:48 - train: epoch 259, iter:20, loss: 0.4996, lr: 5.711060902932035e-05
2026-09-13 13:32:02 - val epoch: 259, loss: 0.8321
2026-09-13 13:32:04 - train: epoch 260, iter:0, loss: 0.4709, lr: 5.492812602170101e-05
2026-09-13 13:32:07 - train: epoch 260, iter:20, loss: 0.5075, lr: 5.492812602170101e-05
2026-09-13 13:32:24 - val epoch: 260, loss: 0.8245, miou: 0.7866977143235799, f1_or_dsc: 0.8806164669230724, accuracy: 0.9410961075584487,                 specificity: 0.9567306867895231, sensitivity: 0.8925006231772599, confusion_matrix: [[38329977  1733520]
 [ 1385623 11503968]]
2026-09-13 13:32:26 - train: epoch 261, iter:0, loss: 0.4384, lr: 5.279499846691256e-05
2026-09-13 13:32:29 - train: epoch 261, iter:20, loss: 0.5020, lr: 5.279499846691256e-05
2026-09-13 13:32:44 - val epoch: 261, loss: 0.8356
2026-09-13 13:32:45 - train: epoch 262, iter:0, loss: 0.5699, lr: 5.071146028642938e-05
2026-09-13 13:32:49 - train: epoch 262, iter:20, loss: 0.5052, lr: 5.071146028642938e-05
2026-09-13 13:33:03 - val epoch: 262, loss: 0.8284
2026-09-13 13:33:05 - train: epoch 263, iter:0, loss: 0.4845, lr: 4.867773996369213e-05
2026-09-13 13:33:08 - train: epoch 263, iter:20, loss: 0.5040, lr: 4.867773996369213e-05
2026-09-13 13:33:22 - val epoch: 263, loss: 0.8369
2026-09-13 13:33:24 - train: epoch 264, iter:0, loss: 0.4211, lr: 4.669406051905255e-05
2026-09-13 13:33:27 - train: epoch 264, iter:20, loss: 0.5081, lr: 4.669406051905255e-05
2026-09-13 13:33:41 - val epoch: 264, loss: 0.8364
2026-09-13 13:33:43 - train: epoch 265, iter:0, loss: 0.5555, lr: 4.476063948531553e-05
2026-09-13 13:33:46 - train: epoch 265, iter:20, loss: 0.5186, lr: 4.476063948531553e-05
2026-09-13 13:34:00 - val epoch: 265, loss: 0.8311
2026-09-13 13:34:02 - train: epoch 266, iter:0, loss: 0.4894, lr: 4.2877688883885086e-05
2026-09-13 13:34:05 - train: epoch 266, iter:20, loss: 0.5124, lr: 4.2877688883885086e-05
2026-09-13 13:34:19 - val epoch: 266, loss: 0.8422
2026-09-13 13:34:21 - train: epoch 267, iter:0, loss: 0.4469, lr: 4.1045415201513684e-05
2026-09-13 13:34:24 - train: epoch 267, iter:20, loss: 0.5193, lr: 4.1045415201513684e-05
2026-09-13 13:34:39 - val epoch: 267, loss: 0.8366
2026-09-13 13:34:40 - train: epoch 268, iter:0, loss: 0.5237, lr: 3.926401936765836e-05
2026-09-13 13:34:44 - train: epoch 268, iter:20, loss: 0.5069, lr: 3.926401936765836e-05
2026-09-13 13:34:58 - val epoch: 268, loss: 0.8306
2026-09-13 13:35:00 - train: epoch 269, iter:0, loss: 0.5541, lr: 3.753369673244687e-05
2026-09-13 13:35:04 - train: epoch 269, iter:20, loss: 0.5151, lr: 3.753369673244687e-05
2026-09-13 13:35:19 - val epoch: 269, loss: 0.8341
2026-09-13 13:35:20 - train: epoch 270, iter:0, loss: 0.5404, lr: 3.5854637045255115e-05
2026-09-13 13:35:24 - train: epoch 270, iter:20, loss: 0.5017, lr: 3.5854637045255115e-05
2026-09-13 13:35:41 - val epoch: 270, loss: 0.8326, miou: 0.7842568966182836, f1_or_dsc: 0.8790851789388534, accuracy: 0.9403711262315807,                 specificity: 0.9564185822321002, sensitivity: 0.890492336025247, confusion_matrix: [[38317473  1746024]
 [ 1411509 11478082]]
2026-09-13 13:35:43 - train: epoch 271, iter:0, loss: 0.5591, lr: 3.422702443389897e-05
2026-09-13 13:35:46 - train: epoch 271, iter:20, loss: 0.5232, lr: 3.422702443389897e-05
2026-09-13 13:36:01 - val epoch: 271, loss: 0.8355
2026-09-13 13:36:03 - train: epoch 272, iter:0, loss: 0.4679, lr: 3.265103738444294e-05
2026-09-13 13:36:06 - train: epoch 272, iter:20, loss: 0.5094, lr: 3.265103738444294e-05
2026-09-13 13:36:21 - val epoch: 272, loss: 0.8317
2026-09-13 13:36:22 - train: epoch 273, iter:0, loss: 0.4871, lr: 3.112684872162669e-05
2026-09-13 13:36:26 - train: epoch 273, iter:20, loss: 0.5245, lr: 3.112684872162669e-05
2026-09-13 13:36:41 - val epoch: 273, loss: 0.8275
2026-09-13 13:36:43 - train: epoch 274, iter:0, loss: 0.5039, lr: 2.9654625589913163e-05
2026-09-13 13:36:46 - train: epoch 274, iter:20, loss: 0.5063, lr: 2.9654625589913163e-05
2026-09-13 13:37:01 - val epoch: 274, loss: 0.8306
2026-09-13 13:37:03 - train: epoch 275, iter:0, loss: 0.5490, lr: 2.823452943515922e-05
2026-09-13 13:37:06 - train: epoch 275, iter:20, loss: 0.5163, lr: 2.823452943515922e-05
2026-09-13 13:37:21 - val epoch: 275, loss: 0.8331
2026-09-13 13:37:22 - train: epoch 276, iter:0, loss: 0.4406, lr: 2.6866715986911168e-05
2026-09-13 13:37:26 - train: epoch 276, iter:20, loss: 0.4840, lr: 2.6866715986911168e-05
2026-09-13 13:37:41 - val epoch: 276, loss: 0.8315
2026-09-13 13:37:42 - train: epoch 277, iter:0, loss: 0.4740, lr: 2.5551335241327604e-05
2026-09-13 13:37:46 - train: epoch 277, iter:20, loss: 0.5010, lr: 2.5551335241327604e-05
2026-09-13 13:38:01 - val epoch: 277, loss: 0.8316
2026-09-13 13:38:02 - train: epoch 278, iter:0, loss: 0.5285, lr: 2.4288531444730185e-05
2026-09-13 13:38:06 - train: epoch 278, iter:20, loss: 0.5182, lr: 2.4288531444730185e-05
2026-09-13 13:38:21 - val epoch: 278, loss: 0.8314
2026-09-13 13:38:23 - train: epoch 279, iter:0, loss: 0.5112, lr: 2.3078443077785645e-05
2026-09-13 13:38:26 - train: epoch 279, iter:20, loss: 0.5257, lr: 2.3078443077785645e-05
2026-09-13 13:38:41 - val epoch: 279, loss: 0.8381
2026-09-13 13:38:42 - train: epoch 280, iter:0, loss: 0.4434, lr: 2.1921202840320064e-05
2026-09-13 13:38:46 - train: epoch 280, iter:20, loss: 0.5132, lr: 2.1921202840320064e-05
2026-09-13 13:39:03 - val epoch: 280, loss: 0.8276, miou: 0.7865520386051772, f1_or_dsc: 0.8805251922236371, accuracy: 0.9414785215170076,                 specificity: 0.9593478073069857, sensitivity: 0.8859371100293252, confusion_matrix: [[38434828  1628669]
 [ 1470224 11419367]]
2026-09-13 13:39:06 - train: epoch 281, iter:0, loss: 0.6147, lr: 2.081693763676623e-05
2026-09-13 13:39:09 - train: epoch 281, iter:20, loss: 0.5121, lr: 2.081693763676623e-05
2026-09-13 13:39:24 - val epoch: 281, loss: 0.8348
2026-09-13 13:39:25 - train: epoch 282, iter:0, loss: 0.3991, lr: 1.9765768562247723e-05
2026-09-13 13:39:29 - train: epoch 282, iter:20, loss: 0.5210, lr: 1.9765768562247723e-05
2026-09-13 13:39:44 - val epoch: 282, loss: 0.8330
2026-09-13 13:39:45 - train: epoch 283, iter:0, loss: 0.5129, lr: 1.876781088929913e-05
2026-09-13 13:39:49 - train: epoch 283, iter:20, loss: 0.5040, lr: 1.876781088929913e-05
2026-09-13 13:40:04 - val epoch: 283, loss: 0.8387
2026-09-13 13:40:05 - train: epoch 284, iter:0, loss: 0.5124, lr: 1.7823174055225262e-05
2026-09-13 13:40:08 - train: epoch 284, iter:20, loss: 0.4997, lr: 1.7823174055225262e-05
2026-09-13 13:40:23 - val epoch: 284, loss: 0.8326
2026-09-13 13:40:25 - train: epoch 285, iter:0, loss: 0.5173, lr: 1.693196165010003e-05
2026-09-13 13:40:28 - train: epoch 285, iter:20, loss: 0.5013, lr: 1.693196165010003e-05
2026-09-13 13:40:43 - val epoch: 285, loss: 0.8354
2026-09-13 13:40:44 - train: epoch 286, iter:0, loss: 0.5077, lr: 1.6094271405406855e-05
2026-09-13 13:40:48 - train: epoch 286, iter:20, loss: 0.5215, lr: 1.6094271405406855e-05
2026-09-13 13:41:03 - val epoch: 286, loss: 0.8358
2026-09-13 13:41:05 - train: epoch 287, iter:0, loss: 0.4858, lr: 1.5310195183320773e-05
2026-09-13 13:41:08 - train: epoch 287, iter:20, loss: 0.5100, lr: 1.5310195183320773e-05
2026-09-13 13:41:22 - val epoch: 287, loss: 0.8327
2026-09-13 13:41:24 - train: epoch 288, iter:0, loss: 0.4788, lr: 1.4579818966635417e-05
2026-09-13 13:41:27 - train: epoch 288, iter:20, loss: 0.5084, lr: 1.4579818966635417e-05
2026-09-13 13:41:42 - val epoch: 288, loss: 0.8365
2026-09-13 13:41:43 - train: epoch 289, iter:0, loss: 0.4766, lr: 1.3903222849333505e-05
2026-09-13 13:41:47 - train: epoch 289, iter:20, loss: 0.5139, lr: 1.3903222849333505e-05
2026-09-13 13:42:01 - val epoch: 289, loss: 0.8374
2026-09-13 13:42:03 - train: epoch 290, iter:0, loss: 0.5485, lr: 1.3280481027803759e-05
2026-09-13 13:42:06 - train: epoch 290, iter:20, loss: 0.5110, lr: 1.3280481027803759e-05
2026-09-13 13:42:24 - val epoch: 290, loss: 0.8374, miou: 0.7855099613563894, f1_or_dsc: 0.8798718330976601, accuracy: 0.9414902866476833,                 specificity: 0.9611808974139227, sensitivity: 0.880287822941783, confusion_matrix: [[38508268  1555229]
 [ 1543041 11346550]]
2026-09-13 13:42:25 - train: epoch 291, iter:0, loss: 0.6262, lr: 1.271166179270472e-05
2026-09-13 13:42:29 - train: epoch 291, iter:20, loss: 0.5036, lr: 1.271166179270472e-05
2026-09-13 13:42:44 - val epoch: 291, loss: 0.8414
2026-09-13 13:42:45 - train: epoch 292, iter:0, loss: 0.5166, lr: 1.21968275214754e-05
2026-09-13 13:42:49 - train: epoch 292, iter:20, loss: 0.5135, lr: 1.21968275214754e-05
2026-09-13 13:43:04 - val epoch: 292, loss: 0.8413
2026-09-13 13:43:05 - train: epoch 293, iter:0, loss: 0.5015, lr: 1.1736034671495336e-05
2026-09-13 13:43:09 - train: epoch 293, iter:20, loss: 0.5263, lr: 1.1736034671495336e-05
2026-09-13 13:43:24 - val epoch: 293, loss: 0.8387
2026-09-13 13:43:25 - train: epoch 294, iter:0, loss: 0.5006, lr: 1.1329333773893242e-05
2026-09-13 13:43:29 - train: epoch 294, iter:20, loss: 0.5240, lr: 1.1329333773893242e-05
2026-09-13 13:43:43 - val epoch: 294, loss: 0.8388
2026-09-13 13:43:45 - train: epoch 295, iter:0, loss: 0.4913, lr: 1.0976769428005577e-05
2026-09-13 13:43:49 - train: epoch 295, iter:20, loss: 0.4859, lr: 1.0976769428005577e-05
2026-09-13 13:44:04 - val epoch: 295, loss: 0.8361
2026-09-13 13:44:05 - train: epoch 296, iter:0, loss: 0.5295, lr: 1.0678380296485951e-05
2026-09-13 13:44:08 - train: epoch 296, iter:20, loss: 0.4989, lr: 1.0678380296485951e-05
2026-09-13 13:44:23 - val epoch: 296, loss: 0.8379
2026-09-13 13:44:25 - train: epoch 297, iter:0, loss: 0.5499, lr: 1.04341991010651e-05
2026-09-13 13:44:29 - train: epoch 297, iter:20, loss: 0.5000, lr: 1.04341991010651e-05
2026-09-13 13:44:43 - val epoch: 297, loss: 0.8369
2026-09-13 13:44:45 - train: epoch 298, iter:0, loss: 0.5007, lr: 1.0244252618962858e-05
2026-09-13 13:44:48 - train: epoch 298, iter:20, loss: 0.4963, lr: 1.0244252618962858e-05
2026-09-13 13:45:03 - val epoch: 298, loss: 0.8338
2026-09-13 13:45:04 - train: epoch 299, iter:0, loss: 0.5150, lr: 1.0108561679951479e-05
2026-09-13 13:45:08 - train: epoch 299, iter:20, loss: 0.5018, lr: 1.0108561679951479e-05
2026-09-13 13:45:23 - val epoch: 299, loss: 0.8360
2026-09-13 13:45:24 - train: epoch 300, iter:0, loss: 0.5623, lr: 1.002714116407149e-05
2026-09-13 13:45:27 - train: epoch 300, iter:20, loss: 0.5053, lr: 1.002714116407149e-05
2026-09-13 13:45:44 - val epoch: 300, loss: 0.8418, miou: 0.7852471302567848, f1_or_dsc: 0.8797069234261558, accuracy: 0.9415417850607692,                 specificity: 0.9619391187943479, sensitivity: 0.8781426811758418, confusion_matrix: [[38538645  1524852]
 [ 1570691 11318900]]
2026-09-13 13:46:12 - evaluation split=V_dev, loss: 0.7848,miou: 0.7951188160945823, f1_or_dsc: 0.8858676194196703, accuracy: 0.945566460637763,                 specificity: 0.9705675218516246, sensitivity: 0.8678580259063301, confusion_matrix: [[38884329  1179168]
 [ 1703256 11186335]]
2026-09-13 13:46:12 - #----------Config info----------#
2026-09-13 13:46:12 - network: ege_wave_unet,
2026-09-13 13:46:12 - wave_mode: full,
2026-09-13 13:46:12 - fusion_type: scalar,
2026-09-13 13:46:12 - work_dir: results/retrain_ege_wave_v1_v1_20260912/,
2026-09-13 13:46:12 - epochs: 300,
2026-09-13 13:46:12 - val_interval: 10,
2026-09-13 13:46:12 - save_interval: 10,
2026-09-13 13:46:12 - num_workers: 4,
2026-09-13 13:46:12 - batch_size: 64,
2026-09-13 13:46:12 - gradient_accumulation_steps: 1,
2026-09-13 13:46:12 - seed: 42,
2026-09-13 13:46:13 - train: epoch 1, iter:0, loss: 5.6018, lr: 0.001
2026-09-13 13:46:17 - train: epoch 1, iter:20, loss: 3.1312, lr: 0.001
2026-09-13 13:46:32 - val epoch: 1, loss: 1.8576
2026-09-13 13:46:32 - wave mode=full, epoch 1, alpha: 0.0998
2026-09-13 13:46:34 - train: epoch 2, iter:0, loss: 1.9189, lr: 0.0009999728588359286
2026-09-13 13:46:38 - train: epoch 2, iter:20, loss: 1.7276, lr: 0.0009999728588359286
2026-09-13 13:46:53 - val epoch: 2, loss: 1.4558
2026-09-13 13:46:53 - wave mode=full, epoch 2, alpha: 0.0999
2026-09-13 13:46:54 - train: epoch 3, iter:0, loss: 1.8411, lr: 0.0009998914383200486
2026-09-13 13:46:58 - train: epoch 3, iter:20, loss: 1.4286, lr: 0.0009998914383200486
2026-09-13 13:47:13 - val epoch: 3, loss: 1.3453
2026-09-13 13:47:13 - wave mode=full, epoch 3, alpha: 0.1001
2026-09-13 13:47:15 - train: epoch 4, iter:0, loss: 1.5920, lr: 0.0009997557473810372
2026-09-13 13:47:18 - train: epoch 4, iter:20, loss: 1.3168, lr: 0.0009997557473810372
2026-09-13 13:47:33 - val epoch: 4, loss: 1.3370
2026-09-13 13:47:33 - wave mode=full, epoch 4, alpha: 0.1003
2026-09-13 13:47:35 - train: epoch 5, iter:0, loss: 1.0341, lr: 0.000999565800898935
2026-09-13 13:47:39 - train: epoch 5, iter:20, loss: 1.2171, lr: 0.000999565800898935
2026-09-13 13:47:54 - val epoch: 5, loss: 1.3069
2026-09-13 13:47:54 - wave mode=full, epoch 5, alpha: 0.1005
2026-09-13 13:47:55 - train: epoch 6, iter:0, loss: 1.1296, lr: 0.0009993216197035143
2026-09-13 13:47:59 - train: epoch 6, iter:20, loss: 1.2256, lr: 0.0009993216197035143
2026-09-13 13:48:14 - val epoch: 6, loss: 1.1721
2026-09-13 13:48:14 - wave mode=full, epoch 6, alpha: 0.1006
2026-09-13 13:48:16 - train: epoch 7, iter:0, loss: 0.9869, lr: 0.0009990232305719946
2026-09-13 13:48:19 - train: epoch 7, iter:20, loss: 1.1313, lr: 0.0009990232305719946
2026-09-13 13:48:34 - val epoch: 7, loss: 1.1786
2026-09-13 13:48:34 - wave mode=full, epoch 7, alpha: 0.1009
2026-09-13 13:48:36 - train: epoch 8, iter:0, loss: 1.3494, lr: 0.0009986706662261067
2026-09-13 13:48:39 - train: epoch 8, iter:20, loss: 1.0973, lr: 0.0009986706662261067
2026-09-13 13:48:55 - val epoch: 8, loss: 1.2065
2026-09-13 13:48:55 - wave mode=full, epoch 8, alpha: 0.1010
2026-09-13 13:48:56 - train: epoch 9, iter:0, loss: 0.9333, lr: 0.0009982639653285047
2026-09-13 13:49:00 - train: epoch 9, iter:20, loss: 1.0094, lr: 0.0009982639653285047
2026-09-13 13:49:16 - val epoch: 9, loss: 1.0987
2026-09-13 13:49:16 - wave mode=full, epoch 9, alpha: 0.1013
2026-09-13 13:49:17 - train: epoch 10, iter:0, loss: 1.0903, lr: 0.0009978031724785245
2026-09-13 13:49:20 - train: epoch 10, iter:20, loss: 0.9963, lr: 0.0009978031724785245
2026-09-13 13:49:39 - val epoch: 10, loss: 1.0497, miou: 0.7589710557165894, f1_or_dsc: 0.862971625655763, accuracy: 0.934451679191967,                 specificity: 0.9622820993384577, sensitivity: 0.8479490156049172, confusion_matrix: [[38552386  1511111]
 [ 1959875 10929716]]
2026-09-13 13:49:39 - wave mode=full, epoch 10, alpha: 0.1017
2026-09-13 13:49:40 - train: epoch 11, iter:0, loss: 1.0257, lr: 0.0009972883382072953
2026-09-13 13:49:44 - train: epoch 11, iter:20, loss: 0.9732, lr: 0.0009972883382072953
2026-09-13 13:49:59 - val epoch: 11, loss: 1.0575
2026-09-13 13:49:59 - wave mode=full, epoch 11, alpha: 0.1021
2026-09-13 13:50:01 - train: epoch 12, iter:0, loss: 0.7876, lr: 0.0009967195189721962
2026-09-13 13:50:05 - train: epoch 12, iter:20, loss: 1.0195, lr: 0.0009967195189721962
2026-09-13 13:50:20 - val epoch: 12, loss: 1.0597
2026-09-13 13:50:20 - wave mode=full, epoch 12, alpha: 0.1025
2026-09-13 13:50:22 - train: epoch 13, iter:0, loss: 0.9869, lr: 0.0009960967771506667
2026-09-13 13:50:26 - train: epoch 13, iter:20, loss: 0.9838, lr: 0.0009960967771506667
2026-09-13 13:50:42 - val epoch: 13, loss: 1.1708
2026-09-13 13:50:42 - wave mode=full, epoch 13, alpha: 0.1026
2026-09-13 13:50:43 - train: epoch 14, iter:0, loss: 0.9750, lr: 0.0009954201810333646
2026-09-13 13:50:47 - train: epoch 14, iter:20, loss: 0.9655, lr: 0.0009954201810333646
2026-09-13 13:51:03 - val epoch: 14, loss: 1.0257
2026-09-13 13:51:03 - wave mode=full, epoch 14, alpha: 0.1029
2026-09-13 13:51:04 - train: epoch 15, iter:0, loss: 1.0209, lr: 0.0009946898048166792
2026-09-13 13:51:07 - train: epoch 15, iter:20, loss: 0.9415, lr: 0.0009946898048166792
2026-09-13 13:51:23 - val epoch: 15, loss: 1.0373
2026-09-13 13:51:23 - wave mode=full, epoch 15, alpha: 0.1034
2026-09-13 13:51:25 - train: epoch 16, iter:0, loss: 1.0261, lr: 0.000993905728594593
2026-09-13 13:51:28 - train: epoch 16, iter:20, loss: 0.9272, lr: 0.000993905728594593
2026-09-13 13:51:43 - val epoch: 16, loss: 1.0066
2026-09-13 13:51:43 - wave mode=full, epoch 16, alpha: 0.1039
2026-09-13 13:51:45 - train: epoch 17, iter:0, loss: 1.0120, lr: 0.0009930680383498998
2026-09-13 13:51:49 - train: epoch 17, iter:20, loss: 0.8914, lr: 0.0009930680383498998
2026-09-13 13:52:04 - val epoch: 17, loss: 1.0073
2026-09-13 13:52:04 - wave mode=full, epoch 17, alpha: 0.1045
2026-09-13 13:52:05 - train: epoch 18, iter:0, loss: 0.9050, lr: 0.0009921768259447744
2026-09-13 13:52:09 - train: epoch 18, iter:20, loss: 0.8881, lr: 0.0009921768259447744
2026-09-13 13:52:24 - val epoch: 18, loss: 1.0064
2026-09-13 13:52:24 - wave mode=full, epoch 18, alpha: 0.1048
2026-09-13 13:52:25 - train: epoch 19, iter:0, loss: 0.9794, lr: 0.0009912321891107007
2026-09-13 13:52:29 - train: epoch 19, iter:20, loss: 0.8847, lr: 0.0009912321891107007
2026-09-13 13:52:44 - val epoch: 19, loss: 1.0545
2026-09-13 13:52:44 - wave mode=full, epoch 19, alpha: 0.1050
2026-09-13 13:52:46 - train: epoch 20, iter:0, loss: 0.9718, lr: 0.0009902342314377522
2026-09-13 13:52:49 - train: epoch 20, iter:20, loss: 0.8531, lr: 0.0009902342314377522
2026-09-13 13:53:07 - val epoch: 20, loss: 0.9555, miou: 0.7654156673231641, f1_or_dsc: 0.8671223230773024, accuracy: 0.9351810228706586,                 specificity: 0.9565165766732744, sensitivity: 0.868865738253448, confusion_matrix: [[38321399  1742098]
 [ 1690267 11199324]]
2026-09-13 13:53:07 - wave mode=full, epoch 20, alpha: 0.1052
2026-09-13 13:53:09 - train: epoch 21, iter:0, loss: 0.8746, lr: 0.0009891830623632338
2026-09-13 13:53:12 - train: epoch 21, iter:20, loss: 0.8302, lr: 0.0009891830623632338
2026-09-13 13:53:27 - val epoch: 21, loss: 0.9832
2026-09-13 13:53:27 - wave mode=full, epoch 21, alpha: 0.1054
2026-09-13 13:53:29 - train: epoch 22, iter:0, loss: 0.9156, lr: 0.00098807879715968
2026-09-13 13:53:32 - train: epoch 22, iter:20, loss: 0.8263, lr: 0.00098807879715968
2026-09-13 13:53:47 - val epoch: 22, loss: 0.9492
2026-09-13 13:53:47 - wave mode=full, epoch 22, alpha: 0.1055
2026-09-13 13:53:48 - train: epoch 23, iter:0, loss: 0.7026, lr: 0.0009869215569222143
2026-09-13 13:53:52 - train: epoch 23, iter:20, loss: 0.8679, lr: 0.0009869215569222143
2026-09-13 13:54:07 - val epoch: 23, loss: 0.9640
2026-09-13 13:54:07 - wave mode=full, epoch 23, alpha: 0.1062
2026-09-13 13:54:08 - train: epoch 24, iter:0, loss: 0.7400, lr: 0.0009857114685552697
2026-09-13 13:54:12 - train: epoch 24, iter:20, loss: 0.8578, lr: 0.0009857114685552697
2026-09-13 13:54:27 - val epoch: 24, loss: 1.0095
2026-09-13 13:54:27 - wave mode=full, epoch 24, alpha: 0.1064
2026-09-13 13:54:28 - train: epoch 25, iter:0, loss: 0.7290, lr: 0.0009844486647586721
2026-09-13 13:54:32 - train: epoch 25, iter:20, loss: 0.8008, lr: 0.0009844486647586721
2026-09-13 13:54:47 - val epoch: 25, loss: 0.8943
2026-09-13 13:54:47 - wave mode=full, epoch 25, alpha: 0.1066
2026-09-13 13:54:48 - train: epoch 26, iter:0, loss: 0.7528, lr: 0.0009831332840130884
2026-09-13 13:54:51 - train: epoch 26, iter:20, loss: 0.8093, lr: 0.0009831332840130884
2026-09-13 13:55:06 - val epoch: 26, loss: 0.9995
2026-09-13 13:55:06 - wave mode=full, epoch 26, alpha: 0.1068
2026-09-13 13:55:08 - train: epoch 27, iter:0, loss: 0.7711, lr: 0.0009817654705648405
2026-09-13 13:55:11 - train: epoch 27, iter:20, loss: 0.7831, lr: 0.0009817654705648405
2026-09-13 13:55:26 - val epoch: 27, loss: 0.9781
2026-09-13 13:55:26 - wave mode=full, epoch 27, alpha: 0.1070
2026-09-13 13:55:27 - train: epoch 28, iter:0, loss: 0.7184, lr: 0.0009803453744100864
2026-09-13 13:55:31 - train: epoch 28, iter:20, loss: 0.7784, lr: 0.0009803453744100864
2026-09-13 13:55:46 - val epoch: 28, loss: 1.0488
2026-09-13 13:55:46 - wave mode=full, epoch 28, alpha: 0.1073
2026-09-13 13:55:48 - train: epoch 29, iter:0, loss: 1.0823, lr: 0.0009788731512783728
2026-09-13 13:55:51 - train: epoch 29, iter:20, loss: 0.8834, lr: 0.0009788731512783728
2026-09-13 13:56:06 - val epoch: 29, loss: 1.1355
2026-09-13 13:56:06 - wave mode=full, epoch 29, alpha: 0.1074
2026-09-13 13:56:08 - train: epoch 30, iter:0, loss: 0.9063, lr: 0.0009773489626155566
2026-09-13 13:56:11 - train: epoch 30, iter:20, loss: 0.7783, lr: 0.0009773489626155566
2026-09-13 13:56:29 - val epoch: 30, loss: 1.1865, miou: 0.7079364466937211, f1_or_dsc: 0.8289962405383028, accuracy: 0.9262367097458036,                 specificity: 0.9879144349281342, sensitivity: 0.7345296681640248, confusion_matrix: [[39579307   484190]
 [ 3421804  9467787]]
2026-09-13 13:56:29 - wave mode=full, epoch 30, alpha: 0.1079
2026-09-13 13:56:31 - train: epoch 31, iter:0, loss: 0.8097, lr: 0.0009757729755661006
2026-09-13 13:56:34 - train: epoch 31, iter:20, loss: 0.7776, lr: 0.0009757729755661006
2026-09-13 13:56:49 - val epoch: 31, loss: 0.9634
2026-09-13 13:56:49 - wave mode=full, epoch 31, alpha: 0.1082
2026-09-13 13:56:50 - train: epoch 32, iter:0, loss: 0.7162, lr: 0.0009741453629547445
2026-09-13 13:56:54 - train: epoch 32, iter:20, loss: 0.7578, lr: 0.0009741453629547445
2026-09-13 13:57:09 - val epoch: 32, loss: 0.8936
2026-09-13 13:57:09 - wave mode=full, epoch 32, alpha: 0.1083
2026-09-13 13:57:11 - train: epoch 33, iter:0, loss: 0.6779, lr: 0.0009724663032675527
2026-09-13 13:57:14 - train: epoch 33, iter:20, loss: 0.7575, lr: 0.0009724663032675527
2026-09-13 13:57:30 - val epoch: 33, loss: 0.9437
2026-09-13 13:57:30 - wave mode=full, epoch 33, alpha: 0.1088
2026-09-13 13:57:31 - train: epoch 34, iter:0, loss: 0.5719, lr: 0.0009707359806323412
2026-09-13 13:57:34 - train: epoch 34, iter:20, loss: 0.7473, lr: 0.0009707359806323412
2026-09-13 13:57:50 - val epoch: 34, loss: 0.9063
2026-09-13 13:57:50 - wave mode=full, epoch 34, alpha: 0.1089
2026-09-13 13:57:52 - train: epoch 35, iter:0, loss: 0.5968, lr: 0.0009689545847984858
2026-09-13 13:57:55 - train: epoch 35, iter:20, loss: 0.7485, lr: 0.0009689545847984858
2026-09-13 13:58:10 - val epoch: 35, loss: 0.9983
2026-09-13 13:58:10 - wave mode=full, epoch 35, alpha: 0.1091
2026-09-13 13:58:12 - train: epoch 36, iter:0, loss: 0.9456, lr: 0.0009671223111161144
2026-09-13 13:58:15 - train: epoch 36, iter:20, loss: 0.7387, lr: 0.0009671223111161144
2026-09-13 13:58:30 - val epoch: 36, loss: 0.8961
2026-09-13 13:58:30 - wave mode=full, epoch 36, alpha: 0.1093
2026-09-13 13:58:32 - train: epoch 37, iter:0, loss: 0.8793, lr: 0.000965239360514684
2026-09-13 13:58:36 - train: epoch 37, iter:20, loss: 0.7288, lr: 0.000965239360514684
2026-09-13 13:58:51 - val epoch: 37, loss: 1.0815
2026-09-13 13:58:51 - wave mode=full, epoch 37, alpha: 0.1095
2026-09-13 13:58:52 - train: epoch 38, iter:0, loss: 0.8692, lr: 0.000963305939480947
2026-09-13 13:58:56 - train: epoch 38, iter:20, loss: 0.7783, lr: 0.000963305939480947
2026-09-13 13:59:11 - val epoch: 38, loss: 0.9087
2026-09-13 13:59:11 - wave mode=full, epoch 38, alpha: 0.1094
2026-09-13 13:59:12 - train: epoch 39, iter:0, loss: 0.6476, lr: 0.0009613222600363074
2026-09-13 13:59:16 - train: epoch 39, iter:20, loss: 0.7396, lr: 0.0009613222600363074
2026-09-13 13:59:31 - val epoch: 39, loss: 1.0462
2026-09-13 13:59:31 - wave mode=full, epoch 39, alpha: 0.1098
2026-09-13 13:59:33 - train: epoch 40, iter:0, loss: 0.7863, lr: 0.0009592885397135703
2026-09-13 13:59:36 - train: epoch 40, iter:20, loss: 0.7218, lr: 0.0009592885397135703
2026-09-13 13:59:54 - val epoch: 40, loss: 1.0617, miou: 0.741327340473525, f1_or_dsc: 0.8514508711175848, accuracy: 0.9327574814900313,                 specificity: 0.9781427217898627, sensitivity: 0.7916908302210676, confusion_matrix: [[39187818   875679]
 [ 2685020 10204571]]
2026-09-13 13:59:54 - wave mode=full, epoch 40, alpha: 0.1101
2026-09-13 13:59:55 - train: epoch 41, iter:0, loss: 1.1211, lr: 0.0009572050015330871
2026-09-13 13:59:59 - train: epoch 41, iter:20, loss: 0.7414, lr: 0.0009572050015330871
2026-09-13 14:00:14 - val epoch: 41, loss: 0.9308
2026-09-13 14:00:14 - wave mode=full, epoch 41, alpha: 0.1102
2026-09-13 14:00:16 - train: epoch 42, iter:0, loss: 0.5766, lr: 0.0009550718739782986
2026-09-13 14:00:19 - train: epoch 42, iter:20, loss: 0.7225, lr: 0.0009550718739782986
2026-09-13 14:00:34 - val epoch: 42, loss: 0.9609
2026-09-13 14:00:34 - wave mode=full, epoch 42, alpha: 0.1105
2026-09-13 14:00:36 - train: epoch 43, iter:0, loss: 0.6538, lr: 0.0009528893909706794
2026-09-13 14:00:39 - train: epoch 43, iter:20, loss: 0.7044, lr: 0.0009528893909706794
2026-09-13 14:00:55 - val epoch: 43, loss: 0.8951
2026-09-13 14:00:55 - wave mode=full, epoch 43, alpha: 0.1106
2026-09-13 14:00:56 - train: epoch 44, iter:0, loss: 0.7165, lr: 0.0009506577918440856
2026-09-13 14:00:59 - train: epoch 44, iter:20, loss: 0.6826, lr: 0.0009506577918440856
2026-09-13 14:01:15 - val epoch: 44, loss: 0.9354
2026-09-13 14:01:15 - wave mode=full, epoch 44, alpha: 0.1105
2026-09-13 14:01:16 - train: epoch 45, iter:0, loss: 0.7222, lr: 0.000948377321318509
2026-09-13 14:01:20 - train: epoch 45, iter:20, loss: 0.7144, lr: 0.000948377321318509
2026-09-13 14:01:35 - val epoch: 45, loss: 0.9254
2026-09-13 14:01:35 - wave mode=full, epoch 45, alpha: 0.1109
2026-09-13 14:01:36 - train: epoch 46, iter:0, loss: 0.7316, lr: 0.0009460482294732416
2026-09-13 14:01:40 - train: epoch 46, iter:20, loss: 0.6878, lr: 0.0009460482294732416
2026-09-13 14:01:55 - val epoch: 46, loss: 0.9132
2026-09-13 14:01:55 - wave mode=full, epoch 46, alpha: 0.1112
2026-09-13 14:01:57 - train: epoch 47, iter:0, loss: 0.5987, lr: 0.0009436707717194508
2026-09-13 14:02:00 - train: epoch 47, iter:20, loss: 0.6789, lr: 0.0009436707717194508
2026-09-13 14:02:15 - val epoch: 47, loss: 0.8447
2026-09-13 14:02:15 - wave mode=full, epoch 47, alpha: 0.1112
2026-09-13 14:02:17 - train: epoch 48, iter:0, loss: 0.6293, lr: 0.0009412452087721706
2026-09-13 14:02:20 - train: epoch 48, iter:20, loss: 0.7253, lr: 0.0009412452087721706
2026-09-13 14:02:35 - val epoch: 48, loss: 1.0643
2026-09-13 14:02:35 - wave mode=full, epoch 48, alpha: 0.1115
2026-09-13 14:02:37 - train: epoch 49, iter:0, loss: 0.9070, lr: 0.000938771806621712
2026-09-13 14:02:40 - train: epoch 49, iter:20, loss: 0.7046, lr: 0.000938771806621712
2026-09-13 14:02:56 - val epoch: 49, loss: 0.8353
2026-09-13 14:02:56 - wave mode=full, epoch 49, alpha: 0.1117
2026-09-13 14:02:57 - train: epoch 50, iter:0, loss: 0.5715, lr: 0.0009362508365044934
2026-09-13 14:03:01 - train: epoch 50, iter:20, loss: 0.6978, lr: 0.0009362508365044934
2026-09-13 14:03:19 - val epoch: 50, loss: 0.9741, miou: 0.765561542755271, f1_or_dsc: 0.8672159244707648, accuracy: 0.9394424551784402,                 specificity: 0.9803146490182821, sensitivity: 0.8124032795144547, confusion_matrix: [[39274833   788664]
 [ 2418045 10471546]]
2026-09-13 14:03:19 - wave mode=full, epoch 50, alpha: 0.1116
2026-09-13 14:03:20 - train: epoch 51, iter:0, loss: 0.5572, lr: 0.0009336825748732968
2026-09-13 14:03:24 - train: epoch 51, iter:20, loss: 0.6714, lr: 0.0009336825748732968
2026-09-13 14:03:39 - val epoch: 51, loss: 0.8533
2026-09-13 14:03:39 - wave mode=full, epoch 51, alpha: 0.1119
2026-09-13 14:03:41 - train: epoch 52, iter:0, loss: 0.6257, lr: 0.0009310673033669517
2026-09-13 14:03:44 - train: epoch 52, iter:20, loss: 0.6875, lr: 0.0009310673033669517
2026-09-13 14:03:59 - val epoch: 52, loss: 0.8489
2026-09-13 14:03:59 - wave mode=full, epoch 52, alpha: 0.1123
2026-09-13 14:04:01 - train: epoch 53, iter:0, loss: 0.7828, lr: 0.0009284053087794505
2026-09-13 14:04:04 - train: epoch 53, iter:20, loss: 0.6632, lr: 0.0009284053087794505
2026-09-13 14:04:19 - val epoch: 53, loss: 0.8671
2026-09-13 14:04:19 - wave mode=full, epoch 53, alpha: 0.1127
2026-09-13 14:04:21 - train: epoch 54, iter:0, loss: 0.7784, lr: 0.0009256968830284974
2026-09-13 14:04:24 - train: epoch 54, iter:20, loss: 0.6885, lr: 0.0009256968830284974
2026-09-13 14:04:40 - val epoch: 54, loss: 0.8600
2026-09-13 14:04:40 - wave mode=full, epoch 54, alpha: 0.1127
2026-09-13 14:04:41 - train: epoch 55, iter:0, loss: 0.5396, lr: 0.0009229423231234972
2026-09-13 14:04:45 - train: epoch 55, iter:20, loss: 0.6534, lr: 0.0009229423231234972
2026-09-13 14:05:00 - val epoch: 55, loss: 0.8588
2026-09-13 14:05:00 - wave mode=full, epoch 55, alpha: 0.1130
2026-09-13 14:05:02 - train: epoch 56, iter:0, loss: 0.6580, lr: 0.0009201419311329846
2026-09-13 14:05:05 - train: epoch 56, iter:20, loss: 0.6479, lr: 0.0009201419311329846
2026-09-13 14:05:21 - val epoch: 56, loss: 0.8994
2026-09-13 14:05:21 - wave mode=full, epoch 56, alpha: 0.1130
2026-09-13 14:05:22 - train: epoch 57, iter:0, loss: 0.8970, lr: 0.0009172960141514989
2026-09-13 14:05:25 - train: epoch 57, iter:20, loss: 0.6854, lr: 0.0009172960141514989
2026-09-13 14:05:41 - val epoch: 57, loss: 0.8518
2026-09-13 14:05:41 - wave mode=full, epoch 57, alpha: 0.1132
2026-09-13 14:05:42 - train: epoch 58, iter:0, loss: 0.6100, lr: 0.0009144048842659077
2026-09-13 14:05:46 - train: epoch 58, iter:20, loss: 0.6709, lr: 0.0009144048842659077
2026-09-13 14:06:01 - val epoch: 58, loss: 0.9081
2026-09-13 14:06:01 - wave mode=full, epoch 58, alpha: 0.1134
2026-09-13 14:06:02 - train: epoch 59, iter:0, loss: 0.6349, lr: 0.0009114688585211832
2026-09-13 14:06:06 - train: epoch 59, iter:20, loss: 0.6622, lr: 0.0009114688585211832
2026-09-13 14:06:21 - val epoch: 59, loss: 0.8466
2026-09-13 14:06:21 - wave mode=full, epoch 59, alpha: 0.1134
2026-09-13 14:06:23 - train: epoch 60, iter:0, loss: 0.6005, lr: 0.0009084882588856339
2026-09-13 14:06:26 - train: epoch 60, iter:20, loss: 0.6515, lr: 0.0009084882588856339
2026-09-13 14:06:44 - val epoch: 60, loss: 0.8364, miou: 0.7863943657023946, f1_or_dsc: 0.8804263837824984, accuracy: 0.9414382972339592,                 specificity: 0.9593664027880542, sensitivity: 0.8857140618348558, confusion_matrix: [[38435573  1627924]
 [ 1473099 11416492]]
2026-09-13 14:06:44 - wave mode=full, epoch 60, alpha: 0.1137
2026-09-13 14:06:46 - train: epoch 61, iter:0, loss: 0.7329, lr: 0.0009054634122155986
2026-09-13 14:06:49 - train: epoch 61, iter:20, loss: 0.6369, lr: 0.0009054634122155986
2026-09-13 14:07:04 - val epoch: 61, loss: 0.9467
2026-09-13 14:07:04 - wave mode=full, epoch 61, alpha: 0.1143
2026-09-13 14:07:06 - train: epoch 62, iter:0, loss: 0.7810, lr: 0.0009023946502196013
2026-09-13 14:07:09 - train: epoch 62, iter:20, loss: 0.6576, lr: 0.0009023946502196013
2026-09-13 14:07:24 - val epoch: 62, loss: 0.9751
2026-09-13 14:07:24 - wave mode=full, epoch 62, alpha: 0.1140
2026-09-13 14:07:26 - train: epoch 63, iter:0, loss: 0.8674, lr: 0.0008992823094219767
2026-09-13 14:07:29 - train: epoch 63, iter:20, loss: 0.6756, lr: 0.0008992823094219767
2026-09-13 14:07:44 - val epoch: 63, loss: 0.8510
2026-09-13 14:07:44 - wave mode=full, epoch 63, alpha: 0.1141
2026-09-13 14:07:46 - train: epoch 64, iter:0, loss: 0.5408, lr: 0.0008961267311259662
2026-09-13 14:07:49 - train: epoch 64, iter:20, loss: 0.6475, lr: 0.0008961267311259662
2026-09-13 14:08:04 - val epoch: 64, loss: 0.8920
2026-09-13 14:08:04 - wave mode=full, epoch 64, alpha: 0.1143
2026-09-13 14:08:06 - train: epoch 65, iter:0, loss: 0.5180, lr: 0.0008929282613762903
2026-09-13 14:08:09 - train: epoch 65, iter:20, loss: 0.6576, lr: 0.0008929282613762903
2026-09-13 14:08:24 - val epoch: 65, loss: 0.8270
2026-09-13 14:08:24 - wave mode=full, epoch 65, alpha: 0.1144
2026-09-13 14:08:26 - train: epoch 66, iter:0, loss: 0.5009, lr: 0.0008896872509212002
2026-09-13 14:08:29 - train: epoch 66, iter:20, loss: 0.6492, lr: 0.0008896872509212002
2026-09-13 14:08:45 - val epoch: 66, loss: 0.8587
2026-09-13 14:08:45 - wave mode=full, epoch 66, alpha: 0.1146
2026-09-13 14:08:46 - train: epoch 67, iter:0, loss: 0.6386, lr: 0.0008864040551740152
2026-09-13 14:08:49 - train: epoch 67, iter:20, loss: 0.6064, lr: 0.0008864040551740152
2026-09-13 14:09:05 - val epoch: 67, loss: 1.0150
2026-09-13 14:09:05 - wave mode=full, epoch 67, alpha: 0.1150
2026-09-13 14:09:06 - train: epoch 68, iter:0, loss: 0.7016, lr: 0.0008830790341741476
2026-09-13 14:09:10 - train: epoch 68, iter:20, loss: 0.6309, lr: 0.0008830790341741476
2026-09-13 14:09:25 - val epoch: 68, loss: 0.9075
2026-09-13 14:09:25 - wave mode=full, epoch 68, alpha: 0.1152
2026-09-13 14:09:27 - train: epoch 69, iter:0, loss: 0.5776, lr: 0.000879712552547619
2026-09-13 14:09:30 - train: epoch 69, iter:20, loss: 0.6145, lr: 0.000879712552547619
2026-09-13 14:09:45 - val epoch: 69, loss: 0.8371
2026-09-13 14:09:45 - wave mode=full, epoch 69, alpha: 0.1153
2026-09-13 14:09:47 - train: epoch 70, iter:0, loss: 0.5103, lr: 0.0008763049794670771
2026-09-13 14:09:50 - train: epoch 70, iter:20, loss: 0.6205, lr: 0.0008763049794670771
2026-09-13 14:10:08 - val epoch: 70, loss: 0.8287, miou: 0.7889949238353479, f1_or_dsc: 0.8820538429967774, accuracy: 0.9425165157506962,                 specificity: 0.961654345850039, sensitivity: 0.8830322079265355, confusion_matrix: [[38527236  1536261]
 [ 1507667 11381924]]
2026-09-13 14:10:08 - wave mode=full, epoch 70, alpha: 0.1156
2026-09-13 14:10:09 - train: epoch 71, iter:0, loss: 0.7101, lr: 0.0008728566886113098
2026-09-13 14:10:13 - train: epoch 71, iter:20, loss: 0.6285, lr: 0.0008728566886113098
2026-09-13 14:10:28 - val epoch: 71, loss: 0.8176
2026-09-13 14:10:28 - wave mode=full, epoch 71, alpha: 0.1157
2026-09-13 14:10:29 - train: epoch 72, iter:0, loss: 0.6359, lr: 0.000869368058124268
2026-09-13 14:10:33 - train: epoch 72, iter:20, loss: 0.6176, lr: 0.000869368058124268
2026-09-13 14:10:48 - val epoch: 72, loss: 0.8593
2026-09-13 14:10:48 - wave mode=full, epoch 72, alpha: 0.1158
2026-09-13 14:10:50 - train: epoch 73, iter:0, loss: 0.5877, lr: 0.0008658394705735983
2026-09-13 14:10:53 - train: epoch 73, iter:20, loss: 0.6265, lr: 0.0008658394705735983
2026-09-13 14:11:09 - val epoch: 73, loss: 0.8216
2026-09-13 14:11:09 - wave mode=full, epoch 73, alpha: 0.1159
2026-09-13 14:11:10 - train: epoch 74, iter:0, loss: 0.4873, lr: 0.0008622713129086888
2026-09-13 14:11:14 - train: epoch 74, iter:20, loss: 0.6381, lr: 0.0008622713129086888
2026-09-13 14:11:29 - val epoch: 74, loss: 0.9205
2026-09-13 14:11:29 - wave mode=full, epoch 74, alpha: 0.1159
2026-09-13 14:11:31 - train: epoch 75, iter:0, loss: 0.7819, lr: 0.0008586639764182372
2026-09-13 14:11:34 - train: epoch 75, iter:20, loss: 0.6286, lr: 0.0008586639764182372
2026-09-13 14:11:50 - val epoch: 75, loss: 0.8634
2026-09-13 14:11:50 - wave mode=full, epoch 75, alpha: 0.1162
2026-09-13 14:11:51 - train: epoch 76, iter:0, loss: 0.8563, lr: 0.0008550178566873405
2026-09-13 14:11:55 - train: epoch 76, iter:20, loss: 0.6266, lr: 0.0008550178566873405
2026-09-13 14:12:10 - val epoch: 76, loss: 0.8223
2026-09-13 14:12:10 - wave mode=full, epoch 76, alpha: 0.1163
2026-09-13 14:12:11 - train: epoch 77, iter:0, loss: 0.6157, lr: 0.0008513333535541156
2026-09-13 14:12:15 - train: epoch 77, iter:20, loss: 0.6172, lr: 0.0008513333535541156
2026-09-13 14:12:30 - val epoch: 77, loss: 0.8099
2026-09-13 14:12:30 - wave mode=full, epoch 77, alpha: 0.1164
2026-09-13 14:12:31 - train: epoch 78, iter:0, loss: 0.6462, lr: 0.0008476108710658509
2026-09-13 14:12:35 - train: epoch 78, iter:20, loss: 0.6194, lr: 0.0008476108710658509
2026-09-13 14:12:50 - val epoch: 78, loss: 0.8455
2026-09-13 14:12:50 - wave mode=full, epoch 78, alpha: 0.1166
2026-09-13 14:12:51 - train: epoch 79, iter:0, loss: 0.5590, lr: 0.0008438508174347005
2026-09-13 14:12:55 - train: epoch 79, iter:20, loss: 0.6329, lr: 0.0008438508174347005
2026-09-13 14:13:10 - val epoch: 79, loss: 0.8525
2026-09-13 14:13:10 - wave mode=full, epoch 79, alpha: 0.1167
2026-09-13 14:13:11 - train: epoch 80, iter:0, loss: 0.6644, lr: 0.0008400536049929166
2026-09-13 14:13:15 - train: epoch 80, iter:20, loss: 0.6329, lr: 0.0008400536049929166
2026-09-13 14:13:33 - val epoch: 80, loss: 0.8449, miou: 0.7756251798336589, f1_or_dsc: 0.8736361577236922, accuracy: 0.9352487243048035,                 specificity: 0.940297473283473, sensitivity: 0.9195561752114555, confusion_matrix: [[37671605  2391892]
 [ 1036888 11852703]]
2026-09-13 14:13:33 - wave mode=full, epoch 80, alpha: 0.1166
2026-09-13 14:13:34 - train: epoch 81, iter:0, loss: 0.7179, lr: 0.0008362196501476343
2026-09-13 14:13:38 - train: epoch 81, iter:20, loss: 0.6002, lr: 0.0008362196501476343
2026-09-13 14:13:53 - val epoch: 81, loss: 0.8629
2026-09-13 14:13:53 - wave mode=full, epoch 81, alpha: 0.1170
2026-09-13 14:13:55 - train: epoch 82, iter:0, loss: 0.6620, lr: 0.0008323493733352072
2026-09-13 14:13:58 - train: epoch 82, iter:20, loss: 0.6037, lr: 0.0008323493733352072
2026-09-13 14:14:14 - val epoch: 82, loss: 0.8516
2026-09-13 14:14:14 - wave mode=full, epoch 82, alpha: 0.1170
2026-09-13 14:14:15 - train: epoch 83, iter:0, loss: 0.6142, lr: 0.0008284431989751018
2026-09-13 14:14:19 - train: epoch 83, iter:20, loss: 0.5817, lr: 0.0008284431989751018
2026-09-13 14:14:34 - val epoch: 83, loss: 0.8403
2026-09-13 14:14:34 - wave mode=full, epoch 83, alpha: 0.1171
2026-09-13 14:14:36 - train: epoch 84, iter:0, loss: 0.6337, lr: 0.000824501555423355
2026-09-13 14:14:39 - train: epoch 84, iter:20, loss: 0.6178, lr: 0.000824501555423355
2026-09-13 14:14:54 - val epoch: 84, loss: 0.8219
2026-09-13 14:14:54 - wave mode=full, epoch 84, alpha: 0.1172
2026-09-13 14:14:56 - train: epoch 85, iter:0, loss: 0.4887, lr: 0.0008205248749256009
2026-09-13 14:15:00 - train: epoch 85, iter:20, loss: 0.6242, lr: 0.0008205248749256009
2026-09-13 14:15:15 - val epoch: 85, loss: 0.9300
2026-09-13 14:15:15 - wave mode=full, epoch 85, alpha: 0.1176
2026-09-13 14:15:17 - train: epoch 86, iter:0, loss: 0.8977, lr: 0.000816513593569669
2026-09-13 14:15:20 - train: epoch 86, iter:20, loss: 0.6246, lr: 0.000816513593569669
2026-09-13 14:15:36 - val epoch: 86, loss: 0.8114
2026-09-13 14:15:36 - wave mode=full, epoch 86, alpha: 0.1175
2026-09-13 14:15:37 - train: epoch 87, iter:0, loss: 0.5514, lr: 0.0008124681512377632
2026-09-13 14:15:40 - train: epoch 87, iter:20, loss: 0.5864, lr: 0.0008124681512377632
2026-09-13 14:15:56 - val epoch: 87, loss: 0.8063
2026-09-13 14:15:56 - wave mode=full, epoch 87, alpha: 0.1177
2026-09-13 14:15:57 - train: epoch 88, iter:0, loss: 0.5157, lr: 0.000808388991558223
2026-09-13 14:16:00 - train: epoch 88, iter:20, loss: 0.6068, lr: 0.000808388991558223
2026-09-13 14:16:16 - val epoch: 88, loss: 0.8132
2026-09-13 14:16:16 - wave mode=full, epoch 88, alpha: 0.1181
2026-09-13 14:16:17 - train: epoch 89, iter:0, loss: 0.5753, lr: 0.0008042765618568752
2026-09-13 14:16:20 - train: epoch 89, iter:20, loss: 0.5995, lr: 0.0008042765618568752
2026-09-13 14:16:36 - val epoch: 89, loss: 0.7992
2026-09-13 14:16:36 - wave mode=full, epoch 89, alpha: 0.1180
2026-09-13 14:16:37 - train: epoch 90, iter:0, loss: 0.6416, lr: 0.0008001313131079794
2026-09-13 14:16:40 - train: epoch 90, iter:20, loss: 0.6168, lr: 0.0008001313131079794
2026-09-13 14:16:58 - val epoch: 90, loss: 0.8301, miou: 0.7879716665817259, f1_or_dsc: 0.8814140417428239, accuracy: 0.9432752816983969,                 specificity: 0.968122028888292, sensitivity: 0.8660464866573346, confusion_matrix: [[38786354  1277143]
 [ 1726606 11162985]]
2026-09-13 14:16:58 - wave mode=full, epoch 90, alpha: 0.1182
2026-09-13 14:17:00 - train: epoch 91, iter:0, loss: 0.5390, lr: 0.0007959536998847737
2026-09-13 14:17:03 - train: epoch 91, iter:20, loss: 0.6136, lr: 0.0007959536998847737
2026-09-13 14:17:18 - val epoch: 91, loss: 0.8226
2026-09-13 14:17:18 - wave mode=full, epoch 91, alpha: 0.1182
2026-09-13 14:17:20 - train: epoch 92, iter:0, loss: 0.6318, lr: 0.0007917441803096255
2026-09-13 14:17:23 - train: epoch 92, iter:20, loss: 0.6021, lr: 0.0007917441803096255
2026-09-13 14:17:39 - val epoch: 92, loss: 0.9593
2026-09-13 14:17:39 - wave mode=full, epoch 92, alpha: 0.1186
2026-09-13 14:17:40 - train: epoch 93, iter:0, loss: 0.7061, lr: 0.0007875032160037932
2026-09-13 14:17:44 - train: epoch 93, iter:20, loss: 0.6140, lr: 0.0007875032160037932
2026-09-13 14:17:59 - val epoch: 93, loss: 0.8332
2026-09-13 14:17:59 - wave mode=full, epoch 93, alpha: 0.1189
2026-09-13 14:18:00 - train: epoch 94, iter:0, loss: 0.6441, lr: 0.0007832312720368042
2026-09-13 14:18:04 - train: epoch 94, iter:20, loss: 0.5859, lr: 0.0007832312720368042
2026-09-13 14:18:19 - val epoch: 94, loss: 0.8243
2026-09-13 14:18:19 - wave mode=full, epoch 94, alpha: 0.1190
2026-09-13 14:18:20 - train: epoch 95, iter:0, loss: 0.6637, lr: 0.0007789288168754548
2026-09-13 14:18:24 - train: epoch 95, iter:20, loss: 0.5969, lr: 0.0007789288168754548
2026-09-13 14:18:39 - val epoch: 95, loss: 0.8744
2026-09-13 14:18:39 - wave mode=full, epoch 95, alpha: 0.1192
2026-09-13 14:18:40 - train: epoch 96, iter:0, loss: 0.5083, lr: 0.0007745963223324379
2026-09-13 14:18:44 - train: epoch 96, iter:20, loss: 0.6116, lr: 0.0007745963223324379
2026-09-13 14:18:59 - val epoch: 96, loss: 0.7980
2026-09-13 14:18:59 - wave mode=full, epoch 96, alpha: 0.1191
2026-09-13 14:19:01 - train: epoch 97, iter:0, loss: 0.5858, lr: 0.0007702342635146028
2026-09-13 14:19:04 - train: epoch 97, iter:20, loss: 0.6010, lr: 0.0007702342635146028
2026-09-13 14:19:19 - val epoch: 97, loss: 0.8072
2026-09-13 14:19:19 - wave mode=full, epoch 97, alpha: 0.1194
2026-09-13 14:19:21 - train: epoch 98, iter:0, loss: 0.5877, lr: 0.000765843118770855
2026-09-13 14:19:24 - train: epoch 98, iter:20, loss: 0.5809, lr: 0.000765843118770855
2026-09-13 14:19:39 - val epoch: 98, loss: 0.7941
2026-09-13 14:19:39 - wave mode=full, epoch 98, alpha: 0.1195
2026-09-13 14:19:41 - train: epoch 99, iter:0, loss: 0.6393, lr: 0.0007614233696396991
2026-09-13 14:19:44 - train: epoch 99, iter:20, loss: 0.5831, lr: 0.0007614233696396991
2026-09-13 14:19:59 - val epoch: 99, loss: 0.8068
2026-09-13 14:19:59 - wave mode=full, epoch 99, alpha: 0.1196
2026-09-13 14:20:00 - train: epoch 100, iter:0, loss: 0.5071, lr: 0.0007569755007964334
2026-09-13 14:20:04 - train: epoch 100, iter:20, loss: 0.5673, lr: 0.0007569755007964334
2026-09-13 14:20:21 - val epoch: 100, loss: 0.8378, miou: 0.7871251953145239, f1_or_dsc: 0.8808842238677008, accuracy: 0.9437454148094253,                 specificity: 0.9724471381017987, sensitivity: 0.8545345620353664, confusion_matrix: [[38959633  1103864]
 [ 1874990 11014601]]
2026-09-13 14:20:21 - wave mode=full, epoch 100, alpha: 0.1196
2026-09-13 14:20:23 - train: epoch 101, iter:0, loss: 0.5384, lr: 0.0007524999999999996
2026-09-13 14:20:26 - train: epoch 101, iter:20, loss: 0.5845, lr: 0.0007524999999999996
2026-09-13 14:20:42 - val epoch: 101, loss: 0.8268
2026-09-13 14:20:42 - wave mode=full, epoch 101, alpha: 0.1199
2026-09-13 14:20:43 - train: epoch 102, iter:0, loss: 0.5728, lr: 0.0007479973580394943
2026-09-13 14:20:47 - train: epoch 102, iter:20, loss: 0.5963, lr: 0.0007479973580394943
2026-09-13 14:21:02 - val epoch: 102, loss: 0.8285
2026-09-13 14:21:02 - wave mode=full, epoch 102, alpha: 0.1200
2026-09-13 14:21:03 - train: epoch 103, iter:0, loss: 0.5774, lr: 0.0007434680686803487
2026-09-13 14:21:07 - train: epoch 103, iter:20, loss: 0.5857, lr: 0.0007434680686803487
2026-09-13 14:21:22 - val epoch: 103, loss: 0.8087
2026-09-13 14:21:22 - wave mode=full, epoch 103, alpha: 0.1201
2026-09-13 14:21:23 - train: epoch 104, iter:0, loss: 0.4911, lr: 0.0007389126286101815
2026-09-13 14:21:27 - train: epoch 104, iter:20, loss: 0.5828, lr: 0.0007389126286101815
2026-09-13 14:21:42 - val epoch: 104, loss: 0.8187
2026-09-13 14:21:42 - wave mode=full, epoch 104, alpha: 0.1204
2026-09-13 14:21:43 - train: epoch 105, iter:0, loss: 0.6295, lr: 0.0007343315373843313
2026-09-13 14:21:47 - train: epoch 105, iter:20, loss: 0.6061, lr: 0.0007343315373843313
2026-09-13 14:22:02 - val epoch: 105, loss: 0.8497
2026-09-13 14:22:02 - wave mode=full, epoch 105, alpha: 0.1206
2026-09-13 14:22:04 - train: epoch 106, iter:0, loss: 0.4506, lr: 0.0007297252973710753
2026-09-13 14:22:07 - train: epoch 106, iter:20, loss: 0.5875, lr: 0.0007297252973710753
2026-09-13 14:22:22 - val epoch: 106, loss: 0.8506
2026-09-13 14:22:22 - wave mode=full, epoch 106, alpha: 0.1205
2026-09-13 14:22:24 - train: epoch 107, iter:0, loss: 0.6482, lr: 0.0007250944136965387
2026-09-13 14:22:27 - train: epoch 107, iter:20, loss: 0.5729, lr: 0.0007250944136965387
2026-09-13 14:22:43 - val epoch: 107, loss: 0.8165
2026-09-13 14:22:43 - wave mode=full, epoch 107, alpha: 0.1207
2026-09-13 14:22:44 - train: epoch 108, iter:0, loss: 0.5361, lr: 0.0007204393941893019
2026-09-13 14:22:48 - train: epoch 108, iter:20, loss: 0.5567, lr: 0.0007204393941893019
2026-09-13 14:23:03 - val epoch: 108, loss: 0.8320
2026-09-13 14:23:03 - wave mode=full, epoch 108, alpha: 0.1209
2026-09-13 14:23:04 - train: epoch 109, iter:0, loss: 0.5602, lr: 0.0007157607493247106
2026-09-13 14:23:07 - train: epoch 109, iter:20, loss: 0.5949, lr: 0.0007157607493247106
2026-09-13 14:23:23 - val epoch: 109, loss: 0.8316
2026-09-13 14:23:23 - wave mode=full, epoch 109, alpha: 0.1209
2026-09-13 14:23:24 - train: epoch 110, iter:0, loss: 0.6157, lr: 0.0007110589921688983
2026-09-13 14:23:28 - train: epoch 110, iter:20, loss: 0.6110, lr: 0.0007110589921688983
2026-09-13 14:23:46 - val epoch: 110, loss: 0.7846, miou: 0.7990966244930167, f1_or_dsc: 0.8883309696811879, accuracy: 0.9462023631180867,                 specificity: 0.967798217913928, sensitivity: 0.8790780095349806, confusion_matrix: [[38773381  1290116]
 [ 1558635 11330956]]
2026-09-13 14:23:46 - wave mode=full, epoch 110, alpha: 0.1210
2026-09-13 14:23:47 - train: epoch 111, iter:0, loss: 0.5255, lr: 0.0007063346383225208
2026-09-13 14:23:50 - train: epoch 111, iter:20, loss: 0.5777, lr: 0.0007063346383225208
2026-09-13 14:24:05 - val epoch: 111, loss: 0.7914
2026-09-13 14:24:05 - wave mode=full, epoch 111, alpha: 0.1212
2026-09-13 14:24:07 - train: epoch 112, iter:0, loss: 0.5500, lr: 0.0007015882058642161
2026-09-13 14:24:10 - train: epoch 112, iter:20, loss: 0.5664, lr: 0.0007015882058642161
2026-09-13 14:24:26 - val epoch: 112, loss: 0.8526
2026-09-13 14:24:26 - wave mode=full, epoch 112, alpha: 0.1212
2026-09-13 14:24:27 - train: epoch 113, iter:0, loss: 0.5300, lr: 0.0006968202152937907
2026-09-13 14:24:30 - train: epoch 113, iter:20, loss: 0.6001, lr: 0.0006968202152937907
2026-09-13 14:24:46 - val epoch: 113, loss: 0.8163
2026-09-13 14:24:46 - wave mode=full, epoch 113, alpha: 0.1215
2026-09-13 14:24:47 - train: epoch 114, iter:0, loss: 0.6379, lr: 0.000692031189475141
2026-09-13 14:24:50 - train: epoch 114, iter:20, loss: 0.5593, lr: 0.000692031189475141
2026-09-13 14:25:06 - val epoch: 114, loss: 0.8579
2026-09-13 14:25:06 - wave mode=full, epoch 114, alpha: 0.1216
2026-09-13 14:25:08 - train: epoch 115, iter:0, loss: 0.8014, lr: 0.0006872216535789155
2026-09-13 14:25:11 - train: epoch 115, iter:20, loss: 0.5627, lr: 0.0006872216535789155
2026-09-13 14:25:26 - val epoch: 115, loss: 0.8542
2026-09-13 14:25:26 - wave mode=full, epoch 115, alpha: 0.1216
2026-09-13 14:25:28 - train: epoch 116, iter:0, loss: 0.5909, lr: 0.0006823921350249233
2026-09-13 14:25:31 - train: epoch 116, iter:20, loss: 0.5718, lr: 0.0006823921350249233
2026-09-13 14:25:47 - val epoch: 116, loss: 0.8058
2026-09-13 14:25:47 - wave mode=full, epoch 116, alpha: 0.1217
2026-09-13 14:25:48 - train: epoch 117, iter:0, loss: 0.5742, lr: 0.0006775431634242984
2026-09-13 14:25:52 - train: epoch 117, iter:20, loss: 0.5952, lr: 0.0006775431634242984
2026-09-13 14:26:07 - val epoch: 117, loss: 0.8147
2026-09-13 14:26:07 - wave mode=full, epoch 117, alpha: 0.1220
2026-09-13 14:26:08 - train: epoch 118, iter:0, loss: 0.6067, lr: 0.0006726752705214191
2026-09-13 14:26:12 - train: epoch 118, iter:20, loss: 0.5847, lr: 0.0006726752705214191
2026-09-13 14:26:27 - val epoch: 118, loss: 0.8375
2026-09-13 14:26:27 - wave mode=full, epoch 118, alpha: 0.1220
2026-09-13 14:26:28 - train: epoch 119, iter:0, loss: 0.5949, lr: 0.0006677889901355985
2026-09-13 14:26:32 - train: epoch 119, iter:20, loss: 0.5512, lr: 0.0006677889901355985
2026-09-13 14:26:47 - val epoch: 119, loss: 0.8497
2026-09-13 14:26:47 - wave mode=full, epoch 119, alpha: 0.1221
2026-09-13 14:26:49 - train: epoch 120, iter:0, loss: 0.6176, lr: 0.0006628848581025445
2026-09-13 14:26:52 - train: epoch 120, iter:20, loss: 0.5571, lr: 0.0006628848581025445
2026-09-13 14:27:10 - val epoch: 120, loss: 0.7944, miou: 0.7940427040959945, f1_or_dsc: 0.885199334757315, accuracy: 0.9436259883465153,                 specificity: 0.9599493523992676, sensitivity: 0.8928896192284146, confusion_matrix: [[38458928  1604569]
 [ 1380609 11508982]]
2026-09-13 14:27:10 - wave mode=full, epoch 120, alpha: 0.1221
2026-09-13 14:27:11 - train: epoch 121, iter:0, loss: 0.5885, lr: 0.0006579634122155989
2026-09-13 14:27:15 - train: epoch 121, iter:20, loss: 0.5451, lr: 0.0006579634122155989
2026-09-13 14:27:30 - val epoch: 121, loss: 0.7811
2026-09-13 14:27:30 - wave mode=full, epoch 121, alpha: 0.1222
2026-09-13 14:27:31 - train: epoch 122, iter:0, loss: 0.5313, lr: 0.0006530251921667629
2026-09-13 14:27:35 - train: epoch 122, iter:20, loss: 0.5455, lr: 0.0006530251921667629
2026-09-13 14:27:50 - val epoch: 122, loss: 0.8347
2026-09-13 14:27:50 - wave mode=full, epoch 122, alpha: 0.1222
2026-09-13 14:27:53 - train: epoch 123, iter:0, loss: 0.6150, lr: 0.0006480707394875134
2026-09-13 14:27:56 - train: epoch 123, iter:20, loss: 0.5661, lr: 0.0006480707394875134
2026-09-13 14:28:11 - val epoch: 123, loss: 0.8172
2026-09-13 14:28:11 - wave mode=full, epoch 123, alpha: 0.1226
2026-09-13 14:28:13 - train: epoch 124, iter:0, loss: 0.5841, lr: 0.0006431005974894185
2026-09-13 14:28:16 - train: epoch 124, iter:20, loss: 0.5573, lr: 0.0006431005974894185
2026-09-13 14:28:32 - val epoch: 124, loss: 0.8370
2026-09-13 14:28:32 - wave mode=full, epoch 124, alpha: 0.1227
2026-09-13 14:28:33 - train: epoch 125, iter:0, loss: 0.5044, lr: 0.0006381153112045565
2026-09-13 14:28:37 - train: epoch 125, iter:20, loss: 0.5643, lr: 0.0006381153112045565
2026-09-13 14:28:52 - val epoch: 125, loss: 0.8079
2026-09-13 14:28:52 - wave mode=full, epoch 125, alpha: 0.1229
2026-09-13 14:28:54 - train: epoch 126, iter:0, loss: 0.4739, lr: 0.0006331154273257479
2026-09-13 14:28:57 - train: epoch 126, iter:20, loss: 0.5570, lr: 0.0006331154273257479
2026-09-13 14:29:13 - val epoch: 126, loss: 0.8325
2026-09-13 14:29:13 - wave mode=full, epoch 126, alpha: 0.1229
2026-09-13 14:29:14 - train: epoch 127, iter:0, loss: 0.5802, lr: 0.000628101494146603
2026-09-13 14:29:17 - train: epoch 127, iter:20, loss: 0.5546, lr: 0.000628101494146603
2026-09-13 14:29:33 - val epoch: 127, loss: 0.8264
2026-09-13 14:29:33 - wave mode=full, epoch 127, alpha: 0.1231
2026-09-13 14:29:34 - train: epoch 128, iter:0, loss: 0.6465, lr: 0.0006230740615013976
2026-09-13 14:29:38 - train: epoch 128, iter:20, loss: 0.5660, lr: 0.0006230740615013976
2026-09-13 14:29:53 - val epoch: 128, loss: 0.8492
2026-09-13 14:29:53 - wave mode=full, epoch 128, alpha: 0.1233
2026-09-13 14:29:54 - train: epoch 129, iter:0, loss: 0.5431, lr: 0.0006180336807047746
2026-09-13 14:29:58 - train: epoch 129, iter:20, loss: 0.5547, lr: 0.0006180336807047746
2026-09-13 14:30:13 - val epoch: 129, loss: 0.8027
2026-09-13 14:30:13 - wave mode=full, epoch 129, alpha: 0.1233
2026-09-13 14:30:14 - train: epoch 130, iter:0, loss: 0.4961, lr: 0.0006129809044912887
2026-09-13 14:30:18 - train: epoch 130, iter:20, loss: 0.5539, lr: 0.0006129809044912887
2026-09-13 14:30:36 - val epoch: 130, loss: 0.8059, miou: 0.7996743300001813, f1_or_dsc: 0.8886878216461539, accuracy: 0.9472016249552812,                 specificity: 0.9733705722193946, sensitivity: 0.8658631604369759, confusion_matrix: [[38996629  1066868]
 [ 1728969 11160622]]
2026-09-13 14:30:36 - wave mode=full, epoch 130, alpha: 0.1234
2026-09-13 14:30:37 - train: epoch 131, iter:0, loss: 0.5473, lr: 0.0006079162869547909
2026-09-13 14:30:40 - train: epoch 131, iter:20, loss: 0.5448, lr: 0.0006079162869547909
2026-09-13 14:30:56 - val epoch: 131, loss: 0.8231
2026-09-13 14:30:56 - wave mode=full, epoch 131, alpha: 0.1236
2026-09-13 14:30:57 - train: epoch 132, iter:0, loss: 0.5167, lr: 0.0006028403834876673
2026-09-13 14:31:01 - train: epoch 132, iter:20, loss: 0.5308, lr: 0.0006028403834876673
2026-09-13 14:31:16 - val epoch: 132, loss: 0.8276
2026-09-13 14:31:16 - wave mode=full, epoch 132, alpha: 0.1237
2026-09-13 14:31:18 - train: epoch 133, iter:0, loss: 0.7609, lr: 0.0005977537507199337
2026-09-13 14:31:21 - train: epoch 133, iter:20, loss: 0.5460, lr: 0.0005977537507199337
2026-09-13 14:31:36 - val epoch: 133, loss: 0.7883
2026-09-13 14:31:36 - wave mode=full, epoch 133, alpha: 0.1236
2026-09-13 14:31:37 - train: epoch 134, iter:0, loss: 0.4405, lr: 0.0005926569464581937
2026-09-13 14:31:41 - train: epoch 134, iter:20, loss: 0.5452, lr: 0.0005926569464581937
2026-09-13 14:31:56 - val epoch: 134, loss: 0.8205
2026-09-13 14:31:56 - wave mode=full, epoch 134, alpha: 0.1236
2026-09-13 14:31:57 - train: epoch 135, iter:0, loss: 0.6592, lr: 0.0005875505296244705
2026-09-13 14:32:00 - train: epoch 135, iter:20, loss: 0.5591, lr: 0.0005875505296244705
2026-09-13 14:32:16 - val epoch: 135, loss: 0.7908
2026-09-13 14:32:16 - wave mode=full, epoch 135, alpha: 0.1240
2026-09-13 14:32:17 - train: epoch 136, iter:0, loss: 0.4971, lr: 0.0005824350601949142
2026-09-13 14:32:20 - train: epoch 136, iter:20, loss: 0.5642, lr: 0.0005824350601949142
2026-09-13 14:32:36 - val epoch: 136, loss: 0.7781
2026-09-13 14:32:36 - wave mode=full, epoch 136, alpha: 0.1240
2026-09-13 14:32:37 - train: epoch 137, iter:0, loss: 0.5946, lr: 0.0005773110991383937
2026-09-13 14:32:41 - train: epoch 137, iter:20, loss: 0.5445, lr: 0.0005773110991383937
2026-09-13 14:32:56 - val epoch: 137, loss: 0.8075
2026-09-13 14:32:56 - wave mode=full, epoch 137, alpha: 0.1243
2026-09-13 14:32:57 - train: epoch 138, iter:0, loss: 0.4990, lr: 0.0005721792083549806
2026-09-13 14:33:00 - train: epoch 138, iter:20, loss: 0.5606, lr: 0.0005721792083549806
2026-09-13 14:33:15 - val epoch: 138, loss: 0.7828
2026-09-13 14:33:15 - wave mode=full, epoch 138, alpha: 0.1243
2026-09-13 14:33:17 - train: epoch 139, iter:0, loss: 0.5580, lr: 0.0005670399506143306
2026-09-13 14:33:20 - train: epoch 139, iter:20, loss: 0.5344, lr: 0.0005670399506143306
2026-09-13 14:33:35 - val epoch: 139, loss: 0.8113
2026-09-13 14:33:35 - wave mode=full, epoch 139, alpha: 0.1244
2026-09-13 14:33:37 - train: epoch 140, iter:0, loss: 0.6101, lr: 0.000561893889493969
2026-09-13 14:33:40 - train: epoch 140, iter:20, loss: 0.5566, lr: 0.000561893889493969
2026-09-13 14:33:58 - val epoch: 140, loss: 0.8338, miou: 0.7871497048716182, f1_or_dsc: 0.880899571788435, accuracy: 0.9404574668053354,                 specificity: 0.9519898624925328, sensitivity: 0.9046124116738847, confusion_matrix: [[38140043  1923454]
 [ 1229507 11660084]]
2026-09-13 14:33:58 - wave mode=full, epoch 140, alpha: 0.1246
2026-09-13 14:34:00 - train: epoch 141, iter:0, loss: 0.7144, lr: 0.0005567415893174885
2026-09-13 14:34:03 - train: epoch 141, iter:20, loss: 0.5441, lr: 0.0005567415893174885
2026-09-13 14:34:18 - val epoch: 141, loss: 0.7667
2026-09-13 14:34:18 - wave mode=full, epoch 141, alpha: 0.1246
2026-09-13 14:34:20 - train: epoch 142, iter:0, loss: 0.4234, lr: 0.0005515836150926646
2026-09-13 14:34:23 - train: epoch 142, iter:20, loss: 0.5645, lr: 0.0005515836150926646
2026-09-13 14:34:38 - val epoch: 142, loss: 0.7795
2026-09-13 14:34:38 - wave mode=full, epoch 142, alpha: 0.1248
2026-09-13 14:34:40 - train: epoch 143, iter:0, loss: 0.3942, lr: 0.0005464205324494961
2026-09-13 14:34:43 - train: epoch 143, iter:20, loss: 0.5446, lr: 0.0005464205324494961
2026-09-13 14:34:58 - val epoch: 143, loss: 0.8012
2026-09-13 14:34:58 - wave mode=full, epoch 143, alpha: 0.1250
2026-09-13 14:34:59 - train: epoch 144, iter:0, loss: 0.5496, lr: 0.0005412529075781776
2026-09-13 14:35:03 - train: epoch 144, iter:20, loss: 0.5534, lr: 0.0005412529075781776
2026-09-13 14:35:17 - val epoch: 144, loss: 0.8664
2026-09-13 14:35:18 - wave mode=full, epoch 144, alpha: 0.1252
2026-09-13 14:35:19 - train: epoch 145, iter:0, loss: 0.5353, lr: 0.0005360813071670101
2026-09-13 14:35:22 - train: epoch 145, iter:20, loss: 0.5176, lr: 0.0005360813071670101
2026-09-13 14:35:37 - val epoch: 145, loss: 0.8225
2026-09-13 14:35:37 - wave mode=full, epoch 145, alpha: 0.1254
2026-09-13 14:35:39 - train: epoch 146, iter:0, loss: 0.4746, lr: 0.0005309062983402573
2026-09-13 14:35:42 - train: epoch 146, iter:20, loss: 0.5657, lr: 0.0005309062983402573
2026-09-13 14:35:57 - val epoch: 146, loss: 0.7788
2026-09-13 14:35:57 - wave mode=full, epoch 146, alpha: 0.1255
2026-09-13 14:35:58 - train: epoch 147, iter:0, loss: 0.5124, lr: 0.0005257284485959538
2026-09-13 14:36:02 - train: epoch 147, iter:20, loss: 0.5591, lr: 0.0005257284485959538
2026-09-13 14:36:17 - val epoch: 147, loss: 0.7852
2026-09-13 14:36:17 - wave mode=full, epoch 147, alpha: 0.1255
2026-09-13 14:36:19 - train: epoch 148, iter:0, loss: 0.5340, lr: 0.0005205483257436734
2026-09-13 14:36:22 - train: epoch 148, iter:20, loss: 0.5424, lr: 0.0005205483257436734
2026-09-13 14:36:37 - val epoch: 148, loss: 0.7791
2026-09-13 14:36:37 - wave mode=full, epoch 148, alpha: 0.1257
2026-09-13 14:36:39 - train: epoch 149, iter:0, loss: 0.4860, lr: 0.0005153664978422616
2026-09-13 14:36:42 - train: epoch 149, iter:20, loss: 0.5188, lr: 0.0005153664978422616
2026-09-13 14:36:57 - val epoch: 149, loss: 0.8008
2026-09-13 14:36:57 - wave mode=full, epoch 149, alpha: 0.1257
2026-09-13 14:36:59 - train: epoch 150, iter:0, loss: 0.4588, lr: 0.0005101835331375416
2026-09-13 14:37:02 - train: epoch 150, iter:20, loss: 0.5282, lr: 0.0005101835331375416
2026-09-13 14:37:19 - val epoch: 150, loss: 0.7977, miou: 0.796270821724082, f1_or_dsc: 0.8865821479634255, accuracy: 0.9445450660025719,                 specificity: 0.9619553679999526, sensitivity: 0.890430270440699, confusion_matrix: [[38539296  1524201]
 [ 1412309 11477282]]
2026-09-13 14:37:19 - wave mode=full, epoch 150, alpha: 0.1257
2026-09-13 14:37:20 - train: epoch 151, iter:0, loss: 0.5261, lr: 0.0005049999999999999
2026-09-13 14:37:24 - train: epoch 151, iter:20, loss: 0.5296, lr: 0.0005049999999999999
2026-09-13 14:37:39 - val epoch: 151, loss: 0.7715
2026-09-13 14:37:39 - wave mode=full, epoch 151, alpha: 0.1258
2026-09-13 14:37:40 - train: epoch 152, iter:0, loss: 0.7213, lr: 0.0004998164668624582
2026-09-13 14:37:44 - train: epoch 152, iter:20, loss: 0.5335, lr: 0.0004998164668624582
2026-09-13 14:37:59 - val epoch: 152, loss: 0.7874
2026-09-13 14:37:59 - wave mode=full, epoch 152, alpha: 0.1258
2026-09-13 14:38:00 - train: epoch 153, iter:0, loss: 0.6997, lr: 0.0004946335021577383
2026-09-13 14:38:04 - train: epoch 153, iter:20, loss: 0.5413, lr: 0.0004946335021577383
2026-09-13 14:38:19 - val epoch: 153, loss: 0.7783
2026-09-13 14:38:19 - wave mode=full, epoch 153, alpha: 0.1258
2026-09-13 14:38:20 - train: epoch 154, iter:0, loss: 0.5584, lr: 0.0004894516742563263
2026-09-13 14:38:24 - train: epoch 154, iter:20, loss: 0.5461, lr: 0.0004894516742563263
2026-09-13 14:38:39 - val epoch: 154, loss: 0.7860
2026-09-13 14:38:39 - wave mode=full, epoch 154, alpha: 0.1261
2026-09-13 14:38:40 - train: epoch 155, iter:0, loss: 0.6660, lr: 0.000484271551404046
2026-09-13 14:38:44 - train: epoch 155, iter:20, loss: 0.5553, lr: 0.000484271551404046
2026-09-13 14:38:59 - val epoch: 155, loss: 0.7903
2026-09-13 14:38:59 - wave mode=full, epoch 155, alpha: 0.1261
2026-09-13 14:39:00 - train: epoch 156, iter:0, loss: 0.5190, lr: 0.0004790937016597426
2026-09-13 14:39:03 - train: epoch 156, iter:20, loss: 0.5417, lr: 0.0004790937016597426
2026-09-13 14:39:18 - val epoch: 156, loss: 0.7844
2026-09-13 14:39:18 - wave mode=full, epoch 156, alpha: 0.1262
2026-09-13 14:39:20 - train: epoch 157, iter:0, loss: 0.5071, lr: 0.0004739186928329898
2026-09-13 14:39:23 - train: epoch 157, iter:20, loss: 0.5377, lr: 0.0004739186928329898
2026-09-13 14:39:38 - val epoch: 157, loss: 0.7817
2026-09-13 14:39:38 - wave mode=full, epoch 157, alpha: 0.1264
2026-09-13 14:39:39 - train: epoch 158, iter:0, loss: 0.4770, lr: 0.0004687470924218222
2026-09-13 14:39:42 - train: epoch 158, iter:20, loss: 0.5434, lr: 0.0004687470924218222
2026-09-13 14:39:58 - val epoch: 158, loss: 0.8119
2026-09-13 14:39:58 - wave mode=full, epoch 158, alpha: 0.1264
2026-09-13 14:39:59 - train: epoch 159, iter:0, loss: 0.4853, lr: 0.00046357946755050356
2026-09-13 14:40:02 - train: epoch 159, iter:20, loss: 0.5088, lr: 0.00046357946755050356
2026-09-13 14:40:18 - val epoch: 159, loss: 0.7998
2026-09-13 14:40:18 - wave mode=full, epoch 159, alpha: 0.1266
2026-09-13 14:40:19 - train: epoch 160, iter:0, loss: 0.4150, lr: 0.00045841638490733513
2026-09-13 14:40:22 - train: epoch 160, iter:20, loss: 0.5398, lr: 0.00045841638490733513
2026-09-13 14:40:39 - val epoch: 160, loss: 0.7812, miou: 0.7943170419086275, f1_or_dsc: 0.8853697795387453, accuracy: 0.9422853677579672,                 specificity: 0.9508519188926519, sensitivity: 0.9156587668297621, confusion_matrix: [[38094453  1969044]
 [ 1087124 11802467]]
2026-09-13 14:40:39 - wave mode=full, epoch 160, alpha: 0.1266
2026-09-13 14:40:41 - train: epoch 161, iter:0, loss: 0.6514, lr: 0.00045325841068251133
2026-09-13 14:40:44 - train: epoch 161, iter:20, loss: 0.5328, lr: 0.00045325841068251133
2026-09-13 14:40:59 - val epoch: 161, loss: 0.8061
2026-09-13 14:40:59 - wave mode=full, epoch 161, alpha: 0.1267
2026-09-13 14:41:01 - train: epoch 162, iter:0, loss: 0.4461, lr: 0.0004481061105060308
2026-09-13 14:41:04 - train: epoch 162, iter:20, loss: 0.5564, lr: 0.0004481061105060308
2026-09-13 14:41:19 - val epoch: 162, loss: 0.8108
2026-09-13 14:41:19 - wave mode=full, epoch 162, alpha: 0.1268
2026-09-13 14:41:21 - train: epoch 163, iter:0, loss: 0.6203, lr: 0.0004429600493856691
2026-09-13 14:41:24 - train: epoch 163, iter:20, loss: 0.5228, lr: 0.0004429600493856691
2026-09-13 14:41:39 - val epoch: 163, loss: 0.8020
2026-09-13 14:41:39 - wave mode=full, epoch 163, alpha: 0.1268
2026-09-13 14:41:41 - train: epoch 164, iter:0, loss: 0.4886, lr: 0.000437820791645019
2026-09-13 14:41:44 - train: epoch 164, iter:20, loss: 0.5300, lr: 0.000437820791645019
2026-09-13 14:41:59 - val epoch: 164, loss: 0.7897
2026-09-13 14:41:59 - wave mode=full, epoch 164, alpha: 0.1270
2026-09-13 14:42:00 - train: epoch 165, iter:0, loss: 0.4799, lr: 0.00043268890086160604
2026-09-13 14:42:04 - train: epoch 165, iter:20, loss: 0.5135, lr: 0.00043268890086160604
2026-09-13 14:42:19 - val epoch: 165, loss: 0.7934
2026-09-13 14:42:19 - wave mode=full, epoch 165, alpha: 0.1271
2026-09-13 14:42:20 - train: epoch 166, iter:0, loss: 0.6700, lr: 0.0004275649398050855
2026-09-13 14:42:24 - train: epoch 166, iter:20, loss: 0.5427, lr: 0.0004275649398050855
2026-09-13 14:42:39 - val epoch: 166, loss: 0.8025
2026-09-13 14:42:39 - wave mode=full, epoch 166, alpha: 0.1274
2026-09-13 14:42:40 - train: epoch 167, iter:0, loss: 0.5334, lr: 0.0004224494703755289
2026-09-13 14:42:44 - train: epoch 167, iter:20, loss: 0.5232, lr: 0.0004224494703755289
2026-09-13 14:42:59 - val epoch: 167, loss: 0.8196
2026-09-13 14:42:59 - wave mode=full, epoch 167, alpha: 0.1274
2026-09-13 14:43:01 - train: epoch 168, iter:0, loss: 0.6016, lr: 0.00041734305354180595
2026-09-13 14:43:04 - train: epoch 168, iter:20, loss: 0.5348, lr: 0.00041734305354180595
2026-09-13 14:43:19 - val epoch: 168, loss: 0.8143
2026-09-13 14:43:19 - wave mode=full, epoch 168, alpha: 0.1275
2026-09-13 14:43:20 - train: epoch 169, iter:0, loss: 0.4555, lr: 0.000412246249280066
2026-09-13 14:43:24 - train: epoch 169, iter:20, loss: 0.5208, lr: 0.000412246249280066
2026-09-13 14:43:39 - val epoch: 169, loss: 0.7626
2026-09-13 14:43:39 - wave mode=full, epoch 169, alpha: 0.1276
2026-09-13 14:43:41 - train: epoch 170, iter:0, loss: 0.5423, lr: 0.0004071596165123322
2026-09-13 14:43:44 - train: epoch 170, iter:20, loss: 0.5227, lr: 0.0004071596165123322
2026-09-13 14:44:02 - val epoch: 170, loss: 0.8248, miou: 0.7957330867128659, f1_or_dsc: 0.8862487332897286, accuracy: 0.9450671507580446,                 specificity: 0.9662806768964776, sensitivity: 0.8791311531917498, confusion_matrix: [[38712583  1350914]
 [ 1557950 11331641]]
2026-09-13 14:44:02 - wave mode=full, epoch 170, alpha: 0.1276
2026-09-13 14:44:03 - train: epoch 171, iter:0, loss: 0.5708, lr: 0.0004020837130452088
2026-09-13 14:44:07 - train: epoch 171, iter:20, loss: 0.5286, lr: 0.0004020837130452088
2026-09-13 14:44:23 - val epoch: 171, loss: 0.8107
2026-09-13 14:44:23 - wave mode=full, epoch 171, alpha: 0.1276
2026-09-13 14:44:24 - train: epoch 172, iter:0, loss: 0.4369, lr: 0.00039701909550871116
2026-09-13 14:44:27 - train: epoch 172, iter:20, loss: 0.5222, lr: 0.00039701909550871116
2026-09-13 14:44:43 - val epoch: 172, loss: 0.7848
2026-09-13 14:44:43 - wave mode=full, epoch 172, alpha: 0.1276
2026-09-13 14:44:45 - train: epoch 173, iter:0, loss: 0.5209, lr: 0.0003919663192952252
2026-09-13 14:44:48 - train: epoch 173, iter:20, loss: 0.5389, lr: 0.0003919663192952252
2026-09-13 14:45:03 - val epoch: 173, loss: 0.7794
2026-09-13 14:45:03 - wave mode=full, epoch 173, alpha: 0.1277
2026-09-13 14:45:05 - train: epoch 174, iter:0, loss: 0.8966, lr: 0.0003869259384986023
2026-09-13 14:45:09 - train: epoch 174, iter:20, loss: 0.5249, lr: 0.0003869259384986023
2026-09-13 14:45:24 - val epoch: 174, loss: 0.7779
2026-09-13 14:45:24 - wave mode=full, epoch 174, alpha: 0.1279
2026-09-13 14:45:26 - train: epoch 175, iter:0, loss: 0.6571, lr: 0.0003818985058533967
2026-09-13 14:45:29 - train: epoch 175, iter:20, loss: 0.5317, lr: 0.0003818985058533967
2026-09-13 14:45:45 - val epoch: 175, loss: 0.7837
2026-09-13 14:45:45 - wave mode=full, epoch 175, alpha: 0.1281
2026-09-13 14:45:46 - train: epoch 176, iter:0, loss: 0.6786, lr: 0.00037688457267425206
2026-09-13 14:45:50 - train: epoch 176, iter:20, loss: 0.5085, lr: 0.00037688457267425206
2026-09-13 14:46:05 - val epoch: 176, loss: 0.7803
2026-09-13 14:46:05 - wave mode=full, epoch 176, alpha: 0.1282
2026-09-13 14:46:06 - train: epoch 177, iter:0, loss: 0.5104, lr: 0.0003718846887954434
2026-09-13 14:46:10 - train: epoch 177, iter:20, loss: 0.5246, lr: 0.0003718846887954434
2026-09-13 14:46:25 - val epoch: 177, loss: 0.8050
2026-09-13 14:46:25 - wave mode=full, epoch 177, alpha: 0.1283
2026-09-13 14:46:26 - train: epoch 178, iter:0, loss: 0.7128, lr: 0.0003668994025105812
2026-09-13 14:46:30 - train: epoch 178, iter:20, loss: 0.5268, lr: 0.0003668994025105812
2026-09-13 14:46:45 - val epoch: 178, loss: 0.8353
2026-09-13 14:46:45 - wave mode=full, epoch 178, alpha: 0.1284
2026-09-13 14:46:47 - train: epoch 179, iter:0, loss: 0.4883, lr: 0.0003619292605124862
2026-09-13 14:46:50 - train: epoch 179, iter:20, loss: 0.5491, lr: 0.0003619292605124862
2026-09-13 14:47:05 - val epoch: 179, loss: 0.7744
2026-09-13 14:47:05 - wave mode=full, epoch 179, alpha: 0.1285
2026-09-13 14:47:06 - train: epoch 180, iter:0, loss: 0.4967, lr: 0.00035697480783323686
2026-09-13 14:47:10 - train: epoch 180, iter:20, loss: 0.5122, lr: 0.00035697480783323686
2026-09-13 14:47:27 - val epoch: 180, loss: 0.7851, miou: 0.8021397871355621, f1_or_dsc: 0.8902081768146689, accuracy: 0.946615200231571,                 specificity: 0.965112431398587, sensitivity: 0.8891220055004073, confusion_matrix: [[38665779  1397718]
 [ 1429172 11460419]]
2026-09-13 14:47:27 - wave mode=full, epoch 180, alpha: 0.1286
2026-09-13 14:47:28 - train: epoch 181, iter:0, loss: 0.4929, lr: 0.00035203658778440076
2026-09-13 14:47:32 - train: epoch 181, iter:20, loss: 0.5358, lr: 0.00035203658778440076
2026-09-13 14:47:47 - val epoch: 181, loss: 0.8031
2026-09-13 14:47:47 - wave mode=full, epoch 181, alpha: 0.1286
2026-09-13 14:47:48 - train: epoch 182, iter:0, loss: 0.5201, lr: 0.00034711514189745505
2026-09-13 14:47:51 - train: epoch 182, iter:20, loss: 0.5235, lr: 0.00034711514189745505
2026-09-13 14:48:06 - val epoch: 182, loss: 0.8108
2026-09-13 14:48:06 - wave mode=full, epoch 182, alpha: 0.1286
2026-09-13 14:48:08 - train: epoch 183, iter:0, loss: 0.5117, lr: 0.00034221100986440094
2026-09-13 14:48:12 - train: epoch 183, iter:20, loss: 0.5069, lr: 0.00034221100986440094
2026-09-13 14:48:27 - val epoch: 183, loss: 0.7829
2026-09-13 14:48:27 - wave mode=full, epoch 183, alpha: 0.1287
2026-09-13 14:48:29 - train: epoch 184, iter:0, loss: 0.4706, lr: 0.0003373247294785804
2026-09-13 14:48:32 - train: epoch 184, iter:20, loss: 0.5231, lr: 0.0003373247294785804
2026-09-13 14:48:48 - val epoch: 184, loss: 0.7943
2026-09-13 14:48:48 - wave mode=full, epoch 184, alpha: 0.1289
2026-09-13 14:48:49 - train: epoch 185, iter:0, loss: 0.4908, lr: 0.0003324568365757012
2026-09-13 14:48:52 - train: epoch 185, iter:20, loss: 0.5203, lr: 0.0003324568365757012
2026-09-13 14:49:08 - val epoch: 185, loss: 0.8244
2026-09-13 14:49:08 - wave mode=full, epoch 185, alpha: 0.1288
2026-09-13 14:49:09 - train: epoch 186, iter:0, loss: 0.4589, lr: 0.0003276078649750761
2026-09-13 14:49:13 - train: epoch 186, iter:20, loss: 0.5116, lr: 0.0003276078649750761
2026-09-13 14:49:28 - val epoch: 186, loss: 0.8110
2026-09-13 14:49:28 - wave mode=full, epoch 186, alpha: 0.1290
2026-09-13 14:49:30 - train: epoch 187, iter:0, loss: 0.4793, lr: 0.00032277834642108417
2026-09-13 14:49:33 - train: epoch 187, iter:20, loss: 0.5213, lr: 0.00032277834642108417
2026-09-13 14:49:49 - val epoch: 187, loss: 0.7885
2026-09-13 14:49:49 - wave mode=full, epoch 187, alpha: 0.1290
2026-09-13 14:49:50 - train: epoch 188, iter:0, loss: 0.4372, lr: 0.00031796881052485835
2026-09-13 14:49:53 - train: epoch 188, iter:20, loss: 0.5098, lr: 0.00031796881052485835
2026-09-13 14:50:09 - val epoch: 188, loss: 0.8083
2026-09-13 14:50:09 - wave mode=full, epoch 188, alpha: 0.1291
2026-09-13 14:50:10 - train: epoch 189, iter:0, loss: 0.4780, lr: 0.00031317978470620867
2026-09-13 14:50:14 - train: epoch 189, iter:20, loss: 0.5230, lr: 0.00031317978470620867
2026-09-13 14:50:29 - val epoch: 189, loss: 0.8538
2026-09-13 14:50:29 - wave mode=full, epoch 189, alpha: 0.1291
2026-09-13 14:50:30 - train: epoch 190, iter:0, loss: 0.6632, lr: 0.00030841179413578315
2026-09-13 14:50:34 - train: epoch 190, iter:20, loss: 0.5425, lr: 0.00030841179413578315
2026-09-13 14:50:52 - val epoch: 190, loss: 0.7943, miou: 0.7966050027876727, f1_or_dsc: 0.8867892514510798, accuracy: 0.9446717630518545,                 specificity: 0.9621875743897244, sensitivity: 0.890229022782802, confusion_matrix: [[38548599  1514898]
 [ 1414903 11474688]]
2026-09-13 14:50:52 - wave mode=full, epoch 190, alpha: 0.1291
2026-09-13 14:50:53 - train: epoch 191, iter:0, loss: 0.4985, lr: 0.0003036653616774785
2026-09-13 14:50:56 - train: epoch 191, iter:20, loss: 0.5243, lr: 0.0003036653616774785
2026-09-13 14:51:11 - val epoch: 191, loss: 0.7791
2026-09-13 14:51:11 - wave mode=full, epoch 191, alpha: 0.1292
2026-09-13 14:51:13 - train: epoch 192, iter:0, loss: 0.5186, lr: 0.0002989410078311011
2026-09-13 14:51:16 - train: epoch 192, iter:20, loss: 0.5172, lr: 0.0002989410078311011
2026-09-13 14:51:31 - val epoch: 192, loss: 0.7882
2026-09-13 14:51:31 - wave mode=full, epoch 192, alpha: 0.1292
2026-09-13 14:51:33 - train: epoch 193, iter:0, loss: 0.5644, lr: 0.00029423925067528865
2026-09-13 14:51:36 - train: epoch 193, iter:20, loss: 0.5117, lr: 0.00029423925067528865
2026-09-13 14:51:51 - val epoch: 193, loss: 0.8035
2026-09-13 14:51:51 - wave mode=full, epoch 193, alpha: 0.1294
2026-09-13 14:51:52 - train: epoch 194, iter:0, loss: 0.5164, lr: 0.0002895606058106975
2026-09-13 14:51:56 - train: epoch 194, iter:20, loss: 0.5034, lr: 0.0002895606058106975
2026-09-13 14:52:11 - val epoch: 194, loss: 0.7845
2026-09-13 14:52:11 - wave mode=full, epoch 194, alpha: 0.1294
2026-09-13 14:52:12 - train: epoch 195, iter:0, loss: 0.4337, lr: 0.0002849055863034606
2026-09-13 14:52:15 - train: epoch 195, iter:20, loss: 0.5234, lr: 0.0002849055863034606
2026-09-13 14:52:31 - val epoch: 195, loss: 0.7995
2026-09-13 14:52:31 - wave mode=full, epoch 195, alpha: 0.1295
2026-09-13 14:52:33 - train: epoch 196, iter:0, loss: 0.5390, lr: 0.00028027470262892396
2026-09-13 14:52:36 - train: epoch 196, iter:20, loss: 0.4857, lr: 0.00028027470262892396
2026-09-13 14:52:51 - val epoch: 196, loss: 0.7724
2026-09-13 14:52:51 - wave mode=full, epoch 196, alpha: 0.1295
2026-09-13 14:52:53 - train: epoch 197, iter:0, loss: 0.4529, lr: 0.0002756684626156682
2026-09-13 14:52:56 - train: epoch 197, iter:20, loss: 0.5063, lr: 0.0002756684626156682
2026-09-13 14:53:12 - val epoch: 197, loss: 0.8002
2026-09-13 14:53:12 - wave mode=full, epoch 197, alpha: 0.1296
2026-09-13 14:53:14 - train: epoch 198, iter:0, loss: 0.5939, lr: 0.000271087371389818
2026-09-13 14:53:17 - train: epoch 198, iter:20, loss: 0.5140, lr: 0.000271087371389818
2026-09-13 14:53:33 - val epoch: 198, loss: 0.7864
2026-09-13 14:53:33 - wave mode=full, epoch 198, alpha: 0.1295
2026-09-13 14:53:34 - train: epoch 199, iter:0, loss: 0.4640, lr: 0.0002665319313196505
2026-09-13 14:53:38 - train: epoch 199, iter:20, loss: 0.5160, lr: 0.0002665319313196505
2026-09-13 14:53:53 - val epoch: 199, loss: 0.7892
2026-09-13 14:53:53 - wave mode=full, epoch 199, alpha: 0.1296
2026-09-13 14:53:54 - train: epoch 200, iter:0, loss: 0.4985, lr: 0.00026200264196050494
2026-09-13 14:53:58 - train: epoch 200, iter:20, loss: 0.5200, lr: 0.00026200264196050494
2026-09-13 14:54:15 - val epoch: 200, loss: 0.8132, miou: 0.7973767951213309, f1_or_dsc: 0.8872672633647798, accuracy: 0.9462335227739693,                 specificity: 0.9710055764727678, sensitivity: 0.8692368904490453, confusion_matrix: [[38901879  1161618]
 [ 1685483 11204108]]
2026-09-13 14:54:15 - wave mode=full, epoch 200, alpha: 0.1297
2026-09-13 14:54:17 - train: epoch 201, iter:0, loss: 0.6186, lr: 0.00025749999999999954
2026-09-13 14:54:20 - train: epoch 201, iter:20, loss: 0.5218, lr: 0.00025749999999999954
2026-09-13 14:54:35 - val epoch: 201, loss: 0.8028
2026-09-13 14:54:35 - wave mode=full, epoch 201, alpha: 0.1297
2026-09-13 14:54:37 - train: epoch 202, iter:0, loss: 0.5009, lr: 0.0002530244992035658
2026-09-13 14:54:40 - train: epoch 202, iter:20, loss: 0.4930, lr: 0.0002530244992035658
2026-09-13 14:54:55 - val epoch: 202, loss: 0.7864
2026-09-13 14:54:55 - wave mode=full, epoch 202, alpha: 0.1298
2026-09-13 14:54:57 - train: epoch 203, iter:0, loss: 0.4935, lr: 0.0002485766303603003
2026-09-13 14:55:00 - train: epoch 203, iter:20, loss: 0.4954, lr: 0.0002485766303603003
2026-09-13 14:55:15 - val epoch: 203, loss: 0.7866
2026-09-13 14:55:15 - wave mode=full, epoch 203, alpha: 0.1299
2026-09-13 14:55:17 - train: epoch 204, iter:0, loss: 0.5054, lr: 0.0002441568812291443
2026-09-13 14:55:20 - train: epoch 204, iter:20, loss: 0.5170, lr: 0.0002441568812291443
2026-09-13 14:55:35 - val epoch: 204, loss: 0.7821
2026-09-13 14:55:35 - wave mode=full, epoch 204, alpha: 0.1300
2026-09-13 14:55:36 - train: epoch 205, iter:0, loss: 0.5195, lr: 0.00023976573648539645
2026-09-13 14:55:39 - train: epoch 205, iter:20, loss: 0.4817, lr: 0.00023976573648539645
2026-09-13 14:55:55 - val epoch: 205, loss: 0.7768
2026-09-13 14:55:55 - wave mode=full, epoch 205, alpha: 0.1300
2026-09-13 14:55:56 - train: epoch 206, iter:0, loss: 0.5379, lr: 0.00023540367766756144
2026-09-13 14:55:59 - train: epoch 206, iter:20, loss: 0.4987, lr: 0.00023540367766756144
2026-09-13 14:56:14 - val epoch: 206, loss: 0.8050
2026-09-13 14:56:14 - wave mode=full, epoch 206, alpha: 0.1302
2026-09-13 14:56:16 - train: epoch 207, iter:0, loss: 0.4551, lr: 0.0002310711831245444
2026-09-13 14:56:19 - train: epoch 207, iter:20, loss: 0.5173, lr: 0.0002310711831245444
2026-09-13 14:56:35 - val epoch: 207, loss: 0.7947
2026-09-13 14:56:35 - wave mode=full, epoch 207, alpha: 0.1302
2026-09-13 14:56:36 - train: epoch 208, iter:0, loss: 0.4967, lr: 0.00022676872796319514
2026-09-13 14:56:39 - train: epoch 208, iter:20, loss: 0.5099, lr: 0.00022676872796319514
2026-09-13 14:56:55 - val epoch: 208, loss: 0.7977
2026-09-13 14:56:55 - wave mode=full, epoch 208, alpha: 0.1303
2026-09-13 14:56:56 - train: epoch 209, iter:0, loss: 0.4412, lr: 0.00022249678399620604
2026-09-13 14:57:00 - train: epoch 209, iter:20, loss: 0.5216, lr: 0.00022249678399620604
2026-09-13 14:57:15 - val epoch: 209, loss: 0.7706
2026-09-13 14:57:15 - wave mode=full, epoch 209, alpha: 0.1303
2026-09-13 14:57:16 - train: epoch 210, iter:0, loss: 0.4885, lr: 0.0002182558196903736
2026-09-13 14:57:20 - train: epoch 210, iter:20, loss: 0.5012, lr: 0.0002182558196903736
2026-09-13 14:57:37 - val epoch: 210, loss: 0.7845, miou: 0.8007331711800528, f1_or_dsc: 0.8893412794248889, accuracy: 0.9462790158715578,                 specificity: 0.9653998751032642, sensitivity: 0.8868474569906835, confusion_matrix: [[38677295  1386202]
 [ 1458490 11431101]]
2026-09-13 14:57:37 - wave mode=full, epoch 210, alpha: 0.1303
2026-09-13 14:57:39 - train: epoch 211, iter:0, loss: 0.5997, lr: 0.00021404630011522552
2026-09-13 14:57:42 - train: epoch 211, iter:20, loss: 0.5125, lr: 0.00021404630011522552
2026-09-13 14:57:57 - val epoch: 211, loss: 0.7805
2026-09-13 14:57:57 - wave mode=full, epoch 211, alpha: 0.1304
2026-09-13 14:57:59 - train: epoch 212, iter:0, loss: 0.5362, lr: 0.0002098686868920198
2026-09-13 14:58:02 - train: epoch 212, iter:20, loss: 0.5087, lr: 0.0002098686868920198
2026-09-13 14:58:18 - val epoch: 212, loss: 0.7939
2026-09-13 14:58:18 - wave mode=full, epoch 212, alpha: 0.1305
2026-09-13 14:58:19 - train: epoch 213, iter:0, loss: 0.4672, lr: 0.00020572343814312415
2026-09-13 14:58:22 - train: epoch 213, iter:20, loss: 0.5023, lr: 0.00020572343814312415
2026-09-13 14:58:37 - val epoch: 213, loss: 0.7988
2026-09-13 14:58:37 - wave mode=full, epoch 213, alpha: 0.1305
2026-09-13 14:58:39 - train: epoch 214, iter:0, loss: 0.5677, lr: 0.00020161100844177644
2026-09-13 14:58:42 - train: epoch 214, iter:20, loss: 0.5196, lr: 0.00020161100844177644
2026-09-13 14:58:57 - val epoch: 214, loss: 0.8166
2026-09-13 14:58:57 - wave mode=full, epoch 214, alpha: 0.1305
2026-09-13 14:58:59 - train: epoch 215, iter:0, loss: 0.4878, lr: 0.0001975318487622361
2026-09-13 14:59:02 - train: epoch 215, iter:20, loss: 0.4999, lr: 0.0001975318487622361
2026-09-13 14:59:18 - val epoch: 215, loss: 0.8085
2026-09-13 14:59:18 - wave mode=full, epoch 215, alpha: 0.1305
2026-09-13 14:59:19 - train: epoch 216, iter:0, loss: 0.4154, lr: 0.00019348640643033024
2026-09-13 14:59:22 - train: epoch 216, iter:20, loss: 0.5205, lr: 0.00019348640643033024
2026-09-13 14:59:38 - val epoch: 216, loss: 0.7808
2026-09-13 14:59:38 - wave mode=full, epoch 216, alpha: 0.1306
2026-09-13 14:59:39 - train: epoch 217, iter:0, loss: 0.4647, lr: 0.00018947512507439828
2026-09-13 14:59:42 - train: epoch 217, iter:20, loss: 0.5096, lr: 0.00018947512507439828
2026-09-13 14:59:58 - val epoch: 217, loss: 0.7866
2026-09-13 14:59:58 - wave mode=full, epoch 217, alpha: 0.1306
2026-09-13 14:59:59 - train: epoch 218, iter:0, loss: 0.5860, lr: 0.00018549844457664425
2026-09-13 15:00:02 - train: epoch 218, iter:20, loss: 0.5256, lr: 0.00018549844457664425
2026-09-13 15:00:17 - val epoch: 218, loss: 0.8244
2026-09-13 15:00:17 - wave mode=full, epoch 218, alpha: 0.1307
2026-09-13 15:00:19 - train: epoch 219, iter:0, loss: 0.5083, lr: 0.00018155680102489765
2026-09-13 15:00:22 - train: epoch 219, iter:20, loss: 0.5069, lr: 0.00018155680102489765
2026-09-13 15:00:38 - val epoch: 219, loss: 0.8041
2026-09-13 15:00:38 - wave mode=full, epoch 219, alpha: 0.1307
2026-09-13 15:00:39 - train: epoch 220, iter:0, loss: 0.4902, lr: 0.00017765062666479195
2026-09-13 15:00:42 - train: epoch 220, iter:20, loss: 0.4942, lr: 0.00017765062666479195
2026-09-13 15:01:00 - val epoch: 220, loss: 0.7992, miou: 0.7974910411759366, f1_or_dsc: 0.8873379871247759, accuracy: 0.9451528114847617,                 specificity: 0.9637541625485164, sensitivity: 0.8873359907230571, confusion_matrix: [[38611362  1452135]
 [ 1452193 11437398]]
2026-09-13 15:01:00 - wave mode=full, epoch 220, alpha: 0.1308
2026-09-13 15:01:01 - train: epoch 221, iter:0, loss: 0.4275, lr: 0.00017378034985236489
2026-09-13 15:01:05 - train: epoch 221, iter:20, loss: 0.5048, lr: 0.00017378034985236489
2026-09-13 15:01:20 - val epoch: 221, loss: 0.7989
2026-09-13 15:01:20 - wave mode=full, epoch 221, alpha: 0.1308
2026-09-13 15:01:21 - train: epoch 222, iter:0, loss: 0.4570, lr: 0.0001699463950070827
2026-09-13 15:01:24 - train: epoch 222, iter:20, loss: 0.4861, lr: 0.0001699463950070827
2026-09-13 15:01:40 - val epoch: 222, loss: 0.7969
2026-09-13 15:01:40 - wave mode=full, epoch 222, alpha: 0.1309
2026-09-13 15:01:41 - train: epoch 223, iter:0, loss: 0.5026, lr: 0.0001661491825652988
2026-09-13 15:01:45 - train: epoch 223, iter:20, loss: 0.5023, lr: 0.0001661491825652988
2026-09-13 15:02:00 - val epoch: 223, loss: 0.7896
2026-09-13 15:02:00 - wave mode=full, epoch 223, alpha: 0.1309
2026-09-13 15:02:01 - train: epoch 224, iter:0, loss: 0.4753, lr: 0.0001623891289341484
2026-09-13 15:02:04 - train: epoch 224, iter:20, loss: 0.4956, lr: 0.0001623891289341484
2026-09-13 15:02:20 - val epoch: 224, loss: 0.8316
2026-09-13 15:02:20 - wave mode=full, epoch 224, alpha: 0.1310
2026-09-13 15:02:21 - train: epoch 225, iter:0, loss: 0.5195, lr: 0.0001586666464458838
2026-09-13 15:02:24 - train: epoch 225, iter:20, loss: 0.5036, lr: 0.0001586666464458838
2026-09-13 15:02:40 - val epoch: 225, loss: 0.8001
2026-09-13 15:02:40 - wave mode=full, epoch 225, alpha: 0.1310
2026-09-13 15:02:41 - train: epoch 226, iter:0, loss: 0.4884, lr: 0.00015498214331265874
2026-09-13 15:02:44 - train: epoch 226, iter:20, loss: 0.5148, lr: 0.00015498214331265874
2026-09-13 15:02:59 - val epoch: 226, loss: 0.8314
2026-09-13 15:02:59 - wave mode=full, epoch 226, alpha: 0.1310
2026-09-13 15:03:01 - train: epoch 227, iter:0, loss: 0.3999, lr: 0.00015133602358176218
2026-09-13 15:03:04 - train: epoch 227, iter:20, loss: 0.5104, lr: 0.00015133602358176218
2026-09-13 15:03:19 - val epoch: 227, loss: 0.7852
2026-09-13 15:03:19 - wave mode=full, epoch 227, alpha: 0.1310
2026-09-13 15:03:21 - train: epoch 228, iter:0, loss: 0.4534, lr: 0.00014772868709131046
2026-09-13 15:03:24 - train: epoch 228, iter:20, loss: 0.4924, lr: 0.00014772868709131046
2026-09-13 15:03:40 - val epoch: 228, loss: 0.7954
2026-09-13 15:03:40 - wave mode=full, epoch 228, alpha: 0.1310
2026-09-13 15:03:41 - train: epoch 229, iter:0, loss: 0.4487, lr: 0.00014416052942640113
2026-09-13 15:03:44 - train: epoch 229, iter:20, loss: 0.5134, lr: 0.00014416052942640113
2026-09-13 15:04:00 - val epoch: 229, loss: 0.8209
2026-09-13 15:04:00 - wave mode=full, epoch 229, alpha: 0.1312
2026-09-13 15:04:01 - train: epoch 230, iter:0, loss: 0.6089, lr: 0.0001406319418757314
2026-09-13 15:04:05 - train: epoch 230, iter:20, loss: 0.4893, lr: 0.0001406319418757314
2026-09-13 15:04:22 - val epoch: 230, loss: 0.7833, miou: 0.7970772934498084, f1_or_dsc: 0.8870818148502418, accuracy: 0.9442155856897335,                 specificity: 0.9583794694706755, sensitivity: 0.9001913249225674, confusion_matrix: [[38396033  1667464]
 [ 1286493 11603098]]
2026-09-13 15:04:22 - wave mode=full, epoch 230, alpha: 0.1312
2026-09-13 15:04:24 - train: epoch 231, iter:0, loss: 0.4417, lr: 0.00013714331138868954
2026-09-13 15:04:27 - train: epoch 231, iter:20, loss: 0.4916, lr: 0.00013714331138868954
2026-09-13 15:04:42 - val epoch: 231, loss: 0.7755
2026-09-13 15:04:42 - wave mode=full, epoch 231, alpha: 0.1312
2026-09-13 15:04:44 - train: epoch 232, iter:0, loss: 0.5011, lr: 0.00013369502053292226
2026-09-13 15:04:47 - train: epoch 232, iter:20, loss: 0.4861, lr: 0.00013369502053292226
2026-09-13 15:05:02 - val epoch: 232, loss: 0.8334
2026-09-13 15:05:02 - wave mode=full, epoch 232, alpha: 0.1312
2026-09-13 15:05:04 - train: epoch 233, iter:0, loss: 0.4396, lr: 0.0001302874474523804
2026-09-13 15:05:07 - train: epoch 233, iter:20, loss: 0.4969, lr: 0.0001302874474523804
2026-09-13 15:05:22 - val epoch: 233, loss: 0.7968
2026-09-13 15:05:22 - wave mode=full, epoch 233, alpha: 0.1313
2026-09-13 15:05:24 - train: epoch 234, iter:0, loss: 0.5482, lr: 0.00012692096582585187
2026-09-13 15:05:27 - train: epoch 234, iter:20, loss: 0.5021, lr: 0.00012692096582585187
2026-09-13 15:05:42 - val epoch: 234, loss: 0.7953
2026-09-13 15:05:42 - wave mode=full, epoch 234, alpha: 0.1314
2026-09-13 15:05:43 - train: epoch 235, iter:0, loss: 0.5162, lr: 0.00012359594482598416
2026-09-13 15:05:46 - train: epoch 235, iter:20, loss: 0.4921, lr: 0.00012359594482598416
2026-09-13 15:06:02 - val epoch: 235, loss: 0.7969
2026-09-13 15:06:02 - wave mode=full, epoch 235, alpha: 0.1314
2026-09-13 15:06:03 - train: epoch 236, iter:0, loss: 0.5482, lr: 0.00012031274907879919
2026-09-13 15:06:06 - train: epoch 236, iter:20, loss: 0.4971, lr: 0.00012031274907879919
2026-09-13 15:06:22 - val epoch: 236, loss: 0.7808
2026-09-13 15:06:22 - wave mode=full, epoch 236, alpha: 0.1314
2026-09-13 15:06:23 - train: epoch 237, iter:0, loss: 0.4104, lr: 0.00011707173862370913
2026-09-13 15:06:26 - train: epoch 237, iter:20, loss: 0.4820, lr: 0.00011707173862370913
2026-09-13 15:06:42 - val epoch: 237, loss: 0.7957
2026-09-13 15:06:42 - wave mode=full, epoch 237, alpha: 0.1314
2026-09-13 15:06:43 - train: epoch 238, iter:0, loss: 0.4705, lr: 0.00011387326887403316
2026-09-13 15:06:46 - train: epoch 238, iter:20, loss: 0.4931, lr: 0.00011387326887403316
2026-09-13 15:07:01 - val epoch: 238, loss: 0.8105
2026-09-13 15:07:01 - wave mode=full, epoch 238, alpha: 0.1315
2026-09-13 15:07:03 - train: epoch 239, iter:0, loss: 0.4236, lr: 0.00011071769057802265
2026-09-13 15:07:06 - train: epoch 239, iter:20, loss: 0.4956, lr: 0.00011071769057802265
2026-09-13 15:07:21 - val epoch: 239, loss: 0.7844
2026-09-13 15:07:21 - wave mode=full, epoch 239, alpha: 0.1315
2026-09-13 15:07:22 - train: epoch 240, iter:0, loss: 0.4905, lr: 0.0001076053497803982
2026-09-13 15:07:25 - train: epoch 240, iter:20, loss: 0.4835, lr: 0.0001076053497803982
2026-09-13 15:07:43 - val epoch: 240, loss: 0.7923, miou: 0.7967769717861931, f1_or_dsc: 0.8868957965262761, accuracy: 0.9442725795330388,                 specificity: 0.9592871036694575, sensitivity: 0.8976043537766248, confusion_matrix: [[38432396  1631101]
 [ 1319838 11569753]]
2026-09-13 15:07:43 - wave mode=full, epoch 240, alpha: 0.1315
2026-09-13 15:07:44 - train: epoch 241, iter:0, loss: 0.5105, lr: 0.00010453658778440088
2026-09-13 15:07:48 - train: epoch 241, iter:20, loss: 0.4955, lr: 0.00010453658778440088
2026-09-13 15:08:03 - val epoch: 241, loss: 0.7959
2026-09-13 15:08:03 - wave mode=full, epoch 241, alpha: 0.1315
2026-09-13 15:08:04 - train: epoch 242, iter:0, loss: 0.4013, lr: 0.00010151174111436543
2026-09-13 15:08:07 - train: epoch 242, iter:20, loss: 0.4891, lr: 0.00010151174111436543
2026-09-13 15:08:22 - val epoch: 242, loss: 0.7879
2026-09-13 15:08:22 - wave mode=full, epoch 242, alpha: 0.1316
2026-09-13 15:08:24 - train: epoch 243, iter:0, loss: 0.5784, lr: 9.853114147881633e-05
2026-09-13 15:08:27 - train: epoch 243, iter:20, loss: 0.4865, lr: 9.853114147881633e-05
2026-09-13 15:08:42 - val epoch: 243, loss: 0.7979
2026-09-13 15:08:42 - wave mode=full, epoch 243, alpha: 0.1316
2026-09-13 15:08:44 - train: epoch 244, iter:0, loss: 0.6367, lr: 9.559511573409167e-05
2026-09-13 15:08:47 - train: epoch 244, iter:20, loss: 0.4898, lr: 9.559511573409167e-05
2026-09-13 15:09:02 - val epoch: 244, loss: 0.7966
2026-09-13 15:09:02 - wave mode=full, epoch 244, alpha: 0.1316
2026-09-13 15:09:04 - train: epoch 245, iter:0, loss: 0.5220, lr: 9.270398584850061e-05
2026-09-13 15:09:07 - train: epoch 245, iter:20, loss: 0.5021, lr: 9.270398584850061e-05
2026-09-13 15:09:22 - val epoch: 245, loss: 0.7953
2026-09-13 15:09:22 - wave mode=full, epoch 245, alpha: 0.1317
2026-09-13 15:09:24 - train: epoch 246, iter:0, loss: 0.5930, lr: 8.985806886701499e-05
2026-09-13 15:09:27 - train: epoch 246, iter:20, loss: 0.4902, lr: 8.985806886701499e-05
2026-09-13 15:09:42 - val epoch: 246, loss: 0.7936
2026-09-13 15:09:42 - wave mode=full, epoch 246, alpha: 0.1317
2026-09-13 15:09:44 - train: epoch 247, iter:0, loss: 0.5966, lr: 8.705767687650239e-05
2026-09-13 15:09:47 - train: epoch 247, iter:20, loss: 0.4870, lr: 8.705767687650239e-05
2026-09-13 15:10:02 - val epoch: 247, loss: 0.7921
2026-09-13 15:10:02 - wave mode=full, epoch 247, alpha: 0.1317
2026-09-13 15:10:04 - train: epoch 248, iter:0, loss: 0.4852, lr: 8.430311697150229e-05
2026-09-13 15:10:07 - train: epoch 248, iter:20, loss: 0.5051, lr: 8.430311697150229e-05
2026-09-13 15:10:23 - val epoch: 248, loss: 0.8086
2026-09-13 15:10:23 - wave mode=full, epoch 248, alpha: 0.1317
2026-09-13 15:10:24 - train: epoch 249, iter:0, loss: 0.4799, lr: 8.159469122054909e-05
2026-09-13 15:10:28 - train: epoch 249, iter:20, loss: 0.5041, lr: 8.159469122054909e-05
2026-09-13 15:10:43 - val epoch: 249, loss: 0.7831
2026-09-13 15:10:43 - wave mode=full, epoch 249, alpha: 0.1317
2026-09-13 15:10:45 - train: epoch 250, iter:0, loss: 0.5481, lr: 7.893269663304782e-05
2026-09-13 15:10:48 - train: epoch 250, iter:20, loss: 0.5051, lr: 7.893269663304782e-05
2026-09-13 15:11:05 - val epoch: 250, loss: 0.7945, miou: 0.7985657850078038, f1_or_dsc: 0.8880028650209633, accuracy: 0.9457317201217802,                 specificity: 0.9656427645345088, sensitivity: 0.8838441033544043, confusion_matrix: [[38687026  1376471]
 [ 1497202 11392389]]
2026-09-13 15:11:05 - wave mode=full, epoch 250, alpha: 0.1318
2026-09-13 15:11:07 - train: epoch 251, iter:0, loss: 0.5047, lr: 7.631742512670282e-05
2026-09-13 15:11:10 - train: epoch 251, iter:20, loss: 0.4961, lr: 7.631742512670282e-05
2026-09-13 15:11:26 - val epoch: 251, loss: 0.8010
2026-09-13 15:11:26 - wave mode=full, epoch 251, alpha: 0.1318
2026-09-13 15:11:27 - train: epoch 252, iter:0, loss: 0.4959, lr: 7.374916349550603e-05
2026-09-13 15:11:31 - train: epoch 252, iter:20, loss: 0.4968, lr: 7.374916349550603e-05
2026-09-13 15:11:46 - val epoch: 252, loss: 0.7864
2026-09-13 15:11:46 - wave mode=full, epoch 252, alpha: 0.1318
2026-09-13 15:11:48 - train: epoch 253, iter:0, loss: 0.5337, lr: 7.122819337828741e-05
2026-09-13 15:11:51 - train: epoch 253, iter:20, loss: 0.4917, lr: 7.122819337828741e-05
2026-09-13 15:12:06 - val epoch: 253, loss: 0.7918
2026-09-13 15:12:06 - wave mode=full, epoch 253, alpha: 0.1318
2026-09-13 15:12:08 - train: epoch 254, iter:0, loss: 0.4643, lr: 6.875479122782878e-05
2026-09-13 15:12:11 - train: epoch 254, iter:20, loss: 0.4952, lr: 6.875479122782878e-05
2026-09-13 15:12:26 - val epoch: 254, loss: 0.7885
2026-09-13 15:12:26 - wave mode=full, epoch 254, alpha: 0.1318
2026-09-13 15:12:28 - train: epoch 255, iter:0, loss: 0.4363, lr: 6.632922828054862e-05
2026-09-13 15:12:31 - train: epoch 255, iter:20, loss: 0.5115, lr: 6.632922828054862e-05
2026-09-13 15:12:47 - val epoch: 255, loss: 0.7967
2026-09-13 15:12:47 - wave mode=full, epoch 255, alpha: 0.1318
2026-09-13 15:12:49 - train: epoch 256, iter:0, loss: 0.4798, lr: 6.395177052675786e-05
2026-09-13 15:12:52 - train: epoch 256, iter:20, loss: 0.4823, lr: 6.395177052675786e-05
2026-09-13 15:13:08 - val epoch: 256, loss: 0.7850
2026-09-13 15:13:08 - wave mode=full, epoch 256, alpha: 0.1318
2026-09-13 15:13:10 - train: epoch 257, iter:0, loss: 0.4266, lr: 6.162267868149065e-05
2026-09-13 15:13:13 - train: epoch 257, iter:20, loss: 0.4839, lr: 6.162267868149065e-05
2026-09-13 15:13:28 - val epoch: 257, loss: 0.8075
2026-09-13 15:13:28 - wave mode=full, epoch 257, alpha: 0.1319
2026-09-13 15:13:29 - train: epoch 258, iter:0, loss: 0.5222, lr: 5.934220815591413e-05
2026-09-13 15:13:33 - train: epoch 258, iter:20, loss: 0.4970, lr: 5.934220815591413e-05
2026-09-13 15:13:48 - val epoch: 258, loss: 0.8016
2026-09-13 15:13:48 - wave mode=full, epoch 258, alpha: 0.1319
2026-09-13 15:13:50 - train: epoch 259, iter:0, loss: 0.5296, lr: 5.711060902932035e-05
2026-09-13 15:13:53 - train: epoch 259, iter:20, loss: 0.4878, lr: 5.711060902932035e-05
2026-09-13 15:14:08 - val epoch: 259, loss: 0.7906
2026-09-13 15:14:08 - wave mode=full, epoch 259, alpha: 0.1319
2026-09-13 15:14:09 - train: epoch 260, iter:0, loss: 0.4802, lr: 5.492812602170101e-05
2026-09-13 15:14:12 - train: epoch 260, iter:20, loss: 0.4890, lr: 5.492812602170101e-05
2026-09-13 15:14:30 - val epoch: 260, loss: 0.7917, miou: 0.7991480154799443, f1_or_dsc: 0.8883627234713781, accuracy: 0.9455175683049872,                 specificity: 0.9632012901919171, sensitivity: 0.8905529275521621, confusion_matrix: [[38589212  1474285]
 [ 1410728 11478863]]
2026-09-13 15:14:30 - wave mode=full, epoch 260, alpha: 0.1319
2026-09-13 15:14:31 - train: epoch 261, iter:0, loss: 0.5920, lr: 5.279499846691256e-05
2026-09-13 15:14:35 - train: epoch 261, iter:20, loss: 0.4806, lr: 5.279499846691256e-05
2026-09-13 15:14:50 - val epoch: 261, loss: 0.7923
2026-09-13 15:14:50 - wave mode=full, epoch 261, alpha: 0.1320
2026-09-13 15:14:51 - train: epoch 262, iter:0, loss: 0.5318, lr: 5.071146028642938e-05
2026-09-13 15:14:54 - train: epoch 262, iter:20, loss: 0.4784, lr: 5.071146028642938e-05
2026-09-13 15:15:10 - val epoch: 262, loss: 0.7964
2026-09-13 15:15:10 - wave mode=full, epoch 262, alpha: 0.1320
2026-09-13 15:15:12 - train: epoch 263, iter:0, loss: 0.4629, lr: 4.867773996369213e-05
2026-09-13 15:15:15 - train: epoch 263, iter:20, loss: 0.5001, lr: 4.867773996369213e-05
2026-09-13 15:15:30 - val epoch: 263, loss: 0.7929
2026-09-13 15:15:30 - wave mode=full, epoch 263, alpha: 0.1320
2026-09-13 15:15:32 - train: epoch 264, iter:0, loss: 0.4666, lr: 4.669406051905255e-05
2026-09-13 15:15:35 - train: epoch 264, iter:20, loss: 0.4813, lr: 4.669406051905255e-05
2026-09-13 15:15:50 - val epoch: 264, loss: 0.8022
2026-09-13 15:15:50 - wave mode=full, epoch 264, alpha: 0.1320
2026-09-13 15:15:51 - train: epoch 265, iter:0, loss: 0.3704, lr: 4.476063948531553e-05
2026-09-13 15:15:55 - train: epoch 265, iter:20, loss: 0.4782, lr: 4.476063948531553e-05
2026-09-13 15:16:10 - val epoch: 265, loss: 0.7957
2026-09-13 15:16:10 - wave mode=full, epoch 265, alpha: 0.1320
2026-09-13 15:16:11 - train: epoch 266, iter:0, loss: 0.4852, lr: 4.2877688883885086e-05
2026-09-13 15:16:14 - train: epoch 266, iter:20, loss: 0.4842, lr: 4.2877688883885086e-05
2026-09-13 15:16:29 - val epoch: 266, loss: 0.8024
2026-09-13 15:16:29 - wave mode=full, epoch 266, alpha: 0.1320
2026-09-13 15:16:31 - train: epoch 267, iter:0, loss: 0.4838, lr: 4.1045415201513684e-05
2026-09-13 15:16:34 - train: epoch 267, iter:20, loss: 0.4829, lr: 4.1045415201513684e-05
2026-09-13 15:16:49 - val epoch: 267, loss: 0.7962
2026-09-13 15:16:49 - wave mode=full, epoch 267, alpha: 0.1321
2026-09-13 15:16:50 - train: epoch 268, iter:0, loss: 0.5359, lr: 3.926401936765836e-05
2026-09-13 15:16:54 - train: epoch 268, iter:20, loss: 0.4807, lr: 3.926401936765836e-05
2026-09-13 15:17:08 - val epoch: 268, loss: 0.7954
2026-09-13 15:17:08 - wave mode=full, epoch 268, alpha: 0.1321
2026-09-13 15:17:10 - train: epoch 269, iter:0, loss: 0.4772, lr: 3.753369673244687e-05
2026-09-13 15:17:13 - train: epoch 269, iter:20, loss: 0.4891, lr: 3.753369673244687e-05
2026-09-13 15:17:28 - val epoch: 269, loss: 0.8026
2026-09-13 15:17:28 - wave mode=full, epoch 269, alpha: 0.1321
2026-09-13 15:17:30 - train: epoch 270, iter:0, loss: 0.5184, lr: 3.5854637045255115e-05
2026-09-13 15:17:33 - train: epoch 270, iter:20, loss: 0.4901, lr: 3.5854637045255115e-05
2026-09-13 15:17:50 - val epoch: 270, loss: 0.7952, miou: 0.7976686665100914, f1_or_dsc: 0.8874479278304911, accuracy: 0.944816003931631,                 specificity: 0.9612397040627781, sensitivity: 0.8937677696677885, confusion_matrix: [[38510624  1552873]
 [ 1369290 11520301]]
2026-09-13 15:17:50 - wave mode=full, epoch 270, alpha: 0.1321
2026-09-13 15:17:52 - train: epoch 271, iter:0, loss: 0.4488, lr: 3.422702443389897e-05
2026-09-13 15:17:55 - train: epoch 271, iter:20, loss: 0.5004, lr: 3.422702443389897e-05
2026-09-13 15:18:10 - val epoch: 271, loss: 0.7949
2026-09-13 15:18:10 - wave mode=full, epoch 271, alpha: 0.1321
2026-09-13 15:18:11 - train: epoch 272, iter:0, loss: 0.4832, lr: 3.265103738444294e-05
2026-09-13 15:18:15 - train: epoch 272, iter:20, loss: 0.4877, lr: 3.265103738444294e-05
2026-09-13 15:18:30 - val epoch: 272, loss: 0.7967
2026-09-13 15:18:30 - wave mode=full, epoch 272, alpha: 0.1321
2026-09-13 15:18:31 - train: epoch 273, iter:0, loss: 0.4871, lr: 3.112684872162669e-05
2026-09-13 15:18:35 - train: epoch 273, iter:20, loss: 0.5104, lr: 3.112684872162669e-05
2026-09-13 15:18:50 - val epoch: 273, loss: 0.8011
2026-09-13 15:18:50 - wave mode=full, epoch 273, alpha: 0.1321
2026-09-13 15:18:52 - train: epoch 274, iter:0, loss: 0.5214, lr: 2.9654625589913163e-05
2026-09-13 15:18:55 - train: epoch 274, iter:20, loss: 0.5021, lr: 2.9654625589913163e-05
2026-09-13 15:19:10 - val epoch: 274, loss: 0.7983
2026-09-13 15:19:10 - wave mode=full, epoch 274, alpha: 0.1321
2026-09-13 15:19:12 - train: epoch 275, iter:0, loss: 0.4998, lr: 2.823452943515922e-05
2026-09-13 15:19:15 - train: epoch 275, iter:20, loss: 0.4998, lr: 2.823452943515922e-05
2026-09-13 15:19:31 - val epoch: 275, loss: 0.8001
2026-09-13 15:19:31 - wave mode=full, epoch 275, alpha: 0.1321
2026-09-13 15:19:32 - train: epoch 276, iter:0, loss: 0.5826, lr: 2.6866715986911168e-05
2026-09-13 15:19:36 - train: epoch 276, iter:20, loss: 0.4893, lr: 2.6866715986911168e-05
2026-09-13 15:19:51 - val epoch: 276, loss: 0.8056
2026-09-13 15:19:51 - wave mode=full, epoch 276, alpha: 0.1321
2026-09-13 15:19:53 - train: epoch 277, iter:0, loss: 0.4732, lr: 2.5551335241327604e-05
2026-09-13 15:19:56 - train: epoch 277, iter:20, loss: 0.4802, lr: 2.5551335241327604e-05
2026-09-13 15:20:11 - val epoch: 277, loss: 0.8048
2026-09-13 15:20:11 - wave mode=full, epoch 277, alpha: 0.1321
2026-09-13 15:20:12 - train: epoch 278, iter:0, loss: 0.5646, lr: 2.4288531444730185e-05
2026-09-13 15:20:16 - train: epoch 278, iter:20, loss: 0.4826, lr: 2.4288531444730185e-05
2026-09-13 15:20:31 - val epoch: 278, loss: 0.8020
2026-09-13 15:20:31 - wave mode=full, epoch 278, alpha: 0.1321
2026-09-13 15:20:33 - train: epoch 279, iter:0, loss: 0.4337, lr: 2.3078443077785645e-05
2026-09-13 15:20:36 - train: epoch 279, iter:20, loss: 0.4846, lr: 2.3078443077785645e-05
2026-09-13 15:20:51 - val epoch: 279, loss: 0.7979
2026-09-13 15:20:51 - wave mode=full, epoch 279, alpha: 0.1322
2026-09-13 15:20:53 - train: epoch 280, iter:0, loss: 0.4479, lr: 2.1921202840320064e-05
2026-09-13 15:20:56 - train: epoch 280, iter:20, loss: 0.4864, lr: 2.1921202840320064e-05
2026-09-13 15:21:14 - val epoch: 280, loss: 0.8008, miou: 0.7972764759688893, f1_or_dsc: 0.8872051536078638, accuracy: 0.9449044218157777,                 specificity: 0.9625135818772884, sensitivity: 0.8901715345351144, confusion_matrix: [[38561660  1501837]
 [ 1415644 11473947]]
2026-09-13 15:21:14 - wave mode=full, epoch 280, alpha: 0.1322
2026-09-13 15:21:15 - train: epoch 281, iter:0, loss: 0.7239, lr: 2.081693763676623e-05
2026-09-13 15:21:19 - train: epoch 281, iter:20, loss: 0.4852, lr: 2.081693763676623e-05
2026-09-13 15:21:34 - val epoch: 281, loss: 0.8000
2026-09-13 15:21:34 - wave mode=full, epoch 281, alpha: 0.1322
2026-09-13 15:21:35 - train: epoch 282, iter:0, loss: 0.3983, lr: 1.9765768562247723e-05
2026-09-13 15:21:39 - train: epoch 282, iter:20, loss: 0.4894, lr: 1.9765768562247723e-05
2026-09-13 15:21:54 - val epoch: 282, loss: 0.7970
2026-09-13 15:21:54 - wave mode=full, epoch 282, alpha: 0.1322
2026-09-13 15:21:55 - train: epoch 283, iter:0, loss: 0.4335, lr: 1.876781088929913e-05
2026-09-13 15:21:58 - train: epoch 283, iter:20, loss: 0.4720, lr: 1.876781088929913e-05
2026-09-13 15:22:13 - val epoch: 283, loss: 0.7977
2026-09-13 15:22:13 - wave mode=full, epoch 283, alpha: 0.1322
2026-09-13 15:22:15 - train: epoch 284, iter:0, loss: 0.4074, lr: 1.7823174055225262e-05
2026-09-13 15:22:18 - train: epoch 284, iter:20, loss: 0.4732, lr: 1.7823174055225262e-05
2026-09-13 15:22:34 - val epoch: 284, loss: 0.8007
2026-09-13 15:22:34 - wave mode=full, epoch 284, alpha: 0.1322
2026-09-13 15:22:35 - train: epoch 285, iter:0, loss: 0.4016, lr: 1.693196165010003e-05
2026-09-13 15:22:38 - train: epoch 285, iter:20, loss: 0.4907, lr: 1.693196165010003e-05
2026-09-13 15:22:53 - val epoch: 285, loss: 0.7994
2026-09-13 15:22:53 - wave mode=full, epoch 285, alpha: 0.1322
2026-09-13 15:22:55 - train: epoch 286, iter:0, loss: 0.5966, lr: 1.6094271405406855e-05
2026-09-13 15:22:58 - train: epoch 286, iter:20, loss: 0.4833, lr: 1.6094271405406855e-05
2026-09-13 15:23:13 - val epoch: 286, loss: 0.7973
2026-09-13 15:23:13 - wave mode=full, epoch 286, alpha: 0.1322
2026-09-13 15:23:15 - train: epoch 287, iter:0, loss: 0.7489, lr: 1.5310195183320773e-05
2026-09-13 15:23:18 - train: epoch 287, iter:20, loss: 0.4971, lr: 1.5310195183320773e-05
2026-09-13 15:23:33 - val epoch: 287, loss: 0.7987
2026-09-13 15:23:33 - wave mode=full, epoch 287, alpha: 0.1322
2026-09-13 15:23:35 - train: epoch 288, iter:0, loss: 0.4717, lr: 1.4579818966635417e-05
2026-09-13 15:23:38 - train: epoch 288, iter:20, loss: 0.4826, lr: 1.4579818966635417e-05
2026-09-13 15:23:53 - val epoch: 288, loss: 0.7985
2026-09-13 15:23:53 - wave mode=full, epoch 288, alpha: 0.1322
2026-09-13 15:23:55 - train: epoch 289, iter:0, loss: 0.5423, lr: 1.3903222849333505e-05
2026-09-13 15:23:58 - train: epoch 289, iter:20, loss: 0.4753, lr: 1.3903222849333505e-05
2026-09-13 15:24:13 - val epoch: 289, loss: 0.7978
2026-09-13 15:24:13 - wave mode=full, epoch 289, alpha: 0.1322
2026-09-13 15:24:15 - train: epoch 290, iter:0, loss: 0.4989, lr: 1.3280481027803759e-05
2026-09-13 15:24:18 - train: epoch 290, iter:20, loss: 0.4954, lr: 1.3280481027803759e-05
2026-09-13 15:24:36 - val epoch: 290, loss: 0.8029, miou: 0.7976347121018909, f1_or_dsc: 0.8874269135237755, accuracy: 0.945232617973101,                 specificity: 0.9640212635457159, sensitivity: 0.8868336473981214, confusion_matrix: [[38622063  1441434]
 [ 1458668 11430923]]
2026-09-13 15:24:36 - wave mode=full, epoch 290, alpha: 0.1322
2026-09-13 15:24:37 - train: epoch 291, iter:0, loss: 0.4501, lr: 1.271166179270472e-05
2026-09-13 15:24:41 - train: epoch 291, iter:20, loss: 0.4816, lr: 1.271166179270472e-05
2026-09-13 15:24:56 - val epoch: 291, loss: 0.8035
2026-09-13 15:24:56 - wave mode=full, epoch 291, alpha: 0.1322
2026-09-13 15:24:57 - train: epoch 292, iter:0, loss: 0.4726, lr: 1.21968275214754e-05
2026-09-13 15:25:01 - train: epoch 292, iter:20, loss: 0.4805, lr: 1.21968275214754e-05
2026-09-13 15:25:16 - val epoch: 292, loss: 0.7979
2026-09-13 15:25:16 - wave mode=full, epoch 292, alpha: 0.1322
2026-09-13 15:25:17 - train: epoch 293, iter:0, loss: 0.4644, lr: 1.1736034671495336e-05
2026-09-13 15:25:20 - train: epoch 293, iter:20, loss: 0.4906, lr: 1.1736034671495336e-05
2026-09-13 15:25:36 - val epoch: 293, loss: 0.8005
2026-09-13 15:25:36 - wave mode=full, epoch 293, alpha: 0.1322
2026-09-13 15:25:37 - train: epoch 294, iter:0, loss: 0.3762, lr: 1.1329333773893242e-05
2026-09-13 15:25:41 - train: epoch 294, iter:20, loss: 0.4845, lr: 1.1329333773893242e-05
2026-09-13 15:25:56 - val epoch: 294, loss: 0.8010
2026-09-13 15:25:56 - wave mode=full, epoch 294, alpha: 0.1322
2026-09-13 15:25:57 - train: epoch 295, iter:0, loss: 0.4408, lr: 1.0976769428005577e-05
2026-09-13 15:26:00 - train: epoch 295, iter:20, loss: 0.4752, lr: 1.0976769428005577e-05
2026-09-13 15:26:16 - val epoch: 295, loss: 0.7998
2026-09-13 15:26:16 - wave mode=full, epoch 295, alpha: 0.1322
2026-09-13 15:26:17 - train: epoch 296, iter:0, loss: 0.4941, lr: 1.0678380296485951e-05
2026-09-13 15:26:20 - train: epoch 296, iter:20, loss: 0.4873, lr: 1.0678380296485951e-05
2026-09-13 15:26:36 - val epoch: 296, loss: 0.8006
2026-09-13 15:26:36 - wave mode=full, epoch 296, alpha: 0.1322
2026-09-13 15:26:37 - train: epoch 297, iter:0, loss: 0.4223, lr: 1.04341991010651e-05
2026-09-13 15:26:40 - train: epoch 297, iter:20, loss: 0.4764, lr: 1.04341991010651e-05
2026-09-13 15:26:56 - val epoch: 297, loss: 0.7977
2026-09-13 15:26:56 - wave mode=full, epoch 297, alpha: 0.1322
2026-09-13 15:26:57 - train: epoch 298, iter:0, loss: 0.4706, lr: 1.0244252618962858e-05
2026-09-13 15:27:01 - train: epoch 298, iter:20, loss: 0.4936, lr: 1.0244252618962858e-05
2026-09-13 15:27:16 - val epoch: 298, loss: 0.7949
2026-09-13 15:27:16 - wave mode=full, epoch 298, alpha: 0.1322
2026-09-13 15:27:18 - train: epoch 299, iter:0, loss: 0.4677, lr: 1.0108561679951479e-05
2026-09-13 15:27:21 - train: epoch 299, iter:20, loss: 0.4712, lr: 1.0108561679951479e-05
2026-09-13 15:27:36 - val epoch: 299, loss: 0.8001
2026-09-13 15:27:36 - wave mode=full, epoch 299, alpha: 0.1323
2026-09-13 15:27:37 - train: epoch 300, iter:0, loss: 0.4914, lr: 1.002714116407149e-05
2026-09-13 15:27:41 - train: epoch 300, iter:20, loss: 0.4708, lr: 1.002714116407149e-05
2026-09-13 15:27:58 - val epoch: 300, loss: 0.7996, miou: 0.79819967430944, f1_or_dsc: 0.8877764641081602, accuracy: 0.945290499394483,                 specificity: 0.9633989264591656, sensitivity: 0.889005787693341, confusion_matrix: [[38597130  1466367]
 [ 1430670 11458921]]
2026-09-13 15:27:58 - wave mode=full, epoch 300, alpha: 0.1323
2026-09-13 15:28:28 - evaluation split=V_dev, loss: 0.7626,miou: 0.802540996909477, f1_or_dsc: 0.8904551944010851, accuracy: 0.9460058495549872,                 specificity: 0.9603090314357731, sensitivity: 0.901548621674652, confusion_matrix: [[38473338  1590159]
 [ 1268998 11620593]]
2026-09-13 15:28:28 - #----------Config info----------#
2026-09-13 15:28:28 - network: ege_wave_unet,
2026-09-13 15:28:28 - wave_mode: ll_only,
2026-09-13 15:28:28 - fusion_type: scalar,
2026-09-13 15:28:28 - work_dir: results/retrain_wave_ll_only_v1_20260912/,
2026-09-13 15:28:28 - epochs: 300,
2026-09-13 15:28:28 - val_interval: 10,
2026-09-13 15:28:28 - save_interval: 10,
2026-09-13 15:28:28 - num_workers: 4,
2026-09-13 15:28:28 - batch_size: 64,
2026-09-13 15:28:28 - gradient_accumulation_steps: 1,
2026-09-13 15:28:28 - seed: 42,
2026-09-13 15:28:30 - train: epoch 1, iter:0, loss: 5.6156, lr: 0.001
2026-09-13 15:28:33 - train: epoch 1, iter:20, loss: 3.1145, lr: 0.001
2026-09-13 15:28:48 - val epoch: 1, loss: 2.0625
2026-09-13 15:28:48 - wave mode=ll_only, epoch 1, alpha: 0.0996
2026-09-13 15:28:50 - train: epoch 2, iter:0, loss: 1.9220, lr: 0.0009999728588359286
2026-09-13 15:28:53 - train: epoch 2, iter:20, loss: 1.6854, lr: 0.0009999728588359286
2026-09-13 15:29:08 - val epoch: 2, loss: 1.4646
2026-09-13 15:29:08 - wave mode=ll_only, epoch 2, alpha: 0.0997
2026-09-13 15:29:10 - train: epoch 3, iter:0, loss: 1.8500, lr: 0.0009998914383200486
2026-09-13 15:29:13 - train: epoch 3, iter:20, loss: 1.4192, lr: 0.0009998914383200486
2026-09-13 15:29:29 - val epoch: 3, loss: 1.3393
2026-09-13 15:29:29 - wave mode=ll_only, epoch 3, alpha: 0.0996
2026-09-13 15:29:30 - train: epoch 4, iter:0, loss: 1.5568, lr: 0.0009997557473810372
2026-09-13 15:29:33 - train: epoch 4, iter:20, loss: 1.3131, lr: 0.0009997557473810372
2026-09-13 15:29:49 - val epoch: 4, loss: 1.4315
2026-09-13 15:29:49 - wave mode=ll_only, epoch 4, alpha: 0.0997
2026-09-13 15:29:50 - train: epoch 5, iter:0, loss: 1.0520, lr: 0.000999565800898935
2026-09-13 15:29:54 - train: epoch 5, iter:20, loss: 1.2406, lr: 0.000999565800898935
2026-09-13 15:30:09 - val epoch: 5, loss: 1.3720
2026-09-13 15:30:09 - wave mode=ll_only, epoch 5, alpha: 0.0999
2026-09-13 15:30:11 - train: epoch 6, iter:0, loss: 1.1608, lr: 0.0009993216197035143
2026-09-13 15:30:14 - train: epoch 6, iter:20, loss: 1.2381, lr: 0.0009993216197035143
2026-09-13 15:30:30 - val epoch: 6, loss: 1.1662
2026-09-13 15:30:30 - wave mode=ll_only, epoch 6, alpha: 0.1000
2026-09-13 15:30:31 - train: epoch 7, iter:0, loss: 0.9486, lr: 0.0009990232305719946
2026-09-13 15:30:34 - train: epoch 7, iter:20, loss: 1.1519, lr: 0.0009990232305719946
2026-09-13 15:30:50 - val epoch: 7, loss: 1.1614
2026-09-13 15:30:50 - wave mode=ll_only, epoch 7, alpha: 0.1002
2026-09-13 15:30:51 - train: epoch 8, iter:0, loss: 1.2988, lr: 0.0009986706662261067
2026-09-13 15:30:54 - train: epoch 8, iter:20, loss: 1.1181, lr: 0.0009986706662261067
2026-09-13 15:31:10 - val epoch: 8, loss: 1.2489
2026-09-13 15:31:10 - wave mode=ll_only, epoch 8, alpha: 0.1004
2026-09-13 15:31:12 - train: epoch 9, iter:0, loss: 1.0394, lr: 0.0009982639653285047
2026-09-13 15:31:15 - train: epoch 9, iter:20, loss: 1.0360, lr: 0.0009982639653285047
2026-09-13 15:31:30 - val epoch: 9, loss: 1.1078
2026-09-13 15:31:30 - wave mode=ll_only, epoch 9, alpha: 0.1006
2026-09-13 15:31:32 - train: epoch 10, iter:0, loss: 1.0785, lr: 0.0009978031724785245
2026-09-13 15:31:35 - train: epoch 10, iter:20, loss: 1.0098, lr: 0.0009978031724785245
2026-09-13 15:31:53 - val epoch: 10, loss: 1.1158, miou: 0.7410065606268436, f1_or_dsc: 0.8512392513444024, accuracy: 0.9268067992559754,                 specificity: 0.9481999786488933, sensitivity: 0.8603124024649037, confusion_matrix: [[37988207  2075290]
 [ 1800516 11089075]]
2026-09-13 15:31:53 - wave mode=ll_only, epoch 10, alpha: 0.1009
2026-09-13 15:31:54 - train: epoch 11, iter:0, loss: 1.1252, lr: 0.0009972883382072953
2026-09-13 15:31:57 - train: epoch 11, iter:20, loss: 1.0029, lr: 0.0009972883382072953
2026-09-13 15:32:13 - val epoch: 11, loss: 1.0490
2026-09-13 15:32:13 - wave mode=ll_only, epoch 11, alpha: 0.1012
2026-09-13 15:32:14 - train: epoch 12, iter:0, loss: 0.8168, lr: 0.0009967195189721962
2026-09-13 15:32:18 - train: epoch 12, iter:20, loss: 0.9967, lr: 0.0009967195189721962
2026-09-13 15:32:33 - val epoch: 12, loss: 1.1599
2026-09-13 15:32:33 - wave mode=ll_only, epoch 12, alpha: 0.1018
2026-09-13 15:32:35 - train: epoch 13, iter:0, loss: 0.9480, lr: 0.0009960967771506667
2026-09-13 15:32:38 - train: epoch 13, iter:20, loss: 1.0165, lr: 0.0009960967771506667
2026-09-13 15:32:53 - val epoch: 13, loss: 1.0291
2026-09-13 15:32:53 - wave mode=ll_only, epoch 13, alpha: 0.1022
2026-09-13 15:32:54 - train: epoch 14, iter:0, loss: 1.0317, lr: 0.0009954201810333646
2026-09-13 15:32:58 - train: epoch 14, iter:20, loss: 0.9412, lr: 0.0009954201810333646
2026-09-13 15:33:13 - val epoch: 14, loss: 1.0464
2026-09-13 15:33:13 - wave mode=ll_only, epoch 14, alpha: 0.1030
2026-09-13 15:33:15 - train: epoch 15, iter:0, loss: 0.9748, lr: 0.0009946898048166792
2026-09-13 15:33:18 - train: epoch 15, iter:20, loss: 0.9402, lr: 0.0009946898048166792
2026-09-13 15:33:33 - val epoch: 15, loss: 1.0272
2026-09-13 15:33:33 - wave mode=ll_only, epoch 15, alpha: 0.1034
2026-09-13 15:33:34 - train: epoch 16, iter:0, loss: 0.9829, lr: 0.000993905728594593
2026-09-13 15:33:38 - train: epoch 16, iter:20, loss: 0.9211, lr: 0.000993905728594593
2026-09-13 15:33:53 - val epoch: 16, loss: 1.0199
2026-09-13 15:33:53 - wave mode=ll_only, epoch 16, alpha: 0.1039
2026-09-13 15:33:54 - train: epoch 17, iter:0, loss: 1.0013, lr: 0.0009930680383498998
2026-09-13 15:33:57 - train: epoch 17, iter:20, loss: 0.8789, lr: 0.0009930680383498998
2026-09-13 15:34:13 - val epoch: 17, loss: 0.9941
2026-09-13 15:34:13 - wave mode=ll_only, epoch 17, alpha: 0.1047
2026-09-13 15:34:14 - train: epoch 18, iter:0, loss: 0.9473, lr: 0.0009921768259447744
2026-09-13 15:34:17 - train: epoch 18, iter:20, loss: 0.8662, lr: 0.0009921768259447744
2026-09-13 15:34:33 - val epoch: 18, loss: 1.1219
2026-09-13 15:34:33 - wave mode=ll_only, epoch 18, alpha: 0.1051
2026-09-13 15:34:34 - train: epoch 19, iter:0, loss: 1.0611, lr: 0.0009912321891107007
2026-09-13 15:34:38 - train: epoch 19, iter:20, loss: 0.9239, lr: 0.0009912321891107007
2026-09-13 15:34:53 - val epoch: 19, loss: 1.0787
2026-09-13 15:34:53 - wave mode=ll_only, epoch 19, alpha: 0.1059
2026-09-13 15:34:54 - train: epoch 20, iter:0, loss: 0.9916, lr: 0.0009902342314377522
2026-09-13 15:34:58 - train: epoch 20, iter:20, loss: 0.8544, lr: 0.0009902342314377522
2026-09-13 15:35:15 - val epoch: 20, loss: 0.9889, miou: 0.7547626833839591, f1_or_dsc: 0.8602447391101828, accuracy: 0.9283411573655534,                 specificity: 0.9355171367092593, sensitivity: 0.9060367392572813, confusion_matrix: [[37480088  2583409]
 [ 1211148 11678443]]
2026-09-13 15:35:15 - wave mode=ll_only, epoch 20, alpha: 0.1063
2026-09-13 15:35:17 - train: epoch 21, iter:0, loss: 0.8868, lr: 0.0009891830623632338
2026-09-13 15:35:20 - train: epoch 21, iter:20, loss: 0.8480, lr: 0.0009891830623632338
2026-09-13 15:35:35 - val epoch: 21, loss: 1.0073
2026-09-13 15:35:35 - wave mode=ll_only, epoch 21, alpha: 0.1070
2026-09-13 15:35:36 - train: epoch 22, iter:0, loss: 1.0405, lr: 0.00098807879715968
2026-09-13 15:35:39 - train: epoch 22, iter:20, loss: 0.8135, lr: 0.00098807879715968
2026-09-13 15:35:55 - val epoch: 22, loss: 0.9486
2026-09-13 15:35:55 - wave mode=ll_only, epoch 22, alpha: 0.1074
2026-09-13 15:35:56 - train: epoch 23, iter:0, loss: 0.7621, lr: 0.0009869215569222143
2026-09-13 15:35:59 - train: epoch 23, iter:20, loss: 0.8177, lr: 0.0009869215569222143
2026-09-13 15:36:14 - val epoch: 23, loss: 0.9967
2026-09-13 15:36:14 - wave mode=ll_only, epoch 23, alpha: 0.1082
2026-09-13 15:36:16 - train: epoch 24, iter:0, loss: 0.8300, lr: 0.0009857114685552697
2026-09-13 15:36:19 - train: epoch 24, iter:20, loss: 0.8535, lr: 0.0009857114685552697
2026-09-13 15:36:34 - val epoch: 24, loss: 0.9635
2026-09-13 15:36:34 - wave mode=ll_only, epoch 24, alpha: 0.1089
2026-09-13 15:36:35 - train: epoch 25, iter:0, loss: 0.7100, lr: 0.0009844486647586721
2026-09-13 15:36:39 - train: epoch 25, iter:20, loss: 0.7978, lr: 0.0009844486647586721
2026-09-13 15:36:54 - val epoch: 25, loss: 0.9287
2026-09-13 15:36:54 - wave mode=ll_only, epoch 25, alpha: 0.1094
2026-09-13 15:36:56 - train: epoch 26, iter:0, loss: 0.7418, lr: 0.0009831332840130884
2026-09-13 15:36:59 - train: epoch 26, iter:20, loss: 0.8191, lr: 0.0009831332840130884
2026-09-13 15:37:14 - val epoch: 26, loss: 0.9944
2026-09-13 15:37:14 - wave mode=ll_only, epoch 26, alpha: 0.1099
2026-09-13 15:37:16 - train: epoch 27, iter:0, loss: 0.7624, lr: 0.0009817654705648405
2026-09-13 15:37:19 - train: epoch 27, iter:20, loss: 0.7928, lr: 0.0009817654705648405
2026-09-13 15:37:34 - val epoch: 27, loss: 1.0075
2026-09-13 15:37:34 - wave mode=ll_only, epoch 27, alpha: 0.1100
2026-09-13 15:37:36 - train: epoch 28, iter:0, loss: 0.7941, lr: 0.0009803453744100864
2026-09-13 15:37:39 - train: epoch 28, iter:20, loss: 0.7818, lr: 0.0009803453744100864
2026-09-13 15:37:54 - val epoch: 28, loss: 0.9668
2026-09-13 15:37:55 - wave mode=ll_only, epoch 28, alpha: 0.1103
2026-09-13 15:37:56 - train: epoch 29, iter:0, loss: 0.9207, lr: 0.0009788731512783728
2026-09-13 15:37:59 - train: epoch 29, iter:20, loss: 0.8069, lr: 0.0009788731512783728
2026-09-13 15:38:15 - val epoch: 29, loss: 0.9430
2026-09-13 15:38:15 - wave mode=ll_only, epoch 29, alpha: 0.1107
2026-09-13 15:38:16 - train: epoch 30, iter:0, loss: 0.7001, lr: 0.0009773489626155566
2026-09-13 15:38:19 - train: epoch 30, iter:20, loss: 0.7845, lr: 0.0009773489626155566
2026-09-13 15:38:37 - val epoch: 30, loss: 0.9357, miou: 0.7659163403591629, f1_or_dsc: 0.8674435168354421, accuracy: 0.9362791457978805,                 specificity: 0.9619358739453023, sensitivity: 0.8565327635298902, confusion_matrix: [[38538515  1524982]
 [ 1849234 11040357]]
2026-09-13 15:38:37 - wave mode=ll_only, epoch 30, alpha: 0.1112
2026-09-13 15:38:39 - train: epoch 31, iter:0, loss: 0.7182, lr: 0.0009757729755661006
2026-09-13 15:38:43 - train: epoch 31, iter:20, loss: 0.7505, lr: 0.0009757729755661006
2026-09-13 15:38:58 - val epoch: 31, loss: 0.9671
2026-09-13 15:38:58 - wave mode=ll_only, epoch 31, alpha: 0.1117
2026-09-13 15:38:59 - train: epoch 32, iter:0, loss: 0.6805, lr: 0.0009741453629547445
2026-09-13 15:39:02 - train: epoch 32, iter:20, loss: 0.7568, lr: 0.0009741453629547445
2026-09-13 15:39:18 - val epoch: 32, loss: 1.0034
2026-09-13 15:39:18 - wave mode=ll_only, epoch 32, alpha: 0.1122
2026-09-13 15:39:20 - train: epoch 33, iter:0, loss: 0.6753, lr: 0.0009724663032675527
2026-09-13 15:39:23 - train: epoch 33, iter:20, loss: 0.7506, lr: 0.0009724663032675527
2026-09-13 15:39:38 - val epoch: 33, loss: 0.9668
2026-09-13 15:39:38 - wave mode=ll_only, epoch 33, alpha: 0.1122
2026-09-13 15:39:40 - train: epoch 34, iter:0, loss: 0.5761, lr: 0.0009707359806323412
2026-09-13 15:39:43 - train: epoch 34, iter:20, loss: 0.7569, lr: 0.0009707359806323412
2026-09-13 15:39:58 - val epoch: 34, loss: 0.9112
2026-09-13 15:39:58 - wave mode=ll_only, epoch 34, alpha: 0.1124
2026-09-13 15:40:00 - train: epoch 35, iter:0, loss: 0.6034, lr: 0.0009689545847984858
2026-09-13 15:40:03 - train: epoch 35, iter:20, loss: 0.7461, lr: 0.0009689545847984858
2026-09-13 15:40:22 - val epoch: 35, loss: 0.9522
2026-09-13 15:40:22 - wave mode=ll_only, epoch 35, alpha: 0.1127
2026-09-13 15:40:23 - train: epoch 36, iter:0, loss: 0.8516, lr: 0.0009671223111161144
2026-09-13 15:40:27 - train: epoch 36, iter:20, loss: 0.7584, lr: 0.0009671223111161144
2026-09-13 15:40:42 - val epoch: 36, loss: 0.9137
2026-09-13 15:40:42 - wave mode=ll_only, epoch 36, alpha: 0.1133
2026-09-13 15:40:44 - train: epoch 37, iter:0, loss: 0.9530, lr: 0.000965239360514684
2026-09-13 15:40:47 - train: epoch 37, iter:20, loss: 0.7330, lr: 0.000965239360514684
2026-09-13 15:41:02 - val epoch: 37, loss: 0.9888
2026-09-13 15:41:02 - wave mode=ll_only, epoch 37, alpha: 0.1133
2026-09-13 15:41:04 - train: epoch 38, iter:0, loss: 0.8157, lr: 0.000963305939480947
2026-09-13 15:41:07 - train: epoch 38, iter:20, loss: 0.7700, lr: 0.000963305939480947
2026-09-13 15:41:22 - val epoch: 38, loss: 0.9956
2026-09-13 15:41:22 - wave mode=ll_only, epoch 38, alpha: 0.1133
2026-09-13 15:41:24 - train: epoch 39, iter:0, loss: 0.7510, lr: 0.0009613222600363074
2026-09-13 15:41:27 - train: epoch 39, iter:20, loss: 0.7734, lr: 0.0009613222600363074
2026-09-13 15:41:43 - val epoch: 39, loss: 0.9338
2026-09-13 15:41:43 - wave mode=ll_only, epoch 39, alpha: 0.1136
2026-09-13 15:41:45 - train: epoch 40, iter:0, loss: 0.7677, lr: 0.0009592885397135703
2026-09-13 15:41:48 - train: epoch 40, iter:20, loss: 0.7192, lr: 0.0009592885397135703
2026-09-13 15:42:06 - val epoch: 40, loss: 0.9386, miou: 0.7649432083502585, f1_or_dsc: 0.8668190622011823, accuracy: 0.9384867035516418,                 specificity: 0.9758385544826503, sensitivity: 0.822389476904271, confusion_matrix: [[39095505   967992]
 [ 2289327 10600264]]
2026-09-13 15:42:06 - wave mode=ll_only, epoch 40, alpha: 0.1140
2026-09-13 15:42:07 - train: epoch 41, iter:0, loss: 1.0388, lr: 0.0009572050015330871
2026-09-13 15:42:11 - train: epoch 41, iter:20, loss: 0.7079, lr: 0.0009572050015330871
2026-09-13 15:42:26 - val epoch: 41, loss: 1.0832
2026-09-13 15:42:26 - wave mode=ll_only, epoch 41, alpha: 0.1141
2026-09-13 15:42:28 - train: epoch 42, iter:0, loss: 0.6086, lr: 0.0009550718739782986
2026-09-13 15:42:31 - train: epoch 42, iter:20, loss: 0.7439, lr: 0.0009550718739782986
2026-09-13 15:42:46 - val epoch: 42, loss: 0.9336
2026-09-13 15:42:46 - wave mode=ll_only, epoch 42, alpha: 0.1146
2026-09-13 15:42:47 - train: epoch 43, iter:0, loss: 0.6510, lr: 0.0009528893909706794
2026-09-13 15:42:51 - train: epoch 43, iter:20, loss: 0.6890, lr: 0.0009528893909706794
2026-09-13 15:43:06 - val epoch: 43, loss: 0.9140
2026-09-13 15:43:06 - wave mode=ll_only, epoch 43, alpha: 0.1153
2026-09-13 15:43:07 - train: epoch 44, iter:0, loss: 0.7218, lr: 0.0009506577918440856
2026-09-13 15:43:10 - train: epoch 44, iter:20, loss: 0.6836, lr: 0.0009506577918440856
2026-09-13 15:43:25 - val epoch: 44, loss: 0.8941
2026-09-13 15:43:25 - wave mode=ll_only, epoch 44, alpha: 0.1155
2026-09-13 15:43:27 - train: epoch 45, iter:0, loss: 0.6845, lr: 0.000948377321318509
2026-09-13 15:43:30 - train: epoch 45, iter:20, loss: 0.6999, lr: 0.000948377321318509
2026-09-13 15:43:46 - val epoch: 45, loss: 0.9343
2026-09-13 15:43:46 - wave mode=ll_only, epoch 45, alpha: 0.1160
2026-09-13 15:43:48 - train: epoch 46, iter:0, loss: 0.6784, lr: 0.0009460482294732416
2026-09-13 15:43:51 - train: epoch 46, iter:20, loss: 0.6807, lr: 0.0009460482294732416
2026-09-13 15:44:07 - val epoch: 46, loss: 0.9617
2026-09-13 15:44:07 - wave mode=ll_only, epoch 46, alpha: 0.1161
2026-09-13 15:44:09 - train: epoch 47, iter:0, loss: 0.6227, lr: 0.0009436707717194508
2026-09-13 15:44:12 - train: epoch 47, iter:20, loss: 0.6652, lr: 0.0009436707717194508
2026-09-13 15:44:28 - val epoch: 47, loss: 0.8938
2026-09-13 15:44:28 - wave mode=ll_only, epoch 47, alpha: 0.1164
2026-09-13 15:44:29 - train: epoch 48, iter:0, loss: 0.6383, lr: 0.0009412452087721706
2026-09-13 15:44:33 - train: epoch 48, iter:20, loss: 0.6757, lr: 0.0009412452087721706
2026-09-13 15:44:48 - val epoch: 48, loss: 0.9369
2026-09-13 15:44:48 - wave mode=ll_only, epoch 48, alpha: 0.1168
2026-09-13 15:44:50 - train: epoch 49, iter:0, loss: 0.8125, lr: 0.000938771806621712
2026-09-13 15:44:53 - train: epoch 49, iter:20, loss: 0.7051, lr: 0.000938771806621712
2026-09-13 15:45:08 - val epoch: 49, loss: 0.9687
2026-09-13 15:45:08 - wave mode=ll_only, epoch 49, alpha: 0.1170
2026-09-13 15:45:10 - train: epoch 50, iter:0, loss: 0.6683, lr: 0.0009362508365044934
2026-09-13 15:45:13 - train: epoch 50, iter:20, loss: 0.7154, lr: 0.0009362508365044934
2026-09-13 15:45:31 - val epoch: 50, loss: 0.9194, miou: 0.7756674619903126, f1_or_dsc: 0.8736629786760651, accuracy: 0.9415804608033436,                 specificity: 0.9775310927051625, sensitivity: 0.8298385107797447, confusion_matrix: [[39163314   900183]
 [ 2193312 10696279]]
2026-09-13 15:45:31 - wave mode=ll_only, epoch 50, alpha: 0.1171
2026-09-13 15:45:33 - train: epoch 51, iter:0, loss: 0.5784, lr: 0.0009336825748732968
2026-09-13 15:45:36 - train: epoch 51, iter:20, loss: 0.6952, lr: 0.0009336825748732968
2026-09-13 15:45:52 - val epoch: 51, loss: 0.8737
2026-09-13 15:45:52 - wave mode=ll_only, epoch 51, alpha: 0.1175
2026-09-13 15:45:53 - train: epoch 52, iter:0, loss: 0.6188, lr: 0.0009310673033669517
2026-09-13 15:45:57 - train: epoch 52, iter:20, loss: 0.6832, lr: 0.0009310673033669517
2026-09-13 15:46:12 - val epoch: 52, loss: 0.9071
2026-09-13 15:46:12 - wave mode=ll_only, epoch 52, alpha: 0.1174
2026-09-13 15:46:14 - train: epoch 53, iter:0, loss: 0.7570, lr: 0.0009284053087794505
2026-09-13 15:46:17 - train: epoch 53, iter:20, loss: 0.7317, lr: 0.0009284053087794505
2026-09-13 15:46:33 - val epoch: 53, loss: 0.8919
2026-09-13 15:46:33 - wave mode=ll_only, epoch 53, alpha: 0.1179
2026-09-13 15:46:34 - train: epoch 54, iter:0, loss: 0.6409, lr: 0.0009256968830284974
2026-09-13 15:46:38 - train: epoch 54, iter:20, loss: 0.6735, lr: 0.0009256968830284974
2026-09-13 15:46:53 - val epoch: 54, loss: 0.8779
2026-09-13 15:46:53 - wave mode=ll_only, epoch 54, alpha: 0.1181
2026-09-13 15:46:55 - train: epoch 55, iter:0, loss: 0.5637, lr: 0.0009229423231234972
2026-09-13 15:46:58 - train: epoch 55, iter:20, loss: 0.6535, lr: 0.0009229423231234972
2026-09-13 15:47:14 - val epoch: 55, loss: 0.8827
2026-09-13 15:47:14 - wave mode=ll_only, epoch 55, alpha: 0.1185
2026-09-13 15:47:15 - train: epoch 56, iter:0, loss: 0.7137, lr: 0.0009201419311329846
2026-09-13 15:47:19 - train: epoch 56, iter:20, loss: 0.6948, lr: 0.0009201419311329846
2026-09-13 15:47:34 - val epoch: 56, loss: 0.9121
2026-09-13 15:47:34 - wave mode=ll_only, epoch 56, alpha: 0.1183
2026-09-13 15:47:36 - train: epoch 57, iter:0, loss: 0.9725, lr: 0.0009172960141514989
2026-09-13 15:47:39 - train: epoch 57, iter:20, loss: 0.6648, lr: 0.0009172960141514989
2026-09-13 15:47:55 - val epoch: 57, loss: 0.8819
2026-09-13 15:47:55 - wave mode=ll_only, epoch 57, alpha: 0.1186
2026-09-13 15:47:57 - train: epoch 58, iter:0, loss: 0.6901, lr: 0.0009144048842659077
2026-09-13 15:48:00 - train: epoch 58, iter:20, loss: 0.6723, lr: 0.0009144048842659077
2026-09-13 15:48:15 - val epoch: 58, loss: 1.0065
2026-09-13 15:48:15 - wave mode=ll_only, epoch 58, alpha: 0.1188
2026-09-13 15:48:17 - train: epoch 59, iter:0, loss: 0.7000, lr: 0.0009114688585211832
2026-09-13 15:48:21 - train: epoch 59, iter:20, loss: 0.6877, lr: 0.0009114688585211832
2026-09-13 15:48:36 - val epoch: 59, loss: 0.8370
2026-09-13 15:48:36 - wave mode=ll_only, epoch 59, alpha: 0.1189
2026-09-13 15:48:38 - train: epoch 60, iter:0, loss: 0.5794, lr: 0.0009084882588856339
2026-09-13 15:48:41 - train: epoch 60, iter:20, loss: 0.6479, lr: 0.0009084882588856339
2026-09-13 15:48:59 - val epoch: 60, loss: 0.9519, miou: 0.7413779421527902, f1_or_dsc: 0.8514842461324125, accuracy: 0.9199903129351021,                 specificity: 0.9128268558283866, sensitivity: 0.9422558093581092, confusion_matrix: [[36571036  3492461]
 [  744299 12145292]]
2026-09-13 15:48:59 - wave mode=ll_only, epoch 60, alpha: 0.1193
2026-09-13 15:49:01 - train: epoch 61, iter:0, loss: 0.7985, lr: 0.0009054634122155986
2026-09-13 15:49:04 - train: epoch 61, iter:20, loss: 0.6679, lr: 0.0009054634122155986
2026-09-13 15:49:20 - val epoch: 61, loss: 0.8599
2026-09-13 15:49:20 - wave mode=ll_only, epoch 61, alpha: 0.1197
2026-09-13 15:49:21 - train: epoch 62, iter:0, loss: 0.6589, lr: 0.0009023946502196013
2026-09-13 15:49:25 - train: epoch 62, iter:20, loss: 0.6780, lr: 0.0009023946502196013
2026-09-13 15:49:40 - val epoch: 62, loss: 0.9580
2026-09-13 15:49:40 - wave mode=ll_only, epoch 62, alpha: 0.1197
2026-09-13 15:49:42 - train: epoch 63, iter:0, loss: 0.8149, lr: 0.0008992823094219767
2026-09-13 15:49:45 - train: epoch 63, iter:20, loss: 0.6712, lr: 0.0008992823094219767
2026-09-13 15:50:01 - val epoch: 63, loss: 0.8549
2026-09-13 15:50:01 - wave mode=ll_only, epoch 63, alpha: 0.1202
2026-09-13 15:50:02 - train: epoch 64, iter:0, loss: 0.5412, lr: 0.0008961267311259662
2026-09-13 15:50:06 - train: epoch 64, iter:20, loss: 0.6541, lr: 0.0008961267311259662
2026-09-13 15:50:21 - val epoch: 64, loss: 0.8450
2026-09-13 15:50:21 - wave mode=ll_only, epoch 64, alpha: 0.1205
2026-09-13 15:50:23 - train: epoch 65, iter:0, loss: 0.5148, lr: 0.0008929282613762903
2026-09-13 15:50:27 - train: epoch 65, iter:20, loss: 0.6515, lr: 0.0008929282613762903
2026-09-13 15:50:42 - val epoch: 65, loss: 0.8467
2026-09-13 15:50:42 - wave mode=ll_only, epoch 65, alpha: 0.1204
2026-09-13 15:50:44 - train: epoch 66, iter:0, loss: 0.4992, lr: 0.0008896872509212002
2026-09-13 15:50:47 - train: epoch 66, iter:20, loss: 0.6611, lr: 0.0008896872509212002
2026-09-13 15:51:02 - val epoch: 66, loss: 0.9573
2026-09-13 15:51:02 - wave mode=ll_only, epoch 66, alpha: 0.1208
2026-09-13 15:51:04 - train: epoch 67, iter:0, loss: 0.6564, lr: 0.0008864040551740152
2026-09-13 15:51:07 - train: epoch 67, iter:20, loss: 0.6139, lr: 0.0008864040551740152
2026-09-13 15:51:23 - val epoch: 67, loss: 0.9820
2026-09-13 15:51:23 - wave mode=ll_only, epoch 67, alpha: 0.1209
2026-09-13 15:51:24 - train: epoch 68, iter:0, loss: 0.6853, lr: 0.0008830790341741476
2026-09-13 15:51:28 - train: epoch 68, iter:20, loss: 0.6379, lr: 0.0008830790341741476
2026-09-13 15:51:43 - val epoch: 68, loss: 0.8476
2026-09-13 15:51:43 - wave mode=ll_only, epoch 68, alpha: 0.1211
2026-09-13 15:51:45 - train: epoch 69, iter:0, loss: 0.5762, lr: 0.000879712552547619
2026-09-13 15:51:48 - train: epoch 69, iter:20, loss: 0.6360, lr: 0.000879712552547619
2026-09-13 15:52:04 - val epoch: 69, loss: 0.8360
2026-09-13 15:52:04 - wave mode=ll_only, epoch 69, alpha: 0.1214
2026-09-13 15:52:05 - train: epoch 70, iter:0, loss: 0.5711, lr: 0.0008763049794670771
2026-09-13 15:52:09 - train: epoch 70, iter:20, loss: 0.6260, lr: 0.0008763049794670771
2026-09-13 15:52:26 - val epoch: 70, loss: 0.8258, miou: 0.7845307535474187, f1_or_dsc: 0.8792571963109876, accuracy: 0.9401826008711711,                 specificity: 0.9547978300546255, sensitivity: 0.8947554658638897, confusion_matrix: [[38252540  1810957]
 [ 1356559 11533032]]
2026-09-13 15:52:26 - wave mode=ll_only, epoch 70, alpha: 0.1218
2026-09-13 15:52:28 - train: epoch 71, iter:0, loss: 0.7581, lr: 0.0008728566886113098
2026-09-13 15:52:31 - train: epoch 71, iter:20, loss: 0.6390, lr: 0.0008728566886113098
2026-09-13 15:52:47 - val epoch: 71, loss: 0.8372
2026-09-13 15:52:47 - wave mode=ll_only, epoch 71, alpha: 0.1220
2026-09-13 15:52:48 - train: epoch 72, iter:0, loss: 0.6492, lr: 0.000869368058124268
2026-09-13 15:52:52 - train: epoch 72, iter:20, loss: 0.6325, lr: 0.000869368058124268
2026-09-13 15:53:07 - val epoch: 72, loss: 0.8951
2026-09-13 15:53:07 - wave mode=ll_only, epoch 72, alpha: 0.1222
2026-09-13 15:53:09 - train: epoch 73, iter:0, loss: 0.5775, lr: 0.0008658394705735983
2026-09-13 15:53:12 - train: epoch 73, iter:20, loss: 0.6303, lr: 0.0008658394705735983
2026-09-13 15:53:28 - val epoch: 73, loss: 0.9069
2026-09-13 15:53:28 - wave mode=ll_only, epoch 73, alpha: 0.1226
2026-09-13 15:53:29 - train: epoch 74, iter:0, loss: 0.4969, lr: 0.0008622713129086888
2026-09-13 15:53:33 - train: epoch 74, iter:20, loss: 0.6263, lr: 0.0008622713129086888
2026-09-13 15:53:48 - val epoch: 74, loss: 0.9318
2026-09-13 15:53:48 - wave mode=ll_only, epoch 74, alpha: 0.1228
2026-09-13 15:53:50 - train: epoch 75, iter:0, loss: 0.7829, lr: 0.0008586639764182372
2026-09-13 15:53:53 - train: epoch 75, iter:20, loss: 0.6313, lr: 0.0008586639764182372
2026-09-13 15:54:09 - val epoch: 75, loss: 0.8530
2026-09-13 15:54:09 - wave mode=ll_only, epoch 75, alpha: 0.1229
2026-09-13 15:54:11 - train: epoch 76, iter:0, loss: 0.8096, lr: 0.0008550178566873405
2026-09-13 15:54:14 - train: epoch 76, iter:20, loss: 0.6328, lr: 0.0008550178566873405
2026-09-13 15:54:30 - val epoch: 76, loss: 0.8194
2026-09-13 15:54:30 - wave mode=ll_only, epoch 76, alpha: 0.1232
2026-09-13 15:54:32 - train: epoch 77, iter:0, loss: 0.6214, lr: 0.0008513333535541156
2026-09-13 15:54:35 - train: epoch 77, iter:20, loss: 0.6376, lr: 0.0008513333535541156
2026-09-13 15:54:50 - val epoch: 77, loss: 0.8093
2026-09-13 15:54:50 - wave mode=ll_only, epoch 77, alpha: 0.1234
2026-09-13 15:54:52 - train: epoch 78, iter:0, loss: 0.6240, lr: 0.0008476108710658509
2026-09-13 15:54:55 - train: epoch 78, iter:20, loss: 0.6323, lr: 0.0008476108710658509
2026-09-13 15:55:11 - val epoch: 78, loss: 0.8421
2026-09-13 15:55:11 - wave mode=ll_only, epoch 78, alpha: 0.1232
2026-09-13 15:55:12 - train: epoch 79, iter:0, loss: 0.5343, lr: 0.0008438508174347005
2026-09-13 15:55:16 - train: epoch 79, iter:20, loss: 0.6212, lr: 0.0008438508174347005
2026-09-13 15:55:32 - val epoch: 79, loss: 0.9626
2026-09-13 15:55:32 - wave mode=ll_only, epoch 79, alpha: 0.1237
2026-09-13 15:55:34 - train: epoch 80, iter:0, loss: 0.7017, lr: 0.0008400536049929166
2026-09-13 15:55:37 - train: epoch 80, iter:20, loss: 0.6404, lr: 0.0008400536049929166
2026-09-13 15:55:55 - val epoch: 80, loss: 0.8369, miou: 0.7800614612553873, f1_or_dsc: 0.8764432894415336, accuracy: 0.938913080951955,                 specificity: 0.9546248796005001, sensitivity: 0.8900775827565048, confusion_matrix: [[38245611  1817886]
 [ 1416855 11472736]]
2026-09-13 15:55:55 - wave mode=ll_only, epoch 80, alpha: 0.1236
2026-09-13 15:55:57 - train: epoch 81, iter:0, loss: 0.6648, lr: 0.0008362196501476343
2026-09-13 15:56:00 - train: epoch 81, iter:20, loss: 0.5967, lr: 0.0008362196501476343
2026-09-13 15:56:15 - val epoch: 81, loss: 0.8381
2026-09-13 15:56:15 - wave mode=ll_only, epoch 81, alpha: 0.1237
2026-09-13 15:56:17 - train: epoch 82, iter:0, loss: 0.6048, lr: 0.0008323493733352072
2026-09-13 15:56:20 - train: epoch 82, iter:20, loss: 0.6168, lr: 0.0008323493733352072
2026-09-13 15:56:35 - val epoch: 82, loss: 0.8357
2026-09-13 15:56:35 - wave mode=ll_only, epoch 82, alpha: 0.1238
2026-09-13 15:56:37 - train: epoch 83, iter:0, loss: 0.5892, lr: 0.0008284431989751018
2026-09-13 15:56:40 - train: epoch 83, iter:20, loss: 0.5784, lr: 0.0008284431989751018
2026-09-13 15:56:56 - val epoch: 83, loss: 0.8352
2026-09-13 15:56:56 - wave mode=ll_only, epoch 83, alpha: 0.1242
2026-09-13 15:56:58 - train: epoch 84, iter:0, loss: 0.5925, lr: 0.000824501555423355
2026-09-13 15:57:01 - train: epoch 84, iter:20, loss: 0.6072, lr: 0.000824501555423355
2026-09-13 15:57:16 - val epoch: 84, loss: 0.8377
2026-09-13 15:57:16 - wave mode=ll_only, epoch 84, alpha: 0.1243
2026-09-13 15:57:18 - train: epoch 85, iter:0, loss: 0.4967, lr: 0.0008205248749256009
2026-09-13 15:57:21 - train: epoch 85, iter:20, loss: 0.6105, lr: 0.0008205248749256009
2026-09-13 15:57:36 - val epoch: 85, loss: 0.9021
2026-09-13 15:57:36 - wave mode=ll_only, epoch 85, alpha: 0.1245
2026-09-13 15:57:38 - train: epoch 86, iter:0, loss: 0.8566, lr: 0.000816513593569669
2026-09-13 15:57:41 - train: epoch 86, iter:20, loss: 0.6199, lr: 0.000816513593569669
2026-09-13 15:57:57 - val epoch: 86, loss: 0.8690
2026-09-13 15:57:57 - wave mode=ll_only, epoch 86, alpha: 0.1246
2026-09-13 15:57:59 - train: epoch 87, iter:0, loss: 0.5461, lr: 0.0008124681512377632
2026-09-13 15:58:02 - train: epoch 87, iter:20, loss: 0.6044, lr: 0.0008124681512377632
2026-09-13 15:58:17 - val epoch: 87, loss: 0.8396
2026-09-13 15:58:17 - wave mode=ll_only, epoch 87, alpha: 0.1246
2026-09-13 15:58:19 - train: epoch 88, iter:0, loss: 0.5237, lr: 0.000808388991558223
2026-09-13 15:58:23 - train: epoch 88, iter:20, loss: 0.6224, lr: 0.000808388991558223
2026-09-13 15:58:39 - val epoch: 88, loss: 0.8789
2026-09-13 15:58:39 - wave mode=ll_only, epoch 88, alpha: 0.1250
2026-09-13 15:58:41 - train: epoch 89, iter:0, loss: 0.5683, lr: 0.0008042765618568752
2026-09-13 15:58:44 - train: epoch 89, iter:20, loss: 0.6104, lr: 0.0008042765618568752
2026-09-13 15:59:00 - val epoch: 89, loss: 0.8606
2026-09-13 15:59:00 - wave mode=ll_only, epoch 89, alpha: 0.1254
2026-09-13 15:59:02 - train: epoch 90, iter:0, loss: 0.5858, lr: 0.0008001313131079794
2026-09-13 15:59:05 - train: epoch 90, iter:20, loss: 0.5967, lr: 0.0008001313131079794
2026-09-13 15:59:23 - val epoch: 90, loss: 0.8580, miou: 0.7819022191723356, f1_or_dsc: 0.8776039568944657, accuracy: 0.9425251460311437,                 specificity: 0.9734165492343317, sensitivity: 0.8465083182235961, confusion_matrix: [[38998471  1065026]
 [ 1978445 10911146]]
2026-09-13 15:59:23 - wave mode=ll_only, epoch 90, alpha: 0.1256
2026-09-13 15:59:25 - train: epoch 91, iter:0, loss: 0.5257, lr: 0.0007959536998847737
2026-09-13 15:59:29 - train: epoch 91, iter:20, loss: 0.6044, lr: 0.0007959536998847737
2026-09-13 15:59:45 - val epoch: 91, loss: 0.8038
2026-09-13 15:59:45 - wave mode=ll_only, epoch 91, alpha: 0.1254
2026-09-13 15:59:47 - train: epoch 92, iter:0, loss: 0.5703, lr: 0.0007917441803096255
2026-09-13 15:59:51 - train: epoch 92, iter:20, loss: 0.5992, lr: 0.0007917441803096255
2026-09-13 16:00:06 - val epoch: 92, loss: 0.8344
2026-09-13 16:00:06 - wave mode=ll_only, epoch 92, alpha: 0.1256
2026-09-13 16:00:08 - train: epoch 93, iter:0, loss: 0.6374, lr: 0.0007875032160037932
2026-09-13 16:00:12 - train: epoch 93, iter:20, loss: 0.5988, lr: 0.0007875032160037932
2026-09-13 16:00:27 - val epoch: 93, loss: 0.8296
2026-09-13 16:00:27 - wave mode=ll_only, epoch 93, alpha: 0.1260
2026-09-13 16:00:29 - train: epoch 94, iter:0, loss: 0.6118, lr: 0.0007832312720368042
2026-09-13 16:00:32 - train: epoch 94, iter:20, loss: 0.5874, lr: 0.0007832312720368042
2026-09-13 16:00:47 - val epoch: 94, loss: 0.8718
2026-09-13 16:00:47 - wave mode=ll_only, epoch 94, alpha: 0.1261
2026-09-13 16:00:49 - train: epoch 95, iter:0, loss: 0.6494, lr: 0.0007789288168754548
2026-09-13 16:00:52 - train: epoch 95, iter:20, loss: 0.6162, lr: 0.0007789288168754548
2026-09-13 16:01:08 - val epoch: 95, loss: 0.8921
2026-09-13 16:01:08 - wave mode=ll_only, epoch 95, alpha: 0.1263
2026-09-13 16:01:09 - train: epoch 96, iter:0, loss: 0.5154, lr: 0.0007745963223324379
2026-09-13 16:01:13 - train: epoch 96, iter:20, loss: 0.6048, lr: 0.0007745963223324379
2026-09-13 16:01:28 - val epoch: 96, loss: 0.8473
2026-09-13 16:01:28 - wave mode=ll_only, epoch 96, alpha: 0.1263
2026-09-13 16:01:30 - train: epoch 97, iter:0, loss: 0.5922, lr: 0.0007702342635146028
2026-09-13 16:01:33 - train: epoch 97, iter:20, loss: 0.6074, lr: 0.0007702342635146028
2026-09-13 16:01:49 - val epoch: 97, loss: 0.8181
2026-09-13 16:01:49 - wave mode=ll_only, epoch 97, alpha: 0.1263
2026-09-13 16:01:51 - train: epoch 98, iter:0, loss: 0.5609, lr: 0.000765843118770855
2026-09-13 16:01:54 - train: epoch 98, iter:20, loss: 0.5900, lr: 0.000765843118770855
2026-09-13 16:02:09 - val epoch: 98, loss: 0.8488
2026-09-13 16:02:09 - wave mode=ll_only, epoch 98, alpha: 0.1264
2026-09-13 16:02:11 - train: epoch 99, iter:0, loss: 0.5837, lr: 0.0007614233696396991
2026-09-13 16:02:14 - train: epoch 99, iter:20, loss: 0.6104, lr: 0.0007614233696396991
2026-09-13 16:02:29 - val epoch: 99, loss: 0.8345
2026-09-13 16:02:29 - wave mode=ll_only, epoch 99, alpha: 0.1265
2026-09-13 16:02:31 - train: epoch 100, iter:0, loss: 0.4978, lr: 0.0007569755007964334
2026-09-13 16:02:34 - train: epoch 100, iter:20, loss: 0.5677, lr: 0.0007569755007964334
2026-09-13 16:02:52 - val epoch: 100, loss: 0.8276, miou: 0.7832029029436473, f1_or_dsc: 0.8784226423709428, accuracy: 0.9409067890431622,                 specificity: 0.9614603288374951, sensitivity: 0.8770221646288079, confusion_matrix: [[38519463  1544034]
 [ 1585134 11304457]]
2026-09-13 16:02:52 - wave mode=ll_only, epoch 100, alpha: 0.1267
2026-09-13 16:02:54 - train: epoch 101, iter:0, loss: 0.5251, lr: 0.0007524999999999996
2026-09-13 16:02:57 - train: epoch 101, iter:20, loss: 0.5806, lr: 0.0007524999999999996
2026-09-13 16:03:13 - val epoch: 101, loss: 0.8469
2026-09-13 16:03:13 - wave mode=ll_only, epoch 101, alpha: 0.1270
2026-09-13 16:03:14 - train: epoch 102, iter:0, loss: 0.6150, lr: 0.0007479973580394943
2026-09-13 16:03:17 - train: epoch 102, iter:20, loss: 0.5901, lr: 0.0007479973580394943
2026-09-13 16:03:32 - val epoch: 102, loss: 0.8448
2026-09-13 16:03:32 - wave mode=ll_only, epoch 102, alpha: 0.1271
2026-09-13 16:03:34 - train: epoch 103, iter:0, loss: 0.5863, lr: 0.0007434680686803487
2026-09-13 16:03:37 - train: epoch 103, iter:20, loss: 0.6036, lr: 0.0007434680686803487
2026-09-13 16:03:53 - val epoch: 103, loss: 0.8291
2026-09-13 16:03:53 - wave mode=ll_only, epoch 103, alpha: 0.1272
2026-09-13 16:03:54 - train: epoch 104, iter:0, loss: 0.5101, lr: 0.0007389126286101815
2026-09-13 16:03:58 - train: epoch 104, iter:20, loss: 0.5809, lr: 0.0007389126286101815
2026-09-13 16:04:13 - val epoch: 104, loss: 0.8208
2026-09-13 16:04:13 - wave mode=ll_only, epoch 104, alpha: 0.1275
2026-09-13 16:04:14 - train: epoch 105, iter:0, loss: 0.6331, lr: 0.0007343315373843313
2026-09-13 16:04:18 - train: epoch 105, iter:20, loss: 0.5894, lr: 0.0007343315373843313
2026-09-13 16:04:33 - val epoch: 105, loss: 0.8999
2026-09-13 16:04:33 - wave mode=ll_only, epoch 105, alpha: 0.1276
2026-09-13 16:04:34 - train: epoch 106, iter:0, loss: 0.4825, lr: 0.0007297252973710753
2026-09-13 16:04:38 - train: epoch 106, iter:20, loss: 0.5959, lr: 0.0007297252973710753
2026-09-13 16:04:53 - val epoch: 106, loss: 0.8164
2026-09-13 16:04:53 - wave mode=ll_only, epoch 106, alpha: 0.1274
2026-09-13 16:04:55 - train: epoch 107, iter:0, loss: 0.5856, lr: 0.0007250944136965387
2026-09-13 16:04:58 - train: epoch 107, iter:20, loss: 0.5847, lr: 0.0007250944136965387
2026-09-13 16:05:14 - val epoch: 107, loss: 0.8282
2026-09-13 16:05:14 - wave mode=ll_only, epoch 107, alpha: 0.1275
2026-09-13 16:05:16 - train: epoch 108, iter:0, loss: 0.5299, lr: 0.0007204393941893019
2026-09-13 16:05:19 - train: epoch 108, iter:20, loss: 0.5588, lr: 0.0007204393941893019
2026-09-13 16:05:35 - val epoch: 108, loss: 0.8581
2026-09-13 16:05:35 - wave mode=ll_only, epoch 108, alpha: 0.1280
2026-09-13 16:05:36 - train: epoch 109, iter:0, loss: 0.5557, lr: 0.0007157607493247106
2026-09-13 16:05:40 - train: epoch 109, iter:20, loss: 0.5999, lr: 0.0007157607493247106
2026-09-13 16:05:55 - val epoch: 109, loss: 0.7943
2026-09-13 16:05:55 - wave mode=ll_only, epoch 109, alpha: 0.1277
2026-09-13 16:05:56 - train: epoch 110, iter:0, loss: 0.5167, lr: 0.0007110589921688983
2026-09-13 16:06:00 - train: epoch 110, iter:20, loss: 0.6145, lr: 0.0007110589921688983
2026-09-13 16:06:17 - val epoch: 110, loss: 0.8086, miou: 0.7932764374577637, f1_or_dsc: 0.8847229806714586, accuracy: 0.944894526264455,                 specificity: 0.9694010235801432, sensitivity: 0.8687232977369104, confusion_matrix: [[38837595  1225902]
 [ 1692103 11197488]]
2026-09-13 16:06:17 - wave mode=ll_only, epoch 110, alpha: 0.1278
2026-09-13 16:06:19 - train: epoch 111, iter:0, loss: 0.5399, lr: 0.0007063346383225208
2026-09-13 16:06:22 - train: epoch 111, iter:20, loss: 0.5798, lr: 0.0007063346383225208
2026-09-13 16:06:37 - val epoch: 111, loss: 0.8014
2026-09-13 16:06:37 - wave mode=ll_only, epoch 111, alpha: 0.1280
2026-09-13 16:06:39 - train: epoch 112, iter:0, loss: 0.5443, lr: 0.0007015882058642161
2026-09-13 16:06:42 - train: epoch 112, iter:20, loss: 0.5716, lr: 0.0007015882058642161
2026-09-13 16:06:57 - val epoch: 112, loss: 0.8677
2026-09-13 16:06:57 - wave mode=ll_only, epoch 112, alpha: 0.1281
2026-09-13 16:06:59 - train: epoch 113, iter:0, loss: 0.4933, lr: 0.0006968202152937907
2026-09-13 16:07:02 - train: epoch 113, iter:20, loss: 0.5945, lr: 0.0006968202152937907
2026-09-13 16:07:18 - val epoch: 113, loss: 0.8335
2026-09-13 16:07:18 - wave mode=ll_only, epoch 113, alpha: 0.1283
2026-09-13 16:07:19 - train: epoch 114, iter:0, loss: 0.6669, lr: 0.000692031189475141
2026-09-13 16:07:22 - train: epoch 114, iter:20, loss: 0.5674, lr: 0.000692031189475141
2026-09-13 16:07:38 - val epoch: 114, loss: 0.8613
2026-09-13 16:07:38 - wave mode=ll_only, epoch 114, alpha: 0.1285
2026-09-13 16:07:40 - train: epoch 115, iter:0, loss: 0.7467, lr: 0.0006872216535789155
2026-09-13 16:07:43 - train: epoch 115, iter:20, loss: 0.5631, lr: 0.0006872216535789155
2026-09-13 16:07:58 - val epoch: 115, loss: 0.8199
2026-09-13 16:07:58 - wave mode=ll_only, epoch 115, alpha: 0.1287
2026-09-13 16:08:00 - train: epoch 116, iter:0, loss: 0.5960, lr: 0.0006823921350249233
2026-09-13 16:08:03 - train: epoch 116, iter:20, loss: 0.5783, lr: 0.0006823921350249233
2026-09-13 16:08:18 - val epoch: 116, loss: 0.8689
2026-09-13 16:08:18 - wave mode=ll_only, epoch 116, alpha: 0.1287
2026-09-13 16:08:20 - train: epoch 117, iter:0, loss: 0.5590, lr: 0.0006775431634242984
2026-09-13 16:08:23 - train: epoch 117, iter:20, loss: 0.5916, lr: 0.0006775431634242984
2026-09-13 16:08:39 - val epoch: 117, loss: 0.8099
2026-09-13 16:08:39 - wave mode=ll_only, epoch 117, alpha: 0.1288
2026-09-13 16:08:41 - train: epoch 118, iter:0, loss: 0.5890, lr: 0.0006726752705214191
2026-09-13 16:08:44 - train: epoch 118, iter:20, loss: 0.5907, lr: 0.0006726752705214191
2026-09-13 16:09:00 - val epoch: 118, loss: 0.8178
2026-09-13 16:09:00 - wave mode=ll_only, epoch 118, alpha: 0.1288
2026-09-13 16:09:01 - train: epoch 119, iter:0, loss: 0.5346, lr: 0.0006677889901355985
2026-09-13 16:09:05 - train: epoch 119, iter:20, loss: 0.5425, lr: 0.0006677889901355985
2026-09-13 16:09:20 - val epoch: 119, loss: 0.8202
2026-09-13 16:09:20 - wave mode=ll_only, epoch 119, alpha: 0.1289
2026-09-13 16:09:21 - train: epoch 120, iter:0, loss: 0.5489, lr: 0.0006628848581025445
2026-09-13 16:09:25 - train: epoch 120, iter:20, loss: 0.5774, lr: 0.0006628848581025445
2026-09-13 16:09:43 - val epoch: 120, loss: 0.8012, miou: 0.7900424484970092, f1_or_dsc: 0.8827080599796505, accuracy: 0.9418095126010404,                 specificity: 0.955407112863862, sensitivity: 0.8995453773513837, confusion_matrix: [[38276950  1786547]
 [ 1294819 11594772]]
2026-09-13 16:09:43 - wave mode=ll_only, epoch 120, alpha: 0.1292
2026-09-13 16:09:44 - train: epoch 121, iter:0, loss: 0.5923, lr: 0.0006579634122155989
2026-09-13 16:09:48 - train: epoch 121, iter:20, loss: 0.5468, lr: 0.0006579634122155989
2026-09-13 16:10:03 - val epoch: 121, loss: 0.8038
2026-09-13 16:10:03 - wave mode=ll_only, epoch 121, alpha: 0.1294
2026-09-13 16:10:04 - train: epoch 122, iter:0, loss: 0.5438, lr: 0.0006530251921667629
2026-09-13 16:10:08 - train: epoch 122, iter:20, loss: 0.5489, lr: 0.0006530251921667629
2026-09-13 16:10:23 - val epoch: 122, loss: 0.8325
2026-09-13 16:10:23 - wave mode=ll_only, epoch 122, alpha: 0.1296
2026-09-13 16:10:25 - train: epoch 123, iter:0, loss: 0.6023, lr: 0.0006480707394875134
2026-09-13 16:10:28 - train: epoch 123, iter:20, loss: 0.5592, lr: 0.0006480707394875134
2026-09-13 16:10:44 - val epoch: 123, loss: 0.8797
2026-09-13 16:10:44 - wave mode=ll_only, epoch 123, alpha: 0.1297
2026-09-13 16:10:45 - train: epoch 124, iter:0, loss: 0.6098, lr: 0.0006431005974894185
2026-09-13 16:10:49 - train: epoch 124, iter:20, loss: 0.5607, lr: 0.0006431005974894185
2026-09-13 16:11:04 - val epoch: 124, loss: 0.8666
2026-09-13 16:11:04 - wave mode=ll_only, epoch 124, alpha: 0.1297
2026-09-13 16:11:06 - train: epoch 125, iter:0, loss: 0.5057, lr: 0.0006381153112045565
2026-09-13 16:11:09 - train: epoch 125, iter:20, loss: 0.5611, lr: 0.0006381153112045565
2026-09-13 16:11:24 - val epoch: 125, loss: 0.8526
2026-09-13 16:11:24 - wave mode=ll_only, epoch 125, alpha: 0.1299
2026-09-13 16:11:25 - train: epoch 126, iter:0, loss: 0.4694, lr: 0.0006331154273257479
2026-09-13 16:11:29 - train: epoch 126, iter:20, loss: 0.5607, lr: 0.0006331154273257479
2026-09-13 16:11:44 - val epoch: 126, loss: 0.8365
2026-09-13 16:11:44 - wave mode=ll_only, epoch 126, alpha: 0.1300
2026-09-13 16:11:45 - train: epoch 127, iter:0, loss: 0.5868, lr: 0.000628101494146603
2026-09-13 16:11:49 - train: epoch 127, iter:20, loss: 0.5575, lr: 0.000628101494146603
2026-09-13 16:12:04 - val epoch: 127, loss: 0.8313
2026-09-13 16:12:04 - wave mode=ll_only, epoch 127, alpha: 0.1301
2026-09-13 16:12:06 - train: epoch 128, iter:0, loss: 0.5688, lr: 0.0006230740615013976
2026-09-13 16:12:09 - train: epoch 128, iter:20, loss: 0.5485, lr: 0.0006230740615013976
2026-09-13 16:12:24 - val epoch: 128, loss: 0.8186
2026-09-13 16:12:24 - wave mode=ll_only, epoch 128, alpha: 0.1303
2026-09-13 16:12:26 - train: epoch 129, iter:0, loss: 0.5038, lr: 0.0006180336807047746
2026-09-13 16:12:29 - train: epoch 129, iter:20, loss: 0.5643, lr: 0.0006180336807047746
2026-09-13 16:12:45 - val epoch: 129, loss: 0.8509
2026-09-13 16:12:45 - wave mode=ll_only, epoch 129, alpha: 0.1303
2026-09-13 16:12:46 - train: epoch 130, iter:0, loss: 0.4843, lr: 0.0006129809044912887
2026-09-13 16:12:50 - train: epoch 130, iter:20, loss: 0.5607, lr: 0.0006129809044912887
2026-09-13 16:13:08 - val epoch: 130, loss: 0.8165, miou: 0.7945666912025237, f1_or_dsc: 0.8855248401719653, accuracy: 0.9458344147937132,                 specificity: 0.9732352869745744, sensitivity: 0.8606668745346536, confusion_matrix: [[38991209  1072288]
 [ 1795947 11093644]]
2026-09-13 16:13:08 - wave mode=ll_only, epoch 130, alpha: 0.1302
2026-09-13 16:13:09 - train: epoch 131, iter:0, loss: 0.5517, lr: 0.0006079162869547909
2026-09-13 16:13:12 - train: epoch 131, iter:20, loss: 0.5390, lr: 0.0006079162869547909
2026-09-13 16:13:28 - val epoch: 131, loss: 0.8513
2026-09-13 16:13:28 - wave mode=ll_only, epoch 131, alpha: 0.1303
2026-09-13 16:13:29 - train: epoch 132, iter:0, loss: 0.5131, lr: 0.0006028403834876673
2026-09-13 16:13:33 - train: epoch 132, iter:20, loss: 0.5393, lr: 0.0006028403834876673
2026-09-13 16:13:48 - val epoch: 132, loss: 0.7859
2026-09-13 16:13:48 - wave mode=ll_only, epoch 132, alpha: 0.1305
2026-09-13 16:13:51 - train: epoch 133, iter:0, loss: 0.6454, lr: 0.0005977537507199337
2026-09-13 16:13:54 - train: epoch 133, iter:20, loss: 0.5520, lr: 0.0005977537507199337
2026-09-13 16:14:09 - val epoch: 133, loss: 0.7975
2026-09-13 16:14:09 - wave mode=ll_only, epoch 133, alpha: 0.1305
2026-09-13 16:14:11 - train: epoch 134, iter:0, loss: 0.5107, lr: 0.0005926569464581937
2026-09-13 16:14:14 - train: epoch 134, iter:20, loss: 0.5656, lr: 0.0005926569464581937
2026-09-13 16:14:30 - val epoch: 134, loss: 0.8236
2026-09-13 16:14:30 - wave mode=ll_only, epoch 134, alpha: 0.1307
2026-09-13 16:14:31 - train: epoch 135, iter:0, loss: 0.6418, lr: 0.0005875505296244705
2026-09-13 16:14:34 - train: epoch 135, iter:20, loss: 0.5486, lr: 0.0005875505296244705
2026-09-13 16:14:50 - val epoch: 135, loss: 0.8261
2026-09-13 16:14:50 - wave mode=ll_only, epoch 135, alpha: 0.1308
2026-09-13 16:14:52 - train: epoch 136, iter:0, loss: 0.5216, lr: 0.0005824350601949142
2026-09-13 16:14:55 - train: epoch 136, iter:20, loss: 0.5642, lr: 0.0005824350601949142
2026-09-13 16:15:10 - val epoch: 136, loss: 0.7939
2026-09-13 16:15:10 - wave mode=ll_only, epoch 136, alpha: 0.1306
2026-09-13 16:15:12 - train: epoch 137, iter:0, loss: 0.6139, lr: 0.0005773110991383937
2026-09-13 16:15:15 - train: epoch 137, iter:20, loss: 0.5376, lr: 0.0005773110991383937
2026-09-13 16:15:31 - val epoch: 137, loss: 0.8080
2026-09-13 16:15:31 - wave mode=ll_only, epoch 137, alpha: 0.1308
2026-09-13 16:15:32 - train: epoch 138, iter:0, loss: 0.5435, lr: 0.0005721792083549806
2026-09-13 16:15:36 - train: epoch 138, iter:20, loss: 0.5715, lr: 0.0005721792083549806
2026-09-13 16:15:51 - val epoch: 138, loss: 0.8057
2026-09-13 16:15:51 - wave mode=ll_only, epoch 138, alpha: 0.1309
2026-09-13 16:15:52 - train: epoch 139, iter:0, loss: 0.5460, lr: 0.0005670399506143306
2026-09-13 16:15:55 - train: epoch 139, iter:20, loss: 0.5327, lr: 0.0005670399506143306
2026-09-13 16:16:11 - val epoch: 139, loss: 0.8620
2026-09-13 16:16:11 - wave mode=ll_only, epoch 139, alpha: 0.1311
2026-09-13 16:16:13 - train: epoch 140, iter:0, loss: 0.5801, lr: 0.000561893889493969
2026-09-13 16:16:16 - train: epoch 140, iter:20, loss: 0.5615, lr: 0.000561893889493969
2026-09-13 16:16:34 - val epoch: 140, loss: 0.8407, miou: 0.7775977740142843, f1_or_dsc: 0.8748860798337563, accuracy: 0.9368330134023534,                 specificity: 0.9463297475005739, sensitivity: 0.90731521271699, confusion_matrix: [[37913279  2150218]
 [ 1194669 11694922]]
2026-09-13 16:16:34 - wave mode=ll_only, epoch 140, alpha: 0.1314
2026-09-13 16:16:36 - train: epoch 141, iter:0, loss: 0.7547, lr: 0.0005567415893174885
2026-09-13 16:16:39 - train: epoch 141, iter:20, loss: 0.5618, lr: 0.0005567415893174885
2026-09-13 16:16:55 - val epoch: 141, loss: 0.7977
2026-09-13 16:16:55 - wave mode=ll_only, epoch 141, alpha: 0.1316
2026-09-13 16:16:56 - train: epoch 142, iter:0, loss: 0.4378, lr: 0.0005515836150926646
2026-09-13 16:17:00 - train: epoch 142, iter:20, loss: 0.5482, lr: 0.0005515836150926646
2026-09-13 16:17:15 - val epoch: 142, loss: 0.7952
2026-09-13 16:17:15 - wave mode=ll_only, epoch 142, alpha: 0.1318
2026-09-13 16:17:17 - train: epoch 143, iter:0, loss: 0.3944, lr: 0.0005464205324494961
2026-09-13 16:17:21 - train: epoch 143, iter:20, loss: 0.5424, lr: 0.0005464205324494961
2026-09-13 16:17:36 - val epoch: 143, loss: 0.8201
2026-09-13 16:17:36 - wave mode=ll_only, epoch 143, alpha: 0.1319
2026-09-13 16:17:38 - train: epoch 144, iter:0, loss: 0.5689, lr: 0.0005412529075781776
2026-09-13 16:17:41 - train: epoch 144, iter:20, loss: 0.5624, lr: 0.0005412529075781776
2026-09-13 16:17:57 - val epoch: 144, loss: 0.8678
2026-09-13 16:17:57 - wave mode=ll_only, epoch 144, alpha: 0.1320
2026-09-13 16:17:58 - train: epoch 145, iter:0, loss: 0.5833, lr: 0.0005360813071670101
2026-09-13 16:18:02 - train: epoch 145, iter:20, loss: 0.5189, lr: 0.0005360813071670101
2026-09-13 16:18:17 - val epoch: 145, loss: 0.8065
2026-09-13 16:18:17 - wave mode=ll_only, epoch 145, alpha: 0.1319
2026-09-13 16:18:19 - train: epoch 146, iter:0, loss: 0.4946, lr: 0.0005309062983402573
2026-09-13 16:18:22 - train: epoch 146, iter:20, loss: 0.5699, lr: 0.0005309062983402573
2026-09-13 16:18:37 - val epoch: 146, loss: 0.8252
2026-09-13 16:18:37 - wave mode=ll_only, epoch 146, alpha: 0.1320
2026-09-13 16:18:39 - train: epoch 147, iter:0, loss: 0.4921, lr: 0.0005257284485959538
2026-09-13 16:18:42 - train: epoch 147, iter:20, loss: 0.5647, lr: 0.0005257284485959538
2026-09-13 16:18:57 - val epoch: 147, loss: 0.8166
2026-09-13 16:18:57 - wave mode=ll_only, epoch 147, alpha: 0.1320
2026-09-13 16:18:59 - train: epoch 148, iter:0, loss: 0.5448, lr: 0.0005205483257436734
2026-09-13 16:19:02 - train: epoch 148, iter:20, loss: 0.5370, lr: 0.0005205483257436734
2026-09-13 16:19:18 - val epoch: 148, loss: 0.7892
2026-09-13 16:19:18 - wave mode=ll_only, epoch 148, alpha: 0.1320
2026-09-13 16:19:19 - train: epoch 149, iter:0, loss: 0.4747, lr: 0.0005153664978422616
2026-09-13 16:19:23 - train: epoch 149, iter:20, loss: 0.5188, lr: 0.0005153664978422616
2026-09-13 16:19:38 - val epoch: 149, loss: 0.7914
2026-09-13 16:19:38 - wave mode=ll_only, epoch 149, alpha: 0.1321
2026-09-13 16:19:39 - train: epoch 150, iter:0, loss: 0.4627, lr: 0.0005101835331375416
2026-09-13 16:19:43 - train: epoch 150, iter:20, loss: 0.5223, lr: 0.0005101835331375416
2026-09-13 16:20:00 - val epoch: 150, loss: 0.8163, miou: 0.7890979896699611, f1_or_dsc: 0.8821182453125754, accuracy: 0.942594565967522,                 specificity: 0.9619675237036847, sensitivity: 0.8823794331410516, confusion_matrix: [[38539783  1523714]
 [ 1516081 11373510]]
2026-09-13 16:20:00 - wave mode=ll_only, epoch 150, alpha: 0.1322
2026-09-13 16:20:02 - train: epoch 151, iter:0, loss: 0.5451, lr: 0.0005049999999999999
2026-09-13 16:20:05 - train: epoch 151, iter:20, loss: 0.5332, lr: 0.0005049999999999999
2026-09-13 16:20:21 - val epoch: 151, loss: 0.8199
2026-09-13 16:20:21 - wave mode=ll_only, epoch 151, alpha: 0.1322
2026-09-13 16:20:22 - train: epoch 152, iter:0, loss: 0.7250, lr: 0.0004998164668624582
2026-09-13 16:20:26 - train: epoch 152, iter:20, loss: 0.5346, lr: 0.0004998164668624582
2026-09-13 16:20:41 - val epoch: 152, loss: 0.7999
2026-09-13 16:20:41 - wave mode=ll_only, epoch 152, alpha: 0.1323
2026-09-13 16:20:43 - train: epoch 153, iter:0, loss: 0.7984, lr: 0.0004946335021577383
2026-09-13 16:20:46 - train: epoch 153, iter:20, loss: 0.5523, lr: 0.0004946335021577383
2026-09-13 16:21:02 - val epoch: 153, loss: 0.8169
2026-09-13 16:21:02 - wave mode=ll_only, epoch 153, alpha: 0.1323
2026-09-13 16:21:03 - train: epoch 154, iter:0, loss: 0.5718, lr: 0.0004894516742563263
2026-09-13 16:21:07 - train: epoch 154, iter:20, loss: 0.5491, lr: 0.0004894516742563263
2026-09-13 16:21:22 - val epoch: 154, loss: 0.8188
2026-09-13 16:21:22 - wave mode=ll_only, epoch 154, alpha: 0.1324
2026-09-13 16:21:24 - train: epoch 155, iter:0, loss: 0.6204, lr: 0.000484271551404046
2026-09-13 16:21:27 - train: epoch 155, iter:20, loss: 0.5512, lr: 0.000484271551404046
2026-09-13 16:21:42 - val epoch: 155, loss: 0.8323
2026-09-13 16:21:42 - wave mode=ll_only, epoch 155, alpha: 0.1324
2026-09-13 16:21:44 - train: epoch 156, iter:0, loss: 0.5218, lr: 0.0004790937016597426
2026-09-13 16:21:47 - train: epoch 156, iter:20, loss: 0.5408, lr: 0.0004790937016597426
2026-09-13 16:22:02 - val epoch: 156, loss: 0.8131
2026-09-13 16:22:02 - wave mode=ll_only, epoch 156, alpha: 0.1324
2026-09-13 16:22:04 - train: epoch 157, iter:0, loss: 0.4788, lr: 0.0004739186928329898
2026-09-13 16:22:07 - train: epoch 157, iter:20, loss: 0.5318, lr: 0.0004739186928329898
2026-09-13 16:22:22 - val epoch: 157, loss: 0.8348
2026-09-13 16:22:22 - wave mode=ll_only, epoch 157, alpha: 0.1325
2026-09-13 16:22:24 - train: epoch 158, iter:0, loss: 0.4832, lr: 0.0004687470924218222
2026-09-13 16:22:28 - train: epoch 158, iter:20, loss: 0.5379, lr: 0.0004687470924218222
2026-09-13 16:22:43 - val epoch: 158, loss: 0.8590
2026-09-13 16:22:43 - wave mode=ll_only, epoch 158, alpha: 0.1327
2026-09-13 16:22:44 - train: epoch 159, iter:0, loss: 0.5080, lr: 0.00046357946755050356
2026-09-13 16:22:48 - train: epoch 159, iter:20, loss: 0.5217, lr: 0.00046357946755050356
2026-09-13 16:23:03 - val epoch: 159, loss: 0.8274
2026-09-13 16:23:03 - wave mode=ll_only, epoch 159, alpha: 0.1326
2026-09-13 16:23:05 - train: epoch 160, iter:0, loss: 0.4221, lr: 0.00045841638490733513
2026-09-13 16:23:08 - train: epoch 160, iter:20, loss: 0.5446, lr: 0.00045841638490733513
2026-09-13 16:23:26 - val epoch: 160, loss: 0.7965, miou: 0.7946537179928844, f1_or_dsc: 0.8855788835760628, accuracy: 0.9440320647589051,                 specificity: 0.9614866121147637, sensitivity: 0.889779745532655, confusion_matrix: [[38520516  1542981]
 [ 1420694 11468897]]
2026-09-13 16:23:26 - wave mode=ll_only, epoch 160, alpha: 0.1328
2026-09-13 16:23:27 - train: epoch 161, iter:0, loss: 0.6084, lr: 0.00045325841068251133
2026-09-13 16:23:31 - train: epoch 161, iter:20, loss: 0.5316, lr: 0.00045325841068251133
2026-09-13 16:23:46 - val epoch: 161, loss: 0.8084
2026-09-13 16:23:46 - wave mode=ll_only, epoch 161, alpha: 0.1327
2026-09-13 16:23:47 - train: epoch 162, iter:0, loss: 0.4533, lr: 0.0004481061105060308
2026-09-13 16:23:50 - train: epoch 162, iter:20, loss: 0.5295, lr: 0.0004481061105060308
2026-09-13 16:24:06 - val epoch: 162, loss: 0.8264
2026-09-13 16:24:06 - wave mode=ll_only, epoch 162, alpha: 0.1328
2026-09-13 16:24:07 - train: epoch 163, iter:0, loss: 0.6051, lr: 0.0004429600493856691
2026-09-13 16:24:11 - train: epoch 163, iter:20, loss: 0.5191, lr: 0.0004429600493856691
2026-09-13 16:24:26 - val epoch: 163, loss: 0.7823
2026-09-13 16:24:26 - wave mode=ll_only, epoch 163, alpha: 0.1330
2026-09-13 16:24:28 - train: epoch 164, iter:0, loss: 0.5072, lr: 0.000437820791645019
2026-09-13 16:24:31 - train: epoch 164, iter:20, loss: 0.5328, lr: 0.000437820791645019
2026-09-13 16:24:47 - val epoch: 164, loss: 0.8102
2026-09-13 16:24:47 - wave mode=ll_only, epoch 164, alpha: 0.1334
2026-09-13 16:24:48 - train: epoch 165, iter:0, loss: 0.4961, lr: 0.00043268890086160604
2026-09-13 16:24:52 - train: epoch 165, iter:20, loss: 0.5122, lr: 0.00043268890086160604
2026-09-13 16:25:07 - val epoch: 165, loss: 0.8065
2026-09-13 16:25:07 - wave mode=ll_only, epoch 165, alpha: 0.1334
2026-09-13 16:25:09 - train: epoch 166, iter:0, loss: 0.7083, lr: 0.0004275649398050855
2026-09-13 16:25:12 - train: epoch 166, iter:20, loss: 0.5467, lr: 0.0004275649398050855
2026-09-13 16:25:27 - val epoch: 166, loss: 0.9023
2026-09-13 16:25:27 - wave mode=ll_only, epoch 166, alpha: 0.1335
2026-09-13 16:25:29 - train: epoch 167, iter:0, loss: 0.6337, lr: 0.0004224494703755289
2026-09-13 16:25:32 - train: epoch 167, iter:20, loss: 0.5325, lr: 0.0004224494703755289
2026-09-13 16:25:47 - val epoch: 167, loss: 0.8145
2026-09-13 16:25:47 - wave mode=ll_only, epoch 167, alpha: 0.1334
2026-09-13 16:25:49 - train: epoch 168, iter:0, loss: 0.6248, lr: 0.00041734305354180595
2026-09-13 16:25:52 - train: epoch 168, iter:20, loss: 0.5414, lr: 0.00041734305354180595
2026-09-13 16:26:07 - val epoch: 168, loss: 0.8246
2026-09-13 16:26:07 - wave mode=ll_only, epoch 168, alpha: 0.1335
2026-09-13 16:26:09 - train: epoch 169, iter:0, loss: 0.4543, lr: 0.000412246249280066
2026-09-13 16:26:12 - train: epoch 169, iter:20, loss: 0.5221, lr: 0.000412246249280066
2026-09-13 16:26:28 - val epoch: 169, loss: 0.7898
2026-09-13 16:26:28 - wave mode=ll_only, epoch 169, alpha: 0.1335
2026-09-13 16:26:30 - train: epoch 170, iter:0, loss: 0.5281, lr: 0.0004071596165123322
2026-09-13 16:26:33 - train: epoch 170, iter:20, loss: 0.5365, lr: 0.0004071596165123322
2026-09-13 16:26:51 - val epoch: 170, loss: 0.8451, miou: 0.7849843002507907, f1_or_dsc: 0.8795419658766749, accuracy: 0.9408955904516844,                 specificity: 0.9584066762819032, sensitivity: 0.8864675380312688, confusion_matrix: [[38397123  1666374]
 [ 1463387 11426204]]
2026-09-13 16:26:51 - wave mode=ll_only, epoch 170, alpha: 0.1336
2026-09-13 16:26:53 - train: epoch 171, iter:0, loss: 0.5257, lr: 0.0004020837130452088
2026-09-13 16:26:56 - train: epoch 171, iter:20, loss: 0.5199, lr: 0.0004020837130452088
2026-09-13 16:27:12 - val epoch: 171, loss: 0.8163
2026-09-13 16:27:12 - wave mode=ll_only, epoch 171, alpha: 0.1336
2026-09-13 16:27:14 - train: epoch 172, iter:0, loss: 0.4516, lr: 0.00039701909550871116
2026-09-13 16:27:17 - train: epoch 172, iter:20, loss: 0.5244, lr: 0.00039701909550871116
2026-09-13 16:27:32 - val epoch: 172, loss: 0.7998
2026-09-13 16:27:32 - wave mode=ll_only, epoch 172, alpha: 0.1338
2026-09-13 16:27:34 - train: epoch 173, iter:0, loss: 0.4971, lr: 0.0003919663192952252
2026-09-13 16:27:37 - train: epoch 173, iter:20, loss: 0.5214, lr: 0.0003919663192952252
2026-09-13 16:27:53 - val epoch: 173, loss: 0.7785
2026-09-13 16:27:53 - wave mode=ll_only, epoch 173, alpha: 0.1339
2026-09-13 16:27:54 - train: epoch 174, iter:0, loss: 0.7921, lr: 0.0003869259384986023
2026-09-13 16:27:58 - train: epoch 174, iter:20, loss: 0.5190, lr: 0.0003869259384986023
2026-09-13 16:28:14 - val epoch: 174, loss: 0.8045
2026-09-13 16:28:14 - wave mode=ll_only, epoch 174, alpha: 0.1339
2026-09-13 16:28:15 - train: epoch 175, iter:0, loss: 0.6399, lr: 0.0003818985058533967
2026-09-13 16:28:19 - train: epoch 175, iter:20, loss: 0.5255, lr: 0.0003818985058533967
2026-09-13 16:28:35 - val epoch: 175, loss: 0.7864
2026-09-13 16:28:35 - wave mode=ll_only, epoch 175, alpha: 0.1340
2026-09-13 16:28:36 - train: epoch 176, iter:0, loss: 0.6735, lr: 0.00037688457267425206
2026-09-13 16:28:40 - train: epoch 176, iter:20, loss: 0.5103, lr: 0.00037688457267425206
2026-09-13 16:28:57 - val epoch: 176, loss: 0.7936
2026-09-13 16:28:57 - wave mode=ll_only, epoch 176, alpha: 0.1342
2026-09-13 16:28:58 - train: epoch 177, iter:0, loss: 0.5826, lr: 0.0003718846887954434
2026-09-13 16:29:01 - train: epoch 177, iter:20, loss: 0.5274, lr: 0.0003718846887954434
2026-09-13 16:29:17 - val epoch: 177, loss: 0.8280
2026-09-13 16:29:17 - wave mode=ll_only, epoch 177, alpha: 0.1342
2026-09-13 16:29:19 - train: epoch 178, iter:0, loss: 0.6760, lr: 0.0003668994025105812
2026-09-13 16:29:22 - train: epoch 178, iter:20, loss: 0.5152, lr: 0.0003668994025105812
2026-09-13 16:29:37 - val epoch: 178, loss: 0.8920
2026-09-13 16:29:37 - wave mode=ll_only, epoch 178, alpha: 0.1343
2026-09-13 16:29:39 - train: epoch 179, iter:0, loss: 0.4418, lr: 0.0003619292605124862
2026-09-13 16:29:42 - train: epoch 179, iter:20, loss: 0.5450, lr: 0.0003619292605124862
2026-09-13 16:29:58 - val epoch: 179, loss: 0.8567
2026-09-13 16:29:58 - wave mode=ll_only, epoch 179, alpha: 0.1343
2026-09-13 16:29:59 - train: epoch 180, iter:0, loss: 0.4857, lr: 0.00035697480783323686
2026-09-13 16:30:02 - train: epoch 180, iter:20, loss: 0.5104, lr: 0.00035697480783323686
2026-09-13 16:30:20 - val epoch: 180, loss: 0.7940, miou: 0.7959715314202915, f1_or_dsc: 0.8863966020561815, accuracy: 0.9450677928358021,                 specificity: 0.9658694297205259, sensitivity: 0.8804120316928598, confusion_matrix: [[38696107  1367390]
 [ 1541440 11348151]]
2026-09-13 16:30:20 - wave mode=ll_only, epoch 180, alpha: 0.1344
2026-09-13 16:30:22 - train: epoch 181, iter:0, loss: 0.4414, lr: 0.00035203658778440076
2026-09-13 16:30:25 - train: epoch 181, iter:20, loss: 0.5212, lr: 0.00035203658778440076
2026-09-13 16:30:40 - val epoch: 181, loss: 0.8210
2026-09-13 16:30:40 - wave mode=ll_only, epoch 181, alpha: 0.1345
2026-09-13 16:30:42 - train: epoch 182, iter:0, loss: 0.5403, lr: 0.00034711514189745505
2026-09-13 16:30:45 - train: epoch 182, iter:20, loss: 0.5212, lr: 0.00034711514189745505
2026-09-13 16:31:00 - val epoch: 182, loss: 0.8119
2026-09-13 16:31:00 - wave mode=ll_only, epoch 182, alpha: 0.1344
2026-09-13 16:31:02 - train: epoch 183, iter:0, loss: 0.5262, lr: 0.00034221100986440094
2026-09-13 16:31:05 - train: epoch 183, iter:20, loss: 0.5098, lr: 0.00034221100986440094
2026-09-13 16:31:20 - val epoch: 183, loss: 0.8084
2026-09-13 16:31:20 - wave mode=ll_only, epoch 183, alpha: 0.1345
2026-09-13 16:31:22 - train: epoch 184, iter:0, loss: 0.4753, lr: 0.0003373247294785804
2026-09-13 16:31:25 - train: epoch 184, iter:20, loss: 0.5235, lr: 0.0003373247294785804
2026-09-13 16:31:40 - val epoch: 184, loss: 0.8252
2026-09-13 16:31:40 - wave mode=ll_only, epoch 184, alpha: 0.1347
2026-09-13 16:31:42 - train: epoch 185, iter:0, loss: 0.5047, lr: 0.0003324568365757012
2026-09-13 16:31:45 - train: epoch 185, iter:20, loss: 0.5207, lr: 0.0003324568365757012
2026-09-13 16:32:00 - val epoch: 185, loss: 0.8351
2026-09-13 16:32:00 - wave mode=ll_only, epoch 185, alpha: 0.1345
2026-09-13 16:32:02 - train: epoch 186, iter:0, loss: 0.4539, lr: 0.0003276078649750761
2026-09-13 16:32:05 - train: epoch 186, iter:20, loss: 0.5123, lr: 0.0003276078649750761
2026-09-13 16:32:21 - val epoch: 186, loss: 0.8180
2026-09-13 16:32:21 - wave mode=ll_only, epoch 186, alpha: 0.1346
2026-09-13 16:32:22 - train: epoch 187, iter:0, loss: 0.4688, lr: 0.00032277834642108417
2026-09-13 16:32:25 - train: epoch 187, iter:20, loss: 0.5233, lr: 0.00032277834642108417
2026-09-13 16:32:41 - val epoch: 187, loss: 0.7956
2026-09-13 16:32:41 - wave mode=ll_only, epoch 187, alpha: 0.1347
2026-09-13 16:32:42 - train: epoch 188, iter:0, loss: 0.4544, lr: 0.00031796881052485835
2026-09-13 16:32:46 - train: epoch 188, iter:20, loss: 0.5088, lr: 0.00031796881052485835
2026-09-13 16:33:01 - val epoch: 188, loss: 0.8240
2026-09-13 16:33:01 - wave mode=ll_only, epoch 188, alpha: 0.1347
2026-09-13 16:33:03 - train: epoch 189, iter:0, loss: 0.4665, lr: 0.00031317978470620867
2026-09-13 16:33:06 - train: epoch 189, iter:20, loss: 0.5269, lr: 0.00031317978470620867
2026-09-13 16:33:21 - val epoch: 189, loss: 0.8750
2026-09-13 16:33:21 - wave mode=ll_only, epoch 189, alpha: 0.1349
2026-09-13 16:33:23 - train: epoch 190, iter:0, loss: 0.6687, lr: 0.00030841179413578315
2026-09-13 16:33:26 - train: epoch 190, iter:20, loss: 0.5299, lr: 0.00030841179413578315
2026-09-13 16:33:43 - val epoch: 190, loss: 0.8335, miou: 0.7865946377699842, f1_or_dsc: 0.8805518847317336, accuracy: 0.943187430353448,                 specificity: 0.9698596205917821, sensitivity: 0.8602847832797798, confusion_matrix: [[38855968  1207529]
 [ 1800872 11088719]]
2026-09-13 16:33:43 - wave mode=ll_only, epoch 190, alpha: 0.1349
2026-09-13 16:33:45 - train: epoch 191, iter:0, loss: 0.5302, lr: 0.0003036653616774785
2026-09-13 16:33:48 - train: epoch 191, iter:20, loss: 0.5353, lr: 0.0003036653616774785
2026-09-13 16:34:03 - val epoch: 191, loss: 0.8223
2026-09-13 16:34:03 - wave mode=ll_only, epoch 191, alpha: 0.1349
2026-09-13 16:34:05 - train: epoch 192, iter:0, loss: 0.5335, lr: 0.0002989410078311011
2026-09-13 16:34:08 - train: epoch 192, iter:20, loss: 0.5082, lr: 0.0002989410078311011
2026-09-13 16:34:23 - val epoch: 192, loss: 0.8226
2026-09-13 16:34:23 - wave mode=ll_only, epoch 192, alpha: 0.1350
2026-09-13 16:34:24 - train: epoch 193, iter:0, loss: 0.5693, lr: 0.00029423925067528865
2026-09-13 16:34:27 - train: epoch 193, iter:20, loss: 0.5137, lr: 0.00029423925067528865
2026-09-13 16:34:43 - val epoch: 193, loss: 0.8002
2026-09-13 16:34:43 - wave mode=ll_only, epoch 193, alpha: 0.1352
2026-09-13 16:34:45 - train: epoch 194, iter:0, loss: 0.5298, lr: 0.0002895606058106975
2026-09-13 16:34:48 - train: epoch 194, iter:20, loss: 0.4939, lr: 0.0002895606058106975
2026-09-13 16:35:04 - val epoch: 194, loss: 0.8202
2026-09-13 16:35:04 - wave mode=ll_only, epoch 194, alpha: 0.1352
2026-09-13 16:35:05 - train: epoch 195, iter:0, loss: 0.4477, lr: 0.0002849055863034606
2026-09-13 16:35:08 - train: epoch 195, iter:20, loss: 0.5185, lr: 0.0002849055863034606
2026-09-13 16:35:24 - val epoch: 195, loss: 0.8231
2026-09-13 16:35:24 - wave mode=ll_only, epoch 195, alpha: 0.1353
2026-09-13 16:35:25 - train: epoch 196, iter:0, loss: 0.5592, lr: 0.00028027470262892396
2026-09-13 16:35:29 - train: epoch 196, iter:20, loss: 0.4833, lr: 0.00028027470262892396
2026-09-13 16:35:44 - val epoch: 196, loss: 0.8042
2026-09-13 16:35:44 - wave mode=ll_only, epoch 196, alpha: 0.1354
2026-09-13 16:35:46 - train: epoch 197, iter:0, loss: 0.4588, lr: 0.0002756684626156682
2026-09-13 16:35:49 - train: epoch 197, iter:20, loss: 0.5095, lr: 0.0002756684626156682
2026-09-13 16:36:05 - val epoch: 197, loss: 0.8035
2026-09-13 16:36:05 - wave mode=ll_only, epoch 197, alpha: 0.1354
2026-09-13 16:36:06 - train: epoch 198, iter:0, loss: 0.6227, lr: 0.000271087371389818
2026-09-13 16:36:09 - train: epoch 198, iter:20, loss: 0.5147, lr: 0.000271087371389818
2026-09-13 16:36:25 - val epoch: 198, loss: 0.8363
2026-09-13 16:36:25 - wave mode=ll_only, epoch 198, alpha: 0.1356
2026-09-13 16:36:26 - train: epoch 199, iter:0, loss: 0.4634, lr: 0.0002665319313196505
2026-09-13 16:36:29 - train: epoch 199, iter:20, loss: 0.5096, lr: 0.0002665319313196505
2026-09-13 16:36:44 - val epoch: 199, loss: 0.7966
2026-09-13 16:36:44 - wave mode=ll_only, epoch 199, alpha: 0.1355
2026-09-13 16:36:46 - train: epoch 200, iter:0, loss: 0.5147, lr: 0.00026200264196050494
2026-09-13 16:36:49 - train: epoch 200, iter:20, loss: 0.5241, lr: 0.00026200264196050494
2026-09-13 16:37:07 - val epoch: 200, loss: 0.8159, miou: 0.7892727825873909, f1_or_dsc: 0.8822274504685164, accuracy: 0.9430210755603148,                 specificity: 0.9643442757880072, sensitivity: 0.8767441883920134, confusion_matrix: [[38635004  1428493]
 [ 1588717 11300874]]
2026-09-13 16:37:07 - wave mode=ll_only, epoch 200, alpha: 0.1355
2026-09-13 16:37:08 - train: epoch 201, iter:0, loss: 0.5841, lr: 0.00025749999999999954
2026-09-13 16:37:12 - train: epoch 201, iter:20, loss: 0.5209, lr: 0.00025749999999999954
2026-09-13 16:37:27 - val epoch: 201, loss: 0.7863
2026-09-13 16:37:27 - wave mode=ll_only, epoch 201, alpha: 0.1355
2026-09-13 16:37:28 - train: epoch 202, iter:0, loss: 0.4698, lr: 0.0002530244992035658
2026-09-13 16:37:32 - train: epoch 202, iter:20, loss: 0.4887, lr: 0.0002530244992035658
2026-09-13 16:37:47 - val epoch: 202, loss: 0.7994
2026-09-13 16:37:47 - wave mode=ll_only, epoch 202, alpha: 0.1356
2026-09-13 16:37:48 - train: epoch 203, iter:0, loss: 0.4723, lr: 0.0002485766303603003
2026-09-13 16:37:52 - train: epoch 203, iter:20, loss: 0.4982, lr: 0.0002485766303603003
2026-09-13 16:38:07 - val epoch: 203, loss: 0.8359
2026-09-13 16:38:07 - wave mode=ll_only, epoch 203, alpha: 0.1356
2026-09-13 16:38:08 - train: epoch 204, iter:0, loss: 0.4999, lr: 0.0002441568812291443
2026-09-13 16:38:12 - train: epoch 204, iter:20, loss: 0.5271, lr: 0.0002441568812291443
2026-09-13 16:38:27 - val epoch: 204, loss: 0.8084
2026-09-13 16:38:27 - wave mode=ll_only, epoch 204, alpha: 0.1357
2026-09-13 16:38:29 - train: epoch 205, iter:0, loss: 0.5012, lr: 0.00023976573648539645
2026-09-13 16:38:32 - train: epoch 205, iter:20, loss: 0.4909, lr: 0.00023976573648539645
2026-09-13 16:38:47 - val epoch: 205, loss: 0.8122
2026-09-13 16:38:47 - wave mode=ll_only, epoch 205, alpha: 0.1358
2026-09-13 16:38:48 - train: epoch 206, iter:0, loss: 0.5242, lr: 0.00023540367766756144
2026-09-13 16:38:52 - train: epoch 206, iter:20, loss: 0.5045, lr: 0.00023540367766756144
2026-09-13 16:39:07 - val epoch: 206, loss: 0.8145
2026-09-13 16:39:07 - wave mode=ll_only, epoch 206, alpha: 0.1358
2026-09-13 16:39:09 - train: epoch 207, iter:0, loss: 0.4230, lr: 0.0002310711831245444
2026-09-13 16:39:12 - train: epoch 207, iter:20, loss: 0.5257, lr: 0.0002310711831245444
2026-09-13 16:39:27 - val epoch: 207, loss: 0.8158
2026-09-13 16:39:27 - wave mode=ll_only, epoch 207, alpha: 0.1357
2026-09-13 16:39:29 - train: epoch 208, iter:0, loss: 0.5256, lr: 0.00022676872796319514
2026-09-13 16:39:32 - train: epoch 208, iter:20, loss: 0.5046, lr: 0.00022676872796319514
2026-09-13 16:39:47 - val epoch: 208, loss: 0.8207
2026-09-13 16:39:47 - wave mode=ll_only, epoch 208, alpha: 0.1359
2026-09-13 16:39:48 - train: epoch 209, iter:0, loss: 0.4511, lr: 0.00022249678399620604
2026-09-13 16:39:51 - train: epoch 209, iter:20, loss: 0.5177, lr: 0.00022249678399620604
2026-09-13 16:40:07 - val epoch: 209, loss: 0.7987
2026-09-13 16:40:07 - wave mode=ll_only, epoch 209, alpha: 0.1359
2026-09-13 16:40:09 - train: epoch 210, iter:0, loss: 0.4947, lr: 0.0002182558196903736
2026-09-13 16:40:12 - train: epoch 210, iter:20, loss: 0.4976, lr: 0.0002182558196903736
2026-09-13 16:40:30 - val epoch: 210, loss: 0.8100, miou: 0.7904430569173968, f1_or_dsc: 0.8829580520458455, accuracy: 0.9433021923102954,                 specificity: 0.964121529381222, sensitivity: 0.878591415352124, confusion_matrix: [[38626080  1437417]
 [ 1564907 11324684]]
2026-09-13 16:40:30 - wave mode=ll_only, epoch 210, alpha: 0.1359
2026-09-13 16:40:31 - train: epoch 211, iter:0, loss: 0.5771, lr: 0.00021404630011522552
2026-09-13 16:40:36 - train: epoch 211, iter:20, loss: 0.5168, lr: 0.00021404630011522552
2026-09-13 16:40:51 - val epoch: 211, loss: 0.8041
2026-09-13 16:40:51 - wave mode=ll_only, epoch 211, alpha: 0.1359
2026-09-13 16:40:52 - train: epoch 212, iter:0, loss: 0.4852, lr: 0.0002098686868920198
2026-09-13 16:40:56 - train: epoch 212, iter:20, loss: 0.5017, lr: 0.0002098686868920198
2026-09-13 16:41:11 - val epoch: 212, loss: 0.8230
2026-09-13 16:41:11 - wave mode=ll_only, epoch 212, alpha: 0.1360
2026-09-13 16:41:13 - train: epoch 213, iter:0, loss: 0.4429, lr: 0.00020572343814312415
2026-09-13 16:41:16 - train: epoch 213, iter:20, loss: 0.5033, lr: 0.00020572343814312415
2026-09-13 16:41:31 - val epoch: 213, loss: 0.8169
2026-09-13 16:41:31 - wave mode=ll_only, epoch 213, alpha: 0.1360
2026-09-13 16:41:33 - train: epoch 214, iter:0, loss: 0.5410, lr: 0.00020161100844177644
2026-09-13 16:41:36 - train: epoch 214, iter:20, loss: 0.5107, lr: 0.00020161100844177644
2026-09-13 16:41:51 - val epoch: 214, loss: 0.8513
2026-09-13 16:41:51 - wave mode=ll_only, epoch 214, alpha: 0.1360
2026-09-13 16:41:53 - train: epoch 215, iter:0, loss: 0.4620, lr: 0.0001975318487622361
2026-09-13 16:41:56 - train: epoch 215, iter:20, loss: 0.5024, lr: 0.0001975318487622361
2026-09-13 16:42:11 - val epoch: 215, loss: 0.8316
2026-09-13 16:42:11 - wave mode=ll_only, epoch 215, alpha: 0.1360
2026-09-13 16:42:13 - train: epoch 216, iter:0, loss: 0.4029, lr: 0.00019348640643033024
2026-09-13 16:42:16 - train: epoch 216, iter:20, loss: 0.5083, lr: 0.00019348640643033024
2026-09-13 16:42:32 - val epoch: 216, loss: 0.8072
2026-09-13 16:42:32 - wave mode=ll_only, epoch 216, alpha: 0.1361
2026-09-13 16:42:33 - train: epoch 217, iter:0, loss: 0.4563, lr: 0.00018947512507439828
2026-09-13 16:42:37 - train: epoch 217, iter:20, loss: 0.5005, lr: 0.00018947512507439828
2026-09-13 16:42:52 - val epoch: 217, loss: 0.8071
2026-09-13 16:42:52 - wave mode=ll_only, epoch 217, alpha: 0.1361
2026-09-13 16:42:54 - train: epoch 218, iter:0, loss: 0.5415, lr: 0.00018549844457664425
2026-09-13 16:42:57 - train: epoch 218, iter:20, loss: 0.5148, lr: 0.00018549844457664425
2026-09-13 16:43:12 - val epoch: 218, loss: 0.8432
2026-09-13 16:43:12 - wave mode=ll_only, epoch 218, alpha: 0.1361
2026-09-13 16:43:14 - train: epoch 219, iter:0, loss: 0.5010, lr: 0.00018155680102489765
2026-09-13 16:43:17 - train: epoch 219, iter:20, loss: 0.5087, lr: 0.00018155680102489765
2026-09-13 16:43:33 - val epoch: 219, loss: 0.8022
2026-09-13 16:43:33 - wave mode=ll_only, epoch 219, alpha: 0.1361
2026-09-13 16:43:35 - train: epoch 220, iter:0, loss: 0.5023, lr: 0.00017765062666479195
2026-09-13 16:43:38 - train: epoch 220, iter:20, loss: 0.4971, lr: 0.00017765062666479195
2026-09-13 16:43:56 - val epoch: 220, loss: 0.8196, miou: 0.7886528624426865, f1_or_dsc: 0.8818400473366946, accuracy: 0.9424299863305422,                 specificity: 0.9616959797593305, sensitivity: 0.8825473205472539, confusion_matrix: [[38528904  1534593]
 [ 1513917 11375674]]
2026-09-13 16:43:56 - wave mode=ll_only, epoch 220, alpha: 0.1363
2026-09-13 16:43:57 - train: epoch 221, iter:0, loss: 0.4289, lr: 0.00017378034985236489
2026-09-13 16:44:01 - train: epoch 221, iter:20, loss: 0.5102, lr: 0.00017378034985236489
2026-09-13 16:44:16 - val epoch: 221, loss: 0.8134
2026-09-13 16:44:16 - wave mode=ll_only, epoch 221, alpha: 0.1363
2026-09-13 16:44:17 - train: epoch 222, iter:0, loss: 0.4985, lr: 0.0001699463950070827
2026-09-13 16:44:21 - train: epoch 222, iter:20, loss: 0.4971, lr: 0.0001699463950070827
2026-09-13 16:44:37 - val epoch: 222, loss: 0.8294
2026-09-13 16:44:37 - wave mode=ll_only, epoch 222, alpha: 0.1363
2026-09-13 16:44:38 - train: epoch 223, iter:0, loss: 0.5044, lr: 0.0001661491825652988
2026-09-13 16:44:42 - train: epoch 223, iter:20, loss: 0.5015, lr: 0.0001661491825652988
2026-09-13 16:44:57 - val epoch: 223, loss: 0.7993
2026-09-13 16:44:57 - wave mode=ll_only, epoch 223, alpha: 0.1363
2026-09-13 16:44:59 - train: epoch 224, iter:0, loss: 0.4597, lr: 0.0001623891289341484
2026-09-13 16:45:02 - train: epoch 224, iter:20, loss: 0.4969, lr: 0.0001623891289341484
2026-09-13 16:45:18 - val epoch: 224, loss: 0.8143
2026-09-13 16:45:18 - wave mode=ll_only, epoch 224, alpha: 0.1363
2026-09-13 16:45:19 - train: epoch 225, iter:0, loss: 0.5466, lr: 0.0001586666464458838
2026-09-13 16:45:23 - train: epoch 225, iter:20, loss: 0.5011, lr: 0.0001586666464458838
2026-09-13 16:45:38 - val epoch: 225, loss: 0.8200
2026-09-13 16:45:38 - wave mode=ll_only, epoch 225, alpha: 0.1364
2026-09-13 16:45:40 - train: epoch 226, iter:0, loss: 0.5029, lr: 0.00015498214331265874
2026-09-13 16:45:43 - train: epoch 226, iter:20, loss: 0.5085, lr: 0.00015498214331265874
2026-09-13 16:45:59 - val epoch: 226, loss: 0.8312
2026-09-13 16:45:59 - wave mode=ll_only, epoch 226, alpha: 0.1365
2026-09-13 16:46:00 - train: epoch 227, iter:0, loss: 0.3841, lr: 0.00015133602358176218
2026-09-13 16:46:04 - train: epoch 227, iter:20, loss: 0.5028, lr: 0.00015133602358176218
2026-09-13 16:46:19 - val epoch: 227, loss: 0.8175
2026-09-13 16:46:19 - wave mode=ll_only, epoch 227, alpha: 0.1365
2026-09-13 16:46:21 - train: epoch 228, iter:0, loss: 0.4648, lr: 0.00014772868709131046
2026-09-13 16:46:24 - train: epoch 228, iter:20, loss: 0.4967, lr: 0.00014772868709131046
2026-09-13 16:46:40 - val epoch: 228, loss: 0.8141
2026-09-13 16:46:40 - wave mode=ll_only, epoch 228, alpha: 0.1365
2026-09-13 16:46:42 - train: epoch 229, iter:0, loss: 0.4569, lr: 0.00014416052942640113
2026-09-13 16:46:45 - train: epoch 229, iter:20, loss: 0.5119, lr: 0.00014416052942640113
2026-09-13 16:47:00 - val epoch: 229, loss: 0.8328
2026-09-13 16:47:00 - wave mode=ll_only, epoch 229, alpha: 0.1366
2026-09-13 16:47:02 - train: epoch 230, iter:0, loss: 0.5205, lr: 0.0001406319418757314
2026-09-13 16:47:05 - train: epoch 230, iter:20, loss: 0.4893, lr: 0.0001406319418757314
2026-09-13 16:47:23 - val epoch: 230, loss: 0.8061, miou: 0.7880241726651916, f1_or_dsc: 0.8814468894909616, accuracy: 0.9417279687258276,                 specificity: 0.9583865082970665, sensitivity: 0.8899498052343165, confusion_matrix: [[38396315  1667182]
 [ 1418502 11471089]]
2026-09-13 16:47:23 - wave mode=ll_only, epoch 230, alpha: 0.1366
2026-09-13 16:47:25 - train: epoch 231, iter:0, loss: 0.4395, lr: 0.00013714331138868954
2026-09-13 16:47:28 - train: epoch 231, iter:20, loss: 0.4920, lr: 0.00013714331138868954
2026-09-13 16:47:44 - val epoch: 231, loss: 0.7947
2026-09-13 16:47:44 - wave mode=ll_only, epoch 231, alpha: 0.1366
2026-09-13 16:47:45 - train: epoch 232, iter:0, loss: 0.4599, lr: 0.00013369502053292226
2026-09-13 16:47:49 - train: epoch 232, iter:20, loss: 0.4802, lr: 0.00013369502053292226
2026-09-13 16:48:04 - val epoch: 232, loss: 0.8090
2026-09-13 16:48:04 - wave mode=ll_only, epoch 232, alpha: 0.1366
2026-09-13 16:48:06 - train: epoch 233, iter:0, loss: 0.4423, lr: 0.0001302874474523804
2026-09-13 16:48:09 - train: epoch 233, iter:20, loss: 0.4999, lr: 0.0001302874474523804
2026-09-13 16:48:25 - val epoch: 233, loss: 0.7962
2026-09-13 16:48:25 - wave mode=ll_only, epoch 233, alpha: 0.1366
2026-09-13 16:48:26 - train: epoch 234, iter:0, loss: 0.5352, lr: 0.00012692096582585187
2026-09-13 16:48:30 - train: epoch 234, iter:20, loss: 0.5030, lr: 0.00012692096582585187
2026-09-13 16:48:46 - val epoch: 234, loss: 0.8085
2026-09-13 16:48:46 - wave mode=ll_only, epoch 234, alpha: 0.1367
2026-09-13 16:48:47 - train: epoch 235, iter:0, loss: 0.5272, lr: 0.00012359594482598416
2026-09-13 16:48:51 - train: epoch 235, iter:20, loss: 0.4927, lr: 0.00012359594482598416
2026-09-13 16:49:07 - val epoch: 235, loss: 0.7953
2026-09-13 16:49:07 - wave mode=ll_only, epoch 235, alpha: 0.1367
2026-09-13 16:49:08 - train: epoch 236, iter:0, loss: 0.5463, lr: 0.00012031274907879919
2026-09-13 16:49:12 - train: epoch 236, iter:20, loss: 0.4941, lr: 0.00012031274907879919
2026-09-13 16:49:28 - val epoch: 236, loss: 0.8074
2026-09-13 16:49:28 - wave mode=ll_only, epoch 236, alpha: 0.1368
2026-09-13 16:49:30 - train: epoch 237, iter:0, loss: 0.3987, lr: 0.00011707173862370913
2026-09-13 16:49:33 - train: epoch 237, iter:20, loss: 0.4859, lr: 0.00011707173862370913
2026-09-13 16:49:49 - val epoch: 237, loss: 0.8109
2026-09-13 16:49:49 - wave mode=ll_only, epoch 237, alpha: 0.1368
2026-09-13 16:49:51 - train: epoch 238, iter:0, loss: 0.4872, lr: 0.00011387326887403316
2026-09-13 16:49:54 - train: epoch 238, iter:20, loss: 0.4964, lr: 0.00011387326887403316
2026-09-13 16:50:10 - val epoch: 238, loss: 0.8206
2026-09-13 16:50:10 - wave mode=ll_only, epoch 238, alpha: 0.1368
2026-09-13 16:50:11 - train: epoch 239, iter:0, loss: 0.4445, lr: 0.00011071769057802265
2026-09-13 16:50:15 - train: epoch 239, iter:20, loss: 0.4898, lr: 0.00011071769057802265
2026-09-13 16:50:30 - val epoch: 239, loss: 0.8108
2026-09-13 16:50:30 - wave mode=ll_only, epoch 239, alpha: 0.1368
2026-09-13 16:50:32 - train: epoch 240, iter:0, loss: 0.4511, lr: 0.0001076053497803982
2026-09-13 16:50:35 - train: epoch 240, iter:20, loss: 0.4874, lr: 0.0001076053497803982
2026-09-13 16:50:53 - val epoch: 240, loss: 0.8055, miou: 0.7904201474211636, f1_or_dsc: 0.8829437588262704, accuracy: 0.9425868043805113,                 specificity: 0.959648979219163, sensitivity: 0.8895540595508422, confusion_matrix: [[38446894  1616603]
 [ 1423603 11465988]]
2026-09-13 16:50:53 - wave mode=ll_only, epoch 240, alpha: 0.1369
2026-09-13 16:50:55 - train: epoch 241, iter:0, loss: 0.5321, lr: 0.00010453658778440088
2026-09-13 16:50:58 - train: epoch 241, iter:20, loss: 0.4891, lr: 0.00010453658778440088
2026-09-13 16:51:16 - val epoch: 241, loss: 0.7967
2026-09-13 16:51:16 - wave mode=ll_only, epoch 241, alpha: 0.1369
2026-09-13 16:51:17 - train: epoch 242, iter:0, loss: 0.4038, lr: 0.00010151174111436543
2026-09-13 16:51:21 - train: epoch 242, iter:20, loss: 0.4934, lr: 0.00010151174111436543
2026-09-13 16:51:36 - val epoch: 242, loss: 0.8104
2026-09-13 16:51:36 - wave mode=ll_only, epoch 242, alpha: 0.1369
2026-09-13 16:51:38 - train: epoch 243, iter:0, loss: 0.5204, lr: 9.853114147881633e-05
2026-09-13 16:51:41 - train: epoch 243, iter:20, loss: 0.4992, lr: 9.853114147881633e-05
2026-09-13 16:51:57 - val epoch: 243, loss: 0.8089
2026-09-13 16:51:57 - wave mode=ll_only, epoch 243, alpha: 0.1370
2026-09-13 16:51:59 - train: epoch 244, iter:0, loss: 0.7870, lr: 9.559511573409167e-05
2026-09-13 16:52:02 - train: epoch 244, iter:20, loss: 0.4909, lr: 9.559511573409167e-05
2026-09-13 16:52:18 - val epoch: 244, loss: 0.8007
2026-09-13 16:52:18 - wave mode=ll_only, epoch 244, alpha: 0.1370
2026-09-13 16:52:19 - train: epoch 245, iter:0, loss: 0.5149, lr: 9.270398584850061e-05
2026-09-13 16:52:23 - train: epoch 245, iter:20, loss: 0.4956, lr: 9.270398584850061e-05
2026-09-13 16:52:39 - val epoch: 245, loss: 0.8106
2026-09-13 16:52:39 - wave mode=ll_only, epoch 245, alpha: 0.1371
2026-09-13 16:52:40 - train: epoch 246, iter:0, loss: 0.5796, lr: 8.985806886701499e-05
2026-09-13 16:52:44 - train: epoch 246, iter:20, loss: 0.4925, lr: 8.985806886701499e-05
2026-09-13 16:52:59 - val epoch: 246, loss: 0.8139
2026-09-13 16:52:59 - wave mode=ll_only, epoch 246, alpha: 0.1371
2026-09-13 16:53:01 - train: epoch 247, iter:0, loss: 0.5754, lr: 8.705767687650239e-05
2026-09-13 16:53:04 - train: epoch 247, iter:20, loss: 0.4919, lr: 8.705767687650239e-05
2026-09-13 16:53:21 - val epoch: 247, loss: 0.8134
2026-09-13 16:53:21 - wave mode=ll_only, epoch 247, alpha: 0.1372
2026-09-13 16:53:22 - train: epoch 248, iter:0, loss: 0.4920, lr: 8.430311697150229e-05
2026-09-13 16:53:26 - train: epoch 248, iter:20, loss: 0.5040, lr: 8.430311697150229e-05
2026-09-13 16:53:42 - val epoch: 248, loss: 0.8194
2026-09-13 16:53:42 - wave mode=ll_only, epoch 248, alpha: 0.1371
2026-09-13 16:53:44 - train: epoch 249, iter:0, loss: 0.4737, lr: 8.159469122054909e-05
2026-09-13 16:53:47 - train: epoch 249, iter:20, loss: 0.5026, lr: 8.159469122054909e-05
2026-09-13 16:54:03 - val epoch: 249, loss: 0.8103
2026-09-13 16:54:03 - wave mode=ll_only, epoch 249, alpha: 0.1371
2026-09-13 16:54:05 - train: epoch 250, iter:0, loss: 0.5643, lr: 7.893269663304782e-05
2026-09-13 16:54:09 - train: epoch 250, iter:20, loss: 0.5003, lr: 7.893269663304782e-05
2026-09-13 16:54:27 - val epoch: 250, loss: 0.8140, miou: 0.7907966386310598, f1_or_dsc: 0.8831786050654742, accuracy: 0.943403451749594,                 specificity: 0.9641568732754408, sensitivity: 0.8788975538479072, confusion_matrix: [[38627496  1436001]
 [ 1560961 11328630]]
2026-09-13 16:54:27 - wave mode=ll_only, epoch 250, alpha: 0.1371
2026-09-13 16:54:29 - train: epoch 251, iter:0, loss: 0.4860, lr: 7.631742512670282e-05
2026-09-13 16:54:32 - train: epoch 251, iter:20, loss: 0.4946, lr: 7.631742512670282e-05
2026-09-13 16:54:48 - val epoch: 251, loss: 0.8209
2026-09-13 16:54:48 - wave mode=ll_only, epoch 251, alpha: 0.1372
2026-09-13 16:54:50 - train: epoch 252, iter:0, loss: 0.4545, lr: 7.374916349550603e-05
2026-09-13 16:54:54 - train: epoch 252, iter:20, loss: 0.4911, lr: 7.374916349550603e-05
2026-09-13 16:55:10 - val epoch: 252, loss: 0.8073
2026-09-13 16:55:10 - wave mode=ll_only, epoch 252, alpha: 0.1372
2026-09-13 16:55:11 - train: epoch 253, iter:0, loss: 0.5066, lr: 7.122819337828741e-05
2026-09-13 16:55:15 - train: epoch 253, iter:20, loss: 0.4817, lr: 7.122819337828741e-05
2026-09-13 16:55:31 - val epoch: 253, loss: 0.8088
2026-09-13 16:55:31 - wave mode=ll_only, epoch 253, alpha: 0.1372
2026-09-13 16:55:32 - train: epoch 254, iter:0, loss: 0.4744, lr: 6.875479122782878e-05
2026-09-13 16:55:36 - train: epoch 254, iter:20, loss: 0.4912, lr: 6.875479122782878e-05
2026-09-13 16:55:52 - val epoch: 254, loss: 0.8102
2026-09-13 16:55:52 - wave mode=ll_only, epoch 254, alpha: 0.1372
2026-09-13 16:55:53 - train: epoch 255, iter:0, loss: 0.4455, lr: 6.632922828054862e-05
2026-09-13 16:55:57 - train: epoch 255, iter:20, loss: 0.5167, lr: 6.632922828054862e-05
2026-09-13 16:56:13 - val epoch: 255, loss: 0.8036
2026-09-13 16:56:13 - wave mode=ll_only, epoch 255, alpha: 0.1372
2026-09-13 16:56:15 - train: epoch 256, iter:0, loss: 0.4781, lr: 6.395177052675786e-05
2026-09-13 16:56:18 - train: epoch 256, iter:20, loss: 0.4846, lr: 6.395177052675786e-05
2026-09-13 16:56:34 - val epoch: 256, loss: 0.8171
2026-09-13 16:56:34 - wave mode=ll_only, epoch 256, alpha: 0.1372
2026-09-13 16:56:36 - train: epoch 257, iter:0, loss: 0.4531, lr: 6.162267868149065e-05
2026-09-13 16:56:40 - train: epoch 257, iter:20, loss: 0.4903, lr: 6.162267868149065e-05
2026-09-13 16:56:55 - val epoch: 257, loss: 0.8144
2026-09-13 16:56:55 - wave mode=ll_only, epoch 257, alpha: 0.1373
2026-09-13 16:56:57 - train: epoch 258, iter:0, loss: 0.5117, lr: 5.934220815591413e-05
2026-09-13 16:57:01 - train: epoch 258, iter:20, loss: 0.5001, lr: 5.934220815591413e-05
2026-09-13 16:57:16 - val epoch: 258, loss: 0.8156
2026-09-13 16:57:16 - wave mode=ll_only, epoch 258, alpha: 0.1373
2026-09-13 16:57:18 - train: epoch 259, iter:0, loss: 0.5361, lr: 5.711060902932035e-05
2026-09-13 16:57:21 - train: epoch 259, iter:20, loss: 0.4885, lr: 5.711060902932035e-05
2026-09-13 16:57:37 - val epoch: 259, loss: 0.8053
2026-09-13 16:57:37 - wave mode=ll_only, epoch 259, alpha: 0.1373
2026-09-13 16:57:39 - train: epoch 260, iter:0, loss: 0.4387, lr: 5.492812602170101e-05
2026-09-13 16:57:43 - train: epoch 260, iter:20, loss: 0.4891, lr: 5.492812602170101e-05
2026-09-13 16:58:01 - val epoch: 260, loss: 0.8131, miou: 0.7900759608627254, f1_or_dsc: 0.8827289770227952, accuracy: 0.9428673923605739,                 specificity: 0.9620092824148626, sensitivity: 0.8833704653623222, confusion_matrix: [[38541456  1522041]
 [ 1503307 11386284]]
2026-09-13 16:58:01 - wave mode=ll_only, epoch 260, alpha: 0.1373
2026-09-13 16:58:03 - train: epoch 261, iter:0, loss: 0.5960, lr: 5.279499846691256e-05
2026-09-13 16:58:06 - train: epoch 261, iter:20, loss: 0.4815, lr: 5.279499846691256e-05
2026-09-13 16:58:22 - val epoch: 261, loss: 0.8057
2026-09-13 16:58:22 - wave mode=ll_only, epoch 261, alpha: 0.1373
2026-09-13 16:58:24 - train: epoch 262, iter:0, loss: 0.5753, lr: 5.071146028642938e-05
2026-09-13 16:58:27 - train: epoch 262, iter:20, loss: 0.4874, lr: 5.071146028642938e-05
2026-09-13 16:58:43 - val epoch: 262, loss: 0.8123
2026-09-13 16:58:43 - wave mode=ll_only, epoch 262, alpha: 0.1373
2026-09-13 16:58:45 - train: epoch 263, iter:0, loss: 0.4838, lr: 4.867773996369213e-05
2026-09-13 16:58:49 - train: epoch 263, iter:20, loss: 0.4959, lr: 4.867773996369213e-05
2026-09-13 16:59:04 - val epoch: 263, loss: 0.8164
2026-09-13 16:59:04 - wave mode=ll_only, epoch 263, alpha: 0.1374
2026-09-13 16:59:06 - train: epoch 264, iter:0, loss: 0.4764, lr: 4.669406051905255e-05
2026-09-13 16:59:09 - train: epoch 264, iter:20, loss: 0.4843, lr: 4.669406051905255e-05
2026-09-13 16:59:25 - val epoch: 264, loss: 0.8195
2026-09-13 16:59:25 - wave mode=ll_only, epoch 264, alpha: 0.1374
2026-09-13 16:59:27 - train: epoch 265, iter:0, loss: 0.3709, lr: 4.476063948531553e-05
2026-09-13 16:59:30 - train: epoch 265, iter:20, loss: 0.4880, lr: 4.476063948531553e-05
2026-09-13 16:59:46 - val epoch: 265, loss: 0.8172
2026-09-13 16:59:46 - wave mode=ll_only, epoch 265, alpha: 0.1374
2026-09-13 16:59:48 - train: epoch 266, iter:0, loss: 0.5244, lr: 4.2877688883885086e-05
2026-09-13 16:59:51 - train: epoch 266, iter:20, loss: 0.4951, lr: 4.2877688883885086e-05
2026-09-13 17:00:06 - val epoch: 266, loss: 0.8249
2026-09-13 17:00:06 - wave mode=ll_only, epoch 266, alpha: 0.1374
2026-09-13 17:00:08 - train: epoch 267, iter:0, loss: 0.4916, lr: 4.1045415201513684e-05
2026-09-13 17:00:11 - train: epoch 267, iter:20, loss: 0.4869, lr: 4.1045415201513684e-05
2026-09-13 17:00:26 - val epoch: 267, loss: 0.8131
2026-09-13 17:00:26 - wave mode=ll_only, epoch 267, alpha: 0.1374
2026-09-13 17:00:28 - train: epoch 268, iter:0, loss: 0.5273, lr: 3.926401936765836e-05
2026-09-13 17:00:31 - train: epoch 268, iter:20, loss: 0.4933, lr: 3.926401936765836e-05
2026-09-13 17:00:46 - val epoch: 268, loss: 0.8078
2026-09-13 17:00:46 - wave mode=ll_only, epoch 268, alpha: 0.1374
2026-09-13 17:00:48 - train: epoch 269, iter:0, loss: 0.4738, lr: 3.753369673244687e-05
2026-09-13 17:00:51 - train: epoch 269, iter:20, loss: 0.4916, lr: 3.753369673244687e-05
2026-09-13 17:01:07 - val epoch: 269, loss: 0.8118
2026-09-13 17:01:07 - wave mode=ll_only, epoch 269, alpha: 0.1374
2026-09-13 17:01:08 - train: epoch 270, iter:0, loss: 0.5356, lr: 3.5854637045255115e-05
2026-09-13 17:01:12 - train: epoch 270, iter:20, loss: 0.4876, lr: 3.5854637045255115e-05
2026-09-13 17:01:29 - val epoch: 270, loss: 0.8153, miou: 0.7892826654200982, f1_or_dsc: 0.8822336243164641, accuracy: 0.9423016840868658,                 specificity: 0.9598151154902929, sensitivity: 0.88786634114302, confusion_matrix: [[38453550  1609947]
 [ 1445357 11444234]]
2026-09-13 17:01:29 - wave mode=ll_only, epoch 270, alpha: 0.1374
2026-09-13 17:01:31 - train: epoch 271, iter:0, loss: 0.4623, lr: 3.422702443389897e-05
2026-09-13 17:01:34 - train: epoch 271, iter:20, loss: 0.4995, lr: 3.422702443389897e-05
2026-09-13 17:01:50 - val epoch: 271, loss: 0.8091
2026-09-13 17:01:50 - wave mode=ll_only, epoch 271, alpha: 0.1374
2026-09-13 17:01:51 - train: epoch 272, iter:0, loss: 0.4944, lr: 3.265103738444294e-05
2026-09-13 17:01:55 - train: epoch 272, iter:20, loss: 0.4821, lr: 3.265103738444294e-05
2026-09-13 17:02:10 - val epoch: 272, loss: 0.8103
2026-09-13 17:02:10 - wave mode=ll_only, epoch 272, alpha: 0.1375
2026-09-13 17:02:12 - train: epoch 273, iter:0, loss: 0.4907, lr: 3.112684872162669e-05
2026-09-13 17:02:15 - train: epoch 273, iter:20, loss: 0.5093, lr: 3.112684872162669e-05
2026-09-13 17:02:31 - val epoch: 273, loss: 0.8131
2026-09-13 17:02:31 - wave mode=ll_only, epoch 273, alpha: 0.1375
2026-09-13 17:02:33 - train: epoch 274, iter:0, loss: 0.4870, lr: 2.9654625589913163e-05
2026-09-13 17:02:36 - train: epoch 274, iter:20, loss: 0.4980, lr: 2.9654625589913163e-05
2026-09-13 17:02:51 - val epoch: 274, loss: 0.8119
2026-09-13 17:02:51 - wave mode=ll_only, epoch 274, alpha: 0.1375
2026-09-13 17:02:53 - train: epoch 275, iter:0, loss: 0.5145, lr: 2.823452943515922e-05
2026-09-13 17:02:56 - train: epoch 275, iter:20, loss: 0.5004, lr: 2.823452943515922e-05
2026-09-13 17:03:12 - val epoch: 275, loss: 0.8143
2026-09-13 17:03:12 - wave mode=ll_only, epoch 275, alpha: 0.1375
2026-09-13 17:03:14 - train: epoch 276, iter:0, loss: 0.5405, lr: 2.6866715986911168e-05
2026-09-13 17:03:17 - train: epoch 276, iter:20, loss: 0.4858, lr: 2.6866715986911168e-05
2026-09-13 17:03:32 - val epoch: 276, loss: 0.8149
2026-09-13 17:03:32 - wave mode=ll_only, epoch 276, alpha: 0.1375
2026-09-13 17:03:34 - train: epoch 277, iter:0, loss: 0.4753, lr: 2.5551335241327604e-05
2026-09-13 17:03:37 - train: epoch 277, iter:20, loss: 0.4773, lr: 2.5551335241327604e-05
2026-09-13 17:03:53 - val epoch: 277, loss: 0.8132
2026-09-13 17:03:53 - wave mode=ll_only, epoch 277, alpha: 0.1375
2026-09-13 17:03:55 - train: epoch 278, iter:0, loss: 0.5340, lr: 2.4288531444730185e-05
2026-09-13 17:03:58 - train: epoch 278, iter:20, loss: 0.4863, lr: 2.4288531444730185e-05
2026-09-13 17:04:13 - val epoch: 278, loss: 0.8144
2026-09-13 17:04:13 - wave mode=ll_only, epoch 278, alpha: 0.1375
2026-09-13 17:04:15 - train: epoch 279, iter:0, loss: 0.4560, lr: 2.3078443077785645e-05
2026-09-13 17:04:18 - train: epoch 279, iter:20, loss: 0.4827, lr: 2.3078443077785645e-05
2026-09-13 17:04:34 - val epoch: 279, loss: 0.8129
2026-09-13 17:04:34 - wave mode=ll_only, epoch 279, alpha: 0.1375
2026-09-13 17:04:35 - train: epoch 280, iter:0, loss: 0.4140, lr: 2.1921202840320064e-05
2026-09-13 17:04:38 - train: epoch 280, iter:20, loss: 0.4842, lr: 2.1921202840320064e-05
2026-09-13 17:04:57 - val epoch: 280, loss: 0.8098, miou: 0.790635206167729, f1_or_dsc: 0.8830779194382377, accuracy: 0.9425656346991511,                 specificity: 0.9591434067774962, sensitivity: 0.8910385131692696, confusion_matrix: [[38426639  1636858]
 [ 1404469 11485122]]
2026-09-13 17:04:57 - wave mode=ll_only, epoch 280, alpha: 0.1375
2026-09-13 17:04:59 - train: epoch 281, iter:0, loss: 0.7095, lr: 2.081693763676623e-05
2026-09-13 17:05:02 - train: epoch 281, iter:20, loss: 0.4844, lr: 2.081693763676623e-05
2026-09-13 17:05:18 - val epoch: 281, loss: 0.8155
2026-09-13 17:05:18 - wave mode=ll_only, epoch 281, alpha: 0.1375
2026-09-13 17:05:19 - train: epoch 282, iter:0, loss: 0.4008, lr: 1.9765768562247723e-05
2026-09-13 17:05:23 - train: epoch 282, iter:20, loss: 0.4871, lr: 1.9765768562247723e-05
2026-09-13 17:05:38 - val epoch: 282, loss: 0.8132
2026-09-13 17:05:38 - wave mode=ll_only, epoch 282, alpha: 0.1375
2026-09-13 17:05:40 - train: epoch 283, iter:0, loss: 0.4331, lr: 1.876781088929913e-05
2026-09-13 17:05:43 - train: epoch 283, iter:20, loss: 0.4715, lr: 1.876781088929913e-05
2026-09-13 17:05:59 - val epoch: 283, loss: 0.8158
2026-09-13 17:05:59 - wave mode=ll_only, epoch 283, alpha: 0.1375
2026-09-13 17:06:00 - train: epoch 284, iter:0, loss: 0.4267, lr: 1.7823174055225262e-05
2026-09-13 17:06:04 - train: epoch 284, iter:20, loss: 0.4730, lr: 1.7823174055225262e-05
2026-09-13 17:06:19 - val epoch: 284, loss: 0.8159
2026-09-13 17:06:19 - wave mode=ll_only, epoch 284, alpha: 0.1375
2026-09-13 17:06:21 - train: epoch 285, iter:0, loss: 0.4156, lr: 1.693196165010003e-05
2026-09-13 17:06:24 - train: epoch 285, iter:20, loss: 0.4913, lr: 1.693196165010003e-05
2026-09-13 17:06:40 - val epoch: 285, loss: 0.8159
2026-09-13 17:06:40 - wave mode=ll_only, epoch 285, alpha: 0.1375
2026-09-13 17:06:42 - train: epoch 286, iter:0, loss: 0.5450, lr: 1.6094271405406855e-05
2026-09-13 17:06:45 - train: epoch 286, iter:20, loss: 0.4843, lr: 1.6094271405406855e-05
2026-09-13 17:07:01 - val epoch: 286, loss: 0.8139
2026-09-13 17:07:01 - wave mode=ll_only, epoch 286, alpha: 0.1375
2026-09-13 17:07:02 - train: epoch 287, iter:0, loss: 0.6868, lr: 1.5310195183320773e-05
2026-09-13 17:07:05 - train: epoch 287, iter:20, loss: 0.4848, lr: 1.5310195183320773e-05
2026-09-13 17:07:21 - val epoch: 287, loss: 0.8166
2026-09-13 17:07:21 - wave mode=ll_only, epoch 287, alpha: 0.1375
2026-09-13 17:07:22 - train: epoch 288, iter:0, loss: 0.4862, lr: 1.4579818966635417e-05
2026-09-13 17:07:26 - train: epoch 288, iter:20, loss: 0.4881, lr: 1.4579818966635417e-05
2026-09-13 17:07:41 - val epoch: 288, loss: 0.8168
2026-09-13 17:07:41 - wave mode=ll_only, epoch 288, alpha: 0.1376
2026-09-13 17:07:42 - train: epoch 289, iter:0, loss: 0.5273, lr: 1.3903222849333505e-05
2026-09-13 17:07:46 - train: epoch 289, iter:20, loss: 0.4816, lr: 1.3903222849333505e-05
2026-09-13 17:08:01 - val epoch: 289, loss: 0.8138
2026-09-13 17:08:01 - wave mode=ll_only, epoch 289, alpha: 0.1376
2026-09-13 17:08:03 - train: epoch 290, iter:0, loss: 0.4896, lr: 1.3280481027803759e-05
2026-09-13 17:08:06 - train: epoch 290, iter:20, loss: 0.4930, lr: 1.3280481027803759e-05
2026-09-13 17:08:24 - val epoch: 290, loss: 0.8160, miou: 0.7901128669582163, f1_or_dsc: 0.882752011386619, accuracy: 0.9429142073829575,                 specificity: 0.9622408398348252, sensitivity: 0.8828430630576254, confusion_matrix: [[38550733  1512764]
 [ 1510105 11379486]]
2026-09-13 17:08:24 - wave mode=ll_only, epoch 290, alpha: 0.1376
2026-09-13 17:08:26 - train: epoch 291, iter:0, loss: 0.4559, lr: 1.271166179270472e-05
2026-09-13 17:08:29 - train: epoch 291, iter:20, loss: 0.4884, lr: 1.271166179270472e-05
2026-09-13 17:08:45 - val epoch: 291, loss: 0.8196
2026-09-13 17:08:45 - wave mode=ll_only, epoch 291, alpha: 0.1376
2026-09-13 17:08:46 - train: epoch 292, iter:0, loss: 0.5036, lr: 1.21968275214754e-05
2026-09-13 17:08:50 - train: epoch 292, iter:20, loss: 0.4861, lr: 1.21968275214754e-05
2026-09-13 17:09:05 - val epoch: 292, loss: 0.8163
2026-09-13 17:09:05 - wave mode=ll_only, epoch 292, alpha: 0.1376
2026-09-13 17:09:07 - train: epoch 293, iter:0, loss: 0.4713, lr: 1.1736034671495336e-05
2026-09-13 17:09:10 - train: epoch 293, iter:20, loss: 0.4892, lr: 1.1736034671495336e-05
2026-09-13 17:09:26 - val epoch: 293, loss: 0.8142
2026-09-13 17:09:26 - wave mode=ll_only, epoch 293, alpha: 0.1376
2026-09-13 17:09:28 - train: epoch 294, iter:0, loss: 0.3840, lr: 1.1329333773893242e-05
2026-09-13 17:09:31 - train: epoch 294, iter:20, loss: 0.4827, lr: 1.1329333773893242e-05
2026-09-13 17:09:47 - val epoch: 294, loss: 0.8158
2026-09-13 17:09:47 - wave mode=ll_only, epoch 294, alpha: 0.1376
2026-09-13 17:09:49 - train: epoch 295, iter:0, loss: 0.4631, lr: 1.0976769428005577e-05
2026-09-13 17:09:52 - train: epoch 295, iter:20, loss: 0.4735, lr: 1.0976769428005577e-05
2026-09-13 17:10:07 - val epoch: 295, loss: 0.8156
2026-09-13 17:10:07 - wave mode=ll_only, epoch 295, alpha: 0.1376
2026-09-13 17:10:09 - train: epoch 296, iter:0, loss: 0.4906, lr: 1.0678380296485951e-05
2026-09-13 17:10:12 - train: epoch 296, iter:20, loss: 0.4825, lr: 1.0678380296485951e-05
2026-09-13 17:10:28 - val epoch: 296, loss: 0.8175
2026-09-13 17:10:28 - wave mode=ll_only, epoch 296, alpha: 0.1376
2026-09-13 17:10:29 - train: epoch 297, iter:0, loss: 0.3991, lr: 1.04341991010651e-05
2026-09-13 17:10:33 - train: epoch 297, iter:20, loss: 0.4750, lr: 1.04341991010651e-05
2026-09-13 17:10:48 - val epoch: 297, loss: 0.8135
2026-09-13 17:10:48 - wave mode=ll_only, epoch 297, alpha: 0.1376
2026-09-13 17:10:50 - train: epoch 298, iter:0, loss: 0.5036, lr: 1.0244252618962858e-05
2026-09-13 17:10:53 - train: epoch 298, iter:20, loss: 0.4850, lr: 1.0244252618962858e-05
2026-09-13 17:11:09 - val epoch: 298, loss: 0.8137
2026-09-13 17:11:09 - wave mode=ll_only, epoch 298, alpha: 0.1376
2026-09-13 17:11:10 - train: epoch 299, iter:0, loss: 0.4608, lr: 1.0108561679951479e-05
2026-09-13 17:11:14 - train: epoch 299, iter:20, loss: 0.4659, lr: 1.0108561679951479e-05
2026-09-13 17:11:30 - val epoch: 299, loss: 0.8183
2026-09-13 17:11:30 - wave mode=ll_only, epoch 299, alpha: 0.1376
2026-09-13 17:11:32 - train: epoch 300, iter:0, loss: 0.4514, lr: 1.002714116407149e-05
2026-09-13 17:11:36 - train: epoch 300, iter:20, loss: 0.4760, lr: 1.002714116407149e-05
2026-09-13 17:11:54 - val epoch: 300, loss: 0.8138, miou: 0.7903456313040427, f1_or_dsc: 0.8828972657401072, accuracy: 0.9426866097025351,                 specificity: 0.9604068761146837, sensitivity: 0.8876083810572423, confusion_matrix: [[38477258  1586239]
 [ 1448682 11440909]]
2026-09-13 17:11:54 - wave mode=ll_only, epoch 300, alpha: 0.1376
2026-09-13 17:12:24 - evaluation split=V_dev, loss: 0.7785,miou: 0.797935313055114, f1_or_dsc: 0.887612927185055, accuracy: 0.9452498029954363,                 specificity: 0.9636015298414914, sensitivity: 0.8882088655877444, confusion_matrix: [[38605247  1458250]
 [ 1440942 11448649]]
2026-09-13 17:12:24 - #----------Config info----------#
2026-09-13 17:12:24 - network: ege_dual,
2026-09-13 17:12:24 - t_embed: 48,
2026-09-13 17:12:24 - t_depths: (2, 2, 2, 2),
2026-09-13 17:12:24 - t_head_dim: 16,
2026-09-13 17:12:24 - t_sr_ratios: (4, 2, 1, 1),
2026-09-13 17:12:24 - t_mlp_ratio: 4.0,
2026-09-13 17:12:24 - t_drop_path_rate: 0.1,
2026-09-13 17:12:24 - opt: AdamW,
2026-09-13 17:12:24 - lr: 0.001,
2026-09-13 17:12:24 - betas: (0.9, 0.999),
2026-09-13 17:12:24 - eps: 1e-08,
2026-09-13 17:12:24 - weight_decay: 0.01,
2026-09-13 17:12:24 - amsgrad: False,
2026-09-13 17:12:24 - work_dir: results/retrain_ege_dual_unified_v1_20260912/,
2026-09-13 17:12:24 - epochs: 300,
2026-09-13 17:12:24 - val_interval: 10,
2026-09-13 17:12:24 - save_interval: 10,
2026-09-13 17:12:24 - num_workers: 4,
2026-09-13 17:12:24 - batch_size: 64,
2026-09-13 17:12:24 - gradient_accumulation_steps: 1,
2026-09-13 17:12:24 - seed: 42,
2026-09-13 17:12:26 - train: epoch 1, iter:0, loss: 12.3420, lr: 0.001
2026-09-13 17:12:32 - train: epoch 1, iter:20, loss: 3.6134, lr: 0.001
2026-09-13 17:12:52 - val epoch: 1, loss: 2.1262
2026-09-13 17:12:52 - train gamma: g2=0.100 g3=0.100 g4=0.100 g5=0.100
2026-09-13 17:12:55 - train: epoch 2, iter:0, loss: 2.2053, lr: 0.0009999728588359286
2026-09-13 17:13:00 - train: epoch 2, iter:20, loss: 2.0305, lr: 0.0009999728588359286
2026-09-13 17:13:21 - val epoch: 2, loss: 1.5734
2026-09-13 17:13:21 - train gamma: g2=0.100 g3=0.099 g4=0.100 g5=0.100
2026-09-13 17:13:23 - train: epoch 3, iter:0, loss: 1.9819, lr: 0.0009998914383200486
2026-09-13 17:13:28 - train: epoch 3, iter:20, loss: 1.5229, lr: 0.0009998914383200486
2026-09-13 17:13:49 - val epoch: 3, loss: 1.3710
2026-09-13 17:13:49 - train gamma: g2=0.099 g3=0.099 g4=0.100 g5=0.100
2026-09-13 17:13:51 - train: epoch 4, iter:0, loss: 1.6064, lr: 0.0009997557473810372
2026-09-13 17:13:57 - train: epoch 4, iter:20, loss: 1.2466, lr: 0.0009997557473810372
2026-09-13 17:14:18 - val epoch: 4, loss: 1.2129
2026-09-13 17:14:18 - train gamma: g2=0.099 g3=0.099 g4=0.100 g5=0.101
2026-09-13 17:14:20 - train: epoch 5, iter:0, loss: 0.8982, lr: 0.000999565800898935
2026-09-13 17:14:25 - train: epoch 5, iter:20, loss: 1.1786, lr: 0.000999565800898935
2026-09-13 17:14:46 - val epoch: 5, loss: 1.2619
2026-09-13 17:14:46 - train gamma: g2=0.098 g3=0.099 g4=0.100 g5=0.100
2026-09-13 17:14:47 - train: epoch 6, iter:0, loss: 1.0473, lr: 0.0009993216197035143
2026-09-13 17:14:53 - train: epoch 6, iter:20, loss: 1.1773, lr: 0.0009993216197035143
2026-09-13 17:15:14 - val epoch: 6, loss: 1.1010
2026-09-13 17:15:14 - train gamma: g2=0.098 g3=0.099 g4=0.099 g5=0.100
2026-09-13 17:15:16 - train: epoch 7, iter:0, loss: 0.9787, lr: 0.0009990232305719946
2026-09-13 17:15:21 - train: epoch 7, iter:20, loss: 1.0615, lr: 0.0009990232305719946
2026-09-13 17:15:42 - val epoch: 7, loss: 1.0961
2026-09-13 17:15:42 - train gamma: g2=0.097 g3=0.099 g4=0.099 g5=0.100
2026-09-13 17:15:44 - train: epoch 8, iter:0, loss: 1.3098, lr: 0.0009986706662261067
2026-09-13 17:15:49 - train: epoch 8, iter:20, loss: 1.0140, lr: 0.0009986706662261067
2026-09-13 17:16:10 - val epoch: 8, loss: 1.2036
2026-09-13 17:16:10 - train gamma: g2=0.097 g3=0.099 g4=0.099 g5=0.100
2026-09-13 17:16:12 - train: epoch 9, iter:0, loss: 0.9618, lr: 0.0009982639653285047
2026-09-13 17:16:18 - train: epoch 9, iter:20, loss: 0.8986, lr: 0.0009982639653285047
2026-09-13 17:16:38 - val epoch: 9, loss: 1.0468
2026-09-13 17:16:38 - train gamma: g2=0.097 g3=0.099 g4=0.099 g5=0.099
2026-09-13 17:16:40 - train: epoch 10, iter:0, loss: 0.9996, lr: 0.0009978031724785245
2026-09-13 17:16:46 - train: epoch 10, iter:20, loss: 0.8895, lr: 0.0009978031724785245
2026-09-13 17:17:09 - val epoch: 10, loss: 1.2222, miou: 0.6916275074883341, f1_or_dsc: 0.8177066220863682, accuracy: 0.9003990475494082,                 specificity: 0.8948249824522307, sensitivity: 0.9177243870655012, confusion_matrix: [[35849818  4213679]
 [ 1060499 11829092]]
2026-09-13 17:17:09 - train gamma: g2=0.097 g3=0.099 g4=0.099 g5=0.099
2026-09-13 17:17:10 - train: epoch 11, iter:0, loss: 1.2877, lr: 0.0009972883382072953
2026-09-13 17:17:16 - train: epoch 11, iter:20, loss: 1.0421, lr: 0.0009972883382072953
2026-09-13 17:17:36 - val epoch: 11, loss: 1.0910
2026-09-13 17:17:36 - train gamma: g2=0.096 g3=0.099 g4=0.099 g5=0.098
2026-09-13 17:17:38 - train: epoch 12, iter:0, loss: 0.7584, lr: 0.0009967195189721962
2026-09-13 17:17:44 - train: epoch 12, iter:20, loss: 0.8962, lr: 0.0009967195189721962
2026-09-13 17:18:04 - val epoch: 12, loss: 1.0267
2026-09-13 17:18:04 - train gamma: g2=0.096 g3=0.099 g4=0.098 g5=0.098
2026-09-13 17:18:06 - train: epoch 13, iter:0, loss: 0.9207, lr: 0.0009960967771506667
2026-09-13 17:18:12 - train: epoch 13, iter:20, loss: 0.8619, lr: 0.0009960967771506667
2026-09-13 17:18:33 - val epoch: 13, loss: 1.0214
2026-09-13 17:18:33 - train gamma: g2=0.096 g3=0.099 g4=0.098 g5=0.098
2026-09-13 17:18:35 - train: epoch 14, iter:0, loss: 0.9469, lr: 0.0009954201810333646
2026-09-13 17:18:40 - train: epoch 14, iter:20, loss: 0.8956, lr: 0.0009954201810333646
2026-09-13 17:19:01 - val epoch: 14, loss: 1.0400
2026-09-13 17:19:01 - train gamma: g2=0.096 g3=0.099 g4=0.098 g5=0.097
2026-09-13 17:19:03 - train: epoch 15, iter:0, loss: 0.8639, lr: 0.0009946898048166792
2026-09-13 17:19:09 - train: epoch 15, iter:20, loss: 0.8767, lr: 0.0009946898048166792
2026-09-13 17:19:29 - val epoch: 15, loss: 0.9531
2026-09-13 17:19:29 - train gamma: g2=0.096 g3=0.099 g4=0.098 g5=0.097
2026-09-13 17:19:31 - train: epoch 16, iter:0, loss: 0.8665, lr: 0.000993905728594593
2026-09-13 17:19:37 - train: epoch 16, iter:20, loss: 0.9220, lr: 0.000993905728594593
2026-09-13 17:19:58 - val epoch: 16, loss: 1.0172
2026-09-13 17:19:58 - train gamma: g2=0.096 g3=0.098 g4=0.097 g5=0.096
2026-09-13 17:20:00 - train: epoch 17, iter:0, loss: 0.9475, lr: 0.0009930680383498998
2026-09-13 17:20:05 - train: epoch 17, iter:20, loss: 0.8347, lr: 0.0009930680383498998
2026-09-13 17:20:26 - val epoch: 17, loss: 1.0647
2026-09-13 17:20:26 - train gamma: g2=0.096 g3=0.098 g4=0.097 g5=0.095
2026-09-13 17:20:27 - train: epoch 18, iter:0, loss: 1.0944, lr: 0.0009921768259447744
2026-09-13 17:20:33 - train: epoch 18, iter:20, loss: 0.8441, lr: 0.0009921768259447744
2026-09-13 17:20:53 - val epoch: 18, loss: 1.2586
2026-09-13 17:20:53 - train gamma: g2=0.095 g3=0.098 g4=0.097 g5=0.094
2026-09-13 17:20:55 - train: epoch 19, iter:0, loss: 1.0941, lr: 0.0009912321891107007
2026-09-13 17:21:01 - train: epoch 19, iter:20, loss: 0.8563, lr: 0.0009912321891107007
2026-09-13 17:21:22 - val epoch: 19, loss: 1.1737
2026-09-13 17:21:22 - train gamma: g2=0.095 g3=0.098 g4=0.097 g5=0.094
2026-09-13 17:21:24 - train: epoch 20, iter:0, loss: 0.9532, lr: 0.0009902342314377522
2026-09-13 17:21:29 - train: epoch 20, iter:20, loss: 0.8611, lr: 0.0009902342314377522
2026-09-13 17:21:52 - val epoch: 20, loss: 1.0754, miou: 0.7245017771100731, f1_or_dsc: 0.8402447439911556, accuracy: 0.9288825044537535,                 specificity: 0.9805360725250719, sensitivity: 0.7683326026403786, confusion_matrix: [[39283704   779793]
 [ 2986098  9903493]]
2026-09-13 17:21:52 - train gamma: g2=0.095 g3=0.098 g4=0.096 g5=0.093
2026-09-13 17:21:54 - train: epoch 21, iter:0, loss: 0.9719, lr: 0.0009891830623632338
2026-09-13 17:22:00 - train: epoch 21, iter:20, loss: 0.8200, lr: 0.0009891830623632338
2026-09-13 17:22:21 - val epoch: 21, loss: 1.1118
2026-09-13 17:22:21 - train gamma: g2=0.095 g3=0.098 g4=0.096 g5=0.092
2026-09-13 17:22:22 - train: epoch 22, iter:0, loss: 1.0543, lr: 0.00098807879715968
2026-09-13 17:22:28 - train: epoch 22, iter:20, loss: 0.7596, lr: 0.00098807879715968
2026-09-13 17:22:49 - val epoch: 22, loss: 1.0240
2026-09-13 17:22:49 - train gamma: g2=0.095 g3=0.098 g4=0.096 g5=0.090
2026-09-13 17:22:51 - train: epoch 23, iter:0, loss: 0.6505, lr: 0.0009869215569222143
2026-09-13 17:22:56 - train: epoch 23, iter:20, loss: 0.8160, lr: 0.0009869215569222143
2026-09-13 17:23:17 - val epoch: 23, loss: 0.9931
2026-09-13 17:23:17 - train gamma: g2=0.095 g3=0.098 g4=0.095 g5=0.089
2026-09-13 17:23:19 - train: epoch 24, iter:0, loss: 0.6349, lr: 0.0009857114685552697
2026-09-13 17:23:24 - train: epoch 24, iter:20, loss: 0.7858, lr: 0.0009857114685552697
2026-09-13 17:23:45 - val epoch: 24, loss: 1.0216
2026-09-13 17:23:45 - train gamma: g2=0.095 g3=0.098 g4=0.095 g5=0.088
2026-09-13 17:23:46 - train: epoch 25, iter:0, loss: 0.6522, lr: 0.0009844486647586721
2026-09-13 17:23:52 - train: epoch 25, iter:20, loss: 0.7574, lr: 0.0009844486647586721
2026-09-13 17:24:13 - val epoch: 25, loss: 1.0633
2026-09-13 17:24:13 - train gamma: g2=0.095 g3=0.097 g4=0.095 g5=0.087
2026-09-13 17:24:15 - train: epoch 26, iter:0, loss: 0.8516, lr: 0.0009831332840130884
2026-09-13 17:24:20 - train: epoch 26, iter:20, loss: 0.7884, lr: 0.0009831332840130884
2026-09-13 17:24:41 - val epoch: 26, loss: 0.9373
2026-09-13 17:24:41 - train gamma: g2=0.095 g3=0.097 g4=0.095 g5=0.085
2026-09-13 17:24:42 - train: epoch 27, iter:0, loss: 0.7628, lr: 0.0009817654705648405
2026-09-13 17:24:48 - train: epoch 27, iter:20, loss: 0.7746, lr: 0.0009817654705648405
2026-09-13 17:25:09 - val epoch: 27, loss: 1.0748
2026-09-13 17:25:09 - train gamma: g2=0.095 g3=0.097 g4=0.094 g5=0.084
2026-09-13 17:25:10 - train: epoch 28, iter:0, loss: 0.7777, lr: 0.0009803453744100864
2026-09-13 17:25:16 - train: epoch 28, iter:20, loss: 0.7691, lr: 0.0009803453744100864
2026-09-13 17:25:36 - val epoch: 28, loss: 0.9256
2026-09-13 17:25:36 - train gamma: g2=0.095 g3=0.097 g4=0.094 g5=0.083
2026-09-13 17:25:38 - train: epoch 29, iter:0, loss: 0.8593, lr: 0.0009788731512783728
2026-09-13 17:25:44 - train: epoch 29, iter:20, loss: 0.7431, lr: 0.0009788731512783728
2026-09-13 17:26:04 - val epoch: 29, loss: 0.9531
2026-09-13 17:26:04 - train gamma: g2=0.095 g3=0.097 g4=0.094 g5=0.082
2026-09-13 17:26:06 - train: epoch 30, iter:0, loss: 0.7503, lr: 0.0009773489626155566
2026-09-13 17:26:12 - train: epoch 30, iter:20, loss: 0.7315, lr: 0.0009773489626155566
2026-09-13 17:26:35 - val epoch: 30, loss: 0.9395, miou: 0.7573608915499443, f1_or_dsc: 0.8619298348923341, accuracy: 0.9321651269893835,                 specificity: 0.9522118600879999, sensitivity: 0.8698557619089698, confusion_matrix: [[38148937  1914560]
 [ 1677506 11212085]]
2026-09-13 17:26:35 - train gamma: g2=0.095 g3=0.097 g4=0.094 g5=0.081
2026-09-13 17:26:37 - train: epoch 31, iter:0, loss: 0.7474, lr: 0.0009757729755661006
2026-09-13 17:26:42 - train: epoch 31, iter:20, loss: 0.7576, lr: 0.0009757729755661006
2026-09-13 17:27:02 - val epoch: 31, loss: 0.9451
2026-09-13 17:27:02 - train gamma: g2=0.095 g3=0.097 g4=0.093 g5=0.079
2026-09-13 17:27:04 - train: epoch 32, iter:0, loss: 0.5993, lr: 0.0009741453629547445
2026-09-13 17:27:10 - train: epoch 32, iter:20, loss: 0.7284, lr: 0.0009741453629547445
2026-09-13 17:27:30 - val epoch: 32, loss: 1.0174
2026-09-13 17:27:30 - train gamma: g2=0.095 g3=0.097 g4=0.093 g5=0.078
2026-09-13 17:27:32 - train: epoch 33, iter:0, loss: 0.6876, lr: 0.0009724663032675527
2026-09-13 17:27:38 - train: epoch 33, iter:20, loss: 0.7497, lr: 0.0009724663032675527
2026-09-13 17:27:59 - val epoch: 33, loss: 1.0106
2026-09-13 17:27:59 - train gamma: g2=0.095 g3=0.097 g4=0.093 g5=0.077
2026-09-13 17:28:01 - train: epoch 34, iter:0, loss: 0.5502, lr: 0.0009707359806323412
2026-09-13 17:28:06 - train: epoch 34, iter:20, loss: 0.7431, lr: 0.0009707359806323412
2026-09-13 17:28:27 - val epoch: 34, loss: 0.9500
2026-09-13 17:28:27 - train gamma: g2=0.095 g3=0.097 g4=0.093 g5=0.076
2026-09-13 17:28:29 - train: epoch 35, iter:0, loss: 0.6439, lr: 0.0009689545847984858
2026-09-13 17:28:34 - train: epoch 35, iter:20, loss: 0.7301, lr: 0.0009689545847984858
2026-09-13 17:28:55 - val epoch: 35, loss: 0.9783
2026-09-13 17:28:55 - train gamma: g2=0.095 g3=0.097 g4=0.092 g5=0.074
2026-09-13 17:28:57 - train: epoch 36, iter:0, loss: 0.8067, lr: 0.0009671223111161144
2026-09-13 17:29:02 - train: epoch 36, iter:20, loss: 0.7247, lr: 0.0009671223111161144
2026-09-13 17:29:23 - val epoch: 36, loss: 0.9265
2026-09-13 17:29:23 - train gamma: g2=0.095 g3=0.097 g4=0.092 g5=0.073
2026-09-13 17:29:25 - train: epoch 37, iter:0, loss: 0.8832, lr: 0.000965239360514684
2026-09-13 17:29:31 - train: epoch 37, iter:20, loss: 0.7342, lr: 0.000965239360514684
2026-09-13 17:29:52 - val epoch: 37, loss: 1.0980
2026-09-13 17:29:52 - train gamma: g2=0.095 g3=0.097 g4=0.092 g5=0.072
2026-09-13 17:29:54 - train: epoch 38, iter:0, loss: 0.7282, lr: 0.000963305939480947
2026-09-13 17:29:59 - train: epoch 38, iter:20, loss: 0.7566, lr: 0.000963305939480947
2026-09-13 17:30:20 - val epoch: 38, loss: 1.1726
2026-09-13 17:30:20 - train gamma: g2=0.095 g3=0.097 g4=0.092 g5=0.071
2026-09-13 17:30:22 - train: epoch 39, iter:0, loss: 0.7937, lr: 0.0009613222600363074
2026-09-13 17:30:27 - train: epoch 39, iter:20, loss: 0.7699, lr: 0.0009613222600363074
2026-09-13 17:30:48 - val epoch: 39, loss: 1.2200
2026-09-13 17:30:48 - train gamma: g2=0.095 g3=0.097 g4=0.092 g5=0.070
2026-09-13 17:30:50 - train: epoch 40, iter:0, loss: 0.7844, lr: 0.0009592885397135703
2026-09-13 17:30:56 - train: epoch 40, iter:20, loss: 0.7153, lr: 0.0009592885397135703
2026-09-13 17:31:19 - val epoch: 40, loss: 0.9980, miou: 0.7437751426939105, f1_or_dsc: 0.8530631323771168, accuracy: 0.9324560259828473,                 specificity: 0.9733052758724482, sensitivity: 0.8054881648300555, confusion_matrix: [[38994013  1069484]
 [ 2507178 10382413]]
2026-09-13 17:31:19 - train gamma: g2=0.095 g3=0.097 g4=0.091 g5=0.069
2026-09-13 17:31:21 - train: epoch 41, iter:0, loss: 0.8244, lr: 0.0009572050015330871
2026-09-13 17:31:27 - train: epoch 41, iter:20, loss: 0.6966, lr: 0.0009572050015330871
2026-09-13 17:31:47 - val epoch: 41, loss: 1.1027
2026-09-13 17:31:47 - train gamma: g2=0.095 g3=0.097 g4=0.091 g5=0.068
2026-09-13 17:31:49 - train: epoch 42, iter:0, loss: 0.6804, lr: 0.0009550718739782986
2026-09-13 17:31:55 - train: epoch 42, iter:20, loss: 0.7702, lr: 0.0009550718739782986
2026-09-13 17:32:16 - val epoch: 42, loss: 0.8968
2026-09-13 17:32:16 - train gamma: g2=0.095 g3=0.097 g4=0.091 g5=0.067
2026-09-13 17:32:18 - train: epoch 43, iter:0, loss: 0.6568, lr: 0.0009528893909706794
2026-09-13 17:32:23 - train: epoch 43, iter:20, loss: 0.6915, lr: 0.0009528893909706794
2026-09-13 17:32:44 - val epoch: 43, loss: 0.9858
2026-09-13 17:32:44 - train gamma: g2=0.095 g3=0.097 g4=0.091 g5=0.066
2026-09-13 17:32:46 - train: epoch 44, iter:0, loss: 0.7713, lr: 0.0009506577918440856
2026-09-13 17:32:52 - train: epoch 44, iter:20, loss: 0.6979, lr: 0.0009506577918440856
2026-09-13 17:33:12 - val epoch: 44, loss: 0.9688
2026-09-13 17:33:12 - train gamma: g2=0.095 g3=0.097 g4=0.091 g5=0.065
2026-09-13 17:33:14 - train: epoch 45, iter:0, loss: 0.6983, lr: 0.000948377321318509
2026-09-13 17:33:20 - train: epoch 45, iter:20, loss: 0.7164, lr: 0.000948377321318509
2026-09-13 17:33:41 - val epoch: 45, loss: 0.8996
2026-09-13 17:33:41 - train gamma: g2=0.095 g3=0.096 g4=0.090 g5=0.064
2026-09-13 17:33:42 - train: epoch 46, iter:0, loss: 0.6082, lr: 0.0009460482294732416
2026-09-13 17:33:48 - train: epoch 46, iter:20, loss: 0.6681, lr: 0.0009460482294732416
2026-09-13 17:34:09 - val epoch: 46, loss: 0.8951
2026-09-13 17:34:09 - train gamma: g2=0.095 g3=0.096 g4=0.090 g5=0.063
2026-09-13 17:34:11 - train: epoch 47, iter:0, loss: 0.6815, lr: 0.0009436707717194508
2026-09-13 17:34:16 - train: epoch 47, iter:20, loss: 0.6514, lr: 0.0009436707717194508
2026-09-13 17:34:37 - val epoch: 47, loss: 0.8991
2026-09-13 17:34:37 - train gamma: g2=0.096 g3=0.096 g4=0.090 g5=0.062
2026-09-13 17:34:39 - train: epoch 48, iter:0, loss: 0.6018, lr: 0.0009412452087721706
2026-09-13 17:34:44 - train: epoch 48, iter:20, loss: 0.6841, lr: 0.0009412452087721706
2026-09-13 17:35:05 - val epoch: 48, loss: 1.0293
2026-09-13 17:35:05 - train gamma: g2=0.095 g3=0.096 g4=0.090 g5=0.062
2026-09-13 17:35:07 - train: epoch 49, iter:0, loss: 0.8926, lr: 0.000938771806621712
2026-09-13 17:35:12 - train: epoch 49, iter:20, loss: 0.6817, lr: 0.000938771806621712
2026-09-13 17:35:33 - val epoch: 49, loss: 0.9794
2026-09-13 17:35:33 - train gamma: g2=0.096 g3=0.096 g4=0.090 g5=0.061
2026-09-13 17:35:35 - train: epoch 50, iter:0, loss: 0.6854, lr: 0.0009362508365044934
2026-09-13 17:35:41 - train: epoch 50, iter:20, loss: 0.7105, lr: 0.0009362508365044934
2026-09-13 17:36:04 - val epoch: 50, loss: 0.9910, miou: 0.7514981840084412, f1_or_dsc: 0.8581204261240837, accuracy: 0.9350205412005433,                 specificity: 0.9761169375703773, sensitivity: 0.8072844980108368, confusion_matrix: [[39106658   956839]
 [ 2484024 10405567]]
2026-09-13 17:36:04 - train gamma: g2=0.096 g3=0.096 g4=0.089 g5=0.060
2026-09-13 17:36:06 - train: epoch 51, iter:0, loss: 0.4803, lr: 0.0009336825748732968
2026-09-13 17:36:12 - train: epoch 51, iter:20, loss: 0.6575, lr: 0.0009336825748732968
2026-09-13 17:36:32 - val epoch: 51, loss: 0.8754
2026-09-13 17:36:32 - train gamma: g2=0.096 g3=0.096 g4=0.089 g5=0.059
2026-09-13 17:36:34 - train: epoch 52, iter:0, loss: 0.5929, lr: 0.0009310673033669517
2026-09-13 17:36:40 - train: epoch 52, iter:20, loss: 0.6929, lr: 0.0009310673033669517
2026-09-13 17:37:01 - val epoch: 52, loss: 0.9476
2026-09-13 17:37:01 - train gamma: g2=0.096 g3=0.096 g4=0.089 g5=0.058
2026-09-13 17:37:02 - train: epoch 53, iter:0, loss: 0.8704, lr: 0.0009284053087794505
2026-09-13 17:37:08 - train: epoch 53, iter:20, loss: 0.7120, lr: 0.0009284053087794505
2026-09-13 17:37:28 - val epoch: 53, loss: 0.8917
2026-09-13 17:37:28 - train gamma: g2=0.096 g3=0.096 g4=0.089 g5=0.058
2026-09-13 17:37:31 - train: epoch 54, iter:0, loss: 0.7202, lr: 0.0009256968830284974
2026-09-13 17:37:36 - train: epoch 54, iter:20, loss: 0.6733, lr: 0.0009256968830284974
2026-09-13 17:37:57 - val epoch: 54, loss: 0.9660
2026-09-13 17:37:57 - train gamma: g2=0.096 g3=0.096 g4=0.089 g5=0.057
2026-09-13 17:37:59 - train: epoch 55, iter:0, loss: 0.5983, lr: 0.0009229423231234972
2026-09-13 17:38:05 - train: epoch 55, iter:20, loss: 0.6577, lr: 0.0009229423231234972
2026-09-13 17:38:25 - val epoch: 55, loss: 0.9008
2026-09-13 17:38:25 - train gamma: g2=0.096 g3=0.096 g4=0.088 g5=0.056
2026-09-13 17:38:27 - train: epoch 56, iter:0, loss: 0.6320, lr: 0.0009201419311329846
2026-09-13 17:38:32 - train: epoch 56, iter:20, loss: 0.6521, lr: 0.0009201419311329846
2026-09-13 17:38:53 - val epoch: 56, loss: 0.9413
2026-09-13 17:38:53 - train gamma: g2=0.096 g3=0.096 g4=0.088 g5=0.056
2026-09-13 17:38:55 - train: epoch 57, iter:0, loss: 0.9307, lr: 0.0009172960141514989
2026-09-13 17:39:01 - train: epoch 57, iter:20, loss: 0.6728, lr: 0.0009172960141514989
2026-09-13 17:39:21 - val epoch: 57, loss: 0.9016
2026-09-13 17:39:21 - train gamma: g2=0.096 g3=0.096 g4=0.088 g5=0.055
2026-09-13 17:39:23 - train: epoch 58, iter:0, loss: 0.6602, lr: 0.0009144048842659077
2026-09-13 17:39:28 - train: epoch 58, iter:20, loss: 0.6874, lr: 0.0009144048842659077
2026-09-13 17:39:49 - val epoch: 58, loss: 0.8916
2026-09-13 17:39:49 - train gamma: g2=0.096 g3=0.096 g4=0.088 g5=0.055
2026-09-13 17:39:51 - train: epoch 59, iter:0, loss: 0.5403, lr: 0.0009114688585211832
2026-09-13 17:39:57 - train: epoch 59, iter:20, loss: 0.6479, lr: 0.0009114688585211832
2026-09-13 17:40:17 - val epoch: 59, loss: 0.9029
2026-09-13 17:40:17 - train gamma: g2=0.096 g3=0.096 g4=0.088 g5=0.054
2026-09-13 17:40:20 - train: epoch 60, iter:0, loss: 0.6283, lr: 0.0009084882588856339
2026-09-13 17:40:25 - train: epoch 60, iter:20, loss: 0.6382, lr: 0.0009084882588856339
2026-09-13 17:40:48 - val epoch: 60, loss: 0.8925, miou: 0.7681676785978849, f1_or_dsc: 0.8688855563823265, accuracy: 0.9372347463475595,                 specificity: 0.9638899969216367, sensitivity: 0.8543847512306636, confusion_matrix: [[38616804  1446693]
 [ 1876921 11012670]]
2026-09-13 17:40:48 - train gamma: g2=0.096 g3=0.096 g4=0.088 g5=0.054
2026-09-13 17:40:50 - train: epoch 61, iter:0, loss: 0.7493, lr: 0.0009054634122155986
2026-09-13 17:40:56 - train: epoch 61, iter:20, loss: 0.6444, lr: 0.0009054634122155986
2026-09-13 17:41:17 - val epoch: 61, loss: 1.0486
2026-09-13 17:41:17 - train gamma: g2=0.096 g3=0.096 g4=0.087 g5=0.053
2026-09-13 17:41:19 - train: epoch 62, iter:0, loss: 0.8300, lr: 0.0009023946502196013
2026-09-13 17:41:25 - train: epoch 62, iter:20, loss: 0.6659, lr: 0.0009023946502196013
2026-09-13 17:41:45 - val epoch: 62, loss: 0.9626
2026-09-13 17:41:45 - train gamma: g2=0.096 g3=0.095 g4=0.087 g5=0.052
2026-09-13 17:41:47 - train: epoch 63, iter:0, loss: 0.7764, lr: 0.0008992823094219767
2026-09-13 17:41:53 - train: epoch 63, iter:20, loss: 0.6497, lr: 0.0008992823094219767
2026-09-13 17:42:13 - val epoch: 63, loss: 1.0509
2026-09-13 17:42:13 - train gamma: g2=0.096 g3=0.095 g4=0.087 g5=0.052
2026-09-13 17:42:16 - train: epoch 64, iter:0, loss: 0.5550, lr: 0.0008961267311259662
2026-09-13 17:42:21 - train: epoch 64, iter:20, loss: 0.6415, lr: 0.0008961267311259662
2026-09-13 17:42:42 - val epoch: 64, loss: 0.8992
2026-09-13 17:42:42 - train gamma: g2=0.096 g3=0.096 g4=0.087 g5=0.051
2026-09-13 17:42:44 - train: epoch 65, iter:0, loss: 0.4888, lr: 0.0008929282613762903
2026-09-13 17:42:49 - train: epoch 65, iter:20, loss: 0.6488, lr: 0.0008929282613762903
2026-09-13 17:43:10 - val epoch: 65, loss: 0.8851
2026-09-13 17:43:10 - train gamma: g2=0.096 g3=0.095 g4=0.087 g5=0.051
2026-09-13 17:43:12 - train: epoch 66, iter:0, loss: 0.5129, lr: 0.0008896872509212002
2026-09-13 17:43:18 - train: epoch 66, iter:20, loss: 0.6304, lr: 0.0008896872509212002
2026-09-13 17:43:38 - val epoch: 66, loss: 0.9817
2026-09-13 17:43:38 - train gamma: g2=0.096 g3=0.095 g4=0.086 g5=0.050
2026-09-13 17:43:40 - train: epoch 67, iter:0, loss: 0.7174, lr: 0.0008864040551740152
2026-09-13 17:43:46 - train: epoch 67, iter:20, loss: 0.6231, lr: 0.0008864040551740152
2026-09-13 17:44:07 - val epoch: 67, loss: 0.9814
2026-09-13 17:44:07 - train gamma: g2=0.096 g3=0.095 g4=0.086 g5=0.050
2026-09-13 17:44:09 - train: epoch 68, iter:0, loss: 0.6846, lr: 0.0008830790341741476
2026-09-13 17:44:14 - train: epoch 68, iter:20, loss: 0.6416, lr: 0.0008830790341741476
2026-09-13 17:44:35 - val epoch: 68, loss: 0.9239
2026-09-13 17:44:35 - train gamma: g2=0.096 g3=0.095 g4=0.086 g5=0.049
2026-09-13 17:44:37 - train: epoch 69, iter:0, loss: 0.5558, lr: 0.000879712552547619
2026-09-13 17:44:43 - train: epoch 69, iter:20, loss: 0.6359, lr: 0.000879712552547619
2026-09-13 17:45:04 - val epoch: 69, loss: 0.9169
2026-09-13 17:45:04 - train gamma: g2=0.097 g3=0.095 g4=0.086 g5=0.049
2026-09-13 17:45:05 - train: epoch 70, iter:0, loss: 0.4823, lr: 0.0008763049794670771
2026-09-13 17:45:11 - train: epoch 70, iter:20, loss: 0.6444, lr: 0.0008763049794670771
2026-09-13 17:45:34 - val epoch: 70, loss: 0.8770, miou: 0.7764846443972184, f1_or_dsc: 0.8741810933701468, accuracy: 0.9385947992305944,                 specificity: 0.9586173668264655, sensitivity: 0.8763605454975258, confusion_matrix: [[38405564  1657933]
 [ 1593662 11295929]]
2026-09-13 17:45:34 - train gamma: g2=0.097 g3=0.095 g4=0.086 g5=0.048
2026-09-13 17:45:36 - train: epoch 71, iter:0, loss: 0.6992, lr: 0.0008728566886113098
2026-09-13 17:45:41 - train: epoch 71, iter:20, loss: 0.6404, lr: 0.0008728566886113098
2026-09-13 17:46:02 - val epoch: 71, loss: 0.8574
2026-09-13 17:46:02 - train gamma: g2=0.097 g3=0.095 g4=0.085 g5=0.048
2026-09-13 17:46:04 - train: epoch 72, iter:0, loss: 0.6232, lr: 0.000869368058124268
2026-09-13 17:46:09 - train: epoch 72, iter:20, loss: 0.6087, lr: 0.000869368058124268
2026-09-13 17:46:30 - val epoch: 72, loss: 0.9389
2026-09-13 17:46:30 - train gamma: g2=0.096 g3=0.095 g4=0.085 g5=0.048
2026-09-13 17:46:32 - train: epoch 73, iter:0, loss: 0.6242, lr: 0.0008658394705735983
2026-09-13 17:46:38 - train: epoch 73, iter:20, loss: 0.6264, lr: 0.0008658394705735983
2026-09-13 17:46:58 - val epoch: 73, loss: 0.9151
2026-09-13 17:46:58 - train gamma: g2=0.097 g3=0.095 g4=0.085 g5=0.048
2026-09-13 17:47:00 - train: epoch 74, iter:0, loss: 0.5062, lr: 0.0008622713129086888
2026-09-13 17:47:06 - train: epoch 74, iter:20, loss: 0.6173, lr: 0.0008622713129086888
2026-09-13 17:47:26 - val epoch: 74, loss: 0.9401
2026-09-13 17:47:26 - train gamma: g2=0.097 g3=0.094 g4=0.085 g5=0.047
2026-09-13 17:47:28 - train: epoch 75, iter:0, loss: 0.8290, lr: 0.0008586639764182372
2026-09-13 17:47:34 - train: epoch 75, iter:20, loss: 0.6204, lr: 0.0008586639764182372
2026-09-13 17:47:54 - val epoch: 75, loss: 0.8938
2026-09-13 17:47:54 - train gamma: g2=0.097 g3=0.094 g4=0.085 g5=0.047
2026-09-13 17:47:56 - train: epoch 76, iter:0, loss: 0.8281, lr: 0.0008550178566873405
2026-09-13 17:48:02 - train: epoch 76, iter:20, loss: 0.6386, lr: 0.0008550178566873405
2026-09-13 17:48:22 - val epoch: 76, loss: 0.8716
2026-09-13 17:48:22 - train gamma: g2=0.097 g3=0.094 g4=0.084 g5=0.046
2026-09-13 17:48:24 - train: epoch 77, iter:0, loss: 0.6384, lr: 0.0008513333535541156
2026-09-13 17:48:29 - train: epoch 77, iter:20, loss: 0.6061, lr: 0.0008513333535541156
2026-09-13 17:48:50 - val epoch: 77, loss: 0.8647
2026-09-13 17:48:50 - train gamma: g2=0.097 g3=0.094 g4=0.084 g5=0.046
2026-09-13 17:48:52 - train: epoch 78, iter:0, loss: 0.6202, lr: 0.0008476108710658509
2026-09-13 17:48:58 - train: epoch 78, iter:20, loss: 0.6069, lr: 0.0008476108710658509
2026-09-13 17:49:18 - val epoch: 78, loss: 0.9049
2026-09-13 17:49:18 - train gamma: g2=0.097 g3=0.094 g4=0.084 g5=0.046
2026-09-13 17:49:20 - train: epoch 79, iter:0, loss: 0.5430, lr: 0.0008438508174347005
2026-09-13 17:49:26 - train: epoch 79, iter:20, loss: 0.6121, lr: 0.0008438508174347005
2026-09-13 17:49:46 - val epoch: 79, loss: 0.9418
2026-09-13 17:49:46 - train gamma: g2=0.097 g3=0.094 g4=0.084 g5=0.045
2026-09-13 17:49:48 - train: epoch 80, iter:0, loss: 0.6814, lr: 0.0008400536049929166
2026-09-13 17:49:54 - train: epoch 80, iter:20, loss: 0.6158, lr: 0.0008400536049929166
2026-09-13 17:50:17 - val epoch: 80, loss: 0.8443, miou: 0.7825651482542598, f1_or_dsc: 0.8780213716403672, accuracy: 0.9400916713299138,                 specificity: 0.9575621419168676, sensitivity: 0.885789859429985, confusion_matrix: [[38363288  1700209]
 [ 1472122 11417469]]
2026-09-13 17:50:17 - train gamma: g2=0.097 g3=0.093 g4=0.083 g5=0.045
2026-09-13 17:50:19 - train: epoch 81, iter:0, loss: 0.6754, lr: 0.0008362196501476343
2026-09-13 17:50:24 - train: epoch 81, iter:20, loss: 0.6014, lr: 0.0008362196501476343
2026-09-13 17:50:45 - val epoch: 81, loss: 0.8372
2026-09-13 17:50:45 - train gamma: g2=0.097 g3=0.093 g4=0.083 g5=0.045
2026-09-13 17:50:47 - train: epoch 82, iter:0, loss: 0.6808, lr: 0.0008323493733352072
2026-09-13 17:50:53 - train: epoch 82, iter:20, loss: 0.6075, lr: 0.0008323493733352072
2026-09-13 17:51:13 - val epoch: 82, loss: 0.8577
2026-09-13 17:51:13 - train gamma: g2=0.097 g3=0.093 g4=0.083 g5=0.045
2026-09-13 17:51:15 - train: epoch 83, iter:0, loss: 0.6654, lr: 0.0008284431989751018
2026-09-13 17:51:21 - train: epoch 83, iter:20, loss: 0.5970, lr: 0.0008284431989751018
2026-09-13 17:51:41 - val epoch: 83, loss: 0.9140
2026-09-13 17:51:41 - train gamma: g2=0.097 g3=0.093 g4=0.083 g5=0.045
2026-09-13 17:51:43 - train: epoch 84, iter:0, loss: 0.6260, lr: 0.000824501555423355
2026-09-13 17:51:49 - train: epoch 84, iter:20, loss: 0.6305, lr: 0.000824501555423355
2026-09-13 17:52:10 - val epoch: 84, loss: 0.8384
2026-09-13 17:52:10 - train gamma: g2=0.097 g3=0.093 g4=0.083 g5=0.044
2026-09-13 17:52:12 - train: epoch 85, iter:0, loss: 0.4821, lr: 0.0008205248749256009
2026-09-13 17:52:17 - train: epoch 85, iter:20, loss: 0.6063, lr: 0.0008205248749256009
2026-09-13 17:52:38 - val epoch: 85, loss: 0.8748
2026-09-13 17:52:38 - train gamma: g2=0.097 g3=0.093 g4=0.083 g5=0.044
2026-09-13 17:52:40 - train: epoch 86, iter:0, loss: 0.7671, lr: 0.000816513593569669
2026-09-13 17:52:46 - train: epoch 86, iter:20, loss: 0.5986, lr: 0.000816513593569669
2026-09-13 17:53:06 - val epoch: 86, loss: 0.8828
2026-09-13 17:53:06 - train gamma: g2=0.097 g3=0.093 g4=0.083 g5=0.044
2026-09-13 17:53:09 - train: epoch 87, iter:0, loss: 0.5213, lr: 0.0008124681512377632
2026-09-13 17:53:14 - train: epoch 87, iter:20, loss: 0.5809, lr: 0.0008124681512377632
2026-09-13 17:53:35 - val epoch: 87, loss: 0.8617
2026-09-13 17:53:35 - train gamma: g2=0.097 g3=0.093 g4=0.083 g5=0.044
2026-09-13 17:53:37 - train: epoch 88, iter:0, loss: 0.5033, lr: 0.000808388991558223
2026-09-13 17:53:42 - train: epoch 88, iter:20, loss: 0.6047, lr: 0.000808388991558223
2026-09-13 17:54:03 - val epoch: 88, loss: 0.8805
2026-09-13 17:54:03 - train gamma: g2=0.097 g3=0.093 g4=0.083 g5=0.043
2026-09-13 17:54:05 - train: epoch 89, iter:0, loss: 0.5375, lr: 0.0008042765618568752
2026-09-13 17:54:10 - train: epoch 89, iter:20, loss: 0.6126, lr: 0.0008042765618568752
2026-09-13 17:54:31 - val epoch: 89, loss: 0.9014
2026-09-13 17:54:31 - train gamma: g2=0.098 g3=0.093 g4=0.083 g5=0.043
2026-09-13 17:54:33 - train: epoch 90, iter:0, loss: 0.6141, lr: 0.0008001313131079794
2026-09-13 17:54:38 - train: epoch 90, iter:20, loss: 0.5859, lr: 0.0008001313131079794
2026-09-13 17:55:01 - val epoch: 90, loss: 0.9487, miou: 0.761890319967693, f1_or_dsc: 0.8648555603411947, accuracy: 0.9384696884910659,                 specificity: 0.9801788895262937, sensitivity: 0.8088289225003338, confusion_matrix: [[39269394   794103]
 [ 2464117 10425474]]
2026-09-13 17:55:01 - train gamma: g2=0.098 g3=0.093 g4=0.082 g5=0.043
2026-09-13 17:55:03 - train: epoch 91, iter:0, loss: 0.5573, lr: 0.0007959536998847737
2026-09-13 17:55:09 - train: epoch 91, iter:20, loss: 0.6097, lr: 0.0007959536998847737
2026-09-13 17:55:30 - val epoch: 91, loss: 1.0483
2026-09-13 17:55:30 - train gamma: g2=0.098 g3=0.093 g4=0.082 g5=0.043
2026-09-13 17:55:31 - train: epoch 92, iter:0, loss: 0.5837, lr: 0.0007917441803096255
2026-09-13 17:55:37 - train: epoch 92, iter:20, loss: 0.6197, lr: 0.0007917441803096255
2026-09-13 17:55:58 - val epoch: 92, loss: 0.9276
2026-09-13 17:55:58 - train gamma: g2=0.098 g3=0.093 g4=0.082 g5=0.042
2026-09-13 17:56:00 - train: epoch 93, iter:0, loss: 0.5278, lr: 0.0007875032160037932
2026-09-13 17:56:05 - train: epoch 93, iter:20, loss: 0.5907, lr: 0.0007875032160037932
2026-09-13 17:56:26 - val epoch: 93, loss: 0.8684
2026-09-13 17:56:26 - train gamma: g2=0.098 g3=0.092 g4=0.082 g5=0.042
2026-09-13 17:56:28 - train: epoch 94, iter:0, loss: 0.6631, lr: 0.0007832312720368042
2026-09-13 17:56:33 - train: epoch 94, iter:20, loss: 0.5719, lr: 0.0007832312720368042
2026-09-13 17:56:54 - val epoch: 94, loss: 0.9017
2026-09-13 17:56:54 - train gamma: g2=0.098 g3=0.092 g4=0.082 g5=0.042
2026-09-13 17:56:56 - train: epoch 95, iter:0, loss: 0.6588, lr: 0.0007789288168754548
2026-09-13 17:57:01 - train: epoch 95, iter:20, loss: 0.5967, lr: 0.0007789288168754548
2026-09-13 17:57:22 - val epoch: 95, loss: 1.0304
2026-09-13 17:57:22 - train gamma: g2=0.098 g3=0.092 g4=0.082 g5=0.042
2026-09-13 17:57:24 - train: epoch 96, iter:0, loss: 0.5131, lr: 0.0007745963223324379
2026-09-13 17:57:29 - train: epoch 96, iter:20, loss: 0.5953, lr: 0.0007745963223324379
2026-09-13 17:57:50 - val epoch: 96, loss: 0.8282
2026-09-13 17:57:50 - train gamma: g2=0.098 g3=0.092 g4=0.082 g5=0.042
2026-09-13 17:57:52 - train: epoch 97, iter:0, loss: 0.4979, lr: 0.0007702342635146028
2026-09-13 17:57:57 - train: epoch 97, iter:20, loss: 0.5793, lr: 0.0007702342635146028
2026-09-13 17:58:18 - val epoch: 97, loss: 0.8600
2026-09-13 17:58:18 - train gamma: g2=0.098 g3=0.092 g4=0.082 g5=0.042
2026-09-13 17:58:20 - train: epoch 98, iter:0, loss: 0.6020, lr: 0.000765843118770855
2026-09-13 17:58:26 - train: epoch 98, iter:20, loss: 0.5953, lr: 0.000765843118770855
2026-09-13 17:58:46 - val epoch: 98, loss: 0.8821
2026-09-13 17:58:46 - train gamma: g2=0.098 g3=0.092 g4=0.081 g5=0.041
2026-09-13 17:58:48 - train: epoch 99, iter:0, loss: 0.5436, lr: 0.0007614233696396991
2026-09-13 17:58:54 - train: epoch 99, iter:20, loss: 0.5821, lr: 0.0007614233696396991
2026-09-13 17:59:14 - val epoch: 99, loss: 0.8262
2026-09-13 17:59:14 - train gamma: g2=0.098 g3=0.092 g4=0.081 g5=0.041
2026-09-13 17:59:16 - train: epoch 100, iter:0, loss: 0.4751, lr: 0.0007569755007964334
2026-09-13 17:59:22 - train: epoch 100, iter:20, loss: 0.5966, lr: 0.0007569755007964334
2026-09-13 17:59:45 - val epoch: 100, loss: 0.9945, miou: 0.7379409582856092, f1_or_dsc: 0.8492129203440266, accuracy: 0.9335815127533261,                 specificity: 0.9867387262774391, sensitivity: 0.7683579719480625, confusion_matrix: [[39532204   531293]
 [ 2985771  9903820]]
2026-09-13 17:59:45 - train gamma: g2=0.098 g3=0.092 g4=0.081 g5=0.041
2026-09-13 17:59:47 - train: epoch 101, iter:0, loss: 0.5224, lr: 0.0007524999999999996
2026-09-13 17:59:52 - train: epoch 101, iter:20, loss: 0.5860, lr: 0.0007524999999999996
2026-09-13 18:00:14 - val epoch: 101, loss: 0.8670
2026-09-13 18:00:14 - train gamma: g2=0.098 g3=0.092 g4=0.081 g5=0.041
2026-09-13 18:00:15 - train: epoch 102, iter:0, loss: 0.6105, lr: 0.0007479973580394943
2026-09-13 18:00:21 - train: epoch 102, iter:20, loss: 0.5741, lr: 0.0007479973580394943
2026-09-13 18:00:42 - val epoch: 102, loss: 1.0097
2026-09-13 18:00:42 - train gamma: g2=0.098 g3=0.092 g4=0.081 g5=0.041
2026-09-13 18:00:44 - train: epoch 103, iter:0, loss: 0.5675, lr: 0.0007434680686803487
2026-09-13 18:00:50 - train: epoch 103, iter:20, loss: 0.6004, lr: 0.0007434680686803487
2026-09-13 18:01:11 - val epoch: 103, loss: 0.8750
2026-09-13 18:01:11 - train gamma: g2=0.098 g3=0.092 g4=0.081 g5=0.041
2026-09-13 18:01:13 - train: epoch 104, iter:0, loss: 0.4923, lr: 0.0007389126286101815
2026-09-13 18:01:18 - train: epoch 104, iter:20, loss: 0.5805, lr: 0.0007389126286101815
2026-09-13 18:01:39 - val epoch: 104, loss: 0.8531
2026-09-13 18:01:39 - train gamma: g2=0.098 g3=0.092 g4=0.081 g5=0.041
2026-09-13 18:01:41 - train: epoch 105, iter:0, loss: 0.6446, lr: 0.0007343315373843313
2026-09-13 18:01:47 - train: epoch 105, iter:20, loss: 0.5723, lr: 0.0007343315373843313
2026-09-13 18:02:08 - val epoch: 105, loss: 0.8700
2026-09-13 18:02:08 - train gamma: g2=0.098 g3=0.092 g4=0.081 g5=0.040
2026-09-13 18:02:10 - train: epoch 106, iter:0, loss: 0.4255, lr: 0.0007297252973710753
2026-09-13 18:02:15 - train: epoch 106, iter:20, loss: 0.5920, lr: 0.0007297252973710753
2026-09-13 18:02:36 - val epoch: 106, loss: 0.8810
2026-09-13 18:02:36 - train gamma: g2=0.098 g3=0.092 g4=0.081 g5=0.040
2026-09-13 18:02:38 - train: epoch 107, iter:0, loss: 0.5718, lr: 0.0007250944136965387
2026-09-13 18:02:44 - train: epoch 107, iter:20, loss: 0.5539, lr: 0.0007250944136965387
2026-09-13 18:03:04 - val epoch: 107, loss: 0.9371
2026-09-13 18:03:04 - train gamma: g2=0.098 g3=0.092 g4=0.081 g5=0.040
2026-09-13 18:03:06 - train: epoch 108, iter:0, loss: 0.5542, lr: 0.0007204393941893019
2026-09-13 18:03:11 - train: epoch 108, iter:20, loss: 0.5551, lr: 0.0007204393941893019
2026-09-13 18:03:32 - val epoch: 108, loss: 0.8623
2026-09-13 18:03:32 - train gamma: g2=0.098 g3=0.091 g4=0.081 g5=0.040
2026-09-13 18:03:34 - train: epoch 109, iter:0, loss: 0.6121, lr: 0.0007157607493247106
2026-09-13 18:03:39 - train: epoch 109, iter:20, loss: 0.5681, lr: 0.0007157607493247106
2026-09-13 18:04:00 - val epoch: 109, loss: 0.8561
2026-09-13 18:04:00 - train gamma: g2=0.099 g3=0.091 g4=0.080 g5=0.040
2026-09-13 18:04:02 - train: epoch 110, iter:0, loss: 0.5139, lr: 0.0007110589921688983
2026-09-13 18:04:07 - train: epoch 110, iter:20, loss: 0.5748, lr: 0.0007110589921688983
2026-09-13 18:04:30 - val epoch: 110, loss: 0.8557, miou: 0.7870076369285701, f1_or_dsc: 0.8808106027809082, accuracy: 0.943219269856368,                 specificity: 0.9693749150255156, sensitivity: 0.8619221509821374, confusion_matrix: [[38836549  1226948]
 [ 1779767 11109824]]
2026-09-13 18:04:30 - train gamma: g2=0.099 g3=0.091 g4=0.080 g5=0.040
2026-09-13 18:04:32 - train: epoch 111, iter:0, loss: 0.5052, lr: 0.0007063346383225208
2026-09-13 18:04:38 - train: epoch 111, iter:20, loss: 0.5519, lr: 0.0007063346383225208
2026-09-13 18:04:58 - val epoch: 111, loss: 0.8404
2026-09-13 18:04:58 - train gamma: g2=0.099 g3=0.091 g4=0.080 g5=0.040
2026-09-13 18:05:00 - train: epoch 112, iter:0, loss: 0.5434, lr: 0.0007015882058642161
2026-09-13 18:05:05 - train: epoch 112, iter:20, loss: 0.5599, lr: 0.0007015882058642161
2026-09-13 18:05:26 - val epoch: 112, loss: 0.8298
2026-09-13 18:05:26 - train gamma: g2=0.099 g3=0.091 g4=0.080 g5=0.040
2026-09-13 18:05:28 - train: epoch 113, iter:0, loss: 0.5092, lr: 0.0006968202152937907
2026-09-13 18:05:34 - train: epoch 113, iter:20, loss: 0.5982, lr: 0.0006968202152937907
2026-09-13 18:05:55 - val epoch: 113, loss: 0.8698
2026-09-13 18:05:55 - train gamma: g2=0.099 g3=0.091 g4=0.080 g5=0.040
2026-09-13 18:05:57 - train: epoch 114, iter:0, loss: 0.5734, lr: 0.000692031189475141
2026-09-13 18:06:02 - train: epoch 114, iter:20, loss: 0.5445, lr: 0.000692031189475141
2026-09-13 18:06:23 - val epoch: 114, loss: 0.9129
2026-09-13 18:06:23 - train gamma: g2=0.099 g3=0.091 g4=0.080 g5=0.040
2026-09-13 18:06:25 - train: epoch 115, iter:0, loss: 0.7627, lr: 0.0006872216535789155
2026-09-13 18:06:30 - train: epoch 115, iter:20, loss: 0.5509, lr: 0.0006872216535789155
2026-09-13 18:06:51 - val epoch: 115, loss: 0.9336
2026-09-13 18:06:51 - train gamma: g2=0.099 g3=0.091 g4=0.080 g5=0.039
2026-09-13 18:06:53 - train: epoch 116, iter:0, loss: 0.5520, lr: 0.0006823921350249233
2026-09-13 18:06:58 - train: epoch 116, iter:20, loss: 0.5648, lr: 0.0006823921350249233
2026-09-13 18:07:19 - val epoch: 116, loss: 0.9612
2026-09-13 18:07:19 - train gamma: g2=0.099 g3=0.090 g4=0.080 g5=0.039
2026-09-13 18:07:21 - train: epoch 117, iter:0, loss: 0.5368, lr: 0.0006775431634242984
2026-09-13 18:07:26 - train: epoch 117, iter:20, loss: 0.6065, lr: 0.0006775431634242984
2026-09-13 18:07:47 - val epoch: 117, loss: 0.8543
2026-09-13 18:07:47 - train gamma: g2=0.099 g3=0.090 g4=0.080 g5=0.039
2026-09-13 18:07:49 - train: epoch 118, iter:0, loss: 0.5911, lr: 0.0006726752705214191
2026-09-13 18:07:55 - train: epoch 118, iter:20, loss: 0.5557, lr: 0.0006726752705214191
2026-09-13 18:08:16 - val epoch: 118, loss: 0.8879
2026-09-13 18:08:16 - train gamma: g2=0.099 g3=0.090 g4=0.079 g5=0.039
2026-09-13 18:08:18 - train: epoch 119, iter:0, loss: 0.4950, lr: 0.0006677889901355985
2026-09-13 18:08:23 - train: epoch 119, iter:20, loss: 0.5220, lr: 0.0006677889901355985
2026-09-13 18:08:44 - val epoch: 119, loss: 0.9064
2026-09-13 18:08:44 - train gamma: g2=0.099 g3=0.090 g4=0.079 g5=0.039
2026-09-13 18:08:46 - train: epoch 120, iter:0, loss: 0.5923, lr: 0.0006628848581025445
2026-09-13 18:08:51 - train: epoch 120, iter:20, loss: 0.5708, lr: 0.0006628848581025445
2026-09-13 18:09:14 - val epoch: 120, loss: 0.8241, miou: 0.7895527641981472, f1_or_dsc: 0.8824023297820175, accuracy: 0.944679052522867,                 specificity: 0.9742818506332585, sensitivity: 0.8526674740882003, confusion_matrix: [[39033138  1030359]
 [ 1899056 10990535]]
2026-09-13 18:09:14 - train gamma: g2=0.099 g3=0.090 g4=0.079 g5=0.039
2026-09-13 18:09:16 - train: epoch 121, iter:0, loss: 0.5678, lr: 0.0006579634122155989
2026-09-13 18:09:22 - train: epoch 121, iter:20, loss: 0.5437, lr: 0.0006579634122155989
2026-09-13 18:09:42 - val epoch: 121, loss: 0.8909
2026-09-13 18:09:42 - train gamma: g2=0.099 g3=0.091 g4=0.079 g5=0.039
2026-09-13 18:09:44 - train: epoch 122, iter:0, loss: 0.5347, lr: 0.0006530251921667629
2026-09-13 18:09:50 - train: epoch 122, iter:20, loss: 0.5504, lr: 0.0006530251921667629
2026-09-13 18:10:11 - val epoch: 122, loss: 0.9242
2026-09-13 18:10:11 - train gamma: g2=0.099 g3=0.090 g4=0.079 g5=0.039
2026-09-13 18:10:13 - train: epoch 123, iter:0, loss: 0.6429, lr: 0.0006480707394875134
2026-09-13 18:10:18 - train: epoch 123, iter:20, loss: 0.5513, lr: 0.0006480707394875134
2026-09-13 18:10:39 - val epoch: 123, loss: 0.9371
2026-09-13 18:10:39 - train gamma: g2=0.099 g3=0.090 g4=0.079 g5=0.038
2026-09-13 18:10:41 - train: epoch 124, iter:0, loss: 0.6262, lr: 0.0006431005974894185
2026-09-13 18:10:47 - train: epoch 124, iter:20, loss: 0.5551, lr: 0.0006431005974894185
2026-09-13 18:11:08 - val epoch: 124, loss: 0.8595
2026-09-13 18:11:08 - train gamma: g2=0.099 g3=0.090 g4=0.079 g5=0.038
2026-09-13 18:11:10 - train: epoch 125, iter:0, loss: 0.4838, lr: 0.0006381153112045565
2026-09-13 18:11:15 - train: epoch 125, iter:20, loss: 0.5436, lr: 0.0006381153112045565
2026-09-13 18:11:36 - val epoch: 125, loss: 0.8853
2026-09-13 18:11:36 - train gamma: g2=0.099 g3=0.090 g4=0.079 g5=0.038
2026-09-13 18:11:38 - train: epoch 126, iter:0, loss: 0.4819, lr: 0.0006331154273257479
2026-09-13 18:11:44 - train: epoch 126, iter:20, loss: 0.5215, lr: 0.0006331154273257479
2026-09-13 18:12:04 - val epoch: 126, loss: 0.9111
2026-09-13 18:12:04 - train gamma: g2=0.099 g3=0.090 g4=0.079 g5=0.038
2026-09-13 18:12:06 - train: epoch 127, iter:0, loss: 0.5613, lr: 0.000628101494146603
2026-09-13 18:12:12 - train: epoch 127, iter:20, loss: 0.5368, lr: 0.000628101494146603
2026-09-13 18:12:35 - val epoch: 127, loss: 0.8703
2026-09-13 18:12:35 - train gamma: g2=0.099 g3=0.090 g4=0.079 g5=0.038
2026-09-13 18:12:37 - train: epoch 128, iter:0, loss: 0.5087, lr: 0.0006230740615013976
2026-09-13 18:12:43 - train: epoch 128, iter:20, loss: 0.5340, lr: 0.0006230740615013976
2026-09-13 18:13:03 - val epoch: 128, loss: 0.8542
2026-09-13 18:13:03 - train gamma: g2=0.099 g3=0.090 g4=0.079 g5=0.038
2026-09-13 18:13:05 - train: epoch 129, iter:0, loss: 0.5174, lr: 0.0006180336807047746
2026-09-13 18:13:11 - train: epoch 129, iter:20, loss: 0.5425, lr: 0.0006180336807047746
2026-09-13 18:13:31 - val epoch: 129, loss: 0.8890
2026-09-13 18:13:31 - train gamma: g2=0.099 g3=0.090 g4=0.079 g5=0.038
2026-09-13 18:13:33 - train: epoch 130, iter:0, loss: 0.5015, lr: 0.0006129809044912887
2026-09-13 18:13:39 - train: epoch 130, iter:20, loss: 0.5507, lr: 0.0006129809044912887
2026-09-13 18:14:02 - val epoch: 130, loss: 0.8857, miou: 0.775531757025197, f1_or_dsc: 0.8735768920568975, accuracy: 0.940526811203154,                 specificity: 0.9715350110351076, sensitivity: 0.8441469554774856, confusion_matrix: [[38923090  1140407]
 [ 2008882 10880709]]
2026-09-13 18:14:02 - train gamma: g2=0.099 g3=0.090 g4=0.079 g5=0.038
2026-09-13 18:14:04 - train: epoch 131, iter:0, loss: 0.5016, lr: 0.0006079162869547909
2026-09-13 18:14:09 - train: epoch 131, iter:20, loss: 0.5178, lr: 0.0006079162869547909
2026-09-13 18:14:30 - val epoch: 131, loss: 0.8695
2026-09-13 18:14:30 - train gamma: g2=0.099 g3=0.090 g4=0.079 g5=0.038
2026-09-13 18:14:32 - train: epoch 132, iter:0, loss: 0.4731, lr: 0.0006028403834876673
2026-09-13 18:14:37 - train: epoch 132, iter:20, loss: 0.5118, lr: 0.0006028403834876673
2026-09-13 18:14:58 - val epoch: 132, loss: 0.8771
2026-09-13 18:14:58 - train gamma: g2=0.100 g3=0.090 g4=0.079 g5=0.038
2026-09-13 18:15:00 - train: epoch 133, iter:0, loss: 0.6200, lr: 0.0005977537507199337
2026-09-13 18:15:05 - train: epoch 133, iter:20, loss: 0.5251, lr: 0.0005977537507199337
2026-09-13 18:15:26 - val epoch: 133, loss: 0.8615
2026-09-13 18:15:26 - train gamma: g2=0.100 g3=0.090 g4=0.078 g5=0.038
2026-09-13 18:15:28 - train: epoch 134, iter:0, loss: 0.4166, lr: 0.0005926569464581937
2026-09-13 18:15:34 - train: epoch 134, iter:20, loss: 0.5312, lr: 0.0005926569464581937
2026-09-13 18:15:55 - val epoch: 134, loss: 0.9105
2026-09-13 18:15:55 - train gamma: g2=0.100 g3=0.090 g4=0.078 g5=0.038
2026-09-13 18:15:57 - train: epoch 135, iter:0, loss: 0.6865, lr: 0.0005875505296244705
2026-09-13 18:16:02 - train: epoch 135, iter:20, loss: 0.5360, lr: 0.0005875505296244705
2026-09-13 18:16:23 - val epoch: 135, loss: 0.8585
2026-09-13 18:16:23 - train gamma: g2=0.100 g3=0.090 g4=0.078 g5=0.037
2026-09-13 18:16:25 - train: epoch 136, iter:0, loss: 0.4747, lr: 0.0005824350601949142
2026-09-13 18:16:30 - train: epoch 136, iter:20, loss: 0.5397, lr: 0.0005824350601949142
2026-09-13 18:16:51 - val epoch: 136, loss: 0.8559
2026-09-13 18:16:51 - train gamma: g2=0.100 g3=0.090 g4=0.078 g5=0.037
2026-09-13 18:16:53 - train: epoch 137, iter:0, loss: 0.5275, lr: 0.0005773110991383937
2026-09-13 18:16:58 - train: epoch 137, iter:20, loss: 0.5356, lr: 0.0005773110991383937
2026-09-13 18:17:19 - val epoch: 137, loss: 0.8523
2026-09-13 18:17:19 - train gamma: g2=0.100 g3=0.090 g4=0.078 g5=0.037
2026-09-13 18:17:22 - train: epoch 138, iter:0, loss: 0.4973, lr: 0.0005721792083549806
2026-09-13 18:17:27 - train: epoch 138, iter:20, loss: 0.5402, lr: 0.0005721792083549806
2026-09-13 18:17:48 - val epoch: 138, loss: 0.8536
2026-09-13 18:17:48 - train gamma: g2=0.100 g3=0.089 g4=0.078 g5=0.037
2026-09-13 18:17:49 - train: epoch 139, iter:0, loss: 0.6207, lr: 0.0005670399506143306
2026-09-13 18:17:55 - train: epoch 139, iter:20, loss: 0.5326, lr: 0.0005670399506143306
2026-09-13 18:18:16 - val epoch: 139, loss: 0.9332
2026-09-13 18:18:16 - train gamma: g2=0.100 g3=0.089 g4=0.078 g5=0.037
2026-09-13 18:18:17 - train: epoch 140, iter:0, loss: 0.5873, lr: 0.000561893889493969
2026-09-13 18:18:23 - train: epoch 140, iter:20, loss: 0.5482, lr: 0.000561893889493969
2026-09-13 18:18:46 - val epoch: 140, loss: 0.8996, miou: 0.7668123713514806, f1_or_dsc: 0.8680178877906837, accuracy: 0.9345304659097502,                 specificity: 0.9506416776348805, sensitivity: 0.8844535098126853, confusion_matrix: [[38086030  1977467]
 [ 1489347 11400244]]
2026-09-13 18:18:46 - train gamma: g2=0.100 g3=0.089 g4=0.078 g5=0.037
2026-09-13 18:18:48 - train: epoch 141, iter:0, loss: 0.7707, lr: 0.0005567415893174885
2026-09-13 18:18:54 - train: epoch 141, iter:20, loss: 0.5436, lr: 0.0005567415893174885
2026-09-13 18:19:14 - val epoch: 141, loss: 0.8906
2026-09-13 18:19:14 - train gamma: g2=0.100 g3=0.089 g4=0.078 g5=0.037
2026-09-13 18:19:16 - train: epoch 142, iter:0, loss: 0.4353, lr: 0.0005515836150926646
2026-09-13 18:19:22 - train: epoch 142, iter:20, loss: 0.5348, lr: 0.0005515836150926646
2026-09-13 18:19:43 - val epoch: 142, loss: 0.8438
2026-09-13 18:19:43 - train gamma: g2=0.100 g3=0.089 g4=0.078 g5=0.037
2026-09-13 18:19:45 - train: epoch 143, iter:0, loss: 0.3975, lr: 0.0005464205324494961
2026-09-13 18:19:50 - train: epoch 143, iter:20, loss: 0.5245, lr: 0.0005464205324494961
2026-09-13 18:20:10 - val epoch: 143, loss: 0.8481
2026-09-13 18:20:10 - train gamma: g2=0.100 g3=0.089 g4=0.078 g5=0.037
2026-09-13 18:20:13 - train: epoch 144, iter:0, loss: 0.5674, lr: 0.0005412529075781776
2026-09-13 18:20:18 - train: epoch 144, iter:20, loss: 0.5378, lr: 0.0005412529075781776
2026-09-13 18:20:39 - val epoch: 144, loss: 0.8957
2026-09-13 18:20:39 - train gamma: g2=0.100 g3=0.089 g4=0.078 g5=0.037
2026-09-13 18:20:41 - train: epoch 145, iter:0, loss: 0.5614, lr: 0.0005360813071670101
2026-09-13 18:20:47 - train: epoch 145, iter:20, loss: 0.5017, lr: 0.0005360813071670101
2026-09-13 18:21:08 - val epoch: 145, loss: 0.8494
2026-09-13 18:21:08 - train gamma: g2=0.100 g3=0.089 g4=0.078 g5=0.037
2026-09-13 18:21:10 - train: epoch 146, iter:0, loss: 0.4270, lr: 0.0005309062983402573
2026-09-13 18:21:15 - train: epoch 146, iter:20, loss: 0.5306, lr: 0.0005309062983402573
2026-09-13 18:21:36 - val epoch: 146, loss: 0.8827
2026-09-13 18:21:36 - train gamma: g2=0.100 g3=0.089 g4=0.078 g5=0.037
2026-09-13 18:21:38 - train: epoch 147, iter:0, loss: 0.5467, lr: 0.0005257284485959538
2026-09-13 18:21:43 - train: epoch 147, iter:20, loss: 0.5385, lr: 0.0005257284485959538
2026-09-13 18:22:04 - val epoch: 147, loss: 0.8875
2026-09-13 18:22:04 - train gamma: g2=0.100 g3=0.089 g4=0.078 g5=0.037
2026-09-13 18:22:06 - train: epoch 148, iter:0, loss: 0.5215, lr: 0.0005205483257436734
2026-09-13 18:22:12 - train: epoch 148, iter:20, loss: 0.5155, lr: 0.0005205483257436734
2026-09-13 18:22:33 - val epoch: 148, loss: 0.8621
2026-09-13 18:22:33 - train gamma: g2=0.100 g3=0.089 g4=0.078 g5=0.037
2026-09-13 18:22:35 - train: epoch 149, iter:0, loss: 0.3919, lr: 0.0005153664978422616
2026-09-13 18:22:40 - train: epoch 149, iter:20, loss: 0.4886, lr: 0.0005153664978422616
2026-09-13 18:23:01 - val epoch: 149, loss: 0.8820
2026-09-13 18:23:01 - train gamma: g2=0.100 g3=0.090 g4=0.078 g5=0.037
2026-09-13 18:23:03 - train: epoch 150, iter:0, loss: 0.4382, lr: 0.0005101835331375416
2026-09-13 18:23:08 - train: epoch 150, iter:20, loss: 0.4995, lr: 0.0005101835331375416
2026-09-13 18:23:31 - val epoch: 150, loss: 0.8891, miou: 0.777771999639214, f1_or_dsc: 0.8749963435098058, accuracy: 0.9416534310520286,                 specificity: 0.9747054781563377, sensitivity: 0.8389208780945804, confusion_matrix: [[39050110  1013387]
 [ 2076244 10813347]]
2026-09-13 18:23:31 - train gamma: g2=0.100 g3=0.089 g4=0.078 g5=0.037
2026-09-13 18:23:33 - train: epoch 151, iter:0, loss: 0.5474, lr: 0.0005049999999999999
2026-09-13 18:23:39 - train: epoch 151, iter:20, loss: 0.5008, lr: 0.0005049999999999999
2026-09-13 18:24:00 - val epoch: 151, loss: 0.8599
2026-09-13 18:24:00 - train gamma: g2=0.100 g3=0.089 g4=0.078 g5=0.037
2026-09-13 18:24:02 - train: epoch 152, iter:0, loss: 0.5893, lr: 0.0004998164668624582
2026-09-13 18:24:07 - train: epoch 152, iter:20, loss: 0.4892, lr: 0.0004998164668624582
2026-09-13 18:24:28 - val epoch: 152, loss: 0.8740
2026-09-13 18:24:28 - train gamma: g2=0.100 g3=0.089 g4=0.078 g5=0.036
2026-09-13 18:24:30 - train: epoch 153, iter:0, loss: 0.5605, lr: 0.0004946335021577383
2026-09-13 18:24:36 - train: epoch 153, iter:20, loss: 0.5131, lr: 0.0004946335021577383
2026-09-13 18:24:56 - val epoch: 153, loss: 0.8732
2026-09-13 18:24:56 - train gamma: g2=0.101 g3=0.089 g4=0.078 g5=0.036
2026-09-13 18:24:58 - train: epoch 154, iter:0, loss: 0.5440, lr: 0.0004894516742563263
2026-09-13 18:25:04 - train: epoch 154, iter:20, loss: 0.5238, lr: 0.0004894516742563263
2026-09-13 18:25:24 - val epoch: 154, loss: 0.8463
2026-09-13 18:25:24 - train gamma: g2=0.101 g3=0.089 g4=0.078 g5=0.036
2026-09-13 18:25:26 - train: epoch 155, iter:0, loss: 0.6376, lr: 0.000484271551404046
2026-09-13 18:25:31 - train: epoch 155, iter:20, loss: 0.5283, lr: 0.000484271551404046
2026-09-13 18:25:52 - val epoch: 155, loss: 0.8596
2026-09-13 18:25:52 - train gamma: g2=0.101 g3=0.089 g4=0.077 g5=0.036
2026-09-13 18:25:54 - train: epoch 156, iter:0, loss: 0.4792, lr: 0.0004790937016597426
2026-09-13 18:26:00 - train: epoch 156, iter:20, loss: 0.4979, lr: 0.0004790937016597426
2026-09-13 18:26:21 - val epoch: 156, loss: 0.8516
2026-09-13 18:26:21 - train gamma: g2=0.101 g3=0.089 g4=0.078 g5=0.036
2026-09-13 18:26:22 - train: epoch 157, iter:0, loss: 0.4630, lr: 0.0004739186928329898
2026-09-13 18:26:28 - train: epoch 157, iter:20, loss: 0.4769, lr: 0.0004739186928329898
2026-09-13 18:26:49 - val epoch: 157, loss: 0.8618
2026-09-13 18:26:49 - train gamma: g2=0.101 g3=0.089 g4=0.078 g5=0.036
2026-09-13 18:26:51 - train: epoch 158, iter:0, loss: 0.4550, lr: 0.0004687470924218222
2026-09-13 18:26:56 - train: epoch 158, iter:20, loss: 0.5014, lr: 0.0004687470924218222
2026-09-13 18:27:17 - val epoch: 158, loss: 0.8847
2026-09-13 18:27:17 - train gamma: g2=0.101 g3=0.089 g4=0.078 g5=0.036
2026-09-13 18:27:19 - train: epoch 159, iter:0, loss: 0.4909, lr: 0.00046357946755050356
2026-09-13 18:27:25 - train: epoch 159, iter:20, loss: 0.4911, lr: 0.00046357946755050356
2026-09-13 18:27:45 - val epoch: 159, loss: 0.9335
2026-09-13 18:27:45 - train gamma: g2=0.101 g3=0.089 g4=0.078 g5=0.036
2026-09-13 18:27:47 - train: epoch 160, iter:0, loss: 0.4103, lr: 0.00045841638490733513
2026-09-13 18:27:53 - train: epoch 160, iter:20, loss: 0.5077, lr: 0.00045841638490733513
2026-09-13 18:28:16 - val epoch: 160, loss: 0.9078, miou: 0.7670151692792837, f1_or_dsc: 0.8681478038381841, accuracy: 0.9338316964631034,                 specificity: 0.9463545331552061, sensitivity: 0.8949081472018778, confusion_matrix: [[37914272  2149225]
 [ 1354591 11535000]]
2026-09-13 18:28:16 - train gamma: g2=0.101 g3=0.089 g4=0.078 g5=0.036
2026-09-13 18:28:18 - train: epoch 161, iter:0, loss: 0.5453, lr: 0.00045325841068251133
2026-09-13 18:28:23 - train: epoch 161, iter:20, loss: 0.5025, lr: 0.00045325841068251133
2026-09-13 18:28:44 - val epoch: 161, loss: 0.9012
2026-09-13 18:28:44 - train gamma: g2=0.101 g3=0.089 g4=0.077 g5=0.036
2026-09-13 18:28:46 - train: epoch 162, iter:0, loss: 0.4151, lr: 0.0004481061105060308
2026-09-13 18:28:52 - train: epoch 162, iter:20, loss: 0.4941, lr: 0.0004481061105060308
2026-09-13 18:29:13 - val epoch: 162, loss: 0.8680
2026-09-13 18:29:13 - train gamma: g2=0.101 g3=0.089 g4=0.078 g5=0.036
2026-09-13 18:29:15 - train: epoch 163, iter:0, loss: 0.6146, lr: 0.0004429600493856691
2026-09-13 18:29:20 - train: epoch 163, iter:20, loss: 0.4910, lr: 0.0004429600493856691
2026-09-13 18:29:41 - val epoch: 163, loss: 0.9153
2026-09-13 18:29:41 - train gamma: g2=0.101 g3=0.089 g4=0.078 g5=0.036
2026-09-13 18:29:43 - train: epoch 164, iter:0, loss: 0.4937, lr: 0.000437820791645019
2026-09-13 18:29:49 - train: epoch 164, iter:20, loss: 0.5060, lr: 0.000437820791645019
2026-09-13 18:30:10 - val epoch: 164, loss: 0.8422
2026-09-13 18:30:10 - train gamma: g2=0.101 g3=0.089 g4=0.077 g5=0.036
2026-09-13 18:30:12 - train: epoch 165, iter:0, loss: 0.4620, lr: 0.00043268890086160604
2026-09-13 18:30:17 - train: epoch 165, iter:20, loss: 0.4760, lr: 0.00043268890086160604
2026-09-13 18:30:38 - val epoch: 165, loss: 0.8746
2026-09-13 18:30:38 - train gamma: g2=0.101 g3=0.089 g4=0.077 g5=0.036
2026-09-13 18:30:40 - train: epoch 166, iter:0, loss: 0.5769, lr: 0.0004275649398050855
2026-09-13 18:30:46 - train: epoch 166, iter:20, loss: 0.5030, lr: 0.0004275649398050855
2026-09-13 18:31:07 - val epoch: 166, loss: 0.8748
2026-09-13 18:31:07 - train gamma: g2=0.101 g3=0.089 g4=0.077 g5=0.036
2026-09-13 18:31:09 - train: epoch 167, iter:0, loss: 0.4942, lr: 0.0004224494703755289
2026-09-13 18:31:14 - train: epoch 167, iter:20, loss: 0.4828, lr: 0.0004224494703755289
2026-09-13 18:31:35 - val epoch: 167, loss: 0.8700
2026-09-13 18:31:35 - train gamma: g2=0.101 g3=0.089 g4=0.077 g5=0.036
2026-09-13 18:31:37 - train: epoch 168, iter:0, loss: 0.5451, lr: 0.00041734305354180595
2026-09-13 18:31:42 - train: epoch 168, iter:20, loss: 0.5004, lr: 0.00041734305354180595
2026-09-13 18:32:03 - val epoch: 168, loss: 0.8841
2026-09-13 18:32:03 - train gamma: g2=0.101 g3=0.089 g4=0.077 g5=0.036
2026-09-13 18:32:05 - train: epoch 169, iter:0, loss: 0.4339, lr: 0.000412246249280066
2026-09-13 18:32:11 - train: epoch 169, iter:20, loss: 0.4850, lr: 0.000412246249280066
2026-09-13 18:32:31 - val epoch: 169, loss: 0.8715
2026-09-13 18:32:31 - train gamma: g2=0.101 g3=0.089 g4=0.077 g5=0.036
2026-09-13 18:32:33 - train: epoch 170, iter:0, loss: 0.5155, lr: 0.0004071596165123322
2026-09-13 18:32:39 - train: epoch 170, iter:20, loss: 0.4930, lr: 0.0004071596165123322
2026-09-13 18:33:02 - val epoch: 170, loss: 0.8927, miou: 0.7782898309112594, f1_or_dsc: 0.8753239403190377, accuracy: 0.9398856399082901,                 specificity: 0.9633562442140285, sensitivity: 0.8669341796803327, confusion_matrix: [[38595420  1468077]
 [ 1715164 11174427]]
2026-09-13 18:33:02 - train gamma: g2=0.101 g3=0.089 g4=0.077 g5=0.036
2026-09-13 18:33:04 - train: epoch 171, iter:0, loss: 0.5141, lr: 0.0004020837130452088
2026-09-13 18:33:09 - train: epoch 171, iter:20, loss: 0.4806, lr: 0.0004020837130452088
2026-09-13 18:33:30 - val epoch: 171, loss: 0.8567
2026-09-13 18:33:30 - train gamma: g2=0.101 g3=0.089 g4=0.077 g5=0.036
2026-09-13 18:33:32 - train: epoch 172, iter:0, loss: 0.4046, lr: 0.00039701909550871116
2026-09-13 18:33:38 - train: epoch 172, iter:20, loss: 0.4807, lr: 0.00039701909550871116
2026-09-13 18:33:58 - val epoch: 172, loss: 0.9201
2026-09-13 18:33:58 - train gamma: g2=0.101 g3=0.089 g4=0.077 g5=0.036
2026-09-13 18:34:01 - train: epoch 173, iter:0, loss: 0.5178, lr: 0.0003919663192952252
2026-09-13 18:34:06 - train: epoch 173, iter:20, loss: 0.4892, lr: 0.0003919663192952252
2026-09-13 18:34:26 - val epoch: 173, loss: 0.8683
2026-09-13 18:34:26 - train gamma: g2=0.101 g3=0.089 g4=0.077 g5=0.036
2026-09-13 18:34:28 - train: epoch 174, iter:0, loss: 0.7010, lr: 0.0003869259384986023
2026-09-13 18:34:34 - train: epoch 174, iter:20, loss: 0.4747, lr: 0.0003869259384986023
2026-09-13 18:34:54 - val epoch: 174, loss: 0.8664
2026-09-13 18:34:54 - train gamma: g2=0.101 g3=0.089 g4=0.077 g5=0.036
2026-09-13 18:34:56 - train: epoch 175, iter:0, loss: 0.5329, lr: 0.0003818985058533967
2026-09-13 18:35:02 - train: epoch 175, iter:20, loss: 0.4818, lr: 0.0003818985058533967
2026-09-13 18:35:22 - val epoch: 175, loss: 0.8678
2026-09-13 18:35:22 - train gamma: g2=0.101 g3=0.089 g4=0.077 g5=0.036
2026-09-13 18:35:24 - train: epoch 176, iter:0, loss: 0.4835, lr: 0.00037688457267425206
2026-09-13 18:35:30 - train: epoch 176, iter:20, loss: 0.4651, lr: 0.00037688457267425206
2026-09-13 18:35:50 - val epoch: 176, loss: 0.8740
2026-09-13 18:35:50 - train gamma: g2=0.101 g3=0.089 g4=0.077 g5=0.036
2026-09-13 18:35:52 - train: epoch 177, iter:0, loss: 0.4852, lr: 0.0003718846887954434
2026-09-13 18:35:58 - train: epoch 177, iter:20, loss: 0.4735, lr: 0.0003718846887954434
2026-09-13 18:36:18 - val epoch: 177, loss: 0.8777
2026-09-13 18:36:18 - train gamma: g2=0.101 g3=0.089 g4=0.077 g5=0.036
2026-09-13 18:36:20 - train: epoch 178, iter:0, loss: 0.6046, lr: 0.0003668994025105812
2026-09-13 18:36:26 - train: epoch 178, iter:20, loss: 0.4812, lr: 0.0003668994025105812
2026-09-13 18:36:47 - val epoch: 178, loss: 0.8847
2026-09-13 18:36:47 - train gamma: g2=0.101 g3=0.089 g4=0.077 g5=0.036
2026-09-13 18:36:50 - train: epoch 179, iter:0, loss: 0.4115, lr: 0.0003619292605124862
2026-09-13 18:36:55 - train: epoch 179, iter:20, loss: 0.4931, lr: 0.0003619292605124862
2026-09-13 18:37:15 - val epoch: 179, loss: 0.8762
2026-09-13 18:37:15 - train gamma: g2=0.101 g3=0.089 g4=0.077 g5=0.036
2026-09-13 18:37:17 - train: epoch 180, iter:0, loss: 0.4978, lr: 0.00035697480783323686
2026-09-13 18:37:23 - train: epoch 180, iter:20, loss: 0.4674, lr: 0.00035697480783323686
2026-09-13 18:37:46 - val epoch: 180, loss: 0.8850, miou: 0.7775760715183683, f1_or_dsc: 0.8748723432738145, accuracy: 0.939808458384901,                 specificity: 0.9640476217041164, sensitivity: 0.8644681588422782, confusion_matrix: [[38623119  1440378]
 [ 1746950 11142641]]
2026-09-13 18:37:46 - train gamma: g2=0.101 g3=0.089 g4=0.077 g5=0.036
2026-09-13 18:37:48 - train: epoch 181, iter:0, loss: 0.4307, lr: 0.00035203658778440076
2026-09-13 18:37:54 - train: epoch 181, iter:20, loss: 0.4656, lr: 0.00035203658778440076
2026-09-13 18:38:15 - val epoch: 181, loss: 0.9378
2026-09-13 18:38:15 - train gamma: g2=0.101 g3=0.089 g4=0.077 g5=0.036
2026-09-13 18:38:17 - train: epoch 182, iter:0, loss: 0.5248, lr: 0.00034711514189745505
2026-09-13 18:38:22 - train: epoch 182, iter:20, loss: 0.4837, lr: 0.00034711514189745505
2026-09-13 18:38:43 - val epoch: 182, loss: 0.8552
2026-09-13 18:38:43 - train gamma: g2=0.101 g3=0.089 g4=0.077 g5=0.036
2026-09-13 18:38:45 - train: epoch 183, iter:0, loss: 0.5104, lr: 0.00034221100986440094
2026-09-13 18:38:51 - train: epoch 183, iter:20, loss: 0.4613, lr: 0.00034221100986440094
2026-09-13 18:39:12 - val epoch: 183, loss: 0.8571
2026-09-13 18:39:12 - train gamma: g2=0.101 g3=0.089 g4=0.077 g5=0.036
2026-09-13 18:39:14 - train: epoch 184, iter:0, loss: 0.4475, lr: 0.0003373247294785804
2026-09-13 18:39:19 - train: epoch 184, iter:20, loss: 0.4792, lr: 0.0003373247294785804
2026-09-13 18:39:40 - val epoch: 184, loss: 0.8604
2026-09-13 18:39:40 - train gamma: g2=0.101 g3=0.089 g4=0.077 g5=0.036
2026-09-13 18:39:41 - train: epoch 185, iter:0, loss: 0.4853, lr: 0.0003324568365757012
2026-09-13 18:39:47 - train: epoch 185, iter:20, loss: 0.4632, lr: 0.0003324568365757012
2026-09-13 18:40:08 - val epoch: 185, loss: 0.8850
2026-09-13 18:40:08 - train gamma: g2=0.101 g3=0.089 g4=0.077 g5=0.036
2026-09-13 18:40:10 - train: epoch 186, iter:0, loss: 0.4229, lr: 0.0003276078649750761
2026-09-13 18:40:15 - train: epoch 186, iter:20, loss: 0.4630, lr: 0.0003276078649750761
2026-09-13 18:40:37 - val epoch: 186, loss: 0.8830
2026-09-13 18:40:37 - train gamma: g2=0.101 g3=0.089 g4=0.077 g5=0.036
2026-09-13 18:40:39 - train: epoch 187, iter:0, loss: 0.4201, lr: 0.00032277834642108417
2026-09-13 18:40:44 - train: epoch 187, iter:20, loss: 0.4724, lr: 0.00032277834642108417
2026-09-13 18:41:05 - val epoch: 187, loss: 0.8850
2026-09-13 18:41:05 - train gamma: g2=0.101 g3=0.089 g4=0.077 g5=0.036
2026-09-13 18:41:08 - train: epoch 188, iter:0, loss: 0.4062, lr: 0.00031796881052485835
2026-09-13 18:41:13 - train: epoch 188, iter:20, loss: 0.4658, lr: 0.00031796881052485835
2026-09-13 18:41:34 - val epoch: 188, loss: 0.9277
2026-09-13 18:41:34 - train gamma: g2=0.101 g3=0.089 g4=0.077 g5=0.036
2026-09-13 18:41:36 - train: epoch 189, iter:0, loss: 0.4306, lr: 0.00031317978470620867
2026-09-13 18:41:42 - train: epoch 189, iter:20, loss: 0.4781, lr: 0.00031317978470620867
2026-09-13 18:42:03 - val epoch: 189, loss: 0.9426
2026-09-13 18:42:03 - train gamma: g2=0.101 g3=0.089 g4=0.077 g5=0.036
2026-09-13 18:42:05 - train: epoch 190, iter:0, loss: 0.4860, lr: 0.00030841179413578315
2026-09-13 18:42:10 - train: epoch 190, iter:20, loss: 0.4604, lr: 0.00030841179413578315
2026-09-13 18:42:34 - val epoch: 190, loss: 0.9271, miou: 0.7669954975959326, f1_or_dsc: 0.8681352031054526, accuracy: 0.9388609971150313,                 specificity: 0.9749151702858091, sensitivity: 0.8267972195549106, confusion_matrix: [[39058511  1004986]
 [ 2232513 10657078]]
2026-09-13 18:42:34 - train gamma: g2=0.101 g3=0.089 g4=0.077 g5=0.036
2026-09-13 18:42:36 - train: epoch 191, iter:0, loss: 0.4369, lr: 0.0003036653616774785
2026-09-13 18:42:42 - train: epoch 191, iter:20, loss: 0.4646, lr: 0.0003036653616774785
2026-09-13 18:43:03 - val epoch: 191, loss: 0.9030
2026-09-13 18:43:03 - train gamma: g2=0.101 g3=0.089 g4=0.077 g5=0.036
2026-09-13 18:43:05 - train: epoch 192, iter:0, loss: 0.5069, lr: 0.0002989410078311011
2026-09-13 18:43:11 - train: epoch 192, iter:20, loss: 0.4540, lr: 0.0002989410078311011
2026-09-13 18:43:32 - val epoch: 192, loss: 0.8950
2026-09-13 18:43:32 - train gamma: g2=0.101 g3=0.089 g4=0.077 g5=0.036
2026-09-13 18:43:34 - train: epoch 193, iter:0, loss: 0.5492, lr: 0.00029423925067528865
2026-09-13 18:43:40 - train: epoch 193, iter:20, loss: 0.4674, lr: 0.00029423925067528865
2026-09-13 18:44:01 - val epoch: 193, loss: 0.8580
2026-09-13 18:44:01 - train gamma: g2=0.102 g3=0.089 g4=0.077 g5=0.036
2026-09-13 18:44:03 - train: epoch 194, iter:0, loss: 0.4749, lr: 0.0002895606058106975
2026-09-13 18:44:09 - train: epoch 194, iter:20, loss: 0.4509, lr: 0.0002895606058106975
2026-09-13 18:44:29 - val epoch: 194, loss: 0.8746
2026-09-13 18:44:29 - train gamma: g2=0.102 g3=0.089 g4=0.077 g5=0.036
2026-09-13 18:44:31 - train: epoch 195, iter:0, loss: 0.4165, lr: 0.0002849055863034606
2026-09-13 18:44:37 - train: epoch 195, iter:20, loss: 0.4550, lr: 0.0002849055863034606
2026-09-13 18:44:57 - val epoch: 195, loss: 0.8690
2026-09-13 18:44:57 - train gamma: g2=0.102 g3=0.089 g4=0.077 g5=0.036
2026-09-13 18:44:59 - train: epoch 196, iter:0, loss: 0.4956, lr: 0.00028027470262892396
2026-09-13 18:45:05 - train: epoch 196, iter:20, loss: 0.4386, lr: 0.00028027470262892396
2026-09-13 18:45:26 - val epoch: 196, loss: 0.8716
2026-09-13 18:45:26 - train gamma: g2=0.102 g3=0.089 g4=0.077 g5=0.036
2026-09-13 18:45:28 - train: epoch 197, iter:0, loss: 0.4137, lr: 0.0002756684626156682
2026-09-13 18:45:33 - train: epoch 197, iter:20, loss: 0.4567, lr: 0.0002756684626156682
2026-09-13 18:45:54 - val epoch: 197, loss: 0.8982
2026-09-13 18:45:54 - train gamma: g2=0.102 g3=0.089 g4=0.077 g5=0.036
2026-09-13 18:45:56 - train: epoch 198, iter:0, loss: 0.5329, lr: 0.000271087371389818
2026-09-13 18:46:02 - train: epoch 198, iter:20, loss: 0.4605, lr: 0.000271087371389818
2026-09-13 18:46:23 - val epoch: 198, loss: 0.8859
2026-09-13 18:46:23 - train gamma: g2=0.102 g3=0.089 g4=0.077 g5=0.036
2026-09-13 18:46:25 - train: epoch 199, iter:0, loss: 0.4425, lr: 0.0002665319313196505
2026-09-13 18:46:31 - train: epoch 199, iter:20, loss: 0.4627, lr: 0.0002665319313196505
2026-09-13 18:46:52 - val epoch: 199, loss: 0.9037
2026-09-13 18:46:52 - train gamma: g2=0.102 g3=0.089 g4=0.077 g5=0.036
2026-09-13 18:46:54 - train: epoch 200, iter:0, loss: 0.4023, lr: 0.00026200264196050494
2026-09-13 18:47:00 - train: epoch 200, iter:20, loss: 0.4516, lr: 0.00026200264196050494
2026-09-13 19:13:43 - val epoch: 200, loss: 0.8840, miou: 0.781801857910623, f1_or_dsc: 0.8775407371360356, accuracy: 0.9411294578325631,                 specificity: 0.9651224155494963, sensitivity: 0.8665544158848795, confusion_matrix: [[38666179  1397318]
 [ 1720059 11169532]]
2026-09-13 19:13:43 - train gamma: g2=0.102 g3=0.089 g4=0.077 g5=0.036
2026-09-13 19:13:46 - train: epoch 201, iter:0, loss: 0.5021, lr: 0.00025749999999999954
2026-09-13 19:13:51 - train: epoch 201, iter:20, loss: 0.4601, lr: 0.00025749999999999954
2026-09-13 19:14:12 - val epoch: 201, loss: 0.9033
2026-09-13 19:14:12 - train gamma: g2=0.102 g3=0.089 g4=0.077 g5=0.036
2026-09-13 19:14:14 - train: epoch 202, iter:0, loss: 0.4405, lr: 0.0002530244992035658
2026-09-13 19:14:20 - train: epoch 202, iter:20, loss: 0.4293, lr: 0.0002530244992035658
2026-09-13 19:14:41 - val epoch: 202, loss: 0.8596
2026-09-13 19:14:41 - train gamma: g2=0.102 g3=0.089 g4=0.077 g5=0.036
2026-09-13 19:14:43 - train: epoch 203, iter:0, loss: 0.4106, lr: 0.0002485766303603003
2026-09-13 19:14:49 - train: epoch 203, iter:20, loss: 0.4558, lr: 0.0002485766303603003
2026-09-13 19:15:11 - val epoch: 203, loss: 0.9011
2026-09-13 19:15:11 - train gamma: g2=0.102 g3=0.089 g4=0.077 g5=0.036
2026-09-13 19:15:13 - train: epoch 204, iter:0, loss: 0.3985, lr: 0.0002441568812291443
2026-09-13 19:15:19 - train: epoch 204, iter:20, loss: 0.4508, lr: 0.0002441568812291443
2026-09-13 19:15:40 - val epoch: 204, loss: 0.9086
2026-09-13 19:15:40 - train gamma: g2=0.102 g3=0.089 g4=0.077 g5=0.036
2026-09-13 19:15:42 - train: epoch 205, iter:0, loss: 0.4671, lr: 0.00023976573648539645
2026-09-13 19:15:48 - train: epoch 205, iter:20, loss: 0.4210, lr: 0.00023976573648539645
2026-09-13 19:16:10 - val epoch: 205, loss: 0.9129
2026-09-13 19:16:10 - train gamma: g2=0.102 g3=0.089 g4=0.077 g5=0.036
2026-09-13 19:16:12 - train: epoch 206, iter:0, loss: 0.4788, lr: 0.00023540367766756144
2026-09-13 19:16:17 - train: epoch 206, iter:20, loss: 0.4271, lr: 0.00023540367766756144
2026-09-13 19:16:40 - val epoch: 206, loss: 0.8770
2026-09-13 19:16:40 - train gamma: g2=0.102 g3=0.089 g4=0.077 g5=0.036
2026-09-13 19:16:42 - train: epoch 207, iter:0, loss: 0.3895, lr: 0.0002310711831245444
2026-09-13 19:16:48 - train: epoch 207, iter:20, loss: 0.4537, lr: 0.0002310711831245444
2026-09-13 19:17:09 - val epoch: 207, loss: 0.9347
2026-09-13 19:17:09 - train gamma: g2=0.102 g3=0.089 g4=0.077 g5=0.036
2026-09-13 19:17:11 - train: epoch 208, iter:0, loss: 0.4752, lr: 0.00022676872796319514
2026-09-13 19:17:16 - train: epoch 208, iter:20, loss: 0.4428, lr: 0.00022676872796319514
2026-09-13 19:17:37 - val epoch: 208, loss: 0.8839
2026-09-13 19:17:38 - train gamma: g2=0.102 g3=0.089 g4=0.077 g5=0.036
2026-09-13 19:17:39 - train: epoch 209, iter:0, loss: 0.4363, lr: 0.00022249678399620604
2026-09-13 19:17:45 - train: epoch 209, iter:20, loss: 0.4528, lr: 0.00022249678399620604
2026-09-13 19:18:07 - val epoch: 209, loss: 0.8993
2026-09-13 19:18:07 - train gamma: g2=0.102 g3=0.089 g4=0.078 g5=0.036
2026-09-13 19:18:08 - train: epoch 210, iter:0, loss: 0.4309, lr: 0.0002182558196903736
2026-09-13 19:18:14 - train: epoch 210, iter:20, loss: 0.4405, lr: 0.0002182558196903736
2026-09-13 19:19:38 - val epoch: 210, loss: 0.9192, miou: 0.7734974469472199, f1_or_dsc: 0.8722848158351362, accuracy: 0.939572022692992,                 specificity: 0.9691086876415207, sensitivity: 0.8477659997124812, confusion_matrix: [[38825883  1237614]
 [ 1962234 10927357]]
2026-09-13 19:19:38 - train gamma: g2=0.102 g3=0.089 g4=0.078 g5=0.036
2026-09-13 19:19:40 - train: epoch 211, iter:0, loss: 0.4662, lr: 0.00021404630011522552
2026-09-13 19:19:45 - train: epoch 211, iter:20, loss: 0.4399, lr: 0.00021404630011522552
2026-09-13 19:20:07 - val epoch: 211, loss: 0.9018
2026-09-13 19:20:07 - train gamma: g2=0.102 g3=0.089 g4=0.078 g5=0.036
2026-09-13 19:20:09 - train: epoch 212, iter:0, loss: 0.4370, lr: 0.0002098686868920198
2026-09-13 19:20:14 - train: epoch 212, iter:20, loss: 0.4481, lr: 0.0002098686868920198
2026-09-13 19:20:36 - val epoch: 212, loss: 0.8831
2026-09-13 19:20:36 - train gamma: g2=0.102 g3=0.089 g4=0.078 g5=0.036
2026-09-13 19:20:38 - train: epoch 213, iter:0, loss: 0.4120, lr: 0.00020572343814312415
2026-09-13 19:20:44 - train: epoch 213, iter:20, loss: 0.4377, lr: 0.00020572343814312415
2026-09-13 19:21:06 - val epoch: 213, loss: 0.9092
2026-09-13 19:21:06 - train gamma: g2=0.102 g3=0.089 g4=0.078 g5=0.036
2026-09-13 19:21:08 - train: epoch 214, iter:0, loss: 0.4787, lr: 0.00020161100844177644
2026-09-13 19:21:14 - train: epoch 214, iter:20, loss: 0.4410, lr: 0.00020161100844177644
2026-09-13 19:21:35 - val epoch: 214, loss: 0.9160
2026-09-13 19:21:35 - train gamma: g2=0.102 g3=0.089 g4=0.078 g5=0.036
2026-09-13 19:21:37 - train: epoch 215, iter:0, loss: 0.4465, lr: 0.0001975318487622361
2026-09-13 19:21:43 - train: epoch 215, iter:20, loss: 0.4399, lr: 0.0001975318487622361
2026-09-13 19:22:05 - val epoch: 215, loss: 0.9103
2026-09-13 19:22:05 - train gamma: g2=0.102 g3=0.089 g4=0.078 g5=0.036
2026-09-13 19:22:07 - train: epoch 216, iter:0, loss: 0.3668, lr: 0.00019348640643033024
2026-09-13 19:22:12 - train: epoch 216, iter:20, loss: 0.4443, lr: 0.00019348640643033024
2026-09-13 19:22:34 - val epoch: 216, loss: 0.9112
2026-09-13 19:22:34 - train gamma: g2=0.102 g3=0.089 g4=0.078 g5=0.036
2026-09-13 19:22:36 - train: epoch 217, iter:0, loss: 0.4152, lr: 0.00018947512507439828
2026-09-13 19:22:41 - train: epoch 217, iter:20, loss: 0.4346, lr: 0.00018947512507439828
2026-09-13 19:23:03 - val epoch: 217, loss: 0.8925
2026-09-13 19:23:03 - train gamma: g2=0.102 g3=0.089 g4=0.078 g5=0.036
2026-09-13 19:23:05 - train: epoch 218, iter:0, loss: 0.3804, lr: 0.00018549844457664425
2026-09-13 19:23:10 - train: epoch 218, iter:20, loss: 0.4281, lr: 0.00018549844457664425
2026-09-13 19:23:32 - val epoch: 218, loss: 0.9285
2026-09-13 19:23:32 - train gamma: g2=0.102 g3=0.089 g4=0.078 g5=0.036
2026-09-13 19:23:34 - train: epoch 219, iter:0, loss: 0.4536, lr: 0.00018155680102489765
2026-09-13 19:23:39 - train: epoch 219, iter:20, loss: 0.4314, lr: 0.00018155680102489765
2026-09-13 19:24:01 - val epoch: 219, loss: 0.9397
2026-09-13 19:24:01 - train gamma: g2=0.102 g3=0.089 g4=0.078 g5=0.036
2026-09-13 19:24:03 - train: epoch 220, iter:0, loss: 0.4255, lr: 0.00017765062666479195
2026-09-13 19:24:08 - train: epoch 220, iter:20, loss: 0.4345, lr: 0.00017765062666479195
2026-09-13 19:52:24 - val epoch: 220, loss: 0.9069, miou: 0.7733874601737117, f1_or_dsc: 0.8722148741233963, accuracy: 0.9375477026004603,                 specificity: 0.957472883607739, sensitivity: 0.875616146392853, confusion_matrix: [[38359712  1703785]
 [ 1603257 11286334]]
2026-09-13 19:52:24 - train gamma: g2=0.102 g3=0.089 g4=0.078 g5=0.036
2026-09-13 19:52:26 - train: epoch 221, iter:0, loss: 0.4100, lr: 0.00017378034985236489
2026-09-13 19:52:32 - train: epoch 221, iter:20, loss: 0.4405, lr: 0.00017378034985236489
2026-09-13 19:53:02 - val epoch: 221, loss: 0.8839
2026-09-13 19:53:02 - train gamma: g2=0.102 g3=0.089 g4=0.078 g5=0.036
2026-09-13 19:53:05 - train: epoch 222, iter:0, loss: 0.4307, lr: 0.0001699463950070827
2026-09-13 19:53:10 - train: epoch 222, iter:20, loss: 0.4170, lr: 0.0001699463950070827
2026-09-13 19:53:31 - val epoch: 222, loss: 0.9248
2026-09-13 19:53:31 - train gamma: g2=0.102 g3=0.089 g4=0.078 g5=0.036
2026-09-13 19:53:33 - train: epoch 223, iter:0, loss: 0.4404, lr: 0.0001661491825652988
2026-09-13 19:53:39 - train: epoch 223, iter:20, loss: 0.4254, lr: 0.0001661491825652988
2026-09-13 19:54:06 - val epoch: 223, loss: 0.8982
2026-09-13 19:54:06 - train gamma: g2=0.102 g3=0.089 g4=0.078 g5=0.036
2026-09-13 19:54:07 - train: epoch 224, iter:0, loss: 0.4105, lr: 0.0001623891289341484
2026-09-13 19:54:13 - train: epoch 224, iter:20, loss: 0.4219, lr: 0.0001623891289341484
2026-09-13 19:54:38 - val epoch: 224, loss: 0.8947
2026-09-13 19:54:38 - train gamma: g2=0.102 g3=0.089 g4=0.078 g5=0.036
2026-09-13 19:54:40 - train: epoch 225, iter:0, loss: 0.4363, lr: 0.0001586666464458838
2026-09-13 19:54:46 - train: epoch 225, iter:20, loss: 0.4487, lr: 0.0001586666464458838
2026-09-13 19:55:10 - val epoch: 225, loss: 0.9142
2026-09-13 19:55:10 - train gamma: g2=0.102 g3=0.089 g4=0.078 g5=0.036
2026-09-13 19:55:12 - train: epoch 226, iter:0, loss: 0.3864, lr: 0.00015498214331265874
2026-09-13 19:55:17 - train: epoch 226, iter:20, loss: 0.4302, lr: 0.00015498214331265874
2026-09-13 19:55:44 - val epoch: 226, loss: 0.9157
2026-09-13 19:55:44 - train gamma: g2=0.102 g3=0.089 g4=0.078 g5=0.036
2026-09-13 19:55:46 - train: epoch 227, iter:0, loss: 0.3728, lr: 0.00015133602358176218
2026-09-13 19:55:51 - train: epoch 227, iter:20, loss: 0.4305, lr: 0.00015133602358176218
2026-09-13 19:56:12 - val epoch: 227, loss: 0.9007
2026-09-13 19:56:12 - train gamma: g2=0.102 g3=0.090 g4=0.078 g5=0.036
2026-09-13 19:56:14 - train: epoch 228, iter:0, loss: 0.3822, lr: 0.00014772868709131046
2026-09-13 19:56:19 - train: epoch 228, iter:20, loss: 0.4194, lr: 0.00014772868709131046
2026-09-13 19:56:44 - val epoch: 228, loss: 0.8995
2026-09-13 19:56:44 - train gamma: g2=0.102 g3=0.090 g4=0.078 g5=0.036
2026-09-13 19:56:46 - train: epoch 229, iter:0, loss: 0.4158, lr: 0.00014416052942640113
2026-09-13 19:56:52 - train: epoch 229, iter:20, loss: 0.4241, lr: 0.00014416052942640113
2026-09-13 19:57:18 - val epoch: 229, loss: 0.9339
2026-09-13 19:57:18 - train gamma: g2=0.102 g3=0.090 g4=0.078 g5=0.036
2026-09-13 19:57:20 - train: epoch 230, iter:0, loss: 0.4634, lr: 0.0001406319418757314
2026-09-13 19:57:26 - train: epoch 230, iter:20, loss: 0.4221, lr: 0.0001406319418757314
2026-09-13 20:05:29 - val epoch: 230, loss: 0.9136, miou: 0.7741279410798503, f1_or_dsc: 0.8726855861462454, accuracy: 0.9388431888995784,                 specificity: 0.9638594953406089, sensitivity: 0.8610873688699665, confusion_matrix: [[38615582  1447915]
 [ 1790527 11099064]]
2026-09-13 20:05:29 - train gamma: g2=0.102 g3=0.090 g4=0.078 g5=0.036
2026-09-13 20:05:31 - train: epoch 231, iter:0, loss: 0.3899, lr: 0.00013714331138868954
2026-09-13 20:05:37 - train: epoch 231, iter:20, loss: 0.4125, lr: 0.00013714331138868954
2026-09-13 20:05:59 - val epoch: 231, loss: 0.9254
2026-09-13 20:05:59 - train gamma: g2=0.102 g3=0.090 g4=0.078 g5=0.036
2026-09-13 20:06:01 - train: epoch 232, iter:0, loss: 0.3559, lr: 0.00013369502053292226
2026-09-13 20:06:07 - train: epoch 232, iter:20, loss: 0.4172, lr: 0.00013369502053292226
2026-09-13 20:06:33 - val epoch: 232, loss: 0.9486
2026-09-13 20:06:33 - train gamma: g2=0.102 g3=0.090 g4=0.078 g5=0.036
2026-09-13 20:06:35 - train: epoch 233, iter:0, loss: 0.3791, lr: 0.0001302874474523804
2026-09-13 20:06:41 - train: epoch 233, iter:20, loss: 0.4197, lr: 0.0001302874474523804
2026-09-13 20:07:02 - val epoch: 233, loss: 0.9057
2026-09-13 20:07:02 - train gamma: g2=0.102 g3=0.090 g4=0.078 g5=0.036
2026-09-13 20:07:04 - train: epoch 234, iter:0, loss: 0.4402, lr: 0.00012692096582585187
2026-09-13 20:07:09 - train: epoch 234, iter:20, loss: 0.4284, lr: 0.00012692096582585187
2026-09-13 20:07:31 - val epoch: 234, loss: 0.9184
2026-09-13 20:07:31 - train gamma: g2=0.102 g3=0.090 g4=0.078 g5=0.036
2026-09-13 20:07:33 - train: epoch 235, iter:0, loss: 0.4342, lr: 0.00012359594482598416
2026-09-13 20:07:38 - train: epoch 235, iter:20, loss: 0.4243, lr: 0.00012359594482598416
2026-09-13 20:08:00 - val epoch: 235, loss: 0.9293
2026-09-13 20:08:00 - train gamma: g2=0.102 g3=0.090 g4=0.078 g5=0.036
2026-09-13 20:08:02 - train: epoch 236, iter:0, loss: 0.5187, lr: 0.00012031274907879919
2026-09-13 20:08:07 - train: epoch 236, iter:20, loss: 0.4169, lr: 0.00012031274907879919
2026-09-13 20:08:29 - val epoch: 236, loss: 0.8981
2026-09-13 20:08:29 - train gamma: g2=0.102 g3=0.090 g4=0.078 g5=0.036
2026-09-13 20:08:31 - train: epoch 237, iter:0, loss: 0.3725, lr: 0.00011707173862370913
2026-09-13 20:08:36 - train: epoch 237, iter:20, loss: 0.4107, lr: 0.00011707173862370913
2026-09-13 20:08:58 - val epoch: 237, loss: 0.9286
2026-09-13 20:08:58 - train gamma: g2=0.102 g3=0.090 g4=0.078 g5=0.036
2026-09-13 20:09:00 - train: epoch 238, iter:0, loss: 0.3936, lr: 0.00011387326887403316
2026-09-13 20:09:05 - train: epoch 238, iter:20, loss: 0.4122, lr: 0.00011387326887403316
2026-09-13 20:09:26 - val epoch: 238, loss: 0.9447
2026-09-13 20:09:26 - train gamma: g2=0.102 g3=0.090 g4=0.078 g5=0.036
2026-09-13 20:09:28 - train: epoch 239, iter:0, loss: 0.3856, lr: 0.00011071769057802265
2026-09-13 20:09:33 - train: epoch 239, iter:20, loss: 0.4147, lr: 0.00011071769057802265
2026-09-13 20:09:55 - val epoch: 239, loss: 0.9321
2026-09-13 20:09:55 - train gamma: g2=0.102 g3=0.090 g4=0.078 g5=0.036
2026-09-13 20:09:57 - train: epoch 240, iter:0, loss: 0.4110, lr: 0.0001076053497803982
2026-09-13 20:10:02 - train: epoch 240, iter:20, loss: 0.4150, lr: 0.0001076053497803982
2026-09-13 20:12:10 - val epoch: 240, loss: 0.9609, miou: 0.769611102522138, f1_or_dsc: 0.8698081758475068, accuracy: 0.9388190732143893,                 specificity: 0.9707372773774591, sensitivity: 0.8396107370668316, confusion_matrix: [[38891130  1172367]
 [ 2067352 10822239]]
2026-09-13 20:12:10 - train gamma: g2=0.102 g3=0.090 g4=0.078 g5=0.036
2026-09-13 20:12:12 - train: epoch 241, iter:0, loss: 0.4192, lr: 0.00010453658778440088
2026-09-13 20:12:18 - train: epoch 241, iter:20, loss: 0.4181, lr: 0.00010453658778440088
2026-09-13 20:12:40 - val epoch: 241, loss: 0.9282
2026-09-13 20:12:40 - train gamma: g2=0.102 g3=0.090 g4=0.078 g5=0.036
2026-09-13 20:12:42 - train: epoch 242, iter:0, loss: 0.3484, lr: 0.00010151174111436543
2026-09-13 20:12:47 - train: epoch 242, iter:20, loss: 0.4066, lr: 0.00010151174111436543
2026-09-13 20:13:10 - val epoch: 242, loss: 0.9413
2026-09-13 20:13:10 - train gamma: g2=0.102 g3=0.090 g4=0.078 g5=0.036
2026-09-13 20:13:12 - train: epoch 243, iter:0, loss: 0.3777, lr: 9.853114147881633e-05
2026-09-13 20:13:17 - train: epoch 243, iter:20, loss: 0.4039, lr: 9.853114147881633e-05
2026-09-13 20:13:39 - val epoch: 243, loss: 0.9309
2026-09-13 20:13:39 - train gamma: g2=0.102 g3=0.090 g4=0.078 g5=0.036
2026-09-13 20:13:41 - train: epoch 244, iter:0, loss: 0.4036, lr: 9.559511573409167e-05
2026-09-13 20:13:46 - train: epoch 244, iter:20, loss: 0.4016, lr: 9.559511573409167e-05
2026-09-13 20:14:07 - val epoch: 244, loss: 0.9720
2026-09-13 20:14:07 - train gamma: g2=0.102 g3=0.090 g4=0.078 g5=0.036
2026-09-13 20:14:09 - train: epoch 245, iter:0, loss: 0.3850, lr: 9.270398584850061e-05
2026-09-13 20:14:15 - train: epoch 245, iter:20, loss: 0.4225, lr: 9.270398584850061e-05
2026-09-13 20:14:36 - val epoch: 245, loss: 0.9260
2026-09-13 20:14:36 - train gamma: g2=0.102 g3=0.090 g4=0.078 g5=0.036
2026-09-13 20:14:38 - train: epoch 246, iter:0, loss: 0.4456, lr: 8.985806886701499e-05
2026-09-13 20:14:44 - train: epoch 246, iter:20, loss: 0.4103, lr: 8.985806886701499e-05
2026-09-13 20:15:05 - val epoch: 246, loss: 0.9362
2026-09-13 20:15:05 - train gamma: g2=0.102 g3=0.090 g4=0.078 g5=0.036
2026-09-13 20:15:07 - train: epoch 247, iter:0, loss: 0.4930, lr: 8.705767687650239e-05
2026-09-13 20:15:13 - train: epoch 247, iter:20, loss: 0.4196, lr: 8.705767687650239e-05
2026-09-13 20:15:34 - val epoch: 247, loss: 0.9247
2026-09-13 20:15:34 - train gamma: g2=0.102 g3=0.090 g4=0.078 g5=0.036
2026-09-13 20:15:36 - train: epoch 248, iter:0, loss: 0.4271, lr: 8.430311697150229e-05
2026-09-13 20:15:41 - train: epoch 248, iter:20, loss: 0.4212, lr: 8.430311697150229e-05
2026-09-13 20:16:02 - val epoch: 248, loss: 0.9382
2026-09-13 20:16:02 - train gamma: g2=0.102 g3=0.090 g4=0.078 g5=0.036
2026-09-13 20:16:04 - train: epoch 249, iter:0, loss: 0.3692, lr: 8.159469122054909e-05
2026-09-13 20:16:10 - train: epoch 249, iter:20, loss: 0.4192, lr: 8.159469122054909e-05
2026-09-13 20:16:31 - val epoch: 249, loss: 0.9314
2026-09-13 20:16:31 - train gamma: g2=0.102 g3=0.090 g4=0.078 g5=0.036
2026-09-13 20:16:33 - train: epoch 250, iter:0, loss: 0.4491, lr: 7.893269663304782e-05
2026-09-13 20:16:39 - train: epoch 250, iter:20, loss: 0.4215, lr: 7.893269663304782e-05
2026-09-13 20:17:03 - val epoch: 250, loss: 0.9601, miou: 0.7705158264739431, f1_or_dsc: 0.8703856977189047, accuracy: 0.938880712679117,                 specificity: 0.9697085354281479, sensitivity: 0.8430615059857214, confusion_matrix: [[38849915  1213582]
 [ 2022873 10866718]]
2026-09-13 20:17:03 - train gamma: g2=0.102 g3=0.090 g4=0.078 g5=0.036
2026-09-13 20:17:05 - train: epoch 251, iter:0, loss: 0.4418, lr: 7.631742512670282e-05
2026-09-13 20:17:11 - train: epoch 251, iter:20, loss: 0.4149, lr: 7.631742512670282e-05
2026-09-13 20:17:32 - val epoch: 251, loss: 0.9553
2026-09-13 20:17:32 - train gamma: g2=0.102 g3=0.090 g4=0.078 g5=0.036
2026-09-13 20:17:34 - train: epoch 252, iter:0, loss: 0.4056, lr: 7.374916349550603e-05
2026-09-13 20:17:39 - train: epoch 252, iter:20, loss: 0.4148, lr: 7.374916349550603e-05
2026-09-13 20:18:00 - val epoch: 252, loss: 0.9521
2026-09-13 20:18:00 - train gamma: g2=0.102 g3=0.090 g4=0.078 g5=0.036
2026-09-13 20:18:03 - train: epoch 253, iter:0, loss: 0.4431, lr: 7.122819337828741e-05
2026-09-13 20:18:08 - train: epoch 253, iter:20, loss: 0.4089, lr: 7.122819337828741e-05
2026-09-13 20:18:29 - val epoch: 253, loss: 0.9409
2026-09-13 20:18:29 - train gamma: g2=0.102 g3=0.090 g4=0.078 g5=0.036
2026-09-13 20:18:31 - train: epoch 254, iter:0, loss: 0.4420, lr: 6.875479122782878e-05
2026-09-13 20:18:37 - train: epoch 254, iter:20, loss: 0.4068, lr: 6.875479122782878e-05
2026-09-13 20:18:58 - val epoch: 254, loss: 0.9263
2026-09-13 20:18:58 - train gamma: g2=0.102 g3=0.090 g4=0.078 g5=0.036
2026-09-13 20:19:00 - train: epoch 255, iter:0, loss: 0.3713, lr: 6.632922828054862e-05
2026-09-13 20:19:05 - train: epoch 255, iter:20, loss: 0.4135, lr: 6.632922828054862e-05
2026-09-13 20:19:26 - val epoch: 255, loss: 0.9499
2026-09-13 20:19:26 - train gamma: g2=0.102 g3=0.090 g4=0.078 g5=0.036
2026-09-13 20:19:28 - train: epoch 256, iter:0, loss: 0.3648, lr: 6.395177052675786e-05
2026-09-13 20:19:33 - train: epoch 256, iter:20, loss: 0.4088, lr: 6.395177052675786e-05
2026-09-13 20:19:55 - val epoch: 256, loss: 0.9400
2026-09-13 20:19:55 - train gamma: g2=0.102 g3=0.090 g4=0.078 g5=0.036
2026-09-13 20:19:57 - train: epoch 257, iter:0, loss: 0.4020, lr: 6.162267868149065e-05
2026-09-13 20:20:03 - train: epoch 257, iter:20, loss: 0.4097, lr: 6.162267868149065e-05
2026-09-13 20:20:25 - val epoch: 257, loss: 0.9440
2026-09-13 20:20:25 - train gamma: g2=0.102 g3=0.090 g4=0.078 g5=0.036
2026-09-13 20:20:27 - train: epoch 258, iter:0, loss: 0.4092, lr: 5.934220815591413e-05
2026-09-13 20:20:33 - train: epoch 258, iter:20, loss: 0.4197, lr: 5.934220815591413e-05
2026-09-13 20:20:55 - val epoch: 258, loss: 0.9533
2026-09-13 20:20:55 - train gamma: g2=0.102 g3=0.090 g4=0.078 g5=0.036
2026-09-13 20:20:57 - train: epoch 259, iter:0, loss: 0.4264, lr: 5.711060902932035e-05
2026-09-13 20:21:02 - train: epoch 259, iter:20, loss: 0.3990, lr: 5.711060902932035e-05
2026-09-13 20:21:24 - val epoch: 259, loss: 0.9368
2026-09-13 20:21:24 - train gamma: g2=0.102 g3=0.090 g4=0.078 g5=0.036
2026-09-13 20:21:27 - train: epoch 260, iter:0, loss: 0.3895, lr: 5.492812602170101e-05
2026-09-13 20:21:32 - train: epoch 260, iter:20, loss: 0.4092, lr: 5.492812602170101e-05
2026-09-13 20:35:26 - val epoch: 260, loss: 0.9522, miou: 0.7709065296710436, f1_or_dsc: 0.870634916924999, accuracy: 0.9383302065405515,                 specificity: 0.9659321052278587, sensitivity: 0.8525378345984757, confusion_matrix: [[38698618  1364879]
 [ 1900727 10988864]]
2026-09-13 20:35:26 - train gamma: g2=0.102 g3=0.090 g4=0.078 g5=0.036
2026-09-13 20:35:28 - train: epoch 261, iter:0, loss: 0.5162, lr: 5.279499846691256e-05
2026-09-13 20:35:34 - train: epoch 261, iter:20, loss: 0.4065, lr: 5.279499846691256e-05
2026-09-13 20:35:55 - val epoch: 261, loss: 0.9337
2026-09-13 20:35:55 - train gamma: g2=0.102 g3=0.090 g4=0.078 g5=0.036
2026-09-13 20:35:58 - train: epoch 262, iter:0, loss: 0.4901, lr: 5.071146028642938e-05
2026-09-13 20:36:03 - train: epoch 262, iter:20, loss: 0.4043, lr: 5.071146028642938e-05
2026-09-13 20:36:25 - val epoch: 262, loss: 0.9541
2026-09-13 20:36:25 - train gamma: g2=0.102 g3=0.090 g4=0.078 g5=0.036
2026-09-13 20:36:27 - train: epoch 263, iter:0, loss: 0.4144, lr: 4.867773996369213e-05
2026-09-13 20:36:32 - train: epoch 263, iter:20, loss: 0.4102, lr: 4.867773996369213e-05
2026-09-13 20:36:56 - val epoch: 263, loss: 0.9520
2026-09-13 20:36:56 - train gamma: g2=0.102 g3=0.090 g4=0.078 g5=0.036
2026-09-13 20:36:59 - train: epoch 264, iter:0, loss: 0.3913, lr: 4.669406051905255e-05
2026-09-13 20:37:04 - train: epoch 264, iter:20, loss: 0.4086, lr: 4.669406051905255e-05
2026-09-13 20:37:26 - val epoch: 264, loss: 0.9429
2026-09-13 20:37:26 - train gamma: g2=0.102 g3=0.090 g4=0.078 g5=0.036
2026-09-13 20:37:28 - train: epoch 265, iter:0, loss: 0.3450, lr: 4.476063948531553e-05
2026-09-13 20:37:33 - train: epoch 265, iter:20, loss: 0.4083, lr: 4.476063948531553e-05
2026-09-13 20:37:55 - val epoch: 265, loss: 0.9458
2026-09-13 20:37:55 - train gamma: g2=0.102 g3=0.090 g4=0.078 g5=0.036
2026-09-13 20:37:57 - train: epoch 266, iter:0, loss: 0.4084, lr: 4.2877688883885086e-05
2026-09-13 20:38:03 - train: epoch 266, iter:20, loss: 0.4116, lr: 4.2877688883885086e-05
2026-09-13 20:38:24 - val epoch: 266, loss: 0.9398
2026-09-13 20:38:24 - train gamma: g2=0.102 g3=0.090 g4=0.078 g5=0.036
2026-09-13 20:38:26 - train: epoch 267, iter:0, loss: 0.4131, lr: 4.1045415201513684e-05
2026-09-13 20:38:32 - train: epoch 267, iter:20, loss: 0.4039, lr: 4.1045415201513684e-05
2026-09-13 20:38:53 - val epoch: 267, loss: 0.9607
2026-09-13 20:38:53 - train gamma: g2=0.102 g3=0.090 g4=0.078 g5=0.036
2026-09-13 20:38:55 - train: epoch 268, iter:0, loss: 0.4409, lr: 3.926401936765836e-05
2026-09-13 20:39:01 - train: epoch 268, iter:20, loss: 0.4059, lr: 3.926401936765836e-05
2026-09-13 20:39:22 - val epoch: 268, loss: 0.9331
2026-09-13 20:39:22 - train gamma: g2=0.102 g3=0.090 g4=0.078 g5=0.036
2026-09-13 20:39:25 - train: epoch 269, iter:0, loss: 0.3845, lr: 3.753369673244687e-05
2026-09-13 20:39:30 - train: epoch 269, iter:20, loss: 0.4043, lr: 3.753369673244687e-05
2026-09-13 20:39:52 - val epoch: 269, loss: 0.9545
2026-09-13 20:39:52 - train gamma: g2=0.102 g3=0.090 g4=0.078 g5=0.036
2026-09-13 20:39:54 - train: epoch 270, iter:0, loss: 0.4414, lr: 3.5854637045255115e-05
2026-09-13 20:40:00 - train: epoch 270, iter:20, loss: 0.4122, lr: 3.5854637045255115e-05
2026-09-13 20:40:23 - val epoch: 270, loss: 0.9405, miou: 0.7746484211749864, f1_or_dsc: 0.8730162120360667, accuracy: 0.9393704102771117,                 specificity: 0.9661251987064434, sensitivity: 0.8562110310559893, confusion_matrix: [[38706354  1357143]
 [ 1853381 11036210]]
2026-09-13 20:40:23 - train gamma: g2=0.102 g3=0.090 g4=0.078 g5=0.036
2026-09-13 20:40:25 - train: epoch 271, iter:0, loss: 0.4119, lr: 3.422702443389897e-05
2026-09-13 20:40:30 - train: epoch 271, iter:20, loss: 0.4056, lr: 3.422702443389897e-05
2026-09-13 20:40:52 - val epoch: 271, loss: 0.9360
2026-09-13 20:40:52 - train gamma: g2=0.102 g3=0.090 g4=0.078 g5=0.036
2026-09-13 20:40:54 - train: epoch 272, iter:0, loss: 0.4009, lr: 3.265103738444294e-05
2026-09-13 20:40:59 - train: epoch 272, iter:20, loss: 0.4125, lr: 3.265103738444294e-05
2026-09-13 20:41:20 - val epoch: 272, loss: 0.9380
2026-09-13 20:41:20 - train gamma: g2=0.102 g3=0.090 g4=0.078 g5=0.036
2026-09-13 20:41:23 - train: epoch 273, iter:0, loss: 0.4121, lr: 3.112684872162669e-05
2026-09-13 20:41:28 - train: epoch 273, iter:20, loss: 0.4196, lr: 3.112684872162669e-05
2026-09-13 20:41:49 - val epoch: 273, loss: 0.9387
2026-09-13 20:41:49 - train gamma: g2=0.102 g3=0.090 g4=0.078 g5=0.036
2026-09-13 20:41:51 - train: epoch 274, iter:0, loss: 0.3641, lr: 2.9654625589913163e-05
2026-09-13 20:41:57 - train: epoch 274, iter:20, loss: 0.4019, lr: 2.9654625589913163e-05
2026-09-13 20:42:18 - val epoch: 274, loss: 0.9345
2026-09-13 20:42:18 - train gamma: g2=0.102 g3=0.090 g4=0.078 g5=0.036
2026-09-13 20:42:20 - train: epoch 275, iter:0, loss: 0.4193, lr: 2.823452943515922e-05
2026-09-13 20:42:25 - train: epoch 275, iter:20, loss: 0.4051, lr: 2.823452943515922e-05
2026-09-13 20:42:46 - val epoch: 275, loss: 0.9334
2026-09-13 20:42:46 - train gamma: g2=0.102 g3=0.090 g4=0.078 g5=0.036
2026-09-13 20:42:48 - train: epoch 276, iter:0, loss: 0.4154, lr: 2.6866715986911168e-05
2026-09-13 20:42:54 - train: epoch 276, iter:20, loss: 0.4079, lr: 2.6866715986911168e-05
2026-09-13 20:43:15 - val epoch: 276, loss: 0.9477
2026-09-13 20:43:15 - train gamma: g2=0.102 g3=0.090 g4=0.078 g5=0.036
2026-09-13 20:43:17 - train: epoch 277, iter:0, loss: 0.3699, lr: 2.5551335241327604e-05
2026-09-13 20:43:23 - train: epoch 277, iter:20, loss: 0.3955, lr: 2.5551335241327604e-05
2026-09-13 20:43:44 - val epoch: 277, loss: 0.9378
2026-09-13 20:43:44 - train gamma: g2=0.102 g3=0.090 g4=0.078 g5=0.036
2026-09-13 20:43:46 - train: epoch 278, iter:0, loss: 0.4114, lr: 2.4288531444730185e-05
2026-09-13 20:43:51 - train: epoch 278, iter:20, loss: 0.3944, lr: 2.4288531444730185e-05
2026-09-13 20:44:11 - val epoch: 278, loss: 0.9477
2026-09-13 20:44:11 - train gamma: g2=0.102 g3=0.090 g4=0.078 g5=0.036
2026-09-13 20:44:14 - train: epoch 279, iter:0, loss: 0.3813, lr: 2.3078443077785645e-05
2026-09-13 20:44:19 - train: epoch 279, iter:20, loss: 0.4074, lr: 2.3078443077785645e-05
2026-09-13 20:44:39 - val epoch: 279, loss: 0.9363
2026-09-13 20:44:39 - train gamma: g2=0.102 g3=0.090 g4=0.078 g5=0.036
2026-09-13 20:44:41 - train: epoch 280, iter:0, loss: 0.3822, lr: 2.1921202840320064e-05
2026-09-13 20:44:47 - train: epoch 280, iter:20, loss: 0.4005, lr: 2.1921202840320064e-05
2026-09-13 20:45:09 - val epoch: 280, loss: 0.9472, miou: 0.7743545050177216, f1_or_dsc: 0.8728295307706705, accuracy: 0.9392685276446956,                 specificity: 0.9659916107672778, sensitivity: 0.8562076950308198, confusion_matrix: [[38701002  1362495]
 [ 1853424 11036167]]
2026-09-13 20:45:09 - train gamma: g2=0.102 g3=0.090 g4=0.078 g5=0.036
2026-09-13 20:45:12 - train: epoch 281, iter:0, loss: 0.4900, lr: 2.081693763676623e-05
2026-09-13 20:45:17 - train: epoch 281, iter:20, loss: 0.3995, lr: 2.081693763676623e-05
2026-09-13 20:45:37 - val epoch: 281, loss: 0.9562
2026-09-13 20:45:37 - train gamma: g2=0.102 g3=0.090 g4=0.079 g5=0.036
2026-09-13 20:45:39 - train: epoch 282, iter:0, loss: 0.3394, lr: 1.9765768562247723e-05
2026-09-13 20:45:45 - train: epoch 282, iter:20, loss: 0.3993, lr: 1.9765768562247723e-05
2026-09-13 20:46:05 - val epoch: 282, loss: 0.9484
2026-09-13 20:46:05 - train gamma: g2=0.102 g3=0.090 g4=0.078 g5=0.036
2026-09-13 20:46:07 - train: epoch 283, iter:0, loss: 0.3525, lr: 1.876781088929913e-05
2026-09-13 20:46:12 - train: epoch 283, iter:20, loss: 0.3957, lr: 1.876781088929913e-05
2026-09-13 20:46:33 - val epoch: 283, loss: 0.9425
2026-09-13 20:46:33 - train gamma: g2=0.102 g3=0.090 g4=0.079 g5=0.036
2026-09-13 20:46:35 - train: epoch 284, iter:0, loss: 0.3510, lr: 1.7823174055225262e-05
2026-09-13 20:46:40 - train: epoch 284, iter:20, loss: 0.3938, lr: 1.7823174055225262e-05
2026-09-13 20:47:01 - val epoch: 284, loss: 0.9398
2026-09-13 20:47:01 - train gamma: g2=0.102 g3=0.090 g4=0.079 g5=0.036
2026-09-13 20:47:03 - train: epoch 285, iter:0, loss: 0.3666, lr: 1.693196165010003e-05
2026-09-13 20:47:08 - train: epoch 285, iter:20, loss: 0.4011, lr: 1.693196165010003e-05
2026-09-13 20:47:29 - val epoch: 285, loss: 0.9412
2026-09-13 20:47:29 - train gamma: g2=0.102 g3=0.090 g4=0.079 g5=0.036
2026-09-13 20:47:31 - train: epoch 286, iter:0, loss: 0.3792, lr: 1.6094271405406855e-05
2026-09-13 20:47:36 - train: epoch 286, iter:20, loss: 0.3961, lr: 1.6094271405406855e-05
2026-09-13 20:47:56 - val epoch: 286, loss: 0.9448
2026-09-13 20:47:56 - train gamma: g2=0.102 g3=0.090 g4=0.079 g5=0.036
2026-09-13 20:47:58 - train: epoch 287, iter:0, loss: 0.5044, lr: 1.5310195183320773e-05
2026-09-13 20:48:04 - train: epoch 287, iter:20, loss: 0.3995, lr: 1.5310195183320773e-05
2026-09-13 20:48:24 - val epoch: 287, loss: 0.9436
2026-09-13 20:48:24 - train gamma: g2=0.102 g3=0.090 g4=0.079 g5=0.036
2026-09-13 20:48:26 - train: epoch 288, iter:0, loss: 0.4122, lr: 1.4579818966635417e-05
2026-09-13 20:48:31 - train: epoch 288, iter:20, loss: 0.3965, lr: 1.4579818966635417e-05
2026-09-13 20:48:52 - val epoch: 288, loss: 0.9485
2026-09-13 20:48:52 - train gamma: g2=0.102 g3=0.090 g4=0.079 g5=0.036
2026-09-13 20:48:54 - train: epoch 289, iter:0, loss: 0.4578, lr: 1.3903222849333505e-05
2026-09-13 20:48:59 - train: epoch 289, iter:20, loss: 0.3954, lr: 1.3903222849333505e-05
2026-09-13 20:49:19 - val epoch: 289, loss: 0.9549
2026-09-13 20:49:19 - train gamma: g2=0.102 g3=0.090 g4=0.079 g5=0.036
2026-09-13 20:49:21 - train: epoch 290, iter:0, loss: 0.4063, lr: 1.3280481027803759e-05
2026-09-13 20:49:27 - train: epoch 290, iter:20, loss: 0.3980, lr: 1.3280481027803759e-05
2026-09-13 20:49:49 - val epoch: 290, loss: 0.9495, miou: 0.7735676321745544, f1_or_dsc: 0.8723294428034757, accuracy: 0.9392982709525836,                 specificity: 0.9674014477567947, sensitivity: 0.8519478236353659, confusion_matrix: [[38757485  1306012]
 [ 1908332 10981259]]
2026-09-13 20:49:49 - train gamma: g2=0.102 g3=0.090 g4=0.079 g5=0.036
2026-09-13 20:49:51 - train: epoch 291, iter:0, loss: 0.4111, lr: 1.271166179270472e-05
2026-09-13 20:49:57 - train: epoch 291, iter:20, loss: 0.3925, lr: 1.271166179270472e-05
2026-09-13 20:50:18 - val epoch: 291, loss: 0.9472
2026-09-13 20:50:18 - train gamma: g2=0.102 g3=0.090 g4=0.079 g5=0.036
2026-09-13 20:50:19 - train: epoch 292, iter:0, loss: 0.3998, lr: 1.21968275214754e-05
2026-09-13 20:50:25 - train: epoch 292, iter:20, loss: 0.3983, lr: 1.21968275214754e-05
2026-09-13 20:50:45 - val epoch: 292, loss: 0.9344
2026-09-13 20:50:45 - train gamma: g2=0.102 g3=0.090 g4=0.079 g5=0.036
2026-09-13 20:50:47 - train: epoch 293, iter:0, loss: 0.3970, lr: 1.1736034671495336e-05
2026-09-13 20:50:53 - train: epoch 293, iter:20, loss: 0.4010, lr: 1.1736034671495336e-05
2026-09-13 20:51:13 - val epoch: 293, loss: 0.9468
2026-09-13 20:51:13 - train gamma: g2=0.102 g3=0.090 g4=0.079 g5=0.036
2026-09-13 20:51:15 - train: epoch 294, iter:0, loss: 0.3471, lr: 1.1329333773893242e-05
2026-09-13 20:51:20 - train: epoch 294, iter:20, loss: 0.3999, lr: 1.1329333773893242e-05
2026-09-13 20:51:41 - val epoch: 294, loss: 0.9483
2026-09-13 20:51:41 - train gamma: g2=0.102 g3=0.090 g4=0.079 g5=0.036
2026-09-13 20:51:43 - train: epoch 295, iter:0, loss: 0.3573, lr: 1.0976769428005577e-05
2026-09-13 20:51:48 - train: epoch 295, iter:20, loss: 0.3943, lr: 1.0976769428005577e-05
2026-09-13 20:52:09 - val epoch: 295, loss: 0.9491
2026-09-13 20:52:09 - train gamma: g2=0.102 g3=0.090 g4=0.079 g5=0.036
2026-09-13 20:52:11 - train: epoch 296, iter:0, loss: 0.4040, lr: 1.0678380296485951e-05
2026-09-13 20:52:16 - train: epoch 296, iter:20, loss: 0.4111, lr: 1.0678380296485951e-05
2026-09-13 20:52:36 - val epoch: 296, loss: 0.9557
2026-09-13 20:52:36 - train gamma: g2=0.102 g3=0.090 g4=0.079 g5=0.036
2026-09-13 20:52:38 - train: epoch 297, iter:0, loss: 0.3457, lr: 1.04341991010651e-05
2026-09-13 20:52:43 - train: epoch 297, iter:20, loss: 0.3920, lr: 1.04341991010651e-05
2026-09-13 20:53:03 - val epoch: 297, loss: 0.9459
2026-09-13 20:53:03 - train gamma: g2=0.102 g3=0.090 g4=0.079 g5=0.036
2026-09-13 20:53:05 - train: epoch 298, iter:0, loss: 0.4221, lr: 1.0244252618962858e-05
2026-09-13 20:53:11 - train: epoch 298, iter:20, loss: 0.4028, lr: 1.0244252618962858e-05
2026-09-13 20:53:32 - val epoch: 298, loss: 0.9532
2026-09-13 20:53:32 - train gamma: g2=0.102 g3=0.090 g4=0.079 g5=0.036
2026-09-13 20:53:34 - train: epoch 299, iter:0, loss: 0.3850, lr: 1.0108561679951479e-05
2026-09-13 20:53:39 - train: epoch 299, iter:20, loss: 0.3912, lr: 1.0108561679951479e-05
2026-09-13 20:54:00 - val epoch: 299, loss: 0.9483
2026-09-13 20:54:00 - train gamma: g2=0.102 g3=0.090 g4=0.079 g5=0.036
2026-09-13 20:54:02 - train: epoch 300, iter:0, loss: 0.3711, lr: 1.002714116407149e-05
2026-09-13 20:54:07 - train: epoch 300, iter:20, loss: 0.4022, lr: 1.002714116407149e-05
2026-09-13 20:54:30 - val epoch: 300, loss: 0.9482, miou: 0.7739098803205197, f1_or_dsc: 0.8725470091870569, accuracy: 0.9393176843624303,                 specificity: 0.9669785690450337, sensitivity: 0.853341971828276, confusion_matrix: [[38740543  1322954]
 [ 1890362 10999229]]
2026-09-13 20:54:30 - train gamma: g2=0.102 g3=0.090 g4=0.079 g5=0.036
2026-09-13 20:55:04 - evaluation split=V_dev, loss: 0.8241,miou: 0.7895527641981472, f1_or_dsc: 0.8824023297820175, accuracy: 0.944679052522867,                 specificity: 0.9742818506332585, sensitivity: 0.8526674740882003, confusion_matrix: [[39033138  1030359]
 [ 1899056 10990535]]
2026-09-13 20:55:04 - #----------Config info----------#
2026-09-13 20:55:04 - network: ege_dual,
2026-09-13 20:55:04 - t_embed: 48,
2026-09-13 20:55:04 - t_depths: (2, 2, 2, 2),
2026-09-13 20:55:04 - t_head_dim: 16,
2026-09-13 20:55:04 - t_sr_ratios: (4, 2, 1, 1),
2026-09-13 20:55:04 - t_mlp_ratio: 4.0,
2026-09-13 20:55:04 - t_drop_path_rate: 0.1,
2026-09-13 20:55:04 - diff_lr: True,
2026-09-13 20:55:04 - t_lr: 0.0001,
2026-09-13 20:55:04 - opt: AdamW,
2026-09-13 20:55:04 - lr: 0.001,
2026-09-13 20:55:04 - betas: (0.9, 0.999),
2026-09-13 20:55:04 - eps: 1e-08,
2026-09-13 20:55:04 - weight_decay: 0.01,
2026-09-13 20:55:04 - amsgrad: False,
2026-09-13 20:55:04 - work_dir: results/retrain_ege_dual_difflr_v2_20260912/,
2026-09-13 20:55:04 - epochs: 300,
2026-09-13 20:55:04 - val_interval: 10,
2026-09-13 20:55:04 - save_interval: 10,
2026-09-13 20:55:04 - num_workers: 4,
2026-09-13 20:55:04 - batch_size: 64,
2026-09-13 20:55:04 - gradient_accumulation_steps: 1,
2026-09-13 20:55:04 - seed: 42,
2026-09-13 20:55:04 - [diff-lr] group1 81,146 lr=0.001; group2 5,259,408 lr=0.0001
2026-09-13 20:55:06 - train: epoch 1, iter:0, loss: 12.3420, lr: 0.001
2026-09-13 20:55:11 - train: epoch 1, iter:20, loss: 3.2618, lr: 0.001
2026-09-13 20:55:31 - val epoch: 1, loss: 1.5898
2026-09-13 20:55:31 - train gamma: g2=0.100 g3=0.099 g4=0.100 g5=0.100
2026-09-13 20:55:33 - train: epoch 2, iter:0, loss: 1.6352, lr: 0.0009999728588359286
2026-09-13 20:55:39 - train: epoch 2, iter:20, loss: 1.5014, lr: 0.0009999728588359286
2026-09-13 20:55:59 - val epoch: 2, loss: 1.3317
2026-09-13 20:55:59 - train gamma: g2=0.099 g3=0.099 g4=0.099 g5=0.100
2026-09-13 20:56:01 - train: epoch 3, iter:0, loss: 1.7094, lr: 0.0009998914383200486
2026-09-13 20:56:06 - train: epoch 3, iter:20, loss: 1.3304, lr: 0.0009998914383200486
2026-09-13 20:56:27 - val epoch: 3, loss: 1.2431
2026-09-13 20:56:27 - train gamma: g2=0.099 g3=0.099 g4=0.099 g5=0.099
2026-09-13 20:56:29 - train: epoch 4, iter:0, loss: 1.3900, lr: 0.0009997557473810372
2026-09-13 20:56:34 - train: epoch 4, iter:20, loss: 1.2023, lr: 0.0009997557473810372
2026-09-13 20:56:55 - val epoch: 4, loss: 1.3093
2026-09-13 20:56:55 - train gamma: g2=0.099 g3=0.099 g4=0.098 g5=0.099
2026-09-13 20:56:57 - train: epoch 5, iter:0, loss: 0.9681, lr: 0.000999565800898935
2026-09-13 20:57:02 - train: epoch 5, iter:20, loss: 1.1504, lr: 0.000999565800898935
2026-09-13 20:57:23 - val epoch: 5, loss: 1.1262
2026-09-13 20:57:23 - train gamma: g2=0.099 g3=0.099 g4=0.098 g5=0.099
2026-09-13 20:57:25 - train: epoch 6, iter:0, loss: 1.1245, lr: 0.0009993216197035143
2026-09-13 20:57:30 - train: epoch 6, iter:20, loss: 1.1073, lr: 0.0009993216197035143
2026-09-13 20:57:51 - val epoch: 6, loss: 1.2892
2026-09-13 20:57:51 - train gamma: g2=0.099 g3=0.099 g4=0.097 g5=0.099
2026-09-13 20:57:52 - train: epoch 7, iter:0, loss: 1.2745, lr: 0.0009990232305719946
2026-09-13 20:57:58 - train: epoch 7, iter:20, loss: 1.1788, lr: 0.0009990232305719946
2026-09-13 20:58:19 - val epoch: 7, loss: 1.1269
2026-09-13 20:58:19 - train gamma: g2=0.099 g3=0.099 g4=0.097 g5=0.099
2026-09-13 20:58:21 - train: epoch 8, iter:0, loss: 1.3332, lr: 0.0009986706662261067
2026-09-13 20:58:26 - train: epoch 8, iter:20, loss: 1.0873, lr: 0.0009986706662261067
2026-09-13 20:58:46 - val epoch: 8, loss: 1.1247
2026-09-13 20:58:46 - train gamma: g2=0.098 g3=0.099 g4=0.097 g5=0.098
2026-09-13 20:58:48 - train: epoch 9, iter:0, loss: 0.9378, lr: 0.0009982639653285047
2026-09-13 20:58:54 - train: epoch 9, iter:20, loss: 0.9438, lr: 0.0009982639653285047
2026-09-13 20:59:14 - val epoch: 9, loss: 1.0573
2026-09-13 20:59:14 - train gamma: g2=0.099 g3=0.099 g4=0.096 g5=0.098
2026-09-13 20:59:16 - train: epoch 10, iter:0, loss: 1.0060, lr: 0.0009978031724785245
2026-09-13 20:59:21 - train: epoch 10, iter:20, loss: 0.9609, lr: 0.0009978031724785245
2026-09-13 20:59:44 - val epoch: 10, loss: 1.0839, miou: 0.7219792123642194, f1_or_dsc: 0.8385457933292543, accuracy: 0.9289698836827042,                 specificity: 0.9840472238357026, sensitivity: 0.7577781948240251, confusion_matrix: [[39424373   639124]
 [ 3122140  9767451]]
2026-09-13 20:59:44 - train gamma: g2=0.098 g3=0.099 g4=0.096 g5=0.098
2026-09-13 20:59:46 - train: epoch 11, iter:0, loss: 0.9612, lr: 0.0009972883382072953
2026-09-13 20:59:51 - train: epoch 11, iter:20, loss: 0.9436, lr: 0.0009972883382072953
2026-09-13 21:00:11 - val epoch: 11, loss: 1.4779
2026-09-13 21:00:11 - train gamma: g2=0.099 g3=0.099 g4=0.095 g5=0.098
2026-09-13 21:00:13 - train: epoch 12, iter:0, loss: 0.9249, lr: 0.0009967195189721962
2026-09-13 21:00:19 - train: epoch 12, iter:20, loss: 0.9770, lr: 0.0009967195189721962
2026-09-13 21:00:39 - val epoch: 12, loss: 0.9724
2026-09-13 21:00:39 - train gamma: g2=0.098 g3=0.099 g4=0.095 g5=0.098
2026-09-13 21:00:41 - train: epoch 13, iter:0, loss: 0.8827, lr: 0.0009960967771506667
2026-09-13 21:00:46 - train: epoch 13, iter:20, loss: 0.8972, lr: 0.0009960967771506667
2026-09-13 21:01:06 - val epoch: 13, loss: 1.0028
2026-09-13 21:01:06 - train gamma: g2=0.098 g3=0.099 g4=0.095 g5=0.098
2026-09-13 21:01:08 - train: epoch 14, iter:0, loss: 0.9983, lr: 0.0009954201810333646
2026-09-13 21:01:13 - train: epoch 14, iter:20, loss: 0.8824, lr: 0.0009954201810333646
2026-09-13 21:01:33 - val epoch: 14, loss: 1.0057
2026-09-13 21:01:33 - train gamma: g2=0.098 g3=0.099 g4=0.094 g5=0.098
2026-09-13 21:01:35 - train: epoch 15, iter:0, loss: 0.9020, lr: 0.0009946898048166792
2026-09-13 21:01:40 - train: epoch 15, iter:20, loss: 0.8787, lr: 0.0009946898048166792
2026-09-13 21:02:00 - val epoch: 15, loss: 1.0731
2026-09-13 21:02:00 - train gamma: g2=0.098 g3=0.099 g4=0.094 g5=0.097
2026-09-13 21:02:02 - train: epoch 16, iter:0, loss: 0.8541, lr: 0.000993905728594593
2026-09-13 21:02:07 - train: epoch 16, iter:20, loss: 0.8664, lr: 0.000993905728594593
2026-09-13 21:02:28 - val epoch: 16, loss: 0.9720
2026-09-13 21:02:28 - train gamma: g2=0.099 g3=0.098 g4=0.093 g5=0.097
2026-09-13 21:02:30 - train: epoch 17, iter:0, loss: 0.9770, lr: 0.0009930680383498998
2026-09-13 21:02:35 - train: epoch 17, iter:20, loss: 0.8250, lr: 0.0009930680383498998
2026-09-13 21:02:55 - val epoch: 17, loss: 1.1041
2026-09-13 21:02:55 - train gamma: g2=0.099 g3=0.099 g4=0.093 g5=0.097
2026-09-13 21:02:57 - train: epoch 18, iter:0, loss: 1.0114, lr: 0.0009921768259447744
2026-09-13 21:03:02 - train: epoch 18, iter:20, loss: 0.7878, lr: 0.0009921768259447744
2026-09-13 21:03:23 - val epoch: 18, loss: 1.2838
2026-09-13 21:03:23 - train gamma: g2=0.098 g3=0.099 g4=0.093 g5=0.097
2026-09-13 21:03:24 - train: epoch 19, iter:0, loss: 1.0792, lr: 0.0009912321891107007
2026-09-13 21:03:30 - train: epoch 19, iter:20, loss: 0.8266, lr: 0.0009912321891107007
2026-09-13 21:03:50 - val epoch: 19, loss: 1.0768
2026-09-13 21:03:50 - train gamma: g2=0.098 g3=0.099 g4=0.093 g5=0.097
2026-09-13 21:03:52 - train: epoch 20, iter:0, loss: 0.8453, lr: 0.0009902342314377522
2026-09-13 21:03:57 - train: epoch 20, iter:20, loss: 0.7805, lr: 0.0009902342314377522
2026-09-13 21:04:19 - val epoch: 20, loss: 0.9920, miou: 0.7462341646929119, f1_or_dsc: 0.8546782324856674, accuracy: 0.9329548259772876,                 specificity: 0.9725269863486954, sensitivity: 0.8099564214256294, confusion_matrix: [[38962832  1100665]
 [ 2449584 10440007]]
2026-09-13 21:04:19 - train gamma: g2=0.098 g3=0.099 g4=0.093 g5=0.097
2026-09-13 21:04:21 - train: epoch 21, iter:0, loss: 0.8831, lr: 0.0009891830623632338
2026-09-13 21:04:27 - train: epoch 21, iter:20, loss: 0.7810, lr: 0.0009891830623632338
2026-09-13 21:04:47 - val epoch: 21, loss: 0.9517
2026-09-13 21:04:47 - train gamma: g2=0.098 g3=0.099 g4=0.093 g5=0.097
2026-09-13 21:04:49 - train: epoch 22, iter:0, loss: 0.8250, lr: 0.00098807879715968
2026-09-13 21:04:55 - train: epoch 22, iter:20, loss: 0.7834, lr: 0.00098807879715968
2026-09-13 21:05:14 - val epoch: 22, loss: 1.0369
2026-09-13 21:05:14 - train gamma: g2=0.098 g3=0.099 g4=0.093 g5=0.096
2026-09-13 21:05:16 - train: epoch 23, iter:0, loss: 0.7216, lr: 0.0009869215569222143
2026-09-13 21:05:22 - train: epoch 23, iter:20, loss: 0.8351, lr: 0.0009869215569222143
2026-09-13 21:05:42 - val epoch: 23, loss: 1.0320
2026-09-13 21:05:42 - train gamma: g2=0.098 g3=0.099 g4=0.092 g5=0.096
2026-09-13 21:05:44 - train: epoch 24, iter:0, loss: 0.6839, lr: 0.0009857114685552697
2026-09-13 21:05:49 - train: epoch 24, iter:20, loss: 0.7943, lr: 0.0009857114685552697
2026-09-13 21:06:09 - val epoch: 24, loss: 1.0120
2026-09-13 21:06:09 - train gamma: g2=0.098 g3=0.099 g4=0.092 g5=0.096
2026-09-13 21:06:11 - train: epoch 25, iter:0, loss: 0.6669, lr: 0.0009844486647586721
2026-09-13 21:06:16 - train: epoch 25, iter:20, loss: 0.7117, lr: 0.0009844486647586721
2026-09-13 21:06:37 - val epoch: 25, loss: 0.9246
2026-09-13 21:06:37 - train gamma: g2=0.099 g3=0.099 g4=0.092 g5=0.096
2026-09-13 21:06:39 - train: epoch 26, iter:0, loss: 0.7686, lr: 0.0009831332840130884
2026-09-13 21:06:44 - train: epoch 26, iter:20, loss: 0.7956, lr: 0.0009831332840130884
2026-09-13 21:07:04 - val epoch: 26, loss: 0.9663
2026-09-13 21:07:04 - train gamma: g2=0.099 g3=0.099 g4=0.092 g5=0.096
2026-09-13 21:07:06 - train: epoch 27, iter:0, loss: 0.7072, lr: 0.0009817654705648405
2026-09-13 21:07:12 - train: epoch 27, iter:20, loss: 0.7654, lr: 0.0009817654705648405
2026-09-13 21:07:33 - val epoch: 27, loss: 1.6230
2026-09-13 21:07:33 - train gamma: g2=0.099 g3=0.099 g4=0.092 g5=0.096
2026-09-13 21:07:34 - train: epoch 28, iter:0, loss: 0.7983, lr: 0.0009803453744100864
2026-09-13 21:07:40 - train: epoch 28, iter:20, loss: 0.7866, lr: 0.0009803453744100864
2026-09-13 21:08:01 - val epoch: 28, loss: 0.8989
2026-09-13 21:08:01 - train gamma: g2=0.099 g3=0.099 g4=0.091 g5=0.095
2026-09-13 21:08:03 - train: epoch 29, iter:0, loss: 0.7808, lr: 0.0009788731512783728
2026-09-13 21:08:08 - train: epoch 29, iter:20, loss: 0.7642, lr: 0.0009788731512783728
2026-09-13 21:08:29 - val epoch: 29, loss: 0.9956
2026-09-13 21:08:29 - train gamma: g2=0.099 g3=0.099 g4=0.091 g5=0.095
2026-09-13 21:08:31 - train: epoch 30, iter:0, loss: 0.7367, lr: 0.0009773489626155566
2026-09-13 21:08:37 - train: epoch 30, iter:20, loss: 0.7025, lr: 0.0009773489626155566
2026-09-13 21:08:59 - val epoch: 30, loss: 0.9366, miou: 0.7604242556183474, f1_or_dsc: 0.8639102229947963, accuracy: 0.9352224557706625,                 specificity: 0.96435413513703, sensitivity: 0.84467521118397, confusion_matrix: [[38635399  1428098]
 [ 2002073 10887518]]
2026-09-13 21:08:59 - train gamma: g2=0.099 g3=0.099 g4=0.092 g5=0.095
2026-09-13 21:09:01 - train: epoch 31, iter:0, loss: 0.6594, lr: 0.0009757729755661006
2026-09-13 21:09:07 - train: epoch 31, iter:20, loss: 0.6965, lr: 0.0009757729755661006
2026-09-13 21:09:27 - val epoch: 31, loss: 0.9588
2026-09-13 21:09:27 - train gamma: g2=0.099 g3=0.099 g4=0.092 g5=0.095
2026-09-13 21:09:29 - train: epoch 32, iter:0, loss: 0.6224, lr: 0.0009741453629547445
2026-09-13 21:09:35 - train: epoch 32, iter:20, loss: 0.7084, lr: 0.0009741453629547445
2026-09-13 21:09:55 - val epoch: 32, loss: 0.9235
2026-09-13 21:09:55 - train gamma: g2=0.099 g3=0.100 g4=0.092 g5=0.095
2026-09-13 21:09:57 - train: epoch 33, iter:0, loss: 0.6515, lr: 0.0009724663032675527
2026-09-13 21:10:02 - train: epoch 33, iter:20, loss: 0.7224, lr: 0.0009724663032675527
2026-09-13 21:10:22 - val epoch: 33, loss: 1.0005
2026-09-13 21:10:22 - train gamma: g2=0.099 g3=0.100 g4=0.092 g5=0.095
2026-09-13 21:10:24 - train: epoch 34, iter:0, loss: 0.5831, lr: 0.0009707359806323412
2026-09-13 21:10:30 - train: epoch 34, iter:20, loss: 0.6882, lr: 0.0009707359806323412
2026-09-13 21:10:50 - val epoch: 34, loss: 0.8896
2026-09-13 21:10:50 - train gamma: g2=0.099 g3=0.100 g4=0.092 g5=0.094
2026-09-13 21:10:52 - train: epoch 35, iter:0, loss: 0.6629, lr: 0.0009689545847984858
2026-09-13 21:10:58 - train: epoch 35, iter:20, loss: 0.7337, lr: 0.0009689545847984858
2026-09-13 21:11:18 - val epoch: 35, loss: 0.9125
2026-09-13 21:11:18 - train gamma: g2=0.099 g3=0.100 g4=0.091 g5=0.094
2026-09-13 21:11:20 - train: epoch 36, iter:0, loss: 0.7827, lr: 0.0009671223111161144
2026-09-13 21:11:25 - train: epoch 36, iter:20, loss: 0.6920, lr: 0.0009671223111161144
2026-09-13 21:11:46 - val epoch: 36, loss: 0.8815
2026-09-13 21:11:46 - train gamma: g2=0.099 g3=0.100 g4=0.091 g5=0.094
2026-09-13 21:11:48 - train: epoch 37, iter:0, loss: 0.8173, lr: 0.000965239360514684
2026-09-13 21:11:54 - train: epoch 37, iter:20, loss: 0.6984, lr: 0.000965239360514684
2026-09-13 21:12:14 - val epoch: 37, loss: 1.2026
2026-09-13 21:12:14 - train gamma: g2=0.099 g3=0.100 g4=0.091 g5=0.094
2026-09-13 21:12:15 - train: epoch 38, iter:0, loss: 0.8458, lr: 0.000963305939480947
2026-09-13 21:12:21 - train: epoch 38, iter:20, loss: 0.7722, lr: 0.000963305939480947
2026-09-13 21:12:41 - val epoch: 38, loss: 0.9326
2026-09-13 21:12:41 - train gamma: g2=0.098 g3=0.100 g4=0.091 g5=0.094
2026-09-13 21:12:43 - train: epoch 39, iter:0, loss: 0.6674, lr: 0.0009613222600363074
2026-09-13 21:12:48 - train: epoch 39, iter:20, loss: 0.6986, lr: 0.0009613222600363074
2026-09-13 21:13:09 - val epoch: 39, loss: 0.9963
2026-09-13 21:13:09 - train gamma: g2=0.098 g3=0.100 g4=0.092 g5=0.094
2026-09-13 21:13:11 - train: epoch 40, iter:0, loss: 0.7236, lr: 0.0009592885397135703
2026-09-13 21:13:16 - train: epoch 40, iter:20, loss: 0.6511, lr: 0.0009592885397135703
2026-09-13 21:13:39 - val epoch: 40, loss: 0.9649, miou: 0.7486718854478871, f1_or_dsc: 0.8562748582832392, accuracy: 0.9331715083358312,                 specificity: 0.970279479097893, sensitivity: 0.817832311358832, confusion_matrix: [[38872789  1190708]
 [ 2348067 10541524]]
2026-09-13 21:13:39 - train gamma: g2=0.098 g3=0.100 g4=0.092 g5=0.094
2026-09-13 21:13:41 - train: epoch 41, iter:0, loss: 0.8133, lr: 0.0009572050015330871
2026-09-13 21:13:47 - train: epoch 41, iter:20, loss: 0.6459, lr: 0.0009572050015330871
2026-09-13 21:14:07 - val epoch: 41, loss: 0.9820
2026-09-13 21:14:07 - train gamma: g2=0.098 g3=0.100 g4=0.092 g5=0.093
2026-09-13 21:14:09 - train: epoch 42, iter:0, loss: 0.5029, lr: 0.0009550718739782986
2026-09-13 21:14:14 - train: epoch 42, iter:20, loss: 0.6944, lr: 0.0009550718739782986
2026-09-13 21:14:35 - val epoch: 42, loss: 0.9802
2026-09-13 21:14:35 - train gamma: g2=0.099 g3=0.100 g4=0.092 g5=0.093
2026-09-13 21:14:37 - train: epoch 43, iter:0, loss: 0.5883, lr: 0.0009528893909706794
2026-09-13 21:14:43 - train: epoch 43, iter:20, loss: 0.6570, lr: 0.0009528893909706794
2026-09-13 21:15:03 - val epoch: 43, loss: 0.9006
2026-09-13 21:15:03 - train gamma: g2=0.099 g3=0.100 g4=0.091 g5=0.093
2026-09-13 21:15:05 - train: epoch 44, iter:0, loss: 0.6711, lr: 0.0009506577918440856
2026-09-13 21:15:11 - train: epoch 44, iter:20, loss: 0.6524, lr: 0.0009506577918440856
2026-09-13 21:15:31 - val epoch: 44, loss: 0.8858
2026-09-13 21:15:31 - train gamma: g2=0.099 g3=0.100 g4=0.092 g5=0.093
2026-09-13 21:15:33 - train: epoch 45, iter:0, loss: 0.6895, lr: 0.000948377321318509
2026-09-13 21:15:39 - train: epoch 45, iter:20, loss: 0.6719, lr: 0.000948377321318509
2026-09-13 21:15:59 - val epoch: 45, loss: 0.8215
2026-09-13 21:15:59 - train gamma: g2=0.099 g3=0.100 g4=0.091 g5=0.093
2026-09-13 21:16:01 - train: epoch 46, iter:0, loss: 0.6017, lr: 0.0009460482294732416
2026-09-13 21:16:06 - train: epoch 46, iter:20, loss: 0.6736, lr: 0.0009460482294732416
2026-09-13 21:16:27 - val epoch: 46, loss: 0.8664
2026-09-13 21:16:27 - train gamma: g2=0.099 g3=0.100 g4=0.091 g5=0.093
2026-09-13 21:16:28 - train: epoch 47, iter:0, loss: 0.5795, lr: 0.0009436707717194508
2026-09-13 21:16:34 - train: epoch 47, iter:20, loss: 0.6440, lr: 0.0009436707717194508
2026-09-13 21:16:54 - val epoch: 47, loss: 0.8686
2026-09-13 21:16:54 - train gamma: g2=0.099 g3=0.100 g4=0.091 g5=0.093
2026-09-13 21:16:56 - train: epoch 48, iter:0, loss: 0.6328, lr: 0.0009412452087721706
2026-09-13 21:17:02 - train: epoch 48, iter:20, loss: 0.6620, lr: 0.0009412452087721706
2026-09-13 21:17:23 - val epoch: 48, loss: 1.1897
2026-09-13 21:17:23 - train gamma: g2=0.099 g3=0.100 g4=0.091 g5=0.092
2026-09-13 21:17:25 - train: epoch 49, iter:0, loss: 0.8144, lr: 0.000938771806621712
2026-09-13 21:17:30 - train: epoch 49, iter:20, loss: 0.6545, lr: 0.000938771806621712
2026-09-13 21:17:51 - val epoch: 49, loss: 0.9817
2026-09-13 21:17:51 - train gamma: g2=0.099 g3=0.100 g4=0.091 g5=0.092
2026-09-13 21:17:53 - train: epoch 50, iter:0, loss: 0.5614, lr: 0.0009362508365044934
2026-09-13 21:17:58 - train: epoch 50, iter:20, loss: 0.6661, lr: 0.0009362508365044934
2026-09-13 21:18:21 - val epoch: 50, loss: 0.9869, miou: 0.7484169500482556, f1_or_dsc: 0.8561080925549247, accuracy: 0.9341378353609897,                 specificity: 0.9757123548151575, sensitivity: 0.8049156873945806, confusion_matrix: [[39090449   973048]
 [ 2514557 10375034]]
2026-09-13 21:18:21 - train gamma: g2=0.099 g3=0.100 g4=0.091 g5=0.092
2026-09-13 21:18:23 - train: epoch 51, iter:0, loss: 0.4773, lr: 0.0009336825748732968
2026-09-13 21:18:29 - train: epoch 51, iter:20, loss: 0.6558, lr: 0.0009336825748732968
2026-09-13 21:18:49 - val epoch: 51, loss: 0.8931
2026-09-13 21:18:49 - train gamma: g2=0.099 g3=0.101 g4=0.091 g5=0.092
2026-09-13 21:18:51 - train: epoch 52, iter:0, loss: 0.6677, lr: 0.0009310673033669517
2026-09-13 21:18:56 - train: epoch 52, iter:20, loss: 0.6644, lr: 0.0009310673033669517
2026-09-13 21:19:17 - val epoch: 52, loss: 0.8939
2026-09-13 21:19:17 - train gamma: g2=0.099 g3=0.101 g4=0.091 g5=0.092
2026-09-13 21:19:19 - train: epoch 53, iter:0, loss: 0.6869, lr: 0.0009284053087794505
2026-09-13 21:19:24 - train: epoch 53, iter:20, loss: 0.6561, lr: 0.0009284053087794505
2026-09-13 21:19:45 - val epoch: 53, loss: 0.8857
2026-09-13 21:19:45 - train gamma: g2=0.099 g3=0.100 g4=0.090 g5=0.092
2026-09-13 21:19:47 - train: epoch 54, iter:0, loss: 0.6397, lr: 0.0009256968830284974
2026-09-13 21:19:52 - train: epoch 54, iter:20, loss: 0.7135, lr: 0.0009256968830284974
2026-09-13 21:20:12 - val epoch: 54, loss: 0.9093
2026-09-13 21:20:12 - train gamma: g2=0.099 g3=0.101 g4=0.090 g5=0.092
2026-09-13 21:20:14 - train: epoch 55, iter:0, loss: 0.5016, lr: 0.0009229423231234972
2026-09-13 21:20:20 - train: epoch 55, iter:20, loss: 0.6163, lr: 0.0009229423231234972
2026-09-13 21:20:41 - val epoch: 55, loss: 0.8583
2026-09-13 21:20:41 - train gamma: g2=0.099 g3=0.101 g4=0.090 g5=0.091
2026-09-13 21:20:43 - train: epoch 56, iter:0, loss: 0.6036, lr: 0.0009201419311329846
2026-09-13 21:20:48 - train: epoch 56, iter:20, loss: 0.6274, lr: 0.0009201419311329846
2026-09-13 21:21:09 - val epoch: 56, loss: 0.8525
2026-09-13 21:21:09 - train gamma: g2=0.099 g3=0.100 g4=0.090 g5=0.091
2026-09-13 21:21:11 - train: epoch 57, iter:0, loss: 0.9330, lr: 0.0009172960141514989
2026-09-13 21:21:16 - train: epoch 57, iter:20, loss: 0.6205, lr: 0.0009172960141514989
2026-09-13 21:21:37 - val epoch: 57, loss: 0.8552
2026-09-13 21:21:37 - train gamma: g2=0.099 g3=0.100 g4=0.090 g5=0.091
2026-09-13 21:21:39 - train: epoch 58, iter:0, loss: 0.6786, lr: 0.0009144048842659077
2026-09-13 21:21:44 - train: epoch 58, iter:20, loss: 0.6282, lr: 0.0009144048842659077
2026-09-13 21:22:05 - val epoch: 58, loss: 0.8209
2026-09-13 21:22:05 - train gamma: g2=0.099 g3=0.101 g4=0.090 g5=0.091
2026-09-13 21:22:07 - train: epoch 59, iter:0, loss: 0.5204, lr: 0.0009114688585211832
2026-09-13 21:22:13 - train: epoch 59, iter:20, loss: 0.6245, lr: 0.0009114688585211832
2026-09-13 21:22:34 - val epoch: 59, loss: 0.9312
2026-09-13 21:22:34 - train gamma: g2=0.099 g3=0.101 g4=0.090 g5=0.091
2026-09-13 21:22:36 - train: epoch 60, iter:0, loss: 0.5880, lr: 0.0009084882588856339
2026-09-13 21:22:41 - train: epoch 60, iter:20, loss: 0.6320, lr: 0.0009084882588856339
2026-09-13 21:23:04 - val epoch: 60, loss: 0.8322, miou: 0.7790827832682323, f1_or_dsc: 0.8758252180227748, accuracy: 0.9397630219412322,                 specificity: 0.961336300722825, sensitivity: 0.8727088392486619, confusion_matrix: [[38514494  1549003]
 [ 1640731 11248860]]
2026-09-13 21:23:04 - train gamma: g2=0.099 g3=0.101 g4=0.090 g5=0.091
2026-09-13 21:23:06 - train: epoch 61, iter:0, loss: 0.7178, lr: 0.0009054634122155986
2026-09-13 21:23:12 - train: epoch 61, iter:20, loss: 0.6029, lr: 0.0009054634122155986
2026-09-13 21:23:32 - val epoch: 61, loss: 1.0084
2026-09-13 21:23:32 - train gamma: g2=0.099 g3=0.101 g4=0.090 g5=0.091
2026-09-13 21:23:34 - train: epoch 62, iter:0, loss: 0.7180, lr: 0.0009023946502196013
2026-09-13 21:23:39 - train: epoch 62, iter:20, loss: 0.6230, lr: 0.0009023946502196013
2026-09-13 21:23:59 - val epoch: 62, loss: 1.0266
2026-09-13 21:23:59 - train gamma: g2=0.099 g3=0.101 g4=0.090 g5=0.091
2026-09-13 21:24:01 - train: epoch 63, iter:0, loss: 0.7912, lr: 0.0008992823094219767
2026-09-13 21:24:06 - train: epoch 63, iter:20, loss: 0.6303, lr: 0.0008992823094219767
2026-09-13 21:24:27 - val epoch: 63, loss: 0.8587
2026-09-13 21:24:27 - train gamma: g2=0.099 g3=0.101 g4=0.090 g5=0.091
2026-09-13 21:24:29 - train: epoch 64, iter:0, loss: 0.5385, lr: 0.0008961267311259662
2026-09-13 21:24:35 - train: epoch 64, iter:20, loss: 0.6204, lr: 0.0008961267311259662
2026-09-13 21:24:55 - val epoch: 64, loss: 0.8607
2026-09-13 21:24:55 - train gamma: g2=0.099 g3=0.101 g4=0.090 g5=0.091
2026-09-13 21:24:57 - train: epoch 65, iter:0, loss: 0.4722, lr: 0.0008929282613762903
2026-09-13 21:25:03 - train: epoch 65, iter:20, loss: 0.6006, lr: 0.0008929282613762903
2026-09-13 21:25:23 - val epoch: 65, loss: 0.8404
2026-09-13 21:25:23 - train gamma: g2=0.099 g3=0.101 g4=0.090 g5=0.090
2026-09-13 21:25:26 - train: epoch 66, iter:0, loss: 0.4672, lr: 0.0008896872509212002
2026-09-13 21:25:31 - train: epoch 66, iter:20, loss: 0.6065, lr: 0.0008896872509212002
2026-09-13 21:25:51 - val epoch: 66, loss: 1.0039
2026-09-13 21:25:51 - train gamma: g2=0.099 g3=0.101 g4=0.090 g5=0.090
2026-09-13 21:25:53 - train: epoch 67, iter:0, loss: 0.6400, lr: 0.0008864040551740152
2026-09-13 21:25:59 - train: epoch 67, iter:20, loss: 0.5844, lr: 0.0008864040551740152
2026-09-13 21:26:19 - val epoch: 67, loss: 1.0562
2026-09-13 21:26:19 - train gamma: g2=0.099 g3=0.101 g4=0.090 g5=0.090
2026-09-13 21:26:20 - train: epoch 68, iter:0, loss: 0.6776, lr: 0.0008830790341741476
2026-09-13 21:26:26 - train: epoch 68, iter:20, loss: 0.6266, lr: 0.0008830790341741476
2026-09-13 21:26:47 - val epoch: 68, loss: 0.8863
2026-09-13 21:26:47 - train gamma: g2=0.099 g3=0.102 g4=0.090 g5=0.090
2026-09-13 21:26:49 - train: epoch 69, iter:0, loss: 0.5515, lr: 0.000879712552547619
2026-09-13 21:26:54 - train: epoch 69, iter:20, loss: 0.5782, lr: 0.000879712552547619
2026-09-13 21:27:15 - val epoch: 69, loss: 0.8462
2026-09-13 21:27:15 - train gamma: g2=0.099 g3=0.102 g4=0.090 g5=0.090
2026-09-13 21:27:16 - train: epoch 70, iter:0, loss: 0.4811, lr: 0.0008763049794670771
2026-09-13 21:27:22 - train: epoch 70, iter:20, loss: 0.5864, lr: 0.0008763049794670771
2026-09-13 21:27:45 - val epoch: 70, loss: 0.7992, miou: 0.7986986214778692, f1_or_dsc: 0.8880849876024617, accuracy: 0.946355668625029,                 specificity: 0.9695045841854494, sensitivity: 0.8744040831086106, confusion_matrix: [[38841744  1221753]
 [ 1618880 11270711]]
2026-09-13 21:27:45 - train gamma: g2=0.099 g3=0.102 g4=0.090 g5=0.090
2026-09-13 21:27:47 - train: epoch 71, iter:0, loss: 0.6578, lr: 0.0008728566886113098
2026-09-13 21:27:52 - train: epoch 71, iter:20, loss: 0.5974, lr: 0.0008728566886113098
2026-09-13 21:28:13 - val epoch: 71, loss: 0.8233
2026-09-13 21:28:13 - train gamma: g2=0.099 g3=0.102 g4=0.090 g5=0.090
2026-09-13 21:28:14 - train: epoch 72, iter:0, loss: 0.5772, lr: 0.000869368058124268
2026-09-13 21:28:20 - train: epoch 72, iter:20, loss: 0.5866, lr: 0.000869368058124268
2026-09-13 21:28:40 - val epoch: 72, loss: 0.8843
2026-09-13 21:28:40 - train gamma: g2=0.099 g3=0.102 g4=0.090 g5=0.090
2026-09-13 21:28:42 - train: epoch 73, iter:0, loss: 0.5692, lr: 0.0008658394705735983
2026-09-13 21:28:48 - train: epoch 73, iter:20, loss: 0.5979, lr: 0.0008658394705735983
2026-09-13 21:29:08 - val epoch: 73, loss: 1.0091
2026-09-13 21:29:08 - train gamma: g2=0.099 g3=0.102 g4=0.090 g5=0.090
2026-09-13 21:29:11 - train: epoch 74, iter:0, loss: 0.5175, lr: 0.0008622713129086888
2026-09-13 21:29:16 - train: epoch 74, iter:20, loss: 0.6055, lr: 0.0008622713129086888
2026-09-13 21:29:37 - val epoch: 74, loss: 0.8696
2026-09-13 21:29:37 - train gamma: g2=0.099 g3=0.102 g4=0.090 g5=0.090
2026-09-13 21:29:39 - train: epoch 75, iter:0, loss: 0.7226, lr: 0.0008586639764182372
2026-09-13 21:29:44 - train: epoch 75, iter:20, loss: 0.5863, lr: 0.0008586639764182372
2026-09-13 21:30:05 - val epoch: 75, loss: 0.8704
2026-09-13 21:30:05 - train gamma: g2=0.099 g3=0.102 g4=0.090 g5=0.090
2026-09-13 21:30:07 - train: epoch 76, iter:0, loss: 0.8024, lr: 0.0008550178566873405
2026-09-13 21:30:12 - train: epoch 76, iter:20, loss: 0.5872, lr: 0.0008550178566873405
2026-09-13 21:30:32 - val epoch: 76, loss: 0.8400
2026-09-13 21:30:32 - train gamma: g2=0.099 g3=0.102 g4=0.090 g5=0.090
2026-09-13 21:30:34 - train: epoch 77, iter:0, loss: 0.5832, lr: 0.0008513333535541156
2026-09-13 21:30:40 - train: epoch 77, iter:20, loss: 0.5680, lr: 0.0008513333535541156
2026-09-13 21:31:00 - val epoch: 77, loss: 0.8301
2026-09-13 21:31:00 - train gamma: g2=0.099 g3=0.103 g4=0.090 g5=0.089
2026-09-13 21:31:03 - train: epoch 78, iter:0, loss: 0.6447, lr: 0.0008476108710658509
2026-09-13 21:31:08 - train: epoch 78, iter:20, loss: 0.5782, lr: 0.0008476108710658509
2026-09-13 21:31:28 - val epoch: 78, loss: 0.8384
2026-09-13 21:31:28 - train gamma: g2=0.099 g3=0.102 g4=0.089 g5=0.090
2026-09-13 21:31:30 - train: epoch 79, iter:0, loss: 0.5550, lr: 0.0008438508174347005
2026-09-13 21:31:36 - train: epoch 79, iter:20, loss: 0.5819, lr: 0.0008438508174347005
2026-09-13 21:31:56 - val epoch: 79, loss: 0.9636
2026-09-13 21:31:56 - train gamma: g2=0.099 g3=0.103 g4=0.089 g5=0.089
2026-09-13 21:31:58 - train: epoch 80, iter:0, loss: 0.6519, lr: 0.0008400536049929166
2026-09-13 21:32:04 - train: epoch 80, iter:20, loss: 0.5833, lr: 0.0008400536049929166
2026-09-13 21:32:27 - val epoch: 80, loss: 0.7865, miou: 0.7956211322321423, f1_or_dsc: 0.8861792924469575, accuracy: 0.9444079635166885,                 specificity: 0.9622123850047338, sensitivity: 0.8890681636058119, confusion_matrix: [[38549593  1513904]
 [ 1429866 11459725]]
2026-09-13 21:32:27 - train gamma: g2=0.099 g3=0.103 g4=0.090 g5=0.089
2026-09-13 21:32:29 - train: epoch 81, iter:0, loss: 0.5851, lr: 0.0008362196501476343
2026-09-13 21:32:34 - train: epoch 81, iter:20, loss: 0.5722, lr: 0.0008362196501476343
2026-09-13 21:32:54 - val epoch: 81, loss: 0.8543
2026-09-13 21:32:54 - train gamma: g2=0.099 g3=0.103 g4=0.090 g5=0.089
2026-09-13 21:32:56 - train: epoch 82, iter:0, loss: 0.6086, lr: 0.0008323493733352072
2026-09-13 21:33:01 - train: epoch 82, iter:20, loss: 0.5548, lr: 0.0008323493733352072
2026-09-13 21:33:22 - val epoch: 82, loss: 0.8207
2026-09-13 21:33:22 - train gamma: g2=0.099 g3=0.103 g4=0.090 g5=0.089
2026-09-13 21:33:24 - train: epoch 83, iter:0, loss: 0.6200, lr: 0.0008284431989751018
2026-09-13 21:33:29 - train: epoch 83, iter:20, loss: 0.5489, lr: 0.0008284431989751018
2026-09-13 21:33:49 - val epoch: 83, loss: 0.8618
2026-09-13 21:33:49 - train gamma: g2=0.099 g3=0.103 g4=0.089 g5=0.089
2026-09-13 21:33:51 - train: epoch 84, iter:0, loss: 0.5442, lr: 0.000824501555423355
2026-09-13 21:33:57 - train: epoch 84, iter:20, loss: 0.5649, lr: 0.000824501555423355
2026-09-13 21:34:17 - val epoch: 84, loss: 0.8036
2026-09-13 21:34:17 - train gamma: g2=0.099 g3=0.103 g4=0.089 g5=0.089
2026-09-13 21:34:19 - train: epoch 85, iter:0, loss: 0.4664, lr: 0.0008205248749256009
2026-09-13 21:34:24 - train: epoch 85, iter:20, loss: 0.5655, lr: 0.0008205248749256009
2026-09-13 21:34:44 - val epoch: 85, loss: 0.8271
2026-09-13 21:34:44 - train gamma: g2=0.099 g3=0.103 g4=0.089 g5=0.089
2026-09-13 21:34:46 - train: epoch 86, iter:0, loss: 0.6177, lr: 0.000816513593569669
2026-09-13 21:34:51 - train: epoch 86, iter:20, loss: 0.5623, lr: 0.000816513593569669
2026-09-13 21:35:12 - val epoch: 86, loss: 0.8370
2026-09-13 21:35:12 - train gamma: g2=0.099 g3=0.103 g4=0.089 g5=0.089
2026-09-13 21:35:13 - train: epoch 87, iter:0, loss: 0.5256, lr: 0.0008124681512377632
2026-09-13 21:35:19 - train: epoch 87, iter:20, loss: 0.5506, lr: 0.0008124681512377632
2026-09-13 21:35:39 - val epoch: 87, loss: 0.8151
2026-09-13 21:35:39 - train gamma: g2=0.099 g3=0.103 g4=0.089 g5=0.089
2026-09-13 21:35:41 - train: epoch 88, iter:0, loss: 0.4831, lr: 0.000808388991558223
2026-09-13 21:35:46 - train: epoch 88, iter:20, loss: 0.5840, lr: 0.000808388991558223
2026-09-13 21:36:06 - val epoch: 88, loss: 0.8344
2026-09-13 21:36:06 - train gamma: g2=0.099 g3=0.103 g4=0.090 g5=0.089
2026-09-13 21:36:08 - train: epoch 89, iter:0, loss: 0.5494, lr: 0.0008042765618568752
2026-09-13 21:36:14 - train: epoch 89, iter:20, loss: 0.5980, lr: 0.0008042765618568752
2026-09-13 21:36:34 - val epoch: 89, loss: 0.8151
2026-09-13 21:36:34 - train gamma: g2=0.099 g3=0.103 g4=0.089 g5=0.089
2026-09-13 21:36:35 - train: epoch 90, iter:0, loss: 0.5018, lr: 0.0008001313131079794
2026-09-13 21:36:41 - train: epoch 90, iter:20, loss: 0.5657, lr: 0.0008001313131079794
2026-09-13 21:37:04 - val epoch: 90, loss: 0.7967, miou: 0.7917941568129832, f1_or_dsc: 0.8838003559754056, accuracy: 0.9428186699895575,                 specificity: 0.9587314357506036, sensitivity: 0.8933585247196749, confusion_matrix: [[38410134  1653363]
 [ 1374565 11515026]]
2026-09-13 21:37:04 - train gamma: g2=0.099 g3=0.103 g4=0.090 g5=0.089
2026-09-13 21:37:06 - train: epoch 91, iter:0, loss: 0.4592, lr: 0.0007959536998847737
2026-09-13 21:37:11 - train: epoch 91, iter:20, loss: 0.5587, lr: 0.0007959536998847737
2026-09-13 21:37:31 - val epoch: 91, loss: 0.7941
2026-09-13 21:37:31 - train gamma: g2=0.099 g3=0.103 g4=0.090 g5=0.089
2026-09-13 21:37:33 - train: epoch 92, iter:0, loss: 0.5821, lr: 0.0007917441803096255
2026-09-13 21:37:39 - train: epoch 92, iter:20, loss: 0.5492, lr: 0.0007917441803096255
2026-09-13 21:37:59 - val epoch: 92, loss: 0.9221
2026-09-13 21:37:59 - train gamma: g2=0.099 g3=0.104 g4=0.090 g5=0.089
2026-09-13 21:38:01 - train: epoch 93, iter:0, loss: 0.5889, lr: 0.0007875032160037932
2026-09-13 21:38:06 - train: epoch 93, iter:20, loss: 0.5749, lr: 0.0007875032160037932
2026-09-13 21:38:26 - val epoch: 93, loss: 1.1549
2026-09-13 21:38:26 - train gamma: g2=0.100 g3=0.104 g4=0.089 g5=0.089
2026-09-13 21:38:28 - train: epoch 94, iter:0, loss: 0.7805, lr: 0.0007832312720368042
2026-09-13 21:38:34 - train: epoch 94, iter:20, loss: 0.5799, lr: 0.0007832312720368042
2026-09-13 21:38:54 - val epoch: 94, loss: 0.8223
2026-09-13 21:38:54 - train gamma: g2=0.100 g3=0.104 g4=0.089 g5=0.089
2026-09-13 21:38:56 - train: epoch 95, iter:0, loss: 0.6668, lr: 0.0007789288168754548
2026-09-13 21:39:02 - train: epoch 95, iter:20, loss: 0.5674, lr: 0.0007789288168754548
2026-09-13 21:39:22 - val epoch: 95, loss: 0.8412
2026-09-13 21:39:22 - train gamma: g2=0.099 g3=0.104 g4=0.089 g5=0.089
2026-09-13 21:39:24 - train: epoch 96, iter:0, loss: 0.4977, lr: 0.0007745963223324379
2026-09-13 21:39:29 - train: epoch 96, iter:20, loss: 0.5430, lr: 0.0007745963223324379
2026-09-13 21:39:49 - val epoch: 96, loss: 0.7848
2026-09-13 21:39:49 - train gamma: g2=0.099 g3=0.104 g4=0.089 g5=0.089
2026-09-13 21:39:51 - train: epoch 97, iter:0, loss: 0.5226, lr: 0.0007702342635146028
2026-09-13 21:39:57 - train: epoch 97, iter:20, loss: 0.5458, lr: 0.0007702342635146028
2026-09-13 21:40:16 - val epoch: 97, loss: 0.8220
2026-09-13 21:40:16 - train gamma: g2=0.099 g3=0.104 g4=0.089 g5=0.089
2026-09-13 21:40:19 - train: epoch 98, iter:0, loss: 0.5108, lr: 0.000765843118770855
2026-09-13 21:40:24 - train: epoch 98, iter:20, loss: 0.5430, lr: 0.000765843118770855
2026-09-13 21:40:44 - val epoch: 98, loss: 0.7926
2026-09-13 21:40:44 - train gamma: g2=0.100 g3=0.104 g4=0.089 g5=0.088
2026-09-13 21:40:46 - train: epoch 99, iter:0, loss: 0.5667, lr: 0.0007614233696396991
2026-09-13 21:40:52 - train: epoch 99, iter:20, loss: 0.5694, lr: 0.0007614233696396991
2026-09-13 21:41:13 - val epoch: 99, loss: 0.7967
2026-09-13 21:41:13 - train gamma: g2=0.100 g3=0.104 g4=0.089 g5=0.089
2026-09-13 21:41:15 - train: epoch 100, iter:0, loss: 0.4679, lr: 0.0007569755007964334
2026-09-13 21:41:20 - train: epoch 100, iter:20, loss: 0.5458, lr: 0.0007569755007964334
2026-09-13 21:41:43 - val epoch: 100, loss: 0.9006, miou: 0.7761568218545628, f1_or_dsc: 0.8739733026998636, accuracy: 0.9423837756166363,                 specificity: 0.9815219575066051, sensitivity: 0.8207342653463559, confusion_matrix: [[39323202   740295]
 [ 2310662 10578929]]
2026-09-13 21:41:43 - train gamma: g2=0.100 g3=0.104 g4=0.089 g5=0.089
2026-09-13 21:41:45 - train: epoch 101, iter:0, loss: 0.5120, lr: 0.0007524999999999996
2026-09-13 21:41:51 - train: epoch 101, iter:20, loss: 0.5414, lr: 0.0007524999999999996
2026-09-13 21:42:11 - val epoch: 101, loss: 0.8834
2026-09-13 21:42:11 - train gamma: g2=0.100 g3=0.103 g4=0.089 g5=0.089
2026-09-13 21:42:13 - train: epoch 102, iter:0, loss: 0.6561, lr: 0.0007479973580394943
2026-09-13 21:42:18 - train: epoch 102, iter:20, loss: 0.5514, lr: 0.0007479973580394943
2026-09-13 21:42:39 - val epoch: 102, loss: 0.9071
2026-09-13 21:42:39 - train gamma: g2=0.100 g3=0.104 g4=0.089 g5=0.089
2026-09-13 21:42:41 - train: epoch 103, iter:0, loss: 0.5401, lr: 0.0007434680686803487
2026-09-13 21:42:46 - train: epoch 103, iter:20, loss: 0.5686, lr: 0.0007434680686803487
2026-09-13 21:43:06 - val epoch: 103, loss: 0.8008
2026-09-13 21:43:06 - train gamma: g2=0.100 g3=0.104 g4=0.089 g5=0.089
2026-09-13 21:43:08 - train: epoch 104, iter:0, loss: 0.4656, lr: 0.0007389126286101815
2026-09-13 21:43:14 - train: epoch 104, iter:20, loss: 0.5403, lr: 0.0007389126286101815
2026-09-13 21:43:34 - val epoch: 104, loss: 0.8288
2026-09-13 21:43:34 - train gamma: g2=0.100 g3=0.104 g4=0.089 g5=0.089
2026-09-13 21:43:36 - train: epoch 105, iter:0, loss: 0.6363, lr: 0.0007343315373843313
2026-09-13 21:43:41 - train: epoch 105, iter:20, loss: 0.5432, lr: 0.0007343315373843313
2026-09-13 21:44:01 - val epoch: 105, loss: 0.8031
2026-09-13 21:44:01 - train gamma: g2=0.100 g3=0.104 g4=0.089 g5=0.089
2026-09-13 21:44:03 - train: epoch 106, iter:0, loss: 0.4067, lr: 0.0007297252973710753
2026-09-13 21:44:08 - train: epoch 106, iter:20, loss: 0.5400, lr: 0.0007297252973710753
2026-09-13 21:44:29 - val epoch: 106, loss: 0.7997
2026-09-13 21:44:29 - train gamma: g2=0.100 g3=0.104 g4=0.089 g5=0.089
2026-09-13 21:44:31 - train: epoch 107, iter:0, loss: 0.5658, lr: 0.0007250944136965387
2026-09-13 21:44:36 - train: epoch 107, iter:20, loss: 0.5302, lr: 0.0007250944136965387
2026-09-13 21:44:57 - val epoch: 107, loss: 0.8476
2026-09-13 21:44:57 - train gamma: g2=0.100 g3=0.104 g4=0.089 g5=0.089
2026-09-13 21:44:59 - train: epoch 108, iter:0, loss: 0.5024, lr: 0.0007204393941893019
2026-09-13 21:45:04 - train: epoch 108, iter:20, loss: 0.5223, lr: 0.0007204393941893019
2026-09-13 21:45:24 - val epoch: 108, loss: 0.8268
2026-09-13 21:45:24 - train gamma: g2=0.100 g3=0.105 g4=0.089 g5=0.089
2026-09-13 21:45:26 - train: epoch 109, iter:0, loss: 0.6069, lr: 0.0007157607493247106
2026-09-13 21:45:32 - train: epoch 109, iter:20, loss: 0.5432, lr: 0.0007157607493247106
2026-09-13 21:45:52 - val epoch: 109, loss: 0.8232
2026-09-13 21:45:52 - train gamma: g2=0.100 g3=0.104 g4=0.089 g5=0.089
2026-09-13 21:45:54 - train: epoch 110, iter:0, loss: 0.5359, lr: 0.0007110589921688983
2026-09-13 21:45:59 - train: epoch 110, iter:20, loss: 0.5622, lr: 0.0007110589921688983
2026-09-13 21:46:22 - val epoch: 110, loss: 0.7921, miou: 0.7979962950730136, f1_or_dsc: 0.8876506556323114, accuracy: 0.9445143784626876,                 specificity: 0.9586814650753028, sensitivity: 0.9004801626366578, confusion_matrix: [[38408132  1655365]
 [ 1282770 11606821]]
2026-09-13 21:46:22 - train gamma: g2=0.100 g3=0.105 g4=0.089 g5=0.089
2026-09-13 21:46:24 - train: epoch 111, iter:0, loss: 0.4899, lr: 0.0007063346383225208
2026-09-13 21:46:29 - train: epoch 111, iter:20, loss: 0.5344, lr: 0.0007063346383225208
2026-09-13 21:46:50 - val epoch: 111, loss: 0.8191
2026-09-13 21:46:50 - train gamma: g2=0.100 g3=0.104 g4=0.090 g5=0.089
2026-09-13 21:46:52 - train: epoch 112, iter:0, loss: 0.5116, lr: 0.0007015882058642161
2026-09-13 21:46:58 - train: epoch 112, iter:20, loss: 0.5317, lr: 0.0007015882058642161
2026-09-13 21:47:18 - val epoch: 112, loss: 0.8411
2026-09-13 21:47:18 - train gamma: g2=0.100 g3=0.105 g4=0.090 g5=0.089
2026-09-13 21:47:20 - train: epoch 113, iter:0, loss: 0.5057, lr: 0.0006968202152937907
2026-09-13 21:47:26 - train: epoch 113, iter:20, loss: 0.5498, lr: 0.0006968202152937907
2026-09-13 21:47:46 - val epoch: 113, loss: 0.9916
2026-09-13 21:47:46 - train gamma: g2=0.100 g3=0.105 g4=0.090 g5=0.089
2026-09-13 21:47:48 - train: epoch 114, iter:0, loss: 0.7019, lr: 0.000692031189475141
2026-09-13 21:47:54 - train: epoch 114, iter:20, loss: 0.5428, lr: 0.000692031189475141
2026-09-13 21:48:14 - val epoch: 114, loss: 0.8159
2026-09-13 21:48:14 - train gamma: g2=0.100 g3=0.104 g4=0.090 g5=0.089
2026-09-13 21:48:16 - train: epoch 115, iter:0, loss: 0.6334, lr: 0.0006872216535789155
2026-09-13 21:48:21 - train: epoch 115, iter:20, loss: 0.5286, lr: 0.0006872216535789155
2026-09-13 21:48:41 - val epoch: 115, loss: 0.8533
2026-09-13 21:48:41 - train gamma: g2=0.100 g3=0.104 g4=0.090 g5=0.089
2026-09-13 21:48:43 - train: epoch 116, iter:0, loss: 0.6170, lr: 0.0006823921350249233
2026-09-13 21:48:49 - train: epoch 116, iter:20, loss: 0.5309, lr: 0.0006823921350249233
2026-09-13 21:49:09 - val epoch: 116, loss: 0.8418
2026-09-13 21:49:09 - train gamma: g2=0.100 g3=0.105 g4=0.090 g5=0.089
2026-09-13 21:49:11 - train: epoch 117, iter:0, loss: 0.4979, lr: 0.0006775431634242984
2026-09-13 21:49:16 - train: epoch 117, iter:20, loss: 0.5482, lr: 0.0006775431634242984
2026-09-13 21:49:36 - val epoch: 117, loss: 0.8519
2026-09-13 21:49:36 - train gamma: g2=0.100 g3=0.105 g4=0.090 g5=0.089
2026-09-13 21:49:38 - train: epoch 118, iter:0, loss: 0.5550, lr: 0.0006726752705214191
2026-09-13 21:49:44 - train: epoch 118, iter:20, loss: 0.5239, lr: 0.0006726752705214191
2026-09-13 21:50:04 - val epoch: 118, loss: 0.8112
2026-09-13 21:50:04 - train gamma: g2=0.100 g3=0.105 g4=0.090 g5=0.089
2026-09-13 21:50:07 - train: epoch 119, iter:0, loss: 0.4857, lr: 0.0006677889901355985
2026-09-13 21:50:12 - train: epoch 119, iter:20, loss: 0.4995, lr: 0.0006677889901355985
2026-09-13 21:50:32 - val epoch: 119, loss: 0.7926
2026-09-13 21:50:32 - train gamma: g2=0.100 g3=0.105 g4=0.090 g5=0.090
2026-09-13 21:50:35 - train: epoch 120, iter:0, loss: 0.5232, lr: 0.0006628848581025445
2026-09-13 21:50:40 - train: epoch 120, iter:20, loss: 0.5328, lr: 0.0006628848581025445
2026-09-13 21:51:03 - val epoch: 120, loss: 0.8044, miou: 0.7918775133539416, f1_or_dsc: 0.883852280585571, accuracy: 0.9433767110994546,                 specificity: 0.9621300157597326, sensitivity: 0.885087587340824, confusion_matrix: [[38546293  1517204]
 [ 1481174 11408417]]
2026-09-13 21:51:03 - train gamma: g2=0.100 g3=0.105 g4=0.090 g5=0.090
2026-09-13 21:51:05 - train: epoch 121, iter:0, loss: 0.5071, lr: 0.0006579634122155989
2026-09-13 21:51:10 - train: epoch 121, iter:20, loss: 0.5331, lr: 0.0006579634122155989
2026-09-13 21:51:30 - val epoch: 121, loss: 0.7936
2026-09-13 21:51:30 - train gamma: g2=0.100 g3=0.105 g4=0.090 g5=0.089
2026-09-13 21:51:33 - train: epoch 122, iter:0, loss: 0.4934, lr: 0.0006530251921667629
2026-09-13 21:51:39 - train: epoch 122, iter:20, loss: 0.4932, lr: 0.0006530251921667629
2026-09-13 21:51:59 - val epoch: 122, loss: 0.8443
2026-09-13 21:51:59 - train gamma: g2=0.100 g3=0.105 g4=0.090 g5=0.089
2026-09-13 21:52:01 - train: epoch 123, iter:0, loss: 0.5603, lr: 0.0006480707394875134
2026-09-13 21:52:07 - train: epoch 123, iter:20, loss: 0.5183, lr: 0.0006480707394875134
2026-09-13 21:52:27 - val epoch: 123, loss: 0.8404
2026-09-13 21:52:27 - train gamma: g2=0.100 g3=0.105 g4=0.090 g5=0.090
2026-09-13 21:52:29 - train: epoch 124, iter:0, loss: 0.5625, lr: 0.0006431005974894185
2026-09-13 21:52:35 - train: epoch 124, iter:20, loss: 0.5207, lr: 0.0006431005974894185
2026-09-13 21:52:55 - val epoch: 124, loss: 0.8343
2026-09-13 21:52:55 - train gamma: g2=0.100 g3=0.105 g4=0.090 g5=0.090
2026-09-13 21:52:57 - train: epoch 125, iter:0, loss: 0.4787, lr: 0.0006381153112045565
2026-09-13 21:53:02 - train: epoch 125, iter:20, loss: 0.4978, lr: 0.0006381153112045565
2026-09-13 21:53:23 - val epoch: 125, loss: 0.8141
2026-09-13 21:53:23 - train gamma: g2=0.100 g3=0.105 g4=0.090 g5=0.090
2026-09-13 21:53:25 - train: epoch 126, iter:0, loss: 0.4497, lr: 0.0006331154273257479
2026-09-13 21:53:31 - train: epoch 126, iter:20, loss: 0.5017, lr: 0.0006331154273257479
2026-09-13 21:53:52 - val epoch: 126, loss: 0.8816
2026-09-13 21:53:52 - train gamma: g2=0.100 g3=0.105 g4=0.090 g5=0.090
2026-09-13 21:53:54 - train: epoch 127, iter:0, loss: 0.5859, lr: 0.000628101494146603
2026-09-13 21:53:59 - train: epoch 127, iter:20, loss: 0.5152, lr: 0.000628101494146603
2026-09-13 21:54:20 - val epoch: 127, loss: 0.8140
2026-09-13 21:54:20 - train gamma: g2=0.100 g3=0.105 g4=0.090 g5=0.090
2026-09-13 21:54:22 - train: epoch 128, iter:0, loss: 0.4986, lr: 0.0006230740615013976
2026-09-13 21:54:28 - train: epoch 128, iter:20, loss: 0.5087, lr: 0.0006230740615013976
2026-09-13 21:54:48 - val epoch: 128, loss: 0.8080
2026-09-13 21:54:48 - train gamma: g2=0.100 g3=0.105 g4=0.090 g5=0.090
2026-09-13 21:54:50 - train: epoch 129, iter:0, loss: 0.4482, lr: 0.0006180336807047746
2026-09-13 21:54:56 - train: epoch 129, iter:20, loss: 0.5035, lr: 0.0006180336807047746
2026-09-13 21:55:16 - val epoch: 129, loss: 0.8304
2026-09-13 21:55:16 - train gamma: g2=0.100 g3=0.105 g4=0.090 g5=0.090
2026-09-13 21:55:18 - train: epoch 130, iter:0, loss: 0.4327, lr: 0.0006129809044912887
2026-09-13 21:55:23 - train: epoch 130, iter:20, loss: 0.5182, lr: 0.0006129809044912887
2026-09-13 21:55:46 - val epoch: 130, loss: 0.8237, miou: 0.7914898481468344, f1_or_dsc: 0.8836107544405825, accuracy: 0.9440602406416789,                 specificity: 0.9671314263954542, sensitivity: 0.8723502553339357, confusion_matrix: [[38746667  1316830]
 [ 1645353 11244238]]
2026-09-13 21:55:46 - train gamma: g2=0.100 g3=0.105 g4=0.090 g5=0.090
2026-09-13 21:55:48 - train: epoch 131, iter:0, loss: 0.5082, lr: 0.0006079162869547909
2026-09-13 21:55:53 - train: epoch 131, iter:20, loss: 0.4862, lr: 0.0006079162869547909
2026-09-13 21:56:14 - val epoch: 131, loss: 0.8355
2026-09-13 21:56:14 - train gamma: g2=0.100 g3=0.105 g4=0.090 g5=0.090
2026-09-13 21:56:16 - train: epoch 132, iter:0, loss: 0.4791, lr: 0.0006028403834876673
2026-09-13 21:56:21 - train: epoch 132, iter:20, loss: 0.4930, lr: 0.0006028403834876673
2026-09-13 21:56:42 - val epoch: 132, loss: 0.8174
2026-09-13 21:56:42 - train gamma: g2=0.100 g3=0.105 g4=0.090 g5=0.090
2026-09-13 21:56:44 - train: epoch 133, iter:0, loss: 0.5844, lr: 0.0005977537507199337
2026-09-13 21:56:50 - train: epoch 133, iter:20, loss: 0.4874, lr: 0.0005977537507199337
2026-09-13 21:57:10 - val epoch: 133, loss: 0.8524
2026-09-13 21:57:10 - train gamma: g2=0.100 g3=0.106 g4=0.090 g5=0.090
2026-09-13 21:57:12 - train: epoch 134, iter:0, loss: 0.4365, lr: 0.0005926569464581937
2026-09-13 21:57:18 - train: epoch 134, iter:20, loss: 0.5065, lr: 0.0005926569464581937
2026-09-13 21:57:38 - val epoch: 134, loss: 0.8334
2026-09-13 21:57:38 - train gamma: g2=0.100 g3=0.106 g4=0.090 g5=0.090
2026-09-13 21:57:41 - train: epoch 135, iter:0, loss: 0.5798, lr: 0.0005875505296244705
2026-09-13 21:57:46 - train: epoch 135, iter:20, loss: 0.4970, lr: 0.0005875505296244705
2026-09-13 21:58:07 - val epoch: 135, loss: 0.8419
2026-09-13 21:58:07 - train gamma: g2=0.100 g3=0.106 g4=0.090 g5=0.090
2026-09-13 21:58:09 - train: epoch 136, iter:0, loss: 0.4404, lr: 0.0005824350601949142
2026-09-13 21:58:15 - train: epoch 136, iter:20, loss: 0.4973, lr: 0.0005824350601949142
2026-09-13 21:58:35 - val epoch: 136, loss: 0.8543
2026-09-13 21:58:35 - train gamma: g2=0.100 g3=0.106 g4=0.090 g5=0.091
2026-09-13 21:58:37 - train: epoch 137, iter:0, loss: 0.5281, lr: 0.0005773110991383937
2026-09-13 21:58:43 - train: epoch 137, iter:20, loss: 0.4841, lr: 0.0005773110991383937
2026-09-13 21:59:04 - val epoch: 137, loss: 0.8250
2026-09-13 21:59:04 - train gamma: g2=0.100 g3=0.106 g4=0.090 g5=0.091
2026-09-13 21:59:06 - train: epoch 138, iter:0, loss: 0.4884, lr: 0.0005721792083549806
2026-09-13 21:59:11 - train: epoch 138, iter:20, loss: 0.5005, lr: 0.0005721792083549806
2026-09-13 21:59:31 - val epoch: 138, loss: 0.8126
2026-09-13 21:59:31 - train gamma: g2=0.100 g3=0.106 g4=0.090 g5=0.091
2026-09-13 21:59:33 - train: epoch 139, iter:0, loss: 0.5081, lr: 0.0005670399506143306
2026-09-13 21:59:39 - train: epoch 139, iter:20, loss: 0.4831, lr: 0.0005670399506143306
2026-09-13 21:59:59 - val epoch: 139, loss: 0.8985
2026-09-13 21:59:59 - train gamma: g2=0.100 g3=0.106 g4=0.090 g5=0.091
2026-09-13 22:00:01 - train: epoch 140, iter:0, loss: 0.5363, lr: 0.000561893889493969
2026-09-13 22:00:07 - train: epoch 140, iter:20, loss: 0.5074, lr: 0.000561893889493969
2026-09-13 22:00:30 - val epoch: 140, loss: 0.8146, miou: 0.7886066190717859, f1_or_dsc: 0.881811137969556, accuracy: 0.9418378584455736,                 specificity: 0.9580724817905936, sensitivity: 0.8913773136789213, confusion_matrix: [[38383734  1679763]
 [ 1400102 11489489]]
2026-09-13 22:00:30 - train gamma: g2=0.100 g3=0.106 g4=0.090 g5=0.091
2026-09-13 22:00:32 - train: epoch 141, iter:0, loss: 0.5300, lr: 0.0005567415893174885
2026-09-13 22:00:37 - train: epoch 141, iter:20, loss: 0.4788, lr: 0.0005567415893174885
2026-09-13 22:00:58 - val epoch: 141, loss: 0.8170
2026-09-13 22:00:58 - train gamma: g2=0.100 g3=0.106 g4=0.090 g5=0.091
2026-09-13 22:01:00 - train: epoch 142, iter:0, loss: 0.4077, lr: 0.0005515836150926646
2026-09-13 22:01:05 - train: epoch 142, iter:20, loss: 0.4900, lr: 0.0005515836150926646
2026-09-13 22:01:25 - val epoch: 142, loss: 0.8088
2026-09-13 22:01:25 - train gamma: g2=0.100 g3=0.106 g4=0.091 g5=0.091
2026-09-13 22:01:28 - train: epoch 143, iter:0, loss: 0.3811, lr: 0.0005464205324494961
2026-09-13 22:01:33 - train: epoch 143, iter:20, loss: 0.4792, lr: 0.0005464205324494961
2026-09-13 22:01:53 - val epoch: 143, loss: 0.8484
2026-09-13 22:01:53 - train gamma: g2=0.100 g3=0.106 g4=0.090 g5=0.091
2026-09-13 22:01:55 - train: epoch 144, iter:0, loss: 0.5897, lr: 0.0005412529075781776
2026-09-13 22:02:01 - train: epoch 144, iter:20, loss: 0.5028, lr: 0.0005412529075781776
2026-09-13 22:02:21 - val epoch: 144, loss: 0.8706
2026-09-13 22:02:21 - train gamma: g2=0.100 g3=0.106 g4=0.091 g5=0.091
2026-09-13 22:02:24 - train: epoch 145, iter:0, loss: 0.5178, lr: 0.0005360813071670101
2026-09-13 22:02:29 - train: epoch 145, iter:20, loss: 0.4706, lr: 0.0005360813071670101
2026-09-13 22:02:49 - val epoch: 145, loss: 0.8044
2026-09-13 22:02:49 - train gamma: g2=0.100 g3=0.106 g4=0.091 g5=0.091
2026-09-13 22:02:51 - train: epoch 146, iter:0, loss: 0.4372, lr: 0.0005309062983402573
2026-09-13 22:02:57 - train: epoch 146, iter:20, loss: 0.5032, lr: 0.0005309062983402573
2026-09-13 22:03:17 - val epoch: 146, loss: 0.8279
2026-09-13 22:03:17 - train gamma: g2=0.101 g3=0.106 g4=0.090 g5=0.091
2026-09-13 22:03:19 - train: epoch 147, iter:0, loss: 0.4726, lr: 0.0005257284485959538
2026-09-13 22:03:25 - train: epoch 147, iter:20, loss: 0.4942, lr: 0.0005257284485959538
2026-09-13 22:03:44 - val epoch: 147, loss: 0.8142
2026-09-13 22:03:44 - train gamma: g2=0.101 g3=0.106 g4=0.090 g5=0.091
2026-09-13 22:03:47 - train: epoch 148, iter:0, loss: 0.4811, lr: 0.0005205483257436734
2026-09-13 22:03:52 - train: epoch 148, iter:20, loss: 0.4967, lr: 0.0005205483257436734
2026-09-13 22:04:12 - val epoch: 148, loss: 0.7994
2026-09-13 22:04:12 - train gamma: g2=0.100 g3=0.106 g4=0.090 g5=0.091
2026-09-13 22:04:14 - train: epoch 149, iter:0, loss: 0.4281, lr: 0.0005153664978422616
2026-09-13 22:04:20 - train: epoch 149, iter:20, loss: 0.4588, lr: 0.0005153664978422616
2026-09-13 22:04:41 - val epoch: 149, loss: 0.8335
2026-09-13 22:04:41 - train gamma: g2=0.100 g3=0.106 g4=0.091 g5=0.091
2026-09-13 22:04:43 - train: epoch 150, iter:0, loss: 0.4181, lr: 0.0005101835331375416
2026-09-13 22:04:48 - train: epoch 150, iter:20, loss: 0.4651, lr: 0.0005101835331375416
2026-09-13 22:05:11 - val epoch: 150, loss: 0.8428, miou: 0.784946099114579, f1_or_dsc: 0.8795179860097185, accuracy: 0.9424925511426264,                 specificity: 0.9682861932896172, sensitivity: 0.8623206120349358, confusion_matrix: [[38792931  1270566]
 [ 1774631 11114960]]
2026-09-13 22:05:11 - train gamma: g2=0.100 g3=0.106 g4=0.091 g5=0.092
2026-09-13 22:05:13 - train: epoch 151, iter:0, loss: 0.5143, lr: 0.0005049999999999999
2026-09-13 22:05:19 - train: epoch 151, iter:20, loss: 0.4774, lr: 0.0005049999999999999
2026-09-13 22:05:39 - val epoch: 151, loss: 0.8219
2026-09-13 22:05:39 - train gamma: g2=0.101 g3=0.107 g4=0.091 g5=0.092
2026-09-13 22:05:41 - train: epoch 152, iter:0, loss: 0.4789, lr: 0.0004998164668624582
2026-09-13 22:05:46 - train: epoch 152, iter:20, loss: 0.4731, lr: 0.0004998164668624582
2026-09-13 22:06:06 - val epoch: 152, loss: 0.8107
2026-09-13 22:06:06 - train gamma: g2=0.100 g3=0.107 g4=0.091 g5=0.092
2026-09-13 22:06:09 - train: epoch 153, iter:0, loss: 0.5248, lr: 0.0004946335021577383
2026-09-13 22:06:14 - train: epoch 153, iter:20, loss: 0.4851, lr: 0.0004946335021577383
2026-09-13 22:06:34 - val epoch: 153, loss: 0.8051
2026-09-13 22:06:34 - train gamma: g2=0.100 g3=0.107 g4=0.091 g5=0.092
2026-09-13 22:06:36 - train: epoch 154, iter:0, loss: 0.4687, lr: 0.0004894516742563263
2026-09-13 22:06:42 - train: epoch 154, iter:20, loss: 0.4785, lr: 0.0004894516742563263
2026-09-13 22:07:02 - val epoch: 154, loss: 0.8294
2026-09-13 22:07:02 - train gamma: g2=0.100 g3=0.106 g4=0.091 g5=0.092
2026-09-13 22:07:05 - train: epoch 155, iter:0, loss: 0.5923, lr: 0.000484271551404046
2026-09-13 22:07:10 - train: epoch 155, iter:20, loss: 0.4874, lr: 0.000484271551404046
2026-09-13 22:07:31 - val epoch: 155, loss: 0.8609
2026-09-13 22:07:31 - train gamma: g2=0.100 g3=0.107 g4=0.091 g5=0.092
2026-09-13 22:07:33 - train: epoch 156, iter:0, loss: 0.4690, lr: 0.0004790937016597426
2026-09-13 22:07:38 - train: epoch 156, iter:20, loss: 0.4745, lr: 0.0004790937016597426
2026-09-13 22:07:58 - val epoch: 156, loss: 0.8350
2026-09-13 22:07:58 - train gamma: g2=0.100 g3=0.107 g4=0.091 g5=0.092
2026-09-13 22:08:00 - train: epoch 157, iter:0, loss: 0.4562, lr: 0.0004739186928329898
2026-09-13 22:08:05 - train: epoch 157, iter:20, loss: 0.4704, lr: 0.0004739186928329898
2026-09-13 22:08:26 - val epoch: 157, loss: 0.8232
2026-09-13 22:08:26 - train gamma: g2=0.101 g3=0.107 g4=0.091 g5=0.092
2026-09-13 22:08:28 - train: epoch 158, iter:0, loss: 0.4422, lr: 0.0004687470924218222
2026-09-13 22:08:33 - train: epoch 158, iter:20, loss: 0.4755, lr: 0.0004687470924218222
2026-09-13 22:08:53 - val epoch: 158, loss: 0.8360
2026-09-13 22:08:53 - train gamma: g2=0.101 g3=0.107 g4=0.091 g5=0.093
2026-09-13 22:08:56 - train: epoch 159, iter:0, loss: 0.4475, lr: 0.00046357946755050356
2026-09-13 22:09:01 - train: epoch 159, iter:20, loss: 0.4504, lr: 0.00046357946755050356
2026-09-13 22:09:21 - val epoch: 159, loss: 0.8422
2026-09-13 22:09:21 - train gamma: g2=0.101 g3=0.107 g4=0.091 g5=0.093
2026-09-13 22:09:24 - train: epoch 160, iter:0, loss: 0.3982, lr: 0.00045841638490733513
2026-09-13 22:09:29 - train: epoch 160, iter:20, loss: 0.4744, lr: 0.00045841638490733513
2026-09-13 22:09:53 - val epoch: 160, loss: 0.8151, miou: 0.7930692145125071, f1_or_dsc: 0.8845940893900449, accuracy: 0.9437747993091545,                 specificity: 0.9626018168109489, sensitivity: 0.8852565608947561, confusion_matrix: [[38565195  1498302]
 [ 1478996 11410595]]
2026-09-13 22:09:53 - train gamma: g2=0.101 g3=0.107 g4=0.091 g5=0.093
2026-09-13 22:09:55 - train: epoch 161, iter:0, loss: 0.4821, lr: 0.00045325841068251133
2026-09-13 22:10:00 - train: epoch 161, iter:20, loss: 0.4661, lr: 0.00045325841068251133
2026-09-13 22:10:20 - val epoch: 161, loss: 0.8421
2026-09-13 22:10:20 - train gamma: g2=0.101 g3=0.107 g4=0.091 g5=0.093
2026-09-13 22:10:22 - train: epoch 162, iter:0, loss: 0.3943, lr: 0.0004481061105060308
2026-09-13 22:10:28 - train: epoch 162, iter:20, loss: 0.4792, lr: 0.0004481061105060308
2026-09-13 22:10:47 - val epoch: 162, loss: 0.8158
2026-09-13 22:10:47 - train gamma: g2=0.101 g3=0.107 g4=0.091 g5=0.093
2026-09-13 22:10:50 - train: epoch 163, iter:0, loss: 0.5664, lr: 0.0004429600493856691
2026-09-13 22:10:55 - train: epoch 163, iter:20, loss: 0.4702, lr: 0.0004429600493856691
2026-09-13 22:11:15 - val epoch: 163, loss: 0.8745
2026-09-13 22:11:15 - train gamma: g2=0.101 g3=0.107 g4=0.091 g5=0.093
2026-09-13 22:11:17 - train: epoch 164, iter:0, loss: 0.5191, lr: 0.000437820791645019
2026-09-13 22:11:23 - train: epoch 164, iter:20, loss: 0.4708, lr: 0.000437820791645019
2026-09-13 22:11:43 - val epoch: 164, loss: 0.8449
2026-09-13 22:11:43 - train gamma: g2=0.101 g3=0.107 g4=0.091 g5=0.093
2026-09-13 22:11:45 - train: epoch 165, iter:0, loss: 0.4525, lr: 0.00043268890086160604
2026-09-13 22:11:51 - train: epoch 165, iter:20, loss: 0.4573, lr: 0.00043268890086160604
2026-09-13 22:12:12 - val epoch: 165, loss: 0.8409
2026-09-13 22:12:12 - train gamma: g2=0.101 g3=0.107 g4=0.091 g5=0.093
2026-09-13 22:12:14 - train: epoch 166, iter:0, loss: 0.5452, lr: 0.0004275649398050855
2026-09-13 22:12:19 - train: epoch 166, iter:20, loss: 0.4732, lr: 0.0004275649398050855
2026-09-13 22:12:40 - val epoch: 166, loss: 1.0050
2026-09-13 22:12:40 - train gamma: g2=0.101 g3=0.107 g4=0.092 g5=0.093
2026-09-13 22:12:42 - train: epoch 167, iter:0, loss: 0.5258, lr: 0.0004224494703755289
2026-09-13 22:12:47 - train: epoch 167, iter:20, loss: 0.4566, lr: 0.0004224494703755289
2026-09-13 22:13:08 - val epoch: 167, loss: 0.8340
2026-09-13 22:13:08 - train gamma: g2=0.101 g3=0.107 g4=0.092 g5=0.093
2026-09-13 22:13:10 - train: epoch 168, iter:0, loss: 0.4971, lr: 0.00041734305354180595
2026-09-13 22:13:15 - train: epoch 168, iter:20, loss: 0.4552, lr: 0.00041734305354180595
2026-09-13 22:13:36 - val epoch: 168, loss: 0.8308
2026-09-13 22:13:36 - train gamma: g2=0.101 g3=0.107 g4=0.092 g5=0.094
2026-09-13 22:13:38 - train: epoch 169, iter:0, loss: 0.3873, lr: 0.000412246249280066
2026-09-13 22:13:44 - train: epoch 169, iter:20, loss: 0.4399, lr: 0.000412246249280066
2026-09-13 22:14:04 - val epoch: 169, loss: 0.8276
2026-09-13 22:14:04 - train gamma: g2=0.101 g3=0.107 g4=0.092 g5=0.094
2026-09-13 22:14:07 - train: epoch 170, iter:0, loss: 0.4506, lr: 0.0004071596165123322
2026-09-13 22:14:12 - train: epoch 170, iter:20, loss: 0.4573, lr: 0.0004071596165123322
2026-09-13 22:14:34 - val epoch: 170, loss: 0.8437, miou: 0.7872414653809228, f1_or_dsc: 0.8809570286163145, accuracy: 0.9425661634690691,                 specificity: 0.9649303454463798, sensitivity: 0.873053691152807, confusion_matrix: [[38658484  1405013]
 [ 1636286 11253305]]
2026-09-13 22:14:34 - train gamma: g2=0.101 g3=0.107 g4=0.092 g5=0.094
2026-09-13 22:14:36 - train: epoch 171, iter:0, loss: 0.4787, lr: 0.0004020837130452088
2026-09-13 22:14:42 - train: epoch 171, iter:20, loss: 0.4479, lr: 0.0004020837130452088
2026-09-13 22:15:02 - val epoch: 171, loss: 0.8345
2026-09-13 22:15:02 - train gamma: g2=0.101 g3=0.107 g4=0.092 g5=0.094
2026-09-13 22:15:04 - train: epoch 172, iter:0, loss: 0.4316, lr: 0.00039701909550871116
2026-09-13 22:15:10 - train: epoch 172, iter:20, loss: 0.4527, lr: 0.00039701909550871116
2026-09-13 22:15:30 - val epoch: 172, loss: 0.8480
2026-09-13 22:15:30 - train gamma: g2=0.101 g3=0.107 g4=0.092 g5=0.094
2026-09-13 22:15:32 - train: epoch 173, iter:0, loss: 0.4941, lr: 0.0003919663192952252
2026-09-13 22:15:38 - train: epoch 173, iter:20, loss: 0.4433, lr: 0.0003919663192952252
2026-09-13 22:15:58 - val epoch: 173, loss: 0.8035
2026-09-13 22:15:58 - train gamma: g2=0.101 g3=0.107 g4=0.092 g5=0.094
2026-09-13 22:16:00 - train: epoch 174, iter:0, loss: 0.5536, lr: 0.0003869259384986023
2026-09-13 22:16:05 - train: epoch 174, iter:20, loss: 0.4402, lr: 0.0003869259384986023
2026-09-13 22:16:26 - val epoch: 174, loss: 0.8181
2026-09-13 22:16:26 - train gamma: g2=0.101 g3=0.107 g4=0.092 g5=0.095
2026-09-13 22:16:28 - train: epoch 175, iter:0, loss: 0.5687, lr: 0.0003818985058533967
2026-09-13 22:16:33 - train: epoch 175, iter:20, loss: 0.4383, lr: 0.0003818985058533967
2026-09-13 22:16:54 - val epoch: 175, loss: 0.8264
2026-09-13 22:16:54 - train gamma: g2=0.101 g3=0.107 g4=0.092 g5=0.095
2026-09-13 22:16:56 - train: epoch 176, iter:0, loss: 0.4676, lr: 0.00037688457267425206
2026-09-13 22:17:02 - train: epoch 176, iter:20, loss: 0.4428, lr: 0.00037688457267425206
2026-09-13 22:17:22 - val epoch: 176, loss: 0.8591
2026-09-13 22:17:22 - train gamma: g2=0.101 g3=0.107 g4=0.092 g5=0.095
2026-09-13 22:17:23 - train: epoch 177, iter:0, loss: 0.4831, lr: 0.0003718846887954434
2026-09-13 22:17:29 - train: epoch 177, iter:20, loss: 0.4448, lr: 0.0003718846887954434
2026-09-13 22:17:49 - val epoch: 177, loss: 0.8433
2026-09-13 22:17:49 - train gamma: g2=0.101 g3=0.107 g4=0.092 g5=0.095
2026-09-13 22:17:51 - train: epoch 178, iter:0, loss: 0.4757, lr: 0.0003668994025105812
2026-09-13 22:17:57 - train: epoch 178, iter:20, loss: 0.4389, lr: 0.0003668994025105812
2026-09-13 22:18:17 - val epoch: 178, loss: 0.8424
2026-09-13 22:18:17 - train gamma: g2=0.101 g3=0.107 g4=0.092 g5=0.095
2026-09-13 22:18:19 - train: epoch 179, iter:0, loss: 0.4100, lr: 0.0003619292605124862
2026-09-13 22:18:25 - train: epoch 179, iter:20, loss: 0.4552, lr: 0.0003619292605124862
2026-09-13 22:18:45 - val epoch: 179, loss: 0.9076
2026-09-13 22:18:45 - train gamma: g2=0.101 g3=0.107 g4=0.092 g5=0.095
2026-09-13 22:18:47 - train: epoch 180, iter:0, loss: 0.4319, lr: 0.00035697480783323686
2026-09-13 22:18:52 - train: epoch 180, iter:20, loss: 0.4360, lr: 0.00035697480783323686
2026-09-13 22:19:15 - val epoch: 180, loss: 0.8336, miou: 0.7930872839710728, f1_or_dsc: 0.8846053296576357, accuracy: 0.9440842807883083,                 specificity: 0.9645473783778785, sensitivity: 0.8804807693277467, confusion_matrix: [[38643141  1420356]
 [ 1540554 11349037]]
2026-09-13 22:19:15 - train gamma: g2=0.101 g3=0.107 g4=0.092 g5=0.095
2026-09-13 22:19:17 - train: epoch 181, iter:0, loss: 0.3927, lr: 0.00035203658778440076
2026-09-13 22:19:22 - train: epoch 181, iter:20, loss: 0.4395, lr: 0.00035203658778440076
2026-09-13 22:19:43 - val epoch: 181, loss: 0.8709
2026-09-13 22:19:43 - train gamma: g2=0.101 g3=0.107 g4=0.092 g5=0.096
2026-09-13 22:19:45 - train: epoch 182, iter:0, loss: 0.4796, lr: 0.00034711514189745505
2026-09-13 22:19:51 - train: epoch 182, iter:20, loss: 0.4428, lr: 0.00034711514189745505
2026-09-13 22:20:11 - val epoch: 182, loss: 0.8396
2026-09-13 22:20:11 - train gamma: g2=0.101 g3=0.107 g4=0.092 g5=0.096
2026-09-13 22:20:13 - train: epoch 183, iter:0, loss: 0.4806, lr: 0.00034221100986440094
2026-09-13 22:20:18 - train: epoch 183, iter:20, loss: 0.4361, lr: 0.00034221100986440094
2026-09-13 22:20:39 - val epoch: 183, loss: 0.8298
2026-09-13 22:20:39 - train gamma: g2=0.101 g3=0.107 g4=0.092 g5=0.096
2026-09-13 22:20:41 - train: epoch 184, iter:0, loss: 0.4058, lr: 0.0003373247294785804
2026-09-13 22:20:46 - train: epoch 184, iter:20, loss: 0.4354, lr: 0.0003373247294785804
2026-09-13 22:21:06 - val epoch: 184, loss: 0.8219
2026-09-13 22:21:06 - train gamma: g2=0.101 g3=0.107 g4=0.092 g5=0.096
2026-09-13 22:21:08 - train: epoch 185, iter:0, loss: 0.4456, lr: 0.0003324568365757012
2026-09-13 22:21:14 - train: epoch 185, iter:20, loss: 0.4439, lr: 0.0003324568365757012
2026-09-13 22:21:35 - val epoch: 185, loss: 0.8407
2026-09-13 22:21:35 - train gamma: g2=0.101 g3=0.107 g4=0.092 g5=0.096
2026-09-13 22:21:36 - train: epoch 186, iter:0, loss: 0.3674, lr: 0.0003276078649750761
2026-09-13 22:21:42 - train: epoch 186, iter:20, loss: 0.4341, lr: 0.0003276078649750761
2026-09-13 22:22:02 - val epoch: 186, loss: 0.8369
2026-09-13 22:22:02 - train gamma: g2=0.101 g3=0.107 g4=0.092 g5=0.096
2026-09-13 22:22:04 - train: epoch 187, iter:0, loss: 0.4276, lr: 0.00032277834642108417
2026-09-13 22:22:10 - train: epoch 187, iter:20, loss: 0.4512, lr: 0.00032277834642108417
2026-09-13 22:22:30 - val epoch: 187, loss: 0.8461
2026-09-13 22:22:30 - train gamma: g2=0.101 g3=0.107 g4=0.092 g5=0.096
2026-09-13 22:22:32 - train: epoch 188, iter:0, loss: 0.4074, lr: 0.00031796881052485835
2026-09-13 22:22:37 - train: epoch 188, iter:20, loss: 0.4406, lr: 0.00031796881052485835
2026-09-13 22:22:58 - val epoch: 188, loss: 0.8450
2026-09-13 22:22:58 - train gamma: g2=0.101 g3=0.108 g4=0.092 g5=0.096
2026-09-13 22:23:00 - train: epoch 189, iter:0, loss: 0.4437, lr: 0.00031317978470620867
2026-09-13 22:23:05 - train: epoch 189, iter:20, loss: 0.4370, lr: 0.00031317978470620867
2026-09-13 22:23:26 - val epoch: 189, loss: 0.8982
2026-09-13 22:23:26 - train gamma: g2=0.101 g3=0.107 g4=0.092 g5=0.096
2026-09-13 22:23:28 - train: epoch 190, iter:0, loss: 0.5194, lr: 0.00030841179413578315
2026-09-13 22:23:33 - train: epoch 190, iter:20, loss: 0.4431, lr: 0.00030841179413578315
2026-09-13 22:23:56 - val epoch: 190, loss: 0.8328, miou: 0.7907551791097284, f1_or_dsc: 0.8831527484430912, accuracy: 0.9441527753773302,                 specificity: 0.9689609471684412, sensitivity: 0.8670438806010214, confusion_matrix: [[38819964  1243533]
 [ 1713750 11175841]]
2026-09-13 22:23:56 - train gamma: g2=0.101 g3=0.108 g4=0.092 g5=0.096
2026-09-13 22:23:57 - train: epoch 191, iter:0, loss: 0.3907, lr: 0.0003036653616774785
2026-09-13 22:24:03 - train: epoch 191, iter:20, loss: 0.4330, lr: 0.0003036653616774785
2026-09-13 22:24:23 - val epoch: 191, loss: 0.8452
2026-09-13 22:24:23 - train gamma: g2=0.101 g3=0.108 g4=0.092 g5=0.097
2026-09-13 22:24:26 - train: epoch 192, iter:0, loss: 0.4684, lr: 0.0002989410078311011
2026-09-13 22:24:31 - train: epoch 192, iter:20, loss: 0.4383, lr: 0.0002989410078311011
2026-09-13 22:24:52 - val epoch: 192, loss: 0.8282
2026-09-13 22:24:52 - train gamma: g2=0.101 g3=0.108 g4=0.093 g5=0.096
2026-09-13 22:24:54 - train: epoch 193, iter:0, loss: 0.5209, lr: 0.00029423925067528865
2026-09-13 22:24:59 - train: epoch 193, iter:20, loss: 0.4446, lr: 0.00029423925067528865
2026-09-13 22:25:19 - val epoch: 193, loss: 0.8430
2026-09-13 22:25:19 - train gamma: g2=0.101 g3=0.108 g4=0.092 g5=0.097
2026-09-13 22:25:21 - train: epoch 194, iter:0, loss: 0.4342, lr: 0.0002895606058106975
2026-09-13 22:25:27 - train: epoch 194, iter:20, loss: 0.4332, lr: 0.0002895606058106975
2026-09-13 22:25:47 - val epoch: 194, loss: 0.8639
2026-09-13 22:25:47 - train gamma: g2=0.101 g3=0.108 g4=0.092 g5=0.097
2026-09-13 22:25:49 - train: epoch 195, iter:0, loss: 0.3850, lr: 0.0002849055863034606
2026-09-13 22:25:54 - train: epoch 195, iter:20, loss: 0.4261, lr: 0.0002849055863034606
2026-09-13 22:26:15 - val epoch: 195, loss: 0.8442
2026-09-13 22:26:15 - train gamma: g2=0.101 g3=0.108 g4=0.092 g5=0.097
2026-09-13 22:26:17 - train: epoch 196, iter:0, loss: 0.4590, lr: 0.00028027470262892396
2026-09-13 22:26:22 - train: epoch 196, iter:20, loss: 0.4174, lr: 0.00028027470262892396
2026-09-13 22:26:43 - val epoch: 196, loss: 0.8395
2026-09-13 22:26:43 - train gamma: g2=0.101 g3=0.108 g4=0.093 g5=0.097
2026-09-13 22:26:45 - train: epoch 197, iter:0, loss: 0.3970, lr: 0.0002756684626156682
2026-09-13 22:26:50 - train: epoch 197, iter:20, loss: 0.4384, lr: 0.0002756684626156682
2026-09-13 22:27:10 - val epoch: 197, loss: 0.8412
2026-09-13 22:27:10 - train gamma: g2=0.101 g3=0.108 g4=0.092 g5=0.097
2026-09-13 22:27:12 - train: epoch 198, iter:0, loss: 0.5430, lr: 0.000271087371389818
2026-09-13 22:27:18 - train: epoch 198, iter:20, loss: 0.4477, lr: 0.000271087371389818
2026-09-13 22:27:38 - val epoch: 198, loss: 0.8249
2026-09-13 22:27:38 - train gamma: g2=0.101 g3=0.108 g4=0.093 g5=0.097
2026-09-13 22:27:40 - train: epoch 199, iter:0, loss: 0.4065, lr: 0.0002665319313196505
2026-09-13 22:27:45 - train: epoch 199, iter:20, loss: 0.4359, lr: 0.0002665319313196505
2026-09-13 22:28:05 - val epoch: 199, loss: 0.8781
2026-09-13 22:28:05 - train gamma: g2=0.101 g3=0.108 g4=0.093 g5=0.097
2026-09-13 22:28:07 - train: epoch 200, iter:0, loss: 0.3824, lr: 0.00026200264196050494
2026-09-13 22:28:13 - train: epoch 200, iter:20, loss: 0.4329, lr: 0.00026200264196050494
2026-09-13 22:28:36 - val epoch: 200, loss: 0.8527, miou: 0.7900527776109711, f1_or_dsc: 0.8827145070721171, accuracy: 0.9435493167084043,                 specificity: 0.9663420794245694, sensitivity: 0.8727047274036857, confusion_matrix: [[38715043  1348454]
 [ 1640784 11248807]]
2026-09-13 22:28:36 - train gamma: g2=0.102 g3=0.108 g4=0.093 g5=0.098
2026-09-13 22:28:39 - train: epoch 201, iter:0, loss: 0.4605, lr: 0.00025749999999999954
2026-09-13 22:28:45 - train: epoch 201, iter:20, loss: 0.4292, lr: 0.00025749999999999954
2026-09-13 22:29:05 - val epoch: 201, loss: 0.8459
2026-09-13 22:29:05 - train gamma: g2=0.102 g3=0.108 g4=0.093 g5=0.098
2026-09-13 22:29:07 - train: epoch 202, iter:0, loss: 0.4557, lr: 0.0002530244992035658
2026-09-13 22:29:13 - train: epoch 202, iter:20, loss: 0.4270, lr: 0.0002530244992035658
2026-09-13 22:29:33 - val epoch: 202, loss: 0.8757
2026-09-13 22:29:33 - train gamma: g2=0.101 g3=0.108 g4=0.093 g5=0.098
2026-09-13 22:29:35 - train: epoch 203, iter:0, loss: 0.4071, lr: 0.0002485766303603003
2026-09-13 22:29:40 - train: epoch 203, iter:20, loss: 0.4248, lr: 0.0002485766303603003
2026-09-13 22:30:00 - val epoch: 203, loss: 0.9088
2026-09-13 22:30:00 - train gamma: g2=0.101 g3=0.108 g4=0.093 g5=0.098
2026-09-13 22:30:02 - train: epoch 204, iter:0, loss: 0.3897, lr: 0.0002441568812291443
2026-09-13 22:30:07 - train: epoch 204, iter:20, loss: 0.4277, lr: 0.0002441568812291443
2026-09-13 22:30:27 - val epoch: 204, loss: 0.8482
2026-09-13 22:30:27 - train gamma: g2=0.102 g3=0.108 g4=0.093 g5=0.098
2026-09-13 22:30:29 - train: epoch 205, iter:0, loss: 0.4118, lr: 0.00023976573648539645
2026-09-13 22:30:35 - train: epoch 205, iter:20, loss: 0.4030, lr: 0.00023976573648539645
2026-09-13 22:30:55 - val epoch: 205, loss: 0.8606
2026-09-13 22:30:55 - train gamma: g2=0.102 g3=0.108 g4=0.093 g5=0.098
2026-09-13 22:30:57 - train: epoch 206, iter:0, loss: 0.4632, lr: 0.00023540367766756144
2026-09-13 22:31:02 - train: epoch 206, iter:20, loss: 0.4107, lr: 0.00023540367766756144
2026-09-13 22:31:22 - val epoch: 206, loss: 0.8674
2026-09-13 22:31:22 - train gamma: g2=0.102 g3=0.109 g4=0.093 g5=0.098
2026-09-13 22:31:24 - train: epoch 207, iter:0, loss: 0.3723, lr: 0.0002310711831245444
2026-09-13 22:31:30 - train: epoch 207, iter:20, loss: 0.4284, lr: 0.0002310711831245444
2026-09-13 22:31:50 - val epoch: 207, loss: 0.8313
2026-09-13 22:31:50 - train gamma: g2=0.102 g3=0.109 g4=0.093 g5=0.098
2026-09-13 22:31:52 - train: epoch 208, iter:0, loss: 0.4211, lr: 0.00022676872796319514
2026-09-13 22:31:58 - train: epoch 208, iter:20, loss: 0.4233, lr: 0.00022676872796319514
2026-09-13 22:32:18 - val epoch: 208, loss: 0.8294
2026-09-13 22:32:18 - train gamma: g2=0.102 g3=0.109 g4=0.093 g5=0.099
2026-09-13 22:32:20 - train: epoch 209, iter:0, loss: 0.3728, lr: 0.00022249678399620604
2026-09-13 22:32:25 - train: epoch 209, iter:20, loss: 0.4294, lr: 0.00022249678399620604
2026-09-13 22:32:45 - val epoch: 209, loss: 0.8449
2026-09-13 22:32:45 - train gamma: g2=0.102 g3=0.109 g4=0.093 g5=0.099
2026-09-13 22:32:48 - train: epoch 210, iter:0, loss: 0.3927, lr: 0.0002182558196903736
2026-09-13 22:32:53 - train: epoch 210, iter:20, loss: 0.4163, lr: 0.0002182558196903736
2026-09-13 22:33:16 - val epoch: 210, loss: 0.8398, miou: 0.7908640645019525, f1_or_dsc: 0.8832206532905058, accuracy: 0.943796705491472,                 specificity: 0.9665269359786541, sensitivity: 0.8731464792017063, confusion_matrix: [[38722449  1341048]
 [ 1635090 11254501]]
2026-09-13 22:33:16 - train gamma: g2=0.102 g3=0.109 g4=0.093 g5=0.099
2026-09-13 22:33:18 - train: epoch 211, iter:0, loss: 0.5003, lr: 0.00021404630011522552
2026-09-13 22:33:23 - train: epoch 211, iter:20, loss: 0.4202, lr: 0.00021404630011522552
2026-09-13 22:33:43 - val epoch: 211, loss: 0.8306
2026-09-13 22:33:43 - train gamma: g2=0.102 g3=0.109 g4=0.093 g5=0.099
2026-09-13 22:33:45 - train: epoch 212, iter:0, loss: 0.4296, lr: 0.0002098686868920198
2026-09-13 22:33:51 - train: epoch 212, iter:20, loss: 0.4237, lr: 0.0002098686868920198
2026-09-13 22:34:11 - val epoch: 212, loss: 0.8553
2026-09-13 22:34:11 - train gamma: g2=0.102 g3=0.109 g4=0.093 g5=0.099
2026-09-13 22:34:13 - train: epoch 213, iter:0, loss: 0.4025, lr: 0.00020572343814312415
2026-09-13 22:34:18 - train: epoch 213, iter:20, loss: 0.4210, lr: 0.00020572343814312415
2026-09-13 22:34:38 - val epoch: 213, loss: 0.8822
2026-09-13 22:34:38 - train gamma: g2=0.102 g3=0.109 g4=0.093 g5=0.099
2026-09-13 22:34:40 - train: epoch 214, iter:0, loss: 0.4543, lr: 0.00020161100844177644
2026-09-13 22:34:45 - train: epoch 214, iter:20, loss: 0.4290, lr: 0.00020161100844177644
2026-09-13 22:35:05 - val epoch: 214, loss: 0.8642
2026-09-13 22:35:05 - train gamma: g2=0.102 g3=0.109 g4=0.093 g5=0.099
2026-09-13 22:35:08 - train: epoch 215, iter:0, loss: 0.4110, lr: 0.0001975318487622361
2026-09-13 22:35:13 - train: epoch 215, iter:20, loss: 0.4197, lr: 0.0001975318487622361
2026-09-13 22:35:34 - val epoch: 215, loss: 0.8586
2026-09-13 22:35:34 - train gamma: g2=0.102 g3=0.109 g4=0.093 g5=0.099
2026-09-13 22:35:36 - train: epoch 216, iter:0, loss: 0.3488, lr: 0.00019348640643033024
2026-09-13 22:35:42 - train: epoch 216, iter:20, loss: 0.4269, lr: 0.00019348640643033024
2026-09-13 22:36:02 - val epoch: 216, loss: 0.8838
2026-09-13 22:36:02 - train gamma: g2=0.102 g3=0.109 g4=0.093 g5=0.099
2026-09-13 22:36:04 - train: epoch 217, iter:0, loss: 0.3993, lr: 0.00018947512507439828
2026-09-13 22:36:10 - train: epoch 217, iter:20, loss: 0.4175, lr: 0.00018947512507439828
2026-09-13 22:36:30 - val epoch: 217, loss: 0.8433
2026-09-13 22:36:30 - train gamma: g2=0.102 g3=0.109 g4=0.093 g5=0.099
2026-09-13 22:36:32 - train: epoch 218, iter:0, loss: 0.3571, lr: 0.00018549844457664425
2026-09-13 22:36:37 - train: epoch 218, iter:20, loss: 0.4049, lr: 0.00018549844457664425
2026-09-13 22:36:57 - val epoch: 218, loss: 0.8696
2026-09-13 22:36:57 - train gamma: g2=0.102 g3=0.109 g4=0.093 g5=0.099
2026-09-13 22:36:59 - train: epoch 219, iter:0, loss: 0.4313, lr: 0.00018155680102489765
2026-09-13 22:37:05 - train: epoch 219, iter:20, loss: 0.4033, lr: 0.00018155680102489765
2026-09-13 22:37:26 - val epoch: 219, loss: 0.8632
2026-09-13 22:37:26 - train gamma: g2=0.102 g3=0.109 g4=0.093 g5=0.099
2026-09-13 22:37:29 - train: epoch 220, iter:0, loss: 0.4084, lr: 0.00017765062666479195
2026-09-13 22:37:34 - train: epoch 220, iter:20, loss: 0.4126, lr: 0.00017765062666479195
2026-09-13 22:38:00 - val epoch: 220, loss: 0.8727, miou: 0.7851727658202998, f1_or_dsc: 0.8796602556946439, accuracy: 0.9413919920968538,                 specificity: 0.9611420590668858, sensitivity: 0.8800047262942633, confusion_matrix: [[38506712  1556785]
 [ 1546690 11342901]]
2026-09-13 22:38:00 - train gamma: g2=0.102 g3=0.109 g4=0.093 g5=0.100
2026-09-13 22:38:02 - train: epoch 221, iter:0, loss: 0.4022, lr: 0.00017378034985236489
2026-09-13 22:38:08 - train: epoch 221, iter:20, loss: 0.4218, lr: 0.00017378034985236489
2026-09-13 22:38:31 - val epoch: 221, loss: 0.9142
2026-09-13 22:38:31 - train gamma: g2=0.102 g3=0.109 g4=0.093 g5=0.100
2026-09-13 22:38:33 - train: epoch 222, iter:0, loss: 0.4440, lr: 0.0001699463950070827
2026-09-13 22:38:38 - train: epoch 222, iter:20, loss: 0.4080, lr: 0.0001699463950070827
2026-09-13 22:39:02 - val epoch: 222, loss: 0.8629
2026-09-13 22:39:02 - train gamma: g2=0.102 g3=0.109 g4=0.093 g5=0.100
2026-09-13 22:39:05 - train: epoch 223, iter:0, loss: 0.4132, lr: 0.0001661491825652988
2026-09-13 22:39:10 - train: epoch 223, iter:20, loss: 0.4008, lr: 0.0001661491825652988
2026-09-13 22:39:31 - val epoch: 223, loss: 0.8786
2026-09-13 22:39:31 - train gamma: g2=0.102 g3=0.109 g4=0.093 g5=0.100
2026-09-13 22:39:33 - train: epoch 224, iter:0, loss: 0.3641, lr: 0.0001623891289341484
2026-09-13 22:39:38 - train: epoch 224, iter:20, loss: 0.4067, lr: 0.0001623891289341484
2026-09-13 22:40:04 - val epoch: 224, loss: 0.8877
2026-09-13 22:40:04 - train gamma: g2=0.102 g3=0.109 g4=0.093 g5=0.100
2026-09-13 22:40:06 - train: epoch 225, iter:0, loss: 0.4182, lr: 0.0001586666464458838
2026-09-13 22:40:11 - train: epoch 225, iter:20, loss: 0.4190, lr: 0.0001586666464458838
2026-09-13 22:40:34 - val epoch: 225, loss: 0.8785
2026-09-13 22:40:34 - train gamma: g2=0.102 g3=0.109 g4=0.094 g5=0.100
2026-09-13 22:40:36 - train: epoch 226, iter:0, loss: 0.3550, lr: 0.00015498214331265874
2026-09-13 22:40:41 - train: epoch 226, iter:20, loss: 0.4070, lr: 0.00015498214331265874
2026-09-13 22:41:10 - val epoch: 226, loss: 0.8910
2026-09-13 22:41:10 - train gamma: g2=0.102 g3=0.109 g4=0.093 g5=0.100
2026-09-13 22:41:12 - train: epoch 227, iter:0, loss: 0.3624, lr: 0.00015133602358176218
2026-09-13 22:41:17 - train: epoch 227, iter:20, loss: 0.4099, lr: 0.00015133602358176218
2026-09-13 22:41:59 - val epoch: 227, loss: 0.8563
2026-09-13 22:41:59 - train gamma: g2=0.102 g3=0.109 g4=0.094 g5=0.100
2026-09-13 22:42:02 - train: epoch 228, iter:0, loss: 0.3709, lr: 0.00014772868709131046
2026-09-13 22:42:07 - train: epoch 228, iter:20, loss: 0.3988, lr: 0.00014772868709131046
2026-09-13 22:42:53 - val epoch: 228, loss: 0.8636
2026-09-13 22:42:53 - train gamma: g2=0.102 g3=0.109 g4=0.094 g5=0.100
2026-09-13 22:42:54 - train: epoch 229, iter:0, loss: 0.3817, lr: 0.00014416052942640113
2026-09-13 22:43:00 - train: epoch 229, iter:20, loss: 0.4176, lr: 0.00014416052942640113
2026-09-13 22:43:25 - val epoch: 229, loss: 0.8858
2026-09-13 22:43:25 - train gamma: g2=0.102 g3=0.109 g4=0.094 g5=0.100
2026-09-13 22:43:27 - train: epoch 230, iter:0, loss: 0.4639, lr: 0.0001406319418757314
2026-09-13 22:43:33 - train: epoch 230, iter:20, loss: 0.3987, lr: 0.0001406319418757314
2026-09-13 22:43:59 - val epoch: 230, loss: 0.8828, miou: 0.7843990579785116, f1_or_dsc: 0.8791744811467589, accuracy: 0.941953696826897,                 specificity: 0.9658795636336988, sensitivity: 0.8675871872117586, confusion_matrix: [[38696513  1366984]
 [ 1706747 11182844]]
2026-09-13 22:43:59 - train gamma: g2=0.102 g3=0.109 g4=0.094 g5=0.101
2026-09-13 22:44:01 - train: epoch 231, iter:0, loss: 0.3655, lr: 0.00013714331138868954
2026-09-13 22:44:06 - train: epoch 231, iter:20, loss: 0.3975, lr: 0.00013714331138868954
2026-09-13 22:44:32 - val epoch: 231, loss: 0.9016
2026-09-13 22:44:32 - train gamma: g2=0.102 g3=0.109 g4=0.094 g5=0.101
2026-09-13 22:44:34 - train: epoch 232, iter:0, loss: 0.3423, lr: 0.00013369502053292226
2026-09-13 22:44:40 - train: epoch 232, iter:20, loss: 0.4040, lr: 0.00013369502053292226
2026-09-13 22:45:00 - val epoch: 232, loss: 0.8966
2026-09-13 22:45:00 - train gamma: g2=0.102 g3=0.109 g4=0.094 g5=0.101
2026-09-13 22:45:02 - train: epoch 233, iter:0, loss: 0.3821, lr: 0.0001302874474523804
2026-09-13 22:45:08 - train: epoch 233, iter:20, loss: 0.4073, lr: 0.0001302874474523804
2026-09-13 22:45:28 - val epoch: 233, loss: 0.8542
2026-09-13 22:45:28 - train gamma: g2=0.102 g3=0.109 g4=0.094 g5=0.101
2026-09-13 22:45:30 - train: epoch 234, iter:0, loss: 0.4196, lr: 0.00012692096582585187
2026-09-13 22:45:35 - train: epoch 234, iter:20, loss: 0.4298, lr: 0.00012692096582585187
2026-09-13 22:45:55 - val epoch: 234, loss: 0.8759
2026-09-13 22:45:55 - train gamma: g2=0.102 g3=0.109 g4=0.094 g5=0.101
2026-09-13 22:45:57 - train: epoch 235, iter:0, loss: 0.4288, lr: 0.00012359594482598416
2026-09-13 22:46:03 - train: epoch 235, iter:20, loss: 0.4003, lr: 0.00012359594482598416
2026-09-13 22:46:23 - val epoch: 235, loss: 0.8703
2026-09-13 22:46:23 - train gamma: g2=0.102 g3=0.109 g4=0.094 g5=0.101
2026-09-13 22:46:25 - train: epoch 236, iter:0, loss: 0.4460, lr: 0.00012031274907879919
2026-09-13 22:46:30 - train: epoch 236, iter:20, loss: 0.4046, lr: 0.00012031274907879919
2026-09-13 22:46:51 - val epoch: 236, loss: 0.8639
2026-09-13 22:46:51 - train gamma: g2=0.102 g3=0.109 g4=0.094 g5=0.101
2026-09-13 22:46:52 - train: epoch 237, iter:0, loss: 0.3561, lr: 0.00011707173862370913
2026-09-13 22:46:58 - train: epoch 237, iter:20, loss: 0.3890, lr: 0.00011707173862370913
2026-09-13 22:47:18 - val epoch: 237, loss: 0.8665
2026-09-13 22:47:18 - train gamma: g2=0.102 g3=0.109 g4=0.094 g5=0.101
2026-09-13 22:47:20 - train: epoch 238, iter:0, loss: 0.3831, lr: 0.00011387326887403316
2026-09-13 22:47:26 - train: epoch 238, iter:20, loss: 0.3994, lr: 0.00011387326887403316
2026-09-13 22:47:46 - val epoch: 238, loss: 0.8732
2026-09-13 22:47:46 - train gamma: g2=0.102 g3=0.109 g4=0.094 g5=0.101
2026-09-13 22:47:50 - train: epoch 239, iter:0, loss: 0.3670, lr: 0.00011071769057802265
2026-09-13 22:47:55 - train: epoch 239, iter:20, loss: 0.3971, lr: 0.00011071769057802265
2026-09-13 22:48:16 - val epoch: 239, loss: 0.8635
2026-09-13 22:48:16 - train gamma: g2=0.102 g3=0.109 g4=0.094 g5=0.101
2026-09-13 22:48:18 - train: epoch 240, iter:0, loss: 0.4051, lr: 0.0001076053497803982
2026-09-13 22:48:24 - train: epoch 240, iter:20, loss: 0.3965, lr: 0.0001076053497803982
2026-09-13 22:48:47 - val epoch: 240, loss: 0.8582, miou: 0.7891280574963705, f1_or_dsc: 0.8821370322710635, accuracy: 0.9430859631831103,                 specificity: 0.9649962658027581, sensitivity: 0.8749842411601734, confusion_matrix: [[38661125  1402372]
 [ 1611402 11278189]]
2026-09-13 22:48:47 - train gamma: g2=0.102 g3=0.109 g4=0.094 g5=0.101
2026-09-13 22:48:49 - train: epoch 241, iter:0, loss: 0.3960, lr: 0.00010453658778440088
2026-09-13 22:48:54 - train: epoch 241, iter:20, loss: 0.3985, lr: 0.00010453658778440088
2026-09-13 22:49:15 - val epoch: 241, loss: 0.8632
2026-09-13 22:49:15 - train gamma: g2=0.102 g3=0.109 g4=0.094 g5=0.101
2026-09-13 22:49:17 - train: epoch 242, iter:0, loss: 0.3583, lr: 0.00010151174111436543
2026-09-13 22:49:22 - train: epoch 242, iter:20, loss: 0.4009, lr: 0.00010151174111436543
2026-09-13 22:49:43 - val epoch: 242, loss: 0.8614
2026-09-13 22:49:43 - train gamma: g2=0.102 g3=0.109 g4=0.094 g5=0.101
2026-09-13 22:49:45 - train: epoch 243, iter:0, loss: 0.3655, lr: 9.853114147881633e-05
2026-09-13 22:49:51 - train: epoch 243, iter:20, loss: 0.3893, lr: 9.853114147881633e-05
2026-09-13 22:50:11 - val epoch: 243, loss: 0.8657
2026-09-13 22:50:11 - train gamma: g2=0.102 g3=0.109 g4=0.094 g5=0.101
2026-09-13 22:50:13 - train: epoch 244, iter:0, loss: 0.3972, lr: 9.559511573409167e-05
2026-09-13 22:50:18 - train: epoch 244, iter:20, loss: 0.3841, lr: 9.559511573409167e-05
2026-09-13 22:50:39 - val epoch: 244, loss: 0.8768
2026-09-13 22:50:39 - train gamma: g2=0.102 g3=0.109 g4=0.094 g5=0.101
2026-09-13 22:50:41 - train: epoch 245, iter:0, loss: 0.3898, lr: 9.270398584850061e-05
2026-09-13 22:50:46 - train: epoch 245, iter:20, loss: 0.4044, lr: 9.270398584850061e-05
2026-09-13 22:51:06 - val epoch: 245, loss: 0.8527
2026-09-13 22:51:06 - train gamma: g2=0.102 g3=0.109 g4=0.094 g5=0.101
2026-09-13 22:51:09 - train: epoch 246, iter:0, loss: 0.4359, lr: 8.985806886701499e-05
2026-09-13 22:51:14 - train: epoch 246, iter:20, loss: 0.4015, lr: 8.985806886701499e-05
2026-09-13 22:51:34 - val epoch: 246, loss: 0.8855
2026-09-13 22:51:34 - train gamma: g2=0.102 g3=0.109 g4=0.094 g5=0.102
2026-09-13 22:51:36 - train: epoch 247, iter:0, loss: 0.5053, lr: 8.705767687650239e-05
2026-09-13 22:51:42 - train: epoch 247, iter:20, loss: 0.3993, lr: 8.705767687650239e-05
2026-09-13 22:52:02 - val epoch: 247, loss: 0.8774
2026-09-13 22:52:02 - train gamma: g2=0.102 g3=0.109 g4=0.094 g5=0.102
2026-09-13 22:52:04 - train: epoch 248, iter:0, loss: 0.4176, lr: 8.430311697150229e-05
2026-09-13 22:52:09 - train: epoch 248, iter:20, loss: 0.4077, lr: 8.430311697150229e-05
2026-09-13 22:52:29 - val epoch: 248, loss: 0.8758
2026-09-13 22:52:29 - train gamma: g2=0.102 g3=0.109 g4=0.094 g5=0.102
2026-09-13 22:52:31 - train: epoch 249, iter:0, loss: 0.3529, lr: 8.159469122054909e-05
2026-09-13 22:52:37 - train: epoch 249, iter:20, loss: 0.4035, lr: 8.159469122054909e-05
2026-09-13 22:52:57 - val epoch: 249, loss: 0.8738
2026-09-13 22:52:57 - train gamma: g2=0.102 g3=0.109 g4=0.094 g5=0.102
2026-09-13 22:52:59 - train: epoch 250, iter:0, loss: 0.4608, lr: 7.893269663304782e-05
2026-09-13 22:53:05 - train: epoch 250, iter:20, loss: 0.4037, lr: 7.893269663304782e-05
2026-09-13 22:53:28 - val epoch: 250, loss: 0.8735, miou: 0.7855059244892342, f1_or_dsc: 0.8798693005893417, accuracy: 0.9422936958841758,                 specificity: 0.9661383528252664, sensitivity: 0.8681796032162696, confusion_matrix: [[38706881  1356616]
 [ 1699111 11190480]]
2026-09-13 22:53:28 - train gamma: g2=0.102 g3=0.110 g4=0.094 g5=0.102
2026-09-13 22:53:30 - train: epoch 251, iter:0, loss: 0.4237, lr: 7.631742512670282e-05
2026-09-13 22:53:35 - train: epoch 251, iter:20, loss: 0.3962, lr: 7.631742512670282e-05
2026-09-13 22:53:56 - val epoch: 251, loss: 0.8894
2026-09-13 22:53:56 - train gamma: g2=0.102 g3=0.110 g4=0.094 g5=0.102
2026-09-13 22:53:57 - train: epoch 252, iter:0, loss: 0.4023, lr: 7.374916349550603e-05
2026-09-13 22:54:03 - train: epoch 252, iter:20, loss: 0.4012, lr: 7.374916349550603e-05
2026-09-13 22:54:24 - val epoch: 252, loss: 0.8675
2026-09-13 22:54:24 - train gamma: g2=0.102 g3=0.110 g4=0.094 g5=0.102
2026-09-13 22:54:26 - train: epoch 253, iter:0, loss: 0.4397, lr: 7.122819337828741e-05
2026-09-13 22:54:31 - train: epoch 253, iter:20, loss: 0.3966, lr: 7.122819337828741e-05
2026-09-13 22:54:52 - val epoch: 253, loss: 0.8769
2026-09-13 22:54:52 - train gamma: g2=0.102 g3=0.110 g4=0.094 g5=0.102
2026-09-13 22:54:54 - train: epoch 254, iter:0, loss: 0.4028, lr: 6.875479122782878e-05
2026-09-13 22:55:00 - train: epoch 254, iter:20, loss: 0.4004, lr: 6.875479122782878e-05
2026-09-13 22:55:21 - val epoch: 254, loss: 0.8727
2026-09-13 22:55:21 - train gamma: g2=0.102 g3=0.110 g4=0.094 g5=0.102
2026-09-13 22:55:23 - train: epoch 255, iter:0, loss: 0.3882, lr: 6.632922828054862e-05
2026-09-13 22:55:28 - train: epoch 255, iter:20, loss: 0.3989, lr: 6.632922828054862e-05
2026-09-13 22:55:52 - val epoch: 255, loss: 0.8653
2026-09-13 22:55:52 - train gamma: g2=0.102 g3=0.110 g4=0.094 g5=0.102
2026-09-13 22:55:54 - train: epoch 256, iter:0, loss: 0.3900, lr: 6.395177052675786e-05
2026-09-13 22:56:00 - train: epoch 256, iter:20, loss: 0.4022, lr: 6.395177052675786e-05
2026-09-13 22:56:20 - val epoch: 256, loss: 0.8751
2026-09-13 22:56:20 - train gamma: g2=0.102 g3=0.110 g4=0.094 g5=0.102
2026-09-13 22:56:23 - train: epoch 257, iter:0, loss: 0.3612, lr: 6.162267868149065e-05
2026-09-13 22:56:28 - train: epoch 257, iter:20, loss: 0.4014, lr: 6.162267868149065e-05
2026-09-13 22:56:51 - val epoch: 257, loss: 0.8927
2026-09-13 22:56:51 - train gamma: g2=0.102 g3=0.110 g4=0.094 g5=0.102
2026-09-13 22:56:53 - train: epoch 258, iter:0, loss: 0.3897, lr: 5.934220815591413e-05
2026-09-13 22:56:58 - train: epoch 258, iter:20, loss: 0.4108, lr: 5.934220815591413e-05
2026-09-13 22:57:26 - val epoch: 258, loss: 0.8661
2026-09-13 22:57:26 - train gamma: g2=0.102 g3=0.110 g4=0.094 g5=0.102
2026-09-13 22:57:28 - train: epoch 259, iter:0, loss: 0.3955, lr: 5.711060902932035e-05
2026-09-13 22:57:34 - train: epoch 259, iter:20, loss: 0.3847, lr: 5.711060902932035e-05
2026-09-13 22:58:07 - val epoch: 259, loss: 0.8760
2026-09-13 22:58:07 - train gamma: g2=0.102 g3=0.110 g4=0.094 g5=0.102
2026-09-13 22:58:10 - train: epoch 260, iter:0, loss: 0.3829, lr: 5.492812602170101e-05
2026-09-13 22:58:16 - train: epoch 260, iter:20, loss: 0.4001, lr: 5.492812602170101e-05
2026-09-13 22:59:59 - val epoch: 260, loss: 0.8724, miou: 0.7845810829436397, f1_or_dsc: 0.8792888039017931, accuracy: 0.941500182199006,                 specificity: 0.9627962831102836, sensitivity: 0.8753075252736879, confusion_matrix: [[38572986  1490511]
 [ 1607235 11282356]]
2026-09-13 22:59:59 - train gamma: g2=0.102 g3=0.110 g4=0.094 g5=0.102
2026-09-13 23:00:01 - train: epoch 261, iter:0, loss: 0.4440, lr: 5.279499846691256e-05
2026-09-13 23:00:06 - train: epoch 261, iter:20, loss: 0.3910, lr: 5.279499846691256e-05
2026-09-13 23:00:33 - val epoch: 261, loss: 0.8787
2026-09-13 23:00:33 - train gamma: g2=0.102 g3=0.110 g4=0.094 g5=0.102
2026-09-13 23:00:35 - train: epoch 262, iter:0, loss: 0.4272, lr: 5.071146028642938e-05
2026-09-13 23:00:41 - train: epoch 262, iter:20, loss: 0.3911, lr: 5.071146028642938e-05
2026-09-13 23:01:03 - val epoch: 262, loss: 0.8946
2026-09-13 23:01:03 - train gamma: g2=0.102 g3=0.110 g4=0.094 g5=0.102
2026-09-13 23:01:06 - train: epoch 263, iter:0, loss: 0.4053, lr: 4.867773996369213e-05
2026-09-13 23:01:11 - train: epoch 263, iter:20, loss: 0.3978, lr: 4.867773996369213e-05
2026-09-13 23:01:38 - val epoch: 263, loss: 0.8798
2026-09-13 23:01:38 - train gamma: g2=0.102 g3=0.110 g4=0.094 g5=0.102
2026-09-13 23:01:40 - train: epoch 264, iter:0, loss: 0.3845, lr: 4.669406051905255e-05
2026-09-13 23:01:45 - train: epoch 264, iter:20, loss: 0.3929, lr: 4.669406051905255e-05
2026-09-13 23:02:17 - val epoch: 264, loss: 0.8750
2026-09-13 23:02:17 - train gamma: g2=0.102 g3=0.110 g4=0.094 g5=0.102
2026-09-13 23:02:19 - train: epoch 265, iter:0, loss: 0.3538, lr: 4.476063948531553e-05
2026-09-13 23:02:24 - train: epoch 265, iter:20, loss: 0.3869, lr: 4.476063948531553e-05
2026-09-13 23:03:06 - val epoch: 265, loss: 0.8705
2026-09-13 23:03:06 - train gamma: g2=0.102 g3=0.110 g4=0.094 g5=0.102
2026-09-13 23:03:08 - train: epoch 266, iter:0, loss: 0.3942, lr: 4.2877688883885086e-05
2026-09-13 23:03:14 - train: epoch 266, iter:20, loss: 0.3923, lr: 4.2877688883885086e-05
2026-09-13 23:03:34 - val epoch: 266, loss: 0.8719
2026-09-13 23:03:34 - train gamma: g2=0.102 g3=0.110 g4=0.094 g5=0.102
2026-09-13 23:03:36 - train: epoch 267, iter:0, loss: 0.4079, lr: 4.1045415201513684e-05
2026-09-13 23:03:42 - train: epoch 267, iter:20, loss: 0.3977, lr: 4.1045415201513684e-05
2026-09-13 23:04:08 - val epoch: 267, loss: 0.8855
2026-09-13 23:04:08 - train gamma: g2=0.102 g3=0.110 g4=0.094 g5=0.102
2026-09-13 23:04:10 - train: epoch 268, iter:0, loss: 0.4466, lr: 3.926401936765836e-05
2026-09-13 23:04:15 - train: epoch 268, iter:20, loss: 0.3955, lr: 3.926401936765836e-05
2026-09-13 23:04:36 - val epoch: 268, loss: 0.8685
2026-09-13 23:04:36 - train gamma: g2=0.102 g3=0.110 g4=0.094 g5=0.102
2026-09-13 23:04:39 - train: epoch 269, iter:0, loss: 0.3996, lr: 3.753369673244687e-05
2026-09-13 23:04:44 - train: epoch 269, iter:20, loss: 0.3976, lr: 3.753369673244687e-05
2026-09-13 23:05:06 - val epoch: 269, loss: 0.8849
2026-09-13 23:05:06 - train gamma: g2=0.102 g3=0.110 g4=0.094 g5=0.102
2026-09-13 23:05:08 - train: epoch 270, iter:0, loss: 0.4128, lr: 3.5854637045255115e-05
2026-09-13 23:05:13 - train: epoch 270, iter:20, loss: 0.3916, lr: 3.5854637045255115e-05
2026-09-13 23:06:00 - val epoch: 270, loss: 0.8849, miou: 0.7852484148312768, f1_or_dsc: 0.8797077295324084, accuracy: 0.9419548676745726,                 specificity: 0.9644793613498093, sensitivity: 0.8719441136650495, confusion_matrix: [[38640416  1423081]
 [ 1650588 11239003]]
2026-09-13 23:06:00 - train gamma: g2=0.102 g3=0.110 g4=0.094 g5=0.102
2026-09-13 23:06:02 - train: epoch 271, iter:0, loss: 0.3994, lr: 3.422702443389897e-05
2026-09-13 23:06:07 - train: epoch 271, iter:20, loss: 0.3912, lr: 3.422702443389897e-05
2026-09-13 23:06:34 - val epoch: 271, loss: 0.8766
2026-09-13 23:06:34 - train gamma: g2=0.102 g3=0.110 g4=0.094 g5=0.103
2026-09-13 23:06:36 - train: epoch 272, iter:0, loss: 0.3807, lr: 3.265103738444294e-05
2026-09-13 23:06:42 - train: epoch 272, iter:20, loss: 0.3919, lr: 3.265103738444294e-05
2026-09-13 23:07:06 - val epoch: 272, loss: 0.8792
2026-09-13 23:07:06 - train gamma: g2=0.102 g3=0.110 g4=0.094 g5=0.103
2026-09-13 23:07:08 - train: epoch 273, iter:0, loss: 0.4271, lr: 3.112684872162669e-05
2026-09-13 23:07:14 - train: epoch 273, iter:20, loss: 0.4037, lr: 3.112684872162669e-05
2026-09-13 23:07:35 - val epoch: 273, loss: 0.8867
2026-09-13 23:07:35 - train gamma: g2=0.102 g3=0.110 g4=0.094 g5=0.103
2026-09-13 23:07:37 - train: epoch 274, iter:0, loss: 0.3459, lr: 2.9654625589913163e-05
2026-09-13 23:07:42 - train: epoch 274, iter:20, loss: 0.3907, lr: 2.9654625589913163e-05
2026-09-13 23:08:08 - val epoch: 274, loss: 0.8809
2026-09-13 23:08:08 - train gamma: g2=0.102 g3=0.110 g4=0.094 g5=0.103
2026-09-13 23:08:10 - train: epoch 275, iter:0, loss: 0.4086, lr: 2.823452943515922e-05
2026-09-13 23:08:16 - train: epoch 275, iter:20, loss: 0.3859, lr: 2.823452943515922e-05
2026-09-13 23:08:40 - val epoch: 275, loss: 0.8848
2026-09-13 23:08:40 - train gamma: g2=0.102 g3=0.110 g4=0.094 g5=0.103
2026-09-13 23:08:42 - train: epoch 276, iter:0, loss: 0.3955, lr: 2.6866715986911168e-05
2026-09-13 23:08:47 - train: epoch 276, iter:20, loss: 0.3969, lr: 2.6866715986911168e-05
2026-09-13 23:09:08 - val epoch: 276, loss: 0.8818
2026-09-13 23:09:08 - train gamma: g2=0.102 g3=0.110 g4=0.094 g5=0.103
2026-09-13 23:09:10 - train: epoch 277, iter:0, loss: 0.4039, lr: 2.5551335241327604e-05
2026-09-13 23:09:16 - train: epoch 277, iter:20, loss: 0.3905, lr: 2.5551335241327604e-05
2026-09-13 23:09:48 - val epoch: 277, loss: 0.8890
2026-09-13 23:09:48 - train gamma: g2=0.102 g3=0.110 g4=0.094 g5=0.103
2026-09-13 23:09:50 - train: epoch 278, iter:0, loss: 0.3925, lr: 2.4288531444730185e-05
2026-09-13 23:09:55 - train: epoch 278, iter:20, loss: 0.3812, lr: 2.4288531444730185e-05
2026-09-13 23:10:16 - val epoch: 278, loss: 0.8931
2026-09-13 23:10:16 - train gamma: g2=0.102 g3=0.110 g4=0.094 g5=0.103
2026-09-13 23:10:18 - train: epoch 279, iter:0, loss: 0.3418, lr: 2.3078443077785645e-05
2026-09-13 23:10:24 - train: epoch 279, iter:20, loss: 0.3884, lr: 2.3078443077785645e-05
2026-09-13 23:11:00 - val epoch: 279, loss: 0.8909
2026-09-13 23:11:00 - train gamma: g2=0.102 g3=0.110 g4=0.094 g5=0.103
2026-09-13 23:11:02 - train: epoch 280, iter:0, loss: 0.3465, lr: 2.1921202840320064e-05
2026-09-13 23:11:07 - train: epoch 280, iter:20, loss: 0.3806, lr: 2.1921202840320064e-05
2026-09-13 23:13:25 - val epoch: 280, loss: 0.8979, miou: 0.7828421424427412, f1_or_dsc: 0.878195689686961, accuracy: 0.941238554397432,                 specificity: 0.9640781232851441, sensitivity: 0.8702484818951974, confusion_matrix: [[38624341  1439156]
 [ 1672444 11217147]]
2026-09-13 23:13:25 - train gamma: g2=0.102 g3=0.110 g4=0.094 g5=0.103
2026-09-13 23:13:27 - train: epoch 281, iter:0, loss: 0.4465, lr: 2.081693763676623e-05
2026-09-13 23:13:33 - train: epoch 281, iter:20, loss: 0.3877, lr: 2.081693763676623e-05
2026-09-13 23:13:57 - val epoch: 281, loss: 0.8920
2026-09-13 23:13:57 - train gamma: g2=0.102 g3=0.110 g4=0.094 g5=0.103
2026-09-13 23:13:59 - train: epoch 282, iter:0, loss: 0.3596, lr: 1.9765768562247723e-05
2026-09-13 23:14:04 - train: epoch 282, iter:20, loss: 0.3903, lr: 1.9765768562247723e-05
2026-09-13 23:14:27 - val epoch: 282, loss: 0.8884
2026-09-13 23:14:27 - train gamma: g2=0.102 g3=0.110 g4=0.094 g5=0.103
2026-09-13 23:14:29 - train: epoch 283, iter:0, loss: 0.3675, lr: 1.876781088929913e-05
2026-09-13 23:14:35 - train: epoch 283, iter:20, loss: 0.3861, lr: 1.876781088929913e-05
2026-09-13 23:14:56 - val epoch: 283, loss: 0.8784
2026-09-13 23:14:56 - train gamma: g2=0.102 g3=0.110 g4=0.094 g5=0.103
2026-09-13 23:14:58 - train: epoch 284, iter:0, loss: 0.3450, lr: 1.7823174055225262e-05
2026-09-13 23:15:03 - train: epoch 284, iter:20, loss: 0.3762, lr: 1.7823174055225262e-05
2026-09-13 23:15:30 - val epoch: 284, loss: 0.8832
2026-09-13 23:15:30 - train gamma: g2=0.102 g3=0.110 g4=0.094 g5=0.103
2026-09-13 23:15:32 - train: epoch 285, iter:0, loss: 0.3573, lr: 1.693196165010003e-05
2026-09-13 23:15:37 - train: epoch 285, iter:20, loss: 0.3873, lr: 1.693196165010003e-05
2026-09-13 23:15:57 - val epoch: 285, loss: 0.8717
2026-09-13 23:15:57 - train gamma: g2=0.102 g3=0.110 g4=0.094 g5=0.103
2026-09-13 23:15:59 - train: epoch 286, iter:0, loss: 0.3687, lr: 1.6094271405406855e-05
2026-09-13 23:16:04 - train: epoch 286, iter:20, loss: 0.3884, lr: 1.6094271405406855e-05
2026-09-13 23:16:26 - val epoch: 286, loss: 0.8772
2026-09-13 23:16:26 - train gamma: g2=0.102 g3=0.110 g4=0.094 g5=0.103
2026-09-13 23:16:28 - train: epoch 287, iter:0, loss: 0.4769, lr: 1.5310195183320773e-05
2026-09-13 23:16:34 - train: epoch 287, iter:20, loss: 0.3882, lr: 1.5310195183320773e-05
2026-09-13 23:17:11 - val epoch: 287, loss: 0.8894
2026-09-13 23:17:11 - train gamma: g2=0.102 g3=0.110 g4=0.094 g5=0.103
2026-09-13 23:17:14 - train: epoch 288, iter:0, loss: 0.3924, lr: 1.4579818966635417e-05
2026-09-13 23:17:20 - train: epoch 288, iter:20, loss: 0.3853, lr: 1.4579818966635417e-05
2026-09-13 23:18:04 - val epoch: 288, loss: 0.8831
2026-09-13 23:18:04 - train gamma: g2=0.102 g3=0.110 g4=0.094 g5=0.103
2026-09-13 23:18:06 - train: epoch 289, iter:0, loss: 0.4395, lr: 1.3903222849333505e-05
2026-09-13 23:18:12 - train: epoch 289, iter:20, loss: 0.3813, lr: 1.3903222849333505e-05
2026-09-13 23:18:35 - val epoch: 289, loss: 0.8857
2026-09-13 23:18:35 - train gamma: g2=0.102 g3=0.110 g4=0.094 g5=0.103
2026-09-13 23:18:37 - train: epoch 290, iter:0, loss: 0.3832, lr: 1.3280481027803759e-05
2026-09-13 23:18:42 - train: epoch 290, iter:20, loss: 0.3793, lr: 1.3280481027803759e-05
2026-09-13 23:21:39 - val epoch: 290, loss: 0.8871, miou: 0.7858323739803663, f1_or_dsc: 0.8800740600629361, accuracy: 0.9420251751890277,                 specificity: 0.9639391688648646, sensitivity: 0.8739119806051255, confusion_matrix: [[38618774  1444723]
 [ 1625223 11264368]]
2026-09-13 23:21:39 - train gamma: g2=0.102 g3=0.110 g4=0.094 g5=0.103
2026-09-13 23:21:41 - train: epoch 291, iter:0, loss: 0.4160, lr: 1.271166179270472e-05
2026-09-13 23:21:47 - train: epoch 291, iter:20, loss: 0.3881, lr: 1.271166179270472e-05
2026-09-13 23:22:09 - val epoch: 291, loss: 0.8894
2026-09-13 23:22:09 - train gamma: g2=0.102 g3=0.110 g4=0.094 g5=0.103
2026-09-13 23:22:11 - train: epoch 292, iter:0, loss: 0.3757, lr: 1.21968275214754e-05
2026-09-13 23:22:16 - train: epoch 292, iter:20, loss: 0.3843, lr: 1.21968275214754e-05
2026-09-13 23:22:42 - val epoch: 292, loss: 0.8897
2026-09-13 23:22:42 - train gamma: g2=0.102 g3=0.110 g4=0.094 g5=0.103
2026-09-13 23:22:44 - train: epoch 293, iter:0, loss: 0.3604, lr: 1.1736034671495336e-05
2026-09-13 23:22:50 - train: epoch 293, iter:20, loss: 0.3873, lr: 1.1736034671495336e-05
2026-09-13 23:23:10 - val epoch: 293, loss: 0.8930
2026-09-13 23:23:10 - train gamma: g2=0.102 g3=0.110 g4=0.094 g5=0.103
2026-09-13 23:23:12 - train: epoch 294, iter:0, loss: 0.3307, lr: 1.1329333773893242e-05
2026-09-13 23:23:18 - train: epoch 294, iter:20, loss: 0.3805, lr: 1.1329333773893242e-05
2026-09-13 23:23:42 - val epoch: 294, loss: 0.8952
2026-09-13 23:23:42 - train gamma: g2=0.102 g3=0.110 g4=0.094 g5=0.103
2026-09-13 23:23:44 - train: epoch 295, iter:0, loss: 0.3447, lr: 1.0976769428005577e-05
2026-09-13 23:23:49 - train: epoch 295, iter:20, loss: 0.3825, lr: 1.0976769428005577e-05
2026-09-13 23:24:14 - val epoch: 295, loss: 0.8913
2026-09-13 23:24:14 - train gamma: g2=0.102 g3=0.110 g4=0.094 g5=0.103
2026-09-13 23:24:16 - train: epoch 296, iter:0, loss: 0.4074, lr: 1.0678380296485951e-05
2026-09-13 23:24:22 - train: epoch 296, iter:20, loss: 0.3910, lr: 1.0678380296485951e-05
2026-09-13 23:24:42 - val epoch: 296, loss: 0.8888
2026-09-13 23:24:42 - train gamma: g2=0.102 g3=0.110 g4=0.094 g5=0.103
2026-09-13 23:24:44 - train: epoch 297, iter:0, loss: 0.3377, lr: 1.04341991010651e-05
2026-09-13 23:24:49 - train: epoch 297, iter:20, loss: 0.3825, lr: 1.04341991010651e-05
2026-09-13 23:25:15 - val epoch: 297, loss: 0.8827
2026-09-13 23:25:15 - train gamma: g2=0.102 g3=0.110 g4=0.094 g5=0.103
2026-09-13 23:25:16 - train: epoch 298, iter:0, loss: 0.4059, lr: 1.0244252618962858e-05
2026-09-13 23:25:22 - train: epoch 298, iter:20, loss: 0.3828, lr: 1.0244252618962858e-05
2026-09-13 23:25:45 - val epoch: 298, loss: 0.8919
2026-09-13 23:25:45 - train gamma: g2=0.102 g3=0.110 g4=0.094 g5=0.103
2026-09-13 23:25:47 - train: epoch 299, iter:0, loss: 0.3659, lr: 1.0108561679951479e-05
2026-09-13 23:25:53 - train: epoch 299, iter:20, loss: 0.3785, lr: 1.0108561679951479e-05
2026-09-13 23:26:13 - val epoch: 299, loss: 0.8814
2026-09-13 23:26:13 - train gamma: g2=0.102 g3=0.110 g4=0.094 g5=0.103
2026-09-13 23:26:15 - train: epoch 300, iter:0, loss: 0.3644, lr: 1.002714116407149e-05
2026-09-13 23:26:21 - train: epoch 300, iter:20, loss: 0.3825, lr: 1.002714116407149e-05
2026-09-13 23:30:00 - val epoch: 300, loss: 0.8884, miou: 0.7840548912035685, f1_or_dsc: 0.8789582597143357, accuracy: 0.9411936278390413,                 specificity: 0.9617945732495593, sensitivity: 0.8771616570300795, confusion_matrix: [[38532854  1530643]
 [ 1583336 11306255]]
2026-09-13 23:30:00 - train gamma: g2=0.102 g3=0.110 g4=0.094 g5=0.103
2026-09-13 23:31:37 - evaluation split=V_dev, loss: 0.7848,miou: 0.797160448916328, f1_or_dsc: 0.8871333101026219, accuracy: 0.9448758493555655,                 specificity: 0.9625328762489206, sensitivity: 0.8899941821272684, confusion_matrix: [[38562433  1501064]
 [ 1417930 11471661]]
