image_id,role,seed,model,selected_alpha,dice,iou,bf1,boundary_precision,boundary_recall,pixel_precision,pixel_recall,specificity,hd95,assd,repair_precision,repair_recall,keep_accuracy,wrong_move_rate,moved_fraction,mean_abs_offset,p95_abs_offset,selection_within_2px,mean_selected_gt_boundary_distance_proxy
ISIC_0001769,locked_verification100,17,CNN,,0.9421726559273028,0.8906677079265912,0.8428753180661577,0.8547008547008547,0.8313725490196079,0.9051587301587302,0.9823428079242033,0.99621919195115,2.8284271247461903,1.2322423389964146,,,,,,,,,
ISIC_0001769,locked_verification100,17,global,0.2,0.9421726559273028,0.8906677079265912,0.8428753180661577,0.8547008547008547,0.8313725490196079,0.9051587301587302,0.9823428079242033,0.99621919195115,2.8284271247461903,1.2322423389964146,,0.0,1.0,0.0,0.0,0.0,0.0,0.66796875,1.5822523832321167
ISIC_0001769,locked_verification100,17,local,0.05,0.9547928003348681,0.9134961954345214,0.9633682207421503,0.974025974025974,0.9529411764705882,0.9287459283387622,0.9823428079242033,0.9972316259056538,2.0,0.9277753763538675,0.9705882352941176,0.7647058823529411,0.783625730994152,0.21637426900584794,0.3984375,0.43359375,1.0,0.84765625,1.229148268699646
ISIC_0001769,locked_verification100,17,local8,0.2,0.9421726559273028,0.8906677079265912,0.8428753180661577,0.8547008547008547,0.8313725490196079,0.9051587301587302,0.9823428079242033,0.99621919195115,2.8284271247461903,1.2322423389964146,,0.0,1.0,0.0,0.0,0.0,0.0,0.66796875,1.5822523832321167
ISIC_0001769,locked_verification100,17,local_large,0.05,0.9592950062945866,0.9217741935483871,0.9757319555346797,0.987012987012987,0.9647058823529412,0.9353518821603928,0.9844961240310077,0.9975005536748188,2.0,0.829331411648907,0.9453125,0.8823529411764706,0.6900584795321637,0.30994152046783624,0.5,0.546875,1.0,0.88671875,1.1638109683990479
ISIC_0001769,locked_verification100,17,medium32,0.2,0.9421726559273028,0.8906677079265912,0.8428753180661577,0.8547008547008547,0.8313725490196079,0.9051587301587302,0.9823428079242033,0.99621919195115,2.8284271247461903,1.2322423389964146,,0.0,1.0,0.0,0.0,0.0,0.0,0.66796875,1.5822523832321167
ISIC_0001852,locked_verification100,17,CNN,,0.9569377990430622,0.9174311926605505,0.9914040114613181,1.0,0.9829545454545454,0.9870918754745635,0.9285714285714286,0.9997349382562055,2.0,0.6826011521890272,,,,,,,,,
ISIC_0001852,locked_verification100,17,global,0.2,0.9572901325478645,0.9180790960451978,0.9914040114613181,1.0,0.9829545454545454,0.9878419452887538,0.9285714285714286,0.9997505301234876,2.0,0.6753512616113302,1.0,0.0,0.9921259842519685,0.007874015748031496,0.0078125,0.0078125,0.0,0.9921875,0.555921196937561
ISIC_0001852,locked_verification100,17,local,0.05,0.957360029662588,0.9182076813655761,1.0,1.0,1.0,0.9953739398612182,0.9221428571428572,0.9999064487963079,2.0,0.6637886803613893,0.6605504587155964,1.0,0.5787401574803149,0.421259842519685,0.42578125,0.453125,1.0,1.0,0.45039284229278564
ISIC_0001852,locked_verification100,17,local8,0.2,0.9569377990430622,0.9174311926605505,0.9914040114613181,1.0,0.9829545454545454,0.9870918754745635,0.9285714285714286,0.9997349382562055,2.0,0.6826011521890272,,0.0,1.0,0.0,0.0,0.0,0.0,0.9921875,0.560794472694397
ISIC_0001852,locked_verification100,17,local_large,0.05,0.9632082413539367,0.92902767920511,1.0,1.0,1.0,0.9931714719271624,0.935,0.9998596731944618,1.4142135623730951,0.568728583696824,0.6915887850467289,1.0,0.5866141732283464,0.41338582677165353,0.41796875,0.4375,1.0,1.0,0.44793885946273804
ISIC_0001852,locked_verification100,17,medium32,0.2,0.9569377990430622,0.9174311926605505,0.9914040114613181,1.0,0.9829545454545454,0.9870918754745635,0.9285714285714286,0.9997349382562055,2.0,0.6826011521890272,,0.0,1.0,0.0,0.0,0.0,0.0,0.9921875,0.560794472694397
ISIC_0001871,locked_verification100,17,CNN,,0.9502385821404227,0.9051948051948052,0.8935877757668781,0.9252336448598131,0.8640350877192983,0.9534883720930233,0.9470108695652174,0.99838933804952,3.605551275463989,1.086249276053265,,,,,,,,,
ISIC_0001871,locked_verification100,17,global,0.2,0.9502385821404227,0.9051948051948052,0.8935877757668781,0.9252336448598131,0.8640350877192983,0.9534883720930233,0.9470108695652174,0.99838933804952,3.605551275463989,1.086249276053265,,0.0,1.0,0.0,0.0,0.0,0.0,0.8671875,1.161234974861145
ISIC_0001871,locked_verification100,17,local,0.05,0.956481905634448,0.9165935030728709,0.9092334969994544,0.9386792452830188,0.881578947368421,0.9675625579240037,0.9456521739130435,0.9988946437594745,3.605551275463989,0.939770775964926,0.9827586206896551,0.4117647058823529,0.8018018018018018,0.1981981981981982,0.2265625,0.2265625,1.0,0.921875,0.9767085313796997
ISIC_0001871,locked_verification100,17,local8,0.2,0.9502385821404227,0.9051948051948052,0.8935877757668781,0.9252336448598131,0.8640350877192983,0.9534883720930233,0.9470108695652174,0.99838933804952,3.605551275463989,1.086249276053265,,0.0,1.0,0.0,0.0,0.0,0.0,0.8671875,1.161234974861145
ISIC_0001871,locked_verification100,17,local_large,0.05,0.9553264604810997,0.9144736842105263,0.9046879283560267,0.9339622641509434,0.8771929824561403,0.9666203059805285,0.9442934782608695,0.9988630621526023,3.105480479109443,0.9599159172696298,0.8674698795180723,0.4411764705882353,0.6936936936936937,0.3063063063063063,0.32421875,0.32421875,1.0,0.921875,0.9590840339660645
ISIC_0001871,locked_verification100,17,medium32,0.2,0.9502385821404227,0.9051948051948052,0.8935877757668781,0.9252336448598131,0.8640350877192983,0.9534883720930233,0.9470108695652174,0.99838933804952,3.605551275463989,1.086249276053265,,0.0,1.0,0.0,0.0,0.0,0.0,0.8671875,1.161234974861145
ISIC_0003462,locked_verification100,17,CNN,,0.8725267596496918,0.7738780207134638,0.3965137925198849,0.4125,0.3817204301075269,1.0,0.7738780207134638,1.0,4.212756921743878,2.500142445498641,,,,,,,,,
ISIC_0003462,locked_verification100,17,global,0.2,0.8725267596496918,0.7738780207134638,0.3965137925198849,0.4125,0.3817204301075269,1.0,0.7738780207134638,1.0,4.212756921743878,2.500142445498641,,0.0,1.0,0.0,0.0,0.0,0.0,0.54296875,1.911736249923706
ISIC_0003462,locked_verification100,17,local,0.05,0.844798936523762,0.7313003452243959,0.19857302501504343,0.21019108280254778,0.1881720430107527,1.0,0.7313003452243959,1.0,4.47213595499958,3.02773275926865,0.03184713375796178,0.008547008547008548,0.12949640287769784,0.8705035971223022,0.61328125,0.62890625,1.0,0.2890625,2.402653694152832
ISIC_0003462,locked_verification100,17,local8,0.2,0.8725267596496918,0.7738780207134638,0.3965137925198849,0.4125,0.3817204301075269,1.0,0.7738780207134638,1.0,4.212756921743878,2.500142445498641,,0.0,1.0,0.0,0.0,0.0,0.0,0.54296875,1.911736249923706
ISIC_0003462,locked_verification100,17,local_large,0.05,0.8470978441127694,0.7347525891829689,0.19568445881016863,0.20382165605095542,0.1881720430107527,1.0,0.7347525891829689,1.0,4.47213595499958,2.976751217236922,0.04697986577181208,0.008547008547008548,0.1366906474820144,0.8633093525179856,0.58203125,0.58203125,1.0,0.296875,2.3606762886047363
ISIC_0003462,locked_verification100,17,medium32,0.2,0.8725267596496918,0.7738780207134638,0.3965137925198849,0.4125,0.3817204301075269,1.0,0.7738780207134638,1.0,4.212756921743878,2.500142445498641,,0.0,1.0,0.0,0.0,0.0,0.0,0.54296875,1.911736249923706
ISIC_0003539,locked_verification100,17,CNN,,0.8174878556557946,0.6913145539906104,0.16528408201596492,0.16793893129770993,0.16271186440677965,1.0,0.6913145539906104,1.0,8.48528137423857,4.385150798782974,,,,,,,,,
ISIC_0003539,locked_verification100,17,global,0.2,0.8174878556557946,0.6913145539906104,0.16528408201596492,0.16793893129770993,0.16271186440677965,1.0,0.6913145539906104,1.0,8.48528137423857,4.385150798782974,,0.0,1.0,0.0,0.0,0.0,0.0,0.24609375,3.600944757461548
ISIC_0003539,locked_verification100,17,local,0.05,0.8125435540069686,0.6842723004694836,0.0972568578553616,0.0931899641577061,0.1016949152542373,1.0,0.6842723004694836,1.0,8.48528137423857,4.385689869908464,0.43119266055045874,0.23316062176165803,0.38095238095238093,0.6190476190476191,0.42578125,0.6875,2.0,0.17578125,3.646089553833008
ISIC_0003539,locked_verification100,17,local8,0.2,0.8174878556557946,0.6913145539906104,0.16528408201596492,0.16793893129770993,0.16271186440677965,1.0,0.6913145539906104,1.0,8.48528137423857,4.385150798782974,,0.0,1.0,0.0,0.0,0.0,0.0,0.24609375,3.600944757461548
ISIC_0003539,locked_verification100,17,local_large,0.05,0.8119226076346523,0.6833920187793427,0.09118923338154834,0.08503401360544217,0.09830508474576272,1.0,0.6833920187793427,1.0,9.0,4.676838627425475,0.4260869565217391,0.24352331606217617,0.36507936507936506,0.6349206349206349,0.44921875,0.62109375,2.0,0.1796875,3.6587159633636475
ISIC_0003539,locked_verification100,17,medium32,0.2,0.8174878556557946,0.6913145539906104,0.16528408201596492,0.16793893129770993,0.16271186440677965,1.0,0.6913145539906104,1.0,8.48528137423857,4.385150798782974,,0.0,1.0,0.0,0.0,0.0,0.0,0.24609375,3.600944757461548
ISIC_0003582,locked_verification100,17,CNN,,0.9393689986282578,0.8856699430936368,0.34963705289341196,0.35450819672131145,0.3448979591836735,0.9961210240496509,0.8887350752725385,0.9992589573529956,7.0,3.1730026253082575,,,,,,,,,
ISIC_0003582,locked_verification100,17,global,0.2,0.9389641288433382,0.8849504096593359,0.34829564630442117,0.35390946502057613,0.34285714285714286,0.9964070693338513,0.8877833535213705,0.9993145355515209,7.0,3.1901631686077105,0.3333333333333333,0.0,0.9519230769230769,0.04807692307692308,0.03515625,0.03515625,0.0,0.40625,2.775744676589966
ISIC_0003582,locked_verification100,17,local,0.05,0.9307461307461308,0.870463187003111,0.27119429617556406,0.2751540041067762,0.2673469387755102,0.9986120749479528,0.871517563592317,0.9997406350735485,8.0,3.612270962528172,0.19047619047619047,0.07236842105263158,0.375,0.625,0.57421875,0.6640625,2.0,0.34375,3.1344590187072754
ISIC_0003582,locked_verification100,17,local8,0.2,0.9394549112858972,0.8858226974818904,0.3486486486486487,0.354639175257732,0.34285714285714286,0.9963142580019398,0.8887350752725385,0.9992960094853459,7.0,3.164096076715709,1.0,0.0,0.9903846153846154,0.009615384615384616,0.00390625,0.00390625,0.0,0.40625,2.761321783065796
ISIC_0003582,locked_verification100,17,local_large,0.05,0.9304689304689304,0.8699784017278618,0.28121883656509694,0.28716904276985744,0.2755102040816326,0.9983146624367999,0.8712580031147257,0.9996850568750232,8.0,3.6363650942183874,0.22727272727272727,0.07894736842105263,0.4423076923076923,0.5576923076923077,0.515625,0.66015625,2.0,0.36328125,3.1197266578674316
ISIC_0003582,locked_verification100,17,medium32,0.2,0.9388670266312803,0.8847779215178957,0.34829564630442117,0.35390946502057613,0.34285714285714286,0.9964063714063714,0.8876103132029763,0.9993145355515209,7.0,3.1944126630709104,0.45454545454545453,0.0,0.9230769230769231,0.07692307692307693,0.04296875,0.04296875,0.0,0.40625,2.771738290786743
ISIC_0003657,locked_verification100,17,CNN,,0.955948298601952,0.9156139464375948,0.7905141994237022,0.8194945848375451,0.7635135135135135,0.9244897959183673,0.9896231567449482,0.9952160843003524,4.0,1.3024513411246825,,,,,,,,,
ISIC_0003657,locked_verification100,17,global,0.2,0.955948298601952,0.9156139464375948,0.7905141994237022,0.8194945848375451,0.7635135135135135,0.9244897959183673,0.9896231567449482,0.9952160843003524,4.0,1.3024513411246825,,0.0,1.0,0.0,0.0,0.0,0.0,0.68359375,1.5926594734191895
ISIC_0003657,locked_verification100,17,local,0.05,0.9647435897435898,0.9318885448916409,0.8808290155440415,0.901060070671378,0.8614864864864865,0.9440669106116049,0.9863462588749318,0.9965413582441737,3.0,1.0011212232034967,0.9519230769230769,0.6296296296296297,0.6971428571428572,0.3028571428571429,0.40625,0.44921875,1.0,0.8046875,1.2536721229553223
ISIC_0003657,locked_verification100,17,local8,0.2,0.955948298601952,0.9156139464375948,0.7905141994237022,0.8194945848375451,0.7635135135135135,0.9244897959183673,0.9896231567449482,0.9952160843003524,4.0,1.3024513411246825,,0.0,1.0,0.0,0.0,0.0,0.0,0.68359375,1.5926594734191895
ISIC_0003657,locked_verification100,17,local_large,0.05,0.9643901142705288,0.9312291506286887,0.8692116810834303,0.8953068592057761,0.8445945945945946,0.9391821946169773,0.990988530857455,0.9962019588195364,3.0,1.0464747284194906,0.8913043478260869,0.691358024691358,0.7942857142857143,0.2057142857142857,0.359375,0.3671875,1.0,0.76953125,1.3476591110229492
ISIC_0003657,locked_verification100,17,medium32,0.2,0.955948298601952,0.9156139464375948,0.7905141994237022,0.8194945848375451,0.7635135135135135,0.9244897959183673,0.9896231567449482,0.9952160843003524,4.0,1.3024513411246825,,0.0,1.0,0.0,0.0,0.0,0.0,0.68359375,1.5926594734191895
ISIC_0003805,locked_verification100,17,CNN,,0.9128787878787878,0.8397212543554007,0.611530403045937,0.6157894736842106,0.6073298429319371,0.8480938416422288,0.9883800410116199,0.9959577357077084,4.0,1.6336471164174515,,,,,,,,,
ISIC_0003805,locked_verification100,17,global,0.2,0.9128787878787878,0.8397212543554007,0.611530403045937,0.6157894736842106,0.6073298429319371,0.8480938416422288,0.9883800410116199,0.9959577357077084,4.0,1.6336471164174515,,0.0,1.0,0.0,0.0,0.0,0.0,0.45703125,1.9858227968215942
ISIC_0003805,locked_verification100,17,local,0.05,0.9275454835620811,0.8648809523809524,0.8212782370993978,0.8368421052631579,0.806282722513089,0.870059880239521,0.9931647300068353,0.9966132380253773,3.605551275463989,1.3249064654706433,0.7333333333333333,0.7482014388489209,0.6068376068376068,0.39316239316239315,0.5859375,0.6171875,1.0,0.578125,1.7198373079299927
ISIC_0003805,locked_verification100,17,local8,0.2,0.9129337539432176,0.8398142774230992,0.611530403045937,0.6157894736842106,0.6073298429319371,0.8476859988283538,0.9890635680109364,0.9959421285096687,4.0,1.6336471164174515,0.0,0.0,0.9658119658119658,0.03418803418803419,0.015625,0.015625,0.0,0.45703125,1.9980323314666748
ISIC_0003805,locked_verification100,17,local_large,0.05,0.9205947484973109,0.8528722157092614,0.7535994764397905,0.7696335078534031,0.7382198952879581,0.8568904593639576,0.9945317840054683,0.9962074508763442,3.605551275463989,1.4687575083647018,0.5789473684210527,0.460431654676259,0.5726495726495726,0.42735042735042733,0.4453125,0.46484375,1.0,0.484375,1.9053658246994019
ISIC_0003805,locked_verification100,17,medium32,0.2,0.9128787878787878,0.8397212543554007,0.611530403045937,0.6157894736842106,0.6073298429319371,0.8480938416422288,0.9883800410116199,0.9959577357077084,4.0,1.6336471164174515,,0.0,1.0,0.0,0.0,0.0,0.0,0.45703125,1.9858227968215942
ISIC_0004337,locked_verification100,17,CNN,,0.8936576061039581,0.8077586206896552,0.5755840875605136,0.599009900990099,0.553921568627451,0.961025641025641,0.8351158645276292,0.9987992163306579,6.070348150753486,2.413836845005862,,,,,,,,,
ISIC_0004337,locked_verification100,17,global,0.2,0.8936576061039581,0.8077586206896552,0.5755840875605136,0.599009900990099,0.553921568627451,0.961025641025641,0.8351158645276292,0.9987992163306579,6.070348150753486,2.413836845005862,,0.0,1.0,0.0,0.0,0.0,0.0,0.52734375,2.2445764541625977
ISIC_0004337,locked_verification100,17,local,0.05,0.8907357614275239,0.8029969149405024,0.5032272675801156,0.5116279069767442,0.4950980392156863,0.9864645370871684,0.8119429590017825,0.999605005371927,5.974642784226794,2.394971087861419,0.6428571428571429,0.4462809917355372,0.3925925925925926,0.6074074074074074,0.546875,1.0390625,4.0,0.5390625,2.0356616973876953
ISIC_0004337,locked_verification100,17,local8,0.2,0.8936576061039581,0.8077586206896552,0.5755840875605136,0.599009900990099,0.553921568627451,0.961025641025641,0.8351158645276292,0.9987992163306579,6.070348150753486,2.413836845005862,,0.0,1.0,0.0,0.0,0.0,0.0,0.52734375,2.2445764541625977
ISIC_0004337,locked_verification100,17,local_large,0.05,0.9034267912772586,0.8238636363636364,0.5647627996241579,0.576036866359447,0.553921568627451,0.9771902540176257,0.8400178253119429,0.9993048094545914,5.764083831688678,2.150066657995424,0.7967479674796748,0.5041322314049587,0.5407407407407407,0.45925925925925926,0.48046875,0.7734375,3.0,0.609375,1.8715143203735352
ISIC_0004337,locked_verification100,17,medium32,0.2,0.8936576061039581,0.8077586206896552,0.5755840875605136,0.599009900990099,0.553921568627451,0.961025641025641,0.8351158645276292,0.9987992163306579,6.070348150753486,2.413836845005862,,0.0,1.0,0.0,0.0,0.0,0.0,0.52734375,2.2445764541625977
ISIC_0006651,locked_verification100,17,CNN,,0.8833191385813359,0.7910220091523208,0.33005893909626716,0.34285714285714286,0.3181818181818182,0.9991742361684558,0.7915394679459223,0.9999507793273175,9.123199065740076,3.8792025303639925,,,,,,,,,
ISIC_0006651,locked_verification100,17,global,0.2,0.8827754108338406,0.7901503595554588,0.32325548072789795,0.3357142857142857,0.3116883116883117,0.9991733259851199,0.7906672481465329,0.9999507793273175,9.123199065740076,3.893635919786621,0.16666666666666666,0.0,0.9523809523809523,0.047619047619047616,0.0234375,0.0234375,0.0,0.40234375,3.1759727001190186
ISIC_0006651,locked_verification100,17,local,0.05,0.8654131618010885,0.7627562145660707,0.2189312732230212,0.22743682310469315,0.21103896103896103,1.0,0.7627562145660707,1.0,9.848857801796104,4.423720416261277,0.0728476821192053,0.0,0.3619047619047619,0.638095238095238,0.58984375,0.66796875,2.0,0.3046875,3.660210609436035
ISIC_0006651,locked_verification100,17,local8,0.2,0.8830473408786662,0.7905861843538897,0.326657213753988,0.3392857142857143,0.31493506493506496,0.999173781327458,0.7911033580462277,0.9999507793273175,9.123199065740076,3.8862812338676807,0.0,0.0,0.9714285714285714,0.02857142857142857,0.015625,0.015625,0.0,0.40625,3.1734821796417236
ISIC_0006651,locked_verification100,17,local_large,0.05,0.869886643666831,0.7697339729611862,0.22919007251557552,0.23826714801444043,0.22077922077922077,1.0,0.7697339729611862,1.0,9.219544457292887,4.27133507074265,0.15126050420168066,0.019867549668874173,0.38095238095238093,0.6190476190476191,0.46484375,0.515625,1.25,0.3125,3.5088727474212646
ISIC_0006651,locked_verification100,17,medium32,0.2,0.8827754108338406,0.7901503595554588,0.32325548072789795,0.3357142857142857,0.3116883116883117,0.9991733259851199,0.7906672481465329,0.9999507793273175,9.123199065740076,3.8948926656980634,0.0,0.0,0.9428571428571428,0.05714285714285714,0.02734375,0.02734375,0.0,0.39453125,3.1846630573272705
ISIC_0006671,calibration50,17,CNN,,0.884255930984903,0.7925257731958762,0.523505603985056,0.472,0.5876288659793815,0.7997399219765929,0.9887459807073955,0.9927438354012879,61.04732101286569,6.519797151270764,,,,,,,,,
ISIC_0006671,calibration50,17,global,0.2,0.884255930984903,0.7925257731958762,0.523505603985056,0.472,0.5876288659793815,0.7997399219765929,0.9887459807073955,0.9927438354012879,61.04732101286569,6.519797151270764,,0.0,1.0,0.0,0.0,0.0,0.0,0.44140625,3.0995004177093506
ISIC_0006671,calibration50,17,local,0.05,0.8880176427346239,0.7985896870868224,0.5490065674619669,0.4727272727272727,0.654639175257732,0.818058690744921,0.9710610932475884,0.9936704884561017,60.74537019394976,6.173179197159213,0.7352941176470589,0.32167832167832167,0.5663716814159292,0.4336283185840708,0.3984375,0.6015625,3.0,0.48828125,2.852842092514038
ISIC_0006671,calibration50,17,local8,0.2,0.884255930984903,0.7925257731958762,0.523505603985056,0.472,0.5876288659793815,0.7997399219765929,0.9887459807073955,0.9927438354012879,61.04732101286569,6.519797151270764,,0.0,1.0,0.0,0.0,0.0,0.0,0.44140625,3.0995004177093506
ISIC_0006671,calibration50,17,local_large,0.05,0.8915837982051904,0.8043763676148796,0.5782257363802242,0.5177865612648221,0.654639175257732,0.8143553389455028,0.984994640943194,0.9934191927124234,60.96497078952497,6.301024304696589,0.9058823529411765,0.34265734265734266,0.7079646017699115,0.2920353982300885,0.33203125,0.34375,1.0,0.47265625,2.8609139919281006
ISIC_0006671,calibration50,17,medium32,0.2,0.884255930984903,0.7925257731958762,0.523505603985056,0.472,0.5876288659793815,0.7997399219765929,0.9887459807073955,0.9927438354012879,61.04732101286569,6.519797151270764,,0.0,1.0,0.0,0.0,0.0,0.0,0.44140625,3.0995004177093506
ISIC_0006815,calibration50,17,CNN,,0.9097035040431267,0.8343634116192831,0.8638838475499092,0.9333333333333333,0.8040540540540541,0.9796806966618288,0.8490566037735849,0.9997837537263867,4.0,1.0550729800076786,,,,,,,,,
ISIC_0006815,calibration50,17,global,0.2,0.9097035040431267,0.8343634116192831,0.8638838475499092,0.9333333333333333,0.8040540540540541,0.9796806966618288,0.8490566037735849,0.9997837537263867,4.0,1.0550729800076786,,0.0,1.0,0.0,0.0,0.0,0.0,0.96484375,0.7750932574272156
ISIC_0006815,calibration50,17,local,0.05,0.9179452968645764,0.8483353884093712,0.9143935494939097,0.9534883720930233,0.8783783783783784,0.9772727272727273,0.8654088050314466,0.9997528614015848,2.9399494936611674,0.9402923582240226,0.6632653061224489,0.3333333333333333,0.6153846153846154,0.38461538461538464,0.3828125,0.453125,2.0,0.9765625,0.6977011561393738
ISIC_0006815,calibration50,17,local8,0.2,0.9097035040431267,0.8343634116192831,0.8638838475499092,0.9333333333333333,0.8040540540540541,0.9796806966618288,0.8490566037735849,0.9997837537263867,4.0,1.0550729800076786,,0.0,1.0,0.0,0.0,0.0,0.0,0.96484375,0.7750932574272156
ISIC_0006815,calibration50,17,local_large,0.05,0.9262458471760797,0.8626237623762376,0.9649611894610255,0.9921875,0.9391891891891891,0.9816901408450704,0.8767295597484277,0.9997991998887876,2.23606797749979,0.8570114156588324,0.7121212121212122,1.0,0.5020242914979757,0.4979757085020243,0.515625,0.62890625,2.0,1.0,0.5895776748657227
ISIC_0006815,calibration50,17,medium32,0.2,0.9097035040431267,0.8343634116192831,0.8638838475499092,0.9333333333333333,0.8040540540540541,0.9796806966618288,0.8490566037735849,0.9997837537263867,4.0,1.0550729800076786,,0.0,1.0,0.0,0.0,0.0,0.0,0.96484375,0.7750932574272156
ISIC_0006914,locked_verification100,17,CNN,,0.8986357635323456,0.8159296750133191,0.24736934408979303,0.25277777777777777,0.2421875,0.9980449657869013,0.8172358591248666,0.9997932460372158,8.246211251235321,4.364226008106297,,,,,,,,,
ISIC_0006914,locked_verification100,17,global,0.2,0.8986357635323456,0.8159296750133191,0.24736934408979303,0.25277777777777777,0.2421875,0.9980449657869013,0.8172358591248666,0.9997932460372158,8.246211251235321,4.364226008106297,,0.0,1.0,0.0,0.0,0.0,0.0,0.296875,3.7589292526245117
ISIC_0006914,locked_verification100,17,local,0.05,0.8921033210332103,0.8052224886757261,0.19250780437044748,0.19230769230769232,0.19270833333333334,0.9983481995374959,0.8062966915688368,0.9998277050310131,8.48528137423857,4.6032966862237465,0.16853932584269662,0.03888888888888889,0.47368421052631576,0.5263157894736842,0.34765625,0.3984375,1.25,0.23046875,4.0131025314331055
ISIC_0006914,locked_verification100,17,local8,0.2,0.8986357635323456,0.8159296750133191,0.24736934408979303,0.25277777777777777,0.2421875,0.9980449657869013,0.8172358591248666,0.9997932460372158,8.246211251235321,4.364226008106297,,0.0,1.0,0.0,0.0,0.0,0.0,0.296875,3.7589292526245117
ISIC_0006914,locked_verification100,17,local_large,0.05,0.8936044798113764,0.8076718167288226,0.18550148182810794,0.18611111111111112,0.18489583333333334,0.9980250164581962,0.8089647812166488,0.9997932460372158,8.258164757385487,4.572844789288544,0.1780821917808219,0.06666666666666667,0.6052631578947368,0.39473684210526316,0.28515625,0.3203125,1.0,0.2265625,3.9630680084228516
ISIC_0006914,locked_verification100,17,medium32,0.2,0.8986357635323456,0.8159296750133191,0.24736934408979303,0.25277777777777777,0.2421875,0.9980449657869013,0.8172358591248666,0.9997932460372158,8.246211251235321,4.364226008106297,,0.0,1.0,0.0,0.0,0.0,0.0,0.296875,3.7589292526245117
ISIC_0007141,locked_verification100,17,CNN,,0.7802155291516993,0.6396339253352664,0.0,0.0,0.0,0.966721446179129,0.6540350226998981,0.995561076301993,38.25522169662995,13.271226756890746,,,,,,,,,
ISIC_0007141,locked_verification100,17,global,0.2,0.7802155291516993,0.6396339253352664,0.0,0.0,0.0,0.966721446179129,0.6540350226998981,0.995561076301993,38.25522169662995,13.271226756890746,,0.0,,,0.0,0.0,0.0,0.0,10.043167114257812
ISIC_0007141,locked_verification100,17,local,0.05,0.7667206794434821,0.621692642261689,0.0,0.0,0.0,0.965793918918919,0.6356897989437599,0.995561076301993,38.042725077816826,13.765346165980107,0.04666666666666667,0.02734375,,,0.5859375,0.75390625,2.0,0.0,10.661972045898438
ISIC_0007141,locked_verification100,17,local8,0.2,0.7802155291516993,0.6396339253352664,0.0,0.0,0.0,0.966721446179129,0.6540350226998981,0.995561076301993,38.25522169662995,13.271226756890746,,0.0,,,0.0,0.0,0.0,0.0,10.043167114257812
ISIC_0007141,locked_verification100,17,local_large,0.05,0.774458634092171,0.6319318593693367,0.0,0.0,0.0,0.9663294997921574,0.6461595478550912,0.995561076301993,38.21603143722763,13.472270085286906,0.2,0.0859375,,,0.4296875,0.46875,1.0,0.0,10.322463989257812
ISIC_0007141,locked_verification100,17,medium32,0.2,0.7802155291516993,0.6396339253352664,0.0,0.0,0.0,0.966721446179129,0.6540350226998981,0.995561076301993,38.25522169662995,13.271226756890746,,0.0,,,0.0,0.0,0.0,0.0,10.043167114257812
ISIC_0007156,locked_verification100,17,CNN,,0.8842162016444265,0.792461947330273,0.24423160644318676,0.2548262548262548,0.23448275862068965,1.0,0.792461947330273,1.0,7.148086918349853,3.588347039082457,,,,,,,,,
ISIC_0007156,locked_verification100,17,global,0.2,0.8842162016444265,0.792461947330273,0.24423160644318676,0.2548262548262548,0.23448275862068965,1.0,0.792461947330273,1.0,7.148086918349853,3.588347039082457,,0.0,1.0,0.0,0.0,0.0,0.0,0.36328125,2.92349910736084
ISIC_0007156,locked_verification100,17,local,0.05,0.8778636302019791,0.7823145687364098,0.1946620450606586,0.20392156862745098,0.18620689655172415,1.0,0.7823145687364098,1.0,7.231804752433739,3.78297295470076,0.0821917808219178,0.03680981595092025,0.6129032258064516,0.3870967741935484,0.28515625,0.28515625,1.0,0.30859375,3.134439468383789
ISIC_0007156,locked_verification100,17,local8,0.2,0.8842162016444265,0.792461947330273,0.24423160644318676,0.2548262548262548,0.23448275862068965,1.0,0.792461947330273,1.0,7.148086918349853,3.588347039082457,,0.0,1.0,0.0,0.0,0.0,0.0,0.36328125,2.92349910736084
ISIC_0007156,locked_verification100,17,local_large,0.05,0.8810489321438226,0.7873882580333413,0.1950270870954299,0.2047244094488189,0.18620689655172415,1.0,0.7873882580333413,1.0,7.1200799705373505,3.6758825637181207,0.34065934065934067,0.1656441717791411,0.5053763440860215,0.4946236559139785,0.35546875,0.36328125,1.0,0.31640625,3.03067684173584
ISIC_0007156,locked_verification100,17,medium32,0.2,0.8842162016444265,0.792461947330273,0.24423160644318676,0.2548262548262548,0.23448275862068965,1.0,0.792461947330273,1.0,7.148086918349853,3.588347039082457,,0.0,1.0,0.0,0.0,0.0,0.0,0.36328125,2.92349910736084
ISIC_0007235,calibration50,17,CNN,,0.9149674018587877,0.8432625926872922,0.4725147886307892,0.4807692307692308,0.4645390070921986,1.0,0.8432625926872922,1.0,5.385164807134504,2.534081928067948,,,,,,,,,
ISIC_0007235,calibration50,17,global,0.2,0.9149674018587877,0.8432625926872922,0.4725147886307892,0.4807692307692308,0.4645390070921986,1.0,0.8432625926872922,1.0,5.385164807134504,2.534081928067948,,0.0,1.0,0.0,0.0,0.0,0.0,0.6015625,1.9004428386688232
ISIC_0007235,calibration50,17,local,0.05,0.8993949627128184,0.8171823063155204,0.37822454787478194,0.39215686274509803,0.36524822695035464,1.0,0.8171823063155204,1.0,6.708203932499369,2.9973920422235425,0.0,0.0,0.564935064935065,0.43506493506493504,0.45703125,0.53515625,2.0,0.51953125,2.3776350021362305
ISIC_0007235,calibration50,17,local8,0.2,0.9149674018587877,0.8432625926872922,0.4725147886307892,0.4807692307692308,0.4645390070921986,1.0,0.8432625926872922,1.0,5.385164807134504,2.534081928067948,,0.0,1.0,0.0,0.0,0.0,0.0,0.6015625,1.9004428386688232
ISIC_0007235,calibration50,17,local_large,0.05,0.9096738221354893,0.8343134748146254,0.44828391314499183,0.44280442804428044,0.45390070921985815,1.0,0.8343134748146254,1.0,5.385164807134504,2.64986206754456,0.07407407407407407,0.049019607843137254,0.6753246753246753,0.3246753246753247,0.31640625,0.359375,1.0,0.515625,2.1115660667419434
ISIC_0007235,calibration50,17,medium32,0.2,0.9149674018587877,0.8432625926872922,0.4725147886307892,0.4807692307692308,0.4645390070921986,1.0,0.8432625926872922,1.0,5.385164807134504,2.534081928067948,,0.0,1.0,0.0,0.0,0.0,0.0,0.6015625,1.9004428386688232
ISIC_0007241,locked_verification100,17,CNN,,0.8674041521442643,0.7658549638747658,0.16853932584269665,0.17857142857142858,0.1595744680851064,1.0,0.7658549638747658,1.0,5.656854249492381,3.73441862234158,,,,,,,,,
ISIC_0007241,locked_verification100,17,global,0.2,0.8674041521442643,0.7658549638747658,0.16853932584269665,0.17857142857142858,0.1595744680851064,1.0,0.7658549638747658,1.0,5.656854249492381,3.73441862234158,,0.0,1.0,0.0,0.0,0.0,0.0,0.24609375,3.1034603118896484
ISIC_0007241,locked_verification100,17,local,0.05,0.8487369069624153,0.7372223708857373,0.026058631921824105,0.024096385542168676,0.028368794326241134,1.0,0.7372223708857373,1.0,6.324555320336759,4.256377147111677,0.31736526946107785,0.27461139896373055,0.015873015873015872,0.9841269841269841,0.65234375,0.97265625,2.0,0.06640625,3.5690536499023438
ISIC_0007241,locked_verification100,17,local8,0.2,0.8674041521442643,0.7658549638747658,0.16853932584269665,0.17857142857142858,0.1595744680851064,1.0,0.7658549638747658,1.0,5.656854249492381,3.73441862234158,,0.0,1.0,0.0,0.0,0.0,0.0,0.24609375,3.1034603118896484
ISIC_0007241,locked_verification100,17,local_large,0.05,0.8611915282645132,0.7562215681027562,0.049730625777041036,0.04669260700389105,0.05319148936170213,1.0,0.7562215681027562,1.0,5.830951894845301,3.9046225143356716,0.4207650273224044,0.39896373056994816,0.015873015873015872,0.9841269841269841,0.71484375,0.8671875,2.0,0.10546875,3.2677993774414062
ISIC_0007241,locked_verification100,17,medium32,0.2,0.8674041521442643,0.7658549638747658,0.16853932584269665,0.17857142857142858,0.1595744680851064,1.0,0.7658549638747658,1.0,5.656854249492381,3.73441862234158,,0.0,1.0,0.0,0.0,0.0,0.0,0.24609375,3.1034603118896484
ISIC_0007332,locked_verification100,17,CNN,,0.8877868533644496,0.7982164714110859,0.23875731134336947,0.2601880877742947,0.22058823529411764,0.9982506013557839,0.7993346174050079,0.9998662766402006,8.94427190999916,4.143041573431363,,,,,,,,,
ISIC_0007332,locked_verification100,17,global,0.2,0.8877868533644496,0.7982164714110859,0.23875731134336947,0.2601880877742947,0.22058823529411764,0.9982506013557839,0.7993346174050079,0.9998662766402006,8.94427190999916,4.143041573431363,,0.0,1.0,0.0,0.0,0.0,0.0,0.3046875,3.5390610694885254
ISIC_0007332,locked_verification100,17,local,0.05,0.8864654333008763,0.7960825463448759,0.18528877766328083,0.19875776397515527,0.17352941176470588,0.9984645755648168,0.7970583085274032,0.9998829920601755,8.06225774829855,4.170346299338736,0.5242718446601942,0.2640449438202247,0.6153846153846154,0.38461538461538464,0.40234375,0.453125,1.25,0.24609375,3.568754196166992
ISIC_0007332,locked_verification100,17,local8,0.2,0.8877868533644496,0.7982164714110859,0.23875731134336947,0.2601880877742947,0.22058823529411764,0.9982506013557839,0.7993346174050079,0.9998662766402006,8.94427190999916,4.143041573431363,,0.0,1.0,0.0,0.0,0.0,0.0,0.3046875,3.5390610694885254
ISIC_0007332,locked_verification100,17,local_large,0.05,0.8866640746500778,0.7964030033176183,0.18637651365106428,0.2012779552715655,0.17352941176470588,0.9965042604325978,0.7986342146734372,0.9997325532804011,8.06225774829855,4.198475617710557,0.44805194805194803,0.3539325842696629,0.358974358974359,0.6410256410256411,0.6015625,0.64453125,1.0,0.24609375,3.6016616821289062
ISIC_0007332,locked_verification100,17,medium32,0.2,0.8877868533644496,0.7982164714110859,0.23875731134336947,0.2601880877742947,0.22058823529411764,0.9982506013557839,0.7993346174050079,0.9998662766402006,8.94427190999916,4.143041573431363,,0.0,1.0,0.0,0.0,0.0,0.0,0.3046875,3.5390610694885254
ISIC_0007344,locked_verification100,17,CNN,,0.955078125,0.914018691588785,0.7038578483169087,0.7044198895027625,0.7032967032967034,0.9515301609764727,0.9586526465870612,0.9954276178556529,4.0,1.5653071438698345,,,,,,,,,
ISIC_0007344,locked_verification100,17,global,0.2,0.955078125,0.914018691588785,0.7038578483169087,0.7044198895027625,0.7032967032967034,0.9515301609764727,0.9586526465870612,0.9954276178556529,4.0,1.5653071438698345,,0.0,1.0,0.0,0.0,0.0,0.0,0.65625,1.693009376525879
ISIC_0007344,locked_verification100,17,local,0.05,0.9489261866089154,0.9028159340659341,0.6766816006204904,0.6473551637279596,0.7087912087912088,0.9610674465362822,0.9370878631260025,0.9964455569461828,4.123105625617661,1.7008382057288725,0.5294117647058824,0.42045454545454547,0.40476190476190477,0.5952380952380952,0.59765625,1.12109375,3.25,0.65625,1.715384602546692
ISIC_0007344,locked_verification100,17,local8,0.2,0.955078125,0.914018691588785,0.7038578483169087,0.7044198895027625,0.7032967032967034,0.9515301609764727,0.9586526465870612,0.9954276178556529,4.0,1.5653071438698345,,0.0,1.0,0.0,0.0,0.0,0.0,0.65625,1.693009376525879
ISIC_0007344,locked_verification100,17,local_large,0.05,0.9453513129879347,0.8963660834454913,0.6517043502859107,0.6177884615384616,0.6895604395604396,0.9411764705882353,0.9495633576902512,0.9944430538172716,4.47213595499958,1.7793418803944152,0.38333333333333336,0.125,0.5535714285714286,0.44642857142857145,0.46875,0.78515625,3.0,0.62109375,1.9502158164978027
ISIC_0007344,locked_verification100,17,medium32,0.2,0.955078125,0.914018691588785,0.7038578483169087,0.7044198895027625,0.7032967032967034,0.9515301609764727,0.9586526465870612,0.9954276178556529,4.0,1.5653071438698345,,0.0,1.0,0.0,0.0,0.0,0.0,0.65625,1.693009376525879
ISIC_0007528,calibration50,17,CNN,,0.7534007673526334,0.604364857302742,0.27324651587845555,0.2911392405063291,0.25742574257425743,1.0,0.604364857302742,1.0,9.994974746830582,4.4109517480508,,,,,,,,,
ISIC_0007528,calibration50,17,global,0.2,0.7534007673526334,0.604364857302742,0.27324651587845555,0.2911392405063291,0.25742574257425743,1.0,0.604364857302742,1.0,9.994974746830582,4.4109517480508,,0.0,1.0,0.0,0.0,0.0,0.0,0.3828125,3.584338903427124
ISIC_0007528,calibration50,17,local,0.05,0.7285663464959089,0.5730274202574147,0.2393869358958764,0.2411764705882353,0.2376237623762376,1.0,0.5730274202574147,1.0,10.613420029147264,4.577213452593287,0.17346938775510204,0.0189873417721519,0.46938775510204084,0.5306122448979592,0.3828125,0.47265625,1.0,0.328125,3.8175840377807617
ISIC_0007528,calibration50,17,local8,0.2,0.7534007673526334,0.604364857302742,0.27324651587845555,0.2911392405063291,0.25742574257425743,1.0,0.604364857302742,1.0,9.994974746830582,4.4109517480508,,0.0,1.0,0.0,0.0,0.0,0.0,0.3828125,3.584338903427124
ISIC_0007528,calibration50,17,local_large,0.05,0.7462478184991274,0.5952115812917594,0.28606898040697365,0.31446540880503143,0.2623762376237624,0.9916512059369202,0.5982092893116956,0.9998588213148442,9.994974746830582,4.486679757906923,0.25,0.04430379746835443,0.5510204081632653,0.4489795918367347,0.296875,0.36328125,1.0,0.3515625,3.742175817489624
ISIC_0007528,calibration50,17,medium32,0.2,0.7534007673526334,0.604364857302742,0.27324651587845555,0.2911392405063291,0.25742574257425743,1.0,0.604364857302742,1.0,9.994974746830582,4.4109517480508,,0.0,1.0,0.0,0.0,0.0,0.0,0.3828125,3.584338903427124
ISIC_0007796,calibration50,17,CNN,,0.8216660148611654,0.697311649518752,0.06532516768737241,0.07582938388625593,0.05737704918032787,1.0,0.697311649518752,1.0,7.2697587885276365,4.603832508200243,,,,,,,,,
ISIC_0007796,calibration50,17,global,0.2,0.8209743690080219,0.6963159641553269,0.06532516768737241,0.07582938388625593,0.05737704918032787,1.0,0.6963159641553269,1.0,7.2697587885276365,4.622185413549639,0.0,0.0,1.0,0.0,0.01171875,0.01171875,0.0,0.11328125,3.971069574356079
ISIC_0007796,calibration50,17,local,0.05,0.8202819107282694,0.6953202787919017,0.04395604395604395,0.04739336492890995,0.040983606557377046,1.0,0.6953202787919017,1.0,6.555664084966109,4.626110995284753,0.5061728395061729,0.36123348017621143,0.1724137931034483,0.8275862068965517,0.6328125,0.7421875,2.0,0.0625,3.979142189025879
ISIC_0007796,calibration50,17,local8,0.2,0.8237360921335155,0.7002987056090275,0.06532516768737241,0.07582938388625593,0.05737704918032787,1.0,0.7002987056090275,1.0,7.0710678118654755,4.547493498202069,1.0,0.07048458149779736,1.0,0.0,0.0625,0.0625,1.0,0.11328125,3.899963617324829
ISIC_0007796,calibration50,17,local_large,0.05,0.8239656518345043,0.7006306007301693,0.04405286343612335,0.047619047619047616,0.040983606557377046,1.0,0.7006306007301693,1.0,7.0,4.561635380732616,0.536144578313253,0.3920704845814978,0.1724137931034483,0.8275862068965517,0.6484375,0.6640625,1.0,0.0625,3.885270118713379
ISIC_0007796,calibration50,17,medium32,0.2,0.8216660148611654,0.697311649518752,0.06532516768737241,0.07582938388625593,0.05737704918032787,1.0,0.697311649518752,1.0,7.2697587885276365,4.603832508200243,1.0,0.004405286343612335,1.0,0.0,0.00390625,0.00390625,0.0,0.11328125,3.956726312637329
ISIC_0008025,calibration50,17,CNN,,0.8778100373289092,0.7822294500295683,0.08019957497921093,0.08092485549132948,0.07948717948717948,1.0,0.7822294500295683,1.0,8.06225774829855,4.612978754481786,,,,,,,,,
ISIC_0008025,calibration50,17,global,0.2,0.8757583312557135,0.7789769367238321,0.07464237984457753,0.07492795389048991,0.07435897435897436,1.0,0.7789769367238321,1.0,8.06225774829855,4.6866020761125124,0.0,0.0,0.9032258064516129,0.0967741935483871,0.08984375,0.08984375,1.0,0.109375,4.015143394470215
ISIC_0008025,calibration50,17,local,0.05,0.8560798241163537,0.7483737433471319,0.013289036544850499,0.011695906432748537,0.015384615384615385,1.0,0.7483737433471319,1.0,8.54400374531753,5.388430538022622,0.0,0.0,0.25806451612903225,0.7419354838709677,0.46484375,0.8203125,3.0,0.03125,4.693521499633789
ISIC_0008025,calibration50,17,local8,0.2,0.8747296622858094,0.777350680070964,0.06929740134744948,0.06936416184971098,0.06923076923076923,1.0,0.777350680070964,1.0,8.06225774829855,4.725404430907122,0.0,0.0,0.8709677419354839,0.12903225806451613,0.125,0.125,1.0,0.109375,4.0496931076049805
ISIC_0008025,calibration50,17,local_large,0.05,0.8613753051089975,0.7565050266114725,0.033057851239669415,0.028985507246376812,0.038461538461538464,1.0,0.7565050266114725,1.0,8.764151235892408,5.185279210485738,0.018518518518518517,0.008888888888888889,0.3548387096774194,0.6451612903225806,0.421875,0.65625,3.0,0.05078125,4.5306596755981445
ISIC_0008025,calibration50,17,medium32,0.2,0.8745424292845257,0.7770549970431697,0.06929740134744948,0.06936416184971098,0.06923076923076923,1.0,0.7770549970431697,1.0,8.06225774829855,4.731835636168386,0.0,0.0,0.8709677419354839,0.12903225806451613,0.12890625,0.12890625,1.0,0.109375,4.053545951843262
ISIC_0008524,locked_verification100,17,CNN,,0.8995581737849779,0.8174518201284796,0.7077409162717219,0.7368421052631579,0.6808510638297872,0.9182200841852075,0.8816397228637414,0.9978684721961005,5.759797974644661,1.67722962978006,,,,,,,,,
ISIC_0008524,locked_verification100,17,global,0.2,0.8995581737849779,0.8174518201284796,0.7077409162717219,0.7368421052631579,0.6808510638297872,0.9182200841852075,0.8816397228637414,0.9978684721961005,5.759797974644661,1.67722962978006,,0.0,1.0,0.0,0.0,0.0,0.0,0.734375,1.5251215696334839
ISIC_0008524,locked_verification100,17,local,0.05,0.906369239800411,0.8287707997852926,0.7337030615081204,0.7488584474885844,0.7191489361702128,0.9217910447761194,0.8914549653579676,0.997946837188891,3.605551275463989,1.5161225508355656,0.6060606060606061,0.2647058823529412,0.776595744680851,0.22340425531914893,0.2578125,0.359375,2.0,0.75390625,1.4335880279541016
ISIC_0008524,locked_verification100,17,local8,0.2,0.8995581737849779,0.8174518201284796,0.7077409162717219,0.7368421052631579,0.6808510638297872,0.9182200841852075,0.8816397228637414,0.9978684721961005,5.759797974644661,1.67722962978006,,0.0,1.0,0.0,0.0,0.0,0.0,0.734375,1.5251215696334839
ISIC_0008524,locked_verification100,17,local_large,0.05,0.897665033150764,0.8143305439330544,0.6454445664105378,0.6666666666666666,0.625531914893617,0.8963730569948186,0.898960739030023,0.9971788602595448,4.242640687119285,1.7212517090589046,0.4424778761061947,0.17647058823529413,0.574468085106383,0.425531914893617,0.44140625,0.6640625,2.0,0.6796875,1.6471747159957886
ISIC_0008524,locked_verification100,17,medium32,0.2,0.8995581737849779,0.8174518201284796,0.7077409162717219,0.7368421052631579,0.6808510638297872,0.9182200841852075,0.8816397228637414,0.9978684721961005,5.759797974644661,1.67722962978006,,0.0,1.0,0.0,0.0,0.0,0.0,0.734375,1.5251215696334839
ISIC_0009995,calibration50,17,CNN,,0.9326992387348582,0.8738860427957237,0.30686840753315603,0.3013215859030837,0.3126232741617357,0.9946192208181784,0.878037073816617,0.9439014855355746,26.0,8.480682121374247,,,,,,,,,
ISIC_0009995,calibration50,17,global,0.2,0.9335468092967609,0.8753753258323159,0.32042478770224225,0.3193577163247101,0.3214990138067061,0.9963570811582229,0.8781860311155246,0.9620797498045348,26.0,8.380052975533133,0.84375,0.011764705882352941,0.6511627906976745,0.3488372093023256,0.125,0.13671875,1.0,0.34375,7.946610450744629
ISIC_0009995,calibration50,17,local,0.05,0.9349461987481539,0.8778394083465398,0.40999908086123305,0.3832,0.4408284023668639,0.9970749268731718,0.8801059251903344,0.9695074276778733,25.0,7.99845653496295,0.6486486486486487,0.3176470588235294,0.13953488372093023,0.8604651162790697,0.72265625,2.109375,7.25,0.44140625,7.919709205627441
ISIC_0009995,calibration50,17,local8,0.2,0.9337345687159588,0.8757055619739231,0.3210337856875172,0.3205699020480855,0.3214990138067061,0.9968062522309268,0.8781694803045349,0.9667709147771697,26.0,8.349748761236892,0.868421052631579,0.011764705882352941,0.5813953488372093,0.4186046511627907,0.1484375,0.16015625,1.0,0.34375,7.936619758605957
ISIC_0009995,calibration50,17,local_large,0.05,0.9352857983643567,0.8784383611372374,0.41865332321274606,0.3886703383162864,0.4536489151873767,0.9965742526067504,0.8810989738497186,0.9642298670836591,27.0,8.056120711055042,0.675531914893617,0.3764705882352941,0.1744186046511628,0.8255813953488372,0.734375,2.30859375,8.0,0.4453125,7.976005554199219
ISIC_0009995,calibration50,17,medium32,0.2,0.9336195973532311,0.8755033335533698,0.3182191363092586,0.3178984861976848,0.3185404339250493,0.9966934696024649,0.8780536246276067,0.965598123534011,26.0,8.361991287048857,0.8571428571428571,0.0058823529411764705,0.6046511627906976,0.3953488372093023,0.13671875,0.14453125,1.0,0.33984375,7.94826602935791
ISIC_0010459,locked_verification100,17,CNN,,0.9806067737530944,0.9619514319939018,0.5780998535780835,0.5546719681908548,0.6035940803382663,0.9705119753900242,0.9909137818858951,0.9359824452606974,5.830951894845301,2.1038661862494727,,,,,,,,,
ISIC_0010459,locked_verification100,17,global,0.2,0.980280626131781,0.9613239203381706,0.5795204277413546,0.56187624750499,0.5983086680761099,0.9709286971830986,0.9898144616696206,0.9369842102752468,5.656854249492381,2.121849039315244,0.2631578947368421,0.00847457627118644,0.8695652173913043,0.13043478260869565,0.07421875,0.07421875,1.0,0.5390625,2.305974006652832
ISIC_0010459,locked_verification100,17,local,0.05,0.9739118741315165,0.94915032108689,0.5781056037539822,0.5191163976210705,0.6522198731501057,0.9729306137070953,0.9748951158773248,0.9423269570195105,9.219544457292887,2.7705340514437804,0.5174418604651163,0.4152542372881356,0.34057971014492755,0.6594202898550725,0.671875,2.14453125,8.25,0.50390625,2.9758007526397705
ISIC_0010459,locked_verification100,17,local8,0.2,0.9805373081240899,0.9618177456987723,0.595747979612008,0.5765407554671969,0.6162790697674418,0.9716702647927039,0.9895676754986202,0.9386538186328293,5.656854249492381,2.0922515142975047,0.48484848484848486,0.06779661016949153,0.8188405797101449,0.18115942028985507,0.12890625,0.12890625,1.0,0.5390625,2.2902021408081055
ISIC_0010459,locked_verification100,17,local_large,0.05,0.9737198651841401,0.9487856503807799,0.5884086444007859,0.5495412844036697,0.6331923890063424,0.9719676308847857,0.9754784286451439,0.9401803177026189,8.94427190999916,2.78151409038235,0.46308724832214765,0.3898305084745763,0.463768115942029,0.5362318840579711,0.58203125,1.890625,7.25,0.515625,2.9882235527038574
ISIC_0010459,locked_verification100,17,medium32,0.2,0.9807880458952237,0.9623003752508945,0.6093119870127424,0.5899209486166008,0.6300211416490487,0.9721628352912653,0.9895676754986202,0.9397509898392405,5.656854249492381,2.0589299357525843,0.575,0.1016949152542373,0.7971014492753623,0.2028985507246377,0.15625,0.15625,1.0,0.5390625,2.2768735885620117
ISIC_0012099,locked_verification100,17,CNN,,0.8880976602238047,0.7987191216834401,0.646403242147923,0.673469387755102,0.6214285714285714,0.8712574850299402,0.9056016597510373,0.9980022300687604,3.605551275463989,1.6755535168778821,,,,,,,,,
ISIC_0012099,locked_verification100,17,global,0.2,0.8897917724733367,0.8014638609332113,0.6635237364324087,0.6938775510204082,0.6357142857142857,0.8716417910447761,0.9087136929460581,0.9980022300687604,3.605551275463989,1.6482631892197692,1.0,0.03409090909090909,0.9880952380952381,0.011904761904761904,0.01953125,0.01953125,0.0,0.66015625,1.7437708377838135
ISIC_0012099,locked_verification100,17,local,0.05,0.9428129829984544,0.8918128654970761,0.9855072463768115,1.0,0.9714285714285714,0.9365404298874105,0.9491701244813278,0.9990398315059159,2.0,0.7882201990169619,0.9461077844311377,0.9886363636363636,0.5238095238095238,0.47619047619047616,0.65234375,0.98828125,2.0,0.875,1.0211560726165771
ISIC_0012099,locked_verification100,17,local8,0.2,0.8987405541561713,0.8161024702653248,0.7513083930994378,0.7755102040816326,0.7285714285714285,0.8736532810969637,0.9253112033195021,0.9980022300687604,3.605551275463989,1.5143734704570164,0.9555555555555556,0.10227272727272728,0.7857142857142857,0.21428571428571427,0.17578125,0.17578125,1.0,0.69140625,1.6252977848052979
ISIC_0012099,locked_verification100,17,local_large,0.05,0.9331275720164609,0.8746383799421408,0.9366491196224359,0.9523809523809523,0.9214285714285714,0.9255102040816326,0.9408713692946058,0.998869479031159,2.23606797749979,0.9387508719907969,0.950920245398773,0.9318181818181818,0.5178571428571429,0.48214285714285715,0.63671875,0.859375,2.0,0.8359375,1.0990616083145142
ISIC_0012099,locked_verification100,17,medium32,0.2,0.8981854838709677,0.8151875571820677,0.7513083930994378,0.7755102040816326,0.7285714285714285,0.8735294117647059,0.9242738589211619,0.9980022300687604,3.605551275463989,1.521342111571999,1.0,0.13636363636363635,0.7916666666666666,0.20833333333333334,0.18359375,0.18359375,1.0,0.6953125,1.6090033054351807
ISIC_0012109,locked_verification100,17,CNN,,0.9321799307958477,0.8729747245625405,0.8848365829709637,0.907103825136612,0.8636363636363636,0.9113667117726658,0.9539660056657224,0.9979570831513942,2.8284271247461903,1.1381355608533448,,,,,,,,,
ISIC_0012109,locked_verification100,17,global,0.2,0.9331485971596813,0.8746753246753247,0.8904183582791727,0.912568306010929,0.8693181818181818,0.9132203389830509,0.9539660056657224,0.9980038675067058,2.8284271247461903,1.12174175491632,1.0,0.08823529411764706,1.0,0.0,0.0234375,0.0234375,0.0,0.7421875,1.345203161239624
ISIC_0012109,locked_verification100,17,local,0.05,0.952116585704372,0.9086092715231788,0.9835974423130387,0.9786096256684492,0.9886363636363636,0.9333333333333333,0.9716713881019831,0.9984717110598216,2.0,0.7690032510482373,0.9081632653061225,0.6617647058823529,0.723404255319149,0.2765957446808511,0.3828125,0.4375,2.0,0.83984375,1.0636404752731323
ISIC_0012109,locked_verification100,17,local8,0.2,0.9325492909028018,0.8736228127025275,0.8848365829709637,0.907103825136612,0.8636363636363636,0.9114266396213658,0.9546742209631728,0.9979570831513942,2.8284271247461903,1.1325645302126761,1.0,0.0,0.9893617021276596,0.010638297872340425,0.0078125,0.0078125,0.0,0.734375,1.3601288795471191
ISIC_0012109,locked_verification100,17,local_large,0.05,0.9507286606523248,0.906084656084656,0.9666447188809841,0.9617486338797814,0.9715909090909091,0.9319727891156463,0.9702549575070821,0.9984405214896138,2.0,0.8068955876676052,0.9504950495049505,0.6323529411764706,0.6914893617021277,0.30851063829787234,0.39453125,0.42578125,1.0,0.84765625,1.0732771158218384
ISIC_0012109,locked_verification100,17,medium32,0.2,0.9325025960539979,0.8735408560311284,0.8904183582791727,0.912568306010929,0.8693181818181818,0.9119837508463101,0.9539660056657224,0.997972677936498,2.8284271247461903,1.132429078464651,1.0,0.014705882352941176,1.0,0.0,0.00390625,0.00390625,0.0,0.73828125,1.3640477657318115
ISIC_0012126,calibration50,17,CNN,,0.9275,0.8648018648018648,0.948801036941024,0.976,0.9230769230769231,0.9512820512820512,0.9048780487804878,0.9994128190864701,2.23606797749979,0.9123589165963895,,,,,,,,,
ISIC_0012126,calibration50,17,global,0.2,0.9275,0.8648018648018648,0.948801036941024,0.976,0.9230769230769231,0.9512820512820512,0.9048780487804878,0.9994128190864701,2.23606797749979,0.9123589165963895,,0.0,1.0,0.0,0.0,0.0,0.0,0.95703125,0.9472752809524536
ISIC_0012126,calibration50,17,local,0.05,0.9465273509526736,0.8984830805134189,0.9961389961389961,1.0,0.9923076923076923,0.9541511771995044,0.9390243902439024,0.9994282712157735,2.0,0.6584870412537575,0.6103896103896104,1.0,0.4163265306122449,0.5836734693877551,0.6015625,0.69140625,2.0,1.0,0.8361294865608215
ISIC_0012126,calibration50,17,local8,0.2,0.930841121495327,0.8706293706293706,0.9725490196078431,0.992,0.9538461538461539,0.9515923566878981,0.9109756097560976,0.9994128190864701,2.0,0.8671172261758185,0.8125,0.09090909090909091,0.9387755102040817,0.061224489795918366,0.0625,0.0625,1.0,0.9609375,0.9157998561859131
ISIC_0012126,calibration50,17,local_large,0.05,0.9427527405602923,0.8917050691244239,0.9961389961389961,1.0,0.9923076923076923,0.9416058394160584,0.9439024390243902,0.9992582977934359,2.0,0.7107400660138609,0.5821917808219178,0.7272727272727273,0.43673469387755104,0.563265306122449,0.5703125,0.6640625,2.0,0.98828125,0.8848877549171448
ISIC_0012126,calibration50,17,medium32,0.2,0.9275,0.8648018648018648,0.948801036941024,0.976,0.9230769230769231,0.9512820512820512,0.9048780487804878,0.9994128190864701,2.23606797749979,0.9123589165963895,,0.0,1.0,0.0,0.0,0.0,0.0,0.95703125,0.9472752809524536
ISIC_0012127,calibration50,17,CNN,,0.7946197620279358,0.6592274678111588,0.4983388704318937,0.5555555555555556,0.45180722891566266,0.9961089494163424,0.6609294320137694,0.9999533973343275,11.988459457875836,3.2053522725161665,,,,,,,,,
ISIC_0012127,calibration50,17,global,0.2,0.7958656330749354,0.6609442060085837,0.4983388704318937,0.5555555555555556,0.45180722891566266,0.9961190168175937,0.6626506024096386,0.9999533973343275,11.988459457875836,3.179431118282212,1.0,0.1134020618556701,1.0,0.0,0.04296875,0.04296875,0.0,0.62109375,1.9904335737228394
ISIC_0012127,calibration50,17,local,0.05,0.8038038038038038,0.6719665271966527,0.5337211972747454,0.564625850340136,0.5060240963855421,0.9605263157894737,0.6910499139414802,0.9994873706776027,12.196297976949387,2.9264452796167535,0.41935483870967744,0.5360824742268041,0.5157232704402516,0.48427672955974843,0.60546875,1.16015625,3.0,0.57421875,2.126877784729004
ISIC_0012127,calibration50,17,local8,0.2,0.8008234688625836,0.6678111587982832,0.4983388704318937,0.5555555555555556,0.45180722891566266,0.9961587708066582,0.6695352839931153,0.9999533973343275,11.988459457875836,3.10711763577879,1.0,0.31958762886597936,1.0,0.0,0.12109375,0.12109375,1.0,0.62890625,1.9193123579025269
ISIC_0012127,calibration50,17,local_large,0.05,0.8153692614770459,0.6882898062342039,0.6027219701879455,0.6521739130434783,0.5602409638554217,0.9703087885985748,0.7030981067125646,0.9996116444527293,11.988459457875836,2.8293168280696745,0.4166666666666667,0.5257731958762887,0.27044025157232704,0.7295597484276729,0.65625,1.04296875,3.0,0.63671875,1.9742454290390015
ISIC_0012127,calibration50,17,medium32,0.2,0.8008234688625836,0.6678111587982832,0.4983388704318937,0.5555555555555556,0.45180722891566266,0.9961587708066582,0.6695352839931153,0.9999533973343275,11.988459457875836,3.10711763577879,1.0,0.31958762886597936,1.0,0.0,0.12109375,0.12109375,1.0,0.62890625,1.9179238080978394
ISIC_0012143,calibration50,17,CNN,,0.7972919937205651,0.6629140153369228,0.06701940035273368,0.06666666666666667,0.0673758865248227,1.0,0.6629140153369228,1.0,25.381627995825248,9.831461119122695,,,,,,,,,
ISIC_0012143,calibration50,17,global,0.2,0.7967016786099931,0.6620982215695872,0.06736140954018048,0.0673469387755102,0.0673758865248227,1.0,0.6620982215695872,1.0,25.381627995825248,9.889135654460537,0.0,0.0,0.9333333333333333,0.06666666666666667,0.03125,0.03125,0.0,0.05859375,8.436677932739258
ISIC_0012143,calibration50,17,local,0.05,0.7860957278481012,0.6475763747454175,0.08506944444444445,0.08333333333333333,0.08687943262411348,0.9978659302033643,0.6484744656550824,0.9996809189534142,24.165001842212696,10.07936226079868,0.3697916666666667,0.26141078838174275,0.0,1.0,0.75,1.62890625,4.0,0.0546875,9.014030456542969
ISIC_0012143,calibration50,17,local8,0.2,0.7962299347111089,0.6614468640404535,0.06927444137715505,0.07128309572301425,0.0673758865248227,0.9996302230987304,0.6616087453091858,0.9999436915800143,25.381627995825248,9.898301854992651,0.05555555555555555,0.0,0.7333333333333333,0.26666666666666666,0.0703125,0.0703125,1.0,0.05859375,8.463183403015137
ISIC_0012143,calibration50,17,local_large,0.05,0.8033538071560885,0.6713377871924393,0.1195617402431222,0.11690647482014388,0.12234042553191489,0.998062015503876,0.6722140642845489,0.9996996884267427,24.348510143385,9.30912993319092,0.5722543352601156,0.3775933609958506,0.06666666666666667,0.9333333333333333,0.67578125,1.5234375,4.0,0.1015625,8.174240112304688
ISIC_0012143,calibration50,17,medium32,0.2,0.7968788339794867,0.6623429596997878,0.06749919259339003,0.06762295081967214,0.0673758865248227,1.0,0.6623429596997878,1.0,25.381627995825248,9.887733994474459,0.0,0.0,0.9333333333333333,0.06666666666666667,0.02734375,0.02734375,0.0,0.05859375,8.432344436645508
ISIC_0012151,calibration50,17,CNN,,0.9635738049876305,0.929708077260755,0.5371314078017561,0.5304101838755304,0.5440251572327044,0.9318044327118737,0.9975859632595384,0.9744603723842478,5.0,2.153245990638991,,,,,,,,,
ISIC_0012151,calibration50,17,global,0.2,0.9641769810783896,0.9308317767278321,0.5507479070072251,0.5480631276901005,0.5534591194968553,0.9329332085237597,0.9975859632595384,0.9749134948096886,5.0,2.118026330566072,1.0,0.06060606060606061,0.989010989010989,0.01098901098901099,0.04296875,0.04296875,0.0,0.3828125,2.621135950088501
ISIC_0012151,calibration50,17,local,0.05,0.9761801645734084,0.9534686971235194,0.8161029329138105,0.8069444444444445,0.8254716981132075,0.957736105603082,0.9953485633537447,0.9846350304827813,4.0,1.323826382100461,0.8648648648648649,0.8181818181818182,0.5824175824175825,0.4175824175824176,0.72265625,1.265625,4.0,0.61328125,1.8307640552520752
ISIC_0012151,calibration50,17,local8,0.2,0.9646710507586757,0.931753189617246,0.5635465929627724,0.5595408895265424,0.5676100628930818,0.9338587885134763,0.9975859632595384,0.9752842313395946,5.0,2.0887794958407357,1.0,0.10303030303030303,0.989010989010989,0.01098901098901099,0.0703125,0.0703125,1.0,0.39453125,2.5972483158111572
ISIC_0012151,calibration50,17,local_large,0.05,0.9745081660281706,0.9502836919274198,0.7857702942511658,0.7702888583218707,0.8018867924528302,0.9539277054079964,0.995996231747527,0.9831726808370407,4.206780168668789,1.40200818887275,0.8452380952380952,0.703030303030303,0.5164835164835165,0.4835164835164835,0.65625,1.0703125,3.0,0.56640625,1.9848270416259766
ISIC_0012151,calibration50,17,medium32,0.2,0.9642044161165491,0.9308829185209604,0.5531001141146299,0.5496402877697841,0.5566037735849056,0.9329845814977974,0.9975859632595384,0.9749340912835722,5.0,2.1187593394330277,1.0,0.06060606060606061,0.989010989010989,0.01098901098901099,0.04296875,0.04296875,0.0,0.37890625,2.6203157901763916
ISIC_0012159,calibration50,17,CNN,,0.5963007639726579,0.42480664566026927,0.2294322132097335,0.3055555555555556,0.1836734693877551,0.9893262174783188,0.42676258992805755,0.9997421891364947,35.600399852686735,11.134555726001597,,,,,,,,,
ISIC_0012159,calibration50,17,global,0.2,0.5963007639726579,0.42480664566026927,0.2294322132097335,0.3055555555555556,0.1836734693877551,0.9893262174783188,0.42676258992805755,0.9997421891364947,35.600399852686735,11.134555726001597,,0.0,1.0,0.0,0.0,0.0,0.0,0.31640625,7.148643493652344
ISIC_0012159,calibration50,17,local,0.05,0.7322460074753653,0.5775931385687483,0.17767889796415948,0.1751592356687898,0.18027210884353742,0.8938199917046868,0.6201438848920864,0.9958750261839159,24.02810649042352,7.106349247640686,0.69921875,0.96,0.0,1.0,1.0,5.67578125,12.0,0.26171875,5.540647506713867
ISIC_0012159,calibration50,17,local8,0.2,0.5971468756278883,0.42566599828129476,0.2294322132097335,0.3055555555555556,0.1836734693877551,0.9893475366178429,0.42762589928057554,0.9997421891364947,35.600399852686735,11.117223899739338,1.0,0.02857142857142857,1.0,0.0,0.01953125,0.01953125,0.0,0.31640625,7.131919860839844
ISIC_0012159,calibration50,17,local_large,0.05,0.7370285107136533,0.5835670218732474,0.360442285832386,0.4022140221402214,0.32653061224489793,0.9581031307550645,0.5988489208633093,0.9985337007138139,24.578534360451677,6.65637526683495,0.7886178861788617,0.9657142857142857,0.12345679012345678,0.8765432098765432,0.9609375,4.4140625,10.0,0.40625,4.916326522827148
ISIC_0012159,calibration50,17,medium32,0.2,0.5971468756278883,0.42566599828129476,0.2294322132097335,0.3055555555555556,0.1836734693877551,0.9893475366178429,0.42762589928057554,0.9997421891364947,35.600399852686735,11.117223899739338,1.0,0.02857142857142857,1.0,0.0,0.01953125,0.01953125,0.0,0.31640625,7.131919860839844
ISIC_0012160,calibration50,17,CNN,,0.7669654289372599,0.6220145379023884,0.4459652124322783,0.40963855421686746,0.48936170212765956,0.6220145379023884,1.0,0.9886847586185458,14.317821063276353,4.1539138559430295,,,,,,,,,
ISIC_0012160,calibration50,17,global,0.2,0.76672,0.621691748832382,0.4449924127465857,0.408,0.48936170212765956,0.621691748832382,1.0,0.9886692157045603,14.317821063276353,4.150887630529338,0.0,0.0,1.0,0.0,0.0078125,0.0078125,0.0,0.25,5.46879768371582
ISIC_0012160,calibration50,17,local,0.05,0.7742561448900388,0.6316622691292876,0.4419382689402115,0.365625,0.5585106382978723,0.6319957761351637,0.9991652754590985,0.9891665889520967,15.811388300841896,4.799229906345205,0.47058823529411764,0.3541666666666667,0.671875,0.328125,0.59765625,1.40625,7.0,0.328125,5.763388633728027
ISIC_0012160,calibration50,17,local8,0.2,0.76672,0.621691748832382,0.4449924127465857,0.408,0.48936170212765956,0.621691748832382,1.0,0.9886692157045603,14.317821063276353,4.157345226704557,0.0,0.0,1.0,0.0,0.00390625,0.00390625,0.0,0.25,5.466569900512695
ISIC_0012160,calibration50,17,local_large,0.05,0.781474233529028,0.6413276231263383,0.3875672859871505,0.3185840707964602,0.4946808510638298,0.6413276231263383,1.0,0.9895862476297056,15.319770156326515,4.782693203694305,0.4666666666666667,0.3489583333333333,0.515625,0.484375,0.5859375,1.87109375,9.0,0.24609375,5.786052703857422
ISIC_0012160,calibration50,17,medium32,0.2,0.7662296130476495,0.6210471747019181,0.44402384782814425,0.4063745019920319,0.48936170212765956,0.6210471747019181,1.0,0.9886381298765893,14.317821063276353,4.156067119264179,0.0,0.0,1.0,0.0,0.015625,0.015625,0.0,0.25,5.472780227661133
ISIC_0012191,locked_verification100,17,CNN,,0.9078253533009913,0.8312089609887988,0.6957110139496149,0.7068965517241379,0.6848739495798319,0.9240017174753113,0.8922056384742952,0.9971959951840821,7.673407139984314,2.074983781676541,,,,,,,,,
ISIC_0012191,locked_verification100,17,global,0.2,0.9039310489804498,0.8247027234369007,0.6841996165207027,0.6877637130801688,0.680672268907563,0.9168443496801706,0.8913764510779436,0.9969108421519549,7.673407139984314,2.1353637813126145,0.23529411764705882,0.0,0.9761904761904762,0.023809523809523808,0.06640625,0.10546875,1.0,0.65625,2.1704628467559814
ISIC_0012191,locked_verification100,17,local,0.05,0.8598739068537726,0.754191937210132,0.5912306366605878,0.5201149425287356,0.6848739495798319,0.8439121756487026,0.8764510779436152,0.9938058424687916,8.06225774829855,2.60840177725754,0.3286384976525822,0.3409090909090909,0.24404761904761904,0.7559523809523809,0.83203125,2.1328125,5.0,0.46484375,3.024829387664795
ISIC_0012191,locked_verification100,17,local8,0.2,0.9018456375838926,0.8212375859434683,0.6749828510454511,0.6693877551020408,0.680672268907563,0.9125636672325976,0.8913764510779436,0.996736581965655,7.673407139984314,2.1970019445973428,0.15789473684210525,0.0,0.9821428571428571,0.017857142857142856,0.07421875,0.14453125,2.0,0.65625,2.2149879932403564
ISIC_0012191,locked_verification100,17,local_large,0.05,0.8924205378973105,0.8057395143487859,0.6630809378672882,0.5955414012738853,0.7478991596638656,0.8774038461538461,0.9079601990049752,0.9951523984538369,7.615773105863909,2.295419143974877,0.5365853658536586,0.29545454545454547,0.4880952380952381,0.5119047619047619,0.640625,1.24609375,4.0,0.6328125,2.4544901847839355
ISIC_0012191,locked_verification100,17,medium32,0.2,0.9036321646021415,0.8242052853312907,0.6821052631578948,0.6835443037974683,0.680672268907563,0.9153551680136113,0.8922056384742952,0.9968474748114822,7.673407139984314,2.157828485540941,0.0,0.0,0.9940476190476191,0.005952380952380952,0.0625,0.1171875,1.25,0.65234375,2.2042388916015625
ISIC_0012201,calibration50,17,CNN,,0.9559498697108822,0.9156168290943665,0.8385724293509348,0.8590163934426229,0.819078947368421,0.9356327422880738,0.9771689497716894,0.9956976328863201,2.9742640687119226,1.2301361499772383,,,,,,,,,
ISIC_0012201,calibration50,17,global,0.2,0.9592827792304819,0.9217516152189519,0.9008452827479765,0.9245901639344263,0.8782894736842105,0.942039618488628,0.9771689497716894,0.9961522226190863,2.8284271247461903,1.1182822295853994,1.0,0.3409090909090909,0.9821428571428571,0.017857142857142856,0.12890625,0.12890625,1.0,0.69921875,1.3426222801208496
ISIC_0012201,calibration50,17,local,0.05,0.9732945196810531,0.9479783037475346,0.9934155172320202,0.9967213114754099,0.9901315789473685,0.9712048497095226,0.9753932014205987,0.9981491703737377,2.0,0.6881174761770554,0.9020979020979021,0.9090909090909091,0.625,0.375,0.55859375,0.76953125,2.0,0.94140625,0.8839720487594604
ISIC_0012201,calibration50,17,local8,0.2,0.9602393119780631,0.9235195396787341,0.9205641124712411,0.9442622950819672,0.8980263157894737,0.9438863023768684,0.9771689497716894,0.9962821053998766,2.23606797749979,1.0891140788142009,1.0,0.45454545454545453,0.9821428571428571,0.017857142857142856,0.16796875,0.16796875,1.0,0.71875,1.3080248832702637
ISIC_0012201,calibration50,17,local_large,0.05,0.9710254472159234,0.9436826640548482,0.9851393290530223,0.9934426229508196,0.9769736842105263,0.9644644644644644,0.9776763064434297,0.9976945806409715,2.0,0.7587018808902602,0.9193548387096774,0.9204545454545454,0.7440476190476191,0.25595238095238093,0.484375,0.609375,2.0,0.93359375,0.9877567291259766
ISIC_0012201,calibration50,17,medium32,0.2,0.9616776931718887,0.926184178889156,0.925493128914649,0.9473684210526315,0.9046052631578947,0.9466699434750553,0.9771689497716894,0.9964769295710622,2.23606797749979,1.0491865391708166,1.0,0.5568181818181818,0.9404761904761905,0.05952380952380952,0.23046875,0.23046875,1.0,0.75390625,1.2523388862609863
ISIC_0012204,locked_verification100,17,CNN,,0.7163507870221651,0.5580580580580581,0.25462481812512994,0.2677595628415301,0.24271844660194175,0.8941459502806736,0.597534833869239,0.9979268101146537,13.416407864998739,5.468521704012161,,,,,,,,,
ISIC_0012204,locked_verification100,17,global,0.2,0.7155255544840887,0.5570570570570571,0.2559548683660677,0.27071823204419887,0.24271844660194175,0.8939759036144578,0.5964630225080386,0.9979268101146537,13.416407864998739,5.470467836674771,0.5,0.005154639175257732,1.0,0.0,0.0078125,0.03125,0.0,0.2421875,5.009965419769287
ISIC_0012204,locked_verification100,17,local,0.05,0.49029475197699496,0.32476190476190475,0.1347926267281106,0.10465116279069768,0.18932038834951456,0.7445414847161572,0.3654876741693462,0.9963247997487042,15.112834057858318,7.225287001854568,0.16939890710382513,0.12371134020618557,0.25806451612903225,0.7419354838709677,0.71484375,4.2421875,26.0,0.1015625,6.555368900299072
ISIC_0012204,locked_verification100,17,local8,0.2,0.7162552100032061,0.557942057942058,0.2572708086683482,0.2677595628415301,0.24757281553398058,0.8914604948124502,0.5986066452304395,0.9978639861787341,13.416407864998739,5.456357270971571,0.3684210526315789,0.0,0.7903225806451613,0.20967741935483872,0.07421875,0.078125,1.0,0.2265625,5.028208255767822
ISIC_0012204,locked_verification100,17,local_large,0.05,0.706720346856612,0.546455938697318,0.16997686077902044,0.14335664335664336,0.2087378640776699,0.8371239911958914,0.6114683815648446,0.996513271556463,13.892443989449804,6.214941487681847,0.22388059701492538,0.0979381443298969,0.4032258064516129,0.5967741935483871,0.5234375,1.48046875,4.0,0.1796875,5.509904861450195
ISIC_0012204,locked_verification100,17,medium32,0.2,0.7159782260646814,0.5576059850374064,0.25592708279993853,0.2648648648648649,0.24757281553398058,0.8894192521877486,0.5991425509110396,0.9978168682267944,13.416407864998739,5.460222810589822,0.2857142857142857,0.0,0.8064516129032258,0.1935483870967742,0.08203125,0.08203125,1.0,0.22265625,5.037830829620361
ISIC_0012206,locked_verification100,17,CNN,,0.955616276493612,0.9150049497949371,0.7694691979852769,0.7899761336515513,0.75,0.9692883895131086,0.9423244975240315,0.9965058803477075,5.1733241632105225,1.5907341511018995,,,,,,,,,
ISIC_0012206,locked_verification100,17,global,0.2,0.9555062823355507,0.9148032833286159,0.7556653551712569,0.7743467933491687,0.7378640776699029,0.9699879951980792,0.9414506262743956,0.9965911027782512,5.1733241632105225,1.593970148701039,0.6,0.0,0.9484536082474226,0.05154639175257732,0.0390625,0.0390625,0.0,0.7421875,1.5426733493804932
ISIC_0012206,locked_verification100,17,local,0.05,0.954954954954955,0.9137931034482759,0.7668455131379551,0.7741176470588236,0.7597087378640777,0.9768469154607768,0.9340227206524905,0.997409238111471,5.9070235421649135,1.5852155276618434,0.5693430656934306,0.3225806451612903,0.4484536082474227,0.5515463917525774,0.53515625,0.8203125,2.0,0.71484375,1.514800786972046
ISIC_0012206,locked_verification100,17,local8,0.2,0.9556933983163491,0.9151463725074247,0.7694691979852769,0.7899761336515513,0.75,0.96929298981426,0.9424701427323041,0.9965058803477075,5.1733241632105225,1.5883274122330666,0.0,0.0,0.9948453608247423,0.005154639175257732,0.00390625,0.00390625,0.0,0.7578125,1.5489413738250732
ISIC_0012206,locked_verification100,17,local_large,0.05,0.9567016403132851,0.9169971671388102,0.7656482622539766,0.7595505617977528,0.7718446601941747,0.9709058188362327,0.9429070783571221,0.9966933696949037,5.0,1.5006753625951645,0.6715328467153284,0.3709677419354839,0.4381443298969072,0.5618556701030928,0.53515625,0.875,3.0,0.734375,1.4312403202056885
ISIC_0012206,locked_verification100,17,medium32,0.2,0.9556868537666174,0.9151343705799151,0.7699421965317919,0.7909738717339667,0.75,0.9694336230146838,0.9423244975240315,0.9965229248338162,5.1733241632105225,1.5869148614233834,0.3333333333333333,0.0,0.9845360824742269,0.015463917525773196,0.01171875,0.01171875,0.0,0.7578125,1.5453345775604248
ISIC_0012210,locked_verification100,17,CNN,,0.20253164556962025,0.11267605633802817,0.035700274617497064,0.05179282868525897,0.027237354085603113,0.9989506820566632,0.11268939393939394,0.9999824831838565,42.732303000784334,21.651197909850815,,,,,,,,,
ISIC_0012210,locked_verification100,17,global,0.2,0.20253164556962025,0.11267605633802817,0.035700274617497064,0.05179282868525897,0.027237354085603113,0.9989506820566632,0.11268939393939394,0.9999824831838565,42.732303000784334,21.651197909850815,,0.0,,,0.0,0.0,0.0,0.0,21.628623962402344
ISIC_0012210,locked_verification100,17,local,0.05,0.1947015639961698,0.10785007072135785,0.05386064030131828,0.05759162303664921,0.05058365758754864,0.9621451104100947,0.10830965909090909,0.9993693946188341,42.732303000784334,18.78661103369678,0.5079365079365079,0.25,,,0.4921875,3.546875,16.0,0.0390625,21.316890716552734
ISIC_0012210,locked_verification100,17,local8,0.2,0.20253164556962025,0.11267605633802817,0.035700274617497064,0.05179282868525897,0.027237354085603113,0.9989506820566632,0.11268939393939394,0.9999824831838565,42.732303000784334,21.651197909850815,,0.0,,,0.0,0.0,0.0,0.0,21.628623962402344
ISIC_0012210,locked_verification100,17,local_large,0.05,0.15502183406113537,0.08402366863905325,0.05225975031452628,0.05199306759098787,0.05252918287937743,0.9971910112359551,0.08404356060606061,0.999964966367713,42.54448741413413,19.0916554760946,0.4698275862068966,0.42578125,,,0.90625,8.07421875,26.0,0.07421875,21.572967529296875
ISIC_0012210,locked_verification100,17,medium32,0.2,0.20253164556962025,0.11267605633802817,0.035700274617497064,0.05179282868525897,0.027237354085603113,0.9989506820566632,0.11268939393939394,0.9999824831838565,42.732303000784334,21.651197909850815,,0.0,,,0.0,0.0,0.0,0.0,21.628623962402344
ISIC_0012221,locked_verification100,17,CNN,,0.9504151838671412,0.9055153707052441,0.9413534205367821,0.9665071770334929,0.9174757281553398,0.9653012048192771,0.935981308411215,0.9988642816581488,2.23606797749979,1.0414467344749956,,,,,,,,,
ISIC_0012221,locked_verification100,17,global,0.2,0.9524036173250833,0.9091322126306225,0.9413534205367821,0.9665071770334929,0.9174757281553398,0.9704170708050437,0.9350467289719626,0.9990377941825983,2.23606797749979,0.9970751355295183,1.0,0.34615384615384615,0.9434782608695652,0.05652173913043478,0.0859375,0.0859375,1.0,0.93359375,0.9474731087684631
ISIC_0012221,locked_verification100,17,local,0.05,0.9595180722891566,0.9221861973135711,0.9702891757409677,0.9951923076923077,0.9466019417475728,0.9905472636815921,0.930373831775701,0.9997002965486782,2.1770509831248424,0.8378216291257397,0.8083832335329342,1.0,0.3869565217391304,0.6130434782608696,0.65234375,0.7578125,2.0,1.0,0.663712203502655
ISIC_0012221,locked_verification100,17,local8,0.2,0.9542203147353362,0.9124487004103967,0.9414290621779459,0.9666666666666667,0.9174757281553398,0.9741966893865628,0.9350467289719626,0.9991639851094706,2.23606797749979,0.9556335109558435,1.0,0.8076923076923077,0.9434782608695652,0.05652173913043478,0.1328125,0.1328125,1.0,0.98046875,0.8964791893959045
ISIC_0012221,locked_verification100,17,local_large,0.05,0.96,0.9230769230769231,0.9729815213556683,0.9902439024390244,0.9563106796116505,0.9847665847665847,0.9364485981308411,0.9995110101583696,2.0,0.8347418070892734,0.7933333333333333,1.0,0.4608695652173913,0.5391304347826087,0.5859375,0.59765625,1.0,0.98828125,0.7210164666175842
ISIC_0012221,locked_verification100,17,medium32,0.2,0.9544478893393752,0.9128649635036497,0.9412770385787557,0.9663461538461539,0.9174757281553398,0.9746712128592304,0.9350467289719626,0.9991797589753296,2.23606797749979,0.9588351548792365,1.0,0.8846153846153846,0.9434782608695652,0.05652173913043478,0.140625,0.140625,1.0,0.98828125,0.891632616519928
ISIC_0012222,locked_verification100,17,CNN,,0.9424206815511164,0.8911111111111111,0.906650584172934,0.9234234234234234,0.8904761904761904,0.9426422190879172,0.9421992481203008,0.998075952561191,2.23606797749979,1.150107063034777,,,,,,,,,
ISIC_0012222,locked_verification100,17,global,0.2,0.9426422190879172,0.8915073365940418,0.906650584172934,0.9234234234234234,0.8904761904761904,0.9430856067732831,0.9421992481203008,0.9980917234418369,2.23606797749979,1.1454774334051474,1.0,0.018518518518518517,1.0,0.0,0.00390625,0.00390625,0.0,0.79296875,1.2461535930633545
ISIC_0012222,locked_verification100,17,local,0.05,0.9557687807161245,0.9152846257283729,0.9724292101341281,0.9782608695652174,0.9666666666666667,0.951981351981352,0.9595864661654135,0.9983755992934645,2.0,0.8590417673870524,0.7692307692307693,0.5370370370370371,0.5643564356435643,0.43564356435643564,0.45703125,0.48828125,1.0,0.8359375,1.0631623268127441
ISIC_0012222,locked_verification100,17,local8,0.2,0.9431924882629108,0.8924922256774767,0.906816068549099,0.9237668161434978,0.8904761904761904,0.9423076923076923,0.944078947368421,0.998060181680545,2.23606797749979,1.1303280315673223,0.5,0.0,0.9702970297029703,0.0297029702970297,0.0234375,0.0234375,0.0,0.7890625,1.2538352012634277
ISIC_0012222,locked_verification100,17,local_large,0.05,0.9543859649122807,0.912751677852349,0.9697275258116137,0.9776785714285714,0.9619047619047619,0.9501630181648812,0.9586466165413534,0.9983125157708806,2.0,0.9039666437806697,0.7596153846153846,0.42592592592592593,0.599009900990099,0.400990099009901,0.40625,0.42578125,1.0,0.82421875,1.0871334075927734
ISIC_0012222,locked_verification100,17,medium32,0.2,0.9431658055425082,0.8924444444444445,0.906650584172934,0.9234234234234234,0.8904761904761904,0.9427230046948357,0.943609022556391,0.998075952561191,2.23606797749979,1.1343005187645312,0.4,0.0,0.9752475247524752,0.024752475247524754,0.01953125,0.01953125,0.0,0.7890625,1.2560334205627441
ISIC_0012254,calibration50,17,CNN,,0.07027708985561422,0.03641822848564095,0.0,0.0,0.0,1.0,0.03641822848564095,1.0,113.36180882816392,65.53576928731921,,,,,,,,,
ISIC_0012254,calibration50,17,global,0.2,0.07027708985561422,0.03641822848564095,0.0,0.0,0.0,1.0,0.03641822848564095,1.0,113.36180882816392,65.53576928731921,,0.0,,,0.0,0.0,0.0,0.0,66.8873291015625
ISIC_0012254,calibration50,17,local,0.05,0.08606187000347584,0.04496585791079471,0.0,0.0,0.0,1.0,0.04496585791079471,1.0,106.96447977527612,63.109827122271454,0.30113636363636365,0.21370967741935484,,,0.6875,8.38671875,31.0,0.0,70.3326416015625
ISIC_0012254,calibration50,17,local8,0.2,0.07027708985561422,0.03641822848564095,0.0,0.0,0.0,1.0,0.03641822848564095,1.0,113.36180882816392,65.53576928731921,,0.0,,,0.0,0.0,0.0,0.0,66.8873291015625
ISIC_0012254,calibration50,17,local_large,0.05,0.08281881064017454,0.04319821783137198,0.0,0.0,0.0,1.0,0.04319821783137198,1.0,107.91315941307481,63.73476783990692,0.3784860557768924,0.38306451612903225,,,0.98046875,12.9765625,32.0,0.0,71.466552734375
ISIC_0012254,calibration50,17,medium32,0.2,0.07027708985561422,0.03641822848564095,0.0,0.0,0.0,1.0,0.03641822848564095,1.0,113.36180882816392,65.53576928731921,,0.0,,,0.0,0.0,0.0,0.0,66.8873291015625
ISIC_0012256,locked_verification100,17,CNN,,0.14350355526826114,0.07729805013927576,0.0,0.0,0.0,1.0,0.07729805013927576,1.0,36.37581053379845,29.40192586169874,,,,,,,,,
ISIC_0012256,locked_verification100,17,global,0.2,0.14350355526826114,0.07729805013927576,0.0,0.0,0.0,1.0,0.07729805013927576,1.0,36.37581053379845,29.40192586169874,,0.0,,,0.0,0.0,0.0,0.0,26.83990478515625
ISIC_0012256,locked_verification100,17,local,0.05,0.1985259526423083,0.11020194986072424,0.0,0.0,0.0,1.0,0.11020194986072424,1.0,34.9513835835163,25.98922036897277,1.0,0.609375,,,0.609375,2.16015625,10.0,0.0,25.080322265625
ISIC_0012256,locked_verification100,17,local8,0.2,0.14350355526826114,0.07729805013927576,0.0,0.0,0.0,1.0,0.07729805013927576,1.0,36.37581053379845,29.40192586169874,,0.0,,,0.0,0.0,0.0,0.0,26.83990478515625
ISIC_0012256,locked_verification100,17,local_large,0.05,0.19626314963102529,0.1088091922005571,0.0,0.0,0.0,1.0,0.1088091922005571,1.0,34.28696354430009,25.097866485454013,0.9916666666666667,0.9296875,,,0.9375,6.0625,18.0,0.0,23.037841796875
ISIC_0012256,locked_verification100,17,medium32,0.2,0.14350355526826114,0.07729805013927576,0.0,0.0,0.0,1.0,0.07729805013927576,1.0,36.37581053379845,29.40192586169874,,0.0,,,0.0,0.0,0.0,0.0,26.83990478515625
ISIC_0012288,calibration50,17,CNN,,0.9488395308210631,0.902659069325736,0.9415664181633346,0.9521739130434783,0.9311926605504587,0.924161400097229,0.9748717948717949,0.9975466297612682,2.23606797749979,0.9365956328831679,,,,,,,,,
ISIC_0012288,calibration50,17,global,0.2,0.9488395308210631,0.902659069325736,0.9415664181633346,0.9521739130434783,0.9311926605504587,0.924161400097229,0.9748717948717949,0.9975466297612682,2.23606797749979,0.9365956328831679,1.0,0.020833333333333332,1.0,0.0,0.00390625,0.00390625,0.0,0.81640625,1.258636474609375
ISIC_0012288,calibration50,17,local,0.05,0.9521628498727736,0.9086935405536668,0.9463674040990896,0.92578125,0.9678899082568807,0.944949494949495,0.9594871794871795,0.9982857861793476,3.0,0.7769491975246748,0.744,0.4166666666666667,0.4951923076923077,0.5048076923076923,0.48828125,0.6796875,1.0,0.87109375,1.0419282913208008
ISIC_0012288,calibration50,17,local8,0.2,0.9488395308210631,0.902659069325736,0.9415664181633346,0.9521739130434783,0.9311926605504587,0.924161400097229,0.9748717948717949,0.9975466297612682,2.23606797749979,0.9365956328831679,,0.0,1.0,0.0,0.0,0.0,0.0,0.8125,1.2609138488769531
ISIC_0012288,calibration50,17,local_large,0.05,0.9547637098812232,0.9134429400386848,0.9565489215379807,0.9782608695652174,0.9357798165137615,0.9412057797708022,0.9687179487179487,0.9981442455886516,2.23606797749979,0.8213998764789022,0.6228070175438597,0.4166666666666667,0.5480769230769231,0.4519230769230769,0.4453125,0.640625,3.0,0.86328125,1.0623550415039062
ISIC_0012288,calibration50,17,medium32,0.2,0.9488395308210631,0.902659069325736,0.9415664181633346,0.9521739130434783,0.9311926605504587,0.924161400097229,0.9748717948717949,0.9975466297612682,2.23606797749979,0.9365956328831679,,0.0,1.0,0.0,0.0,0.0,0.0,0.8125,1.2609138488769531
ISIC_0012306,locked_verification100,17,CNN,,0.9397659149300599,0.8863758750673129,0.8649557522123893,0.8872549019607843,0.84375,0.9241998877035373,0.9558652729384437,0.9978844767605854,2.8284271247461903,1.1164884974677862,,,,,,,,,
ISIC_0012306,locked_verification100,17,global,0.2,0.9405714285714286,0.8878101402373247,0.8750874737578727,0.8970588235294118,0.8541666666666666,0.9257592800899888,0.9558652729384437,0.997931488388128,2.8284271247461903,1.099734927732514,1.0,0.05970149253731343,0.9947089947089947,0.005291005291005291,0.01953125,0.01953125,0.0,0.75,1.3684965372085571
ISIC_0012306,locked_verification100,17,local,0.05,0.9514111143439046,0.9073251942286349,0.91545744859656,0.9359605911330049,0.8958333333333334,0.9533527696793003,0.9494773519163763,0.9987463565988655,2.8284271247461903,0.8832770466466434,0.7818181818181819,0.7611940298507462,0.3968253968253968,0.6031746031746031,0.64453125,0.70703125,2.0,0.91015625,1.0347234010696411
ISIC_0012306,locked_verification100,17,local8,0.2,0.9403027706369609,0.8873315363881401,0.8750874737578727,0.8970588235294118,0.8541666666666666,0.925238898257448,0.9558652729384437,0.9979158178456138,2.8284271247461903,1.1047854327830189,1.0,0.029850746268656716,1.0,0.0,0.0078125,0.0078125,0.0,0.7421875,1.3787237405776978
ISIC_0012306,locked_verification100,17,local_large,0.05,0.9487546521614658,0.9025054466230937,0.913418228326753,0.9317073170731708,0.8958333333333334,0.9356295878035008,0.962253193960511,0.9982135581533833,2.8284271247461903,0.939156871649982,0.6931818181818182,0.5522388059701493,0.7301587301587301,0.2698412698412698,0.34375,0.34765625,1.0,0.84765625,1.256711483001709
ISIC_0012306,locked_verification100,17,medium32,0.2,0.9403027706369609,0.8873315363881401,0.8750874737578727,0.8970588235294118,0.8541666666666666,0.925238898257448,0.9558652729384437,0.9979158178456138,2.8284271247461903,1.1047854327830189,1.0,0.029850746268656716,1.0,0.0,0.0078125,0.0078125,0.0,0.7421875,1.3787237405776978
ISIC_0012313,locked_verification100,17,CNN,,0.9521094640820981,0.9085963003264418,0.9368797141722907,0.9523809523809523,0.921875,0.981198589894242,0.9246954595791805,0.9994978816883728,2.23606797749979,1.9814172605465035,,,,,,,,,
ISIC_0012313,locked_verification100,17,global,0.2,0.9517556380245504,0.9079520697167756,0.9368797141722907,0.9523809523809523,0.921875,0.9823217442545669,0.9230343300110742,0.9995292640828495,2.23606797749979,1.9866666043785246,0.875,0.0,0.967741935483871,0.03225806451612903,0.03125,0.03125,0.0,0.96875,0.7670773267745972
ISIC_0012313,locked_verification100,17,local,0.05,0.9462989840348331,0.8980716253443526,0.9472837845740015,0.9627659574468085,0.9322916666666666,0.9945088468578401,0.902547065337763,0.9998587792248549,2.23606797749979,2.0892976886512025,0.5957446808510638,0.625,0.45161290322580644,0.5483870967741935,0.55078125,0.59765625,1.0,0.98828125,0.676243007183075
ISIC_0012313,locked_verification100,17,local8,0.2,0.9521094640820981,0.9085963003264418,0.9368797141722907,0.9523809523809523,0.921875,0.981198589894242,0.9246954595791805,0.9994978816883728,2.23606797749979,1.9814172605465035,,0.0,1.0,0.0,0.0,0.0,0.0,0.96875,0.7819642424583435
ISIC_0012313,locked_verification100,17,local_large,0.05,0.9554981337927074,0.9147883452446399,0.960462789787308,0.9679144385026738,0.953125,0.9922480620155039,0.9213732004429679,0.9997960144359015,2.0,1.9182959233606476,0.8333333333333334,0.5,0.6774193548387096,0.3225806451612903,0.328125,0.34375,1.0,0.984375,0.6114407777786255
ISIC_0012313,locked_verification100,17,medium32,0.2,0.9518106643855146,0.9080522306855278,0.9368797141722907,0.9523809523809523,0.921875,0.9811875367430923,0.9241417497231451,0.9994978816883728,2.23606797749979,1.9866666043785246,1.0,0.0,0.9879032258064516,0.012096774193548387,0.01171875,0.01171875,0.0,0.96875,0.7751353979110718
ISIC_0012316,locked_verification100,17,CNN,,0.9181406828465652,0.8486692015209125,0.8622238861849494,0.8647058823529412,0.8597560975609756,0.8992747784045125,0.9378151260504202,0.9980573773039505,3.0,1.2375161928594056,,,,,,,,,
ISIC_0012316,locked_verification100,17,global,0.2,0.9188966652943599,0.84996191926885,0.8707685933291901,0.8757396449704142,0.8658536585365854,0.9007263922518159,0.9378151260504202,0.9980884592670873,2.8284271247461903,1.2257301223870063,1.0,0.03076923076923077,1.0,0.0,0.0078125,0.0078125,0.0,0.74609375,1.4350889921188354
ISIC_0012316,locked_verification100,17,local,0.05,0.9561621174524401,0.9160063391442155,1.0,1.0,1.0,0.9413680781758957,0.9714285714285714,0.9988810493270754,2.0,0.6142404056870543,0.8333333333333334,0.9076923076923077,0.4607329842931937,0.5392670157068062,0.6328125,0.8515625,2.0,0.9375,0.9509930610656738
ISIC_0012316,locked_verification100,17,local8,0.2,0.9209225700164745,0.8534351145038168,0.8922699682437593,0.888235294117647,0.8963414634146342,0.9030694668820679,0.9394957983193277,0.9981350822117925,2.739573252659227,1.1795531393263563,1.0,0.13846153846153847,0.9790575916230366,0.020942408376963352,0.05078125,0.05078125,0.25,0.75390625,1.4008997678756714
ISIC_0012316,locked_verification100,17,local_large,0.05,0.9491803278688524,0.9032761310452418,0.9850713661520535,0.9823529411764705,0.9878048780487805,0.9264,0.973109243697479,0.9985702296957076,2.0,0.7401855402629987,0.8193548387096774,0.9384615384615385,0.5078534031413613,0.49214659685863876,0.60546875,0.70703125,2.0,0.8828125,1.0803253650665283
ISIC_0012316,locked_verification100,17,medium32,0.2,0.9230769230769231,0.8571428571428571,0.9039493903290826,0.8994082840236687,0.9085365853658537,0.9041095890410958,0.9428571428571428,0.9981506231933609,2.591483465847627,1.1535136089494664,1.0,0.1076923076923077,0.9162303664921466,0.08376963350785341,0.08984375,0.08984375,1.0,0.7578125,1.3761582374572754
ISIC_0012335,locked_verification100,17,CNN,,0.6813186813186813,0.5166666666666667,0.0,0.0,0.0,1.0,0.5166666666666667,1.0,9.899494936611665,5.893359814373388,,,,,,,,,
ISIC_0012335,locked_verification100,17,global,0.2,0.6817859673990078,0.5172043010752688,0.0,0.0,0.0,1.0,0.5172043010752688,1.0,9.899494936611665,5.885466688652379,0.6666666666666666,0.0078125,,,0.01171875,0.01171875,0.0,0.0,4.825958251953125
ISIC_0012335,locked_verification100,17,local,0.05,0.6657101865136298,0.4989247311827957,0.0,0.0,0.0,1.0,0.4989247311827957,1.0,11.293703207261888,6.158771838216475,0.43243243243243246,0.25,,,0.578125,0.9609375,3.0,0.015625,5.03057861328125
ISIC_0012335,locked_verification100,17,local8,0.2,0.6817859673990078,0.5172043010752688,0.0,0.0,0.0,1.0,0.5172043010752688,1.0,9.984924240491749,5.873708681403583,0.5,0.05859375,,,0.1171875,0.1171875,1.0,0.0,4.820159912109375
ISIC_0012335,locked_verification100,17,local_large,0.05,0.6700035752592063,0.5037634408602151,0.0,0.0,0.0,1.0,0.5037634408602151,1.0,11.273456376715135,6.059344221656149,0.3630952380952381,0.23828125,,,0.65625,0.90625,2.0,0.01953125,4.990161895751953
ISIC_0012335,locked_verification100,17,medium32,0.2,0.6845827439886846,0.5204301075268817,0.0,0.0,0.0,1.0,0.5204301075268817,1.0,9.984924240491749,5.8315962099617025,0.725,0.11328125,,,0.15625,0.15625,1.0,0.0,4.762321472167969
ISIC_0012380,calibration50,17,CNN,,0.8761830269847477,0.7796492204899778,0.2789141206584787,0.2713936430317848,0.2868632707774799,0.8254974207811349,0.9335,0.9801128728836335,16.406981739922262,4.909829032964819,,,,,,,,,
ISIC_0012380,calibration50,17,global,0.2,0.8761145002346317,0.7795407098121085,0.2789141206584787,0.2713936430317848,0.2868632707774799,0.8253757736516357,0.9335,0.980096076323569,16.406981739922262,4.912386577721852,0.0,0.0,0.9863013698630136,0.0136986301369863,0.00390625,0.00390625,0.0,0.28515625,5.689619541168213
ISIC_0012380,calibration50,17,local,0.05,0.8817846202183646,0.7885642034279292,0.3597332616974543,0.3347547974413646,0.38873994638069703,0.833902837616996,0.9355,0.9812214458478904,15.391485505499094,4.466210136083724,0.5,0.3333333333333333,0.273972602739726,0.726027397260274,0.625,1.234375,4.25,0.26953125,5.5266642570495605
ISIC_0012380,calibration50,17,local8,0.2,0.8761145002346317,0.7795407098121085,0.2789141206584787,0.2713936430317848,0.2868632707774799,0.8253757736516357,0.9335,0.980096076323569,16.406981739922262,4.912386577721852,0.0,0.0,0.9863013698630136,0.0136986301369863,0.00390625,0.00390625,0.0,0.28515625,5.689619541168213
ISIC_0012380,calibration50,17,local_large,0.05,0.8830018645121194,0.7905132841841702,0.28233052865534214,0.2623318385650224,0.30563002680965146,0.8269790454016298,0.9471666666666667,0.980028890083311,15.489356881873896,4.57409354712991,0.5461538461538461,0.3114754098360656,0.4246575342465753,0.5753424657534246,0.5078125,0.92578125,3.25,0.265625,5.526003837585449
ISIC_0012380,calibration50,17,medium32,0.2,0.8760459842027059,0.7794322293348177,0.2789141206584787,0.2713936430317848,0.2868632707774799,0.8252541623692353,0.9335,0.9800792797635044,16.406981739922262,4.916003492203624,0.0,0.0,0.9726027397260274,0.0273972602739726,0.0078125,0.0078125,0.0,0.28125,5.692415714263916
ISIC_0012383,calibration50,17,CNN,,0.958803295736341,0.9208666256914567,0.7719169270354714,0.8152173913043478,0.7329842931937173,0.9920542956464161,0.9277089783281733,0.9991874873044891,3.605551275463989,1.4817165167502613,,,,,,,,,
ISIC_0012383,calibration50,17,global,0.2,0.95888,0.9210081450745351,0.7719169270354714,0.8152173913043478,0.7329842931937173,0.9922185430463576,0.9277089783281733,0.9992044146523122,3.605551275463989,1.4790498500835947,1.0,0.0,0.9954128440366973,0.0045871559633027525,0.00390625,0.00390625,0.0,0.8515625,1.1175382137298584
ISIC_0012383,calibration50,17,local,0.05,0.9583199227550692,0.9199752819403677,0.7739555710523661,0.8070652173913043,0.743455497382199,0.9978217158176944,0.9218266253869969,0.9997799444782991,4.0,1.4913179603671476,0.5984251968503937,0.39473684210526316,0.518348623853211,0.481651376146789,0.49609375,0.5703125,2.0,0.8515625,1.0617730617523193
ISIC_0012383,calibration50,17,local8,0.2,0.9590531030070377,0.9213275968039336,0.7719169270354714,0.8152173913043478,0.7329842931937173,0.9920582395764395,0.9281733746130031,0.9991874873044891,3.605551275463989,1.471278598853688,1.0,0.05263157894736842,1.0,0.0,0.0078125,0.0078125,0.0,0.8515625,1.11429762840271
ISIC_0012383,calibration50,17,local_large,0.05,0.9615631005765535,0.9259716224552745,0.8055671291166172,0.8387978142076503,0.774869109947644,0.9960185799601858,0.9294117647058824,0.9995937436522445,3.605551275463989,1.359079213284038,0.5845070422535211,0.4473684210526316,0.4541284403669725,0.5458715596330275,0.5546875,0.58203125,1.0,0.8828125,1.0110514163970947
ISIC_0012383,calibration50,17,medium32,0.2,0.958803295736341,0.9208666256914567,0.7719169270354714,0.8152173913043478,0.7329842931937173,0.9920542956464161,0.9277089783281733,0.9991874873044891,3.605551275463989,1.4817165167502613,,0.0,1.0,0.0,0.0,0.0,0.0,0.8515625,1.1210267543792725
ISIC_0012400,locked_verification100,17,CNN,,0.8954929403785683,0.8107625320978006,0.18840579710144925,0.18932038834951456,0.1875,0.9983502886994776,0.8118501956400224,0.9997879521478681,9.848857801796104,4.654711006802908,,,,,,,,,
ISIC_0012400,locked_verification100,17,global,0.2,0.8954929403785683,0.8107625320978006,0.18840579710144925,0.18932038834951456,0.1875,0.9983502886994776,0.8118501956400224,0.9997879521478681,9.848857801796104,4.654711006802908,,0.0,1.0,0.0,0.0,0.0,0.0,0.2578125,4.222001552581787
ISIC_0012400,locked_verification100,17,local,0.05,0.889371740749938,0.8007825600894355,0.15632183908045974,0.16113744075829384,0.15178571428571427,1.0,0.8007825600894355,1.0,9.848857801796104,4.919466574745772,0.3357664233576642,0.15263157894736842,0.2727272727272727,0.7272727272727273,0.53515625,0.67578125,2.0,0.234375,4.391129493713379
ISIC_0012400,locked_verification100,17,local8,0.2,0.8954671600370028,0.8107202680067002,0.18840579710144925,0.18932038834951456,0.1875,0.9986244841815681,0.8116266070430408,0.9998232934565567,9.848857801796104,4.653793310909142,0.6666666666666666,0.0,0.9696969696969697,0.030303030303030304,0.01171875,0.01171875,0.0,0.2578125,4.218243598937988
ISIC_0012400,locked_verification100,17,local_large,0.05,0.8931354359925788,0.8069057995306739,0.16303099885189437,0.16784869976359337,0.15848214285714285,0.9994463667820069,0.8072666294019005,0.9999293173826227,10.034837552669964,4.792433309308283,0.408,0.19473684210526315,0.3333333333333333,0.6666666666666666,0.48828125,0.62890625,2.0,0.2265625,4.287633419036865
ISIC_0012400,locked_verification100,17,medium32,0.2,0.8954671600370028,0.8107202680067002,0.18840579710144925,0.18932038834951456,0.1875,0.9986244841815681,0.8116266070430408,0.9998232934565567,9.848857801796104,4.653793310909142,0.6666666666666666,0.0,0.9696969696969697,0.030303030303030304,0.01171875,0.01171875,0.0,0.2578125,4.218243598937988
ISIC_0012417,calibration50,17,CNN,,0.8717948717948718,0.7727272727272727,0.2577576283133783,0.23950617283950618,0.2790202342917998,0.8152030373060416,0.9368301242530589,0.80189931282626,34.288247716821886,10.393357097792578,,,,,,,,,
ISIC_0012417,calibration50,17,global,0.2,0.871880835796315,0.7728623566214807,0.2593936734372484,0.24480968858131488,0.27582534611288606,0.8149705866182858,0.9373359891239053,0.8014864187335948,34.274416889513944,10.416671405672405,1.0,0.004878048780487805,0.9803921568627451,0.0196078431372549,0.0078125,0.0078125,0.0,0.203125,11.982324600219727
ISIC_0012417,calibration50,17,local,0.05,0.8692924165074295,0.7688039146446047,0.29954208973593244,0.2604166666666667,0.35250266240681577,0.7917500064940125,0.9636725789623447,0.7635591470787743,39.90799889326943,11.069505953165594,0.36904761904761907,0.2780487804878049,0.5294117647058824,0.47058823529411764,0.65625,3.6953125,14.0,0.265625,12.698144912719727
ISIC_0012417,calibration50,17,local8,0.2,0.8717782842020143,0.7727012093411176,0.2591561347030632,0.24438687392055267,0.27582534611288606,0.8147914032869785,0.9373359891239053,0.8012504792520718,34.24675523489798,10.435773878696176,0.6666666666666666,0.004878048780487805,0.9803921568627451,0.0196078431372549,0.01171875,0.015625,0.0,0.203125,11.988794326782227
ISIC_0012417,calibration50,17,local_large,0.05,0.8724036456101254,0.7736843438822307,0.3216865725858213,0.2973421926910299,0.3503727369542066,0.7957417976181169,0.9654114894558791,0.7688382929778512,36.792661031311034,10.451833072136514,0.3953488372093023,0.21951219512195122,0.7254901960784313,0.27450980392156865,0.50390625,2.55859375,14.0,0.2734375,12.145513534545898
ISIC_0012417,calibration50,17,medium32,0.2,0.871880835796315,0.7728623566214807,0.2593936734372484,0.24480968858131488,0.27582534611288606,0.8149705866182858,0.9373359891239053,0.8014864187335948,34.274416889513944,10.416671405672405,1.0,0.004878048780487805,0.9803921568627451,0.0196078431372549,0.0078125,0.0078125,0.0,0.203125,11.982324600219727
ISIC_0012434,locked_verification100,17,CNN,,0.9265367316341829,0.8631284916201117,0.6343362087102882,0.6617647058823529,0.6090909090909091,0.9818429414434862,0.8771289537712895,0.9993657840494689,4.123105625617661,1.7355466015786112,,,,,,,,,
ISIC_0012434,locked_verification100,17,global,0.2,0.9271324474924989,0.8641630043947264,0.6343362087102882,0.6617647058823529,0.6090909090909091,0.9831818181818182,0.8771289537712895,0.9994133502457587,4.123105625617661,1.720418739403203,1.0,0.0125,0.9829545454545454,0.017045454545454544,0.015625,0.015625,0.0,0.69140625,1.4784051179885864
ISIC_0012434,locked_verification100,17,local,0.05,0.9331614012465076,0.8746978243352136,0.6868406090087814,0.722488038277512,0.6545454545454545,0.9926840420667581,0.8803730738037308,0.9997463136197875,3.605551275463989,1.5338927322287643,0.7142857142857143,0.875,0.4431818181818182,0.5568181818181818,0.65625,0.75390625,2.0,0.8203125,1.2331900596618652
ISIC_0012434,locked_verification100,17,local8,0.2,0.9276979189015233,0.8651460584233693,0.6343362087102882,0.6617647058823529,0.6090909090909091,0.9849658314350798,0.8767234387672344,0.9994767718408119,4.123105625617661,1.7052908772277946,1.0,0.025,0.9375,0.0625,0.05078125,0.05078125,0.25,0.6953125,1.4525816440582275
ISIC_0012434,locked_verification100,17,local_large,0.05,0.9353595890410958,0.8785685564937676,0.7098955132145053,0.7403846153846154,0.6818181818181818,0.9904805077062556,0.8860502838605029,0.9996670366259711,3.605551275463989,1.5129158094588027,0.7225806451612903,0.9125,0.5340909090909091,0.4659090909090909,0.60546875,0.734375,2.0,0.8828125,1.191545009613037
ISIC_0012434,locked_verification100,17,medium32,0.2,0.9271324474924989,0.8641630043947264,0.6343362087102882,0.6617647058823529,0.6090909090909091,0.9831818181818182,0.8771289537712895,0.9994133502457587,4.123105625617661,1.720418739403203,1.0,0.0125,0.9772727272727273,0.022727272727272728,0.01953125,0.01953125,0.0,0.69140625,1.475643277168274
ISIC_0012492,locked_verification100,17,CNN,,0.7681795998047828,0.6236133122028527,0.3350215483343295,0.3588516746411483,0.3141592920353982,0.9893148962916405,0.6278420422816114,0.9997302828856558,15.02497228377968,6.044446195611031,,,,,,,,,
ISIC_0012492,locked_verification100,17,global,0.2,0.7681795998047828,0.6236133122028527,0.3350215483343295,0.3588516746411483,0.3141592920353982,0.9893148962916405,0.6278420422816114,0.9997302828856558,15.02497228377968,6.044446195611031,,0.0,1.0,0.0,0.0,0.0,0.0,0.40625,4.5384368896484375
ISIC_0012492,locked_verification100,17,local,0.05,0.7201357946106514,0.5626657824933687,0.29809254266240187,0.23980815347721823,0.3938053097345133,0.7692656391659112,0.6769046669325888,0.9919243522822827,16.594967208645517,5.588159884186417,0.45454545454545453,0.6052631578947368,0.19230769230769232,0.8076923076923077,0.90234375,6.7265625,15.0,0.22265625,5.886057376861572
ISIC_0012492,locked_verification100,17,local8,0.2,0.7681795998047828,0.6236133122028527,0.3350215483343295,0.3588516746411483,0.3141592920353982,0.9893148962916405,0.6278420422816114,0.9997302828856558,15.02497228377968,6.044446195611031,,0.0,1.0,0.0,0.0,0.0,0.0,0.40625,4.5384368896484375
ISIC_0012492,locked_verification100,17,local_large,0.05,0.7039337474120083,0.5431309904153354,0.2277560156687185,0.1746031746031746,0.3274336283185841,0.7318123116659492,0.6781013163143199,0.9901156610449159,14.30204846431768,5.769832180373753,0.2946058091286307,0.4605263157894737,0.0,1.0,0.94140625,7.9765625,17.0,0.0625,7.166515350341797
ISIC_0012492,locked_verification100,17,medium32,0.2,0.7681795998047828,0.6236133122028527,0.3350215483343295,0.3588516746411483,0.3141592920353982,0.9893148962916405,0.6278420422816114,0.9997302828856558,15.02497228377968,6.044446195611031,,0.0,1.0,0.0,0.0,0.0,0.0,0.40625,4.5384368896484375
ISIC_0012513,locked_verification100,17,CNN,,0.5857078919886618,0.4141350210970464,0.08614668218859138,0.09973045822102426,0.07581967213114754,0.9613124387855044,0.4211542587427591,0.9971893122709645,43.42885038547558,16.468384597102755,,,,,,,,,
ISIC_0012513,locked_verification100,17,global,0.2,0.5857078919886618,0.4141350210970464,0.08614668218859138,0.09973045822102426,0.07581967213114754,0.9613124387855044,0.4211542587427591,0.9971893122709645,43.42885038547558,16.468384597102755,,0.0,1.0,0.0,0.0,0.0,0.0,0.1015625,11.961957931518555
ISIC_0012513,locked_verification100,17,local,0.05,0.5864796299059842,0.41490709459459457,0.09663012586276898,0.1101511879049676,0.0860655737704918,0.9632352941176471,0.4215833512121862,0.9973316255737005,41.67230610535112,15.453198045144916,0.6126760563380281,0.3652173913043478,0.3076923076923077,0.6923076923076923,0.5546875,1.4140625,5.0,0.08984375,12.014167785644531
ISIC_0012513,locked_verification100,17,local8,0.2,0.5853913302991868,0.4138185654008439,0.08614668218859138,0.09973045822102426,0.07581967213114754,0.9612839990198481,0.4208324393906887,0.9971893122709645,43.42885038547558,16.47471319861596,0.0,0.0,1.0,0.0,0.01171875,0.01171875,0.0,0.1015625,11.972639083862305
ISIC_0012513,locked_verification100,17,local_large,0.05,0.5794321957112655,0.4078877431699798,0.0883352208380521,0.09873417721518987,0.07991803278688525,0.9783273839877613,0.41160695129800473,0.9984879211584303,42.447233005063325,16.38459333910483,0.4426229508196721,0.23043478260869565,0.6538461538461539,0.34615384615384615,0.4765625,1.13671875,6.25,0.09375,12.225238800048828
ISIC_0012513,locked_verification100,17,medium32,0.2,0.5857078919886618,0.4141350210970464,0.08614668218859138,0.09973045822102426,0.07581967213114754,0.9613124387855044,0.4211542587427591,0.9971893122709645,43.42885038547558,16.468384597102755,,0.0,1.0,0.0,0.0,0.0,0.0,0.1015625,11.961957931518555
ISIC_0012538,locked_verification100,17,CNN,,0.9463350785340314,0.8981366459627329,0.8938169517008081,0.90625,0.8817204301075269,0.9175126903553299,0.977027027027027,0.9979705257899338,2.8284271247461903,0.9333302782278503,,,,,,,,,
ISIC_0012538,locked_verification100,17,global,0.2,0.9475753604193972,0.900373599003736,0.9067378417802054,0.9214659685863874,0.8924731182795699,0.9198473282442748,0.977027027027027,0.9980329711502436,2.6803373379345903,0.9064571619837705,1.0,0.0967741935483871,0.9948453608247423,0.005154639175257732,0.02734375,0.02734375,0.0,0.765625,1.1759827136993408
ISIC_0012538,locked_verification100,17,local,0.05,0.9628886659979939,0.9284332688588007,0.9707724425887266,0.9738219895287958,0.967741935483871,0.9530112508272667,0.972972972972973,0.9988915948545023,2.0,0.6026199199103033,0.6610169491525424,0.8387096774193549,0.3556701030927835,0.6443298969072165,0.69140625,0.859375,2.0,0.90625,0.8562308549880981
ISIC_0012538,locked_verification100,17,local8,0.2,0.9466448445171849,0.8986948415164698,0.899112564222326,0.9114583333333334,0.8870967741935484,0.9180952380952381,0.977027027027027,0.9979861371300113,2.6803373379345903,0.9258476667867228,1.0,0.04838709677419355,1.0,0.0,0.01171875,0.01171875,0.0,0.76171875,1.1881077289581299
ISIC_0012538,locked_verification100,17,local_large,0.05,0.961219754723235,0.9253350350989151,0.9708401834386087,0.9739583333333334,0.967741935483871,0.9433962264150944,0.9797297297297297,0.9986418134132634,2.0,0.6268802627792365,0.6114285714285714,0.8709677419354839,0.37628865979381443,0.6237113402061856,0.68359375,0.76171875,2.0,0.921875,0.959733784198761
ISIC_0012538,locked_verification100,17,medium32,0.2,0.9491302920905809,0.9031855090568395,0.9181103795624866,0.9222797927461139,0.9139784946236559,0.9227823867262285,0.977027027027027,0.9981110278506307,2.23606797749979,0.8741724788740454,1.0,0.25806451612903225,0.9845360824742269,0.015463917525773196,0.07421875,0.07421875,1.0,0.80859375,1.134171724319458
ISIC_0012547,locked_verification100,17,CNN,,0.8946869070208728,0.8094420600858369,0.49947669269785044,0.48788927335640137,0.5116279069767442,0.8774813895781638,0.9125806451612903,0.9936735216862067,8.06225774829855,2.7712035797314205,,,,,,,,,
ISIC_0012547,locked_verification100,17,global,0.2,0.8935565382185723,0.8075934912931773,0.49947669269785044,0.48788927335640137,0.5116279069767442,0.875309405940594,0.9125806451612903,0.9935453904798514,8.06225774829855,2.8051298997506504,0.0,0.0,0.9824561403508771,0.017543859649122806,0.03125,0.03125,0.0,0.4453125,3.0946295261383057
ISIC_0012547,locked_verification100,17,local,0.05,0.8727833461835004,0.774281805745554,0.4553984736644564,0.41543026706231456,0.5038759689922481,0.8360413589364845,0.9129032258064517,0.9911108975591005,10.7795944566936,3.375715743695508,0.20253164556962025,0.14084507042253522,0.39473684210526316,0.6052631578947368,0.6171875,1.21484375,3.0,0.40625,3.7435202598571777
ISIC_0012547,locked_verification100,17,local8,0.2,0.8924290220820189,0.8057533466248932,0.49864325618515565,0.4863013698630137,0.5116279069767442,0.8731481481481481,0.9125806451612903,0.9934172592734961,8.06225774829855,2.825208361415589,0.0,0.0,0.9649122807017544,0.03508771929824561,0.06640625,0.06640625,1.0,0.4453125,3.124309778213501
ISIC_0012547,locked_verification100,17,local_large,0.05,0.8753462603878116,0.7783251231527094,0.474775058201724,0.4458204334365325,0.5077519379844961,0.836962919364332,0.9174193548387096,0.9911269139598949,10.0,3.2489583343391444,0.16778523489932887,0.11267605633802817,0.42105263157894735,0.5789473684210527,0.58203125,1.09765625,3.0,0.3984375,3.6843338012695312
ISIC_0012547,locked_verification100,17,medium32,0.2,0.8922882826052673,0.8055239179954442,0.4968367101785857,0.4828767123287671,0.5116279069767442,0.8728787411292811,0.9125806451612903,0.9934012428727016,8.06225774829855,2.8321691380060368,0.0,0.0,0.956140350877193,0.043859649122807015,0.07421875,0.07421875,1.0,0.44140625,3.131675958633423
ISIC_0012660,locked_verification100,17,CNN,,0.9650704940937381,0.9324987727049583,0.9480908228079141,0.9617834394904459,0.9347826086956522,0.9566859733064719,0.9736032803690415,0.9972093325112762,2.23606797749979,0.9060789689385854,,,,,,,,,
ISIC_0012660,locked_verification100,17,global,0.2,0.9650970935397893,0.9325484424822174,0.949685534591195,0.9617834394904459,0.937888198757764,0.9559969826502389,0.9743721168631471,0.9971606580783334,2.23606797749979,0.9044052345010918,0.3,0.0,0.9545454545454546,0.045454545454545456,0.0390625,0.0390625,0.0,0.859375,1.0763181447982788
ISIC_0012660,locked_verification100,17,local,0.05,0.9693799438632305,0.9405793513245853,0.9783556405353729,0.9879518072289156,0.968944099378882,0.9651930894308943,0.9736032803690415,0.9977772008956096,2.0,0.7505811420329364,0.5833333333333334,0.8333333333333334,0.37272727272727274,0.6272727272727273,0.65625,0.9375,2.0,0.9140625,0.9219003915786743
ISIC_0012660,locked_verification100,17,local8,0.2,0.9664292980671414,0.9350393700787402,0.9512750408033849,0.9617834394904459,0.9409937888198758,0.9591115598182736,0.97385955920041,0.9973715806210858,2.23606797749979,0.866186467536681,0.7666666666666667,0.1111111111111111,0.8818181818181818,0.11818181818181818,0.1171875,0.1171875,1.0,0.875,1.0202008485794067
ISIC_0012660,locked_verification100,17,local_large,0.05,0.9704126984126984,0.9425259003453379,0.965925896615342,0.9723076923076923,0.9596273291925466,0.9617417568587969,0.9792414146591492,0.9975338287308952,2.0,0.7420888324403474,0.5666666666666667,0.8055555555555556,0.3181818181818182,0.6818181818181818,0.703125,0.9296875,2.0,0.90234375,0.9670571088790894
ISIC_0012660,locked_verification100,17,medium32,0.2,0.965482233502538,0.9332679097154073,0.9528593668915413,0.9617834394904459,0.9440993788819876,0.9562594268476622,0.9748846745258841,0.9971768828893144,2.23606797749979,0.8916238033619535,0.4375,0.0,0.9272727272727272,0.07272727272727272,0.0625,0.0625,1.0,0.859375,1.0705686807632446
ISIC_0012684,locked_verification100,17,CNN,,0.979438261791203,0.9597050576383841,0.9698654843315548,0.9755102040816327,0.9642857142857143,0.9725320985055778,0.9864432109308283,0.9953532260361772,2.0,0.8197370283228593,,,,,,,,,
ISIC_0012684,locked_verification100,17,global,0.2,0.9795918367346939,0.96,0.9698407319552694,0.9754601226993865,0.9642857142857143,0.972938822786143,0.986336464560205,0.9954244409628258,2.0,0.8149759127435326,1.0,0.0,0.9819819819819819,0.018018018018018018,0.015625,0.015625,0.0,0.8671875,1.0770384073257446
ISIC_0012684,locked_verification100,17,local,0.05,0.9836170212765958,0.9677621938455098,0.9819709500574595,0.974559686888454,0.9894957983193278,0.9802798982188295,0.9869769427839453,0.9966885059108389,2.0,0.621180520316281,0.7232142857142857,0.5588235294117647,0.5990990990990991,0.4009009009009009,0.4375,0.4765625,1.0,0.92578125,0.895797073841095
ISIC_0012684,locked_verification100,17,local8,0.2,0.9798643493005511,0.9605235819655101,0.9698407319552694,0.9754601226993865,0.9642857142857143,0.9728535353535354,0.9869769427839453,0.9954066372311636,2.0,0.8050424552952147,1.0,0.0,0.9774774774774775,0.02252252252252252,0.01953125,0.01953125,0.0,0.8671875,1.0724960565567017
ISIC_0012684,locked_verification100,17,local_large,0.05,0.9834737178803711,0.9674847912733375,0.9836227605382013,0.9798792756539235,0.9873949579831933,0.982321618743344,0.9846285226302306,0.9970445805440821,2.0,0.6402790576254286,0.851063829787234,0.5588235294117647,0.6666666666666666,0.3333333333333333,0.3671875,0.40234375,1.0,0.9375,0.8565943837165833
ISIC_0012684,locked_verification100,17,medium32,0.2,0.9796459238842362,0.9601038961038961,0.9698407319552694,0.9754601226993865,0.9642857142857143,0.9729416719309328,0.9864432109308283,0.9954244409628258,2.0,0.812903373883429,1.0,0.0,0.9864864864864865,0.013513513513513514,0.01171875,0.01171875,0.0,0.8671875,1.0771070718765259
ISIC_0012720,calibration50,17,CNN,,0.9578237410071943,0.9190611787039434,0.6878645304796169,0.702048417132216,0.6742424242424242,0.9224839771349385,0.9959790536749579,0.9836803909412494,6.8978713763747725,1.9695590628164332,,,,,,,,,
ISIC_0012720,calibration50,17,global,0.2,0.9578630210909745,0.91913351169414,0.686969463690018,0.7001862197392924,0.6742424242424242,0.9226370960755437,0.9958855432953058,0.9837168593413806,6.8978713763747725,1.9627529402417636,1.0,0.009345794392523364,1.0,0.0,0.00390625,0.00390625,0.0,0.58203125,2.385854721069336
ISIC_0012720,calibration50,17,local,0.05,0.9569390867497981,0.9174335598176657,0.7696147734808012,0.7610169491525424,0.7784090909090909,0.9195689655172414,0.9974752197493921,0.982987491338755,8.0342417615642,1.9208300401801865,0.44871794871794873,0.4672897196261682,0.5436241610738255,0.4563758389261745,0.609375,0.93359375,3.0,0.625,2.490936756134033
ISIC_0012720,calibration50,17,local8,0.2,0.9578630210909745,0.91913351169414,0.6875044703526213,0.7012987012987013,0.6742424242424242,0.9226370960755437,0.9958855432953058,0.9837168593413806,6.8978713763747725,1.9581256432730025,0.5,0.009345794392523364,0.9932885906040269,0.006711409395973154,0.0078125,0.01171875,0.0,0.58203125,2.386159896850586
ISIC_0012720,calibration50,17,local_large,0.05,0.9513499064421278,0.9072138669385674,0.6713726083912113,0.6577181208053692,0.6856060606060606,0.9085262083049693,0.9984103235459136,0.9803982349294337,8.0,2.2332188708298477,0.3026315789473684,0.2897196261682243,0.38926174496644295,0.610738255033557,0.59375,1.00390625,3.0,0.4609375,2.793264389038086
ISIC_0012720,calibration50,17,medium32,0.2,0.9577338129496403,0.9188955996548749,0.6877701655656145,0.7018518518518518,0.6742424242424242,0.922397367053525,0.9958855432953058,0.9836621567411837,6.8978713763747725,1.9600485780500734,0.3333333333333333,0.009345794392523364,0.9865771812080537,0.013422818791946308,0.01171875,0.01171875,0.0,0.58203125,2.390592575073242
ISIC_0012746,locked_verification100,17,CNN,,0.9127803488786045,0.839554682383759,0.6571789391878764,0.6758241758241759,0.6395348837209303,0.8495692511597084,0.9861538461538462,0.9964661560495672,3.605551275463989,1.5283127085451715,,,,,,,,,
ISIC_0012746,locked_verification100,17,global,0.2,0.9140819964349376,0.8417596848325674,0.6654357105174812,0.6868131868131868,0.6453488372093024,0.8518272425249169,0.9861538461538462,0.9965284264275485,3.1622776601683795,1.4932661317615812,1.0,0.06153846153846154,0.9920634920634921,0.007936507936507936,0.03515625,0.03515625,0.0,0.49609375,1.9328233003616333
ISIC_0012746,locked_verification100,17,local,0.05,0.9408327246165084,0.8882758620689655,0.8896229802513465,0.8956043956043956,0.8837209302325582,0.8956884561891516,0.9907692307692307,0.9976648608257052,2.23606797749979,0.9527237590460141,0.8396946564885496,0.7461538461538462,0.7301587301587301,0.2698412698412698,0.51171875,0.7265625,2.0,0.72265625,1.4701350927352905
ISIC_0012746,locked_verification100,17,local8,0.2,0.9127803488786045,0.839554682383759,0.6571789391878764,0.6758241758241759,0.6395348837209303,0.8495692511597084,0.9861538461538462,0.9964661560495672,3.605551275463989,1.5283127085451715,,0.0,1.0,0.0,0.0,0.0,0.0,0.4921875,1.9631577730178833
ISIC_0012746,locked_verification100,17,local_large,0.05,0.9315166726425242,0.8718120805369127,0.830925404912174,0.842391304347826,0.8197674418604651,0.8723975822699799,0.9992307692307693,0.9970421570458933,2.8284271247461903,1.1530462978878957,0.6583333333333333,0.5384615384615384,0.6031746031746031,0.3968253968253968,0.46875,0.578125,2.0,0.63671875,1.7310528755187988
ISIC_0012746,locked_verification100,17,medium32,0.2,0.9153873616565512,0.8439763001974984,0.6798459804658151,0.6978021978021978,0.6627906976744186,0.8540972684876749,0.9861538461538462,0.9965906968055296,3.1622776601683795,1.463527894919321,1.0,0.1,0.9841269841269841,0.015873015873015872,0.05859375,0.05859375,1.0,0.50390625,1.911464810371399
ISIC_0012876,locked_verification100,17,CNN,,0.38813151563753007,0.2407960199004975,0.0,0.0,0.0,0.2407960199004975,1.0,0.9646813763308132,26.962861212094833,14.451223479949782,,,,,,,,,
ISIC_0012876,locked_verification100,17,global,0.2,0.3864785733297844,0.2395249092708677,0.0,0.0,0.0,0.2395249092708677,1.0,0.9644345008486345,27.086869568972677,14.582659073196707,0.0,0.0,,,0.0703125,0.078125,1.0,0.0,16.739273071289062
ISIC_0012876,locked_verification100,17,local,0.05,0.3756791720569211,0.23128384835935012,0.0,0.0,0.0,0.23128384835935012,1.0,0.9627680913439284,30.089858808020647,16.357001471089106,0.29285714285714287,0.16015625,,,0.546875,1.7890625,5.0,0.0,17.385147094726562
ISIC_0012876,locked_verification100,17,local8,0.2,0.385554965480616,0.2388157894736842,0.0,0.0,0.0,0.2388157894736842,1.0,0.964295633389909,27.22572563519128,14.643154950849905,0.0,0.0,,,0.09765625,0.11328125,1.0,0.0,16.773391723632812
ISIC_0012876,locked_verification100,17,local_large,0.05,0.34522111269614836,0.20862068965517241,0.0,0.0,0.0,0.20862068965517241,1.0,0.9575065576299954,30.06159968503196,17.42105849765343,0.05583756345177665,0.04296875,,,0.76953125,2.8125,6.0,0.0,18.7381591796875
ISIC_0012876,locked_verification100,17,medium32,0.2,0.3863757317722193,0.23944591029023746,0.0,0.0,0.0,0.23944591029023746,1.0,0.9644190711309983,27.086869568972677,14.585576485344005,0.0,0.0,,,0.07421875,0.08203125,1.0,0.0,16.743118286132812
ISIC_0012927,locked_verification100,17,CNN,,0.8031807472231571,0.6710961119313787,0.4195728333769392,0.44350758853288363,0.3980891719745223,0.9744767738642164,0.6831031274601016,0.9951515621666699,30.48932547205238,9.667578291463036,,,,,,,,,
ISIC_0012927,locked_verification100,17,global,0.2,0.8011969486239305,0.6683307551680495,0.3924241234862162,0.4144620811287478,0.37261146496815284,0.9744720114824688,0.6802404637515208,0.9951709559180032,30.50900025849993,9.704138290445757,0.0625,0.006756756756756757,0.8703703703703703,0.12962962962962962,0.0625,0.09375,1.0,0.390625,8.210805892944336
ISIC_0012927,locked_verification100,17,local,0.05,0.7806844497812848,0.6402644907146877,0.36015226039182713,0.34711779448621555,0.37420382165605093,0.9739967897271268,0.6513991268875688,0.9952873184260032,30.421204617285778,9.382290429034187,0.3386243386243386,0.27702702702702703,0.19444444444444445,0.8055555555555556,0.73828125,2.7890625,12.0,0.296875,8.729263305664062
ISIC_0012927,locked_verification100,17,local8,0.2,0.8011464216471381,0.6682604415693996,0.3924241234862162,0.4144620811287478,0.37261146496815284,0.9744693940326054,0.6801688971588062,0.9951709559180032,30.50900025849993,9.705126886178498,0.0,0.0,0.8703703703703703,0.12962962962962962,0.05859375,0.08984375,1.0,0.390625,8.214651107788086
ISIC_0012927,locked_verification100,17,local_large,0.05,0.7719914346895075,0.6286531352444723,0.3266614448394288,0.3110285006195787,0.34394904458598724,0.9611816145888877,0.6450297001359765,0.9929406745146714,30.083217912982647,9.534905509792173,0.3023255813953488,0.2635135135135135,0.2777777777777778,0.7222222222222222,0.671875,3.1484375,13.0,0.25390625,8.919906616210938
ISIC_0012927,locked_verification100,17,medium32,0.2,0.8013990139480005,0.6686120095626494,0.3957714188672836,0.41798941798941797,0.37579617834394907,0.9744824759171962,0.6805267301223789,0.9951709559180032,30.50900025849993,9.696907761144917,0.0,0.0,0.8796296296296297,0.12037037037037036,0.0546875,0.078125,1.0,0.39453125,8.204288482666016
ISIC_0012956,locked_verification100,17,CNN,,0.868237347294939,0.7671549730146492,0.5782610266228371,0.6174496644295302,0.54375,0.983201581027668,0.77734375,0.9997354332669323,4.0,2.4711925183935333,,,,,,,,,
ISIC_0012956,locked_verification100,17,global,0.2,0.868995633187773,0.7683397683397684,0.5782610266228371,0.6174496644295302,0.54375,0.9851485148514851,0.77734375,0.9997665587649402,4.0,2.458247534574763,1.0,0.011764705882352941,0.9590643274853801,0.04093567251461988,0.03125,0.03125,0.0,0.671875,1.5827343463897705
ISIC_0012956,locked_verification100,17,local,0.05,0.87044356609574,0.7706065318818041,0.5825520744553915,0.6114649681528662,0.55625,0.9939819458375125,0.77421875,0.9999066235059761,3.605551275463989,2.4023878458804515,0.5306122448979592,0.6705882352941176,0.25146198830409355,0.7485380116959064,0.765625,0.9921875,2.0,0.66015625,1.5173040628433228
ISIC_0012956,locked_verification100,17,local8,0.2,0.8677433435181143,0.7663839629915189,0.5793770139634802,0.62,0.54375,0.9831849653808111,0.7765625,0.9997354332669323,4.0,2.472898348979361,1.0,0.0,0.9824561403508771,0.017543859649122806,0.01171875,0.01171875,0.0,0.66796875,1.5947115421295166
ISIC_0012956,locked_verification100,17,local_large,0.05,0.8782191182889568,0.7828793774319066,0.6481914494385267,0.6526946107784432,0.64375,0.9950544015825915,0.7859375,0.9999221862549801,3.605551275463989,2.309883811193063,0.6161616161616161,0.7529411764705882,0.2631578947368421,0.7368421052631579,0.7734375,1.140625,2.0,0.74609375,1.3545445203781128
ISIC_0012956,locked_verification100,17,medium32,0.2,0.868237347294939,0.7671549730146492,0.5782610266228371,0.6174496644295302,0.54375,0.983201581027668,0.77734375,0.9997354332669323,4.0,2.4711925183935333,1.0,0.0,0.9941520467836257,0.005847953216374269,0.00390625,0.00390625,0.0,0.66796875,1.598912000656128
ISIC_0012959,calibration50,17,CNN,,0.8303466755987272,0.7099083619702177,0.4469847793975981,0.4013377926421405,0.5043478260869565,0.7493954050785974,0.9309049943672549,0.9868146899304948,21.549924070962604,4.801105114112424,,,,,,,,,
ISIC_0012959,calibration50,17,global,0.2,0.8302076356329537,0.7097051245347838,0.4469847793975981,0.4013377926421405,0.5043478260869565,0.7491689332124509,0.9309049943672549,0.9867987848520032,21.549924070962604,4.804653118600861,0.0,0.0,1.0,0.0,0.00390625,0.00390625,0.0,0.37109375,6.442351818084717
ISIC_0012959,calibration50,17,local,0.05,0.7629402756508422,0.6167368160435751,0.31955475679749545,0.24708624708624707,0.45217391304347826,0.6441686061546419,0.9354111903867818,0.9781146119956102,31.11269837220809,8.81553746046021,0.08496732026143791,0.05,0.47368421052631576,0.5263157894736842,0.59765625,2.203125,12.0,0.32421875,8.22393798828125
ISIC_0012959,calibration50,17,local8,0.2,0.8300686422233383,0.7095020034344591,0.4461538461538462,0.4,0.5043478260869565,0.7489425981873111,0.9309049943672549,0.9867828797735116,21.54529164975031,4.806908490075198,0.0,0.0,1.0,0.0,0.0078125,0.01171875,0.0,0.37109375,6.449447154998779
ISIC_0012959,calibration50,17,local_large,0.05,0.765818858560794,0.6205076652425232,0.28329374051919054,0.21218487394957983,0.4260869565217391,0.6523117569352708,0.9271498310176493,0.979068916705104,30.4138126514911,9.328569773992122,0.0875,0.0625,0.4631578947368421,0.5368421052631579,0.625,2.3125,10.0,0.296875,8.076279640197754
ISIC_0012959,calibration50,17,medium32,0.2,0.8302076356329537,0.7097051245347838,0.4469847793975981,0.4013377926421405,0.5043478260869565,0.7491689332124509,0.9309049943672549,0.9867987848520032,21.549924070962604,4.804653118600861,0.0,0.0,1.0,0.0,0.00390625,0.00390625,0.0,0.37109375,6.442351818084717
ISIC_0012965,locked_verification100,17,CNN,,0.904296875,0.8253119429590018,0.8985294117647059,0.9285714285714286,0.8703703703703703,0.9978448275862069,0.8267857142857142,0.9999846097020438,3.0,0.9477943310621885,,,,,,,,,
ISIC_0012965,locked_verification100,17,global,0.2,0.9074975657254138,0.8306595365418895,0.9037795357013599,0.9292929292929293,0.8796296296296297,0.9978586723768736,0.8321428571428572,0.9999846097020438,3.0,0.9249874635807979,1.0,0.5384615384615384,0.9711934156378601,0.02880658436213992,0.0546875,0.0546875,1.0,0.96484375,0.5905640125274658
ISIC_0012965,locked_verification100,17,local,0.05,0.9016553067185978,0.8209219858156028,0.9317557574477076,0.9574468085106383,0.9074074074074074,0.9914346895074947,0.8267857142857142,0.9999384388081753,3.0,0.965244206736249,0.4132231404958678,0.9230769230769231,0.551440329218107,0.448559670781893,0.47265625,0.58984375,2.0,0.97265625,0.6537539958953857
ISIC_0012965,locked_verification100,17,local8,0.2,0.9138431752178122,0.8413547237076648,0.9471585244267199,0.9693877551020408,0.9259259259259259,0.9978858350951374,0.8428571428571429,0.9999846097020438,3.0,0.8410900636825408,0.9444444444444444,0.6923076923076923,0.8888888888888888,0.1111111111111111,0.140625,0.140625,1.0,0.96875,0.5417135953903198
ISIC_0012965,locked_verification100,17,local_large,0.05,0.8937007874015748,0.8078291814946619,0.937037037037037,0.9583333333333334,0.9166666666666666,0.9956140350877193,0.8107142857142857,0.9999692194040877,2.23606797749979,1.024199740637061,0.3795620437956204,0.9230769230769231,0.48559670781893005,0.51440329218107,0.53515625,0.6015625,2.0,0.96875,0.6862146854400635
ISIC_0012965,locked_verification100,17,medium32,0.2,0.9127906976744186,0.839572192513369,0.9471585244267199,0.9693877551020408,0.9259259259259259,0.9978813559322034,0.8410714285714286,0.9999846097020438,3.0,0.8528095469950316,0.9411764705882353,0.7692307692307693,0.9012345679012346,0.09876543209876543,0.1328125,0.1328125,1.0,0.96875,0.549824595451355
ISIC_0013010,locked_verification100,17,CNN,,0.9258957654723127,0.8620166793025019,0.8029294274300932,0.8181818181818182,0.788235294117647,0.9991212653778558,0.862670713201821,0.999984428041982,3.0,1.191953189741862,,,,,,,,,
ISIC_0013010,locked_verification100,17,global,0.2,0.9250203748981255,0.8605003790750568,0.8040502531408211,0.8205128205128205,0.788235294117647,0.9991197183098591,0.8611532625189682,0.999984428041982,3.0,1.1981811258856945,0.5,0.0,0.983739837398374,0.016260162601626018,0.015625,0.015625,0.0,0.9609375,0.7686822414398193
ISIC_0013010,locked_verification100,17,local,0.05,0.9021241149521033,0.8216995447647951,0.8208130385912328,0.8300653594771242,0.8117647058823529,1.0,0.8216995447647951,1.0,2.8284271247461903,1.5575787895113786,0.2014388489208633,0.1,0.43902439024390244,0.5609756097560976,0.54296875,0.625,2.0,0.96484375,0.9878454208374023
ISIC_0013010,locked_verification100,17,local8,0.2,0.9258957654723127,0.8620166793025019,0.8029294274300932,0.8181818181818182,0.788235294117647,0.9991212653778558,0.862670713201821,0.999984428041982,3.0,1.191953189741862,,0.0,1.0,0.0,0.0,0.0,0.0,0.9609375,0.7707366943359375
ISIC_0013010,locked_verification100,17,local_large,0.05,0.911643270024773,0.8376327769347496,0.84,0.8571428571428571,0.8235294117647058,1.0,0.8376327769347496,1.0,2.5618655084853,1.4102965903073637,0.3333333333333333,1.0,0.5528455284552846,0.44715447154471544,0.46875,0.49609375,1.0,1.0,0.8403892517089844
ISIC_0013010,locked_verification100,17,medium32,0.2,0.9250203748981255,0.8605003790750568,0.8040502531408211,0.8205128205128205,0.788235294117647,0.9991197183098591,0.8611532625189682,0.999984428041982,3.0,1.1981811258856945,0.4,0.0,0.9796747967479674,0.02032520325203252,0.01953125,0.01953125,0.0,0.9609375,0.7702605724334717
ISIC_0013082,locked_verification100,17,CNN,,0.9183027232425586,0.8489461358313818,0.7265856063095629,0.7528089887640449,0.7021276595744681,0.9705488621151271,0.8713942307692307,0.9993111222444889,4.08001865665148,1.515982386027861,,,,,,,,,
ISIC_0013082,locked_verification100,17,global,0.2,0.9188846641318125,0.8499413833528722,0.7265856063095629,0.7528089887640449,0.7021276595744681,0.9718498659517426,0.8713942307692307,0.9993424348697395,4.08001865665148,1.5039216932344917,1.0,0.046875,0.984375,0.015625,0.0234375,0.0234375,0.0,0.76171875,1.3222720623016357
ISIC_0013082,locked_verification100,17,local,0.05,0.9504391468005019,0.9055588762701734,0.9483757084017218,0.9723756906077348,0.925531914893617,0.9940944881889764,0.9104567307692307,0.9998590931863728,2.23606797749979,0.8889932096085507,0.8932584269662921,1.0,0.40625,0.59375,0.6953125,0.9453125,2.0,1.0,0.6771113872528076
ISIC_0013082,locked_verification100,17,local8,0.2,0.9229311433986103,0.8568914956011731,0.7403524335658695,0.7640449438202247,0.7180851063829787,0.9727030625832224,0.8780048076923077,0.9993580911823647,3.605551275463989,1.4197812044589695,1.0,0.359375,0.96875,0.03125,0.11328125,0.11328125,1.0,0.80078125,1.2404296398162842
ISIC_0013082,locked_verification100,17,local_large,0.05,0.9460815047021943,0.8976799524092802,0.8937702318821432,0.9222222222222223,0.8670212765957447,0.9888597640891219,0.9068509615384616,0.9997338426853707,2.8284271247461903,0.9813356557007701,0.9333333333333333,1.0,0.5520833333333334,0.4479166666666667,0.5859375,0.72265625,2.0,0.984375,0.7998400330543518
ISIC_0013082,locked_verification100,17,medium32,0.2,0.9209361163820367,0.8534583821805393,0.7375151760420883,0.7640449438202247,0.7127659574468085,0.9719626168224299,0.875,0.9993424348697395,4.0,1.46379711160317,1.0,0.171875,0.9895833333333334,0.010416666666666666,0.05078125,0.05078125,0.25,0.76953125,1.295830488204956
ISIC_0013104,locked_verification100,17,CNN,,0.940939934656949,0.8884670147128619,0.6971387979004696,0.6880530973451328,0.7064676616915423,0.8921366163621922,0.9953917050691244,0.9886633051724714,8.271046370169175,1.9231539230780927,,,,,,,,,
ISIC_0013104,locked_verification100,17,global,0.2,0.940939934656949,0.8884670147128619,0.6971387979004696,0.6880530973451328,0.7064676616915423,0.8921366163621922,0.9953917050691244,0.9886633051724714,8.271046370169175,1.9231539230780927,,0.0,1.0,0.0,0.0,0.0,0.0,0.47265625,2.711940288543701
ISIC_0013104,locked_verification100,17,local,0.05,0.9533361665958351,0.9108331979860321,0.7961287451794721,0.753968253968254,0.8432835820895522,0.9158909031520497,0.9939737681673165,0.9914014759408288,10.042394277952754,1.727989182445478,0.6614173228346457,0.5185185185185185,0.6776859504132231,0.32231404958677684,0.49609375,0.83203125,2.0,0.55859375,2.4330337047576904
ISIC_0013104,locked_verification100,17,local8,0.2,0.940939934656949,0.8884670147128619,0.6971387979004696,0.6880530973451328,0.7064676616915423,0.8921366163621922,0.9953917050691244,0.9886633051724714,8.271046370169175,1.9231539230780927,,0.0,1.0,0.0,0.0,0.0,0.0,0.47265625,2.711940288543701
ISIC_0013104,locked_verification100,17,local_large,0.05,0.946559729843816,0.8985414329219427,0.7733158118501912,0.7349397590361446,0.8159203980099502,0.9037562469772691,0.9936192839418646,0.99003239055665,8.09034879005638,1.6704013185984912,0.652542372881356,0.45925925925925926,0.6776859504132231,0.32231404958677684,0.4609375,0.62109375,2.0,0.546875,2.541590929031372
ISIC_0013104,locked_verification100,17,medium32,0.2,0.9408611157647847,0.8883264789623537,0.6971387979004696,0.6880530973451328,0.7064676616915423,0.8919949174078781,0.9953917050691244,0.9886466090092497,8.271046370169175,1.9254958434528,0.0,0.0,0.9917355371900827,0.008264462809917356,0.00390625,0.00390625,0.0,0.46875,2.715575695037842
ISIC_0013127,locked_verification100,17,CNN,,0.7090142165286674,0.5492037368701292,0.1088483784029313,0.1148989898989899,0.10340314136125654,0.9901387555633127,0.552224277231578,0.9974883307401645,30.518837651723718,14.768713836444553,,,,,,,,,
ISIC_0013127,locked_verification100,17,global,0.2,0.7073582780628207,0.5472191296771383,0.1093716719914803,0.11607142857142858,0.10340314136125654,0.990103345594675,0.5502287549888056,0.9974883307401645,30.884461571646792,14.84346837229046,0.0,0.0,1.0,0.0,0.05078125,0.078125,0.25,0.0859375,15.609335899353027
ISIC_0013127,locked_verification100,17,local,0.05,0.6945913985187029,0.5320873462381996,0.11573476734848552,0.10291734197730956,0.13219895287958114,0.9630652399033482,0.5431714202277815,0.9904867748388531,33.20303598635212,13.569904936229749,0.2596685082872928,0.20085470085470086,0.045454545454545456,0.9545454545454546,0.70703125,4.2578125,17.0,0.04296875,16.289152145385742
ISIC_0013127,locked_verification100,17,local8,0.2,0.707681721506318,0.547606370105039,0.10930598529713621,0.1159235668789809,0.10340314136125654,0.9901102748118327,0.5506181251825173,0.9974883307401645,30.884461571646792,14.827987430283772,0.0,0.0,1.0,0.0,0.04296875,0.0625,0.0,0.0859375,15.595114707946777
ISIC_0013127,locked_verification100,17,local_large,0.05,0.7488546189549333,0.5985352544157772,0.17038848996554354,0.14487632508833923,0.20680628272251309,0.9731496614522531,0.6085856127713424,0.9923316292509446,26.248809496813376,11.616140742680416,0.6173469387755102,0.5128205128205128,0.18181818181818182,0.8181818181818182,0.765625,5.92578125,22.0,0.12890625,13.202933311462402
ISIC_0013127,locked_verification100,17,medium32,0.2,0.7080050031269544,0.5479936105329396,0.10943743768124767,0.11621966794380588,0.10340314136125654,0.990117194332692,0.551007495376229,0.9974883307401645,30.884461571646792,14.805497915248491,0.0,0.0,1.0,0.0,0.02734375,0.04296875,0.0,0.0859375,15.578269004821777
ISIC_0013128,locked_verification100,17,CNN,,0.939880084265111,0.8865790278202385,0.8251485032053166,0.8472222222222222,0.8041958041958042,0.9357857373346241,0.9440104166666666,0.9968141649590164,3.4947328716400867,1.3593697398946707,,,,,,,,,
ISIC_0013128,locked_verification100,17,global,0.2,0.9412337662337662,0.8889911070223858,0.8335329341317365,0.8571428571428571,0.8111888111888111,0.9387953367875648,0.9436848958333334,0.9969742571721312,3.4947328716400867,1.3305268432498576,1.0,0.06329113924050633,0.9548022598870056,0.04519774011299435,0.05078125,0.05078125,0.25,0.69921875,1.4529619216918945
ISIC_0013128,locked_verification100,17,local,0.05,0.954158480681074,0.9123356293049468,0.9181382524781724,0.9310344827586207,0.9055944055944056,0.9598155467720685,0.9485677083333334,0.998046875,2.9571067811865475,0.9982006254870244,0.8478260869565217,0.7974683544303798,0.5819209039548022,0.4180790960451977,0.5390625,0.609375,2.0,0.87890625,1.107210636138916
ISIC_0013128,locked_verification100,17,local8,0.2,0.9404897032592833,0.8876645240281604,0.8251485032053166,0.8472222222222222,0.8041958041958042,0.9369951534733441,0.9440104166666666,0.9968782018442623,3.4947328716400867,1.3454324576647054,1.0,0.012658227848101266,0.9774011299435028,0.022598870056497175,0.01953125,0.01953125,0.0,0.6953125,1.4780192375183105
ISIC_0013128,locked_verification100,17,local_large,0.05,0.9414295168762409,0.8893404188809003,0.8401379490157505,0.7942857142857143,0.8916083916083916,0.9572678331090175,0.9261067708333334,0.9979668288934426,5.0,1.340374576253624,0.8360655737704918,0.6455696202531646,0.6045197740112994,0.3954802259887006,0.4765625,0.96484375,2.0,0.85546875,1.14984130859375
ISIC_0013128,locked_verification100,17,medium32,0.2,0.9415584415584416,0.8895705521472392,0.8326001389210465,0.8551724137931035,0.8111888111888111,0.939119170984456,0.9440104166666666,0.9969902663934426,3.4947328716400867,1.3163547019217268,1.0,0.05063291139240506,0.9548022598870056,0.04519774011299435,0.046875,0.046875,0.0,0.69921875,1.4542546272277832
ISIC_0013132,locked_verification100,17,CNN,,0.9118753358409457,0.8380246913580247,0.6559880943056318,0.6979166666666666,0.6188118811881188,0.9344713656387665,0.8903462749213011,0.9981298129812981,4.116950344336776,1.7877246847149257,,,,,,,,,
ISIC_0013132,locked_verification100,17,global,0.2,0.9168017287952458,0.8463840399002494,0.6743973146170278,0.7083333333333334,0.6435643564356436,0.9448775055679287,0.8903462749213011,0.9984441301272985,4.116950344336776,1.6737443244386394,1.0,0.21739130434782608,0.900709219858156,0.09929078014184398,0.15234375,0.15234375,1.0,0.6328125,1.605750560760498
ISIC_0013132,locked_verification100,17,local,0.05,0.9181614349775785,0.8487046632124352,0.6930001698529827,0.7195767195767195,0.6683168316831684,0.9855595667870036,0.8593913955928646,0.9996228194247996,4.0,1.5607218182990905,0.7314285714285714,0.5739130434782609,0.24113475177304963,0.7588652482269503,0.68359375,1.12890625,3.0,0.74609375,1.2537343502044678
ISIC_0013132,locked_verification100,17,local8,0.2,0.9163066954643628,0.8455406078724464,0.6743973146170278,0.7083333333333334,0.6435643564356436,0.9438264738598443,0.8903462749213011,0.9984126984126984,4.116950344336776,1.6828453052447991,1.0,0.17391304347826086,0.900709219858156,0.09929078014184398,0.1328125,0.1328125,1.0,0.62109375,1.6239428520202637
ISIC_0013132,locked_verification100,17,local_large,0.05,0.9205225911812738,0.8527483610690872,0.7487133893001864,0.7823834196891192,0.7178217821782178,0.956447963800905,0.8871983210912907,0.9987898789878988,3.605551275463989,1.569516325452726,0.8473282442748091,0.5478260869565217,0.5177304964539007,0.48226950354609927,0.51171875,0.609375,2.0,0.75,1.3859975337982178
ISIC_0013132,locked_verification100,17,medium32,0.2,0.9163066954643628,0.8455406078724464,0.6743973146170278,0.7083333333333334,0.6435643564356436,0.9438264738598443,0.8903462749213011,0.9984126984126984,4.116950344336776,1.6828453052447991,1.0,0.17391304347826086,0.900709219858156,0.09929078014184398,0.1328125,0.1328125,1.0,0.62109375,1.6239428520202637
ISIC_0013188,locked_verification100,17,CNN,,0.9299895506792059,0.869140625,0.9124087591240876,0.9328358208955224,0.8928571428571429,0.9866962305986696,0.8794466403162056,0.9998140226892319,2.8284271247461903,0.9985869999067505,,,,,,,,,
ISIC_0013188,locked_verification100,17,global,0.2,0.9299895506792059,0.869140625,0.9124087591240876,0.9328358208955224,0.8928571428571429,0.9866962305986696,0.8794466403162056,0.9998140226892319,2.8284271247461903,0.9985869999067505,,0.0,1.0,0.0,0.0,0.0,0.0,0.9765625,0.7431284189224243
ISIC_0013188,locked_verification100,17,local,0.05,0.9286846275752774,0.8668639053254438,0.9485294117647058,0.9772727272727273,0.9214285714285714,0.9977298524404086,0.8685770750988142,0.9999690037815386,2.23606797749979,1.018704594580649,0.49019607843137253,1.0,0.412,0.588,0.59765625,0.67578125,2.0,1.0,0.6722385883331299
ISIC_0013188,locked_verification100,17,local8,0.2,0.9299895506792059,0.869140625,0.9124087591240876,0.9328358208955224,0.8928571428571429,0.9866962305986696,0.8794466403162056,0.9998140226892319,2.8284271247461903,0.9985869999067505,,0.0,1.0,0.0,0.0,0.0,0.0,0.9765625,0.7431284189224243
ISIC_0013188,locked_verification100,17,local_large,0.05,0.9360587002096437,0.8798029556650246,0.9669784740223148,0.9923664122137404,0.9428571428571428,0.9966517857142857,0.8824110671936759,0.999953505672308,2.23606797749979,0.9138675145450139,0.5692307692307692,1.0,0.504,0.496,0.5078125,0.52734375,1.0,1.0,0.6161211729049683
ISIC_0013188,locked_verification100,17,medium32,0.2,0.9304756926293779,0.8699902248289345,0.9124087591240876,0.9328358208955224,0.8928571428571429,0.9877913429522752,0.8794466403162056,0.9998295207984625,2.8284271247461903,0.9912877298337578,1.0,0.0,0.984,0.016,0.015625,0.015625,0.0,0.9765625,0.7318228483200073
ISIC_0013215,locked_verification100,17,CNN,,0.9653891071238985,0.9330938943047716,0.7173224592987204,0.7001303780964798,0.7353801169590644,0.9373260488609422,0.9951844150158695,0.9742710845922729,10.63014581273465,2.104146021036941,,,,,,,,,
ISIC_0013215,locked_verification100,17,global,0.2,0.9647052570031361,0.9318170149406992,0.724452513841257,0.7111111111111111,0.7383040935672515,0.9378358825961141,0.9931596804202693,0.9745461470102831,10.63014581273465,2.120228614635298,0.5,0.017094017094017096,0.9136690647482014,0.08633093525179857,0.0546875,0.09375,1.0,0.546875,2.857480525970459
ISIC_0013215,locked_verification100,17,local,0.05,0.958269349928608,0.9198820730319645,0.6474782316072856,0.6121495327102804,0.6871345029239766,0.9437516582647917,0.9732406698040933,0.9775718336083957,11.235693478372056,2.3778329557818543,0.46774193548387094,0.4017094017094017,0.20863309352517986,0.7913669064748201,0.7265625,1.65625,5.0,0.5390625,3.0646252632141113
ISIC_0013215,locked_verification100,17,local8,0.2,0.9647915393404725,0.9319780276194877,0.724452513841257,0.7111111111111111,0.7383040935672515,0.9377550493310605,0.9934332932034584,0.9745038297152046,10.63014581273465,2.115801966214061,0.5384615384615384,0.017094017094017096,0.920863309352518,0.07913669064748201,0.05078125,0.08203125,0.25,0.546875,2.8589892387390137
ISIC_0013215,locked_verification100,17,local_large,0.05,0.95918858886183,0.9215777023552402,0.6676940160674425,0.6332179930795848,0.706140350877193,0.938616246792018,0.9806829375068403,0.9752020650839999,10.72827447380869,2.2915707005955883,0.3769230769230769,0.19658119658119658,0.37410071942446044,0.6258992805755396,0.5078125,1.12890625,4.0,0.48828125,3.066483736038208
ISIC_0013215,locked_verification100,17,medium32,0.2,0.9645751946636902,0.9315743544992556,0.7237735520371845,0.7098039215686275,0.7383040935672515,0.9376388530095583,0.9931049578636314,0.9744615124201261,10.63014581273465,2.127292843743304,0.3333333333333333,0.008547008547008548,0.920863309352518,0.07913669064748201,0.046875,0.0859375,0.0,0.54296875,2.8678221702575684
ISIC_0013232,locked_verification100,17,CNN,,0.9258028792912514,0.8618556701030928,0.6475080601107529,0.6701846965699209,0.6263157894736842,0.9517698199130615,0.9012152097216778,0.996144554389913,8.488217492792518,2.2343643963831523,,,,,,,,,
ISIC_0013232,locked_verification100,17,global,0.2,0.928326266908944,0.8662396382818387,0.651549025870329,0.6728232189973615,0.631578947368421,0.9571190674437968,0.9012152097216778,0.9965913227653308,8.488217492792518,2.162361390401766,1.0,0.1651376146788991,0.9795918367346939,0.02040816326530612,0.08203125,0.08203125,1.0,0.6171875,1.908996343612671
ISIC_0013232,locked_verification100,17,local,0.05,0.9368676649129907,0.8812333460220784,0.7304034582132565,0.74,0.7210526315789474,0.9682141363446257,0.9074872598980792,0.9974848595161664,7.296893050109691,1.8830404448194555,0.762589928057554,0.6055045871559633,0.5782312925170068,0.4217687074829932,0.54296875,0.7109375,2.0,0.6875,1.6389052867889404
ISIC_0013232,locked_verification100,17,local8,0.2,0.9298722205453265,0.8689356901090636,0.6664469143687101,0.6866840731070496,0.6473684210526316,0.9553442216249741,0.9057232457859663,0.9964258529966575,8.488217492792518,2.1086703888196143,0.9375,0.14678899082568808,0.891156462585034,0.10884353741496598,0.125,0.125,1.0,0.6328125,1.8786468505859375
ISIC_0013232,locked_verification100,17,local_large,0.05,0.945019599959795,0.8957698170731707,0.7795027820034592,0.782716049382716,0.7763157894736842,0.9698782752217867,0.9214033712269698,0.9975841413773704,6.736799230338433,1.6456372807874171,0.7919463087248322,0.6880733944954128,0.54421768707483,0.4557823129251701,0.58203125,0.87890625,2.0,0.69921875,1.4911255836486816
ISIC_0013232,locked_verification100,17,medium32,0.2,0.9306591413021569,0.870311027332705,0.6669081050877973,0.6876640419947506,0.6473684210526316,0.9578838174273859,0.9049392395139161,0.9966409636959328,8.488217492792518,2.093346521744538,1.0,0.25688073394495414,0.9183673469387755,0.08163265306122448,0.15625,0.15625,1.0,0.6328125,1.8401906490325928
ISIC_0013421,locked_verification100,17,CNN,,0.8849764203907479,0.7936840409248369,0.38095238095238093,0.38461538461538464,0.37735849056603776,0.7984439581813761,0.9925448317549869,0.9552778277288257,17.369641763401926,6.045172880233525,,,,,,,,,
ISIC_0013421,locked_verification100,17,global,0.2,0.8850559223824283,0.7938119410200628,0.38123167155425225,0.3851851851851852,0.37735849056603776,0.79857339709816,0.9925448317549869,0.9553137924833663,17.51821290030908,6.046639986367903,,0.0,1.0,0.0,0.0,0.0,0.0,0.328125,6.287608623504639
ISIC_0013421,locked_verification100,17,local,0.05,0.8835468158037164,0.7913872505453664,0.32558908639933853,0.3142857142857143,0.33773584905660375,0.7998530132288094,0.9868023372959903,0.9559251933105557,17.0,6.022518854382693,0.36585365853658536,0.23837209302325582,0.5238095238095238,0.47619047619047616,0.48046875,0.91015625,3.0,0.26171875,6.404574871063232
ISIC_0013421,locked_verification100,17,local8,0.2,0.8851752021563343,0.7940038684719536,0.380534211489206,0.3837638376383764,0.37735849056603776,0.7987676341819361,0.9925448317549869,0.9553677396151772,17.468212900309073,6.035346071661187,1.0,0.011627906976744186,1.0,0.0,0.0078125,0.0078125,0.0,0.328125,6.279811382293701
ISIC_0013421,locked_verification100,17,local_large,0.05,0.883304215383237,0.7909980744544287,0.35016266266266266,0.3372093023255814,0.3641509433962264,0.795273049931435,0.9932500503727584,0.9543607264880417,18.858641235521002,6.202747349472647,0.33636363636363636,0.19186046511627908,0.6547619047619048,0.34523809523809523,0.4296875,0.78515625,3.0,0.29296875,6.433202266693115
ISIC_0013421,locked_verification100,17,medium32,0.2,0.8850559223824283,0.7938119410200628,0.38123167155425225,0.3851851851851852,0.37735849056603776,0.79857339709816,0.9925448317549869,0.9553137924833663,17.51821290030908,6.046639986367903,,0.0,1.0,0.0,0.0,0.0,0.0,0.328125,6.287608623504639
ISIC_0013491,locked_verification100,17,CNN,,0.950712450362065,0.9060552092609083,0.7884253848889791,0.834920634920635,0.7468354430379747,0.9639981051634297,0.9377880184331797,0.997516177527943,5.0,1.4205094157427067,,,,,,,,,
ISIC_0013491,locked_verification100,17,global,0.2,0.9516015898994622,0.907671721677074,0.806681746998434,0.8444444444444444,0.7721518987341772,0.965828191741813,0.9377880184331797,0.9976469050264724,5.0,1.3856206494685,1.0,0.0847457627118644,0.9796954314720813,0.02030456852791878,0.03515625,0.03515625,0.0,0.7890625,1.4316025972366333
ISIC_0013491,locked_verification100,17,local,0.05,0.959140292867265,0.9214885409575675,0.8428844458382395,0.8675078864353313,0.819620253164557,0.9837693798449613,0.9357142857142857,0.998905157199817,4.123105625617661,1.1385416690728936,0.80625,0.7966101694915254,0.4365482233502538,0.5634517766497462,0.625,0.859375,2.0,0.8828125,1.0707142353057861
ISIC_0013491,locked_verification100,17,local8,0.2,0.9517128492926459,0.9078741913896944,0.8049514012988711,0.8444444444444444,0.7689873417721519,0.9660574412532638,0.9377880184331797,0.9976632459637885,5.0,1.3847945142301785,1.0,0.11864406779661017,0.9847715736040609,0.015228426395939087,0.0390625,0.0390625,0.0,0.796875,1.428646206855774
ISIC_0013491,locked_verification100,17,local_large,0.05,0.9606576629477392,0.9242937853107345,0.8653669346283506,0.8903225806451613,0.8417721518987342,0.9796407185628743,0.9423963133640553,0.998611020328126,4.030776406404415,1.1117486287245393,0.9305555555555556,0.7966101694915254,0.5076142131979695,0.49238578680203043,0.5625,0.6171875,2.0,0.90625,1.054414987564087
ISIC_0013491,locked_verification100,17,medium32,0.2,0.9516015898994622,0.907671721677074,0.8049514012988711,0.8444444444444444,0.7689873417721519,0.965828191741813,0.9377880184331797,0.9976469050264724,5.0,1.387964086337944,1.0,0.1016949152542373,0.9847715736040609,0.015228426395939087,0.03515625,0.03515625,0.0,0.79296875,1.431392788887024
ISIC_0013501,locked_verification100,17,CNN,,0.8692487652716402,0.7687356321839081,0.28395346158276696,0.2951388888888889,0.27358490566037735,1.0,0.7687356321839081,1.0,7.0,3.7614353975672423,,,,,,,,,
ISIC_0013501,locked_verification100,17,global,0.2,0.8692487652716402,0.7687356321839081,0.28395346158276696,0.2951388888888889,0.27358490566037735,1.0,0.7687356321839081,1.0,7.0,3.7614353975672423,,0.0,1.0,0.0,0.0,0.0,0.0,0.3828125,3.186028003692627
ISIC_0013501,locked_verification100,17,local,0.05,0.8645262333594361,0.7613793103448275,0.2569804793674327,0.26262626262626265,0.25157232704402516,1.0,0.7613793103448275,1.0,7.112876227348481,3.8830188826122707,0.20408163265306123,0.04430379746835443,0.7857142857142857,0.21428571428571427,0.19140625,0.21875,1.0,0.359375,3.3112051486968994
ISIC_0013501,locked_verification100,17,local8,0.2,0.8695426195426196,0.7691954022988505,0.28395346158276696,0.2951388888888889,0.27358490566037735,1.0,0.7691954022988505,1.0,7.0,3.752556784768068,1.0,0.012658227848101266,1.0,0.0,0.0078125,0.0078125,0.0,0.3828125,3.178368091583252
ISIC_0013501,locked_verification100,17,local_large,0.05,0.8660062565172054,0.7636781609195402,0.2811501597444089,0.2857142857142857,0.27672955974842767,1.0,0.7636781609195402,1.0,7.0710678118654755,3.8167492519688673,0.3150684931506849,0.13291139240506328,0.9387755102040817,0.061224489795918366,0.28515625,0.30078125,1.0,0.375,3.281332492828369
ISIC_0013501,locked_verification100,17,medium32,0.2,0.8692487652716402,0.7687356321839081,0.28395346158276696,0.2951388888888889,0.27358490566037735,1.0,0.7687356321839081,1.0,7.0,3.7614353975672423,,0.0,1.0,0.0,0.0,0.0,0.0,0.3828125,3.186028003692627
ISIC_0013518,locked_verification100,17,CNN,,0.7227993159949976,0.5659246233164142,0.13031735991887794,0.14081145584725538,0.12127894156560089,0.9895869732336292,0.5693148922483113,0.9963358253000196,38.87800317765597,15.560395424508846,,,,,,,,,
ISIC_0013518,locked_verification100,17,global,0.2,0.723058859564041,0.5662429039737746,0.13047520498369058,0.14429109159347553,0.11907386990077178,0.9900740947854048,0.5694757156642007,0.9965079677355893,38.87800317765597,15.56114281387211,,0.0,1.0,0.0,0.0,0.0,0.0,0.125,14.477408409118652
ISIC_0013518,locked_verification100,17,local,0.05,0.7354556524764532,0.5815973586982155,0.22813436418720923,0.22279348757497858,0.23373759647188533,0.9629075291208433,0.5949260212286909,0.985982687389337,37.64306044943742,12.831316366931622,0.6178010471204188,0.49107142857142855,0.15625,0.84375,0.74609375,3.765625,12.0,0.1484375,14.267805099487305
ISIC_0013518,locked_verification100,17,local8,0.2,0.723058859564041,0.5662429039737746,0.13047520498369058,0.14429109159347553,0.11907386990077178,0.9900740947854048,0.5694757156642007,0.9965079677355893,38.87800317765597,15.56114281387211,,0.0,1.0,0.0,0.0,0.0,0.0,0.125,14.477408409118652
ISIC_0013518,locked_verification100,17,local_large,0.05,0.7558262321652218,0.6074924996052424,0.22263349768832147,0.21730950141110067,0.22822491730981256,0.9709760868193577,0.6187278867803152,0.9886877828054299,36.10400244185578,12.834193977690445,0.7317073170731707,0.6294642857142857,0.1875,0.8125,0.80078125,3.2421875,9.0,0.1875,13.656017303466797
ISIC_0013518,locked_verification100,17,medium32,0.2,0.723058859564041,0.5662429039737746,0.13047520498369058,0.14429109159347553,0.11907386990077178,0.9900740947854048,0.5694757156642007,0.9965079677355893,38.87800317765597,15.56114281387211,,0.0,1.0,0.0,0.0,0.0,0.0,0.125,14.477408409118652
ISIC_0013527,locked_verification100,17,CNN,,0.1832258064516129,0.10085227272727272,0.09999999999999999,0.0851063829787234,0.12121212121212122,0.17026378896882494,0.19832402234636873,0.9946914603086932,22.67156809750927,9.211564984963786,,,,,,,,,
ISIC_0013527,locked_verification100,17,global,0.2,0.1832258064516129,0.10085227272727272,0.09999999999999999,0.0851063829787234,0.12121212121212122,0.17026378896882494,0.19832402234636873,0.9946914603086932,22.67156809750927,9.211564984963786,,0.0,,,0.0,0.0,0.0,0.0,14.757728576660156
ISIC_0013527,locked_verification100,17,local,0.05,0.2690992018244014,0.155467720685112,0.24323352678342153,0.18028169014084508,0.37373737373737376,0.22736030828516376,0.329608938547486,0.993847617294179,24.054098139515208,8.931658551888571,0.42358078602620086,0.37890625,,,0.89453125,4.90625,13.25,0.1640625,15.519365310668945
ISIC_0013527,locked_verification100,17,local8,0.2,0.1832258064516129,0.10085227272727272,0.09999999999999999,0.0851063829787234,0.12121212121212122,0.17026378896882494,0.19832402234636873,0.9946914603086932,22.67156809750927,9.211564984963786,,0.0,,,0.0,0.0,0.0,0.0,14.757728576660156
ISIC_0013527,locked_verification100,17,local_large,0.05,0.25096525096525096,0.1434878587196468,0.26543851829842025,0.1976401179941003,0.40404040404040403,0.19174041297935104,0.36312849162011174,0.9915922550553868,24.758836806279895,8.918699619883997,0.51931330472103,0.47265625,,,0.91015625,4.61328125,13.25,0.15234375,14.375265121459961
ISIC_0013527,locked_verification100,17,medium32,0.2,0.1832258064516129,0.10085227272727272,0.09999999999999999,0.0851063829787234,0.12121212121212122,0.17026378896882494,0.19832402234636873,0.9946914603086932,22.67156809750927,9.211564984963786,,0.0,,,0.0,0.0,0.0,0.0,14.757728576660156
ISIC_0013549,calibration50,17,CNN,,0.8102626756261454,0.6810433353871431,0.04545454545454546,0.04827586206896552,0.04294478527607362,1.0,0.6810433353871431,1.0,10.92159688587405,6.2357573626124845,,,,,,,,,
ISIC_0013549,calibration50,17,global,0.2,0.8098264483011489,0.6804271924419799,0.04545454545454546,0.04827586206896552,0.04294478527607362,1.0,0.6804271924419799,1.0,10.92159688587405,6.241744731797281,0.0,0.0,1.0,0.0,0.015625,0.015625,0.0,0.078125,5.592645645141602
ISIC_0013549,calibration50,17,local,0.05,0.8005912058135238,0.667488190593551,0.01597444089456869,0.016666666666666666,0.015337423312883436,1.0,0.667488190593551,1.0,12.041594578792296,6.443995120215718,0.3025210084033613,0.15254237288135594,0.25,0.75,0.46484375,0.62109375,2.0,0.03125,5.796852111816406
ISIC_0013549,calibration50,17,local8,0.2,0.8098264483011489,0.6804271924419799,0.04545454545454546,0.04827586206896552,0.04294478527607362,1.0,0.6804271924419799,1.0,10.92159688587405,6.241744731797281,0.0,0.0,1.0,0.0,0.015625,0.015625,0.0,0.078125,5.592645645141602
ISIC_0013549,calibration50,17,local_large,0.05,0.8028030489304155,0.6705689053193674,0.022257551669316374,0.0231023102310231,0.02147239263803681,1.0,0.6705689053193674,1.0,12.007905111985021,6.400123919996596,0.3382352941176471,0.09745762711864407,0.5,0.5,0.265625,0.44140625,2.0,0.05078125,5.7108154296875
ISIC_0013549,calibration50,17,medium32,0.2,0.8098264483011489,0.6804271924419799,0.0422077922077922,0.04482758620689655,0.03987730061349693,1.0,0.6804271924419799,1.0,10.92159688587405,6.243244652700247,0.0,0.0,0.95,0.05,0.015625,0.015625,0.0,0.078125,5.593959808349609
ISIC_0013561,locked_verification100,17,CNN,,0.9025575988163179,0.8224191063174114,0.3901649951472015,0.3829787234042553,0.39762611275964393,0.9050445103857567,0.9000843170320405,0.9926306092906961,7.211102550927978,3.013702004538857,,,,,,,,,
ISIC_0013561,locked_verification100,17,global,0.2,0.9036755386565273,0.8242774566473988,0.3961262724284073,0.3862433862433862,0.4065281899109792,0.905588484335309,0.9017706576728499,0.9926635083563626,7.211102550927978,2.9875287801500483,1.0,0.026455026455026454,0.9552238805970149,0.04477611940298507,0.03125,0.0390625,0.0,0.26953125,3.1455492973327637
ISIC_0013561,locked_verification100,17,local,0.05,0.9144631410256411,0.8424063480346927,0.5724356745479834,0.4746059544658494,0.7210682492581603,0.8711832061068703,0.9622681281618887,0.9888965653375444,10.246834584086285,2.8134916084359407,0.5169491525423728,0.5714285714285714,0.16417910447761194,0.835820895522388,0.921875,3.265625,7.0,0.51171875,3.0233707427978516
ISIC_0013561,locked_verification100,17,local8,0.2,0.904505645246386,0.8256597958004238,0.39558961681087756,0.38522427440633245,0.4065281899109792,0.9055567293471372,0.9034569983136593,0.9926470588235294,6.43363220693949,2.945849148366805,1.0,0.047619047619047616,0.9701492537313433,0.029850746268656716,0.04296875,0.0703125,0.0,0.2734375,3.1134066581726074
ISIC_0013561,locked_verification100,17,local_large,0.05,0.9016457680250783,0.8209061719586158,0.5016904500548848,0.4393939393939394,0.5845697329376854,0.8422401171303074,0.9700674536256324,0.9858205026977234,10.0,3.0856080794410183,0.3891402714932127,0.42328042328042326,0.3283582089552239,0.6716417910447762,0.86328125,3.06640625,7.0,0.40625,3.5959553718566895
ISIC_0013561,locked_verification100,17,medium32,0.2,0.904661463826197,0.8259195070286924,0.40210627094303497,0.38961038961038963,0.41543026706231456,0.9052342760658506,0.9040893760539629,0.9926141597578628,6.387410454013627,2.9318888013569304,0.9230769230769231,0.0582010582010582,0.9701492537313433,0.029850746268656716,0.05078125,0.078125,0.25,0.28125,3.123166084289551
ISIC_0013562,locked_verification100,17,CNN,,0.9384328358208955,0.8840070298769771,0.7079277779787966,0.7706093189964157,0.6546762589928058,0.9217277486910995,0.9557546145494028,0.995165879842204,5.0,1.7684399794476695,,,,,,,,,
ISIC_0013562,locked_verification100,17,global,0.2,0.9384328358208955,0.8840070298769771,0.7079277779787966,0.7706093189964157,0.6546762589928058,0.9217277486910995,0.9557546145494028,0.995165879842204,5.0,1.7684399794476695,,0.0,1.0,0.0,0.0,0.0,0.0,0.53125,1.94929838180542
ISIC_0013562,locked_verification100,17,local,0.05,0.9480344641895531,0.9012029690299462,0.8248759655843749,0.8700361010830325,0.7841726618705036,0.9404380341880342,0.9557546145494028,0.9963946194140852,5.0,1.457483233084937,0.8666666666666667,0.5666666666666667,0.7647058823529411,0.23529411764705882,0.41015625,0.4609375,1.25,0.72265625,1.6204928159713745
ISIC_0013562,locked_verification100,17,local8,0.2,0.9384328358208955,0.8840070298769771,0.7079277779787966,0.7706093189964157,0.6546762589928058,0.9217277486910995,0.9557546145494028,0.995165879842204,5.0,1.7684399794476695,1.0,0.008333333333333333,0.9926470588235294,0.007352941176470588,0.0078125,0.0078125,0.0,0.53515625,1.941882610321045
ISIC_0013562,locked_verification100,17,local_large,0.05,0.9511278195488722,0.9068100358422939,0.8393676621740956,0.847972972972973,0.8309352517985612,0.9410201912858661,0.9614549402823018,0.996410787040031,3.605551275463989,1.359467008073966,0.7867647058823529,0.6333333333333333,0.6029411764705882,0.39705882352941174,0.53125,0.68359375,2.0,0.73046875,1.5704251527786255
ISIC_0013562,locked_verification100,17,medium32,0.2,0.9384328358208955,0.8840070298769771,0.7079277779787966,0.7706093189964157,0.6546762589928058,0.9217277486910995,0.9557546145494028,0.995165879842204,5.0,1.7684399794476695,,0.0,1.0,0.0,0.0,0.0,0.0,0.53125,1.94929838180542
ISIC_0013632,locked_verification100,17,CNN,,0.33881765573584477,0.20396174863387978,0.009966777408637873,0.014285714285714285,0.007653061224489796,1.0,0.20396174863387978,1.0,40.024992192379,23.74460139474736,,,,,,,,,
ISIC_0013632,locked_verification100,17,global,0.2,0.33787465940054495,0.20327868852459016,0.009836065573770491,0.013761467889908258,0.007653061224489796,1.0,0.20327868852459016,1.0,40.024992192379,23.6904406868073,0.5384615384615384,0.028112449799196786,1.0,0.0,0.05078125,0.09765625,0.25,0.02734375,19.237545013427734
ISIC_0013632,locked_verification100,17,local,0.05,0.33594726673485625,0.20188498838956426,0.06214285714285713,0.05357142857142857,0.07397959183673469,0.9993238674780257,0.20191256830601093,0.9999828225917273,38.08213404677581,20.972490130463136,0.6255924170616114,0.5100401606425703,0.14285714285714285,0.8571428571428571,0.82421875,4.79296875,18.0,0.0859375,20.079151153564453
ISIC_0013632,locked_verification100,17,local8,0.2,0.33881765573584477,0.20396174863387978,0.009771986970684038,0.013513513513513514,0.007653061224489796,1.0,0.20396174863387978,1.0,40.024992192379,23.612854301663358,0.625,0.040160642570281124,1.0,0.0,0.0625,0.12890625,2.0,0.02734375,19.221675872802734
ISIC_0013632,locked_verification100,17,local_large,0.05,0.34732566012186866,0.2101597705858255,0.05970149253731343,0.05128205128205128,0.07142857142857142,0.9980544747081712,0.21024590163934426,0.9999484677751821,37.64903659257704,20.635066358211645,0.6608695652173913,0.5903614457831325,0.14285714285714285,0.8571428571428571,0.8984375,5.23046875,18.0,0.0625,20.10857391357422
ISIC_0013632,locked_verification100,17,medium32,0.2,0.33787465940054495,0.20327868852459016,0.009836065573770491,0.013761467889908258,0.007653061224489796,1.0,0.20327868852459016,1.0,40.024992192379,23.690508676707672,0.5,0.020080321285140562,1.0,0.0,0.0390625,0.0859375,0.0,0.02734375,19.239253997802734
ISIC_0013637,calibration50,17,CNN,,0.9622551361681796,0.927255985267035,0.8924631547313459,0.928082191780822,0.8594771241830066,0.9877390877881315,0.9380530973451328,0.9991835668332191,2.9571067811865475,1.1004466186139927,,,,,,,,,
ISIC_0013637,calibration50,17,global,0.2,0.9626000716931533,0.9278967979728173,0.8924631547313459,0.928082191780822,0.8594771241830066,0.9884662576687117,0.9380530973451328,0.9992325528232259,2.9571067811865475,1.0904131737979392,1.0,0.0,0.9875518672199171,0.012448132780082987,0.01171875,0.01171875,0.0,0.94140625,0.8947880864143372
ISIC_0013637,calibration50,17,local,0.05,0.9438257251254436,0.8936268829663963,0.6629698611581442,0.7068965517241379,0.6241830065359477,0.9945834408047459,0.8979972054028877,0.999657098069952,4.0,1.649918216698055,0.35638297872340424,0.3333333333333333,0.24481327800829875,0.7551867219917012,0.734375,1.2734375,3.0,0.7734375,1.2448793649673462
ISIC_0013637,calibration50,17,local8,0.2,0.9619435136428913,0.9266774267927138,0.8924631547313459,0.928082191780822,0.8594771241830066,0.9894140817331364,0.9359571495109456,0.9992978674765683,2.9571067811865475,1.107828246644717,0.75,0.0,0.9004149377593361,0.0995850622406639,0.09375,0.09375,1.0,0.94140625,0.8794965147972107
ISIC_0013637,calibration50,17,local_large,0.05,0.9583283295304431,0.9199907770348167,0.7931252404242457,0.8394648829431438,0.7516339869281046,0.9893379618150261,0.9292035398230089,0.9992978674765683,3.0,1.1879289661230477,0.45251396648044695,0.3333333333333333,0.27800829875518673,0.7219917012448133,0.69921875,0.8203125,2.0,0.85546875,1.020600438117981
ISIC_0013637,calibration50,17,medium32,0.2,0.9618284073232021,0.9264638082065468,0.8925766262609879,0.9283276450511946,0.8594771241830066,0.9891705636229388,0.9359571495109456,0.9992815388132328,2.9571067811865475,1.1116786394923435,0.8095238095238095,0.0,0.9128630705394191,0.08713692946058091,0.08203125,0.08203125,1.0,0.94140625,0.8790416121482849
ISIC_0013644,calibration50,17,CNN,,0.5937537109606935,0.422225975342003,0.12802254098360655,0.11951219512195121,0.13783783783783785,0.9936406995230525,0.42337002540220153,0.9997316831849206,31.016124838541646,12.179119805365776,,,,,,,,,
ISIC_0013644,calibration50,17,global,0.2,0.5949216896060749,0.42340820807296065,0.12802254098360655,0.11951219512195121,0.13783783783783785,0.9936583432421721,0.4245554614733277,0.9997316831849206,31.016124838541646,12.158840687794187,0.1,0.005154639175257732,1.0,0.0,0.0390625,0.046875,0.0,0.2421875,11.358221054077148
ISIC_0013644,calibration50,17,local,0.05,0.597411848510032,0.4259353309632639,0.09234507897934387,0.08577878103837472,0.1,0.9992057188244639,0.4260795935647756,0.9999664603981151,30.4138126514911,12.0639759239355,0.5497076023391813,0.3865979381443299,0.1935483870967742,0.8064516129032258,0.66796875,1.328125,4.0,0.17578125,11.246352195739746
ISIC_0013644,calibration50,17,local8,0.2,0.5960877296976882,0.4245904408039183,0.1251303441084463,0.11650485436893204,0.13513513513513514,0.9936758893280633,0.4257408975444539,0.9997316831849206,31.016124838541646,12.12012297688924,0.3888888888888889,0.03608247422680412,0.9838709677419355,0.016129032258064516,0.0703125,0.0859375,1.0,0.23828125,11.352895736694336
ISIC_0013644,calibration50,17,local_large,0.05,0.6027849893792778,0.4314189189189189,0.10382198809229841,0.09381663113006397,0.11621621621621622,0.9941611521992993,0.4325148179508891,0.999748452985863,30.39406875144584,11.787223634325269,0.5253164556962026,0.38144329896907214,0.3709677419354839,0.6290322580645161,0.6171875,1.2421875,4.0,0.19140625,11.246867179870605
ISIC_0013644,calibration50,17,medium32,0.2,0.5947549543135161,0.42323931768282386,0.12515964240102173,0.11864406779661017,0.13243243243243244,0.9936558287073751,0.4243861134631668,0.9997316831849206,31.016124838541646,12.11145820307513,0.4117647058823529,0.02577319587628866,0.9354838709677419,0.06451612903225806,0.06640625,0.06640625,1.0,0.23828125,11.352605819702148
ISIC_0013651,locked_verification100,17,CNN,,0.7388329532180008,0.5858327452364149,0.10565914295060516,0.10445468509984639,0.10689170182841069,0.9929724880382775,0.5882717689786517,0.9978118161925602,45.617978911828175,18.97419583763862,,,,,,,,,
ISIC_0013651,locked_verification100,17,global,0.2,0.738376784174063,0.5852593507410021,0.09922041105598865,0.1,0.09845288326300984,0.9929656514255781,0.58769598724422,0.9978118161925602,45.933087886085424,19.087368299898674,0.0,0.0,1.0,0.0,0.01171875,0.01171875,0.0,0.11328125,18.176979064941406
ISIC_0013651,locked_verification100,17,local,0.05,0.7402752014175364,0.5876483516483516,0.10696692470091484,0.10312075983717775,0.1111111111111111,0.9872978362011668,0.5921250775090796,0.995996089203408,46.690391738097894,17.96201617561229,0.4727272727272727,0.29515418502202645,0.20689655172413793,0.7931034482758621,0.64453125,1.921875,7.25,0.12109375,18.392412185668945
ISIC_0013651,locked_verification100,17,local8,0.2,0.7384118858160369,0.58530345800988,0.09929860509102373,0.10015898251192369,0.09845288326300984,0.9929661777910805,0.5877402781468686,0.9978118161925602,45.93689809188091,19.07298620562235,0.0,0.0,1.0,0.0,0.01171875,0.01171875,0.0,0.11328125,18.17725372314453
ISIC_0013651,locked_verification100,17,local_large,0.05,0.7390242548704001,0.586073330692372,0.10027855153203342,0.0993103448275862,0.10126582278481013,0.9895214030915577,0.5897333687660554,0.9967177242888403,46.5274110769123,18.260944710471716,0.5287356321839081,0.3656387665198238,0.3103448275862069,0.6896551724137931,0.6796875,1.7421875,7.0,0.1171875,18.337039947509766
ISIC_0013651,locked_verification100,17,medium32,0.2,0.7384469855048271,0.585347565278758,0.09922041105598865,0.1,0.09845288326300984,0.9929667040778152,0.5877845690495173,0.9978118161925602,45.933087886085424,19.08347322787883,0.0,0.0,1.0,0.0,0.0078125,0.0078125,0.0,0.11328125,18.17334747314453
ISIC_0013663,calibration50,17,CNN,,0.8674688252023627,0.7659558028125483,0.46235921754593956,0.45614035087719296,0.46875,0.9367794367794368,0.8077079768597735,0.987439686086026,20.483910056792414,5.493763173197062,,,,,,,,,
ISIC_0013663,calibration50,17,global,0.2,0.8660936341027096,0.7638140680313991,0.4504376626449018,0.44562334217506633,0.45535714285714285,0.9322750328761976,0.8086857329096391,0.9864633986069129,20.615528128088304,5.464114402329572,0.07142857142857142,0.0,0.9130434782608695,0.08695652173913043,0.0546875,0.11328125,1.25,0.421875,5.050922870635986
ISIC_0013663,calibration50,17,local,0.05,0.8756498060896114,0.7788052253045648,0.30012300123001223,0.27293064876957496,0.3333333333333333,0.8869201838696197,0.8646622667644422,0.9745977507838463,17.87292097959714,5.322455758687555,0.39906103286384975,0.524822695035461,0.1391304347826087,0.8608695652173913,0.83203125,4.30078125,13.0,0.265625,5.527382850646973
ISIC_0013663,calibration50,17,local8,0.2,0.8646231330323029,0.761529636711281,0.43090990472536606,0.42592592592592593,0.43601190476190477,0.9254577562970536,0.8112930823759472,0.9849426431106021,20.615528128088304,5.510117749554328,0.14285714285714285,0.0070921985815602835,0.782608695652174,0.21739130434782608,0.13671875,0.31640625,2.0,0.40234375,5.156597137451172
ISIC_0013663,calibration50,17,local_large,0.05,0.872746424664749,0.7742236917768832,0.28470895530442847,0.25366876310272535,0.3244047619047619,0.8679290894439968,0.8776175344251609,0.9692281696487243,16.401219466856727,5.345951433558784,0.3832599118942731,0.5531914893617021,0.09565217391304348,0.9043478260869565,0.88671875,4.73828125,12.0,0.20703125,5.584928512573242
ISIC_0013663,calibration50,17,medium32,0.2,0.865874363327674,0.7634730538922155,0.43769664749918635,0.43351063829787234,0.4419642857142857,0.9296130117779025,0.8103153263260816,0.985862606312074,20.615528128088304,5.483813467588725,0.11538461538461539,0.0,0.808695652173913,0.19130434782608696,0.1015625,0.21875,2.0,0.41015625,5.105970859527588
ISIC_0013702,calibration50,17,CNN,,0.7543482509282783,0.6055851898336994,0.21721273831861543,0.23116883116883116,0.20484581497797358,1.0,0.6055851898336994,1.0,39.6068157645016,10.957376608896116,,,,,,,,,
ISIC_0013702,calibration50,17,global,0.2,0.7541859404521467,0.6053760066938605,0.21721273831861543,0.23116883116883116,0.20484581497797358,1.0,0.6053760066938605,1.0,39.6068157645016,10.957376608896116,0.3333333333333333,0.00546448087431694,1.0,0.0,0.01171875,0.01171875,0.0,0.28515625,9.022736549377441
ISIC_0013702,calibration50,17,local,0.05,0.7350879513291892,0.5811375993308239,0.10304204408607781,0.10049019607843138,0.10572687224669604,0.9994605286818917,0.5813199456123836,0.9999464046449308,39.6068157645016,11.239236357146337,0.32894736842105265,0.2459016393442623,0.2602739726027397,0.7397260273972602,0.59375,1.4609375,4.0,0.171875,9.43709945678711
ISIC_0013702,calibration50,17,local8,0.2,0.7537799791449427,0.6048530488442632,0.21774416310424205,0.23237597911227154,0.20484581497797358,1.0,0.6048530488442632,1.0,39.6068157645016,10.988338775385191,0.1111111111111111,0.00546448087431694,1.0,0.0,0.03515625,0.03515625,0.0,0.28515625,9.048401832580566
ISIC_0013702,calibration50,17,local_large,0.05,0.7462334599764182,0.5951933124346918,0.18952118325394837,0.19424460431654678,0.18502202643171806,0.9984224364592462,0.5957535822612697,0.9998392139347924,39.973228335510505,10.904902721809131,0.41739130434782606,0.22950819672131148,0.5205479452054794,0.4794520547945205,0.44921875,0.85546875,3.0,0.2265625,9.04268741607666
ISIC_0013702,calibration50,17,medium32,0.2,0.7542671009771987,0.60548059826378,0.21721273831861543,0.23116883116883116,0.20484581497797358,1.0,0.60548059826378,1.0,39.6068157645016,10.957376608896116,0.5,0.00546448087431694,1.0,0.0,0.0078125,0.0078125,0.0,0.28515625,9.022309303283691
ISIC_0013736,locked_verification100,17,CNN,,0.9119705340699816,0.8381855111712931,0.24843278384026005,0.23809523809523808,0.25970873786407767,0.8389428506889541,0.9989241527703067,0.9754561101549053,15.811388300841896,4.017476551833639,,,,,,,,,
ISIC_0013736,locked_verification100,17,global,0.2,0.911780956473694,0.8378652826356764,0.24843278384026005,0.23809523809523808,0.25970873786407767,0.8388117022478256,0.9986551909628832,0.9754388984509467,15.811388300841896,4.020250630625362,0.0,0.0,0.9411764705882353,0.058823529411764705,0.01171875,0.01171875,0.0,0.1328125,3.9054136276245117
ISIC_0013736,locked_verification100,17,local,0.05,0.9055406394923114,0.8273862622658341,0.246760656703232,0.231203007518797,0.2645631067961165,0.8288650580875782,0.9978483055406132,0.973631669535284,15.510510372739407,4.16889043620697,0.21287128712871287,0.18018018018018017,0.11764705882352941,0.8823529411764706,0.7890625,1.484375,4.0,0.16796875,4.1802496910095215
ISIC_0013736,locked_verification100,17,local8,0.2,0.912362586746914,0.8388481084133258,0.257476084878963,0.2465483234714004,0.26941747572815533,0.8396066463207867,0.9989241527703067,0.9755765920826162,15.811388300841896,3.9796190605323205,0.75,0.013513513513513514,1.0,0.0,0.015625,0.02734375,0.0,0.13671875,3.881439685821533
ISIC_0013736,locked_verification100,17,local_large,0.05,0.9132279687596089,0.840312358533273,0.2710215427380125,0.253411306042885,0.2912621359223301,0.8413597733711048,0.9985207100591716,0.9759036144578314,15.811388300841896,3.903759943467538,0.3524590163934426,0.19369369369369369,0.47058823529411764,0.5294117647058824,0.4765625,0.73828125,3.0,0.14453125,3.810906410217285
ISIC_0013736,locked_verification100,17,medium32,0.2,0.9117358212619691,0.8377890580936266,0.24958936552198324,0.23818897637795275,0.2621359223300971,0.8386404697380307,0.998789671866595,0.9754044750430293,15.811388300841896,4.0046221942172595,0.2,0.0045045045045045045,0.9705882352941176,0.029411764705882353,0.01953125,0.0234375,0.0,0.13671875,3.903212070465088
ISIC_0013793,locked_verification100,17,CNN,,0.9294467137021909,0.8681928546652792,0.6588851477740366,0.6870026525198939,0.6329787234042553,0.9675299574797063,0.8942479456948911,0.9971971036737962,7.0710678118654755,2.22937730925061,,,,,,,,,
ISIC_0013793,locked_verification100,17,global,0.2,0.9315779714444651,0.8719194724054148,0.6782252108478849,0.7071240105540897,0.651595744680851,0.9683885890516577,0.8974633797784923,0.9972638393006106,7.0710678118654755,2.1546011209857547,1.0,0.15306122448979592,0.9556962025316456,0.04430379746835443,0.0859375,0.0859375,1.0,0.65234375,2.076925277709961
ISIC_0013793,locked_verification100,17,local,0.05,0.9452092765407003,0.8961107217939733,0.7587097007929643,0.7648578811369509,0.7526595744680851,0.9789473684210527,0.9137191854233655,0.9981647702626046,6.0,1.7215626658622862,0.7956204379562044,0.7346938775510204,0.5886075949367089,0.41139240506329117,0.53515625,0.88671875,3.0,0.71875,1.6820569038391113
ISIC_0013793,locked_verification100,17,local8,0.2,0.9333703498056635,0.875065070275898,0.6882703452779364,0.7195767195767195,0.6595744680851063,0.9683179723502304,0.9008574490889604,0.9972471553939071,7.010660171779819,2.0995248036526752,0.9047619047619048,0.23469387755102042,0.879746835443038,0.12025316455696203,0.1640625,0.1640625,1.0,0.6640625,2.0455188751220703
ISIC_0013793,locked_verification100,17,local_large,0.05,0.9497165843847138,0.9042479108635098,0.8043621395931981,0.7828162291169452,0.8271276595744681,0.9726591760299625,0.9278313683458378,0.9975641496212753,5.0,1.5401819659243088,0.7703703703703704,0.7959183673469388,0.6392405063291139,0.36075949367088606,0.52734375,1.11328125,4.25,0.76171875,1.5573909282684326
ISIC_0013793,locked_verification100,17,medium32,0.2,0.9333456767265321,0.8750216976219406,0.6909284951974387,0.7222222222222222,0.6622340425531915,0.9686779400461184,0.9005001786352269,0.9972805232073142,7.0710678118654755,2.096915630120274,0.972972972972973,0.24489795918367346,0.9177215189873418,0.08227848101265822,0.14453125,0.14453125,1.0,0.6640625,2.046999931335449
ISIC_0013828,calibration50,17,CNN,,0.43413645575320875,0.27725050330744894,0.06114839671886652,0.06317411402157165,0.059248554913294796,0.9979296066252588,0.27741007194244605,0.9997314595175223,50.21951811795888,25.180831834925257,,,,,,,,,
ISIC_0013828,calibration50,17,global,0.2,0.44131490474411655,0.2831328188659349,0.08157319737800438,0.08223201174743025,0.08092485549132948,0.997804054054054,0.2833093525179856,0.9997090811439825,49.98899779911956,24.599778456002444,1.0,0.13725490196078433,0.0,1.0,0.140625,0.42578125,4.0,0.03125,31.492042541503906
ISIC_0013828,calibration50,17,local,0.05,0.482716004507288,0.3181447942120646,0.10216934919524143,0.09905020352781546,0.10549132947976879,0.9968473202221889,0.3184652278177458,0.999530054155664,47.12955972429034,23.78368010833903,0.9651741293532339,0.7568627450980392,0.0,1.0,0.78515625,3.0703125,6.25,0.0703125,29.341964721679688
ISIC_0013828,calibration50,17,local8,0.2,0.4436819334626287,0.28508435582822084,0.09178278544070305,0.09253731343283582,0.09104046242774566,0.9976517946997652,0.2852757793764988,0.9996867027704427,50.00999900019995,24.720839797679247,1.0,0.18823529411764706,0.0,1.0,0.19140625,0.5625,4.0,0.046875,31.394350051879883
ISIC_0013828,calibration50,17,local_large,0.05,0.46545828890768043,0.3033207149360295,0.10401741539679399,0.10398860398860399,0.10404624277456648,0.9970074027405891,0.3035971223021583,0.9995748109027436,49.03519118211939,24.089488397579267,0.9946236559139785,0.7215686274509804,0.0,1.0,0.7265625,2.07421875,6.0,0.0703125,30.19756317138672
ISIC_0013828,calibration50,17,medium32,0.2,0.44156426250326825,0.28333812673760905,0.08863440462997167,0.0891238670694864,0.08815028901734104,0.9979739996623332,0.28350119904076737,0.9997314595175223,50.21951811795888,24.743797029357403,1.0,0.15294117647058825,0.0,1.0,0.15625,0.4296875,4.0,0.0390625,31.49793815612793
ISIC_0013863,locked_verification100,17,CNN,,0.0,0.0,0.0,0.0,0.0,1.0,0.0,1.0,362.03867196751236,362.03867196751236,,,,,,,,,
ISIC_0013863,locked_verification100,17,global,0.2,0.0,0.0,0.0,0.0,0.0,1.0,0.0,1.0,362.03867196751236,362.03867196751236,,,,,,,,,
ISIC_0013863,locked_verification100,17,local,0.05,0.0,0.0,0.0,0.0,0.0,1.0,0.0,1.0,362.03867196751236,362.03867196751236,,,,,,,,,
ISIC_0013863,locked_verification100,17,local8,0.2,0.0,0.0,0.0,0.0,0.0,1.0,0.0,1.0,362.03867196751236,362.03867196751236,,,,,,,,,
ISIC_0013863,locked_verification100,17,local_large,0.05,0.0,0.0,0.0,0.0,0.0,1.0,0.0,1.0,362.03867196751236,362.03867196751236,,,,,,,,,
ISIC_0013863,locked_verification100,17,medium32,0.2,0.0,0.0,0.0,0.0,0.0,1.0,0.0,1.0,362.03867196751236,362.03867196751236,,,,,,,,,
ISIC_0013898,locked_verification100,17,CNN,,0.9363161819537659,0.8802579921480651,0.6767098281897235,0.693950177935943,0.6603053435114504,0.8904964539007092,0.9871069182389937,0.9938097376355122,4.123105625617661,1.6838700495744658,,,,,,,,,
ISIC_0013898,locked_verification100,17,global,0.2,0.9449127031908489,0.8955777460770328,0.7837292615909012,0.7928571428571428,0.7748091603053435,0.9061778290993071,0.9871069182389937,0.9947879915324909,4.0,1.4406783753476742,1.0,0.5327868852459017,0.9029850746268657,0.09701492537313433,0.3046875,0.3046875,1.0,0.62109375,1.8310306072235107
ISIC_0013898,locked_verification100,17,local,0.05,0.9611903666206474,0.925280567040756,0.897646255266571,0.9061371841155235,0.8893129770992366,0.9383048817011082,0.9852201257861635,0.9966963884790557,3.0,0.9675120350191023,0.9591836734693877,0.9016393442622951,0.7313432835820896,0.26865671641791045,0.57421875,0.87109375,2.0,0.75,1.395219326019287
ISIC_0013898,locked_verification100,17,local8,0.2,0.945750452079566,0.8970840480274442,0.7837292615909012,0.7928571428571428,0.7748091603053435,0.9079861111111112,0.9867924528301887,0.9949002501764065,4.0,1.4153726584722923,1.0,0.5655737704918032,0.8656716417910447,0.13432835820895522,0.33984375,0.33984375,1.0,0.62109375,1.798971176147461
ISIC_0013898,locked_verification100,17,local_large,0.05,0.9597058372912517,0.9225331369661267,0.869787112262906,0.8731884057971014,0.8664122137404581,0.9357633701822528,0.9849056603773585,0.9965520559368786,3.1541637771599587,1.016067056284364,0.9635036496350365,0.8934426229508197,0.7910447761194029,0.208955223880597,0.53515625,0.83203125,2.0,0.76171875,1.422640085220337
ISIC_0013898,locked_verification100,17,medium32,0.2,0.9460193003618818,0.8975679542203148,0.7851151122376983,0.7956989247311828,0.7748091603053435,0.9087485515643106,0.9864779874213836,0.9949483610237988,4.0,1.4090227360397896,0.989010989010989,0.5819672131147541,0.8507462686567164,0.14925373134328357,0.35546875,0.35546875,1.0,0.62109375,1.7876968383789062
ISIC_0013945,calibration50,17,CNN,,0.629277566539924,0.4590846047156727,0.34854692710814666,0.44360902255639095,0.28703703703703703,0.8756613756613757,0.4910979228486647,0.998535551816539,12.103665745345038,5.577033584284892,,,,,,,,,
ISIC_0013945,calibration50,17,global,0.2,0.629277566539924,0.4590846047156727,0.34854692710814666,0.44360902255639095,0.28703703703703703,0.8756613756613757,0.4910979228486647,0.998535551816539,12.103665745345038,5.577033584284892,,0.0,1.0,0.0,0.0,0.0,0.0,0.46484375,4.13355827331543
ISIC_0013945,calibration50,17,local,0.05,0.7288485348741229,0.5733766233766234,0.3134917349670226,0.299625468164794,0.3287037037037037,0.8213953488372093,0.6550445103857567,0.9970087866891008,10.0,4.180250945608542,0.6255707762557078,0.8467153284671532,0.2184873949579832,0.7815126050420168,0.85546875,4.12109375,9.0,0.42578125,2.8481903076171875
ISIC_0013945,calibration50,17,local8,0.2,0.6299287410926366,0.45977808599167824,0.34854692710814666,0.44360902255639095,0.28703703703703703,0.8758256274768824,0.491839762611276,0.998535551816539,12.103665745345038,5.577135683891029,1.0,0.0,0.9915966386554622,0.008403361344537815,0.00390625,0.00390625,0.0,0.46484375,4.133428573608398
ISIC_0013945,calibration50,17,local_large,0.05,0.7046464646464646,0.543980037429819,0.24944320712694878,0.2153846153846154,0.2962962962962963,0.7737355811889973,0.6468842729970327,0.9960272948214619,10.44030650891055,4.469789348741714,0.608,0.9124087591240876,0.025210084033613446,0.9747899159663865,0.9765625,5.0703125,12.0,0.3515625,3.163738965988159
ISIC_0013945,calibration50,17,medium32,0.2,0.629277566539924,0.4590846047156727,0.34854692710814666,0.44360902255639095,0.28703703703703703,0.8756613756613757,0.4910979228486647,0.998535551816539,12.103665745345038,5.577033584284892,,0.0,1.0,0.0,0.0,0.0,0.0,0.46484375,4.13355827331543
ISIC_0014037,calibration50,17,CNN,,0.6351328191945158,0.4653440482169764,0.0,0.0,0.0,1.0,0.4653440482169764,1.0,65.12449463896198,21.167472441508423,,,,,,,,,
ISIC_0014037,calibration50,17,global,0.2,0.6402130856440377,0.4708186840783526,0.0,0.0,0.0,1.0,0.4708186840783526,1.0,64.41659068381216,20.848635893305584,0.972972972972973,0.140625,,,0.14453125,0.265625,2.0,0.0,15.162506103515625
ISIC_0014037,calibration50,17,local,0.05,0.6936669170722147,0.531003100310031,0.04047369210013491,0.0436046511627907,0.03776223776223776,0.9917810777995704,0.5333500753390256,0.9980712751501337,53.24359003011965,16.967141498821327,0.9125,0.85546875,,,0.9375,3.74609375,10.25,0.0078125,13.145191192626953
ISIC_0014037,calibration50,17,local8,0.2,0.6443793831279363,0.4753390256152687,0.0,0.0,0.0,1.0,0.4753390256152687,1.0,64.5600495662759,20.595248324369543,0.9583333333333334,0.26953125,,,0.28125,0.484375,2.0,0.0,14.970558166503906
ISIC_0014037,calibration50,17,local_large,0.05,0.7083293087349882,0.5483822722967246,0.07299558275547219,0.07474226804123711,0.07132867132867132,0.9866355726971029,0.5524861878453039,0.9967343181519309,54.05089778068558,15.754459926976162,0.8825910931174089,0.8515625,,,0.96484375,5.0,21.25,0.03515625,12.744811058044434
ISIC_0014037,calibration50,17,medium32,0.2,0.6453939311470949,0.4764439979909593,0.0,0.0,0.0,1.0,0.4764439979909593,1.0,64.41659068381216,20.4747138202836,0.948051948051948,0.28515625,,,0.30078125,0.5625,2.0,0.0,14.898506164550781
ISIC_0014038,locked_verification100,17,CNN,,0.814618211514904,0.6872201171202205,0.112751677852349,0.14482758620689656,0.09230769230769231,1.0,0.6872201171202205,1.0,20.51677559491557,6.564261676065724,,,,,,,,,
ISIC_0014038,locked_verification100,17,global,0.2,0.8142550801592975,0.6867034102652428,0.112751677852349,0.14482758620689656,0.09230769230769231,1.0,0.6867034102652428,1.0,20.51677559491557,6.5639609907238095,0.0,0.0,1.0,0.0,0.015625,0.015625,0.0,0.16796875,4.770354270935059
ISIC_0014038,locked_verification100,17,local,0.05,0.8023927392739274,0.6699965552876335,0.12960528425305415,0.15719063545150502,0.11025641025641025,1.0,0.6699965552876335,1.0,22.810228293086592,6.898502040476252,0.33620689655172414,0.14553990610328638,0.6046511627906976,0.3953488372093023,0.453125,0.7421875,3.0,0.1953125,5.074368476867676
ISIC_0014038,locked_verification100,17,local8,0.2,0.8144971924451251,0.6870478815018946,0.112751677852349,0.14482758620689656,0.09230769230769231,1.0,0.6870478815018946,1.0,20.51677559491557,6.557469108298482,0.3333333333333333,0.009389671361502348,1.0,0.0,0.0234375,0.0234375,0.0,0.16796875,4.763716697692871
ISIC_0014038,locked_verification100,17,local_large,0.05,0.8120716112531969,0.6836031691353772,0.13757916959887403,0.1650485436893204,0.11794871794871795,1.0,0.6836031691353772,1.0,21.40819727489527,6.490908943357393,0.42424242424242425,0.26291079812206575,0.813953488372093,0.18604651162790697,0.515625,0.6484375,2.0,0.203125,4.825806617736816
ISIC_0014038,locked_verification100,17,medium32,0.2,0.8141339869281046,0.6865311746469169,0.11244979919678716,0.14383561643835616,0.09230769230769231,1.0,0.6865311746469169,1.0,20.51677559491557,6.5921542085646,0.2857142857142857,0.009389671361502348,1.0,0.0,0.02734375,0.02734375,0.0,0.16796875,4.769515037536621
ISIC_0014055,calibration50,17,CNN,,0.9341735010462012,0.8764780214820832,0.330856153924463,0.33692722371967654,0.325,0.983839918946302,0.8892806447181647,0.9926997276700917,15.524174696260024,4.452498249698841,,,,,,,,,
ISIC_0014055,calibration50,17,global,0.2,0.9340709561034275,0.8762974997743479,0.32598653820773393,0.3406896551724138,0.3125,0.9838366436967977,0.8890974861486332,0.9926997276700917,15.524174696260024,4.451861072681449,,0.0,1.0,0.0,0.0,0.0,0.0,0.30859375,4.020318984985352
ISIC_0014055,calibration50,17,local,0.05,0.9153293013953046,0.843877595820345,0.31282825077549753,0.2855740922473013,0.3458333333333333,0.9534699141822511,0.8801227162415861,0.9785339954687965,14.212670403551895,5.254569763924937,0.30434782608695654,0.22598870056497175,0.34177215189873417,0.6582278481012658,0.62890625,2.7578125,9.0,0.27734375,5.391393661499023
ISIC_0014055,calibration50,17,local8,0.2,0.9338401578212963,0.8758913259319433,0.3253312344221435,0.3392612859097127,0.3125,0.9838292695290718,0.8886853793671872,0.9926997276700917,15.524174696260024,4.455319026137681,0.0,0.0,0.9873417721518988,0.012658227848101266,0.0078125,0.015625,0.0,0.3046875,4.03569221496582
ISIC_0014055,calibration50,17,local_large,0.05,0.9374985505229713,0.8823503732483521,0.4342193467924234,0.4219512195121951,0.44722222222222224,0.949812030075188,0.9255002518430331,0.9755589628578621,13.345401254169952,4.2219340168806045,0.5365853658536586,0.5254237288135594,0.11392405063291139,0.8860759493670886,0.80078125,2.7421875,7.25,0.4140625,4.180230617523193
ISIC_0014055,calibration50,17,medium32,0.2,0.9340709561034275,0.8762974997743479,0.32598653820773393,0.3406896551724138,0.3125,0.9838366436967977,0.8890974861486332,0.9926997276700917,15.524174696260024,4.451861072681449,,0.0,1.0,0.0,0.0,0.0,0.0,0.30859375,4.020318984985352
ISIC_0014139,locked_verification100,17,CNN,,0.9127210496292071,0.8394543546694648,0.5098477681259138,0.5165562913907285,0.5033112582781457,0.911369332421964,0.9140767824497258,0.9936396337475474,8.06225774829855,2.8452834194783607,,,,,,,,,
ISIC_0014139,locked_verification100,17,global,0.2,0.9127210496292071,0.8394543546694648,0.5098477681259138,0.5165562913907285,0.5033112582781457,0.911369332421964,0.9140767824497258,0.9936396337475474,8.06225774829855,2.8452834194783607,,0.0,1.0,0.0,0.0,0.0,0.0,0.4296875,2.9419987201690674
ISIC_0014139,locked_verification100,17,local,0.05,0.9287099349834607,0.86690800681431,0.6159965384103315,0.6160990712074303,0.6158940397350994,0.9271236620359827,0.9303016453382084,0.9947678221059516,7.0,2.2675191976119957,0.8636363636363636,0.5684931506849316,0.5818181818181818,0.41818181818181815,0.515625,0.86328125,3.0,0.578125,2.396775484085083
ISIC_0014139,locked_verification100,17,local8,0.2,0.9127210496292071,0.8394543546694648,0.5098477681259138,0.5165562913907285,0.5033112582781457,0.911369332421964,0.9140767824497258,0.9936396337475474,8.06225774829855,2.8452834194783607,1.0,0.00684931506849315,1.0,0.0,0.00390625,0.00390625,0.0,0.43359375,2.938664674758911
ISIC_0014139,locked_verification100,17,local_large,0.05,0.9287257019438445,0.8669354838709677,0.6437826069095839,0.6485623003194888,0.6390728476821192,0.9239990952273242,0.9335009140767825,0.9945062132112492,7.810249675906654,2.3179802768623317,0.9354838709677419,0.541095890410959,0.5909090909090909,0.4090909090909091,0.484375,0.66015625,3.0,0.54296875,2.4318485260009766
ISIC_0014139,locked_verification100,17,medium32,0.2,0.9127210496292071,0.8394543546694648,0.5098477681259138,0.5165562913907285,0.5033112582781457,0.911369332421964,0.9140767824497258,0.9936396337475474,8.06225774829855,2.8452834194783607,1.0,0.00684931506849315,1.0,0.0,0.00390625,0.00390625,0.0,0.43359375,2.938664674758911
ISIC_0014162,locked_verification100,17,CNN,,0.8527397260273972,0.7432835820895523,0.45729320835388915,0.5146198830409356,0.4114583333333333,0.9991974317817014,0.7437275985663082,0.9999843412357897,5.0,2.5771458361001742,,,,,,,,,
ISIC_0014162,locked_verification100,17,global,0.2,0.8527397260273972,0.7432835820895523,0.45729320835388915,0.5146198830409356,0.4114583333333333,0.9991974317817014,0.7437275985663082,0.9999843412357897,5.0,2.5771458361001742,,0.0,1.0,0.0,0.0,0.0,0.0,0.60546875,1.9636931419372559
ISIC_0014162,locked_verification100,17,local,0.05,0.8644986449864499,0.7613365155131265,0.5064599483204134,0.5130890052356021,0.5,0.9984350547730829,0.7622461170848268,0.9999686824715793,5.521009528313442,2.329428496121633,0.5578231292517006,0.43564356435643564,0.4645161290322581,0.535483870967742,0.57421875,0.86328125,2.25,0.6171875,1.815893292427063
ISIC_0014162,locked_verification100,17,local8,0.2,0.8527397260273972,0.7432835820895523,0.45729320835388915,0.5146198830409356,0.4114583333333333,0.9991974317817014,0.7437275985663082,0.9999843412357897,5.0,2.5771458361001742,,0.0,1.0,0.0,0.0,0.0,0.0,0.60546875,1.9636931419372559
ISIC_0014162,locked_verification100,17,local_large,0.05,0.8285514345696291,0.7072879330943848,0.37609133646742776,0.3883495145631068,0.3645833333333333,1.0,0.7072879330943848,1.0,7.903943276465977,2.9618090472773564,0.33064516129032256,0.27722772277227725,0.5806451612903226,0.41935483870967744,0.484375,0.79296875,2.25,0.578125,2.1522579193115234
ISIC_0014162,locked_verification100,17,medium32,0.2,0.8527397260273972,0.7432835820895523,0.45729320835388915,0.5146198830409356,0.4114583333333333,0.9991974317817014,0.7437275985663082,0.9999843412357897,5.0,2.5771458361001742,,0.0,1.0,0.0,0.0,0.0,0.0,0.60546875,1.9636931419372559
ISIC_0014178,calibration50,17,CNN,,0.9273868942199324,0.8646052236565596,0.6714552238805971,0.6828358208955224,0.6604477611940298,0.9245585874799358,0.9302325581395349,0.9962363869314542,7.0,1.8256865605352963,,,,,,,,,
ISIC_0014178,calibration50,17,global,0.2,0.9291821261493789,0.867731244350708,0.6935283261113786,0.7126865671641791,0.6753731343283582,0.9281340638092169,0.9302325581395349,0.9964285714285714,7.0,1.7741309671205379,1.0,0.17045454545454544,1.0,0.0,0.05859375,0.05859375,1.0,0.6640625,1.7861759662628174
ISIC_0014178,calibration50,17,local,0.05,0.9423485219663563,0.890982087708462,0.7845829311022918,0.793233082706767,0.7761194029850746,0.9530888668648827,0.9318475452196382,0.9977258167841128,7.0,1.403909478712922,0.7251461988304093,0.5681818181818182,0.2916666666666667,0.7083333333333334,0.66796875,0.88671875,2.0,0.7578125,1.4171220064163208
ISIC_0014178,calibration50,17,local8,0.2,0.9315289189624617,0.8718335343787696,0.7091325004399084,0.724907063197026,0.6940298507462687,0.9292831886853102,0.9337855297157622,0.9964766175528508,7.0,1.7039570980282701,0.7555555555555555,0.29545454545454547,0.8928571428571429,0.10714285714285714,0.17578125,0.17578125,1.0,0.68359375,1.756544589996338
ISIC_0014178,calibration50,17,local_large,0.05,0.9437327712015566,0.893460239484188,0.7888218482057795,0.8059701492537313,0.7723880597014925,0.9475740801042006,0.939922480620155,0.9974215246636772,5.940833163195851,1.3609556734893669,0.7382198952879581,0.75,0.2619047619047619,0.7380952380952381,0.74609375,0.87109375,2.0,0.75,1.4403377771377563
ISIC_0014178,calibration50,17,medium32,0.2,0.9287208366854385,0.8669270051066387,0.6849925104246792,0.6988847583643123,0.6716417910447762,0.9252965694132735,0.9321705426356589,0.9962684176809737,7.0,1.780808466503986,0.8,0.125,0.9821428571428571,0.017857142857142856,0.05859375,0.05859375,1.0,0.66015625,1.807391881942749
ISIC_0014211,locked_verification100,17,CNN,,0.9775990013177058,0.9561796228462895,0.9399760456974388,0.9577114427860697,0.9228855721393034,0.9867002659946801,0.9686641011544805,0.9983693786474425,2.23606797749979,0.8521777780113788,,,,,,,,,
ISIC_0014211,locked_verification100,17,global,0.2,0.9777993617316498,0.9565630514456359,0.9399760456974388,0.9577114427860697,0.9228855721393034,0.9872513309050154,0.9685266630016492,0.9984380363886028,2.23606797749979,0.8441999004462382,1.0,0.0625,0.9833333333333333,0.016666666666666666,0.01953125,0.01953125,0.0,0.94140625,0.790712833404541
ISIC_0014211,locked_verification100,17,local,0.05,0.9713884007029877,0.9443685073810826,0.8985823561508447,0.9255583126550868,0.8731343283582089,0.9942437760828896,0.94956019791094,0.9993134225883968,2.8284271247461903,1.0781539440264705,0.5535714285714286,0.6875,0.5916666666666667,0.4083333333333333,0.4375,0.640625,2.0,0.9453125,0.8256360292434692
ISIC_0014211,locked_verification100,17,local8,0.2,0.9775093710953769,0.9560081466395112,0.9401268976687533,0.9580246913580247,0.9228855721393034,0.9875175315568022,0.9677020340846619,0.9984723652591829,2.23606797749979,0.8532405787899896,0.6666666666666666,0.125,0.9583333333333334,0.041666666666666664,0.046875,0.046875,0.0,0.9453125,0.7885324954986572
ISIC_0014211,locked_verification100,17,local_large,0.05,0.9753432333987111,0.9518731200437517,0.9409783003600093,0.9625,0.9203980099502488,0.9945714285714286,0.956844420010995,0.999347751458977,2.23606797749979,0.9158316230735998,0.5982905982905983,0.8125,0.5708333333333333,0.42916666666666664,0.45703125,0.5078125,1.0,0.9765625,0.7430658936500549
ISIC_0014211,locked_verification100,17,medium32,0.2,0.9774164408310749,0.9558303886925795,0.9388841414490636,0.958128078817734,0.9203980099502488,0.9884750527055517,0.9666025288620121,0.9985925163062135,2.23606797749979,0.8564899204803721,0.6666666666666666,0.1875,0.9,0.1,0.10546875,0.10546875,1.0,0.94921875,0.7768816947937012
ISIC_0014212,locked_verification100,17,CNN,,0.9440753679628887,0.8940745762711865,0.34102788719811106,0.30397236614853196,0.3883720930232558,0.9300141043723554,0.9585683549456301,0.9203326697065057,20.143188537570865,5.203006189071247,,,,,,,,,
ISIC_0014212,locked_verification100,17,global,0.2,0.9448314333528814,0.8954317473227599,0.3522160292759831,0.3198562443845463,0.3918604651162791,0.9298685210732284,0.9602837704250742,0.9200115599511913,20.76931687685293,5.1601212369179885,0.7777777777777778,0.03910614525139665,1.0,0.0,0.03515625,0.09375,0.0,0.32421875,5.428904056549072
ISIC_0014212,locked_verification100,17,local,0.05,0.946570594411126,0.898561013570707,0.4526259317659863,0.3941940412528648,0.5313953488372093,0.9365625978313459,0.9567947897889166,0.9284246355404278,20.77457906192796,5.01628228233555,0.5214723926380368,0.441340782122905,0.5,0.5,0.63671875,3.0078125,11.25,0.43359375,5.130354881286621
ISIC_0014212,locked_verification100,17,local8,0.2,0.9448465257316131,0.8954588586146129,0.35018714149668906,0.31805929919137466,0.38953488372093026,0.9298704954954955,0.9603128452637087,0.9200115599511913,20.76931687685293,5.16030722132254,0.7777777777777778,0.03910614525139665,1.0,0.0,0.03515625,0.09765625,0.0,0.3203125,5.426119327545166
ISIC_0014212,locked_verification100,17,local_large,0.05,0.9503221842808361,0.9053465454347471,0.477909775907623,0.4204918032786885,0.5534883720930233,0.9342641233811838,0.966941908472408,0.9248603172564382,17.894116628998397,4.71564731011319,0.6666666666666666,0.40782122905027934,0.7368421052631579,0.2631578947368421,0.48046875,2.078125,9.25,0.44921875,4.849945068359375
ISIC_0014212,locked_verification100,17,medium32,0.2,0.9444070804058211,0.8946697755124173,0.34410656733926315,0.3134598012646793,0.3813953488372093,0.9298374144100989,0.9594406001046695,0.9200436709267228,20.88465843842651,5.188587418914865,0.625,0.027932960893854747,0.9868421052631579,0.013157894736842105,0.03125,0.0625,0.0,0.30859375,5.461349010467529
ISIC_0014217,locked_verification100,17,CNN,,0.9559268235142728,0.9155745450063678,0.58782289078719,0.5573770491803278,0.6217870257037944,0.956480686695279,0.955373601406096,0.9759766874363287,12.649110640673518,2.9260647340915953,,,,,,,,,
ISIC_0014217,locked_verification100,17,global,0.2,0.9562062599287279,0.9160873678581712,0.5972699756885975,0.5767195767195767,0.6193390452876377,0.957686519028166,0.9547305697260685,0.9766874363287451,12.181853687305871,2.873224533190515,0.6,0.007874015748031496,0.937984496124031,0.06201550387596899,0.0390625,0.05859375,0.0,0.49609375,3.6564016342163086
ISIC_0014217,locked_verification100,17,local,0.05,0.937896566710126,0.8830557715127461,0.43355874133851735,0.3622693096377307,0.5397796817625459,0.950998105142555,0.9251511124448064,0.9736549077211021,17.46424919657298,4.06507418457735,0.3314917127071823,0.33070866141732286,0.2558139534883721,0.7441860465116279,0.70703125,3.67578125,15.0,0.328125,4.5340576171875
ISIC_0014217,locked_verification100,17,local8,0.2,0.9562288117409775,0.9161287670106484,0.5965621219824337,0.5754010695187166,0.6193390452876377,0.9572146569869839,0.9552449950700904,0.9764031367717785,12.303578156856076,2.8805316038137256,0.4,0.0,0.9612403100775194,0.03875968992248062,0.01953125,0.0234375,0.0,0.49609375,3.6642584800720215
ISIC_0014217,locked_verification100,17,local_large,0.05,0.944137797727712,0.8941865668605834,0.48160388954139466,0.4180576631259484,0.5679314565483476,0.9460273736765086,0.9422557551335362,0.9702906962969983,15.0,3.6328906894988546,0.3468208092485549,0.36220472440944884,0.3178294573643411,0.6821705426356589,0.67578125,3.078125,12.0,0.36328125,4.342777729034424
ISIC_0014217,locked_verification100,17,medium32,0.2,0.9561616204965345,0.9160054269621346,0.5946761719130476,0.5729499467518637,0.6181150550795593,0.957209142464341,0.955116388734085,0.9764031367717785,12.23889646277447,2.8858058466639998,0.4,0.0,0.9689922480620154,0.031007751937984496,0.01953125,0.02734375,0.0,0.49609375,3.66843843460083
ISIC_0014302,locked_verification100,17,CNN,,0.9504310344827587,0.9055441478439425,0.883091100708316,0.8896103896103896,0.8766666666666667,0.9236983842010772,0.9787571337983513,0.9959122823891507,3.0,1.1044914605649871,,,,,,,,,
ISIC_0014302,locked_verification100,17,global,0.2,0.9517496531524587,0.9079411764705883,0.8948696383515559,0.9032258064516129,0.8866666666666667,0.9261926192619262,0.9787571337983513,0.996056554775416,3.0,1.0676330877972446,1.0,0.15714285714285714,1.0,0.0,0.04296875,0.04296875,0.0,0.7421875,1.384490966796875
ISIC_0014302,locked_verification100,17,local,0.05,0.9584109248913718,0.9201430274135876,0.9358740142913304,0.9253246753246753,0.9466666666666667,0.9386018237082067,0.9790741915028536,0.9967618864416018,2.23606797749979,0.9081631808335222,0.7652173913043478,0.7,0.6612903225806451,0.3387096774193548,0.44921875,0.46484375,1.0,0.80078125,1.2128536701202393
ISIC_0014302,locked_verification100,17,local8,0.2,0.9510166358595195,0.9066079295154185,0.8896727891983943,0.8961038961038961,0.8833333333333333,0.9248052726183343,0.9787571337983513,0.995976403449713,3.0,1.0902331164996435,1.0,0.07142857142857142,1.0,0.0,0.01953125,0.01953125,0.0,0.7265625,1.405029296875
ISIC_0014302,locked_verification100,17,local_large,0.05,0.9579257879211303,0.9192491060786651,0.927411113851792,0.9248366013071896,0.93,0.9385457864313964,0.9781230183893469,0.9967618864416018,2.9571067811865475,0.9205398359462941,0.801980198019802,0.5571428571428572,0.6666666666666666,0.3333333333333333,0.39453125,0.39453125,1.0,0.80859375,1.2183291912078857
ISIC_0014302,locked_verification100,17,medium32,0.2,0.9510166358595195,0.9066079295154185,0.8912700339970859,0.8993506493506493,0.8833333333333333,0.9248052726183343,0.9787571337983513,0.995976403449713,3.0,1.089504373239648,1.0,0.07142857142857142,1.0,0.0,0.01953125,0.01953125,0.0,0.73046875,1.4057044982910156
ISIC_0014310,locked_verification100,17,CNN,,0.9635310690248865,0.9296285110238599,0.9334466527196653,0.9453125,0.921875,0.9651928504233303,0.961875,0.9982193275154004,2.23606797749979,0.9504472166120705,,,,,,,,,
ISIC_0014310,locked_verification100,17,global,0.2,0.9638327853452325,0.9301903898458749,0.9334466527196653,0.9453125,0.921875,0.9657985566363351,0.961875,0.9982514117043121,2.23606797749979,0.9410166948840507,1.0,0.030303030303030304,0.9955156950672646,0.004484304932735426,0.0078125,0.0078125,0.0,0.875,0.9704713821411133
ISIC_0014310,locked_verification100,17,local,0.05,0.9748506758880855,0.9509352959214965,0.9747406370156043,0.9768339768339769,0.97265625,0.980708412397217,0.9690625,0.9990214322381931,2.0,0.6318005790287186,0.6643835616438356,0.7878787878787878,0.4618834080717489,0.5381165919282511,0.5703125,0.6953125,2.0,0.9453125,0.7095986604690552
ISIC_0014310,locked_verification100,17,local8,0.2,0.966541588492808,0.935249621785174,0.93941658004158,0.9453125,0.93359375,0.9671464330413017,0.9659375,0.9983155800821355,2.23606797749979,0.8672162174348625,0.75,0.06060606060606061,0.8834080717488789,0.11659192825112108,0.109375,0.109375,1.0,0.87890625,0.9379842281341553
ISIC_0014310,locked_verification100,17,local_large,0.05,0.973404255319149,0.9481865284974094,0.9726857928620538,0.9766536964980544,0.96875,0.974624060150376,0.9721875,0.998700590349076,2.0,0.679905481017862,0.5950920245398773,0.8181818181818182,0.3901345291479821,0.6098654708520179,0.63671875,0.6875,1.25,0.9453125,0.7851033210754395
ISIC_0014310,locked_verification100,17,medium32,0.2,0.9647942419026756,0.9319830713422007,0.93941658004158,0.9453125,0.93359375,0.966154810404262,0.9634375,0.9982674537987679,2.23606797749979,0.9134210108909023,1.0,0.06060606060606061,0.9596412556053812,0.04035874439461883,0.04296875,0.04296875,0.0,0.87890625,0.9476656913757324
ISIC_0014382,locked_verification100,17,CNN,,0.9536631592706359,0.9114303560274828,0.5889790752296814,0.5927601809954751,0.5852459016393443,0.9193548387096774,0.9906313645621181,0.974806125260796,9.432576873454527,2.6120599844711907,,,,,,,,,
ISIC_0014382,locked_verification100,17,global,0.2,0.955214100841988,0.9142677955471935,0.6323091476018639,0.6351351351351351,0.6295081967213115,0.923067181662762,0.9896809232858113,0.9760855017123962,9.486832980505138,2.5120190622162077,0.925,0.15436241610738255,0.8411214953271028,0.1588785046728972,0.15625,0.16015625,1.0,0.46484375,2.9590561389923096
ISIC_0014382,locked_verification100,17,local,0.05,0.9648177283834901,0.9320269046695123,0.784418617583273,0.7493333333333333,0.8229508196721311,0.9516608333883643,0.9783435166327223,0.9855922528835177,10.63014581273465,1.9283940305820413,0.7703349282296651,0.7449664429530202,0.2336448598130841,0.7663551401869159,0.81640625,2.125,6.0,0.7109375,2.227234363555908
ISIC_0014382,locked_verification100,17,local8,0.2,0.9561993503723876,0.9160746841013391,0.6464797136038187,0.6470588235294118,0.6459016393442623,0.9252650961965839,0.9892735913102512,0.9768334448687163,9.481547795660283,2.4601032541996495,0.9285714285714286,0.2214765100671141,0.7850467289719626,0.21495327102803738,0.21875,0.25,1.0,0.484375,2.8933260440826416
ISIC_0014382,locked_verification100,17,local_large,0.05,0.9566884877339152,0.9169730003802763,0.7012641843206627,0.662962962962963,0.7442622950819672,0.9324568187677237,0.9822131704005431,0.9793725150572767,8.790395920668704,2.273600473265533,0.6467391304347826,0.5234899328859061,0.2803738317757009,0.719626168224299,0.71875,1.94140625,5.0,0.60546875,2.7087607383728027
ISIC_0014382,locked_verification100,17,medium32,0.2,0.9555300671800754,0.9148468875502008,0.6305465193205795,0.6400602409638554,0.6213114754098361,0.9235983528666456,0.9897488119484046,0.9762626461441563,9.47890520323786,2.4956558486661917,0.9318181818181818,0.18791946308724833,0.8504672897196262,0.14953271028037382,0.171875,0.18359375,1.0,0.46875,2.935798168182373
ISIC_0014428,calibration50,17,CNN,,0.9313959904359022,0.8716006884681583,0.7101303911735206,0.759656652360515,0.6666666666666666,0.9817758821248546,0.8859342197340798,0.999250135613772,4.242640687119285,1.672843062583426,,,,,,,,,
ISIC_0014428,calibration50,17,global,0.2,0.9317387304507819,0.8722011712022046,0.7105788423153693,0.7606837606837606,0.6666666666666666,0.9825378346915018,0.8859342197340798,0.9992820447365902,4.242640687119285,1.6610246395363775,1.0,0.018867924528301886,0.9901477832512315,0.009852216748768473,0.01171875,0.01171875,0.0,0.796875,1.3399344682693481
ISIC_0014428,calibration50,17,local,0.05,0.9404585798816568,0.8876090750436301,0.777672849915683,0.8146551724137931,0.7439024390243902,0.9972549019607844,0.8897830650804759,0.9998883180701362,3.4947328716400867,1.430133797508222,0.8028169014084507,0.8113207547169812,0.5123152709359606,0.4876847290640394,0.5546875,0.66015625,2.0,0.90625,0.9903173446655273
ISIC_0014428,calibration50,17,local8,0.2,0.9320817228050801,0.8728024819027922,0.7124300193933184,0.759656652360515,0.6707317073170732,0.9833009708737864,0.8859342197340798,0.9993139538594084,4.242640687119285,1.6547840197026895,1.0,0.07547169811320754,0.9802955665024631,0.019704433497536946,0.03125,0.03125,0.0,0.80859375,1.3238574266433716
ISIC_0014428,calibration50,17,local_large,0.05,0.9422369389256806,0.8907826086956522,0.7841605256148452,0.8240343347639485,0.7479674796747967,0.9934057408844065,0.8960811756473058,0.9997287724560452,4.0,1.382374748916527,0.8120805369127517,0.6792452830188679,0.4433497536945813,0.5566502463054187,0.58203125,0.62890625,1.0,0.90234375,1.0186916589736938
ISIC_0014428,calibration50,17,medium32,0.2,0.9317387304507819,0.8722011712022046,0.7105788423153693,0.7606837606837606,0.6666666666666666,0.9825378346915018,0.8859342197340798,0.9992820447365902,4.242640687119285,1.6610246395363775,1.0,0.018867924528301886,0.9802955665024631,0.019704433497536946,0.01953125,0.01953125,0.0,0.796875,1.334382176399231
ISIC_0014558,locked_verification100,17,CNN,,0.9407299270072993,0.8880926130099228,0.520045394538759,0.551433389544688,0.49203821656050956,0.8918149466192171,0.9953221535745808,0.9747629413718039,17.204650534085253,3.295606848710236,,,,,,,,,
ISIC_0014558,locked_verification100,17,global,0.2,0.9424845343588029,0.8912252964426878,0.5398246159587039,0.571912013536379,0.5111464968152867,0.8951881848499286,0.9950573698146513,0.9756484522008634,16.558582848510454,3.1855479193651375,1.0,0.15,0.9479166666666666,0.052083333333333336,0.11328125,0.11328125,1.0,0.38671875,2.9861698150634766
ISIC_0014558,locked_verification100,17,local,0.05,0.9499026825759499,0.904585381577887,0.6182979049710021,0.6269592476489029,0.6098726114649682,0.9123049414824448,0.9907325684024714,0.980094454488433,15.454145103833435,2.6413666560841844,0.8641304347826086,0.74375,0.4270833333333333,0.5729166666666666,0.71875,1.07421875,2.0,0.546875,2.5855913162231445
ISIC_0014558,locked_verification100,17,local8,0.2,0.942686342544208,0.8915862723390795,0.5418099471609493,0.5723905723905723,0.5143312101910829,0.8954808990548805,0.9951456310679612,0.9757222447699516,16.590503910975325,3.180014002684821,1.0,0.13125,0.9270833333333334,0.07291666666666667,0.109375,0.109375,1.0,0.41015625,2.990022659301758
ISIC_0014558,locked_verification100,17,local_large,0.05,0.9486185983827493,0.9022592533247877,0.6153354708655417,0.6242331288343558,0.606687898089172,0.9072015466408894,0.9939982347749338,0.9787477401025717,15.545088114658636,2.79431947932857,0.7816091954022989,0.6375,0.3958333333333333,0.6041666666666666,0.6796875,1.35546875,4.25,0.51953125,2.6986083984375
ISIC_0014558,locked_verification100,17,medium32,0.2,0.9419036879254897,0.8901871003394648,0.5306306692523206,0.5632377740303541,0.5015923566878981,0.8939982557678585,0.9952338923212709,0.9753348337822382,16.79042681339984,3.207851650336316,1.0,0.09375,0.9791666666666666,0.020833333333333332,0.06640625,0.06640625,1.0,0.390625,3.0230555534362793
ISIC_0014568,calibration50,17,CNN,,0.7846705266060104,0.645644283121597,0.30796709123586474,0.29584352078239606,0.3211267605633803,0.9228274967574579,0.6824940047961631,0.9939778343820111,84.25430427320384,13.765721676254719,,,,,,,,,
ISIC_0014568,calibration50,17,global,0.2,0.7844470999172718,0.6453418027828192,0.30796709123586474,0.29584352078239606,0.3211267605633803,0.9227941176470589,0.6821742605915267,0.9939778343820111,84.25430427320384,13.769428046934353,0.3333333333333333,0.005847953216374269,0.9882352941176471,0.011764705882352941,0.01171875,0.01171875,0.0,0.328125,6.544025421142578
ISIC_0014568,calibration50,17,local,0.05,0.7821138211382114,0.6421895861148198,0.30977799243875226,0.2782931354359926,0.3492957746478873,0.8990654205607477,0.6920863309352518,0.9918017577301328,83.03853396524883,12.94684476753226,0.38219895287958117,0.34502923976608185,0.29411764705882354,0.7058823529411765,0.74609375,1.81640625,5.0,0.30859375,6.917018413543701
ISIC_0014568,calibration50,17,local8,0.2,0.7851171336701883,0.646249243799153,0.3064073658607018,0.2929782082324455,0.3211267605633803,0.9228941684665227,0.6831334932054357,0.9939778343820111,84.20919064188668,13.695675569667136,0.6363636363636364,0.04093567251461988,0.9882352941176471,0.011764705882352941,0.04296875,0.04296875,0.0,0.328125,6.528423309326172
ISIC_0014568,calibration50,17,local_large,0.05,0.7782510194834618,0.6369974781189734,0.26622081203807496,0.22878228782287824,0.3183098591549296,0.898326359832636,0.6864908073541167,0.9918017577301328,83.0096140026883,13.01292203433627,0.34615384615384615,0.3157894736842105,0.35294117647058826,0.6470588235294118,0.7109375,1.6875,5.0,0.28515625,7.061010837554932
ISIC_0014568,calibration50,17,medium32,0.2,0.7843353557639272,0.6451905626134301,0.30796709123586474,0.29584352078239606,0.3211267605633803,0.9227774172615185,0.6820143884892086,0.9939778343820111,84.25430427320384,13.772045847981472,0.0,0.0,0.9882352941176471,0.011764705882352941,0.0078125,0.0078125,0.0,0.328125,6.547466278076172
ISIC_0014572,locked_verification100,17,CNN,,0.9328990228013029,0.8742368742368742,0.6110756617746581,0.6233333333333333,0.599290780141844,0.8763769889840881,0.9972144846796658,0.9918477383527589,5.0,1.946727449959422,,,,,,,,,
ISIC_0014572,locked_verification100,17,global,0.2,0.9337506520605112,0.87573385518591,0.6283006093432634,0.64,0.6170212765957447,0.8778813143697891,0.9972144846796658,0.9919607399993543,5.0,1.9219032902584696,1.0,0.05970149253731343,1.0,0.0,0.03125,0.03125,0.0,0.4765625,2.4478759765625
ISIC_0014572,locked_verification100,17,local,0.05,0.9470347378153481,0.8993978926241847,0.7360640885031711,0.7491749174917491,0.723404255319149,0.9005275056518462,0.9986072423398329,0.9936073354211733,3.605551275463989,1.4677012304242427,0.8188405797101449,0.6865671641791045,0.6229508196721312,0.3770491803278688,0.5390625,0.6640625,2.0,0.5625,2.0435903072357178
ISIC_0014572,locked_verification100,17,local8,0.2,0.9341161121983039,0.8763769889840881,0.633348257592717,0.6466666666666666,0.6205673758865248,0.8785276073619632,0.9972144846796658,0.9920091692764667,5.0,1.9083272691998836,1.0,0.08208955223880597,1.0,0.0,0.04296875,0.04296875,0.0,0.4765625,2.4381637573242188
ISIC_0014572,locked_verification100,17,local_large,0.05,0.9475492138987978,0.9003263871453678,0.7630942433704209,0.7602523659305994,0.7659574468085106,0.9012314651922594,0.9988857938718663,0.9936557646982856,4.0,1.4057839513719552,0.7209302325581395,0.6268656716417911,0.6311475409836066,0.36885245901639346,0.50390625,0.734375,2.25,0.5859375,2.0619451999664307
ISIC_0014572,locked_verification100,17,medium32,0.2,0.9337506520605112,0.87573385518591,0.6283006093432634,0.64,0.6170212765957447,0.8778813143697891,0.9972144846796658,0.9919607399993543,5.0,1.9219032902584696,1.0,0.05970149253731343,1.0,0.0,0.03125,0.03125,0.0,0.4765625,2.4478759765625
ISIC_0014597,calibration50,17,CNN,,0.8587135788894997,0.7524084778420038,0.6091665222665049,0.6013513513513513,0.6171875,0.7545893719806763,0.9961734693877551,0.996077341240425,5.0,2.0127339494550025,,,,,,,,,
ISIC_0014597,calibration50,17,global,0.2,0.8587135788894997,0.7524084778420038,0.6091665222665049,0.6013513513513513,0.6171875,0.7545893719806763,0.9961734693877551,0.996077341240425,5.0,2.0127339494550025,,0.0,1.0,0.0,0.0,0.0,0.0,0.40625,2.653139591217041
ISIC_0014597,calibration50,17,local,0.05,0.8799102132435466,0.7855711422845691,0.7482837528604118,0.7465753424657534,0.75,0.7855711422845691,1.0,0.996695082777366,4.868033988749895,1.6505312736070337,0.8253968253968254,0.5986842105263158,0.6634615384615384,0.33653846153846156,0.4921875,0.5390625,1.0,0.51171875,2.320138931274414
ISIC_0014597,calibration50,17,local8,0.2,0.8593406593406593,0.7533718689788054,0.6091665222665049,0.6013513513513513,0.6171875,0.7548262548262549,0.9974489795918368,0.996077341240425,5.0,2.0054875726434083,0.0,0.0,0.9807692307692307,0.019230769230769232,0.0078125,0.0078125,0.0,0.40625,2.6591453552246094
ISIC_0014597,calibration50,17,local_large,0.05,0.8745119910764082,0.7770069375619425,0.7460732984293194,0.75,0.7421875,0.7770069375619425,1.0,0.9965252038547072,5.0,1.726140233228994,0.7536231884057971,0.631578947368421,0.6057692307692307,0.3942307692307692,0.5390625,0.5703125,1.0,0.48828125,2.3912363052368164
ISIC_0014597,calibration50,17,medium32,0.2,0.8587135788894997,0.7524084778420038,0.6091665222665049,0.6013513513513513,0.6171875,0.7545893719806763,0.9961734693877551,0.996077341240425,5.0,2.0127339494550025,,0.0,1.0,0.0,0.0,0.0,0.0,0.40625,2.653139591217041
ISIC_0014601,calibration50,17,CNN,,0.8456303077757031,0.7325472190337056,0.12415322084000492,0.12413793103448276,0.12416851441241686,0.9899873078550275,0.7380151387720774,0.9987326859917178,16.0,7.118649880356731,,,,,,,,,
ISIC_0014601,calibration50,17,global,0.2,0.8457693465823547,0.7327559219451112,0.12472674778304806,0.12529002320185614,0.12416851441241686,0.989990131115184,0.7382253994953742,0.9987326859917178,16.0,7.0704292047050865,0.6666666666666666,0.019230769230769232,1.0,0.0,0.0234375,0.02734375,0.0,0.1875,6.662840366363525
ISIC_0014601,calibration50,17,local,0.05,0.86957027388498,0.769238683127572,0.2572533849129594,0.2281303602058319,0.29490022172949004,0.9729342875731946,0.7860597140454163,0.9962873054405255,15.0,5.602600337409607,0.6577540106951871,0.5096153846153846,0.3333333333333333,0.6666666666666666,0.73046875,2.37890625,7.0,0.26953125,6.0678558349609375
ISIC_0014601,calibration50,17,local8,0.2,0.8461862621154657,0.733382030679328,0.12941270220734719,0.13023255813953488,0.1286031042128603,0.9899985913508945,0.7388561816652649,0.9987326859917178,16.0,7.051149829941157,0.7272727272727273,0.03365384615384615,0.9583333333333334,0.041666666666666664,0.04296875,0.04296875,0.0,0.1875,6.646748065948486
ISIC_0014601,calibration50,17,local_large,0.05,0.8734089331173339,0.7752670501232539,0.2870475113122172,0.25925925925925924,0.3215077605321508,0.9711785898095728,0.7935239697224559,0.9960017135513352,15.0,5.436577425799149,0.7641509433962265,0.6634615384615384,0.1875,0.8125,0.828125,2.46875,7.0,0.2890625,5.874826431274414
ISIC_0014601,calibration50,17,medium32,0.2,0.8459778420038536,0.7330689763122196,0.12472674778304806,0.12529002320185614,0.12416851441241686,0.9899943630214205,0.7385407905803196,0.9987326859917178,16.0,7.0616408988300075,0.8,0.019230769230769232,1.0,0.0,0.01953125,0.01953125,0.0,0.1875,6.65664529800415
ISIC_0014608,calibration50,17,CNN,,0.9565853212686226,0.9167834618079888,0.6179690141173453,0.6309963099630996,0.60546875,0.9182312686436217,0.9982830980541778,0.983070551478602,6.0,1.989452076782064,,,,,,,,,
ISIC_0014608,calibration50,17,global,0.2,0.9567164861282509,0.9170244458074126,0.6190876602900988,0.6333333333333333,0.60546875,0.9184730144800352,0.9982830980541778,0.9831250454116108,6.0,1.9829473712102363,,0.0,1.0,0.0,0.0,0.0,0.0,0.42578125,2.528188705444336
ISIC_0014608,calibration50,17,local,0.05,0.9569808548735136,0.917510344220442,0.6593583582283414,0.6491228070175439,0.669921875,0.922545808621758,0.9940862266310568,0.9841059362057691,6.4031242374328485,1.9051728818248288,0.6758620689655173,0.3469387755102041,0.3577981651376147,0.6422018348623854,0.56640625,0.93359375,3.0,0.49609375,2.459897041320801
ISIC_0014608,calibration50,17,local8,0.2,0.9567164861282509,0.9170244458074126,0.6190876602900988,0.6333333333333333,0.60546875,0.9184730144800352,0.9982830980541778,0.9831250454116108,6.0,1.9829473712102363,,0.0,1.0,0.0,0.0,0.0,0.0,0.42578125,2.528188705444336
ISIC_0014608,calibration50,17,local_large,0.05,0.9548954895489549,0.9136842105263158,0.6132333156671694,0.5897435897435898,0.638671875,0.9191669608189199,0.9935139259824495,0.9833611857879823,6.4031242374328485,2.008750535583739,0.5654761904761905,0.36054421768707484,0.3669724770642202,0.6330275229357798,0.65625,1.10546875,3.0,0.515625,2.526630163192749
ISIC_0014608,calibration50,17,medium32,0.2,0.9567164861282509,0.9170244458074126,0.6190876602900988,0.6333333333333333,0.60546875,0.9184730144800352,0.9982830980541778,0.9831250454116108,6.0,1.9829473712102363,,0.0,1.0,0.0,0.0,0.0,0.0,0.42578125,2.528188705444336
ISIC_0014610,locked_verification100,17,CNN,,0.8691042047531993,0.7685095376656967,0.4626957184943696,0.44673539518900346,0.4798387096774194,0.7732595966167859,0.9920701168614358,0.9889610389610389,8.773298588520893,3.017195168059618,,,,,,,,,
ISIC_0014610,locked_verification100,17,global,0.2,0.8703771512266569,0.7705024311183144,0.48871775997282074,0.47079037800687284,0.5080645161290323,0.7752772341813438,0.9920701168614358,0.9890877415267659,8.773298588520893,2.9770003522583557,0.9166666666666666,0.05945945945945946,0.9859154929577465,0.014084507042253521,0.046875,0.046875,0.0,0.29296875,3.8073902130126953
ISIC_0014610,locked_verification100,17,local,0.05,0.8787767133382461,0.7837660203746303,0.6209791426520802,0.5791245791245792,0.6693548387096774,0.7866094986807388,0.9954090150250418,0.9897529299968324,9.5169564660045,2.7446125122870817,0.6024096385542169,0.4810810810810811,0.5492957746478874,0.4507042253521127,0.6484375,0.8359375,2.0,0.39453125,3.6587791442871094
ISIC_0014610,locked_verification100,17,local8,0.2,0.8710622710622711,0.7715768981181051,0.4960214423318535,0.4845360824742268,0.5080645161290323,0.7761096605744126,0.9924874791318865,0.9891352549889135,8.773298588520893,2.9569245924806804,0.8333333333333334,0.10810810810810811,0.9436619718309859,0.056338028169014086,0.09375,0.09375,1.0,0.29296875,3.783301830291748
ISIC_0014610,locked_verification100,17,local_large,0.05,0.8723287671232877,0.7735665694849369,0.5731209102508575,0.5351170568561873,0.6169354838709677,0.7755764858720364,0.996661101836394,0.9890560658853341,9.523035462634223,2.947179842489383,0.5161290322580645,0.3783783783783784,0.5070422535211268,0.49295774647887325,0.60546875,0.7421875,2.0,0.35546875,3.8338375091552734
ISIC_0014610,locked_verification100,17,medium32,0.2,0.8703771512266569,0.7705024311183144,0.48312611012433393,0.46735395189003437,0.5,0.7752772341813438,0.9920701168614358,0.9890877415267659,8.773298588520893,2.9756610618045922,1.0,0.05945945945945946,1.0,0.0,0.04296875,0.04296875,0.0,0.2890625,3.8039674758911133
ISIC_0014611,calibration50,17,CNN,,0.5089735171810024,0.3413577981651376,0.0041928721174004195,0.004761904761904762,0.003745318352059925,0.9965716734518963,0.3417591299875083,0.9996918751323974,60.84488020425262,23.57625434304185,,,,,,,,,
ISIC_0014611,calibration50,17,global,0.2,0.5091366670314039,0.3415045871559633,0.0041841004184100415,0.004739336492890996,0.003745318352059925,0.9965731420004283,0.3419060915570578,0.9996918751323974,60.84488020425262,23.541939793541,1.0,0.00390625,,,0.00390625,0.00390625,0.0,0.0,22.453048706054688
ISIC_0014611,calibration50,17,local,0.05,0.4594075079149706,0.29820183486238533,0.0034752389226759338,0.0032414910858995136,0.003745318352059925,0.9960774699681294,0.2985524285399368,0.9996918751323974,59.94037108195041,23.122109007911895,0.4607329842931937,0.34375,,,0.74609375,3.34375,13.0,0.0,22.379440307617188
ISIC_0014611,calibration50,17,local8,0.2,0.5096259024283527,0.3419449541284404,0.0041841004184100415,0.004739336492890996,0.003745318352059925,0.9965775401069519,0.34234697626570654,0.9996918751323974,60.84488020425262,23.515129883563176,0.7777777777777778,0.02734375,,,0.03515625,0.03515625,0.0,0.0,22.435440063476562
ISIC_0014611,calibration50,17,local_large,0.05,0.4770580674006595,0.3132477064220183,0.0034482758620689655,0.003194888178913738,0.003745318352059925,0.996265172735761,0.313615989418767,0.9996918751323974,59.40833261324391,23.433290238636072,0.553072625698324,0.38671875,,,0.69921875,2.83203125,13.0,0.0,22.578018188476562
ISIC_0014611,calibration50,17,medium32,0.2,0.5090550965694589,0.34143119266055044,0.0041928721174004195,0.004761904761904762,0.003745318352059925,0.9965724078834619,0.34183261077228305,0.9996918751323974,60.84488020425262,23.568908882160876,0.6666666666666666,0.0078125,,,0.01171875,0.01171875,0.0,0.0,22.451156616210938
ISIC_0014616,locked_verification100,17,CNN,,0.9172278948511841,0.8471107544141252,0.6387920257911704,0.6636363636363637,0.6157407407407407,0.9150411790203727,0.919425087108014,0.9969006957621759,3.7041634565979917,1.864058269516685,,,,,,,,,
ISIC_0014616,locked_verification100,17,global,0.2,0.9193408499566349,0.8507223113964687,0.6621149571292473,0.6818181818181818,0.6435185185185185,0.9153713298791019,0.9233449477351916,0.9969006957621759,3.605551275463989,1.813892796081225,1.0,0.05263157894736842,0.959349593495935,0.04065040650406504,0.046875,0.046875,0.0,0.49609375,1.9583861827850342
ISIC_0014616,locked_verification100,17,local,0.05,0.9391080617495712,0.8852061438965239,0.7985208874675195,0.8103448275862069,0.7870370370370371,0.924831081081081,0.9538327526132404,0.9971853257432005,3.0,1.351895027318575,0.8489208633093526,0.45112781954887216,0.3983739837398374,0.6016260162601627,0.54296875,0.7578125,2.0,0.6875,1.56141996383667
ISIC_0014616,locked_verification100,17,local8,0.2,0.923774562729432,0.858346709470305,0.6976049692408768,0.7207207207207207,0.6759259259259259,0.9160599571734476,0.9316202090592335,0.9969006957621759,3.1622776601683795,1.7090360775663294,0.9523809523809523,0.15789473684210525,0.8292682926829268,0.17073170731707318,0.1640625,0.1640625,1.0,0.53515625,1.870305061340332
ISIC_0014616,locked_verification100,17,local_large,0.05,0.9415778251599147,0.8896051571313457,0.8047486864280758,0.8232758620689655,0.7870370370370371,0.9223057644110275,0.9616724738675958,0.9970588235294118,3.0,1.2923135830952839,0.8391608391608392,0.47368421052631576,0.3902439024390244,0.6097560975609756,0.55859375,0.88671875,2.0,0.671875,1.5468542575836182
ISIC_0014616,locked_verification100,17,medium32,0.2,0.9221453287197232,0.85553772070626,0.6909134774872584,0.7117117117117117,0.6712962962962963,0.915807560137457,0.9285714285714286,0.9969006957621759,3.1622776601683795,1.7407400718982304,1.0,0.14285714285714285,0.8861788617886179,0.11382113821138211,0.12890625,0.12890625,1.0,0.52734375,1.8897230625152588
ISIC_0014618,locked_verification100,17,CNN,,0.9232769830949284,0.857487922705314,0.7108550214625468,0.7709923664122137,0.6594202898550725,0.920711374583179,0.9258569299552906,0.9965951759689429,5.207737973711325,1.696994142755113,,,,,,,,,
ISIC_0014618,locked_verification100,17,global,0.2,0.9244757840044535,0.8595583160800552,0.730642750373692,0.7878787878787878,0.6811594202898551,0.9208872458410351,0.9280923994038748,0.9965951759689429,5.207737973711325,1.6677831405213608,1.0,0.07042253521126761,0.9783783783783784,0.021621621621621623,0.03515625,0.03515625,0.0,0.7421875,1.4453545808792114
ISIC_0014618,locked_verification100,17,local,0.05,0.9136981270657363,0.8411088573360379,0.7724083295608872,0.7338709677419355,0.8152173913043478,0.9007965242577842,0.9269746646795827,0.9956405524088334,5.742640687119286,1.6117525509551427,0.5578231292517006,0.5633802816901409,0.4594594594594595,0.5405405405405406,0.57421875,1.3125,3.0,0.70703125,1.5310208797454834
ISIC_0014618,locked_verification100,17,local8,0.2,0.9260974254491573,0.8623663332183512,0.754549730453345,0.8143939393939394,0.7028985507246377,0.9208103130755064,0.9314456035767511,0.9965792655762744,5.207737973711325,1.6278276534478402,0.9047619047619048,0.14084507042253522,0.9405405405405406,0.05945945945945946,0.08203125,0.08203125,1.0,0.76171875,1.4170957803726196
ISIC_0014618,locked_verification100,17,local_large,0.05,0.9175784099197666,0.8477088948787062,0.7640931488526741,0.7306666666666667,0.8007246376811594,0.8985714285714286,0.9374068554396423,0.9954814484821486,5.207737973711325,1.6067399395706534,0.5403726708074534,0.5915492957746479,0.372972972972973,0.6270270270270271,0.62890625,1.4453125,4.25,0.69140625,1.6059396266937256
ISIC_0014618,locked_verification100,17,medium32,0.2,0.9256719184430028,0.8616287094547964,0.7438581028974329,0.7992424242424242,0.6956521739130435,0.9210623386204353,0.930327868852459,0.9965951759689429,5.207737973711325,1.6455325114067967,1.0,0.09859154929577464,0.9459459459459459,0.05405405405405406,0.06640625,0.06640625,1.0,0.75,1.4220343828201294
ISIC_0014620,calibration50,17,CNN,,0.7874637872004214,0.6494352736750652,0.07591952216284187,0.08778625954198473,0.06687898089171974,1.0,0.6494352736750652,1.0,17.0,6.729998327565753,,,,,,,,,
ISIC_0014620,calibration50,17,global,0.2,0.7877830437072143,0.6498696785403997,0.07579442918791682,0.08745247148288973,0.06687898089171974,1.0,0.6498696785403997,1.0,17.0,6.701501623940234,1.0,0.01293103448275862,1.0,0.0,0.01171875,0.01171875,0.0,0.09375,5.817829132080078
ISIC_0014620,calibration50,17,local,0.05,0.8297629610850551,0.709055459272097,0.1822371177209887,0.17417417417417416,0.1910828025477707,0.9963470319634703,0.7109035621198957,0.9998030591479026,13.136665625650526,5.238883602515029,0.696969696969697,0.5560344827586207,0.125,0.875,0.7734375,1.94921875,6.0,0.21484375,4.821457862854004
ISIC_0014620,calibration50,17,local8,0.2,0.7882616133701803,0.6505212858384014,0.07554547587393447,0.08679245283018867,0.06687898089171974,1.0,0.6505212858384014,1.0,17.0,6.677429840657764,1.0,0.02586206896551724,1.0,0.0,0.0234375,0.0234375,0.0,0.09765625,5.8072662353515625
ISIC_0014620,calibration50,17,local_large,0.05,0.8360387567635585,0.7182702702702702,0.2119981105337742,0.2138364779874214,0.21019108280254778,0.9937182171702064,0.7215464813205907,0.9996553535088295,12.083045973594572,5.115045180373874,0.7944444444444444,0.5775862068965517,0.041666666666666664,0.9583333333333334,0.703125,1.97265625,5.25,0.23046875,4.676569938659668
ISIC_0014620,calibration50,17,medium32,0.2,0.7879426089245755,0.6500868809730669,0.07579442918791682,0.08745247148288973,0.06687898089171974,1.0,0.6500868809730669,1.0,17.0,6.6939069301799625,1.0,0.017241379310344827,1.0,0.0,0.015625,0.015625,0.0,0.09765625,5.8142547607421875
ISIC_0014623,locked_verification100,17,CNN,,0.9348496316945741,0.8776691625069329,0.23328417796640652,0.23389830508474577,0.23267326732673269,0.8781866740661094,0.9993290179981055,0.912636815920398,11.40175425099138,5.041744693315047,,,,,,,,,
ISIC_0014623,locked_verification100,17,global,0.2,0.9348568475070607,0.8776818827770267,0.2317408827287919,0.23590333716915995,0.22772277227722773,0.8781079862676423,0.9994474265866751,0.9125621890547264,11.557843974210888,5.07183118832882,,0.0,1.0,0.0,0.0,0.0,0.0,0.16796875,5.672890663146973
ISIC_0014623,locked_verification100,17,local,0.05,0.9464850993687601,0.8984069411848375,0.4666222392000825,0.45052631578947366,0.4839108910891089,0.900680902641617,0.9971976634038522,0.9306965174129354,13.0,4.149025041061631,0.6808510638297872,0.4225352112676056,0.6744186046511628,0.32558139534883723,0.55078125,1.828125,6.0,0.390625,4.702212333679199
ISIC_0014623,locked_verification100,17,local8,0.2,0.9348913625371509,0.8777427293840341,0.23477145430450724,0.238204833141542,0.23143564356435645,0.8781688919715623,0.9994474265866751,0.9126119402985075,11.557843974210888,5.068000130973348,1.0,0.004694835680751174,1.0,0.0,0.00390625,0.00390625,0.0,0.16796875,5.668992042541504
ISIC_0014623,locked_verification100,17,local_large,0.05,0.9436485552587833,0.8933092863710305,0.4466781382465271,0.4393939393939394,0.4542079207920792,0.8956848562209694,0.9970397852857594,0.92681592039801,11.698280492565269,4.238020020961943,0.6521739130434783,0.39436619718309857,0.5348837209302325,0.46511627906976744,0.5390625,1.7109375,5.25,0.375,4.889579772949219
ISIC_0014623,locked_verification100,17,medium32,0.2,0.9348568475070607,0.8776818827770267,0.2317408827287919,0.23590333716915995,0.22772277227722773,0.8781079862676423,0.9994474265866751,0.9125621890547264,11.557843974210888,5.07183118832882,,0.0,1.0,0.0,0.0,0.0,0.0,0.16796875,5.672890663146973
ISIC_0014624,locked_verification100,17,CNN,,0.9484400175772667,0.9019362028137624,0.680294534475322,0.6911111111111111,0.6698113207547169,0.9053411633109619,0.9958474315595202,0.9885320323881154,3.605551275463989,1.7367395010054967,,,,,,,,,
ISIC_0014624,locked_verification100,17,global,0.2,0.9483011130638547,0.9016850020888456,0.6756310524240922,0.6890380313199105,0.6627358490566038,0.9050880626223092,0.9958474315595202,0.9884981536063964,3.605551275463989,1.7448408361053278,,0.0,1.0,0.0,0.0,0.0,0.0,0.3984375,2.237687349319458
ISIC_0014624,locked_verification100,17,local,0.05,0.9588980226616307,0.9210413999146394,0.8055480796371299,0.8116591928251121,0.7995283018867925,0.9247250392801029,0.9956936327283913,0.991072941017041,3.0,1.342123629158295,0.8991596638655462,0.6038961038961039,0.7941176470588235,0.20588235294117646,0.46484375,0.56640625,2.0,0.58984375,1.8208706378936768
ISIC_0014624,locked_verification100,17,local8,0.2,0.9483011130638547,0.9016850020888456,0.6756310524240922,0.6890380313199105,0.6627358490566038,0.9050880626223092,0.9958474315595202,0.9884981536063964,3.605551275463989,1.7448408361053278,,0.0,1.0,0.0,0.0,0.0,0.0,0.3984375,2.237687349319458
ISIC_0014624,locked_verification100,17,local_large,0.05,0.9561747099253566,0.916029453412631,0.7822268182459156,0.7861915367483296,0.7783018867924528,0.9203300611751316,0.9949246385727468,0.9905139411186774,3.1622776601683795,1.4317125652002867,0.8686868686868687,0.4805194805194805,0.7843137254901961,0.21568627450980393,0.38671875,0.44921875,1.0,0.5703125,1.92020845413208
ISIC_0014624,locked_verification100,17,medium32,0.2,0.9483011130638547,0.9016850020888456,0.6756310524240922,0.6890380313199105,0.6627358490566038,0.9050880626223092,0.9958474315595202,0.9884981536063964,3.605551275463989,1.7448408361053278,,0.0,1.0,0.0,0.0,0.0,0.0,0.3984375,2.237687349319458
ISIC_0014633,calibration50,17,CNN,,0.8226120857699805,0.6986754966887417,0.35359116022099457,0.32323232323232326,0.3902439024390244,0.7025527192008879,0.9921630094043887,0.9916588857765328,8.0,3.396002042764262,,,,,,,,,
ISIC_0014633,calibration50,17,global,0.2,0.8244871377401498,0.7013850415512466,0.35359116022099457,0.32323232323232326,0.3902439024390244,0.7052924791086351,0.9921630094043887,0.9917678182384064,8.0,3.361882767346732,1.0,0.0625,1.0,0.0,0.04296875,0.04296875,0.0,0.3125,4.078741550445557
ISIC_0014633,calibration50,17,local,0.05,0.8349705304518664,0.7166947723440135,0.3530355097365407,0.3108108108108108,0.40853658536585363,0.7170978627671541,0.9992163009404389,0.9921724245253657,7.0,3.112731510925258,0.6040268456375839,0.4943181818181818,0.2875,0.7125,0.58203125,1.12109375,4.0,0.28515625,3.6684646606445312
ISIC_0014633,calibration50,17,local8,0.2,0.8237971391417426,0.7003869541182974,0.35359116022099457,0.32323232323232326,0.3902439024390244,0.7038888888888889,0.9929467084639498,0.9917055711173358,8.0,3.3729324911036382,0.5384615384615384,0.03977272727272727,0.925,0.075,0.05078125,0.05078125,0.25,0.3125,4.111083030700684
ISIC_0014633,calibration50,17,local_large,0.05,0.8338783518639634,0.715086932136848,0.3288018238621971,0.30275229357798167,0.3597560975609756,0.7154882154882155,0.9992163009404389,0.9921101774042951,6.4031242374328485,3.0908934563282715,0.46774193548387094,0.3125,0.2125,0.7875,0.484375,1.1328125,6.25,0.23828125,3.8489208221435547
ISIC_0014633,calibration50,17,medium32,0.2,0.823146944083225,0.6994475138121546,0.35359116022099457,0.32323232323232326,0.3902439024390244,0.7033333333333334,0.9921630094043887,0.9916900093370682,8.0,3.384952319007356,0.75,0.03409090909090909,0.975,0.025,0.03125,0.03125,0.0,0.3125,4.103931903839111
ISIC_0014635,calibration50,17,CNN,,0.7281517292673857,0.572514619883041,0.11949950794320259,0.13227513227513227,0.10897435897435898,0.9066493795147249,0.608376833209048,0.9912332579579057,51.49777256293161,11.754722942860283,,,,,,,,,
ISIC_0014635,calibration50,17,global,0.2,0.7286937104577595,0.5731850117096019,0.11949950794320259,0.13227513227513227,0.10897435897435898,0.9083317869734645,0.608376833209048,0.9914072012523917,51.49777256293161,11.72796251347564,1.0,0.031818181818181815,1.0,0.0,0.02734375,0.03515625,0.0,0.140625,6.802191257476807
ISIC_0014635,calibration50,17,local,0.05,0.7519092627599244,0.602447594814007,0.27278775781769793,0.2679738562091503,0.2777777777777778,0.9600308939949798,0.6179468058662689,0.9963993738041399,45.826216989354805,9.543780979629199,0.7511961722488039,0.6818181818181818,0.5833333333333334,0.4166666666666667,0.81640625,2.62109375,8.25,0.30859375,5.773966312408447
ISIC_0014635,calibration50,17,local8,0.2,0.7289650037230082,0.5735207967193907,0.11964248011823492,0.13262599469496023,0.10897435897435898,0.9091753343239227,0.608376833209048,0.9914941728996347,51.49777256293161,11.716061657114635,1.0,0.04090909090909091,1.0,0.0,0.03515625,0.046875,0.0,0.140625,6.794897556304932
ISIC_0014635,calibration50,17,local_large,0.05,0.7563087397321098,0.6081161489944068,0.19347174294280703,0.18480492813141683,0.202991452991453,0.9346991037131882,0.635098185433756,0.9937902243868499,45.324827542095036,9.461121658561531,0.7966101694915254,0.6272727272727273,0.9166666666666666,0.08333333333333333,0.69140625,1.73828125,5.0,0.25390625,5.9780168533325195
ISIC_0014635,calibration50,17,medium32,0.2,0.7286937104577595,0.5731850117096019,0.11964248011823492,0.13262599469496023,0.10897435897435898,0.9083317869734645,0.608376833209048,0.9914072012523917,51.49777256293161,11.73094325171921,1.0,0.03636363636363636,1.0,0.0,0.03125,0.03515625,0.0,0.140625,6.804922580718994
ISIC_0014637,locked_verification100,17,CNN,,0.8929814385150812,0.8066544406602043,0.398093422306959,0.4044943820224719,0.3918918918918919,0.9935463052597612,0.810903344745852,0.9996760556536387,7.228354385516113,2.9918263054200023,,,,,,,,,
ISIC_0014637,locked_verification100,17,global,0.2,0.8936231884057971,0.8077023840712602,0.39590443686006827,0.4,0.3918918918918919,0.9935546245568805,0.8119568080063208,0.9996760556536387,7.0710678118654755,2.9743717993371277,0.9090909090909091,0.07936507936507936,0.9923076923076923,0.007692307692307693,0.04296875,0.04296875,0.0,0.5078125,2.5033602714538574
ISIC_0014637,locked_verification100,17,local,0.05,0.8812126512170237,0.7876498176133403,0.35025258599951886,0.32601880877742945,0.3783783783783784,0.9866187989556136,0.796154859099289,0.9993359140899594,7.810249675906654,3.23699717137752,0.45625,0.42857142857142855,0.45384615384615384,0.5461538461538461,0.625,1.29296875,5.0,0.48828125,2.7891364097595215
ISIC_0014637,locked_verification100,17,local8,0.2,0.8945844193454967,0.8092742991878439,0.4019802289444505,0.40892193308550184,0.3952702702702703,0.9935670633644259,0.813537002897024,0.9996760556536387,6.708203932499369,2.9235282654989536,0.9259259259259259,0.15873015873015872,0.9461538461538461,0.05384615384615385,0.10546875,0.10546875,1.0,0.51171875,2.4617247581481934
ISIC_0014637,locked_verification100,17,local_large,0.05,0.886781441494018,0.7965923984272608,0.3757149142102948,0.3730886850152905,0.3783783783783784,0.9941118743866536,0.8003687121411641,0.9997084500882748,7.049747468305832,3.001870927797588,0.49382716049382713,0.4126984126984127,0.4230769230769231,0.5769230769230769,0.6328125,1.15625,3.0,0.49609375,2.583327054977417
ISIC_0014637,locked_verification100,17,medium32,0.2,0.8947444621398581,0.8095362850406078,0.3973610758690687,0.40298507462686567,0.3918918918918919,0.9935691318327974,0.8138003687121411,0.9996760556536387,7.0,2.9315480688095557,0.9444444444444444,0.1349206349206349,0.9923076923076923,0.007692307692307693,0.0703125,0.0703125,1.0,0.5078125,2.4769625663757324
ISIC_0014688,calibration50,17,CNN,,0.9526472477852883,0.9095763063312137,0.3447558283245481,0.31221719457013575,0.38486574450772987,0.9325384874306872,0.9736423498076354,0.6680613668061367,17.029386365926403,5.081327985238298,,,,,,,,,
ISIC_0014688,calibration50,17,global,0.2,0.9526611151339609,0.9096015901823524,0.34106295826343175,0.3223495702005731,0.36208299430431246,0.9328027509926262,0.9733833974548683,0.6695432357043236,17.029386365926403,5.125616708787261,0.6666666666666666,0.010810810810810811,0.9436619718309859,0.056338028169014086,0.0234375,0.03125,0.0,0.2734375,5.16087532043457
ISIC_0014688,calibration50,17,local,0.05,0.942216801341668,0.8907466128567311,0.33060492533868363,0.2823779193205945,0.39869812855980474,0.9145354201848918,0.9716262207753773,0.5720885634588564,19.235384061671343,5.950162252036438,0.4816753926701571,0.4,0.19718309859154928,0.8028169014084507,0.74609375,4.3984375,16.25,0.3203125,6.334753036499023
ISIC_0014688,calibration50,17,local8,0.2,0.9525343953656771,0.9093705713594414,0.33687015717392826,0.3168103448275862,0.3596419853539463,0.9326786727169597,0.9732539212784848,0.6689330543933054,17.029386365926403,5.143352915925926,0.5,0.010810810810810811,0.971830985915493,0.028169014084507043,0.015625,0.0234375,0.0,0.2734375,5.1727142333984375
ISIC_0014688,calibration50,17,local_large,0.05,0.9353250843644545,0.8785076746230306,0.3187425697471585,0.26586102719033233,0.39788445890968266,0.9107621668039466,0.9612496300680675,0.556136680613668,20.242279652526612,6.304117574195561,0.38,0.2972972972972973,0.14084507042253522,0.8591549295774648,0.78125,4.85546875,16.25,0.3046875,6.906782150268555
ISIC_0014688,calibration50,17,medium32,0.2,0.9526154291765856,0.9095182951069015,0.33920681778578193,0.319683908045977,0.36126932465419037,0.9327661083045289,0.9733279076649897,0.6693688981868898,17.029386365926403,5.136776774003951,0.6,0.010810810810810811,0.9577464788732394,0.04225352112676056,0.01953125,0.0234375,0.0,0.2734375,5.164939880371094
ISIC_0014712,calibration50,17,CNN,,0.7169766783117741,0.5588181182617654,0.011257789988608189,0.010408921933085501,0.012257405515832482,1.0,0.5588181182617654,1.0,49.0,29.400716947873388,,,,,,,,,
ISIC_0014712,calibration50,17,global,0.2,0.7169766783117741,0.5588181182617654,0.011469925582030449,0.01077752117013087,0.012257405515832482,1.0,0.5588181182617654,1.0,49.0,29.422255967856877,1.0,0.003952569169960474,0.6666666666666666,0.3333333333333333,0.0078125,0.0078125,0.0,0.015625,29.656436920166016
ISIC_0014712,calibration50,17,local,0.05,0.7275724591083934,0.5717987356659806,0.08264845760791267,0.07506887052341597,0.09193054136874361,0.9980113545241684,0.5724509695698569,0.9944553747093543,49.0,27.79140221969538,0.6666666666666666,0.3241106719367589,0.0,1.0,0.4921875,1.8203125,7.25,0.109375,28.78097915649414
ISIC_0014712,calibration50,17,local8,0.2,0.7170221052507347,0.5588733119917577,0.012352717597871531,0.011547344110854504,0.013278855975485188,1.0,0.5588733119917577,1.0,49.0,29.418844859546027,1.0,0.003952569169960474,0.6666666666666666,0.3333333333333333,0.0078125,0.01171875,0.0,0.015625,29.653287887573242
ISIC_0014712,calibration50,17,local_large,0.05,0.7224701681856619,0.565521172338978,0.07435788415824363,0.06751954513148543,0.08273748723186926,0.9989282234491718,0.565864517790779,0.9970488284743337,50.48661719578244,28.27548437167017,0.5857142857142857,0.31620553359683795,0.0,1.0,0.546875,1.69140625,7.0,0.10546875,29.1201114654541
ISIC_0014712,calibration50,17,medium32,0.2,0.7169766783117741,0.5588181182617654,0.011469925582030449,0.01077752117013087,0.012257405515832482,1.0,0.5588181182617654,1.0,49.0,29.422255967856877,1.0,0.003952569169960474,0.6666666666666666,0.3333333333333333,0.0078125,0.0078125,0.0,0.015625,29.656436920166016
ISIC_0014809,locked_verification100,17,CNN,,0.9614606286819265,0.9257815882913311,0.6754570457854717,0.6944444444444444,0.65748031496063,0.9294843926615077,0.995715350223547,0.9852007299270072,4.47213595499958,1.8094146803202404,,,,,,,,,
ISIC_0014809,locked_verification100,17,global,0.2,0.9617235640714253,0.9262692774215907,0.6773705959112659,0.6985018726591761,0.65748031496063,0.9298947551535183,0.9958084947839047,0.9852919708029197,4.815247584249841,1.8127663582635825,1.0,0.02877697841726619,1.0,0.0,0.015625,0.015625,0.0,0.4609375,2.222428560256958
ISIC_0014809,locked_verification100,17,local,0.05,0.9683237413332125,0.9385926381446016,0.7837305541009587,0.7859778597785978,0.781496062992126,0.9429000088253464,0.9951564828614009,0.9881934306569343,4.0,1.450010286027142,0.7987804878048781,0.6906474820143885,0.5470085470085471,0.452991452991453,0.640625,0.76171875,2.0,0.61328125,1.8802392482757568
ISIC_0014809,locked_verification100,17,local8,0.2,0.9614640946085705,0.9257880152407343,0.6715947290205476,0.6928838951310862,0.6515748031496063,0.929409719203686,0.9958084947839047,0.9851824817518248,4.815247584249841,1.824423181426215,1.0,0.007194244604316547,1.0,0.0,0.00390625,0.00390625,0.0,0.45703125,2.234410524368286
ISIC_0014809,locked_verification100,17,local_large,0.05,0.9705200999318646,0.9427285563007413,0.8214146857509698,0.8320754716981132,0.8110236220472441,0.9471584360315631,0.9950633383010432,0.9891240875912409,4.200803415593714,1.3581793802758142,0.7987012987012987,0.6618705035971223,0.5555555555555556,0.4444444444444444,0.6015625,0.79296875,2.0,0.65234375,1.7595348358154297
ISIC_0014809,locked_verification100,17,medium32,0.2,0.9625461420725668,0.9277965807515404,0.6961395131407624,0.7140186915887851,0.6791338582677166,0.9314340477435094,0.9958084947839047,0.9856386861313868,4.815247584249841,1.7724174235603556,1.0,0.1079136690647482,0.9914529914529915,0.008547008547008548,0.0625,0.0625,1.0,0.48046875,2.180560350418091
ISIC_0014829,locked_verification100,17,CNN,,0.9451896009273059,0.8960753532182104,0.6589809738793938,0.6767676767676768,0.6421052631578947,0.9179800578964297,0.974061433447099,0.9914538507942892,4.0,1.8241193793765245,,,,,,,,,
ISIC_0014829,locked_verification100,17,global,0.2,0.94833028742316,0.90173775671406,0.7173188278645376,0.7355163727959698,0.7,0.9239235998705082,0.974061433447099,0.9921241370065018,4.0,1.6969184417736356,1.0,0.2975206611570248,1.0,0.0,0.140625,0.140625,1.0,0.5390625,1.9541609287261963
ISIC_0014829,locked_verification100,17,local,0.05,0.9598527935764469,0.9228047603731103,0.840916623630884,0.8423645320197044,0.8394736842105263,0.9412729658792651,0.9791808873720137,0.9940009384006971,3.0,1.3038768273339876,0.8733333333333333,0.7851239669421488,0.6,0.4,0.5859375,0.7421875,2.0,0.68359375,1.5689923763275146
ISIC_0014829,locked_verification100,17,local8,0.2,0.948172757475083,0.901452937460518,0.7112861867776581,0.7286432160804021,0.6947368421052632,0.9236245954692557,0.974061433447099,0.9920906226958911,4.0,1.7175322682282774,1.0,0.24793388429752067,1.0,0.0,0.1171875,0.1171875,1.0,0.5390625,1.9755957126617432
ISIC_0014829,locked_verification100,17,local_large,0.05,0.9634279019164783,0.9294364605199419,0.868854387203011,0.8640776699029126,0.8736842105263158,0.9453112169485959,0.9822525597269625,0.99441986728333,3.073024947075769,1.1866557623664082,0.8601398601398601,0.743801652892562,0.6074074074074074,0.3925925925925926,0.55859375,0.8203125,2.0,0.72265625,1.5153203010559082
ISIC_0014829,locked_verification100,17,medium32,0.2,0.9482515159066368,0.9015953245932712,0.7147392080079709,0.7329974811083123,0.6973684210526315,0.9237740734746723,0.974061433447099,0.9921073798511965,4.0,1.705919547061299,1.0,0.2809917355371901,1.0,0.0,0.1328125,0.1328125,1.0,0.546875,1.9618513584136963
ISIC_0014857,locked_verification100,17,CNN,,0.9687545520757466,0.9394025001765661,0.5919016910686115,0.5797235023041475,0.604602510460251,0.9571589627959414,0.9806345383500037,0.928114308714027,12.497834644283923,3.248046134408161,,,,,,,,,
ISIC_0014857,locked_verification100,17,global,0.2,0.9693498677409178,0.9405227219213562,0.5998951796057141,0.5973025048169557,0.602510460251046,0.957361647053184,0.9816421321668182,0.9283960555443751,12.083045973594572,3.2034962883583002,0.7777777777777778,0.008333333333333333,0.9558823529411765,0.04411764705882353,0.03515625,0.03515625,0.0,0.53515625,3.0786352157592773
ISIC_0014857,locked_verification100,17,local,0.05,0.9560861457457311,0.9158669001751314,0.48613119754158507,0.4354215003866976,0.5502092050209205,0.9483992649192379,0.9638986508073039,0.9141074662910043,20.0,4.547985665548151,0.2909090909090909,0.2,0.3161764705882353,0.6838235294117647,0.64453125,2.3984375,10.25,0.4609375,4.254302024841309
ISIC_0014857,locked_verification100,17,local8,0.2,0.9692290885255453,0.940295343743376,0.6012889865748685,0.5990384615384615,0.6035564853556485,0.9575937829799482,0.9811506229878842,0.9288388005634937,12.083045973594572,3.2110102792253197,0.8333333333333334,0.016666666666666666,0.9779411764705882,0.022058823529411766,0.0234375,0.0234375,0.0,0.5390625,3.085292339324951
ISIC_0014857,locked_verification100,17,local_large,0.05,0.9592333138742946,0.9216602785827802,0.4942886102085431,0.4515077424612877,0.5460251046025104,0.9495100281703706,0.9691577990218967,0.9155966995371302,16.0,4.023631423056896,0.28225806451612906,0.125,0.5147058823529411,0.4852941176470588,0.484375,1.859375,10.25,0.45703125,4.090468406677246
ISIC_0014857,locked_verification100,17,medium32,0.2,0.9691592528310131,0.9401638958225403,0.6012889865748685,0.5990384615384615,0.6035564853556485,0.9574340527577938,0.981175198446831,0.9285570537331455,12.083045973594572,3.2168147814485795,0.6666666666666666,0.0,0.9852941176470589,0.014705882352941176,0.01171875,0.01171875,0.0,0.53125,3.094212532043457
ISIC_0014931,locked_verification100,17,CNN,,0.9246552200755598,0.8598686089688661,0.48675292667898956,0.5851851851851851,0.4166666666666667,0.9946474591951364,0.8638659320477502,0.9983164283338876,34.46372105616911,5.827619564784372,,,,,,,,,
ISIC_0014931,locked_verification100,17,global,0.2,0.9233469865418373,0.8576086956521739,0.47635677865474607,0.5794392523364486,0.40441176470588236,0.9962783279058949,0.8603650137741047,0.9988360492184902,35.02852493303972,6.0399215201689875,0.34210526315789475,0.09803921568627451,0.9090909090909091,0.09090909090909091,0.1484375,0.171875,1.0,0.609375,2.2927873134613037
ISIC_0014931,locked_verification100,17,local,0.05,0.9174101610904585,0.8474217363932925,0.43897041601718667,0.5066273932253313,0.3872549019607843,0.9967016693591815,0.8498048668503214,0.9989815430661789,36.27668292193671,6.289179546818497,0.3005464480874317,0.3137254901960784,0.3246753246753247,0.6753246753246753,0.71484375,1.17578125,3.0,0.515625,2.574284076690674
ISIC_0014931,locked_verification100,17,local8,0.2,0.9242168045008762,0.8591106538637403,0.47685501857295387,0.5834633385335414,0.40318627450980393,0.9952327352181686,0.8626606978879706,0.9985034918523445,35.02852493303972,6.015654637285818,0.25,0.029411764705882353,0.961038961038961,0.03896103896103896,0.046875,0.05078125,0.0,0.6015625,2.277951955795288
ISIC_0014931,locked_verification100,17,local_large,0.05,0.9196149441297552,0.8511918404767362,0.45099396696666993,0.5240174672489083,0.3958333333333333,0.9981186588725391,0.8525596877869606,0.9994180246092451,36.40054944640259,6.2510303392990165,0.30952380952380953,0.3235294117647059,0.44155844155844154,0.5584415584415584,0.65625,1.1640625,4.0,0.5546875,2.5214433670043945
ISIC_0014931,locked_verification100,17,medium32,0.2,0.9241078289736575,0.8589223472944403,0.4746121461633289,0.5743034055727554,0.40441176470588236,0.9949036997815871,0.8627180899908172,0.998399567675424,35.02852493303972,6.003018260359608,0.1111111111111111,0.00980392156862745,0.974025974025974,0.025974025974025976,0.03515625,0.0390625,0.0,0.58984375,2.2842979431152344
ISIC_0014937,locked_verification100,17,CNN,,0.9550954089577067,0.9140503517215846,0.24762103970683713,0.2079407806191117,0.30601659751037347,0.914202662420618,0.9998177621188191,0.7130650154798761,26.138351072892,6.126804365850559,,,,,,,,,
ISIC_0014937,locked_verification100,17,global,0.2,0.9549098293284339,0.9137104683654398,0.25199004831531374,0.21572871572871574,0.3029045643153527,0.9138795831868071,0.9997975134653545,0.7118885448916409,27.127779573781446,6.123904751091869,,0.0,1.0,0.0,0.0,0.0,0.0,0.21875,6.488255500793457
ISIC_0014937,locked_verification100,17,local,0.05,0.9562053763021341,0.9160857457902705,0.30873689031276746,0.2636594663278272,0.3724066390041494,0.9224472129173097,0.992528246871583,0.7448297213622291,24.126675858267117,5.7442918472733,0.49382716049382713,0.38,0.07142857142857142,0.9285714285714286,0.6328125,2.51171875,10.0,0.2421875,5.9123759269714355
ISIC_0014937,locked_verification100,17,local8,0.2,0.9548592979402379,0.9136179425970132,0.2527593247634659,0.21685878962536023,0.3029045643153527,0.9138716126166149,0.9996962701980319,0.7118885448916409,27.06101615212899,6.123799389908967,0.0,0.0,0.9821428571428571,0.017857142857142856,0.00390625,0.00390625,0.0,0.21875,6.490208625793457
ISIC_0014937,locked_verification100,17,local_large,0.05,0.9556408408174397,0.9150499925384271,0.2789818720229108,0.24059139784946237,0.33195020746887965,0.9207523087318867,0.9932774470497712,0.7385758513931888,20.347394917705017,5.724247449880637,0.42168674698795183,0.34,0.23214285714285715,0.7678571428571429,0.6484375,2.19921875,9.0,0.234375,6.2921552658081055
ISIC_0014937,locked_verification100,17,medium32,0.2,0.9549098293284339,0.9137104683654398,0.25199004831531374,0.21572871572871574,0.3029045643153527,0.9138795831868071,0.9997975134653545,0.7118885448916409,27.127779573781446,6.123904751091869,,0.0,1.0,0.0,0.0,0.0,0.0,0.21875,6.488255500793457
ISIC_0014945,calibration50,17,CNN,,0.9467578822129684,0.8988986162101101,0.7766936108160657,0.8233082706766918,0.7350746268656716,0.9633777239709443,0.9307017543859649,0.9980520316826582,3.605551275463989,1.4324996499366385,,,,,,,,,
ISIC_0014945,calibration50,17,global,0.2,0.9498657117278424,0.9045183290707587,0.7993393308968232,0.8415094339622642,0.7611940298507462,0.9698354661791591,0.9307017543859649,0.9984062077403567,3.605551275463989,1.3433356921946846,1.0,0.3181818181818182,0.9473684210526315,0.05263157894736842,0.12109375,0.12109375,1.0,0.8125,1.2315402030944824
ISIC_0014945,calibration50,17,local,0.05,0.9626294461954075,0.9279513888888888,0.8932607519179958,0.9312977099236641,0.8582089552238806,0.9888991674375578,0.9377192982456141,0.9994204391783116,2.8284271247461903,0.9920540463275497,0.8316831683168316,1.0,0.28421052631578947,0.7157894736842105,0.7890625,0.96875,2.0,0.96875,0.7814086675643921
ISIC_0014945,calibration50,17,local8,0.2,0.9508881922675027,0.9063745019920318,0.804884886287977,0.8446969696969697,0.7686567164179104,0.9713327233912779,0.9312865497076024,0.9984867022989246,3.605551275463989,1.3145971671594074,1.0,0.3939393939393939,0.9210526315789473,0.07894736842105263,0.16015625,0.16015625,1.0,0.82421875,1.19612455368042
ISIC_0014945,calibration50,17,local_large,0.05,0.9640287769784173,0.9305555555555556,0.894132452414661,0.9245283018867925,0.8656716417910447,0.988929889298893,0.9403508771929825,0.9994204391783116,2.8284271247461903,0.9604297830820482,0.8654970760233918,0.9696969696969697,0.4368421052631579,0.5631578947368421,0.66796875,0.9140625,2.0,0.97265625,0.7861322164535522
ISIC_0014945,calibration50,17,medium32,0.2,0.951015531660693,0.9066059225512528,0.801119560625264,0.8409090909090909,0.7649253731343284,0.9719169719169719,0.9309941520467836,0.9985189001223518,3.605551275463989,1.315399551678365,1.0,0.4090909090909091,0.9210526315789473,0.07894736842105263,0.1640625,0.1640625,1.0,0.83203125,1.1920545101165771
ISIC_0014946,calibration50,17,CNN,,0.9720695625988105,0.9456569503442215,0.6805192375009881,0.7043090638930164,0.658284023668639,0.993587441645719,0.9514639418353311,0.9972332890659584,5.0990195135927845,1.8102447802129333,,,,,,,,,
ISIC_0014946,calibration50,17,global,0.2,0.9718804920913884,0.9452991452991453,0.6786793962973207,0.7037593984962406,0.6553254437869822,0.9938892882818117,0.9508253094910591,0.9973660911907923,5.170555836978214,1.8237945262414266,0.4444444444444444,0.011904761904761904,0.9534883720930233,0.046511627906976744,0.03515625,0.03515625,0.0,0.671875,1.5791077613830566
ISIC_0014946,calibration50,17,local,0.05,0.9714559483584648,0.9444962000490317,0.7080215303772179,0.7414050822122571,0.6775147928994083,0.9979794839912962,0.9463057575162115,0.999136786188579,5.0990195135927845,1.8356559952323726,0.6325301204819277,0.5,0.37790697674418605,0.622093023255814,0.6484375,0.85546875,2.0,0.76953125,1.4512332677841187
ISIC_0014946,calibration50,17,local8,0.2,0.9722675367047309,0.946031746031746,0.6843567779095869,0.7091454272863568,0.6612426035502958,0.9938939914823747,0.951562192965219,0.9973660911907923,5.0990195135927845,1.798441652931493,0.6842105263157895,0.10714285714285714,0.9418604651162791,0.05813953488372093,0.07421875,0.07421875,1.0,0.6796875,1.5525803565979004
ISIC_0014946,calibration50,17,local_large,0.05,0.9705133055870854,0.9427157347968834,0.6719237315650181,0.7029850746268657,0.643491124260355,0.9973560060137903,0.9450776183926115,0.998871181938911,5.0990195135927845,1.8958460283669485,0.5886524822695035,0.40476190476190477,0.45930232558139533,0.5406976744186046,0.55078125,0.68359375,2.0,0.70703125,1.5291190147399902
ISIC_0014946,calibration50,17,medium32,0.2,0.9720855507581082,0.9456872130506985,0.6828663831554089,0.7076461769115442,0.6597633136094675,0.9939425051334703,0.9511691884456671,0.9973882248782647,5.170555836978214,1.8070275339516644,0.6,0.011904761904761904,0.9767441860465116,0.023255813953488372,0.01953125,0.01953125,0.0,0.671875,1.5698518753051758
ISIC_0014979,calibration50,17,CNN,,0.13153864753768035,0.07039944784746786,0.032351199289310045,0.05764411027568922,0.022485207100591716,0.9979616795760293,0.0704095720202485,0.9998374934997399,136.727951697585,53.69750470233904,,,,,,,,,
ISIC_0014979,calibration50,17,global,0.2,0.13158884530653914,0.07042820579185,0.032328463103384504,0.0575,0.022485207100591716,0.9979625101874491,0.07043833410032213,0.9998374934997399,136.727951697585,53.68405250466075,0.14285714285714285,0.0043859649122807015,1.0,0.0,0.02734375,0.046875,0.0,0.10546875,22.607398986816406
ISIC_0014979,calibration50,17,local,0.05,0.13487300396527704,0.07231304048036315,0.0387687969924812,0.056218057921635436,0.029585798816568046,0.9847417840375586,0.07239415554532903,0.9987324492979719,130.59632452290228,49.64136421252529,0.4155844155844156,0.2675438596491228,0.07407407407407407,0.9259259259259259,0.6015625,2.45703125,7.0,0.04296875,23.263748168945312
ISIC_0014979,calibration50,17,local8,0.2,0.13394510182725589,0.07177982917781037,0.032215259859933655,0.056790123456790124,0.022485207100591716,0.998000799680128,0.07179015186378279,0.9998374934997399,136.727951697585,53.54851886345013,0.3235294117647059,0.04824561403508772,1.0,0.0,0.1328125,0.25,2.0,0.10546875,22.63404083251953
ISIC_0014979,calibration50,17,local_large,0.05,0.14163731454797737,0.07621618517029465,0.061336393777097674,0.10236220472440945,0.04378698224852071,0.9800590841949779,0.07633456051541647,0.9982449297971919,127.41584528970134,45.582951106357406,0.373134328358209,0.3157894736842105,0.37037037037037035,0.6296296296296297,0.78515625,4.234375,11.0,0.125,23.565919876098633
ISIC_0014979,calibration50,17,medium32,0.2,0.13384495666407278,0.0717223132890461,0.03217020023557126,0.056511056511056514,0.022485207100591716,0.9979991996798719,0.07173262770363553,0.9998374934997399,136.727951697585,53.53195700896539,0.25,0.039473684210526314,1.0,0.0,0.140625,0.23828125,2.0,0.10546875,22.66449737548828
ISIC_0014985,locked_verification100,17,CNN,,0.8674955155563803,0.7659974220610404,0.15784205843790972,0.1270823417420276,0.20824742268041238,0.8096524650733171,0.9342392752464694,0.705670213525673,42.485291572496,13.108617078515362,,,,,,,,,
ISIC_0014985,locked_verification100,17,global,0.2,0.8663677573152505,0.7642405752887339,0.15083030529425748,0.12303664921465969,0.19484536082474227,0.8075107642006861,0.9344790833999467,0.7014925373134329,43.139309220245984,13.221801269985631,0.07692307692307693,0.004464285714285714,1.0,0.0,0.05078125,0.12890625,0.25,0.125,15.470550537109375
ISIC_0014985,locked_verification100,17,local,0.05,0.8516590047191094,0.7416429511956845,0.16275703855497772,0.1210161662817552,0.24845360824742269,0.7851473795444837,0.930482280841993,0.6587874026994216,47.79104702402096,14.521868511293553,0.36231884057971014,0.32142857142857145,0.09375,0.90625,0.80859375,4.25390625,17.0,0.12890625,16.963775634765625
ISIC_0014985,locked_verification100,17,local8,0.2,0.8665645308754849,0.7645468617148837,0.1519256397712512,0.12408376963350785,0.1958762886597938,0.8078925543678585,0.934425792699174,0.7022423766335785,43.139309220245984,13.192371571656931,0.07692307692307693,0.004464285714285714,0.96875,0.03125,0.05078125,0.1171875,0.25,0.125,15.456965446472168
ISIC_0014985,locked_verification100,17,local_large,0.05,0.8520425762578229,0.7422248932197205,0.16646918736288877,0.1211453744493392,0.26597938144329897,0.7923789010586133,0.9214228617106315,0.676462186674284,43.51950543276179,13.513198216471592,0.34408602150537637,0.2767857142857143,0.09375,0.90625,0.7265625,4.0703125,15.0,0.09765625,16.885459899902344
ISIC_0014985,locked_verification100,17,medium32,0.2,0.8666609002953206,0.7646969036197122,0.15251264755480606,0.1248688352570829,0.1958762886597938,0.8080600935505426,0.934425792699174,0.7025637363422124,43.139309220245984,13.16023139297908,0.07692307692307693,0.004464285714285714,0.96875,0.03125,0.05078125,0.11328125,0.25,0.12890625,15.45654582977295
ISIC_0014989,locked_verification100,17,CNN,,0.9530377668308703,0.910288582183187,0.6370706175251221,0.6320346320346321,0.6421875,0.9230813718119253,0.9850037027894347,0.9730398118868078,10.934333723560975,2.767659189116848,,,,,,,,,
ISIC_0014989,locked_verification100,17,global,0.2,0.9532458996803393,0.9106684171470975,0.6429499933678208,0.6375545851528385,0.6484375,0.9238519891134402,0.9845717106887188,0.973343874158761,11.057336805529939,2.7649171072137824,0.875,0.017699115044247787,0.958041958041958,0.04195804195804196,0.03125,0.03515625,0.0,0.5625,3.1820731163024902
ISIC_0014989,locked_verification100,17,local,0.05,0.959754951020532,0.9226239067055394,0.7084462982273201,0.6789473684210526,0.740625,0.9435863796290774,0.9764872870896075,0.9808238060488121,9.904520189781078,2.2530613532876287,0.8304093567251462,0.584070796460177,0.32167832167832167,0.6783216783216783,0.66796875,1.24609375,3.25,0.67578125,2.6605162620544434
ISIC_0014989,locked_verification100,17,local8,0.2,0.9531320010753652,0.9104605375791817,0.6393292601346832,0.6364963503649635,0.6421875,0.9236380478202976,0.9845717106887188,0.9732627908862401,11.098337832852941,2.7798834447942906,0.8571428571428571,0.017699115044247787,0.965034965034965,0.03496503496503497,0.02734375,0.02734375,0.0,0.55859375,3.1864943504333496
ISIC_0014989,locked_verification100,17,local_large,0.05,0.9563795973967004,0.9164056155006381,0.674854189100569,0.6474442988204456,0.7046875,0.9385657417859902,0.9748827450012343,0.9790399740533527,9.894431223130107,2.4546642380393244,0.7345679012345679,0.504424778761062,0.36363636363636365,0.6363636363636364,0.6328125,1.11328125,3.25,0.66015625,2.8433706760406494
ISIC_0014989,locked_verification100,17,medium32,0.2,0.9530694548170277,0.9103464018718256,0.6398626565507387,0.6375545851528385,0.6421875,0.9236292050257657,0.9844482843742286,0.9732627908862401,11.057336805529939,2.771904062332364,0.7777777777777778,0.008849557522123894,0.9440559440559441,0.055944055944055944,0.03515625,0.03515625,0.0,0.55859375,3.185969829559326
ISIC_0015043,locked_verification100,17,CNN,,0.9277969562892011,0.8653183384727009,0.3581014442188663,0.38247566063977745,0.3366477272727273,0.9958250704519361,0.8684689604951756,0.99816362133872,14.850000000000023,4.853076705506724,,,,,,,,,
ISIC_0015043,locked_verification100,17,global,0.2,0.9278455778674576,0.865402929572355,0.3538171068281811,0.3800578034682081,0.3309659090909091,0.9958772570712869,0.8685144729655926,0.998186576071986,14.850000000000023,4.85382053433394,0.0,0.0,0.9902912621359223,0.009708737864077669,0.0078125,0.0078125,0.0,0.40234375,4.385474681854248
ISIC_0015043,locked_verification100,17,local,0.05,0.9060617329862403,0.8282567310307316,0.20990319233244742,0.2204928664072633,0.2002840909090909,0.9950988400588139,0.8316493719279082,0.99793407400606,15.905694150420949,6.142146468408295,0.11282051282051282,0.09803921568627451,0.1650485436893204,0.8349514563106796,0.76171875,2.0703125,5.0,0.1796875,5.840003967285156
ISIC_0015043,locked_verification100,17,local8,0.2,0.927245749312836,0.8643598929753753,0.3453489400595572,0.37175792507204614,0.3224431818181818,0.9958723026281415,0.867467686146004,0.998186576071986,14.850000000000023,4.88682415098613,0.0,0.0,0.9611650485436893,0.038834951456310676,0.046875,0.046875,0.0,0.39453125,4.41987419128418
ISIC_0015043,locked_verification100,17,local_large,0.05,0.9123660670402045,0.8388539924985313,0.22206290886280133,0.22547770700636943,0.21875,0.9916132478632479,0.8448479883488076,0.9963961068772381,14.7648230602334,5.756282533741293,0.17553191489361702,0.1830065359477124,0.23300970873786409,0.7669902912621359,0.734375,1.83203125,5.0,0.19140625,5.497018814086914
ISIC_0015043,locked_verification100,17,medium32,0.2,0.9277934454925605,0.865312230737835,0.3523791856043038,0.3786127167630058,0.32954545454545453,0.9958768267223382,0.8684234480247588,0.998186576071986,14.850000000000023,4.857505265668621,0.0,0.0,0.9805825242718447,0.019417475728155338,0.01171875,0.01171875,0.0,0.3984375,4.3892436027526855
ISIC_0015062,locked_verification100,17,CNN,,0.0698377615078817,0.03618232712004581,0.0,0.0,0.0,1.0,0.03618232712004581,1.0,99.0,48.332157976972454,,,,,,,,,
ISIC_0015062,locked_verification100,17,global,0.2,0.07173196350532852,0.03720020357529105,0.0,0.0,0.0,1.0,0.03720020357529105,1.0,100.0,48.92828204531657,0.5106382978723404,0.09375,,,0.18359375,0.45703125,3.0,0.0,79.3843994140625
ISIC_0015062,locked_verification100,17,local,0.05,0.06529431674820764,0.03374896621922514,0.0,0.0,0.0,1.0,0.03374896621922514,1.0,101.0,52.062416724505795,0.4859437751004016,0.47265625,,,0.97265625,9.92578125,27.0,0.0,79.0496826171875
ISIC_0015062,locked_verification100,17,local8,0.2,0.07205715512219053,0.03737515109103633,0.0,0.0,0.0,1.0,0.03737515109103633,1.0,100.0,48.871767352590076,0.42857142857142855,0.08203125,,,0.19140625,0.4140625,2.0,0.0,79.4542236328125
ISIC_0015062,locked_verification100,17,local_large,0.05,0.07161368480777783,0.03713658629683822,0.0,0.0,0.0,1.0,0.03713658629683822,1.0,101.0,54.9185574287063,0.356,0.34765625,,,0.9765625,10.97265625,30.0,0.0,82.336669921875
ISIC_0015062,locked_verification100,17,medium32,0.2,0.07105166278070929,0.03683440422418729,0.0,0.0,0.0,1.0,0.03683440422418729,1.0,100.0,48.905793241066604,0.48,0.046875,,,0.09765625,0.19140625,2.0,0.0,79.4052734375
ISIC_0015124,locked_verification100,17,CNN,,0.9666304225563346,0.9354159863575342,0.5842947244164739,0.5709677419354838,0.5982587064676617,0.9687006838506049,0.9645689913199641,0.9785353535353535,8.94427190999916,2.5630074336000455,,,,,,,,,
ISIC_0015124,locked_verification100,17,global,0.2,0.967016070055692,0.9361385419692129,0.5887804150447715,0.5831435079726651,0.5945273631840796,0.9693244614864103,0.9647186471116432,0.9789734075448361,8.0,2.5028428572519723,1.0,0.007462686567164179,1.0,0.0,0.00390625,0.015625,0.0,0.4765625,2.9044737815856934
ISIC_0015124,locked_verification100,17,local,0.05,0.964024123432833,0.930546883608183,0.538991158840675,0.5094736842105263,0.572139303482587,0.98068511708922,0.94791978449566,0.9871418264275407,9.0,2.6726801806946505,0.5463414634146342,0.4925373134328358,0.16393442622950818,0.8360655737704918,0.80078125,1.828125,5.0,0.52734375,2.9260222911834717
ISIC_0015124,locked_verification100,17,local8,0.2,0.9674696082845565,0.9369889894254878,0.6018285038105569,0.5920454545454545,0.6119402985074627,0.9702363034316677,0.9647186471116432,0.9796176046176046,8.0,2.463455901775195,1.0,0.05223880597014925,0.9672131147540983,0.03278688524590164,0.04296875,0.0546875,0.0,0.49609375,2.8711695671081543
ISIC_0015124,locked_verification100,17,local_large,0.05,0.963940293960856,0.9303906795545591,0.5403787670367094,0.5129589632829373,0.5708955223880597,0.9813536982477904,0.9471340915893445,0.987605648319934,9.219544457292887,2.7073081340509573,0.5735294117647058,0.5,0.16393442622950818,0.8360655737704918,0.796875,1.640625,5.0,0.51953125,2.923802614212036
ISIC_0015124,locked_verification100,17,medium32,0.2,0.9672337153253184,0.9365465639982565,0.595365257751334,0.5876993166287016,0.6032338308457711,0.9697619316258603,0.9647186471116432,0.979282622139765,8.0,2.486263890953201,1.0,0.029850746268656716,0.9918032786885246,0.00819672131147541,0.01953125,0.03125,0.0,0.484375,2.8906664848327637
ISIC_0015144,calibration50,17,CNN,,0.9381182756877753,0.8834489324085407,0.5819924683327627,0.4975124378109453,0.7010309278350515,0.8887672732247913,0.9932721712538226,0.9862194047054037,92.69249615800945,18.59783292408364,,,,,,,,,
ISIC_0015144,calibration50,17,global,0.2,0.9385248862240844,0.8841704096910303,0.5851506617152257,0.5008319467554077,0.7036082474226805,0.8894974667944681,0.9932721712538226,0.9863211065156959,92.70382947861431,18.618622865674133,1.0,0.0423728813559322,1.0,0.0,0.01953125,0.01953125,0.0,0.54296875,1.994356632232666
ISIC_0015144,calibration50,17,local,0.05,0.9492119089316988,0.9033333333333333,0.7516278659806309,0.6316666666666667,0.9278350515463918,0.9078726968174204,0.9944954128440368,0.9888128008678555,92.71971314920661,18.28684639839436,0.9473684210526315,0.8389830508474576,0.6159420289855072,0.38405797101449274,0.59375,0.62109375,1.0,0.68359375,1.527794361114502
ISIC_0015144,calibration50,17,local8,0.2,0.9385926889177865,0.8842907704873401,0.594129109309196,0.5074626865671642,0.7164948453608248,0.8896192823883867,0.9932721712538226,0.9863380568174114,92.69249615800945,18.57915943931,1.0,0.05084745762711865,1.0,0.0,0.0234375,0.0234375,0.0,0.54296875,1.9904427528381348
ISIC_0015144,calibration50,17,local_large,0.05,0.9517666031373699,0.9079720279720279,0.7673291192035403,0.6454849498327759,0.9458762886597938,0.9141087017741482,0.9926605504587156,0.989660315953624,92.75148049039127,18.240412053087322,0.9736842105263158,0.8983050847457628,0.6666666666666666,0.3333333333333333,0.59375,0.7265625,2.0,0.76171875,1.39650559425354
ISIC_0015144,calibration50,17,medium32,0.2,0.9385926889177865,0.8842907704873401,0.594129109309196,0.5074626865671642,0.7164948453608248,0.8896192823883867,0.9932721712538226,0.9863380568174114,92.69249615800945,18.57915943931,1.0,0.05084745762711865,1.0,0.0,0.0234375,0.0234375,0.0,0.54296875,1.9904427528381348
ISIC_0015211,locked_verification100,17,CNN,,0.83917712511321,0.7229157378510923,0.07613537826084078,0.07251566696508505,0.08013544018058691,0.9971448651497847,0.7244152280052334,0.9980993596303985,27.70543696989548,12.879696179474434,,,,,,,,,
ISIC_0015211,locked_verification100,17,global,0.2,0.8396289178001183,0.7235865583691671,0.06937762288652957,0.06580259222333001,0.07336343115124154,0.9974533479692645,0.7249258065545521,0.9983040439778941,26.870057685088806,12.924772459507516,,0.0,1.0,0.0,0.0,0.0,0.0,0.078125,12.327900886535645
ISIC_0015211,locked_verification100,17,local,0.05,0.8293474006002199,0.7084487755167033,0.07384032030733541,0.06617038875103391,0.0835214446952596,0.9971313312415957,0.709895650508983,0.9981286002514693,27.018512172212592,13.061350812963324,0.4383561643835616,0.2542372881355932,0.55,0.45,0.5703125,1.75390625,6.0,0.07421875,12.60933780670166
ISIC_0015211,locked_verification100,17,local8,0.2,0.8396289178001183,0.7235865583691671,0.06937762288652957,0.06580259222333001,0.07336343115124154,0.9974533479692645,0.7249258065545521,0.9983040439778941,26.870057685088806,12.924772459507516,,0.0,1.0,0.0,0.0,0.0,0.0,0.078125,12.327900886535645
ISIC_0015211,locked_verification100,17,local_large,0.05,0.8370683762262826,0.7197915673752106,0.06827306554080685,0.058284762697751874,0.08239277652370203,0.9940324703817464,0.7229154035166098,0.9960232755343723,26.92582403567252,12.605349102186565,0.4876543209876543,0.3177966101694915,0.35,0.65,0.6328125,2.0546875,7.25,0.06640625,12.278945922851562
ISIC_0015211,locked_verification100,17,medium32,0.2,0.8396289178001183,0.7235865583691671,0.06937762288652957,0.06580259222333001,0.07336343115124154,0.9974533479692645,0.7249258065545521,0.9983040439778941,26.870057685088806,12.924772459507516,,0.0,1.0,0.0,0.0,0.0,0.0,0.078125,12.327900886535645
ISIC_0015243,locked_verification100,17,CNN,,0.9558865491068881,0.9155006558810669,0.3237591568246374,0.2805486284289277,0.3827037773359841,0.947355323288539,0.9645728238085366,0.8948153505401618,15.811388300841896,4.627890418539794,,,,,,,,,
ISIC_0015243,locked_verification100,17,global,0.2,0.9562547791054656,0.9161764384280622,0.33466639626850536,0.29916897506925205,0.3797216699801193,0.9476565327542527,0.9650104807315781,0.8954029742801609,16.0,4.546122337236369,0.8,0.020833333333333332,1.0,0.0,0.01953125,0.03515625,0.0,0.265625,5.337090492248535
ISIC_0015243,locked_verification100,17,local,0.05,0.9437685493554453,0.8935243774264816,0.38893055386496095,0.3135869565217391,0.5119284294234593,0.9284966009138527,0.959551286481008,0.8549925416986847,18.0,5.292477849847425,0.49206349206349204,0.40625,0.28125,0.71875,0.73828125,4.1796875,16.0,0.3515625,6.146879196166992
ISIC_0015243,locked_verification100,17,local8,0.2,0.9562329525352933,0.9161363686063548,0.33440733400610356,0.2987551867219917,0.3797216699801193,0.9476136620674056,0.9650104807315781,0.8953125706278534,16.0,4.549470359958596,0.6666666666666666,0.020833333333333332,1.0,0.0,0.0234375,0.0390625,0.0,0.265625,5.340935707092285
ISIC_0015243,locked_verification100,17,local_large,0.05,0.9485019261765681,0.9020481822925727,0.39785292922682214,0.3294997124784359,0.5019880715705766,0.941474152407752,0.9556354087485316,0.8834244903494101,18.36028140670226,5.126905679887752,0.5176470588235295,0.40625,0.4375,0.5625,0.6640625,3.55859375,14.0,0.3671875,5.9430060386657715
ISIC_0015243,locked_verification100,17,medium32,0.2,0.9556339717016684,0.915037396667104,0.32494582504866915,0.2922971114167813,0.3658051689860835,0.9476151651039544,0.9637896482620413,0.8954481761063147,16.0,4.576429452808513,0.3333333333333333,0.010416666666666666,0.953125,0.046875,0.0234375,0.04296875,0.0,0.25,5.377738952636719
ISIC_0015256,calibration50,17,CNN,,0.8023156965920952,0.6698891304738459,0.14704277409544322,0.11951083935519734,0.1910569105691057,0.999490602965227,0.6701179177451826,0.9980815831987075,54.0,15.6676378132425,,,,,,,,,
ISIC_0015256,calibration50,17,global,0.2,0.8024789653762562,0.6701168014375561,0.14998663969156775,0.12344949793266391,0.1910569105691057,0.9995175556151166,0.6703336209375899,0.9981825525040388,53.245809126888325,15.50490877257429,0.375,0.0043859649122807015,0.9285714285714286,0.07142857142857142,0.03125,0.03515625,0.0,0.11328125,20.470916748046875
ISIC_0015256,calibration50,17,local,0.05,0.8073981747507183,0.6770056507182967,0.23540929687777296,0.18614931237721022,0.3201219512195122,0.9789702868852459,0.6869966925510498,0.9171042003231018,53.0,14.636702886565757,0.6610169491525424,0.4780701754385965,0.14285714285714285,0.8571428571428571,0.69140625,5.1328125,21.0,0.21875,18.855093002319336
ISIC_0015256,calibration50,17,local8,0.2,0.8025176179460971,0.6701707097933512,0.14998663969156775,0.12344949793266391,0.1910569105691057,0.999517594404095,0.6703875467356917,0.9981825525040388,53.245809126888325,15.50422986980075,0.42857142857142855,0.0043859649122807015,0.9285714285714286,0.07142857142857142,0.02734375,0.03125,0.0,0.11328125,20.469573974609375
ISIC_0015256,calibration50,17,local_large,0.05,0.8073904374018922,0.6769947707303191,0.2258653639192001,0.1827021494370522,0.29573170731707316,0.984735589361482,0.6841745757837217,0.9404281098546042,54.0,14.750828011549247,0.6153846153846154,0.39473684210526316,0.2857142857142857,0.7142857142857143,0.609375,4.13671875,18.0,0.21875,19.2179012298584
ISIC_0015256,calibration50,17,medium32,0.2,0.8025820333512641,0.6702605570530099,0.1498790805544748,0.12330383480825959,0.1910569105691057,0.9995176590385337,0.6704774230658613,0.9981825525040388,53.18671512586485,15.492918606487018,0.5,0.0043859649122807015,0.9285714285714286,0.07142857142857142,0.0234375,0.02734375,0.0,0.11328125,20.465805053710938
ISIC_0015313,calibration50,17,CNN,,0.9803018552765018,0.9613647532352046,0.6887573816521703,0.6762849413886384,0.7016985138004246,0.965454032712916,0.9956135036231006,0.9394388827091831,6.371696670594406,2.1139970560800183,,,,,,,,,
ISIC_0015313,calibration50,17,global,0.2,0.9803537752739252,0.9614646251814394,0.6795938051647891,0.6776699029126214,0.6815286624203821,0.9658740798231379,0.9952742166105227,0.9402216454496766,6.221718330588049,2.162422390545254,0.0,0.0,0.9428571428571428,0.05714285714285714,0.03125,0.03125,0.0,0.546875,2.232004404067993
ISIC_0015313,calibration50,17,local,0.05,0.9800759242691685,0.9609302766648491,0.7148424522083058,0.6832740213523132,0.7494692144373672,0.9778533690381415,0.9823086057727262,0.9621802002224694,6.0,2.031758845298245,0.5212121212121212,0.5,0.37857142857142856,0.6214285714285714,0.64453125,1.875,6.0,0.6015625,2.0473170280456543
ISIC_0015313,calibration50,17,local8,0.2,0.98024281638354,0.9612511999250779,0.6792783260667312,0.6770428015564203,0.6815286624203821,0.9659326181065312,0.9949833991711703,0.9403452395665967,6.2620307543313425,2.170042973812274,0.07692307692307693,0.008620689655172414,0.9142857142857143,0.08571428571428572,0.05078125,0.05078125,0.25,0.546875,2.2377517223358154
ISIC_0015313,calibration50,17,local_large,0.05,0.9796599108081651,0.9601307654040224,0.6941455608894774,0.6684733514001807,0.721868365180467,0.9770973963355835,0.9822359014128881,0.9608618629753224,6.0,2.073383558991519,0.48148148148148145,0.49137931034482757,0.38571428571428573,0.6142857142857143,0.6328125,1.80078125,5.0,0.578125,2.075000762939453
ISIC_0015313,calibration50,17,medium32,0.2,0.9802320584443489,0.9612305099030762,0.6789613239462375,0.6764132553606238,0.6815286624203821,0.9658660518948928,0.9950318687443958,0.9402216454496766,6.302343178074636,2.174947639306525,0.0,0.0,0.9214285714285714,0.07857142857142857,0.04296875,0.04296875,0.0,0.546875,2.237860918045044
ISIC_0015372,calibration50,17,CNN,,0.9637522613398498,0.9300403999780633,0.44014591938255604,0.4040920716112532,0.48326359832635984,0.9530910453353316,0.974654686871396,0.8122516308015296,62.32173341297412,6.9711555461505865,,,,,,,,,
ISIC_0015372,calibration50,17,global,0.2,0.9641779144598212,0.9308335166043545,0.4544804039825813,0.42410714285714285,0.4895397489539749,0.9555074781299971,0.9730071457307611,0.8226737647147034,62.63099510335827,6.944289356956174,0.6774193548387096,0.30656934306569344,0.8319327731092437,0.16806722689075632,0.2421875,0.2421875,1.0,0.46875,4.075666427612305
ISIC_0015372,calibration50,17,local,0.05,0.9703320553393695,0.9423737626980148,0.5613869560089634,0.5112781954887218,0.6223849372384938,0.9685448160024431,0.9721259027950727,0.8764339806553197,62.193228537500524,6.063311436545452,0.5570175438596491,0.8613138686131386,0.14285714285714285,0.8571428571428571,0.890625,2.07421875,5.0,0.58203125,3.1817567348480225
ISIC_0015372,calibration50,17,local8,0.2,0.9626014716354142,0.9278993996192707,0.452042621534147,0.4230088495575221,0.48535564853556484,0.954203214998306,0.9711488725837659,0.817575166829122,62.609903369994115,7.094383625200599,0.3333333333333333,0.1678832116788321,0.6134453781512605,0.3865546218487395,0.26953125,0.26953125,1.0,0.46875,4.197742462158203
ISIC_0015372,calibration50,17,local_large,0.05,0.9723364450480052,0.9461622340917072,0.5933251000995762,0.5452991452991452,0.6506276150627615,0.9640691499378554,0.9807467576007203,0.8569393416810377,62.33376618924327,5.947125341539656,0.5560747663551402,0.7956204379562044,0.16806722689075632,0.8319327731092437,0.8359375,2.2265625,7.25,0.6328125,3.012004852294922
ISIC_0015372,calibration50,17,medium32,0.2,0.9622611056783982,0.9272670716533704,0.4527959441718646,0.4259421560035057,0.48326359832635984,0.9538302277432712,0.9708423533017874,0.8160755792157157,62.609903369994115,7.099984915499574,0.24242424242424243,0.11678832116788321,0.5798319327731093,0.42016806722689076,0.2578125,0.2578125,1.0,0.46484375,4.232234954833984
ISIC_0015401,locked_verification100,17,CNN,,0.9543832327558237,0.912746679905672,0.7406823257398183,0.7348148148148148,0.7466442953020134,0.9364574048134471,0.9730087324689071,0.9802062673542246,16.510579358903502,2.474034753290294,,,,,,,,,
ISIC_0015401,locked_verification100,17,global,0.2,0.954510058403634,0.9129787101980014,0.732458102028467,0.7350689127105666,0.7298657718120806,0.9366403464085583,0.9730748875363853,0.9802657675525585,16.364261358648076,2.4831445909985717,,0.0,1.0,0.0,0.0,0.0,0.0,0.703125,2.9828643798828125
ISIC_0015401,locked_verification100,17,local,0.05,0.943283189045064,0.8926546632608561,0.5871238367425454,0.5667125171939478,0.6090604026845637,0.93874074559392,0.947869806827203,0.9814557715192384,16.146200743961586,2.9085318394403243,0.20512820512820512,0.15789473684210525,0.3333333333333333,0.6666666666666666,0.609375,1.24609375,4.0,0.53125,3.4808120727539062
ISIC_0015401,locked_verification100,17,local8,0.2,0.9537292593434425,0.9115511141456148,0.7175837924763021,0.7221374045801526,0.7130872483221476,0.9365474140679804,0.9715533209843874,0.9802657675525585,16.34290116801098,2.5202545656945037,0.08333333333333333,0.0,0.9333333333333333,0.06666666666666667,0.046875,0.046875,0.0,0.6953125,3.0127785205841064
ISIC_0015401,locked_verification100,17,local_large,0.05,0.9442074171316048,0.8943114703139571,0.5824317362184441,0.5667613636363636,0.5989932885906041,0.9368894099257522,0.9516406456734586,0.9807814359381198,15.652475842498529,2.9179498431414927,0.2,0.23684210526315788,0.34444444444444444,0.6555555555555556,0.60546875,1.16796875,4.0,0.52734375,3.4587161540985107
ISIC_0015401,locked_verification100,17,medium32,0.2,0.9541367782141582,0.912295946868599,0.725276905390732,0.7274119448698315,0.7231543624161074,0.9365959344930861,0.9723471817941254,0.9802657675525585,16.364261358648076,2.5027463568734727,0.0,0.0,0.9666666666666667,0.03333333333333333,0.0234375,0.0234375,0.0,0.69921875,2.9995203018188477
ISIC_0015443,locked_verification100,17,CNN,,0.9711425341975963,0.9439038608134165,0.6497801328912872,0.6646706586826348,0.6355421686746988,0.9838747370881047,0.9587356531244307,0.992083524552547,6.324555320336759,2.105231571525618,,,,,,,,,
ISIC_0015443,locked_verification100,17,global,0.2,0.9716212159697046,0.9448086940901742,0.6664948663348208,0.6831831831831832,0.6506024096385542,0.9853871013067304,0.9582346511204226,0.9928407526388251,6.391338899868437,2.067411707217658,0.9090909090909091,0.10752688172043011,0.9263803680981595,0.0736196319018405,0.0859375,0.0859375,1.0,0.640625,1.863411545753479
ISIC_0015443,locked_verification100,17,local,0.05,0.9683906034945295,0.9387182850165077,0.5562056046047111,0.5676855895196506,0.5451807228915663,0.9925876333030462,0.9453452359263983,0.9964433226250574,5.656854249492381,2.2468593671758255,0.5842105263157895,0.4838709677419355,0.147239263803681,0.852760736196319,0.7421875,1.16015625,3.0,0.58203125,1.905970573425293
ISIC_0015443,locked_verification100,17,local8,0.2,0.9715789716713227,0.9447288074712644,0.6664948663348208,0.6831831831831832,0.6506024096385542,0.9852039144074543,0.9583257423938787,0.992748967416246,6.391338899868437,2.070419226014651,0.8947368421052632,0.0967741935483871,0.9386503067484663,0.06134969325153374,0.07421875,0.07421875,1.0,0.63671875,1.8712183237075806
ISIC_0015443,locked_verification100,17,local_large,0.05,0.9703431258438475,0.942394646409839,0.6371408832327775,0.646539027982327,0.6280120481927711,0.9923816779354347,0.9492621606850064,0.9963285910968334,6.324555320336759,2.124251649470731,0.5637583892617449,0.34408602150537637,0.34355828220858897,0.656441717791411,0.58203125,0.83984375,2.25,0.66796875,1.8131619691848755
ISIC_0015443,locked_verification100,17,medium32,0.2,0.9715789716713227,0.9447288074712644,0.6664948663348208,0.6831831831831832,0.6506024096385542,0.9852039144074543,0.9583257423938787,0.992748967416246,6.391338899868437,2.070419226014651,0.8947368421052632,0.0967741935483871,0.9386503067484663,0.06134969325153374,0.07421875,0.07421875,1.0,0.63671875,1.8712183237075806
ISIC_0015445,locked_verification100,17,CNN,,0.7192720894540671,0.5616119423425892,0.13024355744154179,0.13081166272655634,0.12968036529680366,0.872407190724391,0.6118695911668158,0.9380551538938235,53.0121851447484,14.171892214891098,,,,,,,,,
ISIC_0015445,locked_verification100,17,global,0.2,0.7181445153928862,0.5602382827210791,0.12299539813136243,0.12270450751252086,0.1232876712328767,0.8720490274447109,0.6104148015517756,0.9380035116711424,53.50229787285512,14.395508491220593,0.14285714285714285,0.01327433628318584,0.9333333333333333,0.06666666666666667,0.08203125,0.12890625,1.0,0.109375,12.050455093383789
ISIC_0015445,locked_verification100,17,local,0.05,0.6745133959239753,0.5088798286227628,0.11899500928961622,0.11198547215496368,0.12694063926940638,0.873443245166647,0.5493882423157267,0.9448977483990911,56.898108506432365,14.828388242725048,0.3492822966507177,0.3185840707964602,0.13333333333333333,0.8666666666666667,0.81640625,6.21875,22.0,0.046875,13.186634063720703
ISIC_0015445,locked_verification100,17,local8,0.2,0.718317580754808,0.5604489614344865,0.12341718358352419,0.12447786131996658,0.1223744292237443,0.8714947054754429,0.6109370337212773,0.9376420161123735,53.0121851447484,14.371741043432397,0.06666666666666667,0.004424778761061947,0.9666666666666667,0.03333333333333333,0.05859375,0.08203125,1.0,0.11328125,12.041683197021484
ISIC_0015445,locked_verification100,17,local_large,0.05,0.687244379166196,0.5235128063894244,0.14372777788658242,0.12713797035347776,0.16529680365296803,0.8716111652433083,0.5672560429722471,0.9421607105969841,52.531869021097805,14.67575633015086,0.40298507462686567,0.34513274336283184,0.3,0.7,0.78515625,5.9765625,20.0,0.12109375,12.626964569091797
ISIC_0015445,locked_verification100,17,medium32,0.2,0.7184674800315983,0.5606314852231088,0.1252673275832973,0.12542087542087543,0.12511415525114156,0.8724685568109145,0.6106759176365264,0.9382100805618674,53.0121851447484,14.447712658171367,0.1111111111111111,0.008849557522123894,0.9333333333333333,0.06666666666666667,0.0703125,0.1015625,1.0,0.109375,12.041254043579102
ISIC_0015483,locked_verification100,17,CNN,,0.945435493126419,0.8965174600170341,0.39863397579722293,0.3665893271461717,0.43681747269890797,0.9096888803533705,0.9841063730327742,0.9593587278266318,13.0,3.958873928876248,,,,,,,,,
ISIC_0015483,locked_verification100,17,global,0.2,0.9451849633068743,0.896067016896209,0.39343867526967025,0.36330935251798563,0.4290171606864275,0.9098467009467057,0.9833792136290448,0.9594667588531426,13.0,3.961310546521976,0.25,0.0,0.9746835443037974,0.02531645569620253,0.03125,0.0390625,0.0,0.30859375,4.62403678894043
ISIC_0015483,locked_verification100,17,local,0.05,0.9144108280254777,0.8423175650898423,0.2975548382229092,0.23710482529118138,0.3993759750390016,0.8775968288839009,0.9544486573521009,0.9446232958105568,24.0,6.2520408233456,0.2956989247311828,0.23163841807909605,0.20253164556962025,0.7974683544303798,0.7265625,3.79296875,15.25,0.265625,6.579273223876953
ISIC_0015483,locked_verification100,17,local8,0.2,0.9446817012562124,0.8951628171147292,0.3936303453211666,0.36363636363636365,0.4290171606864275,0.9098037329228401,0.9823404144808602,0.9594883650584448,13.0,3.9843889130058736,0.42857142857142855,0.0,0.8987341772151899,0.10126582278481013,0.0546875,0.0703125,1.0,0.30859375,4.630555629730225
ISIC_0015483,locked_verification100,17,local_large,0.05,0.9058625136395199,0.8279238440616501,0.2083652785942821,0.16353677621283255,0.2870514820592824,0.8667837311945328,0.9486313821222666,0.9393513817168291,24.542732853191662,6.998951242679728,0.16666666666666666,0.14689265536723164,0.17721518987341772,0.8227848101265823,0.7734375,4.6328125,18.0,0.171875,7.412062644958496
ISIC_0015483,locked_verification100,17,medium32,0.2,0.945026962252846,0.8957830469970183,0.39292846650617863,0.3624401913875598,0.4290171606864275,0.9098206989376533,0.9830675738845894,0.9594667588531426,13.0,3.9701390946579784,0.3333333333333333,0.0,0.9620253164556962,0.0379746835443038,0.03515625,0.046875,0.0,0.30859375,4.625351428985596
ISIC_0015496,locked_verification100,17,CNN,,0.9741932250952094,0.9496849201309169,0.7333670810775252,0.7297668038408779,0.7370030581039755,0.9601442117740023,0.988659479251424,0.9824075688873387,4.0,1.6183736283760168,,,,,,,,,
ISIC_0015496,locked_verification100,17,global,0.2,0.9744849365883002,0.9502395151041158,0.7237742442136534,0.7305475504322767,0.7171253822629969,0.9607591183157063,0.9886086248982913,0.9826909661667248,4.0,1.6372533163573728,,0.0,1.0,0.0,0.0,0.0,0.0,0.58984375,1.9790244102478027
ISIC_0015496,locked_verification100,17,local,0.05,0.9722593835979504,0.9460163080852736,0.7119447789487029,0.6939597315436241,0.7308868501529052,0.965218262917857,0.9794039869812856,0.9848709452389257,4.47213595499958,1.703811896863951,0.5,0.3619047619047619,0.5231788079470199,0.4768211920529801,0.5,1.0703125,4.0,0.578125,1.9956977367401123
ISIC_0015496,locked_verification100,17,local8,0.2,0.9744849365883002,0.9502395151041158,0.7237742442136534,0.7305475504322767,0.7171253822629969,0.9607591183157063,0.9886086248982913,0.9826909661667248,4.0,1.6372533163573728,,0.0,1.0,0.0,0.0,0.0,0.0,0.58984375,1.9790244102478027
ISIC_0015496,locked_verification100,17,local_large,0.05,0.9712447214960789,0.9440969507427678,0.6839030250081904,0.6797829036635007,0.6880733944954128,0.9602385685884692,0.9825061025223759,0.9825601674223927,4.242640687119285,1.784651825843117,0.4330708661417323,0.34285714285714286,0.5033112582781457,0.4966887417218543,0.49609375,0.94140625,3.0,0.55078125,2.0783851146698
ISIC_0015496,locked_verification100,17,medium32,0.2,0.9744849365883002,0.9502395151041158,0.7237742442136534,0.7305475504322767,0.7171253822629969,0.9607591183157063,0.9886086248982913,0.9826909661667248,4.0,1.6372533163573728,,0.0,1.0,0.0,0.0,0.0,0.0,0.58984375,1.9790244102478027
ISIC_0015627,calibration50,17,CNN,,0.948771345272803,0.9025356576862124,0.6420717937749112,0.6329670329670329,0.6514423076923077,0.9531380753138076,0.9444444444444444,0.9942367066895369,5.0,1.8981441980211187,,,,,,,,,
ISIC_0015627,calibration50,17,global,0.2,0.9486627301146231,0.9023391040042289,0.64100069952937,0.6401766004415012,0.6418269230769231,0.9537644922475206,0.9436152570480929,0.9943224699828473,5.0,1.8924711754486292,0.5555555555555556,0.008771929824561403,0.9436619718309859,0.056338028169014086,0.03515625,0.03515625,0.0,0.55859375,2.005908966064453
ISIC_0015627,calibration50,17,local,0.05,0.9465670182300762,0.898554568359634,0.6145426114151682,0.6,0.6298076923076923,0.9569269877135997,0.9364289662797125,0.9947684391080618,4.47213595499958,1.9539366777364207,0.4906832298136646,0.4473684210526316,0.33098591549295775,0.6690140845070423,0.62890625,1.44140625,5.0,0.5234375,2.0733914375305176
ISIC_0015627,calibration50,17,local8,0.2,0.9483776835961926,0.9018234672304439,0.64100069952937,0.6401766004415012,0.6418269230769231,0.953611848539891,0.943200663349917,0.9943053173241853,5.0,1.9016771593381574,0.45454545454545453,0.0,0.9225352112676056,0.07746478873239436,0.04296875,0.04296875,0.0,0.5546875,2.0114688873291016
ISIC_0015627,calibration50,17,local_large,0.05,0.9489710789766407,0.9028972086254795,0.6468774864204845,0.6289424860853432,0.6658653846153846,0.9548125349748181,0.943200663349917,0.9944596912521441,4.0,1.7997228858940066,0.5328947368421053,0.42105263157894735,0.3380281690140845,0.6619718309859155,0.59375,1.39453125,5.0,0.5234375,1.9530863761901855
ISIC_0015627,calibration50,17,medium32,0.2,0.9483991943884992,0.9018623695680887,0.6401998126756167,0.6385809312638581,0.6418269230769231,0.9532318860812509,0.9436152570480929,0.994253859348199,5.0,1.9083707629352467,0.3333333333333333,0.0,0.9577464788732394,0.04225352112676056,0.0234375,0.0234375,0.0,0.5546875,2.017282485961914
