image_id,seed,method,source_git_commit,dice,iou,bf1,boundary_precision,boundary_recall,pixel_precision,pixel_recall,specificity,hd95,assd,repair_precision,repair_recall,keep_rate_on_initially_correct,move_rate_on_initially_correct,distance_increase_rate,correct_to_incorrect_rate,moved_fraction,mean_abs_offset,p95_abs_offset,selection_within_2px
ISIC_0001769,17,CNN,20fc5122b11859a7c502674e29f9fe768ab80cc4,0.9421726559273028,0.8906677079265912,0.8428753180661577,0.8547008547008547,0.8313725490196079,0.9051587301587302,0.9823428079242033,0.99621919195115,2.8284271247461903,1.2322423389964146,,,,,,,,,,
ISIC_0001769,17,GlobalTransformer,20fc5122b11859a7c502674e29f9fe768ab80cc4,0.9600509987250319,0.9231712300776461,0.89795478545721,0.8311258278145696,0.9764705882352941,0.9475671140939598,0.9728682170542635,0.9980225899326098,5.643269777374484,1.0593169651415335,0.9207920792079208,0.7529411764705882,0.783625730994152,0.21637426900584794,0.07920792079207921,0.0,0.39453125,0.8359375,2.0,0.90625
ISIC_0001769,17,GlobalTransformer_DP,20fc5122b11859a7c502674e29f9fe768ab80cc4,0.9423910799091473,0.8910581803982819,0.8428753180661577,0.8547008547008547,0.8313725490196079,0.9051963506545022,0.9827734711455641,0.99621919195115,2.8284271247461903,1.2264582344468313,1.0,0.0,0.9941520467836257,0.005847953216374269,0.0,0.0,0.00390625,0.00390625,0.0,0.66796875
ISIC_0001852,17,CNN,20fc5122b11859a7c502674e29f9fe768ab80cc4,0.9569377990430622,0.9174311926605505,0.9914040114613181,1.0,0.9829545454545454,0.9870918754745635,0.9285714285714286,0.9997349382562055,2.0,0.6826011521890272,,,,,,,,,,
ISIC_0001852,17,GlobalTransformer,20fc5122b11859a7c502674e29f9fe768ab80cc4,0.9538690476190477,0.9118065433854907,0.9795933348014388,0.9936708860759493,0.9659090909090909,0.9953416149068323,0.9157142857142857,0.9999064487963079,2.0,0.7353020324370865,0.5138888888888888,1.0,0.7244094488188977,0.2755905511811024,0.4027777777777778,0.0,0.28125,0.40625,2.0,1.0
ISIC_0001852,17,GlobalTransformer_DP,20fc5122b11859a7c502674e29f9fe768ab80cc4,0.9580265095729014,0.9194346289752651,0.9914040114613181,1.0,0.9829545454545454,0.9886018237082067,0.9292857142857143,0.9997661219907696,2.0,0.6588728832090621,0.8888888888888888,0.0,0.9645669291338582,0.03543307086614173,0.0,0.0,0.03515625,0.03515625,0.0,0.9921875
ISIC_0001871,17,CNN,20fc5122b11859a7c502674e29f9fe768ab80cc4,0.9502385821404227,0.9051948051948052,0.8935877757668781,0.9252336448598131,0.8640350877192983,0.9534883720930233,0.9470108695652174,0.99838933804952,3.605551275463989,1.086249276053265,,,,,,,,,,
ISIC_0001871,17,GlobalTransformer,20fc5122b11859a7c502674e29f9fe768ab80cc4,0.9494343107827291,0.9037362637362637,0.9052009588048386,0.9400921658986175,0.8728070175438597,0.9684408855393312,0.9311594202898551,0.9989420161697827,3.105480479109443,1.078745551190143,0.6825396825396826,0.2647058823529412,0.47297297297297297,0.527027027027027,0.21428571428571427,0.0,0.4921875,0.71875,2.0,0.90234375
ISIC_0001871,17,GlobalTransformer_DP,20fc5122b11859a7c502674e29f9fe768ab80cc4,0.9506706069561264,0.9059792027729636,0.8937499287562554,0.9255813953488372,0.8640350877192983,0.9543587403012324,0.9470108695652174,0.9984209196563921,3.605551275463989,1.076090217727246,1.0,0.0,0.9864864864864865,0.013513513513513514,0.0,0.0,0.01171875,0.01953125,0.0,0.8671875
ISIC_0003462,17,CNN,20fc5122b11859a7c502674e29f9fe768ab80cc4,0.8725267596496918,0.7738780207134638,0.3965137925198849,0.4125,0.3817204301075269,1.0,0.7738780207134638,1.0,4.212756921743878,2.500142445498641,,,,,,,,,,
ISIC_0003462,17,GlobalTransformer,20fc5122b11859a7c502674e29f9fe768ab80cc4,0.8355108877721943,0.7174913693901036,0.18644675510935818,0.16455696202531644,0.21505376344086022,1.0,0.7174913693901036,1.0,9.848857801796104,3.8570179376931666,0.0,0.0,0.43884892086330934,0.5611510791366906,1.0,0.45323741007194246,0.3515625,0.83203125,2.0,0.296875
ISIC_0003462,17,GlobalTransformer_DP,20fc5122b11859a7c502674e29f9fe768ab80cc4,0.8717948717948718,0.7727272727272727,0.3849372384937239,0.4,0.3709677419354839,1.0,0.7727272727272727,1.0,4.212756921743878,2.514947120339313,0.0,0.0,0.9712230215827338,0.02877697841726619,1.0,0.02158273381294964,0.015625,0.02734375,0.0,0.53125
ISIC_0003539,17,CNN,20fc5122b11859a7c502674e29f9fe768ab80cc4,0.8174878556557946,0.6913145539906104,0.16528408201596492,0.16793893129770993,0.16271186440677965,1.0,0.6913145539906104,1.0,8.48528137423857,4.385150798782974,,,,,,,,,,
ISIC_0003539,17,GlobalTransformer,20fc5122b11859a7c502674e29f9fe768ab80cc4,0.7787134922056979,0.6376173708920188,0.10558888538048627,0.08172043010752689,0.14915254237288136,1.0,0.6376173708920188,1.0,15.524174696260024,6.093723372869126,0.5217391304347826,0.18652849740932642,0.873015873015873,0.12698412698412698,0.4782608695652174,0.12698412698412698,0.26953125,1.25,3.0,0.2265625
ISIC_0003539,17,GlobalTransformer_DP,20fc5122b11859a7c502674e29f9fe768ab80cc4,0.81789802289282,0.6919014084507042,0.16497422277769097,0.16730038022813687,0.16271186440677965,1.0,0.6919014084507042,1.0,8.502898085562258,4.369605648771549,0.5625,0.046632124352331605,1.0,0.0,0.4375,0.0,0.0625,0.0625,1.0,0.25
ISIC_0003582,17,CNN,20fc5122b11859a7c502674e29f9fe768ab80cc4,0.9393689986282578,0.8856699430936368,0.34963705289341196,0.35450819672131145,0.3448979591836735,0.9961210240496509,0.8887350752725385,0.9992589573529956,7.0,3.1730026253082575,,,,,,,,,,
ISIC_0003582,17,GlobalTransformer,20fc5122b11859a7c502674e29f9fe768ab80cc4,0.9226182156999767,0.85635215774453,0.23438966611540696,0.23408624229979466,0.23469387755102042,0.9994953063490462,0.8567226163696141,0.9999073696691244,9.0,4.035682367960396,0.23225806451612904,0.14473684210526316,0.40384615384615385,0.5961538461538461,0.7677419354838709,0.3269230769230769,0.60546875,1.2265625,3.0,0.3125
ISIC_0003582,17,GlobalTransformer_DP,20fc5122b11859a7c502674e29f9fe768ab80cc4,0.9329276725210898,0.8742871954380508,0.289738430583501,0.2938775510204082,0.2857142857142857,0.9984213122841638,0.8754974909153833,0.9997035829411983,7.914612354157986,3.5135492216871236,0.28169014084507044,0.03289473684210526,0.5961538461538461,0.40384615384615385,0.7183098591549296,0.1346153846153846,0.27734375,0.46484375,2.0,0.37109375
ISIC_0003657,17,CNN,20fc5122b11859a7c502674e29f9fe768ab80cc4,0.955948298601952,0.9156139464375948,0.7905141994237022,0.8194945848375451,0.7635135135135135,0.9244897959183673,0.9896231567449482,0.9952160843003524,4.0,1.3024513411246825,,,,,,,,,,
ISIC_0003657,17,GlobalTransformer,20fc5122b11859a7c502674e29f9fe768ab80cc4,0.9742892123520609,0.9498673740053051,0.9757711493433777,0.9926470588235294,0.9594594594594594,0.9707237733803199,0.9778809393773894,0.9982545172447231,2.0,0.6835896843838888,0.7370689655172413,1.0,0.13714285714285715,0.8628571428571429,0.2543103448275862,0.05714285714285714,0.90625,1.46484375,3.0,0.9453125
ISIC_0003657,17,GlobalTransformer_DP,20fc5122b11859a7c502674e29f9fe768ab80cc4,0.9662441627751834,0.9346928239545689,0.9038811483201609,0.9309090909090909,0.8783783783783784,0.9446908426819723,0.988803932277444,0.996573681998901,3.0,0.982757550662093,1.0,0.9012345679012346,0.8342857142857143,0.1657142857142857,0.0,0.0,0.3984375,0.40625,1.0,0.80859375
ISIC_0003805,17,CNN,20fc5122b11859a7c502674e29f9fe768ab80cc4,0.9128787878787878,0.8397212543554007,0.611530403045937,0.6157894736842106,0.6073298429319371,0.8480938416422288,0.9883800410116199,0.9959577357077084,4.0,1.6336471164174515,,,,,,,,,,
ISIC_0003805,17,GlobalTransformer,20fc5122b11859a7c502674e29f9fe768ab80cc4,0.9084438692979618,0.8322465915826912,0.6961184732465548,0.6284584980237155,0.7801047120418848,0.8624078624078624,0.9596719070403281,0.9965039876390992,8.54400374531753,1.8536997973036073,0.5794392523364486,0.4172661870503597,0.5897435897435898,0.41025641025641024,0.4205607476635514,0.05128205128205128,0.41796875,0.921875,2.0,0.59765625
ISIC_0003805,17,GlobalTransformer_DP,20fc5122b11859a7c502674e29f9fe768ab80cc4,0.9114960629921259,0.8373842592592593,0.6246140273489192,0.631578947368421,0.6178010471204188,0.8452102803738317,0.9890635680109364,0.99586409251947,4.0,1.6542695036524788,0.32,0.05755395683453238,0.8547008547008547,0.1452991452991453,0.68,0.008547008547008548,0.09765625,0.09765625,1.0,0.4609375
ISIC_0004337,17,CNN,20fc5122b11859a7c502674e29f9fe768ab80cc4,0.8936576061039581,0.8077586206896552,0.5755840875605136,0.599009900990099,0.553921568627451,0.961025641025641,0.8351158645276292,0.9987992163306579,6.070348150753486,2.413836845005862,,,,,,,,,,
ISIC_0004337,17,GlobalTransformer,20fc5122b11859a7c502674e29f9fe768ab80cc4,0.8976150325222838,0.8142482517482518,0.5662954200088484,0.5688888888888889,0.5637254901960784,0.9769271106449922,0.8302139037433155,0.9993048094545914,5.616100833138698,2.211338811644481,0.7121212121212122,0.47107438016528924,0.45185185185185184,0.5481481481481482,0.25,0.08888888888888889,0.515625,0.94140625,2.0,0.5859375
ISIC_0004337,17,GlobalTransformer_DP,20fc5122b11859a7c502674e29f9fe768ab80cc4,0.8967158495954307,0.8127696289905091,0.5953107827573575,0.6188118811881188,0.5735294117647058,0.9622063329928499,0.839572192513369,0.9988308159009037,6.070348150753486,2.3478371947804564,1.0,0.12396694214876033,0.9703703703703703,0.02962962962962963,0.0,0.0,0.07421875,0.07421875,1.0,0.55859375
ISIC_0006651,17,CNN,20fc5122b11859a7c502674e29f9fe768ab80cc4,0.8833191385813359,0.7910220091523208,0.33005893909626716,0.34285714285714286,0.3181818181818182,0.9991742361684558,0.7915394679459223,0.9999507793273175,9.123199065740076,3.8792025303639925,,,,,,,,,,
ISIC_0006651,17,GlobalTransformer,20fc5122b11859a7c502674e29f9fe768ab80cc4,0.861611021472012,0.7568687309201919,0.17035775127768313,0.17921146953405018,0.16233766233766234,1.0,0.7568687309201919,1.0,9.123199065740076,4.523232797611935,0.07692307692307693,0.006622516556291391,0.3619047619047619,0.638095238095238,0.9230769230769231,0.42857142857142855,0.40625,0.7265625,2.0,0.23828125
ISIC_0006651,17,GlobalTransformer_DP,20fc5122b11859a7c502674e29f9fe768ab80cc4,0.8782693717917379,0.7829592503813467,0.2838969404186795,0.2887323943661972,0.2792207792207792,0.9991657397107898,0.78347143480157,0.9999507793273175,9.123199065740076,4.0174133438199995,0.11428571428571428,0.0,0.6952380952380952,0.3047619047619048,0.8857142857142857,0.12380952380952381,0.13671875,0.18359375,1.0,0.359375
ISIC_0006671,17,CNN,20fc5122b11859a7c502674e29f9fe768ab80cc4,0.884255930984903,0.7925257731958762,0.523505603985056,0.472,0.5876288659793815,0.7997399219765929,0.9887459807073955,0.9927438354012879,61.04732101286569,6.519797151270764,,,,,,,,,,
ISIC_0006671,17,GlobalTransformer,20fc5122b11859a7c502674e29f9fe768ab80cc4,0.8993419449183524,0.8170947741364039,0.563061607085138,0.4855072463768116,0.6701030927835051,0.8247653106839518,0.9887459807073955,0.9938432542798806,60.74537019394976,5.901862561387656,0.9487179487179487,0.2517482517482518,0.9911504424778761,0.008849557522123894,0.05128205128205128,0.0,0.15234375,0.44140625,3.0,0.45703125
ISIC_0006671,17,GlobalTransformer_DP,20fc5122b11859a7c502674e29f9fe768ab80cc4,0.884255930984903,0.7925257731958762,0.523505603985056,0.472,0.5876288659793815,0.7997399219765929,0.9887459807073955,0.9927438354012879,61.04732101286569,6.519797151270764,,0.0,1.0,0.0,,0.0,0.0,0.0,0.0,0.44140625
ISIC_0006815,17,CNN,20fc5122b11859a7c502674e29f9fe768ab80cc4,0.9097035040431267,0.8343634116192831,0.8638838475499092,0.9333333333333333,0.8040540540540541,0.9796806966618288,0.8490566037735849,0.9997837537263867,4.0,1.0550729800076786,,,,,,,,,,
ISIC_0006815,17,GlobalTransformer,20fc5122b11859a7c502674e29f9fe768ab80cc4,0.5446265938069217,0.3742177722152691,0.4530173976078289,0.339041095890411,0.6824324324324325,0.9867986798679867,0.37610062893081764,0.9999382153503962,9.486832980505138,3.4255018796227072,0.42920353982300885,1.0,0.1214574898785425,0.8785425101214575,0.5619469026548672,0.03643724696356275,0.8828125,10.7421875,26.25,0.96484375
ISIC_0006815,17,GlobalTransformer_DP,20fc5122b11859a7c502674e29f9fe768ab80cc4,0.9088453747467927,0.8329207920792079,0.9130067057330997,0.9754098360655737,0.8581081081081081,0.9810495626822158,0.8465408805031447,0.9997991998887876,3.0,1.0352552060025215,0.6266666666666667,1.0,0.4291497975708502,0.5708502024291497,0.3333333333333333,0.0,0.5859375,0.5859375,1.0,1.0
ISIC_0006914,17,CNN,20fc5122b11859a7c502674e29f9fe768ab80cc4,0.8986357635323456,0.8159296750133191,0.24736934408979303,0.25277777777777777,0.2421875,0.9980449657869013,0.8172358591248666,0.9997932460372158,8.246211251235321,4.364226008106297,,,,,,,,,,
ISIC_0006914,17,GlobalTransformer,20fc5122b11859a7c502674e29f9fe768ab80cc4,0.8680298800271636,0.7668310891881083,0.045823389021479706,0.04481792717086835,0.046875,0.999131492096578,0.767342582710779,0.9999138525155066,9.848857801796104,5.613541822060132,0.05357142857142857,0.005555555555555556,0.0,1.0,0.9464285714285714,0.7236842105263158,0.65625,1.37890625,3.0,0.08203125
ISIC_0006914,17,GlobalTransformer_DP,20fc5122b11859a7c502674e29f9fe768ab80cc4,0.8929230315105896,0.80655912544994,0.1738293509645562,0.17318435754189945,0.17447916666666666,0.9991742361684558,0.8070971184631803,0.9999138525155066,8.48528137423857,4.587704548679694,0.2077922077922078,0.0,0.21052631578947367,0.7894736842105263,0.7922077922077922,0.14473684210526316,0.30078125,0.3046875,1.0,0.25390625
ISIC_0007141,17,CNN,20fc5122b11859a7c502674e29f9fe768ab80cc4,0.7802155291516993,0.6396339253352664,0.0,0.0,0.0,0.966721446179129,0.6540350226998981,0.995561076301993,38.25522169662995,13.271226756890746,,,,,,,,,,
ISIC_0007141,17,GlobalTransformer,20fc5122b11859a7c502674e29f9fe768ab80cc4,0.7544720952542182,0.6057448350851757,0.0,0.0,0.0,0.9649249422632794,0.6193829333827481,0.995561076301993,38.333602215434574,14.379743027982446,0.0,0.0,,,1.0,,0.6328125,1.20703125,2.0,0.0
ISIC_0007141,17,GlobalTransformer_DP,20fc5122b11859a7c502674e29f9fe768ab80cc4,0.7783251231527094,0.6370967741935484,0.0,0.0,0.0,0.9665933461644213,0.6514407486333735,0.995561076301993,38.235626566928794,13.34007099861128,0.0,0.0,,,1.0,,0.09375,0.1015625,1.0,0.0
ISIC_0007156,17,CNN,20fc5122b11859a7c502674e29f9fe768ab80cc4,0.8842162016444265,0.792461947330273,0.24423160644318676,0.2548262548262548,0.23448275862068965,1.0,0.792461947330273,1.0,7.148086918349853,3.588347039082457,,,,,,,,,,
ISIC_0007156,17,GlobalTransformer,20fc5122b11859a7c502674e29f9fe768ab80cc4,0.8663379895918927,0.7641942498187968,0.09074410163339383,0.09578544061302682,0.08620689655172414,1.0,0.7641942498187968,1.0,7.148086918349853,4.141829346894096,0.20666666666666667,0.17791411042944785,0.16129032258064516,0.8387096774193549,0.7933333333333333,0.6129032258064516,0.5859375,0.82421875,2.0,0.1640625
ISIC_0007156,17,GlobalTransformer_DP,20fc5122b11859a7c502674e29f9fe768ab80cc4,0.883764832793959,0.7917371345735685,0.2346305696559504,0.24615384615384617,0.22413793103448276,1.0,0.7917371345735685,1.0,7.148086918349853,3.597461182937746,0.0,0.0,0.967741935483871,0.03225806451612903,1.0,0.0,0.01171875,0.01171875,0.0,0.36328125
ISIC_0007235,17,CNN,20fc5122b11859a7c502674e29f9fe768ab80cc4,0.9149674018587877,0.8432625926872922,0.4725147886307892,0.4807692307692308,0.4645390070921986,1.0,0.8432625926872922,1.0,5.385164807134504,2.534081928067948,,,,,,,,,,
ISIC_0007235,17,GlobalTransformer,20fc5122b11859a7c502674e29f9fe768ab80cc4,0.8876564277588168,0.7980056251598057,0.34883902744116957,0.35384615384615387,0.34397163120567376,1.0,0.7980056251598057,1.0,6.0,3.3418665031190495,0.0,0.0,0.6493506493506493,0.35064935064935066,1.0,0.33766233766233766,0.45703125,0.84375,2.0,0.3984375
ISIC_0007235,17,GlobalTransformer_DP,20fc5122b11859a7c502674e29f9fe768ab80cc4,0.9124026696329255,0.838915878291997,0.4706495914701281,0.47692307692307695,0.4645390070921986,1.0,0.838915878291997,1.0,5.385164807134504,2.6068574206848356,0.0,0.0,0.974025974025974,0.025974025974025976,1.0,0.025974025974025976,0.05078125,0.08203125,0.25,0.5859375
ISIC_0007241,17,CNN,20fc5122b11859a7c502674e29f9fe768ab80cc4,0.8674041521442643,0.7658549638747658,0.16853932584269665,0.17857142857142858,0.1595744680851064,1.0,0.7658549638747658,1.0,5.656854249492381,3.73441862234158,,,,,,,,,,
ISIC_0007241,17,GlobalTransformer,20fc5122b11859a7c502674e29f9fe768ab80cc4,0.8492686682063125,0.7380251538667381,0.0260545905707196,0.0220125786163522,0.031914893617021274,1.0,0.7380251538667381,1.0,12.649110640673518,4.7888338091818925,0.47085201793721976,0.538860103626943,0.031746031746031744,0.9682539682539683,0.5291479820627802,0.9523809523809523,0.87109375,1.4375,2.0,0.05859375
ISIC_0007241,17,GlobalTransformer_DP,20fc5122b11859a7c502674e29f9fe768ab80cc4,0.8571865443425076,0.75006689858175,0.04887218045112781,0.052,0.04609929078014184,1.0,0.75006689858175,1.0,5.656854249492381,3.989173471999067,0.23,0.11917098445595854,0.14285714285714285,0.8571428571428571,0.77,0.5873015873015873,0.390625,0.47265625,2.0,0.10546875
ISIC_0007332,17,CNN,20fc5122b11859a7c502674e29f9fe768ab80cc4,0.8877868533644496,0.7982164714110859,0.23875731134336947,0.2601880877742947,0.22058823529411764,0.9982506013557839,0.7993346174050079,0.9998662766402006,8.94427190999916,4.143041573431363,,,,,,,,,,
ISIC_0007332,17,GlobalTransformer,20fc5122b11859a7c502674e29f9fe768ab80cc4,0.867591674925669,0.7661473831612112,0.1324763811330032,0.14696485623003194,0.12058823529411765,0.9995432747202557,0.7664156890211872,0.9999665691600501,8.0,4.878135104889481,0.39748953974895396,0.42696629213483145,0.0,1.0,0.602510460251046,0.5,0.93359375,1.4765625,3.0,0.16796875
ISIC_0007332,17,GlobalTransformer_DP,20fc5122b11859a7c502674e29f9fe768ab80cc4,0.8803134182174339,0.7862141357592722,0.18292132577846862,0.20125786163522014,0.1676470588235294,0.9988886419204268,0.7869024689196288,0.9999164229001254,8.94427190999916,4.425824544896145,0.07692307692307693,0.0056179775280898875,0.4358974358974359,0.5641025641025641,0.9230769230769231,0.19230769230769232,0.35546875,0.359375,1.0,0.24609375
ISIC_0007344,17,CNN,20fc5122b11859a7c502674e29f9fe768ab80cc4,0.955078125,0.914018691588785,0.7038578483169087,0.7044198895027625,0.7032967032967034,0.9515301609764727,0.9586526465870612,0.9954276178556529,4.0,1.5653071438698345,,,,,,,,,,
ISIC_0007344,17,GlobalTransformer,20fc5122b11859a7c502674e29f9fe768ab80cc4,0.9505925250683683,0.9058373870743572,0.6986928788037228,0.6941489361702128,0.7032967032967034,0.9729427131927598,0.9292461236856175,0.9975803087192324,4.437711664817527,1.6443611865715952,0.488,0.4772727272727273,0.5119047619047619,0.4880952380952381,0.512,0.24404761904761904,0.48828125,1.14453125,3.0,0.65234375
ISIC_0007344,17,GlobalTransformer_DP,20fc5122b11859a7c502674e29f9fe768ab80cc4,0.9547515334696417,0.9134206497703691,0.7052341597796143,0.7071823204419889,0.7032967032967034,0.952465413267116,0.9570486544288006,0.9955277430120985,4.0,1.5739058225022307,0.8181818181818182,0.011363636363636364,0.9404761904761905,0.05952380952380952,0.18181818181818182,0.0,0.04296875,0.07421875,0.0,0.65625
ISIC_0007528,17,CNN,20fc5122b11859a7c502674e29f9fe768ab80cc4,0.7534007673526334,0.604364857302742,0.27324651587845555,0.2911392405063291,0.25742574257425743,1.0,0.604364857302742,1.0,9.994974746830582,4.4109517480508,,,,,,,,,,
ISIC_0007528,17,GlobalTransformer,20fc5122b11859a7c502674e29f9fe768ab80cc4,0.6279602750190986,0.4576837416481069,0.1819617536993168,0.1392757660167131,0.2623762376237624,0.9891696750902527,0.4599888080581981,0.9998588213148442,14.149189101713043,5.966409807396614,0.36470588235294116,0.45569620253164556,0.01020408163265306,0.9897959183673469,0.6313725490196078,0.35714285714285715,0.99609375,3.16796875,21.25,0.26953125
ISIC_0007528,17,GlobalTransformer_DP,20fc5122b11859a7c502674e29f9fe768ab80cc4,0.7471224276246948,0.5963251670378619,0.3167244155970914,0.34591194968553457,0.29207920792079206,0.9916666666666667,0.5993284834918858,0.9998588213148442,10.81433761578582,4.510130947194715,0.4475806451612903,0.5063291139240507,0.061224489795918366,0.9387755102040817,0.5483870967741935,0.17346938775510204,0.96875,0.96875,1.0,0.3671875
ISIC_0007796,17,CNN,20fc5122b11859a7c502674e29f9fe768ab80cc4,0.8216660148611654,0.697311649518752,0.06532516768737241,0.07582938388625593,0.05737704918032787,1.0,0.697311649518752,1.0,7.2697587885276365,4.603832508200243,,,,,,,,,,
ISIC_0007796,17,GlobalTransformer,20fc5122b11859a7c502674e29f9fe768ab80cc4,0.8133123276880662,0.6853634251576501,0.028732683427398664,0.02877697841726619,0.028688524590163935,1.0,0.6853634251576501,1.0,11.180339887498949,5.327368741120244,0.5360824742268041,0.4581497797356828,0.27586206896551724,0.7241379310344828,0.4639175257731959,0.4827586206896552,0.7578125,1.04296875,2.0,0.05859375
ISIC_0007796,17,GlobalTransformer_DP,20fc5122b11859a7c502674e29f9fe768ab80cc4,0.8255700643149484,0.7029538665781613,0.054469273743016765,0.06103286384976526,0.04918032786885246,1.0,0.7029538665781613,1.0,6.708203932499369,4.518383756655692,0.6082474226804123,0.2599118942731278,0.4482758620689655,0.5517241379310345,0.38144329896907214,0.2413793103448276,0.37890625,0.3828125,1.0,0.0859375
ISIC_0008025,17,CNN,20fc5122b11859a7c502674e29f9fe768ab80cc4,0.8778100373289092,0.7822294500295683,0.08019957497921093,0.08092485549132948,0.07948717948717948,1.0,0.7822294500295683,1.0,8.06225774829855,4.612978754481786,,,,,,,,,,
ISIC_0008025,17,GlobalTransformer,20fc5122b11859a7c502674e29f9fe768ab80cc4,0.8490726561170665,0.7377291543465405,0.028050490883590466,0.024213075060532687,0.03333333333333333,1.0,0.7377291543465405,1.0,11.180339887498949,5.879899142220922,0.22929936305732485,0.14222222222222222,0.12903225806451613,0.8709677419354839,0.7707006369426752,0.7419354838709677,0.61328125,1.38671875,3.0,0.05078125
ISIC_0008025,17,GlobalTransformer_DP,20fc5122b11859a7c502674e29f9fe768ab80cc4,0.8698412698412699,0.7696629213483146,0.048714274941557945,0.04871060171919771,0.04871794871794872,1.0,0.7696629213483146,1.0,8.246211251235321,4.889319098452886,0.021739130434782608,0.0,0.5483870967741935,0.45161290322580644,0.9782608695652174,0.3548387096774194,0.1796875,0.3203125,2.0,0.078125
ISIC_0008524,17,CNN,20fc5122b11859a7c502674e29f9fe768ab80cc4,0.8995581737849779,0.8174518201284796,0.7077409162717219,0.7368421052631579,0.6808510638297872,0.9182200841852075,0.8816397228637414,0.9978684721961005,5.759797974644661,1.67722962978006,,,,,,,,,,
ISIC_0008524,17,GlobalTransformer,20fc5122b11859a7c502674e29f9fe768ab80cc4,0.5278810408921933,0.35858585858585856,0.3625765640079884,0.27617328519855594,0.5276595744680851,0.9274310595065312,0.3689376443418014,0.9992163500720957,11.0,3.822608275581213,0.4658119658119658,0.5294117647058824,0.09042553191489362,0.9095744680851063,0.4700854700854701,0.17553191489361702,0.9140625,11.50390625,29.0,0.71484375
ISIC_0008524,17,GlobalTransformer_DP,20fc5122b11859a7c502674e29f9fe768ab80cc4,0.9042709867452136,0.8252688172043011,0.7352754480504572,0.7616822429906542,0.7106382978723405,0.9230306674684305,0.8862586605080831,0.9979938561845653,5.759797974644661,1.6209239545889056,0.5029940119760479,0.4117647058823529,0.3776595744680851,0.6223404255319149,0.40718562874251496,0.047872340425531915,0.65234375,0.65234375,1.0,0.734375
ISIC_0009995,17,CNN,20fc5122b11859a7c502674e29f9fe768ab80cc4,0.9326992387348582,0.8738860427957237,0.30686840753315603,0.3013215859030837,0.3126232741617357,0.9946192208181784,0.878037073816617,0.9439014855355746,26.0,8.480682121374247,,,,,,,,,,
ISIC_0009995,17,GlobalTransformer,20fc5122b11859a7c502674e29f9fe768ab80cc4,0.931454523050925,0.8717032107144622,0.3077937183851344,0.3031111111111111,0.3126232741617357,0.9946802511372608,0.8757861635220126,0.9446833463643471,26.0,8.623790439969762,0.0,0.0,1.0,0.0,1.0,0.0,0.05078125,0.14453125,0.5,0.3359375
ISIC_0009995,17,GlobalTransformer_DP,20fc5122b11859a7c502674e29f9fe768ab80cc4,0.9327132709754554,0.8739106798675519,0.3097508313501757,0.3069306930693069,0.3126232741617357,0.9946936173404335,0.8780039721946375,0.9446833463643471,26.0,8.511188149338194,,0.0,1.0,0.0,,0.0,0.0,0.0,0.0,0.3359375
ISIC_0010459,17,CNN,20fc5122b11859a7c502674e29f9fe768ab80cc4,0.9806067737530944,0.9619514319939018,0.5780998535780835,0.5546719681908548,0.6035940803382663,0.9705119753900242,0.9909137818858951,0.9359824452606974,5.830951894845301,2.1038661862494727,,,,,,,,,,
ISIC_0010459,17,GlobalTransformer,20fc5122b11859a7c502674e29f9fe768ab80cc4,0.9789269033944893,0.9587236277685371,0.5484887059282453,0.5269343780607247,0.5718816067653277,0.9750918196994992,0.982792273349337,0.9466202356532939,6.708203932499369,2.2726587577736037,0.49295774647887325,0.2457627118644068,0.7028985507246377,0.2971014492753623,0.5070422535211268,0.16666666666666666,0.27734375,0.74609375,3.0,0.515625
ISIC_0010459,17,GlobalTransformer_DP,20fc5122b11859a7c502674e29f9fe768ab80cc4,0.980660775345264,0.9620553704066741,0.5785850000274303,0.5601202404809619,0.5983086680761099,0.9706392985077907,0.9908913467794405,0.9362686638362829,5.656854249492381,2.092264366556633,,0.0,1.0,0.0,,0.0,0.0,0.0,0.0,0.5390625
ISIC_0012099,17,CNN,20fc5122b11859a7c502674e29f9fe768ab80cc4,0.8880976602238047,0.7987191216834401,0.646403242147923,0.673469387755102,0.6214285714285714,0.8712574850299402,0.9056016597510373,0.9980022300687604,3.605551275463989,1.6755535168778821,,,,,,,,,,
ISIC_0012099,17,GlobalTransformer,20fc5122b11859a7c502674e29f9fe768ab80cc4,0.6371191135734072,0.46747967479674796,0.47930663800053747,0.32954545454545453,0.8785714285714286,0.9583333333333334,0.47717842323651455,0.9996902682277148,10.63014581273465,3.646334294970765,0.8409090909090909,1.0,0.21428571428571427,0.7857142857142857,0.10454545454545454,0.011904761904761904,0.859375,8.59375,29.0,0.9765625
ISIC_0012099,17,GlobalTransformer_DP,20fc5122b11859a7c502674e29f9fe768ab80cc4,0.919917864476386,0.8517110266159695,0.8648348157560356,0.8653846153846154,0.8642857142857143,0.9105691056910569,0.9294605809128631,0.9986371802019451,3.0,1.1270930023177526,0.8914285714285715,0.8181818181818182,0.3869047619047619,0.6130952380952381,0.045714285714285714,0.0,0.68359375,0.71875,1.0,0.8046875
ISIC_0012109,17,CNN,20fc5122b11859a7c502674e29f9fe768ab80cc4,0.9321799307958477,0.8729747245625405,0.8848365829709637,0.907103825136612,0.8636363636363636,0.9113667117726658,0.9539660056657224,0.9979570831513942,2.8284271247461903,1.1381355608533448,,,,,,,,,,
ISIC_0012109,17,GlobalTransformer,20fc5122b11859a7c502674e29f9fe768ab80cc4,0.8384074941451991,0.7217741935483871,0.6646560723813942,0.5148247978436657,0.9375,0.9339130434782609,0.7606232294617564,0.9988147963321066,12.368259850937685,3.1210001678108474,0.926605504587156,0.6176470588235294,0.6436170212765957,0.35638297872340424,0.06422018348623854,0.0,0.42578125,2.50390625,29.25,0.8984375
ISIC_0012109,17,GlobalTransformer_DP,20fc5122b11859a7c502674e29f9fe768ab80cc4,0.9364803887539049,0.8805483028720626,0.9188281145007392,0.9347826086956522,0.9034090909090909,0.9183117767188563,0.9553824362606232,0.9981286257875367,2.23606797749979,1.0480318156977395,1.0,0.22058823529411764,0.9148936170212766,0.0851063829787234,0.0,0.0,0.12109375,0.13671875,1.0,0.76953125
ISIC_0012126,17,CNN,20fc5122b11859a7c502674e29f9fe768ab80cc4,0.9275,0.8648018648018648,0.948801036941024,0.976,0.9230769230769231,0.9512820512820512,0.9048780487804878,0.9994128190864701,2.23606797749979,0.9123589165963895,,,,,,,,,,
ISIC_0012126,17,GlobalTransformer,20fc5122b11859a7c502674e29f9fe768ab80cc4,0.6016806722689075,0.43028846153846156,0.5500233991901846,0.40924092409240925,0.8384615384615385,0.9675675675675676,0.43658536585365854,0.999814574448359,10.285871029606856,3.2313255375828893,0.6477732793522267,1.0,0.036734693877551024,0.963265306122449,0.26720647773279355,0.0326530612244898,0.96484375,8.546875,31.0,0.96875
ISIC_0012126,17,GlobalTransformer_DP,20fc5122b11859a7c502674e29f9fe768ab80cc4,0.9449598021026593,0.895662368112544,0.9922480620155039,1.0,0.9846153846153847,0.958594730238394,0.9317073170731708,0.9994900797329872,2.0,0.6797094917922023,0.7076923076923077,0.7272727272727273,0.5020408163265306,0.49795918367346936,0.25384615384615383,0.0,0.5078125,0.5078125,1.0,0.98828125
ISIC_0012127,17,CNN,20fc5122b11859a7c502674e29f9fe768ab80cc4,0.7946197620279358,0.6592274678111588,0.4983388704318937,0.5555555555555556,0.45180722891566266,0.9961089494163424,0.6609294320137694,0.9999533973343275,11.988459457875836,3.2053522725161665,,,,,,,,,,
ISIC_0012127,17,GlobalTransformer,20fc5122b11859a7c502674e29f9fe768ab80cc4,0.5245283018867924,0.3554987212276215,0.2679244315705827,0.20051413881748073,0.4036144578313253,0.9742990654205608,0.3588640275387263,0.999829123559201,11.988459457875836,5.132196015874592,0.32242990654205606,0.4639175257731959,0.15723270440251572,0.8427672955974843,0.6355140186915887,0.16352201257861634,0.8359375,10.21484375,32.0,0.6171875
ISIC_0012127,17,GlobalTransformer_DP,20fc5122b11859a7c502674e29f9fe768ab80cc4,0.8010230179028133,0.6680887372013652,0.5302013422818791,0.5984848484848485,0.4759036144578313,0.987389659520807,0.6738382099827883,0.9998446577810918,11.988459457875836,3.0765625335804425,0.52,0.3917525773195876,0.6352201257861635,0.36477987421383645,0.41,0.018867924528301886,0.390625,0.390625,1.0,0.64453125
ISIC_0012143,17,CNN,20fc5122b11859a7c502674e29f9fe768ab80cc4,0.7972919937205651,0.6629140153369228,0.06701940035273368,0.06666666666666667,0.0673758865248227,1.0,0.6629140153369228,1.0,25.381627995825248,9.831461119122695,,,,,,,,,,
ISIC_0012143,17,GlobalTransformer,20fc5122b11859a7c502674e29f9fe768ab80cc4,0.7949272512780181,0.6596508402675804,0.06708752407447036,0.06680161943319839,0.0673758865248227,1.0,0.6596508402675804,1.0,25.381627995825248,9.949708140839919,0.0,0.0,1.0,0.0,1.0,0.0,0.03125,0.109375,0.0,0.05859375
ISIC_0012143,17,GlobalTransformer_DP,20fc5122b11859a7c502674e29f9fe768ab80cc4,0.7972329882745425,0.6628324359601893,0.06777645659928656,0.06818181818181818,0.0673758865248227,1.0,0.6628324359601893,1.0,25.381627995825248,9.890383863488157,,0.0,1.0,0.0,,0.0,0.0,0.0,0.0,0.05859375
ISIC_0012151,17,CNN,20fc5122b11859a7c502674e29f9fe768ab80cc4,0.9635738049876305,0.929708077260755,0.5371314078017561,0.5304101838755304,0.5440251572327044,0.9318044327118737,0.9975859632595384,0.9744603723842478,5.0,2.153245990638991,,,,,,,,,,
ISIC_0012151,17,GlobalTransformer,20fc5122b11859a7c502674e29f9fe768ab80cc4,0.9785938043856596,0.9580848526154371,0.8400894916407156,0.8210227272727273,0.860062893081761,0.9643837182712097,0.9932289213377297,0.9871683967704729,3.1622776601683795,1.2095158173219518,0.9473684210526315,0.7272727272727273,0.8571428571428571,0.14285714285714285,0.05263157894736842,0.01098901098901099,0.51953125,1.36328125,4.0,0.66015625
ISIC_0012151,17,GlobalTransformer_DP,20fc5122b11859a7c502674e29f9fe768ab80cc4,0.9661287563437304,0.9344768628316144,0.5793003817975442,0.5753228120516499,0.5833333333333334,0.9365948037589829,0.9975859632595384,0.9763758444554292,5.0,1.9909780259133734,1.0,0.18181818181818182,0.989010989010989,0.01098901098901099,0.0,0.0,0.12109375,0.1875,2.0,0.375
ISIC_0012159,17,CNN,20fc5122b11859a7c502674e29f9fe768ab80cc4,0.5963007639726579,0.42480664566026927,0.2294322132097335,0.3055555555555556,0.1836734693877551,0.9893262174783188,0.42676258992805755,0.9997421891364947,35.600399852686735,11.134555726001597,,,,,,,,,,
ISIC_0012159,17,GlobalTransformer,20fc5122b11859a7c502674e29f9fe768ab80cc4,0.5963007639726579,0.42480664566026927,0.2294322132097335,0.3055555555555556,0.1836734693877551,0.9893262174783188,0.42676258992805755,0.9997421891364947,35.600399852686735,11.134555726001597,,0.0,1.0,0.0,,0.0,0.0,0.0,0.0,0.31640625
ISIC_0012159,17,GlobalTransformer_DP,20fc5122b11859a7c502674e29f9fe768ab80cc4,0.5963007639726579,0.42480664566026927,0.2294322132097335,0.3055555555555556,0.1836734693877551,0.9893262174783188,0.42676258992805755,0.9997421891364947,35.600399852686735,11.134555726001597,,0.0,1.0,0.0,,0.0,0.0,0.0,0.0,0.31640625
ISIC_0012160,17,CNN,20fc5122b11859a7c502674e29f9fe768ab80cc4,0.7669654289372599,0.6220145379023884,0.4459652124322783,0.40963855421686746,0.48936170212765956,0.6220145379023884,1.0,0.9886847586185458,14.317821063276353,4.1539138559430295,,,,,,,,,,
ISIC_0012160,17,GlobalTransformer,20fc5122b11859a7c502674e29f9fe768ab80cc4,0.7373913043478261,0.5840220385674931,0.5027106949236078,0.4146341463414634,0.6382978723404256,0.6320810971973763,0.8848080133555927,0.9904100220709379,13.416407864998739,3.7930703988932017,0.8181818181818182,0.22916666666666666,0.71875,0.28125,0.15151515151515152,0.03125,0.2578125,1.921875,22.0,0.34765625
ISIC_0012160,17,GlobalTransformer_DP,20fc5122b11859a7c502674e29f9fe768ab80cc4,0.768687840872634,0.6242834809796769,0.4734934908066032,0.43373493975903615,0.5212765957446809,0.6242834809796769,1.0,0.9887935590164444,14.317821063276353,4.117485689420813,1.0,0.041666666666666664,1.0,0.0,0.0,0.0,0.03125,0.03125,0.0,0.265625
ISIC_0012191,17,CNN,20fc5122b11859a7c502674e29f9fe768ab80cc4,0.9078253533009913,0.8312089609887988,0.6957110139496149,0.7068965517241379,0.6848739495798319,0.9240017174753113,0.8922056384742952,0.9971959951840821,7.673407139984314,2.074983781676541,,,,,,,,,,
ISIC_0012191,17,GlobalTransformer,20fc5122b11859a7c502674e29f9fe768ab80cc4,0.8806354658651782,0.7867280398925969,0.5818567948531096,0.52046783625731,0.6596638655462185,0.9131789848619768,0.8503316749585407,0.9969108421519549,8.54400374531753,2.6989538578718895,0.14285714285714285,0.0,0.9226190476190477,0.07738095238095238,0.8571428571428571,0.047619047619047616,0.109375,0.64453125,3.0,0.625
ISIC_0012191,17,GlobalTransformer_DP,20fc5122b11859a7c502674e29f9fe768ab80cc4,0.9078253533009913,0.8312089609887988,0.6957110139496149,0.7068965517241379,0.6848739495798319,0.9240017174753113,0.8922056384742952,0.9971959951840821,7.673407139984314,2.074983781676541,,0.0,1.0,0.0,,0.0,0.0,0.0,0.0,0.65625
ISIC_0012201,17,CNN,20fc5122b11859a7c502674e29f9fe768ab80cc4,0.9559498697108822,0.9156168290943665,0.8385724293509348,0.8590163934426229,0.819078947368421,0.9356327422880738,0.9771689497716894,0.9956976328863201,2.9742640687119226,1.2301361499772383,,,,,,,,,,
ISIC_0012201,17,GlobalTransformer,20fc5122b11859a7c502674e29f9fe768ab80cc4,0.9754858376730599,0.9521448053558146,0.9933883750193161,0.9966666666666667,0.9901315789473685,0.9768506741287204,0.974124809741248,0.99852258336851,2.0,0.6462022908591821,0.9830508474576272,0.9659090909090909,0.8035714285714286,0.19642857142857142,0.01694915254237288,0.0,0.4609375,0.79296875,2.0,0.984375
ISIC_0012201,17,GlobalTransformer_DP,20fc5122b11859a7c502674e29f9fe768ab80cc4,0.9615576635047429,0.9259615384615385,0.927428402029796,0.9442622950819672,0.9111842105263158,0.9464373464373464,0.9771689497716894,0.9964606942234633,2.23606797749979,1.046571776763533,1.0,0.48863636363636365,0.9583333333333334,0.041666666666666664,0.0,0.0,0.1953125,0.21484375,1.0,0.75390625
ISIC_0012204,17,CNN,20fc5122b11859a7c502674e29f9fe768ab80cc4,0.7163507870221651,0.5580580580580581,0.25462481812512994,0.2677595628415301,0.24271844660194175,0.8941459502806736,0.597534833869239,0.9979268101146537,13.416407864998739,5.468521704012161,,,,,,,,,,
ISIC_0012204,17,GlobalTransformer,20fc5122b11859a7c502674e29f9fe768ab80cc4,0.6768211920529801,0.5115115115115115,0.1860294117647059,0.15942028985507245,0.22330097087378642,0.8856152512998267,0.5476956055734191,0.9979268101146537,15.556349186104045,6.8359712994763955,0.125,0.005154639175257732,0.8870967741935484,0.11290322580645161,0.875,0.11290322580645161,0.03125,0.73046875,0.0,0.21484375
ISIC_0012204,17,GlobalTransformer_DP,20fc5122b11859a7c502674e29f9fe768ab80cc4,0.7163507870221651,0.5580580580580581,0.25462481812512994,0.2677595628415301,0.24271844660194175,0.8941459502806736,0.597534833869239,0.9979268101146537,13.416407864998739,5.468521704012161,,0.0,1.0,0.0,,0.0,0.0,0.0,0.0,0.2421875
ISIC_0012206,17,CNN,20fc5122b11859a7c502674e29f9fe768ab80cc4,0.955616276493612,0.9150049497949371,0.7694691979852769,0.7899761336515513,0.75,0.9692883895131086,0.9423244975240315,0.9965058803477075,5.1733241632105225,1.5907341511018995,,,,,,,,,,
ISIC_0012206,17,GlobalTransformer,20fc5122b11859a7c502674e29f9fe768ab80cc4,0.9482053611994548,0.901511879049676,0.7245795411585699,0.6735459662288931,0.7839805825242718,0.9875394321766562,0.9118846489950481,0.9986534855974092,6.0,1.8262613909464471,0.6268656716417911,0.4838709677419355,0.5,0.5,0.34328358208955223,0.08247422680412371,0.5234375,1.359375,3.0,0.7734375
ISIC_0012206,17,GlobalTransformer_DP,20fc5122b11859a7c502674e29f9fe768ab80cc4,0.9563286454478165,0.9163120567375886,0.776486227014253,0.7966903073286052,0.7572815533980582,0.9723058398555088,0.940868045441305,0.9968638145559912,5.1733241632105225,1.5549184141303152,0.8333333333333334,0.06451612903225806,0.9278350515463918,0.07216494845360824,0.05555555555555555,0.0,0.0703125,0.10546875,1.0,0.7734375
ISIC_0012210,17,CNN,20fc5122b11859a7c502674e29f9fe768ab80cc4,0.20253164556962025,0.11267605633802817,0.035700274617497064,0.05179282868525897,0.027237354085603113,0.9989506820566632,0.11268939393939394,0.9999824831838565,42.732303000784334,21.651197909850815,,,,,,,,,,
ISIC_0012210,17,GlobalTransformer,20fc5122b11859a7c502674e29f9fe768ab80cc4,0.20253164556962025,0.11267605633802817,0.035700274617497064,0.05179282868525897,0.027237354085603113,0.9989506820566632,0.11268939393939394,0.9999824831838565,42.732303000784334,21.651197909850815,,0.0,,,,,0.0,0.0,0.0,0.0
ISIC_0012210,17,GlobalTransformer_DP,20fc5122b11859a7c502674e29f9fe768ab80cc4,0.20253164556962025,0.11267605633802817,0.035700274617497064,0.05179282868525897,0.027237354085603113,0.9989506820566632,0.11268939393939394,0.9999824831838565,42.732303000784334,21.651197909850815,,0.0,,,,,0.0,0.0,0.0,0.0
ISIC_0012221,17,CNN,20fc5122b11859a7c502674e29f9fe768ab80cc4,0.9504151838671412,0.9055153707052441,0.9413534205367821,0.9665071770334929,0.9174757281553398,0.9653012048192771,0.935981308411215,0.9988642816581488,2.23606797749979,1.0414467344749956,,,,,,,,,,
ISIC_0012221,17,GlobalTransformer,20fc5122b11859a7c502674e29f9fe768ab80cc4,0.9527520701412567,0.9097674418604651,0.9112353864718629,0.9463414634146341,0.8786407766990292,0.9949135300101729,0.914018691588785,0.9998422613414095,2.23606797749979,1.0040229005574492,0.6853146853146853,0.9615384615384616,0.48695652173913045,0.5130434782608696,0.24475524475524477,0.021739130434782608,0.55859375,0.85546875,2.0,0.9765625
ISIC_0012221,17,GlobalTransformer_DP,20fc5122b11859a7c502674e29f9fe768ab80cc4,0.9557098395977974,0.9151765245300321,0.94119990538202,0.966183574879227,0.9174757281553398,0.9798723613156602,0.9327102803738317,0.9993532714997791,2.23606797749979,0.932101099564174,0.9607843137254902,0.9615384615384616,0.8869565217391304,0.11304347826086956,0.0392156862745098,0.0,0.19921875,0.2421875,1.0,0.99609375
ISIC_0012222,17,CNN,20fc5122b11859a7c502674e29f9fe768ab80cc4,0.9424206815511164,0.8911111111111111,0.906650584172934,0.9234234234234234,0.8904761904761904,0.9426422190879172,0.9421992481203008,0.998075952561191,2.23606797749979,1.150107063034777,,,,,,,,,,
ISIC_0012222,17,GlobalTransformer,20fc5122b11859a7c502674e29f9fe768ab80cc4,0.9375595805529076,0.8824585015702109,0.7791186588762082,0.6525198938992043,0.9666666666666667,0.9511605415860735,0.9243421052631579,0.9984071410547565,10.0,2.1331136490342746,0.7625,0.35185185185185186,0.698019801980198,0.30198019801980197,0.225,0.01485148514851485,0.3125,0.79296875,2.0,0.84375
ISIC_0012222,17,GlobalTransformer_DP,20fc5122b11859a7c502674e29f9fe768ab80cc4,0.9447968052619216,0.8953695458593054,0.9231121805889767,0.9422222222222222,0.9047619047619048,0.9445749178017849,0.9450187969924813,0.998139036083775,2.23606797749979,1.0967056999693305,0.7037037037037037,0.14814814814814814,0.905940594059406,0.09405940594059406,0.2962962962962963,0.009900990099009901,0.10546875,0.10546875,1.0,0.8046875
ISIC_0012254,17,CNN,20fc5122b11859a7c502674e29f9fe768ab80cc4,0.07027708985561422,0.03641822848564095,0.0,0.0,0.0,1.0,0.03641822848564095,1.0,113.36180882816392,65.53576928731921,,,,,,,,,,
ISIC_0012254,17,GlobalTransformer,20fc5122b11859a7c502674e29f9fe768ab80cc4,0.07027708985561422,0.03641822848564095,0.0,0.0,0.0,1.0,0.03641822848564095,1.0,113.36180882816392,65.53576928731921,,0.0,,,,,0.0,0.0,0.0,0.0
ISIC_0012254,17,GlobalTransformer_DP,20fc5122b11859a7c502674e29f9fe768ab80cc4,0.07027708985561422,0.03641822848564095,0.0,0.0,0.0,1.0,0.03641822848564095,1.0,113.36180882816392,65.53576928731921,,0.0,,,,,0.0,0.0,0.0,0.0
ISIC_0012256,17,CNN,20fc5122b11859a7c502674e29f9fe768ab80cc4,0.14350355526826114,0.07729805013927576,0.0,0.0,0.0,1.0,0.07729805013927576,1.0,36.37581053379845,29.40192586169874,,,,,,,,,,
ISIC_0012256,17,GlobalTransformer,20fc5122b11859a7c502674e29f9fe768ab80cc4,0.14350355526826114,0.07729805013927576,0.0,0.0,0.0,1.0,0.07729805013927576,1.0,36.37581053379845,29.40192586169874,,0.0,,,,,0.0,0.0,0.0,0.0
ISIC_0012256,17,GlobalTransformer_DP,20fc5122b11859a7c502674e29f9fe768ab80cc4,0.14350355526826114,0.07729805013927576,0.0,0.0,0.0,1.0,0.07729805013927576,1.0,36.37581053379845,29.40192586169874,,0.0,,,,,0.0,0.0,0.0,0.0
ISIC_0012288,17,CNN,20fc5122b11859a7c502674e29f9fe768ab80cc4,0.9488395308210631,0.902659069325736,0.9415664181633346,0.9521739130434783,0.9311926605504587,0.924161400097229,0.9748717948717949,0.9975466297612682,2.23606797749979,0.9365956328831679,,,,,,,,,,
ISIC_0012288,17,GlobalTransformer,20fc5122b11859a7c502674e29f9fe768ab80cc4,0.8778354741732713,0.7822698490014612,0.7044362046857136,0.5631469979296067,0.9403669724770642,0.9397308367466355,0.8235897435897436,0.998380146573145,9.412537464580227,2.3847470648389892,0.5648854961832062,0.5416666666666666,0.5096153846153846,0.49038461538461536,0.366412213740458,0.052884615384615384,0.51171875,2.65625,21.25,0.859375
ISIC_0012288,17,GlobalTransformer_DP,20fc5122b11859a7c502674e29f9fe768ab80cc4,0.9534301452178268,0.9110047846889953,0.9641910082791847,0.9744680851063829,0.9541284403669725,0.9315068493150684,0.9764102564102564,0.9977982574780612,2.0,0.835810345431692,0.6341463414634146,0.25,0.8605769230769231,0.13942307692307693,0.34146341463414637,0.014423076923076924,0.16015625,0.2109375,1.0,0.84765625
ISIC_0012306,17,CNN,20fc5122b11859a7c502674e29f9fe768ab80cc4,0.9397659149300599,0.8863758750673129,0.8649557522123893,0.8872549019607843,0.84375,0.9241998877035373,0.9558652729384437,0.9978844767605854,2.8284271247461903,1.1164884974677862,,,,,,,,,,
ISIC_0012306,17,GlobalTransformer,20fc5122b11859a7c502674e29f9fe768ab80cc4,0.90732889158086,0.8303769401330376,0.6974927961651362,0.5648854961832062,0.9114583333333334,0.9481012658227848,0.8699186991869918,0.9987150155138371,11.313708498984761,2.488196010590208,0.7043478260869566,0.7611940298507462,0.6666666666666666,0.3333333333333333,0.2782608695652174,0.037037037037037035,0.44921875,1.2734375,2.0,0.90625
ISIC_0012306,17,GlobalTransformer_DP,20fc5122b11859a7c502674e29f9fe768ab80cc4,0.9433962264150944,0.8928571428571429,0.8984557396416416,0.9174757281553398,0.8802083333333334,0.9290540540540541,0.9581881533101045,0.9980255116432131,2.8284271247461903,1.0358278683603417,0.6666666666666666,0.2835820895522388,0.91005291005291,0.08994708994708994,0.3055555555555556,0.005291005291005291,0.140625,0.140625,1.0,0.79296875
ISIC_0012313,17,CNN,20fc5122b11859a7c502674e29f9fe768ab80cc4,0.9521094640820981,0.9085963003264418,0.9368797141722907,0.9523809523809523,0.921875,0.981198589894242,0.9246954595791805,0.9994978816883728,2.23606797749979,1.9814172605465035,,,,,,,,,,
ISIC_0012313,17,GlobalTransformer,20fc5122b11859a7c502674e29f9fe768ab80cc4,0.9395700174317257,0.886027397260274,0.8799384763857894,0.9132653061224489,0.8489583333333334,0.9883863080684596,0.8953488372093024,0.9997018672524713,2.8284271247461903,2.1870161120984286,0.45454545454545453,0.375,0.7016129032258065,0.29838709677419356,0.5454545454545454,0.016129032258064516,0.30078125,0.578125,2.25,0.96484375
ISIC_0012313,17,GlobalTransformer_DP,20fc5122b11859a7c502674e29f9fe768ab80cc4,0.9505855469865753,0.9058247142079477,0.9372395833333333,0.953125,0.921875,0.9817109144542773,0.9213732004429679,0.9995135728856112,2.23606797749979,1.9930577860171643,0.2857142857142857,0.0,0.9717741935483871,0.028225806451612902,0.7142857142857143,0.0,0.02734375,0.0546875,0.0,0.96875
ISIC_0012316,17,CNN,20fc5122b11859a7c502674e29f9fe768ab80cc4,0.9181406828465652,0.8486692015209125,0.8622238861849494,0.8647058823529412,0.8597560975609756,0.8992747784045125,0.9378151260504202,0.9980573773039505,3.0,1.2375161928594056,,,,,,,,,,
ISIC_0012316,17,GlobalTransformer,20fc5122b11859a7c502674e29f9fe768ab80cc4,0.7671370967741935,0.6222403924775143,0.6210944896799848,0.45555555555555555,0.975609756097561,0.9584382871536524,0.6394957983193277,0.999487147608243,10.44030650891055,2.965813480554312,0.8070866141732284,1.0,0.010471204188481676,0.9895287958115183,0.16929133858267717,0.0,0.9921875,4.5390625,24.0,0.98828125
ISIC_0012316,17,GlobalTransformer_DP,20fc5122b11859a7c502674e29f9fe768ab80cc4,0.9544324772162386,0.9128367670364501,0.9850713661520535,0.9823529411764705,0.9878048780487805,0.9411764705882353,0.9680672268907563,0.9988810493270754,2.0,0.6526327238344979,0.8340807174887892,0.9538461538461539,0.15706806282722513,0.8429319371727748,0.13452914798206278,0.0,0.87109375,0.89453125,1.0,0.90234375
ISIC_0012335,17,CNN,20fc5122b11859a7c502674e29f9fe768ab80cc4,0.6813186813186813,0.5166666666666667,0.0,0.0,0.0,1.0,0.5166666666666667,1.0,9.899494936611665,5.893359814373388,,,,,,,,,,
ISIC_0012335,17,GlobalTransformer,20fc5122b11859a7c502674e29f9fe768ab80cc4,0.43037974683544306,0.27419354838709675,0.009569377990430622,0.0070921985815602835,0.014705882352941176,1.0,0.27419354838709675,1.0,15.620499351813308,8.118262362005154,0.6875,0.4296875,,,0.3125,,0.625,7.51953125,31.0,0.10546875
ISIC_0012335,17,GlobalTransformer_DP,20fc5122b11859a7c502674e29f9fe768ab80cc4,0.6929023190442727,0.5301075268817205,0.0,0.0,0.0,1.0,0.5301075268817205,1.0,9.899494936611665,5.6926265115559875,1.0,0.24609375,,,0.0,,0.24609375,0.24609375,1.0,0.01171875
ISIC_0012380,17,CNN,20fc5122b11859a7c502674e29f9fe768ab80cc4,0.8761830269847477,0.7796492204899778,0.2789141206584787,0.2713936430317848,0.2868632707774799,0.8254974207811349,0.9335,0.9801128728836335,16.406981739922262,4.909829032964819,,,,,,,,,,
ISIC_0012380,17,GlobalTransformer,20fc5122b11859a7c502674e29f9fe768ab80cc4,0.880142008180906,0.7859407305306685,0.303536231884058,0.2894736842105263,0.3190348525469169,0.8196061520770447,0.9503333333333334,0.978920317119054,15.385912866208399,4.570881718537381,0.5384615384615384,0.18579234972677597,0.3287671232876712,0.6712328767123288,0.46153846153846156,0.3424657534246575,0.35546875,0.8515625,3.0,0.234375
ISIC_0012380,17,GlobalTransformer_DP,20fc5122b11859a7c502674e29f9fe768ab80cc4,0.8757229951539784,0.7789210233592881,0.2813418979853079,0.27602905569007263,0.2868632707774799,0.8245510744774801,0.9336666666666666,0.9799785004031174,16.364261358648076,4.9012458346125705,0.0,0.0,0.958904109589041,0.0410958904109589,1.0,0.0273972602739726,0.01171875,0.0234375,0.0,0.27734375
ISIC_0012383,17,CNN,20fc5122b11859a7c502674e29f9fe768ab80cc4,0.958803295736341,0.9208666256914567,0.7719169270354714,0.8152173913043478,0.7329842931937173,0.9920542956464161,0.9277089783281733,0.9991874873044891,3.605551275463989,1.4817165167502613,,,,,,,,,,
ISIC_0012383,17,GlobalTransformer,20fc5122b11859a7c502674e29f9fe768ab80cc4,0.9546042003231018,0.9131509813011899,0.7441693777721926,0.7824933687002652,0.7094240837696335,0.9981418918918918,0.9147058823529411,0.9998137991739454,4.236663934044202,1.6223197768142732,0.5317073170731708,0.5,0.1926605504587156,0.8073394495412844,0.3951219512195122,0.06880733944954129,0.80078125,1.14453125,3.0,0.83984375
ISIC_0012383,17,GlobalTransformer_DP,20fc5122b11859a7c502674e29f9fe768ab80cc4,0.9602882305844676,0.9236100415832434,0.778918785934923,0.8179347826086957,0.743455497382199,0.9945273631840796,0.928328173374613,0.9994413975218363,3.605551275463989,1.4243539517780373,0.9583333333333334,0.15789473684210525,0.9174311926605505,0.08256880733944955,0.041666666666666664,0.0,0.09375,0.09375,1.0,0.86328125
ISIC_0012400,17,CNN,20fc5122b11859a7c502674e29f9fe768ab80cc4,0.8954929403785683,0.8107625320978006,0.18840579710144925,0.18932038834951456,0.1875,0.9983502886994776,0.8118501956400224,0.9997879521478681,9.848857801796104,4.654711006802908,,,,,,,,,,
ISIC_0012400,17,GlobalTransformer,20fc5122b11859a7c502674e29f9fe768ab80cc4,0.8941089200717067,0.808496366685299,0.18937644341801385,0.19617224880382775,0.18303571428571427,1.0,0.808496366685299,1.0,10.02970585407783,4.700809178253855,0.4972972972972973,0.35789473684210527,0.06060606060606061,0.9393939393939394,0.4972972972972973,0.2878787878787879,0.72265625,0.98828125,2.0,0.234375
ISIC_0012400,17,GlobalTransformer_DP,20fc5122b11859a7c502674e29f9fe768ab80cc4,0.8964199889087436,0.812283640424344,0.19032513877874704,0.1932367149758454,0.1875,0.9986271279516749,0.8131917272219117,0.9998232934565567,9.848857801796104,4.602456725139391,0.8125,0.042105263157894736,0.9242424242424242,0.07575757575757576,0.1875,0.0,0.0625,0.0625,1.0,0.26171875
ISIC_0012417,17,CNN,20fc5122b11859a7c502674e29f9fe768ab80cc4,0.8717948717948718,0.7727272727272727,0.2577576283133783,0.23950617283950618,0.2790202342917998,0.8152030373060416,0.9368301242530589,0.80189931282626,34.288247716821886,10.393357097792578,,,,,,,,,,
ISIC_0012417,17,GlobalTransformer,20fc5122b11859a7c502674e29f9fe768ab80cc4,0.8717647058823529,0.7726798748696558,0.2555674697042358,0.24134948096885814,0.2715654952076677,0.8149349756674273,0.93711467324291,0.8014864187335948,34.274416889513944,10.425047458228262,,0.0,1.0,0.0,,0.0,0.0,0.0,0.0,0.19921875
ISIC_0012417,17,GlobalTransformer_DP,20fc5122b11859a7c502674e29f9fe768ab80cc4,0.8717647058823529,0.7726798748696558,0.2555674697042358,0.24134948096885814,0.2715654952076677,0.8149349756674273,0.93711467324291,0.8014864187335948,34.274416889513944,10.425047458228262,,0.0,1.0,0.0,,0.0,0.0,0.0,0.0,0.19921875
ISIC_0012434,17,CNN,20fc5122b11859a7c502674e29f9fe768ab80cc4,0.9265367316341829,0.8631284916201117,0.6343362087102882,0.6617647058823529,0.6090909090909091,0.9818429414434862,0.8771289537712895,0.9993657840494689,4.123105625617661,1.7355466015786112,,,,,,,,,,
ISIC_0012434,17,GlobalTransformer,20fc5122b11859a7c502674e29f9fe768ab80cc4,0.9253085083351374,0.8609991941982272,0.5993513513513513,0.6285714285714286,0.5727272727272728,0.9925685090571296,0.8665855636658556,0.9997463136197875,4.123105625617661,1.7503989531862132,0.6951219512195121,0.35,0.6931818181818182,0.3068181818181818,0.24390243902439024,0.005681818181818182,0.3203125,0.49609375,2.0,0.7109375
ISIC_0012434,17,GlobalTransformer_DP,20fc5122b11859a7c502674e29f9fe768ab80cc4,0.9265367316341829,0.8631284916201117,0.6343362087102882,0.6617647058823529,0.6090909090909091,0.9818429414434862,0.8771289537712895,0.9993657840494689,4.123105625617661,1.7355466015786112,,0.0,1.0,0.0,,0.0,0.0,0.0,0.0,0.6875
ISIC_0012492,17,CNN,20fc5122b11859a7c502674e29f9fe768ab80cc4,0.7681795998047828,0.6236133122028527,0.3350215483343295,0.3588516746411483,0.3141592920353982,0.9893148962916405,0.6278420422816114,0.9997302828856558,15.02497228377968,6.044446195611031,,,,,,,,,,
ISIC_0012492,17,GlobalTransformer,20fc5122b11859a7c502674e29f9fe768ab80cc4,0.7681795998047828,0.6236133122028527,0.3350215483343295,0.3588516746411483,0.3141592920353982,0.9893148962916405,0.6278420422816114,0.9997302828856558,15.02497228377968,6.044446195611031,,0.0,1.0,0.0,,0.0,0.0,0.0,0.0,0.40625
ISIC_0012492,17,GlobalTransformer_DP,20fc5122b11859a7c502674e29f9fe768ab80cc4,0.7681795998047828,0.6236133122028527,0.3350215483343295,0.3588516746411483,0.3141592920353982,0.9893148962916405,0.6278420422816114,0.9997302828856558,15.02497228377968,6.044446195611031,,0.0,1.0,0.0,,0.0,0.0,0.0,0.0,0.40625
ISIC_0012513,17,CNN,20fc5122b11859a7c502674e29f9fe768ab80cc4,0.5857078919886618,0.4141350210970464,0.08614668218859138,0.09973045822102426,0.07581967213114754,0.9613124387855044,0.4211542587427591,0.9971893122709645,43.42885038547558,16.468384597102755,,,,,,,,,,
ISIC_0012513,17,GlobalTransformer,20fc5122b11859a7c502674e29f9fe768ab80cc4,0.5857078919886618,0.4141350210970464,0.08614668218859138,0.09973045822102426,0.07581967213114754,0.9613124387855044,0.4211542587427591,0.9971893122709645,43.42885038547558,16.468384597102755,,0.0,1.0,0.0,,0.0,0.0,0.0,0.0,0.1015625
ISIC_0012513,17,GlobalTransformer_DP,20fc5122b11859a7c502674e29f9fe768ab80cc4,0.5857078919886618,0.4141350210970464,0.08614668218859138,0.09973045822102426,0.07581967213114754,0.9613124387855044,0.4211542587427591,0.9971893122709645,43.42885038547558,16.468384597102755,,0.0,1.0,0.0,,0.0,0.0,0.0,0.0,0.1015625
ISIC_0012538,17,CNN,20fc5122b11859a7c502674e29f9fe768ab80cc4,0.9463350785340314,0.8981366459627329,0.8938169517008081,0.90625,0.8817204301075269,0.9175126903553299,0.977027027027027,0.9979705257899338,2.8284271247461903,0.9333302782278503,,,,,,,,,,
ISIC_0012538,17,GlobalTransformer,20fc5122b11859a7c502674e29f9fe768ab80cc4,0.824350523458705,0.7011873350923483,0.5853989612842304,0.41762452107279696,0.978494623655914,0.9672429481346679,0.7182432432432433,0.9994379917572125,10.816653826391969,3.206186132026502,0.6039603960396039,1.0,0.27835051546391754,0.7216494845360825,0.297029702970297,0.030927835051546393,0.7890625,4.58203125,29.0,0.94921875
ISIC_0012538,17,GlobalTransformer_DP,20fc5122b11859a7c502674e29f9fe768ab80cc4,0.9598673300165838,0.9228316326530612,0.9816230643053739,0.9847715736040609,0.978494623655914,0.9426710097719869,0.9777027027027027,0.998626202073186,2.0,0.6364397054894555,0.7833333333333333,0.9032258064516129,0.6701030927835051,0.32989690721649484,0.19166666666666668,0.020618556701030927,0.46875,0.52734375,2.0,0.921875
ISIC_0012547,17,CNN,20fc5122b11859a7c502674e29f9fe768ab80cc4,0.8946869070208728,0.8094420600858369,0.49947669269785044,0.48788927335640137,0.5116279069767442,0.8774813895781638,0.9125806451612903,0.9936735216862067,8.06225774829855,2.7712035797314205,,,,,,,,,,
ISIC_0012547,17,GlobalTransformer,20fc5122b11859a7c502674e29f9fe768ab80cc4,0.8659600997506235,0.7636063771302913,0.3971702730360241,0.3951367781155015,0.3992248062015504,0.8377563329312424,0.8961290322580645,0.9913831763726055,10.118823416311335,3.449969054204104,0.07563025210084033,0.04225352112676056,0.47368421052631576,0.5263157894736842,0.9243697478991597,0.2982456140350877,0.46484375,1.15234375,3.0,0.33203125
ISIC_0012547,17,GlobalTransformer_DP,20fc5122b11859a7c502674e29f9fe768ab80cc4,0.89344909234412,0.8074179743223966,0.5005099239036636,0.48986486486486486,0.5116279069767442,0.874806800618238,0.9129032258064517,0.9935133576782625,8.305978781986134,2.801996786939016,0.14285714285714285,0.0,0.9736842105263158,0.02631578947368421,0.8571428571428571,0.017543859649122806,0.02734375,0.05078125,0.0,0.4375
ISIC_0012660,17,CNN,20fc5122b11859a7c502674e29f9fe768ab80cc4,0.9650704940937381,0.9324987727049583,0.9480908228079141,0.9617834394904459,0.9347826086956522,0.9566859733064719,0.9736032803690415,0.9972093325112762,2.23606797749979,0.9060789689385854,,,,,,,,,,
ISIC_0012660,17,GlobalTransformer,20fc5122b11859a7c502674e29f9fe768ab80cc4,0.9541864139020537,0.9123867069486404,0.9163382501970498,0.8666666666666667,0.9720496894409938,0.9810503519220357,0.9287544848795489,0.9988642632313334,5.0,1.0625324093116486,0.6511627906976745,0.75,0.34545454545454546,0.6545454545454545,0.3372093023255814,0.022727272727272728,0.671875,1.578125,3.0,0.9453125
ISIC_0012660,17,GlobalTransformer_DP,20fc5122b11859a7c502674e29f9fe768ab80cc4,0.9710610932475884,0.94375,0.9905956112852665,1.0,0.9813664596273292,0.9746966176090885,0.9674525884161969,0.9984099685238667,2.0,0.7304186994058531,0.8421052631578947,0.6666666666666666,0.7636363636363637,0.23636363636363636,0.13157894736842105,0.0,0.296875,0.4140625,2.0,0.9375
ISIC_0012684,17,CNN,20fc5122b11859a7c502674e29f9fe768ab80cc4,0.979438261791203,0.9597050576383841,0.9698654843315548,0.9755102040816327,0.9642857142857143,0.9725320985055778,0.9864432109308283,0.9953532260361772,2.0,0.8197370283228593,,,,,,,,,,
ISIC_0012684,17,GlobalTransformer,20fc5122b11859a7c502674e29f9fe768ab80cc4,0.9727931955727604,0.9470276008492569,0.9170866598278399,0.8961038961038961,0.9390756302521008,0.9942048367324194,0.9522843723313408,0.9990742059535679,5.656854249492381,1.0538310814335088,0.6923076923076923,0.9705882352941176,0.3333333333333333,0.6666666666666666,0.2692307692307692,0.009009009009009009,0.7109375,1.69921875,3.0,0.98828125
ISIC_0012684,17,GlobalTransformer_DP,20fc5122b11859a7c502674e29f9fe768ab80cc4,0.9824954637634753,0.9655932025595301,0.9813114611435036,0.9857723577235772,0.976890756302521,0.9823906083244397,0.982600341588386,0.9970623842757442,2.0,0.6881500829403712,0.8795180722891566,0.5588235294117647,0.7162162162162162,0.28378378378378377,0.0963855421686747,0.0,0.32421875,0.38671875,2.0,0.9296875
ISIC_0012720,17,CNN,20fc5122b11859a7c502674e29f9fe768ab80cc4,0.9578237410071943,0.9190611787039434,0.6878645304796169,0.702048417132216,0.6742424242424242,0.9224839771349385,0.9959790536749579,0.9836803909412494,6.8978713763747725,1.9695590628164332,,,,,,,,,,
ISIC_0012720,17,GlobalTransformer,20fc5122b11859a7c502674e29f9fe768ab80cc4,0.9735727440147329,0.9485063245716336,0.849040227427105,0.8515037593984962,0.8465909090909091,0.9589152911300562,0.9886852440620909,0.9917399073702636,3.7830532015051896,1.1670017441789677,0.9312977099236641,0.897196261682243,0.7651006711409396,0.2348993288590604,0.05343511450381679,0.0,0.51171875,1.2734375,3.0,0.8203125
ISIC_0012720,17,GlobalTransformer_DP,20fc5122b11859a7c502674e29f9fe768ab80cc4,0.9585958595859586,0.9204840103716508,0.692607439646725,0.7057728119180633,0.6799242424242424,0.9239979177511712,0.9958855432953058,0.9840268407424966,6.708203932499369,1.9210524652046377,1.0,0.07476635514018691,1.0,0.0,0.0,0.0,0.03125,0.04296875,0.0,0.58203125
ISIC_0012746,17,CNN,20fc5122b11859a7c502674e29f9fe768ab80cc4,0.9127803488786045,0.839554682383759,0.6571789391878764,0.6758241758241759,0.6395348837209303,0.8495692511597084,0.9861538461538462,0.9964661560495672,3.605551275463989,1.5283127085451715,,,,,,,,,,
ISIC_0012746,17,GlobalTransformer,20fc5122b11859a7c502674e29f9fe768ab80cc4,0.9397150164413591,0.8862853204686423,0.8734934565580978,0.8808290155440415,0.8662790697674418,0.894919972164231,0.9892307692307692,0.9976492932312099,2.8284271247461903,0.952401624898064,0.6642857142857143,0.5692307692307692,0.47619047619047616,0.5238095238095238,0.2785714285714286,0.047619047619047616,0.546875,0.96484375,3.0,0.7109375
ISIC_0012746,17,GlobalTransformer_DP,20fc5122b11859a7c502674e29f9fe768ab80cc4,0.9167559842801001,0.8463060686015831,0.6923553292506709,0.7049180327868853,0.6802325581395349,0.8559039359573049,0.9869230769230769,0.9966373995890155,3.605551275463989,1.443647902371006,1.0,0.11538461538461539,0.9682539682539683,0.031746031746031744,0.0,0.0,0.07421875,0.10546875,1.0,0.53125
ISIC_0012876,17,CNN,20fc5122b11859a7c502674e29f9fe768ab80cc4,0.38813151563753007,0.2407960199004975,0.0,0.0,0.0,0.2407960199004975,1.0,0.9646813763308132,26.962861212094833,14.451223479949782,,,,,,,,,,
ISIC_0012876,17,GlobalTransformer,20fc5122b11859a7c502674e29f9fe768ab80cc4,0.38813151563753007,0.2407960199004975,0.0,0.0,0.0,0.2407960199004975,1.0,0.9646813763308132,26.962861212094833,14.451223479949782,,0.0,,,,,0.0,0.0,0.0,0.0
ISIC_0012876,17,GlobalTransformer_DP,20fc5122b11859a7c502674e29f9fe768ab80cc4,0.38813151563753007,0.2407960199004975,0.0,0.0,0.0,0.2407960199004975,1.0,0.9646813763308132,26.962861212094833,14.451223479949782,,0.0,,,,,0.0,0.0,0.0,0.0
ISIC_0012927,17,CNN,20fc5122b11859a7c502674e29f9fe768ab80cc4,0.8031807472231571,0.6710961119313787,0.4195728333769392,0.44350758853288363,0.3980891719745223,0.9744767738642164,0.6831031274601016,0.9951515621666699,30.48932547205238,9.667578291463036,,,,,,,,,,
ISIC_0012927,17,GlobalTransformer,20fc5122b11859a7c502674e29f9fe768ab80cc4,0.802946127946128,0.6707685816749877,0.42081990904631217,0.4524647887323944,0.39331210191082805,0.9746602636149995,0.6826737279038145,0.9951903496693365,30.505721127425343,9.636265775041139,0.0,0.0,0.9907407407407407,0.009259259259259259,1.0,0.009259259259259259,0.00390625,0.015625,0.0,0.41796875
ISIC_0012927,17,GlobalTransformer_DP,20fc5122b11859a7c502674e29f9fe768ab80cc4,0.8031138228487271,0.6710026719167487,0.41990495950739576,0.450354609929078,0.39331210191082805,0.9745710784313726,0.6829599942746726,0.9951709559180032,30.518837651723718,9.661692784372233,,0.0,1.0,0.0,,0.0,0.0,0.0,0.0,0.421875
ISIC_0012956,17,CNN,20fc5122b11859a7c502674e29f9fe768ab80cc4,0.868237347294939,0.7671549730146492,0.5782610266228371,0.6174496644295302,0.54375,0.983201581027668,0.77734375,0.9997354332669323,4.0,2.4711925183935333,,,,,,,,,,
ISIC_0012956,17,GlobalTransformer,20fc5122b11859a7c502674e29f9fe768ab80cc4,0.37957124842370743,0.23424124513618677,0.2834935569646144,0.2214765100671141,0.39375,0.9836601307189542,0.23515625,0.9999221862549801,11.0,4.602367935958478,0.5874439461883408,0.8705882352941177,0.15204678362573099,0.847953216374269,0.35874439461883406,0.23391812865497075,0.87109375,10.4609375,28.0,0.66796875
ISIC_0012956,17,GlobalTransformer_DP,20fc5122b11859a7c502674e29f9fe768ab80cc4,0.868122270742358,0.7669753086419753,0.5622093842468648,0.6050955414012739,0.525,0.9841584158415841,0.7765625,0.9997509960159362,4.0,2.413969654312667,0.5423728813559322,0.6235294117647059,0.3567251461988304,0.6432748538011696,0.4350282485875706,0.2046783625730994,0.69140625,0.7109375,1.0,0.60546875
ISIC_0012959,17,CNN,20fc5122b11859a7c502674e29f9fe768ab80cc4,0.8303466755987272,0.7099083619702177,0.4469847793975981,0.4013377926421405,0.5043478260869565,0.7493954050785974,0.9309049943672549,0.9868146899304948,21.549924070962604,4.801105114112424,,,,,,,,,,
ISIC_0012959,17,GlobalTransformer,20fc5122b11859a7c502674e29f9fe768ab80cc4,0.8303466755987272,0.7099083619702177,0.4469847793975981,0.4013377926421405,0.5043478260869565,0.7493954050785974,0.9309049943672549,0.9868146899304948,21.549924070962604,4.801105114112424,,0.0,1.0,0.0,,0.0,0.0,0.0,0.0,0.37109375
ISIC_0012959,17,GlobalTransformer_DP,20fc5122b11859a7c502674e29f9fe768ab80cc4,0.8303466755987272,0.7099083619702177,0.4469847793975981,0.4013377926421405,0.5043478260869565,0.7493954050785974,0.9309049943672549,0.9868146899304948,21.549924070962604,4.801105114112424,,0.0,1.0,0.0,,0.0,0.0,0.0,0.0,0.37109375
ISIC_0012965,17,CNN,20fc5122b11859a7c502674e29f9fe768ab80cc4,0.904296875,0.8253119429590018,0.8985294117647059,0.9285714285714286,0.8703703703703703,0.9978448275862069,0.8267857142857142,0.9999846097020438,3.0,0.9477943310621885,,,,,,,,,,
ISIC_0012965,17,GlobalTransformer,20fc5122b11859a7c502674e29f9fe768ab80cc4,0.5059920106524634,0.33868092691622104,0.2868757259001162,0.20430107526881722,0.48148148148148145,0.9947643979057592,0.3392857142857143,0.9999846097020438,8.0,3.362333164547209,0.12916666666666668,0.7692307692307693,0.06584362139917696,0.934156378600823,0.8666666666666667,0.2962962962962963,0.9375,13.5,21.0,0.703125
ISIC_0012965,17,GlobalTransformer_DP,20fc5122b11859a7c502674e29f9fe768ab80cc4,0.8956692913385826,0.8110516934046346,0.9079451767053511,0.9381443298969072,0.8796296296296297,0.9978070175438597,0.8125,0.9999846097020438,3.0,1.0296295576758878,0.2777777777777778,0.07692307692307693,0.8559670781893004,0.1440329218106996,0.6111111111111112,0.0,0.140625,0.140625,1.0,0.953125
ISIC_0013010,17,CNN,20fc5122b11859a7c502674e29f9fe768ab80cc4,0.9258957654723127,0.8620166793025019,0.8029294274300932,0.8181818181818182,0.788235294117647,0.9991212653778558,0.862670713201821,0.999984428041982,3.0,1.191953189741862,,,,,,,,,,
ISIC_0013010,17,GlobalTransformer,20fc5122b11859a7c502674e29f9fe768ab80cc4,0.8221626452189454,0.6980273141122914,0.46296640923048293,0.3661417322834646,0.6294117647058823,1.0,0.6980273141122914,1.0,10.770329614269007,3.0673681649860196,0.2693877551020408,1.0,0.044715447154471545,0.9552845528455285,0.6979591836734694,0.15853658536585366,0.95703125,2.25,3.0,0.84765625
ISIC_0013010,17,GlobalTransformer_DP,20fc5122b11859a7c502674e29f9fe768ab80cc4,0.9089403973509934,0.8330804248861912,0.8359472013981512,0.8366013071895425,0.8352941176470589,1.0,0.8330804248861912,1.0,2.5618655084853,1.4520111986868451,0.3253588516746411,1.0,0.1910569105691057,0.8089430894308943,0.5933014354066986,0.06504065040650407,0.81640625,0.86328125,1.0,0.9375
ISIC_0013082,17,CNN,20fc5122b11859a7c502674e29f9fe768ab80cc4,0.9183027232425586,0.8489461358313818,0.7265856063095629,0.7528089887640449,0.7021276595744681,0.9705488621151271,0.8713942307692307,0.9993111222444889,4.08001865665148,1.515982386027861,,,,,,,,,,
ISIC_0013082,17,GlobalTransformer,20fc5122b11859a7c502674e29f9fe768ab80cc4,0.5741216795201372,0.4026442307692308,0.30663470670706894,0.2017857142857143,0.6382978723404256,1.0,0.4026442307692308,1.0,13.93196886332491,5.196699334448453,0.6111111111111112,0.40625,0.3854166666666667,0.6145833333333334,0.3888888888888889,0.08333333333333333,0.5625,8.390625,32.0,0.77734375
ISIC_0013082,17,GlobalTransformer_DP,20fc5122b11859a7c502674e29f9fe768ab80cc4,0.9198982835346472,0.85167745732784,0.7366369059222583,0.7621621621621621,0.7127659574468085,0.9763832658569501,0.8695913461538461,0.9994520290581163,4.0,1.4399494143358669,0.8,0.046875,0.9114583333333334,0.08854166666666667,0.2,0.0,0.078125,0.109375,1.0,0.7578125
ISIC_0013104,17,CNN,20fc5122b11859a7c502674e29f9fe768ab80cc4,0.940939934656949,0.8884670147128619,0.6971387979004696,0.6880530973451328,0.7064676616915423,0.8921366163621922,0.9953917050691244,0.9886633051724714,8.271046370169175,1.9231539230780927,,,,,,,,,,
ISIC_0013104,17,GlobalTransformer,20fc5122b11859a7c502674e29f9fe768ab80cc4,0.9523565135574373,0.909046374918354,0.8168906705360106,0.7773279352226721,0.8606965174129353,0.9203174078360059,0.9867068415455512,0.9919524493271447,6.0,1.549420167857781,0.577922077922078,0.5185185185185185,0.34710743801652894,0.6528925619834711,0.42207792207792205,0.10743801652892562,0.6015625,1.66015625,10.0,0.625
ISIC_0013104,17,GlobalTransformer_DP,20fc5122b11859a7c502674e29f9fe768ab80cc4,0.9432600302165519,0.8926131850675139,0.7155953490504058,0.7098901098901099,0.7213930348258707,0.8958864795918368,0.9959234314073023,0.9890974054162354,8.18069758011276,1.8266586209216298,0.6756756756756757,0.17777777777777778,0.9008264462809917,0.09917355371900827,0.32432432432432434,0.03305785123966942,0.14453125,0.16796875,1.0,0.484375
ISIC_0013127,17,CNN,20fc5122b11859a7c502674e29f9fe768ab80cc4,0.7090142165286674,0.5492037368701292,0.1088483784029313,0.1148989898989899,0.10340314136125654,0.9901387555633127,0.552224277231578,0.9974883307401645,30.518837651723718,14.768713836444553,,,,,,,,,,
ISIC_0013127,17,GlobalTransformer,20fc5122b11859a7c502674e29f9fe768ab80cc4,0.7088528483484892,0.5490101166561789,0.10963521015067407,0.11666666666666667,0.10340314136125654,0.9901353120907901,0.5520295921347221,0.9974883307401645,30.884461571646792,14.772729631912364,,0.0,1.0,0.0,,0.0,0.0,0.0,0.0,0.0859375
ISIC_0013127,17,GlobalTransformer_DP,20fc5122b11859a7c502674e29f9fe768ab80cc4,0.7088528483484892,0.5490101166561789,0.10963521015067407,0.11666666666666667,0.10340314136125654,0.9901353120907901,0.5520295921347221,0.9974883307401645,30.884461571646792,14.772729631912364,,0.0,1.0,0.0,,0.0,0.0,0.0,0.0,0.0859375
ISIC_0013128,17,CNN,20fc5122b11859a7c502674e29f9fe768ab80cc4,0.939880084265111,0.8865790278202385,0.8251485032053166,0.8472222222222222,0.8041958041958042,0.9357857373346241,0.9440104166666666,0.9968141649590164,3.4947328716400867,1.3593697398946707,,,,,,,,,,
ISIC_0013128,17,GlobalTransformer,20fc5122b11859a7c502674e29f9fe768ab80cc4,0.8633899530177087,0.7596184419713832,0.7139058020477816,0.6155606407322655,0.8496503496503497,0.970349309504468,0.7776692708333334,0.9988313268442623,10.295630140987,2.404845044013739,0.7636363636363637,0.8607594936708861,0.4519774011299435,0.5480225988700564,0.21818181818181817,0.03954802259887006,0.64453125,3.8125,24.25,0.921875
ISIC_0013128,17,GlobalTransformer_DP,20fc5122b11859a7c502674e29f9fe768ab80cc4,0.9425511197663097,0.8913443830570903,0.8453086286760746,0.8664495114006515,0.8251748251748252,0.9398058252427185,0.9453125,0.9970222848360656,3.1622776601683795,1.2430562531038496,0.7105263157894737,0.12658227848101267,0.8418079096045198,0.15819209039548024,0.2631578947368421,0.005649717514124294,0.1484375,0.2109375,1.25,0.72265625
ISIC_0013132,17,CNN,20fc5122b11859a7c502674e29f9fe768ab80cc4,0.9118753358409457,0.8380246913580247,0.6559880943056318,0.6979166666666666,0.6188118811881188,0.9344713656387665,0.8903462749213011,0.9981298129812981,4.116950344336776,1.7877246847149257,,,,,,,,,,
ISIC_0013132,17,GlobalTransformer,20fc5122b11859a7c502674e29f9fe768ab80cc4,0.9352479002980222,0.8783715012722646,0.8209773758421045,0.8578680203045685,0.7871287128712872,0.9669467787114846,0.9055613850996852,0.999072764419299,3.1622776601683795,1.2513349001392102,0.9847328244274809,0.7652173913043478,0.6950354609929078,0.3049645390070922,0.0,0.0,0.51171875,0.8203125,2.0,0.84375
ISIC_0013132,17,GlobalTransformer_DP,20fc5122b11859a7c502674e29f9fe768ab80cc4,0.9146537842190016,0.8427299703264095,0.6899815837937385,0.7371134020618557,0.6485148514851485,0.9362637362637363,0.8940188877229801,0.9981769605531982,4.0,1.7311874538836256,1.0,0.13043478260869565,0.9858156028368794,0.014184397163120567,0.0,0.0,0.06640625,0.078125,1.0,0.5859375
ISIC_0013188,17,CNN,20fc5122b11859a7c502674e29f9fe768ab80cc4,0.9299895506792059,0.869140625,0.9124087591240876,0.9328358208955224,0.8928571428571429,0.9866962305986696,0.8794466403162056,0.9998140226892319,2.8284271247461903,0.9985869999067505,,,,,,,,,,
ISIC_0013188,17,GlobalTransformer,20fc5122b11859a7c502674e29f9fe768ab80cc4,0.6605141727092947,0.49311023622047245,0.47487955953200267,0.3474320241691843,0.75,0.9920792079207921,0.4950592885375494,0.9999380075630773,12.041594578792296,4.111369896347574,0.4180327868852459,1.0,0.048,0.952,0.4672131147540984,0.016,0.953125,5.7890625,31.0,0.984375
ISIC_0013188,17,GlobalTransformer_DP,20fc5122b11859a7c502674e29f9fe768ab80cc4,0.9265715795034337,0.8631889763779528,0.9343479725935078,0.9632352941176471,0.9071428571428571,0.9954597048808173,0.866600790513834,0.9999380075630773,2.23606797749979,1.0485318315771803,0.4482758620689655,0.8333333333333334,0.208,0.792,0.39408866995073893,0.004,0.79296875,0.83984375,1.0,0.9921875
ISIC_0013215,17,CNN,20fc5122b11859a7c502674e29f9fe768ab80cc4,0.9653891071238985,0.9330938943047716,0.7173224592987204,0.7001303780964798,0.7353801169590644,0.9373260488609422,0.9951844150158695,0.9742710845922729,10.63014581273465,2.104146021036941,,,,,,,,,,
ISIC_0013215,17,GlobalTransformer,20fc5122b11859a7c502674e29f9fe768ab80cc4,0.9664512322668883,0.9350804359107421,0.7548324766027745,0.7306226175349428,0.7807017543859649,0.9476202997633447,0.9860457480573492,0.9789259870509077,10.63014581273465,1.980332200773585,0.8,0.26495726495726496,0.8633093525179856,0.1366906474820144,0.2,0.06474820143884892,0.1953125,0.6640625,4.0,0.62890625
ISIC_0013215,17,GlobalTransformer_DP,20fc5122b11859a7c502674e29f9fe768ab80cc4,0.9654202383163929,0.933152062384568,0.7207562433200561,0.7080581241743725,0.7339181286549707,0.9372391405163085,0.9953485826857831,0.9742287672971943,10.63014581273465,2.104412350816067,,0.0,1.0,0.0,,0.0,0.0,0.0,0.0,0.54296875
ISIC_0013232,17,CNN,20fc5122b11859a7c502674e29f9fe768ab80cc4,0.9258028792912514,0.8618556701030928,0.6475080601107529,0.6701846965699209,0.6263157894736842,0.9517698199130615,0.9012152097216778,0.996144554389913,8.488217492792518,2.2343643963831523,,,,,,,,,,
ISIC_0013232,17,GlobalTransformer,20fc5122b11859a7c502674e29f9fe768ab80cc4,0.910439962378514,0.8356032994436985,0.5766266582438409,0.49022556390977445,0.7,0.9751511081262593,0.8537828302626421,0.9981632855677268,9.433981132056603,2.83280941303316,0.8163265306122449,0.3853211009174312,0.6326530612244898,0.3673469387755102,0.14285714285714285,0.027210884353741496,0.3828125,1.4375,3.0,0.69921875
ISIC_0013232,17,GlobalTransformer_DP,20fc5122b11859a7c502674e29f9fe768ab80cc4,0.9279614186677384,0.8656044985941893,0.660062074803273,0.6850393700787402,0.6368421052631579,0.9519686662543806,0.9051352410819287,0.996144554389913,8.488217492792518,2.1721637420763926,0.7333333333333333,0.03669724770642202,0.9251700680272109,0.07482993197278912,0.0,0.0,0.05859375,0.05859375,1.0,0.5859375
ISIC_0013421,17,CNN,20fc5122b11859a7c502674e29f9fe768ab80cc4,0.8849764203907479,0.7936840409248369,0.38095238095238093,0.38461538461538464,0.37735849056603776,0.7984439581813761,0.9925448317549869,0.9552778277288257,17.369641763401926,6.045172880233525,,,,,,,,,,
ISIC_0013421,17,GlobalTransformer,20fc5122b11859a7c502674e29f9fe768ab80cc4,0.8850559223824283,0.7938119410200628,0.38123167155425225,0.3851851851851852,0.37735849056603776,0.79857339709816,0.9925448317549869,0.9553137924833663,17.51821290030908,6.046639986367903,,0.0,1.0,0.0,,0.0,0.0,0.0,0.0,0.328125
ISIC_0013421,17,GlobalTransformer_DP,20fc5122b11859a7c502674e29f9fe768ab80cc4,0.8850559223824283,0.7938119410200628,0.38123167155425225,0.3851851851851852,0.37735849056603776,0.79857339709816,0.9925448317549869,0.9553137924833663,17.51821290030908,6.046639986367903,,0.0,1.0,0.0,,0.0,0.0,0.0,0.0,0.328125
ISIC_0013491,17,CNN,20fc5122b11859a7c502674e29f9fe768ab80cc4,0.950712450362065,0.9060552092609083,0.7884253848889791,0.834920634920635,0.7468354430379747,0.9639981051634297,0.9377880184331797,0.997516177527943,5.0,1.4205094157427067,,,,,,,,,,
ISIC_0013491,17,GlobalTransformer,20fc5122b11859a7c502674e29f9fe768ab80cc4,0.9527246481414652,0.9097174362508614,0.8318648018648018,0.8619631901840491,0.8037974683544303,0.996727913415555,0.9124423963133641,0.9997875678148899,4.123105625617661,1.306732468899285,0.8265895953757225,0.7966101694915254,0.3604060913705584,0.6395939086294417,0.16184971098265896,0.02030456852791878,0.67578125,1.44140625,3.0,0.8984375
ISIC_0013491,17,GlobalTransformer_DP,20fc5122b11859a7c502674e29f9fe768ab80cc4,0.9542944424861943,0.9125842696629214,0.8092079594225516,0.85,0.7721518987341772,0.9736274274754255,0.9357142857142857,0.9982024968952219,5.0,1.2927429153944852,1.0,0.23728813559322035,0.8984771573604061,0.10152284263959391,0.0,0.0,0.1328125,0.2109375,2.0,0.82421875
ISIC_0013501,17,CNN,20fc5122b11859a7c502674e29f9fe768ab80cc4,0.8692487652716402,0.7687356321839081,0.28395346158276696,0.2951388888888889,0.27358490566037735,1.0,0.7687356321839081,1.0,7.0,3.7614353975672423,,,,,,,,,,
ISIC_0013501,17,GlobalTransformer,20fc5122b11859a7c502674e29f9fe768ab80cc4,0.8098495212038304,0.6804597701149425,0.13407996650617543,0.10132890365448505,0.19811320754716982,1.0,0.6804597701149425,1.0,16.0,6.4732777153922,0.2,0.12025316455696203,0.7346938775510204,0.2653061224489796,0.8,0.1836734693877551,0.37109375,2.296875,27.25,0.32421875
ISIC_0013501,17,GlobalTransformer_DP,20fc5122b11859a7c502674e29f9fe768ab80cc4,0.8692487652716402,0.7687356321839081,0.2764281796097484,0.28620689655172415,0.2672955974842767,1.0,0.7687356321839081,1.0,7.0,3.769109437225341,0.5,0.012658227848101266,0.9795918367346939,0.02040816326530612,0.5,0.0,0.015625,0.015625,0.0,0.3828125
ISIC_0013518,17,CNN,20fc5122b11859a7c502674e29f9fe768ab80cc4,0.7227993159949976,0.5659246233164142,0.13031735991887794,0.14081145584725538,0.12127894156560089,0.9895869732336292,0.5693148922483113,0.9963358253000196,38.87800317765597,15.560395424508846,,,,,,,,,,
ISIC_0013518,17,GlobalTransformer,20fc5122b11859a7c502674e29f9fe768ab80cc4,0.723058859564041,0.5662429039737746,0.13047520498369058,0.14429109159347553,0.11907386990077178,0.9900740947854048,0.5694757156642007,0.9965079677355893,38.87800317765597,15.56114281387211,,0.0,1.0,0.0,,0.0,0.0,0.0,0.0,0.125
ISIC_0013518,17,GlobalTransformer_DP,20fc5122b11859a7c502674e29f9fe768ab80cc4,0.723058859564041,0.5662429039737746,0.13047520498369058,0.14429109159347553,0.11907386990077178,0.9900740947854048,0.5694757156642007,0.9965079677355893,38.87800317765597,15.56114281387211,,0.0,1.0,0.0,,0.0,0.0,0.0,0.0,0.125
ISIC_0013527,17,CNN,20fc5122b11859a7c502674e29f9fe768ab80cc4,0.1832258064516129,0.10085227272727272,0.09999999999999999,0.0851063829787234,0.12121212121212122,0.17026378896882494,0.19832402234636873,0.9946914603086932,22.67156809750927,9.211564984963786,,,,,,,,,,
ISIC_0013527,17,GlobalTransformer,20fc5122b11859a7c502674e29f9fe768ab80cc4,0.1832258064516129,0.10085227272727272,0.09999999999999999,0.0851063829787234,0.12121212121212122,0.17026378896882494,0.19832402234636873,0.9946914603086932,22.67156809750927,9.211564984963786,,0.0,,,,,0.0,0.0,0.0,0.0
ISIC_0013527,17,GlobalTransformer_DP,20fc5122b11859a7c502674e29f9fe768ab80cc4,0.1832258064516129,0.10085227272727272,0.09999999999999999,0.0851063829787234,0.12121212121212122,0.17026378896882494,0.19832402234636873,0.9946914603086932,22.67156809750927,9.211564984963786,,0.0,,,,,0.0,0.0,0.0,0.0
ISIC_0013549,17,CNN,20fc5122b11859a7c502674e29f9fe768ab80cc4,0.8102626756261454,0.6810433353871431,0.04545454545454546,0.04827586206896552,0.04294478527607362,1.0,0.6810433353871431,1.0,10.92159688587405,6.2357573626124845,,,,,,,,,,
ISIC_0013549,17,GlobalTransformer,20fc5122b11859a7c502674e29f9fe768ab80cc4,0.7895587321317589,0.6522899979461901,0.016155088852988695,0.017064846416382253,0.015337423312883436,1.0,0.6522899979461901,1.0,11.313708498984761,6.794472220219992,0.189873417721519,0.0635593220338983,0.5,0.5,0.810126582278481,0.5,0.30859375,0.83984375,3.0,0.0390625
ISIC_0013549,17,GlobalTransformer_DP,20fc5122b11859a7c502674e29f9fe768ab80cc4,0.810408013681896,0.6812487163688642,0.04530744336569579,0.04794520547945205,0.04294478527607362,1.0,0.6812487163688642,1.0,10.894093745582218,6.231594517420611,0.6666666666666666,0.01694915254237288,1.0,0.0,0.3333333333333333,0.0,0.0234375,0.03125,0.0,0.078125
ISIC_0013561,17,CNN,20fc5122b11859a7c502674e29f9fe768ab80cc4,0.9025575988163179,0.8224191063174114,0.3901649951472015,0.3829787234042553,0.39762611275964393,0.9050445103857567,0.9000843170320405,0.9926306092906961,7.211102550927978,3.013702004538857,,,,,,,,,,
ISIC_0013561,17,GlobalTransformer,20fc5122b11859a7c502674e29f9fe768ab80cc4,0.9025575988163179,0.8224191063174114,0.3901649951472015,0.3829787234042553,0.39762611275964393,0.9050445103857567,0.9000843170320405,0.9926306092906961,7.211102550927978,3.013702004538857,,0.0,1.0,0.0,,0.0,0.0,0.0,0.0,0.26171875
ISIC_0013561,17,GlobalTransformer_DP,20fc5122b11859a7c502674e29f9fe768ab80cc4,0.9025575988163179,0.8224191063174114,0.3901649951472015,0.3829787234042553,0.39762611275964393,0.9050445103857567,0.9000843170320405,0.9926306092906961,7.211102550927978,3.013702004538857,,0.0,1.0,0.0,,0.0,0.0,0.0,0.0,0.26171875
ISIC_0013562,17,CNN,20fc5122b11859a7c502674e29f9fe768ab80cc4,0.9384328358208955,0.8840070298769771,0.7079277779787966,0.7706093189964157,0.6546762589928058,0.9217277486910995,0.9557546145494028,0.995165879842204,5.0,1.7684399794476695,,,,,,,,,,
ISIC_0013562,17,GlobalTransformer,20fc5122b11859a7c502674e29f9fe768ab80cc4,0.9545019811449652,0.9129639309984318,0.7951721541229134,0.7685185185185185,0.8237410071942446,0.9609353507565337,0.9481541802388708,0.9977041971156956,6.4031242374328485,1.5419558920119778,1.0,0.6833333333333333,0.8161764705882353,0.18382352941176472,0.0,0.0,0.41796875,0.80859375,2.0,0.79296875
ISIC_0013562,17,GlobalTransformer_DP,20fc5122b11859a7c502674e29f9fe768ab80cc4,0.9442209707696433,0.8943357886715774,0.7709233986625558,0.8256227758007118,0.7230215827338129,0.9329623741388448,0.9557546145494028,0.995909590635711,5.0,1.5866920104742652,1.0,0.38333333333333336,0.9191176470588235,0.08088235294117647,0.0,0.0,0.22265625,0.23046875,1.0,0.66796875
ISIC_0013632,17,CNN,20fc5122b11859a7c502674e29f9fe768ab80cc4,0.33881765573584477,0.20396174863387978,0.009966777408637873,0.014285714285714285,0.007653061224489796,1.0,0.20396174863387978,1.0,40.024992192379,23.74460139474736,,,,,,,,,,
ISIC_0013632,17,GlobalTransformer,20fc5122b11859a7c502674e29f9fe768ab80cc4,0.33881765573584477,0.20396174863387978,0.009966777408637873,0.014285714285714285,0.007653061224489796,1.0,0.20396174863387978,1.0,40.024992192379,23.74460139474736,,0.0,1.0,0.0,,0.0,0.0,0.0,0.0,0.02734375
ISIC_0013632,17,GlobalTransformer_DP,20fc5122b11859a7c502674e29f9fe768ab80cc4,0.33881765573584477,0.20396174863387978,0.009966777408637873,0.014285714285714285,0.007653061224489796,1.0,0.20396174863387978,1.0,40.024992192379,23.74460139474736,,0.0,1.0,0.0,,0.0,0.0,0.0,0.0,0.02734375
ISIC_0013637,17,CNN,20fc5122b11859a7c502674e29f9fe768ab80cc4,0.9622551361681796,0.927255985267035,0.8924631547313459,0.928082191780822,0.8594771241830066,0.9877390877881315,0.9380530973451328,0.9991835668332191,2.9571067811865475,1.1004466186139927,,,,,,,,,,
ISIC_0013637,17,GlobalTransformer,20fc5122b11859a7c502674e29f9fe768ab80cc4,0.9487023272815889,0.902410755679184,0.7182835820895521,0.7534246575342466,0.6862745098039216,0.9948888320981344,0.9066138798323242,0.9996734267332876,4.0,1.4913511005430788,0.428,0.8666666666666667,0.024896265560165973,0.975103734439834,0.508,0.17427385892116182,0.9765625,1.46875,2.0,0.828125
ISIC_0013637,17,GlobalTransformer_DP,20fc5122b11859a7c502674e29f9fe768ab80cc4,0.9596250901225667,0.9223839223839224,0.861977156968668,0.9081632653061225,0.8202614379084967,0.9913108242303873,0.9299021891010713,0.9994284967832533,3.0,1.157765874034052,0.5454545454545454,0.5333333333333333,0.3941908713692946,0.6058091286307054,0.42857142857142855,0.05394190871369295,0.6015625,0.6015625,1.0,0.921875
ISIC_0013644,17,CNN,20fc5122b11859a7c502674e29f9fe768ab80cc4,0.5937537109606935,0.422225975342003,0.12802254098360655,0.11951219512195121,0.13783783783783785,0.9936406995230525,0.42337002540220153,0.9997316831849206,31.016124838541646,12.179119805365776,,,,,,,,,,
ISIC_0013644,17,GlobalTransformer,20fc5122b11859a7c502674e29f9fe768ab80cc4,0.5035478966041561,0.33649449618966976,0.08730736901092744,0.07592592592592592,0.10270270270270271,1.0,0.33649449618966976,1.0,30.083217912982647,12.285768158248175,0.6,0.27835051546391754,0.3709677419354839,0.6290322580645161,0.4,0.25806451612903225,0.44921875,3.71875,20.25,0.23046875
ISIC_0013644,17,GlobalTransformer_DP,20fc5122b11859a7c502674e29f9fe768ab80cc4,0.5926542256032331,0.4211148648648649,0.12276214833759591,0.11650485436893204,0.12972972972972974,0.9940191387559809,0.42218458933107533,0.999748452985863,31.016124838541646,12.216794844826627,0.23529411764705882,0.020618556701030927,0.8870967741935484,0.11290322580645161,0.7647058823529411,0.04838709677419355,0.06640625,0.07421875,1.0,0.234375
ISIC_0013651,17,CNN,20fc5122b11859a7c502674e29f9fe768ab80cc4,0.7388329532180008,0.5858327452364149,0.10565914295060516,0.10445468509984639,0.10689170182841069,0.9929724880382775,0.5882717689786517,0.9978118161925602,45.617978911828175,18.97419583763862,,,,,,,,,,
ISIC_0013651,17,GlobalTransformer,20fc5122b11859a7c502674e29f9fe768ab80cc4,0.7352448956822493,0.5813338038108681,0.0973412061845114,0.09763779527559055,0.0970464135021097,0.9929184872683441,0.583754096908495,0.9978118161925602,45.91403685710799,19.149899755678145,0.0,0.0,0.9310344827586207,0.06896551724137931,1.0,0.06896551724137931,0.0546875,0.20703125,3.0,0.10546875
ISIC_0013651,17,GlobalTransformer_DP,20fc5122b11859a7c502674e29f9fe768ab80cc4,0.7385873647314102,0.5855239943542696,0.09929860509102373,0.10015898251192369,0.09845288326300984,0.9929688084374299,0.5879617326601116,0.9978118161925602,45.93689809188091,19.067121314808332,,0.0,1.0,0.0,,0.0,0.0,0.0,0.0,0.11328125
ISIC_0013663,17,CNN,20fc5122b11859a7c502674e29f9fe768ab80cc4,0.8674688252023627,0.7659558028125483,0.46235921754593956,0.45614035087719296,0.46875,0.9367794367794368,0.8077079768597735,0.987439686086026,20.483910056792414,5.493763173197062,,,,,,,,,,
ISIC_0013663,17,GlobalTransformer,20fc5122b11859a7c502674e29f9fe768ab80cc4,0.8674688252023627,0.7659558028125483,0.4639458272327965,0.4592391304347826,0.46875,0.9367794367794368,0.8077079768597735,0.987439686086026,20.615528128088304,5.466517983120772,,0.0,1.0,0.0,,0.0,0.0,0.0,0.0,0.44921875
ISIC_0013663,17,GlobalTransformer_DP,20fc5122b11859a7c502674e29f9fe768ab80cc4,0.8674688252023627,0.7659558028125483,0.4639458272327965,0.4592391304347826,0.46875,0.9367794367794368,0.8077079768597735,0.987439686086026,20.615528128088304,5.466517983120772,,0.0,1.0,0.0,,0.0,0.0,0.0,0.0,0.44921875
ISIC_0013702,17,CNN,20fc5122b11859a7c502674e29f9fe768ab80cc4,0.7543482509282783,0.6055851898336994,0.21721273831861543,0.23116883116883116,0.20484581497797358,1.0,0.6055851898336994,1.0,39.6068157645016,10.957376608896116,,,,,,,,,,
ISIC_0013702,17,GlobalTransformer,20fc5122b11859a7c502674e29f9fe768ab80cc4,0.7524791231732777,0.6031795837255517,0.21178547669003633,0.21921182266009853,0.20484581497797358,1.0,0.6031795837255517,1.0,39.6893170491827,10.946275000663986,0.5,0.01092896174863388,1.0,0.0,0.5,0.0,0.015625,0.08984375,0.0,0.28515625
ISIC_0013702,17,GlobalTransformer_DP,20fc5122b11859a7c502674e29f9fe768ab80cc4,0.7543482509282783,0.6055851898336994,0.21721273831861543,0.23116883116883116,0.20484581497797358,1.0,0.6055851898336994,1.0,39.6068157645016,10.957376608896116,,0.0,1.0,0.0,,0.0,0.0,0.0,0.0,0.28515625
ISIC_0013736,17,CNN,20fc5122b11859a7c502674e29f9fe768ab80cc4,0.9119705340699816,0.8381855111712931,0.24843278384026005,0.23809523809523808,0.25970873786407767,0.8389428506889541,0.9989241527703067,0.9754561101549053,15.811388300841896,4.017476551833639,,,,,,,,,,
ISIC_0013736,17,GlobalTransformer,20fc5122b11859a7c502674e29f9fe768ab80cc4,0.940729001584786,0.8880909634949132,0.5231279192406206,0.5040650406504065,0.5436893203883495,0.88979493944118,0.9978483055406132,0.9841824440619621,16.18575620515499,2.8121361999208467,0.9927007299270073,0.6036036036036037,0.9117647058823529,0.08823529411764706,0.0072992700729927005,0.0,0.53515625,1.47265625,3.0,0.33203125
ISIC_0013736,17,GlobalTransformer_DP,20fc5122b11859a7c502674e29f9fe768ab80cc4,0.9119705340699816,0.8381855111712931,0.24843278384026005,0.23809523809523808,0.25970873786407767,0.8389428506889541,0.9989241527703067,0.9754561101549053,15.811388300841896,4.017476551833639,,0.0,1.0,0.0,,0.0,0.0,0.0,0.0,0.1328125
ISIC_0013793,17,CNN,20fc5122b11859a7c502674e29f9fe768ab80cc4,0.9294467137021909,0.8681928546652792,0.6588851477740366,0.6870026525198939,0.6329787234042553,0.9675299574797063,0.8942479456948911,0.9971971036737962,7.0710678118654755,2.22937730925061,,,,,,,,,,
ISIC_0013793,17,GlobalTransformer,20fc5122b11859a7c502674e29f9fe768ab80cc4,0.940625,0.887905604719764,0.7379709227713026,0.7365853658536585,0.7393617021276596,0.9687618326391518,0.914076455877099,0.9972471553939071,6.0,1.8867478718017765,0.6089743589743589,0.6632653061224489,0.43037974683544306,0.569620253164557,0.38461538461538464,0.20253164556962025,0.609375,1.12890625,3.0,0.66015625
ISIC_0013793,17,GlobalTransformer_DP,20fc5122b11859a7c502674e29f9fe768ab80cc4,0.9304002218319622,0.8698582786035257,0.6786622934739295,0.7049608355091384,0.6542553191489362,0.9639915724956905,0.899071096820293,0.9968634255397244,7.0710678118654755,2.181764534888244,0.48148148148148145,0.07142857142857142,0.8734177215189873,0.12658227848101267,0.5185185185185185,0.0189873417721519,0.10546875,0.15234375,1.0,0.6171875
ISIC_0013828,17,CNN,20fc5122b11859a7c502674e29f9fe768ab80cc4,0.43413645575320875,0.27725050330744894,0.06114839671886652,0.06317411402157165,0.059248554913294796,0.9979296066252588,0.27741007194244605,0.9997314595175223,50.21951811795888,25.180831834925257,,,,,,,,,,
ISIC_0013828,17,GlobalTransformer,20fc5122b11859a7c502674e29f9fe768ab80cc4,0.43413645575320875,0.27725050330744894,0.06114839671886652,0.06317411402157165,0.059248554913294796,0.9979296066252588,0.27741007194244605,0.9997314595175223,50.21951811795888,25.180831834925257,,0.0,1.0,0.0,,0.0,0.0,0.0,0.0,0.00390625
ISIC_0013828,17,GlobalTransformer_DP,20fc5122b11859a7c502674e29f9fe768ab80cc4,0.43413645575320875,0.27725050330744894,0.06114839671886652,0.06317411402157165,0.059248554913294796,0.9979296066252588,0.27741007194244605,0.9997314595175223,50.21951811795888,25.180831834925257,,0.0,1.0,0.0,,0.0,0.0,0.0,0.0,0.00390625
ISIC_0013863,17,CNN,20fc5122b11859a7c502674e29f9fe768ab80cc4,0.0,0.0,0.0,0.0,0.0,1.0,0.0,1.0,362.03867196751236,362.03867196751236,,,,,,,,,,
ISIC_0013863,17,GlobalTransformer,20fc5122b11859a7c502674e29f9fe768ab80cc4,0.0,0.0,0.0,0.0,0.0,1.0,0.0,1.0,362.03867196751236,362.03867196751236,,,,,,,,,,
ISIC_0013863,17,GlobalTransformer_DP,20fc5122b11859a7c502674e29f9fe768ab80cc4,0.0,0.0,0.0,0.0,0.0,1.0,0.0,1.0,362.03867196751236,362.03867196751236,,,,,,,,,,
ISIC_0013898,17,CNN,20fc5122b11859a7c502674e29f9fe768ab80cc4,0.9363161819537659,0.8802579921480651,0.6767098281897235,0.693950177935943,0.6603053435114504,0.8904964539007092,0.9871069182389937,0.9938097376355122,4.123105625617661,1.6838700495744658,,,,,,,,,,
ISIC_0013898,17,GlobalTransformer,20fc5122b11859a7c502674e29f9fe768ab80cc4,0.9613362202288895,0.9255509231685527,0.9062119366626066,0.8691588785046729,0.9465648854961832,0.945830797321972,0.9773584905660377,0.9971454230547181,3.0,1.0045412784486296,0.8834355828220859,0.9098360655737705,0.6194029850746269,0.3805970149253731,0.1165644171779141,0.05223880597014925,0.63671875,1.203125,2.0,0.76953125
ISIC_0013898,17,GlobalTransformer_DP,20fc5122b11859a7c502674e29f9fe768ab80cc4,0.956030534351145,0.9157648435214976,0.8604868988816216,0.8700361010830325,0.851145038167939,0.929080118694362,0.9845911949685534,0.9961671691577394,3.5833875946992038,1.1174253766451832,0.9516129032258065,0.8032786885245902,0.8059701492537313,0.19402985074626866,0.04032258064516129,0.03731343283582089,0.484375,0.73046875,2.0,0.6875
ISIC_0013945,17,CNN,20fc5122b11859a7c502674e29f9fe768ab80cc4,0.629277566539924,0.4590846047156727,0.34854692710814666,0.44360902255639095,0.28703703703703703,0.8756613756613757,0.4910979228486647,0.998535551816539,12.103665745345038,5.577033584284892,,,,,,,,,,
ISIC_0013945,17,GlobalTransformer,20fc5122b11859a7c502674e29f9fe768ab80cc4,0.629277566539924,0.4590846047156727,0.34854692710814666,0.44360902255639095,0.28703703703703703,0.8756613756613757,0.4910979228486647,0.998535551816539,12.103665745345038,5.577033584284892,,0.0,1.0,0.0,,0.0,0.0,0.0,0.0,0.46484375
ISIC_0013945,17,GlobalTransformer_DP,20fc5122b11859a7c502674e29f9fe768ab80cc4,0.629277566539924,0.4590846047156727,0.34854692710814666,0.44360902255639095,0.28703703703703703,0.8756613756613757,0.4910979228486647,0.998535551816539,12.103665745345038,5.577033584284892,,0.0,1.0,0.0,,0.0,0.0,0.0,0.0,0.46484375
ISIC_0014037,17,CNN,20fc5122b11859a7c502674e29f9fe768ab80cc4,0.6351328191945158,0.4653440482169764,0.0,0.0,0.0,1.0,0.4653440482169764,1.0,65.12449463896198,21.167472441508423,,,,,,,,,,
ISIC_0014037,17,GlobalTransformer,20fc5122b11859a7c502674e29f9fe768ab80cc4,0.6350860355110715,0.46529382219989956,0.0,0.0,0.0,1.0,0.46529382219989956,1.0,65.12449463896198,21.19902582745219,,0.0,,,,,0.0,0.0,0.0,0.0
ISIC_0014037,17,GlobalTransformer_DP,20fc5122b11859a7c502674e29f9fe768ab80cc4,0.6350860355110715,0.46529382219989956,0.0,0.0,0.0,1.0,0.46529382219989956,1.0,65.12449463896198,21.19902582745219,,0.0,,,,,0.0,0.0,0.0,0.0
ISIC_0014038,17,CNN,20fc5122b11859a7c502674e29f9fe768ab80cc4,0.814618211514904,0.6872201171202205,0.112751677852349,0.14482758620689656,0.09230769230769231,1.0,0.6872201171202205,1.0,20.51677559491557,6.564261676065724,,,,,,,,,,
ISIC_0014038,17,GlobalTransformer,20fc5122b11859a7c502674e29f9fe768ab80cc4,0.8030099989691785,0.6708577333792628,0.15016685205784203,0.18120805369127516,0.1282051282051282,1.0,0.6708577333792628,1.0,23.60758067605283,6.960664705354122,0.4497991967871486,0.4507042253521127,0.13953488372093023,0.8604651162790697,0.5502008032128514,0.32558139534883723,0.97265625,1.6953125,3.0,0.2109375
ISIC_0014038,17,GlobalTransformer_DP,20fc5122b11859a7c502674e29f9fe768ab80cc4,0.8148601755460299,0.6875645883568722,0.13180497461604776,0.16382252559726962,0.11025641025641025,1.0,0.6875645883568722,1.0,20.615528128088304,6.518893427841374,0.5094339622641509,0.1267605633802817,0.9767441860465116,0.023255813953488372,0.49056603773584906,0.023255813953488372,0.20703125,0.20703125,1.0,0.19140625
ISIC_0014055,17,CNN,20fc5122b11859a7c502674e29f9fe768ab80cc4,0.9341735010462012,0.8764780214820832,0.330856153924463,0.33692722371967654,0.325,0.983839918946302,0.8892806447181647,0.9926997276700917,15.524174696260024,4.452498249698841,,,,,,,,,,
ISIC_0014055,17,GlobalTransformer,20fc5122b11859a7c502674e29f9fe768ab80cc4,0.9340709561034275,0.8762974997743479,0.32598653820773393,0.3406896551724138,0.3125,0.9838366436967977,0.8890974861486332,0.9926997276700917,15.524174696260024,4.451861072681449,,0.0,1.0,0.0,,0.0,0.0,0.0,0.0,0.30859375
ISIC_0014055,17,GlobalTransformer_DP,20fc5122b11859a7c502674e29f9fe768ab80cc4,0.9340709561034275,0.8762974997743479,0.32598653820773393,0.3406896551724138,0.3125,0.9838366436967977,0.8890974861486332,0.9926997276700917,15.524174696260024,4.451861072681449,,0.0,1.0,0.0,,0.0,0.0,0.0,0.0,0.30859375
ISIC_0014139,17,CNN,20fc5122b11859a7c502674e29f9fe768ab80cc4,0.9127210496292071,0.8394543546694648,0.5098477681259138,0.5165562913907285,0.5033112582781457,0.911369332421964,0.9140767824497258,0.9936396337475474,8.06225774829855,2.8452834194783607,,,,,,,,,,
ISIC_0014139,17,GlobalTransformer,20fc5122b11859a7c502674e29f9fe768ab80cc4,0.9328827779072477,0.8742083424328456,0.6321839080459769,0.6352583586626139,0.6291390728476821,0.951735615786971,0.9147623400365631,0.996680837148463,6.227838204321335,2.0661380511946366,0.8961038961038961,0.6643835616438356,0.4818181818181818,0.5181818181818182,0.1038961038961039,0.045454545454545456,0.6015625,1.3984375,3.0,0.61328125
ISIC_0014139,17,GlobalTransformer_DP,20fc5122b11859a7c502674e29f9fe768ab80cc4,0.9128450832762948,0.8396642182581322,0.5090159711488924,0.5148514851485149,0.5033112582781457,0.9113895216400911,0.9143053016453382,0.9936396337475474,8.06225774829855,2.8419187803828105,1.0,0.00684931506849315,1.0,0.0,0.0,0.0,0.00390625,0.00390625,0.0,0.4296875
ISIC_0014162,17,CNN,20fc5122b11859a7c502674e29f9fe768ab80cc4,0.8527397260273972,0.7432835820895523,0.45729320835388915,0.5146198830409356,0.4114583333333333,0.9991974317817014,0.7437275985663082,0.9999843412357897,5.0,2.5771458361001742,,,,,,,,,,
ISIC_0014162,17,GlobalTransformer,20fc5122b11859a7c502674e29f9fe768ab80cc4,0.8678607637715444,0.7665671641791045,0.5465944272445821,0.5815217391304348,0.515625,0.9992217898832685,0.7670250896057348,0.9999843412357897,5.0,2.2670384445317953,1.0,0.15841584158415842,0.9483870967741935,0.05161290322580645,0.0,0.0,0.09375,0.265625,3.0,0.66796875
ISIC_0014162,17,GlobalTransformer_DP,20fc5122b11859a7c502674e29f9fe768ab80cc4,0.8527397260273972,0.7432835820895523,0.45729320835388915,0.5146198830409356,0.4114583333333333,0.9991974317817014,0.7437275985663082,0.9999843412357897,5.0,2.5771458361001742,,0.0,1.0,0.0,,0.0,0.0,0.0,0.0,0.60546875
ISIC_0014178,17,CNN,20fc5122b11859a7c502674e29f9fe768ab80cc4,0.9273868942199324,0.8646052236565596,0.6714552238805971,0.6828358208955224,0.6604477611940298,0.9245585874799358,0.9302325581395349,0.9962363869314542,7.0,1.8256865605352963,,,,,,,,,,
ISIC_0014178,17,GlobalTransformer,20fc5122b11859a7c502674e29f9fe768ab80cc4,0.9428989751098097,0.8919667590027701,0.8375441517244482,0.8282828282828283,0.8470149253731343,0.9498525073746312,0.936046511627907,0.9975496476617552,5.0990195135927845,1.3385409388067997,0.6457142857142857,0.6704545454545454,0.30952380952380953,0.6904761904761905,0.32571428571428573,0.02976190476190476,0.68359375,1.27734375,3.0,0.78515625
ISIC_0014178,17,GlobalTransformer_DP,20fc5122b11859a7c502674e29f9fe768ab80cc4,0.9345189975747777,0.8770864946889226,0.7341176470588235,0.7407407407407407,0.7276119402985075,0.9355778569116219,0.9334625322997416,0.9968129404228059,7.0,1.6236798300882236,0.7169811320754716,0.29545454545454547,0.8392857142857143,0.16071428571428573,0.2830188679245283,0.0,0.20703125,0.28125,2.0,0.703125
ISIC_0014211,17,CNN,20fc5122b11859a7c502674e29f9fe768ab80cc4,0.9775990013177058,0.9561796228462895,0.9399760456974388,0.9577114427860697,0.9228855721393034,0.9867002659946801,0.9686641011544805,0.9983693786474425,2.23606797749979,0.8521777780113788,,,,,,,,,,
ISIC_0014211,17,GlobalTransformer,20fc5122b11859a7c502674e29f9fe768ab80cc4,0.9665580274904351,0.9352804058686411,0.8329151425375616,0.850632911392405,0.8159203980099502,0.9975138929511553,0.9374656404617921,0.9997082046000687,3.605551275463989,1.262607002842803,0.48205128205128206,0.8125,0.25416666666666665,0.7458333333333333,0.5128205128205128,0.11666666666666667,0.76171875,1.33984375,3.0,0.87890625
ISIC_0014211,17,GlobalTransformer_DP,20fc5122b11859a7c502674e29f9fe768ab80cc4,0.9713160854893138,0.9442318206670312,0.901743253656945,0.929471032745592,0.8756218905472637,0.9942429476108232,0.9494227597581089,0.9993134225883968,2.8284271247461903,1.0850971030273833,0.5041322314049587,0.75,0.5583333333333333,0.44166666666666665,0.38016528925619836,0.020833333333333332,0.47265625,0.640625,2.0,0.953125
ISIC_0014212,17,CNN,20fc5122b11859a7c502674e29f9fe768ab80cc4,0.9440753679628887,0.8940745762711865,0.34102788719811106,0.30397236614853196,0.3883720930232558,0.9300141043723554,0.9585683549456301,0.9203326697065057,20.143188537570865,5.203006189071247,,,,,,,,,,
ISIC_0014212,17,GlobalTransformer,20fc5122b11859a7c502674e29f9fe768ab80cc4,0.9442153493699885,0.8943257025062384,0.3463262651622856,0.31636363636363635,0.3825581395348837,0.9302036901201828,0.958655579461534,0.9205574465352258,21.0,5.215201010750091,,0.0,1.0,0.0,,0.0,0.0,0.0,0.0,0.296875
ISIC_0014212,17,GlobalTransformer_DP,20fc5122b11859a7c502674e29f9fe768ab80cc4,0.9442153493699885,0.8943257025062384,0.3463262651622856,0.31636363636363635,0.3825581395348837,0.9302036901201828,0.958655579461534,0.9205574465352258,21.0,5.215201010750091,,0.0,1.0,0.0,,0.0,0.0,0.0,0.0,0.296875
ISIC_0014217,17,CNN,20fc5122b11859a7c502674e29f9fe768ab80cc4,0.9559268235142728,0.9155745450063678,0.58782289078719,0.5573770491803278,0.6217870257037944,0.956480686695279,0.955373601406096,0.9759766874363287,12.649110640673518,2.9260647340915953,,,,,,,,,,
ISIC_0014217,17,GlobalTransformer,20fc5122b11859a7c502674e29f9fe768ab80cc4,0.9564154261936425,0.9164714103670818,0.5995160803822398,0.579849946409432,0.620563035495716,0.957072333118695,0.9557594204141124,0.9763083702527897,12.335919003896882,2.876440990233484,,0.0,1.0,0.0,,0.0,0.0,0.0,0.0,0.50390625
ISIC_0014217,17,GlobalTransformer_DP,20fc5122b11859a7c502674e29f9fe768ab80cc4,0.9564154261936425,0.9164714103670818,0.5995160803822398,0.579849946409432,0.620563035495716,0.957072333118695,0.9557594204141124,0.9763083702527897,12.335919003896882,2.876440990233484,,0.0,1.0,0.0,,0.0,0.0,0.0,0.0,0.50390625
ISIC_0014302,17,CNN,20fc5122b11859a7c502674e29f9fe768ab80cc4,0.9504310344827587,0.9055441478439425,0.883091100708316,0.8896103896103896,0.8766666666666667,0.9236983842010772,0.9787571337983513,0.9959122823891507,3.0,1.1044914605649871,,,,,,,,,,
ISIC_0014302,17,GlobalTransformer,20fc5122b11859a7c502674e29f9fe768ab80cc4,0.9553198328511733,0.9144615384615384,0.8702516033547114,0.782608695652174,0.98,0.9687092568448501,0.9422954977805961,0.9984610945465038,5.385164807134504,1.1145183928922342,0.6699029126213593,0.9428571428571428,0.25268817204301075,0.7473118279569892,0.30097087378640774,0.021505376344086023,0.8046875,1.99609375,3.0,0.9375
ISIC_0014302,17,GlobalTransformer_DP,20fc5122b11859a7c502674e29f9fe768ab80cc4,0.9581654787728541,0.9196906603212374,0.9591703899829004,0.9650793650793651,0.9533333333333334,0.936969696969697,0.9803424223208624,0.9966657048507582,2.0,0.8952824288387201,0.7560975609756098,0.4857142857142857,0.7419354838709677,0.25806451612903225,0.21951219512195122,0.021505376344086023,0.3203125,0.375,2.0,0.77734375
ISIC_0014310,17,CNN,20fc5122b11859a7c502674e29f9fe768ab80cc4,0.9635310690248865,0.9296285110238599,0.9334466527196653,0.9453125,0.921875,0.9651928504233303,0.961875,0.9982193275154004,2.23606797749979,0.9504472166120705,,,,,,,,,,
ISIC_0014310,17,GlobalTransformer,20fc5122b11859a7c502674e29f9fe768ab80cc4,0.973987072363235,0.9492931776275353,0.9804304519354712,0.9803921568627451,0.98046875,0.9828189627744194,0.9653125,0.999133726899384,2.0,0.6552526309841977,0.5743589743589743,0.7878787878787878,0.242152466367713,0.757847533632287,0.22564102564102564,0.004484304932735426,0.76171875,0.89453125,2.0,0.9453125
ISIC_0014310,17,GlobalTransformer_DP,20fc5122b11859a7c502674e29f9fe768ab80cc4,0.9688234372552091,0.9395320571254938,0.955117239403897,0.9610894941634242,0.94921875,0.9714106189129752,0.96625,0.9985401694045175,2.0590169943749475,0.7971953334307905,0.7727272727272727,0.3939393939393939,0.7623318385650224,0.23766816143497757,0.13636363636363635,0.0,0.2578125,0.2578125,1.0,0.91796875
ISIC_0014382,17,CNN,20fc5122b11859a7c502674e29f9fe768ab80cc4,0.9536631592706359,0.9114303560274828,0.5889790752296814,0.5927601809954751,0.5852459016393443,0.9193548387096774,0.9906313645621181,0.974806125260796,9.432576873454527,2.6120599844711907,,,,,,,,,,
ISIC_0014382,17,GlobalTransformer,20fc5122b11859a7c502674e29f9fe768ab80cc4,0.9583938713512086,0.9201115901597768,0.6809891406515609,0.6689750692520776,0.6934426229508197,0.933007586472933,0.9852002715546504,0.9794906113451167,8.039933516176786,2.239821555327264,0.9107142857142857,0.2483221476510067,0.822429906542056,0.17757009345794392,0.08928571428571429,0.018691588785046728,0.21875,0.63671875,3.0,0.53515625
ISIC_0014382,17,GlobalTransformer_DP,20fc5122b11859a7c502674e29f9fe768ab80cc4,0.953728514476178,0.9115497532637891,0.5869349733007898,0.5954198473282443,0.578688524590164,0.9194178427419355,0.9906992532247114,0.9748258079754359,9.107040231150929,2.612934920484358,,0.0,1.0,0.0,,0.0,0.0,0.0,0.0,0.41796875
ISIC_0014428,17,CNN,20fc5122b11859a7c502674e29f9fe768ab80cc4,0.9313959904359022,0.8716006884681583,0.7101303911735206,0.759656652360515,0.6666666666666666,0.9817758821248546,0.8859342197340798,0.999250135613772,4.242640687119285,1.672843062583426,,,,,,,,,,
ISIC_0014428,17,GlobalTransformer,20fc5122b11859a7c502674e29f9fe768ab80cc4,0.9254460093896714,0.8612373296050332,0.6751947181100737,0.7327586206896551,0.6260162601626016,0.9987839481151196,0.8621413575927221,0.9999521363157727,4.0,1.7612326840226975,0.6423357664233577,0.5094339622641509,0.458128078817734,0.541871921182266,0.35036496350364965,0.07389162561576355,0.53515625,0.84765625,2.0,0.82421875
ISIC_0014428,17,GlobalTransformer_DP,20fc5122b11859a7c502674e29f9fe768ab80cc4,0.933234968646256,0.8748271092669433,0.71332826142086,0.7617021276595745,0.6707317073170732,0.9867394695787831,0.8852344296710987,0.9994575449120904,4.242640687119285,1.610333633317511,0.9090909090909091,0.09433962264150944,0.916256157635468,0.08374384236453201,0.09090909090909091,0.0,0.0859375,0.09765625,1.0,0.8125
ISIC_0014558,17,CNN,20fc5122b11859a7c502674e29f9fe768ab80cc4,0.9407299270072993,0.8880926130099228,0.520045394538759,0.551433389544688,0.49203821656050956,0.8918149466192171,0.9953221535745808,0.9747629413718039,17.204650534085253,3.295606848710236,,,,,,,,,,
ISIC_0014558,17,GlobalTransformer,20fc5122b11859a7c502674e29f9fe768ab80cc4,0.9526559381767229,0.90959215113922,0.6424408153899108,0.6496913580246914,0.6353503184713376,0.9179281564520089,0.9901147396293027,0.9814965133011105,14.759021608253384,2.5724554853115698,0.9655172413793104,0.4125,0.78125,0.21875,0.034482758620689655,0.0,0.33984375,0.890625,3.0,0.546875
ISIC_0014558,17,GlobalTransformer_DP,20fc5122b11859a7c502674e29f9fe768ab80cc4,0.9415890777003048,0.8896252465483234,0.5246297110263828,0.5557432432432432,0.4968152866242038,0.8934315822834957,0.9952338923212709,0.9751872486440616,17.204650534085253,3.258955060566827,1.0,0.0375,1.0,0.0,0.0,0.0,0.0234375,0.04296875,0.0,0.375
ISIC_0014568,17,CNN,20fc5122b11859a7c502674e29f9fe768ab80cc4,0.7846705266060104,0.645644283121597,0.30796709123586474,0.29584352078239606,0.3211267605633803,0.9228274967574579,0.6824940047961631,0.9939778343820111,84.25430427320384,13.765721676254719,,,,,,,,,,
ISIC_0014568,17,GlobalTransformer,20fc5122b11859a7c502674e29f9fe768ab80cc4,0.7878732200275609,0.6499924207973321,0.3585927046621249,0.34151785714285715,0.37746478873239436,0.926133909287257,0.6855315747402079,0.9942308665508341,83.73122331974302,13.060096722214807,0.7407407407407407,0.0935672514619883,0.9058823529411765,0.09411764705882353,0.25925925925925924,0.03529411764705882,0.10546875,0.30859375,3.0,0.37890625
ISIC_0014568,17,GlobalTransformer_DP,20fc5122b11859a7c502674e29f9fe768ab80cc4,0.7846705266060104,0.645644283121597,0.30796709123586474,0.29584352078239606,0.3211267605633803,0.9228274967574579,0.6824940047961631,0.9939778343820111,84.25430427320384,13.765721676254719,,0.0,1.0,0.0,,0.0,0.0,0.0,0.0,0.33203125
ISIC_0014572,17,CNN,20fc5122b11859a7c502674e29f9fe768ab80cc4,0.9328990228013029,0.8742368742368742,0.6110756617746581,0.6233333333333333,0.599290780141844,0.8763769889840881,0.9972144846796658,0.9918477383527589,5.0,1.946727449959422,,,,,,,,,,
ISIC_0014572,17,GlobalTransformer,20fc5122b11859a7c502674e29f9fe768ab80cc4,0.9525833444016469,0.9094598021810804,0.8563111350247645,0.8766666666666667,0.8368794326241135,0.9103833460269104,0.9988857938718663,0.9943014883931166,2.8284271247461903,1.3045912784340612,0.6226415094339622,0.7238805970149254,0.4918032786885246,0.5081967213114754,0.3710691823899371,0.12295081967213115,0.62109375,1.08984375,3.0,0.56640625
ISIC_0014572,17,GlobalTransformer_DP,20fc5122b11859a7c502674e29f9fe768ab80cc4,0.9353363814500326,0.8785276073619632,0.6307130652374862,0.6411960132890365,0.6205673758865248,0.8806888068880688,0.9972144846796658,0.9921706002001743,5.0,1.871774608982139,1.0,0.16417910447761194,1.0,0.0,0.0,0.0,0.0859375,0.09375,1.0,0.48046875
ISIC_0014597,17,CNN,20fc5122b11859a7c502674e29f9fe768ab80cc4,0.8587135788894997,0.7524084778420038,0.6091665222665049,0.6013513513513513,0.6171875,0.7545893719806763,0.9961734693877551,0.996077341240425,5.0,2.0127339494550025,,,,,,,,,,
ISIC_0014597,17,GlobalTransformer,20fc5122b11859a7c502674e29f9fe768ab80cc4,0.7305151915455746,0.5754422476586889,0.6304863269929922,0.46731234866828086,0.96875,0.7575342465753425,0.7053571428571429,0.9972664936990363,9.121048865799601,2.7236937930951783,0.5963855421686747,0.5592105263157895,0.2692307692307692,0.7307692307692307,0.4036144578313253,0.17307692307692307,0.6484375,3.80859375,28.25,0.41796875
ISIC_0014597,17,GlobalTransformer_DP,20fc5122b11859a7c502674e29f9fe768ab80cc4,0.8552703440742764,0.7471374045801527,0.611881862286152,0.6066666666666667,0.6171875,0.7478510028653295,0.9987244897959183,0.9959229058561898,5.0,2.048885106697279,0.20833333333333334,0.05263157894736842,0.625,0.375,0.7916666666666666,0.0673076923076923,0.1875,0.1875,1.0,0.3828125
ISIC_0014601,17,CNN,20fc5122b11859a7c502674e29f9fe768ab80cc4,0.8456303077757031,0.7325472190337056,0.12415322084000492,0.12413793103448276,0.12416851441241686,0.9899873078550275,0.7380151387720774,0.9987326859917178,16.0,7.118649880356731,,,,,,,,,,
ISIC_0014601,17,GlobalTransformer,20fc5122b11859a7c502674e29f9fe768ab80cc4,0.8451380552220888,0.7318087318087318,0.12050932241928149,0.11910112359550562,0.12195121951219512,0.9848908785674314,0.7401177460050462,0.9980722547479651,16.0,7.041602638150745,0.5,0.028846153846153848,0.9375,0.0625,0.5,0.020833333333333332,0.0546875,0.15234375,2.0,0.18359375
ISIC_0014601,17,GlobalTransformer_DP,20fc5122b11859a7c502674e29f9fe768ab80cc4,0.8456303077757031,0.7325472190337056,0.12487095841764051,0.12558139534883722,0.12416851441241686,0.9899873078550275,0.7380151387720774,0.9987326859917178,16.0,7.088040521704804,,0.0,1.0,0.0,,0.0,0.0,0.0,0.0,0.1875
ISIC_0014608,17,CNN,20fc5122b11859a7c502674e29f9fe768ab80cc4,0.9565853212686226,0.9167834618079888,0.6179690141173453,0.6309963099630996,0.60546875,0.9182312686436217,0.9982830980541778,0.983070551478602,6.0,1.989452076782064,,,,,,,,,,
ISIC_0014608,17,GlobalTransformer,20fc5122b11859a7c502674e29f9fe768ab80cc4,0.9583066067992303,0.9199507389162561,0.6589731820864206,0.6637168141592921,0.654296875,0.9220596014812202,0.9975200305227012,0.9839424544067427,5.525483399593875,1.8468707901043675,0.6941176470588235,0.35374149659863946,0.7155963302752294,0.28440366972477066,0.3058823529411765,0.1743119266055046,0.33203125,0.59375,3.0,0.46875
ISIC_0014608,17,GlobalTransformer_DP,20fc5122b11859a7c502674e29f9fe768ab80cc4,0.9571539622296401,0.9178286415855477,0.6259459084764953,0.6370370370370371,0.615234375,0.9192797540623627,0.9982830980541778,0.9833066918549734,6.0,1.9598884544716586,1.0,0.027210884353741496,0.981651376146789,0.01834862385321101,0.0,0.0,0.0234375,0.0234375,0.0,0.4375
ISIC_0014610,17,CNN,20fc5122b11859a7c502674e29f9fe768ab80cc4,0.8691042047531993,0.7685095376656967,0.4626957184943696,0.44673539518900346,0.4798387096774194,0.7732595966167859,0.9920701168614358,0.9889610389610389,8.773298588520893,3.017195168059618,,,,,,,,,,
ISIC_0014610,17,GlobalTransformer,20fc5122b11859a7c502674e29f9fe768ab80cc4,0.8585858585858586,0.7522123893805309,0.5632590435076588,0.4618320610687023,0.7217741935483871,0.7779661016949152,0.9578464106844741,0.9896262274311055,9.038718153916674,2.8346192323966233,0.4068965517241379,0.2972972972972973,0.39436619718309857,0.6056338028169014,0.593103448275862,0.2676056338028169,0.56640625,2.29296875,3.0,0.34375
ISIC_0014610,17,GlobalTransformer_DP,20fc5122b11859a7c502674e29f9fe768ab80cc4,0.8673822084773513,0.7658207516864761,0.46781976744186043,0.44932432432432434,0.4879032258064516,0.7687842631409223,0.994991652754591,0.9886442825467215,9.273153625983817,3.069559695681317,0.14705882352941177,0.005405405405405406,0.7464788732394366,0.2535211267605634,0.8235294117647058,0.0,0.1328125,0.1328125,1.0,0.27734375
ISIC_0014611,17,CNN,20fc5122b11859a7c502674e29f9fe768ab80cc4,0.5089735171810024,0.3413577981651376,0.0041928721174004195,0.004761904761904762,0.003745318352059925,0.9965716734518963,0.3417591299875083,0.9996918751323974,60.84488020425262,23.57625434304185,,,,,,,,,,
ISIC_0014611,17,GlobalTransformer,20fc5122b11859a7c502674e29f9fe768ab80cc4,0.5089735171810024,0.3413577981651376,0.0041928721174004195,0.004761904761904762,0.003745318352059925,0.9965716734518963,0.3417591299875083,0.9996918751323974,60.84488020425262,23.57625434304185,,0.0,,,,,0.0,0.0,0.0,0.0
ISIC_0014611,17,GlobalTransformer_DP,20fc5122b11859a7c502674e29f9fe768ab80cc4,0.5089735171810024,0.3413577981651376,0.0041928721174004195,0.004761904761904762,0.003745318352059925,0.9965716734518963,0.3417591299875083,0.9996918751323974,60.84488020425262,23.57625434304185,,0.0,,,,,0.0,0.0,0.0,0.0
ISIC_0014616,17,CNN,20fc5122b11859a7c502674e29f9fe768ab80cc4,0.9172278948511841,0.8471107544141252,0.6387920257911704,0.6636363636363637,0.6157407407407407,0.9150411790203727,0.919425087108014,0.9969006957621759,3.7041634565979917,1.864058269516685,,,,,,,,,,
ISIC_0014616,17,GlobalTransformer,20fc5122b11859a7c502674e29f9fe768ab80cc4,0.9503938684266553,0.9054766734279919,0.8693106201756721,0.8875,0.8518518518518519,0.929612661391087,0.9721254355400697,0.9973276407337128,2.8284271247461903,1.0727517937675688,0.8413793103448276,0.5413533834586466,0.42276422764227645,0.5772357723577236,0.15862068965517243,0.04878048780487805,0.56640625,1.078125,2.0,0.71875
ISIC_0014616,17,GlobalTransformer_DP,20fc5122b11859a7c502674e29f9fe768ab80cc4,0.9258620689655173,0.8619582664526485,0.7264585465711362,0.7455357142857143,0.7083333333333334,0.9163822525597269,0.9355400696864111,0.9969006957621759,3.0,1.6589174395775454,1.0,0.2706766917293233,0.8861788617886179,0.11382113821138211,0.0,0.0,0.1953125,0.21875,1.0,0.58203125
ISIC_0014618,17,CNN,20fc5122b11859a7c502674e29f9fe768ab80cc4,0.9232769830949284,0.857487922705314,0.7108550214625468,0.7709923664122137,0.6594202898550725,0.920711374583179,0.9258569299552906,0.9965951759689429,5.207737973711325,1.696994142755113,,,,,,,,,,
ISIC_0014618,17,GlobalTransformer,20fc5122b11859a7c502674e29f9fe768ab80cc4,0.9378904814406468,0.8830449826989619,0.8658173859363602,0.8926174496644296,0.8405797101449275,0.9253081943437274,0.9508196721311475,0.9967224591102909,5.207737973711325,1.2947882006082414,0.7083333333333334,0.323943661971831,0.7351351351351352,0.2648648648648649,0.2916666666666667,0.021621621621621623,0.28125,0.53125,2.0,0.78515625
ISIC_0014618,17,GlobalTransformer_DP,20fc5122b11859a7c502674e29f9fe768ab80cc4,0.9256719184430028,0.8616287094547964,0.7419898512303333,0.7902621722846442,0.6992753623188406,0.9210623386204353,0.930327868852459,0.9965951759689429,5.207737973711325,1.640243188327654,0.8181818181818182,0.07042253521126761,0.9675675675675676,0.032432432432432434,0.09090909090909091,0.0,0.04296875,0.05078125,0.0,0.7421875
ISIC_0014620,17,CNN,20fc5122b11859a7c502674e29f9fe768ab80cc4,0.7874637872004214,0.6494352736750652,0.07591952216284187,0.08778625954198473,0.06687898089171974,1.0,0.6494352736750652,1.0,17.0,6.729998327565753,,,,,,,,,,
ISIC_0014620,17,GlobalTransformer,20fc5122b11859a7c502674e29f9fe768ab80cc4,0.7874637872004214,0.6494352736750652,0.07591952216284187,0.08778625954198473,0.06687898089171974,1.0,0.6494352736750652,1.0,17.0,6.729998327565753,,0.0,1.0,0.0,,0.0,0.0,0.0,0.0,0.09375
ISIC_0014620,17,GlobalTransformer_DP,20fc5122b11859a7c502674e29f9fe768ab80cc4,0.7874637872004214,0.6494352736750652,0.07591952216284187,0.08778625954198473,0.06687898089171974,1.0,0.6494352736750652,1.0,17.0,6.729998327565753,,0.0,1.0,0.0,,0.0,0.0,0.0,0.0,0.09375
ISIC_0014623,17,CNN,20fc5122b11859a7c502674e29f9fe768ab80cc4,0.9348496316945741,0.8776691625069329,0.23328417796640652,0.23389830508474577,0.23267326732673269,0.8781866740661094,0.9993290179981055,0.912636815920398,11.40175425099138,5.041744693315047,,,,,,,,,,
ISIC_0014623,17,GlobalTransformer,20fc5122b11859a7c502674e29f9fe768ab80cc4,0.9349431398611726,0.8778340151147472,0.23229475645331307,0.23705408515535098,0.22772277227722773,0.8782602663706992,0.9994474265866751,0.9126865671641791,11.557843974210888,5.065760720213152,1.0,0.004694835680751174,1.0,0.0,0.0,0.0,0.00390625,0.0078125,0.0,0.16796875
ISIC_0014623,17,GlobalTransformer_DP,20fc5122b11859a7c502674e29f9fe768ab80cc4,0.9348568475070607,0.8776818827770267,0.2317408827287919,0.23590333716915995,0.22772277227722773,0.8781079862676423,0.9994474265866751,0.9125621890547264,11.557843974210888,5.07183118832882,,0.0,1.0,0.0,,0.0,0.0,0.0,0.0,0.16796875
ISIC_0014624,17,CNN,20fc5122b11859a7c502674e29f9fe768ab80cc4,0.9484400175772667,0.9019362028137624,0.680294534475322,0.6911111111111111,0.6698113207547169,0.9053411633109619,0.9958474315595202,0.9885320323881154,3.605551275463989,1.7367395010054967,,,,,,,,,,
ISIC_0014624,17,GlobalTransformer,20fc5122b11859a7c502674e29f9fe768ab80cc4,0.9537948795637025,0.91167101071532,0.8347438962076317,0.8253638253638254,0.8443396226415094,0.9397014925373134,0.96831744078745,0.9931564860927601,3.1622776601683795,1.2436775012829153,0.8540145985401459,0.6103896103896104,0.6176470588235294,0.38235294117647056,0.145985401459854,0.0784313725490196,0.53515625,1.83984375,3.0,0.67578125
ISIC_0014624,17,GlobalTransformer_DP,20fc5122b11859a7c502674e29f9fe768ab80cc4,0.9522058823529411,0.9087719298245615,0.7445759053197202,0.7662921348314606,0.7240566037735849,0.9122287968441815,0.9958474315595202,0.9894467594945285,3.0,1.5809551591007354,0.8478260869565217,0.23376623376623376,0.9019607843137255,0.09803921568627451,0.15217391304347827,0.0392156862745098,0.1796875,0.21875,1.0,0.40625
ISIC_0014633,17,CNN,20fc5122b11859a7c502674e29f9fe768ab80cc4,0.8226120857699805,0.6986754966887417,0.35359116022099457,0.32323232323232326,0.3902439024390244,0.7025527192008879,0.9921630094043887,0.9916588857765328,8.0,3.396002042764262,,,,,,,,,,
ISIC_0014633,17,GlobalTransformer,20fc5122b11859a7c502674e29f9fe768ab80cc4,0.7676912080057183,0.622969837587007,0.4824398003997443,0.37115839243498816,0.6890243902439024,0.7056504599211564,0.841692789968652,0.9930283224400871,7.2732091554452625,2.9394969132638025,0.5050505050505051,0.2840909090909091,0.425,0.575,0.494949494949495,0.3625,0.38671875,2.92578125,32.0,0.2265625
ISIC_0014633,17,GlobalTransformer_DP,20fc5122b11859a7c502674e29f9fe768ab80cc4,0.8226120857699805,0.6986754966887417,0.35359116022099457,0.32323232323232326,0.3902439024390244,0.7025527192008879,0.9921630094043887,0.9916588857765328,8.0,3.396002042764262,,0.0,1.0,0.0,,0.0,0.0,0.0,0.0,0.3125
ISIC_0014635,17,CNN,20fc5122b11859a7c502674e29f9fe768ab80cc4,0.7281517292673857,0.572514619883041,0.11949950794320259,0.13227513227513227,0.10897435897435898,0.9066493795147249,0.608376833209048,0.9912332579579057,51.49777256293161,11.754722942860283,,,,,,,,,,
ISIC_0014635,17,GlobalTransformer,20fc5122b11859a7c502674e29f9fe768ab80cc4,0.7570596475705965,0.6090876735081268,0.28922796629469366,0.3016627078384798,0.2777777777777778,0.9305782127968099,0.6380810340541884,0.9933379718211863,46.87232094034154,10.009188337214683,0.8914728682170543,0.4818181818181818,0.3611111111111111,0.6388888888888888,0.10852713178294573,0.027777777777777776,0.50390625,1.359375,4.0,0.26953125
ISIC_0014635,17,GlobalTransformer_DP,20fc5122b11859a7c502674e29f9fe768ab80cc4,0.7282600609982891,0.5726485727655592,0.11949950794320259,0.13227513227513227,0.10897435897435898,0.9069853622382805,0.608376833209048,0.9912680466168029,51.49777256293161,11.745843012739613,1.0,0.00909090909090909,1.0,0.0,0.0,0.0,0.0078125,0.0078125,0.0,0.140625
ISIC_0014637,17,CNN,20fc5122b11859a7c502674e29f9fe768ab80cc4,0.8929814385150812,0.8066544406602043,0.398093422306959,0.4044943820224719,0.3918918918918919,0.9935463052597612,0.810903344745852,0.9996760556536387,7.228354385516113,2.9918263054200023,,,,,,,,,,
ISIC_0014637,17,GlobalTransformer,20fc5122b11859a7c502674e29f9fe768ab80cc4,0.8976197304273014,0.8142559833506764,0.3705806509986655,0.3223350253807107,0.4358108108108108,0.9852061693421467,0.8243350013168291,0.999238730786051,13.152946437965905,3.6574751850705494,0.5347222222222222,0.5158730158730159,0.5384615384615384,0.46153846153846156,0.4652777777777778,0.15384615384615385,0.5625,1.5234375,4.0,0.5390625
ISIC_0014637,17,GlobalTransformer_DP,20fc5122b11859a7c502674e29f9fe768ab80cc4,0.8960231381055676,0.8116321718627194,0.4070753574024715,0.40875912408759124,0.40540540540540543,0.9935856318152662,0.8159072952330787,0.9996760556536387,7.0710678118654755,2.876170963610526,0.75,0.09523809523809523,0.9769230769230769,0.023076923076923078,0.25,0.007692307692307693,0.0625,0.11328125,1.0,0.51953125
ISIC_0014688,17,CNN,20fc5122b11859a7c502674e29f9fe768ab80cc4,0.9526472477852883,0.9095763063312137,0.3447558283245481,0.31221719457013575,0.38486574450772987,0.9325384874306872,0.9736423498076354,0.6680613668061367,17.029386365926403,5.081327985238298,,,,,,,,,,
ISIC_0014688,17,GlobalTransformer,20fc5122b11859a7c502674e29f9fe768ab80cc4,0.951759749966028,0.9079595540575577,0.33407971570321354,0.31130063965884863,0.36045565500406834,0.9326894053727739,0.9716262207753773,0.6695432357043236,17.484273738147024,5.275370854873599,0.0,0.0,1.0,0.0,1.0,0.0,0.0078125,0.1171875,0.0,0.27734375
ISIC_0014688,17,GlobalTransformer_DP,20fc5122b11859a7c502674e29f9fe768ab80cc4,0.9526421549991854,0.9095670210007778,0.3371657496148904,0.31670281995661603,0.36045565500406834,0.9328003687028043,0.9733464042616159,0.6695432357043236,17.029386365926403,5.151064764094415,,0.0,1.0,0.0,,0.0,0.0,0.0,0.0,0.27734375
ISIC_0014712,17,CNN,20fc5122b11859a7c502674e29f9fe768ab80cc4,0.7169766783117741,0.5588181182617654,0.011257789988608189,0.010408921933085501,0.012257405515832482,1.0,0.5588181182617654,1.0,49.0,29.400716947873388,,,,,,,,,,
ISIC_0014712,17,GlobalTransformer,20fc5122b11859a7c502674e29f9fe768ab80cc4,0.7169009595977479,0.5587261287117783,0.009263547938860583,0.00847457627118644,0.010214504596527068,1.0,0.5587261287117783,1.0,49.0,29.439715830177164,,0.0,1.0,0.0,,0.0,0.0,0.0,0.0,0.01171875
ISIC_0014712,17,GlobalTransformer_DP,20fc5122b11859a7c502674e29f9fe768ab80cc4,0.7169009595977479,0.5587261287117783,0.009263547938860583,0.00847457627118644,0.010214504596527068,1.0,0.5587261287117783,1.0,49.0,29.439715830177164,,0.0,1.0,0.0,,0.0,0.0,0.0,0.0,0.01171875
ISIC_0014809,17,CNN,20fc5122b11859a7c502674e29f9fe768ab80cc4,0.9614606286819265,0.9257815882913311,0.6754570457854717,0.6944444444444444,0.65748031496063,0.9294843926615077,0.995715350223547,0.9852007299270072,4.47213595499958,1.8094146803202404,,,,,,,,,,
ISIC_0014809,17,GlobalTransformer,20fc5122b11859a7c502674e29f9fe768ab80cc4,0.975609756097561,0.9523809523809523,0.8657532854626745,0.8733705772811918,0.8582677165354331,0.9588917873527031,0.9929210134128167,0.9916605839416058,3.605551275463989,1.1077780058853408,0.9214285714285714,0.7553956834532374,0.7350427350427351,0.26495726495726496,0.07857142857142857,0.008547008547008548,0.546875,1.01953125,2.0,0.76953125
ISIC_0014809,17,GlobalTransformer_DP,20fc5122b11859a7c502674e29f9fe768ab80cc4,0.9653583848967978,0.9330364938012922,0.7527138402777948,0.7721280602636534,0.734251968503937,0.9370451556334941,0.9954359165424739,0.9868978102189782,4.815247584249841,1.6206402238480326,0.94,0.28776978417266186,0.9230769230769231,0.07692307692307693,0.06,0.0,0.1953125,0.2734375,2.0,0.5546875
ISIC_0014829,17,CNN,20fc5122b11859a7c502674e29f9fe768ab80cc4,0.9451896009273059,0.8960753532182104,0.6589809738793938,0.6767676767676768,0.6421052631578947,0.9179800578964297,0.974061433447099,0.9914538507942892,4.0,1.8241193793765245,,,,,,,,,,
ISIC_0014829,17,GlobalTransformer,20fc5122b11859a7c502674e29f9fe768ab80cc4,0.9661002620677995,0.9344235486508585,0.9350929038073188,0.941320293398533,0.9289473684210526,0.9572792762606802,0.9750853242320819,0.9957269253971446,2.23606797749979,1.0597248331318596,0.9339622641509434,0.7603305785123967,0.8962962962962963,0.1037037037037037,0.05660377358490566,0.014814814814814815,0.4140625,0.921875,3.0,0.76953125
ISIC_0014829,17,GlobalTransformer_DP,20fc5122b11859a7c502674e29f9fe768ab80cc4,0.9481198638665228,0.9013573232323232,0.703030303030303,0.72,0.6868421052631579,0.9230644900598028,0.9745733788395905,0.9920235940746699,4.0,1.7035089669289023,0.9444444444444444,0.12396694214876033,0.9777777777777777,0.022222222222222223,0.05555555555555555,0.0,0.0703125,0.125,2.0,0.55078125
ISIC_0014857,17,CNN,20fc5122b11859a7c502674e29f9fe768ab80cc4,0.9687545520757466,0.9394025001765661,0.5919016910686115,0.5797235023041475,0.604602510460251,0.9571589627959414,0.9806345383500037,0.928114308714027,12.497834644283923,3.248046134408161,,,,,,,,,,
ISIC_0014857,17,GlobalTransformer,20fc5122b11859a7c502674e29f9fe768ab80cc4,0.9695694989848395,0.9409363348907452,0.6180516006557942,0.6020408163265306,0.6349372384937239,0.959410038015495,0.9799464254994962,0.9320990138860937,12.083045973594572,3.1738942792140996,0.7142857142857143,0.041666666666666664,1.0,0.0,0.2857142857142857,0.0,0.02734375,0.1953125,0.0,0.55078125
ISIC_0014857,17,GlobalTransformer_DP,20fc5122b11859a7c502674e29f9fe768ab80cc4,0.9690731659950478,0.9400018837713101,0.6006089614383089,0.5976900866217517,0.6035564853556485,0.9573830251576853,0.9810523211520975,0.9284765546387603,12.083045973594572,3.226643318849079,,0.0,1.0,0.0,,0.0,0.0,0.0,0.0,0.53125
ISIC_0014931,17,CNN,20fc5122b11859a7c502674e29f9fe768ab80cc4,0.9246552200755598,0.8598686089688661,0.48675292667898956,0.5851851851851851,0.4166666666666667,0.9946474591951364,0.8638659320477502,0.9983164283338876,34.46372105616911,5.827619564784372,,,,,,,,,,
ISIC_0014931,17,GlobalTransformer,20fc5122b11859a7c502674e29f9fe768ab80cc4,0.9159669092492381,0.8449621299058986,0.4071074461296814,0.4855403348554033,0.35049019607843135,0.9997284453496266,0.8451561065197429,0.9999168606584636,35.608987629529715,6.442017425667103,0.2876712328767123,0.10784313725490197,0.6818181818181818,0.3181818181818182,0.7123287671232876,0.15584415584415584,0.28515625,0.87109375,4.0,0.546875
ISIC_0014931,17,GlobalTransformer_DP,20fc5122b11859a7c502674e29f9fe768ab80cc4,0.9250684131230207,0.86058352402746,0.49308545287101574,0.5962732919254659,0.42034313725490197,0.9962911451089476,0.8633494031221304,0.9988360492184902,35.02852493303972,5.959286477752422,0.8333333333333334,0.049019607843137254,0.9935064935064936,0.006493506493506494,0.16666666666666666,0.006493506493506494,0.0234375,0.0625,0.0,0.6171875
ISIC_0014937,17,CNN,20fc5122b11859a7c502674e29f9fe768ab80cc4,0.9550954089577067,0.9140503517215846,0.24762103970683713,0.2079407806191117,0.30601659751037347,0.914202662420618,0.9998177621188191,0.7130650154798761,26.138351072892,6.126804365850559,,,,,,,,,,
ISIC_0014937,17,GlobalTransformer,20fc5122b11859a7c502674e29f9fe768ab80cc4,0.9549098293284339,0.9137104683654398,0.25199004831531374,0.21572871572871574,0.3029045643153527,0.9138795831868071,0.9997975134653545,0.7118885448916409,27.127779573781446,6.123904751091869,,0.0,1.0,0.0,,0.0,0.0,0.0,0.0,0.21875
ISIC_0014937,17,GlobalTransformer_DP,20fc5122b11859a7c502674e29f9fe768ab80cc4,0.9549098293284339,0.9137104683654398,0.25199004831531374,0.21572871572871574,0.3029045643153527,0.9138795831868071,0.9997975134653545,0.7118885448916409,27.127779573781446,6.123904751091869,,0.0,1.0,0.0,,0.0,0.0,0.0,0.0,0.21875
ISIC_0014945,17,CNN,20fc5122b11859a7c502674e29f9fe768ab80cc4,0.9467578822129684,0.8988986162101101,0.7766936108160657,0.8233082706766918,0.7350746268656716,0.9633777239709443,0.9307017543859649,0.9980520316826582,3.605551275463989,1.4324996499366385,,,,,,,,,,
ISIC_0014945,17,GlobalTransformer,20fc5122b11859a7c502674e29f9fe768ab80cc4,0.9555049354593774,0.9148008141901716,0.8290495704806159,0.8664122137404581,0.7947761194029851,0.993996840442338,0.9198830409356725,0.9996941206774422,3.1622776601683795,1.1846283014228285,0.8444444444444444,0.8333333333333334,0.5789473684210527,0.42105263157894735,0.15555555555555556,0.0,0.52734375,0.8828125,2.0,0.9296875
ISIC_0014945,17,GlobalTransformer_DP,20fc5122b11859a7c502674e29f9fe768ab80cc4,0.9551744885679904,0.9141952202706594,0.8179858491386054,0.851145038167939,0.7873134328358209,0.9835811648079306,0.9283625730994152,0.9991467576791809,3.605551275463989,1.209250470554324,1.0,0.5454545454545454,0.8578947368421053,0.14210526315789473,0.0,0.0,0.24609375,0.37109375,2.0,0.87890625
ISIC_0014946,17,CNN,20fc5122b11859a7c502674e29f9fe768ab80cc4,0.9720695625988105,0.9456569503442215,0.6805192375009881,0.7043090638930164,0.658284023668639,0.993587441645719,0.9514639418353311,0.9972332890659584,5.0990195135927845,1.8102447802129333,,,,,,,,,,
ISIC_0014946,17,GlobalTransformer,20fc5122b11859a7c502674e29f9fe768ab80cc4,0.9693384352029,0.9405011968150065,0.6153775119515261,0.6375739644970414,0.5946745562130178,0.9940623709211069,0.9458145018667715,0.9974546259406817,5.385164807134504,2.0077847994690936,0.21875,0.05952380952380952,0.8546511627906976,0.14534883720930233,0.78125,0.06976744186046512,0.125,0.3203125,3.0,0.6328125
ISIC_0014946,17,GlobalTransformer_DP,20fc5122b11859a7c502674e29f9fe768ab80cc4,0.9720925563419164,0.9457004736559402,0.681664480277685,0.706766917293233,0.658284023668639,0.9936890713186249,0.9514148162703872,0.9972775564409031,5.170555836978214,1.8119083205658966,,0.0,1.0,0.0,,0.0,0.0,0.0,0.0,0.671875
ISIC_0014979,17,CNN,20fc5122b11859a7c502674e29f9fe768ab80cc4,0.13153864753768035,0.07039944784746786,0.032351199289310045,0.05764411027568922,0.022485207100591716,0.9979616795760293,0.0704095720202485,0.9998374934997399,136.727951697585,53.69750470233904,,,,,,,,,,
ISIC_0014979,17,GlobalTransformer,20fc5122b11859a7c502674e29f9fe768ab80cc4,0.13153864753768035,0.07039944784746786,0.032351199289310045,0.05764411027568922,0.022485207100591716,0.9979616795760293,0.0704095720202485,0.9998374934997399,136.727951697585,53.69750470233904,,0.0,1.0,0.0,,0.0,0.0,0.0,0.0,0.10546875
ISIC_0014979,17,GlobalTransformer_DP,20fc5122b11859a7c502674e29f9fe768ab80cc4,0.13153864753768035,0.07039944784746786,0.032351199289310045,0.05764411027568922,0.022485207100591716,0.9979616795760293,0.0704095720202485,0.9998374934997399,136.727951697585,53.69750470233904,,0.0,1.0,0.0,,0.0,0.0,0.0,0.0,0.10546875
ISIC_0014985,17,CNN,20fc5122b11859a7c502674e29f9fe768ab80cc4,0.8674955155563803,0.7659974220610404,0.15784205843790972,0.1270823417420276,0.20824742268041238,0.8096524650733171,0.9342392752464694,0.705670213525673,42.485291572496,13.108617078515362,,,,,,,,,,
ISIC_0014985,17,GlobalTransformer,20fc5122b11859a7c502674e29f9fe768ab80cc4,0.8666559194454434,0.7646891480841193,0.1388815150710735,0.11249351995852773,0.18144329896907216,0.8105587900999744,0.9310951239008793,0.7083839177319146,42.05472584707862,12.917583571880167,0.16666666666666666,0.004464285714285714,0.84375,0.15625,0.8333333333333334,0.15625,0.0234375,0.16015625,0.0,0.109375
ISIC_0014985,17,GlobalTransformer_DP,20fc5122b11859a7c502674e29f9fe768ab80cc4,0.867997376529842,0.7667803576894486,0.15155987408399518,0.12401055408970976,0.19484536082474227,0.8103468194736477,0.9344790833999467,0.7069199457259159,42.05948168962618,12.956857928748223,,0.0,1.0,0.0,,0.0,0.0,0.0,0.0,0.125
ISIC_0014989,17,CNN,20fc5122b11859a7c502674e29f9fe768ab80cc4,0.9530377668308703,0.910288582183187,0.6370706175251221,0.6320346320346321,0.6421875,0.9230813718119253,0.9850037027894347,0.9730398118868078,10.934333723560975,2.767659189116848,,,,,,,,,,
ISIC_0014989,17,GlobalTransformer,20fc5122b11859a7c502674e29f9fe768ab80cc4,0.9523752542778509,0.9090805254140492,0.6285242834733427,0.6273653566229985,0.6296875,0.9241755689735253,0.9823500370278944,0.973526311521933,11.057336805529939,2.8075781878429744,0.4,0.008849557522123894,0.9370629370629371,0.06293706293706294,0.6,0.006993006993006993,0.0390625,0.1328125,0.0,0.55859375
ISIC_0014989,17,GlobalTransformer_DP,20fc5122b11859a7c502674e29f9fe768ab80cc4,0.9530349625294837,0.910283465465123,0.6379774342130033,0.636896046852123,0.6390625,0.9231303140725317,0.9849419896321896,0.9730600827049379,11.139338860175945,2.785928916531318,,0.0,1.0,0.0,,0.0,0.0,0.0,0.0,0.55859375
ISIC_0015043,17,CNN,20fc5122b11859a7c502674e29f9fe768ab80cc4,0.9277969562892011,0.8653183384727009,0.3581014442188663,0.38247566063977745,0.3366477272727273,0.9958250704519361,0.8684689604951756,0.99816362133872,14.850000000000023,4.853076705506724,,,,,,,,,,
ISIC_0015043,17,GlobalTransformer,20fc5122b11859a7c502674e29f9fe768ab80cc4,0.9130208977371089,0.8399617764834365,0.12384978860979856,0.13043478260869565,0.11789772727272728,0.9997833504847533,0.8401146914254506,0.999908181066936,14.850000000000023,5.780547485664684,0.07964601769911504,0.0457516339869281,0.18446601941747573,0.8155339805825242,0.9203539823008849,0.6601941747572816,0.44140625,1.34375,4.0,0.1640625
ISIC_0015043,17,GlobalTransformer_DP,20fc5122b11859a7c502674e29f9fe768ab80cc4,0.9278195123137141,0.865357580155095,0.3542042755344417,0.38095238095238093,0.3309659090909091,0.9958770419080424,0.8684689604951756,0.998186576071986,14.850000000000023,4.854431530193943,0.0,0.0,0.9902912621359223,0.009708737864077669,1.0,0.009708737864077669,0.0078125,0.0078125,0.0,0.3984375
ISIC_0015062,17,CNN,20fc5122b11859a7c502674e29f9fe768ab80cc4,0.0698377615078817,0.03618232712004581,0.0,0.0,0.0,1.0,0.03618232712004581,1.0,99.0,48.332157976972454,,,,,,,,,,
ISIC_0015062,17,GlobalTransformer,20fc5122b11859a7c502674e29f9fe768ab80cc4,0.06642474936957993,0.03435333036452701,0.0,0.0,0.0,1.0,0.03435333036452701,1.0,98.74890668185803,50.13109388004704,0.25,0.0078125,,,0.75,,0.03125,0.57421875,0.0,0.0
ISIC_0015062,17,GlobalTransformer_DP,20fc5122b11859a7c502674e29f9fe768ab80cc4,0.0698377615078817,0.03618232712004581,0.0,0.0,0.0,1.0,0.03618232712004581,1.0,99.0,48.332157976972454,,0.0,,,,,0.0,0.0,0.0,0.0
ISIC_0015124,17,CNN,20fc5122b11859a7c502674e29f9fe768ab80cc4,0.9666304225563346,0.9354159863575342,0.5842947244164739,0.5709677419354838,0.5982587064676617,0.9687006838506049,0.9645689913199641,0.9785353535353535,8.94427190999916,2.5630074336000455,,,,,,,,,,
ISIC_0015124,17,GlobalTransformer,20fc5122b11859a7c502674e29f9fe768ab80cc4,0.9654163897065806,0.933144871135913,0.5470810603511024,0.5350172215843858,0.5597014925373134,0.9803293863539939,0.9509503142771625,0.9868583797155226,8.744137827658346,2.6023900034754517,0.5983606557377049,0.26119402985074625,0.36065573770491804,0.639344262295082,0.4016393442622951,0.19672131147540983,0.4765625,1.05859375,3.0,0.51953125
ISIC_0015124,17,GlobalTransformer_DP,20fc5122b11859a7c502674e29f9fe768ab80cc4,0.9665947669511394,0.9353492086539857,0.5901910700780547,0.5835214446952596,0.5970149253731343,0.9691578591040734,0.9640451960490871,0.9788703360131932,8.602325267042627,2.5636762169090677,0.4,0.014925373134328358,0.9344262295081968,0.06557377049180328,0.6,0.0,0.0390625,0.0390625,0.0,0.48046875
ISIC_0015144,17,CNN,20fc5122b11859a7c502674e29f9fe768ab80cc4,0.9381182756877753,0.8834489324085407,0.5819924683327627,0.4975124378109453,0.7010309278350515,0.8887672732247913,0.9932721712538226,0.9862194047054037,92.69249615800945,18.59783292408364,,,,,,,,,,
ISIC_0015144,17,GlobalTransformer,20fc5122b11859a7c502674e29f9fe768ab80cc4,0.9567392583872867,0.9170662905500705,0.7897506050720825,0.661641541038526,0.979381443298969,0.9220079410096427,0.9941896024464831,0.9906773340565462,92.76736416098358,18.102136539128995,0.8736842105263158,0.9067796610169492,0.39855072463768115,0.6014492753623188,0.12631578947368421,0.036231884057971016,0.7421875,1.11328125,2.0,0.88671875
ISIC_0015144,17,GlobalTransformer_DP,20fc5122b11859a7c502674e29f9fe768ab80cc4,0.946448087431694,0.8983402489626556,0.7451769367208494,0.6360601001669449,0.8994845360824743,0.9039665970772442,0.9931192660550459,0.9883042918163943,92.73559681979896,18.39819393118308,1.0,0.7711864406779662,0.9492753623188406,0.050724637681159424,0.0,0.0,0.3828125,0.40625,1.0,0.6484375
ISIC_0015211,17,CNN,20fc5122b11859a7c502674e29f9fe768ab80cc4,0.83917712511321,0.7229157378510923,0.07613537826084078,0.07251566696508505,0.08013544018058691,0.9971448651497847,0.7244152280052334,0.9980993596303985,27.70543696989548,12.879696179474434,,,,,,,,,,
ISIC_0015211,17,GlobalTransformer,20fc5122b11859a7c502674e29f9fe768ab80cc4,0.8396289178001183,0.7235865583691671,0.06937762288652957,0.06580259222333001,0.07336343115124154,0.9974533479692645,0.7249258065545521,0.9983040439778941,26.870057685088806,12.924772459507516,,0.0,1.0,0.0,,0.0,0.0,0.0,0.0,0.078125
ISIC_0015211,17,GlobalTransformer_DP,20fc5122b11859a7c502674e29f9fe768ab80cc4,0.8396289178001183,0.7235865583691671,0.06937762288652957,0.06580259222333001,0.07336343115124154,0.9974533479692645,0.7249258065545521,0.9983040439778941,26.870057685088806,12.924772459507516,,0.0,1.0,0.0,,0.0,0.0,0.0,0.0,0.078125
ISIC_0015243,17,CNN,20fc5122b11859a7c502674e29f9fe768ab80cc4,0.9558865491068881,0.9155006558810669,0.3237591568246374,0.2805486284289277,0.3827037773359841,0.947355323288539,0.9645728238085366,0.8948153505401618,15.811388300841896,4.627890418539794,,,,,,,,,,
ISIC_0015243,17,GlobalTransformer,20fc5122b11859a7c502674e29f9fe768ab80cc4,0.9559211352505337,0.9155641087322588,0.32162027675140015,0.2881944444444444,0.36381709741550694,0.9476233589859665,0.9643655126344644,0.8954029742801609,16.0,4.570232893731964,,0.0,1.0,0.0,,0.0,0.0,0.0,0.0,0.25
ISIC_0015243,17,GlobalTransformer_DP,20fc5122b11859a7c502674e29f9fe768ab80cc4,0.9559211352505337,0.9155641087322588,0.32162027675140015,0.2881944444444444,0.36381709741550694,0.9476233589859665,0.9643655126344644,0.8954029742801609,16.0,4.570232893731964,,0.0,1.0,0.0,,0.0,0.0,0.0,0.0,0.25
ISIC_0015256,17,CNN,20fc5122b11859a7c502674e29f9fe768ab80cc4,0.8023156965920952,0.6698891304738459,0.14704277409544322,0.11951083935519734,0.1910569105691057,0.999490602965227,0.6701179177451826,0.9980815831987075,54.0,15.6676378132425,,,,,,,,,,
ISIC_0015256,17,GlobalTransformer,20fc5122b11859a7c502674e29f9fe768ab80cc4,0.8018087855297158,0.6691826612033642,0.1452629221165805,0.1191740412979351,0.18597560975609756,0.9996778350515464,0.6693270060396894,0.9987883683360258,53.18671512586485,15.542907167093105,0.0,0.0,0.8571428571428571,0.14285714285714285,1.0,0.10714285714285714,0.01953125,0.0625,0.0,0.09765625
ISIC_0015256,17,GlobalTransformer_DP,20fc5122b11859a7c502674e29f9fe768ab80cc4,0.8025562680208288,0.6702246181491465,0.15086010887165055,0.12507374631268436,0.19004065040650406,0.9995176331868367,0.6704414725337935,0.9981825525040388,53.18671512586485,15.489604856275673,,0.0,1.0,0.0,,0.0,0.0,0.0,0.0,0.109375
ISIC_0015313,17,CNN,20fc5122b11859a7c502674e29f9fe768ab80cc4,0.9803018552765018,0.9613647532352046,0.6887573816521703,0.6762849413886384,0.7016985138004246,0.965454032712916,0.9956135036231006,0.9394388827091831,6.371696670594406,2.1139970560800183,,,,,,,,,,
ISIC_0015313,17,GlobalTransformer,20fc5122b11859a7c502674e29f9fe768ab80cc4,0.9833397257646946,0.9672254839546344,0.765465943572687,0.7562141491395793,0.7749469214437368,0.9727762100120942,0.9941351816397257,0.9527046512586,5.830951894845301,1.8287651718480613,0.8548387096774194,0.3879310344827586,0.8857142857142857,0.11428571428571428,0.14516129032258066,0.04285714285714286,0.2421875,0.5078125,2.0,0.61328125
ISIC_0015313,17,GlobalTransformer_DP,20fc5122b11859a7c502674e29f9fe768ab80cc4,0.9806944278725689,0.9621201479608559,0.6795938051647891,0.6776699029126214,0.6815286624203821,0.9658965379462712,0.9959527906356784,0.9402216454496766,6.221718330588049,2.1340248246223332,,0.0,1.0,0.0,,0.0,0.0,0.0,0.0,0.546875
ISIC_0015372,17,CNN,20fc5122b11859a7c502674e29f9fe768ab80cc4,0.9637522613398498,0.9300403999780633,0.44014591938255604,0.4040920716112532,0.48326359832635984,0.9530910453353316,0.974654686871396,0.8122516308015296,62.32173341297412,6.9711555461505865,,,,,,,,,,
ISIC_0015372,17,GlobalTransformer,20fc5122b11859a7c502674e29f9fe768ab80cc4,0.9669593915369004,0.9360323143303039,0.4777496222069268,0.44346289752650175,0.5177824267782427,0.9574436118466768,0.9766662196593805,0.8300967234010647,62.609903369994115,6.639500845884864,0.9473684210526315,0.34306569343065696,0.9327731092436975,0.06722689075630252,0.05263157894736842,0.008403361344537815,0.22265625,0.53125,3.0,0.50390625
ISIC_0015372,17,GlobalTransformer_DP,20fc5122b11859a7c502674e29f9fe768ab80cc4,0.9636084642052021,0.9297726109526943,0.4447144998893329,0.4133928571428571,0.4811715481171548,0.9529929742388759,0.9744631123201594,0.811876733898178,62.63099510335827,7.045024121157034,,0.0,1.0,0.0,,0.0,0.0,0.0,0.0,0.46484375
ISIC_0015401,17,CNN,20fc5122b11859a7c502674e29f9fe768ab80cc4,0.9543832327558237,0.912746679905672,0.7406823257398183,0.7348148148148148,0.7466442953020134,0.9364574048134471,0.9730087324689071,0.9802062673542246,16.510579358903502,2.474034753290294,,,,,,,,,,
ISIC_0015401,17,GlobalTransformer,20fc5122b11859a7c502674e29f9fe768ab80cc4,0.9473408264246158,0.8999501930021168,0.6108220645604674,0.5949926362297496,0.62751677852349,0.9385754171807026,0.9562715003969304,0.9812376041253471,16.139946006547362,2.84895076891194,0.2857142857142857,0.09210526315789473,0.6944444444444444,0.3055555555555556,0.7142857142857143,0.20555555555555555,0.24609375,0.76171875,3.25,0.5859375
ISIC_0015401,17,GlobalTransformer_DP,20fc5122b11859a7c502674e29f9fe768ab80cc4,0.9550058433969615,0.9138863000931966,0.7421678905149163,0.7427258805513017,0.7416107382550335,0.9375956144824069,0.9730748875363853,0.9805831019436732,16.364261358648076,2.453027324480272,1.0,0.07894736842105263,0.9833333333333333,0.016666666666666666,0.0,0.0,0.03515625,0.03515625,0.0,0.71875
ISIC_0015443,17,CNN,20fc5122b11859a7c502674e29f9fe768ab80cc4,0.9711425341975963,0.9439038608134165,0.6497801328912872,0.6646706586826348,0.6355421686746988,0.9838747370881047,0.9587356531244307,0.992083524552547,6.324555320336759,2.105231571525618,,,,,,,,,,
ISIC_0015443,17,GlobalTransformer,20fc5122b11859a7c502674e29f9fe768ab80cc4,0.9678296754830238,0.937664697864607,0.5603061013950656,0.5814307458143074,0.5406626506024096,0.9973902957664798,0.9399708507924941,0.9987608994951813,6.391338899868437,2.342162269343662,0.5214723926380368,0.3978494623655914,0.26380368098159507,0.7361963190184049,0.4785276073619632,0.19631901840490798,0.63671875,1.31640625,3.0,0.6484375
ISIC_0015443,17,GlobalTransformer_DP,20fc5122b11859a7c502674e29f9fe768ab80cc4,0.9725428511947445,0.9465531991534963,0.7067859505796392,0.7297297297297297,0.6852409638554217,0.9881081081081081,0.9574603752960467,0.9941945846718678,6.391338899868437,1.9920897120193204,0.8484848484848485,0.20430107526881722,0.9141104294478528,0.08588957055214724,0.12121212121212122,0.0,0.12890625,0.22265625,2.0,0.671875
ISIC_0015445,17,CNN,20fc5122b11859a7c502674e29f9fe768ab80cc4,0.7192720894540671,0.5616119423425892,0.13024355744154179,0.13081166272655634,0.12968036529680366,0.872407190724391,0.6118695911668158,0.9380551538938235,53.0121851447484,14.171892214891098,,,,,,,,,,
ISIC_0015445,17,GlobalTransformer,20fc5122b11859a7c502674e29f9fe768ab80cc4,0.7193070935204473,0.5616546245248776,0.12785618886041222,0.12973883740522324,0.12602739726027398,0.8725860509655796,0.6118322888689943,0.9381584383391861,53.0121851447484,14.304139058240958,,0.0,1.0,0.0,,0.0,0.0,0.0,0.0,0.1171875
ISIC_0015445,17,GlobalTransformer_DP,20fc5122b11859a7c502674e29f9fe768ab80cc4,0.7193070935204473,0.5616546245248776,0.12785618886041222,0.12973883740522324,0.12602739726027398,0.8725860509655796,0.6118322888689943,0.9381584383391861,53.0121851447484,14.304139058240958,,0.0,1.0,0.0,,0.0,0.0,0.0,0.0,0.1171875
ISIC_0015483,17,CNN,20fc5122b11859a7c502674e29f9fe768ab80cc4,0.945435493126419,0.8965174600170341,0.39863397579722293,0.3665893271461717,0.43681747269890797,0.9096888803533705,0.9841063730327742,0.9593587278266318,13.0,3.958873928876248,,,,,,,,,,
ISIC_0015483,17,GlobalTransformer,20fc5122b11859a7c502674e29f9fe768ab80cc4,0.9455906199326432,0.8967964794397388,0.39535239980674275,0.36658653846153844,0.4290171606864275,0.9097542242703534,0.9843660728198202,0.959380334031934,13.0,3.9454966588232443,,0.0,1.0,0.0,,0.0,0.0,0.0,0.0,0.30859375
ISIC_0015483,17,GlobalTransformer_DP,20fc5122b11859a7c502674e29f9fe768ab80cc4,0.9455906199326432,0.8967964794397388,0.39535239980674275,0.36658653846153844,0.4290171606864275,0.9097542242703534,0.9843660728198202,0.959380334031934,13.0,3.9454966588232443,,0.0,1.0,0.0,,0.0,0.0,0.0,0.0,0.30859375
ISIC_0015496,17,CNN,20fc5122b11859a7c502674e29f9fe768ab80cc4,0.9741932250952094,0.9496849201309169,0.7333670810775252,0.7297668038408779,0.7370030581039755,0.9601442117740023,0.988659479251424,0.9824075688873387,4.0,1.6183736283760168,,,,,,,,,,
ISIC_0015496,17,GlobalTransformer,20fc5122b11859a7c502674e29f9fe768ab80cc4,0.9741585780915164,0.9496190710248218,0.769650377134778,0.7583001328021248,0.7813455657492355,0.9659517024148793,0.9825061025223759,0.9851543425183118,4.123105625617661,1.5636850277866845,0.581081081081081,0.580952380952381,0.5099337748344371,0.4900662251655629,0.4189189189189189,0.16556291390728478,0.578125,1.2265625,3.0,0.6640625
ISIC_0015496,17,GlobalTransformer_DP,20fc5122b11859a7c502674e29f9fe768ab80cc4,0.9749247743229689,0.9510763209393346,0.7396194362524541,0.7485632183908046,0.7308868501529052,0.9616145627225959,0.9886086248982913,0.9830833623997209,4.0,1.598488929276777,1.0,0.08571428571428572,1.0,0.0,0.0,0.0,0.03515625,0.03515625,0.0,0.6015625
ISIC_0015627,17,CNN,20fc5122b11859a7c502674e29f9fe768ab80cc4,0.948771345272803,0.9025356576862124,0.6420717937749112,0.6329670329670329,0.6514423076923077,0.9531380753138076,0.9444444444444444,0.9942367066895369,5.0,1.8981441980211187,,,,,,,,,,
ISIC_0015627,17,GlobalTransformer,20fc5122b11859a7c502674e29f9fe768ab80cc4,0.9495553085047248,0.9039555496758831,0.6669557983385443,0.6586433260393874,0.6754807692307693,0.9548630519843488,0.9443062465450525,0.9944596912521441,5.0,1.83836738060745,1.0,0.02631578947368421,1.0,0.0,0.0,0.0,0.01171875,0.0390625,0.0,0.56640625
ISIC_0015627,17,GlobalTransformer_DP,20fc5122b11859a7c502674e29f9fe768ab80cc4,0.948771345272803,0.9025356576862124,0.6437031915642349,0.6407982261640798,0.6466346153846154,0.9531380753138076,0.9444444444444444,0.9942367066895369,5.0,1.894381154856248,,0.0,1.0,0.0,,0.0,0.0,0.0,0.0,0.5546875
