action,alpha,annotator_id,bce,bce_orig,bf1,bf1_025,bf1_1pct,both_empty,changed_pixel_fraction,changed_pixel_fraction_canonical,checkpoint_hash,diagonal_px,dice,dice_D0,dice_anchor,fn,fn_added,fn_removed,fp,fp_added,fp_removed,gain_dice,gain_loss,gain_loss_orig,gain_vs_D0,group_id,gt_empty,hd95,hd95_normalized,image_id,iou,iou_anchor,lambda,logit_delta_rms,loss,loss_D0,loss_D0_orig,loss_anchor,loss_anchor_orig,loss_orig,loss_view,manifest_hash,message_rms,method,one_empty,pred_empty,protocol_id,reference_count,reference_id,run_id,seed,seg_filename,skill_level,soft_dice,soft_dice_orig,split,subset,thresholded_jaccard,tool,tp
1.0,1.0,A04,0.1174873411655426,0.1176718444259754,0.0397373571211002,0.009049849030551558,0.29828832647823744,0,0.011322625935209092,0.01123046875,cdfa7966292d334f35a671cfb33ac823ef2f659d99670c319a635c2b862fa168,1880.6001701584523,0.9317067929549644,0.9294413087316338,0.9369899719302718,0,0,85,99156,13712,5429,-0.00528317897530739,-0.0031771957874298096,-0.003175304910015206,0.002265484223330616,ISIC_0000038,0,54.56189146281496,0.029013020592366417,ISIC_0000038,0.8721452002228136,0.8814497955693884,1.0,0.6921114608817398,0.0975893884897232,0.10128255188465118,0.10139295057109239,0.0944121927022934,0.09452870663166522,0.09770401154168043,canonical_letterbox_valid,3d99874f14ae5f316eec36e21141043d75bd4fd17ccfb31e3174198dee269596,0.4170137926410052,abs_hard,0,0,P2-IMA-M-v2,2,545bd97fbae47821f880245a,AbsHard-1,17,ISIC_0000038_A04_T3_S2_545bd97fbae47821f880245a.png,S2,0.9223085641860962,0.9222638213426145,val,M,0.8721452002228136,T3,676380
1.0,1.0,A06,0.13276903331279755,0.13298054404213253,0.025744121012139767,0.004190431847282039,0.301691355079475,0,0.011322625935209092,0.01123046875,cdfa7966292d334f35a671cfb33ac823ef2f659d99670c319a635c2b862fa168,1880.6001701584523,0.9328869797637277,0.9351535262637011,0.9274891343113965,111586,5429,13797,0,0,0,0.00539784545233124,0.012801706790924072,0.01263349751754883,-0.0022665464999733764,ISIC_0000038,0,62.289646009589745,0.03312221651258356,ISIC_0000038,0.8742157223020058,0.8647829723532953,1.0,0.6921114608817398,0.10269158333539963,0.10019554942846298,0.10028741474945119,0.1154932901263237,0.11543346743247433,0.1027999699149255,canonical_letterbox_valid,3d99874f14ae5f316eec36e21141043d75bd4fd17ccfb31e3174198dee269596,0.4170137926410052,abs_hard,0,0,P2-IMA-M-v2,2,54ea8f6fbae47871b5e00da8,AbsHard-1,17,ISIC_0000038_A06_T3_S1_54ea8f6fbae47871b5e00da8.png,S1,0.9273858666419983,0.9273806042122815,val,M,0.8742157223020058,T3,775536
1.0,1.0,A04,0.17660391330718994,0.1767662247644146,0.04801995634549423,0.013761918804679052,0.2544511942387865,0,0.019274258899798353,0.018900553385416668,cdfa7966292d334f35a671cfb33ac823ef2f659d99670c319a635c2b862fa168,1880.6001701584523,0.9111928877272024,0.9134682295829739,0.9241540555316451,16,0,343,154916,28626,3759,-0.012961167804442675,-0.014584191143512726,-0.014642987432217008,-0.0022753418557714955,ISIC_0000049,0,101.87442525104615,0.05417123047609987,ISIC_0000049,0.8368726448022187,0.8590022207950316,1.0,0.7592303658146529,0.1393994688987732,0.1346672773361206,0.13478413186630392,0.12481527775526047,0.12488673013377558,0.13952971756599258,canonical_letterbox_valid,3d99874f14ae5f316eec36e21141043d75bd4fd17ccfb31e3174198dee269596,0.48860253759303457,abs_hard,0,0,P2-IMA-M-v2,2,545bd216bae47821f8802439,AbsHard-1,17,ISIC_0000049_A04_T3_S2_545bd216bae47821f8802439.png,S2,0.8978049755096436,0.8977067896324294,val,M,0.8368726448022187,T3,794829
1.0,1.0,A06,0.24749910831451416,0.24654859689527922,0.09980287521753832,0.06524520255863539,0.16925922595103313,0,0.019274258899798353,0.018900553385416668,cdfa7966292d334f35a671cfb33ac823ef2f659d99670c319a635c2b862fa168,1880.6001701584523,0.9058208730267581,0.9044029372341046,0.8904592217971758,179130,893,27966,15201,1003,2866,0.015361651229582218,0.042623743414878845,0.04270097109644855,0.0014179357926534797,ISIC_0000049,0,112.57886124845996,0.05986326228981171,ISIC_0000049,0.8278542797032444,0.8025475397483767,1.0,0.7592303658146529,0.17583489418029785,0.18379144370555878,0.1831424094152048,0.2184586375951767,0.21788953369131692,0.17518856259486837,canonical_letterbox_valid,3d99874f14ae5f316eec36e21141043d75bd4fd17ccfb31e3174198dee269596,0.48860253759303457,abs_hard,0,0,P2-IMA-M-v2,2,54ea917bbae47871b5e00df0,AbsHard-1,17,ISIC_0000049_A06_T1_S1_54ea917bbae47871b5e00df0.png,S1,0.8958293199539185,0.8961714717055425,val,M,0.8278542797032444,T1,934544
1.0,1.0,A04,0.0101615646854043,0.010812981485853608,0.9044975470510427,0.6569897592253071,0.9772389905987136,0,0.0012885626519420312,0.0014851888020833333,cdfa7966292d334f35a671cfb33ac823ef2f659d99670c319a635c2b862fa168,1880.6001701584523,0.9771393348162839,0.9788192692410436,0.978127974174839,6088,653,800,1589,614,121,-0.0009886393585550879,0.0022124070674180984,0.0022657261356320534,-0.001679934424759666,ISIC_0000078,0,14.560219778561036,0.00774232609865937,ISIC_0000078,0.9553005292668868,0.9571922407651792,1.0,1.60371796787014,0.021143518388271332,0.019709043204784393,0.020614006076348224,0.02335592545568943,0.02437434653424071,0.022108620398608655,canonical_letterbox_valid,3d99874f14ae5f316eec36e21141043d75bd4fd17ccfb31e3174198dee269596,0.8695957597229774,abs_hard,0,0,P2-IMA-M-v2,2,545bc676bae47821f88023e2,AbsHard-1,17,ISIC_0000078_A04_T3_S2_545bc676bae47821f88023e2.png,S2,0.9678745269775391,0.9665957406886363,val,M,0.9553005292668868,T3,164070
1.0,1.0,A06,0.045569777488708496,0.04336452427195029,0.2573223195591713,0.07005691356508209,0.732047408088891,0,0.0012885626519420312,0.0014851888020833333,cdfa7966292d334f35a671cfb33ac823ef2f659d99670c319a635c2b862fa168,1880.6001701584523,0.9299297613232496,0.9331919050004618,0.9281443525117135,24928,774,1389,32,25,0,0.0017854088115361044,-0.001337781548500061,-0.0011229387702829038,-0.003262143677212226,ISIC_0000078,0,28.0178514522438,0.014898356331576382,ISIC_0000078,0.869036188197516,0.8659229017327694,1.0,1.60371796787014,0.0598638653755188,0.056910447776317596,0.05497005550021898,0.05852608382701874,0.05683390773685867,0.05795684650714157,canonical_letterbox_valid,3d99874f14ae5f316eec36e21141043d75bd4fd17ccfb31e3174198dee269596,0.8695957597229774,abs_hard,0,0,P2-IMA-M-v2,2,54ea9e6cbae47871b5e0107a,AbsHard-1,17,ISIC_0000078_A06_T3_S1_54ea9e6cbae47871b5e0107a.png,S1,0.9258420467376709,0.9274508312576671,val,M,0.869036188197516,T3,165627
1.0,1.0,A04,0.061248909682035446,0.06122916167725487,0.0,0.0,0.3308375569810012,0,0.0077667236328125,0.007649739583333333,cdfa7966292d334f35a671cfb33ac823ef2f659d99670c319a635c2b862fa168,2560.0,0.8827460677875733,0.8703794007972692,0.9242636287160256,0,0,0,63775,24432,0,-0.04151756092845238,-0.032338693737983704,-0.032207170862382305,0.012366666990304087,ISIC_0000110,0,52.44233667449836,0.02048528776347592,ISIC_0000110,0.7901033438651922,0.8591915764759778,1.0,1.3672930259092713,0.09378711134195328,0.10677579045295715,0.10700806469273831,0.061448417603969574,0.06177588092963184,0.09398305179201415,canonical_letterbox_valid,3d99874f14ae5f316eec36e21141043d75bd4fd17ccfb31e3174198dee269596,0.695380131494204,abs_hard,0,0,P2-IMA-M-v2,2,545a8eb5bae47821f8802382,AbsHard-1,17,ISIC_0000110_A04_T1_S2_545a8eb5bae47821f8802382.png,S2,0.8736746907234192,0.8732630580932266,val,M,0.7901033438651922,T1,240065
1.0,1.0,A06,0.03172282129526138,0.031667830555528194,0.3412932653608801,0.17141143924010957,0.7499411349187661,0,0.0077667236328125,0.007649739583333333,cdfa7966292d334f35a671cfb33ac823ef2f659d99670c319a635c2b862fa168,2560.0,0.9365876371690325,0.9420023623026234,0.9141702656720324,34172,0,18293,6140,6139,0,0.02241737149700007,0.015957724303007126,0.01610508248797228,-0.00541472513359087,ISIC_0000110,0,44.204072210600685,0.017267215707265894,ISIC_0000110,0.8807379619658474,0.8419094051037596,1.0,1.3672930259092713,0.052716631442308426,0.04980477690696716,0.04976028946351134,0.06867435574531555,0.06880749182851457,0.052702409340542294,canonical_letterbox_valid,3d99874f14ae5f316eec36e21141043d75bd4fd17ccfb31e3174198dee269596,0.695380131494204,abs_hard,0,0,P2-IMA-M-v2,2,566576d49fc3c147bbd6ae36,AbsHard-1,17,ISIC_0000110_A06_T1_S1_566576d49fc3c147bbd6ae36.png,S1,0.9262895584106445,0.9262630118744436,val,M,0.8807379619658474,T1,297700
1.0,1.0,A04,0.09766057878732681,0.09876134436300846,0.2195784315700415,0.11854154180662604,0.5125575728891403,0,0.008056113243030318,0.007954177461139897,cdfa7966292d334f35a671cfb33ac823ef2f659d99670c319a635c2b862fa168,904.6043333966513,0.9296678828854452,0.931477053794362,0.9343429807731559,672,48,9,16638,2150,963,-0.0046750978877107,0.027551129460334778,0.02737475058853972,-0.0018091709089167463,ISIC_0000173,0,25.0,0.027636392041290377,ISIC_0000173,0.8685788906266608,0.8767764523814996,1.0,2.482985688884248,0.09539507329463959,0.09333515167236328,0.09429211105944121,0.12294620275497437,0.12366838568134221,0.09629363509280249,canonical_letterbox_valid,3d99874f14ae5f316eec36e21141043d75bd4fd17ccfb31e3174198dee269596,0.6490388466329077,abs_hard,0,0,P2-IMA-M-v2,2,54592a55bae47821f88022c5,AbsHard-1,17,ISIC_0000173_A04_T3_S2_54592a55bae47821f88022c5.png,S2,0.906870424747467,0.9061740741774035,val,M,0.8685788906266608,T3,114404
1.0,1.0,A06,0.05867962911725044,0.05852478336594773,0.633723889844599,0.36081679773158026,0.8190768585536556,0,0.008056113243030318,0.007954177461139897,cdfa7966292d334f35a671cfb33ac823ef2f659d99670c319a635c2b862fa168,904.6043333966513,0.9705258516485605,0.9703088745718542,0.9729698774481732,4374,547,784,3380,1375,464,-0.00244402579961267,0.032926805317401886,0.033026124520156346,0.00021697707670631505,ISIC_0000173,0,15.811388300841896,0.01747878903196555,ISIC_0000173,0.9427394104094051,0.9473625515780083,1.0,2.482985688884248,0.06240590661764145,0.06003938615322113,0.05990778862292924,0.09533271193504333,0.095312881618996,0.06228675709883965,canonical_letterbox_valid,3d99874f14ae5f316eec36e21141043d75bd4fd17ccfb31e3174198dee269596,0.6490388466329077,abs_hard,0,0,P2-IMA-M-v2,2,565f48c99fc3c1045c4bdd5b,AbsHard-1,17,ISIC_0000173_A06_T1_S1_565f48c99fc3c1045c4bdd5b.png,S1,0.9338678121566772,0.9339512691682684,val,M,0.9427394104094051,T1,127662
1.0,1.0,A04,0.14142611622810364,0.14109953532842087,0.28697930343762024,0.1423999327296089,0.5887992047477039,0,0.01642117529208533,0.016153971354166668,cdfa7966292d334f35a671cfb33ac823ef2f659d99670c319a635c2b862fa168,902.800088613199,0.9560408061267989,0.954295121879675,0.9555353868380596,1988,0,2212,21936,3172,1042,0.0005054192887392617,-0.0031665489077568054,-0.0030505480017660735,0.0017456842471238465,ISIC_0000187,0,41.012193308819754,0.04542776836876371,ISIC_0000187,0.9157836932110195,0.914856640231532,1.0,0.5505635898196923,0.1033724993467331,0.10749337822198868,0.10727553926312978,0.10020595043897629,0.10010778959064724,0.10315833759241332,canonical_letterbox_valid,3d99874f14ae5f316eec36e21141043d75bd4fd17ccfb31e3174198dee269596,0.42506333135516133,abs_hard,0,0,P2-IMA-M-v2,2,545912bebae47821f880229b,AbsHard-1,17,ISIC_0000187_A04_T1_S2_545912bebae47821f880229b.png,S2,0.9346811175346375,0.9347828601435942,val,M,0.9157836932110195,T1,260154
1.0,1.0,A06,0.18325237929821014,0.18287540149198936,0.14249759544313081,0.045680731031785646,0.29942720457666394,0,0.01642117529208533,0.016153971354166668,cdfa7966292d334f35a671cfb33ac823ef2f659d99670c319a635c2b862fa168,902.800088613199,0.9386217815182069,0.9407657740065262,0.9319733829325777,36350,1042,5060,480,324,0,0.006648398585629156,0.02496233582496643,0.024877692901645265,-0.002143992488319313,ISIC_0000187,0,36.0,0.039875937601313256,ISIC_0000187,0.8843424192940585,0.8726125061298394,1.0,0.5505635898196923,0.1269773244857788,0.12357281893491745,0.12336820251350092,0.15193966031074524,0.1516295130820206,0.12675182018037534,canonical_letterbox_valid,3d99874f14ae5f316eec36e21141043d75bd4fd17ccfb31e3174198dee269596,0.42506333135516133,abs_hard,0,0,P2-IMA-M-v2,2,5661eee69fc3c147bbd6a578,AbsHard-1,17,ISIC_0000187_A06_T1_S1_5661eee69fc3c147bbd6a578.png,S1,0.9292977452278137,0.9293717611312386,val,M,0.8843424192940585,T1,281610
1.0,1.0,A04,0.029148289933800697,0.02883367463275268,0.5709664113617431,0.2701274355343717,0.9705462565456997,0,0.006930881076388889,0.006815592447916667,cdfa7966292d334f35a671cfb33ac823ef2f659d99670c319a635c2b862fa168,960.0,0.971112300586583,0.9677550571679859,0.9837162439027128,80,0,366,5155,2700,0,-0.012603943316129795,-0.006613988429307938,-0.006266727363313285,0.003357243418597111,ISIC_0000269,0,8.48528137423857,0.008838834764831844,ISIC_0000269,0.9438467396784194,0.9679543119732235,1.0,1.7055754839893793,0.03402358666062355,0.037204988300800323,0.03693205337098967,0.027409598231315613,0.027525786404685972,0.03379251376799926,canonical_letterbox_valid,3d99874f14ae5f316eec36e21141043d75bd4fd17ccfb31e3174198dee269596,0.6366162798044698,abs_hard,0,0,P2-IMA-M-v2,2,5457c4a4bae47821f88021a5,AbsHard-1,17,ISIC_0000269_A04_T3_S2_5457c4a4bae47821f88021a5.png,S2,0.9611011147499084,0.9612486470967542,val,M,0.9438467396784194,T3,87992
1.0,1.0,A06,0.03757208585739136,0.03709803275098223,0.39405463278786357,0.12499306484523814,0.9427063720437556,0,0.006930881076388889,0.006815592447916667,cdfa7966292d334f35a671cfb33ac823ef2f659d99670c319a635c2b862fa168,960.0,0.9633812533380808,0.9596830059020754,0.9786051460849682,16,0,132,6566,2934,0,-0.015223892746887402,-0.0106767937541008,-0.010440160074367183,0.003698247436005331,ISIC_0000269,0,10.0,0.010416666666666666,ISIC_0000269,0.9293496345115551,0.9581065954404903,1.0,1.7055754839893793,0.041405290365219116,0.04534926265478134,0.04504396916089298,0.030728496611118317,0.030676764094172665,0.04111692416853985,canonical_letterbox_valid,3d99874f14ae5f316eec36e21141043d75bd4fd17ccfb31e3174198dee269596,0.6366162798044698,abs_hard,0,0,P2-IMA-M-v2,2,5661a7859fc3c147bbd69906,AbsHard-1,17,ISIC_0000269_A06_T3_S1_5661a7859fc3c147bbd69906.png,S1,0.9547615051269531,0.9548641844139025,val,M,0.9293496345115551,T3,86581
1.0,1.0,A04,0.478039026260376,0.47774126770102415,0.19471873352132524,0.1600232175376076,0.2667079975201488,0,0.018576304117838543,0.018778483072916668,cdfa7966292d334f35a671cfb33ac823ef2f659d99670c319a635c2b862fa168,1280.0,0.8781346605148076,0.8812468887351663,0.8695716303476192,130489,3014,11368,1099,227,0,0.008563030167188401,-0.021781176328659058,-0.02164781870189919,-0.003112228220358726,ISIC_0000289,0,159.0628806478746,0.12426787550615204,ISIC_0000289,0.7827451563106235,0.7692408061335386,1.0,1.1098944462959428,0.3044321835041046,0.3052282929420471,0.30497481935558657,0.28265100717544556,0.2825367467459698,0.304184565447869,canonical_letterbox_valid,3d99874f14ae5f316eec36e21141043d75bd4fd17ccfb31e3174198dee269596,0.523373277764287,abs_hard,0,0,P2-IMA-M-v2,3,5457ada9bae47821f8802169,AbsHard-1,17,ISIC_0000289_A04_T1_S1_5457ada9bae47821f8802169.png,S1,0.8691746592521667,0.8693721368052862,val,M,0.7827451563106235,T1,474097
1.0,1.0,A03,1.0666779279708862,1.0595136403736036,0.1519253740941164,0.02705254605739883,0.17464953370270125,0,0.018576304117838543,0.018778483072916668,cdfa7966292d334f35a671cfb33ac823ef2f659d99670c319a635c2b862fa168,1280.0,0.8011663155425738,0.8037983375068027,0.7922689184978204,230136,2636,11270,3831,325,378,0.008897397044753341,-0.09682387113571167,-0.09585345027928915,-0.002632021964228959,ISIC_0000289,0,207.2435745770874,0.16190904263834954,ISIC_0000289,0.6682881253083655,0.6559977884417729,1.0,1.1098944462959428,0.6346118450164795,0.6466026306152344,0.6425853828880668,0.5377879738807678,0.5348285208925299,0.630681971171819,canonical_letterbox_valid,3d99874f14ae5f316eec36e21141043d75bd4fd17ccfb31e3174198dee269596,0.523373277764287,abs_hard,0,0,P2-IMA-M-v2,3,57be0a7d9fc3c1434763a325,AbsHard-1,17,ISIC_0000289_A03_T1_S1_57be0a7d9fc3c1434763a325.png,S1,0.797454297542572,0.7981496980299656,val,M,0.6682881253083655,T1,471365
1.0,1.0,A02,0.22012268006801605,0.22065313219662994,0.078509963534188,0.055577285703443814,0.264201363645295,0,0.018576304117838543,0.018778483072916668,cdfa7966292d334f35a671cfb33ac823ef2f659d99670c319a635c2b862fa168,1280.0,0.9211916265980951,0.924250835386229,0.9129233079768743,76074,2844,10986,4468,609,170,0.008268318621220794,0.01467922329902649,0.014515150412147348,-0.003059208788133927,ISIC_0000289,0,78.71943846620889,0.061499561301725694,ISIC_0000289,0.853897364267963,0.8397965982306733,1.0,1.1098944462959428,0.15566754341125488,0.15333318710327148,0.15367855688903037,0.17034676671028137,0.17053420178820283,0.15601905137605548,canonical_letterbox_valid,3d99874f14ae5f316eec36e21141043d75bd4fd17ccfb31e3174198dee269596,0.523373277764287,abs_hard,0,0,P2-IMA-M-v2,3,57c04cae9fc3c158f2bd0e30,AbsHard-1,17,ISIC_0000289_A02_T1_S1_57c04cae9fc3c158f2bd0e30.png,S1,0.9087876081466675,0.908615029444519,val,M,0.853897364267963,T1,470728
1.0,1.0,A04,0.03936636447906494,0.03896279253227326,0.3493046628491294,0.1423379653981886,0.6446315549388935,0,0.007614442995798928,0.007527669270833333,cdfa7966292d334f35a671cfb33ac823ef2f659d99670c319a635c2b862fa168,959.200187656362,0.9461638783323283,0.9475456800475143,0.9387593893173625,5562,0,2107,2116,1257,0,0.0074044890149658205,0.006146587431430817,0.005355248442157172,-0.0013818017151859818,ISIC_0000306,0,15.231546211727817,0.015879423719613147,ISIC_0000306,0.8978282855165806,0.8845867561678689,1.0,0.9278384017080369,0.05351725220680237,0.05381874740123749,0.05353077295782528,0.059663839638233185,0.05850338589665763,0.053148137454500456,canonical_letterbox_valid,3d99874f14ae5f316eec36e21141043d75bd4fd17ccfb31e3174198dee269596,0.6504445915691917,abs_hard,0,0,P2-IMA-M-v2,2,5453ea51bae47821f8802136,AbsHard-1,17,ISIC_0000306_A04_T1_S2_5453ea51bae47821f8802136.png,S2,0.9323318600654602,0.9326665176232724,val,M,0.8978282855165806,T1,67470
1.0,1.0,A06,0.0455382764339447,0.046084398386214774,0.4003588029568266,0.21474115273395636,0.623702020279127,0,0.007614442995798928,0.007527669270833333,cdfa7966292d334f35a671cfb33ac823ef2f659d99670c319a635c2b862fa168,959.200187656362,0.9327398086570104,0.9298982246360276,0.9413894439873046,303,0,1017,8506,2347,0,-0.00864963533029417,-0.006526634097099304,-0.007025769293252909,0.00284158402098289,ISIC_0000306,0,21.37755832643195,0.022286857948458368,ISIC_0000306,0.8739572751076707,0.8892688993515147,1.0,0.9278384017080369,0.06274627149105072,0.06445939838886261,0.06507765010356356,0.056219637393951416,0.05632840988715583,0.06335417918040874,canonical_letterbox_valid,3d99874f14ae5f316eec36e21141043d75bd4fd17ccfb31e3174198dee269596,0.6504445915691917,abs_hard,0,0,P2-IMA-M-v2,2,5661ec4b9fc3c147bbd6a46a,AbsHard-1,17,ISIC_0000306_A06_T3_S1_5661ec4b9fc3c147bbd6a46a.png,S1,0.9200457334518433,0.9193760400253973,val,M,0.8739572751076707,T3,61080
1.0,1.0,A04,0.1847388744354248,0.1860893452779458,0.13858027996191546,0.09515199762524794,0.2098809911432133,0,0.02888463349268434,0.029032389322916668,cdfa7966292d334f35a671cfb33ac823ef2f659d99670c319a635c2b862fa168,959.200187656362,0.8370957805393909,0.8195376413273279,0.8703154555892386,685,0,1301,40830,11438,22,-0.033219675049847686,-0.023326948285102844,-0.02369363769602814,0.017558139212063062,ISIC_0000316,0,59.405386961116584,0.061932209486179585,ISIC_0000316,0.7198320949662232,0.7704057383941563,1.0,1.5885336876305827,0.17886540293693542,0.19940617680549622,0.20065728302460156,0.15553845465183258,0.1562672933769927,0.17996093107302083,canonical_letterbox_valid,3d99874f14ae5f316eec36e21141043d75bd4fd17ccfb31e3174198dee269596,0.4778843889029712,abs_hard,0,0,P2-IMA-M-v2,2,5453e37ebae47821f8802118,AbsHard-1,17,ISIC_0000316_A04_T3_S2_5453e37ebae47821f8802118.png,S2,0.827008068561554,0.8261674831319041,val,M,0.7198320949662232,T3,106664
1.0,1.0,A06,0.1631290763616562,0.1615556610970085,0.10341121401450469,0.06667601814186187,0.20830246844298786,0,0.02888463349268434,0.029032389322916668,cdfa7966292d334f35a671cfb33ac823ef2f659d99670c319a635c2b862fa168,959.200187656362,0.8990249087296086,0.9131659603794002,0.8611656213526235,31186,22,11642,1589,1097,0,0.037859287376985074,0.04332995414733887,0.043321565294265646,-0.014141051649791625,ISIC_0000316,0,50.21951811795888,0.052355617486545214,ISIC_0000316,0.816571524513096,0.7561816164835597,1.0,1.5885336876305827,0.1437121033668518,0.12590694427490234,0.12498205467154035,0.18704205751419067,0.18598924243216267,0.14266767713789702,canonical_letterbox_valid,3d99874f14ae5f316eec36e21141043d75bd4fd17ccfb31e3174198dee269596,0.4778843889029712,abs_hard,0,0,P2-IMA-M-v2,2,5661b07f9fc3c147bbd69a08,AbsHard-1,17,ISIC_0000316_A06_T1_S1_5661b07f9fc3c147bbd69a08.png,S1,0.8757048845291138,0.8762203068212144,val,M,0.816571524513096,T1,145905
1.0,1.0,A04,0.027796009555459023,0.027277660662915055,0.4026931390260263,0.26323556834225736,0.7070059431946031,0,0.003743843256555121,0.0037638346354166665,cdfa7966292d334f35a671cfb33ac823ef2f659d99670c319a635c2b862fa168,959.200187656362,0.8552859618717504,0.851333304613794,0.8064203121209671,302,103,0,3038,0,1551,0.048865649750783335,0.031568124890327454,0.03201585424080858,0.00395265725795646,ISIC_0000317,0,17.0,0.01772309911816899,ISIC_0000317,0.7471612414837244,0.6756317322674615,1.0,0.8982181391606773,0.09007289260625839,0.09326460212469101,0.0935863273536462,0.12164101749658585,0.12229719997159065,0.09028134573078207,canonical_letterbox_valid,3d99874f14ae5f316eec36e21141043d75bd4fd17ccfb31e3174198dee269596,0.5074630040601299,abs_hard,0,0,P2-IMA-M-v2,2,5453e368bae47821f8802115,AbsHard-1,17,ISIC_0000317_A04_T3_S2_5453e368bae47821f8802115.png,S2,0.8476502299308777,0.8467149692013509,val,M,0.7471612414837244,T3,9870
1.0,1.0,A06,0.01690259948372841,0.01711989178549897,0.37102253782587935,0.14728682170542637,0.8569721255580162,0,0.003743843256555121,0.0037638346354166665,cdfa7966292d334f35a671cfb33ac823ef2f659d99670c319a635c2b862fa168,959.200187656362,0.9030119207166537,0.9073612525011409,0.9442815249266863,2644,1366,0,106,0,288,-0.04126960421003256,-0.02113260328769684,-0.020882140520349715,-0.004349331784487154,ISIC_0000317,0,11.313708498984761,0.011794939830681049,ISIC_0000317,0.8231738683127572,0.8944444444444445,1.0,0.8982181391606773,0.058517202734947205,0.05575406551361084,0.056636605625689854,0.037384599447250366,0.038512267750753754,0.05939440827110347,canonical_letterbox_valid,3d99874f14ae5f316eec36e21141043d75bd4fd17ccfb31e3174198dee269596,0.5074630040601299,abs_hard,0,0,P2-IMA-M-v2,2,5661ecea9fc3c147bbd6a4b2,AbsHard-1,17,ISIC_0000317_A06_T1_S1_5661ecea9fc3c147bbd6a4b2.png,S1,0.8998681902885437,0.898331075243292,val,M,0.8231738683127572,T1,12802
1.0,1.0,A04,0.06946166604757309,0.07110716587776607,0.21057307863171926,0.09506885828520657,0.543727207265801,0,0.01856529769665363,0.018778483072916668,cdfa7966292d334f35a671cfb33ac823ef2f659d99670c319a635c2b862fa168,959.200187656362,0.93270246457448,0.9303918908442514,0.951626018288029,3244,1231,1653,10581,4934,384,-0.018923553713548924,0.013776108622550964,0.01328305519465224,0.0023105737302285823,ISIC_0000333,0,28.904798177434877,0.03013427076996169,ISIC_0000333,0.8738917064983398,0.9077161727478635,1.0,2.2846834304351344,0.07795475423336029,0.07998821139335632,0.0814228338529725,0.09173086285591125,0.09260364435136502,0.07932058915671278,canonical_letterbox_valid,3d99874f14ae5f316eec36e21141043d75bd4fd17ccfb31e3174198dee269596,0.7232292049814053,abs_hard,0,0,P2-IMA-M-v2,2,5453c658bae47821f88020e5,AbsHard-1,17,ISIC_0000333_A04_T1_S2_5453c658bae47821f88020e5.png,S2,0.9135521650314331,0.9124659875643405,val,M,0.8738917064983398,T1,95803
1.0,1.0,A06,0.05882817879319191,0.05917581301082853,0.4228555798887932,0.24709740651387213,0.7069844657891616,0,0.01856529769665363,0.018778483072916668,cdfa7966292d334f35a671cfb33ac823ef2f659d99670c319a635c2b862fa168,959.200187656362,0.9441649730217988,0.9409136997570354,0.9597507371073888,3492,1062,1826,8129,4761,553,-0.015585764085589981,0.017827108502388,0.01758751513384571,0.003251273264763377,ISIC_0000333,0,33.68080325535072,0.03511342438083115,ISIC_0000333,0.8942353198150642,0.9226161184086005,1.0,2.2846834304351344,0.06910663843154907,0.0722544938325882,0.0726410164213156,0.08693374693393707,0.08702608543009971,0.069438570296254,canonical_letterbox_valid,3d99874f14ae5f316eec36e21141043d75bd4fd17ccfb31e3174198dee269596,0.7232292049814053,abs_hard,0,0,P2-IMA-M-v2,2,5661f0819fc3c147bbd6a638,AbsHard-1,17,ISIC_0000333_A06_T1_S1_5661f0819fc3c147bbd6a638.png,S1,0.9206148982048035,0.9202986724183205,val,M,0.8942353198150642,T1,98255
1.0,1.0,A04,0.053317125886678696,0.05383258220182347,0.44197216265111317,0.26535391165513567,0.8005951329638181,0,0.022259343763581053,0.02239990234375,cdfa7966292d334f35a671cfb33ac823ef2f659d99670c319a635c2b862fa168,959.200187656362,0.9606803704140616,0.9594695041797418,0.9444134185059098,4505,0,6850,6161,2984,0,0.01626695190815186,0.02130121737718582,0.021094296050992098,0.001210866234319874,ISIC_0000367,0,16.64331697709324,0.017351244496478128,ISIC_0000367,0.9243358280424219,0.8946811517527775,1.0,1.102625445124727,0.05260610580444336,0.05366700142621994,0.054160592446927495,0.07390732318162918,0.07414020942312162,0.05304591337212952,canonical_letterbox_valid,3d99874f14ae5f316eec36e21141043d75bd4fd17ccfb31e3174198dee269596,0.7205539157075226,abs_hard,0,0,P2-IMA-M-v2,2,5453ae8cbae47821f880207f,AbsHard-1,17,ISIC_0000367_A04_T3_S2_5453ae8cbae47821f880207f.png,S2,0.9481049180030823,0.9477407554575644,val,M,0.9243358280424219,T3,130299
1.0,1.0,A06,0.14979778230190277,0.14841496887295158,0.13138348853860002,0.08915316627227313,0.30190144273124464,0,0.022259343763581053,0.02239990234375,cdfa7966292d334f35a671cfb33ac823ef2f659d99670c319a635c2b862fa168,959.200187656362,0.920053953802057,0.9262338759136564,0.8832852020815023,23669,0,9795,39,39,0,0.036768751720554715,0.037811554968357086,0.03760235788127256,-0.006179922111599345,ISIC_0000367,0,36.05551275463989,0.037589142723934654,ISIC_0000367,0.851944369851807,0.7909675807358361,1.0,1.102625445124727,0.11737706512212753,0.10907205194234848,0.1082223857958023,0.15518862009048462,0.1540751552485545,0.11647279736728194,canonical_letterbox_valid,3d99874f14ae5f316eec36e21141043d75bd4fd17ccfb31e3174198dee269596,0.7205539157075226,abs_hard,0,0,P2-IMA-M-v2,2,5661f3389fc3c147bbd6a692,AbsHard-1,17,ISIC_0000367_A06_T1_S1_5661f3389fc3c147bbd6a692.png,S1,0.9150436520576477,0.9154693741383877,val,M,0.851944369851807,T1,136421
1.0,1.0,A04,0.08128701895475388,0.0826808351794591,0.29921771535645475,0.16606391899071235,0.5833423271834715,0,0.01441402288859916,0.0142822265625,cdfa7966292d334f35a671cfb33ac823ef2f659d99670c319a635c2b862fa168,959.200187656362,0.9314371297167623,0.9291802672093669,0.9399028301072141,684,0,2012,14835,4332,24,-0.008465700390451802,0.005250059068202972,0.004701266987511166,0.0022568625073954296,ISIC_0000372,0,36.58273934757755,0.038138795027721044,ISIC_0000372,0.8716727444121952,0.8866195069667738,1.0,1.881651230653681,0.08343228697776794,0.08522330224514008,0.08643153246634,0.08868234604597092,0.08929922331504296,0.0845979563275318,canonical_letterbox_valid,3d99874f14ae5f316eec36e21141043d75bd4fd17ccfb31e3174198dee269596,0.6197928230463703,abs_hard,0,0,P2-IMA-M-v2,2,5453a4f4bae47821f8802070,AbsHard-1,17,ISIC_0000372_A04_T3_S2_5453a4f4bae47821f8802070.png,S2,0.9144224524497986,0.9134849225243955,val,M,0.8716727444121952,T3,105414
1.0,1.0,A06,0.03997606784105301,0.039720685250432826,0.597013464311651,0.2713642916077243,0.8923150479920618,0,0.01441402288859916,0.0142822265625,cdfa7966292d334f35a671cfb33ac823ef2f659d99670c319a635c2b862fa168,959.200187656362,0.9728313009540683,0.9736541037468904,0.9539749655325587,5554,20,5344,1101,1000,4,0.018856335421509662,0.030083488672971725,0.029918691574526354,-0.0008228027928220971,ISIC_0000372,0,13.416407864998739,0.013987078023597332,ISIC_0000372,0.9470998306876625,0.9120001281979376,1.0,1.881651230653681,0.047158632427453995,0.0452231764793396,0.04504270591308765,0.07724212110042572,0.07686935238310282,0.04695066080857646,canonical_letterbox_valid,3d99874f14ae5f316eec36e21141043d75bd4fd17ccfb31e3174198dee269596,0.6197928230463703,abs_hard,0,0,P2-IMA-M-v2,2,566575969fc3c147bbd6ade8,AbsHard-1,17,ISIC_0000372_A06_T1_S1_566575969fc3c147bbd6ade8.png,S1,0.945658802986145,0.9458193636332799,val,M,0.9470998306876625,T1,119148
1.0,1.0,A04,0.04655240848660469,0.0455025001473842,0.43294757675321005,0.15797736953485345,0.778458873163796,0,0.012029153329354746,0.01226806640625,cdfa7966292d334f35a671cfb33ac823ef2f659d99670c319a635c2b862fa168,3840.0,0.9481560015145778,0.9497753200674278,0.9509886430094502,123573,44042,91,6501,0,41008,-0.00283264149487239,0.003151416778564453,0.003416640374228813,-0.0016193185528500242,ISIC_0000375,0,72.10478333092418,0.018777287325761505,ISIC_0000375,0.9014226471604654,0.9065570517155206,1.0,1.9254963312854574,0.05712833255529404,0.055557794868946075,0.054654977150561265,0.06027974933385849,0.05966037735102744,0.056243736976798624,canonical_letterbox_valid,3d99874f14ae5f316eec36e21141043d75bd4fd17ccfb31e3174198dee269596,0.857492124079439,abs_hard,0,0,P2-IMA-M-v2,2,5453a256bae47821f8802067,AbsHard-1,17,ISIC_0000375_A04_T3_S2_5453a256bae47821f8802067.png,S2,0.9322957396507263,0.933015026193787,val,M,0.9014226471604654,T3,1189438
1.0,1.0,A06,0.3760056793689728,0.3752746532281914,0.0,0.0,0.0,0,0.012029153329354746,0.01226806640625,cdfa7966292d334f35a671cfb33ac823ef2f659d99670c319a635c2b862fa168,3840.0,0.7859433822459083,0.7875202762858274,0.8189151866201235,651443,85050,91,0,0,0,-0.03297180437421521,-0.09163036942481995,-0.09154667127888055,-0.001576894039919119,ISIC_0000375,0,255.48658921192225,0.06653296594060475,ISIC_0000375,0.6473696290209605,0.6933584932623572,1.0,1.9254963312854574,0.2951439619064331,0.30098623037338257,0.3005051172737835,0.20351359248161316,0.20314002374475099,0.29468669502363154,canonical_letterbox_valid,3d99874f14ae5f316eec36e21141043d75bd4fd17ccfb31e3174198dee269596,0.857492124079439,abs_hard,0,0,P2-IMA-M-v2,2,566578c09fc3c147bbd6ae8a,AbsHard-1,17,ISIC_0000375_A06_T1_S1_566578c09fc3c147bbd6ae8a.png,S1,0.785717785358429,0.7859012631809283,val,M,0.0,T1,1195939
1.0,1.0,A04,0.02367410995066166,0.023019373956023673,0.6068220234651506,0.38529201626448106,0.8939226344048029,0,0.0022131641709001604,0.0022911658653846155,cdfa7966292d334f35a671cfb33ac823ef2f659d99670c319a635c2b862fa168,3326.425258441861,0.9337197785797628,0.9343598725093686,0.9349754316907917,25810,5966,14,13272,7,5995,-0.0012556531110288205,-0.0017893649637699127,-0.0017910358823049824,-0.000640093929605734,ISIC_0000384,0,40.0,0.012024920715860756,ISIC_0000384,0.875679544478552,0.8778909515440779,1.0,1.1718647482326034,0.047906775027513504,0.04736754298210144,0.04657031008067733,0.04611741006374359,0.045399196001826125,0.04719023188413111,canonical_letterbox_valid,3d99874f14ae5f316eec36e21141043d75bd4fd17ccfb31e3174198dee269596,0.8260904672622299,abs_hard,0,0,P2-IMA-M-v2,2,5452a687bae47821f880204c,AbsHard-1,17,ISIC_0000384_A04_T3_S2_5452a687bae47821f880204c.png,S2,0.9278605580329895,0.9286389101877615,val,M,0.875679544478552,T3,275283
1.0,1.0,A06,0.050631362944841385,0.05039664511076602,0.1882831833956188,0.007153247197741079,0.6359053117878771,0,0.0022131641709001604,0.0022911658653846155,cdfa7966292d334f35a671cfb33ac823ef2f659d99670c319a635c2b862fa168,3326.425258441861,0.8887913509517649,0.8939407642911781,0.9088558207059251,72210,11961,21,0,0,0,-0.020064469754160208,-0.017105504870414734,-0.016918499503705164,-0.005149413339413211,ISIC_0000384,0,81.72698248737663,0.02456901211893111,ISIC_0000384,0.7998420024115421,0.8329383393621886,1.0,1.1718647482326034,0.08123720437288284,0.07728227972984314,0.07723076859010689,0.06413169950246811,0.06429427586057412,0.08121277536427929,canonical_letterbox_valid,3d99874f14ae5f316eec36e21141043d75bd4fd17ccfb31e3174198dee269596,0.8260904672622299,abs_hard,0,0,P2-IMA-M-v2,2,5661a56a9fc3c147bbd698ac,AbsHard-1,17,ISIC_0000384_A06_T3_S1_5661a56a9fc3c147bbd698ac.png,S1,0.8881569504737854,0.8879710943822074,val,M,0.7998420024115421,T3,288555
1.0,1.0,A04,0.021971913054585457,0.022011795304027304,0.6770918591955348,0.39820080596859786,0.9465452457375749,0,0.005345097294560185,0.00531005859375,cdfa7966292d334f35a671cfb33ac823ef2f659d99670c319a635c2b862fa168,3840.0,0.9706814760999241,0.971301302132283,0.96940886636929,32355,0,19814,35684,18018,0,0.0012726097306340334,0.0028276704251766205,0.0027415466180523984,-0.0006198260323589944,ISIC_0000386,0,40.09050472829212,0.010440235606326072,ISIC_0000386,0.9430331365474928,0.9406338117368829,1.0,1.0648470520692668,0.030284956097602844,0.029530081897974014,0.02957582894231499,0.033112626522779465,0.03305671878467495,0.03031517216662255,canonical_letterbox_valid,3d99874f14ae5f316eec36e21141043d75bd4fd17ccfb31e3174198dee269596,0.9949139696756525,abs_hard,0,0,P2-IMA-M-v2,2,5452a573bae47821f8802046,AbsHard-1,17,ISIC_0000386_A04_T3_S1_5452a573bae47821f8802046.png,S1,0.9614019989967346,0.9613814509707822,val,M,0.9430331365474928,T3,1126322
1.0,1.0,A06,0.021173691377043724,0.021517225516513944,0.7378469469632932,0.4562094541874514,0.9535788820576456,0,0.005345097294560185,0.00531005859375,cdfa7966292d334f35a671cfb33ac823ef2f659d99670c319a635c2b862fa168,3840.0,0.9721088355859864,0.9725094300731287,0.971900580561425,25179,0,18625,39248,19207,0,0.00020825502456134348,0.0015435628592967987,0.0015874245861406677,-0.00040059448714235835,ISIC_0000386,0,42.190046219457976,0.010986991202983848,ISIC_0000386,0.9457312887207975,0.9453371553231311,1.0,1.0648470520692668,0.02937375381588936,0.028849322348833084,0.029247054133505333,0.030917316675186157,0.031339857898789555,0.029752433312648888,canonical_letterbox_valid,3d99874f14ae5f316eec36e21141043d75bd4fd17ccfb31e3174198dee269596,0.9949139696756525,abs_hard,0,0,P2-IMA-M-v2,2,568b33bb9fc3c126c063fec5,AbsHard-1,17,ISIC_0000386_A06_T3_S1_568b33bb9fc3c126c063fec5.png,S1,0.9624261856079102,0.9620123588912162,val,M,0.9457312887207975,T3,1122758
1.0,1.0,A04,0.04710971936583519,0.046929413439129326,0.7633138806954435,0.5438263804111214,0.8664945778331398,0,0.006162378167641326,0.00630859375,cdfa7966292d334f35a671cfb33ac823ef2f659d99670c319a635c2b862fa168,3252.572059155646,0.9717389363051444,0.9730998774574138,0.9657668968882851,59346,2458,21942,15342,5868,1345,0.005972039416859309,0.0002613365650177002,-1.3428057279954442e-05,-0.0013609411522693682,ISIC_0000396,0,142.90206436577463,0.04393509560027131,ISIC_0000396,0.9450313452630308,0.933800024368361,1.0,1.0888466098705614,0.055679887533187866,0.05561532825231552,0.055656986621145335,0.055941224098205566,0.05557731130745665,0.0555907393647366,canonical_letterbox_valid,3d99874f14ae5f316eec36e21141043d75bd4fd17ccfb31e3174198dee269596,0.7009435542225778,abs_hard,0,0,P2-IMA-M-v2,2,54529d84bae47821f8802028,AbsHard-1,17,ISIC_0000396_A04_T3_S2_54529d84bae47821f8802028.png,S2,0.9357499480247498,0.9357479347096561,val,M,0.9450313452630308,T3,1284050
1.0,1.0,A06,0.34112632274627686,0.34137260627310045,0.11974392477159565,0.06385311633306819,0.24543652930997065,0,0.006162378167641326,0.00630859375,cdfa7966292d334f35a671cfb33ac823ef2f659d99670c319a635c2b862fa168,3252.572059155646,0.8319055742306155,0.8407555052791784,0.8228592922449406,525109,3803,27810,0,0,0,0.00904628198567492,-0.0024243593215942383,-0.002572446379014104,-0.008849931048562909,ISIC_0000396,0,280.85049403552773,0.0863472012080296,ISIC_0000396,0.7121903468400401,0.6990322285381044,1.0,1.0888466098705614,0.25609415769577026,0.2470824420452118,0.24725712036994818,0.253669798374176,0.253651026457104,0.2562234728361181,canonical_letterbox_valid,3d99874f14ae5f316eec36e21141043d75bd4fd17ccfb31e3174198dee269596,0.7009435542225778,abs_hard,0,0,P2-IMA-M-v2,2,54ebc36bbae47871b5e02287,AbsHard-1,17,ISIC_0000396_A06_T1_S1_54ebc36bbae47871b5e02287.png,S1,0.8289380073547363,0.8289256606008643,val,M,0.7121903468400401,T1,1299392
1.0,1.0,A04,1.4236831665039062,1.4226769472385017,0.0,0.0,0.0,0,0.022827007152416087,0.02294921875,cdfa7966292d334f35a671cfb33ac823ef2f659d99670c319a635c2b862fa168,3840.0,0.0452559027629554,0.045412047985459086,0.04562139859015192,0,0,0,5278234,102929,58638,-0.00036549582719652,0.011426806449890137,0.011451608371467081,-0.0001561452225036855,ISIC_0000401,0,1860.4632755413268,0.4844956446722205,ISIC_0000401,0.023151829861986984,0.023343173404191796,1.0,0.2486606849059922,1.187123417854309,1.144075870513916,1.1433215354409256,1.1985502243041992,1.1977727020158522,1.186321093644385,canonical_letterbox_valid,3d99874f14ae5f316eec36e21141043d75bd4fd17ccfb31e3174198dee269596,0.6336343601138444,abs_hard,0,0,P2-IMA-M-v2,2,545290f1bae47821f8802019,AbsHard-1,17,ISIC_0000401_A04_T3_S2_545290f1bae47821f8802019.png,S2,0.04943639039993286,0.050034759949731576,val,M,0.0,T3,125097
1.0,1.0,A06,0.36668238043785095,0.36706193296943573,0.43207016249128044,0.2584301206914732,0.5475667127846743,0,0.022827007152416087,0.02294921875,cdfa7966292d334f35a671cfb33ac823ef2f659d99670c319a635c2b862fa168,3840.0,0.9271664941892136,0.9246974503181875,0.9301924190586413,725578,46241,49554,106592,53375,12397,-0.003025924869427654,-0.010107219219207764,-0.0098849321216532,0.0024690438710260887,ISIC_0000401,0,294.6285774978495,0.07672619205673165,ISIC_0000401,0.8642221641731016,0.8694950714783068,1.0,0.2486606849059922,0.27506810426712036,0.28688845038414,0.28713936401522566,0.2649608850479126,0.26548453298220764,0.27536946510386084,canonical_letterbox_valid,3d99874f14ae5f316eec36e21141043d75bd4fd17ccfb31e3174198dee269596,0.6336343601138444,abs_hard,0,0,P2-IMA-M-v2,2,54cdaebebae47819d8e4cf0d,AbsHard-1,17,ISIC_0000401_A06_T1_S1_54cdaebebae47819d8e4cf0d.png,S1,0.8165462017059326,0.8163230027617141,val,M,0.8642221641731016,T1,5296739
1.0,1.0,A04,0.24062354862689972,0.2411941884561717,0.24006406733351127,0.16032987053874867,0.3565588338388732,0,0.02556822035047743,0.025736490885416668,cdfa7966292d334f35a671cfb33ac823ef2f659d99670c319a635c2b862fa168,3840.0,0.8432259861572381,0.8383116835951621,0.8500142917588838,498143,92509,25652,66380,557,62251,-0.006788305601645672,0.02598467469215393,0.02588362134779959,0.004914302562076034,ISIC_0000432,0,383.86025551944454,0.09996360820818868,ISIC_0000432,0.7289461693179565,0.7391520482971622,1.0,2.1943341359138446,0.2201005220413208,0.2246176302433014,0.22502349281591974,0.24608519673347473,0.24639029513506022,0.22050667378726063,canonical_letterbox_valid,3d99874f14ae5f316eec36e21141043d75bd4fd17ccfb31e3174198dee269596,0.7158118881931818,abs_hard,0,0,P2-IMA-M-v2,2,5451505bbae47821f8801fbc,AbsHard-1,17,ISIC_0000432_A04_T1_S2_5451505bbae47821f8801fbc.png,S2,0.8004224896430969,0.8001808408816504,val,M,0.7289461693179565,T1,1518174
1.0,1.0,A06,0.1674181967973709,0.16718267466099232,0.07575710693458587,0.04539988008011474,0.18824964502423744,0,0.02556822035047743,0.025736490885416668,cdfa7966292d334f35a671cfb33ac823ef2f659d99670c319a635c2b862fa168,3840.0,0.8322150670063156,0.8346277087505407,0.80927592293251,336489,40490,26209,215534,0,114270,0.022939144073805595,0.06520700454711914,0.06528661025726201,-0.0024126417442250636,ISIC_0000432,0,263.7002910885201,0.0686719508043021,ISIC_0000432,0.7126441209280584,0.6796502552678629,1.0,2.1943341359138446,0.18206295371055603,0.17882263660430908,0.17864756135498008,0.24726995825767517,0.24715495292532363,0.18186834266806162,canonical_letterbox_valid,3d99874f14ae5f316eec36e21141043d75bd4fd17ccfb31e3174198dee269596,0.7158118881931818,abs_hard,0,0,P2-IMA-M-v2,2,54cda622bae47819d8e4cd8c,AbsHard-1,17,ISIC_0000432_A06_T1_S1_54cda622bae47819d8e4cd8c.png,S1,0.8032922744750977,0.8034459893248691,val,M,0.7126441209280584,T1,1369020
1.0,1.0,A04,0.1053515300154686,0.10543614732003165,0.0016405609155892345,0.0,0.20576152914860402,0,0.016044051558883103,0.016153971354166668,cdfa7966292d334f35a671cfb33ac823ef2f659d99670c319a635c2b862fa168,3840.0,0.8989237437960745,0.9013370789080567,0.9344338882606045,0,0,0,302039,113558,0,-0.035510144464529936,-0.03641950339078903,-0.03643965401219443,-0.0024133351119821622,ISIC_0000434,0,90.55385138137417,0.02358173213056619,ISIC_0000434,0.8164046211433232,0.8769365673006106,1.0,1.071229656103124,0.11101554334163666,0.1090831309556961,0.10919443251887749,0.07459603995084763,0.074707728296461,0.11114738230865542,canonical_letterbox_valid,3d99874f14ae5f316eec36e21141043d75bd4fd17ccfb31e3174198dee269596,0.6534290223214897,abs_hard,0,0,P2-IMA-M-v2,2,54514b68bae47821f8801fb6,AbsHard-1,17,ISIC_0000434_A04_T3_S2_54514b68bae47821f8801fb6.png,S2,0.8833204507827759,0.8831413827027208,val,M,0.8164046211433232,T3,1343095
1.0,1.0,A06,0.1391228586435318,0.13935885684851126,0.08907658283415387,0.04115899338675938,0.20666175844830909,0,0.016044051558883103,0.016153971354166668,cdfa7966292d334f35a671cfb33ac823ef2f659d99670c319a635c2b862fa168,3840.0,0.8900457575274225,0.8880588149099048,0.8573461373756938,400727,0,108951,4607,4607,0,0.03269962015172878,0.029707014560699463,0.029647800202521446,0.0019869426175177507,ISIC_0000434,0,150.0446177230601,0.03907411919871357,ISIC_0000434,0.8018760805352856,0.7503113282325472,1.0,1.071229656103124,0.12694793939590454,0.13037654757499695,0.1305160439716901,0.156654953956604,0.1567547879867131,0.12710698778419166,canonical_letterbox_valid,3d99874f14ae5f316eec36e21141043d75bd4fd17ccfb31e3174198dee269596,0.6534290223214897,abs_hard,0,0,P2-IMA-M-v2,2,54cda57fbae47819d8e4cd5c,AbsHard-1,17,ISIC_0000434_A06_T1_S1_54cda57fbae47819d8e4cd5c.png,S1,0.8852269649505615,0.8851448812801279,val,M,0.8018760805352856,T1,1640527
1.0,1.0,A04,0.13798390328884125,0.13918177151151473,0.2078540691223037,0.10640351375204513,0.40456092491358564,0,0.010305475305627894,0.0103759765625,cdfa7966292d334f35a671cfb33ac823ef2f659d99670c319a635c2b862fa168,3840.0,0.8839509658119685,0.883514706698265,0.8674497122158731,272221,0,56368,94456,15031,1542,0.016501253596095444,0.014862596988677979,0.014927338665986362,0.00043625911370348547,ISIC_0000435,0,220.44885655664052,0.05740855639495847,ISIC_0000435,0.7920359578601103,0.7659260004366498,1.0,1.7687279806229712,0.13457295298576355,0.1361229419708252,0.1370093354978152,0.14943554997444153,0.1503472258240054,0.13541988715801903,canonical_letterbox_valid,3d99874f14ae5f316eec36e21141043d75bd4fd17ccfb31e3174198dee269596,0.7922178052948521,abs_hard,0,0,P2-IMA-M-v2,2,5451480abae47821f8801fb3,AbsHard-1,17,ISIC_0000435_A04_T3_S2_5451480abae47821f8801fb3.png,S2,0.8688380122184753,0.8683419971954767,val,M,0.7920359578601103,T3,1396498
1.0,1.0,A06,0.16232116520404816,0.16311132216188765,0.13217768457311901,0.020340796753922974,0.3174891621970278,0,0.010305475305627894,0.0103759765625,cdfa7966292d334f35a671cfb33ac823ef2f659d99670c319a635c2b862fa168,3840.0,0.8693886894256482,0.8674824037333339,0.8469411874252397,442713,1542,69516,4052,1883,0,0.02244750200040846,0.024047940969467163,0.024040374275009324,0.0019062856923143245,ISIC_0000435,0,200.3509381013586,0.05217472346389547,ISIC_0000435,0.7689545304336269,0.7345169025108397,1.0,1.7687279806229712,0.14957022666931152,0.15282976627349854,0.15342460603847874,0.1736181676387787,0.17418861705088678,0.15014824277587746,canonical_letterbox_valid,3d99874f14ae5f316eec36e21141043d75bd4fd17ccfb31e3174198dee269596,0.7922178052948521,abs_hard,0,0,P2-IMA-M-v2,2,54cda51fbae47819d8e4cd56,AbsHard-1,17,ISIC_0000435_A06_T1_S1_54cda51fbae47819d8e4cd56.png,S1,0.8631806969642639,0.8628148366101327,val,M,0.7689545304336269,T1,1486902
1.0,1.0,A04,0.10581991821527481,0.10583043606669958,0.23158925418311405,0.101237473101693,0.4706029059694509,0,0.017635769314236112,0.017415364583333332,cdfa7966292d334f35a671cfb33ac823ef2f659d99670c319a635c2b862fa168,3840.0,0.9340838923058797,0.9324969950956765,0.9440684065527624,27738,0,33320,310192,91496,8,-0.009984514246882625,-0.01684841513633728,-0.01690687680599859,0.0015868972102032197,ISIC_0000436,0,138.92443989449805,0.03617823955585887,ISIC_0000436,0.8763202709513124,0.8940620892597009,1.0,1.078437315276593,0.10171236097812653,0.10230807960033417,0.1023227181785346,0.08486394584178925,0.08480908563102862,0.10171596243702721,canonical_letterbox_valid,3d99874f14ae5f316eec36e21141043d75bd4fd17ccfb31e3174198dee269596,0.6738525433618402,abs_hard,0,0,P2-IMA-M-v2,2,5451450cbae47821f8801fb0,AbsHard-1,17,ISIC_0000436_A04_T1_S2_5451450cbae47821f8801fb0.png,S2,0.9023951888084412,0.9023985111926451,val,M,0.8763202709513124,T1,2394369
1.0,1.0,A06,0.33115240931510925,0.33054234590176773,0.05307531556909604,0.027564049028518094,0.11364032345676482,0,0.017635769314236112,0.017415364583333332,cdfa7966292d334f35a671cfb33ac823ef2f659d99670c319a635c2b862fa168,3840.0,0.8526559117427625,0.8533141536083895,0.8347415541189304,907047,8,108490,20572,16326,0,0.01791435762383209,0.04790152609348297,0.04773344362601126,-0.0006582418656270184,ISIC_0000436,0,277.2134438568767,0.07219100100439498,ISIC_0000436,0.7431562340098925,0.7163574373303679,1.0,1.078437315276593,0.24131731688976288,0.24278134107589722,0.2424445601946468,0.28921884298324585,0.288716911997966,0.24098346837195475,canonical_letterbox_valid,3d99874f14ae5f316eec36e21141043d75bd4fd17ccfb31e3174198dee269596,0.6738525433618402,abs_hard,0,0,P2-IMA-M-v2,2,54cda4dcbae47819d8e4cd50,AbsHard-1,17,ISIC_0000436_A06_T1_S1_54cda4dcbae47819d8e4cd50.png,S1,0.8485177755355835,0.8485754091578582,val,M,0.7431562340098925,T1,2683989
1.0,1.0,A04,0.018794085830450058,0.018303361073818955,0.7274971808748589,0.408835364425248,0.890950605208425,0,0.007513964617693865,0.00762939453125,cdfa7966292d334f35a671cfb33ac823ef2f659d99670c319a635c2b862fa168,3840.0,0.9481691629765866,0.9426310478291046,0.937309750392515,21406,0,29958,26643,23225,0,0.010859412584071637,0.006820015609264374,0.005721953679218156,0.005538115147482037,ISIC_0000439,0,76.0473499833805,0.01980399739150534,ISIC_0000439,0.9014464394862391,0.8820159503098098,1.0,0.7793334535916359,0.0439143031835556,0.045749373733997345,0.04538062628676069,0.05073431879281998,0.049065828972142116,0.04334387529292396,canonical_letterbox_valid,3d99874f14ae5f316eec36e21141043d75bd4fd17ccfb31e3174198dee269596,0.7968584979280114,abs_hard,0,0,P2-IMA-M-v2,2,54512ae1bae47821f8801fa7,AbsHard-1,17,ISIC_0000439_A04_T3_S2_54512ae1bae47821f8801fa7.png,S2,0.9309654831886292,0.931615610487971,val,M,0.9014464394862391,T3,439493
1.0,1.0,A06,0.032867807894945145,0.032895947838007665,0.33232188985072864,0.15302645790958466,0.6162607021441046,0,0.007513964617693865,0.00762939453125,cdfa7966292d334f35a671cfb33ac823ef2f659d99670c319a635c2b862fa168,3840.0,0.9097835148501633,0.9193899143605766,0.8614911202085973,85078,0,47325,6149,5858,0,0.04829239464156598,0.038554392755031586,0.03874529336098552,-0.00960639951041331,ISIC_0000439,0,72.40165743959182,0.01885459829156037,ISIC_0000439,0.8344980352458392,0.7566837075231592,1.0,0.7793334535916359,0.0642666295170784,0.05800515040755272,0.0581139041612729,0.10282102227210999,0.1032290863817324,0.06448379302074687,canonical_letterbox_valid,3d99874f14ae5f316eec36e21141043d75bd4fd17ccfb31e3174198dee269596,0.7968584979280114,abs_hard,0,0,P2-IMA-M-v2,2,54cda37dbae47819d8e4cd3e,AbsHard-1,17,ISIC_0000439_A06_T1_S1_54cda37dbae47819d8e4cd3e.png,S1,0.904334545135498,0.9039283617965139,val,M,0.8344980352458392,T1,459987
1.0,1.0,A04,0.20135445892810822,0.2009280361281408,0.2621131238712141,0.14643423783506354,0.5149229261212231,0,0.06717498214156539,0.0670166015625,cdfa7966292d334f35a671cfb33ac823ef2f659d99670c319a635c2b862fa168,3840.0,0.929589194542477,0.9278684033072762,0.8821530831226826,34817,18217,0,533669,0,457240,0.047436111419794424,0.07101641595363617,0.07094348896483713,0.001720791235200858,ISIC_0000450,0,210.02380615039988,0.0546936995183333,ISIC_0000450,0.8684415271248547,0.7891537470863714,1.0,1.278234403971699,0.1570304036140442,0.16304722428321838,0.1627632952218993,0.22804681956768036,0.2277136105830805,0.15677012161824339,canonical_letterbox_valid,3d99874f14ae5f316eec36e21141043d75bd4fd17ccfb31e3174198dee269596,0.5295800815227193,abs_hard,0,0,P2-IMA-M-v2,2,54511f18bae47821f8801f86,AbsHard-1,17,ISIC_0000450_A04_T3_S2_54511f18bae47821f8801f86.png,S2,0.8872936367988586,0.887387792891654,val,M,0.8684415271248547,T3,3752680
1.0,1.0,A06,0.31126195192337036,0.31167942393612946,0.09127922242043966,0.03680813576651664,0.14462224602128126,0,0.06717498214156539,0.0670166015625,cdfa7966292d334f35a671cfb33ac823ef2f659d99670c319a635c2b862fa168,3840.0,0.8710004715194993,0.8728256120891865,0.9206863893740405,1257851,462867,0,9110,0,12590,-0.04968591785454113,-0.06242361664772034,-0.06224773611235196,-0.0018251405696871892,ISIC_0000450,0,394.92574953754007,0.10284524727540106,ISIC_0000450,0.7714799249666318,0.8530295368369148,1.0,1.278234403971699,0.21871313452720642,0.2106984257698059,0.21092908014412393,0.15628951787948608,0.15669396484273757,0.21894170095508952,canonical_letterbox_valid,3d99874f14ae5f316eec36e21141043d75bd4fd17ccfb31e3174198dee269596,0.5295800815227193,abs_hard,0,0,P2-IMA-M-v2,2,54cd9dcabae47819d8e4cca8,AbsHard-1,17,ISIC_0000450_A06_T1_S1_54cd9dcabae47819d8e4cca8.png,S1,0.8738356828689575,0.8737960220259504,val,M,0.7714799249666318,T1,4277239
1.0,1.0,A04,0.10451660305261612,0.10524598759909753,0.08205243495855236,0.027735472907978412,0.37973093128402363,0,0.003181183510638298,0.003331801470588235,cdfa7966292d334f35a671cfb33ac823ef2f659d99670c319a635c2b862fa168,3612.2104036171536,0.8730590333743756,0.8810013970244309,0.8781186190062665,2423,0,334,204391,14309,4495,-0.005059585631890906,-0.005555488169193268,-0.005683946324741923,-0.007942363650055295,ISIC_0000473,0,126.92438130813692,0.0351375936410124,ISIC_0000473,0.7747158540065838,0.7827196652719666,1.0,0.890403169173829,0.12011213600635529,0.11174927651882172,0.11239993653184804,0.11455664783716202,0.11510418911834516,0.12078813544308709,canonical_letterbox_valid,3d99874f14ae5f316eec36e21141043d75bd4fd17ccfb31e3174198dee269596,0.7539694605930686,abs_hard,0,0,P2-IMA-M-v2,2,54510071bae47821f8801f3b,AbsHard-1,17,ISIC_0000473_A04_T3_S2_54510071bae47821f8801f3b.png,S2,0.864292323589325,0.8636697167129234,val,M,0.7747158540065838,T3,711200
1.0,1.0,A06,0.058171894401311874,0.058325433705023445,0.15924929789671682,0.09128888337843939,0.48043660783066194,0,0.003181183510638298,0.003331801470588235,cdfa7966292d334f35a671cfb33ac823ef2f659d99670c319a635c2b862fa168,3612.2104036171536,0.9239503320288217,0.9191999711255369,0.9235503260470974,135978,4441,9518,12661,5125,54,0.000400005981724294,0.00028048455715179443,0.0002648991572102438,0.004750360903284845,ISIC_0000473,0,86.68333173107735,0.023997309692778523,ISIC_0000473,0.8586502645095091,0.8579595947627229,1.0,0.890403169173829,0.07133696973323822,0.07651108503341675,0.07665625997733815,0.07161745429039001,0.07174556176269595,0.0714806626054857,canonical_letterbox_valid,3d99874f14ae5f316eec36e21141043d75bd4fd17ccfb31e3174198dee269596,0.7539694605930686,abs_hard,0,0,P2-IMA-M-v2,2,54cc1475bae47819d8e4cadb,AbsHard-1,17,ISIC_0000473_A06_T1_S1_54cc1475bae47819d8e4cadb.png,S1,0.9154979586601257,0.915364108494052,val,M,0.8586502645095091,T1,902930
1.0,1.0,A04,0.07844007015228271,0.07918335725593907,0.3627748037199196,0.17566341004317232,0.7448529710672486,0,0.03465899994301515,0.03454316143497758,cdfa7966292d334f35a671cfb33ac823ef2f659d99670c319a635c2b862fa168,1219.73972633509,0.9521250030793901,0.9526479890536327,0.9470416084680217,1384,0,13231,19993,12314,0,0.005083394611368419,0.029072411358356476,0.029087294631305605,-0.0005229859742426068,ISIC_0000489,0,18.973665961010276,0.01555550381065295,ISIC_0000489,0.9086246030083737,0.8994102863743215,1.0,1.7314832474172783,0.08198115229606628,0.08018079400062561,0.08078840112753899,0.11105356365442276,0.11164603523888444,0.08255874060757884,canonical_letterbox_valid,3d99874f14ae5f316eec36e21141043d75bd4fd17ccfb31e3174198dee269596,0.5800672745348674,abs_hard,0,0,P2-IMA-M-v2,2,5450f48cbae47865794e4d22,AbsHard-1,17,ISIC_0000489_A04_T3_S2_5450f48cbae47865794e4d22.png,S2,0.9144777655601501,0.9140658760407814,val,M,0.9086246030083737,T3,212570
1.0,1.0,A12,0.09566724300384521,0.09560647051239309,0.18423880618800095,0.08412288372955262,0.536342883047448,0,0.03465899994301515,0.03454316143497758,cdfa7966292d334f35a671cfb33ac823ef2f659d99670c319a635c2b862fa168,1219.73972633509,0.9366387413531914,0.9377680785182985,0.9500565694447473,479,0,9194,27293,16351,0,-0.013417828091555895,0.014271408319473267,0.014340711421746116,-0.0011293371651071027,ISIC_0000489,0,24.01978308398219,0.019692547980013415,ISIC_0000489,0.8808283485380318,0.9048645305988712,1.0,1.7314832474172783,0.0962933599948883,0.09457018971443176,0.09458882244707476,0.11056476831436157,0.11064453780790162,0.0963038263861555,canonical_letterbox_valid,3d99874f14ae5f316eec36e21141043d75bd4fd17ccfb31e3174198dee269596,0.5800672745348674,abs_hard,0,0,P2-IMA-M-v2,2,5450f4d5bae47865794e4d28,AbsHard-1,17,ISIC_0000489_A12_T3_S1_5450f4d5bae47865794e4d28.png,S1,0.9030805230140686,0.9029988177400821,val,M,0.8808283485380318,T3,205270
1.0,1.0,A04,0.1415175348520279,0.14223660182116443,0.029714637020339156,0.015081060701269322,0.15927209995645328,0,0.029522222734784366,0.02946328475336323,cdfa7966292d334f35a671cfb33ac823ef2f659d99670c319a635c2b862fa168,1219.73972633509,0.9017490217669151,0.9018741103323147,0.9496360657185073,1923,0,590,38051,21169,0,-0.04788704395159227,-0.052432529628276825,-0.05245399339851203,-0.00012508856539961144,ISIC_0000498,0,109.09327671013537,0.08943979961850074,ISIC_0000498,0.8210773672313856,0.9041019352669522,1.0,0.8707173028252135,0.12497148662805557,0.12543734908103943,0.12594538292722668,0.07253895699977875,0.07303398067462955,0.12548797407314158,canonical_letterbox_valid,3d99874f14ae5f316eec36e21141043d75bd4fd17ccfb31e3174198dee269596,0.531896721159189,abs_hard,0,0,P2-IMA-M-v2,2,544ead46bae478661558fb78,AbsHard-1,17,ISIC_0000498_A04_T3_S2_544ead46bae478661558fb78.png,S2,0.8915745615959167,0.8912606536748813,val,M,0.8210773672313856,T3,183441
1.0,1.0,A06,0.051913198083639145,0.05190693243236652,0.36055581810679754,0.1391766382071581,0.7478746424090525,0,0.029522222734784366,0.02946328475336323,cdfa7966292d334f35a671cfb33ac823ef2f659d99670c319a635c2b862fa168,1219.73972633509,0.9621372601443762,0.9620026331187829,0.9548104114965084,5596,0,11991,10973,9768,0,0.007326848647867812,0.0036566592752933502,0.0035895006553651188,0.00013462702559330353,ISIC_0000498,0,23.0,0.018856481840685235,ISIC_0000498,0.9270370957514268,0.9135284373274434,1.0,0.8707173028252135,0.05528661608695984,0.05449367314577103,0.05452018733477783,0.05894327536225319,0.058890341677156,0.05530084102179088,canonical_letterbox_valid,3d99874f14ae5f316eec36e21141043d75bd4fd17ccfb31e3174198dee269596,0.531896721159189,abs_hard,0,0,P2-IMA-M-v2,2,54cc0254bae47819d8e4c996,AbsHard-1,17,ISIC_0000498_A06_T1_S1_54cc0254bae47819d8e4c996.png,S1,0.9413399696350098,0.9413052503887848,val,M,0.9270370957514268,T1,210519
1.0,1.0,A04,0.10342581570148468,0.1035389329202527,0.30225461550216015,0.12525055168337493,0.6823463505049155,0,0.00448552177771024,0.004274103139013453,cdfa7966292d334f35a671cfb33ac823ef2f659d99670c319a635c2b862fa168,1219.73972633509,0.9370852910319524,0.9371330892677442,0.9387363700852231,7373,956,132,24590,1090,1128,-0.0016510790532707764,0.0017150789499282837,0.001841494643681843,-4.77982357918183e-05,ISIC_0000516,0,87.28287331099642,0.07155860502572321,ISIC_0000516,0.8816185185185185,0.884545878728179,1.0,1.0179182530009412,0.09511402994394302,0.09478229284286499,0.0948802484455913,0.09682910889387131,0.09705212290607122,0.09521062826238938,canonical_letterbox_valid,3d99874f14ae5f316eec36e21141043d75bd4fd17ccfb31e3174198dee269596,0.6764620036601485,abs_hard,0,0,P2-IMA-M-v2,2,544e6a95bae478661558fb42,AbsHard-1,17,ISIC_0000516_A04_T3_S2_544e6a95bae478661558fb42.png,S2,0.9131977558135986,0.9131176763954739,val,M,0.8816185185185185,T3,238037
1.0,1.0,A06,0.11163330078125,0.11169946225130299,0.3899363631808388,0.25159550515271817,0.697225829476426,0,0.00448552177771024,0.004274103139013453,cdfa7966292d334f35a671cfb33ac823ef2f659d99670c319a635c2b862fa168,1219.73972633509,0.938405992548377,0.938154018509317,0.9420703000948998,22730,1634,243,10383,979,450,-0.0036643075465228048,-0.004081003367900848,-0.003982196128938714,0.0002519740390599656,ISIC_0000516,0,74.94664769020693,0.061444787008287864,ISIC_0000516,0.883959391218719,0.8904847837993456,1.0,1.0179182530009412,0.09850257635116577,0.09816880524158478,0.09822711674372617,0.09442157298326492,0.09457933097921642,0.09856152710815513,canonical_letterbox_valid,3d99874f14ae5f316eec36e21141043d75bd4fd17ccfb31e3174198dee269596,0.6764620036601485,abs_hard,0,0,P2-IMA-M-v2,2,54cbfd4abae47819d8e4c8c4,AbsHard-1,17,ISIC_0000516_A06_T1_S1_54cbfd4abae47819d8e4c8c4.png,S1,0.9146281480789185,0.9145764080349927,val,M,0.883959391218719,T1,252244
1.0,1.0,A04,0.04564179107546806,0.045007763909986565,0.6455663514044627,0.2863292029599506,0.9668212043690821,0,0.023429729320384837,0.02325439453125,cdfa7966292d334f35a671cfb33ac823ef2f659d99670c319a635c2b862fa168,3840.0,0.9792465742449555,0.9787321644201351,0.9572415554415096,14421,8647,0,118982,0,157186,0.022005018803445964,0.03456222265958786,0.0345303771555429,0.0005144098248204276,ISIC_0000521,0,35.695236603912555,0.009295634532268894,ISIC_0000521,0.9593370441256305,0.9179897419548694,1.0,1.5566354361059462,0.03909257799386978,0.03943343460559845,0.03897707236073075,0.07365480065345764,0.07319177136027206,0.038661394204729166,canonical_letterbox_valid,3d99874f14ae5f316eec36e21141043d75bd4fd17ccfb31e3174198dee269596,1.0127701340405006,abs_hard,0,0,P2-IMA-M-v2,2,544e6483bae478661558fb33,AbsHard-1,17,ISIC_0000521_A04_T3_S1_544e6483bae478661558fb33.png,S1,0.9674566388130188,0.9676849755005282,val,M,0.9593370441256305,T3,3147298
1.0,1.0,A06,0.2167685478925705,0.21628077608004934,0.0194856365069131,0.0,0.12683084136993344,0,0.023429729320384837,0.02325439453125,cdfa7966292d334f35a671cfb33ac823ef2f659d99670c319a635c2b862fa168,3840.0,0.9254916961524975,0.9267526541128844,0.9497180906461906,525915,164248,0,0,0,1585,-0.024226394493693126,-0.06556341052055359,-0.0654792477463621,-0.0012609579603869436,ISIC_0000521,0,116.42765507818952,0.03031970184327852,ISIC_0000521,0.8613164671120551,0.9042506418400645,1.0,1.5566354361059462,0.14675816893577576,0.14665454626083374,0.14631879895358546,0.08119475841522217,0.08098734849034678,0.14646659623670888,canonical_letterbox_valid,3d99874f14ae5f316eec36e21141043d75bd4fd17ccfb31e3174198dee269596,1.0127701340405006,abs_hard,0,0,P2-IMA-M-v2,2,568b32539fc3c126c063feb9,AbsHard-1,17,ISIC_0000521_A06_T1_S1_568b32539fc3c126c063feb9.png,S1,0.9232522249221802,0.9233475836066316,val,M,0.8613164671120551,T1,3266280
1.0,1.0,A04,0.4562731981277466,0.4544248867416435,0.029207932581899593,0.007027805665895498,0.09001302281529588,0,0.06521328166142296,0.06519758968609865,cdfa7966292d334f35a671cfb33ac823ef2f659d99670c319a635c2b862fa168,1093.5890452999245,0.8115114375263133,0.8144771906497721,0.7568025044454255,1,1,0,100732,0,38635,0.054708933080887756,0.05687522888183594,0.057115620761543084,-0.002965753123458814,ISIC_0000547,0,122.0993446816996,0.11165011683910295,ISIC_0000547,0.6828096316192191,0.6087548496128732,1.0,1.683446933294836,0.3303239047527313,0.31889164447784424,0.3176261530689253,0.38719913363456726,0.3861811258093561,0.329065505047813,canonical_letterbox_valid,3d99874f14ae5f316eec36e21141043d75bd4fd17ccfb31e3174198dee269596,0.6292832736848323,abs_hard,0,0,P2-IMA-M-v2,3,5441209bbae478661558fae5,AbsHard-1,17,ISIC_0000547_A04_T3_S2_5441209bbae478661558fae5.png,S2,0.7956253886222839,0.7962938766460175,val,M,0.6828096316192191,T3,216846
1.0,1.0,A03,0.5282343029975891,0.5294898289659455,0.004872700694359849,0.0,0.02753687974966473,0,0.06521328166142296,0.06519758968609865,cdfa7966292d334f35a671cfb33ac823ef2f659d99670c319a635c2b862fa168,1093.5890452999245,0.8320137910075505,0.8290209468776676,0.8803314580964351,128240,35449,0,0,0,3187,-0.04831766708888463,-0.11982528865337372,-0.12013776242934301,0.0029928441298828767,ISIC_0000547,0,85.61074679766189,0.0782842029788096,ISIC_0000547,0.7123489854604346,0.7862429148895892,1.0,1.683446933294836,0.3478323817253113,0.3656894564628601,0.3664553236179994,0.22800709307193756,0.22842261166518354,0.34856037409452656,canonical_letterbox_valid,3d99874f14ae5f316eec36e21141043d75bd4fd17ccfb31e3174198dee269596,0.6292832736848323,abs_hard,0,0,P2-IMA-M-v2,3,57be109d9fc3c1434763a335,AbsHard-1,17,ISIC_0000547_A03_T1_S1_57be109d9fc3c1434763a335.png,S1,0.8325695395469666,0.8323690807768924,val,M,0.7123489854604346,T1,317578
1.0,1.0,A02,0.17984630167484283,0.17994157908391586,0.18763457253430282,0.08678316889441247,0.3520319801798885,0,0.06521328166142296,0.06519758968609865,cdfa7966292d334f35a671cfb33ac823ef2f659d99670c319a635c2b862fa168,1093.5890452999245,0.9198327424896429,0.9194684102603784,0.8958647924830915,18502,9849,0,31384,0,28787,0.023967950006551386,0.06554524600505829,0.065548955142845,0.0003643322292644635,ISIC_0000547,0,75.62898358867926,0.06915667627955936,ISIC_0000547,0.8515651035467746,0.8113723630802456,1.0,1.683446933294836,0.14236310124397278,0.1405051350593567,0.14055926435562288,0.20790834724903107,0.20798494075514043,0.14243598561229542,canonical_letterbox_valid,3d99874f14ae5f316eec36e21141043d75bd4fd17ccfb31e3174198dee269596,0.6292832736848323,abs_hard,0,0,P2-IMA-M-v2,3,57c04fc49fc3c158f2bd0e40,AbsHard-1,17,ISIC_0000547_A02_T1_S1_57c04fc49fc3c158f2bd0e40.png,S1,0.8951200842857361,0.895069607859325,val,M,0.8515651035467746,T1,286194
1.0,1.0,A04,0.0021882790606468916,0.002234104670901082,0.9741309620048505,0.8022701133171183,1.0,0,0.00041368386298842863,0.0004365808823529412,cdfa7966292d334f35a671cfb33ac823ef2f659d99670c319a635c2b862fa168,5147.6254720016295,0.9471904066415558,0.9495903695034276,0.9308085824687516,2545,966,0,6386,0,4086,0.016381824172804205,0.009240884333848953,0.008245152682198914,-0.0023999628618717184,ISIC_0001200,0,19.97989898732235,0.0038813816381931265,ISIC_0001200,0.899678738317757,0.8705724411985823,1.0,0.6573749519716683,0.029520906507968903,0.02806069143116474,0.030186744912179077,0.038761790841817856,0.039505757337610976,0.03126060465541206,canonical_letterbox_valid,3d99874f14ae5f316eec36e21141043d75bd4fd17ccfb31e3174198dee269596,0.3860004407206442,abs_hard,0,0,P2-IMA-M-v2,2,54eb6ab7bae47871b5e014b0,AbsHard-1,17,ISIC_0001200_A04_T3_S1_54eb6ab7bae47871b5e014b0.png,S1,0.9431464672088623,0.939712895360077,val,M,0.899678738317757,T3,80093
1.0,1.0,A06,0.010142045095562935,0.009374497365395005,0.6112169880485169,0.07151370679380215,1.0,0,0.00041368386298842863,0.0004365808823529412,cdfa7966292d334f35a671cfb33ac823ef2f659d99670c319a635c2b862fa168,5147.6254720016295,0.8344519920211332,0.84381537790559,0.8069784416464638,0,0,0,24566,0,5052,0.027473550374669364,0.015172235667705536,0.015023612350607563,-0.009363385884456843,ISIC_0001200,0,35.0,0.006799251458826591,ISIC_0001200,0.7159310352802415,0.6764156406026374,1.0,0.6573749519716683,0.09038100391626358,0.08542968332767487,0.08373251854239078,0.10555323958396912,0.10382858277986891,0.08880497042926135,canonical_letterbox_valid,3d99874f14ae5f316eec36e21141043d75bd4fd17ccfb31e3174198dee269596,0.3860004407206442,abs_hard,0,0,P2-IMA-M-v2,2,54ebc0d4bae47871b5e02041,AbsHard-1,17,ISIC_0001200_A06_T3_S1_54ebc0d4bae47871b5e02041.png,S1,0.8293800354003906,0.8317645565068723,val,M,0.7159310352802415,T3,61913
1.0,1.0,A06,0.004951445851475,0.004780121260747434,0.9308557931511401,0.4098591549295775,1.0,0,0.0008585417191567986,0.0007995248538011695,cdfa7966292d334f35a671cfb33ac823ef2f659d99670c319a635c2b862fa168,3634.3956856677014,0.8980715524201554,0.9105425267480817,0.8456806169309419,300,234,0,7401,0,5000,0.052390935489213475,0.02900812029838562,0.027983517255509356,-0.01247097432792632,ISIC_0001208,0,19.1049731745428,0.005256712484522137,ISIC_0001208,0.8149998798856511,0.7326227293199219,1.0,0.5417327604300348,0.05582891404628754,0.04917646944522858,0.04947416147928437,0.08483703434467316,0.08421105187861838,0.056227534623109025,canonical_letterbox_valid,3d99874f14ae5f316eec36e21141043d75bd4fd17ccfb31e3174198dee269596,0.4833531281947024,abs_hard,0,0,P2-IMA-M-v2,2,54eb6c21bae47871b5e015ce,AbsHard-1,17,ISIC_0001208_A06_T3_S1_54eb6c21bae47871b5e015ce.png,S1,0.8932936191558838,0.8923250520145294,val,M,0.8149998798856511,T3,33926
1.0,1.0,A04,0.003901132382452488,0.003383127558756878,0.9039247144843904,0.6971502501601305,1.0,0,0.0008585417191567986,0.0007995248538011695,cdfa7966292d334f35a671cfb33ac823ef2f659d99670c319a635c2b862fa168,3634.3956856677014,0.9291578971714041,0.9219612690564483,0.9344441052034719,4973,2674,0,1153,0,2560,-0.005286208032067807,-0.0036510638892650604,-0.0027506893071126345,0.007196628114955805,ISIC_0001208,0,21.470910553583888,0.005907697568059189,ISIC_0001208,0.8676889848812095,0.8769545640605813,1.0,0.5417327604300348,0.04262671247124672,0.0471641942858696,0.044395244912683825,0.03897564858198166,0.03766571904368442,0.04041640835079705,canonical_letterbox_valid,3d99874f14ae5f316eec36e21141043d75bd4fd17ccfb31e3174198dee269596,0.4833531281947024,abs_hard,0,0,P2-IMA-M-v2,2,54eb6c2ebae47871b5e015d4,AbsHard-1,17,ISIC_0001208_A04_T3_S1_54eb6c2ebae47871b5e015d4.png,S1,0.9186477065086365,0.9225503108571628,val,M,0.8676889848812095,T3,40174
1.0,1.0,A01,0.011426598764955997,0.010843251619893858,0.7360590689478009,0.39422529935774875,0.9657319276547395,0,0.0020961606093054504,0.002033077485380117,cdfa7966292d334f35a671cfb33ac823ef2f659d99670c319a635c2b862fa168,3634.3956856677014,0.8996893075854904,0.9035155519856125,0.8747235616991507,4970,3090,0,15112,0,9689,0.024965745886339707,0.013387694954872131,0.014163392026761604,-0.0038262444001221363,ISIC_0001549,0,35.0,0.009630211740021339,ISIC_0001549,0.817668422008353,0.7773410443214914,1.0,0.5826993728869154,0.06051664054393768,0.05907931551337242,0.05797012621550556,0.07390433549880981,0.07400882540688576,0.05984543338012416,canonical_letterbox_valid,3d99874f14ae5f316eec36e21141043d75bd4fd17ccfb31e3174198dee269596,0.42799881724572597,abs_hard,0,0,P2-IMA-M-v2,2,55dc9c949fc3c10470dbc9b5,AbsHard-1,17,ISIC_0001549_A01_T3_S2_55dc9c949fc3c10470dbc9b5.png,S2,0.8903933167457581,0.8911523848596455,val,M,0.817668422008353,T3,90058
1.0,1.0,A05,0.01624058373272419,0.01569760972955591,0.5623623717336015,0.253234442407519,0.9273892384280138,0,0.0020961606093054504,0.002033077485380117,cdfa7966292d334f35a671cfb33ac823ef2f659d99670c319a635c2b862fa168,3634.3956856677014,0.8666517089222945,0.8752115493795453,0.8181804543613388,908,691,0,24054,0,12088,0.04847125456095569,0.027148477733135223,0.026110224833984313,-0.008559840457250778,ISIC_0001549,0,41.67012966204659,0.011465490625132928,ISIC_0001549,0.764682592054903,0.692305739383579,1.0,0.5826993728869154,0.07944454997777939,0.0747537761926651,0.07437581387563832,0.10659302771091461,0.10506070804825765,0.07895048321427334,canonical_letterbox_valid,3d99874f14ae5f316eec36e21141043d75bd4fd17ccfb31e3174198dee269596,0.42799881724572597,abs_hard,0,0,P2-IMA-M-v2,2,55dc9ca09fc3c10470dbc9bb,AbsHard-1,17,ISIC_0001549_A05_T3_S1_55dc9ca09fc3c10470dbc9bb.png,S1,0.8573514819145203,0.8577966433010092,val,M,0.764682592054903,T3,81116
1.0,1.0,A01,0.011146475560963154,0.011629293728637441,0.6017125399807806,0.37755807001261504,0.7882573391630232,0,0.00040400998362307886,0.00022843567251461987,cdfa7966292d334f35a671cfb33ac823ef2f659d99670c319a635c2b862fa168,3634.3956856677014,0.8575976284518405,0.8560468129429997,0.8557607446755366,12009,802,327,4900,222,1112,0.001836883776303866,0.0008051097393035889,0.0008601540644859462,0.0015508155088408415,ISIC_0001555,0,82.27938318387443,0.022639082339973193,ISIC_0001555,0.7506966457795798,0.7478861966091829,1.0,0.339926131387291,0.07815151661634445,0.07907699048519135,0.08106266237852962,0.07895662635564804,0.08140449673378063,0.08054434266929468,canonical_letterbox_valid,3d99874f14ae5f316eec36e21141043d75bd4fd17ccfb31e3174198dee269596,0.4155169207725259,abs_hard,0,0,P2-IMA-M-v2,2,55dc9cd59fc3c10470dbc9eb,AbsHard-1,17,ISIC_0001555_A01_T3_S2_55dc9cd59fc3c10470dbc9eb.png,S2,0.8548434376716614,0.8505406083900481,val,M,0.7506966457795798,T3,50916
1.0,1.0,A05,0.036323100328445435,0.0340735477457055,0.0672998643147897,0.02961709329384388,0.48380369397765494,0,0.00040400998362307886,0.00022843567251461987,cdfa7966292d334f35a671cfb33ac823ef2f659d99670c319a635c2b862fa168,3634.3956856677014,0.5989212242849975,0.603849948144588,0.5887895418388112,31,0,2,31943,547,1914,0.01013168244618634,0.004455551505088806,0.004383933083223102,-0.004928723859590534,ISIC_0001555,0,69.5880249543191,0.019147068996570902,ISIC_0001555,0.42747148459183126,0.4172230572936694,1.0,0.339926131387291,0.23009084165096283,0.22717830538749695,0.2174283177497815,0.23454639315605164,0.22455953225575365,0.22017559917253055,canonical_letterbox_valid,3d99874f14ae5f316eec36e21141043d75bd4fd17ccfb31e3174198dee269596,0.4155169207725259,abs_hard,0,0,P2-IMA-M-v2,2,55dc9cee9fc3c10470dbc9f7,AbsHard-1,17,ISIC_0001555_A05_T3_S1_55dc9cee9fc3c10470dbc9f7.png,S1,0.5761414170265198,0.5937223494006444,val,M,0.0,T3,23873
1.0,1.0,A01,0.01423062477260828,0.014197778806113046,0.48720453290305077,0.2144614883346052,0.7805676855895197,0,0.0001356541845133115,9.137426900584795e-05,cdfa7966292d334f35a671cfb33ac823ef2f659d99670c319a635c2b862fa168,3634.3956856677014,0.6420705882352942,0.6290345717974466,0.6566219120467728,14035,590,27,1177,0,210,-0.014551323811478611,-0.007392078638076782,-0.007763822352134464,0.013036016437847575,ISIC_0001570,0,105.14510856801323,0.02893056168392855,ISIC_0001570,0.47283060715275854,0.4887841464253767,1.0,0.8439898367429967,0.18601037561893463,0.19225887954235077,0.1938067588963314,0.17861829698085785,0.1794795065716815,0.18724332892381595,canonical_letterbox_valid,3d99874f14ae5f316eec36e21141043d75bd4fd17ccfb31e3174198dee269596,0.3730857702472071,abs_hard,0,0,P2-IMA-M-v2,2,55dc9d769fc3c10470dbca63,AbsHard-1,17,ISIC_0001570_A01_T3_S2_55dc9d769fc3c10470dbca63.png,S2,0.6422098875045776,0.6397111209584811,val,M,0.0,T3,13644
1.0,1.0,A05,0.00669639278203249,0.006111049749952808,0.5932977913175932,0.13589491465597658,1.0,0,0.0001356541845133115,9.137426900584795e-05,cdfa7966292d334f35a671cfb33ac823ef2f659d99670c319a635c2b862fa168,3634.3956856677014,0.7185716756008992,0.7401371448926886,0.6953357038276511,0,0,0,6510,27,800,0.0232359717732481,0.011448889970779419,0.012180907405905994,-0.021565469291789374,ISIC_0001570,0,25.495097567963924,0.007014948226057019,ISIC_0001570,0.560758383374941,0.5329613954084904,1.0,0.8439898367429967,0.15987864136695862,0.14992062747478485,0.13780570182201393,0.17132753133773804,0.16056830892734097,0.14838740152143498,canonical_letterbox_valid,3d99874f14ae5f316eec36e21141043d75bd4fd17ccfb31e3174198dee269596,0.3730857702472071,abs_hard,0,0,P2-IMA-M-v2,2,55dc9d839fc3c10470dbca6f,AbsHard-1,17,ISIC_0001570_A05_T3_S1_55dc9d839fc3c10470dbca6f.png,S1,0.6869391202926636,0.7093362467070828,val,M,0.0,T3,8311
1.0,1.0,A05,0.03664272278547287,0.03622328446235533,0.14812715198836846,0.027334338243148616,0.6758109363218782,0,0.0020827100130175525,0.0021472953216374268,cdfa7966292d334f35a671cfb33ac823ef2f659d99670c319a635c2b862fa168,3634.3956856677014,0.8217308182914808,0.8166343797628399,0.7902483343428225,19,19,0,56582,0,12678,0.03148248394865827,0.015742972493171692,0.015556407045387632,0.005096438528640834,ISIC_0001659,0,58.31508733482603,0.016045332533491753,ISIC_0001659,0.6974049996792335,0.6532318630150703,1.0,0.8011316715499031,0.1098080575466156,0.11359944939613342,0.11388807746199502,0.1255510300397873,0.12560718587528152,0.11005077882989389,canonical_letterbox_valid,3d99874f14ae5f316eec36e21141043d75bd4fd17ccfb31e3174198dee269596,0.5404018972629969,abs_hard,0,0,P2-IMA-M-v2,2,55dd197c9fc3c10470dbdb91,AbsHard-1,17,ISIC_0001659_A05_T3_S1_55dd197c9fc3c10470dbdb91.png,S1,0.8170266151428223,0.8161217268025676,val,M,0.6974049996792335,T3,130451
1.0,1.0,A02,0.02621113322675228,0.02512146801638927,0.37083902541211394,0.19404749113570427,0.6758806109630362,0,0.0020827100130175525,0.0021472953216374268,cdfa7966292d334f35a671cfb33ac823ef2f659d99670c319a635c2b862fa168,3634.3956856677014,0.8813164271519022,0.8864241244127194,0.9104468001931612,49106,11929,0,999,0,768,-0.029130373041258983,-0.015650290995836258,-0.015155498535675521,-0.005107697260817279,ISIC_0001659,0,72.01805200727046,0.019815688283825236,ISIC_0001659,0.7878156509513464,0.8356148193172849,1.0,0.8011316715499031,0.07415639609098434,0.0707380622625351,0.06896191745784862,0.05850610509514809,0.057227207660341645,0.07238270619601717,canonical_letterbox_valid,3d99874f14ae5f316eec36e21141043d75bd4fd17ccfb31e3174198dee269596,0.5404018972629969,abs_hard,0,0,P2-IMA-M-v2,2,566708529fc3c14011cd7027,AbsHard-1,17,ISIC_0001659_A02_T1_S1_566708529fc3c14011cd7027.png,S1,0.8778983354568481,0.8803560556243549,val,M,0.7878156509513464,T1,186034
1.0,1.0,A01,0.0014689590316265821,0.0014436838407008996,1.0,0.8804283164782868,1.0,0,0.00012203955656336609,9.137426900584795e-05,cdfa7966292d334f35a671cfb33ac823ef2f659d99670c319a635c2b862fa168,3634.3956856677014,0.9379595943958511,0.9376307096925512,0.9386406424098052,1581,294,99,1625,84,267,-0.0006810480139540775,0.0011307038366794586,0.00026511443948959434,0.00032888470329983654,ISIC_0001977,0,10.295630140987,0.002832831378704302,ISIC_0001977,0.8831675230494516,0.8843759050101361,1.0,0.6503776822277381,0.03467053174972534,0.035273946821689606,0.03636179954535638,0.0358012355864048,0.03630486813847601,0.03603975369898642,canonical_letterbox_valid,3d99874f14ae5f316eec36e21141043d75bd4fd17ccfb31e3174198dee269596,0.46205764767889385,abs_hard,0,0,P2-IMA-M-v2,2,55dca3bb9fc3c10470dbccfd,AbsHard-1,17,ISIC_0001977_A01_T3_S2_55dca3bb9fc3c10470dbccfd.png,S2,0.9321278929710388,0.9293641764427281,val,M,0.8831675230494516,T3,24235
1.0,1.0,A05,0.0016324387397617102,0.0015678794104640186,1.0,0.8566738550788543,1.0,0,0.00012203955656336609,9.137426900584795e-05,cdfa7966292d334f35a671cfb33ac823ef2f659d99670c319a635c2b862fa168,3634.3956856677014,0.936319288795133,0.9338151388360594,0.9374427259636064,2377,325,118,1004,65,236,-0.0011234371684734068,0.0005651712417602539,-5.5597157376095774e-05,0.002504149959073665,ISIC_0001977,0,12.649110640673518,0.0034803889655040843,ISIC_0001977,0.8802634840811701,0.8822514784567728,1.0,0.6503776822277381,0.0359419509768486,0.037404727190732956,0.03809606885932996,0.036507122218608856,0.03662727473153376,0.036682871888909854,canonical_letterbox_valid,3d99874f14ae5f316eec36e21141043d75bd4fd17ccfb31e3174198dee269596,0.46205764767889385,abs_hard,0,0,P2-IMA-M-v2,2,55dca3c59fc3c10470dbcd09,AbsHard-1,17,ISIC_0001977_A05_T3_S1_55dca3c59fc3c10470dbcd09.png,S1,0.92974853515625,0.9282021356326443,val,M,0.8802634840811701,T3,24856
1.0,1.0,A04,0.004664295818656683,0.004300788005108977,0.9402298850574713,0.6612786843147502,0.9894044574351479,0,0.00022144274376417235,0.00020559210526315788,cdfa7966292d334f35a671cfb33ac823ef2f659d99670c319a635c2b862fa168,3634.3956856677014,0.9396614736359337,0.9400620493522163,0.9362110999569769,2867,86,367,5553,351,546,0.0034503736789567307,0.00214993953704834,0.001790064841779987,-0.0004005757162826029,ISIC_0002339,0,22.990175425099103,0.0063257216366839845,ISIC_0002339,0.8861900706919157,0.8800722586211546,1.0,0.47340501827968196,0.03531315550208092,0.0350915901362896,0.03439350903329915,0.03746309503912926,0.03641572172789032,0.034625656886110336,canonical_letterbox_valid,3d99874f14ae5f316eec36e21141043d75bd4fd17ccfb31e3174198dee269596,0.4558124035511998,abs_hard,0,0,P2-IMA-M-v2,2,54f9f3cfbae47807dbb0d73f,AbsHard-1,17,ISIC_0002339_A04_T3_S2_54f9f3cfbae47807dbb0d73f.png,S2,0.934037983417511,0.9350494742328883,val,M,0.8861900706919157,T3,65563
1.0,1.0,A02,0.008298229426145554,0.007814018287650036,0.8126483421639376,0.2984161553379052,1.0,0,0.00022144274376417235,0.00020559210526315788,cdfa7966292d334f35a671cfb33ac823ef2f659d99670c319a635c2b862fa168,3634.3956856677014,0.9139079810232216,0.911458744831582,0.9153583168967785,11528,574,503,1574,215,58,-0.0014503358735569183,-0.00021942704916000366,-0.00027757315852122016,0.0024492361916396144,ISIC_0002339,0,25.06790586655756,0.006897406896396354,ISIC_0002339,0.841464595130923,0.8439269218179835,1.0,0.47340501827968196,0.048503048717975616,0.04979369416832924,0.0496334725001057,0.04828362166881561,0.04800464243291269,0.04828221559143391,canonical_letterbox_valid,3d99874f14ae5f316eec36e21141043d75bd4fd17ccfb31e3174198dee269596,0.4558124035511998,abs_hard,0,0,P2-IMA-M-v2,2,5661d5a59fc3c147bbd6a0fe,AbsHard-1,17,ISIC_0002339_A02_T1_S1_5661d5a59fc3c147bbd6a0fe.png,S1,0.9112921357154846,0.9112495871047822,val,M,0.841464595130923,T1,69542
1.0,1.0,A04,0.027187194675207138,0.026936664643256142,0.5584567859670416,0.24025084795839594,0.9189622954620886,0,0.0009694271227009322,0.0007538377192982456,cdfa7966292d334f35a671cfb33ac823ef2f659d99670c319a635c2b862fa168,3634.3956856677014,0.9267380412643303,0.9220620722229883,0.9270959490537565,916,117,55,48757,2964,2774,-0.0003579077894261262,-0.0010147765278816223,-0.0008390164970494274,0.004675969041342043,ISIC_0002342,0,39.395431207184416,0.010839609831846581,ISIC_0002342,0.8634779549589662,0.8640995886222144,1.0,0.9382301311007234,0.0508488267660141,0.054986029863357544,0.055188209080482754,0.04983405023813248,0.050146789059522454,0.05098580555657188,canonical_letterbox_valid,3d99874f14ae5f316eec36e21141043d75bd4fd17ccfb31e3174198dee269596,0.6242021723397563,abs_hard,0,0,P2-IMA-M-v2,2,54f9f37dbae47807dbb0d72d,AbsHard-1,17,ISIC_0002342_A04_T3_S2_54f9f37dbae47807dbb0d72d.png,S2,0.9254895448684692,0.9249650535301124,val,M,0.8634779549589662,T3,314173
1.0,1.0,A02,0.019824257120490074,0.01950894176776763,0.6205724001133467,0.3354422826132301,0.9328032587323355,0,0.0009694271227009322,0.0007538377192982456,cdfa7966292d334f35a671cfb33ac823ef2f659d99670c319a635c2b862fa168,3634.3956856677014,0.9500898084989771,0.9507698828471425,0.9476306519981113,24027,1132,2099,12763,920,1759,0.002459156500865811,0.0026781558990478516,0.0026071703258677137,-0.0006800743481654159,ISIC_0002342,0,38.22955796976268,0.010518821085035282,ISIC_0002342,0.9049248366097525,0.9004734448008747,1.0,0.9382301311007234,0.0363314114511013,0.036084242165088654,0.035983973334259574,0.039009567350149155,0.03898602478513308,0.036378854459265364,canonical_letterbox_valid,3d99874f14ae5f316eec36e21141043d75bd4fd17ccfb31e3174198dee269596,0.6242021723397563,abs_hard,0,0,P2-IMA-M-v2,2,5669ba909fc3c15467941096,AbsHard-1,17,ISIC_0002342_A02_T1_S1_5669ba909fc3c15467941096.png,S1,0.9471614360809326,0.9467512328492369,val,M,0.9049248366097525,T1,350167
1.0,1.0,A06,0.03866541013121605,0.038575694167952854,0.25284921688946627,0.08540312513451853,0.6182353422193148,0,0.01113709372637944,0.011307565789473685,cdfa7966292d334f35a671cfb33ac823ef2f659d99670c319a635c2b862fa168,3634.3956856677014,0.849546942676984,0.8403842669068773,0.820009970388491,100475,15680,40846,15057,9962,1408,0.029536972288493057,0.02295108139514923,0.023036307454000565,0.009162675770106765,ISIC_0002412,0,139.31044462440536,0.0383311165522726,ISIC_0002412,0.7384455517496655,0.6949295755138414,1.0,2.941590496542622,0.11612114310264587,0.11899705231189728,0.11891417652120394,0.1390722244977951,0.13906965524252202,0.11603334778852145,canonical_letterbox_valid,3d99874f14ae5f316eec36e21141043d75bd4fd17ccfb31e3174198dee269596,0.5292243418511889,abs_hard,0,0,P2-IMA-M-v2,2,54ee1fb1bae47871b5e03317,AbsHard-1,17,ISIC_0002412_A06_T1_S1_54ee1fb1bae47871b5e03317.png,S1,0.8064231276512146,0.80650899859091,val,M,0.7384455517496655,T1,326181
1.0,1.0,A04,0.1871894896030426,0.18710234674987886,0.05432533330129716,0.04364703548286872,0.1998839557592577,0,0.01113709372637944,0.011307565789473685,cdfa7966292d334f35a671cfb33ac823ef2f659d99670c319a635c2b862fa168,3634.3956856677014,0.6973107834516044,0.6888888888888889,0.6500582466693495,295764,16742,50808,260,0,346,0.04725253678225483,0.013233363628387451,0.013280562034596544,0.00842189456271547,ISIC_0002412,0,247.6065427245411,0.06812866956148488,ISIC_0002412,0.5352856034988901,0.48154540376685895,1.0,2.941590496542622,0.2540597915649414,0.25129932165145874,0.25139333276475107,0.26729315519332886,0.26745359951902586,0.2541730374844293,canonical_letterbox_valid,3d99874f14ae5f316eec36e21141043d75bd4fd17ccfb31e3174198dee269596,0.5292243418511889,abs_hard,0,0,P2-IMA-M-v2,2,54ee1fb5bae47871b5e0331d,AbsHard-1,17,ISIC_0002412_A04_T1_S1_54ee1fb5bae47871b5e0331d.png,S1,0.6790698766708374,0.6787562717810203,val,M,0.0,T1,340978
1.0,1.0,A02,0.02259114943444729,0.022118846113990166,0.34694573364474046,0.22055665362077917,0.8179244822248035,0,0.0026240144977744185,0.002444261695906433,cdfa7966292d334f35a671cfb33ac823ef2f659d99670c319a635c2b862fa168,3634.3956856677014,0.9062940841012096,0.9092109649460215,0.8702404976456406,43080,0,15369,628,628,0,0.036053586455569,0.02297947183251381,0.02296707934772966,-0.0029168808448118977,ISIC_0003185,0,62.88552788356239,0.01730288425433491,ISIC_0003185,0.8286451329619364,0.77028827447975,1.0,0.8029616790226304,0.06006054952740669,0.05799674615263939,0.05751716514809694,0.0830400213599205,0.08262435533910148,0.05965727599137182,canonical_letterbox_valid,3d99874f14ae5f316eec36e21141043d75bd4fd17ccfb31e3174198dee269596,0.6525809569638806,abs_hard,0,0,P2-IMA-M-v2,2,55f1bf829fc3c1423f77e17a,AbsHard-1,17,ISIC_0003185_A02_T1_S1_55f1bf829fc3c1423f77e17a.png,S1,0.902470052242279,0.9028042941312465,val,M,0.8286451329619364,T1,211365
1.0,1.0,A05,0.028787171468138695,0.02854601382872925,0.11467589396810601,0.0429411143571152,0.6855231300940728,0,0.0026240144977744185,0.002444261695906433,cdfa7966292d334f35a671cfb33ac823ef2f659d99670c319a635c2b862fa168,3634.3956856677014,0.8627625589760234,0.8592455662794145,0.898896935183732,0,0,454,51165,15543,0,-0.03613437620770865,-0.022303327918052673,-0.022519126385306676,0.0035169926966088783,ISIC_0003185,0,56.31606758438311,0.015495304434370326,ISIC_0003185,0.7586476911973509,0.8163603970475948,1.0,0.8029616790226304,0.08510445058345795,0.08823046088218689,0.08854411771410502,0.06280112266540527,0.06279256124899858,0.08531168763430526,canonical_letterbox_valid,3d99874f14ae5f316eec36e21141043d75bd4fd17ccfb31e3174198dee269596,0.6525809569638806,abs_hard,0,0,P2-IMA-M-v2,2,566603da9fc3c12067285139,AbsHard-1,17,ISIC_0003185_A05_T1_S1_566603da9fc3c12067285139.png,S1,0.8585782647132874,0.8579226385601187,val,M,0.7586476911973509,T1,160828
1.0,1.0,A05,0.016449350863695145,0.01587981129987293,0.4964874517388213,0.1473730353926347,0.9858640913947799,0,0.0013873803821482476,0.0015395220588235294,cdfa7966292d334f35a671cfb33ac823ef2f659d99670c319a635c2b862fa168,5147.6254720016295,0.9262023812193099,0.9262031654108714,0.9118951541477675,53610,0,14106,12216,2837,0,0.014307227071542417,0.009879529476165771,0.009827325535309947,-7.84191561575831e-07,ISIC_0003346,0,46.0,0.008936159060172092,ISIC_0003346,0.8625483657442112,0.8380581684052211,1.0,0.6397272025897688,0.04663888365030289,0.04652782157063484,0.04615682065079627,0.05651841312646866,0.05612413437349477,0.04629680883818482,canonical_letterbox_valid,3d99874f14ae5f316eec36e21141043d75bd4fd17ccfb31e3174198dee269596,0.5969974908968336,abs_hard,0,0,P2-IMA-M-v2,2,55e9ff299fc3c1046f7c9727,AbsHard-1,17,ISIC_0003346_A05_T1_S1_55e9ff299fc3c1046f7c9727.png,S1,0.9231715798377991,0.9232861936235033,val,M,0.8625483657442112,T1,413077
1.0,1.0,A06,0.017349697649478912,0.017434295588025846,0.5482516900705235,0.11890491442393676,0.9795432406104557,0,0.0013873803821482476,0.0015395220588235294,cdfa7966292d334f35a671cfb33ac823ef2f659d99670c319a635c2b862fa168,5147.6254720016295,0.9128720640312438,0.9123793442149726,0.932268303833845,42,0,309,68135,16634,0,-0.01939623980260119,-0.012038588523864746,-0.01194334298991443,0.0004927198162711921,ISIC_0003346,0,47.43416490252569,0.009214766140334825,ISIC_0003346,0.839709875745001,0.8731297452171637,1.0,0.6397272025897688,0.05335326865315437,0.0538908988237381,0.05471861792445185,0.04131468012928963,0.042165803572621556,0.05410914656253599,canonical_letterbox_valid,3d99874f14ae5f316eec36e21141043d75bd4fd17ccfb31e3174198dee269596,0.5969974908968336,abs_hard,0,0,P2-IMA-M-v2,2,568bb66e9fc3c126c063ff58,AbsHard-1,17,ISIC_0003346_A06_T3_S1_568bb66e9fc3c126c063ff58.png,S1,0.9106431603431702,0.9092160024629539,val,M,0.839709875745001,T3,357158
1.0,1.0,A01,0.032231323421001434,0.03136796128733574,0.399501243020113,0.18809189757979658,0.8050698716095241,0,0.001831741570084824,0.001850328947368421,cdfa7966292d334f35a671cfb33ac823ef2f659d99670c319a635c2b862fa168,3634.3956856677014,0.8927750015937858,0.9005616925213888,0.8620580991108411,43640,0,11077,90,90,0,0.030716902482944675,0.016954608261585236,0.016998550892055653,-0.0077866909276030905,ISIC_0003516,0,59.033888572581766,0.016243109908308243,ISIC_0003516,0.8063175983913686,0.7575589741771972,1.0,0.8335629622482569,0.0710000991821289,0.06503617763519287,0.06397396024113927,0.08795470744371414,0.08718532698903435,0.0701867760969787,canonical_letterbox_valid,3d99874f14ae5f316eec36e21141043d75bd4fd17ccfb31e3174198dee269596,0.6068439992477542,abs_hard,0,0,P2-IMA-M-v2,2,55e0b72b9fc3c104700e26fc,AbsHard-1,17,ISIC_0003516_A01_T3_S2_55e0b72b9fc3c104700e26fc.png,S2,0.8902311325073242,0.8909944090933783,val,M,0.8063175983913686,T3,182052
1.0,1.0,A02,0.0062845200300216675,0.006063629238280238,0.8823043843994937,0.6718016716182458,1.0,0,0.001831741570084824,0.001850328947368421,cdfa7966292d334f35a671cfb33ac823ef2f659d99670c319a635c2b862fa168,3634.3956856677014,0.9623704810918193,0.9621828600063183,0.9469975281765199,6677,0,8085,7018,3082,0,0.015372952915299387,0.008630149066448212,0.008669424570504899,0.00018762108550107737,ISIC_0003516,0,24.596747752497688,0.00676776825635562,ISIC_0003516,0.9274702228059676,0.8993307741591605,1.0,0.8335629622482569,0.02493055909872055,0.025865789502859116,0.025772266657046242,0.03356070816516876,0.033690055086926705,0.025020630516421807,canonical_letterbox_valid,3d99874f14ae5f316eec36e21141043d75bd4fd17ccfb31e3174198dee269596,0.6068439992477542,abs_hard,0,0,P2-IMA-M-v2,2,5666f2e99fc3c14011cd6d15,AbsHard-1,17,ISIC_0003516_A02_T1_S1_5666f2e99fc3c14011cd6d15.png,S1,0.9564234018325806,0.9560223682054366,val,M,0.9274702228059676,T1,175124
1.0,1.0,A05,0.0039449124597013,0.004030302723639888,0.9452848195790543,0.5523716509842382,1.0,0,0.00013581821617535903,0.00013706140350877192,cdfa7966292d334f35a671cfb33ac823ef2f659d99670c319a635c2b862fa168,3634.3956856677014,0.8940982806974759,0.9040219804101147,0.8862363778674213,1172,109,0,5776,0,719,0.007861902830054612,0.00434890016913414,0.004689116721272091,-0.009923699712638845,ISIC_0003758,0,18.633051136732668,0.005126863651696597,ISIC_0003758,0.8084789679695683,0.7957131659323728,1.0,0.4416795501500077,0.05613173916935921,0.05164257436990738,0.0530258617170422,0.06048063933849335,0.06259176971606244,0.057902652994790346,canonical_letterbox_valid,3d99874f14ae5f316eec36e21141043d75bd4fd17ccfb31e3174198dee269596,0.30182917595043435,abs_hard,0,0,P2-IMA-M-v2,2,55dd30f69fc3c10470dbde8c,AbsHard-1,17,ISIC_0003758_A05_T3_S1_55dd30f69fc3c10470dbde8c.png,S1,0.891681432723999,0.8882249967340592,val,M,0.8084789679695683,T3,29330
1.0,1.0,A02,0.007106481119990349,0.006321044459451947,0.7699642751618362,0.22686427213294091,1.0,0,0.00013581821617535903,0.00013706140350877192,cdfa7966292d334f35a671cfb33ac823ef2f659d99670c319a635c2b862fa168,3634.3956856677014,0.8552345546769163,0.8644353479412473,0.847861918830664,1230,117,0,7960,0,711,0.007372635846252362,0.004677608609199524,0.004548810269211959,-0.009200793264330986,ISIC_0003758,0,28.861739379323623,0.007941276040234244,ISIC_0003758,0.7470827829150154,0.73590304208168,1.0,0.4416795501500077,0.0816076397895813,0.07642563432455063,0.07321097227398071,0.08628524839878082,0.08259064191018009,0.07804183164096813,canonical_letterbox_valid,3d99874f14ae5f316eec36e21141043d75bd4fd17ccfb31e3174198dee269596,0.30182917595043435,abs_hard,0,0,P2-IMA-M-v2,2,5661d37a9fc3c147bbd6a04a,AbsHard-1,17,ISIC_0003758_A02_T1_S1_5661d37a9fc3c147bbd6a04a.png,S1,0.8438912034034729,0.8502373811775157,val,M,0.7470827829150154,T1,27146
1.0,1.0,A07,0.048880238085985184,0.04842910963623065,0.08877936110716828,0.03991866963961221,0.5993408140442888,0,0.010800664787519947,0.010736476608187134,cdfa7966292d334f35a671cfb33ac823ef2f659d99670c319a635c2b862fa168,3634.3956856677014,0.9290284055489693,0.9311027207120086,0.8867662504942402,121291,0,65431,414,414,0,0.04226215505472908,0.052701644599437714,0.05256926935130865,-0.002074315163039353,ISIC_0004110,0,60.530983801686226,0.01665503402405829,ISIC_0004110,0.8674631618266028,0.7965678824307437,1.0,1.2038213572468264,0.06097651273012161,0.0590394102036953,0.058644338270196744,0.11367815732955933,0.11320071541323451,0.06063144606192586,canonical_letterbox_valid,3d99874f14ae5f316eec36e21141043d75bd4fd17ccfb31e3174198dee269596,0.49545000503520337,abs_hard,0,0,P2-IMA-M-v2,2,5661d7969fc3c147bbd6a170,AbsHard-1,17,ISIC_0004110_A07_T1_S1_5661d7969fc3c147bbd6a170.png,S1,0.9269272089004517,0.9271662175123789,val,M,0.8674631618266028,T1,796568
1.0,1.0,A06,0.014107190072536469,0.013872408000488879,0.8544682802122988,0.46947812495943003,1.0,0,0.010800664787519947,0.010736476608187134,cdfa7966292d334f35a671cfb33ac823ef2f659d99670c319a635c2b862fa168,3634.3956856677014,0.9771149015401328,0.9770942765451939,0.9473139900093116,25971,0,55164,10853,10681,0,0.029800911530821206,0.02164146676659584,0.021198586061608696,2.062499493893366e-05,ISIC_0004110,0,28.30194339616981,0.007787248787406112,ISIC_0004110,0.9552538237299092,0.8999017570469006,1.0,1.2038213572468264,0.025022070854902267,0.024639146402478218,0.02445404049923244,0.04666353762149811,0.046045287950860804,0.024846701889252108,canonical_letterbox_valid,3d99874f14ae5f316eec36e21141043d75bd4fd17ccfb31e3174198dee269596,0.49545000503520337,abs_hard,0,0,P2-IMA-M-v2,2,568bb4f29fc3c126c063ff46,AbsHard-1,17,ISIC_0004110_A06_T1_S1_568bb4f29fc3c126c063ff46.png,S1,0.9640630483627319,0.9641790042219847,val,M,0.9552538237299092,T1,786129
1.0,1.0,A05,0.015741698443889618,0.015346036750414892,0.5065336365338383,0.21188700408889788,0.9568710359408034,0,0.0013668272052658058,0.0014246323529411764,cdfa7966292d334f35a671cfb33ac823ef2f659d99670c319a635c2b862fa168,5147.6254720016295,0.9006246939924437,0.8968141307543716,0.8853424565849133,4260,2041,0,58051,629,14022,0.01528223740753043,0.009298134595155716,0.009539613305070145,0.003810563238072162,ISIC_0004309,0,53.14367303267758,0.010323919896995326,ISIC_0004309,0.8192149569587053,0.7942730588557289,1.0,0.5887988453746895,0.0608120821416378,0.06370013952255249,0.06357318969208978,0.07011021673679352,0.07005384940268256,0.06051423609761241,canonical_letterbox_valid,3d99874f14ae5f316eec36e21141043d75bd4fd17ccfb31e3174198dee269596,0.5346918549785654,abs_hard,0,0,P2-IMA-M-v2,2,5645f6e39fc3c1155c12d15f,AbsHard-1,17,ISIC_0004309_A05_T3_S1_5645f6e39fc3c1155c12d15f.png,S1,0.894117534160614,0.8943175645551901,val,M,0.8192149569587053,T3,282358
1.0,1.0,A02,0.0295117124915123,0.02866964630460665,0.49829624674098566,0.30827786525552375,0.7271202495024666,0,0.0013668272052658058,0.0014246323529411764,cdfa7966292d334f35a671cfb33ac823ef2f659d99670c319a635c2b862fa168,5147.6254720016295,0.878553536214891,0.8830695451257045,0.8791729007224977,80425,7646,629,10723,0,8417,-0.00061936450760669,-0.0017210841178894043,-0.001754082813637925,-0.004516008910813496,ISIC_0004309,0,115.45734853889985,0.022429244156724714,ISIC_0004309,0.7834110361805368,0.7843965418834202,1.0,0.5887988453746895,0.07850165665149689,0.07460929453372955,0.07360677311013074,0.07678057253360748,0.07579051115200063,0.07754459396563855,canonical_letterbox_valid,3d99874f14ae5f316eec36e21141043d75bd4fd17ccfb31e3174198dee269596,0.5346918549785654,abs_hard,0,0,P2-IMA-M-v2,2,56659f5e9fc3c147bbd6af8c,AbsHard-1,17,ISIC_0004309_A02_T1_S1_56659f5e9fc3c147bbd6af8c.png,S1,0.8725084066390991,0.8735804583733295,val,M,0.7834110361805368,T1,329686
1.0,1.0,A05,0.03927089273929596,0.039018004034614105,0.0898602174395385,0.007398013105051786,0.6689904411607468,0,0.0037966768497522466,0.003723501461988304,cdfa7966292d334f35a671cfb33ac823ef2f659d99670c319a635c2b862fa168,3634.3956856677014,0.8043514940183026,0.7742673957261851,0.8839932677827974,0,0,318,48702,22828,0,-0.07964177376449477,-0.05269578844308853,-0.052458067198768527,0.030084098292117556,ISIC_0004333,0,54.56189146281496,0.015012644792084877,ISIC_0004333,0.6727324042092814,0.7921038845586017,1.0,0.8224436078717328,0.12015769630670547,0.14058728516101837,0.14103903932686795,0.06746190786361694,0.06812894201950902,0.12058700921827754,canonical_letterbox_valid,3d99874f14ae5f316eec36e21141043d75bd4fd17ccfb31e3174198dee269596,0.6552203212476331,abs_hard,0,0,P2-IMA-M-v2,2,562e759c9fc3c10a87fd9a0c,AbsHard-1,17,ISIC_0004333_A05_T3_S1_562e759c9fc3c10a87fd9a0c.png,S1,0.798955500125885,0.797843985598059,val,M,0.6727324042092814,T3,100112
1.0,1.0,A02,0.01072320993989706,0.010816601987603819,0.7015646151930361,0.3243259682526442,0.9804707440570631,0,0.0037966768497522466,0.003723501461988304,cdfa7966292d334f35a671cfb33ac823ef2f659d99670c319a635c2b862fa168,3634.3956856677014,0.9266883901641728,0.9197696119657032,0.9174393434600109,6162,0,11953,15009,11193,0,0.009249046704161934,0.004641447216272354,0.004445259191848197,0.006918778198469644,ISIC_0004333,0,33.95585369269929,0.00934291602496799,ISIC_0004333,0.863391750980797,0.8474715369689045,1.0,0.8224436078717328,0.04544811323285103,0.05343237146735191,0.054142107029160065,0.05008956044912338,0.050774132465163505,0.04632887327331531,canonical_letterbox_valid,3d99874f14ae5f316eec36e21141043d75bd4fd17ccfb31e3174198dee269596,0.6552203212476331,abs_hard,0,0,P2-IMA-M-v2,2,56741b159fc3c16581746793,AbsHard-1,17,ISIC_0004333_A02_T1_S1_56741b159fc3c16581746793.png,S1,0.9198269844055176,0.9181588554409732,val,M,0.863391750980797,T1,133805
1.0,1.0,A01,0.029833417385816574,0.030629230546493625,0.5009845861343111,0.32807242011366783,0.6928277773636417,0,0.0007494606638951877,0.0009594298245614035,cdfa7966292d334f35a671cfb33ac823ef2f659d99670c319a635c2b862fa168,3634.3956856677014,0.8813989191844755,0.8817780725266425,0.8894346063709484,37346,3363,204,1280,0,1002,-0.00803568718647285,-0.0053848996758461,-0.005346400234408619,-0.0003791533421669824,ISIC_0004447,0,79.84327664669154,0.021968790289278298,ISIC_0004447,0.7879474946885311,0.8008844967377358,1.0,0.497466413308528,0.07498567551374435,0.07464596629142761,0.07579576589886156,0.06960077583789825,0.0708839498447189,0.07623035007912751,canonical_letterbox_valid,3d99874f14ae5f316eec36e21141043d75bd4fd17ccfb31e3174198dee269596,0.572937906464989,abs_hard,0,0,P2-IMA-M-v2,2,55e4a0429fc3c128ff23aace,AbsHard-1,17,ISIC_0004447_A01_T3_S2_55e4a0429fc3c128ff23aace.png,S2,0.8798620700836182,0.8781685303882386,val,M,0.7879474946885311,T3,143527
1.0,1.0,A05,0.007808089721947908,0.007127973559084696,0.9186491432373981,0.5706458948689129,0.993184634448575,0,0.0007494606638951877,0.0009594298245614035,cdfa7966292d334f35a671cfb33ac823ef2f659d99670c319a635c2b862fa168,3634.3956856677014,0.9450976887188746,0.9453127234249435,0.9333441361721315,2729,407,109,12628,95,3958,0.01175355254674304,0.006620477885007858,0.006408815136704958,-0.0002150347060689839,ISIC_0004447,0,22.564347777987596,0.006208555625071444,ISIC_0004447,0.8959101507428695,0.8750189895573947,1.0,0.497466413308528,0.03418821096420288,0.03385285660624504,0.03320824162269328,0.04080868884921074,0.03981923848364968,0.033410423346944725,canonical_letterbox_valid,3d99874f14ae5f316eec36e21141043d75bd4fd17ccfb31e3174198dee269596,0.572937906464989,abs_hard,0,0,P2-IMA-M-v2,2,5667419d9fc3c14011cd72b5,AbsHard-1,17,ISIC_0004447_A05_T3_S1_5667419d9fc3c14011cd72b5.png,S1,0.9394316673278809,0.9403071268651952,val,M,0.8959101507428695,T3,132179
1.0,1.0,A05,0.009967625141143799,0.009665406720179614,0.7874228662552867,0.6401128799709217,0.9384796898702173,0,0.0006098697194927353,0.0007081505847953216,cdfa7966292d334f35a671cfb33ac823ef2f659d99670c319a635c2b862fa168,3634.3956856677014,0.9373282115509082,0.9365120891176842,0.9432177706730609,12309,2016,241,2603,479,982,-0.005889559122152721,-0.003790125250816345,-0.0026060729784712147,0.0008161224332239314,ISIC_0004677,0,62.893108523742164,0.017304970059193653,ISIC_0004677,0.8820486454419616,0.8925375015756964,1.0,0.6997393581444957,0.03819847106933594,0.03876526653766632,0.039617155013060686,0.03440834581851959,0.03648522379813347,0.03909129677660469,canonical_letterbox_valid,3d99874f14ae5f316eec36e21141043d75bd4fd17ccfb31e3174198dee269596,0.5693393588888215,abs_hard,0,0,P2-IMA-M-v2,2,5640bf2d9fc3c1045ec16346,AbsHard-1,17,ISIC_0004677_A05_T3_S1_5640bf2d9fc3c1045ec16346.png,S1,0.9335706830024719,0.9314828131669702,val,M,0.8820486454419616,T3,111513
1.0,1.0,A02,0.016658106818795204,0.016024496222503102,0.44149440417418817,0.16438206393243227,0.9704170204353798,0,0.0006098697194927353,0.0007081505847953216,cdfa7966292d334f35a671cfb33ac823ef2f659d99670c319a635c2b862fa168,3634.3956856677014,0.898540220739422,0.8947676395467449,0.9076017364689716,25700,2904,720,58,0,94,-0.009061515729549607,-0.005038127303123474,-0.004805643307153683,0.0037725811926770936,ISIC_0004677,0,35.4400902933387,0.00975130210315219,ISIC_0004677,0.8157721576929678,0.8308341076406262,1.0,0.6997393581444957,0.060179729014635086,0.06238049268722534,0.06164506535712017,0.05514160171151161,0.05465462283432617,0.05946026614147985,canonical_letterbox_valid,3d99874f14ae5f316eec36e21141043d75bd4fd17ccfb31e3174198dee269596,0.5693393588888215,abs_hard,0,0,P2-IMA-M-v2,2,5665a0999fc3c147bbd6b052,AbsHard-1,17,ISIC_0004677_A02_T1_S1_5665a0999fc3c147bbd6b052.png,S1,0.8962986469268799,0.8971039639395434,val,M,0.8157721576929678,T1,114058
1.0,1.0,A05,0.016830436885356903,0.017480193845765445,0.7589000932045019,0.47254498062698136,0.9397811507236145,0,0.0024452199861426053,0.002444261695906433,cdfa7966292d334f35a671cfb33ac823ef2f659d99670c319a635c2b862fa168,3634.3956856677014,0.9469161666015694,0.9462307115522925,0.9440502719966473,21971,3634,2688,22879,2481,6104,0.002865894604922148,0.00258491188287735,0.002168933757732368,0.0006854550492768618,ISIC_0004715,0,49.91586753036942,0.013734296385837529,ISIC_0004715,0.8991840312900398,0.8940295612194616,1.0,1.3149713699703969,0.04297759756445885,0.04396900534629822,0.045048535075253075,0.0455625094473362,0.046235865158068976,0.04406693140033661,canonical_letterbox_valid,3d99874f14ae5f316eec36e21141043d75bd4fd17ccfb31e3174198dee269596,0.5399630877200436,abs_hard,0,0,P2-IMA-M-v2,2,563236f09fc3c10a87fd9c39,AbsHard-1,17,ISIC_0004715_A05_T3_S1_563236f09fc3c10a87fd9c39.png,S1,0.9308752417564392,0.9293463310450922,val,M,0.8991840312900398,T3,400020
1.0,1.0,A02,0.03451845794916153,0.03442271079876233,0.41902902876335196,0.20366284004109528,0.6324478369548009,0,0.0024452199861426053,0.002444261695906433,cdfa7966292d334f35a671cfb33ac823ef2f659d99670c319a635c2b862fa168,3634.3956856677014,0.913756852881649,0.917738423021989,0.9196932024197079,74621,9049,4229,4381,940,689,-0.005936349538058883,-0.00300540030002594,-0.0029110001272525804,-0.003981570140340063,ISIC_0004715,0,75.7875301792702,0.020852856082275127,ISIC_0004715,0.8412083936324168,0.8513259422968252,1.0,1.3149713699703969,0.06553401052951813,0.06280872970819473,0.06288242737432878,0.06252861022949219,0.06270091524066718,0.06561191536791976,canonical_letterbox_valid,3d99874f14ae5f316eec36e21141043d75bd4fd17ccfb31e3174198dee269596,0.5399630877200436,abs_hard,0,0,P2-IMA-M-v2,2,5665c20c9fc3c12067284cdd,AbsHard-1,17,ISIC_0004715_A02_T1_S1_5665c20c9fc3c12067284cdd.png,S1,0.9034504294395447,0.9031988800629228,val,M,0.8412083936324168,T1,418518
1.0,1.0,A07,0.009037933312356472,0.008321891834175301,0.4782332929712276,0.33684170828213245,1.0,0,0.0002394862265894012,0.00020559210526315788,cdfa7966292d334f35a671cfb33ac823ef2f659d99670c319a635c2b862fa168,3634.3956856677014,0.869474271370799,0.8511799305506342,0.8512070676052346,11223,38,1413,9,9,0,0.018267203765564455,0.0020729079842567444,0.0016839123816948104,0.01829434082016479,ISIC_0004799,0,24.413111231467404,0.006717240868334977,ISIC_0004799,0.7690884420870853,0.7409577858655645,1.0,0.9107520125561555,0.08265433460474014,0.0928749367594719,0.09055603680037617,0.08472724258899689,0.08240897424445677,0.08072506186276196,canonical_letterbox_valid,3d99874f14ae5f316eec36e21141043d75bd4fd17ccfb31e3174198dee269596,0.37034335524895373,abs_hard,0,0,P2-IMA-M-v2,2,5664a4de9fc3c147bbd6ac3e,AbsHard-1,17,ISIC_0004799_A07_T1_S2_5664a4de9fc3c147bbd6ac3e.png,S2,0.8437292575836182,0.8468717681086514,val,M,0.7690884420870853,T1,37410
1.0,1.0,A02,0.002634303644299507,0.002667898054737508,0.9285613102178248,0.6885300091454345,1.0,0,0.0002394862265894012,0.00020559210526315788,cdfa7966292d334f35a671cfb33ac823ef2f659d99670c319a635c2b862fa168,3634.3956856677014,0.929715364710819,0.9365131438189106,0.9378271597894767,841,0,359,4184,1063,38,-0.00811179507865778,-0.011036079376935959,-0.011292420566307249,-0.0067977791080916505,ISIC_0004799,0,20.591260281974,0.005665662757408604,ISIC_0004799,0.8686617877679038,0.882932724587082,1.0,0.9107520125561555,0.05126047879457474,0.04913478344678879,0.050722783537370246,0.04022439941763878,0.040774688134697624,0.05206710870100487,canonical_letterbox_valid,3d99874f14ae5f316eec36e21141043d75bd4fd17ccfb31e3174198dee269596,0.37034335524895373,abs_hard,0,0,P2-IMA-M-v2,2,56659e209fc3c147bbd6af20,AbsHard-1,17,ISIC_0004799_A02_T1_S1_56659e209fc3c147bbd6af20.png,S1,0.9001133441925049,0.8985336806527278,val,M,0.8686617877679038,T1,33235
1.0,1.0,A01,0.02923603542149067,0.03001871381931513,0.48553830627039896,0.2724540767605475,0.6722602943363628,0,0.002405852387251197,0.0025584795321637425,cdfa7966292d334f35a671cfb33ac823ef2f659d99670c319a635c2b862fa168,3634.3956856677014,0.8210738237485783,0.8158780957161981,0.8295459697447497,53041,7713,55,15392,0,6899,-0.00847214599617141,0.0001790374517440796,0.00020259022423714523,0.00519572803238022,ISIC_0005390,0,124.32537949954644,0.03420799226397544,ISIC_0005390,0.6964590661302557,0.7087386162136107,1.0,1.1092808619778605,0.1043306365609169,0.1078171506524086,0.10951538081643582,0.10450967401266098,0.10630381195211439,0.10610122172787724,canonical_letterbox_valid,3d99874f14ae5f316eec36e21141043d75bd4fd17ccfb31e3174198dee269596,0.5753758522793083,abs_hard,0,0,P2-IMA-M-v2,2,55e08b119fc3c104700e2316,AbsHard-1,17,ISIC_0005390_A01_T3_S2_55e08b119fc3c104700e2316.png,S2,0.8205747604370117,0.8178162703635606,val,M,0.6964590661302557,T3,157016
1.0,1.0,A02,0.01480855979025364,0.015301153636281066,0.44819467273031793,0.26173907719935513,0.8511177982178014,0,0.002405852387251197,0.0025584795321637425,cdfa7966292d334f35a671cfb33ac823ef2f659d99670c319a635c2b862fa168,3634.3956856677014,0.8943271476509024,0.896718374861607,0.8678452631015215,5356,2110,51,28623,4,12502,0.02648188454938083,0.013904094696044922,0.013594965241352883,-0.002391227210704616,ISIC_0005390,0,57.278268023804074,0.01576005283345505,ISIC_0005390,0.8088533111316127,0.7665429775782868,1.0,1.1092808619778605,0.07131455838680267,0.07092712819576263,0.0727270415341852,0.0852186530828476,0.08671285769991505,0.07311789245856216,canonical_letterbox_valid,3d99874f14ae5f316eec36e21141043d75bd4fd17ccfb31e3174198dee269596,0.5753758522793083,abs_hard,0,0,P2-IMA-M-v2,2,5666f5e39fc3c14011cd6ea7,AbsHard-1,17,ISIC_0005390_A02_T1_S1_5666f5e39fc3c14011cd6ea7.png,S1,0.8721794486045837,0.8690653687191567,val,M,0.8088533111316127,T1,143785
1.0,1.0,A01,0.04677280783653259,0.04556949831676635,0.4171138411902731,0.3093323576613809,0.578042767872499,0,0.00010071544049718652,9.137426900584795e-05,cdfa7966292d334f35a671cfb33ac823ef2f659d99670c319a635c2b862fa168,3634.3956856677014,0.663321080998724,0.6537029534888207,0.6582283328865229,34082,0,455,1274,137,22,0.005092748112201062,0.001648053526878357,0.0024909062298895945,0.009618127509903318,ISIC_0005777,0,174.4287819570607,0.047993888680014515,ISIC_0005777,0.4962456365320225,0.490566576280862,1.0,0.5270129304607456,0.19486866891384125,0.19903847575187683,0.1974288483567515,0.1965167224407196,0.19504138791742567,0.19255048168753608,canonical_letterbox_valid,3d99874f14ae5f316eec36e21141043d75bd4fd17ccfb31e3174198dee269596,0.31523597197736525,abs_hard,0,0,P2-IMA-M-v2,2,55e086349fc3c104700e2184,AbsHard-1,17,ISIC_0005777_A01_T3_S2_55e086349fc3c104700e2184.png,S2,0.6570354700088501,0.6604685349416942,val,M,0.0,T3,34829
1.0,1.0,A02,0.00540964538231492,0.004976070719998285,0.8630973560426938,0.5092222486539371,1.0,0,0.00010071544049718652,9.137426900584795e-05,cdfa7966292d334f35a671cfb33ac823ef2f659d99670c319a635c2b862fa168,3634.3956856677014,0.889990210474792,0.9047723155724905,0.89599728420208,181,0,59,7011,533,22,-0.006007073727288037,-0.003253370523452759,-0.0030476920256258394,-0.014782105097698506,ISIC_0005777,0,22.81884964531348,0.006278581535659418,ISIC_0005777,0.8017859111454084,0.811589746456825,1.0,0.5270129304607456,0.061844728887081146,0.0550675243139267,0.054070082765494576,0.05859135836362839,0.05814054962321251,0.06118824164883835,canonical_letterbox_valid,3d99874f14ae5f316eec36e21141043d75bd4fd17ccfb31e3174198dee269596,0.31523597197736525,abs_hard,0,0,P2-IMA-M-v2,2,5661d4ae9fc3c147bbd6a098,AbsHard-1,17,ISIC_0005777_A02_T3_S1_5661d4ae9fc3c147bbd6a098.png,S1,0.8817201852798462,0.8825995874223216,val,M,0.8017859111454084,T3,29092
1.0,1.0,A02,0.0165986530482769,0.016069074143105433,0.2523937971695277,0.056179165988829244,0.8041128427737672,0,0.0003953163055345595,0.0003654970760233918,cdfa7966292d334f35a671cfb33ac823ef2f659d99670c319a635c2b862fa168,3634.3956856677014,0.7572738318789352,0.7756783055373266,0.7585138633798765,0,0,0,21974,1279,1131,-0.0012400315009413188,-0.0008279979228973389,-0.0009213688298632672,-0.018404473658391485,ISIC_0005842,0,42.04759208325728,0.01156934899770893,ISIC_0005842,0.6093650003555429,0.6109724796805932,1.0,0.6723544420422257,0.13228285312652588,0.12162468582391739,0.12070296163408668,0.13145485520362854,0.1304773669240764,0.13139873575393968,canonical_letterbox_valid,3d99874f14ae5f316eec36e21141043d75bd4fd17ccfb31e3174198dee269596,0.3543457614772029,abs_hard,0,0,P2-IMA-M-v2,2,560ee6f59fc3c1047093fbbb,AbsHard-1,17,ISIC_0005842_A02_T1_S1_560ee6f59fc3c1047093fbbb.png,S1,0.7520329356193542,0.7532716026352261,val,M,0.0,T1,34278
1.0,1.0,A05,0.026822753250598907,0.025922689782358822,0.10287212892855634,0.0,0.44268284276556147,0,0.0003953163055345595,0.0003654970760233918,cdfa7966292d334f35a671cfb33ac823ef2f659d99670c319a635c2b862fa168,3634.3956856677014,0.6432551072091846,0.6603610072548097,0.6444052480247421,0,0,0,29582,1279,1131,-0.0011501408155575321,-0.00032736361026763916,-0.00045507342780962134,-0.017105900045625178,ISIC_0005842,0,61.60559949241091,0.016950713356653376,ISIC_0005842,0.47411647585863614,0.4753671752459718,1.0,0.6723544420422257,0.1968599259853363,0.18679416179656982,0.18291761152576752,0.19653256237506866,0.1926314086743246,0.19308648210213422,canonical_letterbox_valid,3d99874f14ae5f316eec36e21141043d75bd4fd17ccfb31e3174198dee269596,0.3543457614772029,abs_hard,0,0,P2-IMA-M-v2,2,5661e13a9fc3c147bbd6a284,AbsHard-1,17,ISIC_0005842_A05_T1_S1_5661e13a9fc3c147bbd6a284.png,S1,0.6331028938293457,0.6397497255780904,val,M,0.0,T1,26670
1.0,1.0,A01,0.010527235455811024,0.01194697214574073,0.6277683107552781,0.3365712069354997,0.826054088727477,0,0.00011711860670194003,0.0001827485380116959,cdfa7966292d334f35a671cfb33ac823ef2f659d99670c319a635c2b862fa168,3634.3956856677014,0.8349136058817921,0.8255955820972195,0.8387764367998142,14859,482,168,724,32,32,-0.0038628309180220866,-0.00252348929643631,-0.0022875320791965192,0.009318023784572582,ISIC_0005957,0,64.33344300645679,0.01770127651762211,ISIC_0005957,0.716610896922965,0.7223212337237216,1.0,0.4199443867639084,0.08194094151258469,0.08649759739637375,0.09531166116801021,0.07941745221614838,0.08808958792988282,0.09037712000907934,canonical_letterbox_valid,3d99874f14ae5f316eec36e21141043d75bd4fd17ccfb31e3174198dee269596,0.3360289348648796,abs_hard,0,0,P2-IMA-M-v2,2,55e748659fc3c128ff23adc2,AbsHard-1,17,ISIC_0005957_A01_T3_S2_55e748659fc3c128ff23adc2.png,S2,0.8466453552246094,0.831192732127582,val,M,0.716610896922965,T3,39405
1.0,1.0,A02,0.01632632501423359,0.01597524725045581,0.3920977110003232,0.26106437253769743,0.7774413021606383,0,0.00011711860670194003,0.0001827485380116959,cdfa7966292d334f35a671cfb33ac823ef2f659d99670c319a635c2b862fa168,3634.3956856677014,0.8010057179934303,0.7912490658367544,0.8030924709449216,19003,429,200,625,0,85,-0.0020867529514912997,-0.0024197474122047424,-0.0021965155280978116,0.009756652156675982,ISIC_0005957,0,43.46262762420146,0.01195869447996459,ISIC_0005957,0.6680646688764121,0.6709728625225864,1.0,0.4199443867639084,0.1090419664978981,0.11430631577968597,0.11392760319968169,0.10662221908569336,0.10644316098088061,0.10863967650897842,canonical_letterbox_valid,3d99874f14ae5f316eec36e21141043d75bd4fd17ccfb31e3174198dee269596,0.3360289348648796,abs_hard,0,0,P2-IMA-M-v2,2,567420579fc3c16581746abd,AbsHard-1,17,ISIC_0005957_A02_T1_S1_567420579fc3c16581746abd.png,S1,0.7982423901557922,0.798695894232499,val,M,0.6680646688764121,T1,39504
1.0,1.0,A01,0.010400599800050259,0.01020411488564378,0.7400360641356792,0.28067502059947136,0.988391376451078,0,0.002059745580330898,0.002033077485380117,cdfa7966292d334f35a671cfb33ac823ef2f659d99670c319a635c2b862fa168,3634.3956856677014,0.8903847088099235,0.9009869889397721,0.9232426172553561,2238,0,2753,18069,9804,0,-0.03285790844543257,-0.01672310009598732,-0.01702989501901167,-0.010602280129848651,ISIC_0006070,0,29.068883707497267,0.007998271575693005,ISIC_0006070,0.8024264949115604,0.8574286390328895,1.0,0.7186971262254244,0.06205195561051369,0.056559011340141296,0.05710404151746433,0.04532885551452637,0.04544539111785898,0.06247528613687065,canonical_letterbox_valid,3d99874f14ae5f316eec36e21141043d75bd4fd17ccfb31e3174198dee269596,0.4523566250463517,abs_hard,0,0,P2-IMA-M-v2,2,55e4667d9fc3c128ff23a6c0,AbsHard-1,17,ISIC_0006070_A01_T3_S2_55e4667d9fc3c128ff23a6c0.png,S2,0.8862966895103455,0.8852535426119025,val,M,0.8024264949115604,T3,82475
1.0,1.0,A02,0.014689266681671143,0.013900583214131998,0.4013316071758831,0.27670588235294113,0.8281813425741016,0,0.002059745580330898,0.002033077485380117,cdfa7966292d334f35a671cfb33ac823ef2f659d99670c319a635c2b862fa168,3634.3956856677014,0.863197983758051,0.8771644711995148,0.9025320344833818,944,0,2155,23482,10402,0,-0.039334050725330805,-0.023123640567064285,-0.02201838050859531,-0.013966487441463782,ISIC_0006070,0,51.45385709371509,0.01415747253295072,ISIC_0006070,0.7593212990698408,0.822376655029313,1.0,0.7186971262254244,0.08068433403968811,0.07248148322105408,0.07018454861813989,0.057560693472623825,0.056275370604130875,0.07829375111272618,canonical_letterbox_valid,3d99874f14ae5f316eec36e21141043d75bd4fd17ccfb31e3174198dee269596,0.4523566250463517,abs_hard,0,0,P2-IMA-M-v2,2,56741b5b9fc3c165817467c9,AbsHard-1,17,ISIC_0006070_A02_T1_S1_56741b5b9fc3c165817467c9.png,S1,0.8533205986022949,0.8573130809886796,val,M,0.7593212990698408,T1,77062
1.0,1.0,A01,0.04405559226870537,0.041789407949395625,0.5082074301987565,0.3403407165067716,0.6450182231699259,0,0.0004756918199378517,0.0005710891812865497,cdfa7966292d334f35a671cfb33ac823ef2f659d99670c319a635c2b862fa168,3634.3956856677014,0.8828371379799207,0.8820481103973444,0.8795854892157433,44418,260,1784,4176,632,224,0.003251648764177384,0.001301400363445282,0.0013179896887155484,0.0007890275825762627,ISIC_0006104,0,141.06133201748537,0.03881287130450958,ISIC_0006104,0.7902492716089349,0.7850536393000298,1.0,0.44262686412111846,0.08446869999170303,0.08505848050117493,0.08230208302618758,0.08577010035514832,0.08293904517243991,0.08162105548372436,canonical_letterbox_valid,3d99874f14ae5f316eec36e21141043d75bd4fd17ccfb31e3174198dee269596,0.5119858575117724,abs_hard,0,0,P2-IMA-M-v2,2,55e096e39fc3c104700e2346,AbsHard-1,17,ISIC_0006104_A01_T3_S2_55e096e39fc3c104700e2346.png,S2,0.8751181960105896,0.8785472969819469,val,M,0.7902492716089349,T3,183081
1.0,1.0,A02,0.0048599508590996265,0.004671113554231126,0.9486286973213287,0.6683731721409841,1.0,0,0.0004756918199378517,0.0005710891812865497,cdfa7966292d334f35a671cfb33ac823ef2f659d99670c319a635c2b862fa168,3634.3956856677014,0.9685588192186388,0.9688711401764413,0.9711761463784645,2752,107,563,8832,1853,377,-0.0026173271598256553,-0.0012555569410324097,-0.0012369060376825579,-0.0003123209578024255,ISIC_0006104,0,18.384776310850235,0.005058551104754746,ISIC_0006104,0.9390344667884153,0.9439673691077954,1.0,0.44262686412111846,0.022015554830431938,0.021791812032461166,0.021756185964455565,0.02075999788939953,0.02084686243654178,0.022083768474224337,canonical_letterbox_valid,3d99874f14ae5f316eec36e21141043d75bd4fd17ccfb31e3174198dee269596,0.5119858575117724,abs_hard,0,0,P2-IMA-M-v2,2,567421099fc3c16581746b1d,AbsHard-1,17,ISIC_0006104_A02_T1_S1_567421099fc3c16581746b1d.png,S1,0.9608288407325745,0.9605035766057824,val,M,0.9390344667884153,T1,178425
1.0,1.0,A01,0.011616053991019726,0.011375859629729252,0.516785736865398,0.2677210095174961,0.750413223140496,0,0.00010038737717309146,0.00011421783625730994,cdfa7966292d334f35a671cfb33ac823ef2f659d99670c319a635c2b862fa168,3634.3956856677014,0.7750550377548711,0.7579929695346501,0.7882556131260795,10454,562,0,479,0,50,-0.013200575371208445,-0.005404315888881683,-0.00600155157603563,0.01706206822022094,ISIC_0006216,0,75.66604191065193,0.020819428717968765,ISIC_0006216,0.6327264176296694,0.6505131128848347,1.0,0.5857369942658575,0.12033045291900635,0.12736454606056213,0.1288091360031193,0.11492613703012466,0.11429926381382421,0.12030081538985984,canonical_letterbox_valid,3d99874f14ae5f316eec36e21141043d75bd4fd17ccfb31e3174198dee269596,0.3473691015755746,abs_hard,0,0,P2-IMA-M-v2,2,55e0a2579fc3c104700e249c,AbsHard-1,17,ISIC_0006216_A01_T3_S2_55e0a2579fc3c104700e249c.png,S2,0.7709551453590393,0.7707742288500096,val,M,0.0,T3,18835
1.0,1.0,A02,0.005239014979451895,0.00528898864309884,0.7045009784735813,0.4183639594602512,1.0,0,0.00010038737717309146,0.00011421783625730994,cdfa7966292d334f35a671cfb33ac823ef2f659d99670c319a635c2b862fa168,3634.3956856677014,0.8499141027643292,0.8374005907748239,0.8585389474610966,6460,456,0,267,0,156,-0.008624844696767386,-0.004022657871246338,-0.00394171451488462,0.012513511989505344,ISIC_0006216,0,27.65863337187866,0.007610242737451768,ISIC_0006216,0.7390005431830526,0.7521403779406093,1.0,0.5857369942658575,0.07881748676300049,0.08473189175128937,0.08796486236369949,0.07479482889175415,0.07682116813806314,0.08076288265294776,canonical_letterbox_valid,3d99874f14ae5f316eec36e21141043d75bd4fd17ccfb31e3174198dee269596,0.3473691015755746,abs_hard,0,0,P2-IMA-M-v2,2,5661c6009fc3c147bbd69d02,AbsHard-1,17,ISIC_0006216_A02_T1_S1_5661c6009fc3c147bbd69d02.png,S1,0.8476040363311768,0.8437632233372033,val,M,0.7390005431830526,T1,19047
1.0,1.0,A01,0.014834236353635788,0.014520671434882757,0.6771074373143079,0.3984243903502081,0.854920527561718,0,9.612255395985555e-05,0.00011421783625730994,cdfa7966292d334f35a671cfb33ac823ef2f659d99670c319a635c2b862fa168,3634.3956856677014,0.8722675495362789,0.8747435341713625,0.8728951462017649,8888,48,156,8975,311,71,-0.0006275966654859522,-0.0001100301742553711,-0.00030281823218396287,-0.0024759846350835835,ISIC_0006372,0,103.78896652529231,0.02855742068333005,ISIC_0006372,0.7734702935768182,0.7744578006741716,1.0,0.5194876187625521,0.07470474392175674,0.07298161089420319,0.07215326243965185,0.07459471374750137,0.07343576488631792,0.07373858311850189,canonical_letterbox_valid,3d99874f14ae5f316eec36e21141043d75bd4fd17ccfb31e3174198dee269596,0.39972131134648886,abs_hard,0,0,P2-IMA-M-v2,2,55e492459fc3c128ff23a8d6,AbsHard-1,17,ISIC_0006372_A01_T3_S2_55e492459fc3c128ff23a8d6.png,S2,0.8654247522354126,0.867043505197879,val,M,0.7734702935768182,T3,60992
1.0,1.0,A05,0.007792857009917498,0.007157421762495133,0.8468371651306837,0.24911673692161496,1.0,0,9.612255395985555e-05,0.00011421783625730994,cdfa7966292d334f35a671cfb33ac823ef2f659d99670c319a635c2b862fa168,3634.3956856677014,0.9026707832499026,0.9074437383064302,0.9019654985874858,3249,16,220,9739,247,103,0.0007052846624168163,0.0003903396427631378,0.0004302522043141063,-0.004772955056527639,ISIC_0006372,0,22.130282217396964,0.006089122960570334,ISIC_0006372,0.8226070804195804,0.8214363915042697,1.0,0.5194876187625521,0.05557025969028473,0.05279134586453438,0.05130135969670765,0.05596059933304787,0.054295375993273914,0.05386512378895981,canonical_letterbox_valid,3d99874f14ae5f316eec36e21141043d75bd4fd17ccfb31e3174198dee269596,0.39972131134648886,abs_hard,0,0,P2-IMA-M-v2,2,5665a6199fc3c11b98db259b,AbsHard-1,17,ISIC_0006372_A05_T1_S1_5665a6199fc3c11b98db259b.png,S1,0.896652340888977,0.8994271741845755,val,M,0.8226070804195804,T1,60228
1.0,1.0,A02,0.0050374651327729225,0.004848381020922818,0.9547515749722714,0.5401087720060542,1.0,0,8.004745107919711e-05,9.137426900584795e-05,cdfa7966292d334f35a671cfb33ac823ef2f659d99670c319a635c2b862fa168,3634.3956856677014,0.8993550858821275,0.9099382107066826,0.8962483631879378,343,39,2,7538,65,382,0.0031067226941897674,0.002280157059431076,0.0021483073324071525,-0.010583124824555035,ISIC_0006464,0,18.24828759089466,0.005020996382660556,ISIC_0006464,0.8171164690320933,0.8120018428933425,1.0,0.47741797992977064,0.05566873028874397,0.04921793192625046,0.049548054203463476,0.05794888734817505,0.05734790096340542,0.055199593630998266,canonical_letterbox_valid,3d99874f14ae5f316eec36e21141043d75bd4fd17ccfb31e3174198dee269596,0.3467191725011549,abs_hard,0,0,P2-IMA-M-v2,2,56099de29fc3c10ee6f16c79,AbsHard-1,17,ISIC_0006464_A02_T3_S1_56099de29fc3c10ee6f16c79.png,S1,0.8937000036239624,0.8944491937589263,val,M,0.8171164690320933,T3,35212
1.0,1.0,A05,0.012135897763073444,0.011884029791625979,0.5452653485952133,0.0887926367081754,0.9922290388548057,0,8.004745107919711e-05,9.137426900584795e-05,cdfa7966292d334f35a671cfb33ac823ef2f659d99670c319a635c2b862fa168,3634.3956856677014,0.8054488298987077,0.8199869143458596,0.8014847975086544,0,0,0,13925,67,421,0.003964032390053274,0.0022729337215423584,0.002325433581251757,-0.014538084447151878,ISIC_0006464,0,28.178005607210743,0.007753147440255657,ISIC_0006464,0.6742690058479532,0.6687314402375649,1.0,0.47741797992977064,0.10378764569759369,0.09565822780132294,0.09693017434618824,0.10606057941913605,0.1070973394938471,0.10477190591259535,canonical_letterbox_valid,3d99874f14ae5f316eec36e21141043d75bd4fd17ccfb31e3174198dee269596,0.3467191725011549,abs_hard,0,0,P2-IMA-M-v2,2,5666039b9fc3c12067285121,AbsHard-1,17,ISIC_0006464_A05_T3_S1_5666039b9fc3c12067285121.png,S1,0.8045606017112732,0.8023402179664353,val,M,0.6742690058479532,T3,28825
1.0,1.0,A01,0.011602528393268585,0.010444997833231266,0.722027766173456,0.4829844205065712,0.8953453898606581,0,0.0002640909758965315,0.0003198099415204678,cdfa7966292d334f35a671cfb33ac823ef2f659d99670c319a635c2b862fa168,3634.3956856677014,0.8996948092079694,0.9021399000991235,0.8997655522368886,7278,80,644,8465,794,92,-7.07430289191846e-05,-0.00038296356797218323,-0.0002597564600992225,-0.002445090891154078,ISIC_0006748,0,61.52485083434806,0.01692849545165715,ISIC_0006748,0.8176775105099193,0.8177943837935665,1.0,0.44143257968942007,0.06213066354393959,0.0607011541724205,0.057572503297025,0.06174769997596741,0.05872071735805774,0.058980473818156964,canonical_letterbox_valid,3d99874f14ae5f316eec36e21141043d75bd4fd17ccfb31e3174198dee269596,0.4923439034978692,abs_hard,0,0,P2-IMA-M-v2,2,55e4abf99fc3c128ff23ab58,AbsHard-1,17,ISIC_0006748_A01_T3_S2_55e4abf99fc3c128ff23ab58.png,S2,0.8873412013053894,0.8924840501969173,val,M,0.8176775105099193,T3,70604
1.0,1.0,A05,0.010017537511885166,0.009203326371077155,0.7945097428175472,0.4454813984590069,0.9866920152091254,0,0.0002640909758965315,0.0003198099415204678,cdfa7966292d334f35a671cfb33ac823ef2f659d99670c319a635c2b862fa168,3634.3956856677014,0.8937674520970027,0.9031232492997199,0.8988566036688591,1353,34,233,14093,1205,138,-0.0050891515718564095,-0.003607172518968582,-0.003670183352566629,-0.009355797202717175,ISIC_0006748,0,29.089506047347193,0.008003945789959561,ISIC_0006748,0.807938126383328,0.8162938693214038,1.0,0.44143257968942007,0.06412963569164276,0.058344416320323944,0.05557301007993133,0.06052246317267418,0.05733542066786892,0.06100560402043555,canonical_letterbox_valid,3d99874f14ae5f316eec36e21141043d75bd4fd17ccfb31e3174198dee269596,0.4923439034978692,abs_hard,0,0,P2-IMA-M-v2,2,5666ed7d9fc3c14011cd6b11,AbsHard-1,17,ISIC_0006748_A05_T3_S1_5666ed7d9fc3c14011cd6b11.png,S1,0.8817582726478577,0.8871921183302061,val,M,0.807938126383328,T3,64976
1.0,1.0,A01,0.012276888824999332,0.012431808718680914,0.6662035399117385,0.5152476516239705,0.7690007475703962,0,0.0010532473020072226,0.0010279605263157894,cdfa7966292d334f35a671cfb33ac823ef2f659d99670c319a635c2b862fa168,3634.3956856677014,0.9147260787429908,0.9149111366218092,0.9103981151034267,11340,2562,0,2879,0,3859,0.004327963639564114,0.0027091167867183685,0.0015487977488148202,-0.00018505787881839542,ISIC_0007381,0,156.0470916920143,0.04293618669738921,ISIC_0007381,0.8428527220883711,0.8355328012211022,1.0,0.8214308936038228,0.05017244815826416,0.05025877431035042,0.052190939773359646,0.05288156494498253,0.053675453785854754,0.052126656037039934,canonical_letterbox_valid,3d99874f14ae5f316eec36e21141043d75bd4fd17ccfb31e3174198dee269596,0.46696892343378577,abs_hard,0,0,P2-IMA-M-v2,2,55e4aded9fc3c128ff23ac4e,AbsHard-1,17,ISIC_0007381_A01_T3_S2_55e4aded9fc3c128ff23ac4e.png,S2,0.9119319915771484,0.908178496644601,val,M,0.8428527220883711,T3,76263
1.0,1.0,A02,0.031160850077867508,0.03052555931542843,0.29460924803570687,0.0,0.733821389409345,0,0.0010532473020072226,0.0010279605263157894,cdfa7966292d334f35a671cfb33ac823ef2f659d99670c319a635c2b862fa168,3634.3956856677014,0.8199501660269062,0.8177085766186584,0.8579378528240968,34757,6421,0,0,0,0,-0.03798768679719067,-0.022705473005771637,-0.02232636429909257,0.0022415894082478127,ISIC_0007381,0,64.03124237432849,0.017618126344040284,ISIC_0007381,0.6948436772930403,0.7512181845319098,1.0,0.8214308936038228,0.10585377365350723,0.10754649341106415,0.10739310384313328,0.0831483006477356,0.08327157130586527,0.10559793560495784,canonical_letterbox_valid,3d99874f14ae5f316eec36e21141043d75bd4fd17ccfb31e3174198dee269596,0.46696892343378577,abs_hard,0,0,P2-IMA-M-v2,2,5661c9399fc3c147bbd69df2,AbsHard-1,17,ISIC_0007381_A02_T1_S1_5661c9399fc3c147bbd69df2.png,S1,0.8194532990455627,0.8193296881055128,val,M,0.6948436772930403,T1,79142
1.0,1.0,A01,0.05363227799534798,0.05288095147261542,0.3071021697638007,0.14834390336947173,0.5914398550857385,0,0.008595895391371794,0.00854779411764706,cdfa7966292d334f35a671cfb33ac823ef2f659d99670c319a635c2b862fa168,5147.6254720016295,0.9067446919551757,0.9147529846525967,0.8513312937327719,199993,0,104303,672,672,0,0.055413398222403765,0.051039181649684906,0.050549736418340416,-0.008008292697420982,ISIC_0007469,0,165.33479939806256,0.03211865360005939,ISIC_0007469,0.8293988469873484,0.7411460668231323,1.0,1.794922435458847,0.07534227520227432,0.06826438009738922,0.06767212888312407,0.12638145685195923,0.12516162442511053,0.07461188800677011,canonical_letterbox_valid,3d99874f14ae5f316eec36e21141043d75bd4fd17ccfb31e3174198dee269596,0.6262600408279544,abs_hard,0,0,P2-IMA-M-v2,2,55e4ac559fc3c128ff23ab8e,AbsHard-1,17,ISIC_0007469_A01_T3_S2_55e4ac559fc3c128ff23ab8e.png,S2,0.902947723865509,0.9036571754590752,val,M,0.8293988469873484,T3,975558
1.0,1.0,A02,0.010147462598979473,0.009905005182188028,0.845016246548081,0.6512922512707485,1.0,0,0.008595895391371794,0.00854779411764706,cdfa7966292d334f35a671cfb33ac823ef2f659d99670c319a635c2b862fa168,5147.6254720016295,0.9756427107966158,0.9794366375534749,0.9254040952281818,41954,0,98508,6467,6467,0,0.05023861556843401,0.030693380162119865,0.030390353814293735,-0.0037939267568590784,ISIC_0007469,0,38.41874542459709,0.007463391739270834,ISIC_0007469,0.9524437626205087,0.8611647328254838,1.0,1.794922435458847,0.024149512872099876,0.023158986121416092,0.0230251980842491,0.05484289303421974,0.054319704134398454,0.02392935032010472,canonical_letterbox_valid,3d99874f14ae5f316eec36e21141043d75bd4fd17ccfb31e3174198dee269596,0.6262600408279544,abs_hard,0,0,P2-IMA-M-v2,2,5674199c9fc3c165817466c7,AbsHard-1,17,ISIC_0007469_A02_T1_S1_5674199c9fc3c165817466c7.png,S1,0.9618484377861023,0.9620463045419786,val,M,0.9524437626205087,T1,969763
1.0,1.0,A05,0.00804937444627285,0.008017649419743344,0.8362386336998339,0.48523425119533836,0.9927254271696837,0,0.00041049034148079824,0.0004825367647058824,cdfa7966292d334f35a671cfb33ac823ef2f659d99670c319a635c2b862fa168,5147.6254720016295,0.8714120457960799,0.8725054827552345,0.8737144476361394,9246,0,1977,14542,3036,0,-0.002302401840059476,-0.0007355138659477234,-0.0012923303915139683,-0.0010934369591546478,ISIC_0007483,0,41.84014912616488,0.00812804842810282,ISIC_0007483,0.7721259495550382,0.7757486063835035,1.0,0.5630512229627176,0.06953960657119751,0.06889732927083969,0.06961845620160446,0.06880409270524979,0.06904500386365038,0.07033733425516435,canonical_letterbox_valid,3d99874f14ae5f316eec36e21141043d75bd4fd17ccfb31e3174198dee269596,0.3895451315971166,abs_hard,0,0,P2-IMA-M-v2,2,5605872b9fc3c10ee6f16a69,AbsHard-1,17,ISIC_0007483_A05_T3_S1_5605872b9fc3c10ee6f16a69.png,S1,0.8689701557159424,0.8673429809094146,val,M,0.7721259495550382,T3,80603
1.0,1.0,A02,0.004968295339494944,0.004346958734943327,0.8727306098101896,0.5917943258572262,1.0,0,0.00041049034148079824,0.0004825367647058824,cdfa7966292d334f35a671cfb33ac823ef2f659d99670c319a635c2b862fa168,5147.6254720016295,0.9260927749645832,0.9201955443953991,0.9049681887167942,14393,0,4423,684,590,0,0.021124586247789012,0.011594530194997787,0.011057392067938827,0.00589723056918412,ISIC_0007483,0,41.0,0.007964837423196864,ISIC_0007483,0.8623582683634903,0.8264309578881668,1.0,0.5630512229627176,0.04354727640748024,0.04682452604174614,0.045331170433152365,0.05514180660247803,0.053358096780049685,0.04230070471211086,canonical_letterbox_valid,3d99874f14ae5f316eec36e21141043d75bd4fd17ccfb31e3174198dee269596,0.3895451315971166,abs_hard,0,0,P2-IMA-M-v2,2,5665c2af9fc3c12067284cfb,AbsHard-1,17,ISIC_0007483_A02_T1_S1_5665c2af9fc3c12067284cfb.png,S1,0.917873740196228,0.9197455493107216,val,M,0.8623582683634903,T1,94461
1.0,1.0,A01,0.015569513663649559,0.015412134251401118,0.5608584940516871,0.31496659092020046,0.878379596563369,0,0.0014894074913916185,0.0014619883040935672,cdfa7966292d334f35a671cfb33ac823ef2f659d99670c319a635c2b862fa168,3634.3956856677014,0.885896059555446,0.8910501594058153,0.9109001370767121,23251,6977,0,2683,0,2103,-0.0250040775212661,-0.014147702604532242,-0.013635679393406056,-0.005154099850369298,ISIC_0008423,0,43.664629734825226,0.012014275139885677,ISIC_0008423,0.7951646407443389,0.836378892410964,1.0,0.4713617133856878,0.06540912389755249,0.06214096397161484,0.06319165821519565,0.05126142129302025,0.05283733768352378,0.06647301707692983,canonical_letterbox_valid,3d99874f14ae5f316eec36e21141043d75bd4fd17ccfb31e3174198dee269596,0.45202315936378135,abs_hard,0,0,P2-IMA-M-v2,2,55df1ed79fc3c10470dc0a1e,AbsHard-1,17,ISIC_0008423_A01_T3_S2_55df1ed79fc3c10470dc0a1e.png,S2,0.8847512602806091,0.8824661000975415,val,M,0.7951646407443389,T3,100675
1.0,1.0,A05,0.01780637726187706,0.01705935624187368,0.4510861792477231,0.17881317603047933,0.895353752738173,0,0.0014894074913916185,0.0014619883040935672,cdfa7966292d334f35a671cfb33ac823ef2f659d99670c319a635c2b862fa168,3634.3956856677014,0.8778807441343884,0.8827058808349212,0.9029869436003607,25964,6993,0,2184,0,2087,-0.025106199465972256,-0.01359463855624199,-0.013909676707204506,-0.004825136700532751,ISIC_0008423,0,56.53222385553522,0.015554779596088275,ISIC_0008423,0.7823417515967894,0.8231323577532741,1.0,0.4713617133856878,0.07201464474201202,0.06904524564743042,0.06779776649771817,0.058420006185770035,0.057067480546317696,0.0709771572535222,canonical_letterbox_valid,3d99874f14ae5f316eec36e21141043d75bd4fd17ccfb31e3174198dee269596,0.45202315936378135,abs_hard,0,0,P2-IMA-M-v2,2,5669ba769fc3c15467941090,AbsHard-1,17,ISIC_0008423_A05_T1_S1_5669ba769fc3c15467941090.png,S1,0.8737770915031433,0.8751050417348293,val,M,0.7823417515967894,T1,101174
1.0,1.0,A01,0.01250934973359108,0.012114446702949344,0.7912384952336144,0.6020146379774834,0.908921355299969,0,0.000774065413202318,0.0006624634502923976,cdfa7966292d334f35a671cfb33ac823ef2f659d99670c319a635c2b862fa168,3634.3956856677014,0.8610401226680297,0.8581698295271791,0.8652053064775675,14436,2278,0,2964,28,2413,-0.004165183809537898,-0.0038349777460098267,-0.0021924035479936876,0.0028702931408505217,ISIC_0008457,0,56.85288018648519,0.015643007835026177,ISIC_0008457,0.7559881079261794,0.7624333383089303,1.0,0.5443040675477302,0.07945457100868225,0.08124877512454987,0.08120566075668267,0.07561959326267242,0.07738507715740735,0.07957748070540104,canonical_letterbox_valid,3d99874f14ae5f316eec36e21141043d75bd4fd17ccfb31e3174198dee269596,0.31144832299566794,abs_hard,0,0,P2-IMA-M-v2,2,55df1ce69fc3c10470dc0952,AbsHard-1,17,ISIC_0008457_A01_T3_S2_55df1ce69fc3c10470dc0952.png,S2,0.8536002039909363,0.8529594852921473,val,M,0.7559881079261794,T3,53908
1.0,1.0,A02,0.03542690351605415,0.034447150731368385,0.4880752587700597,0.26327035673326493,0.6435491045845969,0,0.000774065413202318,0.0006624634502923976,cdfa7966292d334f35a671cfb33ac823ef2f659d99670c319a635c2b862fa168,3634.3956856677014,0.6529121599311608,0.6520734304197322,0.6539777833011491,10444,1606,28,24245,0,3085,-0.0010656233699882778,0.001364395022392273,0.0015925656741158645,0.0008387295114286042,ISIC_0008457,0,213.77674303583603,0.05882043715792094,ISIC_0008457,0.4846841761245469,0.4858595758582975,1.0,0.5443040675477302,0.19349414110183716,0.19363512098789215,0.19233721525700193,0.19485853612422943,0.1938380774513883,0.19224551177727245,canonical_letterbox_valid,3d99874f14ae5f316eec36e21141043d75bd4fd17ccfb31e3174198dee269596,0.31144832299566794,abs_hard,0,0,P2-IMA-M-v2,2,567416bc9fc3c165817465cb,AbsHard-1,17,ISIC_0008457_A02_T1_S1_567416bc9fc3c165817465cb.png,S1,0.6484386324882507,0.6499561271768235,val,M,0.0,T1,32627
1.0,1.0,A01,0.01806139573454857,0.017602441297697096,0.7163361677826849,0.4836143208941087,0.843930953795723,0,0.0014188738767111782,0.001576206140350877,cdfa7966292d334f35a671cfb33ac823ef2f659d99670c319a635c2b862fa168,3634.3956856677014,0.9351934356242717,0.9369485163853708,0.9195164283320579,24703,0,7179,1771,1471,0,0.015677007292213774,0.010158699005842209,0.009264137733520375,-0.0017550807610990926,ISIC_0008514,0,77.0,0.021186465828046945,ISIC_0008514,0.8782754228910622,0.8510230534209795,1.0,0.5110255645804386,0.04313528537750244,0.04178846627473831,0.04219455719043834,0.05329398438334465,0.05295959430998257,0.0436954565764622,canonical_letterbox_valid,3d99874f14ae5f316eec36e21141043d75bd4fd17ccfb31e3174198dee269596,0.496056153222848,abs_hard,0,0,P2-IMA-M-v2,2,55df19689fc3c10470dc07fc,AbsHard-1,17,ISIC_0008514_A01_T3_S2_55df19689fc3c10470dc07fc.png,S2,0.931790828704834,0.9302115281447727,val,M,0.8782754228910622,T3,191017
1.0,1.0,A02,0.011524373665452003,0.01085262511101299,0.6154406154949439,0.31204038771224063,1.0,0,0.0014188738767111782,0.001576206140350877,cdfa7966292d334f35a671cfb33ac823ef2f659d99670c319a635c2b862fa168,3634.3956856677014,0.9372955839309534,0.9360234344798297,0.950268618187812,2002,0,1732,20985,6918,0,-0.012973034256858695,-0.008065938949584961,-0.007705318276410179,0.0012721494511236386,ISIC_0008514,0,25.0,0.006878722671443813,ISIC_0008514,0.8819908619538991,0.9052493186850622,1.0,0.5110255645804386,0.03961363062262535,0.040474627166986465,0.03955515352967407,0.03154769167304039,0.03092506750525813,0.03863038578166831,canonical_letterbox_valid,3d99874f14ae5f316eec36e21141043d75bd4fd17ccfb31e3174198dee269596,0.496056153222848,abs_hard,0,0,P2-IMA-M-v2,2,5661c4219fc3c147bbd69c60,AbsHard-1,17,ISIC_0008514_A02_T1_S1_5661c4219fc3c147bbd69c60.png,S1,0.9322971105575562,0.9335918535476764,val,M,0.8819908619538991,T1,171803
1.0,1.0,A01,0.0046190377324819565,0.005379211676531777,0.7911696554914226,0.5673435359817955,0.8899858956276445,0,0.0006631800096581843,0.0005939327485380117,cdfa7966292d334f35a671cfb33ac823ef2f659d99670c319a635c2b862fa168,3634.3956856677014,0.9298956375186361,0.9307486914842366,0.9246814606318011,3951,0,2191,4701,1852,0,0.005214176886835009,0.003146175295114517,0.002649770924477532,-0.0008530539656004255,ISIC_0008537,0,92.5818544391317,0.02547379604379065,ISIC_0008537,0.8689765878183966,0.8599139945779191,1.0,0.5801547458470474,0.03620060160756111,0.03601536899805069,0.040256782307763084,0.03934677690267563,0.04348650139368131,0.040836730469203775,canonical_letterbox_valid,3d99874f14ae5f316eec36e21141043d75bd4fd17ccfb31e3174198dee269596,0.3920478769441397,abs_hard,0,0,P2-IMA-M-v2,2,55df18859fc3c10470dc0760,AbsHard-1,17,ISIC_0008537_A01_T3_S2_55df18859fc3c10470dc0760.png,S2,0.9322178363800049,0.9237057507381242,val,M,0.8689765878183966,T3,57382
1.0,1.0,A02,0.0070882029831409454,0.006750218511028637,0.6667376250796736,0.43474136720810136,1.0,0,0.0006631800096581843,0.0005939327485380117,cdfa7966292d334f35a671cfb33ac823ef2f659d99670c319a635c2b862fa168,3634.3956856677014,0.9059304882643093,0.9109638660659068,0.9261553553262607,355,0,718,10382,3325,0,-0.020224867061951368,-0.010210402309894562,-0.010810411037561675,-0.005033377801597516,ISIC_0008537,0,28.680950070586206,0.007891532059563574,ISIC_0008537,0.8280374131138089,0.8624668008729044,1.0,0.5801547458470474,0.05386392027139664,0.051369328051805496,0.05090813694395117,0.043653517961502075,0.0427433306466052,0.05355374168416688,canonical_letterbox_valid,3d99874f14ae5f316eec36e21141043d75bd4fd17ccfb31e3174198dee269596,0.3920478769441397,abs_hard,0,0,P2-IMA-M-v2,2,5666f4769fc3c14011cd6dff,AbsHard-1,17,ISIC_0008537_A02_T1_S1_5666f4769fc3c14011cd6dff.png,S1,0.8993603587150574,0.8996427351426949,val,M,0.8280374131138089,T1,51701
1.0,1.0,A01,0.008083437569439411,0.007986555355485701,0.9094962859373331,0.6132429167567252,0.9991411394217005,0,0.003907887703337247,0.003791360294117647,cdfa7966292d334f35a671cfb33ac823ef2f659d99670c319a635c2b862fa168,5147.6254720016295,0.9675690472417122,0.9670769248999747,0.9674809601237913,7940,0,23138,30327,24586,0,8.808711792096524e-05,0.0012346785515546799,0.0007790380083826098,0.0004921223417375664,ISIC_0008552,0,29.274562336608895,0.005687003162105657,ISIC_0008552,0.9371755512140664,0.9370102852919641,1.0,0.9619618585989529,0.02283160574734211,0.023171309381723404,0.023546899802843586,0.02406628429889679,0.02389708557578063,0.02311804756739802,canonical_letterbox_valid,3d99874f14ae5f316eec36e21141043d75bd4fd17ccfb31e3174198dee269596,0.6852193345871193,abs_hard,0,0,P2-IMA-M-v2,2,55df14c49fc3c10470dc060a,AbsHard-1,17,ISIC_0008552_A01_T3_S2_55df14c49fc3c10470dc060a.png,S2,0.9624202251434326,0.9617504602206897,val,M,0.9371755512140664,T3,570843
1.0,1.0,A02,0.034695547074079514,0.03432610987281591,0.05298562168979124,0.0,0.9149307772877882,0,0.003907887703337247,0.003791360294117647,cdfa7966292d334f35a671cfb33ac823ef2f659d99670c319a635c2b862fa168,5147.6254720016295,0.8966108367693605,0.8953799429423458,0.9375913547130155,0,0,45,112661,47679,0,-0.04098051794365498,-0.029715824872255325,-0.029838416307826486,0.0012308938270146896,ISIC_0008552,0,56.71860364994893,0.0110184013888435,ISIC_0008552,0.8125971023171482,0.8825148015053542,1.0,0.9619618585989529,0.06943731755018234,0.0712629109621048,0.07151619288153481,0.03972149267792702,0.039672708114236434,0.06951112442206292,canonical_letterbox_valid,3d99874f14ae5f316eec36e21141043d75bd4fd17ccfb31e3174198dee269596,0.6852193345871193,abs_hard,0,0,P2-IMA-M-v2,2,56659e599fc3c147bbd6af32,AbsHard-1,17,ISIC_0008552_A02_T3_S1_56659e599fc3c147bbd6af32.png,S1,0.8958209156990051,0.8953038610286901,val,M,0.8125971023171482,T3,488509
1.0,1.0,A01,0.0054103173315525055,0.005728206850661675,0.830062882294194,0.6292938859754301,0.8787454494539344,0,0.00032786820811671975,0.00029871323529411767,cdfa7966292d334f35a671cfb33ac823ef2f659d99670c319a635c2b862fa168,5147.6254720016295,0.9400431100324174,0.9383563043759666,0.9437874875669376,15560,2441,0,2103,0,1563,-0.0037443775345202823,-0.0023200251162052155,-0.0018450237454200255,0.0016868056564507405,ISIC_0008578,0,96.80985943685329,0.0188067022287092,ISIC_0008578,0.886869191501899,0.8935583288943003,1.0,0.6512621586906184,0.034101784229278564,0.03513432666659355,0.03706557941712247,0.03178175911307335,0.034414040544492694,0.03625906428991272,canonical_letterbox_valid,3d99874f14ae5f316eec36e21141043d75bd4fd17ccfb31e3174198dee269596,0.35840514256889405,abs_hard,0,0,P2-IMA-M-v2,2,55df10d19fc3c10470dc0544,AbsHard-1,17,ISIC_0008578_A01_T3_S2_55df10d19fc3c10470dc0544.png,S2,0.9372067451477051,0.9332100782708362,val,M,0.886869191501899,T3,138466
1.0,1.0,A02,0.005202764645218849,0.004858545363310582,0.9605701710250566,0.5495085521904735,1.0,0,0.00032786820811671975,0.00029871323529411767,cdfa7966292d334f35a671cfb33ac823ef2f659d99670c319a635c2b862fa168,5147.6254720016295,0.9354000865772035,0.9320586888894087,0.9483428301031172,19286,3842,0,114,0,162,-0.012942743525913625,-0.005643293261528015,-0.005597928521010338,0.003341397687794845,ISIC_0008578,0,25.0,0.004856608184876136,ISIC_0008578,0.8786400175158737,0.9017604379534675,1.0,0.6512621586906184,0.03629174456000328,0.03793654218316078,0.03817404241718599,0.030648451298475266,0.030835991836780655,0.03643392035779099,canonical_letterbox_valid,3d99874f14ae5f316eec36e21141043d75bd4fd17ccfb31e3174198dee269596,0.35840514256889405,abs_hard,0,0,P2-IMA-M-v2,2,56741cac9fc3c1658174687d,AbsHard-1,17,ISIC_0008578_A02_T1_S1_56741cac9fc3c1658174687d.png,S1,0.9326192736625671,0.9319907046477286,val,M,0.8786400175158737,T1,140455
1.0,1.0,A01,0.003733610501512885,0.003788141603196123,0.9754781641599959,0.5976660130773956,1.0,0,0.0005358914399092971,0.0005482456140350877,cdfa7966292d334f35a671cfb33ac823ef2f659d99670c319a635c2b862fa168,3634.3956856677014,0.9297897002815035,0.9372598278669458,0.9064278884390946,420,181,0,7212,33,3053,0.02336181184240893,0.01303684338927269,0.012003360371266536,-0.007470127585442299,ISIC_0008705,0,16.0,0.004402382509724041,ISIC_0008705,0.8687915828562587,0.8288688773759132,1.0,0.613792944477159,0.03820659592747688,0.034279439598321915,0.03604323549152763,0.05124343931674957,0.051933071350466015,0.03992971097919948,canonical_letterbox_valid,3d99874f14ae5f316eec36e21141043d75bd4fd17ccfb31e3174198dee269596,0.4377002519891796,abs_hard,0,0,P2-IMA-M-v2,2,55de127e9fc3c10470dc01a8,AbsHard-1,17,ISIC_0008705_A01_T3_S2_55de127e9fc3c10470dc01a8.png,S2,0.9273204207420349,0.9239287196447972,val,M,0.8687915828562587,T3,50535
1.0,1.0,A02,0.008164872415363789,0.007511602189842949,0.8800079230215904,0.18297900788875515,1.0,0,0.0005358914399092971,0.0005482456140350877,cdfa7966292d334f35a671cfb33ac823ef2f659d99670c319a635c2b862fa168,3634.3956856677014,0.880134960878797,0.8903977863688992,0.8537360591299769,5,5,0,12358,33,3229,0.02639890174882009,0.014523625373840332,0.014162314294163536,-0.010262825490102268,ISIC_0008705,0,19.697715603592208,0.005419804915923291,ISIC_0008705,0.7859294916193379,0.7447988449169785,1.0,0.613792944477159,0.06658285111188889,0.06111157312989235,0.059558917994069475,0.08110647648572922,0.07935385365897064,0.06519153936480711,canonical_letterbox_valid,3d99874f14ae5f316eec36e21141043d75bd4fd17ccfb31e3174198dee269596,0.4377002519891796,abs_hard,0,0,P2-IMA-M-v2,2,5661c04c9fc3c147bbd69b1c,AbsHard-1,17,ISIC_0008705_A02_T3_S1_5661c04c9fc3c147bbd69b1c.png,S1,0.8749991655349731,0.8771285234602287,val,M,0.7859294916193379,T3,45389
1.0,1.0,A01,0.018225714564323425,0.01784012754740019,0.7132546488919079,0.49704363012935715,0.8289920744145053,0,0.0006016681363903586,0.0005939327485380117,cdfa7966292d334f35a671cfb33ac823ef2f659d99670c319a635c2b862fa168,3634.3956856677014,0.9019709606659341,0.900405588102749,0.90484094827069,17702,1909,25,6475,118,1616,-0.0028699876047558748,-0.0014409534633159637,-0.0012848578899642,0.001565372563185119,ISIC_0008781,0,141.65097952361643,0.03897511217125295,ISIC_0008781,0.8214454521284452,0.8262187550218404,1.0,0.7037868814280407,0.062098972499370575,0.06326901167631149,0.06215969295562193,0.06065801903605461,0.059952286223214635,0.061237144113178835,canonical_letterbox_valid,3d99874f14ae5f316eec36e21141043d75bd4fd17ccfb31e3174198dee269596,0.44434332519135283,abs_hard,0,0,P2-IMA-M-v2,2,55de0c969fc3c10470dbff86,AbsHard-1,17,ISIC_0008781_A01_T3_S2_55de0c969fc3c10470dbff86.png,S2,0.8940277695655823,0.8953658393210425,val,M,0.8214454521284452,T3,111227
1.0,1.0,A02,0.008093513548374176,0.00801584417103453,0.7360708155228703,0.5605151156877862,0.997132322818517,0,0.0006016681363903586,0.0005939327485380117,cdfa7966292d334f35a671cfb33ac823ef2f659d99670c319a635c2b862fa168,3634.3956856677014,0.9378670961641706,0.9296628658627906,0.9454651824679021,14849,2690,143,659,0,835,-0.007598086303731488,-0.0036171190440654755,-0.003189339450201216,0.008204230301380067,ISIC_0008781,0,32.58449402252832,0.008965587910811638,ISIC_0008781,0.883003523172213,0.8965708545124675,1.0,0.7037868814280407,0.037865836173295975,0.0419660359621048,0.04234437193120666,0.0342487171292305,0.035383065028494656,0.03857240447869587,canonical_letterbox_valid,3d99874f14ae5f316eec36e21141043d75bd4fd17ccfb31e3174198dee269596,0.44434332519135283,abs_hard,0,0,P2-IMA-M-v2,2,5661d7649fc3c147bbd6a158,AbsHard-1,17,ISIC_0008781_A02_T1_S1_5661d7649fc3c147bbd6a158.png,S1,0.9323618412017822,0.9308710352136428,val,M,0.883003523172213,T1,117043
1.0,1.0,A01,0.0036045550368726254,0.003566689578037714,0.9476923076923077,0.6867926725570254,0.9886643666830951,0,9.710674393214076e-05,0.00013706140350877192,cdfa7966292d334f35a671cfb33ac823ef2f659d99670c319a635c2b862fa168,3634.3956856677014,0.925922920892495,0.9247699970700264,0.9268434994690348,3135,3,233,3256,354,2,-0.0009205785765398211,0.0005200020968914032,0.00031199301318029365,0.0011529238224685656,ISIC_0008810,0,20.248456731316587,0.0055713407351782596,ISIC_0008810,0.8620637558543587,0.8636610774015354,1.0,0.6639212561173387,0.040994834154844284,0.04201485216617584,0.04294010184413431,0.04151483625173569,0.042661220209979235,0.04234922719679894,canonical_letterbox_valid,3d99874f14ae5f316eec36e21141043d75bd4fd17ccfb31e3174198dee269596,0.35611594241325145,abs_hard,0,0,P2-IMA-M-v2,2,55de0a1f9fc3c10470dbfed8,AbsHard-1,17,ISIC_0008810_A01_T3_S2_55de0a1f9fc3c10470dbfed8.png,S2,0.9216148853302002,0.9188682351844398,val,M,0.8620637558543587,T3,39942
1.0,1.0,A05,0.00447596050798893,0.004590978091050727,0.9136894708724723,0.37726521020106185,1.0,0,9.710674393214076e-05,0.00013706140350877192,cdfa7966292d334f35a671cfb33ac823ef2f659d99670c319a635c2b862fa168,3634.3956856677014,0.8991844965566224,0.9078141648587237,0.9048489107519325,200,0,40,7749,547,5,-0.0056644141953101634,-0.0019793622195720673,-0.0024876596787400396,-0.008629668302101323,ISIC_0008810,0,21.502297457313247,0.005916333640309972,ISIC_0008810,0.8168348771832803,0.8262320328542094,1.0,0.6639212561173387,0.052707377821207047,0.048440996557474136,0.050926718953556896,0.05072801560163498,0.052966202486908386,0.055453862165648425,canonical_letterbox_valid,3d99874f14ae5f316eec36e21141043d75bd4fd17ccfb31e3174198dee269596,0.35611594241325145,abs_hard,0,0,P2-IMA-M-v2,2,5665c8409fc3c12067284d61,AbsHard-1,17,ISIC_0008810_A05_T1_S1_5665c8409fc3c12067284d61.png,S1,0.8990612030029297,0.8936832537597539,val,M,0.8168348771832803,T1,35449
1.0,1.0,A01,0.00814859103411436,0.008263366398378486,0.8451678207193363,0.5199310349223346,0.988478720902892,0,0.0021109234588897285,0.002033077485380117,cdfa7966292d334f35a671cfb33ac823ef2f659d99670c319a635c2b862fa168,3634.3956856677014,0.9531983420409732,0.9494897901528935,0.9573386441037486,6442,0,5255,14018,7614,0,-0.004140302062775381,-0.002336030825972557,-0.0019457149143621531,0.0037085518880797252,ISIC_0008890,0,24.0,0.006603573764586061,ISIC_0008890,0.9105816128524727,0.9181683378692393,1.0,0.7888550408264265,0.030523082241415977,0.03302052989602089,0.033534075054467705,0.02818705141544342,0.029256331215260667,0.03120204612962282,canonical_letterbox_valid,3d99874f14ae5f316eec36e21141043d75bd4fd17ccfb31e3174198dee269596,0.5521226248993526,abs_hard,0,0,P2-IMA-M-v2,2,55ddfc3f9fc3c10470dbfcbc,AbsHard-1,17,ISIC_0008890_A01_T3_S2_55ddfc3f9fc3c10470dbfcbc.png,S2,0.947102427482605,0.9458592741391328,val,M,0.9105816128524727,T3,208352
1.0,1.0,A02,0.01927919313311577,0.019062756708233746,0.48509504851168095,0.17808685243548775,0.9296968485697797,0,0.0021109234588897285,0.002033077485380117,cdfa7966292d334f35a671cfb33ac823ef2f659d99670c319a635c2b862fa168,3634.3956856677014,0.9063089252042741,0.895207672377647,0.9323854604274048,358,0,689,37802,12180,0,-0.026076535223130692,-0.015359342098236084,-0.015446301331930569,0.011101252826627106,ISIC_0008890,0,39.04356112260325,0.01074279316271813,ISIC_0008890,0.8286699472001724,0.8733352964644642,1.0,0.7888550408264265,0.05790228396654129,0.06570635735988617,0.06625502952166418,0.042542941868305206,0.04282780055478881,0.05827410188671938,canonical_letterbox_valid,3d99874f14ae5f316eec36e21141043d75bd4fd17ccfb31e3174198dee269596,0.5521226248993526,abs_hard,0,0,P2-IMA-M-v2,2,5661fbb89fc3c147bbd6a806,AbsHard-1,17,ISIC_0008890_A02_T3_S1_5661fbb89fc3c147bbd6a806.png,S1,0.9034746289253235,0.902514552934795,val,M,0.8286699472001724,T3,184568
1.0,1.0,A01,0.025159185752272606,0.025982765947115356,0.549969143758837,0.3582358207324863,0.7487451150581447,0,0.0032363446921978667,0.0032666301169590644,cdfa7966292d334f35a671cfb33ac823ef2f659d99670c319a635c2b862fa168,3634.3956856677014,0.9098742754156883,0.9073588142067355,0.8744597365098187,36580,0,16801,5026,2929,0,0.03541453890586965,0.020407695323228836,0.020835581811676968,0.0025154612089528516,ISIC_0008902,0,101.39526568211843,0.027898796512986275,ISIC_0008902,0.8346507699950323,0.7769244378679191,1.0,1.1162254573696238,0.05980748310685158,0.060855984687805176,0.06234832663499299,0.08021517843008041,0.08212301711753248,0.06128743530585551,canonical_letterbox_valid,3d99874f14ae5f316eec36e21141043d75bd4fd17ccfb31e3174198dee269596,0.5841403386400089,abs_hard,0,0,P2-IMA-M-v2,2,55ddf9d09fc3c10470dbfc14,AbsHard-1,17,ISIC_0008902_A01_T3_S2_55ddf9d09fc3c10470dbfc14.png,S2,0.9055442214012146,0.9034078953354043,val,M,0.8346507699950323,T3,210019
1.0,1.0,A02,0.008620665408670902,0.008024611083518747,0.8349719978820491,0.6297603377141175,0.9254673927640255,0,0.0032363446921978667,0.0032666301169590644,cdfa7966292d334f35a671cfb33ac823ef2f659d99670c319a635c2b862fa168,3634.3956856677014,0.952465045019676,0.9546402027917408,0.9558261897427807,4434,0,8725,15485,11005,0,-0.00336114472310467,-0.0009382627904415131,-0.001082167869592178,-0.002175157772064784,ISIC_0008902,0,50.564798530591865,0.013912849041174843,ISIC_0008902,0.9092441645897785,0.9153899287201281,1.0,1.1162254573696238,0.033987902104854584,0.03302666172385216,0.031859688160679585,0.03304963931441307,0.03179022457666918,0.032872392446261355,canonical_letterbox_valid,3d99874f14ae5f316eec36e21141043d75bd4fd17ccfb31e3174198dee269596,0.5841403386400089,abs_hard,0,0,P2-IMA-M-v2,2,5666f64a9fc3c14011cd6ebf,AbsHard-1,17,ISIC_0008902_A02_T1_S1_5666f64a9fc3c14011cd6ebf.png,S1,0.9406448602676392,0.942279826190996,val,M,0.9092441645897785,T1,199560
1.0,1.0,A01,0.016835592687129974,0.016842548382812187,0.2971825549980702,0.07841533546325878,0.8766744071654903,0,0.0006325060888552952,0.0007538377192982456,cdfa7966292d334f35a671cfb33ac823ef2f659d99670c319a635c2b862fa168,3634.3956856677014,0.7793569947456365,0.7944847992931338,0.7600062722960523,61,61,0,21859,583,3212,0.019350722449584135,0.010818466544151306,0.010412770659342652,-0.015127804547497292,ISIC_0008927,0,43.86342439892262,0.01206897327440123,ISIC_0008927,0.6384806953309254,0.6129113844013784,1.0,0.5281356080881706,0.11819623410701752,0.1098027378320694,0.11221143255740862,0.12901470065116882,0.13084105426493314,0.12042828360559049,canonical_letterbox_valid,3d99874f14ae5f316eec36e21141043d75bd4fd17ccfb31e3174198dee269596,0.33077505812112007,abs_hard,0,0,P2-IMA-M-v2,2,55ddf8219fc3c10470dbfa88,AbsHard-1,17,ISIC_0008927_A01_T3_S2_55ddf8219fc3c10470dbfa88.png,S2,0.7804431319236755,0.7759859811716312,val,M,0.0,T3,38713
1.0,1.0,A02,0.004651261493563652,0.003870658763360001,0.912243816095672,0.612694921014673,1.0,0,0.0006325060888552952,0.0007538377192982456,cdfa7966292d334f35a671cfb33ac823ef2f659d99670c319a635c2b862fa168,3634.3956856677014,0.9312190151638396,0.9372516902488325,0.9208995572517806,1840,637,1,6193,582,2636,0.010319457912059016,0.0044986791908741,0.004543419790861834,-0.0060326750849928334,ISIC_0008927,0,24.0,0.006603573764586061,ISIC_0008927,0.8712907774145997,0.8533955883721652,1.0,0.5281356080881706,0.043701834976673126,0.04081925004720688,0.03755794845066897,0.048200514167547226,0.0452938163139104,0.040750396523048564,canonical_letterbox_valid,3d99874f14ae5f316eec36e21141043d75bd4fd17ccfb31e3174198dee269596,0.33077505812112007,abs_hard,0,0,P2-IMA-M-v2,2,5669b9869fc3c15467941036,AbsHard-1,17,ISIC_0008927_A02_T1_S1_5669b9869fc3c15467941036.png,S1,0.9172475934028625,0.9223698657172629,val,M,0.8712907774145997,T1,54379
1.0,1.0,A01,0.02539295330643654,0.02492014002675178,0.34107884903499225,0.09621326569309485,0.8150558759369315,0,0.00047470762996556647,0.0005482456140350877,cdfa7966292d334f35a671cfb33ac823ef2f659d99670c319a635c2b862fa168,3634.3956856677014,0.8413335047349703,0.8371395076201641,0.8337749244199871,286,45,34,36742,342,2473,0.007558580314983132,0.0033884942531585693,0.0031531225395768775,0.0041939971148061694,ISIC_0008968,0,59.23216800148775,0.0162976662764241,ISIC_0008968,0.7261222346319129,0.7149348285152552,1.0,0.6002519759213449,0.09573337435722351,0.09882774949073792,0.09799682853379932,0.09912186861038208,0.0979317492947139,0.09477862675513703,canonical_letterbox_valid,3d99874f14ae5f316eec36e21141043d75bd4fd17ccfb31e3174198dee269596,0.3905271697477693,abs_hard,0,0,P2-IMA-M-v2,2,55ddf0e39fc3c10470dbf6f2,AbsHard-1,17,ISIC_0008968_A01_T3_S2_55ddf0e39fc3c10470dbf6f2.png,S2,0.8339262008666992,0.8353628865164777,val,M,0.7261222346319129,T3,98171
1.0,1.0,A02,0.030368242412805557,0.03021774668020373,0.521742221708058,0.1883736076551828,0.7377316099453268,0,0.00047470762996556647,0.0005482456140350877,cdfa7966292d334f35a671cfb33ac823ef2f659d99670c319a635c2b862fa168,3634.3956856677014,0.8557448656215368,0.857109657178086,0.8603434294026028,41649,2007,376,2869,0,511,-0.004598563781065934,-0.003404572606086731,-0.003352399417970525,-0.0013647915565491164,ISIC_0008968,0,104.0350577043699,0.028625132402240586,ISIC_0008968,0.7478619408479741,0.7549146397248593,1.0,0.6002519759213449,0.0885893851518631,0.08753257989883423,0.08755524492448771,0.08518481254577637,0.0853255365776889,0.08867793599565943,canonical_letterbox_valid,3d99874f14ae5f316eec36e21141043d75bd4fd17ccfb31e3174198dee269596,0.3905271697477693,abs_hard,0,0,P2-IMA-M-v2,2,5665c1ed9fc3c12067284cd7,AbsHard-1,17,ISIC_0008968_A02_T1_S1_5665c1ed9fc3c12067284cd7.png,S1,0.8531894683837891,0.8528618746888849,val,M,0.7478619408479741,T1,132044
1.0,1.0,A01,0.008251901715993881,0.0077656107948306545,0.5964968664631207,0.236088990643042,0.9399968666771111,0,0.0006179072709330646,0.0005939327485380117,cdfa7966292d334f35a671cfb33ac823ef2f659d99670c319a635c2b862fa168,3634.3956856677014,0.7977977667493796,0.8009611033966267,0.7596313066924576,514,198,0,12524,3,3566,0.038166460056922036,0.01741117238998413,0.01737143647943125,-0.003163336647247106,ISIC_0008988,0,37.48332962798263,0.010313497172528227,ISIC_0008988,0.6636136123222993,0.6124237984972355,1.0,0.4124813993623391,0.11537933349609375,0.11432106047868729,0.11091621309944562,0.13279050588607788,0.12916986452212123,0.11179842804268998,canonical_letterbox_valid,3d99874f14ae5f316eec36e21141043d75bd4fd17ccfb31e3174198dee269596,0.3110806551537117,abs_hard,0,0,P2-IMA-M-v2,2,55ddef939fc3c10470dbf5d2,AbsHard-1,17,ISIC_0008988_A01_T3_S2_55ddef939fc3c10470dbf5d2.png,S2,0.7774932384490967,0.7841687547094507,val,M,0.6636136123222993,T3,25721
1.0,1.0,A02,0.008394766598939896,0.007907900221546312,0.6491797388189586,0.3123639529821507,0.8673824691827984,0,0.0006179072709330646,0.0005939327485380117,cdfa7966292d334f35a671cfb33ac823ef2f659d99670c319a635c2b862fa168,3634.3956856677014,0.8204163978974239,0.8204095148738892,0.7993579035289204,4729,739,3,8356,0,3025,0.02105849436850349,0.009149707853794098,0.010197846950824263,6.8830235346872826e-06,ISIC_0008988,0,47.5278738469687,0.013077242534266604,ISIC_0008988,0.6955135663424397,0.6657753429422378,1.0,0.4124813993623391,0.10362061113119125,0.1042240709066391,0.09998482149290684,0.11277031898498535,0.10961984920539825,0.09942200225457398,canonical_letterbox_valid,3d99874f14ae5f316eec36e21141043d75bd4fd17ccfb31e3174198dee269596,0.3110806551537117,abs_hard,0,0,P2-IMA-M-v2,2,5665a48f9fc3c11b98db24e1,AbsHard-1,17,ISIC_0008988_A02_T1_S1_5665a48f9fc3c11b98db24e1.png,S1,0.8011535406112671,0.8090638957123983,val,M,0.6955135663424397,T1,29889
1.0,1.0,A01,0.07149415463209152,0.07095334832989857,0.46370281585573087,0.331844361871428,0.5882877868506657,0,0.003283585810867557,0.0033123172514619883,cdfa7966292d334f35a671cfb33ac823ef2f659d99670c319a635c2b862fa168,3634.3956856677014,0.7380457735067664,0.7383052075182883,0.7613433517373075,71916,11035,0,4873,0,8983,-0.023297578230541127,-0.018140539526939392,-0.01653798589344871,-0.0002594340115219529,ISIC_0008994,0,217.32601893643877,0.05979701654210835,ISIC_0008994,0.584843537120737,0.6146524565989677,1.0,0.5157509418190461,0.1690455973148346,0.16839411854743958,0.1675972830213793,0.1509050577878952,0.15176414460609094,0.16830213049953965,canonical_letterbox_valid,3d99874f14ae5f316eec36e21141043d75bd4fd17ccfb31e3174198dee269596,0.46831562178486685,abs_hard,0,0,P2-IMA-M-v2,2,55ddef559fc3c10470dbf5a2,AbsHard-1,17,ISIC_0008994_A01_T3_S2_55ddef559fc3c10470dbf5a2.png,S2,0.7334029674530029,0.7343490873308193,val,M,0.0,T3,108175
1.0,1.0,A02,0.012158500030636787,0.011879622551979567,0.5813501308137113,0.39129663912074936,0.8837042156185211,0,0.003283585810867557,0.0033123172514619883,cdfa7966292d334f35a671cfb33ac823ef2f659d99670c319a635c2b862fa168,3634.3956856677014,0.9050689959982756,0.9057399044440081,0.895497638873869,12678,7864,0,9123,0,12154,0.009571357124406599,0.007120572030544281,0.006160215945646426,-0.0006709084457324765,ISIC_0008994,0,39.408120990476064,0.010843101411847541,ISIC_0008994,0.8265991123554396,0.8107702349869451,1.0,0.5157509418190461,0.05691581219434738,0.056425947695970535,0.056536303681888084,0.06403638422489166,0.0631835209490834,0.057023305003436976,canonical_letterbox_valid,3d99874f14ae5f316eec36e21141043d75bd4fd17ccfb31e3174198dee269596,0.46831562178486685,abs_hard,0,0,P2-IMA-M-v2,2,5666f4d69fc3c14011cd6e1d,AbsHard-1,17,ISIC_0008994_A02_T1_S1_5666f4d69fc3c14011cd6e1d.png,S1,0.8983268737792969,0.8978330125451056,val,M,0.8265991123554396,T1,103925
1.0,1.0,A01,0.1007065623998642,0.09951954306954207,0.34549142858939447,0.21314151617181917,0.5663698356900633,0,0.009407213624643637,0.009673713235294118,cdfa7966292d334f35a671cfb33ac823ef2f659d99670c319a635c2b862fa168,5147.6254720016295,0.9451412218298062,0.9458717799116115,0.9362902918751341,23528,15109,0,440025,1365,98409,0.008850929954672071,0.0058252811431884766,0.006228976130872754,-0.0007305580818053325,ISIC_0008998,0,122.18674211665578,0.023736525273884007,ISIC_0008998,0.8959883933177211,0.8802122277568099,1.0,1.3360163733988548,0.08251630514860153,0.08249741047620773,0.08173206745376467,0.08834158629179001,0.08803211195165164,0.08180313582077889,canonical_letterbox_valid,3d99874f14ae5f316eec36e21141043d75bd4fd17ccfb31e3174198dee269596,0.6747020254758823,abs_hard,0,0,P2-IMA-M-v2,2,55ddef2a9fc3c10470dbf578,AbsHard-1,17,ISIC_0008998_A01_T3_S2_55ddef2a9fc3c10470dbf578.png,S2,0.9356739521026611,0.9359132714279843,val,M,0.8959883933177211,T3,3993190
1.0,1.0,A05,0.05186887085437775,0.05197297330107241,0.5864041945480163,0.3360561189118903,0.8828499676460473,0,0.009407213624643637,0.009673713235294118,cdfa7966292d334f35a671cfb33ac823ef2f659d99670c319a635c2b862fa168,5147.6254720016295,0.9695903622863463,0.9701631421381591,0.9713445231354738,145284,62712,448,124959,917,50806,-0.0017541608491274951,0.0119839608669281,0.011846595122382682,-0.0005727798518128102,ISIC_0008998,0,74.96665925596525,0.01456334763741365,ISIC_0008998,0.9409756341543375,0.9442855698355453,1.0,1.3360163733988548,0.047237642109394073,0.046063780784606934,0.04620146997412159,0.059221602976322174,0.05920189066936138,0.0473552955469787,canonical_letterbox_valid,3d99874f14ae5f316eec36e21141043d75bd4fd17ccfb31e3174198dee269596,0.6747020254758823,abs_hard,0,0,P2-IMA-M-v2,2,56683af29fc3c14011cd7357,AbsHard-1,17,ISIC_0008998_A05_T3_S1_56683af29fc3c14011cd7357.png,S1,0.9573935866355896,0.957262382207115,val,M,0.9409756341543375,T3,4308256
1.0,1.0,A01,0.059155721217393875,0.0592713135562476,0.48266674361515244,0.30375218361723133,0.6357942014682632,0,0.0009555998972832467,0.0009880514705882353,cdfa7966292d334f35a671cfb33ac823ef2f659d99670c319a635c2b862fa168,5147.6254720016295,0.8762974716421575,0.8770057849010701,0.8681528409587095,152803,312,10234,4367,1070,54,0.008144630683448062,0.0012695938348770142,0.001269899674835942,-0.0007083132589125185,ISIC_0009026,0,261.52131842144036,0.05080426302260663,ISIC_0009026,0.7798304707232101,0.7670230331223005,1.0,0.9370034347998244,0.09118784219026566,0.08938860893249512,0.08965495405020646,0.09245743602514267,0.0928222075486297,0.09155230787379376,canonical_letterbox_valid,3d99874f14ae5f316eec36e21141043d75bd4fd17ccfb31e3174198dee269596,0.6837936145045657,abs_hard,0,0,P2-IMA-M-v2,2,55ddeddb9fc3c10470dbf40a,AbsHard-1,17,ISIC_0009026_A01_T3_S2_55ddeddb9fc3c10470dbf40a.png,S2,0.8767800331115723,0.8761666978086601,val,M,0.7798304707232101,T3,556689
1.0,1.0,A02,0.030350275337696075,0.029745700972164148,0.29449347872619025,0.06416729123598837,0.7729389390616114,0,0.0009555998972832467,0.0009880514705882353,cdfa7966292d334f35a671cfb33ac823ef2f659d99670c319a635c2b862fa168,5147.6254720016295,0.9030594937958663,0.9019916848767475,0.9128199452771665,0,0,0,99165,11304,366,-0.009760451481300225,-0.007779691368341446,-0.00772134673010863,0.001067808919118729,ISIC_0009026,0,71.70594450259756,0.013929907079023572,ISIC_0009026,0.8232529373181999,0.8396216811665861,1.0,0.9370034347998244,0.06571510434150696,0.06691992282867432,0.06663097081514624,0.05793541297316551,0.057547715164677535,0.06526906189478617,canonical_letterbox_valid,3d99874f14ae5f316eec36e21141043d75bd4fd17ccfb31e3174198dee269596,0.6837936145045657,abs_hard,0,0,P2-IMA-M-v2,2,5674195d9fc3c165817466a9,AbsHard-1,17,ISIC_0009026_A02_T1_S1_5674195d9fc3c165817466a9.png,S1,0.8989200592041016,0.8992075771825918,val,M,0.8232529373181999,T1,461891
1.0,1.0,A01,0.008101974613964558,0.00783057415726553,0.9064038527353212,0.30157163363570355,1.0,0,0.0005347432182749644,0.0005482456140350877,cdfa7966292d334f35a671cfb33ac823ef2f659d99670c319a635c2b862fa168,3634.3956856677014,0.9272024429739689,0.9251326549441251,0.9163891526572245,1,1,1,16138,321,2937,0.010813290316744384,0.006262470036745071,0.005982326486314936,0.002069788029843811,ISIC_0009040,0,21.213203435596427,0.005836789736255477,ISIC_0009040,0.8642846331085285,0.8456810439876907,1.0,0.5863905083190767,0.042189616709947586,0.043385498225688934,0.043150952357758995,0.04845208674669266,0.04791296410523224,0.041930637618917306,canonical_letterbox_valid,3d99874f14ae5f316eec36e21141043d75bd4fd17ccfb31e3174198dee269596,0.5577734654474089,abs_hard,0,0,P2-IMA-M-v2,2,55dded489fc3c10470dbf350,AbsHard-1,17,ISIC_0009040_A01_T3_S2_55dded489fc3c10470dbf350.png,S2,0.9237227439880371,0.9239692989194309,val,M,0.8642846331085285,T3,102779
1.0,1.0,A02,0.02057075686752796,0.02021231288128388,0.3692547502484388,0.068517921724496,0.8696347535165501,0,0.0005347432182749644,0.0005482456140350877,cdfa7966292d334f35a671cfb33ac823ef2f659d99670c319a635c2b862fa168,3634.3956856677014,0.8830218941787548,0.8850750638348336,0.8937662939361737,31507,2938,322,0,0,0,-0.010744399757418921,-0.006504721939563751,-0.00632825081906406,-0.0020531696560788237,ISIC_0009040,0,43.174066289845804,0.011879297144255216,ISIC_0009040,0.790545391692815,0.8079362335797479,1.0,0.5863905083190767,0.06863847374916077,0.0673103779554367,0.06747587490860736,0.062133751809597015,0.06253496243706604,0.0688632132561301,canonical_letterbox_valid,3d99874f14ae5f316eec36e21141043d75bd4fd17ccfb31e3174198dee269596,0.5577734654474089,abs_hard,0,0,P2-IMA-M-v2,2,5665a57c9fc3c11b98db2577,AbsHard-1,17,ISIC_0009040_A02_T1_S1_5665a57c9fc3c11b98db2577.png,S1,0.8832938075065613,0.8824858863690237,val,M,0.790545391692815,T1,118917
1.0,1.0,A01,0.006864560302346945,0.006438312942724195,0.668337570784699,0.31313034901848497,0.9503105590062112,0,0.00025024106993124266,0.00016084558823529412,cdfa7966292d334f35a671cfb33ac823ef2f659d99670c319a635c2b862fa168,5147.6254720016295,0.8068934006584112,0.7748979763810808,0.8460068089534345,16440,2962,0,43,0,94,-0.0391134082950233,-0.01868562400341034,-0.01897960472844608,0.031995424277330375,ISIC_0009053,0,61.59382049461558,0.011965482110077662,ISIC_0009053,0.6762961508248233,0.7331124789273533,1.0,0.4211425743193476,0.10269511491060257,0.11986371129751205,0.11775394986030892,0.08400949090719223,0.08268724862663338,0.10166685335507945,canonical_letterbox_valid,3d99874f14ae5f316eec36e21141043d75bd4fd17ccfb31e3174198dee269596,0.27106087062823253,abs_hard,0,0,P2-IMA-M-v2,2,55ddec909fc3c10470dbf290,AbsHard-1,17,ISIC_0009053_A01_T3_S2_55ddec909fc3c10470dbf290.png,S2,0.8014743328094482,0.8031046062325653,val,M,0.6762961508248233,T3,34437
1.0,1.0,A05,0.0012170977424830198,0.001135245699873124,0.9943256219991271,0.8971298906289141,1.0,0,0.00025024106993124266,0.00016084558823529412,cdfa7966292d334f35a671cfb33ac823ef2f659d99670c319a635c2b862fa168,5147.6254720016295,0.9286943836615609,0.9291298179952311,0.9157333184370025,2239,955,0,2649,0,2101,0.012961065224558421,0.0047425925731658936,0.005379876428098333,-0.0004354343336702149,ISIC_0009053,0,16.48330219890924,0.003202117614920377,ISIC_0009053,0.8668809063427654,0.8445646573930964,1.0,0.4211425743193476,0.041997894644737244,0.04390611872076988,0.043486308243050456,0.04674048721790314,0.04862569836102498,0.04324582193292665,canonical_letterbox_valid,3d99874f14ae5f316eec36e21141043d75bd4fd17ccfb31e3174198dee269596,0.27106087062823253,abs_hard,0,0,P2-IMA-M-v2,2,5666ec749fc3c14011cd6a99,AbsHard-1,17,ISIC_0009053_A05_T3_S1_5666ec749fc3c14011cd6a99.png,S1,0.9172213077545166,0.9146436018340198,val,M,0.8668809063427654,T3,31831
1.0,1.0,A01,0.012162208557128906,0.011884505781165781,0.7469548240919099,0.3818130001695042,0.9210526315789475,0,0.0005882175401024607,0.0007081505847953216,cdfa7966292d334f35a671cfb33ac823ef2f659d99670c319a635c2b862fa168,3634.3956856677014,0.9114599634309059,0.8987138330779924,0.9166320183269335,21039,2317,546,461,0,723,-0.005172054896027678,-0.002786744385957718,-0.00223198528533404,0.012746130352913498,ISIC_0009056,0,47.93091859440278,0.01318813985593785,ISIC_0009056,0.8373233255652068,0.8460948023508695,1.0,0.4607955856286182,0.05332574248313904,0.06016508489847183,0.0597893268131455,0.05053899809718132,0.05114672457995058,0.05337870986528462,canonical_letterbox_valid,3d99874f14ae5f316eec36e21141043d75bd4fd17ccfb31e3174198dee269596,0.4500631443969667,abs_hard,0,0,P2-IMA-M-v2,2,55dde8159fc3c10470dbf104,AbsHard-1,17,ISIC_0009056_A01_T3_S2_55dde8159fc3c10470dbf104.png,S2,0.9055107235908508,0.9051270860505966,val,M,0.8373233255652068,T3,110664
1.0,1.0,A05,0.007792691700160503,0.007541858800856888,0.7873459378179245,0.595820177637339,0.93578264896573,0,0.0005882175401024607,0.0007081505847953216,cdfa7966292d334f35a671cfb33ac823ef2f659d99670c319a635c2b862fa168,3634.3956856677014,0.9369901838794414,0.9316889958234178,0.9378328702714255,11895,1604,337,2689,209,1436,-0.0008426863919840377,-0.0017070025205612183,-0.0006328533566782035,0.005301188056023642,ISIC_0009056,0,45.254833995939045,0.012451818104011685,ISIC_0009056,0.8814501707039506,0.8829428477146329,1.0,0.4607955856286182,0.040627170354127884,0.04482884705066681,0.043351993201711736,0.038920167833566666,0.03971698789744035,0.04034984125411856,canonical_letterbox_valid,3d99874f14ae5f316eec36e21141043d75bd4fd17ccfb31e3174198dee269596,0.4500631443969667,abs_hard,0,0,P2-IMA-M-v2,2,5666048f9fc3c12067285175,AbsHard-1,17,ISIC_0009056_A05_T3_S1_5666048f9fc3c12067285175.png,S1,0.926538348197937,0.9268421762926198,val,M,0.8814501707039506,T3,108436
1.0,1.0,A01,0.02340056002140045,0.023632202025569142,0.5554611463000155,0.20443423981724912,0.8623798490136286,0,0.0013594575402481972,0.0011948529411764707,cdfa7966292d334f35a671cfb33ac823ef2f659d99670c319a635c2b862fa168,5147.6254720016295,0.9061979036978395,0.9059221469317585,0.9147857616485315,28625,0,3631,55382,12843,128,-0.008587857950692057,-0.004199504852294922,-0.0038530434828830534,0.0002757567660809368,ISIC_0009076,0,161.40895265101483,0.03135600162228814,ISIC_0009076,0.828484336208023,0.8429540724034066,1.0,0.8239870908855208,0.0600283220410347,0.06019037961959839,0.06127338151542861,0.05582881718873978,0.057164748117610256,0.06101779160049331,canonical_letterbox_valid,3d99874f14ae5f316eec36e21141043d75bd4fd17ccfb31e3174198dee269596,0.6768388656648963,abs_hard,0,0,P2-IMA-M-v2,2,55dde52d9fc3c10470dbf08c,AbsHard-1,17,ISIC_0009076_A01_T3_S2_55dde52d9fc3c10470dbf08c.png,S2,0.903343915939331,0.9015966188245825,val,M,0.828484336208023,T3,405785
1.0,1.0,A02,0.013588359579443932,0.013419127655814182,0.620422941373896,0.32395431209455966,0.9511720618721098,0,0.0013594575402481972,0.0011948529411764707,cdfa7966292d334f35a671cfb33ac823ef2f659d99670c319a635c2b862fa168,5147.6254720016295,0.9394421699863532,0.9393746141927993,0.9244471150597405,57581,128,15018,1660,1456,0,0.014995054926612683,0.009218502789735794,0.009199429188278763,6.755579355388619e-05,ISIC_0009076,0,50.71780150288116,0.009852659595912635,ISIC_0009076,0.8858000416387147,0.859508749410391,1.0,0.8239870908855208,0.03933199867606163,0.03919778764247894,0.0392114662797252,0.048550501465797424,0.0486259178089745,0.03942648862069574,canonical_letterbox_valid,3d99874f14ae5f316eec36e21141043d75bd4fd17ccfb31e3174198dee269596,0.6768388656648963,abs_hard,0,0,P2-IMA-M-v2,2,5674132d9fc3c16581746457,AbsHard-1,17,ISIC_0009076_A02_T1_S1_5674132d9fc3c16581746457.png,S1,0.9349243640899658,0.9345661504144227,val,M,0.8858000416387147,T1,459507
1.0,1.0,A01,0.03558892756700516,0.03579992330441056,0.37243400220908346,0.1495909654005102,0.8210720881573869,0,0.010508688429075335,0.010302448830409356,cdfa7966292d334f35a671cfb33ac823ef2f659d99670c319a635c2b862fa168,3634.3956856677014,0.9446511617204093,0.9460152204239228,0.9101719727380834,91220,29,59125,4992,4911,0,0.03447918898232594,0.022427711635828018,0.022390829483379143,-0.0013640587035135265,ISIC_0009115,0,59.89322765513389,0.016479556117492602,ISIC_0009115,0.89510797516048,0.8351519230284423,1.0,1.1821884405578265,0.0506952740252018,0.0490843802690506,0.04933766418076969,0.07312298566102982,0.0733748331361993,0.05098400365282016,canonical_letterbox_valid,3d99874f14ae5f316eec36e21141043d75bd4fd17ccfb31e3174198dee269596,0.627927489807357,abs_hard,0,0,P2-IMA-M-v2,2,55ddd9f69fc3c10470dbef2a,AbsHard-1,17,ISIC_0009115_A01_T3_S2_55ddd9f69fc3c10470dbef2a.png,S2,0.9341983795166016,0.9338319159987702,val,M,0.89510797516048,T3,821036
1.0,1.0,A02,0.0472528338432312,0.04695635439909485,0.5502355523784737,0.40784607953805413,0.6543643654494085,0,0.010508688429075335,0.010302448830409356,cdfa7966292d334f35a671cfb33ac823ef2f659d99670c319a635c2b862fa168,3634.3956856677014,0.9273717959366746,0.9267925596807757,0.9366477584995153,13369,2,22719,100303,41317,27,-0.00927596256284069,-0.005499199032783508,-0.00550918544494567,0.0005792362558989517,ISIC_0009115,0,106.0,0.02916578412692177,ISIC_0009115,0.8645789775279159,0.8808442978197158,1.0,1.1821884405578265,0.06592929363250732,0.06698787212371826,0.06673928730604549,0.060430094599723816,0.06015988067766364,0.06566906612260931,canonical_letterbox_valid,3d99874f14ae5f316eec36e21141043d75bd4fd17ccfb31e3174198dee269596,0.627927489807357,abs_hard,0,0,P2-IMA-M-v2,2,5667149b9fc3c14011cd70b1,AbsHard-1,17,ISIC_0009115_A02_T1_S1_5667149b9fc3c14011cd70b1.png,S1,0.9153942465782166,0.9156182221538762,val,M,0.8645789775279159,T1,725725
1.0,1.0,A01,0.02138529345393181,0.020871131862045044,0.5630910733349757,0.35560735939175764,0.7973434067165851,0,0.0014293719030822206,0.0013249269005847952,cdfa7966292d334f35a671cfb33ac823ef2f659d99670c319a635c2b862fa168,3634.3956856677014,0.9148205793511691,0.922458585901526,0.9183733217003538,38997,4923,1137,4402,83,2571,-0.003552742349184679,-0.0012296400964260101,-0.0010582371064453006,-0.007638006550356846,ISIC_0009190,0,80.77747210701756,0.022225833148978476,ISIC_0009190,0.8430132031108699,0.8490668177157648,1.0,0.8879165253643863,0.05848260968923569,0.053995274007320404,0.05292958972184309,0.05725296959280968,0.056394292912758236,0.057452530019203536,canonical_letterbox_valid,3d99874f14ae5f316eec36e21141043d75bd4fd17ccfb31e3174198dee269596,0.5363195148874856,abs_hard,0,0,P2-IMA-M-v2,2,55ddd5d59fc3c10470dbed68,AbsHard-1,17,ISIC_0009190_A01_T3_S2_55ddd5d59fc3c10470dbed68.png,S2,0.9044200778007507,0.905966071823638,val,M,0.8430132031108699,T3,233051
1.0,1.0,A02,0.015141366980969906,0.01480975308209822,0.6278384953771607,0.234484390745013,0.9268950962116382,0,0.0014293719030822206,0.0013249269005847952,cdfa7966292d334f35a671cfb33ac823ef2f659d99670c319a635c2b862fa168,3634.3956856677014,0.9310516270113804,0.9324079637034122,0.9406297562314428,16248,5230,6,16480,1214,2264,-0.009578129220062404,-0.0062644146382808685,-0.0060369472441817035,-0.0013563366920317232,ISIC_0009190,0,37.635085220785555,0.010355252557997503,ISIC_0009190,0.8709977493190804,0.8879140808083187,1.0,0.8879165253643863,0.047974973917007446,0.04844733700156212,0.04812475918567991,0.04171055927872658,0.04152381875623251,0.047560766000414215,canonical_letterbox_valid,3d99874f14ae5f316eec36e21141043d75bd4fd17ccfb31e3174198dee269596,0.5363195148874856,abs_hard,0,0,P2-IMA-M-v2,2,5661c95f9fc3c147bbd69df8,AbsHard-1,17,ISIC_0009190_A02_T1_S1_5661c95f9fc3c147bbd69df8.png,S1,0.9191914200782776,0.9196882210812698,val,M,0.8709977493190804,T1,220973
1.0,1.0,A01,0.022002046927809715,0.021862630826165044,0.5875749635340541,0.38031508987849727,0.7905480066114239,0,0.001496952947845805,0.0014619883040935672,cdfa7966292d334f35a671cfb33ac823ef2f659d99670c319a635c2b862fa168,3634.3956856677014,0.8939263303188589,0.8872178103841877,0.8646133498988037,25616,0,7736,1819,1390,0,0.029312980420055257,0.01523631066083908,0.015899494296411867,0.006708519934671253,ISIC_0009202,0,145.5987554748094,0.040061338408743014,ISIC_0009202,0.8081978215579076,0.7615144583756919,1.0,0.7257522754702658,0.06601810455322266,0.06913162767887115,0.07022618230883484,0.08125441521406174,0.082562838517486,0.06666334422107413,canonical_letterbox_valid,3d99874f14ae5f316eec36e21141043d75bd4fd17ccfb31e3174198dee269596,0.5190241942644547,abs_hard,0,0,P2-IMA-M-v2,2,55ddd4619fc3c10470dbed20,AbsHard-1,17,ISIC_0009202_A01_T3_S2_55ddd4619fc3c10470dbed20.png,S2,0.889965832233429,0.8885359423840168,val,M,0.8081978215579076,T3,115603
1.0,1.0,A05,0.00889617670327425,0.008524622860883164,0.6385255981493604,0.4543962536470166,0.9803388091346706,0,0.001496952947845805,0.0014619883040935672,cdfa7966292d334f35a671cfb33ac823ef2f659d99670c319a635c2b862fa168,3634.3956856677014,0.9241440323963445,0.9301791625556713,0.9485149268645495,537,0,1656,16097,7470,0,-0.024370894468205062,-0.01361711323261261,-0.012926069350807527,-0.006035130159326885,ISIC_0009202,0,30.878794251913632,0.008496266483499488,ISIC_0009202,0.8589849015335838,0.9020716994451936,1.0,0.7257522754702658,0.04577139392495155,0.042449869215488434,0.04199294057337466,0.032154280692338943,0.032404167471698164,0.04533023682250569,canonical_letterbox_valid,3d99874f14ae5f316eec36e21141043d75bd4fd17ccfb31e3174198dee269596,0.5190241942644547,abs_hard,0,0,P2-IMA-M-v2,2,5668a1c59fc3c14011cd7708,AbsHard-1,17,ISIC_0009202_A05_T1_S1_5668a1c59fc3c14011cd7708.png,S1,0.9173533916473389,0.9178641492158718,val,M,0.8589849015335838,T1,101325
1.0,1.0,A01,0.02283238247036934,0.022738235422438236,0.5333719906897795,0.30596537257141687,0.7570997667618165,0,0.0016795201877047115,0.0015305190058479531,cdfa7966292d334f35a671cfb33ac823ef2f659d99670c319a635c2b862fa168,3634.3956856677014,0.8911119553135508,0.8910060353681012,0.8617142724686057,37949,0,9635,746,604,0,0.02939768284494515,0.017999649047851562,0.018202295175487285,0.00010591994544961736,ISIC_0009350,0,97.0,0.026689443965201995,ISIC_0009350,0.8036085875247424,0.7570280920041135,1.0,0.6827050443041901,0.06668435782194138,0.06655292212963104,0.06709011124527252,0.08468400686979294,0.0853951048739481,0.06719280969846081,canonical_letterbox_valid,3d99874f14ae5f316eec36e21141043d75bd4fd17ccfb31e3174198dee269596,0.5181458597034477,abs_hard,0,0,P2-IMA-M-v2,2,55ddc9f89fc3c10470dbe94e,AbsHard-1,17,ISIC_0009350_A01_T3_S2_55ddc9f89fc3c10470dbe94e.png,S2,0.8894636631011963,0.8883526160255166,val,M,0.8036085875247424,T3,158335
1.0,1.0,A02,0.007066481281071901,0.007139946006802293,0.8199689700934883,0.4204126156308104,0.961320935341331,0,0.0016795201877047115,0.0015305190058479531,cdfa7966292d334f35a671cfb33ac823ef2f659d99670c319a635c2b862fa168,3634.3956856677014,0.9428280195605332,0.9425515719943751,0.9529210435896495,4787,0,3314,12937,6925,0,-0.010093024029116271,-0.005749991163611412,-0.005522045181178888,0.00027644756615807786,ISIC_0009350,0,30.0,0.008254467205732577,ISIC_0009350,0.8918397734762126,0.9100756325544943,1.0,0.6827050443041901,0.03514411672949791,0.035274941474199295,0.03626552961920423,0.029394125565886497,0.030602475875259293,0.03612452105643818,canonical_letterbox_valid,3d99874f14ae5f316eec36e21141043d75bd4fd17ccfb31e3174198dee269596,0.5181458597034477,abs_hard,0,0,P2-IMA-M-v2,2,5661d0ff9fc3c147bbd69ff6,AbsHard-1,17,ISIC_0009350_A02_T1_S1_5661d0ff9fc3c147bbd69ff6.png,S1,0.9367782473564148,0.9348909038939259,val,M,0.8918397734762126,T1,146144
1.0,1.0,A01,0.023541053757071495,0.02350573574897027,0.49192045573086257,0.28557507099406926,0.7319368376613501,0,0.0013578540984294952,0.0014848318713450292,cdfa7966292d334f35a671cfb33ac823ef2f659d99670c319a635c2b862fa168,3634.3956856677014,0.8930094230070296,0.9098659567089497,0.8803763922214661,43552,1024,5841,4726,532,881,0.012633030785563437,0.010208331048488617,0.010225678925988205,-0.016856533701920084,ISIC_0009354,0,90.4267659490264,0.024880825801556455,ISIC_0009354,0.8067001125093591,0.786314602608494,1.0,0.6819563012986627,0.06700969487428665,0.057738617062568665,0.058397979458114556,0.07721802592277527,0.07784947123653779,0.06762379231054959,canonical_letterbox_valid,3d99874f14ae5f316eec36e21141043d75bd4fd17ccfb31e3174198dee269596,0.5595257245871132,abs_hard,0,0,P2-IMA-M-v2,2,55ddc9c79fc3c10470dbe936,AbsHard-1,17,ISIC_0009354_A01_T3_S2_55ddc9c79fc3c10470dbe936.png,S2,0.8895216584205627,0.8882581511278711,val,M,0.8067001125093591,T3,201479
1.0,1.0,A02,0.0964498445391655,0.0962641912492652,0.0,0.0,0.04409643830651555,0,0.0013578540984294952,0.0014848318713450292,cdfa7966292d334f35a671cfb33ac823ef2f659d99670c319a635c2b862fa168,3634.3956856677014,0.7417459383919756,0.7705301784132608,0.7315527141720048,143589,1905,6373,0,0,0,0.010193224219970709,0.012043625116348267,0.012310064828839756,-0.028784240021285212,ISIC_0009354,0,139.9694592747232,0.0385124437129108,ISIC_0009354,0.589504108132215,0.5767308758869506,1.0,0.6819563012986627,0.17486727237701416,0.1505638062953949,0.15038147544619804,0.18691089749336243,0.18700804845717908,0.17469798362833933,canonical_letterbox_valid,3d99874f14ae5f316eec36e21141043d75bd4fd17ccfb31e3174198dee269596,0.5595257245871132,abs_hard,0,0,P2-IMA-M-v2,2,56683fea9fc3c14011cd73ae,AbsHard-1,17,ISIC_0009354_A02_T1_S1_56683fea9fc3c14011cd73ae.png,S1,0.7467153072357178,0.7468682239925866,val,M,0.0,T1,206205
1.0,1.0,A01,0.0909605547785759,0.08996227190395328,0.21884073793478392,0.11098548766456477,0.3131407872182153,0,0.004974260151591501,0.004888523391812866,cdfa7966292d334f35a671cfb33ac823ef2f659d99670c319a635c2b862fa168,3634.3956856677014,0.474011347158283,0.4779537149817296,0.41033713658504195,62903,0,14814,86543,14406,1105,0.06367421057324107,0.04613757133483887,0.04667825746283111,-0.003942367823446591,ISIC_0009645,0,618.4875676048554,0.17017617813158628,ISIC_0009645,0.3106257351754042,0.2581284032159777,1.0,1.6532759081358555,0.30790311098098755,0.3061727285385132,0.30549142541548846,0.3540406823158264,0.353894144080146,0.3072158866173149,canonical_letterbox_valid,3d99874f14ae5f316eec36e21141043d75bd4fd17ccfb31e3174198dee269596,0.4254016412360251,abs_hard,0,0,P2-IMA-M-v2,2,55dcb8c79fc3c10470dbd54f,AbsHard-1,17,ISIC_0009645_A01_T3_S2_55dcb8c79fc3c10470dbd54f.png,S2,0.4751543402671814,0.4755304986693235,val,M,0.0,T3,67339
1.0,1.0,A02,0.06663917750120163,0.06616762752139009,0.06498051905170706,0.028351559335763464,0.20131474217290793,0,0.004974260151591501,0.004888523391812866,cdfa7966292d334f35a671cfb33ac823ef2f659d99670c319a635c2b862fa168,3634.3956856677014,0.3821349147516679,0.37874146556939414,0.3755093736046978,11988,0,5958,114704,23262,1105,0.00662554114697006,0.006738543510437012,0.006574368448066914,0.0033934491822737445,ISIC_0009645,0,1174.1782223738387,0.32307385434234076,ISIC_0009645,0.23619702176403207,0.2311551494993494,1.0,1.6532759081358555,0.34251198172569275,0.34505754709243774,0.34538185740240696,0.34925052523612976,0.349322434975161,0.3427480665270941,canonical_letterbox_valid,3d99874f14ae5f316eec36e21141043d75bd4fd17ccfb31e3174198dee269596,0.4254016412360251,abs_hard,0,0,P2-IMA-M-v2,2,5666f58d9fc3c14011cd6e7d,AbsHard-1,17,ISIC_0009645_A02_T1_S1_5666f58d9fc3c14011cd6e7d.png,S1,0.38161522150039673,0.3806714944672018,val,M,0.0,T1,39178
1.0,1.0,A01,0.011461774818599224,0.010777991236200237,0.7738161146311259,0.5558928480882356,0.9292351290587746,0,0.0015256025438118398,0.0015854779411764706,cdfa7966292d334f35a671cfb33ac823ef2f659d99670c319a635c2b862fa168,5147.6254720016295,0.9314714447635638,0.9312018403687425,0.9141340677050711,32778,0,13701,8214,4930,0,0.017337377058492698,0.009824905544519424,0.010337198778303316,0.00026960439482126564,ISIC_0009674,0,68.47439247436581,0.013302131797817038,ISIC_0009674,0.8717328518725965,0.8418480039916988,1.0,0.5309948598198773,0.044167567044496536,0.04413500428199768,0.042839678872368656,0.05399247258901596,0.05324795170602664,0.042910752927723325,canonical_letterbox_valid,3d99874f14ae5f316eec36e21141043d75bd4fd17ccfb31e3174198dee269596,0.6166442676925182,abs_hard,0,0,P2-IMA-M-v2,2,55dcb75d9fc3c10470dbd453,AbsHard-1,17,ISIC_0009674_A01_T3_S2_55dcb75d9fc3c10470dbd453.png,S2,0.9231266379356384,0.9249564853807536,val,M,0.8717328518725965,T3,278591
1.0,1.0,A02,0.0066014183685183525,0.006218787252444369,0.8116919891627172,0.6457073144345405,1.0,0,0.0015256025438118398,0.0015854779411764706,cdfa7966292d334f35a671cfb33ac823ef2f659d99670c319a635c2b862fa168,5147.6254720016295,0.9568160801813069,0.9570006485418103,0.9425040053309892,17220,0,12951,7951,5680,0,0.014312074850317713,0.006867667660117149,0.006213535210885173,-0.00018456836050340097,ISIC_0009674,0,36.76955262170047,0.007143012408671373,ISIC_0009674,0.9172074664912425,0.8912601183193953,1.0,0.5309948598198773,0.030435068532824516,0.030535945668816566,0.030308581364758794,0.037302736192941666,0.03650917991354349,0.030295644702658314,canonical_letterbox_valid,3d99874f14ae5f316eec36e21141043d75bd4fd17ccfb31e3174198dee269596,0.6166442676925182,abs_hard,0,0,P2-IMA-M-v2,2,567418659fc3c16581746691,AbsHard-1,17,ISIC_0009674_A02_T1_S1_567418659fc3c16581746691.png,S1,0.9457312822341919,0.9456274978471277,val,M,0.9172074664912425,T1,278854
1.0,1.0,A01,0.017217086628079414,0.016948350868532375,0.3683685034270603,0.08314870826670777,0.7433333333333334,0,0.0004036938726312259,0.00045955882352941176,cdfa7966292d334f35a671cfb33ac823ef2f659d99670c319a635c2b862fa168,5147.6254720016295,0.6873375925600297,0.6688724664672201,0.7466075156576201,32006,4874,0,0,0,56,-0.05926992309759038,-0.03168840706348419,-0.029731649863663084,0.01846512609280959,ISIC_0009843,0,111.01529424199654,0.021566311466484522,ISIC_0009843,0.5236209924686691,0.5956693733083489,1.0,0.5000408951564086,0.1659439504146576,0.17379002273082733,0.17514869351718318,0.1342555433511734,0.13566836194423054,0.16540001180789363,canonical_letterbox_valid,3d99874f14ae5f316eec36e21141043d75bd4fd17ccfb31e3174198dee269596,0.30923924901428157,abs_hard,0,0,P2-IMA-M-v2,2,55dca8fc9fc3c10470dbcf2b,AbsHard-1,17,ISIC_0009843_A01_T3_S2_55dca8fc9fc3c10470dbcf2b.png,S2,0.6853291988372803,0.6861483272527451,val,M,0.0,T3,35180
1.0,1.0,A02,0.0035264312755316496,0.003530994776936224,0.8633522247308361,0.46092874989230637,1.0,0,0.0004036938726312259,0.00045955882352941176,cdfa7966292d334f35a671cfb33ac823ef2f659d99670c319a635c2b862fa168,5147.6254720016295,0.8637262002676127,0.8435676715683212,0.9271567640147701,11101,4869,0,0,0,61,-0.06343056374715739,-0.02750864252448082,-0.02797135545878003,0.020158528699291467,ISIC_0009843,0,28.0178514522438,0.00544286906742444,ISIC_0009843,0.7601391499751518,0.8642052565707133,1.0,0.5000408951564086,0.06916766613721848,0.07720530033111572,0.08175637929036922,0.041659023612737656,0.04366192874633215,0.07163328420511218,canonical_letterbox_valid,3d99874f14ae5f316eec36e21141043d75bd4fd17ccfb31e3174198dee269596,0.30923924901428157,abs_hard,0,0,P2-IMA-M-v2,2,5661d65d9fc3c147bbd6a116,AbsHard-1,17,ISIC_0009843_A02_T1_S1_5661d65d9fc3c147bbd6a116.png,S1,0.8651911020278931,0.8602644263667119,val,M,0.7601391499751518,T1,35180
1.0,1.0,A01,0.04332597181200981,0.04329862135287686,0.3687386628725584,0.15677223186310674,0.6135430625383012,0,0.0003830139308809944,0.00045687134502923974,cdfa7966292d334f35a671cfb33ac823ef2f659d99670c319a635c2b862fa168,3634.3956856677014,0.8446919964631173,0.8460836089863439,0.8515498963852937,45922,2013,110,448,25,187,-0.006857899922176336,-0.006507411599159241,-0.006743742481560566,-0.0013916125232266152,ISIC_0009848,0,100.84502222157323,0.027747397626311638,ISIC_0009848,0.7311400889435203,0.7414774866623028,1.0,0.6020158741026753,0.09913123399019241,0.0986148864030838,0.09980484209914085,0.09262382239103317,0.09358791248311177,0.10033165496467233,canonical_letterbox_valid,3d99874f14ae5f316eec36e21141043d75bd4fd17ccfb31e3174198dee269596,0.5455885661352495,abs_hard,0,0,P2-IMA-M-v2,2,55dca8c89fc3c10470dbcf01,AbsHard-1,17,ISIC_0009848_A01_T3_S2_55dca8c89fc3c10470dbcf01.png,S2,0.8450635075569153,0.8426353114235322,val,M,0.7311400889435203,T3,126099
1.0,1.0,A02,0.012597142718732357,0.011936164778331886,0.6460476676935948,0.26869587907839804,1.0,0,0.0003830139308809944,0.00045687134502923974,cdfa7966292d334f35a671cfb33ac823ef2f659d99670c319a635c2b862fa168,3634.3956856677014,0.925006983958949,0.9255517100902482,0.9311790220964041,19680,1936,135,722,0,264,-0.006172038137455149,-0.0035758838057518005,-0.0037474737453178433,-0.0005447261312991891,ISIC_0009848,0,26.92582403567252,0.0074086110496594925,ISIC_0009848,0.8604772032524773,0.8712207575892035,1.0,0.6020158741026753,0.04475492238998413,0.04450977221131325,0.04433538065344886,0.04117903858423233,0.0408996171645461,0.04464709090986394,canonical_letterbox_valid,3d99874f14ae5f316eec36e21141043d75bd4fd17ccfb31e3174198dee269596,0.5455885661352495,abs_hard,0,0,P2-IMA-M-v2,2,5661c1ee9fc3c147bbd69b94,AbsHard-1,17,ISIC_0009848_A02_T1_S1_5661c1ee9fc3c147bbd69b94.png,S1,0.9230872988700867,0.922641982958604,val,M,0.8604772032524773,T1,125825
1.0,1.0,A04,0.040429845452308655,0.03975297228291022,0.5114249899399873,0.2771198256382314,0.7351683004150241,0,0.027558644612630207,0.02764892578125,cdfa7966292d334f35a671cfb33ac823ef2f659d99670c319a635c2b862fa168,1280.0,0.9642182018084083,0.9645873632008723,0.9180372008682034,10979,0,18853,2820,2820,0,0.04618100094020494,0.04001077264547348,0.039996400462487355,-0.00036916139246401247,ISIC_0009942,0,24.166091947189145,0.01887975933374152,ISIC_0009942,0.9309086175214424,0.8484923895764876,1.0,1.1305365157288063,0.04671809822320938,0.045491065829992294,0.044936476425115446,0.08672887086868286,0.0861519351202839,0.04615553465779655,canonical_letterbox_valid,3d99874f14ae5f316eec36e21141043d75bd4fd17ccfb31e3174198dee269596,0.7136026327869773,abs_hard,0,0,P2-IMA-M-v2,2,5592f1f09fc3c13155145c90,AbsHard-1,17,ISIC_0009942_A04_T1_S1_5592f1f09fc3c13155145c90.png,S1,0.9469936490058899,0.9474419029673171,val,M,0.9309086175214424,T1,185922
1.0,1.0,A06,0.1437321901321411,0.1426353095709754,0.10370899690522854,0.07529457745867231,0.17535340220544116,0,0.027558644612630207,0.02764892578125,cdfa7966292d334f35a671cfb33ac823ef2f659d99670c319a635c2b862fa168,1280.0,0.8967629020806367,0.898198406451443,0.937812326485286,50,0,3138,35283,18535,0,-0.041049424404649315,-0.055060021579265594,-0.05543800977752325,-0.0014355043708063064,ISIC_0009942,0,38.617351636509504,0.03016980596602305,ISIC_0009942,0.8128469426670621,0.882906429691584,1.0,1.1305365157288063,0.1290782392024994,0.1255093216896057,0.12490938675586141,0.0740182176232338,0.073012156226865,0.12845016600438824,canonical_letterbox_valid,3d99874f14ae5f316eec36e21141043d75bd4fd17ccfb31e3174198dee269596,0.7136026327869773,abs_hard,0,0,P2-IMA-M-v2,2,568bb8989fc3c126c063ff6a,AbsHard-1,17,ISIC_0009942_A06_T1_S1_568bb8989fc3c126c063ff6a.png,S1,0.8855757117271423,0.8857349775621989,val,M,0.8128469426670621,T1,153459
1.0,1.0,A04,0.3305671215057373,0.330797942592772,0.010362434921906288,0.007667846913691617,0.026124137566417304,0,0.04869715372721354,0.048828125,cdfa7966292d334f35a671cfb33ac823ef2f659d99670c319a635c2b862fa168,1280.0,0.7704723344856064,0.7665649892929727,0.724070967553618,9,3,0,125617,1607,36687,0.046401366931988375,0.09778794646263123,0.09782428318818748,0.003907345192633693,ISIC_0010038,0,114.5294721894762,0.08947615014802827,ISIC_0010038,0.6266409094286352,0.5674852982734723,1.0,1.651338786182793,0.28242042660713196,0.28550297021865845,0.285725140072423,0.3802083730697632,0.38047524504235486,0.2826509618541674,canonical_letterbox_valid,3d99874f14ae5f316eec36e21141043d75bd4fd17ccfb31e3174198dee269596,0.4744846582820052,abs_hard,0,0,P2-IMA-M-v2,2,559452be9fc3c13155bcaf49,AbsHard-1,17,ISIC_0010038_A04_T3_S2_559452be9fc3c13155bcaf49.png,S2,0.7657262682914734,0.7654960188844373,val,M,0.0,T3,210849
1.0,1.0,A06,0.2232844978570938,0.2239189009528345,0.0972350896279738,0.04862494848602006,0.2071768932042708,0,0.04869715372721354,0.048828125,cdfa7966292d334f35a671cfb33ac823ef2f659d99670c319a635c2b862fa168,1280.0,0.8868283335727455,0.8908473775087482,0.9051979755279725,85873,24455,1607,2,0,12235,-0.018369641955227056,-0.021961748600006104,-0.021903279978391366,-0.00401904393600272,ISIC_0010038,0,83.81318462586614,0.06547905048895793,ISIC_0010038,0.7966680794338198,0.8268143055037808,1.0,1.651338786182793,0.17920416593551636,0.1758737564086914,0.1762973127993016,0.15724241733551025,0.1576932321287252,0.17959651210711658,canonical_letterbox_valid,3d99874f14ae5f316eec36e21141043d75bd4fd17ccfb31e3174198dee269596,0.4744846582820052,abs_hard,0,0,P2-IMA-M-v2,2,55ddf5f99fc3c10470dbf968,AbsHard-1,17,ISIC_0010038_A06_T1_S1_55ddf5f99fc3c10470dbf968.png,S1,0.8648761510848999,0.8647258767386014,val,M,0.7966680794338198,T1,336464
1.0,1.0,A04,0.10681623965501785,0.106078514699056,0.4562050356192904,0.3560882377052863,0.6357758258737383,0,0.014943440755208334,0.01507568359375,cdfa7966292d334f35a671cfb33ac823ef2f659d99670c319a635c2b862fa168,1280.0,0.9716613862630044,0.9720352444875192,0.9655319318680442,13879,1868,0,21309,0,9884,0.006129454394960154,0.013856947422027588,0.013467848904133786,-0.00037385822451485584,ISIC_0010139,0,40.311288741492746,0.03149319432929121,ISIC_0010139,0.9448846647233974,0.9333607886143875,1.0,0.7942690895586167,0.07543733716011047,0.07414443790912628,0.07364344602703865,0.08929428458213806,0.08845947691392984,0.07499162800979606,canonical_letterbox_valid,3d99874f14ae5f316eec36e21141043d75bd4fd17ccfb31e3174198dee269596,0.48042948984850564,abs_hard,0,0,P2-IMA-M-v2,2,55942a179fc3c131551461b7,AbsHard-1,17,ISIC_0010139_A04_T3_S2_55942a179fc3c131551461b7.png,S2,0.9559415578842163,0.9560952586794639,val,M,0.9448846647233974,T3,603255
1.0,1.0,A06,0.0929931178689003,0.09622453522856882,0.44139793870212113,0.40983044384511463,0.6223025418983892,0,0.014943440755208334,0.01507568359375,cdfa7966292d334f35a671cfb33ac823ef2f659d99670c319a635c2b862fa168,1280.0,0.9752271613405299,0.9764712413685792,0.9827902668501627,29900,10605,0,1742,0,1147,-0.007563105509632795,-0.006355777382850647,-0.006144055555298754,-0.0012440800280493214,ISIC_0010139,0,28.433253831902185,0.02221347955617358,ISIC_0010139,0.951652038920399,0.9661628618189749,1.0,0.7942690895586167,0.06651048362255096,0.0637914389371872,0.06584376528423422,0.06015470623970032,0.06233195518666907,0.06847601074196782,canonical_letterbox_valid,3d99874f14ae5f316eec36e21141043d75bd4fd17ccfb31e3174198dee269596,0.48042948984850564,abs_hard,0,0,P2-IMA-M-v2,2,55df16219fc3c10470dc0676,AbsHard-1,17,ISIC_0010139_A06_T1_S1_55df16219fc3c10470dc0676.png,S1,0.9599721431732178,0.9592725137446332,val,M,0.951652038920399,T1,622822
1.0,1.0,A04,0.20516586303710938,0.20492409090140665,0.17588020116719394,0.1310357983086412,0.2726082131033406,0,0.009324391682942709,0.0091552734375,cdfa7966292d334f35a671cfb33ac823ef2f659d99670c319a635c2b862fa168,1280.0,0.9376052834767775,0.9385978579828534,0.9340518754809165,64432,766,5195,2721,1166,206,0.003553407995861013,0.003421962261199951,0.003526351304757702,-0.0009925745060759272,ISIC_0010175,0,43.965895873961216,0.0343483561515322,ISIC_0010175,0.882539482637085,0.8762639137831648,1.0,0.4570734890686,0.13699278235435486,0.13887694478034973,0.13868174359134638,0.1404147446155548,0.14035471284686607,0.13682836154210837,canonical_letterbox_valid,3d99874f14ae5f316eec36e21141043d75bd4fd17ccfb31e3174198dee269596,0.558632556024701,abs_hard,0,0,P2-IMA-M-v2,4,55a9390c9fc3c156bd715c4b,AbsHard-1,17,ISIC_0010175_A04_T1_S1_55a9390c9fc3c156bd715c4b.png,S1,0.9311802983283997,0.9312673678171899,val,M,0.882539482637085,T1,504554
1.0,1.0,A06,0.08119907975196838,0.08010630120636285,0.4404708187533907,0.21958813583963058,0.737675905059011,0,0.009324391682942709,0.0091552734375,cdfa7966292d334f35a671cfb33ac823ef2f659d99670c319a635c2b862fa168,1280.0,0.973399511224207,0.9711963791802867,0.9782386212794588,2060,649,884,24335,5477,323,-0.0048391100552518385,-0.003475867211818695,-0.0033964346745595023,0.0022031320439203084,ISIC_0010175,0,24.755806348393794,0.01934047370968265,ISIC_0010175,0.9481775255971021,0.9574041861950371,1.0,0.4570734890686,0.06197117269039154,0.0638803243637085,0.06303543841339013,0.058495305478572845,0.05788127613180895,0.06127771080636845,canonical_letterbox_valid,3d99874f14ae5f316eec36e21141043d75bd4fd17ccfb31e3174198dee269596,0.558632556024701,abs_hard,0,0,P2-IMA-M-v2,4,57b711eb9fc3c1565f9bf373,AbsHard-1,17,ISIC_0010175_A06_T1_S1_57b711eb9fc3c1565f9bf373.png,S1,0.9572567343711853,0.957550879593626,val,M,0.9481775255971021,T1,482940
1.0,1.0,A03,0.34969913959503174,0.34800432160335665,0.08047470992363397,0.05020884754129485,0.1298045833986518,0,0.009324391682942709,0.0091552734375,cdfa7966292d334f35a671cfb33ac823ef2f659d99670c319a635c2b862fa168,1280.0,0.9104036256106033,0.9118195672715159,0.9071305797176936,91857,972,5216,6675,1145,0,0.003273045892909665,-0.004937872290611267,-0.004801200051784527,-0.001415941660912634,ISIC_0010175,0,74.0,0.0578125,ISIC_0010175,0.8355420842151646,0.8300448003050234,1.0,0.4570734890686,0.2206510305404663,0.22654348611831665,0.22554059409191915,0.21571315824985504,0.2149056834857728,0.21970688353755732,canonical_letterbox_valid,3d99874f14ae5f316eec36e21141043d75bd4fd17ccfb31e3174198dee269596,0.558632556024701,abs_hard,0,0,P2-IMA-M-v2,4,57be143a9fc3c1434763a352,AbsHard-1,17,ISIC_0010175_A03_T1_S1_57be143a9fc3c1434763a352.png,S1,0.9083970785140991,0.908590554528242,val,M,0.8355420842151646,T1,500600
1.0,1.0,A02,0.0810697004199028,0.0796485654740135,0.3256523937927766,0.19505636552138217,0.6784085625847507,0,0.009324391682942709,0.0091552734375,cdfa7966292d334f35a671cfb33ac823ef2f659d99670c319a635c2b862fa168,1280.0,0.9735599393607696,0.9737409480716613,0.9720433206809316,22540,897,4299,4755,2062,75,0.0015166186798379888,0.0040500350296497345,0.004264304750857123,-0.0001810087108917724,ISIC_0010175,0,21.204949268283652,0.016566366615846602,ISIC_0010175,0.9484820173079282,0.9456072811597718,1.0,0.4570734890686,0.061245229095220566,0.05994593724608421,0.05891301102079332,0.0652952641248703,0.06460115035090486,0.060336845600047734,canonical_letterbox_valid,3d99874f14ae5f316eec36e21141043d75bd4fd17ccfb31e3174198dee269596,0.558632556024701,abs_hard,0,0,P2-IMA-M-v2,4,57c0545f9fc3c158f2bd0e5d,AbsHard-1,17,ISIC_0010175_A02_T1_S1_57c0545f9fc3c158f2bd0e5d.png,S1,0.9585792422294617,0.958974874273918,val,M,0.9484820173079282,T1,502520
1.0,1.0,A04,0.15324313938617706,0.1497991713715314,0.398199602310759,0.3609186063750315,0.4733115053681566,0,0.008173624674479166,0.00823974609375,cdfa7966292d334f35a671cfb33ac823ef2f659d99670c319a635c2b862fa168,1280.0,0.9550619587960472,0.9526026872955763,0.9530927318773877,113,6,281,56329,1924,4217,0.001969226918659417,0.008370548486709595,0.008524172907873037,0.002459271500470872,ISIC_0010190,0,65.76359156311678,0.05137780590868498,ISIC_0010190,0.913989079865106,0.9103888767402872,1.0,0.418774759701706,0.10360226780176163,0.11108840256929398,0.10884755914398074,0.11197281628847122,0.11003547934879879,0.10151130644092575,canonical_letterbox_valid,3d99874f14ae5f316eec36e21141043d75bd4fd17ccfb31e3174198dee269596,0.5807067673193432,abs_hard,0,0,P2-IMA-M-v2,4,55a92e539fc3c156bd715bf1,AbsHard-1,17,ISIC_0010190_A04_T3_S1_55a92e539fc3c156bd715bf1.png,S1,0.9460386037826538,0.9467765584896799,val,M,0.913989079865106,T3,599777
1.0,1.0,A06,0.09426919370889664,0.10047125008823825,0.5484861487105716,0.5089770763390636,0.6462727805675151,0,0.008173624674479166,0.00823974609375,cdfa7966292d334f35a671cfb33ac823ef2f659d99670c319a635c2b862fa168,1280.0,0.9732349387512315,0.9756456831090693,0.9745950645276007,34355,4012,2114,1642,91,211,-0.0013601257763692365,0.0022768378257751465,0.0015136400372599002,-0.002410744357837835,ISIC_0010190,0,33.374329341154144,0.026073694797776676,ISIC_0010190,0.9478652668289737,0.9504489697805182,1.0,0.418774759701706,0.06610436737537384,0.061557043343782425,0.06511128078729242,0.06838120520114899,0.07121525670944504,0.06970161667218513,canonical_letterbox_valid,3d99874f14ae5f316eec36e21141043d75bd4fd17ccfb31e3174198dee269596,0.5807067673193432,abs_hard,0,0,P2-IMA-M-v2,4,568b330f9fc3c126c063febc,AbsHard-1,17,ISIC_0010190_A06_T1_S1_568b330f9fc3c126c063febc.png,S1,0.9620604515075684,0.961068016743868,val,M,0.9478652668289737,T1,654464
1.0,1.0,A03,0.25162193179130554,0.2592001242912451,0.33799995881716355,0.0842686343260222,0.4980927214095156,0,0.008173624674479166,0.00823974609375,cdfa7966292d334f35a671cfb33ac823ef2f659d99670c319a635c2b862fa168,1280.0,0.9395732344302596,0.9410776764887895,0.9415521517292829,54969,3317,1040,26070,1165,906,-0.0019789172990232196,-0.014671042561531067,-0.015417235550602176,-0.0015044420585298424,ISIC_0010190,0,72.44998274671983,0.056601549020874865,ISIC_0010190,0.8860331188693176,0.8895593233691982,1.0,0.418774759701706,0.15893758833408356,0.1584133356809616,0.16258726569560064,0.1442665457725525,0.1478470762667351,0.16326431181733728,canonical_letterbox_valid,3d99874f14ae5f316eec36e21141043d75bd4fd17ccfb31e3174198dee269596,0.5807067673193432,abs_hard,0,0,P2-IMA-M-v2,4,57be14769fc3c1434763a354,AbsHard-1,17,ISIC_0010190_A03_T1_S1_57be14769fc3c1434763a354.png,S1,0.9337467551231384,0.9326715006565706,val,M,0.8860331188693176,T1,630036
1.0,1.0,A02,0.10606804490089417,0.10322981776687368,0.3999503835811702,0.14573046581982144,0.7952211096308394,0,0.008173624674479166,0.00823974609375,cdfa7966292d334f35a671cfb33ac823ef2f659d99670c319a635c2b862fa168,1280.0,0.9778342723753769,0.9797553749328699,0.9789492361066544,19774,3416,1691,9539,514,807,-0.0011149637312775074,0.0016998648643493652,0.002028300404195882,-0.001921102557493004,ISIC_0010190,0,26.92582403567252,0.021035800027869155,ISIC_0010190,0.9566298751257619,0.9587664695277688,1.0,0.418774759701706,0.07235230505466461,0.06849285960197449,0.06688495304833617,0.07405216991901398,0.07277473552033309,0.07074643511613721,canonical_letterbox_valid,3d99874f14ae5f316eec36e21141043d75bd4fd17ccfb31e3174198dee269596,0.5807067673193432,abs_hard,0,0,P2-IMA-M-v2,4,57c054969fc3c158f2bd0e5f,AbsHard-1,17,ISIC_0010190_A02_T1_S1_57c054969fc3c158f2bd0e5f.png,S1,0.9613634347915649,0.9617369475345993,val,M,0.9566298751257619,T1,646567
1.0,1.0,A04,0.5083330273628235,0.5084306881441767,0.0,0.0,0.0,0,0.0695355733235677,0.06907145182291667,cdfa7966292d334f35a671cfb33ac823ef2f659d99670c319a635c2b862fa168,1280.0,0.49188140077298687,0.5006447205499338,0.5792307616309513,0,0,0,181690,54304,381,-0.08734936085796446,-0.10079675912857056,-0.10093482957884892,-0.008763319776946943,ISIC_0010197,0,285.3979676927805,0.22296716225998478,ISIC_0010197,0.3261556491811061,0.4076881354046424,1.0,1.399739671277633,0.5220160484313965,0.4977121651172638,0.4978460929780958,0.4212192893028259,0.42122165454859695,0.5221564841274459,canonical_letterbox_valid,3d99874f14ae5f316eec36e21141043d75bd4fd17ccfb31e3174198dee269596,0.5854507855538064,abs_hard,0,0,P2-IMA-M-v2,2,55a92d309fc3c156bd715bc7,AbsHard-1,17,ISIC_0010197_A04_T1_S2_55a92d309fc3c156bd715bc7.png,S2,0.46430090069770813,0.46411771988928496,val,M,0.0,T1,87942
1.0,1.0,A06,0.21335263550281525,0.21346261967968727,0.13688449334623812,0.08092785220499762,0.22339782135682057,0,0.0695355733235677,0.06907145182291667,cdfa7966292d334f35a671cfb33ac823ef2f659d99670c319a635c2b862fa168,1280.0,0.859678799578101,0.8621791061017954,0.8330973968214336,16868,0,29140,53642,25164,381,0.026581402756667427,0.05188283324241638,0.051913694188565895,-0.0025003065236943733,ISIC_0010197,0,179.37443990751126,0.14013628117774318,ISIC_0010197,0.753891797556719,0.7139391021599667,1.0,1.399739671277633,0.22565272450447083,0.22450384497642517,0.22458799272796565,0.2775355577468872,0.2776479355644035,0.22573424137583759,canonical_letterbox_valid,3d99874f14ae5f316eec36e21141043d75bd4fd17ccfb31e3174198dee269596,0.5854507855538064,abs_hard,0,0,P2-IMA-M-v2,2,55db09b69fc3c10470dba3c2,AbsHard-1,17,ISIC_0010197_A06_T1_S1_55db09b69fc3c10470dba3c2.png,S1,0.7620471715927124,0.7619941369280121,val,M,0.753891797556719,T1,215990
1.0,1.0,A04,0.12502305209636688,0.1262851197036678,0.028408969096968297,0.004808020652634167,0.32619135365701296,0,0.011347452799479166,0.01153564453125,cdfa7966292d334f35a671cfb33ac823ef2f659d99670c319a635c2b862fa168,1280.0,0.944124457842696,0.9463417576782919,0.9345173383444599,0,0,0,40851,704,8220,0.009607119498236116,0.01098218560218811,0.010868431347370519,-0.0022172998355958207,ISIC_0010201,0,27.018512172212592,0.021108212634541088,ISIC_0010201,0.8941626357910664,0.8770835715828663,1.0,0.583774526400965,0.09497075527906418,0.09264989197254181,0.09355126271203815,0.10595294088125229,0.10672350724903414,0.09585507590166362,canonical_letterbox_valid,3d99874f14ae5f316eec36e21141043d75bd4fd17ccfb31e3174198dee269596,0.4602030574472342,abs_hard,0,0,P2-IMA-M-v2,2,55a9297d9fc3c156bd715baf,AbsHard-1,17,ISIC_0010201_A04_T3_S1_55a9297d9fc3c156bd715baf.png,S1,0.9350815415382385,0.9345749679003406,val,M,0.8941626357910664,T3,345128
1.0,1.0,A06,0.05855434015393257,0.058977286691454994,0.4338262105252396,0.19209132096796006,0.7793317102675891,0,0.011347452799479166,0.01153564453125,cdfa7966292d334f35a671cfb33ac823ef2f659d99670c319a635c2b862fa168,1280.0,0.9731053393251581,0.9721472672058339,0.9724994215699095,18484,4120,704,2702,0,4100,0.0006059177552485417,0.005389172583818436,0.005290416055929635,0.0009580721193241937,ISIC_0010201,0,18.681541692269406,0.014594954447085473,ISIC_0010201,0.947619436141254,0.9464709237008736,1.0,0.583774526400965,0.04917445033788681,0.04906085878610611,0.04932149034806746,0.054563622921705246,0.05477432999384194,0.04948391393791231,canonical_letterbox_valid,3d99874f14ae5f316eec36e21141043d75bd4fd17ccfb31e3174198dee269596,0.4602030574472342,abs_hard,0,0,P2-IMA-M-v2,2,568b2c959fc3c126c063fe8f,AbsHard-1,17,ISIC_0010201_A06_T1_S1_568b2c959fc3c126c063fe8f.png,S1,0.9602054357528687,0.9600094588156304,val,M,0.947619436141254,T1,383277
1.0,1.0,A04,0.016046032309532166,0.016091297679957744,0.71798474336913,0.4914209135325276,0.8841590411308635,0,0.004061381022135417,0.004170735677083333,cdfa7966292d334f35a671cfb33ac823ef2f659d99670c319a635c2b862fa168,1280.0,0.9457168450332375,0.938052116059878,0.9344005568122499,1214,867,1,4543,27,2299,0.011316288220987625,0.010856226086616516,0.011037537421279844,0.007664728973359458,ISIC_0010220,0,16.55294535724685,0.0129319885603491,ISIC_0010220,0.8970235752870891,0.8768778576094056,1.0,1.1593889235914783,0.04298310726881027,0.04766121506690979,0.04774478805177476,0.05383933335542679,0.05409288751771774,0.0430553500964379,canonical_letterbox_valid,3d99874f14ae5f316eec36e21141043d75bd4fd17ccfb31e3174198dee269596,0.8797417678991606,abs_hard,0,0,P2-IMA-M-v2,2,55a926619fc3c156bd715b3d,AbsHard-1,17,ISIC_0010220_A04_T3_S2_55a926619fc3c156bd715b3d.png,S2,0.9300798177719116,0.929980597487082,val,M,0.8970235752870891,T3,50149
1.0,1.0,A06,0.01965738832950592,0.019843067539524643,0.5920896034579692,0.32069970845481055,0.8839100418339138,0,0.004061381022135417,0.004170735677083333,cdfa7966292d334f35a671cfb33ac823ef2f659d99670c319a635c2b862fa168,1280.0,0.9424422581154311,0.9513196279053757,0.9583376002730841,5611,2418,8,953,20,748,-0.01589534215765298,-0.003689900040626526,-0.0040121001357236175,-0.008877369789944578,ISIC_0010220,0,18.26467841486332,0.014269280011611967,ISIC_0010220,0.8911496940450724,0.9200078648555652,1.0,1.1593889235914783,0.04529131203889847,0.04020344093441963,0.04057258778996064,0.04160141199827194,0.04170000602211563,0.045712106157839244,canonical_letterbox_valid,3d99874f14ae5f316eec36e21141043d75bd4fd17ccfb31e3174198dee269596,0.8797417678991606,abs_hard,0,0,P2-IMA-M-v2,2,55db0e8c9fc3c10470dba44c,AbsHard-1,17,ISIC_0010220_A06_T3_S1_55db0e8c9fc3c10470dba44c.png,S1,0.929074764251709,0.9284188552238462,val,M,0.8911496940450724,T3,53739
1.0,1.0,A04,0.27491459250450134,0.2753778481828089,0.06223957123162476,0.03149552851736835,0.12120307916174948,0,0.014667510986328125,0.01470947265625,cdfa7966292d334f35a671cfb33ac823ef2f659d99670c319a635c2b862fa168,1280.0,0.8819637688163564,0.8809666829643081,0.8729133599005676,757,559,0,92053,1051,9925,0.009050408915788788,0.03297685086727142,0.03301704957491236,0.000997085852048274,ISIC_0010264,0,62.00524159461148,0.04844159499579022,ISIC_0010264,0.78885079411303,0.7744864758786943,1.0,0.7599293001031648,0.2026546150445938,0.2038566917181015,0.20421599603115734,0.23563146591186523,0.23602641872956678,0.20300936915465442,canonical_letterbox_valid,3d99874f14ae5f316eec36e21141043d75bd4fd17ccfb31e3174198dee269596,0.5123214839063136,abs_hard,0,0,P2-IMA-M-v2,2,55a9214d9fc3c156bd715a35,AbsHard-1,17,ISIC_0010264_A04_T3_S1_55a9214d9fc3c156bd715a35.png,S1,0.8696053624153137,0.8693591098735001,val,M,0.78885079411303,T3,346737
1.0,1.0,A06,0.11367562413215637,0.11299060428482254,0.18799007769199913,0.10690826727066817,0.43510001473839355,0,0.014667510986328125,0.01470947265625,cdfa7966292d334f35a671cfb33ac823ef2f659d99670c319a635c2b862fa168,1280.0,0.9564459513498919,0.957170879565997,0.9558168107578029,19193,4742,510,19036,541,5742,0.0006291405920889614,-0.0026164352893829346,-0.0026690262139100474,-0.0007249282161051473,ISIC_0010264,0,40.162171256046406,0.031376696293786255,ISIC_0010264,0.9165274693602165,0.9153727244464402,1.0,0.7599293001031648,0.09231509268283844,0.09119381010532379,0.09072398183464395,0.0896986573934555,0.08918582034504155,0.0918548465589516,canonical_letterbox_valid,3d99874f14ae5f316eec36e21141043d75bd4fd17ccfb31e3174198dee269596,0.5123214839063136,abs_hard,0,0,P2-IMA-M-v2,2,568b395b9fc3c126c063feec,AbsHard-1,17,ISIC_0010264_A06_T1_S1_568b395b9fc3c126c063feec.png,S1,0.9290454387664795,0.9292809111669194,val,M,0.9165274693602165,T1,419754
1.0,1.0,A04,0.08740046620368958,0.08582706356003174,0.12788461202819076,0.03531208245848444,0.42015445845698124,0,0.0040283203125,0.003926595052083333,cdfa7966292d334f35a671cfb33ac823ef2f659d99670c319a635c2b862fa168,1280.0,0.8597352000583351,0.8558377756872583,0.8961226239096456,13465,3166,0,0,0,2,-0.03638742385131044,-0.03924334794282913,-0.039137658102136846,0.003897424371076874,ISIC_0010268,0,41.97618372363071,0.032793893534086495,ISIC_0010268,0.7539785496336628,0.8117954433340032,1.0,1.5718622859317866,0.11497403681278229,0.11721488833427429,0.11597781644340568,0.07573068886995316,0.07463596955282359,0.11377362765496044,canonical_letterbox_valid,3d99874f14ae5f316eec36e21141043d75bd4fd17ccfb31e3174198dee269596,0.8834487011929274,abs_hard,0,0,P2-IMA-M-v2,2,5595ad909fc3c13155bcb0e8,AbsHard-1,17,ISIC_0010268_A04_T3_S2_5595ad909fc3c13155bcb0e8.png,S2,0.857452392578125,0.8582798082501109,val,M,0.7539785496336628,T3,41266
1.0,1.0,A06,0.10966023057699203,0.10867296724560042,0.0821387139542592,0.0,0.3259545891297991,0,0.0040283203125,0.003926595052083333,cdfa7966292d334f35a671cfb33ac823ef2f659d99670c319a635c2b862fa168,1280.0,0.8360464762908111,0.8321780668767151,0.8722383078961574,16185,3168,0,0,0,0,-0.036191831605346336,-0.04450731724500656,-0.04463172190552708,0.0038684094140959413,ISIC_0010268,0,39.33503388505718,0.03073049522270092,ISIC_0010268,0.7182816661154723,0.7734243094114985,1.0,1.5718622859317866,0.13727723062038422,0.13924948871135712,0.13886156447287398,0.09276991337537766,0.0922955070931259,0.13692722899865298,canonical_letterbox_valid,3d99874f14ae5f316eec36e21141043d75bd4fd17ccfb31e3174198dee269596,0.8834487011929274,abs_hard,0,0,P2-IMA-M-v2,2,55ddf13f9fc3c10470dbf746,AbsHard-1,17,ISIC_0010268_A06_T1_S1_55ddf13f9fc3c10470dbf746.png,S1,0.8351057767868042,0.8348185092482945,val,M,0.7182816661154723,T1,41266
1.0,1.0,A04,1.1930046081542969,1.1928584027286857,0.08868852295508721,0.014844905840166504,0.20249893824420712,0,0.03645451863606771,0.036478678385416664,cdfa7966292d334f35a671cfb33ac823ef2f659d99670c319a635c2b862fa168,1280.0,0.6894210894864203,0.6902670337013391,0.6713545975146593,0,0,0,330874,0,28669,0.018066491971761023,0.0247952938079834,0.024835069371240914,-0.0008459442149187923,ISIC_0010355,0,373.7583198944919,0.2919986874175718,ISIC_0010355,0.5260431737118793,0.5052925304666205,1.0,0.6871408570405558,0.7502734661102295,0.7265204787254333,0.7265069825487748,0.7750687599182129,0.7751280890581234,0.7502930196868824,canonical_letterbox_valid,3d99874f14ae5f316eec36e21141043d75bd4fd17ccfb31e3174198dee269596,0.5919183785983523,abs_hard,0,0,P2-IMA-M-v2,2,55a913d39fc3c156bd715939,AbsHard-1,17,ISIC_0010355_A04_T1_S2_55a913d39fc3c156bd715939.png,S2,0.6924577355384827,0.6922723633549209,val,M,0.0,T1,367236
1.0,1.0,A06,0.22039829194545746,0.21836657028415732,0.6136648466211514,0.37822338903422004,0.6410584409070598,0,0.03645451863606771,0.036478678385416664,cdfa7966292d334f35a671cfb33ac823ef2f659d99670c319a635c2b862fa168,1280.0,0.942002711533268,0.9423310778147116,0.9602291607448125,79527,27161,0,5730,0,1508,-0.018226449211544482,-0.033277690410614014,-0.033701939914545634,-0.000328366281443615,ISIC_0010355,0,101.53273147120348,0.07932244646187772,ISIC_0010355,0.8903640130292154,0.9235007604489537,1.0,0.6871408570405558,0.14996856451034546,0.15207377076148987,0.1510183605887379,0.11669087409973145,0.11498819802963643,0.14869013794418207,canonical_letterbox_valid,3d99874f14ae5f316eec36e21141043d75bd4fd17ccfb31e3174198dee269596,0.5919183785983523,abs_hard,0,0,P2-IMA-M-v2,2,55dba7829fc3c10470dbb095,AbsHard-1,17,ISIC_0010355_A06_T1_S1_55dba7829fc3c10470dbb095.png,S1,0.9204611778259277,0.9209862943957932,val,M,0.8903640130292154,T1,692380
1.0,1.0,A04,0.5917847752571106,0.5914362968006935,0.10072211254355863,0.06416355122775204,0.16630895240978114,0,0.053128560384114586,0.053080240885416664,cdfa7966292d334f35a671cfb33ac823ef2f659d99670c319a635c2b862fa168,1280.0,0.5539084988127927,0.5571003924936632,0.5268988333187132,1154,1154,0,267882,3243,37385,0.02700966549407946,0.035048604011535645,0.035131428923071306,-0.0031918936808704723,ISIC_0010415,0,559.0429815895843,0.43675232936686276,ISIC_0010415,0.3830383474061266,0.3576800054443991,1.0,0.3564817849627665,0.5540571212768555,0.5512866973876953,0.5510252413345584,0.5891057252883911,0.5889206911006295,0.5537892621775582,canonical_letterbox_valid,3d99874f14ae5f316eec36e21141043d75bd4fd17ccfb31e3174198dee269596,0.4909524655146062,abs_hard,0,0,P2-IMA-M-v2,2,55a8058c9fc3c156bd7157d1,AbsHard-1,17,ISIC_0010415_A04_T1_S2_55a8058c9fc3c156bd7157d1.png,S2,0.4836706221103668,0.48385777244557715,val,M,0.0,T1,167030
1.0,1.0,A06,0.5740759968757629,0.5772659308000947,0.0971665686258923,0.040429670462527795,0.18327115872716673,0,0.053128560384114586,0.053080240885416664,cdfa7966292d334f35a671cfb33ac823ef2f659d99670c319a635c2b862fa168,1280.0,0.8113804083091539,0.8068457543880752,0.8362412763972483,200256,31286,3243,1331,0,7253,-0.0248608680880944,-0.024066686630249023,-0.024465124193733756,0.004534653921078768,ISIC_0010415,0,236.03975936294088,0.18440606200229756,ISIC_0010415,0.6826241246410398,0.7185692871185718,1.0,0.3564817849627665,0.422329843044281,0.42543065547943115,0.4272590791411592,0.398263156414032,0.39972148047190664,0.4241866046656404,canonical_letterbox_valid,3d99874f14ae5f316eec36e21141043d75bd4fd17ccfb31e3174198dee269596,0.4909524655146062,abs_hard,0,0,P2-IMA-M-v2,2,55dba9df9fc3c10470dbb215,AbsHard-1,17,ISIC_0010415_A06_T1_S1_55dba9df9fc3c10470dbb215.png,S1,0.7294163107872009,0.7288927214688139,val,M,0.6826241246410398,T1,433581
1.0,1.0,A04,0.04457058385014534,0.04433135095641121,0.05056731184484315,0.0,0.3846780766096169,0,0.006908416748046875,0.006734212239583333,cdfa7966292d334f35a671cfb33ac823ef2f659d99670c319a635c2b862fa168,1280.0,0.8047256228062666,0.7996053012130182,0.8872234387978555,0,0,1,11405,5432,0,-0.0824978159915889,-0.052289433777332306,-0.05254466826657829,0.005120321593248378,ISIC_0010444,0,35.34755932847684,0.027615280725372532,ISIC_0010444,0.6732559805185504,0.7973060088894921,1.0,0.7748380764401352,0.12359274178743362,0.1290966272354126,0.12913702222292409,0.07130330801010132,0.07109234545717248,0.12363701372375077,canonical_letterbox_valid,3d99874f14ae5f316eec36e21141043d75bd4fd17ccfb31e3174198dee269596,0.7427164614232504,abs_hard,0,0,P2-IMA-M-v2,3,55a802779fc3c156bd715723,AbsHard-1,17,ISIC_0010444_A04_T3_S1_55a802779fc3c156bd715723.png,S1,0.7973850965499878,0.7970573235089097,val,M,0.6732559805185504,T3,23500
1.0,1.0,A03,0.12818904221057892,0.12731029357224496,0.0,0.0,0.0,0,0.006908416748046875,0.006734212239583333,cdfa7966292d334f35a671cfb33ac823ef2f659d99670c319a635c2b862fa168,1280.0,0.7238247309375194,0.7287543895889279,0.6476437432015206,26636,0,5433,0,0,0,0.0761809877359988,0.07357320189476013,0.07351412276903802,-0.004929658651408486,ISIC_0010444,0,47.43416490252569,0.037057941330098196,ISIC_0010444,0.5671828537072846,0.4789002453648787,1.0,0.7748380764401352,0.20040586590766907,0.1999494880437851,0.19897773075947223,0.2739790678024292,0.27301162968246084,0.19949750691342283,canonical_letterbox_valid,3d99874f14ae5f316eec36e21141043d75bd4fd17ccfb31e3174198dee269596,0.7427164614232504,abs_hard,0,0,P2-IMA-M-v2,3,57be15929fc3c1434763a35d,AbsHard-1,17,ISIC_0010444_A03_T1_S1_57be15929fc3c1434763a35d.png,S1,0.7273772954940796,0.7283152797453993,val,M,0.0,T1,34905
1.0,1.0,A02,0.011410337872803211,0.011466258574964276,0.7735573101488817,0.5090848653488385,0.928138788363308,0,0.006908416748046875,0.006734212239583333,cdfa7966292d334f35a671cfb33ac823ef2f659d99670c319a635c2b862fa168,1280.0,0.9400745685248661,0.9364329496187771,0.9537514529410802,346,0,2136,3640,3297,0,-0.013676884416214063,-0.010665901005268097,-0.010364615590779731,0.0036416189060890503,ISIC_0010444,0,16.1245154965971,0.012597277731716483,ISIC_0010444,0.8869251936115288,0.9115916630155849,1.0,0.7748380764401352,0.04585590213537216,0.04629780352115631,0.04661927442024018,0.035190001130104065,0.035800672692148795,0.04616528828292853,canonical_letterbox_valid,3d99874f14ae5f316eec36e21141043d75bd4fd17ccfb31e3174198dee269596,0.7427164614232504,abs_hard,0,0,P2-IMA-M-v2,3,57c05eef9fc3c158f2bd0e68,AbsHard-1,17,ISIC_0010444_A02_T3_S1_57c05eef9fc3c158f2bd0e68.png,S1,0.9196985363960266,0.9191356820091072,val,M,0.8869251936115288,T3,31265
1.0,1.0,A04,0.046217191964387894,0.04582582506108284,0.5156380593401518,0.2706846823753718,0.7713848595329348,0,0.026171366373697918,0.02593994140625,cdfa7966292d334f35a671cfb33ac823ef2f659d99670c319a635c2b862fa168,1280.0,0.9254033423928757,0.9336353740696066,0.8441594820878334,3027,1437,86,9873,283,18776,0.08124386030504227,0.13584226369857788,0.13594763029256304,-0.008232031676730922,ISIC_0010451,0,31.78049716414141,0.024828513409485477,ISIC_0010451,0.8611634289404294,0.7303425247738043,1.0,2.982201942915452,0.09376522153615952,0.08254964649677277,0.08211638576654215,0.229607492685318,0.2292788372956276,0.09333120700306455,canonical_letterbox_valid,3d99874f14ae5f316eec36e21141043d75bd4fd17ccfb31e3174198dee269596,0.475209075092112,abs_hard,0,0,P2-IMA-M-v2,2,55a7ff069fc3c156bd7156f9,AbsHard-1,17,ISIC_0010451_A04_T3_S1_55a7ff069fc3c156bd7156f9.png,S1,0.8586867451667786,0.8591634110549538,val,M,0.8611634289404294,T3,80015
1.0,1.0,A06,0.12842820584774017,0.12781063722127886,0.0,0.0,0.09284776357561957,0,0.026171366373697918,0.02593994140625,cdfa7966292d334f35a671cfb33ac823ef2f659d99670c319a635c2b862fa168,1280.0,0.8075356095282159,0.7913843968531469,0.8321957214796241,42847,11371,369,0,0,8842,-0.02466011195140816,0.059562355279922485,0.06002067980171455,0.016151212675069027,ISIC_0010451,0,73.58667981216848,0.05748959360325663,ISIC_0010451,0.6771989301992692,0.7126157497333606,1.0,2.982201942915452,0.1654529869556427,0.17833617329597473,0.17779264968502495,0.22501534223556519,0.22494179973607353,0.16492111993435898,canonical_letterbox_valid,3d99874f14ae5f316eec36e21141043d75bd4fd17ccfb31e3174198dee269596,0.475209075092112,abs_hard,0,0,P2-IMA-M-v2,2,568b3de39fc3c126c063ff13,AbsHard-1,17,ISIC_0010451_A06_T1_S1_568b3de39fc3c126c063ff13.png,S1,0.797522246837616,0.7979683973525609,val,M,0.6771989301992692,T1,89888
1.0,1.0,A04,0.060743868350982666,0.06095323186224407,0.5917529790032797,0.3562703368011611,0.8609091796953354,0,0.0164642333984375,0.016072591145833332,cdfa7966292d334f35a671cfb33ac823ef2f659d99670c319a635c2b862fa168,1280.0,0.9799088308468825,0.9794663819611398,0.9696544479532088,11716,163,10140,4023,2481,164,0.010254382893673752,0.006454259157180786,0.006556923940378649,0.0004424488857427411,ISIC_0010479,0,19.6468827043885,0.015349127112803515,ISIC_0010479,0.9606090715013302,0.9410963593980496,1.0,0.8083264157437523,0.05401116609573364,0.05133625864982605,0.05146750341609985,0.06046542525291443,0.06071917897098642,0.05416225503060777,canonical_letterbox_valid,3d99874f14ae5f316eec36e21141043d75bd4fd17ccfb31e3174198dee269596,0.507549731356207,abs_hard,0,0,P2-IMA-M-v2,2,55a7f9ce9fc3c156bd715651,AbsHard-1,17,ISIC_0010479_A04_T1_S1_55a7f9ce9fc3c156bd715651.png,S1,0.9527215361595154,0.9526287218010285,val,M,0.9606090715013302,T1,383820
1.0,1.0,A06,0.115461565554142,0.11480666344389696,0.14054882963104953,0.05367627777587761,0.36997553360900787,0,0.0164642333984375,0.016072591145833332,cdfa7966292d334f35a671cfb33ac823ef2f659d99670c319a635c2b862fa168,1280.0,0.9488738369485541,0.951645520075671,0.960654115850928,42,0,1558,37691,11063,327,-0.011780278902373875,-0.01878407597541809,-0.01866853344419825,-0.002771683127116953,ISIC_0010479,0,33.24154027718932,0.025969953341554157,ISIC_0010479,0.902721167356304,0.9242872180491,1.0,0.8083264157437523,0.09287954866886139,0.08698393404483795,0.08650388853750796,0.0740954726934433,0.07380182045707295,0.0924703539012712,canonical_letterbox_valid,3d99874f14ae5f316eec36e21141043d75bd4fd17ccfb31e3174198dee269596,0.507549731356207,abs_hard,0,0,P2-IMA-M-v2,2,568b3a509fc3c126c063fef5,AbsHard-1,17,ISIC_0010479_A06_T1_S1_568b3a509fc3c126c063fef5.png,S1,0.9297024607658386,0.9298659556413545,val,M,0.902721167356304,T1,350152
1.0,1.0,A04,0.061493147164583206,0.06103906002379484,0.5074687084498648,0.27064979625715874,0.7758414021121057,0,0.0147857666015625,0.015238444010416666,cdfa7966292d334f35a671cfb33ac823ef2f659d99670c319a635c2b862fa168,1280.0,0.9595458363118374,0.9652875123732985,0.9418726027815365,2961,1236,0,16450,0,10392,0.017673233530300925,0.021513991057872772,0.021334469560695707,-0.005741676061461032,ISIC_0010540,0,32.4730466157975,0.025369567668591796,ISIC_0010540,0.9222374899346604,0.8901315713565965,1.0,1.2466533134751356,0.05819781869649887,0.052015580236911774,0.05174826016705532,0.07971180975437164,0.07922256858996707,0.05788809902927136,canonical_letterbox_valid,3d99874f14ae5f316eec36e21141043d75bd4fd17ccfb31e3174198dee269596,0.7613030879133068,abs_hard,0,0,P2-IMA-M-v2,2,55a7e5a89fc3c156bd7154e3,AbsHard-1,17,ISIC_0010540_A04_T3_S2_55a7e5a89fc3c156bd7154e3.png,S2,0.9450975060462952,0.9452628619652521,val,M,0.9222374899346604,T3,230208
1.0,1.0,A06,0.27861881256103516,0.28054384969816926,0.0,0.0,0.0,0,0.0147857666015625,0.015238444010416666,cdfa7966292d334f35a671cfb33ac823ef2f659d99670c319a635c2b862fa168,1280.0,0.8732632219942611,0.8652200810473037,0.8959879557150514,71595,11628,0,0,0,0,-0.022724733720790313,-0.06316187977790833,-0.06353626520551081,0.00804314094695735,ISIC_0010540,0,62.96824596572466,0.04919394216072239,ISIC_0010540,0.7750374701888121,0.8115744392040295,1.0,1.2466533134751356,0.2018563151359558,0.22234603762626648,0.22347394026154985,0.13869443535804749,0.13943140943233756,0.20296767463784837,canonical_letterbox_valid,3d99874f14ae5f316eec36e21141043d75bd4fd17ccfb31e3174198dee269596,0.7613030879133068,abs_hard,0,0,P2-IMA-M-v2,2,55dc55e39fc3c10470dbb5bd,AbsHard-1,17,ISIC_0010540_A06_T1_S1_55dc55e39fc3c10470dbb5bd.png,S1,0.8749061822891235,0.8746085004224725,val,M,0.7750374701888121,T1,246658
1.0,1.0,A04,0.14300359785556793,0.14256866572709162,0.09918636187524216,0.039040493949568475,0.2581757720204053,0,0.048174540201822914,0.048095703125,cdfa7966292d334f35a671cfb33ac823ef2f659d99670c319a635c2b862fa168,1280.0,0.90328696280356,0.9127597770549124,0.8444578375554324,472,472,0,50133,158,37256,0.05882912524812767,0.06477868556976318,0.06441774455039467,-0.00947281425135238,ISIC_0010543,0,50.28319598215318,0.03928374686105717,ISIC_0010543,0.8236310978053651,0.7307892909497724,1.0,1.6623875735876725,0.14061090350151062,0.13073351979255676,0.13043408154273378,0.2053895890712738,0.20466594680976063,0.14024820225936596,canonical_letterbox_valid,3d99874f14ae5f316eec36e21141043d75bd4fd17ccfb31e3174198dee269596,0.6034495936025831,abs_hard,0,0,P2-IMA-M-v2,2,55a7e52b9fc3c156bd7154d1,AbsHard-1,17,ISIC_0010543_A04_T3_S2_55a7e52b9fc3c156bd7154d1.png,S2,0.8617817759513855,0.8620722612083597,val,M,0.8236310978053651,T3,236322
1.0,1.0,A06,0.17357288300991058,0.17346917571037937,0.0,0.0,0.05146426610589125,0,0.048174540201822914,0.048095703125,cdfa7966292d334f35a671cfb33ac823ef2f659d99670c319a635c2b862fa168,1280.0,0.8834223576433435,0.8726953440617989,0.932626129238196,75602,33632,158,0,0,4096,-0.04920377159485245,-0.022328048944473267,-0.02269738270422078,0.010727013581544598,ISIC_0010543,0,56.008912909980545,0.0437569632109223,ISIC_0010543,0.7911875754370168,0.87375769145685,1.0,1.6623875735876725,0.1509658396244049,0.1601828634738922,0.16010589764122973,0.12863779067993164,0.1281833417144792,0.15088072441869999,canonical_letterbox_valid,3d99874f14ae5f316eec36e21141043d75bd4fd17ccfb31e3174198dee269596,0.6034495936025831,abs_hard,0,0,P2-IMA-M-v2,2,55dc56419fc3c10470dbb5cf,AbsHard-1,17,ISIC_0010543_A06_T1_S1_55dc56419fc3c10470dbb5cf.png,S1,0.871641218662262,0.8717077268729794,val,M,0.7911875754370168,T1,286455
1.0,1.0,A04,0.24256162345409393,0.24407065404740272,0.07306802932926135,0.035974371456529326,0.1520015275544961,0,0.02040863037109375,0.020304361979166668,cdfa7966292d334f35a671cfb33ac823ef2f659d99670c319a635c2b862fa168,1280.0,0.8745388001451557,0.8763117802360022,0.8869264802760514,5888,0,1689,87113,13417,944,-0.01238768013089564,-0.013286888599395752,-0.013341783228453141,-0.0017729800908464766,ISIC_0010568,0,66.75327707311455,0.05215099771337074,ISIC_0010568,0.7770492667876501,0.7968265029753079,1.0,0.5356486095204809,0.19088757038116455,0.18942314386367798,0.1903535707152461,0.1776006817817688,0.1784727162007606,0.19181449942921375,canonical_letterbox_valid,3d99874f14ae5f316eec36e21141043d75bd4fd17ccfb31e3174198dee269596,0.5191860558967125,abs_hard,0,0,P2-IMA-M-v2,2,55a7df019fc3c156bd71543b,AbsHard-1,17,ISIC_0010568_A04_T3_S1_55a7df019fc3c156bd71543b.png,S1,0.860786497592926,0.8604416551889752,val,M,0.7770492667876501,T3,324136
1.0,1.0,A06,0.11638426780700684,0.11660048155819175,0.2745948864231553,0.1431861690554631,0.616800075088944,0,0.02040863037109375,0.020304361979166668,cdfa7966292d334f35a671cfb33ac823ef2f659d99670c319a635c2b862fa168,1280.0,0.9576891324843315,0.958887080789419,0.9579809166851004,15496,365,7029,19150,8077,579,-0.00029178420076891864,-0.004937589168548584,-0.004988665690747435,-0.0011979483050874595,ISIC_0010568,0,35.342608590662856,0.027611412961455355,ISIC_0010568,0.9188133428628338,0.9193506453236397,1.0,0.5356486095204809,0.09916266798973083,0.09428288042545319,0.09444792873987043,0.09422507882118225,0.09434027564008252,0.09932894133082995,canonical_letterbox_valid,3d99874f14ae5f316eec36e21141043d75bd4fd17ccfb31e3174198dee269596,0.5191860558967125,abs_hard,0,0,P2-IMA-M-v2,2,568bb8069fc3c126c063ff64,AbsHard-1,17,ISIC_0010568_A06_T1_S1_568bb8069fc3c126c063ff64.png,S1,0.9180589318275452,0.9179425988965318,val,M,0.9188133428628338,T1,392099
1.0,1.0,A04,0.06987687200307846,0.07011344834844473,0.4172924471795836,0.2502316016256182,0.7287086138150354,0,0.027507781982421875,0.02777099609375,cdfa7966292d334f35a671cfb33ac823ef2f659d99670c319a635c2b862fa168,1280.0,0.9682826393603863,0.968657722040446,0.9513347070806695,17028,216,16254,5255,5163,0,0.016947932279716804,0.02009262517094612,0.019886926683533875,-0.0003750826800597018,ISIC_0010596,0,27.662244165670913,0.0216111282544304,ISIC_0010596,0.9385154077082689,0.9071862237685898,1.0,0.8925407205921373,0.06100032851099968,0.059334564954042435,0.059517474334722285,0.0810929536819458,0.08104933710310022,0.06116241041956635,canonical_letterbox_valid,3d99874f14ae5f316eec36e21141043d75bd4fd17ccfb31e3174198dee269596,0.5415371121035166,abs_hard,0,0,P2-IMA-M-v2,3,55a7d8889fc3c156bd715393,AbsHard-1,17,ISIC_0010596_A04_T1_S1_55a7d8889fc3c156bd715393.png,S1,0.9478762149810791,0.947788627509312,val,M,0.9385154077082689,T1,340133
1.0,1.0,A03,0.23866398632526398,0.2385096778220215,0.10433233553498904,0.0665685607585623,0.21836456744677346,0,0.027507781982421875,0.02777099609375,cdfa7966292d334f35a671cfb33ac823ef2f659d99670c319a635c2b862fa168,1280.0,0.9021708869280166,0.9014312938409763,0.8711993095642028,74575,214,21297,272,120,2,0.03097157736381384,0.03833957016468048,0.03815250091792685,0.0007395930870403022,ISIC_0010596,0,64.6297145282261,0.05049196447517664,ISIC_0010596,0.8217771565590302,0.7717919708463837,1.0,0.8925407205921373,0.16944757103919983,0.17883962392807007,0.17865098102003982,0.2077871412038803,0.20743464471243764,0.1692821437945108,canonical_letterbox_valid,3d99874f14ae5f316eec36e21141043d75bd4fd17ccfb31e3174198dee269596,0.5415371121035166,abs_hard,0,0,P2-IMA-M-v2,3,57be15e29fc3c1434763a361,AbsHard-1,17,ISIC_0010596_A03_T1_S1_57be15e29fc3c1434763a361.png,S1,0.8997688293457031,0.8999453902329999,val,M,0.8217771565590302,T1,345116
1.0,1.0,A02,0.08022965490818024,0.07954878828370081,0.306798259076743,0.143235829466506,0.6484349527225302,0,0.027507781982421875,0.02777099609375,cdfa7966292d334f35a671cfb33ac823ef2f659d99670c319a635c2b862fa168,1280.0,0.9590986342168574,0.9594753313392075,0.9729402524996973,961,171,5879,26258,15538,45,-0.013841618282839918,-0.008517812937498093,-0.008530877951152198,-0.00037669712235011144,ISIC_0010596,0,28.442925306655784,0.02222103539582483,ISIC_0010596,0.9214116397044599,0.9473063810237686,1.0,0.8925407205921373,0.07003266364336014,0.06843121349811554,0.06793010486365289,0.061514850705862045,0.061030241874016296,0.0695611198251685,canonical_letterbox_valid,3d99874f14ae5f316eec36e21141043d75bd4fd17ccfb31e3174198dee269596,0.5415371121035166,abs_hard,0,0,P2-IMA-M-v2,3,57c05f519fc3c158f2bd0e6c,AbsHard-1,17,ISIC_0010596_A02_T1_S1_57c05f519fc3c158f2bd0e6c.png,S1,0.94016432762146,0.9404265486333638,val,M,0.9214116397044599,T1,319130
1.0,1.0,A04,1.0086520910263062,1.006452226955231,0.08807979749411236,0.08445000235455397,0.10361097901639904,0,0.07536061604817708,0.07513427734375,cdfa7966292d334f35a671cfb33ac823ef2f659d99670c319a635c2b862fa168,1280.0,0.611463284190557,0.6180851573839753,0.6501512843072037,0,0,0,385036,59118,148,-0.03868800011664675,-0.19439515471458435,-0.19397868651566808,-0.006621873193418337,ISIC_0010652,0,337.15886279967555,0.26340536156224653,ISIC_0010652,0.44036522565707337,0.4816475185321194,1.0,1.3753456425284105,0.6866388320922852,0.6597196459770203,0.658380853439244,0.4922436773777008,0.49127505699097074,0.6852537435066388,canonical_letterbox_valid,3d99874f14ae5f316eec36e21141043d75bd4fd17ccfb31e3174198dee269596,0.5701961017467736,abs_hard,0,0,P2-IMA-M-v2,2,55a6bfe49fc3c156bd715240,AbsHard-1,17,ISIC_0010652_A04_T3_S2_55a6bfe49fc3c156bd715240.png,S2,0.6353744268417358,0.6359447399419534,val,M,0.0,T3,302977
1.0,1.0,A06,0.24456697702407837,0.24584275395378405,0.34118244470098064,0.2811450299874729,0.43993295097409085,0,0.07536061604817708,0.07513427734375,cdfa7966292d334f35a671cfb33ac823ef2f659d99670c319a635c2b862fa168,1280.0,0.9389525213655908,0.931647426841435,0.8960517081020011,87079,148,57907,2111,1211,0,0.04290081326358974,0.08602991700172424,0.08598818598453373,0.007305094524155842,ISIC_0010652,0,79.73204117820275,0.0622906571704709,ISIC_0010652,0.8849297889798888,0.8116790565991412,1.0,1.3753456425284105,0.17043635249137878,0.18291988968849182,0.18370167377492236,0.256466269493103,0.2571857638278934,0.17119757784335965,canonical_letterbox_valid,3d99874f14ae5f316eec36e21141043d75bd4fd17ccfb31e3174198dee269596,0.5701961017467736,abs_hard,0,0,P2-IMA-M-v2,2,55dc59d89fc3c10470dbb85d,AbsHard-1,17,ISIC_0010652_A06_T1_S1_55dc59d89fc3c10470dbb85d.png,S1,0.9036942720413208,0.9034475982670648,val,M,0.8849297889798888,T1,685902
1.0,1.0,A04,0.1435394138097763,0.14399553871440365,0.08988829331357767,0.030489277076282496,0.20886723191115822,0,0.028420766194661457,0.0283203125,cdfa7966292d334f35a671cfb33ac823ef2f659d99670c319a635c2b862fa168,1280.0,0.8528471743305673,0.8556227327690448,0.9217036243455762,520,0,1015,39168,21336,0,-0.06885645001500884,-0.06930006295442581,-0.0693124507040127,-0.0027755584384774323,ISIC_0010657,0,50.01798382909454,0.03907654986648011,ISIC_0010657,0.7434468671014952,0.8547776336410194,1.0,0.9896613860483444,0.15223735570907593,0.14792802929878235,0.14825100488464135,0.08293729275465012,0.08323929040878697,0.15255174111279968,canonical_letterbox_valid,3d99874f14ae5f316eec36e21141043d75bd4fd17ccfb31e3174198dee269596,0.5816989788491024,abs_hard,0,0,P2-IMA-M-v2,2,55a6bf499fc3c156bd715222,AbsHard-1,17,ISIC_0010657_A04_T3_S2_55a6bf499fc3c156bd715222.png,S2,0.8390647172927856,0.8388920564888043,val,M,0.7434468671014952,T3,115009
1.0,1.0,A06,0.04166408255696297,0.041669245255758124,0.3137819040926872,0.13654819323065448,0.7432483834157474,0,0.028420766194661457,0.0283203125,cdfa7966292d334f35a671cfb33ac823ef2f659d99670c319a635c2b862fa168,1280.0,0.9515535416427495,0.9543916458637474,0.9585151801790286,1078,0,9681,13270,12670,0,-0.006961638536279069,-0.011065281927585602,-0.011307813224523136,-0.002838104220997839,ISIC_0010657,0,23.769728648009426,0.018570100506257365,ISIC_0010657,0.9075842968020353,0.9203352386295893,1.0,0.9896613860483444,0.059967316687107086,0.05669621750712395,0.056730309939769366,0.048902034759521484,0.04865355746021832,0.05996137068474146,canonical_letterbox_valid,3d99874f14ae5f316eec36e21141043d75bd4fd17ccfb31e3174198dee269596,0.5816989788491024,abs_hard,0,0,P2-IMA-M-v2,2,55dc5a289fc3c10470dbb87b,AbsHard-1,17,ISIC_0010657_A06_T1_S1_55dc5a289fc3c10470dbb87b.png,S1,0.9217294454574585,0.9217465038862752,val,M,0.9075842968020353,T1,140907
1.0,1.0,A04,0.15292593836784363,0.1517079034583279,0.0,0.0,0.005535279805352798,0,0.005708058675130208,0.005533854166666667,cdfa7966292d334f35a671cfb33ac823ef2f659d99670c319a635c2b862fa168,1280.0,0.8472133842925067,0.8468552465233881,0.8501265140037915,0,0,0,38657,2678,1811,-0.0029131297112847676,-0.0067237019538879395,-0.006713541071686119,0.00035813776911863826,ISIC_0010819,0,46.553190472266344,0.03636968005645808,ISIC_0010819,0.7349264579833373,0.7393217813586447,1.0,1.316680239328422,0.16047169268131256,0.16151192784309387,0.16067408048654055,0.15374799072742462,0.15289965234872394,0.15961319342041005,canonical_letterbox_valid,3d99874f14ae5f316eec36e21141043d75bd4fd17ccfb31e3174198dee269596,0.9360157241452756,abs_hard,0,0,P2-IMA-M-v2,2,55a69ef49fc3c156bd714e56,AbsHard-1,17,ISIC_0010819_A04_T3_S2_55a69ef49fc3c156bd714e56.png,S2,0.8319825530052185,0.8324815166175078,val,M,0.7349264579833373,T3,107178
1.0,1.0,A06,0.19676201045513153,0.1962975924167195,0.12589552078428765,0.05044134964429263,0.33118889252353434,0,0.005708058675130208,0.005533854166666667,cdfa7966292d334f35a671cfb33ac823ef2f659d99670c319a635c2b862fa168,1280.0,0.8516869728209935,0.852696700600503,0.850407988889313,50205,1807,2394,435,284,4,0.0012789839316804663,-0.008875876665115356,-0.009104658596858717,-0.0010097277795094728,ISIC_0010819,0,64.03124237432849,0.05002440810494413,ISIC_0010819,0.7416853703325852,0.7397476501838987,1.0,1.316680239328422,0.1752912998199463,0.17444059252738953,0.17418233922082565,0.16641542315483093,0.1659107189400572,0.17501537753691593,canonical_letterbox_valid,3d99874f14ae5f316eec36e21141043d75bd4fd17ccfb31e3174198dee269596,0.9360157241452756,abs_hard,0,0,P2-IMA-M-v2,2,55dc5fd79fc3c10470dbbc47,AbsHard-1,17,ISIC_0010819_A06_T1_S1_55dc5fd79fc3c10470dbbc47.png,S1,0.8461794257164001,0.8462668373428877,val,M,0.7416853703325852,T1,145400
1.0,1.0,A04,0.371370792388916,0.37164481351750606,0.10784923043176252,0.0614436958614052,0.22674504194452913,0,0.038899739583333336,0.038472493489583336,cdfa7966292d334f35a671cfb33ac823ef2f659d99670c319a635c2b862fa168,1280.0,0.8370600585870829,0.8420973611701441,0.8263769289992239,2654,2422,0,152479,6211,21959,0.010683129587858997,0.041866809129714966,0.04174479901769734,-0.005037302583061232,ISIC_0010938,0,162.60688792299052,0.12703663118983635,ISIC_0010938,0.7197792669930095,0.7041246456535255,1.0,0.6887082547043595,0.28056612610816956,0.27251097559928894,0.27262936567100593,0.3224329352378845,0.32245899519999277,0.28071419618229543,canonical_letterbox_valid,3d99874f14ae5f316eec36e21141043d75bd4fd17ccfb31e3174198dee269596,0.5921711375536325,abs_hard,0,0,P2-IMA-M-v2,2,55a56e639fc3c156bd714b8c,AbsHard-1,17,ISIC_0010938_A04_T1_S2_55a56e639fc3c156bd714b8c.png,S2,0.8102385401725769,0.8102164211529151,val,M,0.7197792669930095,T1,398477
1.0,1.0,A06,0.34578314423561096,0.34575166515406425,0.08934498093872796,0.03137560324325828,0.2227881574742997,0,0.038899739583333336,0.038472493489583336,cdfa7966292d334f35a671cfb33ac823ef2f659d99670c319a635c2b862fa168,1280.0,0.8957698099385455,0.8900243074106103,0.9010523613963038,127345,17642,6211,707,0,6739,-0.0052825514577583554,-0.010959774255752563,-0.012027620928271032,0.0057455025279351535,ISIC_0010938,0,114.87210029935864,0.08974382835887393,ISIC_0010938,0.8112165543025884,0.8199229242088053,1.0,0.6887082547043595,0.24242152273654938,0.2555997371673584,0.2559218326970995,0.23146174848079681,0.23045414673568446,0.2424817676639555,canonical_letterbox_valid,3d99874f14ae5f316eec36e21141043d75bd4fd17ccfb31e3174198dee269596,0.5921711375536325,abs_hard,0,0,P2-IMA-M-v2,2,55ddb5de9fc3c10470dbe07e,AbsHard-1,17,ISIC_0010938_A06_T1_S1_55ddb5de9fc3c10470dbe07e.png,S1,0.8609400987625122,0.8607881298261533,val,M,0.8112165543025884,T1,550249
1.0,1.0,A04,0.17928457260131836,0.18099301480024377,0.24089984657976804,0.22068774392052046,0.3878987064663658,0,0.01727294921875,0.017252604166666668,cdfa7966292d334f35a671cfb33ac823ef2f659d99670c319a635c2b862fa168,1280.0,0.9485331362883499,0.9475532095208117,0.9442146117096856,16170,351,1202,51601,3480,8551,0.004318524578664329,0.008306950330734253,0.00822493508834149,0.0009799267675382195,ISIC_0010968,0,59.07622195096772,0.046153298399193535,ISIC_0010968,0.9021046397411452,0.8943243789712785,1.0,0.720478961898118,0.12397149205207825,0.1256280541419983,0.12675334517317893,0.1322784423828125,0.13324628056725907,0.12502134547891758,canonical_letterbox_valid,3d99874f14ae5f316eec36e21141043d75bd4fd17ccfb31e3174198dee269596,0.6717686304420892,abs_hard,0,0,P2-IMA-M-v2,2,55a569289fc3c156bd714ad8,AbsHard-1,17,ISIC_0010968_A04_T1_S2_55a569289fc3c156bd714ad8.png,S2,0.9313415884971619,0.9309503238424086,val,M,0.9021046397411452,T1,624509
1.0,1.0,A06,0.17538464069366455,0.17557328520533855,0.4571227447594229,0.4158654026727162,0.49871817425957643,0,0.01727294921875,0.017252604166666668,cdfa7966292d334f35a671cfb33ac823ef2f659d99670c319a635c2b862fa168,1280.0,0.9485909006923846,0.9511778725689268,0.9489009420496717,69338,6798,4576,3560,106,2104,-0.00031004135728707194,0.008553296327590942,0.008017083706973516,-0.002586971876542221,ISIC_0010968,0,73.00684899377592,0.05703660077638743,ISIC_0010968,0.9022091413485582,0.9027702335687127,1.0,0.720478961898118,0.11995449662208557,0.11597549915313721,0.11606368584347655,0.1285077929496765,0.1280861608849253,0.12006907717795179,canonical_letterbox_valid,3d99874f14ae5f316eec36e21141043d75bd4fd17ccfb31e3174198dee269596,0.6717686304420892,abs_hard,0,0,P2-IMA-M-v2,2,55ddb8219fc3c10470dbe132,AbsHard-1,17,ISIC_0010968_A06_T1_S1_55ddb8219fc3c10470dbe132.png,S1,0.9354756474494934,0.935435130849435,val,M,0.9022091413485582,T1,672550
1.0,1.0,A04,0.018231652677059174,0.01815080745726402,0.4436811088653099,0.1682023132719075,0.781784424540428,0,0.000988006591796875,0.0010579427083333333,cdfa7966292d334f35a671cfb33ac823ef2f659d99670c319a635c2b862fa168,1280.0,0.86225614927905,0.8646686892171596,0.8670214279616403,3,2,17,4869,486,272,-0.004765278682590246,-0.009133860468864441,-0.009146299932351165,-0.002412539938109526,ISIC_0011005,0,16.97056274847714,0.013258252147247764,ISIC_0011005,0.7578649172506337,0.765258451800874,1.0,0.6200040512828944,0.09199966490268707,0.08838594704866409,0.0884819343342214,0.08286580443382263,0.08292040935116028,0.09206670928351145,canonical_letterbox_valid,3d99874f14ae5f316eec36e21141043d75bd4fd17ccfb31e3174198dee269596,0.5387049495086055,abs_hard,0,0,P2-IMA-M-v2,2,55a562639fc3c156bd7149fa,AbsHard-1,17,ISIC_0011005_A04_T3_S2_55a562639fc3c156bd7149fa.png,S2,0.8342323303222656,0.8340173888902411,val,M,0.7578649172506337,T3,15249
1.0,1.0,A06,0.0452122688293457,0.04488128955270904,0.14307408963132898,0.06666666666666667,0.2392461628132893,0,0.000988006591796875,0.0010579427083333333,cdfa7966292d334f35a671cfb33ac823ef2f659d99670c319a635c2b862fa168,1280.0,0.7629163189439344,0.7603899435608004,0.7571387751214401,12494,264,503,6,0,10,0.005777543822494291,0.013996481895446777,0.014333582025846892,0.0025263753831340496,ISIC_0011005,0,30.59411708155671,0.02390165396996618,ISIC_0011005,0.616705507175273,0.6091901170988904,1.0,0.6200040512828944,0.13866665959358215,0.14197370409965515,0.14121637515391283,0.15266314148902893,0.15228873793349826,0.13795515590765137,canonical_letterbox_valid,3d99874f14ae5f316eec36e21141043d75bd4fd17ccfb31e3174198dee269596,0.5387049495086055,abs_hard,0,0,P2-IMA-M-v2,2,55ddbb899fc3c10470dbe38a,AbsHard-1,17,ISIC_0011005_A06_T1_S1_55ddbb899fc3c10470dbe38a.png,S1,0.7678789496421814,0.7689709777374063,val,M,0.0,T1,20112
1.0,1.0,A04,0.07699820399284363,0.077617235405396,0.042658815842342636,0.013881748071979432,0.2897419925908927,0,0.0033518473307291665,0.0035400390625,cdfa7966292d334f35a671cfb33ac823ef2f659d99670c319a635c2b862fa168,1280.0,0.9070012470766244,0.9098450982430606,0.9099793792995893,43,7,0,26878,1784,845,-0.0029781322229648355,-0.0024232491850852966,-0.0023970766661350618,-0.002843851166436151,ISIC_0011100,0,27.459060435491963,0.021452390965228097,ISIC_0011100,0.8298282542873217,0.8348276739158083,1.0,0.586398151335143,0.09421081840991974,0.09119227528572083,0.09161606376667049,0.09178756922483444,0.09231586521563187,0.09471294188176693,canonical_letterbox_valid,3d99874f14ae5f316eec36e21141043d75bd4fd17ccfb31e3174198dee269596,0.5588365047919606,abs_hard,0,0,P2-IMA-M-v2,2,55a027079fc3c156bd7147c0,AbsHard-1,17,ISIC_0011100_A04_T3_S1_55a027079fc3c156bd7147c0.png,S1,0.8885765671730042,0.8881913516418621,val,M,0.8298282542873217,T3,131278
1.0,1.0,A06,0.05277290940284729,0.05246540538433687,0.23591223272539352,0.14219008456380156,0.5309953963254793,0,0.0033518473307291665,0.0035400390625,cdfa7966292d334f35a671cfb33ac823ef2f659d99670c319a635c2b862fa168,1280.0,0.9384167183894563,0.9356925055981705,0.9356728280906137,20578,817,1715,159,69,35,0.0027438902988425884,3.3117830753326416e-05,3.207981497135859e-05,0.0027242127912857628,ISIC_0011100,0,29.50420407513118,0.023050159433696236,ISIC_0011100,0.8839784260409324,0.8791214325685507,1.0,0.586398151335143,0.06576566398143768,0.06674519181251526,0.06645557188377367,0.06579878181219101,0.0655238363186362,0.06549175650366484,canonical_letterbox_valid,3d99874f14ae5f316eec36e21141043d75bd4fd17ccfb31e3174198dee269596,0.5588365047919606,abs_hard,0,0,P2-IMA-M-v2,2,568bb4659fc3c126c063ff40,AbsHard-1,17,ISIC_0011100_A06_T1_S1_568bb4659fc3c126c063ff40.png,S1,0.9212415814399719,0.9214818923770072,val,M,0.8839784260409324,T1,157997
1.0,1.0,A04,0.2837865650653839,0.28467117821629956,0.022362699601710088,0.018320792314784524,0.043891234169356835,0,0.021870930989583332,0.021464029947916668,cdfa7966292d334f35a671cfb33ac823ef2f659d99670c319a635c2b862fa168,1280.0,0.873037328502142,0.8788220482271234,0.8704332055698872,107622,7605,9575,20,20,0,0.00260412293225476,0.0032616853713989258,0.002883206540622768,-0.005784719724981402,ISIC_0011107,0,96.317184344228,0.07524780026892812,ISIC_0011107,0.7746816736545309,0.770590291660474,1.0,1.4004165712137222,0.2118699699640274,0.20616331696510315,0.20662543633067595,0.21513165533542633,0.21522750732997603,0.21234430078935326,canonical_letterbox_valid,3d99874f14ae5f316eec36e21141043d75bd4fd17ccfb31e3174198dee269596,0.48494783887691667,abs_hard,0,0,P2-IMA-M-v2,3,55a020ea9fc3c156bd714796,AbsHard-1,17,ISIC_0011107_A04_T1_S1_55a020ea9fc3c156bd714796.png,S1,0.8600466251373291,0.859982576637593,val,M,0.7746816736545309,T1,370091
1.0,1.0,A03,0.5866315364837646,0.5877490300334547,0.0,0.0,0.0,0,0.021870930989583332,0.021464029947916668,cdfa7966292d334f35a671cfb33ac823ef2f659d99670c319a635c2b862fa168,1280.0,0.8070075214528756,0.8127480530076665,0.8044136430036285,177021,7605,9595,0,0,0,0.002593878449247078,-0.019772648811340332,-0.020271316335695122,-0.005740531554790929,ISIC_0011107,0,132.61221663180206,0.10360329424359535,ISIC_0011107,0.6764565040977314,0.6728193562065461,1.0,1.4004165712137222,0.38966184854507446,0.3871057629585266,0.38764135710986286,0.36988919973373413,0.3699636077605166,0.39023492409621174,canonical_letterbox_valid,3d99874f14ae5f316eec36e21141043d75bd4fd17ccfb31e3174198dee269596,0.48494783887691667,abs_hard,0,0,P2-IMA-M-v2,3,57be16e99fc3c1434763a366,AbsHard-1,17,ISIC_0011107_A03_T1_S1_57be16e99fc3c1434763a366.png,S1,0.8073078393936157,0.8072791818410312,val,M,0.6764565040977314,T1,370111
1.0,1.0,A02,0.2378055304288864,0.23812695087191546,0.0029604567561852405,0.0,0.042440586336910044,0,0.021870930989583332,0.021464029947916668,cdfa7966292d334f35a671cfb33ac823ef2f659d99670c319a635c2b862fa168,1280.0,0.8794368539859807,0.8853102637286012,0.8767812697240714,101478,7605,9595,0,0,0,0.0026555842619092607,0.01194886863231659,0.01172631977434796,-0.005873409742620517,ISIC_0011107,0,73.89037843497314,0.05772685815232277,ISIC_0011107,0.7848168638369427,0.780597087718331,1.0,1.4004165712137222,0.18437433242797852,0.1791001856327057,0.17923551990790765,0.1963232010602951,0.19625925697001373,0.18453293719566577,canonical_letterbox_valid,3d99874f14ae5f316eec36e21141043d75bd4fd17ccfb31e3174198dee269596,0.48494783887691667,abs_hard,0,0,P2-IMA-M-v2,3,57c060a19fc3c158f2bd0e71,AbsHard-1,17,ISIC_0011107_A02_T1_S1_57c060a19fc3c158f2bd0e71.png,S1,0.8690568804740906,0.869061076480584,val,M,0.7848168638369427,T1,370111
1.0,1.0,A04,0.1768176406621933,0.17678287532570713,0.0,0.0,0.009454029780193808,0,0.0023663838704427085,0.0022989908854166665,cdfa7966292d334f35a671cfb33ac823ef2f659d99670c319a635c2b862fa168,1280.0,0.8541983104917504,0.8521100661425837,0.8450854982058098,33501,24,1837,0,0,0,0.00911281228594063,-0.004223883152008057,-0.004251270960237918,0.002088244349166768,ISIC_0011110,0,43.60045871318328,0.03406285836967444,ISIC_0011110,0.7455027500075967,0.7317299219058616,1.0,0.7991736721884938,0.16064059734344482,0.16535282135009766,0.16539696863103953,0.15641671419143677,0.15644495260788321,0.16069622356812113,canonical_letterbox_valid,3d99874f14ae5f316eec36e21141043d75bd4fd17ccfb31e3174198dee269596,0.8062895643847886,abs_hard,0,0,P2-IMA-M-v2,4,55a0206a9fc3c156bd714784,AbsHard-1,17,ISIC_0011110_A04_T1_S1_55a0206a9fc3c156bd714784.png,S1,0.8555364608764648,0.8553904281894649,val,M,0.7455027500075967,T1,98135
1.0,1.0,A06,0.02544572949409485,0.02554140779007563,0.5677017756227815,0.21094878190581576,0.9121040324905862,0,0.0023663838704427085,0.0022989908854166665,cdfa7966292d334f35a671cfb33ac823ef2f659d99670c319a635c2b862fa168,1280.0,0.9582153112851869,0.9562506728783534,0.9492143423782096,8525,24,1806,31,31,0,0.009000968906977325,0.00654587522149086,0.006518972161131446,0.0019646384068334743,ISIC_0011110,0,17.0,0.01328125,ISIC_0011110,0.9197824864054004,0.90333774113984,1.0,0.7991736721884938,0.03521059453487396,0.03679165989160538,0.03694898755891964,0.04175646975636482,0.04191104027548608,0.035392068114354636,canonical_letterbox_valid,3d99874f14ae5f316eec36e21141043d75bd4fd17ccfb31e3174198dee269596,0.8062895643847886,abs_hard,0,0,P2-IMA-M-v2,4,568b368b9fc3c126c063fed4,AbsHard-1,17,ISIC_0011110_A06_T3_S1_568b368b9fc3c126c063fed4.png,S1,0.9550245404243469,0.9547572715613664,val,M,0.9197824864054004,T3,98104
1.0,1.0,A03,0.2973702847957611,0.2962310356127,0.0,0.0,0.056055759713221055,0,0.0023663838704427085,0.0022989908854166665,cdfa7966292d334f35a671cfb33ac823ef2f659d99670c319a635c2b862fa168,1280.0,0.8067293899075593,0.8046756947046398,0.797770397303274,47021,24,1837,0,0,0,0.008958992604285232,-0.014344796538352966,-0.014194699144032263,0.0020536952029194255,ISIC_0011110,0,66.91623686760114,0.052278310052813394,ISIC_0011110,0.676065749951776,0.6635757392047177,1.0,0.7991736721884938,0.24484913051128387,0.2518550157546997,0.2510723928514893,0.2305043339729309,0.22988033461497967,0.24407503375901193,canonical_letterbox_valid,3d99874f14ae5f316eec36e21141043d75bd4fd17ccfb31e3174198dee269596,0.8062895643847886,abs_hard,0,0,P2-IMA-M-v2,4,57be16f99fc3c1434763a367,AbsHard-1,17,ISIC_0011110_A03_T1_S1_57be16f99fc3c1434763a367.png,S1,0.8076720237731934,0.8080809680946761,val,M,0.676065749951776,T1,98135
1.0,1.0,A02,0.103363536298275,0.10212968597772785,0.019764080931177253,0.0,0.21958064584197903,0,0.0023663838704427085,0.0022989908854166665,cdfa7966292d334f35a671cfb33ac823ef2f659d99670c319a635c2b862fa168,1280.0,0.8949922023912666,0.8928819444444445,0.8857806285490953,23028,24,1837,0,0,0,0.009211573842171306,0.0016721487045288086,0.0017107032568193514,0.0021102579468221805,ISIC_0011110,0,32.32258093859647,0.02525201635827849,ISIC_0011110,0.8099419789869845,0.7949786651040334,1.0,0.7991736721884938,0.1040993481874466,0.10765735805034637,0.10675651215032606,0.1057714968919754,0.10494103144116071,0.10323032818434136,canonical_letterbox_valid,3d99874f14ae5f316eec36e21141043d75bd4fd17ccfb31e3174198dee269596,0.8062895643847886,abs_hard,0,0,P2-IMA-M-v2,4,57c060b29fc3c158f2bd0e72,AbsHard-1,17,ISIC_0011110_A02_T1_S1_57c060b29fc3c158f2bd0e72.png,S1,0.8951648473739624,0.8956690296090452,val,M,0.8099419789869845,T1,98135
1.0,1.0,A04,0.13156454265117645,0.13279997296274734,0.6653996910492707,0.1978650243621026,0.7151462161203725,0,0.041652679443359375,0.041707356770833336,cdfa7966292d334f35a671cfb33ac823ef2f659d99670c319a635c2b862fa168,1280.0,0.9601079838204845,0.9632212408438192,0.9646587295001612,36588,18798,6,16432,27,13926,-0.0045507456796767265,0.009037546813488007,0.008917037527266136,-0.003113257023334759,ISIC_0011121,0,82.01097397793778,0.06407107342026389,ISIC_0011121,0.9232766180356383,0.9317302004530799,1.0,1.1210374836447496,0.0933385118842125,0.0881204754114151,0.08899235034807504,0.1023760586977005,0.10303546103812193,0.0941184235108558,canonical_letterbox_valid,3d99874f14ae5f316eec36e21141043d75bd4fd17ccfb31e3174198dee269596,0.6725287429103934,abs_hard,0,0,P2-IMA-M-v2,2,55a01ee49fc3c156bd714742,AbsHard-1,17,ISIC_0011121_A04_T1_S1_55a01ee49fc3c156bd714742.png,S1,0.9448875188827515,0.9445631259410358,val,M,0.9232766180356383,T1,638034
1.0,1.0,A06,0.2916974127292633,0.28978722065407575,0.6375146052007419,0.5651545796012712,0.7122277682806025,0,0.041652679443359375,0.041707356770833336,cdfa7966292d334f35a671cfb33ac823ef2f659d99670c319a635c2b862fa168,1280.0,0.9366985656571017,0.9425242610460751,0.955067596924431,86813,28450,33,1448,0,4274,-0.01836903126732925,-0.04343007504940033,-0.04273204618256363,-0.005825695388973373,ISIC_0011121,0,188.87066458605975,0.14755520670785918,ISIC_0011121,0.880934169185961,0.9139994071514701,1.0,1.1210374836447496,0.18412621319293976,0.1695840209722519,0.16872363858651127,0.14069613814353943,0.14039080395447023,0.18312285013703386,canonical_letterbox_valid,3d99874f14ae5f316eec36e21141043d75bd4fd17ccfb31e3174198dee269596,0.6725287429103934,abs_hard,0,0,P2-IMA-M-v2,2,568b3a1a9fc3c126c063fef2,AbsHard-1,17,ISIC_0011121_A06_T1_S1_568b3a1a9fc3c126c063fef2.png,S1,0.9234449863433838,0.923541520380008,val,M,0.880934169185961,T1,653018
1.0,1.0,A04,0.09077280014753342,0.09064773088511187,0.4096242734462929,0.1544738100004494,0.7222680425352415,0,0.07411575317382812,0.0740966796875,cdfa7966292d334f35a671cfb33ac823ef2f659d99670c319a635c2b862fa168,1280.0,0.960290511644052,0.9629126578764332,0.9016292273512713,9360,5532,483,17409,1131,51141,0.058661284292780724,0.1045566201210022,0.10431821151411433,-0.0026221462323812172,ISIC_0011155,0,43.829214001622255,0.03424157343876739,ISIC_0011155,0.9236142618670548,0.8208787504213957,1.0,2.6021927340158673,0.08545765280723572,0.08138124644756317,0.08132569132984982,0.19001427292823792,0.189669129903485,0.08535091838937067,canonical_letterbox_valid,3d99874f14ae5f316eec36e21141043d75bd4fd17ccfb31e3174198dee269596,0.6046149014279351,abs_hard,0,0,P2-IMA-M-v2,2,55a009329fc3c156bd714651,AbsHard-1,17,ISIC_0011155_A04_T1_S2_55a009329fc3c156bd714651.png,S2,0.9198575019836426,0.9199458941063705,val,M,0.9236142618670548,T1,323676
1.0,1.0,A03,0.130141019821167,0.12937863938883024,0.2746572479693375,0.14581218307459579,0.5006531918628623,0,0.07411575317382812,0.0740966796875,cdfa7966292d334f35a671cfb33ac823ef2f659d99670c319a635c2b862fa168,1280.0,0.9275314691650555,0.9321390045405512,0.8617434003726715,8107,2745,442,39084,1172,53928,0.06578806879238397,0.10659106075763702,0.10652671522144387,-0.0046075353754957415,ISIC_0011155,0,66.07416084443159,0.05162043815971218,ISIC_0011155,0.8648565831977824,0.7570730542259198,1.0,2.6021927340158673,0.11548402905464172,0.10988977551460266,0.10938530275334968,0.22207508981227875,0.22145828335918563,0.11493156813774176,canonical_letterbox_valid,3d99874f14ae5f316eec36e21141043d75bd4fd17ccfb31e3174198dee269596,0.6046149014279351,abs_hard,0,0,P2-IMA-M-v2,2,5abbd5e11165976359dad0bc,AbsHard-1,17,ISIC_0011155_A03_T1_S1_5abbd5e11165976359dad0bc.png,S1,0.8991729617118835,0.8995155031133467,val,M,0.8648565831977824,T1,302001
1.0,1.0,A04,0.06384149938821793,0.06310737824999453,0.2138905580065701,0.08899872572112598,0.4196588685178058,0,0.035161336263020836,0.03521728515625,cdfa7966292d334f35a671cfb33ac823ef2f659d99670c319a635c2b862fa168,1280.0,0.935281147871245,0.9389954815589735,0.8645417601746831,20072,0,24594,3058,3058,0,0.07073938769656196,0.06482012569904327,0.06510873953995744,-0.003714333687728444,ISIC_0011169,0,25.847556123433186,0.020193403221432177,ISIC_0011169,0.8784301564692711,0.7614033963130933,1.0,1.0648610940600216,0.07575775682926178,0.07166332751512527,0.07099520199145552,0.14057788252830505,0.1402258273931474,0.07511708785318996,canonical_letterbox_valid,3d99874f14ae5f316eec36e21141043d75bd4fd17ccfb31e3174198dee269596,0.5117915426402536,abs_hard,0,0,P2-IMA-M-v2,2,55a007d89fc3c156bd7145fd,AbsHard-1,17,ISIC_0011169_A04_T1_S1_55a007d89fc3c156bd7145fd.png,S1,0.9123259782791138,0.9128732025436146,val,M,0.8784301564692711,T1,167131
1.0,1.0,A06,0.0424981452524662,0.042580081547682495,0.6564238787838275,0.42679558011049723,0.8118009510414573,0,0.035161336263020836,0.03521728515625,cdfa7966292d334f35a671cfb33ac823ef2f659d99670c319a635c2b862fa168,1280.0,0.9656969020823389,0.9672847235324723,0.8904944866148128,9667,0,25389,2263,2263,0,0.07520241546752615,0.049791499972343445,0.04986121247487352,-0.0015878214501333643,ISIC_0011169,0,25.495097567963924,0.019918044974971814,ISIC_0011169,0.9336691575482609,0.8026048323976733,1.0,1.0648610940600216,0.05702812969684601,0.053855545818805695,0.0539560610622625,0.10681962966918945,0.10694199045870986,0.057080777983836345,canonical_letterbox_valid,3d99874f14ae5f316eec36e21141043d75bd4fd17ccfb31e3174198dee269596,0.5117915426402536,abs_hard,0,0,P2-IMA-M-v2,2,568b39019fc3c126c063fee9,AbsHard-1,17,ISIC_0011169_A06_T1_S1_568b39019fc3c126c063fee9.png,S1,0.9284418821334839,0.9284185255800098,val,M,0.9336691575482609,T1,167926
1.0,1.0,A04,0.0198093019425869,0.019589594911525066,0.7177864862468244,0.47292220228567877,0.9396434525485694,0,0.008237202962239584,0.008015950520833334,cdfa7966292d334f35a671cfb33ac823ef2f659d99670c319a635c2b862fa168,1280.0,0.9698969340071372,0.9694037572719538,0.9621031983350478,3447,0,3956,3040,2522,0,0.007793735672089408,0.004602175205945969,0.0043570415319338154,0.0004931767351833427,ISIC_0011321,0,13.92838827718412,0.010881553341550092,ISIC_0011321,0.9415532930894676,0.9269738540399012,1.0,0.6989944087291908,0.03304678201675415,0.03293894603848457,0.03286938432281762,0.03764895722270012,0.03721964528079092,0.032862603748857105,canonical_letterbox_valid,3d99874f14ae5f316eec36e21141043d75bd4fd17ccfb31e3174198dee269596,0.7634799903215171,abs_hard,0,0,P2-IMA-M-v2,4,55a967a49fc3c156bd715e61,AbsHard-1,17,ISIC_0011321_A04_T3_S1_55a967a49fc3c156bd715e61.png,S1,0.9537157416343689,0.9538643874138109,val,M,0.9415532930894676,T3,104503
1.0,1.0,A06,0.01744958385825157,0.01761164762393495,0.798748225695935,0.5569463339655354,0.9898697539797395,0,0.008237202962239584,0.008015950520833334,cdfa7966292d334f35a671cfb33ac823ef2f659d99670c319a635c2b862fa168,1280.0,0.9737935713679925,0.9700359493907279,0.972851866251944,1357,0,3251,4205,3227,0,0.000941705116048519,-0.00048874132335186,-0.0013634906193385546,0.0037576219772645914,ISIC_0011321,0,10.44030650891055,0.008156489460086368,ISIC_0011321,0.9489256198347108,0.9471388150237052,1.0,0.6989944087291908,0.03052581660449505,0.03227169066667557,0.03286676573616082,0.03003707528114319,0.029504786737565944,0.0308682773569045,canonical_letterbox_valid,3d99874f14ae5f316eec36e21141043d75bd4fd17ccfb31e3174198dee269596,0.7634799903215171,abs_hard,0,0,P2-IMA-M-v2,4,57b712229fc3c1565f9bf379,AbsHard-1,17,ISIC_0011321_A06_T3_S1_57b712229fc3c1565f9bf379.png,S1,0.9563979506492615,0.955875092910126,val,M,0.9489256198347108,T3,103338
1.0,1.0,A03,0.22952787578105927,0.22840906297989028,0.0,0.0,0.05687451385583431,0,0.008237202962239584,0.008015950520833334,cdfa7966292d334f35a671cfb33ac823ef2f659d99670c319a635c2b862fa168,1280.0,0.8165166521777093,0.8252220476238926,0.7866786538543868,48333,0,6478,0,0,0,0.029837998323322457,0.035010963678359985,0.03489948482389835,-0.008705395446183317,ISIC_0011321,0,68.22351514185341,0.053299621204572975,ISIC_0011321,0.689926608329698,0.6483679334855911,1.0,0.6989944087291908,0.2047884166240692,0.1958887279033661,0.19518045756854968,0.2397993803024292,0.23898360644483677,0.20408412162093842,canonical_letterbox_valid,3d99874f14ae5f316eec36e21141043d75bd4fd17ccfb31e3174198dee269596,0.7634799903215171,abs_hard,0,0,P2-IMA-M-v2,4,57be17d99fc3c1434763a36f,AbsHard-1,17,ISIC_0011321_A03_T1_S1_57be17d99fc3c1434763a36f.png,S1,0.819951057434082,0.8202408197380134,val,M,0.689926608329698,T1,107543
1.0,1.0,A02,0.03225214406847954,0.032149887788342955,0.5916141924122194,0.3700796950216574,0.7821491344868808,0,0.008237202962239584,0.008015950520833334,cdfa7966292d334f35a671cfb33ac823ef2f659d99670c319a635c2b862fa168,1280.0,0.9536390804910457,0.9554393803857755,0.9403777957398695,7823,0,4508,2400,1970,0,0.013261284751176272,0.010355211794376373,0.010053041050997427,-0.00180029989472974,ISIC_0011321,0,23.021728866442675,0.01798572567690834,ISIC_0011321,0.9113863703344139,0.8874651663197997,1.0,0.6989944087291908,0.045378245413303375,0.043351221829652786,0.04341413977645099,0.05573345720767975,0.055409413311893224,0.0453563722608958,canonical_letterbox_valid,3d99874f14ae5f316eec36e21141043d75bd4fd17ccfb31e3174198dee269596,0.7634799903215171,abs_hard,0,0,P2-IMA-M-v2,4,57c0616a9fc3c158f2bd0e7a,AbsHard-1,17,ISIC_0011321_A02_T3_S1_57c0616a9fc3c158f2bd0e7a.png,S1,0.9414956569671631,0.9414371432665514,val,M,0.9113863703344139,T3,105143
1.0,1.0,A04,0.19892553985118866,0.19773173015359402,0.21130781356127692,0.12008111248222958,0.33628308892332576,0,0.019513448079427082,0.019510904947916668,cdfa7966292d334f35a671cfb33ac823ef2f659d99670c319a635c2b862fa168,1280.0,0.9124603606655982,0.9112755168808134,0.8995159360732354,65410,2469,11995,3575,598,284,0.01294442459236278,0.02167576551437378,0.02168709542281816,0.0011848437847847837,ISIC_0011348,0,82.09384353153797,0.06413581525901405,ISIC_0011348,0.8390134277993251,0.8173820644558617,1.0,1.0451845987632526,0.1556234061717987,0.15650025010108948,0.15573491063604783,0.17729917168617249,0.17655020850019165,0.1548631130773735,canonical_letterbox_valid,3d99874f14ae5f316eec36e21141043d75bd4fd17ccfb31e3174198dee269596,0.6131589464822783,abs_hard,0,0,P2-IMA-M-v2,2,55a94ccc9fc3c156bd715dcb,AbsHard-1,17,ISIC_0011348_A04_T1_S2_55a94ccc9fc3c156bd715dcb.png,S2,0.8876787424087524,0.888005503998847,val,M,0.8390134277993251,T1,359529
1.0,1.0,A06,0.9513790607452393,0.9518845324913032,0.0456556638866048,0.038871562624875414,0.05289086276332619,0,0.019513448079427082,0.019510904947916668,cdfa7966292d334f35a671cfb33ac823ef2f659d99670c319a635c2b862fa168,1280.0,0.7560062389501238,0.7548850802332998,0.7432614682856115,234273,2753,12530,63,63,0,0.012744770664512295,-0.01368945837020874,-0.01370870892621412,0.0011211587168239445,ISIC_0011348,0,165.07892034627207,0.12896790652052506,ISIC_0011348,0.6077251049169955,0.5914209276862755,1.0,1.0451845987632526,0.5923952460289001,0.6074581146240234,0.6077939211780726,0.5787057876586914,0.5789635345066838,0.5926722434328979,canonical_letterbox_valid,3d99874f14ae5f316eec36e21141043d75bd4fd17ccfb31e3174198dee269596,0.6131589464822783,abs_hard,0,0,P2-IMA-M-v2,2,55bb81f39fc3c10459c3492b,AbsHard-1,17,ISIC_0011348_A06_T1_S1_55bb81f39fc3c10459c3492b.png,S1,0.766588568687439,0.7665400456255075,val,M,0.0,T1,363041
1.0,1.0,A04,0.1432439237833023,0.1436115662046296,0.20372124503012445,0.14817490025790606,0.3356609141466439,0,0.13462448120117188,0.13456217447916666,cdfa7966292d334f35a671cfb33ac823ef2f659d99670c319a635c2b862fa168,1280.0,0.9420296698935481,0.937382114232257,0.9421572562702174,52522,49938,0,5175,0,55935,-0.0001275863766693197,0.02406235784292221,0.023946846460075263,0.004647555661291047,ISIC_0011349,0,51.35172830587107,0.040118537738961776,ISIC_0011349,0.8904121817846838,0.8906401843324302,1.0,1.6470327497179185,0.10796565562486649,0.11331740021705627,0.11352927131114059,0.1320280134677887,0.13214012607977527,0.1081932796197,canonical_letterbox_valid,3d99874f14ae5f316eec36e21141043d75bd4fd17ccfb31e3174198dee269596,0.5404029428976408,abs_hard,0,0,P2-IMA-M-v2,4,55a94c809fc3c156bd715db9,AbsHard-1,17,ISIC_0011349_A04_T1_S1_55a94c809fc3c156bd715db9.png,S1,0.9273126125335693,0.9272250069652296,val,M,0.8904121817846838,T1,468794
1.0,1.0,A06,0.1543024480342865,0.15475577208988373,0.38460686648767267,0.2540146566670408,0.5956751602682661,0,0.13462448120117188,0.13456217447916666,cdfa7966292d334f35a671cfb33ac823ef2f659d99670c319a635c2b862fa168,1280.0,0.9482892873273806,0.946796997802668,0.9179406364946596,40632,33743,0,9972,0,72130,0.03034865083272098,0.048907890915870667,0.04882400666852241,0.0014922895247125867,ISIC_0011349,0,59.02583134985965,0.046113930742077855,ISIC_0011349,0.9016636189980198,0.8483274277309363,1.0,1.6470327497179185,0.11436571180820465,0.11606386303901672,0.11629222644184718,0.16327360272407532,0.16345277985642315,0.11462877318790074,canonical_letterbox_valid,3d99874f14ae5f316eec36e21141043d75bd4fd17ccfb31e3174198dee269596,0.5404029428976408,abs_hard,0,0,P2-IMA-M-v2,4,57bda5d99fc3c11f2f681074,AbsHard-1,17,ISIC_0011349_A06_T1_S1_57bda5d99fc3c11f2f681074.png,S1,0.9255710244178772,0.9254982257140822,val,M,0.9016636189980198,T1,463997
1.0,1.0,A03,0.32677754759788513,0.3275472361043403,0.09911239639615572,0.06231081057159547,0.1802192887418748,0,0.13462448120117188,0.13456217447916666,cdfa7966292d334f35a671cfb33ac823ef2f659d99670c319a635c2b862fa168,1280.0,0.8839542885321597,0.8774128317261883,0.9551848606437762,123515,88698,0,737,0,17175,-0.07123057211161643,-0.10549100488424301,-0.10650449561696033,0.006541456805971402,ISIC_0011349,0,98.59513172565875,0.07702744666067089,ISIC_0011349,0.7920412931559674,0.9142142228455127,1.0,1.6470327497179185,0.220119908452034,0.23693041503429413,0.2374669555569559,0.11462890356779099,0.11404467577214826,0.2205491713891086,canonical_letterbox_valid,3d99874f14ae5f316eec36e21141043d75bd4fd17ccfb31e3174198dee269596,0.5404029428976408,abs_hard,0,0,P2-IMA-M-v2,4,57be18ea9fc3c1434763a373,AbsHard-1,17,ISIC_0011349_A03_T1_S1_57be18ea9fc3c1434763a373.png,S1,0.8865377306938171,0.8864488933261231,val,M,0.7920412931559674,T1,473232
1.0,1.0,A02,0.16978204250335693,0.17115822164937192,0.3447912955657457,0.18602444662016898,0.5434814045330763,0,0.13462448120117188,0.13456217447916666,cdfa7966292d334f35a671cfb33ac823ef2f659d99670c319a635c2b862fa168,1280.0,0.9446940746650989,0.9423245272590978,0.9095292393499944,41196,30981,0,12801,0,74892,0.0351648353151045,0.051822662353515625,0.05146920316398844,0.002369547406001149,ISIC_0011349,0,76.49964752601105,0.05976534962969613,ISIC_0011349,0.8951850378034222,0.8340702677876883,1.0,1.6470327497179185,0.12357437610626221,0.12615829706192017,0.12697458070923356,0.17539703845977783,0.17588060115276183,0.12441139798877339,canonical_letterbox_valid,3d99874f14ae5f316eec36e21141043d75bd4fd17ccfb31e3174198dee269596,0.5404029428976408,abs_hard,0,0,P2-IMA-M-v2,4,57c061f79fc3c158f2bd0e7e,AbsHard-1,17,ISIC_0011349_A02_T1_S1_57c061f79fc3c158f2bd0e7e.png,S1,0.9226332902908325,0.9223354256718251,val,M,0.8951850378034222,T1,461168
1.0,1.0,A04,0.13022269308567047,0.12905288068811296,0.3909985320619774,0.1998406099296884,0.6453135733307811,0,0.03349177042643229,0.033223470052083336,cdfa7966292d334f35a671cfb33ac823ef2f659d99670c319a635c2b862fa168,1280.0,0.9650530808714142,0.9688907420913165,0.9757561464446292,41723,19721,0,3145,0,6618,-0.010703065573214987,-0.012770868837833405,-0.012603177059973672,-0.0038376612199023663,ISIC_0011350,0,44.92602904151962,0.0350984601886872,ISIC_0011350,0.9324662579642041,0.9526599969895544,1.0,0.6140656897821808,0.09268233925104141,0.08760978281497955,0.08684112860824136,0.07991147041320801,0.07938240958311293,0.0919855866430866,canonical_letterbox_valid,3d99874f14ae5f316eec36e21141043d75bd4fd17ccfb31e3174198dee269596,0.621010307343074,abs_hard,0,0,P2-IMA-M-v2,2,55a94c999fc3c156bd715dbf,AbsHard-1,17,ISIC_0011350_A04_T1_S1_55a94c999fc3c156bd715dbf.png,S1,0.9448580145835876,0.9450817074019398,val,M,0.9324662579642041,T1,619511
1.0,1.0,A06,0.2091670036315918,0.20767954193667618,0.36652879898015683,0.19764647707798308,0.5341055058850158,0,0.03349177042643229,0.033223470052083336,cdfa7966292d334f35a671cfb33ac823ef2f659d99670c319a635c2b862fa168,1280.0,0.9431909940131415,0.9480902826383208,0.9613261645272307,72309,24586,0,2407,0,1753,-0.018135170514089194,-0.030243784189224243,-0.02988757767456257,-0.004899288625179299,ISIC_0011350,0,86.57852512455594,0.06763947275355933,ISIC_0011350,0.8924895498334449,0.9255322813534314,1.0,0.6140656897821808,0.13941863179206848,0.13669174909591675,0.1357314969474271,0.10917484760284424,0.10864758434523714,0.1385351620197997,canonical_letterbox_valid,3d99874f14ae5f316eec36e21141043d75bd4fd17ccfb31e3174198dee269596,0.621010307343074,abs_hard,0,0,P2-IMA-M-v2,2,568b26fc9fc3c126c063fe71,AbsHard-1,17,ISIC_0011350_A06_T1_S1_568b26fc9fc3c126c063fe71.png,S1,0.9303297400474548,0.9306092178970767,val,M,0.8924895498334449,T1,620249
1.0,1.0,A04,0.8819012641906738,0.8822494694887936,0.0,0.0,0.0,0,0.017462412516276043,0.018412272135416668,cdfa7966292d334f35a671cfb33ac823ef2f659d99670c319a635c2b862fa168,1280.0,0.4760143426773152,0.47821876453348455,0.4813258827525748,0,0,0,453890,11646,2087,-0.005311540075259635,-0.012888431549072266,-0.012962974255465332,-0.0022044218561693696,ISIC_0011355,0,384.72093751081945,0.3005632324303277,ISIC_0011355,0.31234830878498554,0.3169382274223327,1.0,0.3077180304295971,0.7039139270782471,0.691846489906311,0.6920216170790159,0.6910254955291748,0.6911338033644183,0.7040967776198837,canonical_letterbox_valid,3d99874f14ae5f316eec36e21141043d75bd4fd17ccfb31e3174198dee269596,0.5310428254072674,abs_hard,0,0,P2-IMA-M-v2,2,55a948cf9fc3c156bd715d95,AbsHard-1,17,ISIC_0011355_A04_T1_S2_55a948cf9fc3c156bd715d95.png,S2,0.4740734398365021,0.4740559142490261,val,M,0.0,T1,206168
1.0,1.0,A11,0.3780367374420166,0.37785309418871815,0.12389901426972275,0.07280035334384108,0.2441520729378345,0,0.017462412516276043,0.018412272135416668,cdfa7966292d334f35a671cfb33ac823ef2f659d99670c319a635c2b862fa168,1280.0,0.9065411849409072,0.9072165779517949,0.908199283357289,20338,379,3688,95970,7958,1708,-0.0016580984163817591,0.01811310648918152,0.018075296540677244,-0.0006753930108877038,ISIC_0011355,0,93.33003999173977,0.0729140937435467,ISIC_0011355,0.8290583718893115,0.831836130452454,1.0,0.3077180304295971,0.28920939564704895,0.29561135172843933,0.295522869932053,0.30732250213623047,0.30718292905630884,0.2891076325156316,canonical_letterbox_valid,3d99874f14ae5f316eec36e21141043d75bd4fd17ccfb31e3174198dee269596,0.5310428254072674,abs_hard,0,0,P2-IMA-M-v2,2,55c0f4a89fc3c10459c34980,AbsHard-1,17,ISIC_0011355_A11_T1_S1_55c0f4a89fc3c10459c34980.png,S1,0.7996179461479187,0.799637829157455,val,M,0.8290583718893115,T1,564088
1.0,1.0,A01,0.05730094015598297,0.05728169054997105,0.3473464217779622,0.13480752524717504,0.6636490150679589,0,0.007982551628646452,0.008159208579881656,cdfa7966292d334f35a671cfb33ac823ef2f659d99670c319a635c2b862fa168,8032.73459041191,0.9336996929871046,0.9251408009729547,0.9301361018573433,2423,938,1408,723848,96425,137853,0.0035635911297613454,0.002978220582008362,0.003024864344487066,0.008558892014149944,ISIC_0011512,0,178.7281224390381,0.02224997233848269,ISIC_0011513,0.875644212841639,0.8693966620166466,1.0,1.595364845044938,0.07193080335855484,0.07882805168628693,0.07896908029668645,0.0749090239405632,0.07506624265707137,0.07204137831258431,canonical_letterbox_valid,3d99874f14ae5f316eec36e21141043d75bd4fd17ccfb31e3174198dee269596,0.5800358057602905,abs_hard,0,0,P2-IMA-M-v2,2,55dc76f09fc3c10470dbc2b3,AbsHard-1,17,ISIC_0011513_A01_T3_S2_55dc76f09fc3c10470dbc2b3.png,S2,0.9134393334388733,0.9131989339248024,val,M,0.875644212841639,T3,5113996
1.0,1.0,A05,0.03440019488334656,0.03442324327466217,0.6278180366823507,0.40252801547265515,0.8360272559438625,0,0.007982551628646452,0.008159208579881656,cdfa7966292d334f35a671cfb33ac823ef2f659d99670c319a635c2b862fa168,8032.73459041191,0.9610929468609395,0.9625432674318695,0.9702590995243333,362746,117786,43209,101678,54624,21005,-0.009166152663393823,0.0029390379786491394,0.0029456175660321077,-0.001450320570929975,ISIC_0011512,0,208.1566707865579,0.025913550166965473,ISIC_0011513,0.9251000308035203,0.9422361480214517,1.0,1.595364845044938,0.047704651951789856,0.0472734197974205,0.047323487460137925,0.050643689930438995,0.05073944084459785,0.04779382327856574,canonical_letterbox_valid,3d99874f14ae5f316eec36e21141043d75bd4fd17ccfb31e3174198dee269596,0.5800358057602905,abs_hard,0,0,P2-IMA-M-v2,2,55dc77c49fc3c10470dbc2d1,AbsHard-1,17,ISIC_0011513_A05_T3_S1_55dc77c49fc3c10470dbc2d1.png,S1,0.9389908909797668,0.9388355967175307,val,M,0.9251000308035203,T3,5736166
1.0,1.0,A01,0.313369482755661,0.3126859321492486,0.13912173222247037,0.07132003048332201,0.253967439041589,0,0.01353273211155526,0.013602941176470588,cdfa7966292d334f35a671cfb33ac823ef2f659d99670c319a635c2b862fa168,7982.69785223016,0.6313060033387491,0.6250578285826184,0.6710792379517475,68680,0,37214,1714524,360344,0,-0.03977323461299842,-0.07052794098854065,-0.07051501322713322,0.006248174756130709,ISIC_0011575,0,826.7571555465778,0.10356863943129241,ISIC_0011575,0.4612470025284958,0.5049806257202422,1.0,1.0928857810982175,0.3526652455329895,0.3529985547065735,0.3508280822372661,0.28213730454444885,0.2802222902220766,0.35073730344920984,canonical_letterbox_valid,3d99874f14ae5f316eec36e21141043d75bd4fd17ccfb31e3174198dee269596,0.40660386143744326,abs_hard,0,0,P2-IMA-M-v2,2,55dc6b2e9fc3c10470dbbf59,AbsHard-1,17,ISIC_0011575_A01_T3_S2_55dc6b2e9fc3c10470dbbf59.png,S2,0.6080389618873596,0.611211325250829,val,M,0.0,T3,1526669
1.0,1.0,A06,0.12413109093904495,0.12398652836985466,0.1160639697362473,0.03133502980820242,0.29509353674418,0,0.01353273211155526,0.013602941176470588,cdfa7966292d334f35a671cfb33ac823ef2f659d99670c319a635c2b862fa168,7982.69785223016,0.8281430532530635,0.8287659160287756,0.7734362068182327,1158057,0,359117,132274,38441,0,0.054706846434830814,0.05583472549915314,0.0556354573181827,-0.0006228627757121075,ISIC_0011575,0,547.2670276541949,0.06855665061922675,ISIC_0011575,0.7066929590271069,0.6305715292735821,1.0,1.0928857810982175,0.15056249499320984,0.1518634557723999,0.15187386266574288,0.20639722049236298,0.20618400860731473,0.15054855128913203,canonical_letterbox_valid,3d99874f14ae5f316eec36e21141043d75bd4fd17ccfb31e3174198dee269596,0.40660386143744326,abs_hard,0,0,P2-IMA-M-v2,2,55e06f579fc3c104700e2129,AbsHard-1,17,ISIC_0011575_A06_T1_S1_55e06f579fc3c104700e2129.png,S1,0.8230060935020447,0.8228894257915906,val,M,0.7066929590271069,T1,3108919
1.0,1.0,A01,0.1375199258327484,0.13786900479999212,0.00490419284209817,0.0,0.26998928830857827,0,0.03173849775559051,0.031681504360465115,cdfa7966292d334f35a671cfb33ac823ef2f659d99670c319a635c2b862fa168,8004.910055709558,0.9297434776943737,0.9236606437568492,0.9722384385791047,0,0,2548,1503871,938290,0,-0.04249496088473104,-0.06602177023887634,-0.06596409085096278,0.006082833937524512,ISIC_0011613,0,235.99321991291734,0.02948105828429559,ISIC_0011616,0.8687108728769539,0.9459766497153007,1.0,1.2190106074147944,0.10888056457042694,0.12373135983943939,0.1240048484848306,0.0428587943315506,0.04319521741369271,0.10915930826465549,canonical_letterbox_valid,3d99874f14ae5f316eec36e21141043d75bd4fd17ccfb31e3174198dee269596,0.537385811694312,abs_hard,0,0,P2-IMA-M-v2,2,55dc68829fc3c10470dbbe8d,AbsHard-1,17,ISIC_0011616_A01_T3_S2_55dc68829fc3c10470dbbe8d.png,S2,0.9197587966918945,0.9195503882706811,val,M,0.8687108728769539,T3,9950779
1.0,1.0,A03,0.5099621415138245,0.5095102535968106,0.0,0.0,0.034338046524355195,0,0.03173849775559051,0.031681504360465115,cdfa7966292d334f35a671cfb33ac823ef2f659d99670c319a635c2b862fa168,8004.910055709558,0.8356473313146356,0.841603758106991,0.7942686531443675,4505734,0,940838,0,0,0,0.04137867817026819,0.12765997648239136,0.12758973073173369,-0.005956426792355307,ISIC_0011613,0,711.1615146366128,0.08884066275415198,ISIC_0011616,0.7176926319567248,0.6587443008890012,1.0,1.2190106074147944,0.3346250057220459,0.31964564323425293,0.319333583426489,0.46228498220443726,0.4619129564407724,0.3343232257090387,canonical_letterbox_valid,3d99874f14ae5f316eec36e21141043d75bd4fd17ccfb31e3174198dee269596,0.537385811694312,abs_hard,0,0,P2-IMA-M-v2,2,57bb06219fc3c1565f095ba5,AbsHard-1,17,ISIC_0011616_A03_T1_S1_57bb06219fc3c1565f095ba5.png,S1,0.8407121300697327,0.8408638021787331,val,M,0.7176926319567248,T1,11454650
1.0,1.0,A01,0.21556004881858826,0.21365798805855557,0.16281665248447202,0.09183270324980689,0.3026307844505338,0,0.012139648335044387,0.012129934210526315,cdfa7966292d334f35a671cfb33ac823ef2f659d99670c319a635c2b862fa168,7961.336696811661,0.8724709675397209,0.873875051443096,0.884230350297824,372305,187,24429,1719051,289705,41024,-0.011759382758103176,0.02744688093662262,0.027412037715769194,-0.0014040839033750974,ISIC_0011758,0,993.0590919864841,0.12473522095657408,ISIC_0011759,0.773790246124289,0.7924846768630469,1.0,1.8074738335527407,0.18114463984966278,0.18010340631008148,0.17866704718285065,0.2085915207862854,0.20718744709699033,0.17977540938122114,canonical_letterbox_valid,3d99874f14ae5f316eec36e21141043d75bd4fd17ccfb31e3174198dee269596,0.43817422267727946,abs_hard,0,0,P2-IMA-M-v2,2,55dc7f5c9fc3c10470dbc541,AbsHard-1,17,ISIC_0011759_A01_T3_S2_55dc7f5c9fc3c10470dbc541.png,S2,0.8532707691192627,0.8541071692961133,val,M,0.773790246124289,T3,7153851
1.0,1.0,A06,0.11409738659858704,0.11395274416362315,0.09662470369286101,0.037514239522000906,0.2699813687365425,0,0.012139648335044387,0.012129934210526315,cdfa7966292d334f35a671cfb33ac823ef2f659d99670c319a635c2b862fa168,7961.336696811661,0.9200932741167391,0.9187509040604444,0.9024474634937618,1343095,3970,294050,168752,20084,37241,0.01764581062297732,0.06217454373836517,0.0623299832601131,0.0013423700562947838,ISIC_0011758,0,257.7832411210618,0.032379391920994656,ISIC_0011759,0.8520118007082422,0.8222362333255221,1.0,1.8074738335527407,0.10844250023365021,0.1096210703253746,0.10954542450959145,0.17061704397201538,0.17067761818601063,0.10834763492589752,canonical_letterbox_valid,3d99874f14ae5f316eec36e21141043d75bd4fd17ccfb31e3174198dee269596,0.43817422267727946,abs_hard,0,0,P2-IMA-M-v2,2,55e06fdb9fc3c104700e2135,AbsHard-1,17,ISIC_0011759_A06_T1_S1_55e06fdb9fc3c104700e2135.png,S1,0.8972123861312866,0.8972574743118281,val,M,0.8520118007082422,T1,8704150
1.0,1.0,A01,0.06374049186706543,0.06349515056430545,0.5678476356549426,0.3153930589450413,0.8263167893901596,0,0.010426351831822358,0.010242550872093024,cdfa7966292d334f35a671cfb33ac823ef2f659d99670c319a635c2b862fa168,7972.4602225410945,0.9572441764566189,0.9596740869454657,0.9485883981067377,151764,33807,30041,567857,42486,200241,0.008655778349881182,0.009456440806388855,0.009439678373070831,-0.002429910488846887,ISIC_0011780,0,157.7735715415322,0.01978982235564474,ISIC_0011780,0.9179945629110123,0.9022046136818612,1.0,1.2244926455282765,0.06745108962059021,0.06342356652021408,0.06327853405709419,0.07690753042697906,0.07672003922930373,0.0672803608562329,canonical_letterbox_valid,3d99874f14ae5f316eec36e21141043d75bd4fd17ccfb31e3174198dee269596,0.5375330122561175,abs_hard,0,0,P2-IMA-M-v2,2,55dc7f839fc3c10470dbc559,AbsHard-1,17,ISIC_0011780_A01_T3_S2_55dc7f839fc3c10470dbc559.png,S2,0.928838312625885,0.9289344288518396,val,M,0.9179945629110123,T3,8055663
1.0,1.0,A05,0.06640218198299408,0.06605237741608658,0.4944210673416724,0.2596621094395645,0.7612601959849048,0,0.010426351831822358,0.010242550872093024,cdfa7966292d334f35a671cfb33ac823ef2f659d99670c319a635c2b862fa168,7972.4602225410945,0.9537990674289664,0.955608267955209,0.9509348540459192,496077,96807,44976,309378,27551,137241,0.0028642133830472094,0.006867818534374237,0.006798097968131855,-0.0018092005262426714,ISIC_0011780,0,211.1025816763208,0.026478975847311938,ISIC_0011780,0.9116786629935512,0.906459296368181,1.0,1.2244926455282765,0.06865348666906357,0.06502288579940796,0.06480797570704278,0.0755213052034378,0.07523662298417293,0.06843852501604107,canonical_letterbox_valid,3d99874f14ae5f316eec36e21141043d75bd4fd17ccfb31e3174198dee269596,0.5375330122561175,abs_hard,0,0,P2-IMA-M-v2,2,55dc7f999fc3c10470dbc55f,AbsHard-1,17,ISIC_0011780_A05_T3_S1_55dc7f999fc3c10470dbc55f.png,S1,0.9290952086448669,0.9291753273840044,val,M,0.9116786629935512,T3,8314142
1.0,1.0,A05,0.033903174102306366,0.03381844474041893,0.5103506537260754,0.25366400951413937,0.8763313060882816,0,0.0077095455139338165,0.00744485294117647,cdfa7966292d334f35a671cfb33ac823ef2f659d99670c319a635c2b862fa168,8054.8088121320425,0.9622356331471199,0.9614939672933414,0.9563822034531729,311518,0,144777,133726,85823,0,0.0058534296939469765,0.003421168774366379,0.0036921599579352593,0.0007416658537785503,ISIC_0011881,0,106.6770828247567,0.013243900049381823,ISIC_0011881,0.927219765759728,0.9164104010277483,1.0,0.7225317974196995,0.04201417788863182,0.04197588562965393,0.04193993324016024,0.0454353466629982,0.045668882590603074,0.041976722632667815,canonical_letterbox_valid,3d99874f14ae5f316eec36e21141043d75bd4fd17ccfb31e3174198dee269596,0.5994187033792192,abs_hard,0,0,P2-IMA-M-v2,2,55db59539fc3c10470dba831,AbsHard-1,17,ISIC_0011881_A05_T3_S1_55db59539fc3c10470dba831.png,S1,0.9498748183250427,0.9498649994750833,val,M,0.927219765759728,T3,5672406
1.0,1.0,A06,0.04136062413454056,0.041329238534514874,0.4090753211972096,0.2053218697526058,0.7608731206704514,0,0.0077095455139338165,0.00744485294117647,cdfa7966292d334f35a671cfb33ac823ef2f659d99670c319a635c2b862fa168,8054.8088121320425,0.9536845213902595,0.9523647551041825,0.9348636308948592,549974,0,222122,12736,8478,0,0.018820890495400255,0.018963899463415146,0.018875793241586086,0.0013197662860769954,ISIC_0011881,0,143.54441821262157,0.017820959076820908,ISIC_0011881,0.911469380781252,0.8776938409119123,1.0,0.7225317974196995,0.048211339861154556,0.04929641634225845,0.04928629275567145,0.0671752393245697,0.06710331615707657,0.048227522915490484,canonical_letterbox_valid,3d99874f14ae5f316eec36e21141043d75bd4fd17ccfb31e3174198dee269596,0.5994187033792192,abs_hard,0,0,P2-IMA-M-v2,2,55df426c9fc3c10470dc10d8,AbsHard-1,17,ISIC_0011881_A06_T1_S1_55df426c9fc3c10470dc10d8.png,S1,0.9449379444122314,0.9448741927035339,val,M,0.911469380781252,T1,5793396
1.0,1.0,A00,1.6248208284378052,1.621734077748603,0.0,0.0,0.0,0,0.004121176861702128,0.004044117647058824,cdfa7966292d334f35a671cfb33ac823ef2f659d99670c319a635c2b862fa168,3612.2104036171536,0.12105035791002021,0.11804049014202785,0.10099184264858801,2063104,0,24793,0,0,0,0.020058515261432194,0.18912315368652344,0.18866597347144398,0.0030098677679923636,ISIC_0012149,0,1036.156502349286,0.28684832459142234,ISIC_0012149,0.0644244822737103,0.05318136325935721,1.0,0.9911924797532041,1.2338416576385498,1.2102421522140503,1.208632281116302,1.4229648113250732,1.4208970714041025,1.2322310979326585,canonical_letterbox_valid,3d99874f14ae5f316eec36e21141043d75bd4fd17ccfb31e3174198dee269596,0.47308229730018597,abs_hard,0,0,P2-IMA-M-v2,2,5841e25e9fc3c156c3ef2955,AbsHard-1,17,ISIC_0012149_A00_T2_S1_5841e25e9fc3c156c3ef2955.png,S1,0.15713758766651154,0.157271881883286,val,M,0.0,T2,142067
1.0,1.0,A03,0.06024391949176788,0.060418994002439316,0.0,0.0,0.022220191868433076,0,0.004121176861702128,0.004044117647058824,cdfa7966292d334f35a671cfb33ac823ef2f659d99670c319a635c2b862fa168,3612.2104036171536,0.6248452368124171,0.613398141352143,0.5455441998074123,170593,0,24793,0,0,0,0.07930103700500479,0.0690152645111084,0.06929671331070736,0.011447095460274115,ISIC_0012149,0,155.42522317822161,0.04302773255472153,ISIC_0012149,0.45438175654065116,0.37508475660461843,1.0,0.9911924797532041,0.21991640329360962,0.22879378497600555,0.22911159257119174,0.288931667804718,0.28956203300399014,0.22026531969328278,canonical_letterbox_valid,3d99874f14ae5f316eec36e21141043d75bd4fd17ccfb31e3174198dee269596,0.47308229730018597,abs_hard,0,0,P2-IMA-M-v2,2,58a476afd8311368134d5262,AbsHard-1,17,ISIC_0012149_A03_T1_S1_58a476afd8311368134d5262.png,S1,0.6204110980033875,0.6198883546158738,val,M,0.0,T1,142067
1.0,1.0,A00,0.01738065294921398,0.0179134310897444,0.5694720662505097,0.36034475586096315,0.8859076578724017,0,0.0011545877659574469,0.0010799632352941177,cdfa7966292d334f35a671cfb33ac823ef2f659d99670c319a635c2b862fa168,3612.2104036171536,0.9116937636428174,0.9111958287408988,0.9040700782760086,7435,1776,0,24160,0,5170,0.007623685366808797,0.00600733608007431,0.006041698120683496,0.0004979349019186285,ISIC_0012191,0,133.5121944136628,0.03696135592765247,ISIC_0012191,0.8377180366938549,0.8249342046011748,1.0,1.3631385095118087,0.05602875351905823,0.05759420990943909,0.05954365368290306,0.06203608959913254,0.06415921299826309,0.058117514877579594,canonical_letterbox_valid,3d99874f14ae5f316eec36e21141043d75bd4fd17ccfb31e3174198dee269596,0.6349128192778934,abs_hard,0,0,P2-IMA-M-v2,2,5841e2759fc3c156c3ef29d3,AbsHard-1,17,ISIC_0012191_A00_T2_S1_5841e2759fc3c156c3ef29d3.png,S1,0.9053231477737427,0.9016784013345852,val,M,0.8377180366938549,T2,163097
1.0,1.0,A03,0.02384895458817482,0.023775107583455482,0.527713432454882,0.20544818140313498,0.8340277532445716,0,0.0011545877659574469,0.0010799632352941177,cdfa7966292d334f35a671cfb33ac823ef2f659d99670c319a635c2b862fa168,3612.2104036171536,0.9018469191899409,0.9072323630029578,0.9093666498158446,37021,4694,0,3071,0,2252,-0.00751973062590372,-0.0024626068770885468,-0.0022166822371454536,-0.005385443813016977,ISIC_0012191,0,74.78083379879334,0.020702236426734768,ISIC_0012191,0.8212397114295651,0.8337968480995894,1.0,1.3631385095118087,0.06459736824035645,0.06196122244000435,0.06218455284960944,0.0621347613632679,0.06257216218237364,0.0647888444195191,canonical_letterbox_valid,3d99874f14ae5f316eec36e21141043d75bd4fd17ccfb31e3174198dee269596,0.6349128192778934,abs_hard,0,0,P2-IMA-M-v2,2,58909ce0d831135f264ceb5c,AbsHard-1,17,ISIC_0012191_A03_T1_S1_58909ce0d831135f264ceb5c.png,S1,0.8946542143821716,0.8941974187444173,val,M,0.8212397114295651,T1,184186
1.0,1.0,A00,0.024144459515810013,0.025004563979521575,0.7456907334124993,0.41610918952988313,0.8608116293155663,0,0.0007637429513248365,0.00078125,cdfa7966292d334f35a671cfb33ac823ef2f659d99670c319a635c2b862fa168,5147.6254720016295,0.9254733652252459,0.9208411415200541,0.9236470583191497,4450,427,1771,82512,3194,3935,0.0018263069060961978,-0.0005235373973846436,-0.0005163129637708389,0.004632223705191785,ISIC_0012228,0,289.5556075503743,0.05625032534423721,ISIC_0012228,0.861284713914278,0.858126570339249,1.0,0.9170409474939636,0.053601495921611786,0.0560603030025959,0.05835886488973249,0.05307795852422714,0.055143669224114435,0.055659982187885274,canonical_letterbox_valid,3d99874f14ae5f316eec36e21141043d75bd4fd17ccfb31e3174198dee269596,0.6459195497840962,abs_hard,0,0,P2-IMA-M-v2,2,5841e28a9fc3c156c3ef2a42,AbsHard-1,17,ISIC_0012228_A00_T2_S1_5841e28a9fc3c156c3ef2a42.png,S1,0.9169414639472961,0.913684599603751,val,M,0.861284713914278,T2,539948
1.0,1.0,A09,0.012992273084819317,0.013018831905743078,0.6863470734628355,0.45273031610120396,0.934592723132827,0,0.0007637429513248365,0.00078125,cdfa7966292d334f35a671cfb33ac823ef2f659d99670c319a635c2b862fa168,5147.6254720016295,0.9512763697212819,0.9538508919292648,0.9498740691644898,50324,2163,3349,12191,1616,2199,0.0014023005567921354,0.0034461840987205505,0.003631853821993297,-0.002574522207982821,ISIC_0012228,0,63.60502792925867,0.012356187969620517,ISIC_0012228,0.9070801327023235,0.9045334861969773,1.0,0.9170409474939636,0.03484559431672096,0.032986316829919815,0.033337051573917115,0.03829177841544151,0.038730519227798785,0.03509866540580549,canonical_letterbox_valid,3d99874f14ae5f316eec36e21141043d75bd4fd17ccfb31e3174198dee269596,0.6459195497840962,abs_hard,0,0,P2-IMA-M-v2,2,58472a049fc3c10f04859aca,AbsHard-1,17,ISIC_0012228_A09_T1_S1_58472a049fc3c10f04859aca.png,S1,0.9433010816574097,0.9428215010941321,val,M,0.9070801327023235,T1,610269
1.0,1.0,A00,0.049964096397161484,0.050028174354750314,0.04605786177486921,0.0,0.43535633251288075,0,0.0015766170027670635,0.001723345588235294,cdfa7966292d334f35a671cfb33ac823ef2f659d99670c319a635c2b862fa168,5147.6254720016295,0.7493667860713339,0.7588420546210675,0.771000767699062,0,0,0,171980,19254,0,-0.021633981627728116,-0.019820094108581543,-0.019978459663025278,-0.009475268549733573,ISIC_0012261,0,176.01982457191752,0.034194372828657456,ISIC_0012261,0.5991898965463397,0.6273403167678069,1.0,1.110128222767886,0.16151468455791473,0.15534013509750366,0.15605174998381036,0.1416945904493332,0.1421882308828506,0.16216669054587587,canonical_letterbox_valid,3d99874f14ae5f316eec36e21141043d75bd4fd17ccfb31e3174198dee269596,0.4642291593850184,abs_hard,0,0,P2-IMA-M-v2,2,5841e2a29fc3c156c3ef2aa5,AbsHard-1,17,ISIC_0012261_A00_T2_S1_5841e2a29fc3c156c3ef2aa5.png,S1,0.7269347310066223,0.7256947932629986,val,M,0.0,T2,257101
1.0,1.0,A09,0.027325203642249107,0.026896139312161435,0.3253386050475063,0.15906515118301937,0.48116971741380377,0,0.0015766170027670635,0.001723345588235294,cdfa7966292d334f35a671cfb33ac823ef2f659d99670c319a635c2b862fa168,5147.6254720016295,0.8678219025557674,0.8649647606869622,0.8550376201831466,101709,0,14225,22227,5029,0,0.012784282372620859,0.009615972638130188,0.00958369224946487,0.0028571418688052574,ISIC_0012261,0,93.07737999339916,0.01808161462011075,ISIC_0012261,0.7665065280054258,0.7467822832047261,1.0,1.110128222767886,0.08878877013921738,0.08975814282894135,0.08907544981317284,0.09840474277734756,0.0977203524980513,0.08813666024858643,canonical_letterbox_valid,3d99874f14ae5f316eec36e21141043d75bd4fd17ccfb31e3174198dee269596,0.4642291593850184,abs_hard,0,0,P2-IMA-M-v2,2,58471a419fc3c10f048599f4,AbsHard-1,17,ISIC_0012261_A09_T1_S1_58471a419fc3c10f048599f4.png,S1,0.8497476577758789,0.8506228188149886,val,M,0.7665065280054258,T1,406854
1.0,1.0,A00,0.08490287512540817,0.08751948234795524,0.2004559573503238,0.010901169414745745,0.7503345904431761,0,0.006466962938118397,0.006525735294117647,cdfa7966292d334f35a671cfb33ac823ef2f659d99670c319a635c2b862fa168,5147.6254720016295,0.8901510921772482,0.8887597303022494,0.9160930673053831,0,0,746,300039,78230,0,-0.025941975128134898,-0.031229421496391296,-0.03199703660031751,0.0013913618749987755,ISIC_0012400,0,244.8897361439409,0.047573339877952835,ISIC_0012400,0.8020470947919422,0.8451768686707771,1.0,1.4811280509928852,0.09770816564559937,0.099380724132061,0.10226642887806506,0.06647874414920807,0.0685285482789048,0.10052558487922231,canonical_letterbox_valid,3d99874f14ae5f316eec36e21141043d75bd4fd17ccfb31e3174198dee269596,0.7668208502027428,abs_hard,0,0,P2-IMA-M-v2,2,5841e2f69fc3c156c3ef2c46,AbsHard-1,17,ISIC_0012400_A00_T2_S1_5841e2f69fc3c156c3ef2c46.png,S1,0.88948655128479,0.8864683125895106,val,M,0.8020470947919422,T2,1215670
1.0,1.0,A03,0.03667661175131798,0.03558718934260088,0.4771365147985259,0.30127819860708793,0.7525180932937011,0,0.006466962938118397,0.006525735294117647,cdfa7966292d334f35a671cfb33ac823ef2f659d99670c319a635c2b862fa168,5147.6254720016295,0.9485597263451796,0.9497174365274828,0.9251167022885819,158574,0,73861,5250,5115,0,0.023443024056597705,0.02055557817220688,0.02079415618952256,-0.001157710182303151,ISIC_0012400,0,87.0,0.016900996483368954,ISIC_0012400,0.9021527423977905,0.8606671108001112,1.0,1.4811280509928852,0.046980395913124084,0.046341508626937866,0.04539803713521147,0.06753597408533096,0.06684284322511391,0.046048687035591354,canonical_letterbox_valid,3d99874f14ae5f316eec36e21141043d75bd4fd17ccfb31e3174198dee269596,0.7668208502027428,abs_hard,0,0,P2-IMA-M-v2,2,58909d74d831135f264ceb68,AbsHard-1,17,ISIC_0012400_A03_T1_S1_58909d74d831135f264ceb68.png,S1,0.9427158236503601,0.9434898152714182,val,M,0.9021527423977905,T1,1510459
1.0,1.0,A00,0.12094816565513611,0.11893810412305016,0.12157775260770867,0.04410159767654057,0.21996819523868077,0,0.00018186695560120744,0.0002527573529411765,cdfa7966292d334f35a671cfb33ac823ef2f659d99670c319a635c2b862fa168,5147.6254720016295,0.480576993520191,0.4765667940719802,0.4756749085084598,205611,474,1747,0,0,0,0.004902085011731228,0.0022297203540802,0.002266206232763468,0.004010199448210794,ISIC_0012481,0,308.7743176278195,0.05998383513083249,ISIC_0012481,0.3162891383575856,0.31205607725253387,1.0,0.8212756703047827,0.32155370712280273,0.32606393098831177,0.324219985699171,0.32378342747688293,0.3220458864385399,0.3197796802057764,canonical_letterbox_valid,3d99874f14ae5f316eec36e21141043d75bd4fd17ccfb31e3174198dee269596,0.4851701334608588,abs_hard,0,0,P2-IMA-M-v2,2,5841e3309fc3c156c3ef2d39,AbsHard-1,17,ISIC_0012481_A00_T2_S1_5841e3309fc3c156c3ef2d39.png,S1,0.4778408110141754,0.4793787437114974,val,M,0.0,T2,95117
1.0,1.0,A09,0.0009045358165167272,0.0010162235791627216,1.0,0.9943644333124608,1.0,0,0.00018186695560120744,0.0002527573529411765,cdfa7966292d334f35a671cfb33ac823ef2f659d99670c319a635c2b862fa168,5147.6254720016295,0.9727567074883284,0.9731489622465563,0.9757674701494926,1807,164,501,3334,1246,310,-0.003010762661164179,0.00020545721054077148,5.714982103323385e-05,-0.0003922547582279057,ISIC_0012481,0,9.433981132056603,0.0018326859992765256,ISIC_0012481,0.9469584416656349,0.9526815851981497,1.0,0.8212756703047827,0.021410154178738594,0.020365668460726738,0.022695084573908682,0.021615611389279366,0.023475016620796204,0.02341786679976297,canonical_letterbox_valid,3d99874f14ae5f316eec36e21141043d75bd4fd17ccfb31e3174198dee269596,0.4851701334608588,abs_hard,0,0,P2-IMA-M-v2,2,58471c899fc3c10f04859a56,AbsHard-1,17,ISIC_0012481_A09_T3_S1_58471c899fc3c10f04859a56.png,S1,0.958084225654602,0.9541804899796368,val,M,0.9469584416656349,T3,91783
1.0,1.0,A00,0.09147634357213974,0.09174986368194715,0.0,0.0,0.0,0,0.005147956670300185,0.005032169117647059,cdfa7966292d334f35a671cfb33ac823ef2f659d99670c319a635c2b862fa168,5147.6254720016295,0.6929956270740187,0.7010532250789355,0.7452193185918251,0,0,0,275417,62868,0,-0.05222369151780637,-0.04469217360019684,-0.044931440870711714,-0.008057598004916788,ISIC_0012493,0,179.66687024396674,0.034902863703117105,ISIC_0012493,0.5302167624142025,0.5939040420637529,1.0,0.7679360546166595,0.20317135751247406,0.19563186168670654,0.19628403136253122,0.15847918391227722,0.15894801259355423,0.20387945346426595,canonical_letterbox_valid,3d99874f14ae5f316eec36e21141043d75bd4fd17ccfb31e3174198dee269596,0.6141009467523562,abs_hard,0,0,P2-IMA-M-v2,2,5841e3399fc3c156c3ef2d5d,AbsHard-1,17,ISIC_0012493_A00_T2_S2_5841e3399fc3c156c3ef2d5d.png,S2,0.6851336359977722,0.6839909567534153,val,M,0.0,T2,310847
1.0,1.0,A03,0.09232000261545181,0.09177269841679284,0.21066927242915584,0.047539719303477605,0.3555726273490132,0,0.005147956670300185,0.005032169117647059,cdfa7966292d334f35a671cfb33ac823ef2f659d99670c319a635c2b862fa168,5147.6254720016295,0.7950024116884464,0.7869281849483521,0.7417727995192754,301862,0,62549,319,319,0,0.05322961216917099,0.04239088296890259,0.042488787666182304,0.008074226740094281,ISIC_0012493,0,239.4978019062809,0.046525879399915496,ISIC_0012493,0.6597543591787651,0.589538041488747,1.0,0.7679360546166595,0.14884249866008759,0.15671823918819427,0.15612992457688485,0.19123338162899017,0.19073201401055867,0.14824322634437637,canonical_letterbox_valid,3d99874f14ae5f316eec36e21141043d75bd4fd17ccfb31e3174198dee269596,0.6141009467523562,abs_hard,0,0,P2-IMA-M-v2,2,58a493f9d8311352d32caea8,AbsHard-1,17,ISIC_0012493_A03_T1_S1_58a493f9d8311352d32caea8.png,S1,0.794634997844696,0.7952862457280401,val,M,0.6597543591787651,T1,585945
1.0,1.0,A00,0.22626133263111115,0.2269581642475664,0.06033808223222854,0.033947623666343366,0.13530551506416627,0,0.06917444864908855,0.06931559244791667,cdfa7966292d334f35a671cfb33ac823ef2f659d99670c319a635c2b862fa168,1280.0,0.8567834333268821,0.8596894372311855,0.827693116608799,13309,11332,0,59211,4611,38458,0.029090316718083153,0.10604125261306763,0.10568386900972027,-0.0029060039043034003,ISIC_0012623,0,98.33615460118496,0.07682512078217575,ISIC_0012623,0.7494498053157271,0.7060379226081847,1.0,2.5601355520104216,0.22265249490737915,0.213997483253479,0.21447199507567882,0.3286937475204468,0.3288226907673274,0.22313882175760713,canonical_letterbox_valid,3d99874f14ae5f316eec36e21141043d75bd4fd17ccfb31e3174198dee269596,0.5448327266166862,abs_hard,0,0,P2-IMA-M-v2,2,5841e3849fc3c156c3ef2ee3,AbsHard-1,17,ISIC_0012623_A00_T2_S2_5841e3849fc3c156c3ef2ee3.png,S2,0.7809563279151917,0.7806805207323522,val,M,0.7494498053157271,T2,216923
1.0,1.0,A09,0.36835625767707825,0.3686715308930566,0.05250396676828725,0.02237136465324385,0.1153918492328634,0,0.06917444864908855,0.06931559244791667,cdfa7966292d334f35a671cfb33ac823ef2f659d99670c319a635c2b862fa168,1280.0,0.7356919803712981,0.7544691170222007,0.6669210066888661,190,35,0,115343,4611,49755,0.06877097368243201,0.08537128567695618,0.08524745919243054,-0.018777136650902526,ISIC_0012623,0,152.73915672803338,0.11932746619377607,ISIC_0012623,0.5818929951795718,0.5002861871166026,1.0,2.5601355520104216,0.3454718589782715,0.32297974824905396,0.32314648488412234,0.43084314465522766,0.43089855209583183,0.3456510929034013,canonical_letterbox_valid,3d99874f14ae5f316eec36e21141043d75bd4fd17ccfb31e3174198dee269596,0.5448327266166862,abs_hard,0,0,P2-IMA-M-v2,2,5b30e98f11659747a0a01268,AbsHard-1,17,ISIC_0012623_A09_T1_S1_5b30e98f11659747a0a01268.png,S1,0.6774125099182129,0.677369345086254,val,M,0.0,T1,160791
1.0,1.0,A00,0.005293919704854488,0.005210714227782846,0.9674121657843986,0.6320042555706601,1.0,0,0.003980565954137732,0.004203216374269006,cdfa7966292d334f35a671cfb33ac823ef2f659d99670c319a635c2b862fa168,2769.063379556344,0.9610661272433669,0.9627376339053859,0.9403508771929825,5229,4821,0,1546,0,9266,0.020715250050384437,0.010842710733413696,0.012071513967279669,-0.0016715066620189845,ISIC_0012654,0,13.0,0.004694728223260403,ISIC_0012654,0.9250503351992388,0.8874172185430463,1.0,1.0931840047698966,0.025254376232624054,0.02408834546804428,0.02419190896967684,0.03609708696603775,0.03733259850977326,0.02526108454249359,canonical_letterbox_valid,3d99874f14ae5f316eec36e21141043d75bd4fd17ccfb31e3174198dee269596,0.6068512684077993,abs_hard,0,0,P2-IMA-M-v2,2,5841e3929fc3c156c3ef2f40,AbsHard-1,17,ISIC_0012654_A00_T2_S2_5841e3929fc3c156c3ef2f40.png,S2,0.954785168170929,0.9546885451427957,val,M,0.9250503351992388,T2,83619
1.0,1.0,A03,0.010385405272245407,0.01039837382891049,0.7745918723863908,0.33266501640923396,0.9910067997367844,0,0.003980565954137732,0.004203216374269006,cdfa7966292d334f35a671cfb33ac823ef2f659d99670c319a635c2b862fa168,2769.063379556344,0.9244397334948516,0.9178334376956794,0.8498056007833912,71,71,0,11905,0,14016,0.07463413271146047,0.04484733194112778,0.04546983935071343,0.006606295799172268,ISIC_0012654,0,22.561028345356956,0.008147530501440403,ISIC_0012654,0.8594959876108687,0.7388364969975416,1.0,1.0931840047698966,0.04321230202913284,0.046923160552978516,0.048020073999973975,0.08805963397026062,0.0896420508690442,0.04417221151833077,canonical_letterbox_valid,3d99874f14ae5f316eec36e21141043d75bd4fd17ccfb31e3174198dee269596,0.6068512684077993,abs_hard,0,0,P2-IMA-M-v2,2,58a494c2d8311352d32caeba,AbsHard-1,17,ISIC_0012654_A03_T3_S1_58a494c2d8311352d32caeba.png,S1,0.92396080493927,0.9220539507922489,val,M,0.8594959876108687,T3,73260
1.0,1.0,A00,0.04519283398985863,0.04627682528453004,0.62213607485005,0.228401819372747,0.831244061231263,0,0.0025127992021276597,0.002412683823529412,cdfa7966292d334f35a671cfb33ac823ef2f659d99670c319a635c2b862fa168,3612.2104036171536,0.9279273033437231,0.9271712064007358,0.9184871417232935,88,63,2,100751,300,14752,0.009440161620429599,0.006744354963302612,0.00653141684555307,0.0007560969429872832,ISIC_0012671,0,128.4492042658819,0.03555972380159719,ISIC_0012671,0.8655451316294748,0.8492614162598308,1.0,1.3184142427736862,0.06042781472206116,0.06112683564424515,0.06253751153149506,0.06717216968536377,0.06829522470815623,0.06176380786260316,canonical_letterbox_valid,3d99874f14ae5f316eec36e21141043d75bd4fd17ccfb31e3174198dee269596,0.6868865827882564,abs_hard,0,0,P2-IMA-M-v2,2,5841e39b9fc3c156c3ef2f73,AbsHard-1,17,ISIC_0012671_A00_T2_S1_5841e39b9fc3c156c3ef2f73.png,S1,0.9243372082710266,0.9227492095593237,val,M,0.8655451316294748,T2,649145
1.0,1.0,A03,0.019964732229709625,0.02004729899962772,0.8018839516218493,0.5179006057732446,0.950016925142878,0,0.0025127992021276597,0.002412683823529412,cdfa7966292d334f35a671cfb33ac823ef2f659d99670c319a635c2b862fa168,3612.2104036171536,0.9668884161265021,0.9684991487850364,0.9654979319287209,37771,6192,246,12719,56,8623,0.0013904841977812055,0.005399022251367569,0.005470812347139295,-0.0016107326585342863,ISIC_0012671,0,43.840620433565945,0.012136784831156383,ISIC_0012671,0.9358993077023666,0.9332972467892604,1.0,1.3184142427736862,0.031272042542696,0.02984439767897129,0.02998408667740429,0.03667106479406357,0.03688927734581323,0.031418464998673935,canonical_letterbox_valid,3d99874f14ae5f316eec36e21141043d75bd4fd17ccfb31e3174198dee269596,0.6868865827882564,abs_hard,0,0,P2-IMA-M-v2,2,58472a0c9fc3c10f04859acb,AbsHard-1,17,ISIC_0012671_A03_T3_S1_58472a0c9fc3c10f04859acb.png,S1,0.9574206471443176,0.9572103690022798,val,M,0.9358993077023666,T3,737177
1.0,1.0,A00,0.06966810673475266,0.06892232185061954,0.0,0.0,0.0,0,0.0006143617021276596,0.0005974264705882353,cdfa7966292d334f35a671cfb33ac823ef2f659d99670c319a635c2b862fa168,3612.2104036171536,0.0,0.0,0.0,23572,0,0,77229,3482,214,0.0,0.013676583766937256,0.013487248495730242,0.0,ISIC_0012789,0,984.1830342477776,0.2724600519566213,ISIC_0012789,0.0,0.0,1.0,1.0975396682718206,0.5343339443206787,0.5356788039207458,0.5353066341951852,0.548010528087616,0.5474557555042189,0.5339685070084886,canonical_letterbox_valid,3d99874f14ae5f316eec36e21141043d75bd4fd17ccfb31e3174198dee269596,0.41740127972366226,abs_hard,0,0,P2-IMA-M-v2,2,5841e3db9fc3c156c3ef30d5,AbsHard-1,17,ISIC_0012789_A00_T2_S1_5841e3db9fc3c156c3ef30d5.png,S1,0.0010001836344599724,0.0009853078336423701,val,M,0.0,T2,0
1.0,1.0,A03,0.006607057061046362,0.006458238668178455,0.8042048619609707,0.5475034806770331,0.9364437038800285,0,0.0006143617021276596,0.0005974264705882353,cdfa7966292d334f35a671cfb33ac823ef2f659d99670c319a635c2b862fa168,3612.2104036171536,0.9025698233918443,0.9049143086225905,0.9107987027264732,4422,158,1034,10076,2448,56,-0.008228879334628902,-0.026935145258903503,-0.027057076078443293,-0.0023444852307461517,ISIC_0012789,0,48.010415536631214,0.01329114591125564,ISIC_0012789,0.8224394067433345,0.8362078754463216,1.0,1.0975396682718206,0.0878172516822815,0.08467508107423782,0.08440440118470983,0.06088210642337799,0.06047363264020883,0.08753070871865212,canonical_letterbox_valid,3d99874f14ae5f316eec36e21141043d75bd4fd17ccfb31e3174198dee269596,0.41740127972366226,abs_hard,0,0,P2-IMA-M-v2,2,58472d769fc3c10f04859ada,AbsHard-1,17,ISIC_0012789_A03_T3_S1_58472d769fc3c10f04859ada.png,S1,0.8309725522994995,0.8313968212308742,val,M,0.8224394067433345,T3,67153
1.0,1.0,A00,1.9215720891952515,1.918586450348803,0.0,0.0,0.0,0,0.018919266847770635,0.019005847953216373,cdfa7966292d334f35a671cfb33ac823ef2f659d99670c319a635c2b862fa168,4659.490100858677,0.45505361393450944,0.4464085768896469,0.41110116748016157,3740603,0,189878,0,0,0,0.04395244645434787,-0.27013516426086426,-0.26970324619374286,0.008645037044862525,ISIC_0012806,0,793.9175020113865,0.1703872065025053,ISIC_0012806,0.29454330456954747,0.2587333812991701,1.0,3.333612336059335,1.2348804473876953,1.2362269163131714,1.2346148160100312,0.964745283126831,0.9635426566029016,1.2332459027966445,canonical_letterbox_valid,3d99874f14ae5f316eec36e21141043d75bd4fd17ccfb31e3174198dee269596,0.6268672744799142,abs_hard,0,0,P2-IMA-M-v2,2,5841e3e59fc3c156c3ef3108,AbsHard-1,17,ISIC_0012806_A00_T2_S1_5841e3e59fc3c156c3ef3108.png,S1,0.4518112242221832,0.452094644755514,val,M,0.0,T2,1561782
1.0,1.0,A03,0.08083554357290268,0.08080327404965953,0.23751679981224547,0.1318231109694225,0.44267160670889605,0,0.018919266847770635,0.019005847953216373,cdfa7966292d334f35a671cfb33ac823ef2f659d99670c319a635c2b862fa168,4659.490100858677,0.9007153137284386,0.8966220920014631,0.8651623809970699,229343,0,140066,94197,49812,0,0.035552932731368725,0.0412767231464386,0.041298636062109734,0.00409322172697546,ISIC_0012806,0,226.4825494659471,0.0486067240327884,ISIC_0012806,0.8193649242794333,0.7623666738834431,1.0,3.333612336059335,0.12267951667308807,0.12991639971733093,0.12991524181302982,0.16395623981952667,0.16397198046736344,0.12267334440525371,canonical_letterbox_valid,3d99874f14ae5f316eec36e21141043d75bd4fd17ccfb31e3174198dee269596,0.6268672744799142,abs_hard,0,0,P2-IMA-M-v2,2,5847325f9fc3c10f04859aef,AbsHard-1,17,ISIC_0012806_A03_T1_S1_5847325f9fc3c10f04859aef.png,S1,0.8354765176773071,0.8354565852391521,val,M,0.8193649242794333,T1,1467585
1.0,1.0,A00,0.31218957901000977,0.3109841636187088,0.11188377626402926,0.049354533632363314,0.23753084985567255,0,0.03240152870242832,0.0322094298245614,cdfa7966292d334f35a671cfb33ac823ef2f659d99670c319a635c2b862fa168,4659.490100858677,0.7533331013996207,0.7521354196347111,0.7492938817654868,711248,88577,55902,614611,48597,132113,0.004039219634133895,0.04275941848754883,0.043170079521364035,0.0011976817649096416,ISIC_0013159,0,436.63857692720217,0.09370951916964819,ISIC_0013159,0.6042777764015235,0.5990966789410002,1.0,2.801878353172214,0.3179573714733124,0.3250140845775604,0.3242901339583135,0.3607167899608612,0.3604756281424258,0.31730554862106175,canonical_letterbox_valid,3d99874f14ae5f316eec36e21141043d75bd4fd17ccfb31e3174198dee269596,0.5470929292572789,abs_hard,0,0,P2-IMA-M-v2,2,5841e4bc9fc3c156c3ef352b,AbsHard-1,17,ISIC_0013159_A00_T2_S1_5841e4bc9fc3c156c3ef352b.png,S1,0.676274836063385,0.6763730663765853,val,M,0.0,T2,2024620
1.0,1.0,A03,0.29296478629112244,0.2927617757564489,0.03686099524687166,0.01843049762343583,0.07271781713880887,0,0.03240152870242832,0.0322094298245614,cdfa7966292d334f35a671cfb33ac823ef2f659d99670c319a635c2b862fa168,4659.490100858677,0.551120425478577,0.5571336226798411,0.5563694490229044,42506,42038,0,1619160,104499,178652,-0.005249023544327436,0.0422612726688385,0.042336921589606835,-0.006013197201264142,ISIC_0013159,0,552.6011219632909,0.11859690867493301,ISIC_0013159,0.3803769720893585,0.3853960063718073,1.0,2.801878353172214,0.3915022015571594,0.38277390599250793,0.3825542761730195,0.4337634742259979,0.4336125492747591,0.3912756276851523,canonical_letterbox_valid,3d99874f14ae5f316eec36e21141043d75bd4fd17ccfb31e3174198dee269596,0.5470929292572789,abs_hard,0,0,P2-IMA-M-v2,2,58a496c1d8311352d32caf11,AbsHard-1,17,ISIC_0013159_A03_T1_S1_58a496c1d8311352d32caf11.png,S1,0.509960412979126,0.5102105203861443,val,M,0.0,T1,1020071
1.0,1.0,A00,0.034952156245708466,0.03338125287986907,0.0,0.0,0.0,0,0.00034840425531914893,0.00034466911764705885,cdfa7966292d334f35a671cfb33ac823ef2f659d99670c319a635c2b862fa168,3612.2104036171536,0.0,0.0,0.0,7892,0,0,19944,2096,0,0.0,-0.0018653273582458496,-0.001840864897298844,0.0,ISIC_0013196,0,1488.4724378165465,0.41206692620286933,ISIC_0013196,0.0,0.0,1.0,0.9259286057992938,0.5174665451049805,0.5174146294593811,0.5166233910668613,0.5156012177467346,0.5148409105080505,0.5166817754053493,canonical_letterbox_valid,3d99874f14ae5f316eec36e21141043d75bd4fd17ccfb31e3174198dee269596,0.4285381082576824,abs_hard,0,0,P2-IMA-M-v2,2,5841e4d19fc3c156c3ef359a,AbsHard-1,17,ISIC_0013196_A00_T2_S1_5841e4d19fc3c156c3ef359a.png,S1,1.9018321836483665e-05,1.7702069170454498e-05,val,M,0.0,T2,0
1.0,1.0,A03,0.0012638308107852936,0.0012004523067454603,1.0,0.8322925323518935,1.0,0,0.00034840425531914893,0.00034466911764705885,cdfa7966292d334f35a671cfb33ac823ef2f659d99670c319a635c2b862fa168,3612.2104036171536,0.9269259220120469,0.9312155211470298,0.94781295446918,365,0,598,2401,1498,0,-0.02088703245713308,-0.009902507066726685,-0.00718285488812085,-0.0042895991349828355,ISIC_0013196,0,13.601470508735444,0.003765414798405807,ISIC_0013196,0.8638042247279532,0.900802721811706,1.0,0.9259286057992938,0.05668236315250397,0.05145380645990372,0.05145796760313985,0.04677985608577728,0.04912638042109514,0.05630923530921599,canonical_letterbox_valid,3d99874f14ae5f316eec36e21141043d75bd4fd17ccfb31e3174198dee269596,0.4285381082576824,abs_hard,0,0,P2-IMA-M-v2,2,58473fc59fc3c10f04859b7f,AbsHard-1,17,ISIC_0013196_A03_T1_S1_58473fc59fc3c10f04859b7f.png,S1,0.8878991007804871,0.8885819816883135,val,M,0.8638042247279532,T1,17543
1.0,1.0,A00,0.3807145953178406,0.3774659226135815,0.08137926062113593,0.02630168886684743,0.19851275597757692,0,0.01567935505319149,0.01569393382352941,cdfa7966292d334f35a671cfb33ac823ef2f659d99670c319a635c2b862fa168,3612.2104036171536,0.5596833107772264,0.5550862257311315,0.45188608336730535,594389,148,94155,24,24,0,0.10779722740992109,0.010330021381378174,0.010869854425910486,0.004597085046094906,ISIC_0013207,0,435.5090698071018,0.12056580906001399,ISIC_0013207,0.3885835073391004,0.2918945941331007,1.0,2.87379615259213,0.4194912910461426,0.4185725450515747,0.4163851337402675,0.42982131242752075,0.428165353397766,0.4172954989718555,canonical_letterbox_valid,3d99874f14ae5f316eec36e21141043d75bd4fd17ccfb31e3174198dee269596,0.42488063059489173,abs_hard,0,0,P2-IMA-M-v2,2,5841e4d79fc3c156c3ef35bb,AbsHard-1,17,ISIC_0013207_A00_T2_S1_5841e4d79fc3c156c3ef35bb.png,S1,0.5417320132255554,0.5428749246698704,val,M,0.0,T2,377777
1.0,1.0,A03,0.04346366226673126,0.043304041151540074,0.23605063357248707,0.16604854719645257,0.4360911760470641,0,0.01567935505319149,0.01569393382352941,cdfa7966292d334f35a671cfb33ac823ef2f659d99670c319a635c2b862fa168,3612.2104036171536,0.8019945194785163,0.8068770323979284,0.8445253182095287,2770,0,26195,123031,67984,148,-0.0425307987310124,0.022011905908584595,0.022024477987335284,-0.0048825129194121075,ISIC_0013207,0,514.1643706053542,0.14234064828850673,ISIC_0013207,0.6694414445661914,0.730890370441428,1.0,2.87379615259213,0.16445770859718323,0.16452376544475555,0.1642877618571977,0.18646961450576782,0.18623314823791096,0.16420867025057567,canonical_letterbox_valid,3d99874f14ae5f316eec36e21141043d75bd4fd17ccfb31e3174198dee269596,0.42488063059489173,abs_hard,0,0,P2-IMA-M-v2,2,584735b49fc3c10f04859aff,AbsHard-1,17,ISIC_0013207_A03_T1_S1_584735b49fc3c10f04859aff.png,S1,0.7145482301712036,0.7148867006503887,val,M,0.6694414445661914,T1,254770
1.0,1.0,A00,0.030201833695173264,0.03143808740095133,0.24258691698039198,0.03304635991796345,0.859432941686616,0,0.003191439330170391,0.0030153508771929823,cdfa7966292d334f35a671cfb33ac823ef2f659d99670c319a635c2b862fa168,4659.490100858677,0.9052309391982811,0.9054658965220598,0.9345081335838005,0,0,73,96417,31957,0,-0.029277194385519345,-0.019248783588409424,-0.01966761949799952,-0.00023495732377865064,ISIC_0013216,0,80.09993757800315,0.01719070882095916,ISIC_0013216,0.8268693111726818,0.8770673554994228,1.0,1.025797670221109,0.06349065154790878,0.06353136152029037,0.06561687561712005,0.04424186795949936,0.04586799850063681,0.06553561799863633,canonical_letterbox_valid,3d99874f14ae5f316eec36e21141043d75bd4fd17ccfb31e3174198dee269596,0.5969929944219883,abs_hard,0,0,P2-IMA-M-v2,2,5841e4dd9fc3c156c3ef35d6,AbsHard-1,17,ISIC_0013216_A00_T2_S2_5841e4dd9fc3c156c3ef35d6.png,S2,0.903220534324646,0.9003668514036787,val,M,0.8268693111726818,T2,460486
1.0,1.0,A03,0.022769400849938393,0.022019738888968715,0.6553251251167855,0.3213446302804184,0.8967316145244354,0,0.003191439330170391,0.0030153508771929823,cdfa7966292d334f35a671cfb33ac823ef2f659d99670c319a635c2b862fa168,4659.490100858677,0.9305185292846461,0.9306214970254605,0.9552957562533662,2331,0,2343,70333,29687,0,-0.02477722696872009,-0.01491491124033928,-0.014180451913922976,-0.00010296774081441917,ISIC_0013216,0,86.1312943743591,0.018485133031720863,ISIC_0013216,0.8700651247957026,0.9144174171508855,1.0,1.025797670221109,0.05002633109688759,0.05015287920832634,0.04931314191284954,0.03511141985654831,0.034987962530997244,0.04916841444492022,canonical_letterbox_valid,3d99874f14ae5f316eec36e21141043d75bd4fd17ccfb31e3174198dee269596,0.5969929944219883,abs_hard,0,0,P2-IMA-M-v2,2,58a49742d8311352d32caf26,AbsHard-1,17,ISIC_0013216_A03_T3_S1_58a49742d8311352d32caf26.png,S1,0.9227167367935181,0.9236829099991283,val,M,0.8700651247957026,T3,486570
1.0,1.0,A00,0.006126916501671076,0.0064019258070568035,0.8912961292115364,0.5957843204959984,1.0,0,0.0015778452802699984,0.0016544117647058823,cdfa7966292d334f35a671cfb33ac823ef2f659d99670c319a635c2b862fa168,5147.6254720016295,0.9565005040420149,0.957405259721481,0.9429158705344218,13017,4523,0,16196,0,14746,0.013584633507593091,0.00821811705827713,0.008264570320061667,-0.0009047556794661293,ISIC_0013325,0,36.0,0.006993515786221637,ISIC_0013325,0.9166276627320259,0.8919969983951274,1.0,0.8602762244583539,0.026484865695238113,0.025851938873529434,0.027343382685629046,0.034702982753515244,0.036249146369090275,0.027984576049028608,canonical_letterbox_valid,3d99874f14ae5f316eec36e21141043d75bd4fd17ccfb31e3174198dee269596,0.640149172590483,abs_hard,0,0,P2-IMA-M-v2,2,5841e5299fc3c156c3ef371d,AbsHard-1,17,ISIC_0013325_A00_T2_S2_5841e5299fc3c156c3ef371d.png,S2,0.9531571865081787,0.9504327737089996,val,M,0.9166276627320259,T2,321179
1.0,1.0,A03,0.04480467364192009,0.04347790734880222,0.04287187740853243,0.0,0.556237550725817,0,0.0015778452802699984,0.0016544117647058823,cdfa7966292d334f35a671cfb33ac823ef2f659d99670c319a635c2b862fa168,5147.6254720016295,0.8511467617949579,0.8500777129783831,0.8784086165047049,118004,19269,0,0,0,0,-0.02726185470974707,-0.018335625529289246,-0.01802430010123543,0.0010690488165747691,ISIC_0013325,0,90.24411338142782,0.017531211987405298,ISIC_0013325,0.7408663991971522,0.7831806034094677,1.0,0.8602762244583539,0.09773635119199753,0.09914189577102661,0.09758052698204923,0.07940072566270828,0.07814153489633772,0.09616583499757315,canonical_letterbox_valid,3d99874f14ae5f316eec36e21141043d75bd4fd17ccfb31e3174198dee269596,0.640149172590483,abs_hard,0,0,P2-IMA-M-v2,2,58a498a8d8311352d32caf4a,AbsHard-1,17,ISIC_0013325_A03_T1_S1_58a498a8d8311352d32caf4a.png,S1,0.8493319749832153,0.8511462373536559,val,M,0.7408663991971522,T1,337375
1.0,1.0,A00,0.44080910086631775,0.4423198772956997,0.0,0.0,0.015345616631790267,0,0.03437260895312762,0.034489889705882355,cdfa7966292d334f35a671cfb33ac823ef2f659d99670c319a635c2b862fa168,5147.6254720016295,0.3101565927451221,0.31005949577002645,0.3670554815025239,0,0,0,1868038,419766,0,-0.05689888875740179,-0.1291271150112152,-0.1294923786004858,9.709697509563409e-05,ISIC_0013411,0,1088.583850039814,0.2114730094410935,ISIC_0013411,0.18354161776975905,0.2247813549968392,1.0,2.6960818770987114,0.5650701522827148,0.5622591972351074,0.5641119117032788,0.43594303727149963,0.4374844626995904,0.5669768413000762,canonical_letterbox_valid,3d99874f14ae5f316eec36e21141043d75bd4fd17ccfb31e3174198dee269596,0.5181070447998013,abs_hard,0,0,P2-IMA-M-v2,2,5841e5699fc3c156c3ef381f,AbsHard-1,17,ISIC_0013411_A00_T2_S2_5841e5699fc3c156c3ef381f.png,S2,0.31066879630088806,0.3083661946955473,val,M,0.0,T2,419939
1.0,1.0,A03,0.5320670008659363,0.5308433957418669,0.0,0.0,0.0,0,0.03437260895312762,0.034489889705882355,cdfa7966292d334f35a671cfb33ac823ef2f659d99670c319a635c2b862fa168,5147.6254720016295,0.6936218885985969,0.6937897883552014,0.6048513441367612,2021234,0,419766,0,0,0,0.08877054446183563,0.013007044792175293,0.013219966315564047,-0.00016789975660458367,ISIC_0013411,0,685.7936614673608,0.13322524437674235,ISIC_0013411,0.5309503294222538,0.43353899356517933,1.0,2.6960818770987114,0.42082005739212036,0.42546921968460083,0.42475169060827433,0.43382710218429565,0.4333285009028363,0.42010853458727226,canonical_letterbox_valid,3d99874f14ae5f316eec36e21141043d75bd4fd17ccfb31e3174198dee269596,0.5181070447998013,abs_hard,0,0,P2-IMA-M-v2,2,58a4992bd8311352d32caf56,AbsHard-1,17,ISIC_0013411_A03_T1_S1_58a4992bd8311352d32caf56.png,S1,0.6904268860816956,0.6906263265673224,val,M,0.0,T1,2287977
1.0,1.0,A00,0.30546021461486816,0.30457227230721445,0.0,0.0,0.0,0,0.030786402925531916,0.030721507352941175,cdfa7966292d334f35a671cfb33ac823ef2f659d99670c319a635c2b862fa168,3612.2104036171536,0.6248010763603528,0.5538146020395665,0.5737709577647045,1040445,42996,142215,0,0,0,0.05103011859564821,0.028712332248687744,0.028917380082072452,0.07098647432078631,ISIC_0013511,0,387.8809834573607,0.10738050670275157,ISIC_0013511,0.4543350533657585,0.4022993087179369,1.0,1.7807062462539707,0.3458094000816345,0.36386436223983765,0.36330011684245284,0.37452173233032227,0.37420825754264386,0.3452908774605714,canonical_letterbox_valid,3d99874f14ae5f316eec36e21141043d75bd4fd17ccfb31e3174198dee269596,0.419641768376638,abs_hard,0,0,P2-IMA-M-v2,2,5841e5b09fc3c156c3ef394b,AbsHard-1,17,ISIC_0013511_A00_T2_S2_5841e5b09fc3c156c3ef394b.png,S2,0.6138414144515991,0.6139905173860717,val,M,0.0,T2,866302
1.0,1.0,A03,0.17805731296539307,0.1780099487647697,0.14280240132839442,0.07952696077816758,0.2898694649186969,0,0.030786402925531916,0.030721507352941175,cdfa7966292d334f35a671cfb33ac823ef2f659d99670c319a635c2b862fa168,3612.2104036171536,0.6396871445393153,0.6961333476717927,0.6895599997331715,16875,1317,3146,450988,139069,41679,-0.0498728551938562,0.057109832763671875,0.057134007071616366,-0.05644620313247739,ISIC_0013511,0,487.28472165746507,0.13489931848087075,ISIC_0013511,0.47025001783334486,0.5262049384884199,1.0,1.7807062462539707,0.37033504247665405,0.361287921667099,0.3613551731068169,0.4274448752403259,0.42755250765674496,0.3704185005851286,canonical_letterbox_valid,3d99874f14ae5f316eec36e21141043d75bd4fd17ccfb31e3174198dee269596,0.419641768376638,abs_hard,0,0,P2-IMA-M-v2,2,58a4a061d8311352d32caf6f,AbsHard-1,17,ISIC_0013511_A03_T1_S1_58a4a061d8311352d32caf6f.png,S1,0.43738722801208496,0.4371729475945126,val,M,0.0,T1,415314
1.0,1.0,A00,0.4938131868839264,0.49240737963345865,0.016425782872331592,0.007913876920371325,0.04091405236711082,0,0.06978202160493827,0.07028965643274854,cdfa7966292d334f35a671cfb33ac823ef2f659d99670c319a635c2b862fa168,4659.490100858677,0.6955514068872612,0.6855741518371832,0.7526254636631068,2544274,442143,121599,136549,136549,57,-0.05707405677584554,-0.04411950707435608,-0.043829082053246204,0.009977255050078071,ISIC_0013573,0,607.7336990017725,0.13042922848785019,ISIC_0013573,0.533214885247032,0.6033676668383074,1.0,2.2784825904342654,0.389312744140625,0.3902883529663086,0.38945908956248776,0.3451932370662689,0.3446422674611329,0.3884713495143791,canonical_letterbox_valid,3d99874f14ae5f316eec36e21141043d75bd4fd17ccfb31e3174198dee269596,0.6546697044518507,abs_hard,0,0,P2-IMA-M-v2,2,5841e5da9fc3c156c3ef3a05,AbsHard-1,17,ISIC_0013573_A00_T2_S1_5841e5da9fc3c156c3ef3a05.png,S1,0.715187668800354,0.7154646806047005,val,M,0.0,T2,3062340
1.0,1.0,A03,0.5034540295600891,0.504448866947488,0.0,0.0,0.0,0,0.06978202160493827,0.07028965643274854,cdfa7966292d334f35a671cfb33ac823ef2f659d99670c319a635c2b862fa168,4659.490100858677,0.49865911855701067,0.49652637580379844,0.4780133656421834,0,0,0,2136402,258148,442200,0.020645752914827287,0.008351564407348633,0.008214393483488625,0.0021327427532122356,ISIC_0013573,0,1468.0760196734366,0.3150722477987219,ISIC_0013573,0.33214250322533856,0.3140719864756731,1.0,2.2784825904342654,0.5193624496459961,0.5164011120796204,0.5171900003771772,0.5277140140533447,0.5283891409411978,0.5201747474577092,canonical_letterbox_valid,3d99874f14ae5f316eec36e21141043d75bd4fd17ccfb31e3174198dee269596,0.6546697044518507,abs_hard,0,0,P2-IMA-M-v2,2,58471d5e9fc3c10f04859a61,AbsHard-1,17,ISIC_0013573_A03_T3_S1_58471d5e9fc3c10f04859a61.png,S1,0.46472904086112976,0.46409937203206963,val,M,0.0,T3,1062487
1.0,1.0,A00,0.045317891985177994,0.04531488681931669,0.15600725251692407,0.05016382329680262,0.4411030404796912,0,0.002524683464698977,0.002458639705882353,cdfa7966292d334f35a671cfb33ac823ef2f659d99670c319a635c2b862fa168,5147.6254720016295,0.8968334071741849,0.8982899306125396,0.9025133865247448,0,0,0,236118,22618,8214,-0.005679979350559861,0.07900106906890869,0.07899693312000562,-0.0014565234383546732,ISIC_0013615,0,101.83319694480774,0.019782557510970276,ISIC_0013615,0.8129628045360786,0.8223456900917302,1.0,4.0338174469236225,0.08668604493141174,0.08424937725067139,0.08429606366833688,0.16568711400032043,0.16572648672923623,0.08672955360923061,canonical_letterbox_valid,3d99874f14ae5f316eec36e21141043d75bd4fd17ccfb31e3174198dee269596,0.6424734694613476,abs_hard,0,0,P2-IMA-M-v2,2,5841e5f79fc3c156c3ef3a83,AbsHard-1,17,ISIC_0013615_A00_T2_S2_5841e5f79fc3c156c3ef3a83.png,S2,0.8719457983970642,0.8718557796008555,val,M,0.8129628045360786,T2,1026294
1.0,1.0,A03,0.04233352839946747,0.04224712730331233,0.5346134900494103,0.3225936830520917,0.7549005155173486,0,0.002524683464698977,0.002458639705882353,cdfa7966292d334f35a671cfb33ac823ef2f659d99670c319a635c2b862fa168,5147.6254720016295,0.9229786545552975,0.924231539930283,0.9230960809365596,142152,4798,11293,58738,11325,3416,-0.00011742638126210903,0.07587376981973648,0.07589637477328554,-0.0012528853749854685,ISIC_0013615,0,141.6756859873987,0.02752253184657368,ISIC_0013615,0.8569734095420358,0.8571758952640416,1.0,4.0338174469236225,0.07395615428686142,0.07142551243305206,0.07137324678487693,0.1498299241065979,0.1498309618682733,0.07393458709498776,canonical_letterbox_valid,3d99874f14ae5f316eec36e21141043d75bd4fd17ccfb31e3174198dee269596,0.6424734694613476,abs_hard,0,0,P2-IMA-M-v2,2,58a4a0ecd8311352d32caf84,AbsHard-1,17,ISIC_0013615_A03_T3_S1_58a4a0ecd8311352d32caf84.png,S1,0.8944212198257446,0.8943779531133368,val,M,0.8569734095420358,T3,1203674
1.0,1.0,A00,0.1284397542476654,0.1289994794929569,0.11388999597560479,0.02936408405469061,0.34546960574947844,0,0.009453724399421432,0.00942095588235294,cdfa7966292d334f35a671cfb33ac823ef2f659d99670c319a635c2b862fa168,5147.6254720016295,0.8690603929764261,0.8716655743195447,0.8656492741703055,0,0,1879,727788,47066,66506,0.003411118806120661,0.009123101830482483,0.009045631815495808,-0.002605181343118601,ISIC_0013651,0,286.6434195695257,0.05568459110488972,ISIC_0013651,0.7684410268941188,0.7631231280229899,1.0,1.977729927119861,0.14255507290363312,0.1408427655696869,0.14132416789364416,0.1516781747341156,0.1521164652656852,0.1430708334501894,canonical_letterbox_valid,3d99874f14ae5f316eec36e21141043d75bd4fd17ccfb31e3174198dee269596,0.5437844395941003,abs_hard,0,0,P2-IMA-M-v2,2,5841e6109fc3c156c3ef3aef,AbsHard-1,17,ISIC_0013651_A00_T2_S1_5841e6109fc3c156c3ef3aef.png,S1,0.8433296084403992,0.8428578125925781,val,M,0.7684410268941188,T2,2415204
1.0,1.0,A03,0.23350845277309418,0.23358894860813484,0.16007737999464658,0.08310296766942477,0.20245989270950196,0,0.009453724399421432,0.00942095588235294,cdfa7966292d334f35a671cfb33ac823ef2f659d99670c319a635c2b862fa168,5147.6254720016295,0.8367631056100253,0.8333743162635678,0.8480501036178133,1131283,66506,17586,68334,31359,0,-0.011286998007787985,-0.007458627223968506,-0.00743573361653499,0.003388789346457477,ISIC_0013651,0,407.22383270485653,0.07910906395964147,ISIC_0013651,0.7193402389878986,0.7361866225963465,1.0,1.977729927119861,0.20041188597679138,0.20234143733978271,0.20242506581134356,0.19295325875282288,0.19305253157034624,0.20048826518688123,canonical_letterbox_valid,3d99874f14ae5f316eec36e21141043d75bd4fd17ccfb31e3174198dee269596,0.5437844395941003,abs_hard,0,0,P2-IMA-M-v2,2,58909e87d831135f264ceb89,AbsHard-1,17,ISIC_0013651_A03_T1_S1_58909e87d831135f264ceb89.png,S1,0.8326846957206726,0.8326124182343724,val,M,0.7193402389878986,T1,3074658
1.0,1.0,A00,0.19508051872253418,0.1941856049572809,0.0,0.0,0.0,0,0.008204122340425533,0.008272058823529412,cdfa7966292d334f35a671cfb33ac823ef2f659d99670c319a635c2b862fa168,3612.2104036171536,0.3818975916143255,0.39206241432762395,0.3910132648889293,0,0,0,445794,33085,16271,-0.009115673274603775,-0.00835844874382019,-0.008088500815417732,-0.010164822713298438,ISIC_0013721,0,363.9704646364349,0.10076114732186318,ISIC_0013721,0.2360157117591412,0.24301832722190655,1.0,3.2916699162554806,0.406281441450119,0.39212316274642944,0.39069759265514026,0.39792299270629883,0.39673806634534503,0.40482656716076276,canonical_letterbox_valid,3d99874f14ae5f316eec36e21141043d75bd4fd17ccfb31e3174198dee269596,0.5015491330579692,abs_hard,0,0,P2-IMA-M-v2,2,5841e6419fc3c156c3ef3bc1,AbsHard-1,17,ISIC_0013721_A00_T2_S1_5841e6419fc3c156c3ef3bc1.png,S1,0.38251763582229614,0.3845324706357553,val,M,0.0,T2,137718
1.0,1.0,A03,0.09704906493425369,0.09691684268105179,0.16446419392813919,0.06311861947452972,0.29646367808393104,0,0.008204122340425533,0.008272058823529412,cdfa7966292d334f35a671cfb33ac823ef2f659d99670c319a635c2b862fa168,3612.2104036171536,0.840318466208584,0.8342679753152638,0.8459596394072707,201368,16121,19415,14779,13670,150,-0.005641173198686733,0.01005999743938446,0.010122108116113304,0.006050490893320215,ISIC_0013721,0,216.22673285234646,0.05985994964075842,ISIC_0013721,0.7246114055651819,0.733041640738436,1.0,3.2916699162554806,0.14886897802352905,0.15446819365024567,0.15442103847666755,0.1589289754629135,0.15891953372922987,0.14879742561311657,canonical_letterbox_valid,3d99874f14ae5f316eec36e21141043d75bd4fd17ccfb31e3174198dee269596,0.5015491330579692,abs_hard,0,0,P2-IMA-M-v2,2,5847290e9fc3c10f04859abe,AbsHard-1,17,ISIC_0013721_A03_T1_S1_5847290e9fc3c10f04859abe.png,S1,0.799311101436615,0.7993219914548186,val,M,0.7246114055651819,T1,568733
1.0,1.0,A00,0.01780715212225914,0.01800488856972631,0.4020097659840816,0.07307296973396592,0.9934583280069559,0,0.0017584020732014087,0.0018152573529411765,cdfa7966292d334f35a671cfb33ac823ef2f659d99670c319a635c2b862fa168,5147.6254720016295,0.9134956395113314,0.9097063787356118,0.92752798809648,124,0,482,79953,17777,3215,-0.014032348585148569,-0.008831985294818878,-0.009332213742246902,0.003789260775719616,ISIC_0013733,0,46.31413967108893,0.008997185192084284,ISIC_0013733,0.840765737102496,0.8648505301786102,1.0,0.7895038016219105,0.05627928674221039,0.05819495767354965,0.05933933346226857,0.04744730144739151,0.048072698183507546,0.05740491192575445,canonical_letterbox_valid,3d99874f14ae5f316eec36e21141043d75bd4fd17ccfb31e3174198dee269596,0.7747313625567764,abs_hard,0,0,P2-IMA-M-v2,2,5841e6499fc3c156c3ef3be5,AbsHard-1,17,ISIC_0013733_A00_T2_S2_5841e6499fc3c156c3ef3be5.png,S2,0.9052485823631287,0.9031950647182174,val,M,0.840765737102496,T2,422811
1.0,1.0,A03,0.011521859094500542,0.011168717153491445,0.8118097399172141,0.49582690790945155,0.9900631029230434,0,0.0017584020732014087,0.0018152573529411765,cdfa7966292d334f35a671cfb33ac823ef2f659d99670c319a635c2b862fa168,5147.6254720016295,0.9457260054637142,0.9437711143441916,0.954840399891015,8192,837,3602,44416,14657,2378,-0.009114394427300776,-0.006134737282991409,-0.005904110591590309,0.001954891119522628,ISIC_0013733,0,39.81205847478876,0.007734062761817059,ISIC_0013733,0.8970400582437627,0.9135833415216663,1.0,0.7895038016219105,0.04011925309896469,0.040514059364795685,0.04011950203598936,0.03398451581597328,0.033970032119755404,0.03987414271134571,canonical_letterbox_valid,3d99874f14ae5f316eec36e21141043d75bd4fd17ccfb31e3174198dee269596,0.7747313625567764,abs_hard,0,0,P2-IMA-M-v2,2,58a4a1c7d8311352d32caf99,AbsHard-1,17,ISIC_0013733_A03_T3_S1_58a4a1c7d8311352d32caf99.png,S1,0.9312833547592163,0.9314204317308,val,M,0.8970400582437627,T3,458348
1.0,1.0,A00,0.08274473249912262,0.08342002775507479,0.0466171150717184,0.028183350502901078,0.11671606225333235,0,0.014864450570182795,0.015050551470588236,cdfa7966292d334f35a671cfb33ac823ef2f659d99670c319a635c2b862fa168,5147.6254720016295,0.7617250018436321,0.7595091585504156,0.8307957795089241,1552,0,6097,476644,175431,0,-0.06907077766529202,-0.03951151669025421,-0.039617018076092775,0.0022158432932165573,ISIC_0013747,0,268.6759199247309,0.052194146871422945,ISIC_0013747,0.6151501104179141,0.7105651561538008,1.0,1.2553342655730477,0.16626310348510742,0.16582483053207397,0.16652762422829567,0.1267515867948532,0.12741004655197657,0.16702706462806935,canonical_letterbox_valid,3d99874f14ae5f316eec36e21141043d75bd4fd17ccfb31e3174198dee269596,0.6685680122307494,abs_hard,0,0,P2-IMA-M-v2,2,5841e6529fc3c156c3ef3c0f,AbsHard-1,17,ISIC_0013747_A00_T2_S1_5841e6529fc3c156c3ef3c0f.png,S1,0.7502185106277466,0.7493658984989361,val,M,0.0,T2,764356
1.0,1.0,A06,0.09890636801719666,0.09925206113850013,0.0,0.0,0.013784530204078934,0,0.014864450570182795,0.015050551470588236,cdfa7966292d334f35a671cfb33ac823ef2f659d99670c319a635c2b862fa168,5147.6254720016295,0.8212370172089192,0.8233044213530278,0.7459121595695772,540270,0,181528,0,0,0,0.07532485763934194,0.06470231711864471,0.06451847193416613,-0.0020674041441086644,ISIC_0013747,0,190.60771065938857,0.03702827870755556,ISIC_0013747,0.6966939318576072,0.5947846199621618,1.0,1.2553342655730477,0.14305059611797333,0.14403632283210754,0.1443684697728832,0.20775291323661804,0.20787849616975126,0.14336002423558514,canonical_letterbox_valid,3d99874f14ae5f316eec36e21141043d75bd4fd17ccfb31e3174198dee269596,0.6685680122307494,abs_hard,0,0,P2-IMA-M-v2,2,58473f729fc3c10f04859b7b,AbsHard-1,17,ISIC_0013747_A06_T1_S1_58473f729fc3c10f04859b7b.png,S1,0.81280517578125,0.8125320126673299,val,M,0.6966939318576072,T1,1241000
1.0,1.0,A00,0.004857299383729696,0.005198218626998622,0.9642511320497359,0.7604356410347073,1.0,0,0.0021319622044273017,0.002297794117647059,cdfa7966292d334f35a671cfb33ac823ef2f659d99670c319a635c2b862fa168,5147.6254720016295,0.9707569616150877,0.9702478056642287,0.9559414695077315,9632,6090,0,15453,0,19946,0.01481549210735622,0.009728645905852318,0.009986151805078707,0.000509155950858986,ISIC_0013766,0,25.0,0.004856608184876136,ISIC_0013766,0.9431756401659992,0.9156014165767219,1.0,0.9764324801644291,0.0188502948731184,0.01917657069861889,0.02044276948988706,0.02857894077897072,0.030046230243664176,0.02006007843858547,canonical_letterbox_valid,3d99874f14ae5f316eec36e21141043d75bd4fd17ccfb31e3174198dee269596,0.744718878058585,abs_hard,0,0,P2-IMA-M-v2,2,5841e6609fc3c156c3ef3c48,AbsHard-1,17,ISIC_0013766_A00_T2_S2_5841e6609fc3c156c3ef3c48.png,S2,0.967156708240509,0.9650780617498277,val,M,0.9431756401659992,T2,416363
1.0,1.0,A03,0.008746911771595478,0.007409203844638669,0.938040862733011,0.6970108246399054,1.0,0,0.0021319622044273017,0.002297794117647059,cdfa7966292d334f35a671cfb33ac823ef2f659d99670c319a635c2b862fa168,5147.6254720016295,0.9644769543163126,0.9691270179483213,0.9786580156775598,30471,19071,0,1246,0,6965,-0.014181061361247194,-0.007364870980381966,-0.005545980180726259,-0.004650063632008705,ISIC_0013766,0,29.410882339705484,0.005713485275817707,ISIC_0013766,0.9313911055253554,0.9582079564924604,1.0,0.9764324801644291,0.026028508320450783,0.02320067398250103,0.021141324930948023,0.018663637340068817,0.018235021576097396,0.023781001756823655,canonical_letterbox_valid,3d99874f14ae5f316eec36e21141043d75bd4fd17ccfb31e3174198dee269596,0.744718878058585,abs_hard,0,0,P2-IMA-M-v2,2,58a4a227d8311352d32cafa5,AbsHard-1,17,ISIC_0013766_A03_T3_S1_58a4a227d8311352d32cafa5.png,S1,0.9566898941993713,0.9598472003309914,val,M,0.9313911055253554,T3,430570
1.0,1.0,A00,0.010329432785511017,0.01049524132348849,0.9664138156134475,0.7141094470614685,1.0,0,0.0014102393617021276,0.0014705882352941176,cdfa7966292d334f35a671cfb33ac823ef2f659d99670c319a635c2b862fa168,3612.2104036171536,0.9830253422431692,0.983284097554609,0.9810971751433815,10692,293,4669,16313,2470,1052,0.0019281670997877143,0.010721774771809578,0.010616355531518722,-0.0002587553114398178,ISIC_0013801,0,16.9290611216296,0.004686620996572451,ISIC_0013801,0.9666173436528451,0.9628957258818504,1.0,1.8073090158860865,0.017437223345041275,0.017406903207302094,0.01792360865966519,0.028158998116850853,0.028413653272481413,0.01779729774096269,canonical_letterbox_valid,3d99874f14ae5f316eec36e21141043d75bd4fd17ccfb31e3174198dee269596,0.6819642478164356,abs_hard,0,0,P2-IMA-M-v2,2,5841e6779fc3c156c3ef3cb1,AbsHard-1,17,ISIC_0013801_A00_T2_S1_5841e6779fc3c156c3ef3cb1.png,S1,0.9754549860954285,0.9749006458415631,val,M,0.9666173436528451,T2,781948
1.0,1.0,A03,0.03613629192113876,0.035995231794573854,0.6294688307382884,0.3222585391481882,0.876940513595667,0,0.0014102393617021276,0.0014705882352941176,cdfa7966292d334f35a671cfb33ac823ef2f659d99670c319a635c2b862fa168,3612.2104036171536,0.9557644905964242,0.9572887573071936,0.9524250178546825,72539,1288,6832,1238,307,57,0.0033394727417417336,0.0075868479907512665,0.007719557257424327,-0.0015242667107694396,ISIC_0013801,0,67.49666066724136,0.018685694664865683,ISIC_0013801,0.9152767570050528,0.9091712136005973,1.0,1.8073090158860865,0.04180760309100151,0.0400947742164135,0.04005786181123856,0.04939445108175278,0.04947265964351669,0.04175310238609236,canonical_letterbox_valid,3d99874f14ae5f316eec36e21141043d75bd4fd17ccfb31e3174198dee269596,0.6819642478164356,abs_hard,0,0,P2-IMA-M-v2,2,58473db19fc3c10f04859b61,AbsHard-1,17,ISIC_0013801_A03_T3_S1_58473db19fc3c10f04859b61.png,S1,0.9525210857391357,0.9524890270223891,val,M,0.9152767570050528,T3,797023
1.0,1.0,A00,0.17661428451538086,0.1766653546822265,0.39580162133275243,0.24004024346230257,0.64287368697712,0,0.025852293570769746,0.025942095588235296,cdfa7966292d334f35a671cfb33ac823ef2f659d99670c319a635c2b862fa168,5147.6254720016295,0.9503003579952432,0.9516680604973415,0.9368999633663968,469527,50408,1187,254015,21,264098,0.013400394628846346,0.0013534575700759888,0.0013506421383266964,-0.001367702502098389,ISIC_0013813,0,261.8440367823649,0.05086695568792967,ISIC_0013814,0.9053069277801437,0.8812905005000004,1.0,1.4022651801995454,0.13613349199295044,0.14103233814239502,0.14107046033953413,0.13748694956302643,0.13751802238480063,0.13616738024647393,canonical_letterbox_valid,3d99874f14ae5f316eec36e21141043d75bd4fd17ccfb31e3174198dee269596,0.5446639961445577,abs_hard,0,0,P2-IMA-M-v2,2,5841e67f9fc3c156c3ef3cd8,AbsHard-1,17,ISIC_0013814_A00_T2_S2_5841e67f9fc3c156c3ef3cd8.png,S2,0.90434730052948,0.9043305941892786,val,M,0.9053069277801437,T2,6917376
1.0,1.0,A03,0.27147987484931946,0.27166696507236904,0.2097410992010104,0.116812133993857,0.33322829465941806,0,0.025852293570769746,0.025942095588235296,cdfa7966292d334f35a671cfb33ac823ef2f659d99670c319a635c2b862fa168,5147.6254720016295,0.9151168774569364,0.9116190470227679,0.9264258227776332,1192708,232559,247,116135,961,81947,-0.011308945320696817,-0.02638159692287445,-0.026423041410302772,0.003497830434168514,ISIC_0013813,0,296.87605583131875,0.0576724273057651,ISIC_0013814,0.8435165580895204,0.8629360154456704,1.0,1.4022651801995454,0.1927015334367752,0.2039949595928192,0.20407467710222135,0.16631993651390076,0.16637080507061983,0.1927938464809226,canonical_letterbox_valid,3d99874f14ae5f316eec36e21141043d75bd4fd17ccfb31e3174198dee269596,0.5446639961445577,abs_hard,0,0,P2-IMA-M-v2,2,58a4a2a8d8311352d32cafb4,AbsHard-1,17,ISIC_0013814_A03_T1_S1_58a4a2a8d8311352d32cafb4.png,S1,0.886076807975769,0.8860792721105238,val,M,0.8435165580895204,T1,7055256
1.0,1.0,A00,0.05012333765625954,0.04990253717439727,0.40062887143487647,0.1972215093693008,0.5886262244473178,0,0.03149152260638298,0.03166360294117647,cdfa7966292d334f35a671cfb33ac823ef2f659d99670c319a635c2b862fa168,3612.2104036171536,0.8612196586133859,0.8721229065786338,0.9078691618648929,6885,0,61288,140145,128165,0,-0.04664950325150696,-0.01036997139453888,-0.010075162291899739,-0.010903247965247886,ISIC_0013986,0,125.0,0.03460485022545446,ISIC_0013986,0.7562649505915585,0.8312824161390273,1.0,2.4063754165239266,0.12890443205833435,0.12424707412719727,0.12390226898299189,0.11853446066379547,0.11845893490618421,0.12853409719808395,canonical_letterbox_valid,3d99874f14ae5f316eec36e21141043d75bd4fd17ccfb31e3174198dee269596,0.5472591773962034,abs_hard,0,0,P2-IMA-M-v2,2,5841e6f69fc3c156c3ef3edc,AbsHard-1,17,ISIC_0013986_A00_T2_S1_5841e6f69fc3c156c3ef3edc.png,S1,0.7923144698143005,0.7928343427782294,val,M,0.7562649505915585,T2,456207
1.0,1.0,A03,0.20720461010932922,0.20791381134219422,0.17688236298446303,0.0822144869882314,0.34947533808428255,0,0.03149152260638298,0.03166360294117647,cdfa7966292d334f35a671cfb33ac823ef2f659d99670c319a635c2b862fa168,3612.2104036171536,0.8047704117008867,0.7937955966313852,0.6349785231914421,282780,0,185037,4416,4416,0,0.1697918885094446,0.08845700323581696,0.08810218548443927,0.010974815069501487,ISIC_0013986,0,298.07549226408963,0.08251886212541945,ISIC_0013986,0.6733186825186661,0.4651784121932147,1.0,2.4063754165239266,0.2339174598455429,0.24401605129241943,0.2445194500042255,0.32237446308135986,0.3225489436608978,0.23444675817645855,canonical_letterbox_valid,3d99874f14ae5f316eec36e21141043d75bd4fd17ccfb31e3174198dee269596,0.5472591773962034,abs_hard,0,0,P2-IMA-M-v2,2,58473cb39fc3c10f04859b51,AbsHard-1,17,ISIC_0013986_A03_T1_S1_58473cb39fc3c10f04859b51.png,S1,0.7393696904182434,0.7390202949892771,val,M,0.6733186825186661,T1,591936
1.0,1.0,A00,0.07102234661579132,0.06958632106420976,0.15728066985701758,0.019930163846360458,0.4173744243545841,0,0.0040016462193946,0.003952205882352941,cdfa7966292d334f35a671cfb33ac823ef2f659d99670c319a635c2b862fa168,5147.6254720016295,0.6225844099234292,0.6453551080693276,0.6738893625082883,0,0,47,241569,48822,0,-0.05130495258485912,-0.035452768206596375,-0.03548865738716386,-0.022770698145898383,ISIC_0013185,0,642.5398794770757,0.12482257751110769,ISIC_0013998,0.4519946009096787,0.5081697887462276,1.0,0.6584585301410271,0.24151113629341125,0.22799380123615265,0.22353840960760576,0.20605836808681488,0.20141527249471314,0.236903929881877,canonical_letterbox_valid,3d99874f14ae5f316eec36e21141043d75bd4fd17ccfb31e3174198dee269596,0.46154650306021233,abs_hard,0,0,P2-IMA-M-v2,2,5841e6fe9fc3c156c3ef3f00,AbsHard-1,17,ISIC_0013998_A00_T2_S2_5841e6fe9fc3c156c3ef3f00.png,S2,0.5880000591278076,0.5957784613004558,val,M,0.0,T2,199246
1.0,1.0,A03,0.11066146939992905,0.11055679976618642,0.027873799971342598,0.0,0.13296000358277135,0,0.0040016462193946,0.003952205882352941,cdfa7966292d334f35a671cfb33ac823ef2f659d99670c319a635c2b862fa168,5147.6254720016295,0.6142002335825083,0.5896802681809308,0.5616697806010783,242051,0,39609,138162,9260,0,0.05253045298143,0.03942705690860748,0.03951165066482551,0.024519965401577526,ISIC_0013185,0,423.5012336422394,0.08227118230448165,ISIC_0013998,0.4432099416283722,0.3905012722570761,1.0,0.6584585301410271,0.24948237836360931,0.26400884985923767,0.2643740946181745,0.2889094352722168,0.2892811871204376,0.2497695364556121,canonical_letterbox_valid,3d99874f14ae5f316eec36e21141043d75bd4fd17ccfb31e3174198dee269596,0.46154650306021233,abs_hard,0,0,P2-IMA-M-v2,2,58a4a571d8311352d32cafe4,AbsHard-1,17,ISIC_0013998_A03_T1_S1_58a4a571d8311352d32cafe4.png,S1,0.611696720123291,0.6110177268549623,val,M,0.0,T1,302653
1.0,1.0,A00,0.10970659554004669,0.11037243275986616,0.004660721259419074,0.0,0.15925582877687808,0,0.01823918395207949,0.018129595588235296,cdfa7966292d334f35a671cfb33ac823ef2f659d99670c319a635c2b862fa168,5147.6254720016295,0.8709827982478644,0.8798149216968986,0.9199279560753065,0,0,0,540122,222741,0,-0.04894515782744213,-0.054954975843429565,-0.05505978488693308,-0.008832123449034168,ISIC_0013626,0,174.3872127894219,0.033877214598833714,ISIC_0014077,0.7714521947904563,0.851728327984987,1.0,1.536199146211628,0.1408771276473999,0.13078992068767548,0.1313641283506426,0.08592215180397034,0.08641782626988392,0.141477611156817,canonical_letterbox_valid,3d99874f14ae5f316eec36e21141043d75bd4fd17ccfb31e3174198dee269596,0.5153033239281686,abs_hard,0,0,P2-IMA-M-v2,2,5841e7399fc3c156c3ef3fed,AbsHard-1,17,ISIC_0014077_A00_T2_S2_5841e7399fc3c156c3ef3fed.png,S2,0.8279523253440857,0.8274172104462322,val,M,0.7714521947904563,T2,1823156
1.0,1.0,A03,0.45994895696640015,0.45999245404840516,0.023649655581152815,0.011774879031516201,0.08084047145714766,0,0.01823918395207949,0.018129595588235296,cdfa7966292d334f35a671cfb33ac823ef2f659d99670c319a635c2b862fa168,5147.6254720016295,0.7048602093487188,0.6975936838391235,0.6660207584825358,1932950,0,203013,25121,19728,0,0.03883945086618301,0.10265195369720459,0.10267582941904174,0.0072665255095953896,ISIC_0013626,0,650.2562927468919,0.12632160134487072,ISIC_0014077,0.5442348497333009,0.499273705132702,1.0,1.536199146211628,0.36378419399261475,0.38530856370925903,0.38525879414574815,0.46643614768981934,0.4664094020508256,0.36373357263178385,canonical_letterbox_valid,3d99874f14ae5f316eec36e21141043d75bd4fd17ccfb31e3174198dee269596,0.5153033239281686,abs_hard,0,0,P2-IMA-M-v2,2,58a4a5c0d8311352d32caff0,AbsHard-1,17,ISIC_0014077_A03_T1_S1_58a4a5c0d8311352d32caff0.png,S1,0.7323805689811707,0.7325253087848375,val,M,0.0,T1,2338157
1.0,1.0,A00,0.102021723985672,0.10138551464443682,0.2631544446441271,0.13340339726888725,0.552013180022986,0,0.013957572347182626,0.014177389705882353,cdfa7966292d334f35a671cfb33ac823ef2f659d99670c319a635c2b862fa168,5147.6254720016295,0.936366995504044,0.9350352395544839,0.931983569600426,426130,33458,52724,93087,33986,50285,0.004383425903617955,0.0202484130859375,0.020309216756334444,0.0013317559495601428,ISIC_0014151,0,173.18270568502157,0.033643221836354834,ISIC_0014151,0.880347818792797,0.872630366980165,1.0,2.3368671570345563,0.10187800228595734,0.10059043765068054,0.10015917133102367,0.12212641537189484,0.12170588506009988,0.10139666830376544,canonical_letterbox_valid,3d99874f14ae5f316eec36e21141043d75bd4fd17ccfb31e3174198dee269596,0.738365819709867,abs_hard,0,0,P2-IMA-M-v2,2,5841e7729fc3c156c3ef40cb,AbsHard-1,17,ISIC_0014151_A00_T2_S1_5841e7729fc3c156c3ef40cb.png,S1,0.8982657194137573,0.8985921780369059,val,M,0.880347818792797,T2,3820169
1.0,1.0,A03,0.12146841734647751,0.12106412470093773,0.3099388804711294,0.16013771197885343,0.5240610607953908,0,0.013957572347182626,0.014177389705882353,cdfa7966292d334f35a671cfb33ac823ef2f659d99670c319a635c2b862fa168,5147.6254720016295,0.9295543606811423,0.9284715873366317,0.9227016947839607,441243,33701,62946,131893,23764,50042,0.006852665897181587,0.016654014587402344,0.01665909372076879,0.001082773344510568,ISIC_0014151,0,215.9837956884729,0.04195794679765011,ISIC_0014151,0.8683807253142095,0.8564960051607283,1.0,2.3368671570345563,0.11508509516716003,0.115473173558712,0.11511765411799962,0.13173910975456238,0.13140042040651667,0.11474132668574788,canonical_letterbox_valid,3d99874f14ae5f316eec36e21141043d75bd4fd17ccfb31e3174198dee269596,0.738365819709867,abs_hard,0,0,P2-IMA-M-v2,2,58473f719fc3c10f04859b7a,AbsHard-1,17,ISIC_0014151_A03_T1_S1_58473f719fc3c10f04859b7a.png,S1,0.891298234462738,0.891581471329442,val,M,0.8683807253142095,T1,3781363
1.0,1.0,A00,0.0421205498278141,0.04164932088929625,0.5344214563066534,0.26395903540636356,0.75770713552019,0,0.0006436174115378165,0.0007352941176470588,cdfa7966292d334f35a671cfb33ac823ef2f659d99670c319a635c2b862fa168,5147.6254720016295,0.8055271177680836,0.8009345217839495,0.8166657242410712,43131,6022,0,55078,0,1838,-0.011138606472987589,-0.0063386037945747375,-0.005894533504407662,0.004592595984134085,ISIC_0014158,0,162.83825310040817,0.03163366371273497,ISIC_0014158,0.6743787404054973,0.6901394990162897,1.0,0.9115235015951753,0.11993671953678131,0.12388850748538971,0.12310553148406708,0.11359811574220657,0.11339318112834182,0.11928771463274948,canonical_letterbox_valid,3d99874f14ae5f316eec36e21141043d75bd4fd17ccfb31e3174198dee269596,0.6014506899450084,abs_hard,0,0,P2-IMA-M-v2,2,5841e7779fc3c156c3ef40e0,AbsHard-1,17,ISIC_0014158_A00_T2_S1_5841e7779fc3c156c3ef40e0.png,S1,0.8022471070289612,0.8030738916237973,val,M,0.6743787404054973,T2,203396
1.0,1.0,A03,0.002382879378274083,0.0022066941312689032,0.9920159680638723,0.9432568764043093,1.0,0,0.0006436174115378165,0.0007352941176470588,cdfa7966292d334f35a671cfb33ac823ef2f659d99670c319a635c2b862fa168,5147.6254720016295,0.9793444416311842,0.9783663790340906,0.9780543016576837,5565,3510,0,5122,0,4350,0.0012901399735004704,0.001532677561044693,0.001643519903666419,0.000978062597093543,ISIC_0014158,0,14.317821063276353,0.0027814418786199953,ISIC_0014158,0.959524918667318,0.9570511459113451,1.0,0.9115235015951753,0.015674205496907234,0.0160374753177166,0.016043416459208065,0.017206883057951927,0.017480031181134774,0.015836511277468355,canonical_letterbox_valid,3d99874f14ae5f316eec36e21141043d75bd4fd17ccfb31e3174198dee269596,0.6014506899450084,abs_hard,0,0,P2-IMA-M-v2,2,58471d6f9fc3c10f04859a63,AbsHard-1,17,ISIC_0014158_A03_T3_S1_58471d6f9fc3c10f04859a63.png,S1,0.9710344672203064,0.9705336715763322,val,M,0.959524918667318,T3,253352
1.0,1.0,A00,0.004959979560226202,0.004671044084518503,0.9541129202791288,0.6529742192886286,0.9626677852348993,0,0.0008722407974174073,0.0009650735294117647,cdfa7966292d334f35a671cfb33ac823ef2f659d99670c319a635c2b862fa168,5147.6254720016295,0.9598419166658788,0.9600870017494917,0.9480566695191592,8025,1473,1016,13212,541,7622,0.01178524714671958,0.004745114594697952,0.005184094461385118,-0.0002450850836128726,ISIC_0014225,0,25.96150997149434,0.005043395272772114,ISIC_0014225,0.922784653645341,0.9012431012664958,1.0,0.872317719539137,0.02871232107281685,0.0284266360104084,0.02876406182646223,0.0334574356675148,0.03425766254345526,0.029073568082070143,canonical_letterbox_valid,3d99874f14ae5f316eec36e21141043d75bd4fd17ccfb31e3174198dee269596,0.7518088461776311,abs_hard,0,0,P2-IMA-M-v2,2,5841e7b09fc3c156c3ef41a9,AbsHard-1,17,ISIC_0014225_A00_T2_S1_5841e7b09fc3c156c3ef41a9.png,S1,0.9475353360176086,0.9465239079203782,val,M,0.922784653645341,T2,253799
1.0,1.0,A03,0.0061118947342038155,0.006358122706118836,0.8784322928889932,0.6252538622123206,0.9980081769577525,0,0.0008722407974174073,0.0009650735294117647,cdfa7966292d334f35a671cfb33ac823ef2f659d99670c319a635c2b862fa168,5147.6254720016295,0.9464377270396753,0.9461833338182665,0.9513982552300054,22726,5800,850,6734,707,3295,-0.004960528190330105,-0.0006268210709095001,-0.001639246888544152,0.0002543932214088551,ISIC_0014225,0,37.90376724827584,0.00736334985022466,ISIC_0014225,0.898321581296141,0.9073018044984179,1.0,0.872317719539137,0.03289427235722542,0.032914772629737854,0.034714823237093045,0.03226745128631592,0.03313069398186811,0.03476994087041226,canonical_letterbox_valid,3d99874f14ae5f316eec36e21141043d75bd4fd17ccfb31e3174198dee269596,0.7518088461776311,abs_hard,0,0,P2-IMA-M-v2,2,58471ffd9fc3c10f04859a7c,AbsHard-1,17,ISIC_0014225_A03_T3_S1_58471ffd9fc3c10f04859a7c.png,S1,0.9403233528137207,0.9368182409652943,val,M,0.898321581296141,T3,260277
1.0,1.0,A00,0.06601912528276443,0.06732607231417251,0.5117194409597009,0.31178630774870103,0.8224687419054239,0,0.013818572748873456,0.013797514619883041,cdfa7966292d334f35a671cfb33ac823ef2f659d99670c319a635c2b862fa168,7917.522655477533,0.9755576808045962,0.9736798822848431,0.9823988532881522,68188,53098,15339,634646,246505,85376,-0.0068411724835560905,-0.003017846494913101,-0.0032202304084639408,0.0018777985197530045,ISIC_0011454,0,119.22080344752646,0.01505784178148788,ISIC_0014699,0.9522817073496127,0.9654065902564635,1.0,1.2607819610420894,0.055776748806238174,0.057098980993032455,0.0580731528194053,0.05275890231132507,0.05343978428847875,0.05666001469694269,canonical_letterbox_valid,3d99874f14ae5f316eec36e21141043d75bd4fd17ccfb31e3174198dee269596,0.7171736554028272,abs_hard,0,0,P2-IMA-M-v2,2,5841e9169fc3c156c3ef4737,AbsHard-1,17,ISIC_0014699_A00_T2_S1_5841e9169fc3c156c3ef4737.png,S1,0.9544656276702881,0.9540060429202871,val,M,0.9522817073496127,T2,14025983
1.0,1.0,A09,0.11875347793102264,0.11919187488403975,0.1530505933356662,0.07568608539867325,0.3929082493114155,0,0.013818572748873456,0.013797514619883041,cdfa7966292d334f35a671cfb33ac823ef2f659d99670c319a635c2b862fa168,7917.522655477533,0.9475900677255077,0.9495235282837218,0.938472024483731,1477057,48489,246195,130254,15649,89985,0.009118043241776674,0.01680467277765274,0.0168496558375424,-0.001933460558214084,ISIC_0011454,0,242.40585801291786,0.03061637693517879,ISIC_0014699,0.900400156503231,0.8840765821808039,1.0,1.2607819610420894,0.09003733843564987,0.08802437782287598,0.08830671486116069,0.10684201121330261,0.10717321334674394,0.09032355750920154,canonical_letterbox_valid,3d99874f14ae5f316eec36e21141043d75bd4fd17ccfb31e3174198dee269596,0.7171736554028272,abs_hard,0,0,P2-IMA-M-v2,2,584715959fc3c10f048598ac,AbsHard-1,17,ISIC_0014699_A09_T1_S1_584715959fc3c10f048598ac.png,S1,0.9386788010597229,0.9385447598656367,val,M,0.900400156503231,T1,14530375
1.0,1.0,A00,0.04406321421265602,0.04611773883973942,0.12366969045169739,0.004964894684052156,0.7816959378639317,0,0.010085450071621026,0.010225183823529412,cdfa7966292d334f35a671cfb33ac823ef2f659d99670c319a635c2b862fa168,7978.809748327128,0.9153449066616571,0.9076894595336403,0.9591955472457507,0,0,10617,507409,285535,0,-0.0438506405840936,-0.034927304834127426,-0.036018061192997844,0.007655447128016801,ISIC_0011571,0,210.0,0.02631971517356076,ISIC_0014768,0.8439041242542971,0.9215905492212881,1.0,1.2249001162783195,0.06698539853096008,0.075215645134449,0.07795029184201066,0.03205809369683266,0.033533193421814,0.06955125461481185,canonical_letterbox_valid,3d99874f14ae5f316eec36e21141043d75bd4fd17ccfb31e3174198dee269596,0.5083281113416361,abs_hard,0,0,P2-IMA-M-v2,2,5841e9659fc3c156c3ef4806,AbsHard-1,17,ISIC_0014768_A00_T2_S2_5841e9659fc3c156c3ef4806.png,S2,0.9100924134254456,0.9070152296101157,val,M,0.8439041242542971,T2,2743215
1.0,1.0,A03,0.0223215501755476,0.023332934843698295,0.6368612797883589,0.402576411535286,0.8939770855961598,0,0.010085450071621026,0.010225183823529412,cdfa7966292d334f35a671cfb33ac823ef2f659d99670c319a635c2b862fa168,7978.809748327128,0.9578382420725999,0.962011383319793,0.9173365476020354,258393,0,272207,25529,23945,0,0.04050169447056451,0.03393940627574921,0.034097482388096005,-0.004173141247193035,ISIC_0011571,0,132.94134040289146,0.016661801019978516,ISIC_0014768,0.9190878813069301,0.8472961247285565,1.0,1.2249001162783195,0.03790043294429779,0.03542345017194748,0.036578497974928105,0.071839839220047,0.07313762119213653,0.039040138804040524,canonical_letterbox_valid,3d99874f14ae5f316eec36e21141043d75bd4fd17ccfb31e3174198dee269596,0.5083281113416361,abs_hard,0,0,P2-IMA-M-v2,2,58a4b8b2d8311352d32cb0f8,AbsHard-1,17,ISIC_0014768_A03_T3_S1_58a4b8b2d8311352d32cb0f8.png,S1,0.9465206861495972,0.9452526572356172,val,M,0.9190878813069301,T3,3225095
1.0,1.0,A00,0.02336999587714672,0.024118208835674095,0.7616277470433486,0.5056922902554222,0.973428170614123,0,0.009441457356928423,0.009443933823529411,cdfa7966292d334f35a671cfb33ac823ef2f659d99670c319a635c2b862fa168,8023.191696575622,0.9788630132344556,0.9789339278036514,0.9820661236947397,231645,154134,3359,60289,5723,116957,-0.0032031104602840976,0.01151006668806076,0.0110369099748894,-7.091456919583461e-05,ISIC_0011607,0,73.0,0.009098623435752773,ISIC_0014780,0.9586010749987698,0.9647641625399992,1.0,1.303197642560799,0.029788747429847717,0.029299510642886162,0.03009875312794289,0.04129881411790848,0.04156066902024923,0.030523759045359828,canonical_letterbox_valid,3d99874f14ae5f316eec36e21141043d75bd4fd17ccfb31e3174198dee269596,0.6952257795055448,abs_hard,0,0,P2-IMA-M-v2,2,5841e9739fc3c156c3ef482a,AbsHard-1,17,ISIC_0014780_A00_T2_S2_5841e9739fc3c156c3ef482a.png,S2,0.9637925028800964,0.9630706907449544,val,M,0.9586010749987698,T2,6759795
1.0,1.0,A03,0.03978227823972702,0.03997083443033467,0.5333637710970057,0.26391548459578434,0.8666040789140017,0,0.009441457356928423,0.009443933823529411,cdfa7966292d334f35a671cfb33ac823ef2f659d99670c319a635c2b862fa168,8023.191696575622,0.960529031416892,0.9596086726647246,0.9506846148899918,100063,59406,400,425483,8682,211685,0.009844416526900268,0.01609250158071518,0.016370426269915028,0.0009203587521674494,ISIC_0011607,0,120.80273174230169,0.015056692686759746,ISIC_0014780,0.9240556595112792,0.906004646820578,1.0,1.303197642560799,0.04495948180556297,0.045867111533880234,0.046142628720935,0.06105198338627815,0.061568231367670534,0.045197805097755506,canonical_letterbox_valid,3d99874f14ae5f316eec36e21141043d75bd4fd17ccfb31e3174198dee269596,0.6952257795055448,abs_hard,0,0,P2-IMA-M-v2,2,58a4ba3cd8311352d32cb101,AbsHard-1,17,ISIC_0014780_A03_T3_S1_58a4ba3cd8311352d32cb101.png,S1,0.9498633146286011,0.9495752242348237,val,M,0.9240556595112792,T3,6394601
1.0,1.0,A00,0.06130686402320862,0.06023995494150202,0.2598568705756683,0.08030003012177368,0.7812763489500032,0,0.017970289256136442,0.018106617647058825,cdfa7966292d334f35a671cfb33ac823ef2f659d99670c319a635c2b862fa168,7979.363884420863,0.9569026115582213,0.9495530725379824,0.9816339559523357,47,0,48047,735368,479757,0,-0.024731344394114396,-0.030060146003961563,-0.029428783404108066,0.007349539020238938,ISIC_0011834,0,140.71069520201434,0.017634324896091267,ISIC_0014800,0.9173665107029759,0.9639303683483682,1.0,1.074468690948616,0.059172049164772034,0.06948472559452057,0.06853054809905909,0.02911190316081047,0.028954562313592586,0.05838334571770065,canonical_letterbox_valid,3d99874f14ae5f316eec36e21141043d75bd4fd17ccfb31e3174198dee269596,0.6708487829551817,abs_hard,0,0,P2-IMA-M-v2,2,5841e9899fc3c156c3ef4866,AbsHard-1,17,ISIC_0014800_A00_T2_S2_5841e9899fc3c156c3ef4866.png,S2,0.9429627656936646,0.9434732635061007,val,M,0.9173665107029759,T2,8164306
1.0,1.0,A03,0.07141761481761932,0.07075705264999521,0.12938757027690087,0.023232748167436753,0.6999337270668812,0,0.017970289256136442,0.018106617647058825,cdfa7966292d334f35a671cfb33ac823ef2f659d99670c319a635c2b862fa168,7979.363884420863,0.9492851015459696,0.9419413896241856,0.9778306832400467,43,0,16266,859083,511538,0,-0.02854558169407717,-0.03464173153042793,-0.03419552598707022,0.0073437119217839575,ISIC_0011834,0,145.41320435228707,0.01822365873502723,ISIC_0014800,0.903465919197206,0.9566230048261964,1.0,1.074468690948616,0.06717612594366074,0.07845315337181091,0.07791383627358124,0.0325343944132328,0.03255051576915689,0.06674604175622711,canonical_letterbox_valid,3d99874f14ae5f316eec36e21141043d75bd4fd17ccfb31e3174198dee269596,0.6708487829551817,abs_hard,0,0,P2-IMA-M-v2,2,58a4bb7cd8311352d32cb119,AbsHard-1,17,ISIC_0014800_A03_T3_S1_58a4bb7cd8311352d32cb119.png,S1,0.9370653629302979,0.937264969137541,val,M,0.903465919197206,T3,8040591
1.0,1.0,A00,0.05392037704586983,0.0544316186935531,0.22744925422831144,0.07620302881704855,0.7690861885693646,0,0.00807173654167128,0.008134191176470589,cdfa7966292d334f35a671cfb33ac823ef2f659d99670c319a635c2b862fa168,7994.080372375549,0.9447748010895395,0.9379839735876294,0.9639583608657984,420,0,12972,584363,224673,0,-0.019183559776258963,-0.013165488839149475,-0.013256541059035419,0.006790827501910068,ISIC_0014815,0,115.88356225108029,0.014496171773745117,ISIC_0014815,0.8953300225061313,0.93042434247272,1.0,1.252856618441404,0.057551316916942596,0.06631249189376831,0.06695044891710086,0.04438582807779312,0.0449197652066488,0.05817630626568422,canonical_letterbox_valid,3d99874f14ae5f316eec36e21141043d75bd4fd17ccfb31e3174198dee269596,0.6996573595985641,abs_hard,0,0,P2-IMA-M-v2,2,5841e99a9fc3c156c3ef4893,AbsHard-1,17,ISIC_0014815_A00_T2_S2_5841e99a9fc3c156c3ef4893.png,S2,0.9388177394866943,0.9380790061621846,val,M,0.8953300225061313,T2,5002139
1.0,1.0,A03,0.07736445963382721,0.07759205163631736,0.22227875875752232,0.08524534897076992,0.5570774271555757,0,0.00807173654167128,0.008134191176470589,cdfa7966292d334f35a671cfb33ac823ef2f659d99670c319a635c2b862fa168,7994.080372375549,0.9312909281623949,0.9377043606127332,0.9100874588542519,821585,0,235277,2388,2368,0,0.021203469308142986,0.02010519802570343,0.020113082382624256,-0.006413432450338319,ISIC_0014815,0,231.00865784641059,0.028897465009819916,ISIC_0014815,0.8714166958095294,0.8350096218707065,1.0,1.252856618441404,0.07415062934160233,0.06714458018541336,0.0673492845474704,0.09425582736730576,0.0944675347705366,0.07435445238791234,canonical_letterbox_valid,3d99874f14ae5f316eec36e21141043d75bd4fd17ccfb31e3174198dee269596,0.6996573595985641,abs_hard,0,0,P2-IMA-M-v2,2,58a4bbb4d8311352d32cb122,AbsHard-1,17,ISIC_0014815_A03_T3_S1_58a4bbb4d8311352d32cb122.png,S1,0.9290632009506226,0.9288831468604927,val,M,0.8714166958095294,T3,5584114
1.0,1.0,A00,0.009820926934480667,0.01083272173160549,0.9257857770568687,0.6645671476049256,1.0,0,0.0027481272079291253,0.0027869152046783624,cdfa7966292d334f35a671cfb33ac823ef2f659d99670c319a635c2b862fa168,8021.52759765869,0.9812325323916283,0.9798427788329627,0.9779712647521995,36887,15947,4254,98026,12658,48850,0.0032612676394288,0.004253305494785309,0.004212067901039354,0.0013897535586656629,ISIC_0011630,0,46.05540015361664,0.005741474998734557,ISIC_0014867,0.9631565235344045,0.956892141114879,1.0,1.0758892203401123,0.018914783373475075,0.0191032774746418,0.02072424323100801,0.023168088868260384,0.024550400377875745,0.02033833247683639,canonical_letterbox_valid,3d99874f14ae5f316eec36e21141043d75bd4fd17ccfb31e3174198dee269596,0.5962635714723831,abs_hard,0,0,P2-IMA-M-v2,2,5841e9d59fc3c156c3ef492f,AbsHard-1,17,ISIC_0014867_A00_T2_S2_5841e9d59fc3c156c3ef492f.png,S2,0.9719913601875305,0.9701560567779327,val,M,0.9631565235344045,T2,3526875
1.0,1.0,A03,0.05221500247716904,0.05290615603694921,0.09886781634912192,0.01266570916125215,0.6551665584026934,0,0.0027481272079291253,0.0027869152046783624,cdfa7966292d334f35a671cfb33ac823ef2f659d99670c319a635c2b862fa168,8021.52759765869,0.9277028464876019,0.9308962900854438,0.934233315536165,564987,64797,16912,0,0,0,-0.006530469048563026,-0.0064098648726940155,-0.006509815361943769,-0.003193443597841905,ISIC_0011630,0,125.58482956208712,0.015655974255918862,ISIC_0014867,0.865154629431622,0.8765833358791452,1.0,1.0758892203401123,0.06224105879664421,0.05951151251792908,0.060221637795659394,0.055831193923950195,0.0564565207020226,0.06296633606396637,canonical_letterbox_valid,3d99874f14ae5f316eec36e21141043d75bd4fd17ccfb31e3174198dee269596,0.5962635714723831,abs_hard,0,0,P2-IMA-M-v2,2,58a4be7bd8311352d32cb143,AbsHard-1,17,ISIC_0014867_A03_T3_S1_58a4be7bd8311352d32cb143.png,S1,0.9277328848838806,0.9269734839090165,val,M,0.865154629431622,T3,3624901
1.0,1.0,A00,0.05208330973982811,0.05348246754981097,0.21412083432680265,0.04791478496301417,0.6877591917361441,0,0.020444948445754032,0.02046783625730994,cdfa7966292d334f35a671cfb33ac823ef2f659d99670c319a635c2b862fa168,8038.1605482846635,0.9506133320014167,0.951358523296495,0.9803612528203409,0,0,79688,727745,530017,0,-0.02974792081892419,-0.0264226496219635,-0.027493543751516372,-0.000745191295078218,ISIC_0014969,0,133.98880550254935,0.01666908799565374,ISIC_0014969,0.9058751754626828,0.9614790096316361,1.0,0.791400839546628,0.057572245597839355,0.056571729481220245,0.057845245206548816,0.031149595975875854,0.03135385311523073,0.0588473968667471,canonical_letterbox_valid,3d99874f14ae5f316eec36e21141043d75bd4fd17ccfb31e3174198dee269596,0.5038993503789203,abs_hard,0,0,P2-IMA-M-v2,2,5841ea4a9fc3c156c3ef4a61,AbsHard-1,17,ISIC_0014969_A00_T2_S2_5841ea4a9fc3c156c3ef4a61.png,S2,0.9369388222694397,0.9357876738163168,val,M,0.9058751754626828,T2,7003956
1.0,1.0,A03,0.11081300675868988,0.11076021956539103,0.10858773010514819,0.08683394465424886,0.2152806037877019,0,0.020444948445754032,0.02046783625730994,cdfa7966292d334f35a671cfb33ac823ef2f659d99670c319a635c2b862fa168,8038.1605482846635,0.9138049535380498,0.9129091625200922,0.8732509605367468,1458138,0,609323,382,382,0,0.040553993001303024,0.05894432216882706,0.0587235644763336,0.000895791017957559,ISIC_0014969,0,237.42419834391882,0.029537130655419037,ISIC_0014969,0.841289929018343,0.7750181539562131,1.0,0.791400839546628,0.09987898916006088,0.10238569974899292,0.10235336211155642,0.15882331132888794,0.1585627341928902,0.09983916971655658,canonical_letterbox_valid,3d99874f14ae5f316eec36e21141043d75bd4fd17ccfb31e3174198dee269596,0.5038993503789203,abs_hard,0,0,P2-IMA-M-v2,2,58a4cd57d831137de4d030d0,AbsHard-1,17,ISIC_0014969_A03_T1_S1_58a4cd57d831137de4d030d0.png,S1,0.9110550284385681,0.9110818801322779,val,M,0.841289929018343,T1,7731319
1.0,1.0,A00,0.053014181554317474,0.05273704019459518,0.5919663662166309,0.35681561061869715,0.8890517186435564,0,0.027391921599873116,0.027642463235294117,cdfa7966292d334f35a671cfb33ac823ef2f659d99670c319a635c2b862fa168,8054.8088121320425,0.9794648663259395,0.9783598639082922,0.9779211740863094,185776,12040,424313,437650,382966,0,0.0015436922396301345,0.004529733210802078,0.004989790665248822,0.0011050024176473272,ISIC_0014838,0,104.0,0.012911541716962497,ISIC_0015089,0.9597561455819139,0.9567962365447632,1.0,1.0171552846567604,0.04532254859805107,0.04609489440917969,0.04586911344925712,0.04985228180885315,0.05010110931031159,0.045111318645062765,canonical_letterbox_valid,3d99874f14ae5f316eec36e21141043d75bd4fd17ccfb31e3174198dee269596,0.47036900587868685,abs_hard,0,0,P2-IMA-M-v2,2,5841eadb9fc3c156c3ef4bc9,AbsHard-1,17,ISIC_0015089_A00_T2_S2_5841eadb9fc3c156c3ef4bc9.png,S2,0.9623690843582153,0.9625144029044697,val,M,0.9597561455819139,T2,14867784
1.0,1.0,A03,0.1986156702041626,0.19890927225609448,0.24678647965194536,0.13681401529134551,0.46709699904881535,0,0.027391921599873116,0.027642463235294117,cdfa7966292d334f35a671cfb33ac823ef2f659d99670c319a635c2b862fa168,8054.8088121320425,0.9377320634939472,0.9384014328703605,0.9180526392129104,1880889,9219,692646,133964,114633,2821,0.01967942428103686,0.03803861141204834,0.03808939817978771,-0.0006693693764132647,ISIC_0014838,0,414.27309830447655,0.05143177299013033,ISIC_0015089,0.8827641607806394,0.8485187657790024,1.0,1.0171552846567604,0.1345553696155548,0.13435429334640503,0.13453349974317758,0.17259398102760315,0.17281052494750362,0.13472112676771592,canonical_letterbox_valid,3d99874f14ae5f316eec36e21141043d75bd4fd17ccfb31e3174198dee269596,0.47036900587868685,abs_hard,0,0,P2-IMA-M-v2,2,58a4d324d831137de4d03148,AbsHard-1,17,ISIC_0015089_A03_T1_S1_58a4d324d831137de4d03148.png,S1,0.929504930973053,0.9294670187206626,val,M,0.8827641607806394,T1,15171470
1.0,1.0,A00,0.1129387840628624,0.11330014075321862,0.10588405696700016,0.030309077947505415,0.3835731695156579,0,0.02689126789884787,0.026997041420118342,cdfa7966292d334f35a671cfb33ac823ef2f659d99670c319a635c2b862fa168,8011.856526423822,0.9157464458806532,0.9191068901576087,0.9531358227129809,531,0,2629,1693551,791734,96,-0.03738937683232768,-0.03778752684593201,-0.03773448446050688,-0.0033604442769554765,ISIC_0015132,0,337.9970414071697,0.04218710610860606,ISIC_0015132,0.8445869901938587,0.9104675118247545,1.0,1.2427318340555982,0.11243437230587006,0.11021813750267029,0.11041937967172477,0.07464684545993805,0.07488013600027582,0.1126146204607827,canonical_letterbox_valid,3d99874f14ae5f316eec36e21141043d75bd4fd17ccfb31e3174198dee269596,0.5941601770464333,abs_hard,0,0,P2-IMA-M-v2,2,5841eb109fc3c156c3ef4c4a,AbsHard-1,17,ISIC_0015132_A00_T2_S2_5841eb109fc3c156c3ef4c4a.png,S2,0.8880700469017029,0.8880708998316532,val,M,0.8445869901938587,T2,9206434
1.0,1.0,A03,0.27011680603027344,0.2697058697394867,0.017439454153121623,0.0,0.12898002710545062,0,0.02689126789884787,0.026997041420118342,cdfa7966292d334f35a671cfb33ac823ef2f659d99670c319a635c2b862fa168,8011.856526423822,0.8540640694673164,0.8507329712283592,0.8172604795292008,3725012,96,794363,0,0,0,0.03680358993811561,0.07976770401000977,0.07968777696269178,0.003331098238957164,ISIC_0015132,0,701.5914756162249,0.0875691512076275,ISIC_0015132,0.7452982725398166,0.6909894066986817,1.0,1.2427318340555982,0.2070639729499817,0.2143949419260025,0.21411143343636366,0.28683167695999146,0.28648780213722874,0.20680002517453697,canonical_letterbox_valid,3d99874f14ae5f316eec36e21141043d75bd4fd17ccfb31e3174198dee269596,0.5941601770464333,abs_hard,0,0,P2-IMA-M-v2,2,58a4d530d831137de4d03163,AbsHard-1,17,ISIC_0015132_A03_T1_S1_58a4d530d831137de4d03163.png,S1,0.8559888601303101,0.8561058193904127,val,M,0.7452982725398166,T1,10899985
1.0,1.0,A00,0.01613270305097103,0.016543762316161097,0.90495810887583,0.6186437672236756,1.0,0,0.0028411000318947824,0.002458639705882353,cdfa7966292d334f35a671cfb33ac823ef2f659d99670c319a635c2b862fa168,7996.019509731076,0.9866712934576012,0.9864266053837599,0.9833232003231787,24830,15755,483,171984,696,66763,0.003348093134422525,0.007217392325401306,0.007139107705199335,0.00024468807384125935,ISIC_0015146,0,50.24937810560445,0.006284299087120968,ISIC_0015146,0.9736932222360934,0.9671935079424996,1.0,1.401282980913247,0.017767038196325302,0.01810111664235592,0.018482108293712524,0.02498443052172661,0.025294921633428537,0.0181558139282292,canonical_letterbox_valid,3d99874f14ae5f316eec36e21141043d75bd4fd17ccfb31e3174198dee269596,0.6763657478922136,abs_hard,0,0,P2-IMA-M-v2,2,5841eb219fc3c156c3ef4c74,AbsHard-1,17,ISIC_0015146_A00_T2_S2_5841eb219fc3c156c3ef4c74.png,S2,0.9805986285209656,0.9802321344597027,val,M,0.9736932222360934,T2,7284680
1.0,1.0,A03,0.017410418018698692,0.01690403605262501,0.921039130994127,0.6747855906097598,0.9954018311291963,0,0.0028411000318947824,0.002458639705882353,cdfa7966292d334f35a671cfb33ac823ef2f659d99670c319a635c2b862fa168,7996.019509731076,0.9861776412956156,0.9862347692311841,0.983631047378001,61541,21836,717,143464,462,60682,0.0025465939176145813,0.00669223815202713,0.006846215540192095,-5.712793556855722e-05,ISIC_0015146,0,50.774009099144415,0.0063499106070655465,ISIC_0015146,0.9727321880688276,0.9677893493700868,1.0,1.401282980913247,0.018757831305265427,0.01875045709311962,0.018432031328662377,0.025450069457292557,0.02528101786855473,0.018434802328362636,canonical_letterbox_valid,3d99874f14ae5f316eec36e21141043d75bd4fd17ccfb31e3174198dee269596,0.6763657478922136,abs_hard,0,0,P2-IMA-M-v2,2,58a4d5cdd831137de4d03175,AbsHard-1,17,ISIC_0015146_A03_T3_S1_58a4d5cdd831137de4d03175.png,S1,0.979894757270813,0.9800344313958997,val,M,0.9727321880688276,T3,7313200
1.0,1.0,A00,0.19651968777179718,0.19815724772330445,0.0,0.0,0.0009048112353951664,0,0.01953874153940513,0.019394188596491228,cdfa7966292d334f35a671cfb33ac823ef2f659d99670c319a635c2b862fa168,7933.5995613592695,0.8190204714931855,0.8169834281221852,0.8618508691009238,0,0,0,2067127,567620,0,-0.042830397607738324,-0.05886346101760864,-0.05926872452275142,0.002037043371000302,ISIC_0015152,0,400.4996878900157,0.05048145987108502,ISIC_0015152,0.6935094569579235,0.7572389642999667,1.0,1.237500849386742,0.190751850605011,0.19557523727416992,0.19694074163091985,0.13188838958740234,0.13284020392102888,0.1921089284437803,canonical_letterbox_valid,3d99874f14ae5f316eec36e21141043d75bd4fd17ccfb31e3174198dee269596,0.48123849221265086,abs_hard,0,0,P2-IMA-M-v2,2,5841eb279fc3c156c3ef4c86,AbsHard-1,17,ISIC_0015152_A00_T2_S2_5841eb279fc3c156c3ef4c86.png,S2,0.815015971660614,0.8139393908357438,val,M,0.6935094569579235,T2,4677378
1.0,1.0,A03,0.28238657116889954,0.28201786391102596,0.2189520727726681,0.12114090646318916,0.3024444133619217,0,0.01953874153940513,0.019394188596491228,cdfa7966292d334f35a671cfb33ac823ef2f659d99670c319a635c2b862fa168,7933.5995613592695,0.8544244095650227,0.8555578672322793,0.8225345145737898,2112468,0,479999,138556,87621,0,0.03188989499123296,0.015415802597999573,0.015414695403469514,-0.0011334576672565877,ISIC_0015152,0,518.6883761755695,0.06537869376491473,ISIC_0015152,0.7458472550384877,0.6985635882788147,1.0,1.237500849386742,0.21871991455554962,0.22221797704696655,0.2219556141770861,0.2341357171535492,0.2338812112702466,0.2184665158667771,canonical_letterbox_valid,3d99874f14ae5f316eec36e21141043d75bd4fd17ccfb31e3174198dee269596,0.48123849221265086,abs_hard,0,0,P2-IMA-M-v2,2,58a4d624d831137de4d0317e,AbsHard-1,17,ISIC_0015152_A03_T1_S1_58a4d624d831137de4d0317e.png,S1,0.8449467420578003,0.8450848321774718,val,M,0.7458472550384877,T1,6605949
1.0,1.0,A00,0.11314389854669571,0.11429375186418518,0.3219157694004149,0.19636367913339908,0.45907077830420934,0,0.018829353200222557,0.01872702205882353,cdfa7966292d334f35a671cfb33ac823ef2f659d99670c319a635c2b862fa168,7923.075476101436,0.9404924584374645,0.9424254677349135,0.9184017666986521,1413685,4676,517140,22935,22834,0,0.022090691738812396,0.030784815549850464,0.03065407020844052,-0.0019330092974489954,ISIC_0011732,0,283.0854110952297,0.03572923316824471,ISIC_0015160,0.8876694327729368,0.8491154464032609,1.0,1.2931457149054497,0.08877889811992645,0.08603228628635406,0.08682303963397162,0.11956371366977692,0.12024194541015051,0.08958787520171,canonical_letterbox_valid,3d99874f14ae5f316eec36e21141043d75bd4fd17ccfb31e3174198dee269596,0.6374545886839366,abs_hard,0,0,P2-IMA-M-v2,2,5841eb319fc3c156c3ef4c9e,AbsHard-1,17,ISIC_0015160_A00_T2_S2_5841eb319fc3c156c3ef4c9e.png,S2,0.9355860948562622,0.9351180014607652,val,M,0.8876694327729368,T2,11352597
1.0,1.0,A03,0.08555132895708084,0.08527684852498812,0.4112338844677232,0.23431382634332704,0.6517745774369219,0,0.018829353200222557,0.01872702205882353,cdfa7966292d334f35a671cfb33ac823ef2f659d99670c319a635c2b862fa168,7923.075476101436,0.9529038583677394,0.9511213882007036,0.9661768095033301,52102,529,114269,975879,425705,4147,-0.013272951135590683,-0.014216810464859009,-0.014239067280803062,0.00178247016703581,ISIC_0011732,0,252.0456306956629,0.031811590266420435,ISIC_0015160,0.9100442838823855,0.9345667792953638,1.0,1.2931457149054497,0.07190170884132385,0.07506269961595535,0.07487570643219335,0.057684898376464844,0.05749033252573677,0.07172939980653983,canonical_letterbox_valid,3d99874f14ae5f316eec36e21141043d75bd4fd17ccfb31e3174198dee269596,0.6374545886839366,abs_hard,0,0,P2-IMA-M-v2,2,58a4d679d831137de4d0318a,AbsHard-1,17,ISIC_0015160_A03_T3_S1_58a4d679d831137de4d0318a.png,S1,0.9417479038238525,0.9418180489119085,val,M,0.9100442838823855,T3,10399653
1.0,1.0,A00,0.0720977932214737,0.0725791922023549,0.573562722584425,0.3510884384068074,0.8630112287265451,0,0.05593942325161043,0.05631893382352941,cdfa7966292d334f35a671cfb33ac823ef2f659d99670c319a635c2b862fa168,7998.809161368959,0.9760221922588476,0.9741317339248139,0.9601048104685479,582570,523521,0,185800,13057,1111354,0.015917381790299667,0.028533093631267548,0.027581089957878405,0.0018904583340336734,ISIC_0015167,0,112.83482546819019,0.014106452997170772,ISIC_0015167,0.9531673292919378,0.9232707489503288,1.0,1.6173954404974629,0.061370767652988434,0.06268516182899475,0.06309096632410686,0.08990386128425598,0.0892891036111387,0.0617080136532603,canonical_letterbox_valid,3d99874f14ae5f316eec36e21141043d75bd4fd17ccfb31e3174198dee269596,0.5683741195251104,abs_hard,0,0,P2-IMA-M-v2,2,5841eb399fc3c156c3ef4cb3,AbsHard-1,17,ISIC_0015167_A00_T2_S2_5841eb399fc3c156c3ef4cb3.png,S2,0.9493562579154968,0.9491631648958343,val,M,0.9531673292919378,T2,15638339
1.0,1.0,A03,0.32206666469573975,0.3217342712833448,0.1579347770864106,0.0886490834334315,0.2869362191401229,0,0.05593942325161043,0.05631893382352941,cdfa7966292d334f35a671cfb33ac823ef2f659d99670c319a635c2b862fa168,7998.809161368959,0.9015192950697287,0.899611295297633,0.9286008823430223,3349845,1238777,13057,88117,0,396098,-0.027081587273293573,-0.06967438757419586,-0.06937426720836168,0.0019079997720957698,ISIC_0015167,0,469.38411775401937,0.05868174978107447,ISIC_0015167,0.8206965229552711,0.8667179830927637,1.0,1.6173954404974629,0.21466383337974548,0.22157883644104004,0.22135901196951147,0.14498944580554962,0.14510521973135854,0.21447948693972022,canonical_letterbox_valid,3d99874f14ae5f316eec36e21141043d75bd4fd17ccfb31e3174198dee269596,0.5683741195251104,abs_hard,0,0,P2-IMA-M-v2,2,58a4d6d0d831137de4d03193,AbsHard-1,17,ISIC_0015167_A03_T3_S1_58a4d6d0d831137de4d03193.png,S1,0.8927389979362488,0.8927752974039044,val,M,0.8206965229552711,T3,15736022
1.0,1.0,A00,0.0475030317902565,0.047910064859577,0.6269209065593081,0.358026418312138,0.9302260512895177,0,0.010079399920303699,0.009914108187134504,cdfa7966292d334f35a671cfb33ac823ef2f659d99670c319a635c2b862fa168,7977.161462575519,0.9797992748125146,0.9791614509611912,0.9762752769219174,157125,95296,0,409948,0,201257,0.003523997890597208,0.0065719373524188995,0.0065672748753927215,0.0006378238513233825,ISIC_0015176,0,89.99277733190652,0.011281303224725165,ISIC_0015176,0.9603985280763782,0.9536501902449942,1.0,0.745312949170131,0.041793543845415115,0.041758857667446136,0.04208994035192054,0.048365481197834015,0.048654649990504596,0.042087375115111875,canonical_letterbox_valid,3d99874f14ae5f316eec36e21141043d75bd4fd17ccfb31e3174198dee269596,0.721290484412452,abs_hard,0,0,P2-IMA-M-v2,2,5841eb469fc3c156c3ef4cce,AbsHard-1,17,ISIC_0015176_A00_T2_S2_5841eb469fc3c156c3ef4cce.png,S2,0.9639159440994263,0.9637353146293532,val,M,0.9603985280763782,T2,13752420
1.0,1.0,A03,0.25840380787849426,0.25590062566865607,0.13694219821593848,0.09984218006586003,0.19796446339158633,0,0.010079399920303699,0.009914108187134504,cdfa7966292d334f35a671cfb33ac823ef2f659d99670c319a635c2b862fa168,7977.161462575519,0.9110433547280704,0.9136933394744824,0.9205306317707896,2757683,283905,0,6708,0,12648,-0.009487277042719233,-0.029738828539848328,-0.02907131854100642,-0.002649984746411982,ISIC_0015176,0,339.0,0.04249631922211963,ISIC_0015176,0.8366204097138951,0.8527621615431775,1.0,0.745312949170131,0.1747637540102005,0.1714043915271759,0.16996254565691118,0.14502492547035217,0.1441828544365434,0.17325417297754983,canonical_letterbox_valid,3d99874f14ae5f316eec36e21141043d75bd4fd17ccfb31e3174198dee269596,0.721290484412452,abs_hard,0,0,P2-IMA-M-v2,2,58a4d735d831137de4d031a2,AbsHard-1,17,ISIC_0015176_A03_T1_S1_58a4d735d831137de4d031a2.png,S1,0.9088762998580933,0.9093922797135564,val,M,0.8366204097138951,T1,14155660
1.0,1.0,A00,0.1135784164071083,0.11342896835397395,0.44816988546494935,0.27015642765982417,0.6696362214462432,0,0.060649441889613534,0.060581140350877194,cdfa7966292d334f35a671cfb33ac823ef2f659d99670c319a635c2b862fa168,7960.7814314927655,0.970379859352377,0.9708611949582042,0.9504460684520979,389499,389262,0,960343,0,1385633,0.019933790900279136,0.028978921473026276,0.029210573471346493,-0.00048133560582719337,ISIC_0011559,0,223.0014573917765,0.028012508484353705,ISIC_0015216,0.9424639447534658,0.9055714431466727,1.0,1.0211266960669763,0.08395285904407501,0.08336661756038666,0.0832705378259187,0.11293178051710129,0.11306742185129492,0.08385684837994843,canonical_letterbox_valid,3d99874f14ae5f316eec36e21141043d75bd4fd17ccfb31e3174198dee269596,0.467453606279769,abs_hard,0,0,P2-IMA-M-v2,2,5841eb759fc3c156c3ef4d46,AbsHard-1,17,ISIC_0015216_A00_T2_S2_5841eb759fc3c156c3ef4d46.png,S2,0.9456726908683777,0.9457152715940771,val,M,0.9424639447534658,T2,22110960
1.0,1.0,A03,0.17629499733448029,0.1748109199372686,0.4591797899417766,0.421903328466345,0.5173734919264691,0,0.060649441889613534,0.060581140350877194,cdfa7966292d334f35a671cfb33ac823ef2f659d99670c319a635c2b862fa168,7960.7814314927655,0.9452127807823095,0.9445980543723678,0.9750507787657219,2588069,1591163,0,77503,0,183732,-0.029837997983412357,-0.04601746052503586,-0.0460089746045681,0.0006147264099417571,ISIC_0011559,0,412.6391886300435,0.051834005515796144,ISIC_0015216,0.896117021102465,0.9513161809045848,1.0,1.0211266960669763,0.12124825268983841,0.12264813482761383,0.12176530029420811,0.07523079216480255,0.07435084018943383,0.12035981479400193,canonical_letterbox_valid,3d99874f14ae5f316eec36e21141043d75bd4fd17ccfb31e3174198dee269596,0.467453606279769,abs_hard,0,0,P2-IMA-M-v2,2,58a4d867d831137de4d031cc,AbsHard-1,17,ISIC_0015216_A03_T1_S1_58a4d867d831137de4d031cc.png,S1,0.9337984919548035,0.9340912903492647,val,M,0.896117021102465,T1,22993800
1.0,1.0,A00,0.2781110107898712,0.27844895264780206,0.1912362095098433,0.10690310320703643,0.30853566821142425,0,0.0508734447462005,0.050573224852071004,cdfa7966292d334f35a671cfb33ac823ef2f659d99670c319a635c2b862fa168,8043.754409478201,0.8297853841651494,0.8141611991948825,0.7923418199160202,477913,98265,156009,3539379,116631,1143944,0.0374435642491292,0.04854321479797363,0.04852728695564734,0.015624184970266852,ISIC_0011867,0,790.2464172317021,0.09824347897799202,ISIC_0015245,0.7090882073568757,0.6560977543007419,1.0,1.4847841830414439,0.26611846685409546,0.2853177785873413,0.2855816899707464,0.3146616816520691,0.3149045920906135,0.26637730513496616,canonical_letterbox_valid,3d99874f14ae5f316eec36e21141043d75bd4fd17ccfb31e3174198dee269596,0.4804196856746452,abs_hard,0,0,P2-IMA-M-v2,2,5841eb969fc3c156c3ef4d9d,AbsHard-1,17,ISIC_0015245_A00_T2_S2_5841eb969fc3c156c3ef4d9d.png,S2,0.7458741068840027,0.7456943423778697,val,M,0.7090882073568757,T2,9792021
1.0,1.0,A03,0.25352942943573,0.25333907496228014,0.23312147702446379,0.12244832570409815,0.36481924185889175,0,0.0508734447462005,0.050573224852071004,cdfa7966292d334f35a671cfb33ac823ef2f659d99670c319a635c2b862fa168,8043.754409478201,0.8898368751022522,0.8881573609666605,0.8895378083119407,1536050,498290,71061,1414588,201579,743919,0.0002990667903114419,0.01506255567073822,0.015079830845359049,0.001679514135591642,ISIC_0011867,0,635.9378900490204,0.07905983421120807,ISIC_0015245,0.8015370490568322,0.8010518637826992,1.0,1.4847841830414439,0.2324129343032837,0.24622167646884918,0.24610526294703985,0.2474754899740219,0.247364040118945,0.23228420927358595,canonical_letterbox_valid,3d99874f14ae5f316eec36e21141043d75bd4fd17ccfb31e3174198dee269596,0.4804196856746452,abs_hard,0,0,P2-IMA-M-v2,2,58a4d966d831137de4d031ed,AbsHard-1,17,ISIC_0015245_A03_T1_S1_58a4d966d831137de4d031ed.png,S1,0.7887035608291626,0.7887706564151082,val,M,0.8015370490568322,T1,11916812
1.0,1.0,A00,0.014369623735547066,0.014621701071111255,0.8829732339869835,0.5248220468626148,1.0,0,0.003415187654066393,0.003285845588235294,cdfa7966292d334f35a671cfb33ac823ef2f659d99670c319a635c2b862fa168,8010.427267006424,0.9784918465270681,0.9798907134307644,0.9834439981153795,9215,0,29053,170080,72021,13,-0.004952151588311415,-0.0009716078639030457,-0.0010810808427580212,-0.001398866903696283,ISIC_0015309,0,50.20956084253277,0.006268025308629583,ISIC_0015309,0.9578894140006454,0.9674272704033485,1.0,1.1176502489325677,0.021155543625354767,0.019695553928613663,0.020164144270546483,0.02018393576145172,0.02052669113098439,0.02160777197374241,canonical_letterbox_valid,3d99874f14ae5f316eec36e21141043d75bd4fd17ccfb31e3174198dee269596,0.5106758256227163,abs_hard,0,0,P2-IMA-M-v2,2,5841ebe09fc3c156c3ef4e5d,AbsHard-1,17,ISIC_0015309_A00_T2_S2_5841ebe09fc3c156c3ef4e5d.png,S2,0.9720585346221924,0.9714061571236264,val,M,0.9578894140006454,T2,4078423
1.0,1.0,A03,0.015821924433112144,0.015967976163414457,0.8937607443488371,0.678617105976811,0.9705085428936112,0,0.003415187654066393,0.003285845588235294,cdfa7966292d334f35a671cfb33ac823ef2f659d99670c319a635c2b862fa168,8010.427267006424,0.9802437982501586,0.9795137314485106,0.9737875732405001,126065,13,76915,43436,24159,0,0.006456225009658478,0.006703775376081467,0.00656275476457769,0.0007300668016479994,ISIC_0015309,0,75.03598904538725,0.009367289227435798,ISIC_0015309,0.961253088304948,0.9489142285242606,1.0,1.1176502489325677,0.021316733211278915,0.02144322171807289,0.02181434417041829,0.028020508587360382,0.028296622490688803,0.021733867726111113,canonical_letterbox_valid,3d99874f14ae5f316eec36e21141043d75bd4fd17ccfb31e3174198dee269596,0.5106758256227163,abs_hard,0,0,P2-IMA-M-v2,2,58a4dad6d831137de4d0321d,AbsHard-1,17,ISIC_0015309_A03_T3_S1_58a4dad6d831137de4d0321d.png,S1,0.9731884598731995,0.9725002407111922,val,M,0.961253088304948,T3,4205067
1.0,1.0,A00,0.0408044196665287,0.0414907387688297,0.6613078920921718,0.39028031848587447,0.9330049888378845,0,0.006865206520202687,0.006939338235294117,cdfa7966292d334f35a671cfb33ac823ef2f659d99670c319a635c2b862fa168,8054.8088121320425,0.9809322998169641,0.980541620287114,0.9841830994108499,325877,110898,8641,177276,33711,52095,-0.003250799593885856,0.002575341612100601,0.0023573808048770323,0.0003906795298500576,ISIC_0000183,0,86.52716215916655,0.010742298691042863,ISIC_0015311,0.9625781482827663,0.9688587567700898,1.0,1.0175955591105297,0.03600139915943146,0.035757631063461304,0.036272947699373836,0.03857674077153206,0.03886637210910544,0.03650899130422841,canonical_letterbox_valid,3d99874f14ae5f316eec36e21141043d75bd4fd17ccfb31e3174198dee269596,0.6501697559210019,abs_hard,0,0,P2-IMA-M-v2,2,5841ebe29fc3c156c3ef4e63,AbsHard-1,17,ISIC_0015311_A00_T2_S2_5841ebe29fc3c156c3ef4e63.png,S2,0.9688016176223755,0.9684727561603729,val,M,0.9625781482827663,T2,12942280
1.0,1.0,A03,0.09241264313459396,0.09295372655623609,0.32544008416785625,0.19350764778765087,0.5418768017343903,0,0.006865206520202687,0.006939338235294117,cdfa7966292d334f35a671cfb33ac823ef2f659d99670c319a635c2b862fa168,8054.8088121320425,0.9570691945305365,0.9580642295365247,0.9522566005905242,954717,34208,41713,203979,639,128785,0.004812593940012322,0.007936522364616394,0.007916079935764264,-0.0009950350059881874,ISIC_0000183,0,294.1462221413017,0.03651808863523398,ISIC_0015311,0.9176727636304909,0.9088643279711717,1.0,1.0175955591105297,0.07074493169784546,0.06932476162910461,0.0697126483520788,0.07868145406246185,0.0790680548624095,0.07115197492664524,canonical_letterbox_valid,3d99874f14ae5f316eec36e21141043d75bd4fd17ccfb31e3174198dee269596,0.6501697559210019,abs_hard,0,0,P2-IMA-M-v2,2,58a4db0ad831137de4d03223,AbsHard-1,17,ISIC_0015311_A03_T3_S1_58a4db0ad831137de4d03223.png,S1,0.9509227871894836,0.9506497767029456,val,M,0.9176727636304909,T3,12915577
1.0,1.0,A00,0.6991987228393555,0.6992952913412531,0.10067723065997904,0.06570255148437279,0.13079484168017996,0,0.07475688674211373,0.074609375,cdfa7966292d334f35a671cfb33ac823ef2f659d99670c319a635c2b862fa168,8026.250058402118,0.1293822877882987,0.13000866576491885,0.1497295577423747,5637,0,2714,12852415,2128436,87903,-0.020347269954076014,-0.021638572216033936,-0.02160641514795747,-0.0006263779766201572,ISIC_0011841,0,3367.662718650813,0.41958108632878227,ISIC_0015363,0.06916554191894461,0.0809230663381731,1.0,1.021556036734695,0.7808688282966614,0.7712825536727905,0.7715948509847845,0.7592302560806274,0.7595784567714989,0.7811848719194564,canonical_letterbox_valid,3d99874f14ae5f316eec36e21141043d75bd4fd17ccfb31e3174198dee269596,0.46574209838700315,abs_hard,0,0,P2-IMA-M-v2,2,5841ec1e9fc3c156c3ef4eff,AbsHard-1,17,ISIC_0015363_A00_T2_S2_5841ec1e9fc3c156c3ef4eff.png,S2,0.1374610960483551,0.13692554750234032,val,M,0.0,T2,955416
1.0,1.0,A03,0.32309120893478394,0.3229217312107515,0.17903490322920632,0.07684553564031042,0.33684636460162376,0,0.07475688674211373,0.074609375,cdfa7966292d334f35a671cfb33ac823ef2f659d99670c319a635c2b862fa168,8026.250058402118,0.8895517914497462,0.8869919157190442,0.8117093907150411,3404878,87903,2123775,19168,7375,0,0.07784240073470505,0.03262856602668762,0.03252678441561774,0.0025598757307019326,ISIC_0011841,0,723.4370735517173,0.09013388173651551,ISIC_0015363,0.8010745432343044,0.6830899650073634,1.0,1.021556036734695,0.27628645300865173,0.2795420289039612,0.2794730487026921,0.30891501903533936,0.30875888693429243,0.2762321025186747,canonical_letterbox_valid,3d99874f14ae5f316eec36e21141043d75bd4fd17ccfb31e3174198dee269596,0.46574209838700315,abs_hard,0,0,P2-IMA-M-v2,2,58a4dbd1d831137de4d0323e,AbsHard-1,17,ISIC_0015363_A03_T1_S1_58a4dbd1d831137de4d0323e.png,S1,0.7705183029174805,0.7704575261734021,val,M,0.8010745432343044,T1,13788663
1.0,1.0,A00,0.11246339976787567,0.11491714443302835,0.0,0.0,0.16818581201674318,0,0.010122897931609202,0.010363051470588235,cdfa7966292d334f35a671cfb33ac823ef2f659d99670c319a635c2b862fa168,8021.805345431912,0.8831496910045783,0.8854529714124162,0.9021414122943691,0,0,0,1639748,297850,2432,-0.018991721289790764,-0.011977456510066986,-0.011426147437513523,-0.0023032804078378932,ISIC_0000193,0,290.8973184396141,0.03626332301933356,ISIC_0015436,0.7907502768199516,0.8217282466038881,1.0,1.2094428985817955,0.12525823712348938,0.12271930277347565,0.12482039480646229,0.1132807806134224,0.11594377277627393,0.12736992021378746,canonical_letterbox_valid,3d99874f14ae5f316eec36e21141043d75bd4fd17ccfb31e3174198dee269596,0.6784769489514069,abs_hard,0,0,P2-IMA-M-v2,2,5841ec719fc3c156c3ef4fda,AbsHard-1,17,ISIC_0015436_A00_T2_S2_5841ec719fc3c156c3ef4fda.png,S2,0.8619469404220581,0.8601773040054534,val,M,0.7907502768199516,T2,6196573
1.0,1.0,A03,0.14013652503490448,0.140377887807408,0.11467285607646398,0.06457911738664376,0.1902013550593611,0,0.010122897931609202,0.010363051470588235,cdfa7966292d334f35a671cfb33ac823ef2f659d99670c319a635c2b862fa168,8021.805345431912,0.8912679452722463,0.8895126443386429,0.8725186266914419,1881619,1732,294947,24435,2903,700,0.01874931858080442,0.03852680325508118,0.03864122161366243,0.001755300933603432,ISIC_0000193,0,370.1677871397047,0.04614519689766594,ISIC_0015436,0.8038623411957678,0.7738652250467464,1.0,1.2094428985817955,0.13171076774597168,0.13171111047267914,0.13188829394426493,0.17023757100105286,0.1705234203393068,0.13188219872564438,canonical_letterbox_valid,3d99874f14ae5f316eec36e21141043d75bd4fd17ccfb31e3174198dee269596,0.6784769489514069,abs_hard,0,0,P2-IMA-M-v2,2,58a4dd4dd831137de4d0326e,AbsHard-1,17,ISIC_0015436_A03_T1_S1_58a4dd4dd831137de4d0326e.png,S1,0.8767150044441223,0.8766134903561192,val,M,0.8038623411957678,T1,7811886
1.0,1.0,A00,0.05528385564684868,0.054633444925559056,0.6049096305831564,0.30171168044036445,0.868701924071722,0,0.00907973309180644,0.009053308823529413,cdfa7966292d334f35a671cfb33ac823ef2f659d99670c319a635c2b862fa168,7978.531506486642,0.9713757291130859,0.9698998306585948,0.9765718668362613,238087,114468,44409,386902,75259,32504,-0.005196137723175398,-0.0022552646696567535,-0.00214336375405097,0.0014758984544911424,ISIC_0015464,0,141.3010962436577,0.01771016334632234,ISIC_0015464,0.944344554766857,0.9542163589126382,1.0,0.7148407525724422,0.05401957780122757,0.05273452401161194,0.05226775074633265,0.051764313131570816,0.051406651479535104,0.053550015233586074,canonical_letterbox_valid,3d99874f14ae5f316eec36e21141043d75bd4fd17ccfb31e3174198dee269596,0.5980525611196473,abs_hard,0,0,P2-IMA-M-v2,2,5841ec919fc3c156c3ef502e,AbsHard-1,17,ISIC_0015464_A00_T2_S2_5841ec919fc3c156c3ef502e.png,S2,0.9472447037696838,0.9475334144583869,val,M,0.944344554766857,T2,10604622
1.0,1.0,A03,0.2083614617586136,0.20795795339986675,0.03852802224235608,0.014987907247592497,0.13232576765982657,0,0.00907973309180644,0.009053308823529413,cdfa7966292d334f35a671cfb33ac823ef2f659d99670c319a635c2b862fa168,7978.531506486642,0.8950976127874055,0.8915654282224599,0.8963859109449299,2573451,146972,118918,2339,750,0,-0.0012882981575244035,0.009902656078338623,0.009886564010941568,0.0035321845649456396,ISIC_0015464,0,350.1054097445531,0.04388093340985283,ISIC_0015464,0.8101146518884111,0.8122276797974083,1.0,0.7148407525724422,0.15698117017745972,0.16358906030654907,0.16329072249141263,0.16688382625579834,0.166599255507081,0.15671269149613942,canonical_letterbox_valid,3d99874f14ae5f316eec36e21141043d75bd4fd17ccfb31e3174198dee269596,0.5980525611196473,abs_hard,0,0,P2-IMA-M-v2,2,58a4ddbdd831137de4d0327a,AbsHard-1,17,ISIC_0015464_A03_T1_S1_58a4ddbdd831137de4d0327a.png,S1,0.894399106502533,0.8945325704075879,val,M,0.8101146518884111,T1,10989185
1.0,1.0,A00,0.13368400931358337,0.13355249602668923,0.5455833673452214,0.41263699350746474,0.697419576764792,0,0.010480006133147859,0.010622258771929825,cdfa7966292d334f35a671cfb33ac823ef2f659d99670c319a635c2b862fa168,7955.787955947544,0.96780456204837,0.9679461100906456,0.9683193339964363,811434,158462,1130,750326,2320,144159,-0.0005147719480663726,0.00017540156841278076,0.00011262345301231436,-0.0001415480422756188,ISIC_0015014,0,340.46468204263124,0.04279458979146227,ISIC_0015502,0.9376175542579007,0.938584356482543,1.0,0.4503696702030972,0.08990778028964996,0.0899185836315155,0.08984255046055324,0.09008318185806274,0.08994807244031817,0.08983544898730586,canonical_letterbox_valid,3d99874f14ae5f316eec36e21141043d75bd4fd17ccfb31e3174198dee269596,0.5868999012576372,abs_hard,0,0,P2-IMA-M-v2,2,5841ecc19fc3c156c3ef50a0,AbsHard-1,17,ISIC_0015502_A00_T2_S2_5841ecc19fc3c156c3ef50a0.png,S2,0.9538684487342834,0.9538815980520775,val,M,0.9376175542579007,T2,23473488
1.0,1.0,A03,0.10153904557228088,0.10162852529508562,0.37625414953644853,0.2871790779191062,0.6005186396737716,0,0.010480006133147859,0.010622258771929825,cdfa7966292d334f35a671cfb33ac823ef2f659d99670c319a635c2b862fa168,7955.787955947544,0.9727324848207708,0.9744159250515736,0.9777549894479964,1048893,272677,2856,292771,594,29944,-0.0050225046272256435,-0.005715221166610718,-0.005684752850524222,-0.0016834402308028018,ISIC_0015014,0,173.64907140552177,0.021826759632992247,ISIC_0015502,0.9469125329550174,0.9564781234980223,1.0,0.4503696702030972,0.0707479864358902,0.06788312643766403,0.06789824207453599,0.06503276526927948,0.0651075306987572,0.07079228354928142,canonical_letterbox_valid,3d99874f14ae5f316eec36e21141043d75bd4fd17ccfb31e3174198dee269596,0.5868999012576372,abs_hard,0,0,P2-IMA-M-v2,2,5b2ff37911659747a0a00eb1,AbsHard-1,17,ISIC_0015502_A03_T1_S1_5b2ff37911659747a0a00eb1.png,S1,0.9600430727005005,0.9600439581965228,val,M,0.9469125329550174,T1,23931043
1.0,1.0,A00,0.16421055793762207,0.16436110304727286,0.1905398263332747,0.09157959701548299,0.3377583133514222,0,0.014027912192730127,0.014168823964497042,cdfa7966292d334f35a671cfb33ac823ef2f659d99670c319a635c2b862fa168,8012.690434554426,0.9157654646195031,0.913065886977544,0.9020164578531561,2069,1471,1,2207034,5744,407278,0.01374900676634705,0.02471444010734558,0.02457014920164588,0.002699577641959161,ISIC_0015595,0,414.0,0.051668038766934085,ISIC_0015596,0.8446193464019556,0.8215209274352865,1.0,1.224570392231584,0.1316799521446228,0.13648656010627747,0.13660488936400358,0.15639439225196838,0.1563659218812981,0.13179577267965223,canonical_letterbox_valid,3d99874f14ae5f316eec36e21141043d75bd4fd17ccfb31e3174198dee269596,0.5604837090834291,abs_hard,0,0,P2-IMA-M-v2,3,5841ed329fc3c156c3ef51bb,AbsHard-1,17,ISIC_0015596_A00_T2_S2_5841ed329fc3c156c3ef51bb.png,S2,0.9008506536483765,0.9007695576879684,val,M,0.8446193464019556,T2,12008259
1.0,1.0,A08,1.0548421144485474,1.0581356961170938,0.24442321038846296,0.14504613970869826,0.44240845168952253,0,0.014027912192730127,0.014168823964497042,cdfa7966292d334f35a671cfb33ac823ef2f659d99670c319a635c2b862fa168,8012.690434554426,0.778577391377979,0.7794425831922114,0.7869499146920587,2373107,278026,5745,3641268,0,130723,-0.008372523314079672,-0.04794949293136597,-0.04792568771215444,-0.0008651918142323911,ISIC_0015595,0,1114.9534519184294,0.13914844970301543,ISIC_0015596,0.6374348942634612,0.6487365395900252,1.0,1.224570392231584,0.6470752954483032,0.6347074508666992,0.6368226102798484,0.5991258025169373,0.6012802346247206,0.649205922336875,canonical_letterbox_valid,3d99874f14ae5f316eec36e21141043d75bd4fd17ccfb31e3174198dee269596,0.5604837090834291,abs_hard,0,0,P2-IMA-M-v2,3,5b2d2f5c116597169d5519d4,AbsHard-1,17,ISIC_0015596_A08_T3_S1_5b2d2f5c116597169d5519d4.png,S1,0.7606915235519409,0.7597238514433438,val,M,0.0,T3,10574025
1.0,1.0,A03,0.2644006311893463,0.2627492753347346,0.24683630512157212,0.14616126925755124,0.4160251739651525,0,0.014027912192730127,0.014168823964497042,cdfa7966292d334f35a671cfb33ac823ef2f659d99670c319a635c2b862fa168,8012.690434554426,0.9111267995399265,0.9113075184449749,0.9163974877043894,2527009,271442,5745,205985,0,137307,-0.005270688164462967,-0.012188181281089783,-0.011996026619722766,-0.00018071890504844923,ISIC_0015595,0,641.142729816342,0.08001591164079397,ISIC_0015596,0.8367611574561252,0.8456952409264931,1.0,1.224570392231584,0.18471930921077728,0.1819412261247635,0.18101105731086087,0.1725311279296875,0.17175968963521543,0.1837557162549382,canonical_letterbox_valid,3d99874f14ae5f316eec36e21141043d75bd4fd17ccfb31e3174198dee269596,0.5604837090834291,abs_hard,0,0,P2-IMA-M-v2,3,5b2fde4e11659747a0a00ea2,AbsHard-1,17,ISIC_0015596_A03_T3_S1_5b2fde4e11659747a0a00ea2.png,S1,0.8949620127677917,0.8952378428248582,val,M,0.8367611574561252,T3,14009308
1.0,1.0,A00,0.023826666176319122,0.024621594685096407,0.7337605054744285,0.3638110357803869,0.9943404078235538,0,0.0072049325540195575,0.007150036549707603,cdfa7966292d334f35a671cfb33ac823ef2f659d99670c319a635c2b862fa168,8038.1605482846635,0.9780355372748379,0.9751770513816744,0.9872464837593194,37251,71,40753,274159,174026,14,-0.009210946484481508,-0.002959374338388443,-0.0035525992646026523,0.0028584858931635093,ISIC_0015631,0,59.0,0.00733998775535661,ISIC_0015631,0.9570152123164992,0.9748141753424441,1.0,0.8870273070637901,0.029420260339975357,0.031442709267139435,0.03235403632911624,0.026460886001586914,0.02664523116588365,0.0301978304304863,canonical_letterbox_valid,3d99874f14ae5f316eec36e21141043d75bd4fd17ccfb31e3174198dee269596,0.8095636243986245,abs_hard,0,0,P2-IMA-M-v2,2,5841ed679fc3c156c3ef5224,AbsHard-1,17,ISIC_0015631_A00_T2_S2_5841ed679fc3c156c3ef5224.png,S2,0.9649861454963684,0.9642259338241238,val,M,0.9570152123164992,T2,6933246
1.0,1.0,A03,0.026098301634192467,0.02679585354426963,0.7877445763403986,0.4941883933779798,0.9620272578292033,0,0.0072049325540195575,0.007150036549707603,cdfa7966292d334f35a671cfb33ac823ef2f659d99670c319a635c2b862fa168,8038.1605482846635,0.9762472825388832,0.9731256642846927,0.9817082763105631,25130,8,66811,310483,147968,77,-0.005460993771679967,-0.0020448677241802216,-0.0022832568278410292,0.003121618254190439,ISIC_0015631,0,81.83520025025906,0.010180836742272164,ISIC_0015631,0.9535967679382126,0.9640737064558219,1.0,0.8870273070637901,0.03142708167433739,0.03367753326892853,0.034459103646113536,0.029382213950157166,0.029838531303016405,0.032121788130857434,canonical_letterbox_valid,3d99874f14ae5f316eec36e21141043d75bd4fd17ccfb31e3174198dee269596,0.8095636243986245,abs_hard,0,0,P2-IMA-M-v2,2,58a58ab2d831137de4d032be,AbsHard-1,17,ISIC_0015631_A03_T3_S1_58a58ab2d831137de4d032be.png,S1,0.9632441401481628,0.9625522772825548,val,M,0.9535967679382126,T3,6896922
1.0,1.0,A00,0.10423768311738968,0.10513808713630354,0.04300638863019507,0.005490340320359563,0.25031733166128867,0,0.004746313210746985,0.004963235294117647,cdfa7966292d334f35a671cfb33ac823ef2f659d99670c319a635c2b862fa168,7922.802786893032,0.7947432982989204,0.7866126622627957,0.7722081610377479,0,0,0,919799,3237,134011,0.02253513726117251,0.016830816864967346,0.016778504881471257,0.008130636036124739,ISIC_0015633,0,396.3480785090634,0.05002624565699853,ISIC_0015633,0.6593975351286018,0.6289406204967365,1.0,1.2046790628013184,0.15559157729148865,0.16430769860744476,0.16563752960808148,0.172422394156456,0.17371524018335327,0.156936735301882,canonical_letterbox_valid,3d99874f14ae5f316eec36e21141043d75bd4fd17ccfb31e3174198dee269596,0.45181665482088323,abs_hard,0,0,P2-IMA-M-v2,2,5841ed6a9fc3c156c3ef522a,AbsHard-1,17,ISIC_0015633_A00_T2_S2_5841ed6a9fc3c156c3ef522a.png,S2,0.7930545210838318,0.7912646165325395,val,M,0.6593975351286018,T2,1780707
1.0,1.0,A03,0.41712313890457153,0.4166069394844137,0.006778608403228097,0.0,0.04758046323944345,0,0.004746313210746985,0.004963235294117647,cdfa7966292d334f35a671cfb33ac823ef2f659d99670c319a635c2b862fa168,7922.802786893032,0.6896740534369149,0.697378583147193,0.711195779667665,2430241,134011,3237,0,0,0,-0.021521726230750104,-0.06523272395133972,-0.06516882350020892,-0.00770452971027813,ISIC_0015633,0,586.2073007478016,0.07398988924949447,ISIC_0015633,0.5263377827828969,0.5518260791264897,1.0,1.2046790628013184,0.36309343576431274,0.3496038019657135,0.3493305159906277,0.297860711812973,0.2976540735063429,0.3628228970065518,canonical_letterbox_valid,3d99874f14ae5f316eec36e21141043d75bd4fd17ccfb31e3174198dee269596,0.45181665482088323,abs_hard,0,0,P2-IMA-M-v2,2,5b2ff1a511659747a0a00ea5,AbsHard-1,17,ISIC_0015633_A03_T1_S1_5b2ff1a511659747a0a00ea5.png,S1,0.690936267375946,0.6909611454713102,val,M,0.0,T1,2700506
1.0,1.0,A00,0.05068204924464226,0.050812484898881925,0.021947465117433833,0.0,0.3934835195945699,0,0.004134114583333333,0.004191080729166667,cdfa7966292d334f35a671cfb33ac823ef2f659d99670c319a635c2b862fa168,800.0,0.8952800182518487,0.8959654023853014,0.8946316735285046,0,0,0,7803,608,662,0.0006483447233440742,0.0030450746417045593,0.0030350622247726222,-0.00068538413345276,ISIC_0016804,0,22.840750848622204,0.028550938560777755,ISIC_0016804,0.8104135283541475,0.8093516451518975,1.0,1.1761615200055964,0.08274360746145248,0.08267718553543091,0.08287748478926721,0.08578868210315704,0.08597474232412435,0.08293968009935172,canonical_letterbox_valid,3d99874f14ae5f316eec36e21141043d75bd4fd17ccfb31e3174198dee269596,0.7298323418300353,abs_hard,0,0,P2-IMA-M-v2,2,5b2bd38d116597326357fdff,AbsHard-1,17,ISIC_0016804_A00_T2_S1_5b2bd38d116597326357fdff.png,S1,0.8851948380470276,0.8849331247001785,val,M,0.8104135283541475,T2,33355
1.0,1.0,A03,0.10111779719591141,0.10052399420130562,0.11703888448021767,0.02923588039867109,0.2695443329494983,0,0.004134114583333333,0.004191080729166667,cdfa7966292d334f35a671cfb33ac823ef2f659d99670c319a635c2b862fa168,800.0,0.8753854988621137,0.8745969758557945,0.8747342913017601,11718,601,608,0,0,61,0.0006512075603536394,0.0024463236331939697,0.002378218931684828,0.0007885230063191528,ISIC_0016804,0,33.95290805355029,0.04244113506693786,ISIC_0016804,0.7783871699826008,0.7773579915748909,1.0,1.1761615200055964,0.11620551347732544,0.11823548376560211,0.1176912086800106,0.11865183711051941,0.11807576950451275,0.11569755057282792,canonical_letterbox_valid,3d99874f14ae5f316eec36e21141043d75bd4fd17ccfb31e3174198dee269596,0.7298323418300353,abs_hard,0,0,P2-IMA-M-v2,2,5b3016ce11659747a0a01023,AbsHard-1,17,ISIC_0016804_A03_T1_S1_5b3016ce11659747a0a01023.png,S1,0.8687067627906799,0.8691288930556498,val,M,0.7783871699826008,T1,41158
1.0,1.0,A00,0.19441592693328857,0.1948322033211784,0.13763930733350677,0.07980305850832478,0.35523378165921643,0,0.048564453125,0.048828125,cdfa7966292d334f35a671cfb33ac823ef2f659d99670c319a635c2b862fa168,800.0,0.9195325523670975,0.9113792001076843,0.8908533245700515,206,206,0,28225,1541,13172,0.028679227797046014,0.037210434675216675,0.03728641028664098,0.008153352259413271,ISIC_0017427,0,47.48946178629053,0.059361827232863165,ISIC_0017427,0.8510506766137356,0.803188022201592,1.0,0.748979328841299,0.1568121314048767,0.1652013063430786,0.16549612604733477,0.19402256608009338,0.19438339169467514,0.15709698140803416,canonical_letterbox_valid,3d99874f14ae5f316eec36e21141043d75bd4fd17ccfb31e3174198dee269596,0.5611049519386233,abs_hard,0,0,P2-IMA-M-v2,2,5b2bd3bb116597326357fe5f,AbsHard-1,17,ISIC_0017427_A00_T2_S1_5b2bd3bb116597326357fe5f.png,S1,0.8807916641235352,0.8806382405051101,val,M,0.8510506766137356,T2,162446
1.0,1.0,A03,0.2557103633880615,0.25551224008140383,0.18065496819176896,0.12109498991429712,0.3000581747966976,0,0.048564453125,0.048828125,cdfa7966292d334f35a671cfb33ac823ef2f659d99670c319a635c2b862fa168,800.0,0.9062594331213976,0.9146037735849056,0.9316537282516726,39411,12397,1541,28,0,981,-0.025394295130275024,-0.03063565492630005,-0.030735396156235523,-0.008344340463508071,ISIC_0017427,0,56.13623886846659,0.07017029858558324,ISIC_0017427,0.82858719934632,0.8720522108688973,1.0,0.748979328841299,0.18666303157806396,0.17944329977035522,0.17933671880017477,0.15602737665176392,0.15580128161923204,0.18653667777546756,canonical_letterbox_valid,3d99874f14ae5f316eec36e21141043d75bd4fd17ccfb31e3174198dee269596,0.5611049519386233,abs_hard,0,0,P2-IMA-M-v2,2,5b30184c11659747a0a01047,AbsHard-1,17,ISIC_0017427_A03_T1_S1_5b30184c11659747a0a01047.png,S1,0.8823843002319336,0.8824388845304687,val,M,0.82858719934632,T1,190643
1.0,1.0,A00,0.057863783091306686,0.05808045191715479,0.5460569392216565,0.31739386910510126,0.7851188192323217,0,0.008203125,0.008036295572916666,cdfa7966292d334f35a671cfb33ac823ef2f659d99670c319a635c2b862fa168,800.0,0.959467129020388,0.9619243245951328,0.9538063446404683,3170,15,1002,3329,817,686,0.005660784379919681,0.001963376998901367,0.0019894727270155788,-0.002457195574744775,ISIC_0017891,0,19.917316284782057,0.024896645355977572,ISIC_0017891,0.9220920893321666,0.911691960426472,1.0,0.7248130601807459,0.06419793516397476,0.06050962209701538,0.06069757867864074,0.06616131216287613,0.06639167384884787,0.06440220112183229,canonical_letterbox_valid,3d99874f14ae5f316eec36e21141043d75bd4fd17ccfb31e3174198dee269596,0.6943723959064741,abs_hard,0,0,P2-IMA-M-v2,2,5b2bd3e8116597326357fec8,AbsHard-1,17,ISIC_0017891_A00_T2_S1_5b2bd3e8116597326357fec8.png,S1,0.9294679164886475,0.9292760496734902,val,M,0.9220920893321666,T2,76920
1.0,1.0,A03,0.11717333644628525,0.1175186771792004,0.1781220843111199,0.1143780063284176,0.40341751024591443,0,0.008203125,0.008036295572916666,cdfa7966292d334f35a671cfb33ac823ef2f659d99670c319a635c2b862fa168,800.0,0.9130077537322069,0.9090571144787207,0.9136760200813037,13678,678,1131,1356,688,23,-0.00066826634909678,-0.0016732066869735718,-0.0016807638839581585,0.0039506392534861545,ISIC_0017891,0,31.016124838541646,0.03877015604817706,ISIC_0017891,0.8399395275054031,0.8410713902768544,1.0,0.7248130601807459,0.10834278166294098,0.11472625285387039,0.1150313449177607,0.10666957497596741,0.10694145360473123,0.10862221748868939,canonical_letterbox_valid,3d99874f14ae5f316eec36e21141043d75bd4fd17ccfb31e3174198dee269596,0.6943723959064741,abs_hard,0,0,P2-IMA-M-v2,2,5b301cf711659747a0a010b1,AbsHard-1,17,ISIC_0017891_A03_T1_S1_5b301cf711659747a0a010b1.png,S1,0.9004877805709839,0.9002742422018216,val,M,0.8399395275054031,T1,78893
1.0,1.0,A00,0.48513832688331604,0.4861877490989666,0.02751390330220058,0.012058387983922149,0.08653760635617089,0,0.017620442708333333,0.0179443359375,cdfa7966292d334f35a671cfb33ac823ef2f659d99670c319a635c2b862fa168,800.0,0.8053034247415775,0.8046842159267313,0.8023882510869348,15455,24,1296,43254,2448,1645,0.0029151736546426665,-0.017855465412139893,-0.017966765559486952,0.0006192088148461172,ISIC_0019364,0,93.6818974026267,0.11710237175328338,ISIC_0019366,0.6740652324774462,0.6699902967845551,1.0,0.8620524913256625,0.35644829273223877,0.3537936806678772,0.35452155493039084,0.3385928273200989,0.3392469413487351,0.3572137069082221,canonical_letterbox_valid,3d99874f14ae5f316eec36e21141043d75bd4fd17ccfb31e3174198dee269596,0.603223281920581,abs_hard,0,0,P2-IMA-M-v2,3,5b2bd4711165973263580027,AbsHard-1,17,ISIC_0019366_A00_T2_S2_5b2bd4711165973263580027.png,S2,0.7722417712211609,0.7717603352825224,val,M,0.6740652324774462,T2,121416
1.0,1.0,A08,0.5699410438537598,0.5687021435845477,0.1410750407509967,0.08525004007052413,0.2501218006603956,0,0.017620442708333333,0.0179443359375,cdfa7966292d334f35a671cfb33ac823ef2f659d99670c319a635c2b862fa168,800.0,0.7898897388011973,0.7902084955887798,0.779668873958994,24538,152,2559,41166,1185,1517,0.010220864842203303,-0.02220216393470764,-0.022066376851024083,-0.00031875678758253034,ISIC_0019364,0,142.62398085861338,0.17827997607326673,ISIC_0019366,0.6527419559426663,0.6388994407512926,1.0,0.8620524913256625,0.40573742985725403,0.39844265580177307,0.397697420644691,0.3835352659225464,0.38295569412605085,0.40502207097707493,canonical_letterbox_valid,3d99874f14ae5f316eec36e21141043d75bd4fd17ccfb31e3174198dee269596,0.603223281920581,abs_hard,0,0,P2-IMA-M-v2,3,5b2d26eb116597169d551975,AbsHard-1,17,ISIC_0019366_A08_T3_S1_5b2d26eb116597169d551975.png,S1,0.7584661841392517,0.7586580016303979,val,M,0.6527419559426663,T3,123504
1.0,1.0,A03,0.19835920631885529,0.19826302596623024,0.15700882566830807,0.0872776099362202,0.35280071901591403,0,0.017620442708333333,0.0179443359375,cdfa7966292d334f35a671cfb33ac823ef2f659d99670c319a635c2b862fa168,800.0,0.9258429422372807,0.9264430987104499,0.9266910875389894,22062,1624,2438,3721,1306,45,-0.0008481453017087359,0.012384623289108276,0.012422683134311718,-0.0006001564731692444,ISIC_0019364,0,48.27007354458868,0.06033759193073585,ISIC_0019366,0.8619251119251119,0.863396433943851,1.0,0.8620524913256625,0.1613234281539917,0.16410526633262634,0.16401962245254326,0.17370805144309998,0.173662241419969,0.16123955828565728,canonical_letterbox_valid,3d99874f14ae5f316eec36e21141043d75bd4fd17ccfb31e3174198dee269596,0.603223281920581,abs_hard,0,0,P2-IMA-M-v2,3,5b301bf211659747a0a01099,AbsHard-1,17,ISIC_0019366_A03_T1_S1_5b301bf211659747a0a01099.png,S1,0.8757123351097107,0.8757839093949157,val,M,0.8619251119251119,T1,160949
1.0,1.0,A00,0.20041950047016144,0.20062862257442673,0.45219470360456354,0.26449323575072076,0.6985840185666632,0,0.010751953125,0.010538736979166666,cdfa7966292d334f35a671cfb33ac823ef2f659d99670c319a635c2b862fa168,800.0,0.8966768901769887,0.8964577465283388,0.8876603059996562,1853,824,14,12835,3,2462,0.009016584177332532,-0.018897831439971924,-0.01885905625072809,0.0002191436486499443,ISIC_0019540,0,74.07646993773105,0.09259558742216381,ISIC_0019545,0.8127056183213894,0.7980118940171362,1.0,2.1166754527799916,0.15782424807548523,0.16258925199508667,0.16269611941779252,0.1389264166355133,0.13905052414974284,0.15790958040047093,canonical_letterbox_valid,3d99874f14ae5f316eec36e21141043d75bd4fd17ccfb31e3174198dee269596,0.9152209446789698,abs_hard,0,0,P2-IMA-M-v2,2,5b2bd47a116597326358005a,AbsHard-1,17,ISIC_0019545_A00_T2_S1_5b2bd47a116597326358005a.png,S1,0.8847709894180298,0.8848094617734849,val,M,0.8127056183213894,T2,63734
1.0,1.0,A03,0.09851070493459702,0.09889711418169753,0.27482769017454717,0.1319253834505959,0.5240391058018895,0,0.010751953125,0.010538736979166666,cdfa7966292d334f35a671cfb33ac823ef2f659d99670c319a635c2b862fa168,800.0,0.9357259140482515,0.9363894746493078,0.9525089551970143,10379,2939,11,123,6,347,-0.016783041148762834,-0.010029956698417664,-0.010005836404234067,-0.0006635606010563233,ISIC_0019540,0,23.769728648009426,0.02971216081001178,ISIC_0019545,0.8792151630859825,0.9093241989254087,1.0,2.1166754527799916,0.08540059626102448,0.08514031767845154,0.08527952496731633,0.07537063956260681,0.07555432534046119,0.08556016174469526,canonical_letterbox_valid,3d99874f14ae5f316eec36e21141043d75bd4fd17ccfb31e3174198dee269596,0.9152209446789698,abs_hard,0,0,P2-IMA-M-v2,2,5b30172911659747a0a0102f,AbsHard-1,17,ISIC_0019545_A03_T1_S1_5b30172911659747a0a0102f.png,S1,0.9277095198631287,0.927776790692307,val,M,0.8792151630859825,T1,76446
1.0,1.0,A00,1.197494387626648,1.197668704268159,0.14044310927525347,0.11385146530685132,0.1634270149808097,0,0.046471354166666666,0.045939127604166664,cdfa7966292d334f35a671cfb33ac823ef2f659d99670c319a635c2b862fa168,800.0,0.5274695544965815,0.5351029044046932,0.5017856030943129,322,259,0,121941,0,14017,0.025683951402268645,0.08682835102081299,0.08687624987738629,-0.0076333499081117084,ISIC_0019695,0,213.4099243595486,0.26676240544943575,ISIC_0019696,0.3582062130581306,0.3349224277450995,1.0,1.6942972358221682,0.8309792876243591,0.7767287492752075,0.7768792253108148,0.9178076386451721,0.9180399609204886,0.8311637110431023,canonical_letterbox_valid,3d99874f14ae5f316eec36e21141043d75bd4fd17ccfb31e3174198dee269596,0.47971717846649564,abs_hard,0,0,P2-IMA-M-v2,3,5b2bd4841165973263580078,AbsHard-1,17,ISIC_0019696_A00_T2_S2_5b2bd4841165973263580078.png,S2,0.5355358123779297,0.5353412821819546,val,M,0.0,T2,68239
1.0,1.0,A08,2.054471492767334,2.053892162923701,0.0,0.0,0.0,0,0.046471354166666666,0.045939127604166664,cdfa7966292d334f35a671cfb33ac823ef2f659d99670c319a635c2b862fa168,800.0,0.22284104341975544,0.2270742773892219,0.20890658467037226,0,0,0,166333,0,14276,0.013934458749383177,0.005820631980895996,0.005901863112251604,-0.0042332339694664545,ISIC_0019695,0,266.7371621016719,0.3334214526270899,ISIC_0019696,0.12539173414659796,0.11663634229369645,1.0,1.6942972358221682,1.4125386476516724,1.3519878387451172,1.3516404316546102,1.4183592796325684,1.4181129763160645,1.4122111132038129,canonical_letterbox_valid,3d99874f14ae5f316eec36e21141043d75bd4fd17ccfb31e3174198dee269596,0.47971717846649564,abs_hard,0,0,P2-IMA-M-v2,3,5b2d281f116597169d55198b,AbsHard-1,17,ISIC_0019696_A08_T1_S1_5b2d281f116597169d55198b.png,S1,0.22939421236515045,0.2294699365160753,val,M,0.0,T1,23847
1.0,1.0,A03,0.15089227259159088,0.15096247447670913,0.1464106953262118,0.0834378920953576,0.3605084499667809,0,0.046471354166666666,0.045939127604166664,cdfa7966292d334f35a671cfb33ac823ef2f659d99670c319a635c2b862fa168,800.0,0.95192576,0.9435721028877365,0.9651989004719672,14522,9482,0,4257,0,4794,-0.01327314047196726,-0.004339158535003662,-0.004287620230075062,0.008353657112263435,ISIC_0019695,0,23.113801323294396,0.028892251654117997,ISIC_0019696,0.9082617658840656,0.932738572574178,1.0,1.6942972358221682,0.11669374257326126,0.13041594624519348,0.13044930176579608,0.1123545840382576,0.11245847818735236,0.11674609841742742,canonical_letterbox_valid,3d99874f14ae5f316eec36e21141043d75bd4fd17ccfb31e3174198dee269596,0.47971717846649564,abs_hard,0,0,P2-IMA-M-v2,3,5b30163111659747a0a01017,AbsHard-1,17,ISIC_0019696_A03_T1_S1_5b30163111659747a0a01017.png,S1,0.9175047874450684,0.9174702776418543,val,M,0.9082617658840656,T1,185923
1.0,1.0,A00,0.30728042125701904,0.30787782384499435,0.0,0.0,0.07253124234256308,0,0.04268880208333333,0.04278564453125,cdfa7966292d334f35a671cfb33ac823ef2f659d99670c319a635c2b862fa168,800.0,0.6497331204051391,0.6544787907772126,0.7041653666146646,0,0,24,48692,11940,1150,-0.05443224620952547,-0.02561473846435547,-0.025816622310128323,-0.004745670372073518,ISIC_0020226,0,130.51969824651155,0.16314962280813944,ISIC_0020226,0.48118866738410065,0.5434068116971456,1.0,2.316134800758564,0.33688637614250183,0.32883065938949585,0.3293723803176997,0.31127163767814636,0.3116111594106323,0.3374277817207606,canonical_letterbox_valid,3d99874f14ae5f316eec36e21141043d75bd4fd17ccfb31e3174198dee269596,0.5824984642191962,abs_hard,0,0,P2-IMA-M-v2,2,5b2bd4a111659732635800db,AbsHard-1,17,ISIC_0020226_A00_T2_S1_5b2bd4a111659732635800db.png,S1,0.6335076689720154,0.6330222604034732,val,M,0.0,T2,45161
1.0,1.0,A03,0.8128288388252258,0.8124378279632081,0.022857142857142857,0.0,0.07868728249202392,0,0.04268880208333333,0.04278564453125,cdfa7966292d334f35a671cfb33ac823ef2f659d99670c319a635c2b862fa168,800.0,0.6848284517607227,0.6799739274362467,0.630808499001056,86386,1150,11964,0,0,0,0.054019952759666756,-0.05241525173187256,-0.05231719981371208,0.004854524324475973,ISIC_0020226,0,127.99140351888019,0.15998925439860023,ISIC_0020226,0.5207141628615338,0.46071604924572374,1.0,2.316134800758564,0.5675140619277954,0.589678168296814,0.5894405354110055,0.5150988101959229,0.5149649771829254,0.5672821769966375,canonical_letterbox_valid,3d99874f14ae5f316eec36e21141043d75bd4fd17ccfb31e3174198dee269596,0.5824984642191962,abs_hard,0,0,P2-IMA-M-v2,2,5b301eb911659747a0a010c9,AbsHard-1,17,ISIC_0020226_A03_T1_S1_5b301eb911659747a0a010c9.png,S1,0.677800714969635,0.677873473969933,val,M,0.0,T1,93853
1.0,1.0,A00,0.03676737844944,0.0372101080323077,0.4987248041389084,0.16276410488466803,0.8380525278685279,0,0.0038891545048466434,0.00372314453125,cdfa7966292d334f35a671cfb33ac823ef2f659d99670c319a635c2b862fa168,3840.0,0.9448591048479081,0.9447895248655263,0.9594831705777852,39,0,785,92152,26538,204,-0.014624065729877067,-0.010193835943937302,-0.010446475741084538,6.957998238188434e-05,ISIC_0020972,0,75.96051605933177,0.01978138439045098,ISIC_0020972,0.8954814557838863,0.9221217220586173,1.0,0.9056274545790356,0.04849792271852493,0.04840883985161781,0.04910459588415636,0.03830408677458763,0.03877427273889976,0.0492207484799843,canonical_letterbox_valid,3d99874f14ae5f316eec36e21141043d75bd4fd17ccfb31e3174198dee269596,0.8395067642599038,abs_hard,0,0,P2-IMA-M-v2,2,5b2bd4dc11659732635801aa,AbsHard-1,17,ISIC_0020972_A00_T2_S1_5b2bd4dc11659732635801aa.png,S1,0.9397715330123901,0.9387686110723391,val,M,0.8954814557838863,T2,789863
1.0,1.0,A03,0.015325953252613544,0.01496421406407193,0.8572941610184482,0.5647518962577225,0.9796942733287702,0,0.0038891545048466434,0.00372314453125,cdfa7966292d334f35a671cfb33ac823ef2f659d99670c319a635c2b862fa168,3840.0,0.9749296350294768,0.975489949173497,0.9743825602787229,13365,0,13690,30432,13633,204,0.0005470747507538842,0.005060641095042229,0.005224414265031042,-0.0005603141440201354,ISIC_0020972,0,32.984845004941285,0.00858980338670346,ISIC_0020972,0.9510855726060443,0.9500448437611614,1.0,0.9056274545790356,0.02510553039610386,0.024453813210129738,0.024197121762522984,0.030166171491146088,0.030071306345745175,0.024846892080714132,canonical_letterbox_valid,3d99874f14ae5f316eec36e21141043d75bd4fd17ccfb31e3174198dee269596,0.8395067642599038,abs_hard,0,0,P2-IMA-M-v2,2,5b30314b11659747a0a0112f,AbsHard-1,17,ISIC_0020972_A03_T3_S1_5b30314b11659747a0a0112f.png,S1,0.9651148915290833,0.9652704299026437,val,M,0.9510855726060443,T3,851583
1.0,1.0,A00,0.22658492624759674,0.22775738143797625,0.03413492046125905,0.006504029312078048,0.17427558600892248,0,0.02222160056785301,0.022257486979166668,cdfa7966292d334f35a671cfb33ac823ef2f659d99670c319a635c2b862fa168,3840.0,0.8195579159175681,0.8255552768084367,0.8432930515618747,0,0,0,748431,137012,20270,-0.023735135644306626,0.020112574100494385,0.01973292557213957,-0.005997360890868553,ISIC_0021447,0,377.3221435325523,0.09826097487826882,ISIC_0021448,0.6942804962385069,0.7290464129229568,1.0,1.748074292568689,0.2187056839466095,0.21392551064491272,0.21483897764601667,0.23881825804710388,0.23935006672448575,0.21961714115234618,canonical_letterbox_valid,3d99874f14ae5f316eec36e21141043d75bd4fd17ccfb31e3174198dee269596,0.5681228392201034,abs_hard,0,0,P2-IMA-M-v2,2,5b2bd524116597326358024f,AbsHard-1,17,ISIC_0021448_A00_T2_S1_5b2bd524116597326358024f.png,S1,0.7891735434532166,0.7885230991332839,val,M,0.6942804962385069,T2,1699666
1.0,1.0,A03,0.17883165180683136,0.1782390018668011,0.23038492753219342,0.09906731790751509,0.47375064744197287,0,0.02222160056785301,0.022257486979166668,cdfa7966292d334f35a671cfb33ac823ef2f659d99670c319a635c2b862fa168,3840.0,0.8926477144528058,0.8944990576128835,0.9023644960076447,181017,9580,39182,328742,97830,10690,-0.009716781554838905,0.03795814514160156,0.03807020884631318,-0.0018513431600777341,ISIC_0021447,0,259.80751802850875,0.06765820781992415,ISIC_0021448,0.8061099670839682,0.822098495106559,1.0,1.748074292568689,0.16690826416015625,0.16691330075263977,0.16648269237981664,0.2048664093017578,0.20452896643515717,0.166458757588844,canonical_letterbox_valid,3d99874f14ae5f316eec36e21141043d75bd4fd17ccfb31e3174198dee269596,0.5681228392201034,abs_hard,0,0,P2-IMA-M-v2,2,5b31006111659747a0a0129c,AbsHard-1,17,ISIC_0021448_A03_T1_S1_5b31006111659747a0a0129c.png,S1,0.8450151085853577,0.8453214866891131,val,M,0.8061099670839682,T1,2119355
1.0,1.0,A00,0.34052833914756775,0.34038122394031833,0.0024552788495264817,0.0,0.11933452239960092,0,0.016784950538917823,0.016581217447916668,cdfa7966292d334f35a671cfb33ac823ef2f659d99670c319a635c2b862fa168,3840.0,0.6888509617304573,0.6858381685128505,0.723410366302337,0,0,0,771345,118616,186,-0.03455940457187967,-0.08401221036911011,-0.08399179582269223,0.003012793217606835,ISIC_0021604,0,690.2134808707258,0.1797430939767515,ISIC_0021604,0.5253796034046627,0.5666741662369347,1.0,0.9412654290091478,0.33007484674453735,0.3362283706665039,0.33606635987587447,0.24606263637542725,0.2459512199407422,0.32994301576343443,canonical_letterbox_valid,3d99874f14ae5f316eec36e21141043d75bd4fd17ccfb31e3174198dee269596,0.39029026078823914,abs_hard,0,0,P2-IMA-M-v2,2,5b2bd5411165973263580297,AbsHard-1,17,ISIC_0021604_A00_T2_S2_5b2bd5411165973263580297.png,S2,0.6803786158561707,0.6804951924134495,val,M,0.0,T2,853838
1.0,1.0,A08,0.09857666492462158,0.09868051896794443,0.1435354897528918,0.059333605484311436,0.3642108547281294,0,0.016784950538917823,0.016581217447916668,cdfa7966292d334f35a671cfb33ac823ef2f659d99670c319a635c2b862fa168,3840.0,0.902153554697112,0.9035666894670951,0.8883608965948935,212994,0,75698,114664,42918,186,0.013792658102218525,0.016699686646461487,0.016697164852106122,-0.0014131347699830599,ISIC_0021604,0,141.65256787543169,0.036888689550893666,ISIC_0021604,0.8217483952851112,0.7991450587458819,1.0,0.9412654290091478,0.10587188601493835,0.10491155087947845,0.1050386182033595,0.12257157266139984,0.12267742529995684,0.10598026044785072,canonical_letterbox_valid,3d99874f14ae5f316eec36e21141043d75bd4fd17ccfb31e3174198dee269596,0.39029026078823914,abs_hard,0,0,P2-IMA-M-v2,2,5b2d3d04116597169d551b07,AbsHard-1,17,ISIC_0021604_A08_T1_S1_5b2d3d04116597169d551b07.png,S1,0.8868328928947449,0.886719998072243,val,M,0.8217483952851112,T1,1510519
1.0,1.0,A00,0.6924104690551758,0.6924367296121058,0.0,0.0,0.0,0,0.04196298062579941,0.041910406403940885,cdfa7966292d334f35a671cfb33ac823ef2f659d99670c319a635c2b862fa168,3472.2456710319334,0.14831664257353855,0.14576809183431572,0.16285035706221893,0,0,0,2083272,232295,13994,-0.014533714488680377,-0.04205113649368286,-0.04204799319627339,0.0025485507392228324,ISIC_0021711,0,1193.7982127874934,0.343811563434883,ISIC_0021711,0.08009827489062414,0.08864294625548594,1.0,1.2532391867320947,0.7700590491294861,0.7759183049201965,0.7759991035320692,0.7280079126358032,0.7280988392548469,0.7701468324511203,canonical_letterbox_valid,3d99874f14ae5f316eec36e21141043d75bd4fd17ccfb31e3174198dee269596,0.5344933120195744,abs_hard,0,0,P2-IMA-M-v2,2,5b2bd55511659732635802b8,AbsHard-1,17,ISIC_0021711_A00_T2_S2_5b2bd55511659732635802b8.png,S2,0.152292400598526,0.15214306470986527,val,M,0.0,T2,181396
1.0,1.0,A08,0.5168004631996155,0.5163304150403272,0.0879258203309725,0.04691657409986851,0.15362058147066338,0,0.04196298062579941,0.041910406403940885,cdfa7966292d334f35a671cfb33ac823ef2f659d99670c319a635c2b862fa168,3472.2456710319334,0.7270747095130095,0.728754501107872,0.7156674853760465,1129495,13545,122077,325976,110218,449,0.011407224136962935,0.003939926624298096,0.004057301922806844,-0.0016797915948625342,ISIC_0021711,0,353.29874044496677,0.10174935010861953,ISIC_0021711,0.5711841181463589,0.5572291265907805,1.0,1.2532391867320947,0.418117880821228,0.41730016469955444,0.4170542410874995,0.4220578074455261,0.4219087551869323,0.4178514532641255,canonical_letterbox_valid,3d99874f14ae5f316eec36e21141043d75bd4fd17ccfb31e3174198dee269596,0.5344933120195744,abs_hard,0,0,P2-IMA-M-v2,2,5b2d3ebf116597169d551b4f,AbsHard-1,17,ISIC_0021711_A08_T3_S1_5b2d3ebf116597169d551b4f.png,S1,0.6805647015571594,0.6806275085120762,val,M,0.0,T3,1938692
1.0,1.0,A00,0.05547277256846428,0.055294930403061715,0.0,0.0,0.2570268719535556,0,0.009005793818721065,0.00897216796875,cdfa7966292d334f35a671cfb33ac823ef2f659d99670c319a635c2b862fa168,3840.0,0.7957091411538502,0.7856413595134871,0.7263266034765075,0,0,0,136319,0,63742,0.0693825376773427,0.16967131197452545,0.16974631345545896,0.010067781640363038,ISIC_0021837,0,204.51517569383262,0.053259160336935576,ISIC_0021837,0.6607283741373174,0.5702612659250206,1.0,3.6221824332341304,0.13883428275585175,0.1444382667541504,0.14420922448552756,0.3085055947303772,0.3083946328958985,0.13864831944043957,canonical_letterbox_valid,3d99874f14ae5f316eec36e21141043d75bd4fd17ccfb31e3174198dee269596,0.36015984292581926,abs_hard,0,0,P2-IMA-M-v2,2,5b2bd57411659732635802f7,AbsHard-1,17,ISIC_0021837_A00_T2_S1_5b2bd57411659732635802f7.png,S1,0.7778041958808899,0.7779982915221826,val,M,0.6607283741373174,T2,265480
1.0,1.0,A09,0.036271341145038605,0.036414201080878394,0.3061204454143346,0.17252538863633785,0.5754230032163073,0,0.009005793818721065,0.00897216796875,cdfa7966292d334f35a671cfb33ac823ef2f659d99670c319a635c2b862fa168,3840.0,0.892402386358577,0.9002492858253279,0.9325138071591446,95756,47739,0,914,0,16003,-0.04011142080056751,0.12318874895572662,0.1229865712415889,-0.007846899466750878,ISIC_0021837,0,88.19807236092845,0.02296824801065845,ISIC_0021837,0.8057099215162142,0.8735605325980708,1.0,3.6221824332341304,0.08154192566871643,0.07733458280563354,0.07756248731408319,0.20473067462444305,0.20473367591183553,0.08174710467024662,canonical_letterbox_valid,3d99874f14ae5f316eec36e21141043d75bd4fd17ccfb31e3174198dee269596,0.36015984292581926,abs_hard,0,0,P2-IMA-M-v2,2,5b30c7bf11659747a0a01235,AbsHard-1,17,ISIC_0021837_A09_T1_S1_5b30c7bf11659747a0a01235.png,S1,0.8731874823570251,0.8729199917403851,val,M,0.8057099215162142,T1,400885
1.0,1.0,A00,0.05789213255047798,0.0566682808285972,0.07772860722839436,0.00573845043085261,0.5475055743330834,0,0.00554727624963831,0.005655924479166667,cdfa7966292d334f35a671cfb33ac823ef2f659d99670c319a635c2b862fa168,3840.0,0.862419817497236,0.8575952226343908,0.8920054770601994,0,0,0,162018,39161,102,-0.02958565956296344,-0.021620050072669983,-0.02154873295756253,0.004824594862845144,ISIC_0021930,0,139.9328168430662,0.036440837719548494,ISIC_0021932,0.7581178283185682,0.8050630744035399,1.0,1.182977709873355,0.10318215936422348,0.1088341772556305,0.10757225682165802,0.0815621092915535,0.0804069180419273,0.10195565099948983,canonical_letterbox_valid,3d99874f14ae5f316eec36e21141043d75bd4fd17ccfb31e3174198dee269596,0.45426519096182444,abs_hard,0,0,P2-IMA-M-v2,2,5b2bd5831165973263580318,AbsHard-1,17,ISIC_0021932_A00_T2_S1_5b2bd5831165973263580318.png,S1,0.8515278100967407,0.8527569788296175,val,M,0.7581178283185682,T2,507804
1.0,1.0,A09,0.09584643691778183,0.09566986868884973,0.16758527684755498,0.07063150361341292,0.4317440776992616,0,0.00554727624963831,0.005655924479166667,cdfa7966292d334f35a671cfb33ac823ef2f659d99670c319a635c2b862fa168,3840.0,0.8508385682943137,0.8552126838820496,0.8221961668134184,234221,102,38692,469,469,0,0.028642401480895252,0.032110705971717834,0.03217242760272715,-0.004374115587735927,ISIC_0021930,0,157.48491638264366,0.04101169697464679,ISIC_0021932,0.7403995163946848,0.6980756418400706,1.0,1.182977709873355,0.12482984364032745,0.12159614264965057,0.12152972195093797,0.1569405496120453,0.156944557121161,0.12477212951843386,canonical_letterbox_valid,3d99874f14ae5f316eec36e21141043d75bd4fd17ccfb31e3174198dee269596,0.45426519096182444,abs_hard,0,0,P2-IMA-M-v2,2,5b30c78911659747a0a01231,AbsHard-1,17,ISIC_0021932_A09_T1_S1_5b30c78911659747a0a01231.png,S1,0.8461867570877075,0.846125609651982,val,M,0.7403995163946848,T1,669353
1.0,1.0,A00,0.03568236529827118,0.03552009998127297,0.21033236110003234,0.09117186091979458,0.7706594292544717,0,0.0037166454173900463,0.00360107421875,cdfa7966292d334f35a671cfb33ac823ef2f659d99670c319a635c2b862fa168,3840.0,0.9053950104083596,0.8974149936726168,0.8774457861857102,659,659,0,73010,0,25647,0.027949224222649338,0.017019428312778473,0.01705529958679286,0.007980016735742779,ISIC_0021987,0,59.405386961116584,0.015470152854457443,ISIC_0021987,0.8271431420627192,0.7816511446732414,1.0,1.4833063626678893,0.06623630970716476,0.07339520007371902,0.07343683759781885,0.08325573801994324,0.0833220145183586,0.06626671493156575,canonical_letterbox_valid,3d99874f14ae5f316eec36e21141043d75bd4fd17ccfb31e3174198dee269596,0.8755376785316923,abs_hard,0,0,P2-IMA-M-v2,2,5b2bd5901165973263580333,AbsHard-1,17,ISIC_0021987_A00_T2_S1_5b2bd5901165973263580333.png,S1,0.9032097458839417,0.9029866701181415,val,M,0.8271431420627192,T2,352516
1.0,1.0,A03,0.011789686977863312,0.012018127046427482,0.8317237181999229,0.4564017259773517,0.9949782390358218,0,0.0037166454173900463,0.00360107421875,cdfa7966292d334f35a671cfb33ac823ef2f659d99670c319a635c2b862fa168,3840.0,0.9628413103500756,0.9691688691047947,0.9754326606548718,31066,18373,0,1651,0,7933,-0.01259135030479619,-0.002515384927392006,-0.0027714729461553005,-0.006327558754719131,ISIC_0021987,0,30.083217912982647,0.007834171331505898,ISIC_0021987,0.9283452184882783,0.9520434852806631,1.0,1.4833063626678893,0.026717934757471085,0.0229668989777565,0.023657458519091693,0.02420254983007908,0.02469763452237625,0.02746910746853155,canonical_letterbox_valid,3d99874f14ae5f316eec36e21141043d75bd4fd17ccfb31e3174198dee269596,0.8755376785316923,abs_hard,0,0,P2-IMA-M-v2,2,5b3104b511659747a0a012c6,AbsHard-1,17,ISIC_0021987_A03_T3_S1_5b3104b511659747a0a012c6.png,S1,0.9583538174629211,0.9570799121093644,val,M,0.9283452184882783,T3,423875
1.0,1.0,A00,0.6295447945594788,0.6290542860212445,0.053965135864374805,0.02708642642458614,0.17476316375899326,0,0.04696697658962674,0.0472412109375,cdfa7966292d334f35a671cfb33ac823ef2f659d99670c319a635c2b862fa168,3840.0,0.7497157753416773,0.7471113254411194,0.7501567251612778,596651,0,123108,1194901,209319,0,-0.0004409498196005224,-0.020097851753234863,-0.02017975897191343,0.00260444990055797,ISIC_0022313,0,592.0771062067028,0.1541867464079955,ISIC_0022313,0.5996362751410059,0.6002006333618725,1.0,0.40915445632406683,0.5153191685676575,0.5180395841598511,0.5178948773426055,0.4952213168144226,0.4950002632523705,0.5151800222242839,canonical_letterbox_valid,3d99874f14ae5f316eec36e21141043d75bd4fd17ccfb31e3174198dee269596,0.5958746972467874,abs_hard,0,0,P2-IMA-M-v2,2,5b2bd5d511659732635803b4,AbsHard-1,17,ISIC_0022313_A00_T2_S2_5b2bd5d511659732635803b4.png,S2,0.5989064574241638,0.5986942415726765,val,M,0.0,T2,2683259
1.0,1.0,A08,0.6696913242340088,0.6691295908099321,0.036300198864794214,0.020470525383954805,0.11772667574898332,0,0.04696697658962674,0.0472412109375,cdfa7966292d334f35a671cfb33ac823ef2f659d99670c319a635c2b862fa168,3840.0,0.7342802449319303,0.7352866581111269,0.6948207284019229,2775175,0,322910,18370,9517,0,0.039459516530007455,0.0929880440235138,0.09288064452631317,-0.0010064131791965858,ISIC_0022313,0,821.0127891058603,0.21380541382965113,ISIC_0022313,0.5801286121922314,0.5323565455886962,1.0,0.40915445632406683,0.4827461540699005,0.48787105083465576,0.48756920163730527,0.5757341980934143,0.5753349732001186,0.48245432867380544,canonical_letterbox_valid,3d99874f14ae5f316eec36e21141043d75bd4fd17ccfb31e3174198dee269596,0.5958746972467874,abs_hard,0,0,P2-IMA-M-v2,2,5b2d39c1116597169d551a71,AbsHard-1,17,ISIC_0022313_A08_T3_S1_5b2d39c1116597169d551a71.png,S1,0.7041990160942078,0.7042209334623212,val,M,0.0,T3,3859790
1.0,1.0,A00,0.2817249298095703,0.2816962729527459,0.0,0.0,0.05493253095871252,0,0.06740881829660239,0.067122054973822,cdfa7966292d334f35a671cfb33ac823ef2f659d99670c319a635c2b862fa168,3235.206330359781,0.7750237352633502,0.78469013426595,0.6884446899493234,0,0,0,581747,6536,331729,0.08657904531402683,0.11611703038215637,0.11615934185819132,-0.009666399002599801,ISIC_0022662,0,321.9909912684083,0.09952718880610015,ISIC_0022662,0.6326846956744651,0.5249070966917307,1.0,1.874119300514363,0.2986718714237213,0.29410722851753235,0.2940896548951035,0.4147889018058777,0.41481547900430904,0.2986561371461177,canonical_letterbox_valid,3d99874f14ae5f316eec36e21141043d75bd4fd17ccfb31e3174198dee269596,0.4811362746715841,abs_hard,0,0,P2-IMA-M-v2,2,5b2bd5fa1165973263580411,AbsHard-1,17,ISIC_0022662_A00_T2_S1_5b2bd5fa1165973263580411.png,S1,0.6843811869621277,0.6843839986605105,val,M,0.0,T2,1002034
1.0,1.0,A03,0.18847519159317017,0.18842171862009974,0.24246153990858565,0.11756879748523488,0.44359110174350386,0,0.06740881829660239,0.067122054973822,cdfa7966292d334f35a671cfb33ac823ef2f659d99670c319a635c2b862fa168,3235.206330359781,0.9041695434838958,0.9094257265061846,0.8243478345003245,50197,20158,5143,235586,1393,311571,0.07982170898357133,0.11682066321372986,0.11677537956442935,-0.005256183022288807,ISIC_0022662,0,195.95711973829196,0.060570207810053324,ISIC_0022662,0.8250998483455714,0.7011834441269116,1.0,1.874119300514363,0.20643994212150574,0.20988695323467255,0.20980523273433255,0.3232606053352356,0.32312964715758297,0.20635426759315362,canonical_letterbox_valid,3d99874f14ae5f316eec36e21141043d75bd4fd17ccfb31e3174198dee269596,0.4811362746715841,abs_hard,0,0,P2-IMA-M-v2,2,5b30bfbc11659747a0a011e4,AbsHard-1,17,ISIC_0022662_A03_T1_S1_5b30bfbc11659747a0a011e4.png,S1,0.7755953073501587,0.7757131834337925,val,M,0.8250998483455714,T1,1348195
1.0,1.0,A00,0.6932980418205261,0.6930404900502118,0.0,0.0,0.0,0,0.2867813631899806,0.28669011780104714,cdfa7966292d334f35a671cfb33ac823ef2f659d99670c319a635c2b862fa168,3235.206330359781,0.27851142535047646,0.2762547284816053,0.4056492892088156,0,0,0,2916461,1353013,86088,-0.12713786385833914,-0.08900517225265503,-0.0889397250037498,0.002256696868871144,ISIC_0022662,0,1483.310604662359,0.45849026404983667,ISIC_0022663,0.16178523020820998,0.25442914564733077,1.0,0.8177277490196597,0.6851979494094849,0.6910289525985718,0.6908696179227223,0.5961927771568298,0.5960982564030903,0.6850379814068401,canonical_letterbox_valid,3d99874f14ae5f316eec36e21141043d75bd4fd17ccfb31e3174198dee269596,0.7257050031786328,abs_hard,0,0,P2-IMA-M-v2,3,5b2bd5fb1165973263580414,AbsHard-1,17,ISIC_0022663_A00_T2_S2_5b2bd5fb1165973263580414.png,S2,0.3229020833969116,0.3229645272365315,val,M,0.0,T2,562911
1.0,1.0,A08,0.6594597697257996,0.659666637012797,0.10649095080547753,0.055183654987260904,0.19866264777470335,0,0.2867813631899806,0.28669011780104714,cdfa7966292d334f35a671cfb33ac823ef2f659d99670c319a635c2b862fa168,3235.206330359781,0.7715524198259601,0.7684238587444089,0.6313363321745932,1041691,85939,1001905,639823,351108,149,0.14021608765136695,0.05406227707862854,0.053935116847616926,0.00312856108155124,ISIC_0022662,0,326.2590994899606,0.10084645805378291,ISIC_0022663,0.6280710974388103,0.46127938296023313,1.0,0.8177277490196597,0.4896034896373749,0.48415637016296387,0.4843092293652001,0.5436657667160034,0.5436985707987629,0.489763453951146,canonical_letterbox_valid,3d99874f14ae5f316eec36e21141043d75bd4fd17ccfb31e3174198dee269596,0.7257050031786328,abs_hard,0,0,P2-IMA-M-v2,3,5b2d3b35116597169d551aa7,AbsHard-1,17,ISIC_0022663_A08_T3_S1_5b2d3b35116597169d551aa7.png,S1,0.6802527904510498,0.680139729110505,val,M,0.0,T3,2839549
1.0,1.0,A03,0.5568248629570007,0.5567461564954175,0.15568386162640968,0.11115133248426064,0.22120289128282092,0,0.2867813631899806,0.28669011780104714,cdfa7966292d334f35a671cfb33ac823ef2f659d99670c319a635c2b862fa168,3235.206330359781,0.7038498796272583,0.7024295900298271,0.5296000365440531,349390,11934,862141,1400235,490872,74154,0.17424984308320524,0.04876488447189331,0.04876706644266443,0.0014202895974312346,ISIC_0022662,0,780.9170566004562,0.2413809126398476,ISIC_0022663,0.5430311416588443,0.360174136089687,1.0,0.8177277490196597,0.46829336881637573,0.4702688753604889,0.4702147034064663,0.517058253288269,0.5170083811168281,0.4682413146741637,canonical_letterbox_valid,3d99874f14ae5f316eec36e21141043d75bd4fd17ccfb31e3174198dee269596,0.7257050031786328,abs_hard,0,0,P2-IMA-M-v2,3,5b302c0d11659747a0a01102,AbsHard-1,17,ISIC_0022663_A03_T1_S1_5b302c0d11659747a0a01102.png,S1,0.6202381253242493,0.6202635271470901,val,M,0.0,T1,2079137
1.0,1.0,A00,0.42768025398254395,0.42748335293355594,0.4326970623052685,0.31614402074600667,0.5614772566431717,0,0.17782783644526068,0.17783717105263158,cdfa7966292d334f35a671cfb33ac823ef2f659d99670c319a635c2b862fa168,4659.490100858677,0.8391629296658089,0.8383677337801773,0.751118163387758,191689,0,1163296,1609604,621424,0,0.0880447662780508,0.05644172430038452,0.05646700711108826,0.0007951958856315944,ISIC_0023298,0,950.0,0.20388497012257387,ISIC_0023316,0.7228946689514523,0.6014325305789265,1.0,1.4312592258260868,0.32737958431243896,0.3380051255226135,0.3378835580382576,0.3838213086128235,0.3837410539943303,0.327274046883242,canonical_letterbox_valid,3d99874f14ae5f316eec36e21141043d75bd4fd17ccfb31e3174198dee269596,0.5828298242327362,abs_hard,0,0,P2-IMA-M-v2,3,5b2bd75f1165976d8f829d2d,AbsHard-1,17,ISIC_0023316_A00_T2_S2_5b2bd75f1165976d8f829d2d.png,S2,0.772921085357666,0.7729352591670718,val,M,0.7228946689514523,T2,4699098
1.0,1.0,A08,0.8246504664421082,0.8253876240397952,0.26027475748031853,0.2132043829862256,0.3134684114489461,0,0.17782783644526068,0.17783717105263158,cdfa7966292d334f35a671cfb33ac823ef2f659d99670c319a635c2b862fa168,4659.490100858677,0.7567748716051667,0.7595185664559946,0.7147666445745648,14548,0,851490,2459619,933230,0,0.04200822703060181,0.003560304641723633,0.003252024067268766,-0.002743694850827927,ISIC_0023298,0,789.5744295611047,0.16945511471643593,ISIC_0023316,0.6087190922389594,0.5561376395634896,1.0,1.4312592258260868,0.5719621181488037,0.5500206351280212,0.5505869948983024,0.5755224227905273,0.5758318534964121,0.5725798294291433,canonical_letterbox_valid,3d99874f14ae5f316eec36e21141043d75bd4fd17ccfb31e3174198dee269596,0.5828298242327362,abs_hard,0,0,P2-IMA-M-v2,3,5b2d3c19116597169d551ad4,AbsHard-1,17,ISIC_0023316_A08_T3_S1_5b2d3c19116597169d551ad4.png,S1,0.680726170539856,0.6802279651815084,val,M,0.0,T3,3849083
1.0,1.0,A09,0.3885064423084259,0.3874486137720808,0.6064337264991345,0.5261628181035075,0.6730681582644287,0,0.17782783644526068,0.17783717105263158,cdfa7966292d334f35a671cfb33ac823ef2f659d99670c319a635c2b862fa168,4659.490100858677,0.8862891884660715,0.88054804374597,0.7322433050068167,1556478,0,1741318,49605,43402,0,0.15404588345925485,0.18393263220787048,0.18285793398694544,0.005741144720101565,ISIC_0023298,0,799.9645546476679,0.17168499928785041,ISIC_0023316,0.7957983161224537,0.5775897756239055,1.0,1.4312592258260868,0.2785755395889282,0.2913529872894287,0.2907222957312243,0.4625081717967987,0.46095660872445215,0.2780986747375067,canonical_letterbox_valid,3d99874f14ae5f316eec36e21141043d75bd4fd17ccfb31e3174198dee269596,0.5828298242327362,abs_hard,0,0,P2-IMA-M-v2,3,5b30c6d011659747a0a01228,AbsHard-1,17,ISIC_0023316_A09_T1_S1_5b30c6d011659747a0a01228.png,S1,0.8313553333282471,0.8312512642970673,val,M,0.7957983161224537,T1,6259097
1.0,1.0,A00,0.08120166510343552,0.08060311929035249,0.004052318324076922,0.0,0.24099793538683711,0,0.006391248342005918,0.006190606725146199,cdfa7966292d334f35a671cfb33ac823ef2f659d99670c319a635c2b862fa168,4659.490100858677,0.8273285155589335,0.8422134447002833,0.8531416433675222,0,0,0,330784,61053,3091,-0.025813127808588687,-0.021155521273612976,-0.02125434781594926,-0.014884929141349756,ISIC_0023380,0,214.7446145127222,0.04608757822516843,ISIC_0023381,0.7055074899798262,0.7438945170810836,1.0,1.0473990958916406,0.13608431816101074,0.12610822916030884,0.12554188999668828,0.11492879688739777,0.1142343643744857,0.13548871219043496,canonical_letterbox_valid,3d99874f14ae5f316eec36e21141043d75bd4fd17ccfb31e3174198dee269596,0.6085059027856513,abs_hard,0,0,P2-IMA-M-v2,2,5b2bd7701165976d8f829d54,AbsHard-1,17,ISIC_0023381_A00_T2_S1_5b2bd7701165976d8f829d54.png,S1,0.8090330362319946,0.8096256949094826,val,M,0.7055074899798262,T2,792450
1.0,1.0,A03,0.033630356192588806,0.03390858172660085,0.5444933099463602,0.3216027651679951,0.8166425349884756,0,0.006391248342005918,0.006190606725146199,cdfa7966292d334f35a671cfb33ac823ef2f659d99670c319a635c2b862fa168,4659.490100858677,0.9316679729922024,0.941374857905984,0.9491423865521562,29203,992,9649,118220,51404,2099,-0.017474413559953828,-0.014953501522541046,-0.014990095579573093,-0.009706884913781577,ISIC_0023380,0,81.91214759732132,0.017579637647953388,ISIC_0023381,0.8720771721143976,0.9032074130747726,1.0,1.0473990958916406,0.06767436116933823,0.06112455949187279,0.061547666734494584,0.05272085964679718,0.053030473138245285,0.06802056871781838,canonical_letterbox_valid,3d99874f14ae5f316eec36e21141043d75bd4fd17ccfb31e3174198dee269596,0.6085059027856513,abs_hard,0,0,P2-IMA-M-v2,2,5b30bd9e11659747a0a011cb,AbsHard-1,17,ISIC_0023381_A03_T3_S1_5b30bd9e11659747a0a011cb.png,S1,0.8982816338539124,0.8978674442909641,val,M,0.8720771721143976,T3,1005014
1.0,1.0,A00,0.04157717898488045,0.04098778814162878,0.6577283378085151,0.31257444657506434,0.9334604732069477,0,0.006708639639395254,0.006591796875,cdfa7966292d334f35a671cfb33ac823ef2f659d99670c319a635c2b862fa168,3840.0,0.9701531759289864,0.9721511079626549,0.9621063364560988,5930,2282,2396,74256,10229,32576,0.008046839472887646,0.0031570643186569214,0.0032264980442962277,-0.0019979320336684925,ISIC_0023625,0,41.43307714807806,0.01078986384064533,ISIC_0023628,0.9420363817736928,0.9269796803373616,1.0,2.4915403332688486,0.060518957674503326,0.054174602031707764,0.053777716970945924,0.06367602199316025,0.06335845647522625,0.06013195843093003,canonical_letterbox_valid,3d99874f14ae5f316eec36e21141043d75bd4fd17ccfb31e3174198dee269596,0.5953782253990014,abs_hard,0,0,P2-IMA-M-v2,3,5b2bd7931165976d8f829d9c,AbsHard-1,17,ISIC_0023628_A00_T2_S1_5b2bd7931165976d8f829d9c.png,S1,0.9205392599105835,0.9207238712797687,val,M,0.9420363817736928,T2,1303199
1.0,1.0,A09,0.3581523001194,0.35756436220579857,0.25737266400078584,0.08128983586896597,0.4859166806256856,0,0.006708639639395254,0.006591796875,cdfa7966292d334f35a671cfb33ac823ef2f659d99670c319a635c2b862fa168,3840.0,0.7544850190804677,0.7510165498657325,0.7612542536485218,896468,33446,12625,0,0,1412,-0.006769234568054117,0.014845937490463257,0.014825984333712239,0.0034684692147352036,ISIC_0023625,0,820.5249764317984,0.21367837927911418,ISIC_0023628,0.605761496761324,0.6145363210252556,1.0,2.4915403332688486,0.29585373401641846,0.31467851996421814,0.3142812721864384,0.3106996715068817,0.3103321516789256,0.29550616734521334,canonical_letterbox_valid,3d99874f14ae5f316eec36e21141043d75bd4fd17ccfb31e3174198dee269596,0.5953782253990014,abs_hard,0,0,P2-IMA-M-v2,3,5b3106cf11659747a0a012e8,AbsHard-1,17,ISIC_0023628_A09_T1_S1_5b3106cf11659747a0a012e8.png,S1,0.7664448022842407,0.7665520275153719,val,M,0.0,T1,1377455
1.0,1.0,A03,0.4869489371776581,0.4835247417106583,0.12658428196122712,0.024326170869229065,0.30330540569151226,0,0.006708639639395254,0.006591796875,cdfa7966292d334f35a671cfb33ac823ef2f659d99670c319a635c2b862fa168,3840.0,0.7189946586477657,0.7155956052559824,0.7263547307404783,1076704,34800,12625,0,0,58,-0.007360072092712611,-0.005141735076904297,-0.004961877016563365,0.0033990533917832577,ISIC_0023625,0,885.7014027956926,0.23065140697804495,ISIC_0023628,0.5612737398025148,0.5702959436757222,1.0,2.4915403332688486,0.377261757850647,0.3991747200489044,0.39682348185159694,0.3721200227737427,0.37013043331684603,0.3750923103334094,canonical_letterbox_valid,3d99874f14ae5f316eec36e21141043d75bd4fd17ccfb31e3174198dee269596,0.5953782253990014,abs_hard,0,0,P2-IMA-M-v2,3,5b3106f211659747a0a012eb,AbsHard-1,17,ISIC_0023628_A03_T1_S1_5b3106f211659747a0a012eb.png,S1,0.7324253916740417,0.7333401210438395,val,M,0.0,T1,1377455
1.0,1.0,A00,0.08225397020578384,0.08309048191637095,0.23323440380611107,0.10425059205547009,0.5683024203435856,0,0.008780797322591146,0.008992513020833334,cdfa7966292d334f35a671cfb33ac823ef2f659d99670c319a635c2b862fa168,2560.0,0.9603637986006363,0.9630190288292912,0.9526790407809193,908,566,15,118049,1113,25928,0.007684757819717003,0.010747626423835754,0.010654227240784311,-0.0026552302286549923,ISIC_0024100,0,65.5183179481139,0.025593092948481992,ISIC_0024104,0.9237498629885859,0.9096342743787637,1.0,0.5907141508081755,0.06626321375370026,0.06291361153125763,0.0634933248525375,0.07701084017753601,0.07747426628361778,0.06682003904283347,canonical_letterbox_valid,3d99874f14ae5f316eec36e21141043d75bd4fd17ccfb31e3174198dee269596,0.677831846411235,abs_hard,0,0,P2-IMA-M-v2,2,5b2bd9ca1165976ea8195261,AbsHard-1,17,ISIC_0024104_A00_T2_S1_5b2bd9ca1165976ea8195261.png,S1,0.9497275352478027,0.949450403830704,val,M,0.9237498629885859,T2,1441132
1.0,1.0,A03,0.0908927321434021,0.09030748361098408,0.3807332689025037,0.20530073221923464,0.6019824280700763,0,0.008780797322591146,0.008992513020833334,cdfa7966292d334f35a671cfb33ac823ef2f659d99670c319a635c2b862fa168,2560.0,0.9597851311044857,0.9573178872623072,0.9667208296136448,128254,24496,984,2219,144,1998,-0.006935698509159094,-0.0064535439014434814,-0.006329781655480982,0.002467243842178557,ISIC_0024100,0,75.29276193632427,0.029411235131376667,ISIC_0024104,0.9226796884028126,0.9355853261342494,1.0,0.5907141508081755,0.07015010714530945,0.07298398017883301,0.07249962311708358,0.06369656324386597,0.0634370112207645,0.06976679287624549,canonical_letterbox_valid,3d99874f14ae5f316eec36e21141043d75bd4fd17ccfb31e3174198dee269596,0.677831846411235,abs_hard,0,0,P2-IMA-M-v2,2,5b3032d211659747a0a0114d,AbsHard-1,17,ISIC_0024104_A03_T3_S1_5b3032d211659747a0a0114d.png,S1,0.9505925178527832,0.9507738978584931,val,M,0.9226796884028126,T3,1556962
1.0,1.0,A00,1.4099825620651245,1.4102467499424707,0.2861474619413514,0.2829846527658404,0.2933516302540685,0,0.02452920984338831,0.024515787760416668,cdfa7966292d334f35a671cfb33ac823ef2f659d99670c319a635c2b862fa168,3840.0,0.2509974086363117,0.24976094304990712,0.24783963934618036,175,175,0,5384314,40304,133136,0.0031577692901313403,0.058083176612854004,0.05809019940149973,0.0012364655864045837,ISIC_0036090,0,2075.9683015968512,0.5406167452075133,ISIC_0036090,0.14350888322047045,0.14144803461579217,1.0,0.2251001282420263,1.0754982233047485,1.0648165941238403,1.06508886716077,1.1335813999176025,1.1338639677538596,1.0757737683523598,canonical_letterbox_valid,3d99874f14ae5f316eec36e21141043d75bd4fd17ccfb31e3174198dee269596,0.682480859768483,abs_hard,0,0,P2-IMA-M-v2,3,5b2bd9e91165976ea819529d,AbsHard-1,17,ISIC_0036090_A00_T2_S2_5b2bd9e91165976ea819529d.png,S2,0.25898608565330505,0.25869921323775114,val,M,0.0,T2,902195
1.0,1.0,A08,0.9363500475883484,0.9365498807281712,0.14398635006968666,0.08430219657481083,0.24127857316290793,0,0.02452920984338831,0.024515787760416668,cdfa7966292d334f35a671cfb33ac823ef2f659d99670c319a635c2b862fa168,3840.0,0.7623109315797322,0.7633361800287278,0.7572456547544479,428552,36794,29061,2150604,11243,96517,0.005065276825284237,0.01831918954849243,0.018340778748105135,-0.0010252484489956526,ISIC_0036090,0,727.0,0.18932291666666667,ISIC_0036090,0.6159147325690713,0.6093285110218835,1.0,0.2251001282420263,0.6256842017173767,0.6210678815841675,0.6211831542392088,0.6440033912658691,0.6441485256720366,0.6258077469239315,canonical_letterbox_valid,3d99874f14ae5f316eec36e21141043d75bd4fd17ccfb31e3174198dee269596,0.682480859768483,abs_hard,0,0,P2-IMA-M-v2,3,5b2d31aa116597169d551a1f,AbsHard-1,17,ISIC_0036090_A08_T3_S1_5b2d31aa116597169d551a1f.png,S1,0.684981644153595,0.6849343868803083,val,M,0.0,T3,4135905
1.0,1.0,A03,0.3787432014942169,0.3791161471209014,0.3772325945833134,0.3135019159410808,0.44720496179264957,0,0.02452920984338831,0.024515787760416668,cdfa7966292d334f35a671cfb33ac823ef2f659d99670c319a635c2b862fa168,3840.0,0.8996443045859871,0.8993938461836842,0.9078514720705962,161807,95109,4795,1014404,35509,38202,-0.008207167484609146,-0.018519699573516846,-0.018521149777776302,0.00025045840230286665,ISIC_0036090,0,366.28950279832566,0.09538789135373064,ISIC_0036090,0.8175940819277467,0.831252754414077,1.0,0.2251001282420263,0.2778012156486511,0.28244009613990784,0.28270415981227104,0.2592815160751343,0.259548845366263,0.2780699951440393,canonical_letterbox_valid,3d99874f14ae5f316eec36e21141043d75bd4fd17ccfb31e3174198dee269596,0.682480859768483,abs_hard,0,0,P2-IMA-M-v2,3,5b30084e11659747a0a00f75,AbsHard-1,17,ISIC_0036090_A03_T1_S1_5b30084e11659747a0a00f75.png,S1,0.8231407403945923,0.8229761568328228,val,M,0.8175940819277467,T1,5272105
1.0,1.0,A00,0.2759256064891815,0.27600635945290203,0.08297130177223709,0.05036855744313275,0.1807661257166344,0,0.06575054592556423,0.06563313802083333,cdfa7966292d334f35a671cfb33ac823ef2f659d99670c319a635c2b862fa168,3840.0,0.7681201970602575,0.7707732217302434,0.82268495367542,25828,24661,33198,835042,332985,74531,-0.05456475661516258,0.017041325569152832,0.017010178140503096,-0.0026530246699859594,ISIC_0036152,0,683.1505563622406,0.17790379071933352,ISIC_0036152,0.6235350195913798,0.6987806333094377,1.0,1.0523066187994057,0.3164462447166443,0.32374995946884155,0.32375615102728583,0.3334875702857971,0.33349006735782394,0.31647988921732084,canonical_letterbox_valid,3d99874f14ae5f316eec36e21141043d75bd4fd17ccfb31e3174198dee269596,0.7032174381133444,abs_hard,0,0,P2-IMA-M-v2,3,5b2bda421165976ea8195357,AbsHard-1,17,ISIC_0036152_A00_T2_S2_5b2bda421165976ea8195357.png,S2,0.6430330872535706,0.6430465810182603,val,M,0.0,T2,1425850
1.0,1.0,A08,1.5637372732162476,1.5632521314981724,0.033167538893351306,0.01924674218192583,0.06342819098302206,0,0.06575054592556423,0.06563313802083333,cdfa7966292d334f35a671cfb33ac823ef2f659d99670c319a635c2b862fa168,3840.0,0.5151927696244396,0.5150920589567166,0.489251093355044,3988528,99192,273691,92492,92492,0,0.025941676269395586,-0.1686534881591797,-0.16860901347001422,0.00010071066772299186,ISIC_0036152,0,878.3467424656393,0.2287361308504269,ISIC_0036152,0.34697619939130353,0.3238467300575872,1.0,1.0523066187994057,1.0103458166122437,0.9720492362976074,0.9718105235145531,0.841692328453064,0.8414764946955258,1.01008550816554,canonical_letterbox_valid,3d99874f14ae5f316eec36e21141043d75bd4fd17ccfb31e3174198dee269596,0.7032174381133444,abs_hard,0,0,P2-IMA-M-v2,3,5b2d3298116597169d551a3b,AbsHard-1,17,ISIC_0036152_A08_T3_S1_5b2d3298116597169d551a3b.png,S1,0.5430455803871155,0.5430811151670926,val,M,0.0,T3,2168400
1.0,1.0,A03,0.2963649332523346,0.296140591318395,0.1775166249157977,0.0943369121580185,0.33147537220601553,0,0.06575054592556423,0.06563313802083333,cdfa7966292d334f35a671cfb33ac823ef2f659d99670c319a635c2b862fa168,3840.0,0.7089784324385362,0.7090018420025892,0.7646723873491892,20021,7642,11325,1008304,354858,91550,-0.05569395491065299,0.005155682563781738,0.005292575935807453,-2.3409564053000764e-05,ISIC_0036152,0,1046.6001104068207,0.27255211208510954,ISIC_0036152,0.5491607965757571,0.6190037197568404,1.0,1.0523066187994057,0.3436390161514282,0.35228341817855835,0.35209000779237964,0.34879469871520996,0.3487083283848269,0.34341575244901945,canonical_letterbox_valid,3d99874f14ae5f316eec36e21141043d75bd4fd17ccfb31e3174198dee269596,0.7032174381133444,abs_hard,0,0,P2-IMA-M-v2,3,5b30046211659747a0a00f4b,AbsHard-1,17,ISIC_0036152_A03_T1_S1_5b30046211659747a0a00f4b.png,S1,0.6090868711471558,0.6093090864203561,val,M,0.0,T1,1252588
1.0,1.0,A00,0.06951291114091873,0.06929832040266151,0.44279995174203735,0.24385905304083302,0.5812050729369976,0,0.002197830765335648,0.0018513997395833333,cdfa7966292d334f35a671cfb33ac823ef2f659d99670c319a635c2b862fa168,3840.0,0.719517054510679,0.7293300200246086,0.7258974139439309,1190,0,3627,153668,11574,355,-0.006380359433251881,-0.014156356453895569,-0.014520763680868964,-0.009812965513929517,ISIC_0036170,0,526.956483570491,0.13722825092981536,ISIC_0036170,0.5619106892796016,0.5697323134637972,1.0,1.425911866896698,0.1951148509979248,0.18638019263744354,0.18652093244681525,0.18095849454402924,0.18088147773977326,0.19540224142064222,canonical_letterbox_valid,3d99874f14ae5f316eec36e21141043d75bd4fd17ccfb31e3174198dee269596,0.44018578163405464,abs_hard,0,0,P2-IMA-M-v2,3,5b2bda5b1165976ea819538a,AbsHard-1,17,ISIC_0036170_A00_T2_S2_5b2bda5b1165976ea819538a.png,S2,0.6792832016944885,0.678493837561377,val,M,0.0,T2,198627
1.0,1.0,A08,0.7725188136100769,0.7725214665377373,0.10514341478212158,0.06522972787019103,0.14709214890504935,0,0.002197830765335648,0.0018513997395833333,cdfa7966292d334f35a671cfb33ac823ef2f659d99670c319a635c2b862fa168,3840.0,0.4073754206187271,0.3956629425809679,0.39453557943380985,1016010,355,14315,2298,886,0,0.012839841184917267,0.04920476675033569,0.049209435722305406,0.01171247803775921,ISIC_0036170,0,469.2817881010679,0.1222087989846531,ISIC_0036170,0.2557887313135595,0.24574545183297877,1.0,1.425911866896698,0.6746553182601929,0.7013192176818848,0.7011783403652294,0.7238600850105286,0.7237535571222082,0.6745441213999028,canonical_letterbox_valid,3d99874f14ae5f316eec36e21141043d75bd4fd17ccfb31e3174198dee269596,0.44018578163405464,abs_hard,0,0,P2-IMA-M-v2,3,5b2d3274116597169d551a35,AbsHard-1,17,ISIC_0036170_A08_T1_S1_5b2d3274116597169d551a35.png,S1,0.4232081174850464,0.42343322373793163,val,M,0.0,T1,349997
1.0,1.0,A03,0.15952013432979584,0.15856508953598125,0.03091555631721006,0.01655333608154999,0.10437313408154517,0,0.002197830765335648,0.0018513997395833333,cdfa7966292d334f35a671cfb33ac823ef2f659d99670c319a635c2b862fa168,3840.0,0.5636413240768507,0.5488845118072476,0.5440257196974909,284743,114,12852,102315,2349,241,0.01961560437935983,0.04919424653053284,0.04919337242763633,0.014756812269603126,ISIC_0036170,0,336.42857116284495,0.08761160707365753,ISIC_0036170,0.3924098719385657,0.37365063865307985,1.0,1.425911866896698,0.2862786650657654,0.30228570103645325,0.30123478555608096,0.3354729115962982,0.3344750397118782,0.28528166728424187,canonical_letterbox_valid,3d99874f14ae5f316eec36e21141043d75bd4fd17ccfb31e3174198dee269596,0.44018578163405464,abs_hard,0,0,P2-IMA-M-v2,3,5b30111a11659747a0a00fd8,AbsHard-1,17,ISIC_0036170_A03_T1_S1_5b30111a11659747a0a00fd8.png,S1,0.5869628190994263,0.5880017549674975,val,M,0.0,T1,249980
1.0,1.0,A00,0.11926469951868057,0.11985012357375276,0.0,0.0,0.0,0,0.015621609157986112,0.01568603515625,cdfa7966292d334f35a671cfb33ac823ef2f659d99670c319a635c2b862fa168,3840.0,0.710024665610524,0.7240482638857647,0.771385272595287,0,0,0,361505,104868,5700,-0.06136060698476298,0.10109536349773407,0.10084610945954975,-0.01402359827524069,ISIC_0036180,0,173.48616658957042,0.04517868921603396,ISIC_0036180,0.5504172418510366,0.6278496060557055,1.0,3.1145555631180226,0.24922843277454376,0.22944606840610504,0.23023159203517765,0.35032379627227783,0.3508509859507572,0.25000487649120745,canonical_letterbox_valid,3d99874f14ae5f316eec36e21141043d75bd4fd17ccfb31e3174198dee269596,0.5944498348742143,abs_hard,0,0,P2-IMA-M-v2,2,5b2bda671165976ea81953a8,AbsHard-1,17,ISIC_0036180_A00_T2_S1_5b2bda671165976ea81953a8.png,S1,0.6208078265190125,0.6198403705913379,val,M,0.0,T2,442585
1.0,1.0,A03,0.1426628977060318,0.14162969624240537,0.0,0.0,0.0041301125701098005,0,0.015621609157986112,0.01568603515625,cdfa7966292d334f35a671cfb33ac823ef2f659d99670c319a635c2b862fa168,3840.0,0.6671252745431188,0.6807487119461707,0.724519632791575,0,0,1300,401630,103568,5700,-0.05739435824845629,0.0895439088344574,0.09011128528161988,-0.013623437403051941,ISIC_0036180,0,241.9672496874661,0.06301230460611097,ISIC_0036180,0.5005161113805668,0.568036679684292,1.0,3.1145555631180226,0.28192317485809326,0.2635301351547241,0.26185091579944697,0.37146708369255066,0.3704114756144758,0.2803001903328559,canonical_letterbox_valid,3d99874f14ae5f316eec36e21141043d75bd4fd17ccfb31e3174198dee269596,0.5944498348742143,abs_hard,0,0,P2-IMA-M-v2,2,5b300f4511659747a0a00fbd,AbsHard-1,17,ISIC_0036180_A03_T3_S1_5b300f4511659747a0a00fbd.png,S1,0.5788165330886841,0.5810293155766936,val,M,0.0,T3,402460
1.0,1.0,A00,0.08915639668703079,0.08977632424621883,0.0,0.0,0.005876393110435663,0,0.01610847755714699,0.01605224609375,cdfa7966292d334f35a671cfb33ac823ef2f659d99670c319a635c2b862fa168,3840.0,0.8179767253232242,0.8154717688191262,0.885244317177757,0,0,0,273113,114014,0,-0.0672675918545328,-0.05287334322929382,-0.0530503911412491,0.002504956504097988,ISIC_0036303,0,156.0,0.040625,ISIC_0036303,0.6920140599997068,0.794115096983916,1.0,1.0283563233986168,0.14281725883483887,0.14797918498516083,0.14877798160801697,0.08994391560554504,0.09052462255524768,0.14357501369649678,canonical_letterbox_valid,3d99874f14ae5f316eec36e21141043d75bd4fd17ccfb31e3174198dee269596,0.6046745038650574,abs_hard,0,0,P2-IMA-M-v2,2,5b2bdb2f1165976fb48e6739,AbsHard-1,17,ISIC_0036303_A00_T2_S1_5b2bdb2f1165976fb48e6739.png,S1,0.8035218715667725,0.8026262968532253,val,M,0.6920140599997068,T2,613658
1.0,1.0,A03,0.0356314480304718,0.03600753522829884,0.4904712056680801,0.1588710771709875,0.8528821028024938,0,0.01610847755714699,0.01605224609375,cdfa7966292d334f35a671cfb33ac823ef2f659d99670c319a635c2b862fa168,3840.0,0.9354709909791067,0.9336799268441803,0.9581438394388034,17045,0,35371,92529,78643,0,-0.02267284845969675,-0.020851612091064453,-0.021310438126998954,0.0017910641349263567,ISIC_0036303,0,98.39308874733561,0.02562320019461865,ISIC_0036303,0.8787651468883046,0.9196507883801336,1.0,1.0283563233986168,0.07000245153903961,0.06699416041374207,0.06761377016965325,0.04915083944797516,0.04923248724370173,0.07054292537070068,canonical_letterbox_valid,3d99874f14ae5f316eec36e21141043d75bd4fd17ccfb31e3174198dee269596,0.6046745038650574,abs_hard,0,0,P2-IMA-M-v2,2,5b300ca311659747a0a00f96,AbsHard-1,17,ISIC_0036303_A03_T3_S1_5b300ca311659747a0a00f96.png,S1,0.8956265449523926,0.8949216844868975,val,M,0.8787651468883046,T3,794242
1.0,1.0,A00,0.27098169922828674,0.2709953318227024,0.0,0.0,0.0,0,0.017731843171296297,0.017740885416666668,cdfa7966292d334f35a671cfb33ac823ef2f659d99670c319a635c2b862fa168,3840.0,0.40568410615765493,0.4013069368592147,0.4459461266628553,0,0,0,781630,122122,3382,-0.04026202050520039,-0.00392526388168335,-0.00385565477822275,0.004377169298440231,ISIC_0022342,0,426.2381853367753,0.1109995274314519,ISIC_0036325,0.2544565400900226,0.28695667139597897,1.0,0.5894105529552167,0.485548734664917,0.4897612929344177,0.4899475489887694,0.48162347078323364,0.4818815544939452,0.48573720927216796,canonical_letterbox_valid,3d99874f14ae5f316eec36e21141043d75bd4fd17ccfb31e3174198dee269596,0.5384378855208698,abs_hard,0,0,P2-IMA-M-v2,3,5b2bdb461165976fb48e676f,AbsHard-1,17,ISIC_0036325_A00_T2_S2_5b2bdb461165976fb48e676f.png,S2,0.29988425970077515,0.29952091327836644,val,M,0.0,T2,266773
1.0,1.0,A08,1.7471259832382202,1.7464369480078947,0.007590089912918984,0.003927711406728544,0.014496567851272119,0,0.017731843171296297,0.017740885416666668,cdfa7966292d334f35a671cfb33ac823ef2f659d99670c319a635c2b862fa168,3840.0,0.2984688279235854,0.302030202551508,0.26851945500964125,4747321,3382,121337,31764,785,0,0.029949372913944172,-0.10920906066894531,-0.10907948988324412,-0.0035613746279225533,ISIC_0022342,0,1295.8001389103183,0.33744795284122875,ISIC_0036325,0.17541190712325155,0.15508083864213237,1.0,0.5894105529552167,1.1766631603240967,1.174155592918396,1.1737008729367435,1.0674540996551514,1.0671363933468423,1.1762158832300864,canonical_letterbox_valid,3d99874f14ae5f316eec36e21141043d75bd4fd17ccfb31e3174198dee269596,0.5384378855208698,abs_hard,0,0,P2-IMA-M-v2,3,5b2d32e4116597169d551a41,AbsHard-1,17,ISIC_0036325_A08_T3_S1_5b2d32e4116597169d551a41.png,S1,0.3937995135784149,0.39400518154772163,val,M,0.0,T3,1016639
1.0,1.0,A03,0.1726566106081009,0.17266499331512333,0.29753195214618444,0.16148314826591012,0.3915346076246214,0,0.017731843171296297,0.017740885416666668,cdfa7966292d334f35a671cfb33ac823ef2f659d99670c319a635c2b862fa168,3840.0,0.801952232090422,0.7964773383537572,0.8076961255474665,12406,0,42867,338316,79255,3382,-0.005743893457044513,0.006989866495132446,0.007009028669555051,0.005474893736664765,ISIC_0022342,0,248.73700921813366,0.0647752628172223,ISIC_0036325,0.669382518436401,0.6774247260735723,1.0,0.5894105529552167,0.3042905926704407,0.3094669580459595,0.3094760332720663,0.3112804591655731,0.3113061453262043,0.30429711665664927,canonical_letterbox_valid,3d99874f14ae5f316eec36e21141043d75bd4fd17ccfb31e3174198dee269596,0.5384378855208698,abs_hard,0,0,P2-IMA-M-v2,3,5b300a2711659747a0a00f8d,AbsHard-1,17,ISIC_0036325_A03_T1_S1_5b300a2711659747a0a00f8d.png,S1,0.5640754103660583,0.5640707600018248,val,M,0.669382518436401,T1,710087
1.0,1.0,A04,0.478039026260376,0.47774126770102415,0.19471873352132524,0.1600232175376076,0.2667079975201488,0,0.018576304117838543,0.018778483072916668,cdfa7966292d334f35a671cfb33ac823ef2f659d99670c319a635c2b862fa168,1280.0,0.8781346605148076,0.8812468887351663,0.8695716303476192,130489,3014,11368,1099,227,0,0.008563030167188401,-0.021781176328659058,-0.02164781870189919,-0.003112228220358726,ISIC_0000289,0,159.0628806478746,0.12426787550615204,ISIC_0000289,0.7827451563106235,0.7692408061335386,1.0,1.1098944462959428,0.3044321835041046,0.3052282929420471,0.30497481935558657,0.28265100717544556,0.2825367467459698,0.304184565447869,canonical_letterbox_valid,3d99874f14ae5f316eec36e21141043d75bd4fd17ccfb31e3174198dee269596,0.5233732777642871,abs_hard,0,0,P2-IMA-M-v2,3,5457ada9bae47821f8802169,AbsHard-1,17,ISIC_0000289_A04_T1_S1_5457ada9bae47821f8802169.png,S1,0.8691746592521667,0.8693721368052862,val,H,0.7827451563106235,T1,474097
1.0,1.0,A03,1.0666779279708862,1.0595136403736036,0.1519253740941164,0.02705254605739883,0.17464953370270125,0,0.018576304117838543,0.018778483072916668,cdfa7966292d334f35a671cfb33ac823ef2f659d99670c319a635c2b862fa168,1280.0,0.8011663155425738,0.8037983375068027,0.7922689184978204,230136,2636,11270,3831,325,378,0.008897397044753341,-0.09682387113571167,-0.09585345027928915,-0.002632021964228959,ISIC_0000289,0,207.2435745770874,0.16190904263834954,ISIC_0000289,0.6682881253083655,0.6559977884417729,1.0,1.1098944462959428,0.6346118450164795,0.6466026306152344,0.6425853828880668,0.5377879738807678,0.5348285208925299,0.630681971171819,canonical_letterbox_valid,3d99874f14ae5f316eec36e21141043d75bd4fd17ccfb31e3174198dee269596,0.5233732777642871,abs_hard,0,0,P2-IMA-M-v2,3,57be0a7d9fc3c1434763a325,AbsHard-1,17,ISIC_0000289_A03_T1_S1_57be0a7d9fc3c1434763a325.png,S1,0.797454297542572,0.7981496980299656,val,H,0.6682881253083655,T1,471365
1.0,1.0,A02,0.22012268006801605,0.22065313219662994,0.078509963534188,0.055577285703443814,0.264201363645295,0,0.018576304117838543,0.018778483072916668,cdfa7966292d334f35a671cfb33ac823ef2f659d99670c319a635c2b862fa168,1280.0,0.9211916265980951,0.924250835386229,0.9129233079768743,76074,2844,10986,4468,609,170,0.008268318621220794,0.01467922329902649,0.014515150412147348,-0.003059208788133927,ISIC_0000289,0,78.71943846620889,0.061499561301725694,ISIC_0000289,0.853897364267963,0.8397965982306733,1.0,1.1098944462959428,0.15566754341125488,0.15333318710327148,0.15367855688903037,0.17034676671028137,0.17053420178820283,0.15601905137605548,canonical_letterbox_valid,3d99874f14ae5f316eec36e21141043d75bd4fd17ccfb31e3174198dee269596,0.5233732777642871,abs_hard,0,0,P2-IMA-M-v2,3,57c04cae9fc3c158f2bd0e30,AbsHard-1,17,ISIC_0000289_A02_T1_S1_57c04cae9fc3c158f2bd0e30.png,S1,0.9087876081466675,0.908615029444519,val,H,0.853897364267963,T1,470728
1.0,1.0,A03,0.5282343029975891,0.5294898289659455,0.004872700694359849,0.0,0.02753687974966473,0,0.06521328166142296,0.06519758968609865,cdfa7966292d334f35a671cfb33ac823ef2f659d99670c319a635c2b862fa168,1093.5890452999245,0.8320137910075505,0.8290209468776676,0.8803314580964351,128240,35449,0,0,0,3187,-0.04831766708888463,-0.11982528865337372,-0.12013776242934301,0.0029928441298828767,ISIC_0000547,0,85.61074679766189,0.0782842029788096,ISIC_0000547,0.7123489854604346,0.7862429148895892,1.0,1.683446933294836,0.3478323817253113,0.3656894564628601,0.3664553236179994,0.22800709307193756,0.22842261166518354,0.34856037409452656,canonical_letterbox_valid,3d99874f14ae5f316eec36e21141043d75bd4fd17ccfb31e3174198dee269596,0.6292832736848323,abs_hard,0,0,P2-IMA-M-v2,2,57be109d9fc3c1434763a335,AbsHard-1,17,ISIC_0000547_A03_T1_S1_57be109d9fc3c1434763a335.png,S1,0.8325695395469666,0.8323690807768924,val,H,0.7123489854604346,T1,317578
1.0,1.0,A02,0.17984630167484283,0.17994157908391586,0.18763457253430282,0.08678316889441247,0.3520319801798885,0,0.06521328166142296,0.06519758968609865,cdfa7966292d334f35a671cfb33ac823ef2f659d99670c319a635c2b862fa168,1093.5890452999245,0.9198327424896429,0.9194684102603784,0.8958647924830915,18502,9849,0,31384,0,28787,0.023967950006551386,0.06554524600505829,0.065548955142845,0.0003643322292644635,ISIC_0000547,0,75.62898358867926,0.06915667627955936,ISIC_0000547,0.8515651035467746,0.8113723630802456,1.0,1.683446933294836,0.14236310124397278,0.1405051350593567,0.14055926435562288,0.20790834724903107,0.20798494075514043,0.14243598561229542,canonical_letterbox_valid,3d99874f14ae5f316eec36e21141043d75bd4fd17ccfb31e3174198dee269596,0.6292832736848323,abs_hard,0,0,P2-IMA-M-v2,2,57c04fc49fc3c158f2bd0e40,AbsHard-1,17,ISIC_0000547_A02_T1_S1_57c04fc49fc3c158f2bd0e40.png,S1,0.8951200842857361,0.895069607859325,val,H,0.8515651035467746,T1,286194
1.0,1.0,A06,0.03866541013121605,0.038575694167952854,0.25284921688946627,0.08540312513451853,0.6182353422193148,0,0.01113709372637944,0.011307565789473685,cdfa7966292d334f35a671cfb33ac823ef2f659d99670c319a635c2b862fa168,3634.3956856677014,0.849546942676984,0.8403842669068773,0.820009970388491,100475,15680,40846,15057,9962,1408,0.029536972288493057,0.02295108139514923,0.023036307454000565,0.009162675770106765,ISIC_0002412,0,139.31044462440536,0.0383311165522726,ISIC_0002412,0.7384455517496655,0.6949295755138414,1.0,2.941590496542622,0.11612114310264587,0.11899705231189728,0.11891417652120394,0.1390722244977951,0.13906965524252202,0.11603334778852145,canonical_letterbox_valid,3d99874f14ae5f316eec36e21141043d75bd4fd17ccfb31e3174198dee269596,0.5292243418511889,abs_hard,0,0,P2-IMA-M-v2,2,54ee1fb1bae47871b5e03317,AbsHard-1,17,ISIC_0002412_A06_T1_S1_54ee1fb1bae47871b5e03317.png,S1,0.8064231276512146,0.80650899859091,val,H,0.7384455517496655,T1,326181
1.0,1.0,A04,0.1871894896030426,0.18710234674987886,0.05432533330129716,0.04364703548286872,0.1998839557592577,0,0.01113709372637944,0.011307565789473685,cdfa7966292d334f35a671cfb33ac823ef2f659d99670c319a635c2b862fa168,3634.3956856677014,0.6973107834516044,0.6888888888888889,0.6500582466693495,295764,16742,50808,260,0,346,0.04725253678225483,0.013233363628387451,0.013280562034596544,0.00842189456271547,ISIC_0002412,0,247.6065427245411,0.06812866956148488,ISIC_0002412,0.5352856034988901,0.48154540376685895,1.0,2.941590496542622,0.2540597915649414,0.25129932165145874,0.25139333276475107,0.26729315519332886,0.26745359951902586,0.2541730374844293,canonical_letterbox_valid,3d99874f14ae5f316eec36e21141043d75bd4fd17ccfb31e3174198dee269596,0.5292243418511889,abs_hard,0,0,P2-IMA-M-v2,2,54ee1fb5bae47871b5e0331d,AbsHard-1,17,ISIC_0002412_A04_T1_S1_54ee1fb5bae47871b5e0331d.png,S1,0.6790698766708374,0.6787562717810203,val,H,0.0,T1,340978
1.0,1.0,A02,0.02259114943444729,0.022118846113990166,0.34694573364474046,0.22055665362077917,0.8179244822248035,0,0.0026240144977744185,0.002444261695906433,cdfa7966292d334f35a671cfb33ac823ef2f659d99670c319a635c2b862fa168,3634.3956856677014,0.9062940841012096,0.9092109649460215,0.8702404976456406,43080,0,15369,628,628,0,0.036053586455569,0.02297947183251381,0.02296707934772966,-0.0029168808448118977,ISIC_0003185,0,62.88552788356239,0.01730288425433491,ISIC_0003185,0.8286451329619364,0.77028827447975,1.0,0.8029616790226304,0.06006054952740669,0.05799674615263939,0.05751716514809694,0.0830400213599205,0.08262435533910148,0.05965727599137182,canonical_letterbox_valid,3d99874f14ae5f316eec36e21141043d75bd4fd17ccfb31e3174198dee269596,0.6525809569638806,abs_hard,0,0,P2-IMA-M-v2,2,55f1bf829fc3c1423f77e17a,AbsHard-1,17,ISIC_0003185_A02_T1_S1_55f1bf829fc3c1423f77e17a.png,S1,0.902470052242279,0.9028042941312465,val,H,0.8286451329619364,T1,211365
1.0,1.0,A05,0.028787171468138695,0.02854601382872925,0.11467589396810601,0.0429411143571152,0.6855231300940728,0,0.0026240144977744185,0.002444261695906433,cdfa7966292d334f35a671cfb33ac823ef2f659d99670c319a635c2b862fa168,3634.3956856677014,0.8627625589760234,0.8592455662794145,0.898896935183732,0,0,454,51165,15543,0,-0.03613437620770865,-0.022303327918052673,-0.022519126385306676,0.0035169926966088783,ISIC_0003185,0,56.31606758438311,0.015495304434370326,ISIC_0003185,0.7586476911973509,0.8163603970475948,1.0,0.8029616790226304,0.08510445058345795,0.08823046088218689,0.08854411771410502,0.06280112266540527,0.06279256124899858,0.08531168763430526,canonical_letterbox_valid,3d99874f14ae5f316eec36e21141043d75bd4fd17ccfb31e3174198dee269596,0.6525809569638806,abs_hard,0,0,P2-IMA-M-v2,2,566603da9fc3c12067285139,AbsHard-1,17,ISIC_0003185_A05_T1_S1_566603da9fc3c12067285139.png,S1,0.8585782647132874,0.8579226385601187,val,H,0.7586476911973509,T1,160828
1.0,1.0,A07,0.048880238085985184,0.04842910963623065,0.08877936110716828,0.03991866963961221,0.5993408140442888,0,0.010800664787519947,0.010736476608187134,cdfa7966292d334f35a671cfb33ac823ef2f659d99670c319a635c2b862fa168,3634.3956856677014,0.9290284055489693,0.9311027207120086,0.8867662504942402,121291,0,65431,414,414,0,0.04226215505472908,0.052701644599437714,0.05256926935130865,-0.002074315163039353,ISIC_0004110,0,60.530983801686226,0.01665503402405829,ISIC_0004110,0.8674631618266028,0.7965678824307437,1.0,1.2038213572468264,0.06097651273012161,0.0590394102036953,0.058644338270196744,0.11367815732955933,0.11320071541323451,0.06063144606192586,canonical_letterbox_valid,3d99874f14ae5f316eec36e21141043d75bd4fd17ccfb31e3174198dee269596,0.49545000503520337,abs_hard,0,0,P2-IMA-M-v2,2,5661d7969fc3c147bbd6a170,AbsHard-1,17,ISIC_0004110_A07_T1_S1_5661d7969fc3c147bbd6a170.png,S1,0.9269272089004517,0.9271662175123789,val,H,0.8674631618266028,T1,796568
1.0,1.0,A06,0.014107190072536469,0.013872408000488879,0.8544682802122988,0.46947812495943003,1.0,0,0.010800664787519947,0.010736476608187134,cdfa7966292d334f35a671cfb33ac823ef2f659d99670c319a635c2b862fa168,3634.3956856677014,0.9771149015401328,0.9770942765451939,0.9473139900093116,25971,0,55164,10853,10681,0,0.029800911530821206,0.02164146676659584,0.021198586061608696,2.062499493893366e-05,ISIC_0004110,0,28.30194339616981,0.007787248787406112,ISIC_0004110,0.9552538237299092,0.8999017570469006,1.0,1.2038213572468264,0.025022070854902267,0.024639146402478218,0.02445404049923244,0.04666353762149811,0.046045287950860804,0.024846701889252108,canonical_letterbox_valid,3d99874f14ae5f316eec36e21141043d75bd4fd17ccfb31e3174198dee269596,0.49545000503520337,abs_hard,0,0,P2-IMA-M-v2,2,568bb4f29fc3c126c063ff46,AbsHard-1,17,ISIC_0004110_A06_T1_S1_568bb4f29fc3c126c063ff46.png,S1,0.9640630483627319,0.9641790042219847,val,H,0.9552538237299092,T1,786129
1.0,1.0,A02,0.0165986530482769,0.016069074143105433,0.2523937971695277,0.056179165988829244,0.8041128427737672,0,0.0003953163055345595,0.0003654970760233918,cdfa7966292d334f35a671cfb33ac823ef2f659d99670c319a635c2b862fa168,3634.3956856677014,0.7572738318789352,0.7756783055373266,0.7585138633798765,0,0,0,21974,1279,1131,-0.0012400315009413188,-0.0008279979228973389,-0.0009213688298632672,-0.018404473658391485,ISIC_0005842,0,42.04759208325728,0.01156934899770893,ISIC_0005842,0.6093650003555429,0.6109724796805932,1.0,0.6723544420422257,0.13228285312652588,0.12162468582391739,0.12070296163408668,0.13145485520362854,0.1304773669240764,0.13139873575393968,canonical_letterbox_valid,3d99874f14ae5f316eec36e21141043d75bd4fd17ccfb31e3174198dee269596,0.3543457614772029,abs_hard,0,0,P2-IMA-M-v2,2,560ee6f59fc3c1047093fbbb,AbsHard-1,17,ISIC_0005842_A02_T1_S1_560ee6f59fc3c1047093fbbb.png,S1,0.7520329356193542,0.7532716026352261,val,H,0.0,T1,34278
1.0,1.0,A05,0.026822753250598907,0.025922689782358822,0.10287212892855634,0.0,0.44268284276556147,0,0.0003953163055345595,0.0003654970760233918,cdfa7966292d334f35a671cfb33ac823ef2f659d99670c319a635c2b862fa168,3634.3956856677014,0.6432551072091846,0.6603610072548097,0.6444052480247421,0,0,0,29582,1279,1131,-0.0011501408155575321,-0.00032736361026763916,-0.00045507342780962134,-0.017105900045625178,ISIC_0005842,0,61.60559949241091,0.016950713356653376,ISIC_0005842,0.47411647585863614,0.4753671752459718,1.0,0.6723544420422257,0.1968599259853363,0.18679416179656982,0.18291761152576752,0.19653256237506866,0.1926314086743246,0.19308648210213422,canonical_letterbox_valid,3d99874f14ae5f316eec36e21141043d75bd4fd17ccfb31e3174198dee269596,0.3543457614772029,abs_hard,0,0,P2-IMA-M-v2,2,5661e13a9fc3c147bbd6a284,AbsHard-1,17,ISIC_0005842_A05_T1_S1_5661e13a9fc3c147bbd6a284.png,S1,0.6331028938293457,0.6397497255780904,val,H,0.0,T1,26670
1.0,1.0,A04,0.040429845452308655,0.03975297228291022,0.5114249899399873,0.2771198256382314,0.7351683004150241,0,0.027558644612630207,0.02764892578125,cdfa7966292d334f35a671cfb33ac823ef2f659d99670c319a635c2b862fa168,1280.0,0.9642182018084083,0.9645873632008723,0.9180372008682034,10979,0,18853,2820,2820,0,0.04618100094020494,0.04001077264547348,0.039996400462487355,-0.00036916139246401247,ISIC_0009942,0,24.166091947189145,0.01887975933374152,ISIC_0009942,0.9309086175214424,0.8484923895764876,1.0,1.1305365157288063,0.04671809822320938,0.045491065829992294,0.044936476425115446,0.08672887086868286,0.0861519351202839,0.04615553465779655,canonical_letterbox_valid,3d99874f14ae5f316eec36e21141043d75bd4fd17ccfb31e3174198dee269596,0.7136026327869773,abs_hard,0,0,P2-IMA-M-v2,2,5592f1f09fc3c13155145c90,AbsHard-1,17,ISIC_0009942_A04_T1_S1_5592f1f09fc3c13155145c90.png,S1,0.9469936490058899,0.9474419029673171,val,H,0.9309086175214424,T1,185922
1.0,1.0,A06,0.1437321901321411,0.1426353095709754,0.10370899690522854,0.07529457745867231,0.17535340220544116,0,0.027558644612630207,0.02764892578125,cdfa7966292d334f35a671cfb33ac823ef2f659d99670c319a635c2b862fa168,1280.0,0.8967629020806367,0.898198406451443,0.937812326485286,50,0,3138,35283,18535,0,-0.041049424404649315,-0.055060021579265594,-0.05543800977752325,-0.0014355043708063064,ISIC_0009942,0,38.617351636509504,0.03016980596602305,ISIC_0009942,0.8128469426670621,0.882906429691584,1.0,1.1305365157288063,0.1290782392024994,0.1255093216896057,0.12490938675586141,0.0740182176232338,0.073012156226865,0.12845016600438824,canonical_letterbox_valid,3d99874f14ae5f316eec36e21141043d75bd4fd17ccfb31e3174198dee269596,0.7136026327869773,abs_hard,0,0,P2-IMA-M-v2,2,568bb8989fc3c126c063ff6a,AbsHard-1,17,ISIC_0009942_A06_T1_S1_568bb8989fc3c126c063ff6a.png,S1,0.8855757117271423,0.8857349775621989,val,H,0.8128469426670621,T1,153459
1.0,1.0,A04,0.20516586303710938,0.20492409090140665,0.17588020116719394,0.1310357983086412,0.2726082131033406,0,0.009324391682942709,0.0091552734375,cdfa7966292d334f35a671cfb33ac823ef2f659d99670c319a635c2b862fa168,1280.0,0.9376052834767775,0.9385978579828534,0.9340518754809165,64432,766,5195,2721,1166,206,0.003553407995861013,0.003421962261199951,0.003526351304757702,-0.0009925745060759272,ISIC_0010175,0,43.965895873961216,0.0343483561515322,ISIC_0010175,0.882539482637085,0.8762639137831648,1.0,0.4570734890686,0.13699278235435486,0.13887694478034973,0.13868174359134638,0.1404147446155548,0.14035471284686607,0.13682836154210837,canonical_letterbox_valid,3d99874f14ae5f316eec36e21141043d75bd4fd17ccfb31e3174198dee269596,0.558632556024701,abs_hard,0,0,P2-IMA-M-v2,4,55a9390c9fc3c156bd715c4b,AbsHard-1,17,ISIC_0010175_A04_T1_S1_55a9390c9fc3c156bd715c4b.png,S1,0.9311802983283997,0.9312673678171899,val,H,0.882539482637085,T1,504554
1.0,1.0,A06,0.08119907975196838,0.08010630120636285,0.4404708187533907,0.21958813583963058,0.737675905059011,0,0.009324391682942709,0.0091552734375,cdfa7966292d334f35a671cfb33ac823ef2f659d99670c319a635c2b862fa168,1280.0,0.973399511224207,0.9711963791802867,0.9782386212794588,2060,649,884,24335,5477,323,-0.0048391100552518385,-0.003475867211818695,-0.0033964346745595023,0.0022031320439203084,ISIC_0010175,0,24.755806348393794,0.01934047370968265,ISIC_0010175,0.9481775255971021,0.9574041861950371,1.0,0.4570734890686,0.06197117269039154,0.0638803243637085,0.06303543841339013,0.058495305478572845,0.05788127613180895,0.06127771080636845,canonical_letterbox_valid,3d99874f14ae5f316eec36e21141043d75bd4fd17ccfb31e3174198dee269596,0.558632556024701,abs_hard,0,0,P2-IMA-M-v2,4,57b711eb9fc3c1565f9bf373,AbsHard-1,17,ISIC_0010175_A06_T1_S1_57b711eb9fc3c1565f9bf373.png,S1,0.9572567343711853,0.957550879593626,val,H,0.9481775255971021,T1,482940
1.0,1.0,A03,0.34969913959503174,0.34800432160335665,0.08047470992363397,0.05020884754129485,0.1298045833986518,0,0.009324391682942709,0.0091552734375,cdfa7966292d334f35a671cfb33ac823ef2f659d99670c319a635c2b862fa168,1280.0,0.9104036256106033,0.9118195672715159,0.9071305797176936,91857,972,5216,6675,1145,0,0.003273045892909665,-0.004937872290611267,-0.004801200051784527,-0.001415941660912634,ISIC_0010175,0,74.0,0.0578125,ISIC_0010175,0.8355420842151646,0.8300448003050234,1.0,0.4570734890686,0.2206510305404663,0.22654348611831665,0.22554059409191915,0.21571315824985504,0.2149056834857728,0.21970688353755732,canonical_letterbox_valid,3d99874f14ae5f316eec36e21141043d75bd4fd17ccfb31e3174198dee269596,0.558632556024701,abs_hard,0,0,P2-IMA-M-v2,4,57be143a9fc3c1434763a352,AbsHard-1,17,ISIC_0010175_A03_T1_S1_57be143a9fc3c1434763a352.png,S1,0.9083970785140991,0.908590554528242,val,H,0.8355420842151646,T1,500600
1.0,1.0,A02,0.0810697004199028,0.0796485654740135,0.3256523937927766,0.19505636552138217,0.6784085625847507,0,0.009324391682942709,0.0091552734375,cdfa7966292d334f35a671cfb33ac823ef2f659d99670c319a635c2b862fa168,1280.0,0.9735599393607696,0.9737409480716613,0.9720433206809316,22540,897,4299,4755,2062,75,0.0015166186798379888,0.0040500350296497345,0.004264304750857123,-0.0001810087108917724,ISIC_0010175,0,21.204949268283652,0.016566366615846602,ISIC_0010175,0.9484820173079282,0.9456072811597718,1.0,0.4570734890686,0.061245229095220566,0.05994593724608421,0.05891301102079332,0.0652952641248703,0.06460115035090486,0.060336845600047734,canonical_letterbox_valid,3d99874f14ae5f316eec36e21141043d75bd4fd17ccfb31e3174198dee269596,0.558632556024701,abs_hard,0,0,P2-IMA-M-v2,4,57c0545f9fc3c158f2bd0e5d,AbsHard-1,17,ISIC_0010175_A02_T1_S1_57c0545f9fc3c158f2bd0e5d.png,S1,0.9585792422294617,0.958974874273918,val,H,0.9484820173079282,T1,502520
1.0,1.0,A06,0.09426919370889664,0.10047125008823825,0.5484861487105716,0.5089770763390636,0.6462727805675151,0,0.008173624674479166,0.00823974609375,cdfa7966292d334f35a671cfb33ac823ef2f659d99670c319a635c2b862fa168,1280.0,0.9732349387512315,0.9756456831090693,0.9745950645276007,34355,4012,2114,1642,91,211,-0.0013601257763692365,0.0022768378257751465,0.0015136400372599002,-0.002410744357837835,ISIC_0010190,0,33.374329341154144,0.026073694797776676,ISIC_0010190,0.9478652668289737,0.9504489697805182,1.0,0.418774759701706,0.06610436737537384,0.061557043343782425,0.06511128078729242,0.06838120520114899,0.07121525670944504,0.06970161667218513,canonical_letterbox_valid,3d99874f14ae5f316eec36e21141043d75bd4fd17ccfb31e3174198dee269596,0.5807067673193432,abs_hard,0,0,P2-IMA-M-v2,3,568b330f9fc3c126c063febc,AbsHard-1,17,ISIC_0010190_A06_T1_S1_568b330f9fc3c126c063febc.png,S1,0.9620604515075684,0.961068016743868,val,H,0.9478652668289737,T1,654464
1.0,1.0,A03,0.25162193179130554,0.2592001242912451,0.33799995881716355,0.0842686343260222,0.4980927214095156,0,0.008173624674479166,0.00823974609375,cdfa7966292d334f35a671cfb33ac823ef2f659d99670c319a635c2b862fa168,1280.0,0.9395732344302596,0.9410776764887895,0.9415521517292829,54969,3317,1040,26070,1165,906,-0.0019789172990232196,-0.014671042561531067,-0.015417235550602176,-0.0015044420585298424,ISIC_0010190,0,72.44998274671983,0.056601549020874865,ISIC_0010190,0.8860331188693176,0.8895593233691982,1.0,0.418774759701706,0.15893758833408356,0.1584133356809616,0.16258726569560064,0.1442665457725525,0.1478470762667351,0.16326431181733728,canonical_letterbox_valid,3d99874f14ae5f316eec36e21141043d75bd4fd17ccfb31e3174198dee269596,0.5807067673193432,abs_hard,0,0,P2-IMA-M-v2,3,57be14769fc3c1434763a354,AbsHard-1,17,ISIC_0010190_A03_T1_S1_57be14769fc3c1434763a354.png,S1,0.9337467551231384,0.9326715006565706,val,H,0.8860331188693176,T1,630036
1.0,1.0,A02,0.10606804490089417,0.10322981776687368,0.3999503835811702,0.14573046581982144,0.7952211096308394,0,0.008173624674479166,0.00823974609375,cdfa7966292d334f35a671cfb33ac823ef2f659d99670c319a635c2b862fa168,1280.0,0.9778342723753769,0.9797553749328699,0.9789492361066544,19774,3416,1691,9539,514,807,-0.0011149637312775074,0.0016998648643493652,0.002028300404195882,-0.001921102557493004,ISIC_0010190,0,26.92582403567252,0.021035800027869155,ISIC_0010190,0.9566298751257619,0.9587664695277688,1.0,0.418774759701706,0.07235230505466461,0.06849285960197449,0.06688495304833617,0.07405216991901398,0.07277473552033309,0.07074643511613721,canonical_letterbox_valid,3d99874f14ae5f316eec36e21141043d75bd4fd17ccfb31e3174198dee269596,0.5807067673193432,abs_hard,0,0,P2-IMA-M-v2,3,57c054969fc3c158f2bd0e5f,AbsHard-1,17,ISIC_0010190_A02_T1_S1_57c054969fc3c158f2bd0e5f.png,S1,0.9613634347915649,0.9617369475345993,val,H,0.9566298751257619,T1,646567
1.0,1.0,A04,0.060743868350982666,0.06095323186224407,0.5917529790032797,0.3562703368011611,0.8609091796953354,0,0.0164642333984375,0.016072591145833332,cdfa7966292d334f35a671cfb33ac823ef2f659d99670c319a635c2b862fa168,1280.0,0.9799088308468825,0.9794663819611398,0.9696544479532088,11716,163,10140,4023,2481,164,0.010254382893673752,0.006454259157180786,0.006556923940378649,0.0004424488857427411,ISIC_0010479,0,19.6468827043885,0.015349127112803515,ISIC_0010479,0.9606090715013302,0.9410963593980496,1.0,0.8083264157437523,0.05401116609573364,0.05133625864982605,0.05146750341609985,0.06046542525291443,0.06071917897098642,0.05416225503060777,canonical_letterbox_valid,3d99874f14ae5f316eec36e21141043d75bd4fd17ccfb31e3174198dee269596,0.507549731356207,abs_hard,0,0,P2-IMA-M-v2,2,55a7f9ce9fc3c156bd715651,AbsHard-1,17,ISIC_0010479_A04_T1_S1_55a7f9ce9fc3c156bd715651.png,S1,0.9527215361595154,0.9526287218010285,val,H,0.9606090715013302,T1,383820
1.0,1.0,A06,0.115461565554142,0.11480666344389696,0.14054882963104953,0.05367627777587761,0.36997553360900787,0,0.0164642333984375,0.016072591145833332,cdfa7966292d334f35a671cfb33ac823ef2f659d99670c319a635c2b862fa168,1280.0,0.9488738369485541,0.951645520075671,0.960654115850928,42,0,1558,37691,11063,327,-0.011780278902373875,-0.01878407597541809,-0.01866853344419825,-0.002771683127116953,ISIC_0010479,0,33.24154027718932,0.025969953341554157,ISIC_0010479,0.902721167356304,0.9242872180491,1.0,0.8083264157437523,0.09287954866886139,0.08698393404483795,0.08650388853750796,0.0740954726934433,0.07380182045707295,0.0924703539012712,canonical_letterbox_valid,3d99874f14ae5f316eec36e21141043d75bd4fd17ccfb31e3174198dee269596,0.507549731356207,abs_hard,0,0,P2-IMA-M-v2,2,568b3a509fc3c126c063fef5,AbsHard-1,17,ISIC_0010479_A06_T1_S1_568b3a509fc3c126c063fef5.png,S1,0.9297024607658386,0.9298659556413545,val,H,0.902721167356304,T1,350152
1.0,1.0,A04,0.06987687200307846,0.07011344834844473,0.4172924471795836,0.2502316016256182,0.7287086138150354,0,0.027507781982421875,0.02777099609375,cdfa7966292d334f35a671cfb33ac823ef2f659d99670c319a635c2b862fa168,1280.0,0.9682826393603863,0.968657722040446,0.9513347070806695,17028,216,16254,5255,5163,0,0.016947932279716804,0.02009262517094612,0.019886926683533875,-0.0003750826800597018,ISIC_0010596,0,27.662244165670913,0.0216111282544304,ISIC_0010596,0.9385154077082689,0.9071862237685898,1.0,0.8925407205921373,0.06100032851099968,0.059334564954042435,0.059517474334722285,0.0810929536819458,0.08104933710310022,0.06116241041956635,canonical_letterbox_valid,3d99874f14ae5f316eec36e21141043d75bd4fd17ccfb31e3174198dee269596,0.5415371121035166,abs_hard,0,0,P2-IMA-M-v2,3,55a7d8889fc3c156bd715393,AbsHard-1,17,ISIC_0010596_A04_T1_S1_55a7d8889fc3c156bd715393.png,S1,0.9478762149810791,0.947788627509312,val,H,0.9385154077082689,T1,340133
1.0,1.0,A03,0.23866398632526398,0.2385096778220215,0.10433233553498904,0.0665685607585623,0.21836456744677346,0,0.027507781982421875,0.02777099609375,cdfa7966292d334f35a671cfb33ac823ef2f659d99670c319a635c2b862fa168,1280.0,0.9021708869280166,0.9014312938409763,0.8711993095642028,74575,214,21297,272,120,2,0.03097157736381384,0.03833957016468048,0.03815250091792685,0.0007395930870403022,ISIC_0010596,0,64.6297145282261,0.05049196447517664,ISIC_0010596,0.8217771565590302,0.7717919708463837,1.0,0.8925407205921373,0.16944757103919983,0.17883962392807007,0.17865098102003982,0.2077871412038803,0.20743464471243764,0.1692821437945108,canonical_letterbox_valid,3d99874f14ae5f316eec36e21141043d75bd4fd17ccfb31e3174198dee269596,0.5415371121035166,abs_hard,0,0,P2-IMA-M-v2,3,57be15e29fc3c1434763a361,AbsHard-1,17,ISIC_0010596_A03_T1_S1_57be15e29fc3c1434763a361.png,S1,0.8997688293457031,0.8999453902329999,val,H,0.8217771565590302,T1,345116
1.0,1.0,A02,0.08022965490818024,0.07954878828370081,0.306798259076743,0.143235829466506,0.6484349527225302,0,0.027507781982421875,0.02777099609375,cdfa7966292d334f35a671cfb33ac823ef2f659d99670c319a635c2b862fa168,1280.0,0.9590986342168574,0.9594753313392075,0.9729402524996973,961,171,5879,26258,15538,45,-0.013841618282839918,-0.008517812937498093,-0.008530877951152198,-0.00037669712235011144,ISIC_0010596,0,28.442925306655784,0.02222103539582483,ISIC_0010596,0.9214116397044599,0.9473063810237686,1.0,0.8925407205921373,0.07003266364336014,0.06843121349811554,0.06793010486365289,0.061514850705862045,0.061030241874016296,0.0695611198251685,canonical_letterbox_valid,3d99874f14ae5f316eec36e21141043d75bd4fd17ccfb31e3174198dee269596,0.5415371121035166,abs_hard,0,0,P2-IMA-M-v2,3,57c05f519fc3c158f2bd0e6c,AbsHard-1,17,ISIC_0010596_A02_T1_S1_57c05f519fc3c158f2bd0e6c.png,S1,0.94016432762146,0.9404265486333638,val,H,0.9214116397044599,T1,319130
1.0,1.0,A04,0.2837865650653839,0.28467117821629956,0.022362699601710088,0.018320792314784524,0.043891234169356835,0,0.021870930989583332,0.021464029947916668,cdfa7966292d334f35a671cfb33ac823ef2f659d99670c319a635c2b862fa168,1280.0,0.873037328502142,0.8788220482271234,0.8704332055698872,107622,7605,9575,20,20,0,0.00260412293225476,0.0032616853713989258,0.002883206540622768,-0.005784719724981402,ISIC_0011107,0,96.317184344228,0.07524780026892812,ISIC_0011107,0.7746816736545309,0.770590291660474,1.0,1.4004165712137222,0.2118699699640274,0.20616331696510315,0.20662543633067595,0.21513165533542633,0.21522750732997603,0.21234430078935326,canonical_letterbox_valid,3d99874f14ae5f316eec36e21141043d75bd4fd17ccfb31e3174198dee269596,0.48494783887691667,abs_hard,0,0,P2-IMA-M-v2,3,55a020ea9fc3c156bd714796,AbsHard-1,17,ISIC_0011107_A04_T1_S1_55a020ea9fc3c156bd714796.png,S1,0.8600466251373291,0.859982576637593,val,H,0.7746816736545309,T1,370091
1.0,1.0,A03,0.5866315364837646,0.5877490300334547,0.0,0.0,0.0,0,0.021870930989583332,0.021464029947916668,cdfa7966292d334f35a671cfb33ac823ef2f659d99670c319a635c2b862fa168,1280.0,0.8070075214528756,0.8127480530076665,0.8044136430036285,177021,7605,9595,0,0,0,0.002593878449247078,-0.019772648811340332,-0.020271316335695122,-0.005740531554790929,ISIC_0011107,0,132.61221663180206,0.10360329424359535,ISIC_0011107,0.6764565040977314,0.6728193562065461,1.0,1.4004165712137222,0.38966184854507446,0.3871057629585266,0.38764135710986286,0.36988919973373413,0.3699636077605166,0.39023492409621174,canonical_letterbox_valid,3d99874f14ae5f316eec36e21141043d75bd4fd17ccfb31e3174198dee269596,0.48494783887691667,abs_hard,0,0,P2-IMA-M-v2,3,57be16e99fc3c1434763a366,AbsHard-1,17,ISIC_0011107_A03_T1_S1_57be16e99fc3c1434763a366.png,S1,0.8073078393936157,0.8072791818410312,val,H,0.6764565040977314,T1,370111
1.0,1.0,A02,0.2378055304288864,0.23812695087191546,0.0029604567561852405,0.0,0.042440586336910044,0,0.021870930989583332,0.021464029947916668,cdfa7966292d334f35a671cfb33ac823ef2f659d99670c319a635c2b862fa168,1280.0,0.8794368539859807,0.8853102637286012,0.8767812697240714,101478,7605,9595,0,0,0,0.0026555842619092607,0.01194886863231659,0.01172631977434796,-0.005873409742620517,ISIC_0011107,0,73.89037843497314,0.05772685815232277,ISIC_0011107,0.7848168638369427,0.780597087718331,1.0,1.4004165712137222,0.18437433242797852,0.1791001856327057,0.17923551990790765,0.1963232010602951,0.19625925697001373,0.18453293719566577,canonical_letterbox_valid,3d99874f14ae5f316eec36e21141043d75bd4fd17ccfb31e3174198dee269596,0.48494783887691667,abs_hard,0,0,P2-IMA-M-v2,3,57c060a19fc3c158f2bd0e71,AbsHard-1,17,ISIC_0011107_A02_T1_S1_57c060a19fc3c158f2bd0e71.png,S1,0.8690568804740906,0.869061076480584,val,H,0.7848168638369427,T1,370111
1.0,1.0,A04,0.1768176406621933,0.17678287532570713,0.0,0.0,0.009454029780193808,0,0.0023663838704427085,0.0022989908854166665,cdfa7966292d334f35a671cfb33ac823ef2f659d99670c319a635c2b862fa168,1280.0,0.8541983104917504,0.8521100661425837,0.8450854982058098,33501,24,1837,0,0,0,0.00911281228594063,-0.004223883152008057,-0.004251270960237918,0.002088244349166768,ISIC_0011110,0,43.60045871318328,0.03406285836967444,ISIC_0011110,0.7455027500075967,0.7317299219058616,1.0,0.7991736721884938,0.16064059734344482,0.16535282135009766,0.16539696863103953,0.15641671419143677,0.15644495260788321,0.16069622356812113,canonical_letterbox_valid,3d99874f14ae5f316eec36e21141043d75bd4fd17ccfb31e3174198dee269596,0.8062895643847886,abs_hard,0,0,P2-IMA-M-v2,3,55a0206a9fc3c156bd714784,AbsHard-1,17,ISIC_0011110_A04_T1_S1_55a0206a9fc3c156bd714784.png,S1,0.8555364608764648,0.8553904281894649,val,H,0.7455027500075967,T1,98135
1.0,1.0,A03,0.2973702847957611,0.2962310356127,0.0,0.0,0.056055759713221055,0,0.0023663838704427085,0.0022989908854166665,cdfa7966292d334f35a671cfb33ac823ef2f659d99670c319a635c2b862fa168,1280.0,0.8067293899075593,0.8046756947046398,0.797770397303274,47021,24,1837,0,0,0,0.008958992604285232,-0.014344796538352966,-0.014194699144032263,0.0020536952029194255,ISIC_0011110,0,66.91623686760114,0.052278310052813394,ISIC_0011110,0.676065749951776,0.6635757392047177,1.0,0.7991736721884938,0.24484913051128387,0.2518550157546997,0.2510723928514893,0.2305043339729309,0.22988033461497967,0.24407503375901193,canonical_letterbox_valid,3d99874f14ae5f316eec36e21141043d75bd4fd17ccfb31e3174198dee269596,0.8062895643847886,abs_hard,0,0,P2-IMA-M-v2,3,57be16f99fc3c1434763a367,AbsHard-1,17,ISIC_0011110_A03_T1_S1_57be16f99fc3c1434763a367.png,S1,0.8076720237731934,0.8080809680946761,val,H,0.676065749951776,T1,98135
1.0,1.0,A02,0.103363536298275,0.10212968597772785,0.019764080931177253,0.0,0.21958064584197903,0,0.0023663838704427085,0.0022989908854166665,cdfa7966292d334f35a671cfb33ac823ef2f659d99670c319a635c2b862fa168,1280.0,0.8949922023912666,0.8928819444444445,0.8857806285490953,23028,24,1837,0,0,0,0.009211573842171306,0.0016721487045288086,0.0017107032568193514,0.0021102579468221805,ISIC_0011110,0,32.32258093859647,0.02525201635827849,ISIC_0011110,0.8099419789869845,0.7949786651040334,1.0,0.7991736721884938,0.1040993481874466,0.10765735805034637,0.10675651215032606,0.1057714968919754,0.10494103144116071,0.10323032818434136,canonical_letterbox_valid,3d99874f14ae5f316eec36e21141043d75bd4fd17ccfb31e3174198dee269596,0.8062895643847886,abs_hard,0,0,P2-IMA-M-v2,3,57c060b29fc3c158f2bd0e72,AbsHard-1,17,ISIC_0011110_A02_T1_S1_57c060b29fc3c158f2bd0e72.png,S1,0.8951648473739624,0.8956690296090452,val,H,0.8099419789869845,T1,98135
1.0,1.0,A04,0.13156454265117645,0.13279997296274734,0.6653996910492707,0.1978650243621026,0.7151462161203725,0,0.041652679443359375,0.041707356770833336,cdfa7966292d334f35a671cfb33ac823ef2f659d99670c319a635c2b862fa168,1280.0,0.9601079838204845,0.9632212408438192,0.9646587295001612,36588,18798,6,16432,27,13926,-0.0045507456796767265,0.009037546813488007,0.008917037527266136,-0.003113257023334759,ISIC_0011121,0,82.01097397793778,0.06407107342026389,ISIC_0011121,0.9232766180356383,0.9317302004530799,1.0,1.1210374836447496,0.0933385118842125,0.0881204754114151,0.08899235034807504,0.1023760586977005,0.10303546103812193,0.0941184235108558,canonical_letterbox_valid,3d99874f14ae5f316eec36e21141043d75bd4fd17ccfb31e3174198dee269596,0.6725287429103933,abs_hard,0,0,P2-IMA-M-v2,2,55a01ee49fc3c156bd714742,AbsHard-1,17,ISIC_0011121_A04_T1_S1_55a01ee49fc3c156bd714742.png,S1,0.9448875188827515,0.9445631259410358,val,H,0.9232766180356383,T1,638034
1.0,1.0,A06,0.2916974127292633,0.28978722065407575,0.6375146052007419,0.5651545796012712,0.7122277682806025,0,0.041652679443359375,0.041707356770833336,cdfa7966292d334f35a671cfb33ac823ef2f659d99670c319a635c2b862fa168,1280.0,0.9366985656571017,0.9425242610460751,0.955067596924431,86813,28450,33,1448,0,4274,-0.01836903126732925,-0.04343007504940033,-0.04273204618256363,-0.005825695388973373,ISIC_0011121,0,188.87066458605975,0.14755520670785918,ISIC_0011121,0.880934169185961,0.9139994071514701,1.0,1.1210374836447496,0.18412621319293976,0.1695840209722519,0.16872363858651127,0.14069613814353943,0.14039080395447023,0.18312285013703386,canonical_letterbox_valid,3d99874f14ae5f316eec36e21141043d75bd4fd17ccfb31e3174198dee269596,0.6725287429103933,abs_hard,0,0,P2-IMA-M-v2,2,568b3a1a9fc3c126c063fef2,AbsHard-1,17,ISIC_0011121_A06_T1_S1_568b3a1a9fc3c126c063fef2.png,S1,0.9234449863433838,0.923541520380008,val,H,0.880934169185961,T1,653018
1.0,1.0,A04,0.06384149938821793,0.06310737824999453,0.2138905580065701,0.08899872572112598,0.4196588685178058,0,0.035161336263020836,0.03521728515625,cdfa7966292d334f35a671cfb33ac823ef2f659d99670c319a635c2b862fa168,1280.0,0.935281147871245,0.9389954815589735,0.8645417601746831,20072,0,24594,3058,3058,0,0.07073938769656196,0.06482012569904327,0.06510873953995744,-0.003714333687728444,ISIC_0011169,0,25.847556123433186,0.020193403221432177,ISIC_0011169,0.8784301564692711,0.7614033963130933,1.0,1.0648610940600216,0.07575775682926178,0.07166332751512527,0.07099520199145552,0.14057788252830505,0.1402258273931474,0.07511708785318996,canonical_letterbox_valid,3d99874f14ae5f316eec36e21141043d75bd4fd17ccfb31e3174198dee269596,0.5117915426402535,abs_hard,0,0,P2-IMA-M-v2,2,55a007d89fc3c156bd7145fd,AbsHard-1,17,ISIC_0011169_A04_T1_S1_55a007d89fc3c156bd7145fd.png,S1,0.9123259782791138,0.9128732025436146,val,H,0.8784301564692711,T1,167131
1.0,1.0,A06,0.0424981452524662,0.042580081547682495,0.6564238787838275,0.42679558011049723,0.8118009510414573,0,0.035161336263020836,0.03521728515625,cdfa7966292d334f35a671cfb33ac823ef2f659d99670c319a635c2b862fa168,1280.0,0.9656969020823389,0.9672847235324723,0.8904944866148128,9667,0,25389,2263,2263,0,0.07520241546752615,0.049791499972343445,0.04986121247487352,-0.0015878214501333643,ISIC_0011169,0,25.495097567963924,0.019918044974971814,ISIC_0011169,0.9336691575482609,0.8026048323976733,1.0,1.0648610940600216,0.05702812969684601,0.053855545818805695,0.0539560610622625,0.10681962966918945,0.10694199045870986,0.057080777983836345,canonical_letterbox_valid,3d99874f14ae5f316eec36e21141043d75bd4fd17ccfb31e3174198dee269596,0.5117915426402535,abs_hard,0,0,P2-IMA-M-v2,2,568b39019fc3c126c063fee9,AbsHard-1,17,ISIC_0011169_A06_T1_S1_568b39019fc3c126c063fee9.png,S1,0.9284418821334839,0.9284185255800098,val,H,0.9336691575482609,T1,167926
1.0,1.0,A04,0.1432439237833023,0.1436115662046296,0.20372124503012445,0.14817490025790606,0.3356609141466439,0,0.13462448120117188,0.13456217447916666,cdfa7966292d334f35a671cfb33ac823ef2f659d99670c319a635c2b862fa168,1280.0,0.9420296698935481,0.937382114232257,0.9421572562702174,52522,49938,0,5175,0,55935,-0.0001275863766693197,0.02406235784292221,0.023946846460075263,0.004647555661291047,ISIC_0011349,0,51.35172830587107,0.040118537738961776,ISIC_0011349,0.8904121817846838,0.8906401843324302,1.0,1.6470327497179185,0.10796565562486649,0.11331740021705627,0.11352927131114059,0.1320280134677887,0.13214012607977527,0.1081932796197,canonical_letterbox_valid,3d99874f14ae5f316eec36e21141043d75bd4fd17ccfb31e3174198dee269596,0.5404029428976409,abs_hard,0,0,P2-IMA-M-v2,4,55a94c809fc3c156bd715db9,AbsHard-1,17,ISIC_0011349_A04_T1_S1_55a94c809fc3c156bd715db9.png,S1,0.9273126125335693,0.9272250069652296,val,H,0.8904121817846838,T1,468794
1.0,1.0,A06,0.1543024480342865,0.15475577208988373,0.38460686648767267,0.2540146566670408,0.5956751602682661,0,0.13462448120117188,0.13456217447916666,cdfa7966292d334f35a671cfb33ac823ef2f659d99670c319a635c2b862fa168,1280.0,0.9482892873273806,0.946796997802668,0.9179406364946596,40632,33743,0,9972,0,72130,0.03034865083272098,0.048907890915870667,0.04882400666852241,0.0014922895247125867,ISIC_0011349,0,59.02583134985965,0.046113930742077855,ISIC_0011349,0.9016636189980198,0.8483274277309363,1.0,1.6470327497179185,0.11436571180820465,0.11606386303901672,0.11629222644184718,0.16327360272407532,0.16345277985642315,0.11462877318790074,canonical_letterbox_valid,3d99874f14ae5f316eec36e21141043d75bd4fd17ccfb31e3174198dee269596,0.5404029428976409,abs_hard,0,0,P2-IMA-M-v2,4,57bda5d99fc3c11f2f681074,AbsHard-1,17,ISIC_0011349_A06_T1_S1_57bda5d99fc3c11f2f681074.png,S1,0.9255710244178772,0.9254982257140822,val,H,0.9016636189980198,T1,463997
1.0,1.0,A03,0.32677754759788513,0.3275472361043403,0.09911239639615572,0.06231081057159547,0.1802192887418748,0,0.13462448120117188,0.13456217447916666,cdfa7966292d334f35a671cfb33ac823ef2f659d99670c319a635c2b862fa168,1280.0,0.8839542885321597,0.8774128317261883,0.9551848606437762,123515,88698,0,737,0,17175,-0.07123057211161643,-0.10549100488424301,-0.10650449561696033,0.006541456805971402,ISIC_0011349,0,98.59513172565875,0.07702744666067089,ISIC_0011349,0.7920412931559674,0.9142142228455127,1.0,1.6470327497179185,0.220119908452034,0.23693041503429413,0.2374669555569559,0.11462890356779099,0.11404467577214826,0.2205491713891086,canonical_letterbox_valid,3d99874f14ae5f316eec36e21141043d75bd4fd17ccfb31e3174198dee269596,0.5404029428976409,abs_hard,0,0,P2-IMA-M-v2,4,57be18ea9fc3c1434763a373,AbsHard-1,17,ISIC_0011349_A03_T1_S1_57be18ea9fc3c1434763a373.png,S1,0.8865377306938171,0.8864488933261231,val,H,0.7920412931559674,T1,473232
1.0,1.0,A02,0.16978204250335693,0.17115822164937192,0.3447912955657457,0.18602444662016898,0.5434814045330763,0,0.13462448120117188,0.13456217447916666,cdfa7966292d334f35a671cfb33ac823ef2f659d99670c319a635c2b862fa168,1280.0,0.9446940746650989,0.9423245272590978,0.9095292393499944,41196,30981,0,12801,0,74892,0.0351648353151045,0.051822662353515625,0.05146920316398844,0.002369547406001149,ISIC_0011349,0,76.49964752601105,0.05976534962969613,ISIC_0011349,0.8951850378034222,0.8340702677876883,1.0,1.6470327497179185,0.12357437610626221,0.12615829706192017,0.12697458070923356,0.17539703845977783,0.17588060115276183,0.12441139798877339,canonical_letterbox_valid,3d99874f14ae5f316eec36e21141043d75bd4fd17ccfb31e3174198dee269596,0.5404029428976409,abs_hard,0,0,P2-IMA-M-v2,4,57c061f79fc3c158f2bd0e7e,AbsHard-1,17,ISIC_0011349_A02_T1_S1_57c061f79fc3c158f2bd0e7e.png,S1,0.9226332902908325,0.9223354256718251,val,H,0.8951850378034222,T1,461168
1.0,1.0,A04,0.13022269308567047,0.12905288068811296,0.3909985320619774,0.1998406099296884,0.6453135733307811,0,0.03349177042643229,0.033223470052083336,cdfa7966292d334f35a671cfb33ac823ef2f659d99670c319a635c2b862fa168,1280.0,0.9650530808714142,0.9688907420913165,0.9757561464446292,41723,19721,0,3145,0,6618,-0.010703065573214987,-0.012770868837833405,-0.012603177059973672,-0.0038376612199023663,ISIC_0011350,0,44.92602904151962,0.0350984601886872,ISIC_0011350,0.9324662579642041,0.9526599969895544,1.0,0.6140656897821808,0.09268233925104141,0.08760978281497955,0.08684112860824136,0.07991147041320801,0.07938240958311293,0.0919855866430866,canonical_letterbox_valid,3d99874f14ae5f316eec36e21141043d75bd4fd17ccfb31e3174198dee269596,0.621010307343074,abs_hard,0,0,P2-IMA-M-v2,2,55a94c999fc3c156bd715dbf,AbsHard-1,17,ISIC_0011350_A04_T1_S1_55a94c999fc3c156bd715dbf.png,S1,0.9448580145835876,0.9450817074019398,val,H,0.9324662579642041,T1,619511
1.0,1.0,A06,0.2091670036315918,0.20767954193667618,0.36652879898015683,0.19764647707798308,0.5341055058850158,0,0.03349177042643229,0.033223470052083336,cdfa7966292d334f35a671cfb33ac823ef2f659d99670c319a635c2b862fa168,1280.0,0.9431909940131415,0.9480902826383208,0.9613261645272307,72309,24586,0,2407,0,1753,-0.018135170514089194,-0.030243784189224243,-0.02988757767456257,-0.004899288625179299,ISIC_0011350,0,86.57852512455594,0.06763947275355933,ISIC_0011350,0.8924895498334449,0.9255322813534314,1.0,0.6140656897821808,0.13941863179206848,0.13669174909591675,0.1357314969474271,0.10917484760284424,0.10864758434523714,0.1385351620197997,canonical_letterbox_valid,3d99874f14ae5f316eec36e21141043d75bd4fd17ccfb31e3174198dee269596,0.621010307343074,abs_hard,0,0,P2-IMA-M-v2,2,568b26fc9fc3c126c063fe71,AbsHard-1,17,ISIC_0011350_A06_T1_S1_568b26fc9fc3c126c063fe71.png,S1,0.9303297400474548,0.9306092178970767,val,H,0.8924895498334449,T1,620249
1.0,1.0,A00,1.6248208284378052,1.621734077748603,0.0,0.0,0.0,0,0.004121176861702128,0.004044117647058824,cdfa7966292d334f35a671cfb33ac823ef2f659d99670c319a635c2b862fa168,3612.2104036171536,0.12105035791002021,0.11804049014202785,0.10099184264858801,2063104,0,24793,0,0,0,0.020058515261432194,0.18912315368652344,0.18866597347144398,0.0030098677679923636,ISIC_0012149,0,1036.156502349286,0.28684832459142234,ISIC_0012149,0.0644244822737103,0.05318136325935721,1.0,0.9911924797532041,1.2338416576385498,1.2102421522140503,1.208632281116302,1.4229648113250732,1.4208970714041025,1.2322310979326585,canonical_letterbox_valid,3d99874f14ae5f316eec36e21141043d75bd4fd17ccfb31e3174198dee269596,0.473082297300186,abs_hard,0,0,P2-IMA-M-v2,2,5841e25e9fc3c156c3ef2955,AbsHard-1,17,ISIC_0012149_A00_T2_S1_5841e25e9fc3c156c3ef2955.png,S1,0.15713758766651154,0.157271881883286,val,H,0.0,T2,142067
1.0,1.0,A03,0.06024391949176788,0.060418994002439316,0.0,0.0,0.022220191868433076,0,0.004121176861702128,0.004044117647058824,cdfa7966292d334f35a671cfb33ac823ef2f659d99670c319a635c2b862fa168,3612.2104036171536,0.6248452368124171,0.613398141352143,0.5455441998074123,170593,0,24793,0,0,0,0.07930103700500479,0.0690152645111084,0.06929671331070736,0.011447095460274115,ISIC_0012149,0,155.42522317822161,0.04302773255472153,ISIC_0012149,0.45438175654065116,0.37508475660461843,1.0,0.9911924797532041,0.21991640329360962,0.22879378497600555,0.22911159257119174,0.288931667804718,0.28956203300399014,0.22026531969328278,canonical_letterbox_valid,3d99874f14ae5f316eec36e21141043d75bd4fd17ccfb31e3174198dee269596,0.473082297300186,abs_hard,0,0,P2-IMA-M-v2,2,58a476afd8311368134d5262,AbsHard-1,17,ISIC_0012149_A03_T1_S1_58a476afd8311368134d5262.png,S1,0.6204110980033875,0.6198883546158738,val,H,0.0,T1,142067
1.0,1.0,A00,0.01738065294921398,0.0179134310897444,0.5694720662505097,0.36034475586096315,0.8859076578724017,0,0.0011545877659574469,0.0010799632352941177,cdfa7966292d334f35a671cfb33ac823ef2f659d99670c319a635c2b862fa168,3612.2104036171536,0.9116937636428174,0.9111958287408988,0.9040700782760086,7435,1776,0,24160,0,5170,0.007623685366808797,0.00600733608007431,0.006041698120683496,0.0004979349019186285,ISIC_0012191,0,133.5121944136628,0.03696135592765247,ISIC_0012191,0.8377180366938549,0.8249342046011748,1.0,1.3631385095118087,0.05602875351905823,0.05759420990943909,0.05954365368290306,0.06203608959913254,0.06415921299826309,0.058117514877579594,canonical_letterbox_valid,3d99874f14ae5f316eec36e21141043d75bd4fd17ccfb31e3174198dee269596,0.6349128192778934,abs_hard,0,0,P2-IMA-M-v2,2,5841e2759fc3c156c3ef29d3,AbsHard-1,17,ISIC_0012191_A00_T2_S1_5841e2759fc3c156c3ef29d3.png,S1,0.9053231477737427,0.9016784013345852,val,H,0.8377180366938549,T2,163097
1.0,1.0,A03,0.02384895458817482,0.023775107583455482,0.527713432454882,0.20544818140313498,0.8340277532445716,0,0.0011545877659574469,0.0010799632352941177,cdfa7966292d334f35a671cfb33ac823ef2f659d99670c319a635c2b862fa168,3612.2104036171536,0.9018469191899409,0.9072323630029578,0.9093666498158446,37021,4694,0,3071,0,2252,-0.00751973062590372,-0.0024626068770885468,-0.0022166822371454536,-0.005385443813016977,ISIC_0012191,0,74.78083379879334,0.020702236426734768,ISIC_0012191,0.8212397114295651,0.8337968480995894,1.0,1.3631385095118087,0.06459736824035645,0.06196122244000435,0.06218455284960944,0.0621347613632679,0.06257216218237364,0.0647888444195191,canonical_letterbox_valid,3d99874f14ae5f316eec36e21141043d75bd4fd17ccfb31e3174198dee269596,0.6349128192778934,abs_hard,0,0,P2-IMA-M-v2,2,58909ce0d831135f264ceb5c,AbsHard-1,17,ISIC_0012191_A03_T1_S1_58909ce0d831135f264ceb5c.png,S1,0.8946542143821716,0.8941974187444173,val,H,0.8212397114295651,T1,184186
1.0,1.0,A00,0.024144459515810013,0.025004563979521575,0.7456907334124993,0.41610918952988313,0.8608116293155663,0,0.0007637429513248365,0.00078125,cdfa7966292d334f35a671cfb33ac823ef2f659d99670c319a635c2b862fa168,5147.6254720016295,0.9254733652252459,0.9208411415200541,0.9236470583191497,4450,427,1771,82512,3194,3935,0.0018263069060961978,-0.0005235373973846436,-0.0005163129637708389,0.004632223705191785,ISIC_0012228,0,289.5556075503743,0.05625032534423721,ISIC_0012228,0.861284713914278,0.858126570339249,1.0,0.9170409474939636,0.053601495921611786,0.0560603030025959,0.05835886488973249,0.05307795852422714,0.055143669224114435,0.055659982187885274,canonical_letterbox_valid,3d99874f14ae5f316eec36e21141043d75bd4fd17ccfb31e3174198dee269596,0.645919549784096,abs_hard,0,0,P2-IMA-M-v2,2,5841e28a9fc3c156c3ef2a42,AbsHard-1,17,ISIC_0012228_A00_T2_S1_5841e28a9fc3c156c3ef2a42.png,S1,0.9169414639472961,0.913684599603751,val,H,0.861284713914278,T2,539948
1.0,1.0,A09,0.012992273084819317,0.013018831905743078,0.6863470734628355,0.45273031610120396,0.934592723132827,0,0.0007637429513248365,0.00078125,cdfa7966292d334f35a671cfb33ac823ef2f659d99670c319a635c2b862fa168,5147.6254720016295,0.9512763697212819,0.9538508919292648,0.9498740691644898,50324,2163,3349,12191,1616,2199,0.0014023005567921354,0.0034461840987205505,0.003631853821993297,-0.002574522207982821,ISIC_0012228,0,63.60502792925867,0.012356187969620517,ISIC_0012228,0.9070801327023235,0.9045334861969773,1.0,0.9170409474939636,0.03484559431672096,0.032986316829919815,0.033337051573917115,0.03829177841544151,0.038730519227798785,0.03509866540580549,canonical_letterbox_valid,3d99874f14ae5f316eec36e21141043d75bd4fd17ccfb31e3174198dee269596,0.645919549784096,abs_hard,0,0,P2-IMA-M-v2,2,58472a049fc3c10f04859aca,AbsHard-1,17,ISIC_0012228_A09_T1_S1_58472a049fc3c10f04859aca.png,S1,0.9433010816574097,0.9428215010941321,val,H,0.9070801327023235,T1,610269
1.0,1.0,A00,0.049964096397161484,0.050028174354750314,0.04605786177486921,0.0,0.43535633251288075,0,0.0015766170027670635,0.001723345588235294,cdfa7966292d334f35a671cfb33ac823ef2f659d99670c319a635c2b862fa168,5147.6254720016295,0.7493667860713339,0.7588420546210675,0.771000767699062,0,0,0,171980,19254,0,-0.021633981627728116,-0.019820094108581543,-0.019978459663025278,-0.009475268549733573,ISIC_0012261,0,176.01982457191752,0.034194372828657456,ISIC_0012261,0.5991898965463397,0.6273403167678069,1.0,1.110128222767886,0.16151468455791473,0.15534013509750366,0.15605174998381036,0.1416945904493332,0.1421882308828506,0.16216669054587587,canonical_letterbox_valid,3d99874f14ae5f316eec36e21141043d75bd4fd17ccfb31e3174198dee269596,0.46422915938501835,abs_hard,0,0,P2-IMA-M-v2,2,5841e2a29fc3c156c3ef2aa5,AbsHard-1,17,ISIC_0012261_A00_T2_S1_5841e2a29fc3c156c3ef2aa5.png,S1,0.7269347310066223,0.7256947932629986,val,H,0.0,T2,257101
1.0,1.0,A09,0.027325203642249107,0.026896139312161435,0.3253386050475063,0.15906515118301937,0.48116971741380377,0,0.0015766170027670635,0.001723345588235294,cdfa7966292d334f35a671cfb33ac823ef2f659d99670c319a635c2b862fa168,5147.6254720016295,0.8678219025557674,0.8649647606869622,0.8550376201831466,101709,0,14225,22227,5029,0,0.012784282372620859,0.009615972638130188,0.00958369224946487,0.0028571418688052574,ISIC_0012261,0,93.07737999339916,0.01808161462011075,ISIC_0012261,0.7665065280054258,0.7467822832047261,1.0,1.110128222767886,0.08878877013921738,0.08975814282894135,0.08907544981317284,0.09840474277734756,0.0977203524980513,0.08813666024858643,canonical_letterbox_valid,3d99874f14ae5f316eec36e21141043d75bd4fd17ccfb31e3174198dee269596,0.46422915938501835,abs_hard,0,0,P2-IMA-M-v2,2,58471a419fc3c10f048599f4,AbsHard-1,17,ISIC_0012261_A09_T1_S1_58471a419fc3c10f048599f4.png,S1,0.8497476577758789,0.8506228188149886,val,H,0.7665065280054258,T1,406854
1.0,1.0,A00,0.08490287512540817,0.08751948234795524,0.2004559573503238,0.010901169414745745,0.7503345904431761,0,0.006466962938118397,0.006525735294117647,cdfa7966292d334f35a671cfb33ac823ef2f659d99670c319a635c2b862fa168,5147.6254720016295,0.8901510921772482,0.8887597303022494,0.9160930673053831,0,0,746,300039,78230,0,-0.025941975128134898,-0.031229421496391296,-0.03199703660031751,0.0013913618749987755,ISIC_0012400,0,244.8897361439409,0.047573339877952835,ISIC_0012400,0.8020470947919422,0.8451768686707771,1.0,1.4811280509928852,0.09770816564559937,0.099380724132061,0.10226642887806506,0.06647874414920807,0.0685285482789048,0.10052558487922231,canonical_letterbox_valid,3d99874f14ae5f316eec36e21141043d75bd4fd17ccfb31e3174198dee269596,0.7668208502027428,abs_hard,0,0,P2-IMA-M-v2,2,5841e2f69fc3c156c3ef2c46,AbsHard-1,17,ISIC_0012400_A00_T2_S1_5841e2f69fc3c156c3ef2c46.png,S1,0.88948655128479,0.8864683125895106,val,H,0.8020470947919422,T2,1215670
1.0,1.0,A03,0.03667661175131798,0.03558718934260088,0.4771365147985259,0.30127819860708793,0.7525180932937011,0,0.006466962938118397,0.006525735294117647,cdfa7966292d334f35a671cfb33ac823ef2f659d99670c319a635c2b862fa168,5147.6254720016295,0.9485597263451796,0.9497174365274828,0.9251167022885819,158574,0,73861,5250,5115,0,0.023443024056597705,0.02055557817220688,0.02079415618952256,-0.001157710182303151,ISIC_0012400,0,87.0,0.016900996483368954,ISIC_0012400,0.9021527423977905,0.8606671108001112,1.0,1.4811280509928852,0.046980395913124084,0.046341508626937866,0.04539803713521147,0.06753597408533096,0.06684284322511391,0.046048687035591354,canonical_letterbox_valid,3d99874f14ae5f316eec36e21141043d75bd4fd17ccfb31e3174198dee269596,0.7668208502027428,abs_hard,0,0,P2-IMA-M-v2,2,58909d74d831135f264ceb68,AbsHard-1,17,ISIC_0012400_A03_T1_S1_58909d74d831135f264ceb68.png,S1,0.9427158236503601,0.9434898152714182,val,H,0.9021527423977905,T1,1510459
1.0,1.0,A00,0.5174233317375183,0.5174335214289639,0.0,0.0,0.0,0,0.06917444864908855,0.06931559244791667,cdfa7966292d334f35a671cfb33ac823ef2f659d99670c319a635c2b862fa168,1280.0,0.6315027827474613,0.6494233248900418,0.5679228590466131,0,0,0,148710,4611,49790,0.0635799237008482,0.040528953075408936,0.04054737615043125,-0.017920542142580542,ISIC_0012623,0,161.25445578279036,0.12598004358030496,ISIC_0012623,0.4614571186452954,0.3965728121800238,1.0,2.5601355520104216,0.46674829721450806,0.4398280680179596,0.43983326265180783,0.507277250289917,0.5073003416443366,0.4667529654939053,canonical_letterbox_valid,3d99874f14ae5f316eec36e21141043d75bd4fd17ccfb31e3174198dee269596,0.5448327266166862,abs_hard,0,0,P2-IMA-M-v2,2,5b2bcdab116597326357fc19,AbsHard-1,17,ISIC_0012623_A00_T2_S1_5b2bcdab116597326357fc19.png,S1,0.5839267373085022,0.5839275904411533,val,H,0.0,T2,127424
1.0,1.0,A09,0.36835625767707825,0.3686715308930566,0.05250396676828725,0.02237136465324385,0.1153918492328634,0,0.06917444864908855,0.06931559244791667,cdfa7966292d334f35a671cfb33ac823ef2f659d99670c319a635c2b862fa168,1280.0,0.7356919803712981,0.7544691170222007,0.6669210066888661,190,35,0,115343,4611,49755,0.06877097368243201,0.08537128567695618,0.08524745919243054,-0.018777136650902526,ISIC_0012623,0,152.73915672803338,0.11932746619377607,ISIC_0012623,0.5818929951795718,0.5002861871166026,1.0,2.5601355520104216,0.3454718589782715,0.32297974824905396,0.32314648488412234,0.43084314465522766,0.43089855209583183,0.3456510929034013,canonical_letterbox_valid,3d99874f14ae5f316eec36e21141043d75bd4fd17ccfb31e3174198dee269596,0.5448327266166862,abs_hard,0,0,P2-IMA-M-v2,2,5b30e98f11659747a0a01268,AbsHard-1,17,ISIC_0012623_A09_T1_S1_5b30e98f11659747a0a01268.png,S1,0.6774125099182129,0.677369345086254,val,H,0.0,T1,160791
1.0,1.0,A00,1.9215720891952515,1.918586450348803,0.0,0.0,0.0,0,0.018919266847770635,0.019005847953216373,cdfa7966292d334f35a671cfb33ac823ef2f659d99670c319a635c2b862fa168,4659.490100858677,0.45505361393450944,0.4464085768896469,0.41110116748016157,3740603,0,189878,0,0,0,0.04395244645434787,-0.27013516426086426,-0.26970324619374286,0.008645037044862525,ISIC_0012806,0,793.9175020113865,0.1703872065025053,ISIC_0012806,0.29454330456954747,0.2587333812991701,1.0,3.333612336059335,1.2348804473876953,1.2362269163131714,1.2346148160100312,0.964745283126831,0.9635426566029016,1.2332459027966445,canonical_letterbox_valid,3d99874f14ae5f316eec36e21141043d75bd4fd17ccfb31e3174198dee269596,0.6268672744799141,abs_hard,0,0,P2-IMA-M-v2,2,5841e3e59fc3c156c3ef3108,AbsHard-1,17,ISIC_0012806_A00_T2_S1_5841e3e59fc3c156c3ef3108.png,S1,0.4518112242221832,0.452094644755514,val,H,0.0,T2,1561782
1.0,1.0,A03,0.08083554357290268,0.08080327404965953,0.23751679981224547,0.1318231109694225,0.44267160670889605,0,0.018919266847770635,0.019005847953216373,cdfa7966292d334f35a671cfb33ac823ef2f659d99670c319a635c2b862fa168,4659.490100858677,0.9007153137284386,0.8966220920014631,0.8651623809970699,229343,0,140066,94197,49812,0,0.035552932731368725,0.0412767231464386,0.041298636062109734,0.00409322172697546,ISIC_0012806,0,226.4825494659471,0.0486067240327884,ISIC_0012806,0.8193649242794333,0.7623666738834431,1.0,3.333612336059335,0.12267951667308807,0.12991639971733093,0.12991524181302982,0.16395623981952667,0.16397198046736344,0.12267334440525371,canonical_letterbox_valid,3d99874f14ae5f316eec36e21141043d75bd4fd17ccfb31e3174198dee269596,0.6268672744799141,abs_hard,0,0,P2-IMA-M-v2,2,5847325f9fc3c10f04859aef,AbsHard-1,17,ISIC_0012806_A03_T1_S1_5847325f9fc3c10f04859aef.png,S1,0.8354765176773071,0.8354565852391521,val,H,0.8193649242794333,T1,1467585
1.0,1.0,A00,0.31218957901000977,0.3109841636187088,0.11188377626402926,0.049354533632363314,0.23753084985567255,0,0.03240152870242832,0.0322094298245614,cdfa7966292d334f35a671cfb33ac823ef2f659d99670c319a635c2b862fa168,4659.490100858677,0.7533331013996207,0.7521354196347111,0.7492938817654868,711248,88577,55902,614611,48597,132113,0.004039219634133895,0.04275941848754883,0.043170079521364035,0.0011976817649096416,ISIC_0013159,0,436.63857692720217,0.09370951916964819,ISIC_0013159,0.6042777764015235,0.5990966789410002,1.0,2.801878353172214,0.3179573714733124,0.3250140845775604,0.3242901339583135,0.3607167899608612,0.3604756281424258,0.31730554862106175,canonical_letterbox_valid,3d99874f14ae5f316eec36e21141043d75bd4fd17ccfb31e3174198dee269596,0.5470929292572789,abs_hard,0,0,P2-IMA-M-v2,2,5841e4bc9fc3c156c3ef352b,AbsHard-1,17,ISIC_0013159_A00_T2_S1_5841e4bc9fc3c156c3ef352b.png,S1,0.676274836063385,0.6763730663765853,val,H,0.0,T2,2024620
1.0,1.0,A03,0.29296478629112244,0.2927617757564489,0.03686099524687166,0.01843049762343583,0.07271781713880887,0,0.03240152870242832,0.0322094298245614,cdfa7966292d334f35a671cfb33ac823ef2f659d99670c319a635c2b862fa168,4659.490100858677,0.551120425478577,0.5571336226798411,0.5563694490229044,42506,42038,0,1619160,104499,178652,-0.005249023544327436,0.0422612726688385,0.042336921589606835,-0.006013197201264142,ISIC_0013159,0,552.6011219632909,0.11859690867493301,ISIC_0013159,0.3803769720893585,0.3853960063718073,1.0,2.801878353172214,0.3915022015571594,0.38277390599250793,0.3825542761730195,0.4337634742259979,0.4336125492747591,0.3912756276851523,canonical_letterbox_valid,3d99874f14ae5f316eec36e21141043d75bd4fd17ccfb31e3174198dee269596,0.5470929292572789,abs_hard,0,0,P2-IMA-M-v2,2,58a496c1d8311352d32caf11,AbsHard-1,17,ISIC_0013159_A03_T1_S1_58a496c1d8311352d32caf11.png,S1,0.509960412979126,0.5102105203861443,val,H,0.0,T1,1020071
1.0,1.0,A00,0.034952156245708466,0.03338125287986907,0.0,0.0,0.0,0,0.00034840425531914893,0.00034466911764705885,cdfa7966292d334f35a671cfb33ac823ef2f659d99670c319a635c2b862fa168,3612.2104036171536,0.0,0.0,0.0,7892,0,0,19944,2096,0,0.0,-0.0018653273582458496,-0.001840864897298844,0.0,ISIC_0013196,0,1488.4724378165465,0.41206692620286933,ISIC_0013196,0.0,0.0,1.0,0.9259286057992938,0.5174665451049805,0.5174146294593811,0.5166233910668613,0.5156012177467346,0.5148409105080505,0.5166817754053493,canonical_letterbox_valid,3d99874f14ae5f316eec36e21141043d75bd4fd17ccfb31e3174198dee269596,0.4285381082576824,abs_hard,0,0,P2-IMA-M-v2,2,5841e4d19fc3c156c3ef359a,AbsHard-1,17,ISIC_0013196_A00_T2_S1_5841e4d19fc3c156c3ef359a.png,S1,1.9018321836483665e-05,1.7702069170454498e-05,val,H,0.0,T2,0
1.0,1.0,A03,0.0012638308107852936,0.0012004523067454603,1.0,0.8322925323518935,1.0,0,0.00034840425531914893,0.00034466911764705885,cdfa7966292d334f35a671cfb33ac823ef2f659d99670c319a635c2b862fa168,3612.2104036171536,0.9269259220120469,0.9312155211470298,0.94781295446918,365,0,598,2401,1498,0,-0.02088703245713308,-0.009902507066726685,-0.00718285488812085,-0.0042895991349828355,ISIC_0013196,0,13.601470508735444,0.003765414798405807,ISIC_0013196,0.8638042247279532,0.900802721811706,1.0,0.9259286057992938,0.05668236315250397,0.05145380645990372,0.05145796760313985,0.04677985608577728,0.04912638042109514,0.05630923530921599,canonical_letterbox_valid,3d99874f14ae5f316eec36e21141043d75bd4fd17ccfb31e3174198dee269596,0.4285381082576824,abs_hard,0,0,P2-IMA-M-v2,2,58473fc59fc3c10f04859b7f,AbsHard-1,17,ISIC_0013196_A03_T1_S1_58473fc59fc3c10f04859b7f.png,S1,0.8878991007804871,0.8885819816883135,val,H,0.8638042247279532,T1,17543
1.0,1.0,A00,0.3807145953178406,0.3774659226135815,0.08137926062113593,0.02630168886684743,0.19851275597757692,0,0.01567935505319149,0.01569393382352941,cdfa7966292d334f35a671cfb33ac823ef2f659d99670c319a635c2b862fa168,3612.2104036171536,0.5596833107772264,0.5550862257311315,0.45188608336730535,594389,148,94155,24,24,0,0.10779722740992109,0.010330021381378174,0.010869854425910486,0.004597085046094906,ISIC_0013207,0,435.5090698071018,0.12056580906001399,ISIC_0013207,0.3885835073391004,0.2918945941331007,1.0,2.87379615259213,0.4194912910461426,0.4185725450515747,0.4163851337402675,0.42982131242752075,0.428165353397766,0.4172954989718555,canonical_letterbox_valid,3d99874f14ae5f316eec36e21141043d75bd4fd17ccfb31e3174198dee269596,0.42488063059489173,abs_hard,0,0,P2-IMA-M-v2,2,5841e4d79fc3c156c3ef35bb,AbsHard-1,17,ISIC_0013207_A00_T2_S1_5841e4d79fc3c156c3ef35bb.png,S1,0.5417320132255554,0.5428749246698704,val,H,0.0,T2,377777
1.0,1.0,A03,0.04346366226673126,0.043304041151540074,0.23605063357248707,0.16604854719645257,0.4360911760470641,0,0.01567935505319149,0.01569393382352941,cdfa7966292d334f35a671cfb33ac823ef2f659d99670c319a635c2b862fa168,3612.2104036171536,0.8019945194785163,0.8068770323979284,0.8445253182095287,2770,0,26195,123031,67984,148,-0.0425307987310124,0.022011905908584595,0.022024477987335284,-0.0048825129194121075,ISIC_0013207,0,514.1643706053542,0.14234064828850673,ISIC_0013207,0.6694414445661914,0.730890370441428,1.0,2.87379615259213,0.16445770859718323,0.16452376544475555,0.1642877618571977,0.18646961450576782,0.18623314823791096,0.16420867025057567,canonical_letterbox_valid,3d99874f14ae5f316eec36e21141043d75bd4fd17ccfb31e3174198dee269596,0.42488063059489173,abs_hard,0,0,P2-IMA-M-v2,2,584735b49fc3c10f04859aff,AbsHard-1,17,ISIC_0013207_A03_T1_S1_584735b49fc3c10f04859aff.png,S1,0.7145482301712036,0.7148867006503887,val,H,0.6694414445661914,T1,254770
1.0,1.0,A00,0.1284397542476654,0.1289994794929569,0.11388999597560479,0.02936408405469061,0.34546960574947844,0,0.009453724399421432,0.00942095588235294,cdfa7966292d334f35a671cfb33ac823ef2f659d99670c319a635c2b862fa168,5147.6254720016295,0.8690603929764261,0.8716655743195447,0.8656492741703055,0,0,1879,727788,47066,66506,0.003411118806120661,0.009123101830482483,0.009045631815495808,-0.002605181343118601,ISIC_0013651,0,286.6434195695257,0.05568459110488972,ISIC_0013651,0.7684410268941188,0.7631231280229899,1.0,1.977729927119861,0.14255507290363312,0.1408427655696869,0.14132416789364416,0.1516781747341156,0.1521164652656852,0.1430708334501894,canonical_letterbox_valid,3d99874f14ae5f316eec36e21141043d75bd4fd17ccfb31e3174198dee269596,0.5437844395941004,abs_hard,0,0,P2-IMA-M-v2,2,5841e6109fc3c156c3ef3aef,AbsHard-1,17,ISIC_0013651_A00_T2_S1_5841e6109fc3c156c3ef3aef.png,S1,0.8433296084403992,0.8428578125925781,val,H,0.7684410268941188,T2,2415204
1.0,1.0,A03,0.23350845277309418,0.23358894860813484,0.16007737999464658,0.08310296766942477,0.20245989270950196,0,0.009453724399421432,0.00942095588235294,cdfa7966292d334f35a671cfb33ac823ef2f659d99670c319a635c2b862fa168,5147.6254720016295,0.8367631056100253,0.8333743162635678,0.8480501036178133,1131283,66506,17586,68334,31359,0,-0.011286998007787985,-0.007458627223968506,-0.00743573361653499,0.003388789346457477,ISIC_0013651,0,407.22383270485653,0.07910906395964147,ISIC_0013651,0.7193402389878986,0.7361866225963465,1.0,1.977729927119861,0.20041188597679138,0.20234143733978271,0.20242506581134356,0.19295325875282288,0.19305253157034624,0.20048826518688123,canonical_letterbox_valid,3d99874f14ae5f316eec36e21141043d75bd4fd17ccfb31e3174198dee269596,0.5437844395941004,abs_hard,0,0,P2-IMA-M-v2,2,58909e87d831135f264ceb89,AbsHard-1,17,ISIC_0013651_A03_T1_S1_58909e87d831135f264ceb89.png,S1,0.8326846957206726,0.8326124182343724,val,H,0.7193402389878986,T1,3074658
1.0,1.0,A00,0.19508051872253418,0.1941856049572809,0.0,0.0,0.0,0,0.008204122340425533,0.008272058823529412,cdfa7966292d334f35a671cfb33ac823ef2f659d99670c319a635c2b862fa168,3612.2104036171536,0.3818975916143255,0.39206241432762395,0.3910132648889293,0,0,0,445794,33085,16271,-0.009115673274603775,-0.00835844874382019,-0.008088500815417732,-0.010164822713298438,ISIC_0013721,0,363.9704646364349,0.10076114732186318,ISIC_0013721,0.2360157117591412,0.24301832722190655,1.0,3.2916699162554806,0.406281441450119,0.39212316274642944,0.39069759265514026,0.39792299270629883,0.39673806634534503,0.40482656716076276,canonical_letterbox_valid,3d99874f14ae5f316eec36e21141043d75bd4fd17ccfb31e3174198dee269596,0.5015491330579692,abs_hard,0,0,P2-IMA-M-v2,2,5841e6419fc3c156c3ef3bc1,AbsHard-1,17,ISIC_0013721_A00_T2_S1_5841e6419fc3c156c3ef3bc1.png,S1,0.38251763582229614,0.3845324706357553,val,H,0.0,T2,137718
1.0,1.0,A03,0.09704906493425369,0.09691684268105179,0.16446419392813919,0.06311861947452972,0.29646367808393104,0,0.008204122340425533,0.008272058823529412,cdfa7966292d334f35a671cfb33ac823ef2f659d99670c319a635c2b862fa168,3612.2104036171536,0.840318466208584,0.8342679753152638,0.8459596394072707,201368,16121,19415,14779,13670,150,-0.005641173198686733,0.01005999743938446,0.010122108116113304,0.006050490893320215,ISIC_0013721,0,216.22673285234646,0.05985994964075842,ISIC_0013721,0.7246114055651819,0.733041640738436,1.0,3.2916699162554806,0.14886897802352905,0.15446819365024567,0.15442103847666755,0.1589289754629135,0.15891953372922987,0.14879742561311657,canonical_letterbox_valid,3d99874f14ae5f316eec36e21141043d75bd4fd17ccfb31e3174198dee269596,0.5015491330579692,abs_hard,0,0,P2-IMA-M-v2,2,5847290e9fc3c10f04859abe,AbsHard-1,17,ISIC_0013721_A03_T1_S1_5847290e9fc3c10f04859abe.png,S1,0.799311101436615,0.7993219914548186,val,H,0.7246114055651819,T1,568733
1.0,1.0,A00,0.08274473249912262,0.08342002775507479,0.0466171150717184,0.028183350502901078,0.11671606225333235,0,0.014864450570182795,0.015050551470588236,cdfa7966292d334f35a671cfb33ac823ef2f659d99670c319a635c2b862fa168,5147.6254720016295,0.7617250018436321,0.7595091585504156,0.8307957795089241,1552,0,6097,476644,175431,0,-0.06907077766529202,-0.03951151669025421,-0.039617018076092775,0.0022158432932165573,ISIC_0013747,0,268.6759199247309,0.052194146871422945,ISIC_0013747,0.6151501104179141,0.7105651561538008,1.0,1.2553342655730477,0.16626310348510742,0.16582483053207397,0.16652762422829567,0.1267515867948532,0.12741004655197657,0.16702706462806935,canonical_letterbox_valid,3d99874f14ae5f316eec36e21141043d75bd4fd17ccfb31e3174198dee269596,0.6685680122307492,abs_hard,0,0,P2-IMA-M-v2,2,5841e6529fc3c156c3ef3c0f,AbsHard-1,17,ISIC_0013747_A00_T2_S1_5841e6529fc3c156c3ef3c0f.png,S1,0.7502185106277466,0.7493658984989361,val,H,0.0,T2,764356
1.0,1.0,A06,0.09890636801719666,0.09925206113850013,0.0,0.0,0.013784530204078934,0,0.014864450570182795,0.015050551470588236,cdfa7966292d334f35a671cfb33ac823ef2f659d99670c319a635c2b862fa168,5147.6254720016295,0.8212370172089192,0.8233044213530278,0.7459121595695772,540270,0,181528,0,0,0,0.07532485763934194,0.06470231711864471,0.06451847193416613,-0.0020674041441086644,ISIC_0013747,0,190.60771065938857,0.03702827870755556,ISIC_0013747,0.6966939318576072,0.5947846199621618,1.0,1.2553342655730477,0.14305059611797333,0.14403632283210754,0.1443684697728832,0.20775291323661804,0.20787849616975126,0.14336002423558514,canonical_letterbox_valid,3d99874f14ae5f316eec36e21141043d75bd4fd17ccfb31e3174198dee269596,0.6685680122307492,abs_hard,0,0,P2-IMA-M-v2,2,58473f729fc3c10f04859b7b,AbsHard-1,17,ISIC_0013747_A06_T1_S1_58473f729fc3c10f04859b7b.png,S1,0.81280517578125,0.8125320126673299,val,H,0.6966939318576072,T1,1241000
1.0,1.0,A00,0.05012333765625954,0.04990253717439727,0.40062887143487647,0.1972215093693008,0.5886262244473178,0,0.03149152260638298,0.03166360294117647,cdfa7966292d334f35a671cfb33ac823ef2f659d99670c319a635c2b862fa168,3612.2104036171536,0.8612196586133859,0.8721229065786338,0.9078691618648929,6885,0,61288,140145,128165,0,-0.04664950325150696,-0.01036997139453888,-0.010075162291899739,-0.010903247965247886,ISIC_0013986,0,125.0,0.03460485022545446,ISIC_0013986,0.7562649505915585,0.8312824161390273,1.0,2.4063754165239266,0.12890443205833435,0.12424707412719727,0.12390226898299189,0.11853446066379547,0.11845893490618421,0.12853409719808395,canonical_letterbox_valid,3d99874f14ae5f316eec36e21141043d75bd4fd17ccfb31e3174198dee269596,0.5472591773962034,abs_hard,0,0,P2-IMA-M-v2,2,5841e6f69fc3c156c3ef3edc,AbsHard-1,17,ISIC_0013986_A00_T2_S1_5841e6f69fc3c156c3ef3edc.png,S1,0.7923144698143005,0.7928343427782294,val,H,0.7562649505915585,T2,456207
1.0,1.0,A03,0.20720461010932922,0.20791381134219422,0.17688236298446303,0.0822144869882314,0.34947533808428255,0,0.03149152260638298,0.03166360294117647,cdfa7966292d334f35a671cfb33ac823ef2f659d99670c319a635c2b862fa168,3612.2104036171536,0.8047704117008867,0.7937955966313852,0.6349785231914421,282780,0,185037,4416,4416,0,0.1697918885094446,0.08845700323581696,0.08810218548443927,0.010974815069501487,ISIC_0013986,0,298.07549226408963,0.08251886212541945,ISIC_0013986,0.6733186825186661,0.4651784121932147,1.0,2.4063754165239266,0.2339174598455429,0.24401605129241943,0.2445194500042255,0.32237446308135986,0.3225489436608978,0.23444675817645855,canonical_letterbox_valid,3d99874f14ae5f316eec36e21141043d75bd4fd17ccfb31e3174198dee269596,0.5472591773962034,abs_hard,0,0,P2-IMA-M-v2,2,58473cb39fc3c10f04859b51,AbsHard-1,17,ISIC_0013986_A03_T1_S1_58473cb39fc3c10f04859b51.png,S1,0.7393696904182434,0.7390202949892771,val,H,0.6733186825186661,T1,591936
1.0,1.0,A00,0.102021723985672,0.10138551464443682,0.2631544446441271,0.13340339726888725,0.552013180022986,0,0.013957572347182626,0.014177389705882353,cdfa7966292d334f35a671cfb33ac823ef2f659d99670c319a635c2b862fa168,5147.6254720016295,0.936366995504044,0.9350352395544839,0.931983569600426,426130,33458,52724,93087,33986,50285,0.004383425903617955,0.0202484130859375,0.020309216756334444,0.0013317559495601428,ISIC_0014151,0,173.18270568502157,0.033643221836354834,ISIC_0014151,0.880347818792797,0.872630366980165,1.0,2.3368671570345563,0.10187800228595734,0.10059043765068054,0.10015917133102367,0.12212641537189484,0.12170588506009988,0.10139666830376544,canonical_letterbox_valid,3d99874f14ae5f316eec36e21141043d75bd4fd17ccfb31e3174198dee269596,0.7383658197098671,abs_hard,0,0,P2-IMA-M-v2,2,5841e7729fc3c156c3ef40cb,AbsHard-1,17,ISIC_0014151_A00_T2_S1_5841e7729fc3c156c3ef40cb.png,S1,0.8982657194137573,0.8985921780369059,val,H,0.880347818792797,T2,3820169
1.0,1.0,A03,0.12146841734647751,0.12106412470093773,0.3099388804711294,0.16013771197885343,0.5240610607953908,0,0.013957572347182626,0.014177389705882353,cdfa7966292d334f35a671cfb33ac823ef2f659d99670c319a635c2b862fa168,5147.6254720016295,0.9295543606811423,0.9284715873366317,0.9227016947839607,441243,33701,62946,131893,23764,50042,0.006852665897181587,0.016654014587402344,0.01665909372076879,0.001082773344510568,ISIC_0014151,0,215.9837956884729,0.04195794679765011,ISIC_0014151,0.8683807253142095,0.8564960051607283,1.0,2.3368671570345563,0.11508509516716003,0.115473173558712,0.11511765411799962,0.13173910975456238,0.13140042040651667,0.11474132668574788,canonical_letterbox_valid,3d99874f14ae5f316eec36e21141043d75bd4fd17ccfb31e3174198dee269596,0.7383658197098671,abs_hard,0,0,P2-IMA-M-v2,2,58473f719fc3c10f04859b7a,AbsHard-1,17,ISIC_0014151_A03_T1_S1_58473f719fc3c10f04859b7a.png,S1,0.891298234462738,0.891581471329442,val,H,0.8683807253142095,T1,3781363
1.0,1.0,A00,0.06601912528276443,0.06732607231417251,0.5117194409597009,0.31178630774870103,0.8224687419054239,0,0.013818572748873456,0.013797514619883041,cdfa7966292d334f35a671cfb33ac823ef2f659d99670c319a635c2b862fa168,7917.522655477533,0.9755576808045962,0.9736798822848431,0.9823988532881522,68188,53098,15339,634646,246505,85376,-0.0068411724835560905,-0.003017846494913101,-0.0032202304084639408,0.0018777985197530045,ISIC_0011454,0,119.22080344752646,0.01505784178148788,ISIC_0014699,0.9522817073496127,0.9654065902564635,1.0,1.2607819610420894,0.055776748806238174,0.057098980993032455,0.0580731528194053,0.05275890231132507,0.05343978428847875,0.05666001469694269,canonical_letterbox_valid,3d99874f14ae5f316eec36e21141043d75bd4fd17ccfb31e3174198dee269596,0.7171736554028272,abs_hard,0,0,P2-IMA-M-v2,2,5841e9169fc3c156c3ef4737,AbsHard-1,17,ISIC_0014699_A00_T2_S1_5841e9169fc3c156c3ef4737.png,S1,0.9544656276702881,0.9540060429202871,val,H,0.9522817073496127,T2,14025983
1.0,1.0,A09,0.11875347793102264,0.11919187488403975,0.1530505933356662,0.07568608539867325,0.3929082493114155,0,0.013818572748873456,0.013797514619883041,cdfa7966292d334f35a671cfb33ac823ef2f659d99670c319a635c2b862fa168,7917.522655477533,0.9475900677255077,0.9495235282837218,0.938472024483731,1477057,48489,246195,130254,15649,89985,0.009118043241776674,0.01680467277765274,0.0168496558375424,-0.001933460558214084,ISIC_0011454,0,242.40585801291786,0.03061637693517879,ISIC_0014699,0.900400156503231,0.8840765821808039,1.0,1.2607819610420894,0.09003733843564987,0.08802437782287598,0.08830671486116069,0.10684201121330261,0.10717321334674394,0.09032355750920154,canonical_letterbox_valid,3d99874f14ae5f316eec36e21141043d75bd4fd17ccfb31e3174198dee269596,0.7171736554028272,abs_hard,0,0,P2-IMA-M-v2,2,584715959fc3c10f048598ac,AbsHard-1,17,ISIC_0014699_A09_T1_S1_584715959fc3c10f048598ac.png,S1,0.9386788010597229,0.9385447598656367,val,H,0.900400156503231,T1,14530375
1.0,1.0,A00,0.20215454697608948,0.2031563992944412,0.22783890326777703,0.1497819435474015,0.38700586105076173,0,0.010480006133147859,0.010622258771929825,cdfa7966292d334f35a671cfb33ac823ef2f659d99670c319a635c2b862fa168,7955.787955947544,0.9492350971150816,0.9484111609905816,0.9474414960681924,351340,99775,0,2023226,3450,202846,0.0017936010468891928,0.0036983639001846313,0.003845836084612808,0.0008239361244999355,ISIC_0015014,0,333.4786349978061,0.04191648103799775,ISIC_0015502,0.903375335918546,0.9001319095604158,1.0,0.4503696702030972,0.13125614821910858,0.13385334610939026,0.13447806466910736,0.1349545121192932,0.13571754594247532,0.1318717098578625,canonical_letterbox_valid,3d99874f14ae5f316eec36e21141043d75bd4fd17ccfb31e3174198dee269596,0.5868999012576374,abs_hard,0,0,P2-IMA-M-v2,2,5b2bd2d5116597326357fd5d,AbsHard-1,17,ISIC_0015502_A00_T2_S1_5b2bd2d5116597326357fd5d.png,S1,0.9396422505378723,0.9394129795787162,val,H,0.903375335918546,T2,22200588
1.0,1.0,A03,0.10153904557228088,0.10162852529508562,0.37625414953644853,0.2871790779191062,0.6005186396737716,0,0.010480006133147859,0.010622258771929825,cdfa7966292d334f35a671cfb33ac823ef2f659d99670c319a635c2b862fa168,7955.787955947544,0.9727324848207708,0.9744159250515736,0.9777549894479964,1048893,272677,2856,292771,594,29944,-0.0050225046272256435,-0.005715221166610718,-0.005684752850524222,-0.0016834402308028018,ISIC_0015014,0,173.64907140552177,0.021826759632992247,ISIC_0015502,0.9469125329550174,0.9564781234980223,1.0,0.4503696702030972,0.0707479864358902,0.06788312643766403,0.06789824207453599,0.06503276526927948,0.0651075306987572,0.07079228354928142,canonical_letterbox_valid,3d99874f14ae5f316eec36e21141043d75bd4fd17ccfb31e3174198dee269596,0.5868999012576374,abs_hard,0,0,P2-IMA-M-v2,2,5b2ff37911659747a0a00eb1,AbsHard-1,17,ISIC_0015502_A03_T1_S1_5b2ff37911659747a0a00eb1.png,S1,0.9600430727005005,0.9600439581965228,val,H,0.9469125329550174,T1,23931043
1.0,1.0,A00,0.01858416758477688,0.01829268324757851,0.641286243557835,0.41890405654953383,0.9089424026148423,0,0.004746313210746985,0.004963235294117647,cdfa7966292d334f35a671cfb33ac823ef2f659d99670c319a635c2b862fa168,7922.802786893032,0.9552442313026718,0.9498281633682021,0.94474721401668,39541,34244,0,195218,3237,99767,0.010497017285991728,0.010914493352174759,0.01127000999200585,0.005416067934469693,ISIC_0015633,0,104.93354854560361,0.013244498363533525,ISIC_0015633,0.9143230024886434,0.8952804736130907,1.0,1.2046790628013184,0.040350545197725296,0.04380068555474281,0.04356081776796175,0.051265038549900055,0.05133904474868614,0.04006903475668029,canonical_letterbox_valid,3d99874f14ae5f316eec36e21141043d75bd4fd17ccfb31e3174198dee269596,0.45181665482088323,abs_hard,0,0,P2-IMA-M-v2,2,5b2bd33d116597326357fda2,AbsHard-1,17,ISIC_0015633_A00_T2_S1_5b2bd33d116597326357fda2.png,S1,0.9378830790519714,0.9381546137342179,val,H,0.9143230024886434,T2,2505288
1.0,1.0,A03,0.41712313890457153,0.4166069394844137,0.006778608403228097,0.0,0.04758046323944345,0,0.004746313210746985,0.004963235294117647,cdfa7966292d334f35a671cfb33ac823ef2f659d99670c319a635c2b862fa168,7922.802786893032,0.6896740534369149,0.697378583147193,0.711195779667665,2430241,134011,3237,0,0,0,-0.021521726230750104,-0.06523272395133972,-0.06516882350020892,-0.00770452971027813,ISIC_0015633,0,586.2073007478016,0.07398988924949447,ISIC_0015633,0.5263377827828969,0.5518260791264897,1.0,1.2046790628013184,0.36309343576431274,0.3496038019657135,0.3493305159906277,0.297860711812973,0.2976540735063429,0.3628228970065518,canonical_letterbox_valid,3d99874f14ae5f316eec36e21141043d75bd4fd17ccfb31e3174198dee269596,0.45181665482088323,abs_hard,0,0,P2-IMA-M-v2,2,5b2ff1a511659747a0a00ea5,AbsHard-1,17,ISIC_0015633_A03_T1_S1_5b2ff1a511659747a0a00ea5.png,S1,0.690936267375946,0.6909611454713102,val,H,0.0,T1,2700506
1.0,1.0,A00,0.05068204924464226,0.050812484898881925,0.021947465117433833,0.0,0.3934835195945699,0,0.004134114583333333,0.004191080729166667,cdfa7966292d334f35a671cfb33ac823ef2f659d99670c319a635c2b862fa168,800.0,0.8952800182518487,0.8959654023853014,0.8946316735285046,0,0,0,7803,608,662,0.0006483447233440742,0.0030450746417045593,0.0030350622247726222,-0.00068538413345276,ISIC_0016804,0,22.840750848622204,0.028550938560777755,ISIC_0016804,0.8104135283541475,0.8093516451518975,1.0,1.1761615200055964,0.08274360746145248,0.08267718553543091,0.08287748478926721,0.08578868210315704,0.08597474232412435,0.08293968009935172,canonical_letterbox_valid,3d99874f14ae5f316eec36e21141043d75bd4fd17ccfb31e3174198dee269596,0.7298323418300353,abs_hard,0,0,P2-IMA-M-v2,2,5b2bd38d116597326357fdff,AbsHard-1,17,ISIC_0016804_A00_T2_S1_5b2bd38d116597326357fdff.png,S1,0.8851948380470276,0.8849331247001785,val,H,0.8104135283541475,T2,33355
1.0,1.0,A03,0.10111779719591141,0.10052399420130562,0.11703888448021767,0.02923588039867109,0.2695443329494983,0,0.004134114583333333,0.004191080729166667,cdfa7966292d334f35a671cfb33ac823ef2f659d99670c319a635c2b862fa168,800.0,0.8753854988621137,0.8745969758557945,0.8747342913017601,11718,601,608,0,0,61,0.0006512075603536394,0.0024463236331939697,0.002378218931684828,0.0007885230063191528,ISIC_0016804,0,33.95290805355029,0.04244113506693786,ISIC_0016804,0.7783871699826008,0.7773579915748909,1.0,1.1761615200055964,0.11620551347732544,0.11823548376560211,0.1176912086800106,0.11865183711051941,0.11807576950451275,0.11569755057282792,canonical_letterbox_valid,3d99874f14ae5f316eec36e21141043d75bd4fd17ccfb31e3174198dee269596,0.7298323418300353,abs_hard,0,0,P2-IMA-M-v2,2,5b3016ce11659747a0a01023,AbsHard-1,17,ISIC_0016804_A03_T1_S1_5b3016ce11659747a0a01023.png,S1,0.8687067627906799,0.8691288930556498,val,H,0.7783871699826008,T1,41158
1.0,1.0,A00,0.19441592693328857,0.1948322033211784,0.13763930733350677,0.07980305850832478,0.35523378165921643,0,0.048564453125,0.048828125,cdfa7966292d334f35a671cfb33ac823ef2f659d99670c319a635c2b862fa168,800.0,0.9195325523670975,0.9113792001076843,0.8908533245700515,206,206,0,28225,1541,13172,0.028679227797046014,0.037210434675216675,0.03728641028664098,0.008153352259413271,ISIC_0017427,0,47.48946178629053,0.059361827232863165,ISIC_0017427,0.8510506766137356,0.803188022201592,1.0,0.748979328841299,0.1568121314048767,0.1652013063430786,0.16549612604733477,0.19402256608009338,0.19438339169467514,0.15709698140803416,canonical_letterbox_valid,3d99874f14ae5f316eec36e21141043d75bd4fd17ccfb31e3174198dee269596,0.5611049519386234,abs_hard,0,0,P2-IMA-M-v2,2,5b2bd3bb116597326357fe5f,AbsHard-1,17,ISIC_0017427_A00_T2_S1_5b2bd3bb116597326357fe5f.png,S1,0.8807916641235352,0.8806382405051101,val,H,0.8510506766137356,T2,162446
1.0,1.0,A03,0.2557103633880615,0.25551224008140383,0.18065496819176896,0.12109498991429712,0.3000581747966976,0,0.048564453125,0.048828125,cdfa7966292d334f35a671cfb33ac823ef2f659d99670c319a635c2b862fa168,800.0,0.9062594331213976,0.9146037735849056,0.9316537282516726,39411,12397,1541,28,0,981,-0.025394295130275024,-0.03063565492630005,-0.030735396156235523,-0.008344340463508071,ISIC_0017427,0,56.13623886846659,0.07017029858558324,ISIC_0017427,0.82858719934632,0.8720522108688973,1.0,0.748979328841299,0.18666303157806396,0.17944329977035522,0.17933671880017477,0.15602737665176392,0.15580128161923204,0.18653667777546756,canonical_letterbox_valid,3d99874f14ae5f316eec36e21141043d75bd4fd17ccfb31e3174198dee269596,0.5611049519386234,abs_hard,0,0,P2-IMA-M-v2,2,5b30184c11659747a0a01047,AbsHard-1,17,ISIC_0017427_A03_T1_S1_5b30184c11659747a0a01047.png,S1,0.8823843002319336,0.8824388845304687,val,H,0.82858719934632,T1,190643
1.0,1.0,A00,0.057863783091306686,0.05808045191715479,0.5460569392216565,0.31739386910510126,0.7851188192323217,0,0.008203125,0.008036295572916666,cdfa7966292d334f35a671cfb33ac823ef2f659d99670c319a635c2b862fa168,800.0,0.959467129020388,0.9619243245951328,0.9538063446404683,3170,15,1002,3329,817,686,0.005660784379919681,0.001963376998901367,0.0019894727270155788,-0.002457195574744775,ISIC_0017891,0,19.917316284782057,0.024896645355977572,ISIC_0017891,0.9220920893321666,0.911691960426472,1.0,0.7248130601807459,0.06419793516397476,0.06050962209701538,0.06069757867864074,0.06616131216287613,0.06639167384884787,0.06440220112183229,canonical_letterbox_valid,3d99874f14ae5f316eec36e21141043d75bd4fd17ccfb31e3174198dee269596,0.6943723959064741,abs_hard,0,0,P2-IMA-M-v2,2,5b2bd3e8116597326357fec8,AbsHard-1,17,ISIC_0017891_A00_T2_S1_5b2bd3e8116597326357fec8.png,S1,0.9294679164886475,0.9292760496734902,val,H,0.9220920893321666,T2,76920
1.0,1.0,A03,0.11717333644628525,0.1175186771792004,0.1781220843111199,0.1143780063284176,0.40341751024591443,0,0.008203125,0.008036295572916666,cdfa7966292d334f35a671cfb33ac823ef2f659d99670c319a635c2b862fa168,800.0,0.9130077537322069,0.9090571144787207,0.9136760200813037,13678,678,1131,1356,688,23,-0.00066826634909678,-0.0016732066869735718,-0.0016807638839581585,0.0039506392534861545,ISIC_0017891,0,31.016124838541646,0.03877015604817706,ISIC_0017891,0.8399395275054031,0.8410713902768544,1.0,0.7248130601807459,0.10834278166294098,0.11472625285387039,0.1150313449177607,0.10666957497596741,0.10694145360473123,0.10862221748868939,canonical_letterbox_valid,3d99874f14ae5f316eec36e21141043d75bd4fd17ccfb31e3174198dee269596,0.6943723959064741,abs_hard,0,0,P2-IMA-M-v2,2,5b301cf711659747a0a010b1,AbsHard-1,17,ISIC_0017891_A03_T1_S1_5b301cf711659747a0a010b1.png,S1,0.9004877805709839,0.9002742422018216,val,H,0.8399395275054031,T1,78893
1.0,1.0,A00,0.20041950047016144,0.20062862257442673,0.45219470360456354,0.26449323575072076,0.6985840185666632,0,0.010751953125,0.010538736979166666,cdfa7966292d334f35a671cfb33ac823ef2f659d99670c319a635c2b862fa168,800.0,0.8966768901769887,0.8964577465283388,0.8876603059996562,1853,824,14,12835,3,2462,0.009016584177332532,-0.018897831439971924,-0.01885905625072809,0.0002191436486499443,ISIC_0019540,0,74.07646993773105,0.09259558742216381,ISIC_0019545,0.8127056183213894,0.7980118940171362,1.0,2.1166754527799916,0.15782424807548523,0.16258925199508667,0.16269611941779252,0.1389264166355133,0.13905052414974284,0.15790958040047093,canonical_letterbox_valid,3d99874f14ae5f316eec36e21141043d75bd4fd17ccfb31e3174198dee269596,0.9152209446789699,abs_hard,0,0,P2-IMA-M-v2,2,5b2bd47a116597326358005a,AbsHard-1,17,ISIC_0019545_A00_T2_S1_5b2bd47a116597326358005a.png,S1,0.8847709894180298,0.8848094617734849,val,H,0.8127056183213894,T2,63734
1.0,1.0,A03,0.09851070493459702,0.09889711418169753,0.27482769017454717,0.1319253834505959,0.5240391058018895,0,0.010751953125,0.010538736979166666,cdfa7966292d334f35a671cfb33ac823ef2f659d99670c319a635c2b862fa168,800.0,0.9357259140482515,0.9363894746493078,0.9525089551970143,10379,2939,11,123,6,347,-0.016783041148762834,-0.010029956698417664,-0.010005836404234067,-0.0006635606010563233,ISIC_0019540,0,23.769728648009426,0.02971216081001178,ISIC_0019545,0.8792151630859825,0.9093241989254087,1.0,2.1166754527799916,0.08540059626102448,0.08514031767845154,0.08527952496731633,0.07537063956260681,0.07555432534046119,0.08556016174469526,canonical_letterbox_valid,3d99874f14ae5f316eec36e21141043d75bd4fd17ccfb31e3174198dee269596,0.9152209446789699,abs_hard,0,0,P2-IMA-M-v2,2,5b30172911659747a0a0102f,AbsHard-1,17,ISIC_0019545_A03_T1_S1_5b30172911659747a0a0102f.png,S1,0.9277095198631287,0.927776790692307,val,H,0.8792151630859825,T1,76446
1.0,1.0,A08,2.054471492767334,2.053892162923701,0.0,0.0,0.0,0,0.046471354166666666,0.045939127604166664,cdfa7966292d334f35a671cfb33ac823ef2f659d99670c319a635c2b862fa168,800.0,0.22284104341975544,0.2270742773892219,0.20890658467037226,0,0,0,166333,0,14276,0.013934458749383177,0.005820631980895996,0.005901863112251604,-0.0042332339694664545,ISIC_0019695,0,266.7371621016719,0.3334214526270899,ISIC_0019696,0.12539173414659796,0.11663634229369645,1.0,1.6942972358221682,1.4125386476516724,1.3519878387451172,1.3516404316546102,1.4183592796325684,1.4181129763160645,1.4122111132038129,canonical_letterbox_valid,3d99874f14ae5f316eec36e21141043d75bd4fd17ccfb31e3174198dee269596,0.47971717846649564,abs_hard,0,0,P2-IMA-M-v2,2,5b2d281f116597169d55198b,AbsHard-1,17,ISIC_0019696_A08_T1_S1_5b2d281f116597169d55198b.png,S1,0.22939421236515045,0.2294699365160753,val,H,0.0,T1,23847
1.0,1.0,A03,0.15089227259159088,0.15096247447670913,0.1464106953262118,0.0834378920953576,0.3605084499667809,0,0.046471354166666666,0.045939127604166664,cdfa7966292d334f35a671cfb33ac823ef2f659d99670c319a635c2b862fa168,800.0,0.95192576,0.9435721028877365,0.9651989004719672,14522,9482,0,4257,0,4794,-0.01327314047196726,-0.004339158535003662,-0.004287620230075062,0.008353657112263435,ISIC_0019695,0,23.113801323294396,0.028892251654117997,ISIC_0019696,0.9082617658840656,0.932738572574178,1.0,1.6942972358221682,0.11669374257326126,0.13041594624519348,0.13044930176579608,0.1123545840382576,0.11245847818735236,0.11674609841742742,canonical_letterbox_valid,3d99874f14ae5f316eec36e21141043d75bd4fd17ccfb31e3174198dee269596,0.47971717846649564,abs_hard,0,0,P2-IMA-M-v2,2,5b30163111659747a0a01017,AbsHard-1,17,ISIC_0019696_A03_T1_S1_5b30163111659747a0a01017.png,S1,0.9175047874450684,0.9174702776418543,val,H,0.9082617658840656,T1,185923
1.0,1.0,A00,0.30728042125701904,0.30787782384499435,0.0,0.0,0.07253124234256308,0,0.04268880208333333,0.04278564453125,cdfa7966292d334f35a671cfb33ac823ef2f659d99670c319a635c2b862fa168,800.0,0.6497331204051391,0.6544787907772126,0.7041653666146646,0,0,24,48692,11940,1150,-0.05443224620952547,-0.02561473846435547,-0.025816622310128323,-0.004745670372073518,ISIC_0020226,0,130.51969824651155,0.16314962280813944,ISIC_0020226,0.48118866738410065,0.5434068116971456,1.0,2.316134800758564,0.33688637614250183,0.32883065938949585,0.3293723803176997,0.31127163767814636,0.3116111594106323,0.3374277817207606,canonical_letterbox_valid,3d99874f14ae5f316eec36e21141043d75bd4fd17ccfb31e3174198dee269596,0.5824984642191962,abs_hard,0,0,P2-IMA-M-v2,2,5b2bd4a111659732635800db,AbsHard-1,17,ISIC_0020226_A00_T2_S1_5b2bd4a111659732635800db.png,S1,0.6335076689720154,0.6330222604034732,val,H,0.0,T2,45161
1.0,1.0,A03,0.8128288388252258,0.8124378279632081,0.022857142857142857,0.0,0.07868728249202392,0,0.04268880208333333,0.04278564453125,cdfa7966292d334f35a671cfb33ac823ef2f659d99670c319a635c2b862fa168,800.0,0.6848284517607227,0.6799739274362467,0.630808499001056,86386,1150,11964,0,0,0,0.054019952759666756,-0.05241525173187256,-0.05231719981371208,0.004854524324475973,ISIC_0020226,0,127.99140351888019,0.15998925439860023,ISIC_0020226,0.5207141628615338,0.46071604924572374,1.0,2.316134800758564,0.5675140619277954,0.589678168296814,0.5894405354110055,0.5150988101959229,0.5149649771829254,0.5672821769966375,canonical_letterbox_valid,3d99874f14ae5f316eec36e21141043d75bd4fd17ccfb31e3174198dee269596,0.5824984642191962,abs_hard,0,0,P2-IMA-M-v2,2,5b301eb911659747a0a010c9,AbsHard-1,17,ISIC_0020226_A03_T1_S1_5b301eb911659747a0a010c9.png,S1,0.677800714969635,0.677873473969933,val,H,0.0,T1,93853
1.0,1.0,A00,0.22658492624759674,0.22775738143797625,0.03413492046125905,0.006504029312078048,0.17427558600892248,0,0.02222160056785301,0.022257486979166668,cdfa7966292d334f35a671cfb33ac823ef2f659d99670c319a635c2b862fa168,3840.0,0.8195579159175681,0.8255552768084367,0.8432930515618747,0,0,0,748431,137012,20270,-0.023735135644306626,0.020112574100494385,0.01973292557213957,-0.005997360890868553,ISIC_0021447,0,377.3221435325523,0.09826097487826882,ISIC_0021448,0.6942804962385069,0.7290464129229568,1.0,1.748074292568689,0.2187056839466095,0.21392551064491272,0.21483897764601667,0.23881825804710388,0.23935006672448575,0.21961714115234618,canonical_letterbox_valid,3d99874f14ae5f316eec36e21141043d75bd4fd17ccfb31e3174198dee269596,0.5681228392201035,abs_hard,0,0,P2-IMA-M-v2,2,5b2bd524116597326358024f,AbsHard-1,17,ISIC_0021448_A00_T2_S1_5b2bd524116597326358024f.png,S1,0.7891735434532166,0.7885230991332839,val,H,0.6942804962385069,T2,1699666
1.0,1.0,A03,0.17883165180683136,0.1782390018668011,0.23038492753219342,0.09906731790751509,0.47375064744197287,0,0.02222160056785301,0.022257486979166668,cdfa7966292d334f35a671cfb33ac823ef2f659d99670c319a635c2b862fa168,3840.0,0.8926477144528058,0.8944990576128835,0.9023644960076447,181017,9580,39182,328742,97830,10690,-0.009716781554838905,0.03795814514160156,0.03807020884631318,-0.0018513431600777341,ISIC_0021447,0,259.80751802850875,0.06765820781992415,ISIC_0021448,0.8061099670839682,0.822098495106559,1.0,1.748074292568689,0.16690826416015625,0.16691330075263977,0.16648269237981664,0.2048664093017578,0.20452896643515717,0.166458757588844,canonical_letterbox_valid,3d99874f14ae5f316eec36e21141043d75bd4fd17ccfb31e3174198dee269596,0.5681228392201035,abs_hard,0,0,P2-IMA-M-v2,2,5b31006111659747a0a0129c,AbsHard-1,17,ISIC_0021448_A03_T1_S1_5b31006111659747a0a0129c.png,S1,0.8450151085853577,0.8453214866891131,val,H,0.8061099670839682,T1,2119355
1.0,1.0,A00,0.05547277256846428,0.055294930403061715,0.0,0.0,0.2570268719535556,0,0.009005793818721065,0.00897216796875,cdfa7966292d334f35a671cfb33ac823ef2f659d99670c319a635c2b862fa168,3840.0,0.7957091411538502,0.7856413595134871,0.7263266034765075,0,0,0,136319,0,63742,0.0693825376773427,0.16967131197452545,0.16974631345545896,0.010067781640363038,ISIC_0021837,0,204.51517569383262,0.053259160336935576,ISIC_0021837,0.6607283741373174,0.5702612659250206,1.0,3.6221824332341304,0.13883428275585175,0.1444382667541504,0.14420922448552756,0.3085055947303772,0.3083946328958985,0.13864831944043957,canonical_letterbox_valid,3d99874f14ae5f316eec36e21141043d75bd4fd17ccfb31e3174198dee269596,0.36015984292581926,abs_hard,0,0,P2-IMA-M-v2,2,5b2bd57411659732635802f7,AbsHard-1,17,ISIC_0021837_A00_T2_S1_5b2bd57411659732635802f7.png,S1,0.7778041958808899,0.7779982915221826,val,H,0.6607283741373174,T2,265480
1.0,1.0,A09,0.036271341145038605,0.036414201080878394,0.3061204454143346,0.17252538863633785,0.5754230032163073,0,0.009005793818721065,0.00897216796875,cdfa7966292d334f35a671cfb33ac823ef2f659d99670c319a635c2b862fa168,3840.0,0.892402386358577,0.9002492858253279,0.9325138071591446,95756,47739,0,914,0,16003,-0.04011142080056751,0.12318874895572662,0.1229865712415889,-0.007846899466750878,ISIC_0021837,0,88.19807236092845,0.02296824801065845,ISIC_0021837,0.8057099215162142,0.8735605325980708,1.0,3.6221824332341304,0.08154192566871643,0.07733458280563354,0.07756248731408319,0.20473067462444305,0.20473367591183553,0.08174710467024662,canonical_letterbox_valid,3d99874f14ae5f316eec36e21141043d75bd4fd17ccfb31e3174198dee269596,0.36015984292581926,abs_hard,0,0,P2-IMA-M-v2,2,5b30c7bf11659747a0a01235,AbsHard-1,17,ISIC_0021837_A09_T1_S1_5b30c7bf11659747a0a01235.png,S1,0.8731874823570251,0.8729199917403851,val,H,0.8057099215162142,T1,400885
1.0,1.0,A00,0.05789213255047798,0.0566682808285972,0.07772860722839436,0.00573845043085261,0.5475055743330834,0,0.00554727624963831,0.005655924479166667,cdfa7966292d334f35a671cfb33ac823ef2f659d99670c319a635c2b862fa168,3840.0,0.862419817497236,0.8575952226343908,0.8920054770601994,0,0,0,162018,39161,102,-0.02958565956296344,-0.021620050072669983,-0.02154873295756253,0.004824594862845144,ISIC_0021930,0,139.9328168430662,0.036440837719548494,ISIC_0021932,0.7581178283185682,0.8050630744035399,1.0,1.182977709873355,0.10318215936422348,0.1088341772556305,0.10757225682165802,0.0815621092915535,0.0804069180419273,0.10195565099948983,canonical_letterbox_valid,3d99874f14ae5f316eec36e21141043d75bd4fd17ccfb31e3174198dee269596,0.45426519096182444,abs_hard,0,0,P2-IMA-M-v2,2,5b2bd5831165973263580318,AbsHard-1,17,ISIC_0021932_A00_T2_S1_5b2bd5831165973263580318.png,S1,0.8515278100967407,0.8527569788296175,val,H,0.7581178283185682,T2,507804
1.0,1.0,A09,0.09584643691778183,0.09566986868884973,0.16758527684755498,0.07063150361341292,0.4317440776992616,0,0.00554727624963831,0.005655924479166667,cdfa7966292d334f35a671cfb33ac823ef2f659d99670c319a635c2b862fa168,3840.0,0.8508385682943137,0.8552126838820496,0.8221961668134184,234221,102,38692,469,469,0,0.028642401480895252,0.032110705971717834,0.03217242760272715,-0.004374115587735927,ISIC_0021930,0,157.48491638264366,0.04101169697464679,ISIC_0021932,0.7403995163946848,0.6980756418400706,1.0,1.182977709873355,0.12482984364032745,0.12159614264965057,0.12152972195093797,0.1569405496120453,0.156944557121161,0.12477212951843386,canonical_letterbox_valid,3d99874f14ae5f316eec36e21141043d75bd4fd17ccfb31e3174198dee269596,0.45426519096182444,abs_hard,0,0,P2-IMA-M-v2,2,5b30c78911659747a0a01231,AbsHard-1,17,ISIC_0021932_A09_T1_S1_5b30c78911659747a0a01231.png,S1,0.8461867570877075,0.846125609651982,val,H,0.7403995163946848,T1,669353
1.0,1.0,A00,0.2817249298095703,0.2816962729527459,0.0,0.0,0.05493253095871252,0,0.06740881829660239,0.067122054973822,cdfa7966292d334f35a671cfb33ac823ef2f659d99670c319a635c2b862fa168,3235.206330359781,0.7750237352633502,0.78469013426595,0.6884446899493234,0,0,0,581747,6536,331729,0.08657904531402683,0.11611703038215637,0.11615934185819132,-0.009666399002599801,ISIC_0022662,0,321.9909912684083,0.09952718880610015,ISIC_0022662,0.6326846956744651,0.5249070966917307,1.0,1.874119300514363,0.2986718714237213,0.29410722851753235,0.2940896548951035,0.4147889018058777,0.41481547900430904,0.2986561371461177,canonical_letterbox_valid,3d99874f14ae5f316eec36e21141043d75bd4fd17ccfb31e3174198dee269596,0.48113627467158415,abs_hard,0,0,P2-IMA-M-v2,2,5b2bd5fa1165973263580411,AbsHard-1,17,ISIC_0022662_A00_T2_S1_5b2bd5fa1165973263580411.png,S1,0.6843811869621277,0.6843839986605105,val,H,0.0,T2,1002034
1.0,1.0,A03,0.18847519159317017,0.18842171862009974,0.24246153990858565,0.11756879748523488,0.44359110174350386,0,0.06740881829660239,0.067122054973822,cdfa7966292d334f35a671cfb33ac823ef2f659d99670c319a635c2b862fa168,3235.206330359781,0.9041695434838958,0.9094257265061846,0.8243478345003245,50197,20158,5143,235586,1393,311571,0.07982170898357133,0.11682066321372986,0.11677537956442935,-0.005256183022288807,ISIC_0022662,0,195.95711973829196,0.060570207810053324,ISIC_0022662,0.8250998483455714,0.7011834441269116,1.0,1.874119300514363,0.20643994212150574,0.20988695323467255,0.20980523273433255,0.3232606053352356,0.32312964715758297,0.20635426759315362,canonical_letterbox_valid,3d99874f14ae5f316eec36e21141043d75bd4fd17ccfb31e3174198dee269596,0.48113627467158415,abs_hard,0,0,P2-IMA-M-v2,2,5b30bfbc11659747a0a011e4,AbsHard-1,17,ISIC_0022662_A03_T1_S1_5b30bfbc11659747a0a011e4.png,S1,0.7755953073501587,0.7757131834337925,val,H,0.8250998483455714,T1,1348195
1.0,1.0,A00,0.04157717898488045,0.04098778814162878,0.6577283378085151,0.31257444657506434,0.9334604732069477,0,0.006708639639395254,0.006591796875,cdfa7966292d334f35a671cfb33ac823ef2f659d99670c319a635c2b862fa168,3840.0,0.9701531759289864,0.9721511079626549,0.9621063364560988,5930,2282,2396,74256,10229,32576,0.008046839472887646,0.0031570643186569214,0.0032264980442962277,-0.0019979320336684925,ISIC_0023625,0,41.43307714807806,0.01078986384064533,ISIC_0023628,0.9420363817736928,0.9269796803373616,1.0,2.4915403332688486,0.060518957674503326,0.054174602031707764,0.053777716970945924,0.06367602199316025,0.06335845647522625,0.06013195843093003,canonical_letterbox_valid,3d99874f14ae5f316eec36e21141043d75bd4fd17ccfb31e3174198dee269596,0.5953782253990014,abs_hard,0,0,P2-IMA-M-v2,3,5b2bd7931165976d8f829d9c,AbsHard-1,17,ISIC_0023628_A00_T2_S1_5b2bd7931165976d8f829d9c.png,S1,0.9205392599105835,0.9207238712797687,val,H,0.9420363817736928,T2,1303199
1.0,1.0,A09,0.3581523001194,0.35756436220579857,0.25737266400078584,0.08128983586896597,0.4859166806256856,0,0.006708639639395254,0.006591796875,cdfa7966292d334f35a671cfb33ac823ef2f659d99670c319a635c2b862fa168,3840.0,0.7544850190804677,0.7510165498657325,0.7612542536485218,896468,33446,12625,0,0,1412,-0.006769234568054117,0.014845937490463257,0.014825984333712239,0.0034684692147352036,ISIC_0023625,0,820.5249764317984,0.21367837927911418,ISIC_0023628,0.605761496761324,0.6145363210252556,1.0,2.4915403332688486,0.29585373401641846,0.31467851996421814,0.3142812721864384,0.3106996715068817,0.3103321516789256,0.29550616734521334,canonical_letterbox_valid,3d99874f14ae5f316eec36e21141043d75bd4fd17ccfb31e3174198dee269596,0.5953782253990014,abs_hard,0,0,P2-IMA-M-v2,3,5b3106cf11659747a0a012e8,AbsHard-1,17,ISIC_0023628_A09_T1_S1_5b3106cf11659747a0a012e8.png,S1,0.7664448022842407,0.7665520275153719,val,H,0.0,T1,1377455
1.0,1.0,A03,0.4869489371776581,0.4835247417106583,0.12658428196122712,0.024326170869229065,0.30330540569151226,0,0.006708639639395254,0.006591796875,cdfa7966292d334f35a671cfb33ac823ef2f659d99670c319a635c2b862fa168,3840.0,0.7189946586477657,0.7155956052559824,0.7263547307404783,1076704,34800,12625,0,0,58,-0.007360072092712611,-0.005141735076904297,-0.004961877016563365,0.0033990533917832577,ISIC_0023625,0,885.7014027956926,0.23065140697804495,ISIC_0023628,0.5612737398025148,0.5702959436757222,1.0,2.4915403332688486,0.377261757850647,0.3991747200489044,0.39682348185159694,0.3721200227737427,0.37013043331684603,0.3750923103334094,canonical_letterbox_valid,3d99874f14ae5f316eec36e21141043d75bd4fd17ccfb31e3174198dee269596,0.5953782253990014,abs_hard,0,0,P2-IMA-M-v2,3,5b3106f211659747a0a012eb,AbsHard-1,17,ISIC_0023628_A03_T1_S1_5b3106f211659747a0a012eb.png,S1,0.7324253916740417,0.7333401210438395,val,H,0.0,T1,1377455
1.0,1.0,A08,0.7725188136100769,0.7725214665377373,0.10514341478212158,0.06522972787019103,0.14709214890504935,0,0.002197830765335648,0.0018513997395833333,cdfa7966292d334f35a671cfb33ac823ef2f659d99670c319a635c2b862fa168,3840.0,0.4073754206187271,0.3956629425809679,0.39453557943380985,1016010,355,14315,2298,886,0,0.012839841184917267,0.04920476675033569,0.049209435722305406,0.01171247803775921,ISIC_0036170,0,469.2817881010679,0.1222087989846531,ISIC_0036170,0.2557887313135595,0.24574545183297877,1.0,1.425911866896698,0.6746553182601929,0.7013192176818848,0.7011783403652294,0.7238600850105286,0.7237535571222082,0.6745441213999028,canonical_letterbox_valid,3d99874f14ae5f316eec36e21141043d75bd4fd17ccfb31e3174198dee269596,0.44018578163405464,abs_hard,0,0,P2-IMA-M-v2,2,5b2d3274116597169d551a35,AbsHard-1,17,ISIC_0036170_A08_T1_S1_5b2d3274116597169d551a35.png,S1,0.4232081174850464,0.42343322373793163,val,H,0.0,T1,349997
1.0,1.0,A03,0.15952013432979584,0.15856508953598125,0.03091555631721006,0.01655333608154999,0.10437313408154517,0,0.002197830765335648,0.0018513997395833333,cdfa7966292d334f35a671cfb33ac823ef2f659d99670c319a635c2b862fa168,3840.0,0.5636413240768507,0.5488845118072476,0.5440257196974909,284743,114,12852,102315,2349,241,0.01961560437935983,0.04919424653053284,0.04919337242763633,0.014756812269603126,ISIC_0036170,0,336.42857116284495,0.08761160707365753,ISIC_0036170,0.3924098719385657,0.37365063865307985,1.0,1.425911866896698,0.2862786650657654,0.30228570103645325,0.30123478555608096,0.3354729115962982,0.3344750397118782,0.28528166728424187,canonical_letterbox_valid,3d99874f14ae5f316eec36e21141043d75bd4fd17ccfb31e3174198dee269596,0.44018578163405464,abs_hard,0,0,P2-IMA-M-v2,2,5b30111a11659747a0a00fd8,AbsHard-1,17,ISIC_0036170_A03_T1_S1_5b30111a11659747a0a00fd8.png,S1,0.5869628190994263,0.5880017549674975,val,H,0.0,T1,249980
1.0,1.0,A04,0.478039026260376,0.47774126770102415,0.19471873352132524,0.1600232175376076,0.2667079975201488,0,0.018576304117838543,0.018778483072916668,cdfa7966292d334f35a671cfb33ac823ef2f659d99670c319a635c2b862fa168,1280.0,0.8781346605148076,0.8812468887351663,0.8695716303476192,130489,3014,11368,1099,227,0,0.008563030167188401,-0.021781176328659058,-0.02164781870189919,-0.003112228220358726,ISIC_0000289,0,159.0628806478746,0.12426787550615204,ISIC_0000289,0.7827451563106235,0.7692408061335386,1.0,1.1098944462959428,0.3044321835041046,0.3052282929420471,0.30497481935558657,0.28265100717544556,0.2825367467459698,0.304184565447869,canonical_letterbox_valid,3d99874f14ae5f316eec36e21141043d75bd4fd17ccfb31e3174198dee269596,0.5233732777642871,abs_hard,0,0,P2-IMA-M-v2,3,5457ada9bae47821f8802169,AbsHard-1,17,ISIC_0000289_A04_T1_S1_5457ada9bae47821f8802169.png,S1,0.8691746592521667,0.8693721368052862,val,T1,0.7827451563106235,T1,474097
1.0,1.0,A03,1.0666779279708862,1.0595136403736036,0.1519253740941164,0.02705254605739883,0.17464953370270125,0,0.018576304117838543,0.018778483072916668,cdfa7966292d334f35a671cfb33ac823ef2f659d99670c319a635c2b862fa168,1280.0,0.8011663155425738,0.8037983375068027,0.7922689184978204,230136,2636,11270,3831,325,378,0.008897397044753341,-0.09682387113571167,-0.09585345027928915,-0.002632021964228959,ISIC_0000289,0,207.2435745770874,0.16190904263834954,ISIC_0000289,0.6682881253083655,0.6559977884417729,1.0,1.1098944462959428,0.6346118450164795,0.6466026306152344,0.6425853828880668,0.5377879738807678,0.5348285208925299,0.630681971171819,canonical_letterbox_valid,3d99874f14ae5f316eec36e21141043d75bd4fd17ccfb31e3174198dee269596,0.5233732777642871,abs_hard,0,0,P2-IMA-M-v2,3,57be0a7d9fc3c1434763a325,AbsHard-1,17,ISIC_0000289_A03_T1_S1_57be0a7d9fc3c1434763a325.png,S1,0.797454297542572,0.7981496980299656,val,T1,0.6682881253083655,T1,471365
1.0,1.0,A02,0.22012268006801605,0.22065313219662994,0.078509963534188,0.055577285703443814,0.264201363645295,0,0.018576304117838543,0.018778483072916668,cdfa7966292d334f35a671cfb33ac823ef2f659d99670c319a635c2b862fa168,1280.0,0.9211916265980951,0.924250835386229,0.9129233079768743,76074,2844,10986,4468,609,170,0.008268318621220794,0.01467922329902649,0.014515150412147348,-0.003059208788133927,ISIC_0000289,0,78.71943846620889,0.061499561301725694,ISIC_0000289,0.853897364267963,0.8397965982306733,1.0,1.1098944462959428,0.15566754341125488,0.15333318710327148,0.15367855688903037,0.17034676671028137,0.17053420178820283,0.15601905137605548,canonical_letterbox_valid,3d99874f14ae5f316eec36e21141043d75bd4fd17ccfb31e3174198dee269596,0.5233732777642871,abs_hard,0,0,P2-IMA-M-v2,3,57c04cae9fc3c158f2bd0e30,AbsHard-1,17,ISIC_0000289_A02_T1_S1_57c04cae9fc3c158f2bd0e30.png,S1,0.9087876081466675,0.908615029444519,val,T1,0.853897364267963,T1,470728
1.0,1.0,A03,0.5282343029975891,0.5294898289659455,0.004872700694359849,0.0,0.02753687974966473,0,0.06521328166142296,0.06519758968609865,cdfa7966292d334f35a671cfb33ac823ef2f659d99670c319a635c2b862fa168,1093.5890452999245,0.8320137910075505,0.8290209468776676,0.8803314580964351,128240,35449,0,0,0,3187,-0.04831766708888463,-0.11982528865337372,-0.12013776242934301,0.0029928441298828767,ISIC_0000547,0,85.61074679766189,0.0782842029788096,ISIC_0000547,0.7123489854604346,0.7862429148895892,1.0,1.683446933294836,0.3478323817253113,0.3656894564628601,0.3664553236179994,0.22800709307193756,0.22842261166518354,0.34856037409452656,canonical_letterbox_valid,3d99874f14ae5f316eec36e21141043d75bd4fd17ccfb31e3174198dee269596,0.6292832736848323,abs_hard,0,0,P2-IMA-M-v2,2,57be109d9fc3c1434763a335,AbsHard-1,17,ISIC_0000547_A03_T1_S1_57be109d9fc3c1434763a335.png,S1,0.8325695395469666,0.8323690807768924,val,T1,0.7123489854604346,T1,317578
1.0,1.0,A02,0.17984630167484283,0.17994157908391586,0.18763457253430282,0.08678316889441247,0.3520319801798885,0,0.06521328166142296,0.06519758968609865,cdfa7966292d334f35a671cfb33ac823ef2f659d99670c319a635c2b862fa168,1093.5890452999245,0.9198327424896429,0.9194684102603784,0.8958647924830915,18502,9849,0,31384,0,28787,0.023967950006551386,0.06554524600505829,0.065548955142845,0.0003643322292644635,ISIC_0000547,0,75.62898358867926,0.06915667627955936,ISIC_0000547,0.8515651035467746,0.8113723630802456,1.0,1.683446933294836,0.14236310124397278,0.1405051350593567,0.14055926435562288,0.20790834724903107,0.20798494075514043,0.14243598561229542,canonical_letterbox_valid,3d99874f14ae5f316eec36e21141043d75bd4fd17ccfb31e3174198dee269596,0.6292832736848323,abs_hard,0,0,P2-IMA-M-v2,2,57c04fc49fc3c158f2bd0e40,AbsHard-1,17,ISIC_0000547_A02_T1_S1_57c04fc49fc3c158f2bd0e40.png,S1,0.8951200842857361,0.895069607859325,val,T1,0.8515651035467746,T1,286194
1.0,1.0,A06,0.03866541013121605,0.038575694167952854,0.25284921688946627,0.08540312513451853,0.6182353422193148,0,0.01113709372637944,0.011307565789473685,cdfa7966292d334f35a671cfb33ac823ef2f659d99670c319a635c2b862fa168,3634.3956856677014,0.849546942676984,0.8403842669068773,0.820009970388491,100475,15680,40846,15057,9962,1408,0.029536972288493057,0.02295108139514923,0.023036307454000565,0.009162675770106765,ISIC_0002412,0,139.31044462440536,0.0383311165522726,ISIC_0002412,0.7384455517496655,0.6949295755138414,1.0,2.941590496542622,0.11612114310264587,0.11899705231189728,0.11891417652120394,0.1390722244977951,0.13906965524252202,0.11603334778852145,canonical_letterbox_valid,3d99874f14ae5f316eec36e21141043d75bd4fd17ccfb31e3174198dee269596,0.5292243418511889,abs_hard,0,0,P2-IMA-M-v2,2,54ee1fb1bae47871b5e03317,AbsHard-1,17,ISIC_0002412_A06_T1_S1_54ee1fb1bae47871b5e03317.png,S1,0.8064231276512146,0.80650899859091,val,T1,0.7384455517496655,T1,326181
1.0,1.0,A04,0.1871894896030426,0.18710234674987886,0.05432533330129716,0.04364703548286872,0.1998839557592577,0,0.01113709372637944,0.011307565789473685,cdfa7966292d334f35a671cfb33ac823ef2f659d99670c319a635c2b862fa168,3634.3956856677014,0.6973107834516044,0.6888888888888889,0.6500582466693495,295764,16742,50808,260,0,346,0.04725253678225483,0.013233363628387451,0.013280562034596544,0.00842189456271547,ISIC_0002412,0,247.6065427245411,0.06812866956148488,ISIC_0002412,0.5352856034988901,0.48154540376685895,1.0,2.941590496542622,0.2540597915649414,0.25129932165145874,0.25139333276475107,0.26729315519332886,0.26745359951902586,0.2541730374844293,canonical_letterbox_valid,3d99874f14ae5f316eec36e21141043d75bd4fd17ccfb31e3174198dee269596,0.5292243418511889,abs_hard,0,0,P2-IMA-M-v2,2,54ee1fb5bae47871b5e0331d,AbsHard-1,17,ISIC_0002412_A04_T1_S1_54ee1fb5bae47871b5e0331d.png,S1,0.6790698766708374,0.6787562717810203,val,T1,0.0,T1,340978
1.0,1.0,A02,0.02259114943444729,0.022118846113990166,0.34694573364474046,0.22055665362077917,0.8179244822248035,0,0.0026240144977744185,0.002444261695906433,cdfa7966292d334f35a671cfb33ac823ef2f659d99670c319a635c2b862fa168,3634.3956856677014,0.9062940841012096,0.9092109649460215,0.8702404976456406,43080,0,15369,628,628,0,0.036053586455569,0.02297947183251381,0.02296707934772966,-0.0029168808448118977,ISIC_0003185,0,62.88552788356239,0.01730288425433491,ISIC_0003185,0.8286451329619364,0.77028827447975,1.0,0.8029616790226304,0.06006054952740669,0.05799674615263939,0.05751716514809694,0.0830400213599205,0.08262435533910148,0.05965727599137182,canonical_letterbox_valid,3d99874f14ae5f316eec36e21141043d75bd4fd17ccfb31e3174198dee269596,0.6525809569638806,abs_hard,0,0,P2-IMA-M-v2,2,55f1bf829fc3c1423f77e17a,AbsHard-1,17,ISIC_0003185_A02_T1_S1_55f1bf829fc3c1423f77e17a.png,S1,0.902470052242279,0.9028042941312465,val,T1,0.8286451329619364,T1,211365
1.0,1.0,A05,0.028787171468138695,0.02854601382872925,0.11467589396810601,0.0429411143571152,0.6855231300940728,0,0.0026240144977744185,0.002444261695906433,cdfa7966292d334f35a671cfb33ac823ef2f659d99670c319a635c2b862fa168,3634.3956856677014,0.8627625589760234,0.8592455662794145,0.898896935183732,0,0,454,51165,15543,0,-0.03613437620770865,-0.022303327918052673,-0.022519126385306676,0.0035169926966088783,ISIC_0003185,0,56.31606758438311,0.015495304434370326,ISIC_0003185,0.7586476911973509,0.8163603970475948,1.0,0.8029616790226304,0.08510445058345795,0.08823046088218689,0.08854411771410502,0.06280112266540527,0.06279256124899858,0.08531168763430526,canonical_letterbox_valid,3d99874f14ae5f316eec36e21141043d75bd4fd17ccfb31e3174198dee269596,0.6525809569638806,abs_hard,0,0,P2-IMA-M-v2,2,566603da9fc3c12067285139,AbsHard-1,17,ISIC_0003185_A05_T1_S1_566603da9fc3c12067285139.png,S1,0.8585782647132874,0.8579226385601187,val,T1,0.7586476911973509,T1,160828
1.0,1.0,A07,0.048880238085985184,0.04842910963623065,0.08877936110716828,0.03991866963961221,0.5993408140442888,0,0.010800664787519947,0.010736476608187134,cdfa7966292d334f35a671cfb33ac823ef2f659d99670c319a635c2b862fa168,3634.3956856677014,0.9290284055489693,0.9311027207120086,0.8867662504942402,121291,0,65431,414,414,0,0.04226215505472908,0.052701644599437714,0.05256926935130865,-0.002074315163039353,ISIC_0004110,0,60.530983801686226,0.01665503402405829,ISIC_0004110,0.8674631618266028,0.7965678824307437,1.0,1.2038213572468264,0.06097651273012161,0.0590394102036953,0.058644338270196744,0.11367815732955933,0.11320071541323451,0.06063144606192586,canonical_letterbox_valid,3d99874f14ae5f316eec36e21141043d75bd4fd17ccfb31e3174198dee269596,0.49545000503520337,abs_hard,0,0,P2-IMA-M-v2,2,5661d7969fc3c147bbd6a170,AbsHard-1,17,ISIC_0004110_A07_T1_S1_5661d7969fc3c147bbd6a170.png,S1,0.9269272089004517,0.9271662175123789,val,T1,0.8674631618266028,T1,796568
1.0,1.0,A06,0.014107190072536469,0.013872408000488879,0.8544682802122988,0.46947812495943003,1.0,0,0.010800664787519947,0.010736476608187134,cdfa7966292d334f35a671cfb33ac823ef2f659d99670c319a635c2b862fa168,3634.3956856677014,0.9771149015401328,0.9770942765451939,0.9473139900093116,25971,0,55164,10853,10681,0,0.029800911530821206,0.02164146676659584,0.021198586061608696,2.062499493893366e-05,ISIC_0004110,0,28.30194339616981,0.007787248787406112,ISIC_0004110,0.9552538237299092,0.8999017570469006,1.0,1.2038213572468264,0.025022070854902267,0.024639146402478218,0.02445404049923244,0.04666353762149811,0.046045287950860804,0.024846701889252108,canonical_letterbox_valid,3d99874f14ae5f316eec36e21141043d75bd4fd17ccfb31e3174198dee269596,0.49545000503520337,abs_hard,0,0,P2-IMA-M-v2,2,568bb4f29fc3c126c063ff46,AbsHard-1,17,ISIC_0004110_A06_T1_S1_568bb4f29fc3c126c063ff46.png,S1,0.9640630483627319,0.9641790042219847,val,T1,0.9552538237299092,T1,786129
1.0,1.0,A02,0.0165986530482769,0.016069074143105433,0.2523937971695277,0.056179165988829244,0.8041128427737672,0,0.0003953163055345595,0.0003654970760233918,cdfa7966292d334f35a671cfb33ac823ef2f659d99670c319a635c2b862fa168,3634.3956856677014,0.7572738318789352,0.7756783055373266,0.7585138633798765,0,0,0,21974,1279,1131,-0.0012400315009413188,-0.0008279979228973389,-0.0009213688298632672,-0.018404473658391485,ISIC_0005842,0,42.04759208325728,0.01156934899770893,ISIC_0005842,0.6093650003555429,0.6109724796805932,1.0,0.6723544420422257,0.13228285312652588,0.12162468582391739,0.12070296163408668,0.13145485520362854,0.1304773669240764,0.13139873575393968,canonical_letterbox_valid,3d99874f14ae5f316eec36e21141043d75bd4fd17ccfb31e3174198dee269596,0.3543457614772029,abs_hard,0,0,P2-IMA-M-v2,2,560ee6f59fc3c1047093fbbb,AbsHard-1,17,ISIC_0005842_A02_T1_S1_560ee6f59fc3c1047093fbbb.png,S1,0.7520329356193542,0.7532716026352261,val,T1,0.0,T1,34278
1.0,1.0,A05,0.026822753250598907,0.025922689782358822,0.10287212892855634,0.0,0.44268284276556147,0,0.0003953163055345595,0.0003654970760233918,cdfa7966292d334f35a671cfb33ac823ef2f659d99670c319a635c2b862fa168,3634.3956856677014,0.6432551072091846,0.6603610072548097,0.6444052480247421,0,0,0,29582,1279,1131,-0.0011501408155575321,-0.00032736361026763916,-0.00045507342780962134,-0.017105900045625178,ISIC_0005842,0,61.60559949241091,0.016950713356653376,ISIC_0005842,0.47411647585863614,0.4753671752459718,1.0,0.6723544420422257,0.1968599259853363,0.18679416179656982,0.18291761152576752,0.19653256237506866,0.1926314086743246,0.19308648210213422,canonical_letterbox_valid,3d99874f14ae5f316eec36e21141043d75bd4fd17ccfb31e3174198dee269596,0.3543457614772029,abs_hard,0,0,P2-IMA-M-v2,2,5661e13a9fc3c147bbd6a284,AbsHard-1,17,ISIC_0005842_A05_T1_S1_5661e13a9fc3c147bbd6a284.png,S1,0.6331028938293457,0.6397497255780904,val,T1,0.0,T1,26670
1.0,1.0,A04,0.040429845452308655,0.03975297228291022,0.5114249899399873,0.2771198256382314,0.7351683004150241,0,0.027558644612630207,0.02764892578125,cdfa7966292d334f35a671cfb33ac823ef2f659d99670c319a635c2b862fa168,1280.0,0.9642182018084083,0.9645873632008723,0.9180372008682034,10979,0,18853,2820,2820,0,0.04618100094020494,0.04001077264547348,0.039996400462487355,-0.00036916139246401247,ISIC_0009942,0,24.166091947189145,0.01887975933374152,ISIC_0009942,0.9309086175214424,0.8484923895764876,1.0,1.1305365157288063,0.04671809822320938,0.045491065829992294,0.044936476425115446,0.08672887086868286,0.0861519351202839,0.04615553465779655,canonical_letterbox_valid,3d99874f14ae5f316eec36e21141043d75bd4fd17ccfb31e3174198dee269596,0.7136026327869773,abs_hard,0,0,P2-IMA-M-v2,2,5592f1f09fc3c13155145c90,AbsHard-1,17,ISIC_0009942_A04_T1_S1_5592f1f09fc3c13155145c90.png,S1,0.9469936490058899,0.9474419029673171,val,T1,0.9309086175214424,T1,185922
1.0,1.0,A06,0.1437321901321411,0.1426353095709754,0.10370899690522854,0.07529457745867231,0.17535340220544116,0,0.027558644612630207,0.02764892578125,cdfa7966292d334f35a671cfb33ac823ef2f659d99670c319a635c2b862fa168,1280.0,0.8967629020806367,0.898198406451443,0.937812326485286,50,0,3138,35283,18535,0,-0.041049424404649315,-0.055060021579265594,-0.05543800977752325,-0.0014355043708063064,ISIC_0009942,0,38.617351636509504,0.03016980596602305,ISIC_0009942,0.8128469426670621,0.882906429691584,1.0,1.1305365157288063,0.1290782392024994,0.1255093216896057,0.12490938675586141,0.0740182176232338,0.073012156226865,0.12845016600438824,canonical_letterbox_valid,3d99874f14ae5f316eec36e21141043d75bd4fd17ccfb31e3174198dee269596,0.7136026327869773,abs_hard,0,0,P2-IMA-M-v2,2,568bb8989fc3c126c063ff6a,AbsHard-1,17,ISIC_0009942_A06_T1_S1_568bb8989fc3c126c063ff6a.png,S1,0.8855757117271423,0.8857349775621989,val,T1,0.8128469426670621,T1,153459
1.0,1.0,A04,0.20516586303710938,0.20492409090140665,0.17588020116719394,0.1310357983086412,0.2726082131033406,0,0.009324391682942709,0.0091552734375,cdfa7966292d334f35a671cfb33ac823ef2f659d99670c319a635c2b862fa168,1280.0,0.9376052834767775,0.9385978579828534,0.9340518754809165,64432,766,5195,2721,1166,206,0.003553407995861013,0.003421962261199951,0.003526351304757702,-0.0009925745060759272,ISIC_0010175,0,43.965895873961216,0.0343483561515322,ISIC_0010175,0.882539482637085,0.8762639137831648,1.0,0.4570734890686,0.13699278235435486,0.13887694478034973,0.13868174359134638,0.1404147446155548,0.14035471284686607,0.13682836154210837,canonical_letterbox_valid,3d99874f14ae5f316eec36e21141043d75bd4fd17ccfb31e3174198dee269596,0.558632556024701,abs_hard,0,0,P2-IMA-M-v2,4,55a9390c9fc3c156bd715c4b,AbsHard-1,17,ISIC_0010175_A04_T1_S1_55a9390c9fc3c156bd715c4b.png,S1,0.9311802983283997,0.9312673678171899,val,T1,0.882539482637085,T1,504554
1.0,1.0,A06,0.08119907975196838,0.08010630120636285,0.4404708187533907,0.21958813583963058,0.737675905059011,0,0.009324391682942709,0.0091552734375,cdfa7966292d334f35a671cfb33ac823ef2f659d99670c319a635c2b862fa168,1280.0,0.973399511224207,0.9711963791802867,0.9782386212794588,2060,649,884,24335,5477,323,-0.0048391100552518385,-0.003475867211818695,-0.0033964346745595023,0.0022031320439203084,ISIC_0010175,0,24.755806348393794,0.01934047370968265,ISIC_0010175,0.9481775255971021,0.9574041861950371,1.0,0.4570734890686,0.06197117269039154,0.0638803243637085,0.06303543841339013,0.058495305478572845,0.05788127613180895,0.06127771080636845,canonical_letterbox_valid,3d99874f14ae5f316eec36e21141043d75bd4fd17ccfb31e3174198dee269596,0.558632556024701,abs_hard,0,0,P2-IMA-M-v2,4,57b711eb9fc3c1565f9bf373,AbsHard-1,17,ISIC_0010175_A06_T1_S1_57b711eb9fc3c1565f9bf373.png,S1,0.9572567343711853,0.957550879593626,val,T1,0.9481775255971021,T1,482940
1.0,1.0,A03,0.34969913959503174,0.34800432160335665,0.08047470992363397,0.05020884754129485,0.1298045833986518,0,0.009324391682942709,0.0091552734375,cdfa7966292d334f35a671cfb33ac823ef2f659d99670c319a635c2b862fa168,1280.0,0.9104036256106033,0.9118195672715159,0.9071305797176936,91857,972,5216,6675,1145,0,0.003273045892909665,-0.004937872290611267,-0.004801200051784527,-0.001415941660912634,ISIC_0010175,0,74.0,0.0578125,ISIC_0010175,0.8355420842151646,0.8300448003050234,1.0,0.4570734890686,0.2206510305404663,0.22654348611831665,0.22554059409191915,0.21571315824985504,0.2149056834857728,0.21970688353755732,canonical_letterbox_valid,3d99874f14ae5f316eec36e21141043d75bd4fd17ccfb31e3174198dee269596,0.558632556024701,abs_hard,0,0,P2-IMA-M-v2,4,57be143a9fc3c1434763a352,AbsHard-1,17,ISIC_0010175_A03_T1_S1_57be143a9fc3c1434763a352.png,S1,0.9083970785140991,0.908590554528242,val,T1,0.8355420842151646,T1,500600
1.0,1.0,A02,0.0810697004199028,0.0796485654740135,0.3256523937927766,0.19505636552138217,0.6784085625847507,0,0.009324391682942709,0.0091552734375,cdfa7966292d334f35a671cfb33ac823ef2f659d99670c319a635c2b862fa168,1280.0,0.9735599393607696,0.9737409480716613,0.9720433206809316,22540,897,4299,4755,2062,75,0.0015166186798379888,0.0040500350296497345,0.004264304750857123,-0.0001810087108917724,ISIC_0010175,0,21.204949268283652,0.016566366615846602,ISIC_0010175,0.9484820173079282,0.9456072811597718,1.0,0.4570734890686,0.061245229095220566,0.05994593724608421,0.05891301102079332,0.0652952641248703,0.06460115035090486,0.060336845600047734,canonical_letterbox_valid,3d99874f14ae5f316eec36e21141043d75bd4fd17ccfb31e3174198dee269596,0.558632556024701,abs_hard,0,0,P2-IMA-M-v2,4,57c0545f9fc3c158f2bd0e5d,AbsHard-1,17,ISIC_0010175_A02_T1_S1_57c0545f9fc3c158f2bd0e5d.png,S1,0.9585792422294617,0.958974874273918,val,T1,0.9484820173079282,T1,502520
1.0,1.0,A06,0.09426919370889664,0.10047125008823825,0.5484861487105716,0.5089770763390636,0.6462727805675151,0,0.008173624674479166,0.00823974609375,cdfa7966292d334f35a671cfb33ac823ef2f659d99670c319a635c2b862fa168,1280.0,0.9732349387512315,0.9756456831090693,0.9745950645276007,34355,4012,2114,1642,91,211,-0.0013601257763692365,0.0022768378257751465,0.0015136400372599002,-0.002410744357837835,ISIC_0010190,0,33.374329341154144,0.026073694797776676,ISIC_0010190,0.9478652668289737,0.9504489697805182,1.0,0.418774759701706,0.06610436737537384,0.061557043343782425,0.06511128078729242,0.06838120520114899,0.07121525670944504,0.06970161667218513,canonical_letterbox_valid,3d99874f14ae5f316eec36e21141043d75bd4fd17ccfb31e3174198dee269596,0.5807067673193432,abs_hard,0,0,P2-IMA-M-v2,3,568b330f9fc3c126c063febc,AbsHard-1,17,ISIC_0010190_A06_T1_S1_568b330f9fc3c126c063febc.png,S1,0.9620604515075684,0.961068016743868,val,T1,0.9478652668289737,T1,654464
1.0,1.0,A03,0.25162193179130554,0.2592001242912451,0.33799995881716355,0.0842686343260222,0.4980927214095156,0,0.008173624674479166,0.00823974609375,cdfa7966292d334f35a671cfb33ac823ef2f659d99670c319a635c2b862fa168,1280.0,0.9395732344302596,0.9410776764887895,0.9415521517292829,54969,3317,1040,26070,1165,906,-0.0019789172990232196,-0.014671042561531067,-0.015417235550602176,-0.0015044420585298424,ISIC_0010190,0,72.44998274671983,0.056601549020874865,ISIC_0010190,0.8860331188693176,0.8895593233691982,1.0,0.418774759701706,0.15893758833408356,0.1584133356809616,0.16258726569560064,0.1442665457725525,0.1478470762667351,0.16326431181733728,canonical_letterbox_valid,3d99874f14ae5f316eec36e21141043d75bd4fd17ccfb31e3174198dee269596,0.5807067673193432,abs_hard,0,0,P2-IMA-M-v2,3,57be14769fc3c1434763a354,AbsHard-1,17,ISIC_0010190_A03_T1_S1_57be14769fc3c1434763a354.png,S1,0.9337467551231384,0.9326715006565706,val,T1,0.8860331188693176,T1,630036
1.0,1.0,A02,0.10606804490089417,0.10322981776687368,0.3999503835811702,0.14573046581982144,0.7952211096308394,0,0.008173624674479166,0.00823974609375,cdfa7966292d334f35a671cfb33ac823ef2f659d99670c319a635c2b862fa168,1280.0,0.9778342723753769,0.9797553749328699,0.9789492361066544,19774,3416,1691,9539,514,807,-0.0011149637312775074,0.0016998648643493652,0.002028300404195882,-0.001921102557493004,ISIC_0010190,0,26.92582403567252,0.021035800027869155,ISIC_0010190,0.9566298751257619,0.9587664695277688,1.0,0.418774759701706,0.07235230505466461,0.06849285960197449,0.06688495304833617,0.07405216991901398,0.07277473552033309,0.07074643511613721,canonical_letterbox_valid,3d99874f14ae5f316eec36e21141043d75bd4fd17ccfb31e3174198dee269596,0.5807067673193432,abs_hard,0,0,P2-IMA-M-v2,3,57c054969fc3c158f2bd0e5f,AbsHard-1,17,ISIC_0010190_A02_T1_S1_57c054969fc3c158f2bd0e5f.png,S1,0.9613634347915649,0.9617369475345993,val,T1,0.9566298751257619,T1,646567
1.0,1.0,A04,0.060743868350982666,0.06095323186224407,0.5917529790032797,0.3562703368011611,0.8609091796953354,0,0.0164642333984375,0.016072591145833332,cdfa7966292d334f35a671cfb33ac823ef2f659d99670c319a635c2b862fa168,1280.0,0.9799088308468825,0.9794663819611398,0.9696544479532088,11716,163,10140,4023,2481,164,0.010254382893673752,0.006454259157180786,0.006556923940378649,0.0004424488857427411,ISIC_0010479,0,19.6468827043885,0.015349127112803515,ISIC_0010479,0.9606090715013302,0.9410963593980496,1.0,0.8083264157437523,0.05401116609573364,0.05133625864982605,0.05146750341609985,0.06046542525291443,0.06071917897098642,0.05416225503060777,canonical_letterbox_valid,3d99874f14ae5f316eec36e21141043d75bd4fd17ccfb31e3174198dee269596,0.507549731356207,abs_hard,0,0,P2-IMA-M-v2,2,55a7f9ce9fc3c156bd715651,AbsHard-1,17,ISIC_0010479_A04_T1_S1_55a7f9ce9fc3c156bd715651.png,S1,0.9527215361595154,0.9526287218010285,val,T1,0.9606090715013302,T1,383820
1.0,1.0,A06,0.115461565554142,0.11480666344389696,0.14054882963104953,0.05367627777587761,0.36997553360900787,0,0.0164642333984375,0.016072591145833332,cdfa7966292d334f35a671cfb33ac823ef2f659d99670c319a635c2b862fa168,1280.0,0.9488738369485541,0.951645520075671,0.960654115850928,42,0,1558,37691,11063,327,-0.011780278902373875,-0.01878407597541809,-0.01866853344419825,-0.002771683127116953,ISIC_0010479,0,33.24154027718932,0.025969953341554157,ISIC_0010479,0.902721167356304,0.9242872180491,1.0,0.8083264157437523,0.09287954866886139,0.08698393404483795,0.08650388853750796,0.0740954726934433,0.07380182045707295,0.0924703539012712,canonical_letterbox_valid,3d99874f14ae5f316eec36e21141043d75bd4fd17ccfb31e3174198dee269596,0.507549731356207,abs_hard,0,0,P2-IMA-M-v2,2,568b3a509fc3c126c063fef5,AbsHard-1,17,ISIC_0010479_A06_T1_S1_568b3a509fc3c126c063fef5.png,S1,0.9297024607658386,0.9298659556413545,val,T1,0.902721167356304,T1,350152
1.0,1.0,A04,0.06987687200307846,0.07011344834844473,0.4172924471795836,0.2502316016256182,0.7287086138150354,0,0.027507781982421875,0.02777099609375,cdfa7966292d334f35a671cfb33ac823ef2f659d99670c319a635c2b862fa168,1280.0,0.9682826393603863,0.968657722040446,0.9513347070806695,17028,216,16254,5255,5163,0,0.016947932279716804,0.02009262517094612,0.019886926683533875,-0.0003750826800597018,ISIC_0010596,0,27.662244165670913,0.0216111282544304,ISIC_0010596,0.9385154077082689,0.9071862237685898,1.0,0.8925407205921373,0.06100032851099968,0.059334564954042435,0.059517474334722285,0.0810929536819458,0.08104933710310022,0.06116241041956635,canonical_letterbox_valid,3d99874f14ae5f316eec36e21141043d75bd4fd17ccfb31e3174198dee269596,0.5415371121035166,abs_hard,0,0,P2-IMA-M-v2,3,55a7d8889fc3c156bd715393,AbsHard-1,17,ISIC_0010596_A04_T1_S1_55a7d8889fc3c156bd715393.png,S1,0.9478762149810791,0.947788627509312,val,T1,0.9385154077082689,T1,340133
1.0,1.0,A03,0.23866398632526398,0.2385096778220215,0.10433233553498904,0.0665685607585623,0.21836456744677346,0,0.027507781982421875,0.02777099609375,cdfa7966292d334f35a671cfb33ac823ef2f659d99670c319a635c2b862fa168,1280.0,0.9021708869280166,0.9014312938409763,0.8711993095642028,74575,214,21297,272,120,2,0.03097157736381384,0.03833957016468048,0.03815250091792685,0.0007395930870403022,ISIC_0010596,0,64.6297145282261,0.05049196447517664,ISIC_0010596,0.8217771565590302,0.7717919708463837,1.0,0.8925407205921373,0.16944757103919983,0.17883962392807007,0.17865098102003982,0.2077871412038803,0.20743464471243764,0.1692821437945108,canonical_letterbox_valid,3d99874f14ae5f316eec36e21141043d75bd4fd17ccfb31e3174198dee269596,0.5415371121035166,abs_hard,0,0,P2-IMA-M-v2,3,57be15e29fc3c1434763a361,AbsHard-1,17,ISIC_0010596_A03_T1_S1_57be15e29fc3c1434763a361.png,S1,0.8997688293457031,0.8999453902329999,val,T1,0.8217771565590302,T1,345116
1.0,1.0,A02,0.08022965490818024,0.07954878828370081,0.306798259076743,0.143235829466506,0.6484349527225302,0,0.027507781982421875,0.02777099609375,cdfa7966292d334f35a671cfb33ac823ef2f659d99670c319a635c2b862fa168,1280.0,0.9590986342168574,0.9594753313392075,0.9729402524996973,961,171,5879,26258,15538,45,-0.013841618282839918,-0.008517812937498093,-0.008530877951152198,-0.00037669712235011144,ISIC_0010596,0,28.442925306655784,0.02222103539582483,ISIC_0010596,0.9214116397044599,0.9473063810237686,1.0,0.8925407205921373,0.07003266364336014,0.06843121349811554,0.06793010486365289,0.061514850705862045,0.061030241874016296,0.0695611198251685,canonical_letterbox_valid,3d99874f14ae5f316eec36e21141043d75bd4fd17ccfb31e3174198dee269596,0.5415371121035166,abs_hard,0,0,P2-IMA-M-v2,3,57c05f519fc3c158f2bd0e6c,AbsHard-1,17,ISIC_0010596_A02_T1_S1_57c05f519fc3c158f2bd0e6c.png,S1,0.94016432762146,0.9404265486333638,val,T1,0.9214116397044599,T1,319130
1.0,1.0,A04,0.2837865650653839,0.28467117821629956,0.022362699601710088,0.018320792314784524,0.043891234169356835,0,0.021870930989583332,0.021464029947916668,cdfa7966292d334f35a671cfb33ac823ef2f659d99670c319a635c2b862fa168,1280.0,0.873037328502142,0.8788220482271234,0.8704332055698872,107622,7605,9575,20,20,0,0.00260412293225476,0.0032616853713989258,0.002883206540622768,-0.005784719724981402,ISIC_0011107,0,96.317184344228,0.07524780026892812,ISIC_0011107,0.7746816736545309,0.770590291660474,1.0,1.4004165712137222,0.2118699699640274,0.20616331696510315,0.20662543633067595,0.21513165533542633,0.21522750732997603,0.21234430078935326,canonical_letterbox_valid,3d99874f14ae5f316eec36e21141043d75bd4fd17ccfb31e3174198dee269596,0.48494783887691667,abs_hard,0,0,P2-IMA-M-v2,3,55a020ea9fc3c156bd714796,AbsHard-1,17,ISIC_0011107_A04_T1_S1_55a020ea9fc3c156bd714796.png,S1,0.8600466251373291,0.859982576637593,val,T1,0.7746816736545309,T1,370091
1.0,1.0,A03,0.5866315364837646,0.5877490300334547,0.0,0.0,0.0,0,0.021870930989583332,0.021464029947916668,cdfa7966292d334f35a671cfb33ac823ef2f659d99670c319a635c2b862fa168,1280.0,0.8070075214528756,0.8127480530076665,0.8044136430036285,177021,7605,9595,0,0,0,0.002593878449247078,-0.019772648811340332,-0.020271316335695122,-0.005740531554790929,ISIC_0011107,0,132.61221663180206,0.10360329424359535,ISIC_0011107,0.6764565040977314,0.6728193562065461,1.0,1.4004165712137222,0.38966184854507446,0.3871057629585266,0.38764135710986286,0.36988919973373413,0.3699636077605166,0.39023492409621174,canonical_letterbox_valid,3d99874f14ae5f316eec36e21141043d75bd4fd17ccfb31e3174198dee269596,0.48494783887691667,abs_hard,0,0,P2-IMA-M-v2,3,57be16e99fc3c1434763a366,AbsHard-1,17,ISIC_0011107_A03_T1_S1_57be16e99fc3c1434763a366.png,S1,0.8073078393936157,0.8072791818410312,val,T1,0.6764565040977314,T1,370111
1.0,1.0,A02,0.2378055304288864,0.23812695087191546,0.0029604567561852405,0.0,0.042440586336910044,0,0.021870930989583332,0.021464029947916668,cdfa7966292d334f35a671cfb33ac823ef2f659d99670c319a635c2b862fa168,1280.0,0.8794368539859807,0.8853102637286012,0.8767812697240714,101478,7605,9595,0,0,0,0.0026555842619092607,0.01194886863231659,0.01172631977434796,-0.005873409742620517,ISIC_0011107,0,73.89037843497314,0.05772685815232277,ISIC_0011107,0.7848168638369427,0.780597087718331,1.0,1.4004165712137222,0.18437433242797852,0.1791001856327057,0.17923551990790765,0.1963232010602951,0.19625925697001373,0.18453293719566577,canonical_letterbox_valid,3d99874f14ae5f316eec36e21141043d75bd4fd17ccfb31e3174198dee269596,0.48494783887691667,abs_hard,0,0,P2-IMA-M-v2,3,57c060a19fc3c158f2bd0e71,AbsHard-1,17,ISIC_0011107_A02_T1_S1_57c060a19fc3c158f2bd0e71.png,S1,0.8690568804740906,0.869061076480584,val,T1,0.7848168638369427,T1,370111
1.0,1.0,A04,0.1768176406621933,0.17678287532570713,0.0,0.0,0.009454029780193808,0,0.0023663838704427085,0.0022989908854166665,cdfa7966292d334f35a671cfb33ac823ef2f659d99670c319a635c2b862fa168,1280.0,0.8541983104917504,0.8521100661425837,0.8450854982058098,33501,24,1837,0,0,0,0.00911281228594063,-0.004223883152008057,-0.004251270960237918,0.002088244349166768,ISIC_0011110,0,43.60045871318328,0.03406285836967444,ISIC_0011110,0.7455027500075967,0.7317299219058616,1.0,0.7991736721884938,0.16064059734344482,0.16535282135009766,0.16539696863103953,0.15641671419143677,0.15644495260788321,0.16069622356812113,canonical_letterbox_valid,3d99874f14ae5f316eec36e21141043d75bd4fd17ccfb31e3174198dee269596,0.8062895643847886,abs_hard,0,0,P2-IMA-M-v2,3,55a0206a9fc3c156bd714784,AbsHard-1,17,ISIC_0011110_A04_T1_S1_55a0206a9fc3c156bd714784.png,S1,0.8555364608764648,0.8553904281894649,val,T1,0.7455027500075967,T1,98135
1.0,1.0,A03,0.2973702847957611,0.2962310356127,0.0,0.0,0.056055759713221055,0,0.0023663838704427085,0.0022989908854166665,cdfa7966292d334f35a671cfb33ac823ef2f659d99670c319a635c2b862fa168,1280.0,0.8067293899075593,0.8046756947046398,0.797770397303274,47021,24,1837,0,0,0,0.008958992604285232,-0.014344796538352966,-0.014194699144032263,0.0020536952029194255,ISIC_0011110,0,66.91623686760114,0.052278310052813394,ISIC_0011110,0.676065749951776,0.6635757392047177,1.0,0.7991736721884938,0.24484913051128387,0.2518550157546997,0.2510723928514893,0.2305043339729309,0.22988033461497967,0.24407503375901193,canonical_letterbox_valid,3d99874f14ae5f316eec36e21141043d75bd4fd17ccfb31e3174198dee269596,0.8062895643847886,abs_hard,0,0,P2-IMA-M-v2,3,57be16f99fc3c1434763a367,AbsHard-1,17,ISIC_0011110_A03_T1_S1_57be16f99fc3c1434763a367.png,S1,0.8076720237731934,0.8080809680946761,val,T1,0.676065749951776,T1,98135
1.0,1.0,A02,0.103363536298275,0.10212968597772785,0.019764080931177253,0.0,0.21958064584197903,0,0.0023663838704427085,0.0022989908854166665,cdfa7966292d334f35a671cfb33ac823ef2f659d99670c319a635c2b862fa168,1280.0,0.8949922023912666,0.8928819444444445,0.8857806285490953,23028,24,1837,0,0,0,0.009211573842171306,0.0016721487045288086,0.0017107032568193514,0.0021102579468221805,ISIC_0011110,0,32.32258093859647,0.02525201635827849,ISIC_0011110,0.8099419789869845,0.7949786651040334,1.0,0.7991736721884938,0.1040993481874466,0.10765735805034637,0.10675651215032606,0.1057714968919754,0.10494103144116071,0.10323032818434136,canonical_letterbox_valid,3d99874f14ae5f316eec36e21141043d75bd4fd17ccfb31e3174198dee269596,0.8062895643847886,abs_hard,0,0,P2-IMA-M-v2,3,57c060b29fc3c158f2bd0e72,AbsHard-1,17,ISIC_0011110_A02_T1_S1_57c060b29fc3c158f2bd0e72.png,S1,0.8951648473739624,0.8956690296090452,val,T1,0.8099419789869845,T1,98135
1.0,1.0,A04,0.13156454265117645,0.13279997296274734,0.6653996910492707,0.1978650243621026,0.7151462161203725,0,0.041652679443359375,0.041707356770833336,cdfa7966292d334f35a671cfb33ac823ef2f659d99670c319a635c2b862fa168,1280.0,0.9601079838204845,0.9632212408438192,0.9646587295001612,36588,18798,6,16432,27,13926,-0.0045507456796767265,0.009037546813488007,0.008917037527266136,-0.003113257023334759,ISIC_0011121,0,82.01097397793778,0.06407107342026389,ISIC_0011121,0.9232766180356383,0.9317302004530799,1.0,1.1210374836447496,0.0933385118842125,0.0881204754114151,0.08899235034807504,0.1023760586977005,0.10303546103812193,0.0941184235108558,canonical_letterbox_valid,3d99874f14ae5f316eec36e21141043d75bd4fd17ccfb31e3174198dee269596,0.6725287429103933,abs_hard,0,0,P2-IMA-M-v2,2,55a01ee49fc3c156bd714742,AbsHard-1,17,ISIC_0011121_A04_T1_S1_55a01ee49fc3c156bd714742.png,S1,0.9448875188827515,0.9445631259410358,val,T1,0.9232766180356383,T1,638034
1.0,1.0,A06,0.2916974127292633,0.28978722065407575,0.6375146052007419,0.5651545796012712,0.7122277682806025,0,0.041652679443359375,0.041707356770833336,cdfa7966292d334f35a671cfb33ac823ef2f659d99670c319a635c2b862fa168,1280.0,0.9366985656571017,0.9425242610460751,0.955067596924431,86813,28450,33,1448,0,4274,-0.01836903126732925,-0.04343007504940033,-0.04273204618256363,-0.005825695388973373,ISIC_0011121,0,188.87066458605975,0.14755520670785918,ISIC_0011121,0.880934169185961,0.9139994071514701,1.0,1.1210374836447496,0.18412621319293976,0.1695840209722519,0.16872363858651127,0.14069613814353943,0.14039080395447023,0.18312285013703386,canonical_letterbox_valid,3d99874f14ae5f316eec36e21141043d75bd4fd17ccfb31e3174198dee269596,0.6725287429103933,abs_hard,0,0,P2-IMA-M-v2,2,568b3a1a9fc3c126c063fef2,AbsHard-1,17,ISIC_0011121_A06_T1_S1_568b3a1a9fc3c126c063fef2.png,S1,0.9234449863433838,0.923541520380008,val,T1,0.880934169185961,T1,653018
1.0,1.0,A04,0.06384149938821793,0.06310737824999453,0.2138905580065701,0.08899872572112598,0.4196588685178058,0,0.035161336263020836,0.03521728515625,cdfa7966292d334f35a671cfb33ac823ef2f659d99670c319a635c2b862fa168,1280.0,0.935281147871245,0.9389954815589735,0.8645417601746831,20072,0,24594,3058,3058,0,0.07073938769656196,0.06482012569904327,0.06510873953995744,-0.003714333687728444,ISIC_0011169,0,25.847556123433186,0.020193403221432177,ISIC_0011169,0.8784301564692711,0.7614033963130933,1.0,1.0648610940600216,0.07575775682926178,0.07166332751512527,0.07099520199145552,0.14057788252830505,0.1402258273931474,0.07511708785318996,canonical_letterbox_valid,3d99874f14ae5f316eec36e21141043d75bd4fd17ccfb31e3174198dee269596,0.5117915426402535,abs_hard,0,0,P2-IMA-M-v2,2,55a007d89fc3c156bd7145fd,AbsHard-1,17,ISIC_0011169_A04_T1_S1_55a007d89fc3c156bd7145fd.png,S1,0.9123259782791138,0.9128732025436146,val,T1,0.8784301564692711,T1,167131
1.0,1.0,A06,0.0424981452524662,0.042580081547682495,0.6564238787838275,0.42679558011049723,0.8118009510414573,0,0.035161336263020836,0.03521728515625,cdfa7966292d334f35a671cfb33ac823ef2f659d99670c319a635c2b862fa168,1280.0,0.9656969020823389,0.9672847235324723,0.8904944866148128,9667,0,25389,2263,2263,0,0.07520241546752615,0.049791499972343445,0.04986121247487352,-0.0015878214501333643,ISIC_0011169,0,25.495097567963924,0.019918044974971814,ISIC_0011169,0.9336691575482609,0.8026048323976733,1.0,1.0648610940600216,0.05702812969684601,0.053855545818805695,0.0539560610622625,0.10681962966918945,0.10694199045870986,0.057080777983836345,canonical_letterbox_valid,3d99874f14ae5f316eec36e21141043d75bd4fd17ccfb31e3174198dee269596,0.5117915426402535,abs_hard,0,0,P2-IMA-M-v2,2,568b39019fc3c126c063fee9,AbsHard-1,17,ISIC_0011169_A06_T1_S1_568b39019fc3c126c063fee9.png,S1,0.9284418821334839,0.9284185255800098,val,T1,0.9336691575482609,T1,167926
1.0,1.0,A04,0.1432439237833023,0.1436115662046296,0.20372124503012445,0.14817490025790606,0.3356609141466439,0,0.13462448120117188,0.13456217447916666,cdfa7966292d334f35a671cfb33ac823ef2f659d99670c319a635c2b862fa168,1280.0,0.9420296698935481,0.937382114232257,0.9421572562702174,52522,49938,0,5175,0,55935,-0.0001275863766693197,0.02406235784292221,0.023946846460075263,0.004647555661291047,ISIC_0011349,0,51.35172830587107,0.040118537738961776,ISIC_0011349,0.8904121817846838,0.8906401843324302,1.0,1.6470327497179185,0.10796565562486649,0.11331740021705627,0.11352927131114059,0.1320280134677887,0.13214012607977527,0.1081932796197,canonical_letterbox_valid,3d99874f14ae5f316eec36e21141043d75bd4fd17ccfb31e3174198dee269596,0.5404029428976409,abs_hard,0,0,P2-IMA-M-v2,4,55a94c809fc3c156bd715db9,AbsHard-1,17,ISIC_0011349_A04_T1_S1_55a94c809fc3c156bd715db9.png,S1,0.9273126125335693,0.9272250069652296,val,T1,0.8904121817846838,T1,468794
1.0,1.0,A06,0.1543024480342865,0.15475577208988373,0.38460686648767267,0.2540146566670408,0.5956751602682661,0,0.13462448120117188,0.13456217447916666,cdfa7966292d334f35a671cfb33ac823ef2f659d99670c319a635c2b862fa168,1280.0,0.9482892873273806,0.946796997802668,0.9179406364946596,40632,33743,0,9972,0,72130,0.03034865083272098,0.048907890915870667,0.04882400666852241,0.0014922895247125867,ISIC_0011349,0,59.02583134985965,0.046113930742077855,ISIC_0011349,0.9016636189980198,0.8483274277309363,1.0,1.6470327497179185,0.11436571180820465,0.11606386303901672,0.11629222644184718,0.16327360272407532,0.16345277985642315,0.11462877318790074,canonical_letterbox_valid,3d99874f14ae5f316eec36e21141043d75bd4fd17ccfb31e3174198dee269596,0.5404029428976409,abs_hard,0,0,P2-IMA-M-v2,4,57bda5d99fc3c11f2f681074,AbsHard-1,17,ISIC_0011349_A06_T1_S1_57bda5d99fc3c11f2f681074.png,S1,0.9255710244178772,0.9254982257140822,val,T1,0.9016636189980198,T1,463997
1.0,1.0,A03,0.32677754759788513,0.3275472361043403,0.09911239639615572,0.06231081057159547,0.1802192887418748,0,0.13462448120117188,0.13456217447916666,cdfa7966292d334f35a671cfb33ac823ef2f659d99670c319a635c2b862fa168,1280.0,0.8839542885321597,0.8774128317261883,0.9551848606437762,123515,88698,0,737,0,17175,-0.07123057211161643,-0.10549100488424301,-0.10650449561696033,0.006541456805971402,ISIC_0011349,0,98.59513172565875,0.07702744666067089,ISIC_0011349,0.7920412931559674,0.9142142228455127,1.0,1.6470327497179185,0.220119908452034,0.23693041503429413,0.2374669555569559,0.11462890356779099,0.11404467577214826,0.2205491713891086,canonical_letterbox_valid,3d99874f14ae5f316eec36e21141043d75bd4fd17ccfb31e3174198dee269596,0.5404029428976409,abs_hard,0,0,P2-IMA-M-v2,4,57be18ea9fc3c1434763a373,AbsHard-1,17,ISIC_0011349_A03_T1_S1_57be18ea9fc3c1434763a373.png,S1,0.8865377306938171,0.8864488933261231,val,T1,0.7920412931559674,T1,473232
1.0,1.0,A02,0.16978204250335693,0.17115822164937192,0.3447912955657457,0.18602444662016898,0.5434814045330763,0,0.13462448120117188,0.13456217447916666,cdfa7966292d334f35a671cfb33ac823ef2f659d99670c319a635c2b862fa168,1280.0,0.9446940746650989,0.9423245272590978,0.9095292393499944,41196,30981,0,12801,0,74892,0.0351648353151045,0.051822662353515625,0.05146920316398844,0.002369547406001149,ISIC_0011349,0,76.49964752601105,0.05976534962969613,ISIC_0011349,0.8951850378034222,0.8340702677876883,1.0,1.6470327497179185,0.12357437610626221,0.12615829706192017,0.12697458070923356,0.17539703845977783,0.17588060115276183,0.12441139798877339,canonical_letterbox_valid,3d99874f14ae5f316eec36e21141043d75bd4fd17ccfb31e3174198dee269596,0.5404029428976409,abs_hard,0,0,P2-IMA-M-v2,4,57c061f79fc3c158f2bd0e7e,AbsHard-1,17,ISIC_0011349_A02_T1_S1_57c061f79fc3c158f2bd0e7e.png,S1,0.9226332902908325,0.9223354256718251,val,T1,0.8951850378034222,T1,461168
1.0,1.0,A04,0.13022269308567047,0.12905288068811296,0.3909985320619774,0.1998406099296884,0.6453135733307811,0,0.03349177042643229,0.033223470052083336,cdfa7966292d334f35a671cfb33ac823ef2f659d99670c319a635c2b862fa168,1280.0,0.9650530808714142,0.9688907420913165,0.9757561464446292,41723,19721,0,3145,0,6618,-0.010703065573214987,-0.012770868837833405,-0.012603177059973672,-0.0038376612199023663,ISIC_0011350,0,44.92602904151962,0.0350984601886872,ISIC_0011350,0.9324662579642041,0.9526599969895544,1.0,0.6140656897821808,0.09268233925104141,0.08760978281497955,0.08684112860824136,0.07991147041320801,0.07938240958311293,0.0919855866430866,canonical_letterbox_valid,3d99874f14ae5f316eec36e21141043d75bd4fd17ccfb31e3174198dee269596,0.621010307343074,abs_hard,0,0,P2-IMA-M-v2,2,55a94c999fc3c156bd715dbf,AbsHard-1,17,ISIC_0011350_A04_T1_S1_55a94c999fc3c156bd715dbf.png,S1,0.9448580145835876,0.9450817074019398,val,T1,0.9324662579642041,T1,619511
1.0,1.0,A06,0.2091670036315918,0.20767954193667618,0.36652879898015683,0.19764647707798308,0.5341055058850158,0,0.03349177042643229,0.033223470052083336,cdfa7966292d334f35a671cfb33ac823ef2f659d99670c319a635c2b862fa168,1280.0,0.9431909940131415,0.9480902826383208,0.9613261645272307,72309,24586,0,2407,0,1753,-0.018135170514089194,-0.030243784189224243,-0.02988757767456257,-0.004899288625179299,ISIC_0011350,0,86.57852512455594,0.06763947275355933,ISIC_0011350,0.8924895498334449,0.9255322813534314,1.0,0.6140656897821808,0.13941863179206848,0.13669174909591675,0.1357314969474271,0.10917484760284424,0.10864758434523714,0.1385351620197997,canonical_letterbox_valid,3d99874f14ae5f316eec36e21141043d75bd4fd17ccfb31e3174198dee269596,0.621010307343074,abs_hard,0,0,P2-IMA-M-v2,2,568b26fc9fc3c126c063fe71,AbsHard-1,17,ISIC_0011350_A06_T1_S1_568b26fc9fc3c126c063fe71.png,S1,0.9303297400474548,0.9306092178970767,val,T1,0.8924895498334449,T1,620249
1.0,1.0,A08,2.054471492767334,2.053892162923701,0.0,0.0,0.0,0,0.046471354166666666,0.045939127604166664,cdfa7966292d334f35a671cfb33ac823ef2f659d99670c319a635c2b862fa168,800.0,0.22284104341975544,0.2270742773892219,0.20890658467037226,0,0,0,166333,0,14276,0.013934458749383177,0.005820631980895996,0.005901863112251604,-0.0042332339694664545,ISIC_0019695,0,266.7371621016719,0.3334214526270899,ISIC_0019696,0.12539173414659796,0.11663634229369645,1.0,1.6942972358221682,1.4125386476516724,1.3519878387451172,1.3516404316546102,1.4183592796325684,1.4181129763160645,1.4122111132038129,canonical_letterbox_valid,3d99874f14ae5f316eec36e21141043d75bd4fd17ccfb31e3174198dee269596,0.47971717846649564,abs_hard,0,0,P2-IMA-M-v2,2,5b2d281f116597169d55198b,AbsHard-1,17,ISIC_0019696_A08_T1_S1_5b2d281f116597169d55198b.png,S1,0.22939421236515045,0.2294699365160753,val,T1,0.0,T1,23847
1.0,1.0,A03,0.15089227259159088,0.15096247447670913,0.1464106953262118,0.0834378920953576,0.3605084499667809,0,0.046471354166666666,0.045939127604166664,cdfa7966292d334f35a671cfb33ac823ef2f659d99670c319a635c2b862fa168,800.0,0.95192576,0.9435721028877365,0.9651989004719672,14522,9482,0,4257,0,4794,-0.01327314047196726,-0.004339158535003662,-0.004287620230075062,0.008353657112263435,ISIC_0019695,0,23.113801323294396,0.028892251654117997,ISIC_0019696,0.9082617658840656,0.932738572574178,1.0,1.6942972358221682,0.11669374257326126,0.13041594624519348,0.13044930176579608,0.1123545840382576,0.11245847818735236,0.11674609841742742,canonical_letterbox_valid,3d99874f14ae5f316eec36e21141043d75bd4fd17ccfb31e3174198dee269596,0.47971717846649564,abs_hard,0,0,P2-IMA-M-v2,2,5b30163111659747a0a01017,AbsHard-1,17,ISIC_0019696_A03_T1_S1_5b30163111659747a0a01017.png,S1,0.9175047874450684,0.9174702776418543,val,T1,0.9082617658840656,T1,185923
1.0,1.0,A09,0.3581523001194,0.35756436220579857,0.25737266400078584,0.08128983586896597,0.4859166806256856,0,0.006708639639395254,0.006591796875,cdfa7966292d334f35a671cfb33ac823ef2f659d99670c319a635c2b862fa168,3840.0,0.7544850190804677,0.7510165498657325,0.7612542536485218,896468,33446,12625,0,0,1412,-0.006769234568054117,0.014845937490463257,0.014825984333712239,0.0034684692147352036,ISIC_0023625,0,820.5249764317984,0.21367837927911418,ISIC_0023628,0.605761496761324,0.6145363210252556,1.0,2.4915403332688486,0.29585373401641846,0.31467851996421814,0.3142812721864384,0.3106996715068817,0.3103321516789256,0.29550616734521334,canonical_letterbox_valid,3d99874f14ae5f316eec36e21141043d75bd4fd17ccfb31e3174198dee269596,0.5953782253990014,abs_hard,0,0,P2-IMA-M-v2,2,5b3106cf11659747a0a012e8,AbsHard-1,17,ISIC_0023628_A09_T1_S1_5b3106cf11659747a0a012e8.png,S1,0.7664448022842407,0.7665520275153719,val,T1,0.0,T1,1377455
1.0,1.0,A03,0.4869489371776581,0.4835247417106583,0.12658428196122712,0.024326170869229065,0.30330540569151226,0,0.006708639639395254,0.006591796875,cdfa7966292d334f35a671cfb33ac823ef2f659d99670c319a635c2b862fa168,3840.0,0.7189946586477657,0.7155956052559824,0.7263547307404783,1076704,34800,12625,0,0,58,-0.007360072092712611,-0.005141735076904297,-0.004961877016563365,0.0033990533917832577,ISIC_0023625,0,885.7014027956926,0.23065140697804495,ISIC_0023628,0.5612737398025148,0.5702959436757222,1.0,2.4915403332688486,0.377261757850647,0.3991747200489044,0.39682348185159694,0.3721200227737427,0.37013043331684603,0.3750923103334094,canonical_letterbox_valid,3d99874f14ae5f316eec36e21141043d75bd4fd17ccfb31e3174198dee269596,0.5953782253990014,abs_hard,0,0,P2-IMA-M-v2,2,5b3106f211659747a0a012eb,AbsHard-1,17,ISIC_0023628_A03_T1_S1_5b3106f211659747a0a012eb.png,S1,0.7324253916740417,0.7333401210438395,val,T1,0.0,T1,1377455
1.0,1.0,A08,0.7725188136100769,0.7725214665377373,0.10514341478212158,0.06522972787019103,0.14709214890504935,0,0.002197830765335648,0.0018513997395833333,cdfa7966292d334f35a671cfb33ac823ef2f659d99670c319a635c2b862fa168,3840.0,0.4073754206187271,0.3956629425809679,0.39453557943380985,1016010,355,14315,2298,886,0,0.012839841184917267,0.04920476675033569,0.049209435722305406,0.01171247803775921,ISIC_0036170,0,469.2817881010679,0.1222087989846531,ISIC_0036170,0.2557887313135595,0.24574545183297877,1.0,1.425911866896698,0.6746553182601929,0.7013192176818848,0.7011783403652294,0.7238600850105286,0.7237535571222082,0.6745441213999028,canonical_letterbox_valid,3d99874f14ae5f316eec36e21141043d75bd4fd17ccfb31e3174198dee269596,0.44018578163405464,abs_hard,0,0,P2-IMA-M-v2,2,5b2d3274116597169d551a35,AbsHard-1,17,ISIC_0036170_A08_T1_S1_5b2d3274116597169d551a35.png,S1,0.4232081174850464,0.42343322373793163,val,T1,0.0,T1,349997
1.0,1.0,A03,0.15952013432979584,0.15856508953598125,0.03091555631721006,0.01655333608154999,0.10437313408154517,0,0.002197830765335648,0.0018513997395833333,cdfa7966292d334f35a671cfb33ac823ef2f659d99670c319a635c2b862fa168,3840.0,0.5636413240768507,0.5488845118072476,0.5440257196974909,284743,114,12852,102315,2349,241,0.01961560437935983,0.04919424653053284,0.04919337242763633,0.014756812269603126,ISIC_0036170,0,336.42857116284495,0.08761160707365753,ISIC_0036170,0.3924098719385657,0.37365063865307985,1.0,1.425911866896698,0.2862786650657654,0.30228570103645325,0.30123478555608096,0.3354729115962982,0.3344750397118782,0.28528166728424187,canonical_letterbox_valid,3d99874f14ae5f316eec36e21141043d75bd4fd17ccfb31e3174198dee269596,0.44018578163405464,abs_hard,0,0,P2-IMA-M-v2,2,5b30111a11659747a0a00fd8,AbsHard-1,17,ISIC_0036170_A03_T1_S1_5b30111a11659747a0a00fd8.png,S1,0.5869628190994263,0.5880017549674975,val,T1,0.0,T1,249980
