image_id,role,method,dice,iou,bf1,boundary_precision,boundary_recall,search_band_coverage,search_band_covered_length_input_px,search_band_total_length_input_px,search_band_coverage_weighting,search_band_covered_dense_points,search_band_total_dense_points,dense_boundary_max_step_input_px,total_nodes,effective_normal_nodes,effective_normal_fraction,no_intersection_nodes,multiple_intersection_nodes,collinear_intersection_nodes,edge_clipped_nodes,candidate_covered_effective_nodes,candidate_coverage_effective,candidate_coverage_all_nodes,local_wrong_among_covered_nodes,local_wrong_rate_given_candidate_coverage,prediction_components,prediction_holes,prediction_contour_count,gt_components,gt_holes,gt_contour_count,component_hole_connectivity,contour_extraction,contour_self_intersections,strip_self_intersections,degenerate_strip_count,status,geometry_error,nodes,search_radius,smooth_lambda,candidate_set_sha256,pipeline_signature_sha256,gt_candidate_generation,g4_deployable,g4_dice_upper_bound,source_v1_pipeline_signature_sha256,mechanical_representation_repair
ISIC_0006671,cal50,G0,0.884255930984903,0.7925257731958762,0.523505603985056,0.472,0.5876288659793815,1.0,168.12489168102786,168.12489168102786,subpixel_gt_segment_arc_length,396,396,0.5,256,255,0.99609375,1,0,0,0,179,0.7019607843137254,0.69921875,56,0.3128491620111732,4,0,4,1,0,1,8,contourpy binary 0.5 isocontours; saddle loops may differ from 8-connected pixel components,0,3109,166,ok,,256,16.0,0.05,d2902960248f6dfa0b7de29bd8db50835a9de665ed276b828f814e77c43ff269,cbeab787aa9a61895fa41bd4c0d4b44d2dda5c061b1948af26e99f5c5500fd38,False,False,False,3913dba608c06a723b7b0d14235fd81f6b2ec59d67cc314fb3eb6d4da75b5f9d,True
ISIC_0006671,cal50,G1,0.884255930984903,0.7925257731958762,0.523505603985056,0.472,0.5876288659793815,1.0,168.12489168102786,168.12489168102786,subpixel_gt_segment_arc_length,396,396,0.5,256,255,0.99609375,1,0,0,0,179,0.7019607843137254,0.69921875,56,0.3128491620111732,4,0,4,1,0,1,8,contourpy binary 0.5 isocontours; saddle loops may differ from 8-connected pixel components,0,3109,166,ok,,256,16.0,0.05,d2902960248f6dfa0b7de29bd8db50835a9de665ed276b828f814e77c43ff269,cbeab787aa9a61895fa41bd4c0d4b44d2dda5c061b1948af26e99f5c5500fd38,False,False,False,3913dba608c06a723b7b0d14235fd81f6b2ec59d67cc314fb3eb6d4da75b5f9d,True
ISIC_0006671,cal50,G2,0.8887262079062958,0.7997364953886693,0.580720697281124,0.47692307692307695,0.7422680412371134,1.0,168.12489168102786,168.12489168102786,subpixel_gt_segment_arc_length,396,396,0.5,256,255,0.99609375,1,0,0,0,179,0.7019607843137254,0.69921875,56,0.3128491620111732,4,0,4,1,0,1,8,contourpy binary 0.5 isocontours; saddle loops may differ from 8-connected pixel components,0,3109,166,ok,,256,16.0,0.05,d2902960248f6dfa0b7de29bd8db50835a9de665ed276b828f814e77c43ff269,cbeab787aa9a61895fa41bd4c0d4b44d2dda5c061b1948af26e99f5c5500fd38,False,False,False,3913dba608c06a723b7b0d14235fd81f6b2ec59d67cc314fb3eb6d4da75b5f9d,True
ISIC_0006671,cal50,G3,0.8886746987951807,0.7996530789245446,0.555045871559633,0.5,0.6237113402061856,1.0,168.12489168102786,168.12489168102786,subpixel_gt_segment_arc_length,396,396,0.5,256,255,0.99609375,1,0,0,0,179,0.7019607843137254,0.69921875,56,0.3128491620111732,4,0,4,1,0,1,8,contourpy binary 0.5 isocontours; saddle loops may differ from 8-connected pixel components,0,3109,166,ok,,256,16.0,0.05,d2902960248f6dfa0b7de29bd8db50835a9de665ed276b828f814e77c43ff269,cbeab787aa9a61895fa41bd4c0d4b44d2dda5c061b1948af26e99f5c5500fd38,False,False,False,3913dba608c06a723b7b0d14235fd81f6b2ec59d67cc314fb3eb6d4da75b5f9d,True
ISIC_0006671,cal50,G4,0.9393166751657318,0.885576923076923,0.7897520744027475,0.69921875,0.9072164948453608,1.0,168.12489168102786,168.12489168102786,subpixel_gt_segment_arc_length,396,396,0.5,256,255,0.99609375,1,0,0,0,179,0.7019607843137254,0.69921875,56,0.3128491620111732,4,0,4,1,0,1,8,contourpy binary 0.5 isocontours; saddle loops may differ from 8-connected pixel components,0,3109,166,ok,,256,16.0,0.05,d2902960248f6dfa0b7de29bd8db50835a9de665ed276b828f814e77c43ff269,cbeab787aa9a61895fa41bd4c0d4b44d2dda5c061b1948af26e99f5c5500fd38,False,False,False,3913dba608c06a723b7b0d14235fd81f6b2ec59d67cc314fb3eb6d4da75b5f9d,True
ISIC_0006815,cal50,G0,0.9103169251517195,0.8353960396039604,0.8638838475499092,0.9333333333333333,0.8040540540540541,1.0,141.0538238691624,141.0538238691624,subpixel_gt_segment_arc_length,336,336,0.5,256,247,0.96484375,0,9,1,0,228,0.9230769230769231,0.890625,46,0.20175438596491227,1,0,1,2,0,3,8,contourpy binary 0.5 isocontours; saddle loops may differ from 8-connected pixel components,0,9902,134,ok,,256,16.0,0.05,3337a9429471973f6ef017f81ecb62be1ab6cde236843a1ee9271ecf907030df,cbeab787aa9a61895fa41bd4c0d4b44d2dda5c061b1948af26e99f5c5500fd38,False,False,False,3913dba608c06a723b7b0d14235fd81f6b2ec59d67cc314fb3eb6d4da75b5f9d,True
ISIC_0006815,cal50,G1,0.9103169251517195,0.8353960396039604,0.8638838475499092,0.9333333333333333,0.8040540540540541,1.0,141.0538238691624,141.0538238691624,subpixel_gt_segment_arc_length,336,336,0.5,256,247,0.96484375,0,9,1,0,228,0.9230769230769231,0.890625,46,0.20175438596491227,1,0,1,2,0,3,8,contourpy binary 0.5 isocontours; saddle loops may differ from 8-connected pixel components,0,9902,134,ok,,256,16.0,0.05,3337a9429471973f6ef017f81ecb62be1ab6cde236843a1ee9271ecf907030df,cbeab787aa9a61895fa41bd4c0d4b44d2dda5c061b1948af26e99f5c5500fd38,False,False,False,3913dba608c06a723b7b0d14235fd81f6b2ec59d67cc314fb3eb6d4da75b5f9d,True
ISIC_0006815,cal50,G2,0.8534667619728378,0.7443890274314214,0.7622045718713677,0.7087912087912088,0.8243243243243243,1.0,141.0538238691624,141.0538238691624,subpixel_gt_segment_arc_length,336,336,0.5,256,247,0.96484375,0,9,1,0,228,0.9230769230769231,0.890625,46,0.20175438596491227,1,0,1,2,0,3,8,contourpy binary 0.5 isocontours; saddle loops may differ from 8-connected pixel components,0,9902,134,ok,,256,16.0,0.05,3337a9429471973f6ef017f81ecb62be1ab6cde236843a1ee9271ecf907030df,cbeab787aa9a61895fa41bd4c0d4b44d2dda5c061b1948af26e99f5c5500fd38,False,False,False,3913dba608c06a723b7b0d14235fd81f6b2ec59d67cc314fb3eb6d4da75b5f9d,True
ISIC_0006815,cal50,G3,0.8969283276450511,0.8131188118811881,0.8645917152145225,0.9173553719008265,0.8175675675675675,1.0,141.0538238691624,141.0538238691624,subpixel_gt_segment_arc_length,336,336,0.5,256,247,0.96484375,0,9,1,0,228,0.9230769230769231,0.890625,46,0.20175438596491227,1,0,1,2,0,3,8,contourpy binary 0.5 isocontours; saddle loops may differ from 8-connected pixel components,0,9902,134,ok,,256,16.0,0.05,3337a9429471973f6ef017f81ecb62be1ab6cde236843a1ee9271ecf907030df,cbeab787aa9a61895fa41bd4c0d4b44d2dda5c061b1948af26e99f5c5500fd38,False,False,False,3913dba608c06a723b7b0d14235fd81f6b2ec59d67cc314fb3eb6d4da75b5f9d,True
ISIC_0006815,cal50,G4,0.940554821664465,0.8877805486284289,0.954231433506045,0.9923664122137404,0.918918918918919,1.0,141.0538238691624,141.0538238691624,subpixel_gt_segment_arc_length,336,336,0.5,256,247,0.96484375,0,9,1,0,228,0.9230769230769231,0.890625,46,0.20175438596491227,1,0,1,2,0,3,8,contourpy binary 0.5 isocontours; saddle loops may differ from 8-connected pixel components,0,9902,134,ok,,256,16.0,0.05,3337a9429471973f6ef017f81ecb62be1ab6cde236843a1ee9271ecf907030df,cbeab787aa9a61895fa41bd4c0d4b44d2dda5c061b1948af26e99f5c5500fd38,False,False,False,3913dba608c06a723b7b0d14235fd81f6b2ec59d67cc314fb3eb6d4da75b5f9d,True
ISIC_0007235,cal50,G0,0.9149674018587877,0.8432625926872922,0.4725147886307892,0.4807692307692308,0.4645390070921986,1.0,241.48023074035524,241.48023074035524,subpixel_gt_segment_arc_length,572,572,0.5,256,256,1.0,0,0,0,0,131,0.51171875,0.51171875,101,0.7709923664122137,1,0,1,1,0,1,8,contourpy binary 0.5 isocontours; saddle loops may differ from 8-connected pixel components,0,1933,161,ok,,256,16.0,0.05,8814c30a3f341fa2b4ac985814fbd068631381d78fbd5fcde57d5cfcab7fb2ec,cbeab787aa9a61895fa41bd4c0d4b44d2dda5c061b1948af26e99f5c5500fd38,False,False,False,3913dba608c06a723b7b0d14235fd81f6b2ec59d67cc314fb3eb6d4da75b5f9d,True
ISIC_0007235,cal50,G1,0.9149674018587877,0.8432625926872922,0.4725147886307892,0.4807692307692308,0.4645390070921986,1.0,241.48023074035524,241.48023074035524,subpixel_gt_segment_arc_length,572,572,0.5,256,256,1.0,0,0,0,0,131,0.51171875,0.51171875,101,0.7709923664122137,1,0,1,1,0,1,8,contourpy binary 0.5 isocontours; saddle loops may differ from 8-connected pixel components,0,1933,161,ok,,256,16.0,0.05,8814c30a3f341fa2b4ac985814fbd068631381d78fbd5fcde57d5cfcab7fb2ec,cbeab787aa9a61895fa41bd4c0d4b44d2dda5c061b1948af26e99f5c5500fd38,False,False,False,3913dba608c06a723b7b0d14235fd81f6b2ec59d67cc314fb3eb6d4da75b5f9d,True
ISIC_0007235,cal50,G2,0.873073044229938,0.7747379186908719,0.19125,0.19101123595505617,0.19148936170212766,1.0,241.48023074035524,241.48023074035524,subpixel_gt_segment_arc_length,572,572,0.5,256,256,1.0,0,0,0,0,131,0.51171875,0.51171875,101,0.7709923664122137,1,0,1,1,0,1,8,contourpy binary 0.5 isocontours; saddle loops may differ from 8-connected pixel components,0,1933,161,ok,,256,16.0,0.05,8814c30a3f341fa2b4ac985814fbd068631381d78fbd5fcde57d5cfcab7fb2ec,cbeab787aa9a61895fa41bd4c0d4b44d2dda5c061b1948af26e99f5c5500fd38,False,False,False,3913dba608c06a723b7b0d14235fd81f6b2ec59d67cc314fb3eb6d4da75b5f9d,True
ISIC_0007235,cal50,G3,0.8817726947819872,0.7885451291229865,0.20711525121395302,0.21235521235521235,0.20212765957446807,1.0,241.48023074035524,241.48023074035524,subpixel_gt_segment_arc_length,572,572,0.5,256,256,1.0,0,0,0,0,131,0.51171875,0.51171875,101,0.7709923664122137,1,0,1,1,0,1,8,contourpy binary 0.5 isocontours; saddle loops may differ from 8-connected pixel components,0,1933,161,ok,,256,16.0,0.05,8814c30a3f341fa2b4ac985814fbd068631381d78fbd5fcde57d5cfcab7fb2ec,cbeab787aa9a61895fa41bd4c0d4b44d2dda5c061b1948af26e99f5c5500fd38,False,False,False,3913dba608c06a723b7b0d14235fd81f6b2ec59d67cc314fb3eb6d4da75b5f9d,True
ISIC_0007235,cal50,G4,0.9373748163973828,0.8821311887408897,0.6785714285714285,0.625748502994012,0.7411347517730497,1.0,241.48023074035524,241.48023074035524,subpixel_gt_segment_arc_length,572,572,0.5,256,256,1.0,0,0,0,0,131,0.51171875,0.51171875,101,0.7709923664122137,1,0,1,1,0,1,8,contourpy binary 0.5 isocontours; saddle loops may differ from 8-connected pixel components,0,1933,161,ok,,256,16.0,0.05,8814c30a3f341fa2b4ac985814fbd068631381d78fbd5fcde57d5cfcab7fb2ec,cbeab787aa9a61895fa41bd4c0d4b44d2dda5c061b1948af26e99f5c5500fd38,False,False,False,3913dba608c06a723b7b0d14235fd81f6b2ec59d67cc314fb3eb6d4da75b5f9d,True
ISIC_0007528,cal50,G0,0.7534007673526334,0.604364857302742,0.27324651587845555,0.2911392405063291,0.25742574257425743,1.0,170.2670273047588,170.2670273047588,subpixel_gt_segment_arc_length,412,412,0.5,256,255,0.99609375,0,1,0,0,120,0.47058823529411764,0.46875,50,0.4166666666666667,1,0,1,1,0,1,8,contourpy binary 0.5 isocontours; saddle loops may differ from 8-connected pixel components,0,5450,130,ok,,256,16.0,0.05,e5b36bec5f62ff8891b4767be4fd27e4133b1141e8258f75c8c7509ab0515f7c,cbeab787aa9a61895fa41bd4c0d4b44d2dda5c061b1948af26e99f5c5500fd38,False,False,False,3913dba608c06a723b7b0d14235fd81f6b2ec59d67cc314fb3eb6d4da75b5f9d,True
ISIC_0007528,cal50,G1,0.7534007673526334,0.604364857302742,0.27324651587845555,0.2911392405063291,0.25742574257425743,1.0,170.2670273047588,170.2670273047588,subpixel_gt_segment_arc_length,412,412,0.5,256,255,0.99609375,0,1,0,0,120,0.47058823529411764,0.46875,50,0.4166666666666667,1,0,1,1,0,1,8,contourpy binary 0.5 isocontours; saddle loops may differ from 8-connected pixel components,0,5450,130,ok,,256,16.0,0.05,e5b36bec5f62ff8891b4767be4fd27e4133b1141e8258f75c8c7509ab0515f7c,cbeab787aa9a61895fa41bd4c0d4b44d2dda5c061b1948af26e99f5c5500fd38,False,False,False,3913dba608c06a723b7b0d14235fd81f6b2ec59d67cc314fb3eb6d4da75b5f9d,True
ISIC_0007528,cal50,G2,0.7878787878787878,0.65,0.33644331354255014,0.3269230769230769,0.3465346534653465,1.0,170.2670273047588,170.2670273047588,subpixel_gt_segment_arc_length,412,412,0.5,256,255,0.99609375,0,1,0,0,120,0.47058823529411764,0.46875,50,0.4166666666666667,1,0,1,1,0,1,8,contourpy binary 0.5 isocontours; saddle loops may differ from 8-connected pixel components,0,5450,130,ok,,256,16.0,0.05,e5b36bec5f62ff8891b4767be4fd27e4133b1141e8258f75c8c7509ab0515f7c,cbeab787aa9a61895fa41bd4c0d4b44d2dda5c061b1948af26e99f5c5500fd38,False,False,False,3913dba608c06a723b7b0d14235fd81f6b2ec59d67cc314fb3eb6d4da75b5f9d,True
ISIC_0007528,cal50,G3,0.7785372522214627,0.6373810856183548,0.34166369153873616,0.35802469135802467,0.32673267326732675,1.0,170.2670273047588,170.2670273047588,subpixel_gt_segment_arc_length,412,412,0.5,256,255,0.99609375,0,1,0,0,120,0.47058823529411764,0.46875,50,0.4166666666666667,1,0,1,1,0,1,8,contourpy binary 0.5 isocontours; saddle loops may differ from 8-connected pixel components,0,5450,130,ok,,256,16.0,0.05,e5b36bec5f62ff8891b4767be4fd27e4133b1141e8258f75c8c7509ab0515f7c,cbeab787aa9a61895fa41bd4c0d4b44d2dda5c061b1948af26e99f5c5500fd38,False,False,False,3913dba608c06a723b7b0d14235fd81f6b2ec59d67cc314fb3eb6d4da75b5f9d,True
ISIC_0007528,cal50,G4,0.8580134064594759,0.7513340448239061,0.573636844891477,0.5206611570247934,0.6386138613861386,1.0,170.2670273047588,170.2670273047588,subpixel_gt_segment_arc_length,412,412,0.5,256,255,0.99609375,0,1,0,0,120,0.47058823529411764,0.46875,50,0.4166666666666667,1,0,1,1,0,1,8,contourpy binary 0.5 isocontours; saddle loops may differ from 8-connected pixel components,0,5450,130,ok,,256,16.0,0.05,e5b36bec5f62ff8891b4767be4fd27e4133b1141e8258f75c8c7509ab0515f7c,cbeab787aa9a61895fa41bd4c0d4b44d2dda5c061b1948af26e99f5c5500fd38,False,False,False,3913dba608c06a723b7b0d14235fd81f6b2ec59d67cc314fb3eb6d4da75b5f9d,True
ISIC_0007796,cal50,G0,0.8214355564247995,0.6969797543976104,0.06532516768737241,0.07582938388625593,0.05737704918032787,1.0,211.09545442950503,211.09545442950503,subpixel_gt_segment_arc_length,496,496,0.5,256,256,1.0,0,0,0,0,80,0.3125,0.3125,53,0.6625,1,0,1,1,0,1,8,contourpy binary 0.5 isocontours; saddle loops may differ from 8-connected pixel components,0,3547,175,ok,,256,16.0,0.05,9e25628d3cc5f1bee3741bba2821509fc5536a89bde53f1290d7667f523af1d0,cbeab787aa9a61895fa41bd4c0d4b44d2dda5c061b1948af26e99f5c5500fd38,False,False,False,3913dba608c06a723b7b0d14235fd81f6b2ec59d67cc314fb3eb6d4da75b5f9d,True
ISIC_0007796,cal50,G1,0.8214355564247995,0.6969797543976104,0.06532516768737241,0.07582938388625593,0.05737704918032787,1.0,211.09545442950503,211.09545442950503,subpixel_gt_segment_arc_length,496,496,0.5,256,256,1.0,0,0,0,0,80,0.3125,0.3125,53,0.6625,1,0,1,1,0,1,8,contourpy binary 0.5 isocontours; saddle loops may differ from 8-connected pixel components,0,3547,175,ok,,256,16.0,0.05,9e25628d3cc5f1bee3741bba2821509fc5536a89bde53f1290d7667f523af1d0,cbeab787aa9a61895fa41bd4c0d4b44d2dda5c061b1948af26e99f5c5500fd38,False,False,False,3913dba608c06a723b7b0d14235fd81f6b2ec59d67cc314fb3eb6d4da75b5f9d,True
ISIC_0007796,cal50,G2,0.833043141806926,0.7138594164456233,0.1535977859778598,0.16017316017316016,0.14754098360655737,1.0,211.09545442950503,211.09545442950503,subpixel_gt_segment_arc_length,496,496,0.5,256,256,1.0,0,0,0,0,80,0.3125,0.3125,53,0.6625,1,0,1,1,0,1,8,contourpy binary 0.5 isocontours; saddle loops may differ from 8-connected pixel components,0,3547,175,ok,,256,16.0,0.05,9e25628d3cc5f1bee3741bba2821509fc5536a89bde53f1290d7667f523af1d0,cbeab787aa9a61895fa41bd4c0d4b44d2dda5c061b1948af26e99f5c5500fd38,False,False,False,3913dba608c06a723b7b0d14235fd81f6b2ec59d67cc314fb3eb6d4da75b5f9d,True
ISIC_0007796,cal50,G3,0.8262307841992605,0.7039124668435013,0.09930956209212144,0.11737089201877934,0.0860655737704918,1.0,211.09545442950503,211.09545442950503,subpixel_gt_segment_arc_length,496,496,0.5,256,256,1.0,0,0,0,0,80,0.3125,0.3125,53,0.6625,1,0,1,1,0,1,8,contourpy binary 0.5 isocontours; saddle loops may differ from 8-connected pixel components,0,3547,175,ok,,256,16.0,0.05,9e25628d3cc5f1bee3741bba2821509fc5536a89bde53f1290d7667f523af1d0,cbeab787aa9a61895fa41bd4c0d4b44d2dda5c061b1948af26e99f5c5500fd38,False,False,False,3913dba608c06a723b7b0d14235fd81f6b2ec59d67cc314fb3eb6d4da75b5f9d,True
ISIC_0007796,cal50,G4,0.886672710788758,0.7964169381107492,0.46491742811635517,0.44761904761904764,0.48360655737704916,1.0,211.09545442950503,211.09545442950503,subpixel_gt_segment_arc_length,496,496,0.5,256,256,1.0,0,0,0,0,80,0.3125,0.3125,53,0.6625,1,0,1,1,0,1,8,contourpy binary 0.5 isocontours; saddle loops may differ from 8-connected pixel components,0,3547,175,ok,,256,16.0,0.05,9e25628d3cc5f1bee3741bba2821509fc5536a89bde53f1290d7667f523af1d0,cbeab787aa9a61895fa41bd4c0d4b44d2dda5c061b1948af26e99f5c5500fd38,False,False,False,3913dba608c06a723b7b0d14235fd81f6b2ec59d67cc314fb3eb6d4da75b5f9d,True
ISIC_0008025,cal50,G0,0.8778100373289092,0.7822294500295683,0.08019957497921093,0.08092485549132948,0.07948717948717948,1.0,333.66399692442883,333.66399692442883,subpixel_gt_segment_arc_length,788,788,0.5,256,256,1.0,0,0,0,0,42,0.1640625,0.1640625,37,0.8809523809523809,1,0,1,1,0,1,8,contourpy binary 0.5 isocontours; saddle loops may differ from 8-connected pixel components,0,1214,152,ok,,256,16.0,0.05,453fd66c99fbeb32652f7a0cb8382f1f6ba7301927e1b4f24e7d737cac6368ba,cbeab787aa9a61895fa41bd4c0d4b44d2dda5c061b1948af26e99f5c5500fd38,False,False,False,3913dba608c06a723b7b0d14235fd81f6b2ec59d67cc314fb3eb6d4da75b5f9d,True
ISIC_0008025,cal50,G1,0.8778100373289092,0.7822294500295683,0.08019957497921093,0.08092485549132948,0.07948717948717948,1.0,333.66399692442883,333.66399692442883,subpixel_gt_segment_arc_length,788,788,0.5,256,256,1.0,0,0,0,0,42,0.1640625,0.1640625,37,0.8809523809523809,1,0,1,1,0,1,8,contourpy binary 0.5 isocontours; saddle loops may differ from 8-connected pixel components,0,1214,152,ok,,256,16.0,0.05,453fd66c99fbeb32652f7a0cb8382f1f6ba7301927e1b4f24e7d737cac6368ba,cbeab787aa9a61895fa41bd4c0d4b44d2dda5c061b1948af26e99f5c5500fd38,False,False,False,3913dba608c06a723b7b0d14235fd81f6b2ec59d67cc314fb3eb6d4da75b5f9d,True
ISIC_0008025,cal50,G2,0.8503441828843376,0.7396510940272029,0.03927068723702665,0.04011461318051576,0.038461538461538464,1.0,333.66399692442883,333.66399692442883,subpixel_gt_segment_arc_length,788,788,0.5,256,256,1.0,0,0,0,0,42,0.1640625,0.1640625,37,0.8809523809523809,1,0,1,1,0,1,8,contourpy binary 0.5 isocontours; saddle loops may differ from 8-connected pixel components,0,1214,152,ok,,256,16.0,0.05,453fd66c99fbeb32652f7a0cb8382f1f6ba7301927e1b4f24e7d737cac6368ba,cbeab787aa9a61895fa41bd4c0d4b44d2dda5c061b1948af26e99f5c5500fd38,False,False,False,3913dba608c06a723b7b0d14235fd81f6b2ec59d67cc314fb3eb6d4da75b5f9d,True
ISIC_0008025,cal50,G3,0.8678550506318521,0.7665582495564754,0.049065775482302905,0.04941860465116279,0.04871794871794872,1.0,333.66399692442883,333.66399692442883,subpixel_gt_segment_arc_length,788,788,0.5,256,256,1.0,0,0,0,0,42,0.1640625,0.1640625,37,0.8809523809523809,1,0,1,1,0,1,8,contourpy binary 0.5 isocontours; saddle loops may differ from 8-connected pixel components,0,1214,152,ok,,256,16.0,0.05,453fd66c99fbeb32652f7a0cb8382f1f6ba7301927e1b4f24e7d737cac6368ba,cbeab787aa9a61895fa41bd4c0d4b44d2dda5c061b1948af26e99f5c5500fd38,False,False,False,3913dba608c06a723b7b0d14235fd81f6b2ec59d67cc314fb3eb6d4da75b5f9d,True
ISIC_0008025,cal50,G4,0.9137917485265226,0.8412675444942844,0.3278666259210213,0.3093681917211329,0.3487179487179487,1.0,333.66399692442883,333.66399692442883,subpixel_gt_segment_arc_length,788,788,0.5,256,256,1.0,0,0,0,0,42,0.1640625,0.1640625,37,0.8809523809523809,1,0,1,1,0,1,8,contourpy binary 0.5 isocontours; saddle loops may differ from 8-connected pixel components,0,1214,152,ok,,256,16.0,0.05,453fd66c99fbeb32652f7a0cb8382f1f6ba7301927e1b4f24e7d737cac6368ba,cbeab787aa9a61895fa41bd4c0d4b44d2dda5c061b1948af26e99f5c5500fd38,False,False,False,3913dba608c06a723b7b0d14235fd81f6b2ec59d67cc314fb3eb6d4da75b5f9d,True
ISIC_0009995,cal50,G0,0.9327461476930109,0.8739684056204392,0.3067307964351394,0.301056338028169,0.3126232741617357,0.8100708742797104,760.1162697096763,938.333044482741,subpixel_gt_segment_arc_length,1604,2036,0.5,256,201,0.78515625,55,0,0,158,151,0.7512437810945274,0.58984375,85,0.5629139072847682,3,0,3,1,0,1,8,contourpy binary 0.5 isocontours; saddle loops may differ from 8-connected pixel components,0,290,68,ok,,256,16.0,0.05,7ef4a78e3b72511d69cb5fc3bf02ffc3e3f039be964fc75818fa1c116d2058f7,cbeab787aa9a61895fa41bd4c0d4b44d2dda5c061b1948af26e99f5c5500fd38,False,False,False,3913dba608c06a723b7b0d14235fd81f6b2ec59d67cc314fb3eb6d4da75b5f9d,True
ISIC_0009995,cal50,G1,0.9327050715145975,0.8738962836056932,0.30999680741829433,0.3074141048824593,0.3126232741617357,0.8100708742797104,760.1162697096763,938.333044482741,subpixel_gt_segment_arc_length,1604,2036,0.5,256,201,0.78515625,55,0,0,158,151,0.7512437810945274,0.58984375,85,0.5629139072847682,3,0,3,1,0,1,8,contourpy binary 0.5 isocontours; saddle loops may differ from 8-connected pixel components,0,290,68,ok,,256,16.0,0.05,7ef4a78e3b72511d69cb5fc3bf02ffc3e3f039be964fc75818fa1c116d2058f7,cbeab787aa9a61895fa41bd4c0d4b44d2dda5c061b1948af26e99f5c5500fd38,False,False,False,3913dba608c06a723b7b0d14235fd81f6b2ec59d67cc314fb3eb6d4da75b5f9d,True
ISIC_0009995,cal50,G2,0.9073196276533312,0.8303614218902349,0.24513122104504864,0.22230889235569423,0.27317554240631164,0.8100708742797104,760.1162697096763,938.333044482741,subpixel_gt_segment_arc_length,1604,2036,0.5,256,201,0.78515625,55,0,0,158,151,0.7512437810945274,0.58984375,85,0.5629139072847682,3,0,3,1,0,1,8,contourpy binary 0.5 isocontours; saddle loops may differ from 8-connected pixel components,0,290,68,ok,,256,16.0,0.05,7ef4a78e3b72511d69cb5fc3bf02ffc3e3f039be964fc75818fa1c116d2058f7,cbeab787aa9a61895fa41bd4c0d4b44d2dda5c061b1948af26e99f5c5500fd38,False,False,False,3913dba608c06a723b7b0d14235fd81f6b2ec59d67cc314fb3eb6d4da75b5f9d,True
ISIC_0009995,cal50,G3,0.9316202359626907,0.8719935245143385,0.3063992626148342,0.302262443438914,0.3106508875739645,0.8100708742797104,760.1162697096763,938.333044482741,subpixel_gt_segment_arc_length,1604,2036,0.5,256,201,0.78515625,55,0,0,158,151,0.7512437810945274,0.58984375,85,0.5629139072847682,3,0,3,1,0,1,8,contourpy binary 0.5 isocontours; saddle loops may differ from 8-connected pixel components,0,290,68,ok,,256,16.0,0.05,7ef4a78e3b72511d69cb5fc3bf02ffc3e3f039be964fc75818fa1c116d2058f7,cbeab787aa9a61895fa41bd4c0d4b44d2dda5c061b1948af26e99f5c5500fd38,False,False,False,3913dba608c06a723b7b0d14235fd81f6b2ec59d67cc314fb3eb6d4da75b5f9d,True
ISIC_0009995,cal50,G4,0.9646197710540874,0.9316575148785059,0.5446172272681905,0.49032738095238093,0.6124260355029586,0.8100708742797104,760.1162697096763,938.333044482741,subpixel_gt_segment_arc_length,1604,2036,0.5,256,201,0.78515625,55,0,0,158,151,0.7512437810945274,0.58984375,85,0.5629139072847682,3,0,3,1,0,1,8,contourpy binary 0.5 isocontours; saddle loops may differ from 8-connected pixel components,0,290,68,ok,,256,16.0,0.05,7ef4a78e3b72511d69cb5fc3bf02ffc3e3f039be964fc75818fa1c116d2058f7,cbeab787aa9a61895fa41bd4c0d4b44d2dda5c061b1948af26e99f5c5500fd38,False,False,False,3913dba608c06a723b7b0d14235fd81f6b2ec59d67cc314fb3eb6d4da75b5f9d,True
ISIC_0012126,cal50,G0,0.9275,0.8648018648018648,0.948801036941024,0.976,0.9230769230769231,1.0,122.28427124746192,122.28427124746192,subpixel_gt_segment_arc_length,268,268,0.5,256,255,0.99609375,0,1,0,0,236,0.9254901960784314,0.921875,65,0.2754237288135593,1,0,1,1,0,1,8,contourpy binary 0.5 isocontours; saddle loops may differ from 8-connected pixel components,0,9116,137,ok,,256,16.0,0.05,7e3d8c479a8e02696f6f586cfe6ce6872afc2a665b66fe7b60d6f785761c0d37,cbeab787aa9a61895fa41bd4c0d4b44d2dda5c061b1948af26e99f5c5500fd38,False,False,False,3913dba608c06a723b7b0d14235fd81f6b2ec59d67cc314fb3eb6d4da75b5f9d,True
ISIC_0012126,cal50,G1,0.9275,0.8648018648018648,0.948801036941024,0.976,0.9230769230769231,1.0,122.28427124746192,122.28427124746192,subpixel_gt_segment_arc_length,268,268,0.5,256,255,0.99609375,0,1,0,0,236,0.9254901960784314,0.921875,65,0.2754237288135593,1,0,1,1,0,1,8,contourpy binary 0.5 isocontours; saddle loops may differ from 8-connected pixel components,0,9116,137,ok,,256,16.0,0.05,7e3d8c479a8e02696f6f586cfe6ce6872afc2a665b66fe7b60d6f785761c0d37,cbeab787aa9a61895fa41bd4c0d4b44d2dda5c061b1948af26e99f5c5500fd38,False,False,False,3913dba608c06a723b7b0d14235fd81f6b2ec59d67cc314fb3eb6d4da75b5f9d,True
ISIC_0012126,cal50,G2,0.9008902077151335,0.8196544276457883,0.8836150845253578,0.867816091954023,0.9,1.0,122.28427124746192,122.28427124746192,subpixel_gt_segment_arc_length,268,268,0.5,256,255,0.99609375,0,1,0,0,236,0.9254901960784314,0.921875,65,0.2754237288135593,1,0,1,1,0,1,8,contourpy binary 0.5 isocontours; saddle loops may differ from 8-connected pixel components,0,9116,137,ok,,256,16.0,0.05,7e3d8c479a8e02696f6f586cfe6ce6872afc2a665b66fe7b60d6f785761c0d37,cbeab787aa9a61895fa41bd4c0d4b44d2dda5c061b1948af26e99f5c5500fd38,False,False,False,3913dba608c06a723b7b0d14235fd81f6b2ec59d67cc314fb3eb6d4da75b5f9d,True
ISIC_0012126,cal50,G3,0.9224190592547342,0.8560090702947846,0.9242951186188051,0.917910447761194,0.9307692307692308,1.0,122.28427124746192,122.28427124746192,subpixel_gt_segment_arc_length,268,268,0.5,256,255,0.99609375,0,1,0,0,236,0.9254901960784314,0.921875,65,0.2754237288135593,1,0,1,1,0,1,8,contourpy binary 0.5 isocontours; saddle loops may differ from 8-connected pixel components,0,9116,137,ok,,256,16.0,0.05,7e3d8c479a8e02696f6f586cfe6ce6872afc2a665b66fe7b60d6f785761c0d37,cbeab787aa9a61895fa41bd4c0d4b44d2dda5c061b1948af26e99f5c5500fd38,False,False,False,3913dba608c06a723b7b0d14235fd81f6b2ec59d67cc314fb3eb6d4da75b5f9d,True
ISIC_0012126,cal50,G4,0.9454094292803971,0.8964705882352941,0.9849232604805034,0.9930555555555556,0.9769230769230769,1.0,122.28427124746192,122.28427124746192,subpixel_gt_segment_arc_length,268,268,0.5,256,255,0.99609375,0,1,0,0,236,0.9254901960784314,0.921875,65,0.2754237288135593,1,0,1,1,0,1,8,contourpy binary 0.5 isocontours; saddle loops may differ from 8-connected pixel components,0,9116,137,ok,,256,16.0,0.05,7e3d8c479a8e02696f6f586cfe6ce6872afc2a665b66fe7b60d6f785761c0d37,cbeab787aa9a61895fa41bd4c0d4b44d2dda5c061b1948af26e99f5c5500fd38,False,False,False,3913dba608c06a723b7b0d14235fd81f6b2ec59d67cc314fb3eb6d4da75b5f9d,True
ISIC_0012127,cal50,G0,0.7946197620279358,0.6592274678111588,0.4983388704318937,0.5555555555555556,0.45180722891566266,1.0,141.29646455628168,141.29646455628168,subpixel_gt_segment_arc_length,340,340,0.5,256,253,0.98828125,0,3,0,0,124,0.4901185770750988,0.484375,97,0.782258064516129,1,0,1,1,0,1,8,contourpy binary 0.5 isocontours; saddle loops may differ from 8-connected pixel components,0,8426,112,ok,,256,16.0,0.05,cfa86e8c491fc892e8891ca7484623e4c8efcf550af69f67364628f2393bc86a,cbeab787aa9a61895fa41bd4c0d4b44d2dda5c061b1948af26e99f5c5500fd38,False,False,False,3913dba608c06a723b7b0d14235fd81f6b2ec59d67cc314fb3eb6d4da75b5f9d,True
ISIC_0012127,cal50,G1,0.7946197620279358,0.6592274678111588,0.4983388704318937,0.5555555555555556,0.45180722891566266,1.0,141.29646455628168,141.29646455628168,subpixel_gt_segment_arc_length,340,340,0.5,256,253,0.98828125,0,3,0,0,124,0.4901185770750988,0.484375,97,0.782258064516129,1,0,1,1,0,1,8,contourpy binary 0.5 isocontours; saddle loops may differ from 8-connected pixel components,0,8426,112,ok,,256,16.0,0.05,cfa86e8c491fc892e8891ca7484623e4c8efcf550af69f67364628f2393bc86a,cbeab787aa9a61895fa41bd4c0d4b44d2dda5c061b1948af26e99f5c5500fd38,False,False,False,3913dba608c06a723b7b0d14235fd81f6b2ec59d67cc314fb3eb6d4da75b5f9d,True
ISIC_0012127,cal50,G2,0.5940713853599516,0.4225473321858864,0.12998022040124327,0.1411042944785276,0.12048192771084337,1.0,141.29646455628168,141.29646455628168,subpixel_gt_segment_arc_length,340,340,0.5,256,253,0.98828125,0,3,0,0,124,0.4901185770750988,0.484375,97,0.782258064516129,1,0,1,1,0,1,8,contourpy binary 0.5 isocontours; saddle loops may differ from 8-connected pixel components,0,8426,112,ok,,256,16.0,0.05,cfa86e8c491fc892e8891ca7484623e4c8efcf550af69f67364628f2393bc86a,cbeab787aa9a61895fa41bd4c0d4b44d2dda5c061b1948af26e99f5c5500fd38,False,False,False,3913dba608c06a723b7b0d14235fd81f6b2ec59d67cc314fb3eb6d4da75b5f9d,True
ISIC_0012127,cal50,G3,0.6813808715336729,0.5167381974248927,0.24985056784219964,0.275,0.2289156626506024,1.0,141.29646455628168,141.29646455628168,subpixel_gt_segment_arc_length,340,340,0.5,256,253,0.98828125,0,3,0,0,124,0.4901185770750988,0.484375,97,0.782258064516129,1,0,1,1,0,1,8,contourpy binary 0.5 isocontours; saddle loops may differ from 8-connected pixel components,0,8426,112,ok,,256,16.0,0.05,cfa86e8c491fc892e8891ca7484623e4c8efcf550af69f67364628f2393bc86a,cbeab787aa9a61895fa41bd4c0d4b44d2dda5c061b1948af26e99f5c5500fd38,False,False,False,3913dba608c06a723b7b0d14235fd81f6b2ec59d67cc314fb3eb6d4da75b5f9d,True
ISIC_0012127,cal50,G4,0.796277145811789,0.6615120274914089,0.5011135857461024,0.5625,0.45180722891566266,1.0,141.29646455628168,141.29646455628168,subpixel_gt_segment_arc_length,340,340,0.5,256,253,0.98828125,0,3,0,0,124,0.4901185770750988,0.484375,97,0.782258064516129,1,0,1,1,0,1,8,contourpy binary 0.5 isocontours; saddle loops may differ from 8-connected pixel components,0,8426,112,ok,,256,16.0,0.05,cfa86e8c491fc892e8891ca7484623e4c8efcf550af69f67364628f2393bc86a,cbeab787aa9a61895fa41bd4c0d4b44d2dda5c061b1948af26e99f5c5500fd38,False,False,False,3913dba608c06a723b7b0d14235fd81f6b2ec59d67cc314fb3eb6d4da75b5f9d,True
ISIC_0012143,cal50,G0,0.7972919937205651,0.6629140153369228,0.06701940035273368,0.06666666666666667,0.0673758865248227,0.8695984484702781,451.6518036156091,519.3797256769669,subpixel_gt_segment_arc_length,990,1136,0.5,256,206,0.8046875,48,2,0,0,24,0.11650485436893204,0.09375,20,0.8333333333333334,3,0,7,1,0,1,8,contourpy binary 0.5 isocontours; saddle loops may differ from 8-connected pixel components,0,1524,177,ok,,256,16.0,0.05,be0d4f8fd296c850dee804f79c8ff785446a10e8033a04fe5d0a4767e942d47c,cbeab787aa9a61895fa41bd4c0d4b44d2dda5c061b1948af26e99f5c5500fd38,False,False,False,3913dba608c06a723b7b0d14235fd81f6b2ec59d67cc314fb3eb6d4da75b5f9d,True
ISIC_0012143,cal50,G1,0.7972329882745425,0.6628324359601893,0.06777645659928656,0.06818181818181818,0.0673758865248227,0.8695984484702781,451.6518036156091,519.3797256769669,subpixel_gt_segment_arc_length,990,1136,0.5,256,206,0.8046875,48,2,0,0,24,0.11650485436893204,0.09375,20,0.8333333333333334,3,0,7,1,0,1,8,contourpy binary 0.5 isocontours; saddle loops may differ from 8-connected pixel components,0,1524,177,ok,,256,16.0,0.05,be0d4f8fd296c850dee804f79c8ff785446a10e8033a04fe5d0a4767e942d47c,cbeab787aa9a61895fa41bd4c0d4b44d2dda5c061b1948af26e99f5c5500fd38,False,False,False,3913dba608c06a723b7b0d14235fd81f6b2ec59d67cc314fb3eb6d4da75b5f9d,True
ISIC_0012143,cal50,G2,0.7603155339805825,0.6133137542829172,0.03916083916083916,0.03626943005181347,0.0425531914893617,0.8695984484702781,451.6518036156091,519.3797256769669,subpixel_gt_segment_arc_length,990,1136,0.5,256,206,0.8046875,48,2,0,0,24,0.11650485436893204,0.09375,20,0.8333333333333334,3,0,7,1,0,1,8,contourpy binary 0.5 isocontours; saddle loops may differ from 8-connected pixel components,0,1524,177,ok,,256,16.0,0.05,be0d4f8fd296c850dee804f79c8ff785446a10e8033a04fe5d0a4767e942d47c,cbeab787aa9a61895fa41bd4c0d4b44d2dda5c061b1948af26e99f5c5500fd38,False,False,False,3913dba608c06a723b7b0d14235fd81f6b2ec59d67cc314fb3eb6d4da75b5f9d,True
ISIC_0012143,cal50,G3,0.793978748524203,0.6583455702398434,0.06380789022298455,0.06378600823045268,0.06382978723404255,0.8695984484702781,451.6518036156091,519.3797256769669,subpixel_gt_segment_arc_length,990,1136,0.5,256,206,0.8046875,48,2,0,0,24,0.11650485436893204,0.09375,20,0.8333333333333334,3,0,7,1,0,1,8,contourpy binary 0.5 isocontours; saddle loops may differ from 8-connected pixel components,0,1524,177,ok,,256,16.0,0.05,be0d4f8fd296c850dee804f79c8ff785446a10e8033a04fe5d0a4767e942d47c,cbeab787aa9a61895fa41bd4c0d4b44d2dda5c061b1948af26e99f5c5500fd38,False,False,False,3913dba608c06a723b7b0d14235fd81f6b2ec59d67cc314fb3eb6d4da75b5f9d,True
ISIC_0012143,cal50,G4,0.824396782841823,0.701254275940707,0.1387037073889077,0.13260530421216848,0.1453900709219858,0.8695984484702781,451.6518036156091,519.3797256769669,subpixel_gt_segment_arc_length,990,1136,0.5,256,206,0.8046875,48,2,0,0,24,0.11650485436893204,0.09375,20,0.8333333333333334,3,0,7,1,0,1,8,contourpy binary 0.5 isocontours; saddle loops may differ from 8-connected pixel components,0,1524,177,ok,,256,16.0,0.05,be0d4f8fd296c850dee804f79c8ff785446a10e8033a04fe5d0a4767e942d47c,cbeab787aa9a61895fa41bd4c0d4b44d2dda5c061b1948af26e99f5c5500fd38,False,False,False,3913dba608c06a723b7b0d14235fd81f6b2ec59d67cc314fb3eb6d4da75b5f9d,True
ISIC_0012151,cal50,G0,0.9635464058234758,0.9296570644718792,0.5363639190323685,0.5304101838755304,0.5424528301886793,1.0,589.6223663640862,589.6223663640862,subpixel_gt_segment_arc_length,1280,1280,0.5,256,252,0.984375,0,4,0,0,166,0.6587301587301587,0.6484375,16,0.0963855421686747,1,0,7,1,0,1,8,contourpy binary 0.5 isocontours; saddle loops may differ from 8-connected pixel components,0,611,124,ok,,256,16.0,0.05,e7e6c785b5dcff3174e25d1be514211be99f2713e8ea9425d1709ee2c5e53851,cbeab787aa9a61895fa41bd4c0d4b44d2dda5c061b1948af26e99f5c5500fd38,False,False,False,3913dba608c06a723b7b0d14235fd81f6b2ec59d67cc314fb3eb6d4da75b5f9d,True
ISIC_0012151,cal50,G1,0.9635464058234758,0.9296570644718792,0.5312354521420852,0.5310245310245311,0.5314465408805031,1.0,589.6223663640862,589.6223663640862,subpixel_gt_segment_arc_length,1280,1280,0.5,256,252,0.984375,0,4,0,0,166,0.6587301587301587,0.6484375,16,0.0963855421686747,1,0,7,1,0,1,8,contourpy binary 0.5 isocontours; saddle loops may differ from 8-connected pixel components,0,611,124,ok,,256,16.0,0.05,e7e6c785b5dcff3174e25d1be514211be99f2713e8ea9425d1709ee2c5e53851,cbeab787aa9a61895fa41bd4c0d4b44d2dda5c061b1948af26e99f5c5500fd38,False,False,False,3913dba608c06a723b7b0d14235fd81f6b2ec59d67cc314fb3eb6d4da75b5f9d,True
ISIC_0012151,cal50,G2,0.9737182993177697,0.9487826769886682,0.7340023759825235,0.7290780141843972,0.7389937106918238,1.0,589.6223663640862,589.6223663640862,subpixel_gt_segment_arc_length,1280,1280,0.5,256,252,0.984375,0,4,0,0,166,0.6587301587301587,0.6484375,16,0.0963855421686747,1,0,7,1,0,1,8,contourpy binary 0.5 isocontours; saddle loops may differ from 8-connected pixel components,0,611,124,ok,,256,16.0,0.05,e7e6c785b5dcff3174e25d1be514211be99f2713e8ea9425d1709ee2c5e53851,cbeab787aa9a61895fa41bd4c0d4b44d2dda5c061b1948af26e99f5c5500fd38,False,False,False,3913dba608c06a723b7b0d14235fd81f6b2ec59d67cc314fb3eb6d4da75b5f9d,True
ISIC_0012151,cal50,G3,0.9678082778714044,0.9376245295550144,0.607224884928256,0.6028776978417266,0.6116352201257862,1.0,589.6223663640862,589.6223663640862,subpixel_gt_segment_arc_length,1280,1280,0.5,256,252,0.984375,0,4,0,0,166,0.6587301587301587,0.6484375,16,0.0963855421686747,1,0,7,1,0,1,8,contourpy binary 0.5 isocontours; saddle loops may differ from 8-connected pixel components,0,611,124,ok,,256,16.0,0.05,e7e6c785b5dcff3174e25d1be514211be99f2713e8ea9425d1709ee2c5e53851,cbeab787aa9a61895fa41bd4c0d4b44d2dda5c061b1948af26e99f5c5500fd38,False,False,False,3913dba608c06a723b7b0d14235fd81f6b2ec59d67cc314fb3eb6d4da75b5f9d,True
ISIC_0012151,cal50,G4,0.976639557016785,0.9543456205613797,0.7716798592788039,0.7697841726618705,0.7735849056603774,1.0,589.6223663640862,589.6223663640862,subpixel_gt_segment_arc_length,1280,1280,0.5,256,252,0.984375,0,4,0,0,166,0.6587301587301587,0.6484375,16,0.0963855421686747,1,0,7,1,0,1,8,contourpy binary 0.5 isocontours; saddle loops may differ from 8-connected pixel components,0,611,124,ok,,256,16.0,0.05,e7e6c785b5dcff3174e25d1be514211be99f2713e8ea9425d1709ee2c5e53851,cbeab787aa9a61895fa41bd4c0d4b44d2dda5c061b1948af26e99f5c5500fd38,False,False,False,3913dba608c06a723b7b0d14235fd81f6b2ec59d67cc314fb3eb6d4da75b5f9d,True
ISIC_0012159,cal50,G0,0.5957361222847949,0.42423374391291896,0.2294322132097335,0.3055555555555556,0.1836734693877551,0.6102075764047776,155.0330085889911,254.06601717798216,subpixel_gt_segment_arc_length,354,596,0.5,256,183,0.71484375,72,1,0,0,79,0.43169398907103823,0.30859375,65,0.8227848101265823,1,0,1,1,0,1,8,contourpy binary 0.5 isocontours; saddle loops may differ from 8-connected pixel components,0,4899,169,ok,,256,16.0,0.05,ae35dc80c991bfc21ae170b928ac2e0ff31aabfa0cff5f36f1685a2c5c0e6961,cbeab787aa9a61895fa41bd4c0d4b44d2dda5c061b1948af26e99f5c5500fd38,False,False,False,3913dba608c06a723b7b0d14235fd81f6b2ec59d67cc314fb3eb6d4da75b5f9d,True
ISIC_0012159,cal50,G1,0.5957361222847949,0.42423374391291896,0.2294322132097335,0.3055555555555556,0.1836734693877551,0.6102075764047776,155.0330085889911,254.06601717798216,subpixel_gt_segment_arc_length,354,596,0.5,256,183,0.71484375,72,1,0,0,79,0.43169398907103823,0.30859375,65,0.8227848101265823,1,0,1,1,0,1,8,contourpy binary 0.5 isocontours; saddle loops may differ from 8-connected pixel components,0,4899,169,ok,,256,16.0,0.05,ae35dc80c991bfc21ae170b928ac2e0ff31aabfa0cff5f36f1685a2c5c0e6961,cbeab787aa9a61895fa41bd4c0d4b44d2dda5c061b1948af26e99f5c5500fd38,False,False,False,3913dba608c06a723b7b0d14235fd81f6b2ec59d67cc314fb3eb6d4da75b5f9d,True
ISIC_0012159,cal50,G2,0.5231619209519762,0.35424460431654675,0.04842196281884998,0.04361370716510903,0.05442176870748299,0.6102075764047776,155.0330085889911,254.06601717798216,subpixel_gt_segment_arc_length,354,596,0.5,256,183,0.71484375,72,1,0,0,79,0.43169398907103823,0.30859375,65,0.8227848101265823,1,0,1,1,0,1,8,contourpy binary 0.5 isocontours; saddle loops may differ from 8-connected pixel components,0,4899,169,ok,,256,16.0,0.05,ae35dc80c991bfc21ae170b928ac2e0ff31aabfa0cff5f36f1685a2c5c0e6961,cbeab787aa9a61895fa41bd4c0d4b44d2dda5c061b1948af26e99f5c5500fd38,False,False,False,3913dba608c06a723b7b0d14235fd81f6b2ec59d67cc314fb3eb6d4da75b5f9d,True
ISIC_0012159,cal50,G3,0.5340645433452859,0.36431654676258995,0.058333333333333334,0.07526881720430108,0.047619047619047616,0.6102075764047776,155.0330085889911,254.06601717798216,subpixel_gt_segment_arc_length,354,596,0.5,256,183,0.71484375,72,1,0,0,79,0.43169398907103823,0.30859375,65,0.8227848101265823,1,0,1,1,0,1,8,contourpy binary 0.5 isocontours; saddle loops may differ from 8-connected pixel components,0,4899,169,ok,,256,16.0,0.05,ae35dc80c991bfc21ae170b928ac2e0ff31aabfa0cff5f36f1685a2c5c0e6961,cbeab787aa9a61895fa41bd4c0d4b44d2dda5c061b1948af26e99f5c5500fd38,False,False,False,3913dba608c06a723b7b0d14235fd81f6b2ec59d67cc314fb3eb6d4da75b5f9d,True
ISIC_0012159,cal50,G4,0.6700526711813394,0.5038189533239038,0.2858029342670981,0.2606516290726817,0.3163265306122449,0.6102075764047776,155.0330085889911,254.06601717798216,subpixel_gt_segment_arc_length,354,596,0.5,256,183,0.71484375,72,1,0,0,79,0.43169398907103823,0.30859375,65,0.8227848101265823,1,0,1,1,0,1,8,contourpy binary 0.5 isocontours; saddle loops may differ from 8-connected pixel components,0,4899,169,ok,,256,16.0,0.05,ae35dc80c991bfc21ae170b928ac2e0ff31aabfa0cff5f36f1685a2c5c0e6961,cbeab787aa9a61895fa41bd4c0d4b44d2dda5c061b1948af26e99f5c5500fd38,False,False,False,3913dba608c06a723b7b0d14235fd81f6b2ec59d67cc314fb3eb6d4da75b5f9d,True
ISIC_0012160,cal50,G0,0.7669654289372599,0.6220145379023884,0.4459652124322783,0.40963855421686746,0.48936170212765956,1.0,176.76955262170048,176.76955262170048,subpixel_gt_segment_arc_length,384,384,0.5,256,182,0.7109375,53,21,0,0,98,0.5384615384615384,0.3828125,49,0.5,1,0,1,1,0,1,8,contourpy binary 0.5 isocontours; saddle loops may differ from 8-connected pixel components,0,3925,191,ok,,256,16.0,0.05,2b50c356cad1fc98891a0dbe06788e017ab61fbfdfbc7c0ef7b360ec73fa0056,cbeab787aa9a61895fa41bd4c0d4b44d2dda5c061b1948af26e99f5c5500fd38,False,False,False,3913dba608c06a723b7b0d14235fd81f6b2ec59d67cc314fb3eb6d4da75b5f9d,True
ISIC_0012160,cal50,G1,0.7669654289372599,0.6220145379023884,0.4459652124322783,0.40963855421686746,0.48936170212765956,1.0,176.76955262170048,176.76955262170048,subpixel_gt_segment_arc_length,384,384,0.5,256,182,0.7109375,53,21,0,0,98,0.5384615384615384,0.3828125,49,0.5,1,0,1,1,0,1,8,contourpy binary 0.5 isocontours; saddle loops may differ from 8-connected pixel components,0,3925,191,ok,,256,16.0,0.05,2b50c356cad1fc98891a0dbe06788e017ab61fbfdfbc7c0ef7b360ec73fa0056,cbeab787aa9a61895fa41bd4c0d4b44d2dda5c061b1948af26e99f5c5500fd38,False,False,False,3913dba608c06a723b7b0d14235fd81f6b2ec59d67cc314fb3eb6d4da75b5f9d,True
ISIC_0012160,cal50,G2,0.7638843780448198,0.6179716237519706,0.32739045974530545,0.2681564245810056,0.42021276595744683,1.0,176.76955262170048,176.76955262170048,subpixel_gt_segment_arc_length,384,384,0.5,256,182,0.7109375,53,21,0,0,98,0.5384615384615384,0.3828125,49,0.5,1,0,1,1,0,1,8,contourpy binary 0.5 isocontours; saddle loops may differ from 8-connected pixel components,0,3925,191,ok,,256,16.0,0.05,2b50c356cad1fc98891a0dbe06788e017ab61fbfdfbc7c0ef7b360ec73fa0056,cbeab787aa9a61895fa41bd4c0d4b44d2dda5c061b1948af26e99f5c5500fd38,False,False,False,3913dba608c06a723b7b0d14235fd81f6b2ec59d67cc314fb3eb6d4da75b5f9d,True
ISIC_0012160,cal50,G3,0.7669654289372599,0.6220145379023884,0.4459652124322783,0.40963855421686746,0.48936170212765956,1.0,176.76955262170048,176.76955262170048,subpixel_gt_segment_arc_length,384,384,0.5,256,182,0.7109375,53,21,0,0,98,0.5384615384615384,0.3828125,49,0.5,1,0,1,1,0,1,8,contourpy binary 0.5 isocontours; saddle loops may differ from 8-connected pixel components,0,3925,191,ok,,256,16.0,0.05,2b50c356cad1fc98891a0dbe06788e017ab61fbfdfbc7c0ef7b360ec73fa0056,cbeab787aa9a61895fa41bd4c0d4b44d2dda5c061b1948af26e99f5c5500fd38,False,False,False,3913dba608c06a723b7b0d14235fd81f6b2ec59d67cc314fb3eb6d4da75b5f9d,True
ISIC_0012160,cal50,G4,0.8079697698385434,0.6778097982708934,0.53183142047797,0.4341736694677871,0.6861702127659575,1.0,176.76955262170048,176.76955262170048,subpixel_gt_segment_arc_length,384,384,0.5,256,182,0.7109375,53,21,0,0,98,0.5384615384615384,0.3828125,49,0.5,1,0,1,1,0,1,8,contourpy binary 0.5 isocontours; saddle loops may differ from 8-connected pixel components,0,3925,191,ok,,256,16.0,0.05,2b50c356cad1fc98891a0dbe06788e017ab61fbfdfbc7c0ef7b360ec73fa0056,cbeab787aa9a61895fa41bd4c0d4b44d2dda5c061b1948af26e99f5c5500fd38,False,False,False,3913dba608c06a723b7b0d14235fd81f6b2ec59d67cc314fb3eb6d4da75b5f9d,True
ISIC_0012201,cal50,G0,0.9560794044665012,0.9158545281673401,0.8385724293509348,0.8590163934426229,0.819078947368421,1.0,279.88225099390854,279.88225099390854,subpixel_gt_segment_arc_length,616,616,0.5,256,256,1.0,0,0,0,0,222,0.8671875,0.8671875,22,0.0990990990990991,1,0,1,1,0,1,8,contourpy binary 0.5 isocontours; saddle loops may differ from 8-connected pixel components,0,1660,182,ok,,256,16.0,0.05,97c6265f0423d7bb5e2bd69023149f6062b8900af2944a271209c7ab604e63f0,cbeab787aa9a61895fa41bd4c0d4b44d2dda5c061b1948af26e99f5c5500fd38,False,False,False,3913dba608c06a723b7b0d14235fd81f6b2ec59d67cc314fb3eb6d4da75b5f9d,True
ISIC_0012201,cal50,G1,0.9560794044665012,0.9158545281673401,0.8385724293509348,0.8590163934426229,0.819078947368421,1.0,279.88225099390854,279.88225099390854,subpixel_gt_segment_arc_length,616,616,0.5,256,256,1.0,0,0,0,0,222,0.8671875,0.8671875,22,0.0990990990990991,1,0,1,1,0,1,8,contourpy binary 0.5 isocontours; saddle loops may differ from 8-connected pixel components,0,1660,182,ok,,256,16.0,0.05,97c6265f0423d7bb5e2bd69023149f6062b8900af2944a271209c7ab604e63f0,cbeab787aa9a61895fa41bd4c0d4b44d2dda5c061b1948af26e99f5c5500fd38,False,False,False,3913dba608c06a723b7b0d14235fd81f6b2ec59d67cc314fb3eb6d4da75b5f9d,True
ISIC_0012201,cal50,G2,0.9636317395727365,0.9298159509202454,0.9149514650368507,0.91875,0.9111842105263158,1.0,279.88225099390854,279.88225099390854,subpixel_gt_segment_arc_length,616,616,0.5,256,256,1.0,0,0,0,0,222,0.8671875,0.8671875,22,0.0990990990990991,1,0,1,1,0,1,8,contourpy binary 0.5 isocontours; saddle loops may differ from 8-connected pixel components,0,1660,182,ok,,256,16.0,0.05,97c6265f0423d7bb5e2bd69023149f6062b8900af2944a271209c7ab604e63f0,cbeab787aa9a61895fa41bd4c0d4b44d2dda5c061b1948af26e99f5c5500fd38,False,False,False,3913dba608c06a723b7b0d14235fd81f6b2ec59d67cc314fb3eb6d4da75b5f9d,True
ISIC_0012201,cal50,G3,0.9560794044665012,0.9158545281673401,0.8385724293509348,0.8590163934426229,0.819078947368421,1.0,279.88225099390854,279.88225099390854,subpixel_gt_segment_arc_length,616,616,0.5,256,256,1.0,0,0,0,0,222,0.8671875,0.8671875,22,0.0990990990990991,1,0,1,1,0,1,8,contourpy binary 0.5 isocontours; saddle loops may differ from 8-connected pixel components,0,1660,182,ok,,256,16.0,0.05,97c6265f0423d7bb5e2bd69023149f6062b8900af2944a271209c7ab604e63f0,cbeab787aa9a61895fa41bd4c0d4b44d2dda5c061b1948af26e99f5c5500fd38,False,False,False,3913dba608c06a723b7b0d14235fd81f6b2ec59d67cc314fb3eb6d4da75b5f9d,True
ISIC_0012201,cal50,G4,0.9720571500821849,0.9456334563345633,0.964099413632898,0.9710610932475884,0.9572368421052632,1.0,279.88225099390854,279.88225099390854,subpixel_gt_segment_arc_length,616,616,0.5,256,256,1.0,0,0,0,0,222,0.8671875,0.8671875,22,0.0990990990990991,1,0,1,1,0,1,8,contourpy binary 0.5 isocontours; saddle loops may differ from 8-connected pixel components,0,1660,182,ok,,256,16.0,0.05,97c6265f0423d7bb5e2bd69023149f6062b8900af2944a271209c7ab604e63f0,cbeab787aa9a61895fa41bd4c0d4b44d2dda5c061b1948af26e99f5c5500fd38,False,False,False,3913dba608c06a723b7b0d14235fd81f6b2ec59d67cc314fb3eb6d4da75b5f9d,True
ISIC_0012254,cal50,G0,0.07104322847334127,0.03682987069591748,0.0,0.0,0.0,0.0,0.0,953.7056274847715,subpixel_gt_segment_arc_length,0,2048,0.5,256,0,0.0,256,0,0,0,0,,0.0,0,,6,0,9,1,0,1,8,contourpy binary 0.5 isocontours; saddle loops may differ from 8-connected pixel components,0,10405,189,ok,,256,16.0,0.05,3ff1ecf3b70bf538242e084f443daef07b6ed9debe47ac73c33bd6e61beb4f24,cbeab787aa9a61895fa41bd4c0d4b44d2dda5c061b1948af26e99f5c5500fd38,False,False,False,3913dba608c06a723b7b0d14235fd81f6b2ec59d67cc314fb3eb6d4da75b5f9d,True
ISIC_0012254,cal50,G1,0.07104322847334127,0.03682987069591748,0.0,0.0,0.0,0.0,0.0,953.7056274847715,subpixel_gt_segment_arc_length,0,2048,0.5,256,0,0.0,256,0,0,0,0,,0.0,0,,6,0,9,1,0,1,8,contourpy binary 0.5 isocontours; saddle loops may differ from 8-connected pixel components,0,10405,189,ok,,256,16.0,0.05,3ff1ecf3b70bf538242e084f443daef07b6ed9debe47ac73c33bd6e61beb4f24,cbeab787aa9a61895fa41bd4c0d4b44d2dda5c061b1948af26e99f5c5500fd38,False,False,False,3913dba608c06a723b7b0d14235fd81f6b2ec59d67cc314fb3eb6d4da75b5f9d,True
ISIC_0012254,cal50,G2,0.05825516609069751,0.0300014528548598,0.0,0.0,0.0,0.0,0.0,953.7056274847715,subpixel_gt_segment_arc_length,0,2048,0.5,256,0,0.0,256,0,0,0,0,,0.0,0,,6,0,9,1,0,1,8,contourpy binary 0.5 isocontours; saddle loops may differ from 8-connected pixel components,0,10405,189,ok,,256,16.0,0.05,3ff1ecf3b70bf538242e084f443daef07b6ed9debe47ac73c33bd6e61beb4f24,cbeab787aa9a61895fa41bd4c0d4b44d2dda5c061b1948af26e99f5c5500fd38,False,False,False,3913dba608c06a723b7b0d14235fd81f6b2ec59d67cc314fb3eb6d4da75b5f9d,True
ISIC_0012254,cal50,G3,0.07104322847334127,0.03682987069591748,0.0,0.0,0.0,0.0,0.0,953.7056274847715,subpixel_gt_segment_arc_length,0,2048,0.5,256,0,0.0,256,0,0,0,0,,0.0,0,,6,0,9,1,0,1,8,contourpy binary 0.5 isocontours; saddle loops may differ from 8-connected pixel components,0,10405,189,ok,,256,16.0,0.05,3ff1ecf3b70bf538242e084f443daef07b6ed9debe47ac73c33bd6e61beb4f24,cbeab787aa9a61895fa41bd4c0d4b44d2dda5c061b1948af26e99f5c5500fd38,False,False,False,3913dba608c06a723b7b0d14235fd81f6b2ec59d67cc314fb3eb6d4da75b5f9d,True
ISIC_0012254,cal50,G4,0.06007938558376588,0.030970022761392803,0.0,0.0,0.0,0.0,0.0,953.7056274847715,subpixel_gt_segment_arc_length,0,2048,0.5,256,0,0.0,256,0,0,0,0,,0.0,0,,6,0,9,1,0,1,8,contourpy binary 0.5 isocontours; saddle loops may differ from 8-connected pixel components,0,10405,189,ok,,256,16.0,0.05,3ff1ecf3b70bf538242e084f443daef07b6ed9debe47ac73c33bd6e61beb4f24,cbeab787aa9a61895fa41bd4c0d4b44d2dda5c061b1948af26e99f5c5500fd38,False,False,False,3913dba608c06a723b7b0d14235fd81f6b2ec59d67cc314fb3eb6d4da75b5f9d,True
ISIC_0012288,cal50,G0,0.9491017964071856,0.9031339031339032,0.9415664181633346,0.9521739130434783,0.9311926605504587,1.0,201.49747468305836,201.49747468305836,subpixel_gt_segment_arc_length,444,444,0.5,256,245,0.95703125,1,10,0,0,214,0.8734693877551021,0.8359375,46,0.21495327102803738,1,0,1,1,0,1,8,contourpy binary 0.5 isocontours; saddle loops may differ from 8-connected pixel components,0,3404,178,ok,,256,16.0,0.05,52f829a4658d70a9a04e2fcf28a6971a0c01001653a0f295dc7e8b4bd5f25259,cbeab787aa9a61895fa41bd4c0d4b44d2dda5c061b1948af26e99f5c5500fd38,False,False,False,3913dba608c06a723b7b0d14235fd81f6b2ec59d67cc314fb3eb6d4da75b5f9d,True
ISIC_0012288,cal50,G1,0.9491017964071856,0.9031339031339032,0.9415664181633346,0.9521739130434783,0.9311926605504587,1.0,201.49747468305836,201.49747468305836,subpixel_gt_segment_arc_length,444,444,0.5,256,245,0.95703125,1,10,0,0,214,0.8734693877551021,0.8359375,46,0.21495327102803738,1,0,1,1,0,1,8,contourpy binary 0.5 isocontours; saddle loops may differ from 8-connected pixel components,0,3404,178,ok,,256,16.0,0.05,52f829a4658d70a9a04e2fcf28a6971a0c01001653a0f295dc7e8b4bd5f25259,cbeab787aa9a61895fa41bd4c0d4b44d2dda5c061b1948af26e99f5c5500fd38,False,False,False,3913dba608c06a723b7b0d14235fd81f6b2ec59d67cc314fb3eb6d4da75b5f9d,True
ISIC_0012288,cal50,G2,0.9248973677855591,0.8602875112309074,0.8342450765864332,0.7648902821316614,0.9174311926605505,1.0,201.49747468305836,201.49747468305836,subpixel_gt_segment_arc_length,444,444,0.5,256,245,0.95703125,1,10,0,0,214,0.8734693877551021,0.8359375,46,0.21495327102803738,1,0,1,1,0,1,8,contourpy binary 0.5 isocontours; saddle loops may differ from 8-connected pixel components,0,3404,178,ok,,256,16.0,0.05,52f829a4658d70a9a04e2fcf28a6971a0c01001653a0f295dc7e8b4bd5f25259,cbeab787aa9a61895fa41bd4c0d4b44d2dda5c061b1948af26e99f5c5500fd38,False,False,False,3913dba608c06a723b7b0d14235fd81f6b2ec59d67cc314fb3eb6d4da75b5f9d,True
ISIC_0012288,cal50,G3,0.9475247524752475,0.9002822201317028,0.9328123030379428,0.9487179487179487,0.9174311926605505,1.0,201.49747468305836,201.49747468305836,subpixel_gt_segment_arc_length,444,444,0.5,256,245,0.95703125,1,10,0,0,214,0.8734693877551021,0.8359375,46,0.21495327102803738,1,0,1,1,0,1,8,contourpy binary 0.5 isocontours; saddle loops may differ from 8-connected pixel components,0,3404,178,ok,,256,16.0,0.05,52f829a4658d70a9a04e2fcf28a6971a0c01001653a0f295dc7e8b4bd5f25259,cbeab787aa9a61895fa41bd4c0d4b44d2dda5c061b1948af26e99f5c5500fd38,False,False,False,3913dba608c06a723b7b0d14235fd81f6b2ec59d67cc314fb3eb6d4da75b5f9d,True
ISIC_0012288,cal50,G4,0.9650174912543729,0.9323998068565911,0.9816712060559653,0.995850622406639,0.9678899082568807,1.0,201.49747468305836,201.49747468305836,subpixel_gt_segment_arc_length,444,444,0.5,256,245,0.95703125,1,10,0,0,214,0.8734693877551021,0.8359375,46,0.21495327102803738,1,0,1,1,0,1,8,contourpy binary 0.5 isocontours; saddle loops may differ from 8-connected pixel components,0,3404,178,ok,,256,16.0,0.05,52f829a4658d70a9a04e2fcf28a6971a0c01001653a0f295dc7e8b4bd5f25259,cbeab787aa9a61895fa41bd4c0d4b44d2dda5c061b1948af26e99f5c5500fd38,False,False,False,3913dba608c06a723b7b0d14235fd81f6b2ec59d67cc314fb3eb6d4da75b5f9d,True
ISIC_0012380,cal50,G0,0.8762709213201939,0.7797884187082406,0.2789141206584787,0.2713936430317848,0.2868632707774799,1.0,314.73506473629436,314.73506473629436,subpixel_gt_segment_arc_length,756,756,0.5,256,228,0.890625,28,0,0,0,99,0.4342105263157895,0.38671875,27,0.2727272727272727,1,0,1,1,0,1,8,contourpy binary 0.5 isocontours; saddle loops may differ from 8-connected pixel components,0,1123,167,ok,,256,16.0,0.05,2d0d9a2d28e586ce295c4874c60d6c4820eb4c057f7aa0dbc9faff1d76c3ae7c,cbeab787aa9a61895fa41bd4c0d4b44d2dda5c061b1948af26e99f5c5500fd38,False,False,False,3913dba608c06a723b7b0d14235fd81f6b2ec59d67cc314fb3eb6d4da75b5f9d,True
ISIC_0012380,cal50,G1,0.8762709213201939,0.7797884187082406,0.2789141206584787,0.2713936430317848,0.2868632707774799,1.0,314.73506473629436,314.73506473629436,subpixel_gt_segment_arc_length,756,756,0.5,256,228,0.890625,28,0,0,0,99,0.4342105263157895,0.38671875,27,0.2727272727272727,1,0,1,1,0,1,8,contourpy binary 0.5 isocontours; saddle loops may differ from 8-connected pixel components,0,1123,167,ok,,256,16.0,0.05,2d0d9a2d28e586ce295c4874c60d6c4820eb4c057f7aa0dbc9faff1d76c3ae7c,cbeab787aa9a61895fa41bd4c0d4b44d2dda5c061b1948af26e99f5c5500fd38,False,False,False,3913dba608c06a723b7b0d14235fd81f6b2ec59d67cc314fb3eb6d4da75b5f9d,True
ISIC_0012380,cal50,G2,0.8858846918489066,0.795146324054247,0.3620396325161625,0.33480176211453744,0.3941018766756032,1.0,314.73506473629436,314.73506473629436,subpixel_gt_segment_arc_length,756,756,0.5,256,228,0.890625,28,0,0,0,99,0.4342105263157895,0.38671875,27,0.2727272727272727,1,0,1,1,0,1,8,contourpy binary 0.5 isocontours; saddle loops may differ from 8-connected pixel components,0,1123,167,ok,,256,16.0,0.05,2d0d9a2d28e586ce295c4874c60d6c4820eb4c057f7aa0dbc9faff1d76c3ae7c,cbeab787aa9a61895fa41bd4c0d4b44d2dda5c061b1948af26e99f5c5500fd38,False,False,False,3913dba608c06a723b7b0d14235fd81f6b2ec59d67cc314fb3eb6d4da75b5f9d,True
ISIC_0012380,cal50,G3,0.8762709213201939,0.7797884187082406,0.2789141206584787,0.2713936430317848,0.2868632707774799,1.0,314.73506473629436,314.73506473629436,subpixel_gt_segment_arc_length,756,756,0.5,256,228,0.890625,28,0,0,0,99,0.4342105263157895,0.38671875,27,0.2727272727272727,1,0,1,1,0,1,8,contourpy binary 0.5 isocontours; saddle loops may differ from 8-connected pixel components,0,1123,167,ok,,256,16.0,0.05,2d0d9a2d28e586ce295c4874c60d6c4820eb4c057f7aa0dbc9faff1d76c3ae7c,cbeab787aa9a61895fa41bd4c0d4b44d2dda5c061b1948af26e99f5c5500fd38,False,False,False,3913dba608c06a723b7b0d14235fd81f6b2ec59d67cc314fb3eb6d4da75b5f9d,True
ISIC_0012380,cal50,G4,0.9277696437286481,0.8652708238507055,0.5350834861499855,0.47102803738317756,0.6193029490616622,1.0,314.73506473629436,314.73506473629436,subpixel_gt_segment_arc_length,756,756,0.5,256,228,0.890625,28,0,0,0,99,0.4342105263157895,0.38671875,27,0.2727272727272727,1,0,1,1,0,1,8,contourpy binary 0.5 isocontours; saddle loops may differ from 8-connected pixel components,0,1123,167,ok,,256,16.0,0.05,2d0d9a2d28e586ce295c4874c60d6c4820eb4c057f7aa0dbc9faff1d76c3ae7c,cbeab787aa9a61895fa41bd4c0d4b44d2dda5c061b1948af26e99f5c5500fd38,False,False,False,3913dba608c06a723b7b0d14235fd81f6b2ec59d67cc314fb3eb6d4da75b5f9d,True
ISIC_0012383,cal50,G0,0.95872,0.9207129686539643,0.770696591149693,0.8125,0.7329842931937173,1.0,356.71067811865476,356.71067811865476,subpixel_gt_segment_arc_length,772,772,0.5,256,256,1.0,0,0,0,0,189,0.73828125,0.73828125,37,0.19576719576719576,1,0,1,1,0,1,8,contourpy binary 0.5 isocontours; saddle loops may differ from 8-connected pixel components,0,971,126,ok,,256,16.0,0.05,2cec38df24bd762d3c8c8cc7d8c8763b2dd2b3c8537eb19111fdbd88c17c3ae6,cbeab787aa9a61895fa41bd4c0d4b44d2dda5c061b1948af26e99f5c5500fd38,False,False,False,3913dba608c06a723b7b0d14235fd81f6b2ec59d67cc314fb3eb6d4da75b5f9d,True
ISIC_0012383,cal50,G1,0.95872,0.9207129686539643,0.770696591149693,0.8125,0.7329842931937173,1.0,356.71067811865476,356.71067811865476,subpixel_gt_segment_arc_length,772,772,0.5,256,256,1.0,0,0,0,0,189,0.73828125,0.73828125,37,0.19576719576719576,1,0,1,1,0,1,8,contourpy binary 0.5 isocontours; saddle loops may differ from 8-connected pixel components,0,971,126,ok,,256,16.0,0.05,2cec38df24bd762d3c8c8cc7d8c8763b2dd2b3c8537eb19111fdbd88c17c3ae6,cbeab787aa9a61895fa41bd4c0d4b44d2dda5c061b1948af26e99f5c5500fd38,False,False,False,3913dba608c06a723b7b0d14235fd81f6b2ec59d67cc314fb3eb6d4da75b5f9d,True
ISIC_0012383,cal50,G2,0.9512629533678757,0.9070557356800988,0.712492692823493,0.7506702412868632,0.6780104712041884,1.0,356.71067811865476,356.71067811865476,subpixel_gt_segment_arc_length,772,772,0.5,256,256,1.0,0,0,0,0,189,0.73828125,0.73828125,37,0.19576719576719576,1,0,1,1,0,1,8,contourpy binary 0.5 isocontours; saddle loops may differ from 8-connected pixel components,0,971,126,ok,,256,16.0,0.05,2cec38df24bd762d3c8c8cc7d8c8763b2dd2b3c8537eb19111fdbd88c17c3ae6,cbeab787aa9a61895fa41bd4c0d4b44d2dda5c061b1948af26e99f5c5500fd38,False,False,False,3913dba608c06a723b7b0d14235fd81f6b2ec59d67cc314fb3eb6d4da75b5f9d,True
ISIC_0012383,cal50,G3,0.9520271361654014,0.9084463625154131,0.7239774482697549,0.773224043715847,0.680628272251309,1.0,356.71067811865476,356.71067811865476,subpixel_gt_segment_arc_length,772,772,0.5,256,256,1.0,0,0,0,0,189,0.73828125,0.73828125,37,0.19576719576719576,1,0,1,1,0,1,8,contourpy binary 0.5 isocontours; saddle loops may differ from 8-connected pixel components,0,971,126,ok,,256,16.0,0.05,2cec38df24bd762d3c8c8cc7d8c8763b2dd2b3c8537eb19111fdbd88c17c3ae6,cbeab787aa9a61895fa41bd4c0d4b44d2dda5c061b1948af26e99f5c5500fd38,False,False,False,3913dba608c06a723b7b0d14235fd81f6b2ec59d67cc314fb3eb6d4da75b5f9d,True
ISIC_0012383,cal50,G4,0.9654677406491746,0.933240826395313,0.8235926541735945,0.8503937007874016,0.7984293193717278,1.0,356.71067811865476,356.71067811865476,subpixel_gt_segment_arc_length,772,772,0.5,256,256,1.0,0,0,0,0,189,0.73828125,0.73828125,37,0.19576719576719576,1,0,1,1,0,1,8,contourpy binary 0.5 isocontours; saddle loops may differ from 8-connected pixel components,0,971,126,ok,,256,16.0,0.05,2cec38df24bd762d3c8c8cc7d8c8763b2dd2b3c8537eb19111fdbd88c17c3ae6,cbeab787aa9a61895fa41bd4c0d4b44d2dda5c061b1948af26e99f5c5500fd38,False,False,False,3913dba608c06a723b7b0d14235fd81f6b2ec59d67cc314fb3eb6d4da75b5f9d,True
ISIC_0012417,cal50,G0,0.8717594091163229,0.7726715526459925,0.25927938506987613,0.2413509060955519,0.28008519701810436,0.7691350303773652,653.7117241391813,849.9310242291876,subpixel_gt_segment_arc_length,1465,1892,0.5,256,155,0.60546875,98,3,0,55,75,0.4838709677419355,0.29296875,45,0.6,4,5,11,1,0,1,8,contourpy binary 0.5 isocontours; saddle loops may differ from 8-connected pixel components,0,581,107,ok,,256,16.0,0.05,211cf7d8c7d3da434126e25df23a26924730242b441a1e26a714b9678fd9015e,cbeab787aa9a61895fa41bd4c0d4b44d2dda5c061b1948af26e99f5c5500fd38,False,False,False,3913dba608c06a723b7b0d14235fd81f6b2ec59d67cc314fb3eb6d4da75b5f9d,True
ISIC_0012417,cal50,G1,0.871872563872505,0.7728493572192234,0.2597443858252568,0.2445980985306828,0.27689030883919064,0.7691350303773652,653.7117241391813,849.9310242291876,subpixel_gt_segment_arc_length,1465,1892,0.5,256,155,0.60546875,98,3,0,55,75,0.4838709677419355,0.29296875,45,0.6,4,5,11,1,0,1,8,contourpy binary 0.5 isocontours; saddle loops may differ from 8-connected pixel components,0,581,107,ok,,256,16.0,0.05,211cf7d8c7d3da434126e25df23a26924730242b441a1e26a714b9678fd9015e,cbeab787aa9a61895fa41bd4c0d4b44d2dda5c061b1948af26e99f5c5500fd38,False,False,False,3913dba608c06a723b7b0d14235fd81f6b2ec59d67cc314fb3eb6d4da75b5f9d,True
ISIC_0012417,cal50,G2,0.8687004475947511,0.7678783623204062,0.22064322212203186,0.20683903252710592,0.2364217252396166,0.7691350303773652,653.7117241391813,849.9310242291876,subpixel_gt_segment_arc_length,1465,1892,0.5,256,155,0.60546875,98,3,0,55,75,0.4838709677419355,0.29296875,45,0.6,4,5,11,1,0,1,8,contourpy binary 0.5 isocontours; saddle loops may differ from 8-connected pixel components,0,581,107,ok,,256,16.0,0.05,211cf7d8c7d3da434126e25df23a26924730242b441a1e26a714b9678fd9015e,cbeab787aa9a61895fa41bd4c0d4b44d2dda5c061b1948af26e99f5c5500fd38,False,False,False,3913dba608c06a723b7b0d14235fd81f6b2ec59d67cc314fb3eb6d4da75b5f9d,True
ISIC_0012417,cal50,G3,0.8734201483622634,0.7752847231312999,0.26584676887627273,0.25043478260869567,0.2832800851970181,0.7691350303773652,653.7117241391813,849.9310242291876,subpixel_gt_segment_arc_length,1465,1892,0.5,256,155,0.60546875,98,3,0,55,75,0.4838709677419355,0.29296875,45,0.6,4,5,11,1,0,1,8,contourpy binary 0.5 isocontours; saddle loops may differ from 8-connected pixel components,0,581,107,ok,,256,16.0,0.05,211cf7d8c7d3da434126e25df23a26924730242b441a1e26a714b9678fd9015e,cbeab787aa9a61895fa41bd4c0d4b44d2dda5c061b1948af26e99f5c5500fd38,False,False,False,3913dba608c06a723b7b0d14235fd81f6b2ec59d67cc314fb3eb6d4da75b5f9d,True
ISIC_0012417,cal50,G4,0.9105590809298968,0.8358040027605245,0.40161477022803566,0.35698447893569846,0.4589989350372737,0.7691350303773652,653.7117241391813,849.9310242291876,subpixel_gt_segment_arc_length,1465,1892,0.5,256,155,0.60546875,98,3,0,55,75,0.4838709677419355,0.29296875,45,0.6,4,5,11,1,0,1,8,contourpy binary 0.5 isocontours; saddle loops may differ from 8-connected pixel components,0,581,107,ok,,256,16.0,0.05,211cf7d8c7d3da434126e25df23a26924730242b441a1e26a714b9678fd9015e,cbeab787aa9a61895fa41bd4c0d4b44d2dda5c061b1948af26e99f5c5500fd38,False,False,False,3913dba608c06a723b7b0d14235fd81f6b2ec59d67cc314fb3eb6d4da75b5f9d,True
ISIC_0012720,cal50,G0,0.9578668105580287,0.9191404901622368,0.6878645304796169,0.702048417132216,0.6742424242424242,1.0,485.72287142747456,485.72287142747456,subpixel_gt_segment_arc_length,1064,1064,0.5,256,256,1.0,0,0,0,0,186,0.7265625,0.7265625,39,0.20967741935483872,2,0,2,1,0,1,8,contourpy binary 0.5 isocontours; saddle loops may differ from 8-connected pixel components,0,625,134,ok,,256,16.0,0.05,343e313f956ab86d9398dba3dc060148eda77b58bf301ee059697d556272a2e0,cbeab787aa9a61895fa41bd4c0d4b44d2dda5c061b1948af26e99f5c5500fd38,False,False,False,3913dba608c06a723b7b0d14235fd81f6b2ec59d67cc314fb3eb6d4da75b5f9d,True
ISIC_0012720,cal50,G1,0.9578630210909745,0.91913351169414,0.6882268861764372,0.702803738317757,0.6742424242424242,1.0,485.72287142747456,485.72287142747456,subpixel_gt_segment_arc_length,1064,1064,0.5,256,256,1.0,0,0,0,0,186,0.7265625,0.7265625,39,0.20967741935483872,2,0,2,1,0,1,8,contourpy binary 0.5 isocontours; saddle loops may differ from 8-connected pixel components,0,625,134,ok,,256,16.0,0.05,343e313f956ab86d9398dba3dc060148eda77b58bf301ee059697d556272a2e0,cbeab787aa9a61895fa41bd4c0d4b44d2dda5c061b1948af26e99f5c5500fd38,False,False,False,3913dba608c06a723b7b0d14235fd81f6b2ec59d67cc314fb3eb6d4da75b5f9d,True
ISIC_0012720,cal50,G2,0.958669261421555,0.920619382397437,0.6900201413846214,0.6906474820143885,0.6893939393939394,1.0,485.72287142747456,485.72287142747456,subpixel_gt_segment_arc_length,1064,1064,0.5,256,256,1.0,0,0,0,0,186,0.7265625,0.7265625,39,0.20967741935483872,2,0,2,1,0,1,8,contourpy binary 0.5 isocontours; saddle loops may differ from 8-connected pixel components,0,625,134,ok,,256,16.0,0.05,343e313f956ab86d9398dba3dc060148eda77b58bf301ee059697d556272a2e0,cbeab787aa9a61895fa41bd4c0d4b44d2dda5c061b1948af26e99f5c5500fd38,False,False,False,3913dba608c06a723b7b0d14235fd81f6b2ec59d67cc314fb3eb6d4da75b5f9d,True
ISIC_0012720,cal50,G3,0.9578395005880757,0.9190901988019793,0.6945710435077828,0.7037735849056603,0.6856060606060606,1.0,485.72287142747456,485.72287142747456,subpixel_gt_segment_arc_length,1064,1064,0.5,256,256,1.0,0,0,0,0,186,0.7265625,0.7265625,39,0.20967741935483872,2,0,2,1,0,1,8,contourpy binary 0.5 isocontours; saddle loops may differ from 8-connected pixel components,0,625,134,ok,,256,16.0,0.05,343e313f956ab86d9398dba3dc060148eda77b58bf301ee059697d556272a2e0,cbeab787aa9a61895fa41bd4c0d4b44d2dda5c061b1948af26e99f5c5500fd38,False,False,False,3913dba608c06a723b7b0d14235fd81f6b2ec59d67cc314fb3eb6d4da75b5f9d,True
ISIC_0012720,cal50,G4,0.9691858875011395,0.9402140267091182,0.8115730102360559,0.8283582089552238,0.7954545454545454,1.0,485.72287142747456,485.72287142747456,subpixel_gt_segment_arc_length,1064,1064,0.5,256,256,1.0,0,0,0,0,186,0.7265625,0.7265625,39,0.20967741935483872,2,0,2,1,0,1,8,contourpy binary 0.5 isocontours; saddle loops may differ from 8-connected pixel components,0,625,134,ok,,256,16.0,0.05,343e313f956ab86d9398dba3dc060148eda77b58bf301ee059697d556272a2e0,cbeab787aa9a61895fa41bd4c0d4b44d2dda5c061b1948af26e99f5c5500fd38,False,False,False,3913dba608c06a723b7b0d14235fd81f6b2ec59d67cc314fb3eb6d4da75b5f9d,True
ISIC_0012959,cal50,G0,0.832102081934184,0.7124784358826912,0.44574295785829965,0.39933993399339934,0.5043478260869565,1.0,200.02438661763955,200.02438661763955,subpixel_gt_segment_arc_length,468,468,0.5,256,186,0.7265625,69,1,0,0,109,0.5860215053763441,0.42578125,32,0.29357798165137616,1,0,1,1,0,1,8,contourpy binary 0.5 isocontours; saddle loops may differ from 8-connected pixel components,0,2682,188,ok,,256,16.0,0.05,eddace7bbe31354d230d807dd1f30498f20c54708cfda307b55ef81f0fc6b2d5,cbeab787aa9a61895fa41bd4c0d4b44d2dda5c061b1948af26e99f5c5500fd38,False,False,False,3913dba608c06a723b7b0d14235fd81f6b2ec59d67cc314fb3eb6d4da75b5f9d,True
ISIC_0012959,cal50,G1,0.832102081934184,0.7124784358826912,0.44574295785829965,0.39933993399339934,0.5043478260869565,1.0,200.02438661763955,200.02438661763955,subpixel_gt_segment_arc_length,468,468,0.5,256,186,0.7265625,69,1,0,0,109,0.5860215053763441,0.42578125,32,0.29357798165137616,1,0,1,1,0,1,8,contourpy binary 0.5 isocontours; saddle loops may differ from 8-connected pixel components,0,2682,188,ok,,256,16.0,0.05,eddace7bbe31354d230d807dd1f30498f20c54708cfda307b55ef81f0fc6b2d5,cbeab787aa9a61895fa41bd4c0d4b44d2dda5c061b1948af26e99f5c5500fd38,False,False,False,3913dba608c06a723b7b0d14235fd81f6b2ec59d67cc314fb3eb6d4da75b5f9d,True
ISIC_0012959,cal50,G2,0.8404047576779691,0.724739742804654,0.3863539445628998,0.2849056603773585,0.6,1.0,200.02438661763955,200.02438661763955,subpixel_gt_segment_arc_length,468,468,0.5,256,186,0.7265625,69,1,0,0,109,0.5860215053763441,0.42578125,32,0.29357798165137616,1,0,1,1,0,1,8,contourpy binary 0.5 isocontours; saddle loops may differ from 8-connected pixel components,0,2682,188,ok,,256,16.0,0.05,eddace7bbe31354d230d807dd1f30498f20c54708cfda307b55ef81f0fc6b2d5,cbeab787aa9a61895fa41bd4c0d4b44d2dda5c061b1948af26e99f5c5500fd38,False,False,False,3913dba608c06a723b7b0d14235fd81f6b2ec59d67cc314fb3eb6d4da75b5f9d,True
ISIC_0012959,cal50,G3,0.8459565737732946,0.733037037037037,0.5015955903684363,0.45084745762711864,0.5652173913043478,1.0,200.02438661763955,200.02438661763955,subpixel_gt_segment_arc_length,468,468,0.5,256,186,0.7265625,69,1,0,0,109,0.5860215053763441,0.42578125,32,0.29357798165137616,1,0,1,1,0,1,8,contourpy binary 0.5 isocontours; saddle loops may differ from 8-connected pixel components,0,2682,188,ok,,256,16.0,0.05,eddace7bbe31354d230d807dd1f30498f20c54708cfda307b55ef81f0fc6b2d5,cbeab787aa9a61895fa41bd4c0d4b44d2dda5c061b1948af26e99f5c5500fd38,False,False,False,3913dba608c06a723b7b0d14235fd81f6b2ec59d67cc314fb3eb6d4da75b5f9d,True
ISIC_0012959,cal50,G4,0.9037171350861287,0.824346675487926,0.5256758918573028,0.43089430894308944,0.6739130434782609,1.0,200.02438661763955,200.02438661763955,subpixel_gt_segment_arc_length,468,468,0.5,256,186,0.7265625,69,1,0,0,109,0.5860215053763441,0.42578125,32,0.29357798165137616,1,0,1,1,0,1,8,contourpy binary 0.5 isocontours; saddle loops may differ from 8-connected pixel components,0,2682,188,ok,,256,16.0,0.05,eddace7bbe31354d230d807dd1f30498f20c54708cfda307b55ef81f0fc6b2d5,cbeab787aa9a61895fa41bd4c0d4b44d2dda5c061b1948af26e99f5c5500fd38,False,False,False,3913dba608c06a723b7b0d14235fd81f6b2ec59d67cc314fb3eb6d4da75b5f9d,True
ISIC_0013549,cal50,G0,0.810408013681896,0.6812487163688642,0.04545454545454546,0.04827586206896552,0.04294478527607362,1.0,267.90663761154815,267.90663761154815,subpixel_gt_segment_arc_length,660,660,0.5,256,253,0.98828125,3,0,0,0,68,0.26877470355731226,0.265625,66,0.9705882352941176,1,0,1,1,0,1,8,contourpy binary 0.5 isocontours; saddle loops may differ from 8-connected pixel components,0,2456,185,ok,,256,16.0,0.05,69a5a1e5b035d09100338c33af32ff43fd989a250bb72f709494ace4582cb1c5,cbeab787aa9a61895fa41bd4c0d4b44d2dda5c061b1948af26e99f5c5500fd38,False,False,False,3913dba608c06a723b7b0d14235fd81f6b2ec59d67cc314fb3eb6d4da75b5f9d,True
ISIC_0013549,cal50,G1,0.810408013681896,0.6812487163688642,0.04545454545454546,0.04827586206896552,0.04294478527607362,1.0,267.90663761154815,267.90663761154815,subpixel_gt_segment_arc_length,660,660,0.5,256,253,0.98828125,3,0,0,0,68,0.26877470355731226,0.265625,66,0.9705882352941176,1,0,1,1,0,1,8,contourpy binary 0.5 isocontours; saddle loops may differ from 8-connected pixel components,0,2456,185,ok,,256,16.0,0.05,69a5a1e5b035d09100338c33af32ff43fd989a250bb72f709494ace4582cb1c5,cbeab787aa9a61895fa41bd4c0d4b44d2dda5c061b1948af26e99f5c5500fd38,False,False,False,3913dba608c06a723b7b0d14235fd81f6b2ec59d67cc314fb3eb6d4da75b5f9d,True
ISIC_0013549,cal50,G2,0.7841178673991759,0.6448962826042308,0.008823529411764706,0.00847457627118644,0.009202453987730062,1.0,267.90663761154815,267.90663761154815,subpixel_gt_segment_arc_length,660,660,0.5,256,253,0.98828125,3,0,0,0,68,0.26877470355731226,0.265625,66,0.9705882352941176,1,0,1,1,0,1,8,contourpy binary 0.5 isocontours; saddle loops may differ from 8-connected pixel components,0,2456,185,ok,,256,16.0,0.05,69a5a1e5b035d09100338c33af32ff43fd989a250bb72f709494ace4582cb1c5,cbeab787aa9a61895fa41bd4c0d4b44d2dda5c061b1948af26e99f5c5500fd38,False,False,False,3913dba608c06a723b7b0d14235fd81f6b2ec59d67cc314fb3eb6d4da75b5f9d,True
ISIC_0013549,cal50,G3,0.7970352069178506,0.6625590470322448,0.0,0.0,0.0,1.0,267.90663761154815,267.90663761154815,subpixel_gt_segment_arc_length,660,660,0.5,256,253,0.98828125,3,0,0,0,68,0.26877470355731226,0.265625,66,0.9705882352941176,1,0,1,1,0,1,8,contourpy binary 0.5 isocontours; saddle loops may differ from 8-connected pixel components,0,2456,185,ok,,256,16.0,0.05,69a5a1e5b035d09100338c33af32ff43fd989a250bb72f709494ace4582cb1c5,cbeab787aa9a61895fa41bd4c0d4b44d2dda5c061b1948af26e99f5c5500fd38,False,False,False,3913dba608c06a723b7b0d14235fd81f6b2ec59d67cc314fb3eb6d4da75b5f9d,True
ISIC_0013549,cal50,G4,0.8893869774739438,0.8008072653884964,0.365138283948763,0.3435897435897436,0.3895705521472393,1.0,267.90663761154815,267.90663761154815,subpixel_gt_segment_arc_length,660,660,0.5,256,253,0.98828125,3,0,0,0,68,0.26877470355731226,0.265625,66,0.9705882352941176,1,0,1,1,0,1,8,contourpy binary 0.5 isocontours; saddle loops may differ from 8-connected pixel components,0,2456,185,ok,,256,16.0,0.05,69a5a1e5b035d09100338c33af32ff43fd989a250bb72f709494ace4582cb1c5,cbeab787aa9a61895fa41bd4c0d4b44d2dda5c061b1948af26e99f5c5500fd38,False,False,False,3913dba608c06a723b7b0d14235fd81f6b2ec59d67cc314fb3eb6d4da75b5f9d,True
ISIC_0013637,cal50,G0,0.9623790756001434,0.9274861878453039,0.8924631547313459,0.928082191780822,0.8594771241830066,1.0,282.46803743153555,282.46803743153555,subpixel_gt_segment_arc_length,620,620,0.5,256,256,1.0,0,0,0,0,228,0.890625,0.890625,48,0.21052631578947367,1,0,1,1,0,1,8,contourpy binary 0.5 isocontours; saddle loops may differ from 8-connected pixel components,0,1563,159,ok,,256,16.0,0.05,e4145cdc4720520ed821fe10375064514b4ed310d3d0d57a3c478f8afe0b2f24,cbeab787aa9a61895fa41bd4c0d4b44d2dda5c061b1948af26e99f5c5500fd38,False,False,False,3913dba608c06a723b7b0d14235fd81f6b2ec59d67cc314fb3eb6d4da75b5f9d,True
ISIC_0013637,cal50,G1,0.9623790756001434,0.9274861878453039,0.8924631547313459,0.928082191780822,0.8594771241830066,1.0,282.46803743153555,282.46803743153555,subpixel_gt_segment_arc_length,620,620,0.5,256,256,1.0,0,0,0,0,228,0.890625,0.890625,48,0.21052631578947367,1,0,1,1,0,1,8,contourpy binary 0.5 isocontours; saddle loops may differ from 8-connected pixel components,0,1563,159,ok,,256,16.0,0.05,e4145cdc4720520ed821fe10375064514b4ed310d3d0d57a3c478f8afe0b2f24,cbeab787aa9a61895fa41bd4c0d4b44d2dda5c061b1948af26e99f5c5500fd38,False,False,False,3913dba608c06a723b7b0d14235fd81f6b2ec59d67cc314fb3eb6d4da75b5f9d,True
ISIC_0013637,cal50,G2,0.95739046701974,0.9182636804433156,0.8257467994310099,0.86,0.7941176470588235,1.0,282.46803743153555,282.46803743153555,subpixel_gt_segment_arc_length,620,620,0.5,256,256,1.0,0,0,0,0,228,0.890625,0.890625,48,0.21052631578947367,1,0,1,1,0,1,8,contourpy binary 0.5 isocontours; saddle loops may differ from 8-connected pixel components,0,1563,159,ok,,256,16.0,0.05,e4145cdc4720520ed821fe10375064514b4ed310d3d0d57a3c478f8afe0b2f24,cbeab787aa9a61895fa41bd4c0d4b44d2dda5c061b1948af26e99f5c5500fd38,False,False,False,3913dba608c06a723b7b0d14235fd81f6b2ec59d67cc314fb3eb6d4da75b5f9d,True
ISIC_0013637,cal50,G3,0.9615890869929401,0.9260198202350772,0.8823585078261528,0.9215017064846417,0.8464052287581699,1.0,282.46803743153555,282.46803743153555,subpixel_gt_segment_arc_length,620,620,0.5,256,256,1.0,0,0,0,0,228,0.890625,0.890625,48,0.21052631578947367,1,0,1,1,0,1,8,contourpy binary 0.5 isocontours; saddle loops may differ from 8-connected pixel components,0,1563,159,ok,,256,16.0,0.05,e4145cdc4720520ed821fe10375064514b4ed310d3d0d57a3c478f8afe0b2f24,cbeab787aa9a61895fa41bd4c0d4b44d2dda5c061b1948af26e99f5c5500fd38,False,False,False,3913dba608c06a723b7b0d14235fd81f6b2ec59d67cc314fb3eb6d4da75b5f9d,True
ISIC_0013637,cal50,G4,0.973190984578885,0.9477818853974121,0.9421542821267503,0.9601328903654485,0.9248366013071896,1.0,282.46803743153555,282.46803743153555,subpixel_gt_segment_arc_length,620,620,0.5,256,256,1.0,0,0,0,0,228,0.890625,0.890625,48,0.21052631578947367,1,0,1,1,0,1,8,contourpy binary 0.5 isocontours; saddle loops may differ from 8-connected pixel components,0,1563,159,ok,,256,16.0,0.05,e4145cdc4720520ed821fe10375064514b4ed310d3d0d57a3c478f8afe0b2f24,cbeab787aa9a61895fa41bd4c0d4b44d2dda5c061b1948af26e99f5c5500fd38,False,False,False,3913dba608c06a723b7b0d14235fd81f6b2ec59d67cc314fb3eb6d4da75b5f9d,True
ISIC_0013644,cal50,G0,0.5945881794445763,0.42307042729268707,0.12802254098360655,0.11951219512195121,0.13783783783783785,0.4920911743112752,152.04520189781084,308.97770542341357,subpixel_gt_segment_arc_length,382,748,0.5,256,146,0.5703125,110,0,0,0,47,0.3219178082191781,0.18359375,27,0.574468085106383,2,0,3,1,0,1,8,contourpy binary 0.5 isocontours; saddle loops may differ from 8-connected pixel components,0,4347,186,ok,,256,16.0,0.05,6c906d9a40d3b0e3b4d596193382a0a0e417b52440c4e4ffea4d810ce531aa4a,cbeab787aa9a61895fa41bd4c0d4b44d2dda5c061b1948af26e99f5c5500fd38,False,False,False,3913dba608c06a723b7b0d14235fd81f6b2ec59d67cc314fb3eb6d4da75b5f9d,True
ISIC_0013644,cal50,G1,0.5945881794445763,0.42307042729268707,0.12802254098360655,0.11951219512195121,0.13783783783783785,0.4920911743112752,152.04520189781084,308.97770542341357,subpixel_gt_segment_arc_length,382,748,0.5,256,146,0.5703125,110,0,0,0,47,0.3219178082191781,0.18359375,27,0.574468085106383,2,0,3,1,0,1,8,contourpy binary 0.5 isocontours; saddle loops may differ from 8-connected pixel components,0,4347,186,ok,,256,16.0,0.05,6c906d9a40d3b0e3b4d596193382a0a0e417b52440c4e4ffea4d810ce531aa4a,cbeab787aa9a61895fa41bd4c0d4b44d2dda5c061b1948af26e99f5c5500fd38,False,False,False,3913dba608c06a723b7b0d14235fd81f6b2ec59d67cc314fb3eb6d4da75b5f9d,True
ISIC_0013644,cal50,G2,0.585487906588824,0.41391509433962265,0.07423154266015512,0.05811965811965812,0.10270270270270271,0.4920911743112752,152.04520189781084,308.97770542341357,subpixel_gt_segment_arc_length,382,748,0.5,256,146,0.5703125,110,0,0,0,47,0.3219178082191781,0.18359375,27,0.574468085106383,2,0,3,1,0,1,8,contourpy binary 0.5 isocontours; saddle loops may differ from 8-connected pixel components,0,4347,186,ok,,256,16.0,0.05,6c906d9a40d3b0e3b4d596193382a0a0e417b52440c4e4ffea4d810ce531aa4a,cbeab787aa9a61895fa41bd4c0d4b44d2dda5c061b1948af26e99f5c5500fd38,False,False,False,3913dba608c06a723b7b0d14235fd81f6b2ec59d67cc314fb3eb6d4da75b5f9d,True
ISIC_0013644,cal50,G3,0.5924164982764769,0.42087485222090865,0.11326275927360357,0.10218978102189781,0.12702702702702703,0.4920911743112752,152.04520189781084,308.97770542341357,subpixel_gt_segment_arc_length,382,748,0.5,256,146,0.5703125,110,0,0,0,47,0.3219178082191781,0.18359375,27,0.574468085106383,2,0,3,1,0,1,8,contourpy binary 0.5 isocontours; saddle loops may differ from 8-connected pixel components,0,4347,186,ok,,256,16.0,0.05,6c906d9a40d3b0e3b4d596193382a0a0e417b52440c4e4ffea4d810ce531aa4a,cbeab787aa9a61895fa41bd4c0d4b44d2dda5c061b1948af26e99f5c5500fd38,False,False,False,3913dba608c06a723b7b0d14235fd81f6b2ec59d67cc314fb3eb6d4da75b5f9d,True
ISIC_0013644,cal50,G4,0.6215964626483593,0.4509539084923181,0.1487718889309752,0.12374581939799331,0.1864864864864865,0.4920911743112752,152.04520189781084,308.97770542341357,subpixel_gt_segment_arc_length,382,748,0.5,256,146,0.5703125,110,0,0,0,47,0.3219178082191781,0.18359375,27,0.574468085106383,2,0,3,1,0,1,8,contourpy binary 0.5 isocontours; saddle loops may differ from 8-connected pixel components,0,4347,186,ok,,256,16.0,0.05,6c906d9a40d3b0e3b4d596193382a0a0e417b52440c4e4ffea4d810ce531aa4a,cbeab787aa9a61895fa41bd4c0d4b44d2dda5c061b1948af26e99f5c5500fd38,False,False,False,3913dba608c06a723b7b0d14235fd81f6b2ec59d67cc314fb3eb6d4da75b5f9d,True
ISIC_0013663,cal50,G0,0.8675563334062568,0.7660922648945213,0.46235921754593956,0.45614035087719296,0.46875,0.8781715700666899,541.9005409571382,617.0782104868019,subpixel_gt_segment_arc_length,1191,1356,0.5,256,206,0.8046875,34,16,0,0,110,0.5339805825242718,0.4296875,35,0.3181818181818182,1,1,3,1,0,1,8,contourpy binary 0.5 isocontours; saddle loops may differ from 8-connected pixel components,0,1064,152,ok,,256,16.0,0.05,7659f04a201164f5828718c455be04dbe66b810c68a5bde0e3987e41d1189a59,cbeab787aa9a61895fa41bd4c0d4b44d2dda5c061b1948af26e99f5c5500fd38,False,False,False,3913dba608c06a723b7b0d14235fd81f6b2ec59d67cc314fb3eb6d4da75b5f9d,True
ISIC_0013663,cal50,G1,0.8674688252023627,0.7659558028125483,0.46368485843249896,0.4587280108254398,0.46875,0.8781715700666899,541.9005409571382,617.0782104868019,subpixel_gt_segment_arc_length,1191,1356,0.5,256,206,0.8046875,34,16,0,0,110,0.5339805825242718,0.4296875,35,0.3181818181818182,1,1,3,1,0,1,8,contourpy binary 0.5 isocontours; saddle loops may differ from 8-connected pixel components,0,1064,152,ok,,256,16.0,0.05,7659f04a201164f5828718c455be04dbe66b810c68a5bde0e3987e41d1189a59,cbeab787aa9a61895fa41bd4c0d4b44d2dda5c061b1948af26e99f5c5500fd38,False,False,False,3913dba608c06a723b7b0d14235fd81f6b2ec59d67cc314fb3eb6d4da75b5f9d,True
ISIC_0013663,cal50,G2,0.8426098535286285,0.728025770823746,0.3856780601193936,0.36009174311926606,0.41517857142857145,0.8781715700666899,541.9005409571382,617.0782104868019,subpixel_gt_segment_arc_length,1191,1356,0.5,256,206,0.8046875,34,16,0,0,110,0.5339805825242718,0.4296875,35,0.3181818181818182,1,1,3,1,0,1,8,contourpy binary 0.5 isocontours; saddle loops may differ from 8-connected pixel components,0,1064,152,ok,,256,16.0,0.05,7659f04a201164f5828718c455be04dbe66b810c68a5bde0e3987e41d1189a59,cbeab787aa9a61895fa41bd4c0d4b44d2dda5c061b1948af26e99f5c5500fd38,False,False,False,3913dba608c06a723b7b0d14235fd81f6b2ec59d67cc314fb3eb6d4da75b5f9d,True
ISIC_0013663,cal50,G3,0.8683199441145651,0.7672839506172839,0.4652684174829797,0.4604026845637584,0.47023809523809523,0.8781715700666899,541.9005409571382,617.0782104868019,subpixel_gt_segment_arc_length,1191,1356,0.5,256,206,0.8046875,34,16,0,0,110,0.5339805825242718,0.4296875,35,0.3181818181818182,1,1,3,1,0,1,8,contourpy binary 0.5 isocontours; saddle loops may differ from 8-connected pixel components,0,1064,152,ok,,256,16.0,0.05,7659f04a201164f5828718c455be04dbe66b810c68a5bde0e3987e41d1189a59,cbeab787aa9a61895fa41bd4c0d4b44d2dda5c061b1948af26e99f5c5500fd38,False,False,False,3913dba608c06a723b7b0d14235fd81f6b2ec59d67cc314fb3eb6d4da75b5f9d,True
ISIC_0013663,cal50,G4,0.8906676048904917,0.8028861401839518,0.5400271926648128,0.5167701863354037,0.5654761904761905,0.8781715700666899,541.9005409571382,617.0782104868019,subpixel_gt_segment_arc_length,1191,1356,0.5,256,206,0.8046875,34,16,0,0,110,0.5339805825242718,0.4296875,35,0.3181818181818182,1,1,3,1,0,1,8,contourpy binary 0.5 isocontours; saddle loops may differ from 8-connected pixel components,0,1064,152,ok,,256,16.0,0.05,7659f04a201164f5828718c455be04dbe66b810c68a5bde0e3987e41d1189a59,cbeab787aa9a61895fa41bd4c0d4b44d2dda5c061b1948af26e99f5c5500fd38,False,False,False,3913dba608c06a723b7b0d14235fd81f6b2ec59d67cc314fb3eb6d4da75b5f9d,True
ISIC_0013702,cal50,G0,0.7544293903074518,0.6056897814036188,0.21747812606742165,0.23177083333333334,0.20484581497797358,0.6587419962339633,250.38151134570103,380.0904037956217,subpixel_gt_segment_arc_length,627,916,0.5,256,181,0.70703125,75,0,0,0,48,0.26519337016574585,0.1875,18,0.375,1,0,5,1,0,1,8,contourpy binary 0.5 isocontours; saddle loops may differ from 8-connected pixel components,0,1533,165,ok,,256,16.0,0.05,338fa2c8064390cc3efbeecbe5742261633fce537f60b0e74993724e28dc496c,cbeab787aa9a61895fa41bd4c0d4b44d2dda5c061b1948af26e99f5c5500fd38,False,False,False,3913dba608c06a723b7b0d14235fd81f6b2ec59d67cc314fb3eb6d4da75b5f9d,True
ISIC_0013702,cal50,G1,0.7544293903074518,0.6056897814036188,0.21747812606742165,0.23177083333333334,0.20484581497797358,0.6587419962339633,250.38151134570103,380.0904037956217,subpixel_gt_segment_arc_length,627,916,0.5,256,181,0.70703125,75,0,0,0,48,0.26519337016574585,0.1875,18,0.375,1,0,5,1,0,1,8,contourpy binary 0.5 isocontours; saddle loops may differ from 8-connected pixel components,0,1533,165,ok,,256,16.0,0.05,338fa2c8064390cc3efbeecbe5742261633fce537f60b0e74993724e28dc496c,cbeab787aa9a61895fa41bd4c0d4b44d2dda5c061b1948af26e99f5c5500fd38,False,False,False,3913dba608c06a723b7b0d14235fd81f6b2ec59d67cc314fb3eb6d4da75b5f9d,True
ISIC_0013702,cal50,G2,0.7237307358729735,0.5670674333507579,0.1729689254960689,0.17647058823529413,0.1696035242290749,0.6587419962339633,250.38151134570103,380.0904037956217,subpixel_gt_segment_arc_length,627,916,0.5,256,181,0.70703125,75,0,0,0,48,0.26519337016574585,0.1875,18,0.375,1,0,5,1,0,1,8,contourpy binary 0.5 isocontours; saddle loops may differ from 8-connected pixel components,0,1533,165,ok,,256,16.0,0.05,338fa2c8064390cc3efbeecbe5742261633fce537f60b0e74993724e28dc496c,cbeab787aa9a61895fa41bd4c0d4b44d2dda5c061b1948af26e99f5c5500fd38,False,False,False,3913dba608c06a723b7b0d14235fd81f6b2ec59d67cc314fb3eb6d4da75b5f9d,True
ISIC_0013702,cal50,G3,0.7380716689764403,0.5848760589896455,0.19745916515426498,0.20887728459530025,0.18722466960352424,0.6587419962339633,250.38151134570103,380.0904037956217,subpixel_gt_segment_arc_length,627,916,0.5,256,181,0.70703125,75,0,0,0,48,0.26519337016574585,0.1875,18,0.375,1,0,5,1,0,1,8,contourpy binary 0.5 isocontours; saddle loops may differ from 8-connected pixel components,0,1533,165,ok,,256,16.0,0.05,338fa2c8064390cc3efbeecbe5742261633fce537f60b0e74993724e28dc496c,cbeab787aa9a61895fa41bd4c0d4b44d2dda5c061b1948af26e99f5c5500fd38,False,False,False,3913dba608c06a723b7b0d14235fd81f6b2ec59d67cc314fb3eb6d4da75b5f9d,True
ISIC_0013702,cal50,G4,0.7756722151088348,0.6335494666387785,0.23395080826049963,0.2242798353909465,0.2444933920704846,0.6587419962339633,250.38151134570103,380.0904037956217,subpixel_gt_segment_arc_length,627,916,0.5,256,181,0.70703125,75,0,0,0,48,0.26519337016574585,0.1875,18,0.375,1,0,5,1,0,1,8,contourpy binary 0.5 isocontours; saddle loops may differ from 8-connected pixel components,0,1533,165,ok,,256,16.0,0.05,338fa2c8064390cc3efbeecbe5742261633fce537f60b0e74993724e28dc496c,cbeab787aa9a61895fa41bd4c0d4b44d2dda5c061b1948af26e99f5c5500fd38,False,False,False,3913dba608c06a723b7b0d14235fd81f6b2ec59d67cc314fb3eb6d4da75b5f9d,True
ISIC_0013828,cal50,G0,0.4333721323170503,0.27662736075160577,0.06151537884471117,0.06396255850234009,0.059248554913294796,0.1270751676558949,82.11700935788386,646.2081528017131,subpixel_gt_segment_arc_length,178,1392,0.5,256,51,0.19921875,205,0,0,0,15,0.29411764705882354,0.05859375,15,1.0,5,1,10,1,0,1,8,contourpy binary 0.5 isocontours; saddle loops may differ from 8-connected pixel components,0,1318,144,ok,,256,16.0,0.05,243d290561a8796e6d2f6c5a26a89158d4e324832ad8c988388317ce57c038cf,cbeab787aa9a61895fa41bd4c0d4b44d2dda5c061b1948af26e99f5c5500fd38,False,False,False,3913dba608c06a723b7b0d14235fd81f6b2ec59d67cc314fb3eb6d4da75b5f9d,True
ISIC_0013828,cal50,G1,0.4333721323170503,0.27662736075160577,0.06151537884471117,0.06396255850234009,0.059248554913294796,0.1270751676558949,82.11700935788386,646.2081528017131,subpixel_gt_segment_arc_length,178,1392,0.5,256,51,0.19921875,205,0,0,0,15,0.29411764705882354,0.05859375,15,1.0,5,1,10,1,0,1,8,contourpy binary 0.5 isocontours; saddle loops may differ from 8-connected pixel components,0,1318,144,ok,,256,16.0,0.05,243d290561a8796e6d2f6c5a26a89158d4e324832ad8c988388317ce57c038cf,cbeab787aa9a61895fa41bd4c0d4b44d2dda5c061b1948af26e99f5c5500fd38,False,False,False,3913dba608c06a723b7b0d14235fd81f6b2ec59d67cc314fb3eb6d4da75b5f9d,True
ISIC_0013828,cal50,G2,0.3394754646396307,0.20443869235931358,0.057950530035335686,0.056708160442600276,0.059248554913294796,0.1270751676558949,82.11700935788386,646.2081528017131,subpixel_gt_segment_arc_length,178,1392,0.5,256,51,0.19921875,205,0,0,0,15,0.29411764705882354,0.05859375,15,1.0,5,1,10,1,0,1,8,contourpy binary 0.5 isocontours; saddle loops may differ from 8-connected pixel components,0,1318,144,ok,,256,16.0,0.05,243d290561a8796e6d2f6c5a26a89158d4e324832ad8c988388317ce57c038cf,cbeab787aa9a61895fa41bd4c0d4b44d2dda5c061b1948af26e99f5c5500fd38,False,False,False,3913dba608c06a723b7b0d14235fd81f6b2ec59d67cc314fb3eb6d4da75b5f9d,True
ISIC_0013828,cal50,G3,0.3563521764821745,0.21680567539066245,0.06087602078693393,0.06259541984732825,0.059248554913294796,0.1270751676558949,82.11700935788386,646.2081528017131,subpixel_gt_segment_arc_length,178,1392,0.5,256,51,0.19921875,205,0,0,0,15,0.29411764705882354,0.05859375,15,1.0,5,1,10,1,0,1,8,contourpy binary 0.5 isocontours; saddle loops may differ from 8-connected pixel components,0,1318,144,ok,,256,16.0,0.05,243d290561a8796e6d2f6c5a26a89158d4e324832ad8c988388317ce57c038cf,cbeab787aa9a61895fa41bd4c0d4b44d2dda5c061b1948af26e99f5c5500fd38,False,False,False,3913dba608c06a723b7b0d14235fd81f6b2ec59d67cc314fb3eb6d4da75b5f9d,True
ISIC_0013828,cal50,G4,0.5127186291552843,0.34473546109441344,0.10720575045989277,0.0919080919080919,0.12861271676300579,0.1270751676558949,82.11700935788386,646.2081528017131,subpixel_gt_segment_arc_length,178,1392,0.5,256,51,0.19921875,205,0,0,0,15,0.29411764705882354,0.05859375,15,1.0,5,1,10,1,0,1,8,contourpy binary 0.5 isocontours; saddle loops may differ from 8-connected pixel components,0,1318,144,ok,,256,16.0,0.05,243d290561a8796e6d2f6c5a26a89158d4e324832ad8c988388317ce57c038cf,cbeab787aa9a61895fa41bd4c0d4b44d2dda5c061b1948af26e99f5c5500fd38,False,False,False,3913dba608c06a723b7b0d14235fd81f6b2ec59d67cc314fb3eb6d4da75b5f9d,True
ISIC_0013945,cal50,G0,0.6233890214797136,0.45284327323162277,0.3495795107033639,0.44696969696969696,0.28703703703703703,1.0,190.95331880577407,190.95331880577407,subpixel_gt_segment_arc_length,444,444,0.5,256,201,0.78515625,2,53,0,0,74,0.3681592039800995,0.2890625,12,0.16216216216216217,1,0,1,1,0,1,8,contourpy binary 0.5 isocontours; saddle loops may differ from 8-connected pixel components,0,9069,161,ok,,256,16.0,0.05,f4378bd7ebaef904c507a3f803ce66fed63bf618df3bab3b9734b42247eacbb8,cbeab787aa9a61895fa41bd4c0d4b44d2dda5c061b1948af26e99f5c5500fd38,False,False,False,3913dba608c06a723b7b0d14235fd81f6b2ec59d67cc314fb3eb6d4da75b5f9d,True
ISIC_0013945,cal50,G1,0.6233890214797136,0.45284327323162277,0.3495795107033639,0.44696969696969696,0.28703703703703703,1.0,190.95331880577407,190.95331880577407,subpixel_gt_segment_arc_length,444,444,0.5,256,201,0.78515625,2,53,0,0,74,0.3681592039800995,0.2890625,12,0.16216216216216217,1,0,1,1,0,1,8,contourpy binary 0.5 isocontours; saddle loops may differ from 8-connected pixel components,0,9069,161,ok,,256,16.0,0.05,f4378bd7ebaef904c507a3f803ce66fed63bf618df3bab3b9734b42247eacbb8,cbeab787aa9a61895fa41bd4c0d4b44d2dda5c061b1948af26e99f5c5500fd38,False,False,False,3913dba608c06a723b7b0d14235fd81f6b2ec59d67cc314fb3eb6d4da75b5f9d,True
ISIC_0013945,cal50,G2,0.6253982703686846,0.4549668874172185,0.31027253668763105,0.2901960784313726,0.3333333333333333,1.0,190.95331880577407,190.95331880577407,subpixel_gt_segment_arc_length,444,444,0.5,256,201,0.78515625,2,53,0,0,74,0.3681592039800995,0.2890625,12,0.16216216216216217,1,0,1,1,0,1,8,contourpy binary 0.5 isocontours; saddle loops may differ from 8-connected pixel components,0,9069,161,ok,,256,16.0,0.05,f4378bd7ebaef904c507a3f803ce66fed63bf618df3bab3b9734b42247eacbb8,cbeab787aa9a61895fa41bd4c0d4b44d2dda5c061b1948af26e99f5c5500fd38,False,False,False,3913dba608c06a723b7b0d14235fd81f6b2ec59d67cc314fb3eb6d4da75b5f9d,True
ISIC_0013945,cal50,G3,0.7335581787521079,0.5792276964047937,0.37528352464086884,0.44571428571428573,0.32407407407407407,1.0,190.95331880577407,190.95331880577407,subpixel_gt_segment_arc_length,444,444,0.5,256,201,0.78515625,2,53,0,0,74,0.3681592039800995,0.2890625,12,0.16216216216216217,1,0,1,1,0,1,8,contourpy binary 0.5 isocontours; saddle loops may differ from 8-connected pixel components,0,9069,161,ok,,256,16.0,0.05,f4378bd7ebaef904c507a3f803ce66fed63bf618df3bab3b9734b42247eacbb8,cbeab787aa9a61895fa41bd4c0d4b44d2dda5c061b1948af26e99f5c5500fd38,False,False,False,3913dba608c06a723b7b0d14235fd81f6b2ec59d67cc314fb3eb6d4da75b5f9d,True
ISIC_0013945,cal50,G4,0.5414364640883977,0.3712121212121212,0.4036139718734034,0.45023696682464454,0.36574074074074076,1.0,190.95331880577407,190.95331880577407,subpixel_gt_segment_arc_length,444,444,0.5,256,201,0.78515625,2,53,0,0,74,0.3681592039800995,0.2890625,12,0.16216216216216217,1,0,1,1,0,1,8,contourpy binary 0.5 isocontours; saddle loops may differ from 8-connected pixel components,0,9069,161,ok,,256,16.0,0.05,f4378bd7ebaef904c507a3f803ce66fed63bf618df3bab3b9734b42247eacbb8,cbeab787aa9a61895fa41bd4c0d4b44d2dda5c061b1948af26e99f5c5500fd38,False,False,False,3913dba608c06a723b7b0d14235fd81f6b2ec59d67cc314fb3eb6d4da75b5f9d,True
ISIC_0014037,cal50,G0,0.6353199218616128,0.46554495228528375,0.0,0.0,0.0,0.42649246191684503,273.84671708797583,642.0904037956217,subpixel_gt_segment_arc_length,601,1440,0.5,256,131,0.51171875,125,0,0,0,17,0.1297709923664122,0.06640625,16,0.9411764705882353,2,0,2,1,0,1,8,contourpy binary 0.5 isocontours; saddle loops may differ from 8-connected pixel components,0,1214,177,ok,,256,16.0,0.05,a7cf03310ecacf480c48f71ea180de6a1104a7edb62f6b9f4bdbaa7afc4b4773,cbeab787aa9a61895fa41bd4c0d4b44d2dda5c061b1948af26e99f5c5500fd38,False,False,False,3913dba608c06a723b7b0d14235fd81f6b2ec59d67cc314fb3eb6d4da75b5f9d,True
ISIC_0014037,cal50,G1,0.635226376940741,0.4654445002511301,0.0,0.0,0.0,0.42649246191684503,273.84671708797583,642.0904037956217,subpixel_gt_segment_arc_length,601,1440,0.5,256,131,0.51171875,125,0,0,0,17,0.1297709923664122,0.06640625,16,0.9411764705882353,2,0,2,1,0,1,8,contourpy binary 0.5 isocontours; saddle loops may differ from 8-connected pixel components,0,1214,177,ok,,256,16.0,0.05,a7cf03310ecacf480c48f71ea180de6a1104a7edb62f6b9f4bdbaa7afc4b4773,cbeab787aa9a61895fa41bd4c0d4b44d2dda5c061b1948af26e99f5c5500fd38,False,False,False,3913dba608c06a723b7b0d14235fd81f6b2ec59d67cc314fb3eb6d4da75b5f9d,True
ISIC_0014037,cal50,G2,0.5515786410592173,0.3808136614766449,0.001397624039133473,0.0013966480446927375,0.0013986013986013986,0.42649246191684503,273.84671708797583,642.0904037956217,subpixel_gt_segment_arc_length,601,1440,0.5,256,131,0.51171875,125,0,0,0,17,0.1297709923664122,0.06640625,16,0.9411764705882353,2,0,2,1,0,1,8,contourpy binary 0.5 isocontours; saddle loops may differ from 8-connected pixel components,0,1214,177,ok,,256,16.0,0.05,a7cf03310ecacf480c48f71ea180de6a1104a7edb62f6b9f4bdbaa7afc4b4773,cbeab787aa9a61895fa41bd4c0d4b44d2dda5c061b1948af26e99f5c5500fd38,False,False,False,3913dba608c06a723b7b0d14235fd81f6b2ec59d67cc314fb3eb6d4da75b5f9d,True
ISIC_0014037,cal50,G3,0.6329305135951662,0.46298342541436466,0.0,0.0,0.0,0.42649246191684503,273.84671708797583,642.0904037956217,subpixel_gt_segment_arc_length,601,1440,0.5,256,131,0.51171875,125,0,0,0,17,0.1297709923664122,0.06640625,16,0.9411764705882353,2,0,2,1,0,1,8,contourpy binary 0.5 isocontours; saddle loops may differ from 8-connected pixel components,0,1214,177,ok,,256,16.0,0.05,a7cf03310ecacf480c48f71ea180de6a1104a7edb62f6b9f4bdbaa7afc4b4773,cbeab787aa9a61895fa41bd4c0d4b44d2dda5c061b1948af26e99f5c5500fd38,False,False,False,3913dba608c06a723b7b0d14235fd81f6b2ec59d67cc314fb3eb6d4da75b5f9d,True
ISIC_0014037,cal50,G4,0.6619713586209209,0.49473631441748545,0.09520491841864931,0.10167310167310167,0.08951048951048951,0.42649246191684503,273.84671708797583,642.0904037956217,subpixel_gt_segment_arc_length,601,1440,0.5,256,131,0.51171875,125,0,0,0,17,0.1297709923664122,0.06640625,16,0.9411764705882353,2,0,2,1,0,1,8,contourpy binary 0.5 isocontours; saddle loops may differ from 8-connected pixel components,0,1214,177,ok,,256,16.0,0.05,a7cf03310ecacf480c48f71ea180de6a1104a7edb62f6b9f4bdbaa7afc4b4773,cbeab787aa9a61895fa41bd4c0d4b44d2dda5c061b1948af26e99f5c5500fd38,False,False,False,3913dba608c06a723b7b0d14235fd81f6b2ec59d67cc314fb3eb6d4da75b5f9d,True
ISIC_0014055,cal50,G0,0.9343430700805385,0.8767766096647566,0.32998273936440253,0.3351206434316354,0.325,0.946876527277781,631.4109485972239,666.8355697996826,subpixel_gt_segment_arc_length,1375,1452,0.5,256,242,0.9453125,14,0,0,0,99,0.4090909090909091,0.38671875,49,0.494949494949495,3,2,6,1,0,1,8,contourpy binary 0.5 isocontours; saddle loops may differ from 8-connected pixel components,0,577,138,ok,,256,16.0,0.05,abef778da2b5be9b3918e0adf99fee53b5a6b598318cb1629aec01cd15235cb0,cbeab787aa9a61895fa41bd4c0d4b44d2dda5c061b1948af26e99f5c5500fd38,False,False,False,3913dba608c06a723b7b0d14235fd81f6b2ec59d67cc314fb3eb6d4da75b5f9d,True
ISIC_0014055,cal50,G1,0.9343174496321585,0.8767314894193025,0.3268233050822673,0.33608815426997246,0.31805555555555554,0.946876527277781,631.4109485972239,666.8355697996826,subpixel_gt_segment_arc_length,1375,1452,0.5,256,242,0.9453125,14,0,0,0,99,0.4090909090909091,0.38671875,49,0.494949494949495,3,2,6,1,0,1,8,contourpy binary 0.5 isocontours; saddle loops may differ from 8-connected pixel components,0,577,138,ok,,256,16.0,0.05,abef778da2b5be9b3918e0adf99fee53b5a6b598318cb1629aec01cd15235cb0,cbeab787aa9a61895fa41bd4c0d4b44d2dda5c061b1948af26e99f5c5500fd38,False,False,False,3913dba608c06a723b7b0d14235fd81f6b2ec59d67cc314fb3eb6d4da75b5f9d,True
ISIC_0014055,cal50,G2,0.9139987752602572,0.8416185492601949,0.2797162001012346,0.2698961937716263,0.2902777777777778,0.946876527277781,631.4109485972239,666.8355697996826,subpixel_gt_segment_arc_length,1375,1452,0.5,256,242,0.9453125,14,0,0,0,99,0.4090909090909091,0.38671875,49,0.494949494949495,3,2,6,1,0,1,8,contourpy binary 0.5 isocontours; saddle loops may differ from 8-connected pixel components,0,577,138,ok,,256,16.0,0.05,abef778da2b5be9b3918e0adf99fee53b5a6b598318cb1629aec01cd15235cb0,cbeab787aa9a61895fa41bd4c0d4b44d2dda5c061b1948af26e99f5c5500fd38,False,False,False,3913dba608c06a723b7b0d14235fd81f6b2ec59d67cc314fb3eb6d4da75b5f9d,True
ISIC_0014055,cal50,G3,0.9343174496321585,0.8767314894193025,0.3268233050822673,0.33608815426997246,0.31805555555555554,0.946876527277781,631.4109485972239,666.8355697996826,subpixel_gt_segment_arc_length,1375,1452,0.5,256,242,0.9453125,14,0,0,0,99,0.4090909090909091,0.38671875,49,0.494949494949495,3,2,6,1,0,1,8,contourpy binary 0.5 isocontours; saddle loops may differ from 8-connected pixel components,0,577,138,ok,,256,16.0,0.05,abef778da2b5be9b3918e0adf99fee53b5a6b598318cb1629aec01cd15235cb0,cbeab787aa9a61895fa41bd4c0d4b44d2dda5c061b1948af26e99f5c5500fd38,False,False,False,3913dba608c06a723b7b0d14235fd81f6b2ec59d67cc314fb3eb6d4da75b5f9d,True
ISIC_0014055,cal50,G4,0.9516420752022846,0.9077453918096795,0.47533329950195374,0.47022332506203474,0.48055555555555557,0.946876527277781,631.4109485972239,666.8355697996826,subpixel_gt_segment_arc_length,1375,1452,0.5,256,242,0.9453125,14,0,0,0,99,0.4090909090909091,0.38671875,49,0.494949494949495,3,2,6,1,0,1,8,contourpy binary 0.5 isocontours; saddle loops may differ from 8-connected pixel components,0,577,138,ok,,256,16.0,0.05,abef778da2b5be9b3918e0adf99fee53b5a6b598318cb1629aec01cd15235cb0,cbeab787aa9a61895fa41bd4c0d4b44d2dda5c061b1948af26e99f5c5500fd38,False,False,False,3913dba608c06a723b7b0d14235fd81f6b2ec59d67cc314fb3eb6d4da75b5f9d,True
ISIC_0014178,cal50,G0,0.9273868942199324,0.8646052236565596,0.6714552238805971,0.6828358208955224,0.6604477611940298,1.0,248.5685424949238,248.5685424949238,subpixel_gt_segment_arc_length,544,544,0.5,256,253,0.98828125,0,3,0,0,175,0.691699604743083,0.68359375,23,0.13142857142857142,1,0,1,1,0,1,8,contourpy binary 0.5 isocontours; saddle loops may differ from 8-connected pixel components,0,2600,190,ok,,256,16.0,0.05,c1659ccf850f028a7c8bd46b1f32ac200babfcd941be4ea4ea5bb12c7d26cddb,cbeab787aa9a61895fa41bd4c0d4b44d2dda5c061b1948af26e99f5c5500fd38,False,False,False,3913dba608c06a723b7b0d14235fd81f6b2ec59d67cc314fb3eb6d4da75b5f9d,True
ISIC_0014178,cal50,G1,0.9273868942199324,0.8646052236565596,0.6714552238805971,0.6828358208955224,0.6604477611940298,1.0,248.5685424949238,248.5685424949238,subpixel_gt_segment_arc_length,544,544,0.5,256,253,0.98828125,0,3,0,0,175,0.691699604743083,0.68359375,23,0.13142857142857142,1,0,1,1,0,1,8,contourpy binary 0.5 isocontours; saddle loops may differ from 8-connected pixel components,0,2600,190,ok,,256,16.0,0.05,c1659ccf850f028a7c8bd46b1f32ac200babfcd941be4ea4ea5bb12c7d26cddb,cbeab787aa9a61895fa41bd4c0d4b44d2dda5c061b1948af26e99f5c5500fd38,False,False,False,3913dba608c06a723b7b0d14235fd81f6b2ec59d67cc314fb3eb6d4da75b5f9d,True
ISIC_0014178,cal50,G2,0.9324975891996142,0.8735320686540199,0.7477115005535604,0.7689530685920578,0.7276119402985075,1.0,248.5685424949238,248.5685424949238,subpixel_gt_segment_arc_length,544,544,0.5,256,253,0.98828125,0,3,0,0,175,0.691699604743083,0.68359375,23,0.13142857142857142,1,0,1,1,0,1,8,contourpy binary 0.5 isocontours; saddle loops may differ from 8-connected pixel components,0,2600,190,ok,,256,16.0,0.05,c1659ccf850f028a7c8bd46b1f32ac200babfcd941be4ea4ea5bb12c7d26cddb,cbeab787aa9a61895fa41bd4c0d4b44d2dda5c061b1948af26e99f5c5500fd38,False,False,False,3913dba608c06a723b7b0d14235fd81f6b2ec59d67cc314fb3eb6d4da75b5f9d,True
ISIC_0014178,cal50,G3,0.9286861548345647,0.8668665667166416,0.6725890931498407,0.6851851851851852,0.6604477611940298,1.0,248.5685424949238,248.5685424949238,subpixel_gt_segment_arc_length,544,544,0.5,256,253,0.98828125,0,3,0,0,175,0.691699604743083,0.68359375,23,0.13142857142857142,1,0,1,1,0,1,8,contourpy binary 0.5 isocontours; saddle loops may differ from 8-connected pixel components,0,2600,190,ok,,256,16.0,0.05,c1659ccf850f028a7c8bd46b1f32ac200babfcd941be4ea4ea5bb12c7d26cddb,cbeab787aa9a61895fa41bd4c0d4b44d2dda5c061b1948af26e99f5c5500fd38,False,False,False,3913dba608c06a723b7b0d14235fd81f6b2ec59d67cc314fb3eb6d4da75b5f9d,True
ISIC_0014178,cal50,G4,0.9460903351141331,0.8976958525345622,0.7975598009311285,0.8244274809160306,0.7723880597014925,1.0,248.5685424949238,248.5685424949238,subpixel_gt_segment_arc_length,544,544,0.5,256,253,0.98828125,0,3,0,0,175,0.691699604743083,0.68359375,23,0.13142857142857142,1,0,1,1,0,1,8,contourpy binary 0.5 isocontours; saddle loops may differ from 8-connected pixel components,0,2600,190,ok,,256,16.0,0.05,c1659ccf850f028a7c8bd46b1f32ac200babfcd941be4ea4ea5bb12c7d26cddb,cbeab787aa9a61895fa41bd4c0d4b44d2dda5c061b1948af26e99f5c5500fd38,False,False,False,3913dba608c06a723b7b0d14235fd81f6b2ec59d67cc314fb3eb6d4da75b5f9d,True
ISIC_0014428,cal50,G0,0.9313959904359022,0.8716006884681583,0.7101303911735206,0.759656652360515,0.6666666666666666,1.0,228.91168824543144,228.91168824543144,subpixel_gt_segment_arc_length,500,500,0.5,256,256,1.0,0,0,0,0,172,0.671875,0.671875,34,0.19767441860465115,1,0,1,1,0,1,8,contourpy binary 0.5 isocontours; saddle loops may differ from 8-connected pixel components,0,2426,147,ok,,256,16.0,0.05,0748c3dac3857bbb046ae9926e9fb944234533400e2e8c9312b187bfa61f48e6,cbeab787aa9a61895fa41bd4c0d4b44d2dda5c061b1948af26e99f5c5500fd38,False,False,False,3913dba608c06a723b7b0d14235fd81f6b2ec59d67cc314fb3eb6d4da75b5f9d,True
ISIC_0014428,cal50,G1,0.9313959904359022,0.8716006884681583,0.7101303911735206,0.759656652360515,0.6666666666666666,1.0,228.91168824543144,228.91168824543144,subpixel_gt_segment_arc_length,500,500,0.5,256,256,1.0,0,0,0,0,172,0.671875,0.671875,34,0.19767441860465115,1,0,1,1,0,1,8,contourpy binary 0.5 isocontours; saddle loops may differ from 8-connected pixel components,0,2426,147,ok,,256,16.0,0.05,0748c3dac3857bbb046ae9926e9fb944234533400e2e8c9312b187bfa61f48e6,cbeab787aa9a61895fa41bd4c0d4b44d2dda5c061b1948af26e99f5c5500fd38,False,False,False,3913dba608c06a723b7b0d14235fd81f6b2ec59d67cc314fb3eb6d4da75b5f9d,True
ISIC_0014428,cal50,G2,0.9284519606021185,0.8664585501214013,0.6860105693488883,0.7257383966244726,0.6504065040650406,1.0,228.91168824543144,228.91168824543144,subpixel_gt_segment_arc_length,500,500,0.5,256,256,1.0,0,0,0,0,172,0.671875,0.671875,34,0.19767441860465115,1,0,1,1,0,1,8,contourpy binary 0.5 isocontours; saddle loops may differ from 8-connected pixel components,0,2426,147,ok,,256,16.0,0.05,0748c3dac3857bbb046ae9926e9fb944234533400e2e8c9312b187bfa61f48e6,cbeab787aa9a61895fa41bd4c0d4b44d2dda5c061b1948af26e99f5c5500fd38,False,False,False,3913dba608c06a723b7b0d14235fd81f6b2ec59d67cc314fb3eb6d4da75b5f9d,True
ISIC_0014428,cal50,G3,0.9313959904359022,0.8716006884681583,0.7101303911735206,0.759656652360515,0.6666666666666666,1.0,228.91168824543144,228.91168824543144,subpixel_gt_segment_arc_length,500,500,0.5,256,256,1.0,0,0,0,0,172,0.671875,0.671875,34,0.19767441860465115,1,0,1,1,0,1,8,contourpy binary 0.5 isocontours; saddle loops may differ from 8-connected pixel components,0,2426,147,ok,,256,16.0,0.05,0748c3dac3857bbb046ae9926e9fb944234533400e2e8c9312b187bfa61f48e6,cbeab787aa9a61895fa41bd4c0d4b44d2dda5c061b1948af26e99f5c5500fd38,False,False,False,3913dba608c06a723b7b0d14235fd81f6b2ec59d67cc314fb3eb6d4da75b5f9d,True
ISIC_0014428,cal50,G4,0.9429880843263061,0.8921262573707943,0.7855672755338307,0.8174273858921162,0.7560975609756098,1.0,228.91168824543144,228.91168824543144,subpixel_gt_segment_arc_length,500,500,0.5,256,256,1.0,0,0,0,0,172,0.671875,0.671875,34,0.19767441860465115,1,0,1,1,0,1,8,contourpy binary 0.5 isocontours; saddle loops may differ from 8-connected pixel components,0,2426,147,ok,,256,16.0,0.05,0748c3dac3857bbb046ae9926e9fb944234533400e2e8c9312b187bfa61f48e6,cbeab787aa9a61895fa41bd4c0d4b44d2dda5c061b1948af26e99f5c5500fd38,False,False,False,3913dba608c06a723b7b0d14235fd81f6b2ec59d67cc314fb3eb6d4da75b5f9d,True
ISIC_0014568,cal50,G0,0.7847822091527292,0.6457955232909861,0.30757567311444334,0.2951219512195122,0.3211267605633803,0.7937621979131645,240.65180361560905,303.1787155501902,subpixel_gt_segment_arc_length,568,720,0.5,256,203,0.79296875,51,2,0,0,103,0.5073891625615764,0.40234375,53,0.5145631067961165,2,0,4,1,0,1,8,contourpy binary 0.5 isocontours; saddle loops may differ from 8-connected pixel components,0,2355,164,ok,,256,16.0,0.05,a7a8ff06f9b1f84e8517f312ffdcfafa5a1bc90c0000410297052dc61c698963,cbeab787aa9a61895fa41bd4c0d4b44d2dda5c061b1948af26e99f5c5500fd38,False,False,False,3913dba608c06a723b7b0d14235fd81f6b2ec59d67cc314fb3eb6d4da75b5f9d,True
ISIC_0014568,cal50,G1,0.7847822091527292,0.6457955232909861,0.30757567311444334,0.2951219512195122,0.3211267605633803,0.7937621979131645,240.65180361560905,303.1787155501902,subpixel_gt_segment_arc_length,568,720,0.5,256,203,0.79296875,51,2,0,0,103,0.5073891625615764,0.40234375,53,0.5145631067961165,2,0,4,1,0,1,8,contourpy binary 0.5 isocontours; saddle loops may differ from 8-connected pixel components,0,2355,164,ok,,256,16.0,0.05,a7a8ff06f9b1f84e8517f312ffdcfafa5a1bc90c0000410297052dc61c698963,cbeab787aa9a61895fa41bd4c0d4b44d2dda5c061b1948af26e99f5c5500fd38,False,False,False,3913dba608c06a723b7b0d14235fd81f6b2ec59d67cc314fb3eb6d4da75b5f9d,True
ISIC_0014568,cal50,G2,0.757155001416832,0.6092111263109895,0.2984785931926665,0.2809734513274336,0.3183098591549296,0.7937621979131645,240.65180361560905,303.1787155501902,subpixel_gt_segment_arc_length,568,720,0.5,256,203,0.79296875,51,2,0,0,103,0.5073891625615764,0.40234375,53,0.5145631067961165,2,0,4,1,0,1,8,contourpy binary 0.5 isocontours; saddle loops may differ from 8-connected pixel components,0,2355,164,ok,,256,16.0,0.05,a7a8ff06f9b1f84e8517f312ffdcfafa5a1bc90c0000410297052dc61c698963,cbeab787aa9a61895fa41bd4c0d4b44d2dda5c061b1948af26e99f5c5500fd38,False,False,False,3913dba608c06a723b7b0d14235fd81f6b2ec59d67cc314fb3eb6d4da75b5f9d,True
ISIC_0014568,cal50,G3,0.7847822091527292,0.6457955232909861,0.30757567311444334,0.2951219512195122,0.3211267605633803,0.7937621979131645,240.65180361560905,303.1787155501902,subpixel_gt_segment_arc_length,568,720,0.5,256,203,0.79296875,51,2,0,0,103,0.5073891625615764,0.40234375,53,0.5145631067961165,2,0,4,1,0,1,8,contourpy binary 0.5 isocontours; saddle loops may differ from 8-connected pixel components,0,2355,164,ok,,256,16.0,0.05,a7a8ff06f9b1f84e8517f312ffdcfafa5a1bc90c0000410297052dc61c698963,cbeab787aa9a61895fa41bd4c0d4b44d2dda5c061b1948af26e99f5c5500fd38,False,False,False,3913dba608c06a723b7b0d14235fd81f6b2ec59d67cc314fb3eb6d4da75b5f9d,True
ISIC_0014568,cal50,G4,0.82872633543685,0.7075428744877826,0.3893318331756463,0.31278195488721805,0.5154929577464789,0.7937621979131645,240.65180361560905,303.1787155501902,subpixel_gt_segment_arc_length,568,720,0.5,256,203,0.79296875,51,2,0,0,103,0.5073891625615764,0.40234375,53,0.5145631067961165,2,0,4,1,0,1,8,contourpy binary 0.5 isocontours; saddle loops may differ from 8-connected pixel components,0,2355,164,ok,,256,16.0,0.05,a7a8ff06f9b1f84e8517f312ffdcfafa5a1bc90c0000410297052dc61c698963,cbeab787aa9a61895fa41bd4c0d4b44d2dda5c061b1948af26e99f5c5500fd38,False,False,False,3913dba608c06a723b7b0d14235fd81f6b2ec59d67cc314fb3eb6d4da75b5f9d,True
ISIC_0014597,cal50,G0,0.8587135788894997,0.7524084778420038,0.6091665222665049,0.6013513513513513,0.6171875,1.0,119.69848480983501,119.69848480983501,subpixel_gt_segment_arc_length,264,264,0.5,256,254,0.9921875,0,2,0,0,184,0.7244094488188977,0.71875,30,0.16304347826086957,1,0,1,1,0,1,8,contourpy binary 0.5 isocontours; saddle loops may differ from 8-connected pixel components,0,7069,163,ok,,256,16.0,0.05,247953ee02ce8dcf15b7868320edb794276a1b0571f26a3db2fb7863e48d2b28,cbeab787aa9a61895fa41bd4c0d4b44d2dda5c061b1948af26e99f5c5500fd38,False,False,False,3913dba608c06a723b7b0d14235fd81f6b2ec59d67cc314fb3eb6d4da75b5f9d,True
ISIC_0014597,cal50,G1,0.8587135788894997,0.7524084778420038,0.6091665222665049,0.6013513513513513,0.6171875,1.0,119.69848480983501,119.69848480983501,subpixel_gt_segment_arc_length,264,264,0.5,256,254,0.9921875,0,2,0,0,184,0.7244094488188977,0.71875,30,0.16304347826086957,1,0,1,1,0,1,8,contourpy binary 0.5 isocontours; saddle loops may differ from 8-connected pixel components,0,7069,163,ok,,256,16.0,0.05,247953ee02ce8dcf15b7868320edb794276a1b0571f26a3db2fb7863e48d2b28,cbeab787aa9a61895fa41bd4c0d4b44d2dda5c061b1948af26e99f5c5500fd38,False,False,False,3913dba608c06a723b7b0d14235fd81f6b2ec59d67cc314fb3eb6d4da75b5f9d,True
ISIC_0014597,cal50,G2,0.8958810068649885,0.81139896373057,0.8273369582912773,0.8344827586206897,0.8203125,1.0,119.69848480983501,119.69848480983501,subpixel_gt_segment_arc_length,264,264,0.5,256,254,0.9921875,0,2,0,0,184,0.7244094488188977,0.71875,30,0.16304347826086957,1,0,1,1,0,1,8,contourpy binary 0.5 isocontours; saddle loops may differ from 8-connected pixel components,0,7069,163,ok,,256,16.0,0.05,247953ee02ce8dcf15b7868320edb794276a1b0571f26a3db2fb7863e48d2b28,cbeab787aa9a61895fa41bd4c0d4b44d2dda5c061b1948af26e99f5c5500fd38,False,False,False,3913dba608c06a723b7b0d14235fd81f6b2ec59d67cc314fb3eb6d4da75b5f9d,True
ISIC_0014597,cal50,G3,0.889267461669506,0.8006134969325154,0.7963669869685402,0.8120805369127517,0.78125,1.0,119.69848480983501,119.69848480983501,subpixel_gt_segment_arc_length,264,264,0.5,256,254,0.9921875,0,2,0,0,184,0.7244094488188977,0.71875,30,0.16304347826086957,1,0,1,1,0,1,8,contourpy binary 0.5 isocontours; saddle loops may differ from 8-connected pixel components,0,7069,163,ok,,256,16.0,0.05,247953ee02ce8dcf15b7868320edb794276a1b0571f26a3db2fb7863e48d2b28,cbeab787aa9a61895fa41bd4c0d4b44d2dda5c061b1948af26e99f5c5500fd38,False,False,False,3913dba608c06a723b7b0d14235fd81f6b2ec59d67cc314fb3eb6d4da75b5f9d,True
ISIC_0014597,cal50,G4,0.9199057714958775,0.8516902944383861,0.9069767441860466,0.9,0.9140625,1.0,119.69848480983501,119.69848480983501,subpixel_gt_segment_arc_length,264,264,0.5,256,254,0.9921875,0,2,0,0,184,0.7244094488188977,0.71875,30,0.16304347826086957,1,0,1,1,0,1,8,contourpy binary 0.5 isocontours; saddle loops may differ from 8-connected pixel components,0,7069,163,ok,,256,16.0,0.05,247953ee02ce8dcf15b7868320edb794276a1b0571f26a3db2fb7863e48d2b28,cbeab787aa9a61895fa41bd4c0d4b44d2dda5c061b1948af26e99f5c5500fd38,False,False,False,3913dba608c06a723b7b0d14235fd81f6b2ec59d67cc314fb3eb6d4da75b5f9d,True
ISIC_0014601,cal50,G0,0.8456303077757031,0.7325472190337056,0.12415322084000492,0.12413793103448276,0.12416851441241686,0.9436251856164201,360.64496731299164,382.19090885901005,subpixel_gt_segment_arc_length,861,912,0.5,256,229,0.89453125,27,0,0,0,44,0.19213973799126638,0.171875,24,0.5454545454545454,1,1,2,1,0,1,8,contourpy binary 0.5 isocontours; saddle loops may differ from 8-connected pixel components,0,1640,203,ok,,256,16.0,0.05,fce79a9984bc312f90a46b6cdc84ced1f3b18e72f891ac17f1a06bba3c7c99e2,cbeab787aa9a61895fa41bd4c0d4b44d2dda5c061b1948af26e99f5c5500fd38,False,False,False,3913dba608c06a723b7b0d14235fd81f6b2ec59d67cc314fb3eb6d4da75b5f9d,True
ISIC_0014601,cal50,G1,0.8456303077757031,0.7325472190337056,0.12487095841764051,0.12558139534883722,0.12416851441241686,0.9436251856164201,360.64496731299164,382.19090885901005,subpixel_gt_segment_arc_length,861,912,0.5,256,229,0.89453125,27,0,0,0,44,0.19213973799126638,0.171875,24,0.5454545454545454,1,1,2,1,0,1,8,contourpy binary 0.5 isocontours; saddle loops may differ from 8-connected pixel components,0,1640,203,ok,,256,16.0,0.05,fce79a9984bc312f90a46b6cdc84ced1f3b18e72f891ac17f1a06bba3c7c99e2,cbeab787aa9a61895fa41bd4c0d4b44d2dda5c061b1948af26e99f5c5500fd38,False,False,False,3913dba608c06a723b7b0d14235fd81f6b2ec59d67cc314fb3eb6d4da75b5f9d,True
ISIC_0014601,cal50,G2,0.8283151038466265,0.7069435703796937,0.11063579366696091,0.10633484162895927,0.11529933481152993,0.9436251856164201,360.64496731299164,382.19090885901005,subpixel_gt_segment_arc_length,861,912,0.5,256,229,0.89453125,27,0,0,0,44,0.19213973799126638,0.171875,24,0.5454545454545454,1,1,2,1,0,1,8,contourpy binary 0.5 isocontours; saddle loops may differ from 8-connected pixel components,0,1640,203,ok,,256,16.0,0.05,fce79a9984bc312f90a46b6cdc84ced1f3b18e72f891ac17f1a06bba3c7c99e2,cbeab787aa9a61895fa41bd4c0d4b44d2dda5c061b1948af26e99f5c5500fd38,False,False,False,3913dba608c06a723b7b0d14235fd81f6b2ec59d67cc314fb3eb6d4da75b5f9d,True
ISIC_0014601,cal50,G3,0.8456303077757031,0.7325472190337056,0.12487095841764051,0.12558139534883722,0.12416851441241686,0.9436251856164201,360.64496731299164,382.19090885901005,subpixel_gt_segment_arc_length,861,912,0.5,256,229,0.89453125,27,0,0,0,44,0.19213973799126638,0.171875,24,0.5454545454545454,1,1,2,1,0,1,8,contourpy binary 0.5 isocontours; saddle loops may differ from 8-connected pixel components,0,1640,203,ok,,256,16.0,0.05,fce79a9984bc312f90a46b6cdc84ced1f3b18e72f891ac17f1a06bba3c7c99e2,cbeab787aa9a61895fa41bd4c0d4b44d2dda5c061b1948af26e99f5c5500fd38,False,False,False,3913dba608c06a723b7b0d14235fd81f6b2ec59d67cc314fb3eb6d4da75b5f9d,True
ISIC_0014601,cal50,G4,0.8963313744508473,0.8121381306865177,0.2704461441493621,0.23109843081312412,0.3259423503325942,0.9436251856164201,360.64496731299164,382.19090885901005,subpixel_gt_segment_arc_length,861,912,0.5,256,229,0.89453125,27,0,0,0,44,0.19213973799126638,0.171875,24,0.5454545454545454,1,1,2,1,0,1,8,contourpy binary 0.5 isocontours; saddle loops may differ from 8-connected pixel components,0,1640,203,ok,,256,16.0,0.05,fce79a9984bc312f90a46b6cdc84ced1f3b18e72f891ac17f1a06bba3c7c99e2,cbeab787aa9a61895fa41bd4c0d4b44d2dda5c061b1948af26e99f5c5500fd38,False,False,False,3913dba608c06a723b7b0d14235fd81f6b2ec59d67cc314fb3eb6d4da75b5f9d,True
ISIC_0014608,cal50,G0,0.9565853212686226,0.9167834618079888,0.6179690141173453,0.6309963099630996,0.60546875,1.0,473.82337649086287,473.82337649086287,subpixel_gt_segment_arc_length,1032,1032,0.5,256,253,0.98828125,0,3,0,0,181,0.7154150197628458,0.70703125,36,0.19889502762430938,1,0,1,1,0,1,8,contourpy binary 0.5 isocontours; saddle loops may differ from 8-connected pixel components,0,871,141,ok,,256,16.0,0.05,42bdbb7d4c99b01fb3d7f6d53475f359ebfc889d5c8452050aa30c3ce606410e,cbeab787aa9a61895fa41bd4c0d4b44d2dda5c061b1948af26e99f5c5500fd38,False,False,False,3913dba608c06a723b7b0d14235fd81f6b2ec59d67cc314fb3eb6d4da75b5f9d,True
ISIC_0014608,cal50,G1,0.9567164861282509,0.9170244458074126,0.6190876602900988,0.6333333333333333,0.60546875,1.0,473.82337649086287,473.82337649086287,subpixel_gt_segment_arc_length,1032,1032,0.5,256,253,0.98828125,0,3,0,0,181,0.7154150197628458,0.70703125,36,0.19889502762430938,1,0,1,1,0,1,8,contourpy binary 0.5 isocontours; saddle loops may differ from 8-connected pixel components,0,871,141,ok,,256,16.0,0.05,42bdbb7d4c99b01fb3d7f6d53475f359ebfc889d5c8452050aa30c3ce606410e,cbeab787aa9a61895fa41bd4c0d4b44d2dda5c061b1948af26e99f5c5500fd38,False,False,False,3913dba608c06a723b7b0d14235fd81f6b2ec59d67cc314fb3eb6d4da75b5f9d,True
ISIC_0014608,cal50,G2,0.9607454218368006,0.924456280514869,0.697994809618426,0.7047101449275363,0.69140625,1.0,473.82337649086287,473.82337649086287,subpixel_gt_segment_arc_length,1032,1032,0.5,256,253,0.98828125,0,3,0,0,181,0.7154150197628458,0.70703125,36,0.19889502762430938,1,0,1,1,0,1,8,contourpy binary 0.5 isocontours; saddle loops may differ from 8-connected pixel components,0,871,141,ok,,256,16.0,0.05,42bdbb7d4c99b01fb3d7f6d53475f359ebfc889d5c8452050aa30c3ce606410e,cbeab787aa9a61895fa41bd4c0d4b44d2dda5c061b1948af26e99f5c5500fd38,False,False,False,3913dba608c06a723b7b0d14235fd81f6b2ec59d67cc314fb3eb6d4da75b5f9d,True
ISIC_0014608,cal50,G3,0.9596112410030716,0.9223583325989249,0.6779876566298859,0.6883116883116883,0.66796875,1.0,473.82337649086287,473.82337649086287,subpixel_gt_segment_arc_length,1032,1032,0.5,256,253,0.98828125,0,3,0,0,181,0.7154150197628458,0.70703125,36,0.19889502762430938,1,0,1,1,0,1,8,contourpy binary 0.5 isocontours; saddle loops may differ from 8-connected pixel components,0,871,141,ok,,256,16.0,0.05,42bdbb7d4c99b01fb3d7f6d53475f359ebfc889d5c8452050aa30c3ce606410e,cbeab787aa9a61895fa41bd4c0d4b44d2dda5c061b1948af26e99f5c5500fd38,False,False,False,3913dba608c06a723b7b0d14235fd81f6b2ec59d67cc314fb3eb6d4da75b5f9d,True
ISIC_0014608,cal50,G4,0.9709143201744213,0.9434727731698521,0.807863031071655,0.8032786885245902,0.8125,1.0,473.82337649086287,473.82337649086287,subpixel_gt_segment_arc_length,1032,1032,0.5,256,253,0.98828125,0,3,0,0,181,0.7154150197628458,0.70703125,36,0.19889502762430938,1,0,1,1,0,1,8,contourpy binary 0.5 isocontours; saddle loops may differ from 8-connected pixel components,0,871,141,ok,,256,16.0,0.05,42bdbb7d4c99b01fb3d7f6d53475f359ebfc889d5c8452050aa30c3ce606410e,cbeab787aa9a61895fa41bd4c0d4b44d2dda5c061b1948af26e99f5c5500fd38,False,False,False,3913dba608c06a723b7b0d14235fd81f6b2ec59d67cc314fb3eb6d4da75b5f9d,True
ISIC_0014611,cal50,G0,0.5090550965694589,0.34143119266055044,0.0041928721174004195,0.004761904761904762,0.003745318352059925,0.24984474442912236,114.36574669941304,457.74725804511405,subpixel_gt_segment_arc_length,263,1076,0.5,256,57,0.22265625,199,0,0,0,10,0.17543859649122806,0.0390625,10,1.0,7,0,13,1,0,1,8,contourpy binary 0.5 isocontours; saddle loops may differ from 8-connected pixel components,0,2529,186,ok,,256,16.0,0.05,0f3c33c59ef134edcb1b792d3538603cd4bf4fb97334dea2a439273089b74ce5,cbeab787aa9a61895fa41bd4c0d4b44d2dda5c061b1948af26e99f5c5500fd38,False,False,False,3913dba608c06a723b7b0d14235fd81f6b2ec59d67cc314fb3eb6d4da75b5f9d,True
ISIC_0014611,cal50,G1,0.5090550965694589,0.34143119266055044,0.0041928721174004195,0.004761904761904762,0.003745318352059925,0.24984474442912236,114.36574669941304,457.74725804511405,subpixel_gt_segment_arc_length,263,1076,0.5,256,57,0.22265625,199,0,0,0,10,0.17543859649122806,0.0390625,10,1.0,7,0,13,1,0,1,8,contourpy binary 0.5 isocontours; saddle loops may differ from 8-connected pixel components,0,2529,186,ok,,256,16.0,0.05,0f3c33c59ef134edcb1b792d3538603cd4bf4fb97334dea2a439273089b74ce5,cbeab787aa9a61895fa41bd4c0d4b44d2dda5c061b1948af26e99f5c5500fd38,False,False,False,3913dba608c06a723b7b0d14235fd81f6b2ec59d67cc314fb3eb6d4da75b5f9d,True
ISIC_0014611,cal50,G2,0.4948909141121237,0.32880733944954127,0.0035587188612099642,0.003389830508474576,0.003745318352059925,0.24984474442912236,114.36574669941304,457.74725804511405,subpixel_gt_segment_arc_length,263,1076,0.5,256,57,0.22265625,199,0,0,0,10,0.17543859649122806,0.0390625,10,1.0,7,0,13,1,0,1,8,contourpy binary 0.5 isocontours; saddle loops may differ from 8-connected pixel components,0,2529,186,ok,,256,16.0,0.05,0f3c33c59ef134edcb1b792d3538603cd4bf4fb97334dea2a439273089b74ce5,cbeab787aa9a61895fa41bd4c0d4b44d2dda5c061b1948af26e99f5c5500fd38,False,False,False,3913dba608c06a723b7b0d14235fd81f6b2ec59d67cc314fb3eb6d4da75b5f9d,True
ISIC_0014611,cal50,G3,0.5090550965694589,0.34143119266055044,0.0041928721174004195,0.004761904761904762,0.003745318352059925,0.24984474442912236,114.36574669941304,457.74725804511405,subpixel_gt_segment_arc_length,263,1076,0.5,256,57,0.22265625,199,0,0,0,10,0.17543859649122806,0.0390625,10,1.0,7,0,13,1,0,1,8,contourpy binary 0.5 isocontours; saddle loops may differ from 8-connected pixel components,0,2529,186,ok,,256,16.0,0.05,0f3c33c59ef134edcb1b792d3538603cd4bf4fb97334dea2a439273089b74ce5,cbeab787aa9a61895fa41bd4c0d4b44d2dda5c061b1948af26e99f5c5500fd38,False,False,False,3913dba608c06a723b7b0d14235fd81f6b2ec59d67cc314fb3eb6d4da75b5f9d,True
ISIC_0014611,cal50,G4,0.652450575605965,0.4841756181962368,0.06495332155859135,0.04921077065923862,0.09550561797752809,0.24984474442912236,114.36574669941304,457.74725804511405,subpixel_gt_segment_arc_length,263,1076,0.5,256,57,0.22265625,199,0,0,0,10,0.17543859649122806,0.0390625,10,1.0,7,0,13,1,0,1,8,contourpy binary 0.5 isocontours; saddle loops may differ from 8-connected pixel components,0,2529,186,ok,,256,16.0,0.05,0f3c33c59ef134edcb1b792d3538603cd4bf4fb97334dea2a439273089b74ce5,cbeab787aa9a61895fa41bd4c0d4b44d2dda5c061b1948af26e99f5c5500fd38,False,False,False,3913dba608c06a723b7b0d14235fd81f6b2ec59d67cc314fb3eb6d4da75b5f9d,True
ISIC_0014620,cal50,G0,0.7877830437072143,0.6498696785403997,0.07591952216284187,0.08778625954198473,0.06687898089171974,0.9311736530234784,248.11195872400054,266.4507934888324,subpixel_gt_segment_arc_length,592,636,0.5,256,228,0.890625,27,1,0,0,31,0.13596491228070176,0.12109375,31,1.0,1,0,1,1,0,1,8,contourpy binary 0.5 isocontours; saddle loops may differ from 8-connected pixel components,0,3198,194,ok,,256,16.0,0.05,30b1a61451b48d13229a396ca6263e47276eaee25df07581bf6de8eef5d659cd,cbeab787aa9a61895fa41bd4c0d4b44d2dda5c061b1948af26e99f5c5500fd38,False,False,False,3913dba608c06a723b7b0d14235fd81f6b2ec59d67cc314fb3eb6d4da75b5f9d,True
ISIC_0014620,cal50,G1,0.7877830437072143,0.6498696785403997,0.07591952216284187,0.08778625954198473,0.06687898089171974,0.9311736530234784,248.11195872400054,266.4507934888324,subpixel_gt_segment_arc_length,592,636,0.5,256,228,0.890625,27,1,0,0,31,0.13596491228070176,0.12109375,31,1.0,1,0,1,1,0,1,8,contourpy binary 0.5 isocontours; saddle loops may differ from 8-connected pixel components,0,3198,194,ok,,256,16.0,0.05,30b1a61451b48d13229a396ca6263e47276eaee25df07581bf6de8eef5d659cd,cbeab787aa9a61895fa41bd4c0d4b44d2dda5c061b1948af26e99f5c5500fd38,False,False,False,3913dba608c06a723b7b0d14235fd81f6b2ec59d67cc314fb3eb6d4da75b5f9d,True
ISIC_0014620,cal50,G2,0.7531482735274204,0.6040399652476107,0.0,0.0,0.0,0.9311736530234784,248.11195872400054,266.4507934888324,subpixel_gt_segment_arc_length,592,636,0.5,256,228,0.890625,27,1,0,0,31,0.13596491228070176,0.12109375,31,1.0,1,0,1,1,0,1,8,contourpy binary 0.5 isocontours; saddle loops may differ from 8-connected pixel components,0,3198,194,ok,,256,16.0,0.05,30b1a61451b48d13229a396ca6263e47276eaee25df07581bf6de8eef5d659cd,cbeab787aa9a61895fa41bd4c0d4b44d2dda5c061b1948af26e99f5c5500fd38,False,False,False,3913dba608c06a723b7b0d14235fd81f6b2ec59d67cc314fb3eb6d4da75b5f9d,True
ISIC_0014620,cal50,G3,0.789376807783329,0.6520417028670721,0.07566974776750744,0.08712121212121213,0.06687898089171974,0.9311736530234784,248.11195872400054,266.4507934888324,subpixel_gt_segment_arc_length,592,636,0.5,256,228,0.890625,27,1,0,0,31,0.13596491228070176,0.12109375,31,1.0,1,0,1,1,0,1,8,contourpy binary 0.5 isocontours; saddle loops may differ from 8-connected pixel components,0,3198,194,ok,,256,16.0,0.05,30b1a61451b48d13229a396ca6263e47276eaee25df07581bf6de8eef5d659cd,cbeab787aa9a61895fa41bd4c0d4b44d2dda5c061b1948af26e99f5c5500fd38,False,False,False,3913dba608c06a723b7b0d14235fd81f6b2ec59d67cc314fb3eb6d4da75b5f9d,True
ISIC_0014620,cal50,G4,0.8620689655172413,0.7575757575757576,0.21311919766890292,0.1945080091533181,0.2356687898089172,0.9311736530234784,248.11195872400054,266.4507934888324,subpixel_gt_segment_arc_length,592,636,0.5,256,228,0.890625,27,1,0,0,31,0.13596491228070176,0.12109375,31,1.0,1,0,1,1,0,1,8,contourpy binary 0.5 isocontours; saddle loops may differ from 8-connected pixel components,0,3198,194,ok,,256,16.0,0.05,30b1a61451b48d13229a396ca6263e47276eaee25df07581bf6de8eef5d659cd,cbeab787aa9a61895fa41bd4c0d4b44d2dda5c061b1948af26e99f5c5500fd38,False,False,False,3913dba608c06a723b7b0d14235fd81f6b2ec59d67cc314fb3eb6d4da75b5f9d,True
ISIC_0014633,cal50,G0,0.8226120857699805,0.6986754966887417,0.35359116022099457,0.32323232323232326,0.3902439024390244,1.0,155.11269837220811,155.11269837220811,subpixel_gt_segment_arc_length,336,336,0.5,256,244,0.953125,10,2,0,0,78,0.319672131147541,0.3046875,7,0.08974358974358974,1,0,1,1,0,1,8,contourpy binary 0.5 isocontours; saddle loops may differ from 8-connected pixel components,0,3971,167,ok,,256,16.0,0.05,4f32c672daf02380dbf231df610e8787e0bc0f576a58ef508bd66fded622f932,cbeab787aa9a61895fa41bd4c0d4b44d2dda5c061b1948af26e99f5c5500fd38,False,False,False,3913dba608c06a723b7b0d14235fd81f6b2ec59d67cc314fb3eb6d4da75b5f9d,True
ISIC_0014633,cal50,G1,0.8226120857699805,0.6986754966887417,0.35359116022099457,0.32323232323232326,0.3902439024390244,1.0,155.11269837220811,155.11269837220811,subpixel_gt_segment_arc_length,336,336,0.5,256,244,0.953125,10,2,0,0,78,0.319672131147541,0.3046875,7,0.08974358974358974,1,0,1,1,0,1,8,contourpy binary 0.5 isocontours; saddle loops may differ from 8-connected pixel components,0,3971,167,ok,,256,16.0,0.05,4f32c672daf02380dbf231df610e8787e0bc0f576a58ef508bd66fded622f932,cbeab787aa9a61895fa41bd4c0d4b44d2dda5c061b1948af26e99f5c5500fd38,False,False,False,3913dba608c06a723b7b0d14235fd81f6b2ec59d67cc314fb3eb6d4da75b5f9d,True
ISIC_0014633,cal50,G2,0.8266925817946226,0.7045831032578685,0.36143394990996897,0.33658536585365856,0.3902439024390244,1.0,155.11269837220811,155.11269837220811,subpixel_gt_segment_arc_length,336,336,0.5,256,244,0.953125,10,2,0,0,78,0.319672131147541,0.3046875,7,0.08974358974358974,1,0,1,1,0,1,8,contourpy binary 0.5 isocontours; saddle loops may differ from 8-connected pixel components,0,3971,167,ok,,256,16.0,0.05,4f32c672daf02380dbf231df610e8787e0bc0f576a58ef508bd66fded622f932,cbeab787aa9a61895fa41bd4c0d4b44d2dda5c061b1948af26e99f5c5500fd38,False,False,False,3913dba608c06a723b7b0d14235fd81f6b2ec59d67cc314fb3eb6d4da75b5f9d,True
ISIC_0014633,cal50,G3,0.8226120857699805,0.6986754966887417,0.35359116022099457,0.32323232323232326,0.3902439024390244,1.0,155.11269837220811,155.11269837220811,subpixel_gt_segment_arc_length,336,336,0.5,256,244,0.953125,10,2,0,0,78,0.319672131147541,0.3046875,7,0.08974358974358974,1,0,1,1,0,1,8,contourpy binary 0.5 isocontours; saddle loops may differ from 8-connected pixel components,0,3971,167,ok,,256,16.0,0.05,4f32c672daf02380dbf231df610e8787e0bc0f576a58ef508bd66fded622f932,cbeab787aa9a61895fa41bd4c0d4b44d2dda5c061b1948af26e99f5c5500fd38,False,False,False,3913dba608c06a723b7b0d14235fd81f6b2ec59d67cc314fb3eb6d4da75b5f9d,True
ISIC_0014633,cal50,G4,0.8543624161073825,0.7457527826596367,0.3863845446182153,0.35294117647058826,0.4268292682926829,1.0,155.11269837220811,155.11269837220811,subpixel_gt_segment_arc_length,336,336,0.5,256,244,0.953125,10,2,0,0,78,0.319672131147541,0.3046875,7,0.08974358974358974,1,0,1,1,0,1,8,contourpy binary 0.5 isocontours; saddle loops may differ from 8-connected pixel components,0,3971,167,ok,,256,16.0,0.05,4f32c672daf02380dbf231df610e8787e0bc0f576a58ef508bd66fded622f932,cbeab787aa9a61895fa41bd4c0d4b44d2dda5c061b1948af26e99f5c5500fd38,False,False,False,3913dba608c06a723b7b0d14235fd81f6b2ec59d67cc314fb3eb6d4da75b5f9d,True
ISIC_0014635,cal50,G0,0.7280166641868769,0.5723476429991812,0.11964248011823492,0.13262599469496023,0.10897435897435898,0.6863389724854491,273.29393923934003,398.19090885901005,subpixel_gt_segment_arc_length,645,944,0.5,256,213,0.83203125,43,0,0,0,114,0.5352112676056338,0.4453125,52,0.45614035087719296,2,1,4,1,0,1,8,contourpy binary 0.5 isocontours; saddle loops may differ from 8-connected pixel components,0,1487,155,ok,,256,16.0,0.05,1d44a41752cebef7dbbf03fd52ff5911fddc9e4231267e1c062d421ff4331273,cbeab787aa9a61895fa41bd4c0d4b44d2dda5c061b1948af26e99f5c5500fd38,False,False,False,3913dba608c06a723b7b0d14235fd81f6b2ec59d67cc314fb3eb6d4da75b5f9d,True
ISIC_0014635,cal50,G1,0.7280166641868769,0.5723476429991812,0.11964248011823492,0.13262599469496023,0.10897435897435898,0.6863389724854491,273.29393923934003,398.19090885901005,subpixel_gt_segment_arc_length,645,944,0.5,256,213,0.83203125,43,0,0,0,114,0.5352112676056338,0.4453125,52,0.45614035087719296,2,1,4,1,0,1,8,contourpy binary 0.5 isocontours; saddle loops may differ from 8-connected pixel components,0,1487,155,ok,,256,16.0,0.05,1d44a41752cebef7dbbf03fd52ff5911fddc9e4231267e1c062d421ff4331273,cbeab787aa9a61895fa41bd4c0d4b44d2dda5c061b1948af26e99f5c5500fd38,False,False,False,3913dba608c06a723b7b0d14235fd81f6b2ec59d67cc314fb3eb6d4da75b5f9d,True
ISIC_0014635,cal50,G2,0.7145004350921604,0.5558153846153846,0.26869659466135665,0.2748414376321353,0.26282051282051283,0.6863389724854491,273.29393923934003,398.19090885901005,subpixel_gt_segment_arc_length,645,944,0.5,256,213,0.83203125,43,0,0,0,114,0.5352112676056338,0.4453125,52,0.45614035087719296,2,1,4,1,0,1,8,contourpy binary 0.5 isocontours; saddle loops may differ from 8-connected pixel components,0,1487,155,ok,,256,16.0,0.05,1d44a41752cebef7dbbf03fd52ff5911fddc9e4231267e1c062d421ff4331273,cbeab787aa9a61895fa41bd4c0d4b44d2dda5c061b1948af26e99f5c5500fd38,False,False,False,3913dba608c06a723b7b0d14235fd81f6b2ec59d67cc314fb3eb6d4da75b5f9d,True
ISIC_0014635,cal50,G3,0.7369381702030573,0.5834537572254336,0.24086795210523357,0.2659846547314578,0.22008547008547008,0.6863389724854491,273.29393923934003,398.19090885901005,subpixel_gt_segment_arc_length,645,944,0.5,256,213,0.83203125,43,0,0,0,114,0.5352112676056338,0.4453125,52,0.45614035087719296,2,1,4,1,0,1,8,contourpy binary 0.5 isocontours; saddle loops may differ from 8-connected pixel components,0,1487,155,ok,,256,16.0,0.05,1d44a41752cebef7dbbf03fd52ff5911fddc9e4231267e1c062d421ff4331273,cbeab787aa9a61895fa41bd4c0d4b44d2dda5c061b1948af26e99f5c5500fd38,False,False,False,3913dba608c06a723b7b0d14235fd81f6b2ec59d67cc314fb3eb6d4da75b5f9d,True
ISIC_0014635,cal50,G4,0.7919780951676164,0.6555991178632689,0.37940379403794033,0.37037037037037035,0.3888888888888889,0.6863389724854491,273.29393923934003,398.19090885901005,subpixel_gt_segment_arc_length,645,944,0.5,256,213,0.83203125,43,0,0,0,114,0.5352112676056338,0.4453125,52,0.45614035087719296,2,1,4,1,0,1,8,contourpy binary 0.5 isocontours; saddle loops may differ from 8-connected pixel components,0,1487,155,ok,,256,16.0,0.05,1d44a41752cebef7dbbf03fd52ff5911fddc9e4231267e1c062d421ff4331273,cbeab787aa9a61895fa41bd4c0d4b44d2dda5c061b1948af26e99f5c5500fd38,False,False,False,3913dba608c06a723b7b0d14235fd81f6b2ec59d67cc314fb3eb6d4da75b5f9d,True
ISIC_0014688,cal50,G0,0.9526032900808947,0.9094961642131454,0.34500208397513726,0.312621359223301,0.38486574450772987,0.9630969627809218,1072.146013333518,1113.2274887854692,subpixel_gt_segment_arc_length,2383,2476,0.5,256,225,0.87890625,24,7,0,173,115,0.5111111111111111,0.44921875,73,0.6347826086956522,26,3,41,1,0,1,8,contourpy binary 0.5 isocontours; saddle loops may differ from 8-connected pixel components,0,490,107,ok,,256,16.0,0.05,cdba694daf9072eae023e83501256c90b0bf9a6a4f3533eeb5b6566815ab9ac0,cbeab787aa9a61895fa41bd4c0d4b44d2dda5c061b1948af26e99f5c5500fd38,False,False,False,3913dba608c06a723b7b0d14235fd81f6b2ec59d67cc314fb3eb6d4da75b5f9d,True
ISIC_0014688,cal50,G1,0.9526636858968557,0.9096062774378652,0.33862908709030987,0.3174037089871612,0.3628966639544345,0.9630969627809218,1072.146013333518,1113.2274887854692,subpixel_gt_segment_arc_length,2383,2476,0.5,256,225,0.87890625,24,7,0,173,115,0.5111111111111111,0.44921875,73,0.6347826086956522,26,3,41,1,0,1,8,contourpy binary 0.5 isocontours; saddle loops may differ from 8-connected pixel components,0,490,107,ok,,256,16.0,0.05,cdba694daf9072eae023e83501256c90b0bf9a6a4f3533eeb5b6566815ab9ac0,cbeab787aa9a61895fa41bd4c0d4b44d2dda5c061b1948af26e99f5c5500fd38,False,False,False,3913dba608c06a723b7b0d14235fd81f6b2ec59d67cc314fb3eb6d4da75b5f9d,True
ISIC_0014688,cal50,G2,0.946956637050789,0.8992570205263821,0.27922420022397665,0.2579575596816976,0.30431244914564687,0.9630969627809218,1072.146013333518,1113.2274887854692,subpixel_gt_segment_arc_length,2383,2476,0.5,256,225,0.87890625,24,7,0,173,115,0.5111111111111111,0.44921875,73,0.6347826086956522,26,3,41,1,0,1,8,contourpy binary 0.5 isocontours; saddle loops may differ from 8-connected pixel components,0,490,107,ok,,256,16.0,0.05,cdba694daf9072eae023e83501256c90b0bf9a6a4f3533eeb5b6566815ab9ac0,cbeab787aa9a61895fa41bd4c0d4b44d2dda5c061b1948af26e99f5c5500fd38,False,False,False,3913dba608c06a723b7b0d14235fd81f6b2ec59d67cc314fb3eb6d4da75b5f9d,True
ISIC_0014688,cal50,G3,0.9500666873732483,0.9048828872724741,0.33148506062226785,0.30801393728223,0.35882831570382423,0.9630969627809218,1072.146013333518,1113.2274887854692,subpixel_gt_segment_arc_length,2383,2476,0.5,256,225,0.87890625,24,7,0,173,115,0.5111111111111111,0.44921875,73,0.6347826086956522,26,3,41,1,0,1,8,contourpy binary 0.5 isocontours; saddle loops may differ from 8-connected pixel components,0,490,107,ok,,256,16.0,0.05,cdba694daf9072eae023e83501256c90b0bf9a6a4f3533eeb5b6566815ab9ac0,cbeab787aa9a61895fa41bd4c0d4b44d2dda5c061b1948af26e99f5c5500fd38,False,False,False,3913dba608c06a723b7b0d14235fd81f6b2ec59d67cc314fb3eb6d4da75b5f9d,True
ISIC_0014688,cal50,G4,0.9742171074471617,0.949730312837109,0.6050884854477373,0.5616438356164384,0.6558177379983726,0.9630969627809218,1072.146013333518,1113.2274887854692,subpixel_gt_segment_arc_length,2383,2476,0.5,256,225,0.87890625,24,7,0,173,115,0.5111111111111111,0.44921875,73,0.6347826086956522,26,3,41,1,0,1,8,contourpy binary 0.5 isocontours; saddle loops may differ from 8-connected pixel components,0,490,107,ok,,256,16.0,0.05,cdba694daf9072eae023e83501256c90b0bf9a6a4f3533eeb5b6566815ab9ac0,cbeab787aa9a61895fa41bd4c0d4b44d2dda5c061b1948af26e99f5c5500fd38,False,False,False,3913dba608c06a723b7b0d14235fd81f6b2ec59d67cc314fb3eb6d4da75b5f9d,True
ISIC_0014712,cal50,G0,0.7171432280295967,0.5590204952717371,0.011248744559758956,0.010393466963622866,0.012257405515832482,0.12350680471372866,113.5,918.9777054234136,subpixel_gt_segment_arc_length,227,1968,0.5,256,32,0.125,224,0,0,32,4,0.125,0.015625,4,1.0,9,3,17,1,0,1,8,contourpy binary 0.5 isocontours; saddle loops may differ from 8-connected pixel components,0,817,131,ok,,256,16.0,0.05,09e3635bac66bda8b392439488884d066bc995dcb14997d8c2851e9931896965,cbeab787aa9a61895fa41bd4c0d4b44d2dda5c061b1948af26e99f5c5500fd38,False,False,False,3913dba608c06a723b7b0d14235fd81f6b2ec59d67cc314fb3eb6d4da75b5f9d,True
ISIC_0014712,cal50,G1,0.716885814782465,0.5587077308017809,0.009697753353806368,0.009230769230769232,0.010214504596527068,0.12350680471372866,113.5,918.9777054234136,subpixel_gt_segment_arc_length,227,1968,0.5,256,32,0.125,224,0,0,32,4,0.125,0.015625,4,1.0,9,3,17,1,0,1,8,contourpy binary 0.5 isocontours; saddle loops may differ from 8-connected pixel components,0,817,131,ok,,256,16.0,0.05,09e3635bac66bda8b392439488884d066bc995dcb14997d8c2851e9931896965,cbeab787aa9a61895fa41bd4c0d4b44d2dda5c061b1948af26e99f5c5500fd38,False,False,False,3913dba608c06a723b7b0d14235fd81f6b2ec59d67cc314fb3eb6d4da75b5f9d,True
ISIC_0014712,cal50,G2,0.6903281769553274,0.527100121426206,0.0022927015666794038,0.0018315018315018315,0.0030643513789581204,0.12350680471372866,113.5,918.9777054234136,subpixel_gt_segment_arc_length,227,1968,0.5,256,32,0.125,224,0,0,32,4,0.125,0.015625,4,1.0,9,3,17,1,0,1,8,contourpy binary 0.5 isocontours; saddle loops may differ from 8-connected pixel components,0,817,131,ok,,256,16.0,0.05,09e3635bac66bda8b392439488884d066bc995dcb14997d8c2851e9931896965,cbeab787aa9a61895fa41bd4c0d4b44d2dda5c061b1948af26e99f5c5500fd38,False,False,False,3913dba608c06a723b7b0d14235fd81f6b2ec59d67cc314fb3eb6d4da75b5f9d,True
ISIC_0014712,cal50,G3,0.712143111005805,0.5529675828825845,0.009662613737015864,0.009167303284950344,0.010214504596527068,0.12350680471372866,113.5,918.9777054234136,subpixel_gt_segment_arc_length,227,1968,0.5,256,32,0.125,224,0,0,32,4,0.125,0.015625,4,1.0,9,3,17,1,0,1,8,contourpy binary 0.5 isocontours; saddle loops may differ from 8-connected pixel components,0,817,131,ok,,256,16.0,0.05,09e3635bac66bda8b392439488884d066bc995dcb14997d8c2851e9931896965,cbeab787aa9a61895fa41bd4c0d4b44d2dda5c061b1948af26e99f5c5500fd38,False,False,False,3913dba608c06a723b7b0d14235fd81f6b2ec59d67cc314fb3eb6d4da75b5f9d,True
ISIC_0014712,cal50,G4,0.7902918887640075,0.6532913860985392,0.03639524317490419,0.02930622009569378,0.04800817160367722,0.12350680471372866,113.5,918.9777054234136,subpixel_gt_segment_arc_length,227,1968,0.5,256,32,0.125,224,0,0,32,4,0.125,0.015625,4,1.0,9,3,17,1,0,1,8,contourpy binary 0.5 isocontours; saddle loops may differ from 8-connected pixel components,0,817,131,ok,,256,16.0,0.05,09e3635bac66bda8b392439488884d066bc995dcb14997d8c2851e9931896965,cbeab787aa9a61895fa41bd4c0d4b44d2dda5c061b1948af26e99f5c5500fd38,False,False,False,3913dba608c06a723b7b0d14235fd81f6b2ec59d67cc314fb3eb6d4da75b5f9d,True
ISIC_0014945,cal50,G0,0.9466171003717472,0.8986448334274422,0.7766936108160657,0.8233082706766918,0.7350746268656716,1.0,247.9827560572969,247.9827560572969,subpixel_gt_segment_arc_length,544,544,0.5,256,256,1.0,0,0,0,0,201,0.78515625,0.78515625,22,0.10945273631840796,1,0,1,1,0,1,8,contourpy binary 0.5 isocontours; saddle loops may differ from 8-connected pixel components,0,2146,165,ok,,256,16.0,0.05,e1e7317cab25f78d950d0b3d4064f4408bc0c6bf2db3efe643174c9c34414b3c,cbeab787aa9a61895fa41bd4c0d4b44d2dda5c061b1948af26e99f5c5500fd38,False,False,False,3913dba608c06a723b7b0d14235fd81f6b2ec59d67cc314fb3eb6d4da75b5f9d,True
ISIC_0014945,cal50,G1,0.9466171003717472,0.8986448334274422,0.7766936108160657,0.8233082706766918,0.7350746268656716,1.0,247.9827560572969,247.9827560572969,subpixel_gt_segment_arc_length,544,544,0.5,256,256,1.0,0,0,0,0,201,0.78515625,0.78515625,22,0.10945273631840796,1,0,1,1,0,1,8,contourpy binary 0.5 isocontours; saddle loops may differ from 8-connected pixel components,0,2146,165,ok,,256,16.0,0.05,e1e7317cab25f78d950d0b3d4064f4408bc0c6bf2db3efe643174c9c34414b3c,cbeab787aa9a61895fa41bd4c0d4b44d2dda5c061b1948af26e99f5c5500fd38,False,False,False,3913dba608c06a723b7b0d14235fd81f6b2ec59d67cc314fb3eb6d4da75b5f9d,True
ISIC_0014945,cal50,G2,0.9532598987793987,0.9106939704209329,0.7974607676788141,0.8158844765342961,0.7798507462686567,1.0,247.9827560572969,247.9827560572969,subpixel_gt_segment_arc_length,544,544,0.5,256,256,1.0,0,0,0,0,201,0.78515625,0.78515625,22,0.10945273631840796,1,0,1,1,0,1,8,contourpy binary 0.5 isocontours; saddle loops may differ from 8-connected pixel components,0,2146,165,ok,,256,16.0,0.05,e1e7317cab25f78d950d0b3d4064f4408bc0c6bf2db3efe643174c9c34414b3c,cbeab787aa9a61895fa41bd4c0d4b44d2dda5c061b1948af26e99f5c5500fd38,False,False,False,3913dba608c06a723b7b0d14235fd81f6b2ec59d67cc314fb3eb6d4da75b5f9d,True
ISIC_0014945,cal50,G3,0.9486494508756308,0.9023150762281197,0.81031149301826,0.8614232209737828,0.7649253731343284,1.0,247.9827560572969,247.9827560572969,subpixel_gt_segment_arc_length,544,544,0.5,256,256,1.0,0,0,0,0,201,0.78515625,0.78515625,22,0.10945273631840796,1,0,1,1,0,1,8,contourpy binary 0.5 isocontours; saddle loops may differ from 8-connected pixel components,0,2146,165,ok,,256,16.0,0.05,e1e7317cab25f78d950d0b3d4064f4408bc0c6bf2db3efe643174c9c34414b3c,cbeab787aa9a61895fa41bd4c0d4b44d2dda5c061b1948af26e99f5c5500fd38,False,False,False,3913dba608c06a723b7b0d14235fd81f6b2ec59d67cc314fb3eb6d4da75b5f9d,True
ISIC_0014945,cal50,G4,0.9604418569935811,0.9238943136128661,0.8589692112490563,0.8962962962962963,0.8246268656716418,1.0,247.9827560572969,247.9827560572969,subpixel_gt_segment_arc_length,544,544,0.5,256,256,1.0,0,0,0,0,201,0.78515625,0.78515625,22,0.10945273631840796,1,0,1,1,0,1,8,contourpy binary 0.5 isocontours; saddle loops may differ from 8-connected pixel components,0,2146,165,ok,,256,16.0,0.05,e1e7317cab25f78d950d0b3d4064f4408bc0c6bf2db3efe643174c9c34414b3c,cbeab787aa9a61895fa41bd4c0d4b44d2dda5c061b1948af26e99f5c5500fd38,False,False,False,3913dba608c06a723b7b0d14235fd81f6b2ec59d67cc314fb3eb6d4da75b5f9d,True
ISIC_0014946,cal50,G0,0.9720953575909661,0.945705776085152,0.6800310790290703,0.7032640949554896,0.658284023668639,1.0,630.2081528017131,630.2081528017131,subpixel_gt_segment_arc_length,1360,1360,0.5,256,256,1.0,0,0,0,0,171,0.66796875,0.66796875,86,0.5029239766081871,1,0,1,1,0,1,8,contourpy binary 0.5 isocontours; saddle loops may differ from 8-connected pixel components,0,475,125,ok,,256,16.0,0.05,b15cc5e23d08edd1dd48bf2c32216da61e7d477cf31a6694865bf354ed82f3e1,cbeab787aa9a61895fa41bd4c0d4b44d2dda5c061b1948af26e99f5c5500fd38,False,False,False,3913dba608c06a723b7b0d14235fd81f6b2ec59d67cc314fb3eb6d4da75b5f9d,True
ISIC_0014946,cal50,G1,0.9720925563419164,0.9457004736559402,0.679787644756197,0.7061469265367316,0.6553254437869822,1.0,630.2081528017131,630.2081528017131,subpixel_gt_segment_arc_length,1360,1360,0.5,256,256,1.0,0,0,0,0,171,0.66796875,0.66796875,86,0.5029239766081871,1,0,1,1,0,1,8,contourpy binary 0.5 isocontours; saddle loops may differ from 8-connected pixel components,0,475,125,ok,,256,16.0,0.05,b15cc5e23d08edd1dd48bf2c32216da61e7d477cf31a6694865bf354ed82f3e1,cbeab787aa9a61895fa41bd4c0d4b44d2dda5c061b1948af26e99f5c5500fd38,False,False,False,3913dba608c06a723b7b0d14235fd81f6b2ec59d67cc314fb3eb6d4da75b5f9d,True
ISIC_0014946,cal50,G2,0.9539069922707547,0.9118758898325887,0.43129721605669413,0.4570596797671033,0.40828402366863903,1.0,630.2081528017131,630.2081528017131,subpixel_gt_segment_arc_length,1360,1360,0.5,256,256,1.0,0,0,0,0,171,0.66796875,0.66796875,86,0.5029239766081871,1,0,1,1,0,1,8,contourpy binary 0.5 isocontours; saddle loops may differ from 8-connected pixel components,0,475,125,ok,,256,16.0,0.05,b15cc5e23d08edd1dd48bf2c32216da61e7d477cf31a6694865bf354ed82f3e1,cbeab787aa9a61895fa41bd4c0d4b44d2dda5c061b1948af26e99f5c5500fd38,False,False,False,3913dba608c06a723b7b0d14235fd81f6b2ec59d67cc314fb3eb6d4da75b5f9d,True
ISIC_0014946,cal50,G3,0.9667072058376406,0.935559805796675,0.5698414301585699,0.6051051051051051,0.5384615384615384,1.0,630.2081528017131,630.2081528017131,subpixel_gt_segment_arc_length,1360,1360,0.5,256,256,1.0,0,0,0,0,171,0.66796875,0.66796875,86,0.5029239766081871,1,0,1,1,0,1,8,contourpy binary 0.5 isocontours; saddle loops may differ from 8-connected pixel components,0,475,125,ok,,256,16.0,0.05,b15cc5e23d08edd1dd48bf2c32216da61e7d477cf31a6694865bf354ed82f3e1,cbeab787aa9a61895fa41bd4c0d4b44d2dda5c061b1948af26e99f5c5500fd38,False,False,False,3913dba608c06a723b7b0d14235fd81f6b2ec59d67cc314fb3eb6d4da75b5f9d,True
ISIC_0014946,cal50,G4,0.9760609630762289,0.9532412847630239,0.7378027710188648,0.7496423462088698,0.7263313609467456,1.0,630.2081528017131,630.2081528017131,subpixel_gt_segment_arc_length,1360,1360,0.5,256,256,1.0,0,0,0,0,171,0.66796875,0.66796875,86,0.5029239766081871,1,0,1,1,0,1,8,contourpy binary 0.5 isocontours; saddle loops may differ from 8-connected pixel components,0,475,125,ok,,256,16.0,0.05,b15cc5e23d08edd1dd48bf2c32216da61e7d477cf31a6694865bf354ed82f3e1,cbeab787aa9a61895fa41bd4c0d4b44d2dda5c061b1948af26e99f5c5500fd38,False,False,False,3913dba608c06a723b7b0d14235fd81f6b2ec59d67cc314fb3eb6d4da75b5f9d,True
ISIC_0014979,cal50,G0,0.13153864753768035,0.07039944784746786,0.032351199289310045,0.05764411027568922,0.022485207100591716,0.11311308436142745,85.21320343559643,753.3452377915607,subpixel_gt_segment_arc_length,188,1700,0.5,256,88,0.34375,168,0,0,0,31,0.3522727272727273,0.12109375,4,0.12903225806451613,4,0,4,1,0,1,8,contourpy binary 0.5 isocontours; saddle loops may differ from 8-connected pixel components,0,3973,178,ok,,256,16.0,0.05,f06825cb2953091883be00749f3b5ad1989144b2ec1582a0132f0e53918b447f,cbeab787aa9a61895fa41bd4c0d4b44d2dda5c061b1948af26e99f5c5500fd38,False,False,False,3913dba608c06a723b7b0d14235fd81f6b2ec59d67cc314fb3eb6d4da75b5f9d,True
ISIC_0014979,cal50,G1,0.13153864753768035,0.07039944784746786,0.032351199289310045,0.05764411027568922,0.022485207100591716,0.11311308436142745,85.21320343559643,753.3452377915607,subpixel_gt_segment_arc_length,188,1700,0.5,256,88,0.34375,168,0,0,0,31,0.3522727272727273,0.12109375,4,0.12903225806451613,4,0,4,1,0,1,8,contourpy binary 0.5 isocontours; saddle loops may differ from 8-connected pixel components,0,3973,178,ok,,256,16.0,0.05,f06825cb2953091883be00749f3b5ad1989144b2ec1582a0132f0e53918b447f,cbeab787aa9a61895fa41bd4c0d4b44d2dda5c061b1948af26e99f5c5500fd38,False,False,False,3913dba608c06a723b7b0d14235fd81f6b2ec59d67cc314fb3eb6d4da75b5f9d,True
ISIC_0014979,cal50,G2,0.12844382264313386,0.06862942411086513,0.03927817735475257,0.06365159128978225,0.028402366863905324,0.11311308436142745,85.21320343559643,753.3452377915607,subpixel_gt_segment_arc_length,188,1700,0.5,256,88,0.34375,168,0,0,0,31,0.3522727272727273,0.12109375,4,0.12903225806451613,4,0,4,1,0,1,8,contourpy binary 0.5 isocontours; saddle loops may differ from 8-connected pixel components,0,3973,178,ok,,256,16.0,0.05,f06825cb2953091883be00749f3b5ad1989144b2ec1582a0132f0e53918b447f,cbeab787aa9a61895fa41bd4c0d4b44d2dda5c061b1948af26e99f5c5500fd38,False,False,False,3913dba608c06a723b7b0d14235fd81f6b2ec59d67cc314fb3eb6d4da75b5f9d,True
ISIC_0014979,cal50,G3,0.1329431662594969,0.07120467029016767,0.03223783704031574,0.05693069306930693,0.022485207100591716,0.11311308436142745,85.21320343559643,753.3452377915607,subpixel_gt_segment_arc_length,188,1700,0.5,256,88,0.34375,168,0,0,0,31,0.3522727272727273,0.12109375,4,0.12903225806451613,4,0,4,1,0,1,8,contourpy binary 0.5 isocontours; saddle loops may differ from 8-connected pixel components,0,3973,178,ok,,256,16.0,0.05,f06825cb2953091883be00749f3b5ad1989144b2ec1582a0132f0e53918b447f,cbeab787aa9a61895fa41bd4c0d4b44d2dda5c061b1948af26e99f5c5500fd38,False,False,False,3913dba608c06a723b7b0d14235fd81f6b2ec59d67cc314fb3eb6d4da75b5f9d,True
ISIC_0014979,cal50,G4,0.10630071339105811,0.05613389313855179,0.037456975096173316,0.05103448275862069,0.029585798816568046,0.11311308436142745,85.21320343559643,753.3452377915607,subpixel_gt_segment_arc_length,188,1700,0.5,256,88,0.34375,168,0,0,0,31,0.3522727272727273,0.12109375,4,0.12903225806451613,4,0,4,1,0,1,8,contourpy binary 0.5 isocontours; saddle loops may differ from 8-connected pixel components,0,3973,178,ok,,256,16.0,0.05,f06825cb2953091883be00749f3b5ad1989144b2ec1582a0132f0e53918b447f,cbeab787aa9a61895fa41bd4c0d4b44d2dda5c061b1948af26e99f5c5500fd38,False,False,False,3913dba608c06a723b7b0d14235fd81f6b2ec59d67cc314fb3eb6d4da75b5f9d,True
ISIC_0015144,cal50,G0,0.9381182756877753,0.8834489324085407,0.5819924683327627,0.4975124378109453,0.7010309278350515,1.0,359.7817459305203,359.7817459305203,subpixel_gt_segment_arc_length,784,784,0.5,256,256,1.0,0,0,0,0,233,0.91015625,0.91015625,13,0.055793991416309016,17,0,22,1,0,1,8,contourpy binary 0.5 isocontours; saddle loops may differ from 8-connected pixel components,0,849,127,ok,,256,16.0,0.05,556a7d84c97279cbcad85342b6650984cd3caba7ee7e2ee40d74e3c54ca1104d,cbeab787aa9a61895fa41bd4c0d4b44d2dda5c061b1948af26e99f5c5500fd38,False,False,False,3913dba608c06a723b7b0d14235fd81f6b2ec59d67cc314fb3eb6d4da75b5f9d,True
ISIC_0015144,cal50,G1,0.9381182756877753,0.8834489324085407,0.5819924683327627,0.4975124378109453,0.7010309278350515,1.0,359.7817459305203,359.7817459305203,subpixel_gt_segment_arc_length,784,784,0.5,256,256,1.0,0,0,0,0,233,0.91015625,0.91015625,13,0.055793991416309016,17,0,22,1,0,1,8,contourpy binary 0.5 isocontours; saddle loops may differ from 8-connected pixel components,0,849,127,ok,,256,16.0,0.05,556a7d84c97279cbcad85342b6650984cd3caba7ee7e2ee40d74e3c54ca1104d,cbeab787aa9a61895fa41bd4c0d4b44d2dda5c061b1948af26e99f5c5500fd38,False,False,False,3913dba608c06a723b7b0d14235fd81f6b2ec59d67cc314fb3eb6d4da75b5f9d,True
ISIC_0015144,cal50,G2,0.9532477064220184,0.910671715046978,0.7494947334652194,0.6217532467532467,0.9432989690721649,1.0,359.7817459305203,359.7817459305203,subpixel_gt_segment_arc_length,784,784,0.5,256,256,1.0,0,0,0,0,233,0.91015625,0.91015625,13,0.055793991416309016,17,0,22,1,0,1,8,contourpy binary 0.5 isocontours; saddle loops may differ from 8-connected pixel components,0,849,127,ok,,256,16.0,0.05,556a7d84c97279cbcad85342b6650984cd3caba7ee7e2ee40d74e3c54ca1104d,cbeab787aa9a61895fa41bd4c0d4b44d2dda5c061b1948af26e99f5c5500fd38,False,False,False,3913dba608c06a723b7b0d14235fd81f6b2ec59d67cc314fb3eb6d4da75b5f9d,True
ISIC_0015144,cal50,G3,0.957213344134325,0.9179378531073447,0.7779598612382147,0.6533333333333333,0.961340206185567,1.0,359.7817459305203,359.7817459305203,subpixel_gt_segment_arc_length,784,784,0.5,256,256,1.0,0,0,0,0,233,0.91015625,0.91015625,13,0.055793991416309016,17,0,22,1,0,1,8,contourpy binary 0.5 isocontours; saddle loops may differ from 8-connected pixel components,0,849,127,ok,,256,16.0,0.05,556a7d84c97279cbcad85342b6650984cd3caba7ee7e2ee40d74e3c54ca1104d,cbeab787aa9a61895fa41bd4c0d4b44d2dda5c061b1948af26e99f5c5500fd38,False,False,False,3913dba608c06a723b7b0d14235fd81f6b2ec59d67cc314fb3eb6d4da75b5f9d,True
ISIC_0015144,cal50,G4,0.958084714548803,0.9195418552036199,0.7783686483989413,0.653910149750416,0.961340206185567,1.0,359.7817459305203,359.7817459305203,subpixel_gt_segment_arc_length,784,784,0.5,256,256,1.0,0,0,0,0,233,0.91015625,0.91015625,13,0.055793991416309016,17,0,22,1,0,1,8,contourpy binary 0.5 isocontours; saddle loops may differ from 8-connected pixel components,0,849,127,ok,,256,16.0,0.05,556a7d84c97279cbcad85342b6650984cd3caba7ee7e2ee40d74e3c54ca1104d,cbeab787aa9a61895fa41bd4c0d4b44d2dda5c061b1948af26e99f5c5500fd38,False,False,False,3913dba608c06a723b7b0d14235fd81f6b2ec59d67cc314fb3eb6d4da75b5f9d,True
ISIC_0015256,cal50,G0,0.8023156965920952,0.6698891304738459,0.14664160964743614,0.11898173768677366,0.1910569105691057,0.5564292181287699,509.98632739476517,916.5340546095176,subpixel_gt_segment_arc_length,1126,1976,0.5,256,108,0.421875,148,0,0,46,30,0.2777777777777778,0.1171875,24,0.8,33,17,69,1,0,1,8,contourpy binary 0.5 isocontours; saddle loops may differ from 8-connected pixel components,0,734,114,ok,,256,16.0,0.05,933b8abd16c73a4c4d20175ae1d4e010749a3eda2218b30325fb3668e0405cc7,cbeab787aa9a61895fa41bd4c0d4b44d2dda5c061b1948af26e99f5c5500fd38,False,False,False,3913dba608c06a723b7b0d14235fd81f6b2ec59d67cc314fb3eb6d4da75b5f9d,True
ISIC_0015256,cal50,G1,0.8025906680007315,0.6702726014843035,0.14957865971483783,0.12375366568914956,0.18902439024390244,0.5564292181287699,509.98632739476517,916.5340546095176,subpixel_gt_segment_arc_length,1126,1976,0.5,256,108,0.421875,148,0,0,46,30,0.2777777777777778,0.1171875,24,0.8,33,17,69,1,0,1,8,contourpy binary 0.5 isocontours; saddle loops may differ from 8-connected pixel components,0,734,114,ok,,256,16.0,0.05,933b8abd16c73a4c4d20175ae1d4e010749a3eda2218b30325fb3668e0405cc7,cbeab787aa9a61895fa41bd4c0d4b44d2dda5c061b1948af26e99f5c5500fd38,False,False,False,3913dba608c06a723b7b0d14235fd81f6b2ec59d67cc314fb3eb6d4da75b5f9d,True
ISIC_0015256,cal50,G2,0.7587722233375717,0.6113078015204069,0.08000441200801514,0.06513994910941476,0.10365853658536585,0.5564292181287699,509.98632739476517,916.5340546095176,subpixel_gt_segment_arc_length,1126,1976,0.5,256,108,0.421875,148,0,0,46,30,0.2777777777777778,0.1171875,24,0.8,33,17,69,1,0,1,8,contourpy binary 0.5 isocontours; saddle loops may differ from 8-connected pixel components,0,734,114,ok,,256,16.0,0.05,933b8abd16c73a4c4d20175ae1d4e010749a3eda2218b30325fb3668e0405cc7,cbeab787aa9a61895fa41bd4c0d4b44d2dda5c061b1948af26e99f5c5500fd38,False,False,False,3913dba608c06a723b7b0d14235fd81f6b2ec59d67cc314fb3eb6d4da75b5f9d,True
ISIC_0015256,cal50,G3,0.7955669556370878,0.6605323221249753,0.10777994704608061,0.091015854374633,0.13211382113821138,0.5564292181287699,509.98632739476517,916.5340546095176,subpixel_gt_segment_arc_length,1126,1976,0.5,256,108,0.421875,148,0,0,46,30,0.2777777777777778,0.1171875,24,0.8,33,17,69,1,0,1,8,contourpy binary 0.5 isocontours; saddle loops may differ from 8-connected pixel components,0,734,114,ok,,256,16.0,0.05,933b8abd16c73a4c4d20175ae1d4e010749a3eda2218b30325fb3668e0405cc7,cbeab787aa9a61895fa41bd4c0d4b44d2dda5c061b1948af26e99f5c5500fd38,False,False,False,3913dba608c06a723b7b0d14235fd81f6b2ec59d67cc314fb3eb6d4da75b5f9d,True
ISIC_0015256,cal50,G4,0.84228288663209,0.7275377351741898,0.20358871887027774,0.15786901270772238,0.2865853658536585,0.5564292181287699,509.98632739476517,916.5340546095176,subpixel_gt_segment_arc_length,1126,1976,0.5,256,108,0.421875,148,0,0,46,30,0.2777777777777778,0.1171875,24,0.8,33,17,69,1,0,1,8,contourpy binary 0.5 isocontours; saddle loops may differ from 8-connected pixel components,0,734,114,ok,,256,16.0,0.05,933b8abd16c73a4c4d20175ae1d4e010749a3eda2218b30325fb3668e0405cc7,cbeab787aa9a61895fa41bd4c0d4b44d2dda5c061b1948af26e99f5c5500fd38,False,False,False,3913dba608c06a723b7b0d14235fd81f6b2ec59d67cc314fb3eb6d4da75b5f9d,True
ISIC_0015313,cal50,G0,0.9802896890734245,0.9613413521166312,0.6892247157392861,0.6771866546438232,0.7016985138004246,1.0,871.6051224213832,871.6051224213832,subpixel_gt_segment_arc_length,1892,1892,0.5,256,254,0.9921875,0,2,0,109,232,0.9133858267716536,0.90625,110,0.47413793103448276,4,1,14,1,0,1,8,contourpy binary 0.5 isocontours; saddle loops may differ from 8-connected pixel components,0,399,105,ok,,256,16.0,0.05,1e2c19284cb3498e0982a9f74d3e44a0c2326e75ff187cdb4ea16a5fb6528e55,cbeab787aa9a61895fa41bd4c0d4b44d2dda5c061b1948af26e99f5c5500fd38,False,False,False,3913dba608c06a723b7b0d14235fd81f6b2ec59d67cc314fb3eb6d4da75b5f9d,True
ISIC_0015313,cal50,G1,0.980709351848538,0.9621488764044944,0.6693553632992909,0.669921875,0.6687898089171974,1.0,871.6051224213832,871.6051224213832,subpixel_gt_segment_arc_length,1892,1892,0.5,256,254,0.9921875,0,2,0,109,232,0.9133858267716536,0.90625,110,0.47413793103448276,4,1,14,1,0,1,8,contourpy binary 0.5 isocontours; saddle loops may differ from 8-connected pixel components,0,399,105,ok,,256,16.0,0.05,1e2c19284cb3498e0982a9f74d3e44a0c2326e75ff187cdb4ea16a5fb6528e55,cbeab787aa9a61895fa41bd4c0d4b44d2dda5c061b1948af26e99f5c5500fd38,False,False,False,3913dba608c06a723b7b0d14235fd81f6b2ec59d67cc314fb3eb6d4da75b5f9d,True
ISIC_0015313,cal50,G2,0.9752951168773618,0.9517814669773923,0.6179217178967126,0.5873873873873874,0.6518046709129511,1.0,871.6051224213832,871.6051224213832,subpixel_gt_segment_arc_length,1892,1892,0.5,256,254,0.9921875,0,2,0,109,232,0.9133858267716536,0.90625,110,0.47413793103448276,4,1,14,1,0,1,8,contourpy binary 0.5 isocontours; saddle loops may differ from 8-connected pixel components,0,399,105,ok,,256,16.0,0.05,1e2c19284cb3498e0982a9f74d3e44a0c2326e75ff187cdb4ea16a5fb6528e55,cbeab787aa9a61895fa41bd4c0d4b44d2dda5c061b1948af26e99f5c5500fd38,False,False,False,3913dba608c06a723b7b0d14235fd81f6b2ec59d67cc314fb3eb6d4da75b5f9d,True
ISIC_0015313,cal50,G3,0.9796692350159621,0.9601486778959255,0.6731419195040657,0.6732477788746298,0.673036093418259,1.0,871.6051224213832,871.6051224213832,subpixel_gt_segment_arc_length,1892,1892,0.5,256,254,0.9921875,0,2,0,109,232,0.9133858267716536,0.90625,110,0.47413793103448276,4,1,14,1,0,1,8,contourpy binary 0.5 isocontours; saddle loops may differ from 8-connected pixel components,0,399,105,ok,,256,16.0,0.05,1e2c19284cb3498e0982a9f74d3e44a0c2326e75ff187cdb4ea16a5fb6528e55,cbeab787aa9a61895fa41bd4c0d4b44d2dda5c061b1948af26e99f5c5500fd38,False,False,False,3913dba608c06a723b7b0d14235fd81f6b2ec59d67cc314fb3eb6d4da75b5f9d,True
ISIC_0015313,cal50,G4,0.9919462113333495,0.984021113243762,0.9579447407954338,0.9489695780176644,0.9670912951167728,1.0,871.6051224213832,871.6051224213832,subpixel_gt_segment_arc_length,1892,1892,0.5,256,254,0.9921875,0,2,0,109,232,0.9133858267716536,0.90625,110,0.47413793103448276,4,1,14,1,0,1,8,contourpy binary 0.5 isocontours; saddle loops may differ from 8-connected pixel components,0,399,105,ok,,256,16.0,0.05,1e2c19284cb3498e0982a9f74d3e44a0c2326e75ff187cdb4ea16a5fb6528e55,cbeab787aa9a61895fa41bd4c0d4b44d2dda5c061b1948af26e99f5c5500fd38,False,False,False,3913dba608c06a723b7b0d14235fd81f6b2ec59d67cc314fb3eb6d4da75b5f9d,True
ISIC_0015372,cal50,G0,0.9637424463429881,0.930022119445003,0.44106031341510715,0.40563620836891545,0.48326359832635984,0.9667433771620697,892.6309883354378,923.3380951166243,subpixel_gt_segment_arc_length,1862,1924,0.5,256,246,0.9609375,10,0,0,169,173,0.7032520325203252,0.67578125,45,0.26011560693641617,5,0,7,1,0,1,8,contourpy binary 0.5 isocontours; saddle loops may differ from 8-connected pixel components,0,187,45,ok,,256,16.0,0.05,ec39cb870f177e8e49cef49d63be64b6a06c0bedc8f29a3821a1f27fb419ac22,cbeab787aa9a61895fa41bd4c0d4b44d2dda5c061b1948af26e99f5c5500fd38,False,False,False,3913dba608c06a723b7b0d14235fd81f6b2ec59d67cc314fb3eb6d4da75b5f9d,True
ISIC_0015372,cal50,G1,0.9636963071034731,0.9299361892746787,0.4459996565689563,0.4156193895870736,0.4811715481171548,0.9667433771620697,892.6309883354378,923.3380951166243,subpixel_gt_segment_arc_length,1862,1924,0.5,256,246,0.9609375,10,0,0,169,173,0.7032520325203252,0.67578125,45,0.26011560693641617,5,0,7,1,0,1,8,contourpy binary 0.5 isocontours; saddle loops may differ from 8-connected pixel components,0,187,45,ok,,256,16.0,0.05,ec39cb870f177e8e49cef49d63be64b6a06c0bedc8f29a3821a1f27fb419ac22,cbeab787aa9a61895fa41bd4c0d4b44d2dda5c061b1948af26e99f5c5500fd38,False,False,False,3913dba608c06a723b7b0d14235fd81f6b2ec59d67cc314fb3eb6d4da75b5f9d,True
ISIC_0015372,cal50,G2,0.9678600290145755,0.9377216813825372,0.5777083022873183,0.5321489001692047,0.6317991631799164,0.9667433771620697,892.6309883354378,923.3380951166243,subpixel_gt_segment_arc_length,1862,1924,0.5,256,246,0.9609375,10,0,0,169,173,0.7032520325203252,0.67578125,45,0.26011560693641617,5,0,7,1,0,1,8,contourpy binary 0.5 isocontours; saddle loops may differ from 8-connected pixel components,0,187,45,ok,,256,16.0,0.05,ec39cb870f177e8e49cef49d63be64b6a06c0bedc8f29a3821a1f27fb419ac22,cbeab787aa9a61895fa41bd4c0d4b44d2dda5c061b1948af26e99f5c5500fd38,False,False,False,3913dba608c06a723b7b0d14235fd81f6b2ec59d67cc314fb3eb6d4da75b5f9d,True
ISIC_0015372,cal50,G3,0.9635323733374486,0.9296309393087789,0.5098811236465511,0.48148148148148145,0.5418410041841004,0.9667433771620697,892.6309883354378,923.3380951166243,subpixel_gt_segment_arc_length,1862,1924,0.5,256,246,0.9609375,10,0,0,169,173,0.7032520325203252,0.67578125,45,0.26011560693641617,5,0,7,1,0,1,8,contourpy binary 0.5 isocontours; saddle loops may differ from 8-connected pixel components,0,187,45,ok,,256,16.0,0.05,ec39cb870f177e8e49cef49d63be64b6a06c0bedc8f29a3821a1f27fb419ac22,cbeab787aa9a61895fa41bd4c0d4b44d2dda5c061b1948af26e99f5c5500fd38,False,False,False,3913dba608c06a723b7b0d14235fd81f6b2ec59d67cc314fb3eb6d4da75b5f9d,True
ISIC_0015372,cal50,G4,0.9869526397142829,0.9742413616634129,0.7735955773686802,0.719253604749788,0.8368200836820083,0.9667433771620697,892.6309883354378,923.3380951166243,subpixel_gt_segment_arc_length,1862,1924,0.5,256,246,0.9609375,10,0,0,169,173,0.7032520325203252,0.67578125,45,0.26011560693641617,5,0,7,1,0,1,8,contourpy binary 0.5 isocontours; saddle loops may differ from 8-connected pixel components,0,187,45,ok,,256,16.0,0.05,ec39cb870f177e8e49cef49d63be64b6a06c0bedc8f29a3821a1f27fb419ac22,cbeab787aa9a61895fa41bd4c0d4b44d2dda5c061b1948af26e99f5c5500fd38,False,False,False,3913dba608c06a723b7b0d14235fd81f6b2ec59d67cc314fb3eb6d4da75b5f9d,True
ISIC_0015627,cal50,G0,0.9487054903866177,0.9024164795985739,0.6420717937749112,0.6329670329670329,0.6514423076923077,1.0,381.92388155425124,381.92388155425124,subpixel_gt_segment_arc_length,840,840,0.5,256,244,0.953125,4,8,0,0,141,0.5778688524590164,0.55078125,82,0.5815602836879432,1,0,1,1,0,1,8,contourpy binary 0.5 isocontours; saddle loops may differ from 8-connected pixel components,0,1720,202,ok,,256,16.0,0.05,d6f38f3dd29def883d28048cf4953f843ade28dcdd4a662b8c92b7223a3424bc,cbeab787aa9a61895fa41bd4c0d4b44d2dda5c061b1948af26e99f5c5500fd38,False,False,False,3913dba608c06a723b7b0d14235fd81f6b2ec59d67cc314fb3eb6d4da75b5f9d,True
ISIC_0015627,cal50,G1,0.9487054903866177,0.9024164795985739,0.6437031915642349,0.6407982261640798,0.6466346153846154,1.0,381.92388155425124,381.92388155425124,subpixel_gt_segment_arc_length,840,840,0.5,256,244,0.953125,4,8,0,0,141,0.5778688524590164,0.55078125,82,0.5815602836879432,1,0,1,1,0,1,8,contourpy binary 0.5 isocontours; saddle loops may differ from 8-connected pixel components,0,1720,202,ok,,256,16.0,0.05,d6f38f3dd29def883d28048cf4953f843ade28dcdd4a662b8c92b7223a3424bc,cbeab787aa9a61895fa41bd4c0d4b44d2dda5c061b1948af26e99f5c5500fd38,False,False,False,3913dba608c06a723b7b0d14235fd81f6b2ec59d67cc314fb3eb6d4da75b5f9d,True
ISIC_0015627,cal50,G2,0.9118084473527662,0.8379117124504578,0.42841579407863173,0.42655935613682094,0.43028846153846156,1.0,381.92388155425124,381.92388155425124,subpixel_gt_segment_arc_length,840,840,0.5,256,244,0.953125,4,8,0,0,141,0.5778688524590164,0.55078125,82,0.5815602836879432,1,0,1,1,0,1,8,contourpy binary 0.5 isocontours; saddle loops may differ from 8-connected pixel components,0,1720,202,ok,,256,16.0,0.05,d6f38f3dd29def883d28048cf4953f843ade28dcdd4a662b8c92b7223a3424bc,cbeab787aa9a61895fa41bd4c0d4b44d2dda5c061b1948af26e99f5c5500fd38,False,False,False,3913dba608c06a723b7b0d14235fd81f6b2ec59d67cc314fb3eb6d4da75b5f9d,True
ISIC_0015627,cal50,G3,0.9422259983007647,0.8907630522088353,0.5221475675003111,0.5202702702702703,0.5240384615384616,1.0,381.92388155425124,381.92388155425124,subpixel_gt_segment_arc_length,840,840,0.5,256,244,0.953125,4,8,0,0,141,0.5778688524590164,0.55078125,82,0.5815602836879432,1,0,1,1,0,1,8,contourpy binary 0.5 isocontours; saddle loops may differ from 8-connected pixel components,0,1720,202,ok,,256,16.0,0.05,d6f38f3dd29def883d28048cf4953f843ade28dcdd4a662b8c92b7223a3424bc,cbeab787aa9a61895fa41bd4c0d4b44d2dda5c061b1948af26e99f5c5500fd38,False,False,False,3913dba608c06a723b7b0d14235fd81f6b2ec59d67cc314fb3eb6d4da75b5f9d,True
ISIC_0015627,cal50,G4,0.9594490125799424,0.9220586248818047,0.7764793385107109,0.7813852813852814,0.7716346153846154,1.0,381.92388155425124,381.92388155425124,subpixel_gt_segment_arc_length,840,840,0.5,256,244,0.953125,4,8,0,0,141,0.5778688524590164,0.55078125,82,0.5815602836879432,1,0,1,1,0,1,8,contourpy binary 0.5 isocontours; saddle loops may differ from 8-connected pixel components,0,1720,202,ok,,256,16.0,0.05,d6f38f3dd29def883d28048cf4953f843ade28dcdd4a662b8c92b7223a3424bc,cbeab787aa9a61895fa41bd4c0d4b44d2dda5c061b1948af26e99f5c5500fd38,False,False,False,3913dba608c06a723b7b0d14235fd81f6b2ec59d67cc314fb3eb6d4da75b5f9d,True
ISIC_0001769,locked100,G0,0.9421726559273028,0.8906677079265912,0.8428753180661577,0.8547008547008547,0.8313725490196079,1.0,224.45079348883237,224.45079348883237,subpixel_gt_segment_arc_length,552,552,0.5,256,250,0.9765625,0,6,0,0,206,0.824,0.8046875,30,0.14563106796116504,1,0,1,1,0,2,8,contourpy binary 0.5 isocontours; saddle loops may differ from 8-connected pixel components,0,2447,155,ok,,256,16.0,0.05,6c4f7555abcc90d5b60e37ce3abd6f388b1d4b42cec498a5fc25b85263871300,cbeab787aa9a61895fa41bd4c0d4b44d2dda5c061b1948af26e99f5c5500fd38,False,False,False,3913dba608c06a723b7b0d14235fd81f6b2ec59d67cc314fb3eb6d4da75b5f9d,True
ISIC_0001769,locked100,G1,0.9421726559273028,0.8906677079265912,0.8428753180661577,0.8547008547008547,0.8313725490196079,1.0,224.45079348883237,224.45079348883237,subpixel_gt_segment_arc_length,552,552,0.5,256,250,0.9765625,0,6,0,0,206,0.824,0.8046875,30,0.14563106796116504,1,0,1,1,0,2,8,contourpy binary 0.5 isocontours; saddle loops may differ from 8-connected pixel components,0,2447,155,ok,,256,16.0,0.05,6c4f7555abcc90d5b60e37ce3abd6f388b1d4b42cec498a5fc25b85263871300,cbeab787aa9a61895fa41bd4c0d4b44d2dda5c061b1948af26e99f5c5500fd38,False,False,False,3913dba608c06a723b7b0d14235fd81f6b2ec59d67cc314fb3eb6d4da75b5f9d,True
ISIC_0001769,locked100,G2,0.9448818897637795,0.8955223880597015,0.8593427230046947,0.8559670781893004,0.8627450980392157,1.0,224.45079348883237,224.45079348883237,subpixel_gt_segment_arc_length,552,552,0.5,256,250,0.9765625,0,6,0,0,206,0.824,0.8046875,30,0.14563106796116504,1,0,1,1,0,2,8,contourpy binary 0.5 isocontours; saddle loops may differ from 8-connected pixel components,0,2447,155,ok,,256,16.0,0.05,6c4f7555abcc90d5b60e37ce3abd6f388b1d4b42cec498a5fc25b85263871300,cbeab787aa9a61895fa41bd4c0d4b44d2dda5c061b1948af26e99f5c5500fd38,False,False,False,3913dba608c06a723b7b0d14235fd81f6b2ec59d67cc314fb3eb6d4da75b5f9d,True
ISIC_0001769,locked100,G3,0.9458618543870566,0.89728453364817,0.8691990474530987,0.8798283261802575,0.8588235294117647,1.0,224.45079348883237,224.45079348883237,subpixel_gt_segment_arc_length,552,552,0.5,256,250,0.9765625,0,6,0,0,206,0.824,0.8046875,30,0.14563106796116504,1,0,1,1,0,2,8,contourpy binary 0.5 isocontours; saddle loops may differ from 8-connected pixel components,0,2447,155,ok,,256,16.0,0.05,6c4f7555abcc90d5b60e37ce3abd6f388b1d4b42cec498a5fc25b85263871300,cbeab787aa9a61895fa41bd4c0d4b44d2dda5c061b1948af26e99f5c5500fd38,False,False,False,3913dba608c06a723b7b0d14235fd81f6b2ec59d67cc314fb3eb6d4da75b5f9d,True
ISIC_0001769,locked100,G4,0.9566854990583804,0.9169675090252708,0.9369912571600845,0.940677966101695,0.9333333333333333,1.0,224.45079348883237,224.45079348883237,subpixel_gt_segment_arc_length,552,552,0.5,256,250,0.9765625,0,6,0,0,206,0.824,0.8046875,30,0.14563106796116504,1,0,1,1,0,2,8,contourpy binary 0.5 isocontours; saddle loops may differ from 8-connected pixel components,0,2447,155,ok,,256,16.0,0.05,6c4f7555abcc90d5b60e37ce3abd6f388b1d4b42cec498a5fc25b85263871300,cbeab787aa9a61895fa41bd4c0d4b44d2dda5c061b1948af26e99f5c5500fd38,False,False,False,3913dba608c06a723b7b0d14235fd81f6b2ec59d67cc314fb3eb6d4da75b5f9d,True
ISIC_0001852,locked100,G0,0.9569377990430622,0.9174311926605505,0.9914040114613181,1.0,0.9829545454545454,1.0,155.88225099390857,155.88225099390857,subpixel_gt_segment_arc_length,368,368,0.5,256,256,1.0,0,0,0,0,249,0.97265625,0.97265625,35,0.14056224899598393,1,0,1,1,0,1,8,contourpy binary 0.5 isocontours; saddle loops may differ from 8-connected pixel components,0,4743,130,ok,,256,16.0,0.05,47392a1874e2b31af1019bde83d349b8b79725fe010781b03e7b6d6b7f3fb620,cbeab787aa9a61895fa41bd4c0d4b44d2dda5c061b1948af26e99f5c5500fd38,False,False,False,3913dba608c06a723b7b0d14235fd81f6b2ec59d67cc314fb3eb6d4da75b5f9d,True
ISIC_0001852,locked100,G1,0.9569377990430622,0.9174311926605505,0.9914040114613181,1.0,0.9829545454545454,1.0,155.88225099390857,155.88225099390857,subpixel_gt_segment_arc_length,368,368,0.5,256,256,1.0,0,0,0,0,249,0.97265625,0.97265625,35,0.14056224899598393,1,0,1,1,0,1,8,contourpy binary 0.5 isocontours; saddle loops may differ from 8-connected pixel components,0,4743,130,ok,,256,16.0,0.05,47392a1874e2b31af1019bde83d349b8b79725fe010781b03e7b6d6b7f3fb620,cbeab787aa9a61895fa41bd4c0d4b44d2dda5c061b1948af26e99f5c5500fd38,False,False,False,3913dba608c06a723b7b0d14235fd81f6b2ec59d67cc314fb3eb6d4da75b5f9d,True
ISIC_0001852,locked100,G2,0.9484536082474226,0.9019607843137255,0.9114359415305245,0.9137931034482759,0.9090909090909091,1.0,155.88225099390857,155.88225099390857,subpixel_gt_segment_arc_length,368,368,0.5,256,256,1.0,0,0,0,0,249,0.97265625,0.97265625,35,0.14056224899598393,1,0,1,1,0,1,8,contourpy binary 0.5 isocontours; saddle loops may differ from 8-connected pixel components,0,4743,130,ok,,256,16.0,0.05,47392a1874e2b31af1019bde83d349b8b79725fe010781b03e7b6d6b7f3fb620,cbeab787aa9a61895fa41bd4c0d4b44d2dda5c061b1948af26e99f5c5500fd38,False,False,False,3913dba608c06a723b7b0d14235fd81f6b2ec59d67cc314fb3eb6d4da75b5f9d,True
ISIC_0001852,locked100,G3,0.9615806805708014,0.9260042283298098,0.9942857142857142,1.0,0.9886363636363636,1.0,155.88225099390857,155.88225099390857,subpixel_gt_segment_arc_length,368,368,0.5,256,256,1.0,0,0,0,0,249,0.97265625,0.97265625,35,0.14056224899598393,1,0,1,1,0,1,8,contourpy binary 0.5 isocontours; saddle loops may differ from 8-connected pixel components,0,4743,130,ok,,256,16.0,0.05,47392a1874e2b31af1019bde83d349b8b79725fe010781b03e7b6d6b7f3fb620,cbeab787aa9a61895fa41bd4c0d4b44d2dda5c061b1948af26e99f5c5500fd38,False,False,False,3913dba608c06a723b7b0d14235fd81f6b2ec59d67cc314fb3eb6d4da75b5f9d,True
ISIC_0001852,locked100,G4,0.9725036179450073,0.9464788732394366,0.9971509971509972,1.0,0.9943181818181818,1.0,155.88225099390857,155.88225099390857,subpixel_gt_segment_arc_length,368,368,0.5,256,256,1.0,0,0,0,0,249,0.97265625,0.97265625,35,0.14056224899598393,1,0,1,1,0,1,8,contourpy binary 0.5 isocontours; saddle loops may differ from 8-connected pixel components,0,4743,130,ok,,256,16.0,0.05,47392a1874e2b31af1019bde83d349b8b79725fe010781b03e7b6d6b7f3fb620,cbeab787aa9a61895fa41bd4c0d4b44d2dda5c061b1948af26e99f5c5500fd38,False,False,False,3913dba608c06a723b7b0d14235fd81f6b2ec59d67cc314fb3eb6d4da75b5f9d,True
ISIC_0001871,locked100,G0,0.9502385821404227,0.9051948051948052,0.8935877757668781,0.9252336448598131,0.8640350877192983,1.0,199.09545442950503,199.09545442950503,subpixel_gt_segment_arc_length,472,472,0.5,256,256,1.0,0,0,0,0,234,0.9140625,0.9140625,17,0.07264957264957266,1,0,1,1,0,1,8,contourpy binary 0.5 isocontours; saddle loops may differ from 8-connected pixel components,0,3032,168,ok,,256,16.0,0.05,0af1bc91d0a3a24444256020257d2ed207bb578f1e86b750cdcb789f4324b1ac,cbeab787aa9a61895fa41bd4c0d4b44d2dda5c061b1948af26e99f5c5500fd38,False,False,False,3913dba608c06a723b7b0d14235fd81f6b2ec59d67cc314fb3eb6d4da75b5f9d,True
ISIC_0001871,locked100,G1,0.9502385821404227,0.9051948051948052,0.8935877757668781,0.9252336448598131,0.8640350877192983,1.0,199.09545442950503,199.09545442950503,subpixel_gt_segment_arc_length,472,472,0.5,256,256,1.0,0,0,0,0,234,0.9140625,0.9140625,17,0.07264957264957266,1,0,1,1,0,1,8,contourpy binary 0.5 isocontours; saddle loops may differ from 8-connected pixel components,0,3032,168,ok,,256,16.0,0.05,0af1bc91d0a3a24444256020257d2ed207bb578f1e86b750cdcb789f4324b1ac,cbeab787aa9a61895fa41bd4c0d4b44d2dda5c061b1948af26e99f5c5500fd38,False,False,False,3913dba608c06a723b7b0d14235fd81f6b2ec59d67cc314fb3eb6d4da75b5f9d,True
ISIC_0001871,locked100,G2,0.9566408032861707,0.9168853893263342,0.9181789239095829,0.9333333333333333,0.9035087719298246,1.0,199.09545442950503,199.09545442950503,subpixel_gt_segment_arc_length,472,472,0.5,256,256,1.0,0,0,0,0,234,0.9140625,0.9140625,17,0.07264957264957266,1,0,1,1,0,1,8,contourpy binary 0.5 isocontours; saddle loops may differ from 8-connected pixel components,0,3032,168,ok,,256,16.0,0.05,0af1bc91d0a3a24444256020257d2ed207bb578f1e86b750cdcb789f4324b1ac,cbeab787aa9a61895fa41bd4c0d4b44d2dda5c061b1948af26e99f5c5500fd38,False,False,False,3913dba608c06a723b7b0d14235fd81f6b2ec59d67cc314fb3eb6d4da75b5f9d,True
ISIC_0001871,locked100,G3,0.9479689639434048,0.9010845986984816,0.8934240362811792,0.9248826291079812,0.8640350877192983,1.0,199.09545442950503,199.09545442950503,subpixel_gt_segment_arc_length,472,472,0.5,256,256,1.0,0,0,0,0,234,0.9140625,0.9140625,17,0.07264957264957266,1,0,1,1,0,1,8,contourpy binary 0.5 isocontours; saddle loops may differ from 8-connected pixel components,0,3032,168,ok,,256,16.0,0.05,0af1bc91d0a3a24444256020257d2ed207bb578f1e86b750cdcb789f4324b1ac,cbeab787aa9a61895fa41bd4c0d4b44d2dda5c061b1948af26e99f5c5500fd38,False,False,False,3913dba608c06a723b7b0d14235fd81f6b2ec59d67cc314fb3eb6d4da75b5f9d,True
ISIC_0001871,locked100,G4,0.9706015377657169,0.9428822495606327,0.9627714066898081,0.9563318777292577,0.9692982456140351,1.0,199.09545442950503,199.09545442950503,subpixel_gt_segment_arc_length,472,472,0.5,256,256,1.0,0,0,0,0,234,0.9140625,0.9140625,17,0.07264957264957266,1,0,1,1,0,1,8,contourpy binary 0.5 isocontours; saddle loops may differ from 8-connected pixel components,0,3032,168,ok,,256,16.0,0.05,0af1bc91d0a3a24444256020257d2ed207bb578f1e86b750cdcb789f4324b1ac,cbeab787aa9a61895fa41bd4c0d4b44d2dda5c061b1948af26e99f5c5500fd38,False,False,False,3913dba608c06a723b7b0d14235fd81f6b2ec59d67cc314fb3eb6d4da75b5f9d,True
ISIC_0003462,locked100,G0,0.8725267596496918,0.7738780207134638,0.3965137925198849,0.4125,0.3817204301075269,1.0,160.1248916810279,160.1248916810279,subpixel_gt_segment_arc_length,380,380,0.5,256,256,1.0,0,0,0,0,87,0.33984375,0.33984375,81,0.9310344827586207,1,0,1,1,0,1,8,contourpy binary 0.5 isocontours; saddle loops may differ from 8-connected pixel components,0,5030,157,ok,,256,16.0,0.05,fd12c2f2638f21df2df22632ed641e07da196140b2684759ff59936c5bedb4f3,cbeab787aa9a61895fa41bd4c0d4b44d2dda5c061b1948af26e99f5c5500fd38,False,False,False,3913dba608c06a723b7b0d14235fd81f6b2ec59d67cc314fb3eb6d4da75b5f9d,True
ISIC_0003462,locked100,G1,0.8725267596496918,0.7738780207134638,0.3965137925198849,0.4125,0.3817204301075269,1.0,160.1248916810279,160.1248916810279,subpixel_gt_segment_arc_length,380,380,0.5,256,256,1.0,0,0,0,0,87,0.33984375,0.33984375,81,0.9310344827586207,1,0,1,1,0,1,8,contourpy binary 0.5 isocontours; saddle loops may differ from 8-connected pixel components,0,5030,157,ok,,256,16.0,0.05,fd12c2f2638f21df2df22632ed641e07da196140b2684759ff59936c5bedb4f3,cbeab787aa9a61895fa41bd4c0d4b44d2dda5c061b1948af26e99f5c5500fd38,False,False,False,3913dba608c06a723b7b0d14235fd81f6b2ec59d67cc314fb3eb6d4da75b5f9d,True
ISIC_0003462,locked100,G2,0.8280512474713418,0.7065592635212888,0.07443509082853346,0.0736196319018405,0.07526881720430108,1.0,160.1248916810279,160.1248916810279,subpixel_gt_segment_arc_length,380,380,0.5,256,256,1.0,0,0,0,0,87,0.33984375,0.33984375,81,0.9310344827586207,1,0,1,1,0,1,8,contourpy binary 0.5 isocontours; saddle loops may differ from 8-connected pixel components,0,5030,157,ok,,256,16.0,0.05,fd12c2f2638f21df2df22632ed641e07da196140b2684759ff59936c5bedb4f3,cbeab787aa9a61895fa41bd4c0d4b44d2dda5c061b1948af26e99f5c5500fd38,False,False,False,3913dba608c06a723b7b0d14235fd81f6b2ec59d67cc314fb3eb6d4da75b5f9d,True
ISIC_0003462,locked100,G3,0.8300235610905419,0.7094361334867664,0.08702408702408702,0.0880503144654088,0.08602150537634409,1.0,160.1248916810279,160.1248916810279,subpixel_gt_segment_arc_length,380,380,0.5,256,256,1.0,0,0,0,0,87,0.33984375,0.33984375,81,0.9310344827586207,1,0,1,1,0,1,8,contourpy binary 0.5 isocontours; saddle loops may differ from 8-connected pixel components,0,5030,157,ok,,256,16.0,0.05,fd12c2f2638f21df2df22632ed641e07da196140b2684759ff59936c5bedb4f3,cbeab787aa9a61895fa41bd4c0d4b44d2dda5c061b1948af26e99f5c5500fd38,False,False,False,3913dba608c06a723b7b0d14235fd81f6b2ec59d67cc314fb3eb6d4da75b5f9d,True
ISIC_0003462,locked100,G4,0.8905852417302799,0.8027522935779816,0.4999402842469843,0.5111111111111111,0.489247311827957,1.0,160.1248916810279,160.1248916810279,subpixel_gt_segment_arc_length,380,380,0.5,256,256,1.0,0,0,0,0,87,0.33984375,0.33984375,81,0.9310344827586207,1,0,1,1,0,1,8,contourpy binary 0.5 isocontours; saddle loops may differ from 8-connected pixel components,0,5030,157,ok,,256,16.0,0.05,fd12c2f2638f21df2df22632ed641e07da196140b2684759ff59936c5bedb4f3,cbeab787aa9a61895fa41bd4c0d4b44d2dda5c061b1948af26e99f5c5500fd38,False,False,False,3913dba608c06a723b7b0d14235fd81f6b2ec59d67cc314fb3eb6d4da75b5f9d,True
ISIC_0003539,locked100,G0,0.8172826652785008,0.6910211267605634,0.16528408201596492,0.16793893129770993,0.16271186440677965,1.0,253.13708498984766,253.13708498984766,subpixel_gt_segment_arc_length,600,600,0.5,256,252,0.984375,1,3,0,0,78,0.30952380952380953,0.3046875,78,1.0,1,0,1,1,0,1,8,contourpy binary 0.5 isocontours; saddle loops may differ from 8-connected pixel components,0,3130,183,ok,,256,16.0,0.05,7bd8ccbc2d3708f097f70e7c5dfdcad6ab7bc44751c0363e128f4fa73ce8dfb5,cbeab787aa9a61895fa41bd4c0d4b44d2dda5c061b1948af26e99f5c5500fd38,False,False,False,3913dba608c06a723b7b0d14235fd81f6b2ec59d67cc314fb3eb6d4da75b5f9d,True
ISIC_0003539,locked100,G1,0.8172826652785008,0.6910211267605634,0.16528408201596492,0.16793893129770993,0.16271186440677965,1.0,253.13708498984766,253.13708498984766,subpixel_gt_segment_arc_length,600,600,0.5,256,252,0.984375,1,3,0,0,78,0.30952380952380953,0.3046875,78,1.0,1,0,1,1,0,1,8,contourpy binary 0.5 isocontours; saddle loops may differ from 8-connected pixel components,0,3130,183,ok,,256,16.0,0.05,7bd8ccbc2d3708f097f70e7c5dfdcad6ab7bc44751c0363e128f4fa73ce8dfb5,cbeab787aa9a61895fa41bd4c0d4b44d2dda5c061b1948af26e99f5c5500fd38,False,False,False,3913dba608c06a723b7b0d14235fd81f6b2ec59d67cc314fb3eb6d4da75b5f9d,True
ISIC_0003539,locked100,G2,0.7410549612689045,0.5886317023146792,0.04909409701928697,0.04745762711864407,0.05084745762711865,1.0,253.13708498984766,253.13708498984766,subpixel_gt_segment_arc_length,600,600,0.5,256,252,0.984375,1,3,0,0,78,0.30952380952380953,0.3046875,78,1.0,1,0,1,1,0,1,8,contourpy binary 0.5 isocontours; saddle loops may differ from 8-connected pixel components,0,3130,183,ok,,256,16.0,0.05,7bd8ccbc2d3708f097f70e7c5dfdcad6ab7bc44751c0363e128f4fa73ce8dfb5,cbeab787aa9a61895fa41bd4c0d4b44d2dda5c061b1948af26e99f5c5500fd38,False,False,False,3913dba608c06a723b7b0d14235fd81f6b2ec59d67cc314fb3eb6d4da75b5f9d,True
ISIC_0003539,locked100,G3,0.7946949602122015,0.659330985915493,0.09553053565336064,0.09615384615384616,0.09491525423728814,1.0,253.13708498984766,253.13708498984766,subpixel_gt_segment_arc_length,600,600,0.5,256,252,0.984375,1,3,0,0,78,0.30952380952380953,0.3046875,78,1.0,1,0,1,1,0,1,8,contourpy binary 0.5 isocontours; saddle loops may differ from 8-connected pixel components,0,3130,183,ok,,256,16.0,0.05,7bd8ccbc2d3708f097f70e7c5dfdcad6ab7bc44751c0363e128f4fa73ce8dfb5,cbeab787aa9a61895fa41bd4c0d4b44d2dda5c061b1948af26e99f5c5500fd38,False,False,False,3913dba608c06a723b7b0d14235fd81f6b2ec59d67cc314fb3eb6d4da75b5f9d,True
ISIC_0003539,locked100,G4,0.8790170132325141,0.7841483979763912,0.46808301656991874,0.43869209809264303,0.5016949152542373,1.0,253.13708498984766,253.13708498984766,subpixel_gt_segment_arc_length,600,600,0.5,256,252,0.984375,1,3,0,0,78,0.30952380952380953,0.3046875,78,1.0,1,0,1,1,0,1,8,contourpy binary 0.5 isocontours; saddle loops may differ from 8-connected pixel components,0,3130,183,ok,,256,16.0,0.05,7bd8ccbc2d3708f097f70e7c5dfdcad6ab7bc44751c0363e128f4fa73ce8dfb5,cbeab787aa9a61895fa41bd4c0d4b44d2dda5c061b1948af26e99f5c5500fd38,False,False,False,3913dba608c06a723b7b0d14235fd81f6b2ec59d67cc314fb3eb6d4da75b5f9d,True
ISIC_0003582,locked100,G0,0.9393689986282578,0.8856699430936368,0.34963705289341196,0.35450819672131145,0.3448979591836735,1.0,416.0904037956217,416.0904037956217,subpixel_gt_segment_arc_length,988,988,0.5,256,256,1.0,0,0,0,0,114,0.4453125,0.4453125,56,0.49122807017543857,1,0,1,1,0,1,8,contourpy binary 0.5 isocontours; saddle loops may differ from 8-connected pixel components,0,930,160,ok,,256,16.0,0.05,eae80bc870d18c898da3f6bc6a20bb13c311ca2366440f3a2e5217a758998a16,cbeab787aa9a61895fa41bd4c0d4b44d2dda5c061b1948af26e99f5c5500fd38,False,False,False,3913dba608c06a723b7b0d14235fd81f6b2ec59d67cc314fb3eb6d4da75b5f9d,True
ISIC_0003582,locked100,G1,0.9393689986282578,0.8856699430936368,0.3486486486486487,0.354639175257732,0.34285714285714286,1.0,416.0904037956217,416.0904037956217,subpixel_gt_segment_arc_length,988,988,0.5,256,256,1.0,0,0,0,0,114,0.4453125,0.4453125,56,0.49122807017543857,1,0,1,1,0,1,8,contourpy binary 0.5 isocontours; saddle loops may differ from 8-connected pixel components,0,930,160,ok,,256,16.0,0.05,eae80bc870d18c898da3f6bc6a20bb13c311ca2366440f3a2e5217a758998a16,cbeab787aa9a61895fa41bd4c0d4b44d2dda5c061b1948af26e99f5c5500fd38,False,False,False,3913dba608c06a723b7b0d14235fd81f6b2ec59d67cc314fb3eb6d4da75b5f9d,True
ISIC_0003582,locked100,G2,0.9238781678679376,0.8585256244058422,0.2773109243697479,0.2857142857142857,0.2693877551020408,1.0,416.0904037956217,416.0904037956217,subpixel_gt_segment_arc_length,988,988,0.5,256,256,1.0,0,0,0,0,114,0.4453125,0.4453125,56,0.49122807017543857,1,0,1,1,0,1,8,contourpy binary 0.5 isocontours; saddle loops may differ from 8-connected pixel components,0,930,160,ok,,256,16.0,0.05,eae80bc870d18c898da3f6bc6a20bb13c311ca2366440f3a2e5217a758998a16,cbeab787aa9a61895fa41bd4c0d4b44d2dda5c061b1948af26e99f5c5500fd38,False,False,False,3913dba608c06a723b7b0d14235fd81f6b2ec59d67cc314fb3eb6d4da75b5f9d,True
ISIC_0003582,locked100,G3,0.9267299236287896,0.8634638606175608,0.31162441057882867,0.3173277661795407,0.30612244897959184,1.0,416.0904037956217,416.0904037956217,subpixel_gt_segment_arc_length,988,988,0.5,256,256,1.0,0,0,0,0,114,0.4453125,0.4453125,56,0.49122807017543857,1,0,1,1,0,1,8,contourpy binary 0.5 isocontours; saddle loops may differ from 8-connected pixel components,0,930,160,ok,,256,16.0,0.05,eae80bc870d18c898da3f6bc6a20bb13c311ca2366440f3a2e5217a758998a16,cbeab787aa9a61895fa41bd4c0d4b44d2dda5c061b1948af26e99f5c5500fd38,False,False,False,3913dba608c06a723b7b0d14235fd81f6b2ec59d67cc314fb3eb6d4da75b5f9d,True
ISIC_0003582,locked100,G4,0.9574620196604111,0.918395336876393,0.5586240467304884,0.5373665480427047,0.5816326530612245,1.0,416.0904037956217,416.0904037956217,subpixel_gt_segment_arc_length,988,988,0.5,256,256,1.0,0,0,0,0,114,0.4453125,0.4453125,56,0.49122807017543857,1,0,1,1,0,1,8,contourpy binary 0.5 isocontours; saddle loops may differ from 8-connected pixel components,0,930,160,ok,,256,16.0,0.05,eae80bc870d18c898da3f6bc6a20bb13c311ca2366440f3a2e5217a758998a16,cbeab787aa9a61895fa41bd4c0d4b44d2dda5c061b1948af26e99f5c5500fd38,False,False,False,3913dba608c06a723b7b0d14235fd81f6b2ec59d67cc314fb3eb6d4da75b5f9d,True
ISIC_0003657,locked100,G0,0.955948298601952,0.9156139464375948,0.7905141994237022,0.8194945848375451,0.7635135135135135,1.0,260.8944443027284,260.8944443027284,subpixel_gt_segment_arc_length,612,612,0.5,256,255,0.99609375,0,1,0,0,198,0.7764705882352941,0.7734375,14,0.0707070707070707,1,0,1,1,0,1,8,contourpy binary 0.5 isocontours; saddle loops may differ from 8-connected pixel components,0,1847,174,ok,,256,16.0,0.05,d1d9674a615a31985d21a50e22188150fc070c112960f7e9d179d6aebb7758fe,cbeab787aa9a61895fa41bd4c0d4b44d2dda5c061b1948af26e99f5c5500fd38,False,False,False,3913dba608c06a723b7b0d14235fd81f6b2ec59d67cc314fb3eb6d4da75b5f9d,True
ISIC_0003657,locked100,G1,0.955948298601952,0.9156139464375948,0.7905141994237022,0.8194945848375451,0.7635135135135135,1.0,260.8944443027284,260.8944443027284,subpixel_gt_segment_arc_length,612,612,0.5,256,255,0.99609375,0,1,0,0,198,0.7764705882352941,0.7734375,14,0.0707070707070707,1,0,1,1,0,1,8,contourpy binary 0.5 isocontours; saddle loops may differ from 8-connected pixel components,0,1847,174,ok,,256,16.0,0.05,d1d9674a615a31985d21a50e22188150fc070c112960f7e9d179d6aebb7758fe,cbeab787aa9a61895fa41bd4c0d4b44d2dda5c061b1948af26e99f5c5500fd38,False,False,False,3913dba608c06a723b7b0d14235fd81f6b2ec59d67cc314fb3eb6d4da75b5f9d,True
ISIC_0003657,locked100,G2,0.9583831937242387,0.9200919070717386,0.8157124291284042,0.8172413793103448,0.8141891891891891,1.0,260.8944443027284,260.8944443027284,subpixel_gt_segment_arc_length,612,612,0.5,256,255,0.99609375,0,1,0,0,198,0.7764705882352941,0.7734375,14,0.0707070707070707,1,0,1,1,0,1,8,contourpy binary 0.5 isocontours; saddle loops may differ from 8-connected pixel components,0,1847,174,ok,,256,16.0,0.05,d1d9674a615a31985d21a50e22188150fc070c112960f7e9d179d6aebb7758fe,cbeab787aa9a61895fa41bd4c0d4b44d2dda5c061b1948af26e99f5c5500fd38,False,False,False,3913dba608c06a723b7b0d14235fd81f6b2ec59d67cc314fb3eb6d4da75b5f9d,True
ISIC_0003657,locked100,G3,0.955948298601952,0.9156139464375948,0.7905141994237022,0.8194945848375451,0.7635135135135135,1.0,260.8944443027284,260.8944443027284,subpixel_gt_segment_arc_length,612,612,0.5,256,255,0.99609375,0,1,0,0,198,0.7764705882352941,0.7734375,14,0.0707070707070707,1,0,1,1,0,1,8,contourpy binary 0.5 isocontours; saddle loops may differ from 8-connected pixel components,0,1847,174,ok,,256,16.0,0.05,d1d9674a615a31985d21a50e22188150fc070c112960f7e9d179d6aebb7758fe,cbeab787aa9a61895fa41bd4c0d4b44d2dda5c061b1948af26e99f5c5500fd38,False,False,False,3913dba608c06a723b7b0d14235fd81f6b2ec59d67cc314fb3eb6d4da75b5f9d,True
ISIC_0003657,locked100,G4,0.9676129548180727,0.9372579395817195,0.878830778910797,0.8896797153024911,0.8682432432432432,1.0,260.8944443027284,260.8944443027284,subpixel_gt_segment_arc_length,612,612,0.5,256,255,0.99609375,0,1,0,0,198,0.7764705882352941,0.7734375,14,0.0707070707070707,1,0,1,1,0,1,8,contourpy binary 0.5 isocontours; saddle loops may differ from 8-connected pixel components,0,1847,174,ok,,256,16.0,0.05,d1d9674a615a31985d21a50e22188150fc070c112960f7e9d179d6aebb7758fe,cbeab787aa9a61895fa41bd4c0d4b44d2dda5c061b1948af26e99f5c5500fd38,False,False,False,3913dba608c06a723b7b0d14235fd81f6b2ec59d67cc314fb3eb6d4da75b5f9d,True
ISIC_0003805,locked100,G0,0.9132218365414957,0.8403019744483159,0.611530403045937,0.6157894736842106,0.6073298429319371,1.0,168.12489168102786,168.12489168102786,subpixel_gt_segment_arc_length,396,396,0.5,256,252,0.984375,0,4,0,0,125,0.49603174603174605,0.48828125,26,0.208,1,0,1,1,0,1,8,contourpy binary 0.5 isocontours; saddle loops may differ from 8-connected pixel components,0,4039,162,ok,,256,16.0,0.05,6fcbf95b612c2289c5d466dfe5d69e4b44faad7ac0f20b94b46140e46e53c05e,cbeab787aa9a61895fa41bd4c0d4b44d2dda5c061b1948af26e99f5c5500fd38,False,False,False,3913dba608c06a723b7b0d14235fd81f6b2ec59d67cc314fb3eb6d4da75b5f9d,True
ISIC_0003805,locked100,G1,0.9132218365414957,0.8403019744483159,0.611530403045937,0.6157894736842106,0.6073298429319371,1.0,168.12489168102786,168.12489168102786,subpixel_gt_segment_arc_length,396,396,0.5,256,252,0.984375,0,4,0,0,125,0.49603174603174605,0.48828125,26,0.208,1,0,1,1,0,1,8,contourpy binary 0.5 isocontours; saddle loops may differ from 8-connected pixel components,0,4039,162,ok,,256,16.0,0.05,6fcbf95b612c2289c5d466dfe5d69e4b44faad7ac0f20b94b46140e46e53c05e,cbeab787aa9a61895fa41bd4c0d4b44d2dda5c061b1948af26e99f5c5500fd38,False,False,False,3913dba608c06a723b7b0d14235fd81f6b2ec59d67cc314fb3eb6d4da75b5f9d,True
ISIC_0003805,locked100,G2,0.8918254456054088,0.8047698280643372,0.555594235187635,0.5615763546798029,0.5497382198952879,1.0,168.12489168102786,168.12489168102786,subpixel_gt_segment_arc_length,396,396,0.5,256,252,0.984375,0,4,0,0,125,0.49603174603174605,0.48828125,26,0.208,1,0,1,1,0,1,8,contourpy binary 0.5 isocontours; saddle loops may differ from 8-connected pixel components,0,4039,162,ok,,256,16.0,0.05,6fcbf95b612c2289c5d466dfe5d69e4b44faad7ac0f20b94b46140e46e53c05e,cbeab787aa9a61895fa41bd4c0d4b44d2dda5c061b1948af26e99f5c5500fd38,False,False,False,3913dba608c06a723b7b0d14235fd81f6b2ec59d67cc314fb3eb6d4da75b5f9d,True
ISIC_0003805,locked100,G3,0.906816760475297,0.8295194508009154,0.6134974778338259,0.6197916666666666,0.6073298429319371,1.0,168.12489168102786,168.12489168102786,subpixel_gt_segment_arc_length,396,396,0.5,256,252,0.984375,0,4,0,0,125,0.49603174603174605,0.48828125,26,0.208,1,0,1,1,0,1,8,contourpy binary 0.5 isocontours; saddle loops may differ from 8-connected pixel components,0,4039,162,ok,,256,16.0,0.05,6fcbf95b612c2289c5d466dfe5d69e4b44faad7ac0f20b94b46140e46e53c05e,cbeab787aa9a61895fa41bd4c0d4b44d2dda5c061b1948af26e99f5c5500fd38,False,False,False,3913dba608c06a723b7b0d14235fd81f6b2ec59d67cc314fb3eb6d4da75b5f9d,True
ISIC_0003805,locked100,G4,0.9208770257387988,0.8533568904593639,0.6736023964700645,0.6770833333333334,0.6701570680628273,1.0,168.12489168102786,168.12489168102786,subpixel_gt_segment_arc_length,396,396,0.5,256,252,0.984375,0,4,0,0,125,0.49603174603174605,0.48828125,26,0.208,1,0,1,1,0,1,8,contourpy binary 0.5 isocontours; saddle loops may differ from 8-connected pixel components,0,4039,162,ok,,256,16.0,0.05,6fcbf95b612c2289c5d466dfe5d69e4b44faad7ac0f20b94b46140e46e53c05e,cbeab787aa9a61895fa41bd4c0d4b44d2dda5c061b1948af26e99f5c5500fd38,False,False,False,3913dba608c06a723b7b0d14235fd81f6b2ec59d67cc314fb3eb6d4da75b5f9d,True
ISIC_0004337,locked100,G0,0.8936576061039581,0.8077586206896552,0.5755840875605136,0.599009900990099,0.553921568627451,1.0,178.71067811865478,178.71067811865478,subpixel_gt_segment_arc_length,416,416,0.5,256,256,1.0,0,0,0,0,182,0.7109375,0.7109375,33,0.1813186813186813,1,0,1,1,0,1,8,contourpy binary 0.5 isocontours; saddle loops may differ from 8-connected pixel components,0,4038,175,ok,,256,16.0,0.05,d9450ffdd8f59710d501fdd0c3768bcebe25d7e1f19e6cc398878e923dfa3cbb,cbeab787aa9a61895fa41bd4c0d4b44d2dda5c061b1948af26e99f5c5500fd38,False,False,False,3913dba608c06a723b7b0d14235fd81f6b2ec59d67cc314fb3eb6d4da75b5f9d,True
ISIC_0004337,locked100,G1,0.8936576061039581,0.8077586206896552,0.5755840875605136,0.599009900990099,0.553921568627451,1.0,178.71067811865478,178.71067811865478,subpixel_gt_segment_arc_length,416,416,0.5,256,256,1.0,0,0,0,0,182,0.7109375,0.7109375,33,0.1813186813186813,1,0,1,1,0,1,8,contourpy binary 0.5 isocontours; saddle loops may differ from 8-connected pixel components,0,4038,175,ok,,256,16.0,0.05,d9450ffdd8f59710d501fdd0c3768bcebe25d7e1f19e6cc398878e923dfa3cbb,cbeab787aa9a61895fa41bd4c0d4b44d2dda5c061b1948af26e99f5c5500fd38,False,False,False,3913dba608c06a723b7b0d14235fd81f6b2ec59d67cc314fb3eb6d4da75b5f9d,True
ISIC_0004337,locked100,G2,0.9040114613180515,0.8248366013071895,0.6443268873516037,0.6465116279069767,0.6421568627450981,1.0,178.71067811865478,178.71067811865478,subpixel_gt_segment_arc_length,416,416,0.5,256,256,1.0,0,0,0,0,182,0.7109375,0.7109375,33,0.1813186813186813,1,0,1,1,0,1,8,contourpy binary 0.5 isocontours; saddle loops may differ from 8-connected pixel components,0,4038,175,ok,,256,16.0,0.05,d9450ffdd8f59710d501fdd0c3768bcebe25d7e1f19e6cc398878e923dfa3cbb,cbeab787aa9a61895fa41bd4c0d4b44d2dda5c061b1948af26e99f5c5500fd38,False,False,False,3913dba608c06a723b7b0d14235fd81f6b2ec59d67cc314fb3eb6d4da75b5f9d,True
ISIC_0004337,locked100,G3,0.9072312083729781,0.8302133217239878,0.6005490734385724,0.6188118811881188,0.5833333333333334,1.0,178.71067811865478,178.71067811865478,subpixel_gt_segment_arc_length,416,416,0.5,256,256,1.0,0,0,0,0,182,0.7109375,0.7109375,33,0.1813186813186813,1,0,1,1,0,1,8,contourpy binary 0.5 isocontours; saddle loops may differ from 8-connected pixel components,0,4038,175,ok,,256,16.0,0.05,d9450ffdd8f59710d501fdd0c3768bcebe25d7e1f19e6cc398878e923dfa3cbb,cbeab787aa9a61895fa41bd4c0d4b44d2dda5c061b1948af26e99f5c5500fd38,False,False,False,3913dba608c06a723b7b0d14235fd81f6b2ec59d67cc314fb3eb6d4da75b5f9d,True
ISIC_0004337,locked100,G4,0.9248637117800427,0.8602292768959435,0.7143409354464633,0.7230046948356808,0.7058823529411765,1.0,178.71067811865478,178.71067811865478,subpixel_gt_segment_arc_length,416,416,0.5,256,256,1.0,0,0,0,0,182,0.7109375,0.7109375,33,0.1813186813186813,1,0,1,1,0,1,8,contourpy binary 0.5 isocontours; saddle loops may differ from 8-connected pixel components,0,4038,175,ok,,256,16.0,0.05,d9450ffdd8f59710d501fdd0c3768bcebe25d7e1f19e6cc398878e923dfa3cbb,cbeab787aa9a61895fa41bd4c0d4b44d2dda5c061b1948af26e99f5c5500fd38,False,False,False,3913dba608c06a723b7b0d14235fd81f6b2ec59d67cc314fb3eb6d4da75b5f9d,True
ISIC_0006651,locked100,G0,0.8833191385813359,0.7910220091523208,0.33005893909626716,0.34285714285714286,0.3181818181818182,1.0,262.2081528017131,262.2081528017131,subpixel_gt_segment_arc_length,624,624,0.5,256,256,1.0,0,0,0,0,138,0.5390625,0.5390625,79,0.572463768115942,1,0,1,1,0,1,8,contourpy binary 0.5 isocontours; saddle loops may differ from 8-connected pixel components,0,1988,192,ok,,256,16.0,0.05,a8b93cc18e392f9d3654d0b46ddb149d7984b578f822228fed0790d2e11b02bf,cbeab787aa9a61895fa41bd4c0d4b44d2dda5c061b1948af26e99f5c5500fd38,False,False,False,3913dba608c06a723b7b0d14235fd81f6b2ec59d67cc314fb3eb6d4da75b5f9d,True
ISIC_0006651,locked100,G1,0.8833191385813359,0.7910220091523208,0.33005893909626716,0.34285714285714286,0.3181818181818182,1.0,262.2081528017131,262.2081528017131,subpixel_gt_segment_arc_length,624,624,0.5,256,256,1.0,0,0,0,0,138,0.5390625,0.5390625,79,0.572463768115942,1,0,1,1,0,1,8,contourpy binary 0.5 isocontours; saddle loops may differ from 8-connected pixel components,0,1988,192,ok,,256,16.0,0.05,a8b93cc18e392f9d3654d0b46ddb149d7984b578f822228fed0790d2e11b02bf,cbeab787aa9a61895fa41bd4c0d4b44d2dda5c061b1948af26e99f5c5500fd38,False,False,False,3913dba608c06a723b7b0d14235fd81f6b2ec59d67cc314fb3eb6d4da75b5f9d,True
ISIC_0006651,locked100,G2,0.8831894979944086,0.7908141053548107,0.2793915303470417,0.28289473684210525,0.275974025974026,1.0,262.2081528017131,262.2081528017131,subpixel_gt_segment_arc_length,624,624,0.5,256,256,1.0,0,0,0,0,138,0.5390625,0.5390625,79,0.572463768115942,1,0,1,1,0,1,8,contourpy binary 0.5 isocontours; saddle loops may differ from 8-connected pixel components,0,1988,192,ok,,256,16.0,0.05,a8b93cc18e392f9d3654d0b46ddb149d7984b578f822228fed0790d2e11b02bf,cbeab787aa9a61895fa41bd4c0d4b44d2dda5c061b1948af26e99f5c5500fd38,False,False,False,3913dba608c06a723b7b0d14235fd81f6b2ec59d67cc314fb3eb6d4da75b5f9d,True
ISIC_0006651,locked100,G3,0.8958884347198846,0.811411149825784,0.41146711635750427,0.4280701754385965,0.3961038961038961,1.0,262.2081528017131,262.2081528017131,subpixel_gt_segment_arc_length,624,624,0.5,256,256,1.0,0,0,0,0,138,0.5390625,0.5390625,79,0.572463768115942,1,0,1,1,0,1,8,contourpy binary 0.5 isocontours; saddle loops may differ from 8-connected pixel components,0,1988,192,ok,,256,16.0,0.05,a8b93cc18e392f9d3654d0b46ddb149d7984b578f822228fed0790d2e11b02bf,cbeab787aa9a61895fa41bd4c0d4b44d2dda5c061b1948af26e99f5c5500fd38,False,False,False,3913dba608c06a723b7b0d14235fd81f6b2ec59d67cc314fb3eb6d4da75b5f9d,True
ISIC_0006651,locked100,G4,0.9404990403071017,0.8876811594202898,0.6816385669125394,0.6388888888888888,0.7305194805194806,1.0,262.2081528017131,262.2081528017131,subpixel_gt_segment_arc_length,624,624,0.5,256,256,1.0,0,0,0,0,138,0.5390625,0.5390625,79,0.572463768115942,1,0,1,1,0,1,8,contourpy binary 0.5 isocontours; saddle loops may differ from 8-connected pixel components,0,1988,192,ok,,256,16.0,0.05,a8b93cc18e392f9d3654d0b46ddb149d7984b578f822228fed0790d2e11b02bf,cbeab787aa9a61895fa41bd4c0d4b44d2dda5c061b1948af26e99f5c5500fd38,False,False,False,3913dba608c06a723b7b0d14235fd81f6b2ec59d67cc314fb3eb6d4da75b5f9d,True
ISIC_0006914,locked100,G0,0.8987016797476711,0.8160383641934195,0.24736934408979303,0.25277777777777777,0.2421875,1.0,327.66399692442883,327.66399692442883,subpixel_gt_segment_arc_length,776,776,0.5,256,256,1.0,0,0,0,0,72,0.28125,0.28125,30,0.4166666666666667,4,0,5,1,0,1,8,contourpy binary 0.5 isocontours; saddle loops may differ from 8-connected pixel components,0,1153,137,ok,,256,16.0,0.05,5ffb1304339dbab256490f54e544a8a5d34b759c1b9365ee8ea70e995279c2e1,cbeab787aa9a61895fa41bd4c0d4b44d2dda5c061b1948af26e99f5c5500fd38,False,False,False,3913dba608c06a723b7b0d14235fd81f6b2ec59d67cc314fb3eb6d4da75b5f9d,True
ISIC_0006914,locked100,G1,0.8987016797476711,0.8160383641934195,0.24736934408979303,0.25277777777777777,0.2421875,1.0,327.66399692442883,327.66399692442883,subpixel_gt_segment_arc_length,776,776,0.5,256,256,1.0,0,0,0,0,72,0.28125,0.28125,30,0.4166666666666667,4,0,5,1,0,1,8,contourpy binary 0.5 isocontours; saddle loops may differ from 8-connected pixel components,0,1153,137,ok,,256,16.0,0.05,5ffb1304339dbab256490f54e544a8a5d34b759c1b9365ee8ea70e995279c2e1,cbeab787aa9a61895fa41bd4c0d4b44d2dda5c061b1948af26e99f5c5500fd38,False,False,False,3913dba608c06a723b7b0d14235fd81f6b2ec59d67cc314fb3eb6d4da75b5f9d,True
ISIC_0006914,locked100,G2,0.8862017804154303,0.7956573864393233,0.1744330316281908,0.17438692098092642,0.17447916666666666,1.0,327.66399692442883,327.66399692442883,subpixel_gt_segment_arc_length,776,776,0.5,256,256,1.0,0,0,0,0,72,0.28125,0.28125,30,0.4166666666666667,4,0,5,1,0,1,8,contourpy binary 0.5 isocontours; saddle loops may differ from 8-connected pixel components,0,1153,137,ok,,256,16.0,0.05,5ffb1304339dbab256490f54e544a8a5d34b759c1b9365ee8ea70e995279c2e1,cbeab787aa9a61895fa41bd4c0d4b44d2dda5c061b1948af26e99f5c5500fd38,False,False,False,3913dba608c06a723b7b0d14235fd81f6b2ec59d67cc314fb3eb6d4da75b5f9d,True
ISIC_0006914,locked100,G3,0.8987016797476711,0.8160383641934195,0.24736934408979303,0.25277777777777777,0.2421875,1.0,327.66399692442883,327.66399692442883,subpixel_gt_segment_arc_length,776,776,0.5,256,256,1.0,0,0,0,0,72,0.28125,0.28125,30,0.4166666666666667,4,0,5,1,0,1,8,contourpy binary 0.5 isocontours; saddle loops may differ from 8-connected pixel components,0,1153,137,ok,,256,16.0,0.05,5ffb1304339dbab256490f54e544a8a5d34b759c1b9365ee8ea70e995279c2e1,cbeab787aa9a61895fa41bd4c0d4b44d2dda5c061b1948af26e99f5c5500fd38,False,False,False,3913dba608c06a723b7b0d14235fd81f6b2ec59d67cc314fb3eb6d4da75b5f9d,True
ISIC_0006914,locked100,G4,0.9109025270758123,0.8363829223017767,0.38461367590981455,0.37636761487964987,0.3932291666666667,1.0,327.66399692442883,327.66399692442883,subpixel_gt_segment_arc_length,776,776,0.5,256,256,1.0,0,0,0,0,72,0.28125,0.28125,30,0.4166666666666667,4,0,5,1,0,1,8,contourpy binary 0.5 isocontours; saddle loops may differ from 8-connected pixel components,0,1153,137,ok,,256,16.0,0.05,5ffb1304339dbab256490f54e544a8a5d34b759c1b9365ee8ea70e995279c2e1,cbeab787aa9a61895fa41bd4c0d4b44d2dda5c061b1948af26e99f5c5500fd38,False,False,False,3913dba608c06a723b7b0d14235fd81f6b2ec59d67cc314fb3eb6d4da75b5f9d,True
ISIC_0007141,locked100,G0,0.7802829354553492,0.639724537876042,0.0,0.0,0.0,0.9424211689478973,369.19090885901,391.7472580451141,subpixel_gt_segment_arc_length,886,944,0.5,256,232,0.90625,24,0,0,0,65,0.2801724137931034,0.25390625,65,1.0,8,0,8,1,0,1,8,contourpy binary 0.5 isocontours; saddle loops may differ from 8-connected pixel components,0,1181,166,ok,,256,16.0,0.05,7c3a71008ca03f348e9d460333057d812df11e51de64d15d7298b1b1ae8f5fb6,cbeab787aa9a61895fa41bd4c0d4b44d2dda5c061b1948af26e99f5c5500fd38,False,False,False,3913dba608c06a723b7b0d14235fd81f6b2ec59d67cc314fb3eb6d4da75b5f9d,True
ISIC_0007141,locked100,G1,0.7802829354553492,0.639724537876042,0.0,0.0,0.0,0.9424211689478973,369.19090885901,391.7472580451141,subpixel_gt_segment_arc_length,886,944,0.5,256,232,0.90625,24,0,0,0,65,0.2801724137931034,0.25390625,65,1.0,8,0,8,1,0,1,8,contourpy binary 0.5 isocontours; saddle loops may differ from 8-connected pixel components,0,1181,166,ok,,256,16.0,0.05,7c3a71008ca03f348e9d460333057d812df11e51de64d15d7298b1b1ae8f5fb6,cbeab787aa9a61895fa41bd4c0d4b44d2dda5c061b1948af26e99f5c5500fd38,False,False,False,3913dba608c06a723b7b0d14235fd81f6b2ec59d67cc314fb3eb6d4da75b5f9d,True
ISIC_0007141,locked100,G2,0.7347664087130983,0.5807357738310982,0.0,0.0,0.0,0.9424211689478973,369.19090885901,391.7472580451141,subpixel_gt_segment_arc_length,886,944,0.5,256,232,0.90625,24,0,0,0,65,0.2801724137931034,0.25390625,65,1.0,8,0,8,1,0,1,8,contourpy binary 0.5 isocontours; saddle loops may differ from 8-connected pixel components,0,1181,166,ok,,256,16.0,0.05,7c3a71008ca03f348e9d460333057d812df11e51de64d15d7298b1b1ae8f5fb6,cbeab787aa9a61895fa41bd4c0d4b44d2dda5c061b1948af26e99f5c5500fd38,False,False,False,3913dba608c06a723b7b0d14235fd81f6b2ec59d67cc314fb3eb6d4da75b5f9d,True
ISIC_0007141,locked100,G3,0.7659622050765962,0.6206959043131569,0.0,0.0,0.0,0.9424211689478973,369.19090885901,391.7472580451141,subpixel_gt_segment_arc_length,886,944,0.5,256,232,0.90625,24,0,0,0,65,0.2801724137931034,0.25390625,65,1.0,8,0,8,1,0,1,8,contourpy binary 0.5 isocontours; saddle loops may differ from 8-connected pixel components,0,1181,166,ok,,256,16.0,0.05,7c3a71008ca03f348e9d460333057d812df11e51de64d15d7298b1b1ae8f5fb6,cbeab787aa9a61895fa41bd4c0d4b44d2dda5c061b1948af26e99f5c5500fd38,False,False,False,3913dba608c06a723b7b0d14235fd81f6b2ec59d67cc314fb3eb6d4da75b5f9d,True
ISIC_0007141,locked100,G4,0.8986899563318778,0.8160190325138779,0.3624058188460158,0.27653061224489794,0.5256410256410257,0.9424211689478973,369.19090885901,391.7472580451141,subpixel_gt_segment_arc_length,886,944,0.5,256,232,0.90625,24,0,0,0,65,0.2801724137931034,0.25390625,65,1.0,8,0,8,1,0,1,8,contourpy binary 0.5 isocontours; saddle loops may differ from 8-connected pixel components,0,1181,166,ok,,256,16.0,0.05,7c3a71008ca03f348e9d460333057d812df11e51de64d15d7298b1b1ae8f5fb6,cbeab787aa9a61895fa41bd4c0d4b44d2dda5c061b1948af26e99f5c5500fd38,False,False,False,3913dba608c06a723b7b0d14235fd81f6b2ec59d67cc314fb3eb6d4da75b5f9d,True
ISIC_0007156,locked100,G0,0.8842162016444265,0.792461947330273,0.24423160644318676,0.2548262548262548,0.23448275862068965,1.0,247.1370849898476,247.1370849898476,subpixel_gt_segment_arc_length,588,588,0.5,256,256,1.0,0,0,0,0,116,0.453125,0.453125,77,0.6637931034482759,1,0,1,1,0,1,8,contourpy binary 0.5 isocontours; saddle loops may differ from 8-connected pixel components,0,2129,190,ok,,256,16.0,0.05,c20a2a38795c8d744bf977b82756763adc3b71e4e5c19af0e4f6d9df48a45621,cbeab787aa9a61895fa41bd4c0d4b44d2dda5c061b1948af26e99f5c5500fd38,False,False,False,3913dba608c06a723b7b0d14235fd81f6b2ec59d67cc314fb3eb6d4da75b5f9d,True
ISIC_0007156,locked100,G1,0.8842162016444265,0.792461947330273,0.24423160644318676,0.2548262548262548,0.23448275862068965,1.0,247.1370849898476,247.1370849898476,subpixel_gt_segment_arc_length,588,588,0.5,256,256,1.0,0,0,0,0,116,0.453125,0.453125,77,0.6637931034482759,1,0,1,1,0,1,8,contourpy binary 0.5 isocontours; saddle loops may differ from 8-connected pixel components,0,2129,190,ok,,256,16.0,0.05,c20a2a38795c8d744bf977b82756763adc3b71e4e5c19af0e4f6d9df48a45621,cbeab787aa9a61895fa41bd4c0d4b44d2dda5c061b1948af26e99f5c5500fd38,False,False,False,3913dba608c06a723b7b0d14235fd81f6b2ec59d67cc314fb3eb6d4da75b5f9d,True
ISIC_0007156,locked100,G2,0.8836142953472691,0.7914955303213337,0.2388591800356506,0.24723247232472326,0.23103448275862068,1.0,247.1370849898476,247.1370849898476,subpixel_gt_segment_arc_length,588,588,0.5,256,256,1.0,0,0,0,0,116,0.453125,0.453125,77,0.6637931034482759,1,0,1,1,0,1,8,contourpy binary 0.5 isocontours; saddle loops may differ from 8-connected pixel components,0,2129,190,ok,,256,16.0,0.05,c20a2a38795c8d744bf977b82756763adc3b71e4e5c19af0e4f6d9df48a45621,cbeab787aa9a61895fa41bd4c0d4b44d2dda5c061b1948af26e99f5c5500fd38,False,False,False,3913dba608c06a723b7b0d14235fd81f6b2ec59d67cc314fb3eb6d4da75b5f9d,True
ISIC_0007156,locked100,G3,0.8818046737808997,0.7885962792945156,0.24468433104350668,0.2558139534883721,0.23448275862068965,1.0,247.1370849898476,247.1370849898476,subpixel_gt_segment_arc_length,588,588,0.5,256,256,1.0,0,0,0,0,116,0.453125,0.453125,77,0.6637931034482759,1,0,1,1,0,1,8,contourpy binary 0.5 isocontours; saddle loops may differ from 8-connected pixel components,0,2129,190,ok,,256,16.0,0.05,c20a2a38795c8d744bf977b82756763adc3b71e4e5c19af0e4f6d9df48a45621,cbeab787aa9a61895fa41bd4c0d4b44d2dda5c061b1948af26e99f5c5500fd38,False,False,False,3913dba608c06a723b7b0d14235fd81f6b2ec59d67cc314fb3eb6d4da75b5f9d,True
ISIC_0007156,locked100,G4,0.9383023806556151,0.8837755341629491,0.6800635816764186,0.6331521739130435,0.7344827586206897,1.0,247.1370849898476,247.1370849898476,subpixel_gt_segment_arc_length,588,588,0.5,256,256,1.0,0,0,0,0,116,0.453125,0.453125,77,0.6637931034482759,1,0,1,1,0,1,8,contourpy binary 0.5 isocontours; saddle loops may differ from 8-connected pixel components,0,2129,190,ok,,256,16.0,0.05,c20a2a38795c8d744bf977b82756763adc3b71e4e5c19af0e4f6d9df48a45621,cbeab787aa9a61895fa41bd4c0d4b44d2dda5c061b1948af26e99f5c5500fd38,False,False,False,3913dba608c06a723b7b0d14235fd81f6b2ec59d67cc314fb3eb6d4da75b5f9d,True
ISIC_0007241,locked100,G0,0.8675757575757576,0.7661225582017661,0.16822429906542055,0.17786561264822134,0.1595744680851064,1.0,242.06601717798216,242.06601717798216,subpixel_gt_segment_arc_length,572,572,0.5,256,256,1.0,0,0,0,0,107,0.41796875,0.41796875,39,0.3644859813084112,1,0,1,1,0,1,8,contourpy binary 0.5 isocontours; saddle loops may differ from 8-connected pixel components,0,2725,181,ok,,256,16.0,0.05,fa62c18f1748e5c4cbd4ade1620d2bd9cf390ae59717f1db583ff02c386ee844,cbeab787aa9a61895fa41bd4c0d4b44d2dda5c061b1948af26e99f5c5500fd38,False,False,False,3913dba608c06a723b7b0d14235fd81f6b2ec59d67cc314fb3eb6d4da75b5f9d,True
ISIC_0007241,locked100,G1,0.8675757575757576,0.7661225582017661,0.16822429906542055,0.17786561264822134,0.1595744680851064,1.0,242.06601717798216,242.06601717798216,subpixel_gt_segment_arc_length,572,572,0.5,256,256,1.0,0,0,0,0,107,0.41796875,0.41796875,39,0.3644859813084112,1,0,1,1,0,1,8,contourpy binary 0.5 isocontours; saddle loops may differ from 8-connected pixel components,0,2725,181,ok,,256,16.0,0.05,fa62c18f1748e5c4cbd4ade1620d2bd9cf390ae59717f1db583ff02c386ee844,cbeab787aa9a61895fa41bd4c0d4b44d2dda5c061b1948af26e99f5c5500fd38,False,False,False,3913dba608c06a723b7b0d14235fd81f6b2ec59d67cc314fb3eb6d4da75b5f9d,True
ISIC_0007241,locked100,G2,0.8801677651288197,0.7859818084537186,0.2706528907452187,0.27181208053691275,0.2695035460992908,1.0,242.06601717798216,242.06601717798216,subpixel_gt_segment_arc_length,572,572,0.5,256,256,1.0,0,0,0,0,107,0.41796875,0.41796875,39,0.3644859813084112,1,0,1,1,0,1,8,contourpy binary 0.5 isocontours; saddle loops may differ from 8-connected pixel components,0,2725,181,ok,,256,16.0,0.05,fa62c18f1748e5c4cbd4ade1620d2bd9cf390ae59717f1db583ff02c386ee844,cbeab787aa9a61895fa41bd4c0d4b44d2dda5c061b1948af26e99f5c5500fd38,False,False,False,3913dba608c06a723b7b0d14235fd81f6b2ec59d67cc314fb3eb6d4da75b5f9d,True
ISIC_0007241,locked100,G3,0.8667172100075815,0.7647845865667647,0.16853932584269665,0.17857142857142858,0.1595744680851064,1.0,242.06601717798216,242.06601717798216,subpixel_gt_segment_arc_length,572,572,0.5,256,256,1.0,0,0,0,0,107,0.41796875,0.41796875,39,0.3644859813084112,1,0,1,1,0,1,8,contourpy binary 0.5 isocontours; saddle loops may differ from 8-connected pixel components,0,2725,181,ok,,256,16.0,0.05,fa62c18f1748e5c4cbd4ade1620d2bd9cf390ae59717f1db583ff02c386ee844,cbeab787aa9a61895fa41bd4c0d4b44d2dda5c061b1948af26e99f5c5500fd38,False,False,False,3913dba608c06a723b7b0d14235fd81f6b2ec59d67cc314fb3eb6d4da75b5f9d,True
ISIC_0007241,locked100,G4,0.9195369847543761,0.8510582701855239,0.5618577385417939,0.5373961218836565,0.5886524822695035,1.0,242.06601717798216,242.06601717798216,subpixel_gt_segment_arc_length,572,572,0.5,256,256,1.0,0,0,0,0,107,0.41796875,0.41796875,39,0.3644859813084112,1,0,1,1,0,1,8,contourpy binary 0.5 isocontours; saddle loops may differ from 8-connected pixel components,0,2725,181,ok,,256,16.0,0.05,fa62c18f1748e5c4cbd4ade1620d2bd9cf390ae59717f1db583ff02c386ee844,cbeab787aa9a61895fa41bd4c0d4b44d2dda5c061b1948af26e99f5c5500fd38,False,False,False,3913dba608c06a723b7b0d14235fd81f6b2ec59d67cc314fb3eb6d4da75b5f9d,True
ISIC_0007332,locked100,G0,0.8877005347593583,0.7980769230769231,0.2397260273972603,0.2625,0.22058823529411764,1.0,287.17871555019025,287.17871555019025,subpixel_gt_segment_arc_length,688,688,0.5,256,256,1.0,0,0,0,0,120,0.46875,0.46875,103,0.8583333333333333,1,0,1,1,0,1,8,contourpy binary 0.5 isocontours; saddle loops may differ from 8-connected pixel components,0,1597,181,ok,,256,16.0,0.05,eec49e94caa2a563acfa0d6181fff22924b8f83e41978a86065e54e2f943ee59,cbeab787aa9a61895fa41bd4c0d4b44d2dda5c061b1948af26e99f5c5500fd38,False,False,False,3913dba608c06a723b7b0d14235fd81f6b2ec59d67cc314fb3eb6d4da75b5f9d,True
ISIC_0007332,locked100,G1,0.8877005347593583,0.7980769230769231,0.2397260273972603,0.2625,0.22058823529411764,1.0,287.17871555019025,287.17871555019025,subpixel_gt_segment_arc_length,688,688,0.5,256,256,1.0,0,0,0,0,120,0.46875,0.46875,103,0.8583333333333333,1,0,1,1,0,1,8,contourpy binary 0.5 isocontours; saddle loops may differ from 8-connected pixel components,0,1597,181,ok,,256,16.0,0.05,eec49e94caa2a563acfa0d6181fff22924b8f83e41978a86065e54e2f943ee59,cbeab787aa9a61895fa41bd4c0d4b44d2dda5c061b1948af26e99f5c5500fd38,False,False,False,3913dba608c06a723b7b0d14235fd81f6b2ec59d67cc314fb3eb6d4da75b5f9d,True
ISIC_0007332,locked100,G2,0.8566566566566567,0.7492558220977061,0.10570730624028425,0.10862619808306709,0.10294117647058823,1.0,287.17871555019025,287.17871555019025,subpixel_gt_segment_arc_length,688,688,0.5,256,256,1.0,0,0,0,0,120,0.46875,0.46875,103,0.8583333333333333,1,0,1,1,0,1,8,contourpy binary 0.5 isocontours; saddle loops may differ from 8-connected pixel components,0,1597,181,ok,,256,16.0,0.05,eec49e94caa2a563acfa0d6181fff22924b8f83e41978a86065e54e2f943ee59,cbeab787aa9a61895fa41bd4c0d4b44d2dda5c061b1948af26e99f5c5500fd38,False,False,False,3913dba608c06a723b7b0d14235fd81f6b2ec59d67cc314fb3eb6d4da75b5f9d,True
ISIC_0007332,locked100,G3,0.8723467272188765,0.7735948170197864,0.17027863777089783,0.17973856209150327,0.16176470588235295,1.0,287.17871555019025,287.17871555019025,subpixel_gt_segment_arc_length,688,688,0.5,256,256,1.0,0,0,0,0,120,0.46875,0.46875,103,0.8583333333333333,1,0,1,1,0,1,8,contourpy binary 0.5 isocontours; saddle loops may differ from 8-connected pixel components,0,1597,181,ok,,256,16.0,0.05,eec49e94caa2a563acfa0d6181fff22924b8f83e41978a86065e54e2f943ee59,cbeab787aa9a61895fa41bd4c0d4b44d2dda5c061b1948af26e99f5c5500fd38,False,False,False,3913dba608c06a723b7b0d14235fd81f6b2ec59d67cc314fb3eb6d4da75b5f9d,True
ISIC_0007332,locked100,G4,0.9336488577409666,0.8755547968589963,0.5661277094317517,0.5204545454545455,0.6205882352941177,1.0,287.17871555019025,287.17871555019025,subpixel_gt_segment_arc_length,688,688,0.5,256,256,1.0,0,0,0,0,120,0.46875,0.46875,103,0.8583333333333333,1,0,1,1,0,1,8,contourpy binary 0.5 isocontours; saddle loops may differ from 8-connected pixel components,0,1597,181,ok,,256,16.0,0.05,eec49e94caa2a563acfa0d6181fff22924b8f83e41978a86065e54e2f943ee59,cbeab787aa9a61895fa41bd4c0d4b44d2dda5c061b1948af26e99f5c5500fd38,False,False,False,3913dba608c06a723b7b0d14235fd81f6b2ec59d67cc314fb3eb6d4da75b5f9d,True
ISIC_0007344,locked100,G0,0.9551708832667555,0.9141886151231946,0.7038578483169087,0.7044198895027625,0.7032967032967034,1.0,304.7350647362943,304.7350647362943,subpixel_gt_segment_arc_length,736,736,0.5,256,256,1.0,0,0,0,0,177,0.69140625,0.69140625,59,0.3333333333333333,1,0,1,1,0,1,8,contourpy binary 0.5 isocontours; saddle loops may differ from 8-connected pixel components,0,1573,160,ok,,256,16.0,0.05,e9f280ec6d05865ad3277ad3d4673187bfa2221c9075acb9fed4699cbb6ebada,cbeab787aa9a61895fa41bd4c0d4b44d2dda5c061b1948af26e99f5c5500fd38,False,False,False,3913dba608c06a723b7b0d14235fd81f6b2ec59d67cc314fb3eb6d4da75b5f9d,True
ISIC_0007344,locked100,G1,0.9551708832667555,0.9141886151231946,0.7038578483169087,0.7044198895027625,0.7032967032967034,1.0,304.7350647362943,304.7350647362943,subpixel_gt_segment_arc_length,736,736,0.5,256,256,1.0,0,0,0,0,177,0.69140625,0.69140625,59,0.3333333333333333,1,0,1,1,0,1,8,contourpy binary 0.5 isocontours; saddle loops may differ from 8-connected pixel components,0,1573,160,ok,,256,16.0,0.05,e9f280ec6d05865ad3277ad3d4673187bfa2221c9075acb9fed4699cbb6ebada,cbeab787aa9a61895fa41bd4c0d4b44d2dda5c061b1948af26e99f5c5500fd38,False,False,False,3913dba608c06a723b7b0d14235fd81f6b2ec59d67cc314fb3eb6d4da75b5f9d,True
ISIC_0007344,locked100,G2,0.9442831215970962,0.8944473096097645,0.6285110309145908,0.6122994652406417,0.6456043956043956,1.0,304.7350647362943,304.7350647362943,subpixel_gt_segment_arc_length,736,736,0.5,256,256,1.0,0,0,0,0,177,0.69140625,0.69140625,59,0.3333333333333333,1,0,1,1,0,1,8,contourpy binary 0.5 isocontours; saddle loops may differ from 8-connected pixel components,0,1573,160,ok,,256,16.0,0.05,e9f280ec6d05865ad3277ad3d4673187bfa2221c9075acb9fed4699cbb6ebada,cbeab787aa9a61895fa41bd4c0d4b44d2dda5c061b1948af26e99f5c5500fd38,False,False,False,3913dba608c06a723b7b0d14235fd81f6b2ec59d67cc314fb3eb6d4da75b5f9d,True
ISIC_0007344,locked100,G3,0.9540321863608073,0.912104726283577,0.6967213114754098,0.6929347826086957,0.7005494505494505,1.0,304.7350647362943,304.7350647362943,subpixel_gt_segment_arc_length,736,736,0.5,256,256,1.0,0,0,0,0,177,0.69140625,0.69140625,59,0.3333333333333333,1,0,1,1,0,1,8,contourpy binary 0.5 isocontours; saddle loops may differ from 8-connected pixel components,0,1573,160,ok,,256,16.0,0.05,e9f280ec6d05865ad3277ad3d4673187bfa2221c9075acb9fed4699cbb6ebada,cbeab787aa9a61895fa41bd4c0d4b44d2dda5c061b1948af26e99f5c5500fd38,False,False,False,3913dba608c06a723b7b0d14235fd81f6b2ec59d67cc314fb3eb6d4da75b5f9d,True
ISIC_0007344,locked100,G4,0.9660639529705175,0.934355616815989,0.8517520215633424,0.8359788359788359,0.8681318681318682,1.0,304.7350647362943,304.7350647362943,subpixel_gt_segment_arc_length,736,736,0.5,256,256,1.0,0,0,0,0,177,0.69140625,0.69140625,59,0.3333333333333333,1,0,1,1,0,1,8,contourpy binary 0.5 isocontours; saddle loops may differ from 8-connected pixel components,0,1573,160,ok,,256,16.0,0.05,e9f280ec6d05865ad3277ad3d4673187bfa2221c9075acb9fed4699cbb6ebada,cbeab787aa9a61895fa41bd4c0d4b44d2dda5c061b1948af26e99f5c5500fd38,False,False,False,3913dba608c06a723b7b0d14235fd81f6b2ec59d67cc314fb3eb6d4da75b5f9d,True
ISIC_0008524,locked100,G0,0.8995581737849779,0.8174518201284796,0.7077409162717219,0.7368421052631579,0.6808510638297872,1.0,203.095454429505,203.095454429505,subpixel_gt_segment_arc_length,480,480,0.5,256,242,0.9453125,0,14,0,0,176,0.7272727272727273,0.6875,62,0.3522727272727273,1,0,1,1,0,1,8,contourpy binary 0.5 isocontours; saddle loops may differ from 8-connected pixel components,0,3725,137,ok,,256,16.0,0.05,a3cc1b99c4f62b8377c8d45dc43b712c9034df2b1bc6bd66bbbfdeca917a3ab3,cbeab787aa9a61895fa41bd4c0d4b44d2dda5c061b1948af26e99f5c5500fd38,False,False,False,3913dba608c06a723b7b0d14235fd81f6b2ec59d67cc314fb3eb6d4da75b5f9d,True
ISIC_0008524,locked100,G1,0.8995581737849779,0.8174518201284796,0.7077409162717219,0.7368421052631579,0.6808510638297872,1.0,203.095454429505,203.095454429505,subpixel_gt_segment_arc_length,480,480,0.5,256,242,0.9453125,0,14,0,0,176,0.7272727272727273,0.6875,62,0.3522727272727273,1,0,1,1,0,1,8,contourpy binary 0.5 isocontours; saddle loops may differ from 8-connected pixel components,0,3725,137,ok,,256,16.0,0.05,a3cc1b99c4f62b8377c8d45dc43b712c9034df2b1bc6bd66bbbfdeca917a3ab3,cbeab787aa9a61895fa41bd4c0d4b44d2dda5c061b1948af26e99f5c5500fd38,False,False,False,3913dba608c06a723b7b0d14235fd81f6b2ec59d67cc314fb3eb6d4da75b5f9d,True
ISIC_0008524,locked100,G2,0.8357753357753358,0.7178814892501311,0.5330535819306026,0.5219123505976095,0.5446808510638298,1.0,203.095454429505,203.095454429505,subpixel_gt_segment_arc_length,480,480,0.5,256,242,0.9453125,0,14,0,0,176,0.7272727272727273,0.6875,62,0.3522727272727273,1,0,1,1,0,1,8,contourpy binary 0.5 isocontours; saddle loops may differ from 8-connected pixel components,0,3725,137,ok,,256,16.0,0.05,a3cc1b99c4f62b8377c8d45dc43b712c9034df2b1bc6bd66bbbfdeca917a3ab3,cbeab787aa9a61895fa41bd4c0d4b44d2dda5c061b1948af26e99f5c5500fd38,False,False,False,3913dba608c06a723b7b0d14235fd81f6b2ec59d67cc314fb3eb6d4da75b5f9d,True
ISIC_0008524,locked100,G3,0.8785206258890469,0.7833587011669203,0.5996374740761304,0.6221198156682027,0.5787234042553191,1.0,203.095454429505,203.095454429505,subpixel_gt_segment_arc_length,480,480,0.5,256,242,0.9453125,0,14,0,0,176,0.7272727272727273,0.6875,62,0.3522727272727273,1,0,1,1,0,1,8,contourpy binary 0.5 isocontours; saddle loops may differ from 8-connected pixel components,0,3725,137,ok,,256,16.0,0.05,a3cc1b99c4f62b8377c8d45dc43b712c9034df2b1bc6bd66bbbfdeca917a3ab3,cbeab787aa9a61895fa41bd4c0d4b44d2dda5c061b1948af26e99f5c5500fd38,False,False,False,3913dba608c06a723b7b0d14235fd81f6b2ec59d67cc314fb3eb6d4da75b5f9d,True
ISIC_0008524,locked100,G4,0.9218472468916519,0.8550247116968699,0.7883664279914372,0.821917808219178,0.7574468085106383,1.0,203.095454429505,203.095454429505,subpixel_gt_segment_arc_length,480,480,0.5,256,242,0.9453125,0,14,0,0,176,0.7272727272727273,0.6875,62,0.3522727272727273,1,0,1,1,0,1,8,contourpy binary 0.5 isocontours; saddle loops may differ from 8-connected pixel components,0,3725,137,ok,,256,16.0,0.05,a3cc1b99c4f62b8377c8d45dc43b712c9034df2b1bc6bd66bbbfdeca917a3ab3,cbeab787aa9a61895fa41bd4c0d4b44d2dda5c061b1948af26e99f5c5500fd38,False,False,False,3913dba608c06a723b7b0d14235fd81f6b2ec59d67cc314fb3eb6d4da75b5f9d,True
ISIC_0010459,locked100,G0,0.9805736867812264,0.9618877539908967,0.5767763454299708,0.5531281032770605,0.6025369978858351,1.0,805.3107499061546,805.3107499061546,subpixel_gt_segment_arc_length,1900,1900,0.5,256,256,1.0,0,0,0,123,186,0.7265625,0.7265625,70,0.3763440860215054,2,1,4,1,0,1,8,contourpy binary 0.5 isocontours; saddle loops may differ from 8-connected pixel components,0,219,66,ok,,256,16.0,0.05,7225177a16f3245621b5935c9d1278a511a390ec50e25cce1e06b9d2a99e4994,cbeab787aa9a61895fa41bd4c0d4b44d2dda5c061b1948af26e99f5c5500fd38,False,False,False,3913dba608c06a723b7b0d14235fd81f6b2ec59d67cc314fb3eb6d4da75b5f9d,True
ISIC_0010459,locked100,G1,0.98062768520266,0.9619916795539195,0.5772574093452092,0.5585585585585585,0.5972515856236786,1.0,805.3107499061546,805.3107499061546,subpixel_gt_segment_arc_length,1900,1900,0.5,256,256,1.0,0,0,0,123,186,0.7265625,0.7265625,70,0.3763440860215054,2,1,4,1,0,1,8,contourpy binary 0.5 isocontours; saddle loops may differ from 8-connected pixel components,0,219,66,ok,,256,16.0,0.05,7225177a16f3245621b5935c9d1278a511a390ec50e25cce1e06b9d2a99e4994,cbeab787aa9a61895fa41bd4c0d4b44d2dda5c061b1948af26e99f5c5500fd38,False,False,False,3913dba608c06a723b7b0d14235fd81f6b2ec59d67cc314fb3eb6d4da75b5f9d,True
ISIC_0010459,locked100,G2,0.9744982991255907,0.9502649272006768,0.5269918220329384,0.48863636363636365,0.5718816067653277,1.0,805.3107499061546,805.3107499061546,subpixel_gt_segment_arc_length,1900,1900,0.5,256,256,1.0,0,0,0,123,186,0.7265625,0.7265625,70,0.3763440860215054,2,1,4,1,0,1,8,contourpy binary 0.5 isocontours; saddle loops may differ from 8-connected pixel components,0,219,66,ok,,256,16.0,0.05,7225177a16f3245621b5935c9d1278a511a390ec50e25cce1e06b9d2a99e4994,cbeab787aa9a61895fa41bd4c0d4b44d2dda5c061b1948af26e99f5c5500fd38,False,False,False,3913dba608c06a723b7b0d14235fd81f6b2ec59d67cc314fb3eb6d4da75b5f9d,True
ISIC_0010459,locked100,G3,0.9800664823665036,0.9609121236063559,0.6160793076577715,0.5933734939759037,0.6405919661733616,1.0,805.3107499061546,805.3107499061546,subpixel_gt_segment_arc_length,1900,1900,0.5,256,256,1.0,0,0,0,123,186,0.7265625,0.7265625,70,0.3763440860215054,2,1,4,1,0,1,8,contourpy binary 0.5 isocontours; saddle loops may differ from 8-connected pixel components,0,219,66,ok,,256,16.0,0.05,7225177a16f3245621b5935c9d1278a511a390ec50e25cce1e06b9d2a99e4994,cbeab787aa9a61895fa41bd4c0d4b44d2dda5c061b1948af26e99f5c5500fd38,False,False,False,3913dba608c06a723b7b0d14235fd81f6b2ec59d67cc314fb3eb6d4da75b5f9d,True
ISIC_0010459,locked100,G4,0.9878786520881878,0.9760476390764394,0.8421683791665531,0.8142292490118577,0.872093023255814,1.0,805.3107499061546,805.3107499061546,subpixel_gt_segment_arc_length,1900,1900,0.5,256,256,1.0,0,0,0,123,186,0.7265625,0.7265625,70,0.3763440860215054,2,1,4,1,0,1,8,contourpy binary 0.5 isocontours; saddle loops may differ from 8-connected pixel components,0,219,66,ok,,256,16.0,0.05,7225177a16f3245621b5935c9d1278a511a390ec50e25cce1e06b9d2a99e4994,cbeab787aa9a61895fa41bd4c0d4b44d2dda5c061b1948af26e99f5c5500fd38,False,False,False,3913dba608c06a723b7b0d14235fd81f6b2ec59d67cc314fb3eb6d4da75b5f9d,True
ISIC_0012099,locked100,G0,0.8880976602238047,0.7987191216834401,0.646403242147923,0.673469387755102,0.6214285714285714,1.0,131.698484809835,131.698484809835,subpixel_gt_segment_arc_length,288,288,0.5,256,253,0.98828125,0,3,0,0,223,0.8814229249011858,0.87109375,4,0.017937219730941704,1,0,1,1,0,1,8,contourpy binary 0.5 isocontours; saddle loops may differ from 8-connected pixel components,0,7351,160,ok,,256,16.0,0.05,490e6d5e8ff2e6d8475c88b3940ebba7ad25feee1fd8b78b1283a6b478797baa,cbeab787aa9a61895fa41bd4c0d4b44d2dda5c061b1948af26e99f5c5500fd38,False,False,False,3913dba608c06a723b7b0d14235fd81f6b2ec59d67cc314fb3eb6d4da75b5f9d,True
ISIC_0012099,locked100,G1,0.8880976602238047,0.7987191216834401,0.646403242147923,0.673469387755102,0.6214285714285714,1.0,131.698484809835,131.698484809835,subpixel_gt_segment_arc_length,288,288,0.5,256,253,0.98828125,0,3,0,0,223,0.8814229249011858,0.87109375,4,0.017937219730941704,1,0,1,1,0,1,8,contourpy binary 0.5 isocontours; saddle loops may differ from 8-connected pixel components,0,7351,160,ok,,256,16.0,0.05,490e6d5e8ff2e6d8475c88b3940ebba7ad25feee1fd8b78b1283a6b478797baa,cbeab787aa9a61895fa41bd4c0d4b44d2dda5c061b1948af26e99f5c5500fd38,False,False,False,3913dba608c06a723b7b0d14235fd81f6b2ec59d67cc314fb3eb6d4da75b5f9d,True
ISIC_0012099,locked100,G2,0.9236559139784947,0.8581418581418582,0.9373664157606171,0.9390243902439024,0.9357142857142857,1.0,131.698484809835,131.698484809835,subpixel_gt_segment_arc_length,288,288,0.5,256,253,0.98828125,0,3,0,0,223,0.8814229249011858,0.87109375,4,0.017937219730941704,1,0,1,1,0,1,8,contourpy binary 0.5 isocontours; saddle loops may differ from 8-connected pixel components,0,7351,160,ok,,256,16.0,0.05,490e6d5e8ff2e6d8475c88b3940ebba7ad25feee1fd8b78b1283a6b478797baa,cbeab787aa9a61895fa41bd4c0d4b44d2dda5c061b1948af26e99f5c5500fd38,False,False,False,3913dba608c06a723b7b0d14235fd81f6b2ec59d67cc314fb3eb6d4da75b5f9d,True
ISIC_0012099,locked100,G3,0.9328358208955224,0.8741258741258742,0.9602519099731571,0.9861111111111112,0.9357142857142857,1.0,131.698484809835,131.698484809835,subpixel_gt_segment_arc_length,288,288,0.5,256,253,0.98828125,0,3,0,0,223,0.8814229249011858,0.87109375,4,0.017937219730941704,1,0,1,1,0,1,8,contourpy binary 0.5 isocontours; saddle loops may differ from 8-connected pixel components,0,7351,160,ok,,256,16.0,0.05,490e6d5e8ff2e6d8475c88b3940ebba7ad25feee1fd8b78b1283a6b478797baa,cbeab787aa9a61895fa41bd4c0d4b44d2dda5c061b1948af26e99f5c5500fd38,False,False,False,3913dba608c06a723b7b0d14235fd81f6b2ec59d67cc314fb3eb6d4da75b5f9d,True
ISIC_0012099,locked100,G4,0.9424802110817943,0.8912175648702595,0.9749236067323083,0.9933774834437086,0.9571428571428572,1.0,131.698484809835,131.698484809835,subpixel_gt_segment_arc_length,288,288,0.5,256,253,0.98828125,0,3,0,0,223,0.8814229249011858,0.87109375,4,0.017937219730941704,1,0,1,1,0,1,8,contourpy binary 0.5 isocontours; saddle loops may differ from 8-connected pixel components,0,7351,160,ok,,256,16.0,0.05,490e6d5e8ff2e6d8475c88b3940ebba7ad25feee1fd8b78b1283a6b478797baa,cbeab787aa9a61895fa41bd4c0d4b44d2dda5c061b1948af26e99f5c5500fd38,False,False,False,3913dba608c06a723b7b0d14235fd81f6b2ec59d67cc314fb3eb6d4da75b5f9d,True
ISIC_0012109,locked100,G0,0.9321799307958477,0.8729747245625405,0.8848365829709637,0.907103825136612,0.8636363636363636,1.0,164.76955262170048,164.76955262170048,subpixel_gt_segment_arc_length,360,360,0.5,256,254,0.9921875,0,2,0,0,209,0.8228346456692913,0.81640625,7,0.03349282296650718,1,0,1,1,0,1,8,contourpy binary 0.5 isocontours; saddle loops may differ from 8-connected pixel components,0,4798,170,ok,,256,16.0,0.05,b1448e92bd4b198f12278a42502167d78c398ec8424118b677f2a4a6dadc26a1,cbeab787aa9a61895fa41bd4c0d4b44d2dda5c061b1948af26e99f5c5500fd38,False,False,False,3913dba608c06a723b7b0d14235fd81f6b2ec59d67cc314fb3eb6d4da75b5f9d,True
ISIC_0012109,locked100,G1,0.9321799307958477,0.8729747245625405,0.8848365829709637,0.907103825136612,0.8636363636363636,1.0,164.76955262170048,164.76955262170048,subpixel_gt_segment_arc_length,360,360,0.5,256,254,0.9921875,0,2,0,0,209,0.8228346456692913,0.81640625,7,0.03349282296650718,1,0,1,1,0,1,8,contourpy binary 0.5 isocontours; saddle loops may differ from 8-connected pixel components,0,4798,170,ok,,256,16.0,0.05,b1448e92bd4b198f12278a42502167d78c398ec8424118b677f2a4a6dadc26a1,cbeab787aa9a61895fa41bd4c0d4b44d2dda5c061b1948af26e99f5c5500fd38,False,False,False,3913dba608c06a723b7b0d14235fd81f6b2ec59d67cc314fb3eb6d4da75b5f9d,True
ISIC_0012109,locked100,G2,0.9429870584120322,0.8921244209133025,0.9112244557789113,0.9251336898395722,0.8977272727272727,1.0,164.76955262170048,164.76955262170048,subpixel_gt_segment_arc_length,360,360,0.5,256,254,0.9921875,0,2,0,0,209,0.8228346456692913,0.81640625,7,0.03349282296650718,1,0,1,1,0,1,8,contourpy binary 0.5 isocontours; saddle loops may differ from 8-connected pixel components,0,4798,170,ok,,256,16.0,0.05,b1448e92bd4b198f12278a42502167d78c398ec8424118b677f2a4a6dadc26a1,cbeab787aa9a61895fa41bd4c0d4b44d2dda5c061b1948af26e99f5c5500fd38,False,False,False,3913dba608c06a723b7b0d14235fd81f6b2ec59d67cc314fb3eb6d4da75b5f9d,True
ISIC_0012109,locked100,G3,0.9330543933054394,0.8745098039215686,0.8910060975609757,0.907608695652174,0.875,1.0,164.76955262170048,164.76955262170048,subpixel_gt_segment_arc_length,360,360,0.5,256,254,0.9921875,0,2,0,0,209,0.8228346456692913,0.81640625,7,0.03349282296650718,1,0,1,1,0,1,8,contourpy binary 0.5 isocontours; saddle loops may differ from 8-connected pixel components,0,4798,170,ok,,256,16.0,0.05,b1448e92bd4b198f12278a42502167d78c398ec8424118b677f2a4a6dadc26a1,cbeab787aa9a61895fa41bd4c0d4b44d2dda5c061b1948af26e99f5c5500fd38,False,False,False,3913dba608c06a723b7b0d14235fd81f6b2ec59d67cc314fb3eb6d4da75b5f9d,True
ISIC_0012109,locked100,G4,0.9479566887879847,0.901062416998672,0.9110291652698626,0.9247311827956989,0.8977272727272727,1.0,164.76955262170048,164.76955262170048,subpixel_gt_segment_arc_length,360,360,0.5,256,254,0.9921875,0,2,0,0,209,0.8228346456692913,0.81640625,7,0.03349282296650718,1,0,1,1,0,1,8,contourpy binary 0.5 isocontours; saddle loops may differ from 8-connected pixel components,0,4798,170,ok,,256,16.0,0.05,b1448e92bd4b198f12278a42502167d78c398ec8424118b677f2a4a6dadc26a1,cbeab787aa9a61895fa41bd4c0d4b44d2dda5c061b1948af26e99f5c5500fd38,False,False,False,3913dba608c06a723b7b0d14235fd81f6b2ec59d67cc314fb3eb6d4da75b5f9d,True
ISIC_0012191,locked100,G0,0.9080556727119359,0.8315952105059868,0.6957110139496149,0.7068965517241379,0.6848739495798319,1.0,208.02438661763955,208.02438661763955,subpixel_gt_segment_arc_length,484,484,0.5,256,256,1.0,0,0,0,0,174,0.6796875,0.6796875,51,0.29310344827586204,1,0,1,1,0,1,8,contourpy binary 0.5 isocontours; saddle loops may differ from 8-connected pixel components,0,2736,138,ok,,256,16.0,0.05,60dc25bbfe4f64c447220ddbb9e7f095ddcc9dd055b46e630837a9ec6b585506,cbeab787aa9a61895fa41bd4c0d4b44d2dda5c061b1948af26e99f5c5500fd38,False,False,False,3913dba608c06a723b7b0d14235fd81f6b2ec59d67cc314fb3eb6d4da75b5f9d,True
ISIC_0012191,locked100,G1,0.9080556727119359,0.8315952105059868,0.6957110139496149,0.7068965517241379,0.6848739495798319,1.0,208.02438661763955,208.02438661763955,subpixel_gt_segment_arc_length,484,484,0.5,256,256,1.0,0,0,0,0,174,0.6796875,0.6796875,51,0.29310344827586204,1,0,1,1,0,1,8,contourpy binary 0.5 isocontours; saddle loops may differ from 8-connected pixel components,0,2736,138,ok,,256,16.0,0.05,60dc25bbfe4f64c447220ddbb9e7f095ddcc9dd055b46e630837a9ec6b585506,cbeab787aa9a61895fa41bd4c0d4b44d2dda5c061b1948af26e99f5c5500fd38,False,False,False,3913dba608c06a723b7b0d14235fd81f6b2ec59d67cc314fb3eb6d4da75b5f9d,True
ISIC_0012191,locked100,G2,0.8625636279500232,0.758340113913751,0.6220568695190007,0.6062992125984252,0.6386554621848739,1.0,208.02438661763955,208.02438661763955,subpixel_gt_segment_arc_length,484,484,0.5,256,256,1.0,0,0,0,0,174,0.6796875,0.6796875,51,0.29310344827586204,1,0,1,1,0,1,8,contourpy binary 0.5 isocontours; saddle loops may differ from 8-connected pixel components,0,2736,138,ok,,256,16.0,0.05,60dc25bbfe4f64c447220ddbb9e7f095ddcc9dd055b46e630837a9ec6b585506,cbeab787aa9a61895fa41bd4c0d4b44d2dda5c061b1948af26e99f5c5500fd38,False,False,False,3913dba608c06a723b7b0d14235fd81f6b2ec59d67cc314fb3eb6d4da75b5f9d,True
ISIC_0012191,locked100,G3,0.8828909212580861,0.7903354632587859,0.6652542372881356,0.6709401709401709,0.6596638655462185,1.0,208.02438661763955,208.02438661763955,subpixel_gt_segment_arc_length,484,484,0.5,256,256,1.0,0,0,0,0,174,0.6796875,0.6796875,51,0.29310344827586204,1,0,1,1,0,1,8,contourpy binary 0.5 isocontours; saddle loops may differ from 8-connected pixel components,0,2736,138,ok,,256,16.0,0.05,60dc25bbfe4f64c447220ddbb9e7f095ddcc9dd055b46e630837a9ec6b585506,cbeab787aa9a61895fa41bd4c0d4b44d2dda5c061b1948af26e99f5c5500fd38,False,False,False,3913dba608c06a723b7b0d14235fd81f6b2ec59d67cc314fb3eb6d4da75b5f9d,True
ISIC_0012191,locked100,G4,0.9337336478661805,0.8757039420756235,0.8184897139989964,0.7867132867132867,0.8529411764705882,1.0,208.02438661763955,208.02438661763955,subpixel_gt_segment_arc_length,484,484,0.5,256,256,1.0,0,0,0,0,174,0.6796875,0.6796875,51,0.29310344827586204,1,0,1,1,0,1,8,contourpy binary 0.5 isocontours; saddle loops may differ from 8-connected pixel components,0,2736,138,ok,,256,16.0,0.05,60dc25bbfe4f64c447220ddbb9e7f095ddcc9dd055b46e630837a9ec6b585506,cbeab787aa9a61895fa41bd4c0d4b44d2dda5c061b1948af26e99f5c5500fd38,False,False,False,3913dba608c06a723b7b0d14235fd81f6b2ec59d67cc314fb3eb6d4da75b5f9d,True
ISIC_0012204,locked100,G0,0.7163507870221651,0.5580580580580581,0.25462481812512994,0.2677595628415301,0.24271844660194175,1.0,174.2670273047588,174.2670273047588,subpixel_gt_segment_arc_length,420,420,0.5,256,245,0.95703125,10,1,0,0,86,0.3510204081632653,0.3359375,55,0.6395348837209303,1,0,1,1,0,1,8,contourpy binary 0.5 isocontours; saddle loops may differ from 8-connected pixel components,0,5974,173,ok,,256,16.0,0.05,6eef6f9a2e29a597fce6072d1778810aca44238c4f44d022cd4b67d6183b3e34,cbeab787aa9a61895fa41bd4c0d4b44d2dda5c061b1948af26e99f5c5500fd38,False,False,False,3913dba608c06a723b7b0d14235fd81f6b2ec59d67cc314fb3eb6d4da75b5f9d,True
ISIC_0012204,locked100,G1,0.7163507870221651,0.5580580580580581,0.25462481812512994,0.2677595628415301,0.24271844660194175,1.0,174.2670273047588,174.2670273047588,subpixel_gt_segment_arc_length,420,420,0.5,256,245,0.95703125,10,1,0,0,86,0.3510204081632653,0.3359375,55,0.6395348837209303,1,0,1,1,0,1,8,contourpy binary 0.5 isocontours; saddle loops may differ from 8-connected pixel components,0,5974,173,ok,,256,16.0,0.05,6eef6f9a2e29a597fce6072d1778810aca44238c4f44d022cd4b67d6183b3e34,cbeab787aa9a61895fa41bd4c0d4b44d2dda5c061b1948af26e99f5c5500fd38,False,False,False,3913dba608c06a723b7b0d14235fd81f6b2ec59d67cc314fb3eb6d4da75b5f9d,True
ISIC_0012204,locked100,G2,0.6664490861618799,0.4997552618697993,0.18557943362120907,0.1640625,0.21359223300970873,1.0,174.2670273047588,174.2670273047588,subpixel_gt_segment_arc_length,420,420,0.5,256,245,0.95703125,10,1,0,0,86,0.3510204081632653,0.3359375,55,0.6395348837209303,1,0,1,1,0,1,8,contourpy binary 0.5 isocontours; saddle loops may differ from 8-connected pixel components,0,5974,173,ok,,256,16.0,0.05,6eef6f9a2e29a597fce6072d1778810aca44238c4f44d022cd4b67d6183b3e34,cbeab787aa9a61895fa41bd4c0d4b44d2dda5c061b1948af26e99f5c5500fd38,False,False,False,3913dba608c06a723b7b0d14235fd81f6b2ec59d67cc314fb3eb6d4da75b5f9d,True
ISIC_0012204,locked100,G3,0.7240948813982522,0.5675146771037182,0.2588579795021962,0.265625,0.2524271844660194,1.0,174.2670273047588,174.2670273047588,subpixel_gt_segment_arc_length,420,420,0.5,256,245,0.95703125,10,1,0,0,86,0.3510204081632653,0.3359375,55,0.6395348837209303,1,0,1,1,0,1,8,contourpy binary 0.5 isocontours; saddle loops may differ from 8-connected pixel components,0,5974,173,ok,,256,16.0,0.05,6eef6f9a2e29a597fce6072d1778810aca44238c4f44d022cd4b67d6183b3e34,cbeab787aa9a61895fa41bd4c0d4b44d2dda5c061b1948af26e99f5c5500fd38,False,False,False,3913dba608c06a723b7b0d14235fd81f6b2ec59d67cc314fb3eb6d4da75b5f9d,True
ISIC_0012204,locked100,G4,0.7959866220735786,0.6611111111111111,0.38828202581926513,0.3434343434343434,0.44660194174757284,1.0,174.2670273047588,174.2670273047588,subpixel_gt_segment_arc_length,420,420,0.5,256,245,0.95703125,10,1,0,0,86,0.3510204081632653,0.3359375,55,0.6395348837209303,1,0,1,1,0,1,8,contourpy binary 0.5 isocontours; saddle loops may differ from 8-connected pixel components,0,5974,173,ok,,256,16.0,0.05,6eef6f9a2e29a597fce6072d1778810aca44238c4f44d022cd4b67d6183b3e34,cbeab787aa9a61895fa41bd4c0d4b44d2dda5c061b1948af26e99f5c5500fd38,False,False,False,3913dba608c06a723b7b0d14235fd81f6b2ec59d67cc314fb3eb6d4da75b5f9d,True
ISIC_0012206,locked100,G0,0.9557574414653963,0.9152638279813269,0.7703646237393329,0.7918660287081339,0.75,1.0,385.53910524340097,385.53910524340097,subpixel_gt_segment_arc_length,832,832,0.5,256,245,0.95703125,9,2,0,0,196,0.8,0.765625,36,0.1836734693877551,1,0,1,1,0,1,8,contourpy binary 0.5 isocontours; saddle loops may differ from 8-connected pixel components,0,1592,166,ok,,256,16.0,0.05,2132c67996087dbbdf1965fbd87a552eebdbd75aec3094400d23dc8f182af8f4,cbeab787aa9a61895fa41bd4c0d4b44d2dda5c061b1948af26e99f5c5500fd38,False,False,False,3913dba608c06a723b7b0d14235fd81f6b2ec59d67cc314fb3eb6d4da75b5f9d,True
ISIC_0012206,locked100,G1,0.9557574414653963,0.9152638279813269,0.7703646237393329,0.7918660287081339,0.75,1.0,385.53910524340097,385.53910524340097,subpixel_gt_segment_arc_length,832,832,0.5,256,245,0.95703125,9,2,0,0,196,0.8,0.765625,36,0.1836734693877551,1,0,1,1,0,1,8,contourpy binary 0.5 isocontours; saddle loops may differ from 8-connected pixel components,0,1592,166,ok,,256,16.0,0.05,2132c67996087dbbdf1965fbd87a552eebdbd75aec3094400d23dc8f182af8f4,cbeab787aa9a61895fa41bd4c0d4b44d2dda5c061b1948af26e99f5c5500fd38,False,False,False,3913dba608c06a723b7b0d14235fd81f6b2ec59d67cc314fb3eb6d4da75b5f9d,True
ISIC_0012206,locked100,G2,0.9500982912445184,0.904940227567334,0.7140395361034106,0.7169373549883991,0.7111650485436893,1.0,385.53910524340097,385.53910524340097,subpixel_gt_segment_arc_length,832,832,0.5,256,245,0.95703125,9,2,0,0,196,0.8,0.765625,36,0.1836734693877551,1,0,1,1,0,1,8,contourpy binary 0.5 isocontours; saddle loops may differ from 8-connected pixel components,0,1592,166,ok,,256,16.0,0.05,2132c67996087dbbdf1965fbd87a552eebdbd75aec3094400d23dc8f182af8f4,cbeab787aa9a61895fa41bd4c0d4b44d2dda5c061b1948af26e99f5c5500fd38,False,False,False,3913dba608c06a723b7b0d14235fd81f6b2ec59d67cc314fb3eb6d4da75b5f9d,True
ISIC_0012206,locked100,G3,0.952373876216658,0.9090780141843972,0.7481296758104738,0.7692307692307693,0.7281553398058253,1.0,385.53910524340097,385.53910524340097,subpixel_gt_segment_arc_length,832,832,0.5,256,245,0.95703125,9,2,0,0,196,0.8,0.765625,36,0.1836734693877551,1,0,1,1,0,1,8,contourpy binary 0.5 isocontours; saddle loops may differ from 8-connected pixel components,0,1592,166,ok,,256,16.0,0.05,2132c67996087dbbdf1965fbd87a552eebdbd75aec3094400d23dc8f182af8f4,cbeab787aa9a61895fa41bd4c0d4b44d2dda5c061b1948af26e99f5c5500fd38,False,False,False,3913dba608c06a723b7b0d14235fd81f6b2ec59d67cc314fb3eb6d4da75b5f9d,True
ISIC_0012206,locked100,G4,0.9646182495344506,0.9316546762589928,0.8659703045583703,0.8857142857142857,0.8470873786407767,1.0,385.53910524340097,385.53910524340097,subpixel_gt_segment_arc_length,832,832,0.5,256,245,0.95703125,9,2,0,0,196,0.8,0.765625,36,0.1836734693877551,1,0,1,1,0,1,8,contourpy binary 0.5 isocontours; saddle loops may differ from 8-connected pixel components,0,1592,166,ok,,256,16.0,0.05,2132c67996087dbbdf1965fbd87a552eebdbd75aec3094400d23dc8f182af8f4,cbeab787aa9a61895fa41bd4c0d4b44d2dda5c061b1948af26e99f5c5500fd38,False,False,False,3913dba608c06a723b7b0d14235fd81f6b2ec59d67cc314fb3eb6d4da75b5f9d,True
ISIC_0012210,locked100,G0,0.2036781120442224,0.11338619955024264,0.0356513222331048,0.051587301587301584,0.027237354085603113,0.11064393868586372,49.69238815542512,449.1198410471445,subpixel_gt_segment_arc_length,107,1040,0.5,256,35,0.13671875,221,0,0,0,9,0.2571428571428571,0.03515625,7,0.7777777777777778,2,0,2,1,0,1,8,contourpy binary 0.5 isocontours; saddle loops may differ from 8-connected pixel components,0,7427,198,ok,,256,16.0,0.05,e62be6d6a6bf728b9c89984369b86eae37df0340216c600cc993bb8b3be742e5,cbeab787aa9a61895fa41bd4c0d4b44d2dda5c061b1948af26e99f5c5500fd38,False,False,False,3913dba608c06a723b7b0d14235fd81f6b2ec59d67cc314fb3eb6d4da75b5f9d,True
ISIC_0012210,locked100,G1,0.2036781120442224,0.11338619955024264,0.0356513222331048,0.051587301587301584,0.027237354085603113,0.11064393868586372,49.69238815542512,449.1198410471445,subpixel_gt_segment_arc_length,107,1040,0.5,256,35,0.13671875,221,0,0,0,9,0.2571428571428571,0.03515625,7,0.7777777777777778,2,0,2,1,0,1,8,contourpy binary 0.5 isocontours; saddle loops may differ from 8-connected pixel components,0,7427,198,ok,,256,16.0,0.05,e62be6d6a6bf728b9c89984369b86eae37df0340216c600cc993bb8b3be742e5,cbeab787aa9a61895fa41bd4c0d4b44d2dda5c061b1948af26e99f5c5500fd38,False,False,False,3913dba608c06a723b7b0d14235fd81f6b2ec59d67cc314fb3eb6d4da75b5f9d,True
ISIC_0012210,locked100,G2,0.2707736389684814,0.15658657829328915,0.030701754385964914,0.02459016393442623,0.04085603112840467,0.11064393868586372,49.69238815542512,449.1198410471445,subpixel_gt_segment_arc_length,107,1040,0.5,256,35,0.13671875,221,0,0,0,9,0.2571428571428571,0.03515625,7,0.7777777777777778,2,0,2,1,0,1,8,contourpy binary 0.5 isocontours; saddle loops may differ from 8-connected pixel components,0,7427,198,ok,,256,16.0,0.05,e62be6d6a6bf728b9c89984369b86eae37df0340216c600cc993bb8b3be742e5,cbeab787aa9a61895fa41bd4c0d4b44d2dda5c061b1948af26e99f5c5500fd38,False,False,False,3913dba608c06a723b7b0d14235fd81f6b2ec59d67cc314fb3eb6d4da75b5f9d,True
ISIC_0012210,locked100,G3,0.2036781120442224,0.11338619955024264,0.0356513222331048,0.051587301587301584,0.027237354085603113,0.11064393868586372,49.69238815542512,449.1198410471445,subpixel_gt_segment_arc_length,107,1040,0.5,256,35,0.13671875,221,0,0,0,9,0.2571428571428571,0.03515625,7,0.7777777777777778,2,0,2,1,0,1,8,contourpy binary 0.5 isocontours; saddle loops may differ from 8-connected pixel components,0,7427,198,ok,,256,16.0,0.05,e62be6d6a6bf728b9c89984369b86eae37df0340216c600cc993bb8b3be742e5,cbeab787aa9a61895fa41bd4c0d4b44d2dda5c061b1948af26e99f5c5500fd38,False,False,False,3913dba608c06a723b7b0d14235fd81f6b2ec59d67cc314fb3eb6d4da75b5f9d,True
ISIC_0012210,locked100,G4,0.3005629272215521,0.17686028628889153,0.0888875497167651,0.08183079056865465,0.09727626459143969,0.11064393868586372,49.69238815542512,449.1198410471445,subpixel_gt_segment_arc_length,107,1040,0.5,256,35,0.13671875,221,0,0,0,9,0.2571428571428571,0.03515625,7,0.7777777777777778,2,0,2,1,0,1,8,contourpy binary 0.5 isocontours; saddle loops may differ from 8-connected pixel components,0,7427,198,ok,,256,16.0,0.05,e62be6d6a6bf728b9c89984369b86eae37df0340216c600cc993bb8b3be742e5,cbeab787aa9a61895fa41bd4c0d4b44d2dda5c061b1948af26e99f5c5500fd38,False,False,False,3913dba608c06a723b7b0d14235fd81f6b2ec59d67cc314fb3eb6d4da75b5f9d,True
ISIC_0012221,locked100,G0,0.9501661129568106,0.9050632911392406,0.9412770385787557,0.9663461538461539,0.9174757281553398,1.0,194.18376618407356,194.18376618407356,subpixel_gt_segment_arc_length,420,420,0.5,256,256,1.0,0,0,0,0,219,0.85546875,0.85546875,42,0.1917808219178082,1,0,1,1,0,1,8,contourpy binary 0.5 isocontours; saddle loops may differ from 8-connected pixel components,0,3126,155,ok,,256,16.0,0.05,8e4e4b75cfd89839dc68f46b6ac74a36a2d1a75b089cd0df59f6e0d9032c0ca8,cbeab787aa9a61895fa41bd4c0d4b44d2dda5c061b1948af26e99f5c5500fd38,False,False,False,3913dba608c06a723b7b0d14235fd81f6b2ec59d67cc314fb3eb6d4da75b5f9d,True
ISIC_0012221,locked100,G1,0.9501661129568106,0.9050632911392406,0.9412770385787557,0.9663461538461539,0.9174757281553398,1.0,194.18376618407356,194.18376618407356,subpixel_gt_segment_arc_length,420,420,0.5,256,256,1.0,0,0,0,0,219,0.85546875,0.85546875,42,0.1917808219178082,1,0,1,1,0,1,8,contourpy binary 0.5 isocontours; saddle loops may differ from 8-connected pixel components,0,3126,155,ok,,256,16.0,0.05,8e4e4b75cfd89839dc68f46b6ac74a36a2d1a75b089cd0df59f6e0d9032c0ca8,cbeab787aa9a61895fa41bd4c0d4b44d2dda5c061b1948af26e99f5c5500fd38,False,False,False,3913dba608c06a723b7b0d14235fd81f6b2ec59d67cc314fb3eb6d4da75b5f9d,True
ISIC_0012221,locked100,G2,0.9390562010908229,0.8851139919535091,0.8465346534653465,0.8636363636363636,0.8300970873786407,1.0,194.18376618407356,194.18376618407356,subpixel_gt_segment_arc_length,420,420,0.5,256,256,1.0,0,0,0,0,219,0.85546875,0.85546875,42,0.1917808219178082,1,0,1,1,0,1,8,contourpy binary 0.5 isocontours; saddle loops may differ from 8-connected pixel components,0,3126,155,ok,,256,16.0,0.05,8e4e4b75cfd89839dc68f46b6ac74a36a2d1a75b089cd0df59f6e0d9032c0ca8,cbeab787aa9a61895fa41bd4c0d4b44d2dda5c061b1948af26e99f5c5500fd38,False,False,False,3913dba608c06a723b7b0d14235fd81f6b2ec59d67cc314fb3eb6d4da75b5f9d,True
ISIC_0012221,locked100,G3,0.9444046766881412,0.8946654611211573,0.8740870581361379,0.8947368421052632,0.8543689320388349,1.0,194.18376618407356,194.18376618407356,subpixel_gt_segment_arc_length,420,420,0.5,256,256,1.0,0,0,0,0,219,0.85546875,0.85546875,42,0.1917808219178082,1,0,1,1,0,1,8,contourpy binary 0.5 isocontours; saddle loops may differ from 8-connected pixel components,0,3126,155,ok,,256,16.0,0.05,8e4e4b75cfd89839dc68f46b6ac74a36a2d1a75b089cd0df59f6e0d9032c0ca8,cbeab787aa9a61895fa41bd4c0d4b44d2dda5c061b1948af26e99f5c5500fd38,False,False,False,3913dba608c06a723b7b0d14235fd81f6b2ec59d67cc314fb3eb6d4da75b5f9d,True
ISIC_0012221,locked100,G4,0.9580469305522635,0.9194722474977252,0.9514553764734183,0.9716981132075472,0.9320388349514563,1.0,194.18376618407356,194.18376618407356,subpixel_gt_segment_arc_length,420,420,0.5,256,256,1.0,0,0,0,0,219,0.85546875,0.85546875,42,0.1917808219178082,1,0,1,1,0,1,8,contourpy binary 0.5 isocontours; saddle loops may differ from 8-connected pixel components,0,3126,155,ok,,256,16.0,0.05,8e4e4b75cfd89839dc68f46b6ac74a36a2d1a75b089cd0df59f6e0d9032c0ca8,cbeab787aa9a61895fa41bd4c0d4b44d2dda5c061b1948af26e99f5c5500fd38,False,False,False,3913dba608c06a723b7b0d14235fd81f6b2ec59d67cc314fb3eb6d4da75b5f9d,True
ISIC_0012222,locked100,G0,0.9421720733427362,0.8906666666666667,0.906650584172934,0.9234234234234234,0.8904761904761904,1.0,200.52691193458122,200.52691193458122,subpixel_gt_segment_arc_length,428,428,0.5,256,252,0.984375,0,4,0,0,211,0.8373015873015873,0.82421875,18,0.08530805687203792,1,0,1,1,0,1,8,contourpy binary 0.5 isocontours; saddle loops may differ from 8-connected pixel components,0,3477,163,ok,,256,16.0,0.05,fd4e793760d84ee53d48fe4230b8ea300586c22783fd6d7bfe369d644da27d81,cbeab787aa9a61895fa41bd4c0d4b44d2dda5c061b1948af26e99f5c5500fd38,False,False,False,3913dba608c06a723b7b0d14235fd81f6b2ec59d67cc314fb3eb6d4da75b5f9d,True
ISIC_0012222,locked100,G1,0.9421720733427362,0.8906666666666667,0.906650584172934,0.9234234234234234,0.8904761904761904,1.0,200.52691193458122,200.52691193458122,subpixel_gt_segment_arc_length,428,428,0.5,256,252,0.984375,0,4,0,0,211,0.8373015873015873,0.82421875,18,0.08530805687203792,1,0,1,1,0,1,8,contourpy binary 0.5 isocontours; saddle loops may differ from 8-connected pixel components,0,3477,163,ok,,256,16.0,0.05,fd4e793760d84ee53d48fe4230b8ea300586c22783fd6d7bfe369d644da27d81,cbeab787aa9a61895fa41bd4c0d4b44d2dda5c061b1948af26e99f5c5500fd38,False,False,False,3913dba608c06a723b7b0d14235fd81f6b2ec59d67cc314fb3eb6d4da75b5f9d,True
ISIC_0012222,locked100,G2,0.939725389806842,0.8863037752414399,0.8857503731771732,0.8675213675213675,0.9047619047619048,1.0,200.52691193458122,200.52691193458122,subpixel_gt_segment_arc_length,428,428,0.5,256,252,0.984375,0,4,0,0,211,0.8373015873015873,0.82421875,18,0.08530805687203792,1,0,1,1,0,1,8,contourpy binary 0.5 isocontours; saddle loops may differ from 8-connected pixel components,0,3477,163,ok,,256,16.0,0.05,fd4e793760d84ee53d48fe4230b8ea300586c22783fd6d7bfe369d644da27d81,cbeab787aa9a61895fa41bd4c0d4b44d2dda5c061b1948af26e99f5c5500fd38,False,False,False,3913dba608c06a723b7b0d14235fd81f6b2ec59d67cc314fb3eb6d4da75b5f9d,True
ISIC_0012222,locked100,G3,0.9414255469301341,0.8893333333333333,0.906650584172934,0.9234234234234234,0.8904761904761904,1.0,200.52691193458122,200.52691193458122,subpixel_gt_segment_arc_length,428,428,0.5,256,252,0.984375,0,4,0,0,211,0.8373015873015873,0.82421875,18,0.08530805687203792,1,0,1,1,0,1,8,contourpy binary 0.5 isocontours; saddle loops may differ from 8-connected pixel components,0,3477,163,ok,,256,16.0,0.05,fd4e793760d84ee53d48fe4230b8ea300586c22783fd6d7bfe369d644da27d81,cbeab787aa9a61895fa41bd4c0d4b44d2dda5c061b1948af26e99f5c5500fd38,False,False,False,3913dba608c06a723b7b0d14235fd81f6b2ec59d67cc314fb3eb6d4da75b5f9d,True
ISIC_0012222,locked100,G4,0.9561752988047809,0.916030534351145,0.9606316482070402,0.9690265486725663,0.9523809523809523,1.0,200.52691193458122,200.52691193458122,subpixel_gt_segment_arc_length,428,428,0.5,256,252,0.984375,0,4,0,0,211,0.8373015873015873,0.82421875,18,0.08530805687203792,1,0,1,1,0,1,8,contourpy binary 0.5 isocontours; saddle loops may differ from 8-connected pixel components,0,3477,163,ok,,256,16.0,0.05,fd4e793760d84ee53d48fe4230b8ea300586c22783fd6d7bfe369d644da27d81,cbeab787aa9a61895fa41bd4c0d4b44d2dda5c061b1948af26e99f5c5500fd38,False,False,False,3913dba608c06a723b7b0d14235fd81f6b2ec59d67cc314fb3eb6d4da75b5f9d,True
ISIC_0012256,locked100,G0,0.14380352237841332,0.07747214484679665,0.0,0.0,0.0,0.0,0.0,298.2497833620557,subpixel_gt_segment_arc_length,0,716,0.5,256,0,0.0,256,0,0,0,0,,0.0,0,,1,0,1,1,0,1,8,contourpy binary 0.5 isocontours; saddle loops may differ from 8-connected pixel components,0,13907,126,ok,,256,16.0,0.05,8e09279d45b32bd91fef8e089c88da2aea7ac58d116b9b39c1117ac21e2054fa,cbeab787aa9a61895fa41bd4c0d4b44d2dda5c061b1948af26e99f5c5500fd38,False,False,False,3913dba608c06a723b7b0d14235fd81f6b2ec59d67cc314fb3eb6d4da75b5f9d,True
ISIC_0012256,locked100,G1,0.14380352237841332,0.07747214484679665,0.0,0.0,0.0,0.0,0.0,298.2497833620557,subpixel_gt_segment_arc_length,0,716,0.5,256,0,0.0,256,0,0,0,0,,0.0,0,,1,0,1,1,0,1,8,contourpy binary 0.5 isocontours; saddle loops may differ from 8-connected pixel components,0,13907,126,ok,,256,16.0,0.05,8e09279d45b32bd91fef8e089c88da2aea7ac58d116b9b39c1117ac21e2054fa,cbeab787aa9a61895fa41bd4c0d4b44d2dda5c061b1948af26e99f5c5500fd38,False,False,False,3913dba608c06a723b7b0d14235fd81f6b2ec59d67cc314fb3eb6d4da75b5f9d,True
ISIC_0012256,locked100,G2,0.20640124902419985,0.11507660167130919,0.0,0.0,0.0,0.0,0.0,298.2497833620557,subpixel_gt_segment_arc_length,0,716,0.5,256,0,0.0,256,0,0,0,0,,0.0,0,,1,0,1,1,0,1,8,contourpy binary 0.5 isocontours; saddle loops may differ from 8-connected pixel components,0,13907,126,ok,,256,16.0,0.05,8e09279d45b32bd91fef8e089c88da2aea7ac58d116b9b39c1117ac21e2054fa,cbeab787aa9a61895fa41bd4c0d4b44d2dda5c061b1948af26e99f5c5500fd38,False,False,False,3913dba608c06a723b7b0d14235fd81f6b2ec59d67cc314fb3eb6d4da75b5f9d,True
ISIC_0012256,locked100,G3,0.14380352237841332,0.07747214484679665,0.0,0.0,0.0,0.0,0.0,298.2497833620557,subpixel_gt_segment_arc_length,0,716,0.5,256,0,0.0,256,0,0,0,0,,0.0,0,,1,0,1,1,0,1,8,contourpy binary 0.5 isocontours; saddle loops may differ from 8-connected pixel components,0,13907,126,ok,,256,16.0,0.05,8e09279d45b32bd91fef8e089c88da2aea7ac58d116b9b39c1117ac21e2054fa,cbeab787aa9a61895fa41bd4c0d4b44d2dda5c061b1948af26e99f5c5500fd38,False,False,False,3913dba608c06a723b7b0d14235fd81f6b2ec59d67cc314fb3eb6d4da75b5f9d,True
ISIC_0012256,locked100,G4,0.3290181818181818,0.19690111420612813,0.0,0.0,0.0,0.0,0.0,298.2497833620557,subpixel_gt_segment_arc_length,0,716,0.5,256,0,0.0,256,0,0,0,0,,0.0,0,,1,0,1,1,0,1,8,contourpy binary 0.5 isocontours; saddle loops may differ from 8-connected pixel components,0,13907,126,ok,,256,16.0,0.05,8e09279d45b32bd91fef8e089c88da2aea7ac58d116b9b39c1117ac21e2054fa,cbeab787aa9a61895fa41bd4c0d4b44d2dda5c061b1948af26e99f5c5500fd38,False,False,False,3913dba608c06a723b7b0d14235fd81f6b2ec59d67cc314fb3eb6d4da75b5f9d,True
ISIC_0012306,locked100,G0,0.9397659149300599,0.8863758750673129,0.8649557522123893,0.8872549019607843,0.84375,1.0,179.01219330881977,179.01219330881977,subpixel_gt_segment_arc_length,392,392,0.5,256,256,1.0,0,0,0,0,215,0.83984375,0.83984375,30,0.13953488372093023,1,0,1,1,0,1,8,contourpy binary 0.5 isocontours; saddle loops may differ from 8-connected pixel components,0,3797,159,ok,,256,16.0,0.05,1403e2ae666865aa8a45a50a0dfcff50af835eb443d0184e691c15b3d8f112cb,cbeab787aa9a61895fa41bd4c0d4b44d2dda5c061b1948af26e99f5c5500fd38,False,False,False,3913dba608c06a723b7b0d14235fd81f6b2ec59d67cc314fb3eb6d4da75b5f9d,True
ISIC_0012306,locked100,G1,0.9397659149300599,0.8863758750673129,0.8649557522123893,0.8872549019607843,0.84375,1.0,179.01219330881977,179.01219330881977,subpixel_gt_segment_arc_length,392,392,0.5,256,256,1.0,0,0,0,0,215,0.83984375,0.83984375,30,0.13953488372093023,1,0,1,1,0,1,8,contourpy binary 0.5 isocontours; saddle loops may differ from 8-connected pixel components,0,3797,159,ok,,256,16.0,0.05,1403e2ae666865aa8a45a50a0dfcff50af835eb443d0184e691c15b3d8f112cb,cbeab787aa9a61895fa41bd4c0d4b44d2dda5c061b1948af26e99f5c5500fd38,False,False,False,3913dba608c06a723b7b0d14235fd81f6b2ec59d67cc314fb3eb6d4da75b5f9d,True
ISIC_0012306,locked100,G2,0.9382086167800453,0.8836091831286705,0.8278457196613358,0.822429906542056,0.8333333333333334,1.0,179.01219330881977,179.01219330881977,subpixel_gt_segment_arc_length,392,392,0.5,256,256,1.0,0,0,0,0,215,0.83984375,0.83984375,30,0.13953488372093023,1,0,1,1,0,1,8,contourpy binary 0.5 isocontours; saddle loops may differ from 8-connected pixel components,0,3797,159,ok,,256,16.0,0.05,1403e2ae666865aa8a45a50a0dfcff50af835eb443d0184e691c15b3d8f112cb,cbeab787aa9a61895fa41bd4c0d4b44d2dda5c061b1948af26e99f5c5500fd38,False,False,False,3913dba608c06a723b7b0d14235fd81f6b2ec59d67cc314fb3eb6d4da75b5f9d,True
ISIC_0012306,locked100,G3,0.9352272727272727,0.8783351120597652,0.828890380040261,0.8349514563106796,0.8229166666666666,1.0,179.01219330881977,179.01219330881977,subpixel_gt_segment_arc_length,392,392,0.5,256,256,1.0,0,0,0,0,215,0.83984375,0.83984375,30,0.13953488372093023,1,0,1,1,0,1,8,contourpy binary 0.5 isocontours; saddle loops may differ from 8-connected pixel components,0,3797,159,ok,,256,16.0,0.05,1403e2ae666865aa8a45a50a0dfcff50af835eb443d0184e691c15b3d8f112cb,cbeab787aa9a61895fa41bd4c0d4b44d2dda5c061b1948af26e99f5c5500fd38,False,False,False,3913dba608c06a723b7b0d14235fd81f6b2ec59d67cc314fb3eb6d4da75b5f9d,True
ISIC_0012306,locked100,G4,0.9582379862700229,0.9198242723778144,0.9386432298819005,0.9504950495049505,0.9270833333333334,1.0,179.01219330881977,179.01219330881977,subpixel_gt_segment_arc_length,392,392,0.5,256,256,1.0,0,0,0,0,215,0.83984375,0.83984375,30,0.13953488372093023,1,0,1,1,0,1,8,contourpy binary 0.5 isocontours; saddle loops may differ from 8-connected pixel components,0,3797,159,ok,,256,16.0,0.05,1403e2ae666865aa8a45a50a0dfcff50af835eb443d0184e691c15b3d8f112cb,cbeab787aa9a61895fa41bd4c0d4b44d2dda5c061b1948af26e99f5c5500fd38,False,False,False,3913dba608c06a723b7b0d14235fd81f6b2ec59d67cc314fb3eb6d4da75b5f9d,True
ISIC_0012313,locked100,G0,0.9524080934739242,0.9091403699673558,0.9368797141722907,0.9523809523809523,0.921875,1.0,180.76955262170048,180.76955262170048,subpixel_gt_segment_arc_length,392,392,0.5,256,256,1.0,0,0,0,0,225,0.87890625,0.87890625,58,0.2577777777777778,2,0,2,1,0,1,8,contourpy binary 0.5 isocontours; saddle loops may differ from 8-connected pixel components,0,4188,170,ok,,256,16.0,0.05,1f01a2fbe6b75b8cb9758aa0b4030d8688fe1fce4b4bfadacf9653fef3674891,cbeab787aa9a61895fa41bd4c0d4b44d2dda5c061b1948af26e99f5c5500fd38,False,False,False,3913dba608c06a723b7b0d14235fd81f6b2ec59d67cc314fb3eb6d4da75b5f9d,True
ISIC_0012313,locked100,G1,0.9524080934739242,0.9091403699673558,0.9368797141722907,0.9523809523809523,0.921875,1.0,180.76955262170048,180.76955262170048,subpixel_gt_segment_arc_length,392,392,0.5,256,256,1.0,0,0,0,0,225,0.87890625,0.87890625,58,0.2577777777777778,2,0,2,1,0,1,8,contourpy binary 0.5 isocontours; saddle loops may differ from 8-connected pixel components,0,4188,170,ok,,256,16.0,0.05,1f01a2fbe6b75b8cb9758aa0b4030d8688fe1fce4b4bfadacf9653fef3674891,cbeab787aa9a61895fa41bd4c0d4b44d2dda5c061b1948af26e99f5c5500fd38,False,False,False,3913dba608c06a723b7b0d14235fd81f6b2ec59d67cc314fb3eb6d4da75b5f9d,True
ISIC_0012313,locked100,G2,0.9243547908632453,0.8593491450634307,0.8067393458870169,0.8461538461538461,0.7708333333333334,1.0,180.76955262170048,180.76955262170048,subpixel_gt_segment_arc_length,392,392,0.5,256,256,1.0,0,0,0,0,225,0.87890625,0.87890625,58,0.2577777777777778,2,0,2,1,0,1,8,contourpy binary 0.5 isocontours; saddle loops may differ from 8-connected pixel components,0,4188,170,ok,,256,16.0,0.05,1f01a2fbe6b75b8cb9758aa0b4030d8688fe1fce4b4bfadacf9653fef3674891,cbeab787aa9a61895fa41bd4c0d4b44d2dda5c061b1948af26e99f5c5500fd38,False,False,False,3913dba608c06a723b7b0d14235fd81f6b2ec59d67cc314fb3eb6d4da75b5f9d,True
ISIC_0012313,locked100,G3,0.948066935949221,0.9012616566099836,0.9340607210626186,0.9521276595744681,0.9166666666666666,1.0,180.76955262170048,180.76955262170048,subpixel_gt_segment_arc_length,392,392,0.5,256,256,1.0,0,0,0,0,225,0.87890625,0.87890625,58,0.2577777777777778,2,0,2,1,0,1,8,contourpy binary 0.5 isocontours; saddle loops may differ from 8-connected pixel components,0,4188,170,ok,,256,16.0,0.05,1f01a2fbe6b75b8cb9758aa0b4030d8688fe1fce4b4bfadacf9653fef3674891,cbeab787aa9a61895fa41bd4c0d4b44d2dda5c061b1948af26e99f5c5500fd38,False,False,False,3913dba608c06a723b7b0d14235fd81f6b2ec59d67cc314fb3eb6d4da75b5f9d,True
ISIC_0012313,locked100,G4,0.9600912200684151,0.9232456140350878,0.9528688524590164,0.96875,0.9375,1.0,180.76955262170048,180.76955262170048,subpixel_gt_segment_arc_length,392,392,0.5,256,256,1.0,0,0,0,0,225,0.87890625,0.87890625,58,0.2577777777777778,2,0,2,1,0,1,8,contourpy binary 0.5 isocontours; saddle loops may differ from 8-connected pixel components,0,4188,170,ok,,256,16.0,0.05,1f01a2fbe6b75b8cb9758aa0b4030d8688fe1fce4b4bfadacf9653fef3674891,cbeab787aa9a61895fa41bd4c0d4b44d2dda5c061b1948af26e99f5c5500fd38,False,False,False,3913dba608c06a723b7b0d14235fd81f6b2ec59d67cc314fb3eb6d4da75b5f9d,True
ISIC_0012316,locked100,G0,0.9185185185185185,0.8493150684931506,0.8682144922746426,0.8705882352941177,0.8658536585365854,1.0,153.94112549695427,153.94112549695427,subpixel_gt_segment_arc_length,336,336,0.5,256,247,0.96484375,1,8,0,0,218,0.8825910931174089,0.8515625,50,0.22935779816513763,1,0,1,1,0,1,8,contourpy binary 0.5 isocontours; saddle loops may differ from 8-connected pixel components,0,5301,165,ok,,256,16.0,0.05,19bb9faaa57ded92362b604bae0e2ed19bf9c6f7eaf49ba87f133432811faa52,cbeab787aa9a61895fa41bd4c0d4b44d2dda5c061b1948af26e99f5c5500fd38,False,False,False,3913dba608c06a723b7b0d14235fd81f6b2ec59d67cc314fb3eb6d4da75b5f9d,True
ISIC_0012316,locked100,G1,0.9185185185185185,0.8493150684931506,0.8682144922746426,0.8705882352941177,0.8658536585365854,1.0,153.94112549695427,153.94112549695427,subpixel_gt_segment_arc_length,336,336,0.5,256,247,0.96484375,1,8,0,0,218,0.8825910931174089,0.8515625,50,0.22935779816513763,1,0,1,1,0,1,8,contourpy binary 0.5 isocontours; saddle loops may differ from 8-connected pixel components,0,5301,165,ok,,256,16.0,0.05,19bb9faaa57ded92362b604bae0e2ed19bf9c6f7eaf49ba87f133432811faa52,cbeab787aa9a61895fa41bd4c0d4b44d2dda5c061b1948af26e99f5c5500fd38,False,False,False,3913dba608c06a723b7b0d14235fd81f6b2ec59d67cc314fb3eb6d4da75b5f9d,True
ISIC_0012316,locked100,G2,0.9167340339531124,0.8462686567164179,0.8246905319504853,0.7727272727272727,0.8841463414634146,1.0,153.94112549695427,153.94112549695427,subpixel_gt_segment_arc_length,336,336,0.5,256,247,0.96484375,1,8,0,0,218,0.8825910931174089,0.8515625,50,0.22935779816513763,1,0,1,1,0,1,8,contourpy binary 0.5 isocontours; saddle loops may differ from 8-connected pixel components,0,5301,165,ok,,256,16.0,0.05,19bb9faaa57ded92362b604bae0e2ed19bf9c6f7eaf49ba87f133432811faa52,cbeab787aa9a61895fa41bd4c0d4b44d2dda5c061b1948af26e99f5c5500fd38,False,False,False,3913dba608c06a723b7b0d14235fd81f6b2ec59d67cc314fb3eb6d4da75b5f9d,True
ISIC_0012316,locked100,G3,0.9247135842880524,0.8599695585996956,0.8772589745686483,0.8764705882352941,0.8780487804878049,1.0,153.94112549695427,153.94112549695427,subpixel_gt_segment_arc_length,336,336,0.5,256,247,0.96484375,1,8,0,0,218,0.8825910931174089,0.8515625,50,0.22935779816513763,1,0,1,1,0,1,8,contourpy binary 0.5 isocontours; saddle loops may differ from 8-connected pixel components,0,5301,165,ok,,256,16.0,0.05,19bb9faaa57ded92362b604bae0e2ed19bf9c6f7eaf49ba87f133432811faa52,cbeab787aa9a61895fa41bd4c0d4b44d2dda5c061b1948af26e99f5c5500fd38,False,False,False,3913dba608c06a723b7b0d14235fd81f6b2ec59d67cc314fb3eb6d4da75b5f9d,True
ISIC_0012316,locked100,G4,0.951129363449692,0.9068128425998434,0.978949054219976,0.9885714285714285,0.9695121951219512,1.0,153.94112549695427,153.94112549695427,subpixel_gt_segment_arc_length,336,336,0.5,256,247,0.96484375,1,8,0,0,218,0.8825910931174089,0.8515625,50,0.22935779816513763,1,0,1,1,0,1,8,contourpy binary 0.5 isocontours; saddle loops may differ from 8-connected pixel components,0,5301,165,ok,,256,16.0,0.05,19bb9faaa57ded92362b604bae0e2ed19bf9c6f7eaf49ba87f133432811faa52,cbeab787aa9a61895fa41bd4c0d4b44d2dda5c061b1948af26e99f5c5500fd38,False,False,False,3913dba608c06a723b7b0d14235fd81f6b2ec59d67cc314fb3eb6d4da75b5f9d,True
ISIC_0012335,locked100,G0,0.6808510638297872,0.5161290322580645,0.0,0.0,0.0,1.0,190.42640687119288,190.42640687119288,subpixel_gt_segment_arc_length,416,416,0.5,256,256,1.0,0,0,0,0,41,0.16015625,0.16015625,40,0.975609756097561,1,0,1,1,0,1,8,contourpy binary 0.5 isocontours; saddle loops may differ from 8-connected pixel components,0,6824,147,ok,,256,16.0,0.05,2a031d1e0bd59837581bf32cc2022d0c381ffeb9c50a6fc42750472fba925ebf,cbeab787aa9a61895fa41bd4c0d4b44d2dda5c061b1948af26e99f5c5500fd38,False,False,False,3913dba608c06a723b7b0d14235fd81f6b2ec59d67cc314fb3eb6d4da75b5f9d,True
ISIC_0012335,locked100,G1,0.6808510638297872,0.5161290322580645,0.0,0.0,0.0,1.0,190.42640687119288,190.42640687119288,subpixel_gt_segment_arc_length,416,416,0.5,256,256,1.0,0,0,0,0,41,0.16015625,0.16015625,40,0.975609756097561,1,0,1,1,0,1,8,contourpy binary 0.5 isocontours; saddle loops may differ from 8-connected pixel components,0,6824,147,ok,,256,16.0,0.05,2a031d1e0bd59837581bf32cc2022d0c381ffeb9c50a6fc42750472fba925ebf,cbeab787aa9a61895fa41bd4c0d4b44d2dda5c061b1948af26e99f5c5500fd38,False,False,False,3913dba608c06a723b7b0d14235fd81f6b2ec59d67cc314fb3eb6d4da75b5f9d,True
ISIC_0012335,locked100,G2,0.6293294030950627,0.4591397849462366,0.018823529411764704,0.01809954751131222,0.0196078431372549,1.0,190.42640687119288,190.42640687119288,subpixel_gt_segment_arc_length,416,416,0.5,256,256,1.0,0,0,0,0,41,0.16015625,0.16015625,40,0.975609756097561,1,0,1,1,0,1,8,contourpy binary 0.5 isocontours; saddle loops may differ from 8-connected pixel components,0,6824,147,ok,,256,16.0,0.05,2a031d1e0bd59837581bf32cc2022d0c381ffeb9c50a6fc42750472fba925ebf,cbeab787aa9a61895fa41bd4c0d4b44d2dda5c061b1948af26e99f5c5500fd38,False,False,False,3913dba608c06a723b7b0d14235fd81f6b2ec59d67cc314fb3eb6d4da75b5f9d,True
ISIC_0012335,locked100,G3,0.667621776504298,0.5010752688172043,0.0,0.0,0.0,1.0,190.42640687119288,190.42640687119288,subpixel_gt_segment_arc_length,416,416,0.5,256,256,1.0,0,0,0,0,41,0.16015625,0.16015625,40,0.975609756097561,1,0,1,1,0,1,8,contourpy binary 0.5 isocontours; saddle loops may differ from 8-connected pixel components,0,6824,147,ok,,256,16.0,0.05,2a031d1e0bd59837581bf32cc2022d0c381ffeb9c50a6fc42750472fba925ebf,cbeab787aa9a61895fa41bd4c0d4b44d2dda5c061b1948af26e99f5c5500fd38,False,False,False,3913dba608c06a723b7b0d14235fd81f6b2ec59d67cc314fb3eb6d4da75b5f9d,True
ISIC_0012335,locked100,G4,0.772347266881029,0.6291251964379256,0.32328496585017963,0.3018181818181818,0.3480392156862745,1.0,190.42640687119288,190.42640687119288,subpixel_gt_segment_arc_length,416,416,0.5,256,256,1.0,0,0,0,0,41,0.16015625,0.16015625,40,0.975609756097561,1,0,1,1,0,1,8,contourpy binary 0.5 isocontours; saddle loops may differ from 8-connected pixel components,0,6824,147,ok,,256,16.0,0.05,2a031d1e0bd59837581bf32cc2022d0c381ffeb9c50a6fc42750472fba925ebf,cbeab787aa9a61895fa41bd4c0d4b44d2dda5c061b1948af26e99f5c5500fd38,False,False,False,3913dba608c06a723b7b0d14235fd81f6b2ec59d67cc314fb3eb6d4da75b5f9d,True
ISIC_0012400,locked100,G0,0.8954929403785683,0.8107625320978006,0.18840579710144925,0.18932038834951456,0.1875,1.0,369.9898987322333,369.9898987322333,subpixel_gt_segment_arc_length,904,904,0.5,256,254,0.9921875,2,0,0,0,71,0.2795275590551181,0.27734375,44,0.6197183098591549,1,0,1,1,0,1,8,contourpy binary 0.5 isocontours; saddle loops may differ from 8-connected pixel components,0,1203,155,ok,,256,16.0,0.05,f725b19e848490a599c9e3a2bdffc4a7d07c043181691035b9cd8a7a97de4b26,cbeab787aa9a61895fa41bd4c0d4b44d2dda5c061b1948af26e99f5c5500fd38,False,False,False,3913dba608c06a723b7b0d14235fd81f6b2ec59d67cc314fb3eb6d4da75b5f9d,True
ISIC_0012400,locked100,G1,0.8954929403785683,0.8107625320978006,0.18840579710144925,0.18932038834951456,0.1875,1.0,369.9898987322333,369.9898987322333,subpixel_gt_segment_arc_length,904,904,0.5,256,254,0.9921875,2,0,0,0,71,0.2795275590551181,0.27734375,44,0.6197183098591549,1,0,1,1,0,1,8,contourpy binary 0.5 isocontours; saddle loops may differ from 8-connected pixel components,0,1203,155,ok,,256,16.0,0.05,f725b19e848490a599c9e3a2bdffc4a7d07c043181691035b9cd8a7a97de4b26,cbeab787aa9a61895fa41bd4c0d4b44d2dda5c061b1948af26e99f5c5500fd38,False,False,False,3913dba608c06a723b7b0d14235fd81f6b2ec59d67cc314fb3eb6d4da75b5f9d,True
ISIC_0012400,locked100,G2,0.8771026864172734,0.7811067635550587,0.1312422149246971,0.12666666666666668,0.13616071428571427,1.0,369.9898987322333,369.9898987322333,subpixel_gt_segment_arc_length,904,904,0.5,256,254,0.9921875,2,0,0,0,71,0.2795275590551181,0.27734375,44,0.6197183098591549,1,0,1,1,0,1,8,contourpy binary 0.5 isocontours; saddle loops may differ from 8-connected pixel components,0,1203,155,ok,,256,16.0,0.05,f725b19e848490a599c9e3a2bdffc4a7d07c043181691035b9cd8a7a97de4b26,cbeab787aa9a61895fa41bd4c0d4b44d2dda5c061b1948af26e99f5c5500fd38,False,False,False,3913dba608c06a723b7b0d14235fd81f6b2ec59d67cc314fb3eb6d4da75b5f9d,True
ISIC_0012400,locked100,G3,0.8942456270474072,0.8087199552822806,0.1824212271973466,0.1864406779661017,0.17857142857142858,1.0,369.9898987322333,369.9898987322333,subpixel_gt_segment_arc_length,904,904,0.5,256,254,0.9921875,2,0,0,0,71,0.2795275590551181,0.27734375,44,0.6197183098591549,1,0,1,1,0,1,8,contourpy binary 0.5 isocontours; saddle loops may differ from 8-connected pixel components,0,1203,155,ok,,256,16.0,0.05,f725b19e848490a599c9e3a2bdffc4a7d07c043181691035b9cd8a7a97de4b26,cbeab787aa9a61895fa41bd4c0d4b44d2dda5c061b1948af26e99f5c5500fd38,False,False,False,3913dba608c06a723b7b0d14235fd81f6b2ec59d67cc314fb3eb6d4da75b5f9d,True
ISIC_0012400,locked100,G4,0.9234926735527264,0.8578600914872253,0.3565447072618949,0.3295238095238095,0.38839285714285715,1.0,369.9898987322333,369.9898987322333,subpixel_gt_segment_arc_length,904,904,0.5,256,254,0.9921875,2,0,0,0,71,0.2795275590551181,0.27734375,44,0.6197183098591549,1,0,1,1,0,1,8,contourpy binary 0.5 isocontours; saddle loops may differ from 8-connected pixel components,0,1203,155,ok,,256,16.0,0.05,f725b19e848490a599c9e3a2bdffc4a7d07c043181691035b9cd8a7a97de4b26,cbeab787aa9a61895fa41bd4c0d4b44d2dda5c061b1948af26e99f5c5500fd38,False,False,False,3913dba608c06a723b7b0d14235fd81f6b2ec59d67cc314fb3eb6d4da75b5f9d,True
ISIC_0012434,locked100,G0,0.9265367316341829,0.8631284916201117,0.6343362087102882,0.6617647058823529,0.6090909090909091,1.0,206.42640687119285,206.42640687119285,subpixel_gt_segment_arc_length,448,448,0.5,256,256,1.0,0,0,0,0,156,0.609375,0.609375,26,0.16666666666666666,1,0,1,1,0,1,8,contourpy binary 0.5 isocontours; saddle loops may differ from 8-connected pixel components,0,2786,144,ok,,256,16.0,0.05,316f0d9474882a099962c949355a63c9e3334a74ff903ca1fba72f8294ca3073,cbeab787aa9a61895fa41bd4c0d4b44d2dda5c061b1948af26e99f5c5500fd38,False,False,False,3913dba608c06a723b7b0d14235fd81f6b2ec59d67cc314fb3eb6d4da75b5f9d,True
ISIC_0012434,locked100,G1,0.9265367316341829,0.8631284916201117,0.6343362087102882,0.6617647058823529,0.6090909090909091,1.0,206.42640687119285,206.42640687119285,subpixel_gt_segment_arc_length,448,448,0.5,256,256,1.0,0,0,0,0,156,0.609375,0.609375,26,0.16666666666666666,1,0,1,1,0,1,8,contourpy binary 0.5 isocontours; saddle loops may differ from 8-connected pixel components,0,2786,144,ok,,256,16.0,0.05,316f0d9474882a099962c949355a63c9e3334a74ff903ca1fba72f8294ca3073,cbeab787aa9a61895fa41bd4c0d4b44d2dda5c061b1948af26e99f5c5500fd38,False,False,False,3913dba608c06a723b7b0d14235fd81f6b2ec59d67cc314fb3eb6d4da75b5f9d,True
ISIC_0012434,locked100,G2,0.9254230206810111,0.8611975116640747,0.6601966341054099,0.6912442396313364,0.6318181818181818,1.0,206.42640687119285,206.42640687119285,subpixel_gt_segment_arc_length,448,448,0.5,256,256,1.0,0,0,0,0,156,0.609375,0.609375,26,0.16666666666666666,1,0,1,1,0,1,8,contourpy binary 0.5 isocontours; saddle loops may differ from 8-connected pixel components,0,2786,144,ok,,256,16.0,0.05,316f0d9474882a099962c949355a63c9e3334a74ff903ca1fba72f8294ca3073,cbeab787aa9a61895fa41bd4c0d4b44d2dda5c061b1948af26e99f5c5500fd38,False,False,False,3913dba608c06a723b7b0d14235fd81f6b2ec59d67cc314fb3eb6d4da75b5f9d,True
ISIC_0012434,locked100,G3,0.9345238095238095,0.8770949720670391,0.680564547455652,0.7087378640776699,0.6545454545454545,1.0,206.42640687119285,206.42640687119285,subpixel_gt_segment_arc_length,448,448,0.5,256,256,1.0,0,0,0,0,156,0.609375,0.609375,26,0.16666666666666666,1,0,1,1,0,1,8,contourpy binary 0.5 isocontours; saddle loops may differ from 8-connected pixel components,0,2786,144,ok,,256,16.0,0.05,316f0d9474882a099962c949355a63c9e3334a74ff903ca1fba72f8294ca3073,cbeab787aa9a61895fa41bd4c0d4b44d2dda5c061b1948af26e99f5c5500fd38,False,False,False,3913dba608c06a723b7b0d14235fd81f6b2ec59d67cc314fb3eb6d4da75b5f9d,True
ISIC_0012434,locked100,G4,0.9401564812856841,0.8870710295291301,0.7120836607628604,0.7345971563981043,0.6909090909090909,1.0,206.42640687119285,206.42640687119285,subpixel_gt_segment_arc_length,448,448,0.5,256,256,1.0,0,0,0,0,156,0.609375,0.609375,26,0.16666666666666666,1,0,1,1,0,1,8,contourpy binary 0.5 isocontours; saddle loops may differ from 8-connected pixel components,0,2786,144,ok,,256,16.0,0.05,316f0d9474882a099962c949355a63c9e3334a74ff903ca1fba72f8294ca3073,cbeab787aa9a61895fa41bd4c0d4b44d2dda5c061b1948af26e99f5c5500fd38,False,False,False,3913dba608c06a723b7b0d14235fd81f6b2ec59d67cc314fb3eb6d4da75b5f9d,True
ISIC_0012492,locked100,G0,0.7681795998047828,0.6236133122028527,0.3350215483343295,0.3588516746411483,0.3141592920353982,0.9576981182421267,186.61017305526644,194.85281374238576,subpixel_gt_segment_arc_length,440,460,0.5,256,219,0.85546875,32,5,1,0,113,0.5159817351598174,0.44140625,102,0.9026548672566371,2,0,2,1,0,1,8,contourpy binary 0.5 isocontours; saddle loops may differ from 8-connected pixel components,0,4615,141,ok,,256,16.0,0.05,879afb17c050e6c79c29333831bd4e9e286b171bed3344a8dc74f629ef6fd7c2,cbeab787aa9a61895fa41bd4c0d4b44d2dda5c061b1948af26e99f5c5500fd38,False,False,False,3913dba608c06a723b7b0d14235fd81f6b2ec59d67cc314fb3eb6d4da75b5f9d,True
ISIC_0012492,locked100,G1,0.7681795998047828,0.6236133122028527,0.3350215483343295,0.3588516746411483,0.3141592920353982,0.9576981182421267,186.61017305526644,194.85281374238576,subpixel_gt_segment_arc_length,440,460,0.5,256,219,0.85546875,32,5,1,0,113,0.5159817351598174,0.44140625,102,0.9026548672566371,2,0,2,1,0,1,8,contourpy binary 0.5 isocontours; saddle loops may differ from 8-connected pixel components,0,4615,141,ok,,256,16.0,0.05,879afb17c050e6c79c29333831bd4e9e286b171bed3344a8dc74f629ef6fd7c2,cbeab787aa9a61895fa41bd4c0d4b44d2dda5c061b1948af26e99f5c5500fd38,False,False,False,3913dba608c06a723b7b0d14235fd81f6b2ec59d67cc314fb3eb6d4da75b5f9d,True
ISIC_0012492,locked100,G2,0.6978102189781021,0.5358744394618834,0.3092517932876067,0.22961730449251247,0.47345132743362833,0.9576981182421267,186.61017305526644,194.85281374238576,subpixel_gt_segment_arc_length,440,460,0.5,256,219,0.85546875,32,5,1,0,113,0.5159817351598174,0.44140625,102,0.9026548672566371,2,0,2,1,0,1,8,contourpy binary 0.5 isocontours; saddle loops may differ from 8-connected pixel components,0,4615,141,ok,,256,16.0,0.05,879afb17c050e6c79c29333831bd4e9e286b171bed3344a8dc74f629ef6fd7c2,cbeab787aa9a61895fa41bd4c0d4b44d2dda5c061b1948af26e99f5c5500fd38,False,False,False,3913dba608c06a723b7b0d14235fd81f6b2ec59d67cc314fb3eb6d4da75b5f9d,True
ISIC_0012492,locked100,G3,0.7365241635687733,0.5829349025376976,0.15561553808238468,0.16115702479338842,0.1504424778761062,0.9576981182421267,186.61017305526644,194.85281374238576,subpixel_gt_segment_arc_length,440,460,0.5,256,219,0.85546875,32,5,1,0,113,0.5159817351598174,0.44140625,102,0.9026548672566371,2,0,2,1,0,1,8,contourpy binary 0.5 isocontours; saddle loops may differ from 8-connected pixel components,0,4615,141,ok,,256,16.0,0.05,879afb17c050e6c79c29333831bd4e9e286b171bed3344a8dc74f629ef6fd7c2,cbeab787aa9a61895fa41bd4c0d4b44d2dda5c061b1948af26e99f5c5500fd38,False,False,False,3913dba608c06a723b7b0d14235fd81f6b2ec59d67cc314fb3eb6d4da75b5f9d,True
ISIC_0012492,locked100,G4,0.7974423384334323,0.6631219141663501,0.5315999098218983,0.4909090909090909,0.5796460176991151,0.9576981182421267,186.61017305526644,194.85281374238576,subpixel_gt_segment_arc_length,440,460,0.5,256,219,0.85546875,32,5,1,0,113,0.5159817351598174,0.44140625,102,0.9026548672566371,2,0,2,1,0,1,8,contourpy binary 0.5 isocontours; saddle loops may differ from 8-connected pixel components,0,4615,141,ok,,256,16.0,0.05,879afb17c050e6c79c29333831bd4e9e286b171bed3344a8dc74f629ef6fd7c2,cbeab787aa9a61895fa41bd4c0d4b44d2dda5c061b1948af26e99f5c5500fd38,False,False,False,3913dba608c06a723b7b0d14235fd81f6b2ec59d67cc314fb3eb6d4da75b5f9d,True
ISIC_0012513,locked100,G0,0.5860423501342081,0.41446952119805947,0.08614668218859138,0.09973045822102426,0.07581967213114754,0.47637815705328324,205.63529932111354,431.66399692442883,subpixel_gt_segment_arc_length,476,984,0.5,256,139,0.54296875,113,4,0,0,43,0.30935251798561153,0.16796875,36,0.8372093023255814,2,0,3,1,0,1,8,contourpy binary 0.5 isocontours; saddle loops may differ from 8-connected pixel components,0,2377,188,ok,,256,16.0,0.05,18d6801e49a070b9088f52d01e9d765ff799d789a3486a265b6ee94f6e29d313,cbeab787aa9a61895fa41bd4c0d4b44d2dda5c061b1948af26e99f5c5500fd38,False,False,False,3913dba608c06a723b7b0d14235fd81f6b2ec59d67cc314fb3eb6d4da75b5f9d,True
ISIC_0012513,locked100,G1,0.5860423501342081,0.41446952119805947,0.08614668218859138,0.09973045822102426,0.07581967213114754,0.47637815705328324,205.63529932111354,431.66399692442883,subpixel_gt_segment_arc_length,476,984,0.5,256,139,0.54296875,113,4,0,0,43,0.30935251798561153,0.16796875,36,0.8372093023255814,2,0,3,1,0,1,8,contourpy binary 0.5 isocontours; saddle loops may differ from 8-connected pixel components,0,2377,188,ok,,256,16.0,0.05,18d6801e49a070b9088f52d01e9d765ff799d789a3486a265b6ee94f6e29d313,cbeab787aa9a61895fa41bd4c0d4b44d2dda5c061b1948af26e99f5c5500fd38,False,False,False,3913dba608c06a723b7b0d14235fd81f6b2ec59d67cc314fb3eb6d4da75b5f9d,True
ISIC_0012513,locked100,G2,0.5026712383382506,0.3357120034082437,0.05619178500534433,0.06956521739130435,0.0471311475409836,0.47637815705328324,205.63529932111354,431.66399692442883,subpixel_gt_segment_arc_length,476,984,0.5,256,139,0.54296875,113,4,0,0,43,0.30935251798561153,0.16796875,36,0.8372093023255814,2,0,3,1,0,1,8,contourpy binary 0.5 isocontours; saddle loops may differ from 8-connected pixel components,0,2377,188,ok,,256,16.0,0.05,18d6801e49a070b9088f52d01e9d765ff799d789a3486a265b6ee94f6e29d313,cbeab787aa9a61895fa41bd4c0d4b44d2dda5c061b1948af26e99f5c5500fd38,False,False,False,3913dba608c06a723b7b0d14235fd81f6b2ec59d67cc314fb3eb6d4da75b5f9d,True
ISIC_0012513,locked100,G3,0.5973372781065088,0.42585952330731913,0.08535178777393311,0.09762532981530343,0.07581967213114754,0.47637815705328324,205.63529932111354,431.66399692442883,subpixel_gt_segment_arc_length,476,984,0.5,256,139,0.54296875,113,4,0,0,43,0.30935251798561153,0.16796875,36,0.8372093023255814,2,0,3,1,0,1,8,contourpy binary 0.5 isocontours; saddle loops may differ from 8-connected pixel components,0,2377,188,ok,,256,16.0,0.05,18d6801e49a070b9088f52d01e9d765ff799d789a3486a265b6ee94f6e29d313,cbeab787aa9a61895fa41bd4c0d4b44d2dda5c061b1948af26e99f5c5500fd38,False,False,False,3913dba608c06a723b7b0d14235fd81f6b2ec59d67cc314fb3eb6d4da75b5f9d,True
ISIC_0012513,locked100,G4,0.7010794353722668,0.5397400383549968,0.1225167307793645,0.11829652996845426,0.12704918032786885,0.47637815705328324,205.63529932111354,431.66399692442883,subpixel_gt_segment_arc_length,476,984,0.5,256,139,0.54296875,113,4,0,0,43,0.30935251798561153,0.16796875,36,0.8372093023255814,2,0,3,1,0,1,8,contourpy binary 0.5 isocontours; saddle loops may differ from 8-connected pixel components,0,2377,188,ok,,256,16.0,0.05,18d6801e49a070b9088f52d01e9d765ff799d789a3486a265b6ee94f6e29d313,cbeab787aa9a61895fa41bd4c0d4b44d2dda5c061b1948af26e99f5c5500fd38,False,False,False,3913dba608c06a723b7b0d14235fd81f6b2ec59d67cc314fb3eb6d4da75b5f9d,True
ISIC_0012538,locked100,G0,0.9463350785340314,0.8981366459627329,0.8938169517008081,0.90625,0.8817204301075269,1.0,172.42640687119285,172.42640687119285,subpixel_gt_segment_arc_length,380,380,0.5,256,255,0.99609375,0,1,1,0,206,0.807843137254902,0.8046875,24,0.11650485436893204,1,0,1,1,0,1,8,contourpy binary 0.5 isocontours; saddle loops may differ from 8-connected pixel components,0,4589,165,ok,,256,16.0,0.05,e257d43362f13dda03f46a6c892d9a0bee8702551b45ebb7a490d0662e489a14,cbeab787aa9a61895fa41bd4c0d4b44d2dda5c061b1948af26e99f5c5500fd38,False,False,False,3913dba608c06a723b7b0d14235fd81f6b2ec59d67cc314fb3eb6d4da75b5f9d,True
ISIC_0012538,locked100,G1,0.9463350785340314,0.8981366459627329,0.8938169517008081,0.90625,0.8817204301075269,1.0,172.42640687119285,172.42640687119285,subpixel_gt_segment_arc_length,380,380,0.5,256,255,0.99609375,0,1,1,0,206,0.807843137254902,0.8046875,24,0.11650485436893204,1,0,1,1,0,1,8,contourpy binary 0.5 isocontours; saddle loops may differ from 8-connected pixel components,0,4589,165,ok,,256,16.0,0.05,e257d43362f13dda03f46a6c892d9a0bee8702551b45ebb7a490d0662e489a14,cbeab787aa9a61895fa41bd4c0d4b44d2dda5c061b1948af26e99f5c5500fd38,False,False,False,3913dba608c06a723b7b0d14235fd81f6b2ec59d67cc314fb3eb6d4da75b5f9d,True
ISIC_0012538,locked100,G2,0.9389337641357027,0.8848964677222899,0.8941339812565081,0.9246231155778895,0.8655913978494624,1.0,172.42640687119285,172.42640687119285,subpixel_gt_segment_arc_length,380,380,0.5,256,255,0.99609375,0,1,1,0,206,0.807843137254902,0.8046875,24,0.11650485436893204,1,0,1,1,0,1,8,contourpy binary 0.5 isocontours; saddle loops may differ from 8-connected pixel components,0,4589,165,ok,,256,16.0,0.05,e257d43362f13dda03f46a6c892d9a0bee8702551b45ebb7a490d0662e489a14,cbeab787aa9a61895fa41bd4c0d4b44d2dda5c061b1948af26e99f5c5500fd38,False,False,False,3913dba608c06a723b7b0d14235fd81f6b2ec59d67cc314fb3eb6d4da75b5f9d,True
ISIC_0012538,locked100,G3,0.943163364728808,0.892440073755378,0.8826326802358759,0.90625,0.8602150537634409,1.0,172.42640687119285,172.42640687119285,subpixel_gt_segment_arc_length,380,380,0.5,256,255,0.99609375,0,1,1,0,206,0.807843137254902,0.8046875,24,0.11650485436893204,1,0,1,1,0,1,8,contourpy binary 0.5 isocontours; saddle loops may differ from 8-connected pixel components,0,4589,165,ok,,256,16.0,0.05,e257d43362f13dda03f46a6c892d9a0bee8702551b45ebb7a490d0662e489a14,cbeab787aa9a61895fa41bd4c0d4b44d2dda5c061b1948af26e99f5c5500fd38,False,False,False,3913dba608c06a723b7b0d14235fd81f6b2ec59d67cc314fb3eb6d4da75b5f9d,True
ISIC_0012538,locked100,G4,0.9596324253363965,0.922397476340694,0.9281211353422013,0.9427083333333334,0.9139784946236559,1.0,172.42640687119285,172.42640687119285,subpixel_gt_segment_arc_length,380,380,0.5,256,255,0.99609375,0,1,1,0,206,0.807843137254902,0.8046875,24,0.11650485436893204,1,0,1,1,0,1,8,contourpy binary 0.5 isocontours; saddle loops may differ from 8-connected pixel components,0,4589,165,ok,,256,16.0,0.05,e257d43362f13dda03f46a6c892d9a0bee8702551b45ebb7a490d0662e489a14,cbeab787aa9a61895fa41bd4c0d4b44d2dda5c061b1948af26e99f5c5500fd38,False,False,False,3913dba608c06a723b7b0d14235fd81f6b2ec59d67cc314fb3eb6d4da75b5f9d,True
ISIC_0012547,locked100,G0,0.8942292490118577,0.808693165570489,0.4939976397498677,0.4809688581314879,0.5077519379844961,1.0,242.66904755831217,242.66904755831217,subpixel_gt_segment_arc_length,524,524,0.5,256,238,0.9296875,13,5,0,0,140,0.5882352941176471,0.546875,64,0.45714285714285713,1,0,1,1,0,1,8,contourpy binary 0.5 isocontours; saddle loops may differ from 8-connected pixel components,0,2741,192,ok,,256,16.0,0.05,40cb080065a7d11a02962503bd4d66d54d052fbaf421fe33f175e080de514888,cbeab787aa9a61895fa41bd4c0d4b44d2dda5c061b1948af26e99f5c5500fd38,False,False,False,3913dba608c06a723b7b0d14235fd81f6b2ec59d67cc314fb3eb6d4da75b5f9d,True
ISIC_0012547,locked100,G1,0.8942292490118577,0.808693165570489,0.4939976397498677,0.4809688581314879,0.5077519379844961,1.0,242.66904755831217,242.66904755831217,subpixel_gt_segment_arc_length,524,524,0.5,256,238,0.9296875,13,5,0,0,140,0.5882352941176471,0.546875,64,0.45714285714285713,1,0,1,1,0,1,8,contourpy binary 0.5 isocontours; saddle loops may differ from 8-connected pixel components,0,2741,192,ok,,256,16.0,0.05,40cb080065a7d11a02962503bd4d66d54d052fbaf421fe33f175e080de514888,cbeab787aa9a61895fa41bd4c0d4b44d2dda5c061b1948af26e99f5c5500fd38,False,False,False,3913dba608c06a723b7b0d14235fd81f6b2ec59d67cc314fb3eb6d4da75b5f9d,True
ISIC_0012547,locked100,G2,0.8741764422304354,0.7764773051669998,0.42261307894522887,0.40828402366863903,0.437984496124031,1.0,242.66904755831217,242.66904755831217,subpixel_gt_segment_arc_length,524,524,0.5,256,238,0.9296875,13,5,0,0,140,0.5882352941176471,0.546875,64,0.45714285714285713,1,0,1,1,0,1,8,contourpy binary 0.5 isocontours; saddle loops may differ from 8-connected pixel components,0,2741,192,ok,,256,16.0,0.05,40cb080065a7d11a02962503bd4d66d54d052fbaf421fe33f175e080de514888,cbeab787aa9a61895fa41bd4c0d4b44d2dda5c061b1948af26e99f5c5500fd38,False,False,False,3913dba608c06a723b7b0d14235fd81f6b2ec59d67cc314fb3eb6d4da75b5f9d,True
ISIC_0012547,locked100,G3,0.8860248447204969,0.7953721773069418,0.4067509999674807,0.40273037542662116,0.4108527131782946,1.0,242.66904755831217,242.66904755831217,subpixel_gt_segment_arc_length,524,524,0.5,256,238,0.9296875,13,5,0,0,140,0.5882352941176471,0.546875,64,0.45714285714285713,1,0,1,1,0,1,8,contourpy binary 0.5 isocontours; saddle loops may differ from 8-connected pixel components,0,2741,192,ok,,256,16.0,0.05,40cb080065a7d11a02962503bd4d66d54d052fbaf421fe33f175e080de514888,cbeab787aa9a61895fa41bd4c0d4b44d2dda5c061b1948af26e99f5c5500fd38,False,False,False,3913dba608c06a723b7b0d14235fd81f6b2ec59d67cc314fb3eb6d4da75b5f9d,True
ISIC_0012547,locked100,G4,0.9377349240071907,0.8827692307692308,0.7382121264739776,0.7078313253012049,0.7713178294573644,1.0,242.66904755831217,242.66904755831217,subpixel_gt_segment_arc_length,524,524,0.5,256,238,0.9296875,13,5,0,0,140,0.5882352941176471,0.546875,64,0.45714285714285713,1,0,1,1,0,1,8,contourpy binary 0.5 isocontours; saddle loops may differ from 8-connected pixel components,0,2741,192,ok,,256,16.0,0.05,40cb080065a7d11a02962503bd4d66d54d052fbaf421fe33f175e080de514888,cbeab787aa9a61895fa41bd4c0d4b44d2dda5c061b1948af26e99f5c5500fd38,False,False,False,3913dba608c06a723b7b0d14235fd81f6b2ec59d67cc314fb3eb6d4da75b5f9d,True
ISIC_0012660,locked100,G0,0.9650704940937381,0.9324987727049583,0.9480908228079141,0.9617834394904459,0.9347826086956522,1.0,297.29646455628165,297.29646455628165,subpixel_gt_segment_arc_length,652,652,0.5,256,255,0.99609375,0,1,0,0,248,0.9725490196078431,0.96875,59,0.23790322580645162,1,0,1,1,0,1,8,contourpy binary 0.5 isocontours; saddle loops may differ from 8-connected pixel components,0,1774,159,ok,,256,16.0,0.05,435cbf86205a4b2246694368226d894c3dc195f92d8034a42413328be82bc4f2,cbeab787aa9a61895fa41bd4c0d4b44d2dda5c061b1948af26e99f5c5500fd38,False,False,False,3913dba608c06a723b7b0d14235fd81f6b2ec59d67cc314fb3eb6d4da75b5f9d,True
ISIC_0012660,locked100,G1,0.9650704940937381,0.9324987727049583,0.9480908228079141,0.9617834394904459,0.9347826086956522,1.0,297.29646455628165,297.29646455628165,subpixel_gt_segment_arc_length,652,652,0.5,256,255,0.99609375,0,1,0,0,248,0.9725490196078431,0.96875,59,0.23790322580645162,1,0,1,1,0,1,8,contourpy binary 0.5 isocontours; saddle loops may differ from 8-connected pixel components,0,1774,159,ok,,256,16.0,0.05,435cbf86205a4b2246694368226d894c3dc195f92d8034a42413328be82bc4f2,cbeab787aa9a61895fa41bd4c0d4b44d2dda5c061b1948af26e99f5c5500fd38,False,False,False,3913dba608c06a723b7b0d14235fd81f6b2ec59d67cc314fb3eb6d4da75b5f9d,True
ISIC_0012660,locked100,G2,0.9553255600681252,0.9144720341108603,0.8661654135338346,0.8753799392097265,0.8571428571428571,1.0,297.29646455628165,297.29646455628165,subpixel_gt_segment_arc_length,652,652,0.5,256,255,0.99609375,0,1,0,0,248,0.9725490196078431,0.96875,59,0.23790322580645162,1,0,1,1,0,1,8,contourpy binary 0.5 isocontours; saddle loops may differ from 8-connected pixel components,0,1774,159,ok,,256,16.0,0.05,435cbf86205a4b2246694368226d894c3dc195f92d8034a42413328be82bc4f2,cbeab787aa9a61895fa41bd4c0d4b44d2dda5c061b1948af26e99f5c5500fd38,False,False,False,3913dba608c06a723b7b0d14235fd81f6b2ec59d67cc314fb3eb6d4da75b5f9d,True
ISIC_0012660,locked100,G3,0.9604255871285844,0.9238642036944583,0.9214559083590678,0.9467084639498433,0.8975155279503105,1.0,297.29646455628165,297.29646455628165,subpixel_gt_segment_arc_length,652,652,0.5,256,255,0.99609375,0,1,0,0,248,0.9725490196078431,0.96875,59,0.23790322580645162,1,0,1,1,0,1,8,contourpy binary 0.5 isocontours; saddle loops may differ from 8-connected pixel components,0,1774,159,ok,,256,16.0,0.05,435cbf86205a4b2246694368226d894c3dc195f92d8034a42413328be82bc4f2,cbeab787aa9a61895fa41bd4c0d4b44d2dda5c061b1948af26e99f5c5500fd38,False,False,False,3913dba608c06a723b7b0d14235fd81f6b2ec59d67cc314fb3eb6d4da75b5f9d,True
ISIC_0012660,locked100,G4,0.9778521761524595,0.9566641471403377,1.0,1.0,1.0,1.0,297.29646455628165,297.29646455628165,subpixel_gt_segment_arc_length,652,652,0.5,256,255,0.99609375,0,1,0,0,248,0.9725490196078431,0.96875,59,0.23790322580645162,1,0,1,1,0,1,8,contourpy binary 0.5 isocontours; saddle loops may differ from 8-connected pixel components,0,1774,159,ok,,256,16.0,0.05,435cbf86205a4b2246694368226d894c3dc195f92d8034a42413328be82bc4f2,cbeab787aa9a61895fa41bd4c0d4b44d2dda5c061b1948af26e99f5c5500fd38,False,False,False,3913dba608c06a723b7b0d14235fd81f6b2ec59d67cc314fb3eb6d4da75b5f9d,True
ISIC_0012684,locked100,G0,0.979492342748132,0.959808910582615,0.9698654843315548,0.9755102040816327,0.9642857142857143,1.0,447.1959594928934,447.1959594928934,subpixel_gt_segment_arc_length,960,960,0.5,256,255,0.99609375,0,1,0,0,246,0.9647058823529412,0.9609375,14,0.056910569105691054,1,0,1,1,0,1,8,contourpy binary 0.5 isocontours; saddle loops may differ from 8-connected pixel components,0,816,122,ok,,256,16.0,0.05,657f597ff37586e50de46d1b7fe17be5a1aff464f3007df105c0307b5d10ad84,cbeab787aa9a61895fa41bd4c0d4b44d2dda5c061b1948af26e99f5c5500fd38,False,False,False,3913dba608c06a723b7b0d14235fd81f6b2ec59d67cc314fb3eb6d4da75b5f9d,True
ISIC_0012684,locked100,G1,0.9795442501324855,0.959908599916909,0.9698407319552694,0.9754601226993865,0.9642857142857143,1.0,447.1959594928934,447.1959594928934,subpixel_gt_segment_arc_length,960,960,0.5,256,255,0.99609375,0,1,0,0,246,0.9647058823529412,0.9609375,14,0.056910569105691054,1,0,1,1,0,1,8,contourpy binary 0.5 isocontours; saddle loops may differ from 8-connected pixel components,0,816,122,ok,,256,16.0,0.05,657f597ff37586e50de46d1b7fe17be5a1aff464f3007df105c0307b5d10ad84,cbeab787aa9a61895fa41bd4c0d4b44d2dda5c061b1948af26e99f5c5500fd38,False,False,False,3913dba608c06a723b7b0d14235fd81f6b2ec59d67cc314fb3eb6d4da75b5f9d,True
ISIC_0012684,locked100,G2,0.9807599029911075,0.962246192893401,0.9588282551970945,0.9575757575757575,0.9600840336134454,1.0,447.1959594928934,447.1959594928934,subpixel_gt_segment_arc_length,960,960,0.5,256,255,0.99609375,0,1,0,0,246,0.9647058823529412,0.9609375,14,0.056910569105691054,1,0,1,1,0,1,8,contourpy binary 0.5 isocontours; saddle loops may differ from 8-connected pixel components,0,816,122,ok,,256,16.0,0.05,657f597ff37586e50de46d1b7fe17be5a1aff464f3007df105c0307b5d10ad84,cbeab787aa9a61895fa41bd4c0d4b44d2dda5c061b1948af26e99f5c5500fd38,False,False,False,3913dba608c06a723b7b0d14235fd81f6b2ec59d67cc314fb3eb6d4da75b5f9d,True
ISIC_0012684,locked100,G3,0.9809427214007367,0.9625982189628077,0.971049457177322,0.9757575757575757,0.9663865546218487,1.0,447.1959594928934,447.1959594928934,subpixel_gt_segment_arc_length,960,960,0.5,256,255,0.99609375,0,1,0,0,246,0.9647058823529412,0.9609375,14,0.056910569105691054,1,0,1,1,0,1,8,contourpy binary 0.5 isocontours; saddle loops may differ from 8-connected pixel components,0,816,122,ok,,256,16.0,0.05,657f597ff37586e50de46d1b7fe17be5a1aff464f3007df105c0307b5d10ad84,cbeab787aa9a61895fa41bd4c0d4b44d2dda5c061b1948af26e99f5c5500fd38,False,False,False,3913dba608c06a723b7b0d14235fd81f6b2ec59d67cc314fb3eb6d4da75b5f9d,True
ISIC_0012684,locked100,G4,0.986851950828434,0.9740451572061616,0.9887057166971326,0.9900199600798403,0.9873949579831933,1.0,447.1959594928934,447.1959594928934,subpixel_gt_segment_arc_length,960,960,0.5,256,255,0.99609375,0,1,0,0,246,0.9647058823529412,0.9609375,14,0.056910569105691054,1,0,1,1,0,1,8,contourpy binary 0.5 isocontours; saddle loops may differ from 8-connected pixel components,0,816,122,ok,,256,16.0,0.05,657f597ff37586e50de46d1b7fe17be5a1aff464f3007df105c0307b5d10ad84,cbeab787aa9a61895fa41bd4c0d4b44d2dda5c061b1948af26e99f5c5500fd38,False,False,False,3913dba608c06a723b7b0d14235fd81f6b2ec59d67cc314fb3eb6d4da75b5f9d,True
ISIC_0012746,locked100,G0,0.9127803488786045,0.839554682383759,0.6571789391878764,0.6758241758241759,0.6395348837209303,1.0,150.8111831820431,150.8111831820431,subpixel_gt_segment_arc_length,352,352,0.5,256,254,0.9921875,0,2,0,0,190,0.7480314960629921,0.7421875,6,0.031578947368421054,1,0,1,1,0,1,8,contourpy binary 0.5 isocontours; saddle loops may differ from 8-connected pixel components,0,4169,140,ok,,256,16.0,0.05,e1104824487b0f23caf062218400b00c42887137346420372a190823c6d08a3d,cbeab787aa9a61895fa41bd4c0d4b44d2dda5c061b1948af26e99f5c5500fd38,False,False,False,3913dba608c06a723b7b0d14235fd81f6b2ec59d67cc314fb3eb6d4da75b5f9d,True
ISIC_0012746,locked100,G1,0.9127803488786045,0.839554682383759,0.6571789391878764,0.6758241758241759,0.6395348837209303,1.0,150.8111831820431,150.8111831820431,subpixel_gt_segment_arc_length,352,352,0.5,256,254,0.9921875,0,2,0,0,190,0.7480314960629921,0.7421875,6,0.031578947368421054,1,0,1,1,0,1,8,contourpy binary 0.5 isocontours; saddle loops may differ from 8-connected pixel components,0,4169,140,ok,,256,16.0,0.05,e1104824487b0f23caf062218400b00c42887137346420372a190823c6d08a3d,cbeab787aa9a61895fa41bd4c0d4b44d2dda5c061b1948af26e99f5c5500fd38,False,False,False,3913dba608c06a723b7b0d14235fd81f6b2ec59d67cc314fb3eb6d4da75b5f9d,True
ISIC_0012746,locked100,G2,0.9282544378698225,0.8661145617667356,0.8342242046669369,0.8201058201058201,0.8488372093023255,1.0,150.8111831820431,150.8111831820431,subpixel_gt_segment_arc_length,352,352,0.5,256,254,0.9921875,0,2,0,0,190,0.7480314960629921,0.7421875,6,0.031578947368421054,1,0,1,1,0,1,8,contourpy binary 0.5 isocontours; saddle loops may differ from 8-connected pixel components,0,4169,140,ok,,256,16.0,0.05,e1104824487b0f23caf062218400b00c42887137346420372a190823c6d08a3d,cbeab787aa9a61895fa41bd4c0d4b44d2dda5c061b1948af26e99f5c5500fd38,False,False,False,3913dba608c06a723b7b0d14235fd81f6b2ec59d67cc314fb3eb6d4da75b5f9d,True
ISIC_0012746,locked100,G3,0.9168474331164136,0.8464619492656876,0.7654104586619924,0.7692307692307693,0.7616279069767442,1.0,150.8111831820431,150.8111831820431,subpixel_gt_segment_arc_length,352,352,0.5,256,254,0.9921875,0,2,0,0,190,0.7480314960629921,0.7421875,6,0.031578947368421054,1,0,1,1,0,1,8,contourpy binary 0.5 isocontours; saddle loops may differ from 8-connected pixel components,0,4169,140,ok,,256,16.0,0.05,e1104824487b0f23caf062218400b00c42887137346420372a190823c6d08a3d,cbeab787aa9a61895fa41bd4c0d4b44d2dda5c061b1948af26e99f5c5500fd38,False,False,False,3913dba608c06a723b7b0d14235fd81f6b2ec59d67cc314fb3eb6d4da75b5f9d,True
ISIC_0012746,locked100,G4,0.9381443298969072,0.883495145631068,0.8436899301524466,0.856353591160221,0.8313953488372093,1.0,150.8111831820431,150.8111831820431,subpixel_gt_segment_arc_length,352,352,0.5,256,254,0.9921875,0,2,0,0,190,0.7480314960629921,0.7421875,6,0.031578947368421054,1,0,1,1,0,1,8,contourpy binary 0.5 isocontours; saddle loops may differ from 8-connected pixel components,0,4169,140,ok,,256,16.0,0.05,e1104824487b0f23caf062218400b00c42887137346420372a190823c6d08a3d,cbeab787aa9a61895fa41bd4c0d4b44d2dda5c061b1948af26e99f5c5500fd38,False,False,False,3913dba608c06a723b7b0d14235fd81f6b2ec59d67cc314fb3eb6d4da75b5f9d,True
ISIC_0012876,locked100,G0,0.38823529411764707,0.24087591240875914,0.0,0.0,0.0,0.86614532462543,91.67335854398792,105.84062043356596,subpixel_gt_segment_arc_length,210,248,0.5,256,82,0.3203125,174,0,0,0,7,0.08536585365853659,0.02734375,7,1.0,1,0,1,1,0,1,8,contourpy binary 0.5 isocontours; saddle loops may differ from 8-connected pixel components,0,2366,186,ok,,256,16.0,0.05,3d6037b372f8ee073eb871f035903184ef4459697ed097a3ab89cd1aeac08b1a,cbeab787aa9a61895fa41bd4c0d4b44d2dda5c061b1948af26e99f5c5500fd38,False,False,False,3913dba608c06a723b7b0d14235fd81f6b2ec59d67cc314fb3eb6d4da75b5f9d,True
ISIC_0012876,locked100,G1,0.38823529411764707,0.24087591240875914,0.0,0.0,0.0,0.86614532462543,91.67335854398792,105.84062043356596,subpixel_gt_segment_arc_length,210,248,0.5,256,82,0.3203125,174,0,0,0,7,0.08536585365853659,0.02734375,7,1.0,1,0,1,1,0,1,8,contourpy binary 0.5 isocontours; saddle loops may differ from 8-connected pixel components,0,2366,186,ok,,256,16.0,0.05,3d6037b372f8ee073eb871f035903184ef4459697ed097a3ab89cd1aeac08b1a,cbeab787aa9a61895fa41bd4c0d4b44d2dda5c061b1948af26e99f5c5500fd38,False,False,False,3913dba608c06a723b7b0d14235fd81f6b2ec59d67cc314fb3eb6d4da75b5f9d,True
ISIC_0012876,locked100,G2,0.46464,0.3026260942059191,0.0,0.0,0.0,0.86614532462543,91.67335854398792,105.84062043356596,subpixel_gt_segment_arc_length,210,248,0.5,256,82,0.3203125,174,0,0,0,7,0.08536585365853659,0.02734375,7,1.0,1,0,1,1,0,1,8,contourpy binary 0.5 isocontours; saddle loops may differ from 8-connected pixel components,0,2366,186,ok,,256,16.0,0.05,3d6037b372f8ee073eb871f035903184ef4459697ed097a3ab89cd1aeac08b1a,cbeab787aa9a61895fa41bd4c0d4b44d2dda5c061b1948af26e99f5c5500fd38,False,False,False,3913dba608c06a723b7b0d14235fd81f6b2ec59d67cc314fb3eb6d4da75b5f9d,True
ISIC_0012876,locked100,G3,0.396829734900246,0.24752812819638595,0.0,0.0,0.0,0.86614532462543,91.67335854398792,105.84062043356596,subpixel_gt_segment_arc_length,210,248,0.5,256,82,0.3203125,174,0,0,0,7,0.08536585365853659,0.02734375,7,1.0,1,0,1,1,0,1,8,contourpy binary 0.5 isocontours; saddle loops may differ from 8-connected pixel components,0,2366,186,ok,,256,16.0,0.05,3d6037b372f8ee073eb871f035903184ef4459697ed097a3ab89cd1aeac08b1a,cbeab787aa9a61895fa41bd4c0d4b44d2dda5c061b1948af26e99f5c5500fd38,False,False,False,3913dba608c06a723b7b0d14235fd81f6b2ec59d67cc314fb3eb6d4da75b5f9d,True
ISIC_0012876,locked100,G4,0.5805677728908437,0.40901408450704224,0.06827515400410678,0.04241071428571429,0.175,0.86614532462543,91.67335854398792,105.84062043356596,subpixel_gt_segment_arc_length,210,248,0.5,256,82,0.3203125,174,0,0,0,7,0.08536585365853659,0.02734375,7,1.0,1,0,1,1,0,1,8,contourpy binary 0.5 isocontours; saddle loops may differ from 8-connected pixel components,0,2366,186,ok,,256,16.0,0.05,3d6037b372f8ee073eb871f035903184ef4459697ed097a3ab89cd1aeac08b1a,cbeab787aa9a61895fa41bd4c0d4b44d2dda5c061b1948af26e99f5c5500fd38,False,False,False,3913dba608c06a723b7b0d14235fd81f6b2ec59d67cc314fb3eb6d4da75b5f9d,True
ISIC_0012927,locked100,G0,0.8031635185730512,0.6710720562390158,0.41932450634069485,0.4429530201342282,0.3980891719745223,0.6537695178860229,365.0868324581535,558.4335495461294,subpixel_gt_segment_arc_length,828,1268,0.5,256,150,0.5859375,91,15,0,0,110,0.7333333333333333,0.4296875,60,0.5454545454545454,1,0,4,1,0,1,8,contourpy binary 0.5 isocontours; saddle loops may differ from 8-connected pixel components,0,1529,188,ok,,256,16.0,0.05,0f971b9b47b43cee3d63efeef17382d9d027856ba9521cddc09a537cd7ab840d,cbeab787aa9a61895fa41bd4c0d4b44d2dda5c061b1948af26e99f5c5500fd38,False,False,False,3913dba608c06a723b7b0d14235fd81f6b2ec59d67cc314fb3eb6d4da75b5f9d,True
ISIC_0012927,locked100,G1,0.8032138650513209,0.6711423550087874,0.41598276053047617,0.4497354497354497,0.3869426751592357,0.6537695178860229,365.0868324581535,558.4335495461294,subpixel_gt_segment_arc_length,828,1268,0.5,256,150,0.5859375,91,15,0,0,110,0.7333333333333333,0.4296875,60,0.5454545454545454,1,0,4,1,0,1,8,contourpy binary 0.5 isocontours; saddle loops may differ from 8-connected pixel components,0,1529,188,ok,,256,16.0,0.05,0f971b9b47b43cee3d63efeef17382d9d027856ba9521cddc09a537cd7ab840d,cbeab787aa9a61895fa41bd4c0d4b44d2dda5c061b1948af26e99f5c5500fd38,False,False,False,3913dba608c06a723b7b0d14235fd81f6b2ec59d67cc314fb3eb6d4da75b5f9d,True
ISIC_0012927,locked100,G2,0.7726938863685461,0.6295852988805182,0.30047922835078295,0.30835734870317005,0.2929936305732484,0.6537695178860229,365.0868324581535,558.4335495461294,subpixel_gt_segment_arc_length,828,1268,0.5,256,150,0.5859375,91,15,0,0,110,0.7333333333333333,0.4296875,60,0.5454545454545454,1,0,4,1,0,1,8,contourpy binary 0.5 isocontours; saddle loops may differ from 8-connected pixel components,0,1529,188,ok,,256,16.0,0.05,0f971b9b47b43cee3d63efeef17382d9d027856ba9521cddc09a537cd7ab840d,cbeab787aa9a61895fa41bd4c0d4b44d2dda5c061b1948af26e99f5c5500fd38,False,False,False,3913dba608c06a723b7b0d14235fd81f6b2ec59d67cc314fb3eb6d4da75b5f9d,True
ISIC_0012927,locked100,G3,0.7882619281534321,0.650521714608009,0.363310198354003,0.39547038327526135,0.3359872611464968,0.6537695178860229,365.0868324581535,558.4335495461294,subpixel_gt_segment_arc_length,828,1268,0.5,256,150,0.5859375,91,15,0,0,110,0.7333333333333333,0.4296875,60,0.5454545454545454,1,0,4,1,0,1,8,contourpy binary 0.5 isocontours; saddle loops may differ from 8-connected pixel components,0,1529,188,ok,,256,16.0,0.05,0f971b9b47b43cee3d63efeef17382d9d027856ba9521cddc09a537cd7ab840d,cbeab787aa9a61895fa41bd4c0d4b44d2dda5c061b1948af26e99f5c5500fd38,False,False,False,3913dba608c06a723b7b0d14235fd81f6b2ec59d67cc314fb3eb6d4da75b5f9d,True
ISIC_0012927,locked100,G4,0.890255924918175,0.8022173264160329,0.47685777660127976,0.42508324084350724,0.5429936305732485,0.6537695178860229,365.0868324581535,558.4335495461294,subpixel_gt_segment_arc_length,828,1268,0.5,256,150,0.5859375,91,15,0,0,110,0.7333333333333333,0.4296875,60,0.5454545454545454,1,0,4,1,0,1,8,contourpy binary 0.5 isocontours; saddle loops may differ from 8-connected pixel components,0,1529,188,ok,,256,16.0,0.05,0f971b9b47b43cee3d63efeef17382d9d027856ba9521cddc09a537cd7ab840d,cbeab787aa9a61895fa41bd4c0d4b44d2dda5c061b1948af26e99f5c5500fd38,False,False,False,3913dba608c06a723b7b0d14235fd81f6b2ec59d67cc314fb3eb6d4da75b5f9d,True
ISIC_0012956,locked100,G0,0.868237347294939,0.7671549730146492,0.5782610266228371,0.6174496644295302,0.54375,1.0,152.8700576850888,152.8700576850888,subpixel_gt_segment_arc_length,328,328,0.5,256,251,0.98046875,1,4,1,0,136,0.5418326693227091,0.53125,66,0.4852941176470588,2,0,2,1,0,1,8,contourpy binary 0.5 isocontours; saddle loops may differ from 8-connected pixel components,0,5804,142,ok,,256,16.0,0.05,10724ce3d997f0579cc5d4791e2696f2080373ab822f342dcc77517e6bec2899,cbeab787aa9a61895fa41bd4c0d4b44d2dda5c061b1948af26e99f5c5500fd38,False,False,False,3913dba608c06a723b7b0d14235fd81f6b2ec59d67cc314fb3eb6d4da75b5f9d,True
ISIC_0012956,locked100,G1,0.868237347294939,0.7671549730146492,0.5782610266228371,0.6174496644295302,0.54375,1.0,152.8700576850888,152.8700576850888,subpixel_gt_segment_arc_length,328,328,0.5,256,251,0.98046875,1,4,1,0,136,0.5418326693227091,0.53125,66,0.4852941176470588,2,0,2,1,0,1,8,contourpy binary 0.5 isocontours; saddle loops may differ from 8-connected pixel components,0,5804,142,ok,,256,16.0,0.05,10724ce3d997f0579cc5d4791e2696f2080373ab822f342dcc77517e6bec2899,cbeab787aa9a61895fa41bd4c0d4b44d2dda5c061b1948af26e99f5c5500fd38,False,False,False,3913dba608c06a723b7b0d14235fd81f6b2ec59d67cc314fb3eb6d4da75b5f9d,True
ISIC_0012956,locked100,G2,0.7919400187441424,0.6555469356089992,0.36569708239252663,0.3626943005181347,0.36875,1.0,152.8700576850888,152.8700576850888,subpixel_gt_segment_arc_length,328,328,0.5,256,251,0.98046875,1,4,1,0,136,0.5418326693227091,0.53125,66,0.4852941176470588,2,0,2,1,0,1,8,contourpy binary 0.5 isocontours; saddle loops may differ from 8-connected pixel components,0,5804,142,ok,,256,16.0,0.05,10724ce3d997f0579cc5d4791e2696f2080373ab822f342dcc77517e6bec2899,cbeab787aa9a61895fa41bd4c0d4b44d2dda5c061b1948af26e99f5c5500fd38,False,False,False,3913dba608c06a723b7b0d14235fd81f6b2ec59d67cc314fb3eb6d4da75b5f9d,True
ISIC_0012956,locked100,G3,0.8592788038698329,0.7532767925983038,0.5470811220621683,0.5866666666666667,0.5125,1.0,152.8700576850888,152.8700576850888,subpixel_gt_segment_arc_length,328,328,0.5,256,251,0.98046875,1,4,1,0,136,0.5418326693227091,0.53125,66,0.4852941176470588,2,0,2,1,0,1,8,contourpy binary 0.5 isocontours; saddle loops may differ from 8-connected pixel components,0,5804,142,ok,,256,16.0,0.05,10724ce3d997f0579cc5d4791e2696f2080373ab822f342dcc77517e6bec2899,cbeab787aa9a61895fa41bd4c0d4b44d2dda5c061b1948af26e99f5c5500fd38,False,False,False,3913dba608c06a723b7b0d14235fd81f6b2ec59d67cc314fb3eb6d4da75b5f9d,True
ISIC_0012956,locked100,G4,0.8932704672096013,0.8071262587141751,0.7458474202557697,0.7543859649122807,0.7375,1.0,152.8700576850888,152.8700576850888,subpixel_gt_segment_arc_length,328,328,0.5,256,251,0.98046875,1,4,1,0,136,0.5418326693227091,0.53125,66,0.4852941176470588,2,0,2,1,0,1,8,contourpy binary 0.5 isocontours; saddle loops may differ from 8-connected pixel components,0,5804,142,ok,,256,16.0,0.05,10724ce3d997f0579cc5d4791e2696f2080373ab822f342dcc77517e6bec2899,cbeab787aa9a61895fa41bd4c0d4b44d2dda5c061b1948af26e99f5c5500fd38,False,False,False,3913dba608c06a723b7b0d14235fd81f6b2ec59d67cc314fb3eb6d4da75b5f9d,True
ISIC_0012965,locked100,G0,0.9032258064516129,0.8235294117647058,0.8985294117647059,0.9285714285714286,0.8703703703703703,1.0,102.04163056034263,102.04163056034263,subpixel_gt_segment_arc_length,224,224,0.5,256,236,0.921875,0,20,0,0,228,0.9661016949152542,0.890625,115,0.5043859649122807,1,0,1,1,0,1,8,contourpy binary 0.5 isocontours; saddle loops may differ from 8-connected pixel components,0,12237,107,ok,,256,16.0,0.05,0759b83c8f39b63f666f2f57e038a41d5aaaada3d949037027e0dd0f86d0d9b4,cbeab787aa9a61895fa41bd4c0d4b44d2dda5c061b1948af26e99f5c5500fd38,False,False,False,3913dba608c06a723b7b0d14235fd81f6b2ec59d67cc314fb3eb6d4da75b5f9d,True
ISIC_0012965,locked100,G1,0.9032258064516129,0.8235294117647058,0.8985294117647059,0.9285714285714286,0.8703703703703703,1.0,102.04163056034263,102.04163056034263,subpixel_gt_segment_arc_length,224,224,0.5,256,236,0.921875,0,20,0,0,228,0.9661016949152542,0.890625,115,0.5043859649122807,1,0,1,1,0,1,8,contourpy binary 0.5 isocontours; saddle loops may differ from 8-connected pixel components,0,12237,107,ok,,256,16.0,0.05,0759b83c8f39b63f666f2f57e038a41d5aaaada3d949037027e0dd0f86d0d9b4,cbeab787aa9a61895fa41bd4c0d4b44d2dda5c061b1948af26e99f5c5500fd38,False,False,False,3913dba608c06a723b7b0d14235fd81f6b2ec59d67cc314fb3eb6d4da75b5f9d,True
ISIC_0012965,locked100,G2,0.5838509316770186,0.41228070175438597,0.4884955752212389,0.3854748603351955,0.6666666666666666,1.0,102.04163056034263,102.04163056034263,subpixel_gt_segment_arc_length,224,224,0.5,256,236,0.921875,0,20,0,0,228,0.9661016949152542,0.890625,115,0.5043859649122807,1,0,1,1,0,1,8,contourpy binary 0.5 isocontours; saddle loops may differ from 8-connected pixel components,0,12237,107,ok,,256,16.0,0.05,0759b83c8f39b63f666f2f57e038a41d5aaaada3d949037027e0dd0f86d0d9b4,cbeab787aa9a61895fa41bd4c0d4b44d2dda5c061b1948af26e99f5c5500fd38,False,False,False,3913dba608c06a723b7b0d14235fd81f6b2ec59d67cc314fb3eb6d4da75b5f9d,True
ISIC_0012965,locked100,G3,0.8869395711500975,0.7968476357267951,0.8542246982358404,0.8761904761904762,0.8333333333333334,1.0,102.04163056034263,102.04163056034263,subpixel_gt_segment_arc_length,224,224,0.5,256,236,0.921875,0,20,0,0,228,0.9661016949152542,0.890625,115,0.5043859649122807,1,0,1,1,0,1,8,contourpy binary 0.5 isocontours; saddle loops may differ from 8-connected pixel components,0,12237,107,ok,,256,16.0,0.05,0759b83c8f39b63f666f2f57e038a41d5aaaada3d949037027e0dd0f86d0d9b4,cbeab787aa9a61895fa41bd4c0d4b44d2dda5c061b1948af26e99f5c5500fd38,False,False,False,3913dba608c06a723b7b0d14235fd81f6b2ec59d67cc314fb3eb6d4da75b5f9d,True
ISIC_0012965,locked100,G4,0.9448082319925164,0.8953900709219859,0.9953488372093023,1.0,0.9907407407407407,1.0,102.04163056034263,102.04163056034263,subpixel_gt_segment_arc_length,224,224,0.5,256,236,0.921875,0,20,0,0,228,0.9661016949152542,0.890625,115,0.5043859649122807,1,0,1,1,0,1,8,contourpy binary 0.5 isocontours; saddle loops may differ from 8-connected pixel components,0,12237,107,ok,,256,16.0,0.05,0759b83c8f39b63f666f2f57e038a41d5aaaada3d949037027e0dd0f86d0d9b4,cbeab787aa9a61895fa41bd4c0d4b44d2dda5c061b1948af26e99f5c5500fd38,False,False,False,3913dba608c06a723b7b0d14235fd81f6b2ec59d67cc314fb3eb6d4da75b5f9d,True
ISIC_0013010,locked100,G0,0.9258957654723127,0.8620166793025019,0.8029294274300932,0.8181818181818182,0.788235294117647,1.0,144.71067811865478,144.71067811865478,subpixel_gt_segment_arc_length,348,348,0.5,256,256,1.0,0,0,0,0,204,0.796875,0.796875,58,0.28431372549019607,1,0,1,1,0,1,8,contourpy binary 0.5 isocontours; saddle loops may differ from 8-connected pixel components,0,5862,135,ok,,256,16.0,0.05,f30ed93ea4b1a5de6857ae68cddc3003ab75ee6bbdac972745af9f6a8559e0a4,cbeab787aa9a61895fa41bd4c0d4b44d2dda5c061b1948af26e99f5c5500fd38,False,False,False,3913dba608c06a723b7b0d14235fd81f6b2ec59d67cc314fb3eb6d4da75b5f9d,True
ISIC_0013010,locked100,G1,0.9258957654723127,0.8620166793025019,0.8029294274300932,0.8181818181818182,0.788235294117647,1.0,144.71067811865478,144.71067811865478,subpixel_gt_segment_arc_length,348,348,0.5,256,256,1.0,0,0,0,0,204,0.796875,0.796875,58,0.28431372549019607,1,0,1,1,0,1,8,contourpy binary 0.5 isocontours; saddle loops may differ from 8-connected pixel components,0,5862,135,ok,,256,16.0,0.05,f30ed93ea4b1a5de6857ae68cddc3003ab75ee6bbdac972745af9f6a8559e0a4,cbeab787aa9a61895fa41bd4c0d4b44d2dda5c061b1948af26e99f5c5500fd38,False,False,False,3913dba608c06a723b7b0d14235fd81f6b2ec59d67cc314fb3eb6d4da75b5f9d,True
ISIC_0013010,locked100,G2,0.9077368638808441,0.831060606060606,0.6837661303170304,0.6851851851851852,0.6823529411764706,1.0,144.71067811865478,144.71067811865478,subpixel_gt_segment_arc_length,348,348,0.5,256,256,1.0,0,0,0,0,204,0.796875,0.796875,58,0.28431372549019607,1,0,1,1,0,1,8,contourpy binary 0.5 isocontours; saddle loops may differ from 8-connected pixel components,0,5862,135,ok,,256,16.0,0.05,f30ed93ea4b1a5de6857ae68cddc3003ab75ee6bbdac972745af9f6a8559e0a4,cbeab787aa9a61895fa41bd4c0d4b44d2dda5c061b1948af26e99f5c5500fd38,False,False,False,3913dba608c06a723b7b0d14235fd81f6b2ec59d67cc314fb3eb6d4da75b5f9d,True
ISIC_0013010,locked100,G3,0.9112670243499794,0.8369977255496588,0.6987919098683318,0.7096774193548387,0.6882352941176471,1.0,144.71067811865478,144.71067811865478,subpixel_gt_segment_arc_length,348,348,0.5,256,256,1.0,0,0,0,0,204,0.796875,0.796875,58,0.28431372549019607,1,0,1,1,0,1,8,contourpy binary 0.5 isocontours; saddle loops may differ from 8-connected pixel components,0,5862,135,ok,,256,16.0,0.05,f30ed93ea4b1a5de6857ae68cddc3003ab75ee6bbdac972745af9f6a8559e0a4,cbeab787aa9a61895fa41bd4c0d4b44d2dda5c061b1948af26e99f5c5500fd38,False,False,False,3913dba608c06a723b7b0d14235fd81f6b2ec59d67cc314fb3eb6d4da75b5f9d,True
ISIC_0013010,locked100,G4,0.9378217821782178,0.8829231916480239,0.9126860697622751,0.896551724137931,0.9294117647058824,1.0,144.71067811865478,144.71067811865478,subpixel_gt_segment_arc_length,348,348,0.5,256,256,1.0,0,0,0,0,204,0.796875,0.796875,58,0.28431372549019607,1,0,1,1,0,1,8,contourpy binary 0.5 isocontours; saddle loops may differ from 8-connected pixel components,0,5862,135,ok,,256,16.0,0.05,f30ed93ea4b1a5de6857ae68cddc3003ab75ee6bbdac972745af9f6a8559e0a4,cbeab787aa9a61895fa41bd4c0d4b44d2dda5c061b1948af26e99f5c5500fd38,False,False,False,3913dba608c06a723b7b0d14235fd81f6b2ec59d67cc314fb3eb6d4da75b5f9d,True
ISIC_0013082,locked100,G0,0.918645140867363,0.8495316159250585,0.7320503934439596,0.7584269662921348,0.7074468085106383,1.0,176.76955262170048,176.76955262170048,subpixel_gt_segment_arc_length,384,384,0.5,256,255,0.99609375,0,1,0,0,192,0.7529411764705882,0.75,19,0.09895833333333333,1,0,1,1,0,1,8,contourpy binary 0.5 isocontours; saddle loops may differ from 8-connected pixel components,0,4431,142,ok,,256,16.0,0.05,a6fd94d4abaa67054ffd5ba0a655ce97738309a169296f2b66d94846cb145b43,cbeab787aa9a61895fa41bd4c0d4b44d2dda5c061b1948af26e99f5c5500fd38,False,False,False,3913dba608c06a723b7b0d14235fd81f6b2ec59d67cc314fb3eb6d4da75b5f9d,True
ISIC_0013082,locked100,G1,0.918645140867363,0.8495316159250585,0.7320503934439596,0.7584269662921348,0.7074468085106383,1.0,176.76955262170048,176.76955262170048,subpixel_gt_segment_arc_length,384,384,0.5,256,255,0.99609375,0,1,0,0,192,0.7529411764705882,0.75,19,0.09895833333333333,1,0,1,1,0,1,8,contourpy binary 0.5 isocontours; saddle loops may differ from 8-connected pixel components,0,4431,142,ok,,256,16.0,0.05,a6fd94d4abaa67054ffd5ba0a655ce97738309a169296f2b66d94846cb145b43,cbeab787aa9a61895fa41bd4c0d4b44d2dda5c061b1948af26e99f5c5500fd38,False,False,False,3913dba608c06a723b7b0d14235fd81f6b2ec59d67cc314fb3eb6d4da75b5f9d,True
ISIC_0013082,locked100,G2,0.9136526555881395,0.8410317936412718,0.7652815203517233,0.7755102040816326,0.7553191489361702,1.0,176.76955262170048,176.76955262170048,subpixel_gt_segment_arc_length,384,384,0.5,256,255,0.99609375,0,1,0,0,192,0.7529411764705882,0.75,19,0.09895833333333333,1,0,1,1,0,1,8,contourpy binary 0.5 isocontours; saddle loops may differ from 8-connected pixel components,0,4431,142,ok,,256,16.0,0.05,a6fd94d4abaa67054ffd5ba0a655ce97738309a169296f2b66d94846cb145b43,cbeab787aa9a61895fa41bd4c0d4b44d2dda5c061b1948af26e99f5c5500fd38,False,False,False,3913dba608c06a723b7b0d14235fd81f6b2ec59d67cc314fb3eb6d4da75b5f9d,True
ISIC_0013082,locked100,G3,0.9190414507772021,0.8502097064110246,0.7905253661439239,0.8228571428571428,0.7606382978723404,1.0,176.76955262170048,176.76955262170048,subpixel_gt_segment_arc_length,384,384,0.5,256,255,0.99609375,0,1,0,0,192,0.7529411764705882,0.75,19,0.09895833333333333,1,0,1,1,0,1,8,contourpy binary 0.5 isocontours; saddle loops may differ from 8-connected pixel components,0,4431,142,ok,,256,16.0,0.05,a6fd94d4abaa67054ffd5ba0a655ce97738309a169296f2b66d94846cb145b43,cbeab787aa9a61895fa41bd4c0d4b44d2dda5c061b1948af26e99f5c5500fd38,False,False,False,3913dba608c06a723b7b0d14235fd81f6b2ec59d67cc314fb3eb6d4da75b5f9d,True
ISIC_0013082,locked100,G4,0.9364272091544819,0.8804542737597131,0.8085,0.8369565217391305,0.7819148936170213,1.0,176.76955262170048,176.76955262170048,subpixel_gt_segment_arc_length,384,384,0.5,256,255,0.99609375,0,1,0,0,192,0.7529411764705882,0.75,19,0.09895833333333333,1,0,1,1,0,1,8,contourpy binary 0.5 isocontours; saddle loops may differ from 8-connected pixel components,0,4431,142,ok,,256,16.0,0.05,a6fd94d4abaa67054ffd5ba0a655ce97738309a169296f2b66d94846cb145b43,cbeab787aa9a61895fa41bd4c0d4b44d2dda5c061b1948af26e99f5c5500fd38,False,False,False,3913dba608c06a723b7b0d14235fd81f6b2ec59d67cc314fb3eb6d4da75b5f9d,True
ISIC_0013104,locked100,G0,0.9410088821853527,0.8885899667668935,0.6979210291340386,0.6895787139689579,0.7064676616915423,1.0,370.8528137423857,370.8528137423857,subpixel_gt_segment_arc_length,812,812,0.5,256,230,0.8984375,20,6,0,0,215,0.9347826086956522,0.83984375,24,0.11162790697674418,1,0,1,1,0,1,8,contourpy binary 0.5 isocontours; saddle loops may differ from 8-connected pixel components,0,1377,183,ok,,256,16.0,0.05,5174d2d6cfe15eba237a2c0963ffafa14e4caa8e67767523aac7550ba5e39b9a,cbeab787aa9a61895fa41bd4c0d4b44d2dda5c061b1948af26e99f5c5500fd38,False,False,False,3913dba608c06a723b7b0d14235fd81f6b2ec59d67cc314fb3eb6d4da75b5f9d,True
ISIC_0013104,locked100,G1,0.9410877398810022,0.8887306109528331,0.6987050177595304,0.6911111111111111,0.7064676616915423,1.0,370.8528137423857,370.8528137423857,subpixel_gt_segment_arc_length,812,812,0.5,256,230,0.8984375,20,6,0,0,215,0.9347826086956522,0.83984375,24,0.11162790697674418,1,0,1,1,0,1,8,contourpy binary 0.5 isocontours; saddle loops may differ from 8-connected pixel components,0,1377,183,ok,,256,16.0,0.05,5174d2d6cfe15eba237a2c0963ffafa14e4caa8e67767523aac7550ba5e39b9a,cbeab787aa9a61895fa41bd4c0d4b44d2dda5c061b1948af26e99f5c5500fd38,False,False,False,3913dba608c06a723b7b0d14235fd81f6b2ec59d67cc314fb3eb6d4da75b5f9d,True
ISIC_0013104,locked100,G2,0.9638081654483865,0.9301445285615967,0.9101609538508506,0.8630705394190872,0.9626865671641791,1.0,370.8528137423857,370.8528137423857,subpixel_gt_segment_arc_length,812,812,0.5,256,230,0.8984375,20,6,0,0,215,0.9347826086956522,0.83984375,24,0.11162790697674418,1,0,1,1,0,1,8,contourpy binary 0.5 isocontours; saddle loops may differ from 8-connected pixel components,0,1377,183,ok,,256,16.0,0.05,5174d2d6cfe15eba237a2c0963ffafa14e4caa8e67767523aac7550ba5e39b9a,cbeab787aa9a61895fa41bd4c0d4b44d2dda5c061b1948af26e99f5c5500fd38,False,False,False,3913dba608c06a723b7b0d14235fd81f6b2ec59d67cc314fb3eb6d4da75b5f9d,True
ISIC_0013104,locked100,G3,0.9488307878160325,0.9026432441306846,0.7820382729988138,0.7685393258426966,0.7960199004975125,1.0,370.8528137423857,370.8528137423857,subpixel_gt_segment_arc_length,812,812,0.5,256,230,0.8984375,20,6,0,0,215,0.9347826086956522,0.83984375,24,0.11162790697674418,1,0,1,1,0,1,8,contourpy binary 0.5 isocontours; saddle loops may differ from 8-connected pixel components,0,1377,183,ok,,256,16.0,0.05,5174d2d6cfe15eba237a2c0963ffafa14e4caa8e67767523aac7550ba5e39b9a,cbeab787aa9a61895fa41bd4c0d4b44d2dda5c061b1948af26e99f5c5500fd38,False,False,False,3913dba608c06a723b7b0d14235fd81f6b2ec59d67cc314fb3eb6d4da75b5f9d,True
ISIC_0013104,locked100,G4,0.9699472759226714,0.9416481829039413,0.9388527861638438,0.896774193548387,0.9850746268656716,1.0,370.8528137423857,370.8528137423857,subpixel_gt_segment_arc_length,812,812,0.5,256,230,0.8984375,20,6,0,0,215,0.9347826086956522,0.83984375,24,0.11162790697674418,1,0,1,1,0,1,8,contourpy binary 0.5 isocontours; saddle loops may differ from 8-connected pixel components,0,1377,183,ok,,256,16.0,0.05,5174d2d6cfe15eba237a2c0963ffafa14e4caa8e67767523aac7550ba5e39b9a,cbeab787aa9a61895fa41bd4c0d4b44d2dda5c061b1948af26e99f5c5500fd38,False,False,False,3913dba608c06a723b7b0d14235fd81f6b2ec59d67cc314fb3eb6d4da75b5f9d,True
ISIC_0013127,locked100,G0,0.7081887252602945,0.5482137670636074,0.10749230557214387,0.11349306431273644,0.10209424083769633,0.38741707664285896,271.66473657263634,701.2203461105328,subpixel_gt_segment_arc_length,594,1536,0.5,256,91,0.35546875,165,0,0,0,26,0.2857142857142857,0.1015625,10,0.38461538461538464,6,3,25,1,0,1,8,contourpy binary 0.5 isocontours; saddle loops may differ from 8-connected pixel components,0,1360,167,ok,,256,16.0,0.05,5f3256f20027682243f1b824f6a8bb8757bfe4b1c72849cdbf3739a2c364790e,cbeab787aa9a61895fa41bd4c0d4b44d2dda5c061b1948af26e99f5c5500fd38,False,False,False,3913dba608c06a723b7b0d14235fd81f6b2ec59d67cc314fb3eb6d4da75b5f9d,True
ISIC_0013127,locked100,G1,0.7082695013287479,0.5483105818569077,0.10852928899401697,0.11583011583011583,0.10209424083769633,0.38741707664285896,271.66473657263634,701.2203461105328,subpixel_gt_segment_arc_length,594,1536,0.5,256,91,0.35546875,165,0,0,0,26,0.2857142857142857,0.1015625,10,0.38461538461538464,6,3,25,1,0,1,8,contourpy binary 0.5 isocontours; saddle loops may differ from 8-connected pixel components,0,1360,167,ok,,256,16.0,0.05,5f3256f20027682243f1b824f6a8bb8757bfe4b1c72849cdbf3739a2c364790e,cbeab787aa9a61895fa41bd4c0d4b44d2dda5c061b1948af26e99f5c5500fd38,False,False,False,3913dba608c06a723b7b0d14235fd81f6b2ec59d67cc314fb3eb6d4da75b5f9d,True
ISIC_0013127,locked100,G2,0.646505684610596,0.4776567417090293,0.09759378726266549,0.09578107183580388,0.09947643979057591,0.38741707664285896,271.66473657263634,701.2203461105328,subpixel_gt_segment_arc_length,594,1536,0.5,256,91,0.35546875,165,0,0,0,26,0.2857142857142857,0.1015625,10,0.38461538461538464,6,3,25,1,0,1,8,contourpy binary 0.5 isocontours; saddle loops may differ from 8-connected pixel components,0,1360,167,ok,,256,16.0,0.05,5f3256f20027682243f1b824f6a8bb8757bfe4b1c72849cdbf3739a2c364790e,cbeab787aa9a61895fa41bd4c0d4b44d2dda5c061b1948af26e99f5c5500fd38,False,False,False,3913dba608c06a723b7b0d14235fd81f6b2ec59d67cc314fb3eb6d4da75b5f9d,True
ISIC_0013127,locked100,G3,0.6849576675790948,0.5208635879562397,0.10813808401497296,0.11494252873563218,0.10209424083769633,0.38741707664285896,271.66473657263634,701.2203461105328,subpixel_gt_segment_arc_length,594,1536,0.5,256,91,0.35546875,165,0,0,0,26,0.2857142857142857,0.1015625,10,0.38461538461538464,6,3,25,1,0,1,8,contourpy binary 0.5 isocontours; saddle loops may differ from 8-connected pixel components,0,1360,167,ok,,256,16.0,0.05,5f3256f20027682243f1b824f6a8bb8757bfe4b1c72849cdbf3739a2c364790e,cbeab787aa9a61895fa41bd4c0d4b44d2dda5c061b1948af26e99f5c5500fd38,False,False,False,3913dba608c06a723b7b0d14235fd81f6b2ec59d67cc314fb3eb6d4da75b5f9d,True
ISIC_0013127,locked100,G4,0.7748610618422609,0.6324679085030402,0.12376602327979962,0.1125703564727955,0.13743455497382198,0.38741707664285896,271.66473657263634,701.2203461105328,subpixel_gt_segment_arc_length,594,1536,0.5,256,91,0.35546875,165,0,0,0,26,0.2857142857142857,0.1015625,10,0.38461538461538464,6,3,25,1,0,1,8,contourpy binary 0.5 isocontours; saddle loops may differ from 8-connected pixel components,0,1360,167,ok,,256,16.0,0.05,5f3256f20027682243f1b824f6a8bb8757bfe4b1c72849cdbf3739a2c364790e,cbeab787aa9a61895fa41bd4c0d4b44d2dda5c061b1948af26e99f5c5500fd38,False,False,False,3913dba608c06a723b7b0d14235fd81f6b2ec59d67cc314fb3eb6d4da75b5f9d,True
ISIC_0013128,locked100,G0,0.9400518470511989,0.8868847447263833,0.8251485032053166,0.8472222222222222,0.8041958041958042,1.0,268.32590180780454,268.32590180780454,subpixel_gt_segment_arc_length,580,580,0.5,256,250,0.9765625,0,6,0,0,211,0.844,0.82421875,79,0.3744075829383886,1,0,1,1,0,1,8,contourpy binary 0.5 isocontours; saddle loops may differ from 8-connected pixel components,0,2334,176,ok,,256,16.0,0.05,fc6e769a44c4e8c9a7e3c39e8fbc8728f67e39da496499226995154c598cf230,cbeab787aa9a61895fa41bd4c0d4b44d2dda5c061b1948af26e99f5c5500fd38,False,False,False,3913dba608c06a723b7b0d14235fd81f6b2ec59d67cc314fb3eb6d4da75b5f9d,True
ISIC_0013128,locked100,G1,0.9400518470511989,0.8868847447263833,0.8251485032053166,0.8472222222222222,0.8041958041958042,1.0,268.32590180780454,268.32590180780454,subpixel_gt_segment_arc_length,580,580,0.5,256,250,0.9765625,0,6,0,0,211,0.844,0.82421875,79,0.3744075829383886,1,0,1,1,0,1,8,contourpy binary 0.5 isocontours; saddle loops may differ from 8-connected pixel components,0,2334,176,ok,,256,16.0,0.05,fc6e769a44c4e8c9a7e3c39e8fbc8728f67e39da496499226995154c598cf230,cbeab787aa9a61895fa41bd4c0d4b44d2dda5c061b1948af26e99f5c5500fd38,False,False,False,3913dba608c06a723b7b0d14235fd81f6b2ec59d67cc314fb3eb6d4da75b5f9d,True
ISIC_0013128,locked100,G2,0.8976768930661465,0.8143500643500643,0.6194023153549314,0.5884057971014492,0.6538461538461539,1.0,268.32590180780454,268.32590180780454,subpixel_gt_segment_arc_length,580,580,0.5,256,250,0.9765625,0,6,0,0,211,0.844,0.82421875,79,0.3744075829383886,1,0,1,1,0,1,8,contourpy binary 0.5 isocontours; saddle loops may differ from 8-connected pixel components,0,2334,176,ok,,256,16.0,0.05,fc6e769a44c4e8c9a7e3c39e8fbc8728f67e39da496499226995154c598cf230,cbeab787aa9a61895fa41bd4c0d4b44d2dda5c061b1948af26e99f5c5500fd38,False,False,False,3913dba608c06a723b7b0d14235fd81f6b2ec59d67cc314fb3eb6d4da75b5f9d,True
ISIC_0013128,locked100,G3,0.9307479224376731,0.8704663212435233,0.7604264073312137,0.7925925925925926,0.7307692307692307,1.0,268.32590180780454,268.32590180780454,subpixel_gt_segment_arc_length,580,580,0.5,256,250,0.9765625,0,6,0,0,211,0.844,0.82421875,79,0.3744075829383886,1,0,1,1,0,1,8,contourpy binary 0.5 isocontours; saddle loops may differ from 8-connected pixel components,0,2334,176,ok,,256,16.0,0.05,fc6e769a44c4e8c9a7e3c39e8fbc8728f67e39da496499226995154c598cf230,cbeab787aa9a61895fa41bd4c0d4b44d2dda5c061b1948af26e99f5c5500fd38,False,False,False,3913dba608c06a723b7b0d14235fd81f6b2ec59d67cc314fb3eb6d4da75b5f9d,True
ISIC_0013128,locked100,G4,0.9561607439388907,0.9160038180082724,0.8947581540551485,0.9163879598662207,0.8741258741258742,1.0,268.32590180780454,268.32590180780454,subpixel_gt_segment_arc_length,580,580,0.5,256,250,0.9765625,0,6,0,0,211,0.844,0.82421875,79,0.3744075829383886,1,0,1,1,0,1,8,contourpy binary 0.5 isocontours; saddle loops may differ from 8-connected pixel components,0,2334,176,ok,,256,16.0,0.05,fc6e769a44c4e8c9a7e3c39e8fbc8728f67e39da496499226995154c598cf230,cbeab787aa9a61895fa41bd4c0d4b44d2dda5c061b1948af26e99f5c5500fd38,False,False,False,3913dba608c06a723b7b0d14235fd81f6b2ec59d67cc314fb3eb6d4da75b5f9d,True
ISIC_0013132,locked100,G0,0.9116304055868923,0.8376110562685094,0.6531960059753125,0.6979166666666666,0.6138613861386139,1.0,188.42640687119285,188.42640687119285,subpixel_gt_segment_arc_length,412,412,0.5,256,254,0.9921875,0,2,0,0,162,0.6377952755905512,0.6328125,28,0.1728395061728395,1,0,1,1,0,1,8,contourpy binary 0.5 isocontours; saddle loops may differ from 8-connected pixel components,0,3683,152,ok,,256,16.0,0.05,f0859b0576ca875cee838ee48edbd3e7ea79387aec5f6bd29e5329f7b59b2147,cbeab787aa9a61895fa41bd4c0d4b44d2dda5c061b1948af26e99f5c5500fd38,False,False,False,3913dba608c06a723b7b0d14235fd81f6b2ec59d67cc314fb3eb6d4da75b5f9d,True
ISIC_0013132,locked100,G1,0.9116304055868923,0.8376110562685094,0.6531960059753125,0.6979166666666666,0.6138613861386139,1.0,188.42640687119285,188.42640687119285,subpixel_gt_segment_arc_length,412,412,0.5,256,254,0.9921875,0,2,0,0,162,0.6377952755905512,0.6328125,28,0.1728395061728395,1,0,1,1,0,1,8,contourpy binary 0.5 isocontours; saddle loops may differ from 8-connected pixel components,0,3683,152,ok,,256,16.0,0.05,f0859b0576ca875cee838ee48edbd3e7ea79387aec5f6bd29e5329f7b59b2147,cbeab787aa9a61895fa41bd4c0d4b44d2dda5c061b1948af26e99f5c5500fd38,False,False,False,3913dba608c06a723b7b0d14235fd81f6b2ec59d67cc314fb3eb6d4da75b5f9d,True
ISIC_0013132,locked100,G2,0.910917979359044,0.8364089775561098,0.7076698371985324,0.7397959183673469,0.6782178217821783,1.0,188.42640687119285,188.42640687119285,subpixel_gt_segment_arc_length,412,412,0.5,256,254,0.9921875,0,2,0,0,162,0.6377952755905512,0.6328125,28,0.1728395061728395,1,0,1,1,0,1,8,contourpy binary 0.5 isocontours; saddle loops may differ from 8-connected pixel components,0,3683,152,ok,,256,16.0,0.05,f0859b0576ca875cee838ee48edbd3e7ea79387aec5f6bd29e5329f7b59b2147,cbeab787aa9a61895fa41bd4c0d4b44d2dda5c061b1948af26e99f5c5500fd38,False,False,False,3913dba608c06a723b7b0d14235fd81f6b2ec59d67cc314fb3eb6d4da75b5f9d,True
ISIC_0013132,locked100,G3,0.920824295010846,0.8532663316582915,0.7519603516752096,0.8082901554404145,0.7029702970297029,1.0,188.42640687119285,188.42640687119285,subpixel_gt_segment_arc_length,412,412,0.5,256,254,0.9921875,0,2,0,0,162,0.6377952755905512,0.6328125,28,0.1728395061728395,1,0,1,1,0,1,8,contourpy binary 0.5 isocontours; saddle loops may differ from 8-connected pixel components,0,3683,152,ok,,256,16.0,0.05,f0859b0576ca875cee838ee48edbd3e7ea79387aec5f6bd29e5329f7b59b2147,cbeab787aa9a61895fa41bd4c0d4b44d2dda5c061b1948af26e99f5c5500fd38,False,False,False,3913dba608c06a723b7b0d14235fd81f6b2ec59d67cc314fb3eb6d4da75b5f9d,True
ISIC_0013132,locked100,G4,0.927645788336933,0.865055387713998,0.7758202683045095,0.8121827411167513,0.7425742574257426,1.0,188.42640687119285,188.42640687119285,subpixel_gt_segment_arc_length,412,412,0.5,256,254,0.9921875,0,2,0,0,162,0.6377952755905512,0.6328125,28,0.1728395061728395,1,0,1,1,0,1,8,contourpy binary 0.5 isocontours; saddle loops may differ from 8-connected pixel components,0,3683,152,ok,,256,16.0,0.05,f0859b0576ca875cee838ee48edbd3e7ea79387aec5f6bd29e5329f7b59b2147,cbeab787aa9a61895fa41bd4c0d4b44d2dda5c061b1948af26e99f5c5500fd38,False,False,False,3913dba608c06a723b7b0d14235fd81f6b2ec59d67cc314fb3eb6d4da75b5f9d,True
ISIC_0013188,locked100,G0,0.9299895506792059,0.869140625,0.9124087591240876,0.9328358208955224,0.8928571428571429,1.0,132.2842712474619,132.2842712474619,subpixel_gt_segment_arc_length,288,288,0.5,256,256,1.0,0,0,0,0,238,0.9296875,0.9296875,24,0.10084033613445378,1,0,1,1,0,1,8,contourpy binary 0.5 isocontours; saddle loops may differ from 8-connected pixel components,0,7990,133,ok,,256,16.0,0.05,0a760e879db5c4fc096a7a9d6f0119a43cefe08f10424023c93f0b3a399d0f0f,cbeab787aa9a61895fa41bd4c0d4b44d2dda5c061b1948af26e99f5c5500fd38,False,False,False,3913dba608c06a723b7b0d14235fd81f6b2ec59d67cc314fb3eb6d4da75b5f9d,True
ISIC_0013188,locked100,G1,0.9299895506792059,0.869140625,0.9124087591240876,0.9328358208955224,0.8928571428571429,1.0,132.2842712474619,132.2842712474619,subpixel_gt_segment_arc_length,288,288,0.5,256,256,1.0,0,0,0,0,238,0.9296875,0.9296875,24,0.10084033613445378,1,0,1,1,0,1,8,contourpy binary 0.5 isocontours; saddle loops may differ from 8-connected pixel components,0,7990,133,ok,,256,16.0,0.05,0a760e879db5c4fc096a7a9d6f0119a43cefe08f10424023c93f0b3a399d0f0f,cbeab787aa9a61895fa41bd4c0d4b44d2dda5c061b1948af26e99f5c5500fd38,False,False,False,3913dba608c06a723b7b0d14235fd81f6b2ec59d67cc314fb3eb6d4da75b5f9d,True
ISIC_0013188,locked100,G2,0.9359041167274622,0.8795298726738492,0.9526170798898073,0.9779411764705882,0.9285714285714286,1.0,132.2842712474619,132.2842712474619,subpixel_gt_segment_arc_length,288,288,0.5,256,256,1.0,0,0,0,0,238,0.9296875,0.9296875,24,0.10084033613445378,1,0,1,1,0,1,8,contourpy binary 0.5 isocontours; saddle loops may differ from 8-connected pixel components,0,7990,133,ok,,256,16.0,0.05,0a760e879db5c4fc096a7a9d6f0119a43cefe08f10424023c93f0b3a399d0f0f,cbeab787aa9a61895fa41bd4c0d4b44d2dda5c061b1948af26e99f5c5500fd38,False,False,False,3913dba608c06a723b7b0d14235fd81f6b2ec59d67cc314fb3eb6d4da75b5f9d,True
ISIC_0013188,locked100,G3,0.9288702928870293,0.8671875,0.9119217081850534,0.9318181818181818,0.8928571428571429,1.0,132.2842712474619,132.2842712474619,subpixel_gt_segment_arc_length,288,288,0.5,256,256,1.0,0,0,0,0,238,0.9296875,0.9296875,24,0.10084033613445378,1,0,1,1,0,1,8,contourpy binary 0.5 isocontours; saddle loops may differ from 8-connected pixel components,0,7990,133,ok,,256,16.0,0.05,0a760e879db5c4fc096a7a9d6f0119a43cefe08f10424023c93f0b3a399d0f0f,cbeab787aa9a61895fa41bd4c0d4b44d2dda5c061b1948af26e99f5c5500fd38,False,False,False,3913dba608c06a723b7b0d14235fd81f6b2ec59d67cc314fb3eb6d4da75b5f9d,True
ISIC_0013188,locked100,G4,0.9499742135121196,0.9047151277013753,0.9782608695652174,0.9926470588235294,0.9642857142857143,1.0,132.2842712474619,132.2842712474619,subpixel_gt_segment_arc_length,288,288,0.5,256,256,1.0,0,0,0,0,238,0.9296875,0.9296875,24,0.10084033613445378,1,0,1,1,0,1,8,contourpy binary 0.5 isocontours; saddle loops may differ from 8-connected pixel components,0,7990,133,ok,,256,16.0,0.05,0a760e879db5c4fc096a7a9d6f0119a43cefe08f10424023c93f0b3a399d0f0f,cbeab787aa9a61895fa41bd4c0d4b44d2dda5c061b1948af26e99f5c5500fd38,False,False,False,3913dba608c06a723b7b0d14235fd81f6b2ec59d67cc314fb3eb6d4da75b5f9d,True
ISIC_0013215,locked100,G0,0.9653634843538498,0.9330460212405726,0.7175273367484383,0.7005208333333334,0.7353801169590644,1.0,631.1787155501902,631.1787155501902,subpixel_gt_segment_arc_length,1376,1376,0.5,256,238,0.9296875,14,4,0,0,198,0.8319327731092437,0.7734375,59,0.29797979797979796,1,0,1,1,0,1,8,contourpy binary 0.5 isocontours; saddle loops may differ from 8-connected pixel components,0,800,129,ok,,256,16.0,0.05,f272a22868f3ae5f6a1fbfe211587f30f37c2caa76c676ae302e3da4ed614bdf,cbeab787aa9a61895fa41bd4c0d4b44d2dda5c061b1948af26e99f5c5500fd38,False,False,False,3913dba608c06a723b7b0d14235fd81f6b2ec59d67cc314fb3eb6d4da75b5f9d,True
ISIC_0013215,locked100,G1,0.9653689992834965,0.933056325023084,0.7211545907264255,0.7088274044795784,0.7339181286549707,1.0,631.1787155501902,631.1787155501902,subpixel_gt_segment_arc_length,1376,1376,0.5,256,238,0.9296875,14,4,0,0,198,0.8319327731092437,0.7734375,59,0.29797979797979796,1,0,1,1,0,1,8,contourpy binary 0.5 isocontours; saddle loops may differ from 8-connected pixel components,0,800,129,ok,,256,16.0,0.05,f272a22868f3ae5f6a1fbfe211587f30f37c2caa76c676ae302e3da4ed614bdf,cbeab787aa9a61895fa41bd4c0d4b44d2dda5c061b1948af26e99f5c5500fd38,False,False,False,3913dba608c06a723b7b0d14235fd81f6b2ec59d67cc314fb3eb6d4da75b5f9d,True
ISIC_0013215,locked100,G2,0.9694870160463376,0.9407809810671256,0.701535310615729,0.6768665850673194,0.7280701754385965,1.0,631.1787155501902,631.1787155501902,subpixel_gt_segment_arc_length,1376,1376,0.5,256,238,0.9296875,14,4,0,0,198,0.8319327731092437,0.7734375,59,0.29797979797979796,1,0,1,1,0,1,8,contourpy binary 0.5 isocontours; saddle loops may differ from 8-connected pixel components,0,800,129,ok,,256,16.0,0.05,f272a22868f3ae5f6a1fbfe211587f30f37c2caa76c676ae302e3da4ed614bdf,cbeab787aa9a61895fa41bd4c0d4b44d2dda5c061b1948af26e99f5c5500fd38,False,False,False,3913dba608c06a723b7b0d14235fd81f6b2ec59d67cc314fb3eb6d4da75b5f9d,True
ISIC_0013215,locked100,G3,0.9643711850278308,0.9311938515864361,0.7082281703558112,0.7002652519893899,0.716374269005848,1.0,631.1787155501902,631.1787155501902,subpixel_gt_segment_arc_length,1376,1376,0.5,256,238,0.9296875,14,4,0,0,198,0.8319327731092437,0.7734375,59,0.29797979797979796,1,0,1,1,0,1,8,contourpy binary 0.5 isocontours; saddle loops may differ from 8-connected pixel components,0,800,129,ok,,256,16.0,0.05,f272a22868f3ae5f6a1fbfe211587f30f37c2caa76c676ae302e3da4ed614bdf,cbeab787aa9a61895fa41bd4c0d4b44d2dda5c061b1948af26e99f5c5500fd38,False,False,False,3913dba608c06a723b7b0d14235fd81f6b2ec59d67cc314fb3eb6d4da75b5f9d,True
ISIC_0013215,locked100,G4,0.98580997949419,0.9720170377958699,0.9359762641753947,0.910025706940874,0.9634502923976608,1.0,631.1787155501902,631.1787155501902,subpixel_gt_segment_arc_length,1376,1376,0.5,256,238,0.9296875,14,4,0,0,198,0.8319327731092437,0.7734375,59,0.29797979797979796,1,0,1,1,0,1,8,contourpy binary 0.5 isocontours; saddle loops may differ from 8-connected pixel components,0,800,129,ok,,256,16.0,0.05,f272a22868f3ae5f6a1fbfe211587f30f37c2caa76c676ae302e3da4ed614bdf,cbeab787aa9a61895fa41bd4c0d4b44d2dda5c061b1948af26e99f5c5500fd38,False,False,False,3913dba608c06a723b7b0d14235fd81f6b2ec59d67cc314fb3eb6d4da75b5f9d,True
ISIC_0013232,locked100,G0,0.9259110126837125,0.8620431115276476,0.6475080601107529,0.6701846965699209,0.6263157894736842,1.0,356.46803743153544,356.46803743153544,subpixel_gt_segment_arc_length,768,768,0.5,256,245,0.95703125,2,9,0,0,178,0.726530612244898,0.6953125,61,0.34269662921348315,1,0,1,1,0,1,8,contourpy binary 0.5 isocontours; saddle loops may differ from 8-connected pixel components,0,1830,131,ok,,256,16.0,0.05,e0b58d3847412edf844b90e732526ca4e38b87d2a505fe4a52001838b9135e4e,cbeab787aa9a61895fa41bd4c0d4b44d2dda5c061b1948af26e99f5c5500fd38,False,False,False,3913dba608c06a723b7b0d14235fd81f6b2ec59d67cc314fb3eb6d4da75b5f9d,True
ISIC_0013232,locked100,G1,0.9259110126837125,0.8620431115276476,0.6475080601107529,0.6701846965699209,0.6263157894736842,1.0,356.46803743153544,356.46803743153544,subpixel_gt_segment_arc_length,768,768,0.5,256,245,0.95703125,2,9,0,0,178,0.726530612244898,0.6953125,61,0.34269662921348315,1,0,1,1,0,1,8,contourpy binary 0.5 isocontours; saddle loops may differ from 8-connected pixel components,0,1830,131,ok,,256,16.0,0.05,e0b58d3847412edf844b90e732526ca4e38b87d2a505fe4a52001838b9135e4e,cbeab787aa9a61895fa41bd4c0d4b44d2dda5c061b1948af26e99f5c5500fd38,False,False,False,3913dba608c06a723b7b0d14235fd81f6b2ec59d67cc314fb3eb6d4da75b5f9d,True
ISIC_0013232,locked100,G2,0.9055408970976253,0.8273866923818708,0.544502617801047,0.5416666666666666,0.5473684210526316,1.0,356.46803743153544,356.46803743153544,subpixel_gt_segment_arc_length,768,768,0.5,256,245,0.95703125,2,9,0,0,178,0.726530612244898,0.6953125,61,0.34269662921348315,1,0,1,1,0,1,8,contourpy binary 0.5 isocontours; saddle loops may differ from 8-connected pixel components,0,1830,131,ok,,256,16.0,0.05,e0b58d3847412edf844b90e732526ca4e38b87d2a505fe4a52001838b9135e4e,cbeab787aa9a61895fa41bd4c0d4b44d2dda5c061b1948af26e99f5c5500fd38,False,False,False,3913dba608c06a723b7b0d14235fd81f6b2ec59d67cc314fb3eb6d4da75b5f9d,True
ISIC_0013232,locked100,G3,0.9213203238530205,0.8541185527328714,0.6078490920655295,0.636604774535809,0.5815789473684211,1.0,356.46803743153544,356.46803743153544,subpixel_gt_segment_arc_length,768,768,0.5,256,245,0.95703125,2,9,0,0,178,0.726530612244898,0.6953125,61,0.34269662921348315,1,0,1,1,0,1,8,contourpy binary 0.5 isocontours; saddle loops may differ from 8-connected pixel components,0,1830,131,ok,,256,16.0,0.05,e0b58d3847412edf844b90e732526ca4e38b87d2a505fe4a52001838b9135e4e,cbeab787aa9a61895fa41bd4c0d4b44d2dda5c061b1948af26e99f5c5500fd38,False,False,False,3913dba608c06a723b7b0d14235fd81f6b2ec59d67cc314fb3eb6d4da75b5f9d,True
ISIC_0013232,locked100,G4,0.9433078880407124,0.8926989019456752,0.7627132486388385,0.781578947368421,0.7447368421052631,1.0,356.46803743153544,356.46803743153544,subpixel_gt_segment_arc_length,768,768,0.5,256,245,0.95703125,2,9,0,0,178,0.726530612244898,0.6953125,61,0.34269662921348315,1,0,1,1,0,1,8,contourpy binary 0.5 isocontours; saddle loops may differ from 8-connected pixel components,0,1830,131,ok,,256,16.0,0.05,e0b58d3847412edf844b90e732526ca4e38b87d2a505fe4a52001838b9135e4e,cbeab787aa9a61895fa41bd4c0d4b44d2dda5c061b1948af26e99f5c5500fd38,False,False,False,3913dba608c06a723b7b0d14235fd81f6b2ec59d67cc314fb3eb6d4da75b5f9d,True
ISIC_0013421,locked100,G0,0.884936674750741,0.7936201063315611,0.3800518252488976,0.38278388278388276,0.37735849056603776,0.9072784692902729,439.9342891943369,484.89444430272835,subpixel_gt_segment_arc_length,961,1060,0.5,256,194,0.7578125,55,7,0,0,96,0.4948453608247423,0.375,31,0.3229166666666667,2,0,2,1,1,2,8,contourpy binary 0.5 isocontours; saddle loops may differ from 8-connected pixel components,0,848,148,ok,,256,16.0,0.05,c4d8ccc707dafac120f50c7ae34b0c3057c667662b7ab824f9ad42ab5fb065a7,cbeab787aa9a61895fa41bd4c0d4b44d2dda5c061b1948af26e99f5c5500fd38,False,False,False,3913dba608c06a723b7b0d14235fd81f6b2ec59d67cc314fb3eb6d4da75b5f9d,True
ISIC_0013421,locked100,G1,0.8850559223824283,0.7938119410200628,0.38032244729226955,0.38333333333333336,0.37735849056603776,0.9072784692902729,439.9342891943369,484.89444430272835,subpixel_gt_segment_arc_length,961,1060,0.5,256,194,0.7578125,55,7,0,0,96,0.4948453608247423,0.375,31,0.3229166666666667,2,0,2,1,1,2,8,contourpy binary 0.5 isocontours; saddle loops may differ from 8-connected pixel components,0,848,148,ok,,256,16.0,0.05,c4d8ccc707dafac120f50c7ae34b0c3057c667662b7ab824f9ad42ab5fb065a7,cbeab787aa9a61895fa41bd4c0d4b44d2dda5c061b1948af26e99f5c5500fd38,False,False,False,3913dba608c06a723b7b0d14235fd81f6b2ec59d67cc314fb3eb6d4da75b5f9d,True
ISIC_0013421,locked100,G2,0.8955470038482682,0.8108511697361872,0.36404253417925114,0.3620689655172414,0.3660377358490566,0.9072784692902729,439.9342891943369,484.89444430272835,subpixel_gt_segment_arc_length,961,1060,0.5,256,194,0.7578125,55,7,0,0,96,0.4948453608247423,0.375,31,0.3229166666666667,2,0,2,1,1,2,8,contourpy binary 0.5 isocontours; saddle loops may differ from 8-connected pixel components,0,848,148,ok,,256,16.0,0.05,c4d8ccc707dafac120f50c7ae34b0c3057c667662b7ab824f9ad42ab5fb065a7,cbeab787aa9a61895fa41bd4c0d4b44d2dda5c061b1948af26e99f5c5500fd38,False,False,False,3913dba608c06a723b7b0d14235fd81f6b2ec59d67cc314fb3eb6d4da75b5f9d,True
ISIC_0013421,locked100,G3,0.8850559223824283,0.7938119410200628,0.38032244729226955,0.38333333333333336,0.37735849056603776,0.9072784692902729,439.9342891943369,484.89444430272835,subpixel_gt_segment_arc_length,961,1060,0.5,256,194,0.7578125,55,7,0,0,96,0.4948453608247423,0.375,31,0.3229166666666667,2,0,2,1,1,2,8,contourpy binary 0.5 isocontours; saddle loops may differ from 8-connected pixel components,0,848,148,ok,,256,16.0,0.05,c4d8ccc707dafac120f50c7ae34b0c3057c667662b7ab824f9ad42ab5fb065a7,cbeab787aa9a61895fa41bd4c0d4b44d2dda5c061b1948af26e99f5c5500fd38,False,False,False,3913dba608c06a723b7b0d14235fd81f6b2ec59d67cc314fb3eb6d4da75b5f9d,True
ISIC_0013421,locked100,G4,0.9292967818831943,0.8679312494434055,0.5042328468918811,0.4608695652173913,0.5566037735849056,0.9072784692902729,439.9342891943369,484.89444430272835,subpixel_gt_segment_arc_length,961,1060,0.5,256,194,0.7578125,55,7,0,0,96,0.4948453608247423,0.375,31,0.3229166666666667,2,0,2,1,1,2,8,contourpy binary 0.5 isocontours; saddle loops may differ from 8-connected pixel components,0,848,148,ok,,256,16.0,0.05,c4d8ccc707dafac120f50c7ae34b0c3057c667662b7ab824f9ad42ab5fb065a7,cbeab787aa9a61895fa41bd4c0d4b44d2dda5c061b1948af26e99f5c5500fd38,False,False,False,3913dba608c06a723b7b0d14235fd81f6b2ec59d67cc314fb3eb6d4da75b5f9d,True
ISIC_0013491,locked100,G0,0.9508349877379423,0.9062778272484416,0.7884253848889791,0.834920634920635,0.7468354430379747,1.0,292.46803743153555,292.46803743153555,subpixel_gt_segment_arc_length,640,640,0.5,256,256,1.0,0,0,0,0,213,0.83203125,0.83203125,38,0.1784037558685446,1,0,1,1,0,1,8,contourpy binary 0.5 isocontours; saddle loops may differ from 8-connected pixel components,0,1868,169,ok,,256,16.0,0.05,ad8d1c13a6ca622a0c3fcac51289b80c28bccb9730a38dda5871ec99bb1e5da0,cbeab787aa9a61895fa41bd4c0d4b44d2dda5c061b1948af26e99f5c5500fd38,False,False,False,3913dba608c06a723b7b0d14235fd81f6b2ec59d67cc314fb3eb6d4da75b5f9d,True
ISIC_0013491,locked100,G1,0.9508349877379423,0.9062778272484416,0.7884253848889791,0.834920634920635,0.7468354430379747,1.0,292.46803743153555,292.46803743153555,subpixel_gt_segment_arc_length,640,640,0.5,256,256,1.0,0,0,0,0,213,0.83203125,0.83203125,38,0.1784037558685446,1,0,1,1,0,1,8,contourpy binary 0.5 isocontours; saddle loops may differ from 8-connected pixel components,0,1868,169,ok,,256,16.0,0.05,ad8d1c13a6ca622a0c3fcac51289b80c28bccb9730a38dda5871ec99bb1e5da0,cbeab787aa9a61895fa41bd4c0d4b44d2dda5c061b1948af26e99f5c5500fd38,False,False,False,3913dba608c06a723b7b0d14235fd81f6b2ec59d67cc314fb3eb6d4da75b5f9d,True
ISIC_0013491,locked100,G2,0.9504950495049505,0.9056603773584906,0.7822474589186732,0.7993920972644377,0.7658227848101266,1.0,292.46803743153555,292.46803743153555,subpixel_gt_segment_arc_length,640,640,0.5,256,256,1.0,0,0,0,0,213,0.83203125,0.83203125,38,0.1784037558685446,1,0,1,1,0,1,8,contourpy binary 0.5 isocontours; saddle loops may differ from 8-connected pixel components,0,1868,169,ok,,256,16.0,0.05,ad8d1c13a6ca622a0c3fcac51289b80c28bccb9730a38dda5871ec99bb1e5da0,cbeab787aa9a61895fa41bd4c0d4b44d2dda5c061b1948af26e99f5c5500fd38,False,False,False,3913dba608c06a723b7b0d14235fd81f6b2ec59d67cc314fb3eb6d4da75b5f9d,True
ISIC_0013491,locked100,G3,0.9421331761932823,0.8905971479500892,0.7263495981710824,0.7831715210355987,0.6772151898734177,1.0,292.46803743153555,292.46803743153555,subpixel_gt_segment_arc_length,640,640,0.5,256,256,1.0,0,0,0,0,213,0.83203125,0.83203125,38,0.1784037558685446,1,0,1,1,0,1,8,contourpy binary 0.5 isocontours; saddle loops may differ from 8-connected pixel components,0,1868,169,ok,,256,16.0,0.05,ad8d1c13a6ca622a0c3fcac51289b80c28bccb9730a38dda5871ec99bb1e5da0,cbeab787aa9a61895fa41bd4c0d4b44d2dda5c061b1948af26e99f5c5500fd38,False,False,False,3913dba608c06a723b7b0d14235fd81f6b2ec59d67cc314fb3eb6d4da75b5f9d,True
ISIC_0013491,locked100,G4,0.9709457113091793,0.9435320584926884,0.9305077748727123,0.930635838150289,0.930379746835443,1.0,292.46803743153555,292.46803743153555,subpixel_gt_segment_arc_length,640,640,0.5,256,256,1.0,0,0,0,0,213,0.83203125,0.83203125,38,0.1784037558685446,1,0,1,1,0,1,8,contourpy binary 0.5 isocontours; saddle loops may differ from 8-connected pixel components,0,1868,169,ok,,256,16.0,0.05,ad8d1c13a6ca622a0c3fcac51289b80c28bccb9730a38dda5871ec99bb1e5da0,cbeab787aa9a61895fa41bd4c0d4b44d2dda5c061b1948af26e99f5c5500fd38,False,False,False,3913dba608c06a723b7b0d14235fd81f6b2ec59d67cc314fb3eb6d4da75b5f9d,True
ISIC_0013501,locked100,G0,0.8692487652716402,0.7687356321839081,0.28395346158276696,0.2951388888888889,0.27358490566037735,1.0,273.3797256769669,273.3797256769669,subpixel_gt_segment_arc_length,644,644,0.5,256,256,1.0,0,0,0,0,129,0.50390625,0.50390625,115,0.8914728682170543,1,0,1,1,0,1,8,contourpy binary 0.5 isocontours; saddle loops may differ from 8-connected pixel components,0,2183,174,ok,,256,16.0,0.05,3f9de9a55fba39720ca51709170e5d111042d21ead0ed73086aa7b0e1e7aa412,cbeab787aa9a61895fa41bd4c0d4b44d2dda5c061b1948af26e99f5c5500fd38,False,False,False,3913dba608c06a723b7b0d14235fd81f6b2ec59d67cc314fb3eb6d4da75b5f9d,True
ISIC_0013501,locked100,G1,0.8692487652716402,0.7687356321839081,0.28395346158276696,0.2951388888888889,0.27358490566037735,1.0,273.3797256769669,273.3797256769669,subpixel_gt_segment_arc_length,644,644,0.5,256,256,1.0,0,0,0,0,129,0.50390625,0.50390625,115,0.8914728682170543,1,0,1,1,0,1,8,contourpy binary 0.5 isocontours; saddle loops may differ from 8-connected pixel components,0,2183,174,ok,,256,16.0,0.05,3f9de9a55fba39720ca51709170e5d111042d21ead0ed73086aa7b0e1e7aa412,cbeab787aa9a61895fa41bd4c0d4b44d2dda5c061b1948af26e99f5c5500fd38,False,False,False,3913dba608c06a723b7b0d14235fd81f6b2ec59d67cc314fb3eb6d4da75b5f9d,True
ISIC_0013501,locked100,G2,0.8160043549265106,0.6891954022988506,0.09474220385986755,0.09215017064846416,0.09748427672955975,1.0,273.3797256769669,273.3797256769669,subpixel_gt_segment_arc_length,644,644,0.5,256,256,1.0,0,0,0,0,129,0.50390625,0.50390625,115,0.8914728682170543,1,0,1,1,0,1,8,contourpy binary 0.5 isocontours; saddle loops may differ from 8-connected pixel components,0,2183,174,ok,,256,16.0,0.05,3f9de9a55fba39720ca51709170e5d111042d21ead0ed73086aa7b0e1e7aa412,cbeab787aa9a61895fa41bd4c0d4b44d2dda5c061b1948af26e99f5c5500fd38,False,False,False,3913dba608c06a723b7b0d14235fd81f6b2ec59d67cc314fb3eb6d4da75b5f9d,True
ISIC_0013501,locked100,G3,0.8482922954725973,0.736551724137931,0.13247011952191234,0.13286713286713286,0.1320754716981132,1.0,273.3797256769669,273.3797256769669,subpixel_gt_segment_arc_length,644,644,0.5,256,256,1.0,0,0,0,0,129,0.50390625,0.50390625,115,0.8914728682170543,1,0,1,1,0,1,8,contourpy binary 0.5 isocontours; saddle loops may differ from 8-connected pixel components,0,2183,174,ok,,256,16.0,0.05,3f9de9a55fba39720ca51709170e5d111042d21ead0ed73086aa7b0e1e7aa412,cbeab787aa9a61895fa41bd4c0d4b44d2dda5c061b1948af26e99f5c5500fd38,False,False,False,3913dba608c06a723b7b0d14235fd81f6b2ec59d67cc314fb3eb6d4da75b5f9d,True
ISIC_0013501,locked100,G4,0.9277824978759558,0.8652931854199684,0.6460214647061605,0.5965770171149144,0.7044025157232704,1.0,273.3797256769669,273.3797256769669,subpixel_gt_segment_arc_length,644,644,0.5,256,256,1.0,0,0,0,0,129,0.50390625,0.50390625,115,0.8914728682170543,1,0,1,1,0,1,8,contourpy binary 0.5 isocontours; saddle loops may differ from 8-connected pixel components,0,2183,174,ok,,256,16.0,0.05,3f9de9a55fba39720ca51709170e5d111042d21ead0ed73086aa7b0e1e7aa412,cbeab787aa9a61895fa41bd4c0d4b44d2dda5c061b1948af26e99f5c5500fd38,False,False,False,3913dba608c06a723b7b0d14235fd81f6b2ec59d67cc314fb3eb6d4da75b5f9d,True
ISIC_0013518,locked100,G0,0.7223938519672173,0.5654276578737011,0.1311866428145498,0.14285714285714285,0.12127894156560089,0.5345610781559894,434.5678028467163,812.9432175380074,subpixel_gt_segment_arc_length,986,1852,0.5,256,92,0.359375,146,18,0,5,34,0.3695652173913043,0.1328125,22,0.6470588235294118,6,1,14,1,0,1,8,contourpy binary 0.5 isocontours; saddle loops may differ from 8-connected pixel components,0,1081,143,ok,,256,16.0,0.05,4e773f96df7db88be323d2f9edda541b957f9070cc698e97973750b385a418bd,cbeab787aa9a61895fa41bd4c0d4b44d2dda5c061b1948af26e99f5c5500fd38,False,False,False,3913dba608c06a723b7b0d14235fd81f6b2ec59d67cc314fb3eb6d4da75b5f9d,True
ISIC_0013518,locked100,G1,0.7220718189712417,0.5650331761131985,0.12930033867403024,0.14303638644918445,0.11797133406835722,0.5345610781559894,434.5678028467163,812.9432175380074,subpixel_gt_segment_arc_length,986,1852,0.5,256,92,0.359375,146,18,0,5,34,0.3695652173913043,0.1328125,22,0.6470588235294118,6,1,14,1,0,1,8,contourpy binary 0.5 isocontours; saddle loops may differ from 8-connected pixel components,0,1081,143,ok,,256,16.0,0.05,4e773f96df7db88be323d2f9edda541b957f9070cc698e97973750b385a418bd,cbeab787aa9a61895fa41bd4c0d4b44d2dda5c061b1948af26e99f5c5500fd38,False,False,False,3913dba608c06a723b7b0d14235fd81f6b2ec59d67cc314fb3eb6d4da75b5f9d,True
ISIC_0013518,locked100,G2,0.6687336291227882,0.502328943141664,0.09642485374955105,0.10633727175080558,0.08820286659316427,0.5345610781559894,434.5678028467163,812.9432175380074,subpixel_gt_segment_arc_length,986,1852,0.5,256,92,0.359375,146,18,0,5,34,0.3695652173913043,0.1328125,22,0.6470588235294118,6,1,14,1,0,1,8,contourpy binary 0.5 isocontours; saddle loops may differ from 8-connected pixel components,0,1081,143,ok,,256,16.0,0.05,4e773f96df7db88be323d2f9edda541b957f9070cc698e97973750b385a418bd,cbeab787aa9a61895fa41bd4c0d4b44d2dda5c061b1948af26e99f5c5500fd38,False,False,False,3913dba608c06a723b7b0d14235fd81f6b2ec59d67cc314fb3eb6d4da75b5f9d,True
ISIC_0013518,locked100,G3,0.7147847529024967,0.5561595651131186,0.12460065654538355,0.13801756587202008,0.11356119073869901,0.5345610781559894,434.5678028467163,812.9432175380074,subpixel_gt_segment_arc_length,986,1852,0.5,256,92,0.359375,146,18,0,5,34,0.3695652173913043,0.1328125,22,0.6470588235294118,6,1,14,1,0,1,8,contourpy binary 0.5 isocontours; saddle loops may differ from 8-connected pixel components,0,1081,143,ok,,256,16.0,0.05,4e773f96df7db88be323d2f9edda541b957f9070cc698e97973750b385a418bd,cbeab787aa9a61895fa41bd4c0d4b44d2dda5c061b1948af26e99f5c5500fd38,False,False,False,3913dba608c06a723b7b0d14235fd81f6b2ec59d67cc314fb3eb6d4da75b5f9d,True
ISIC_0013518,locked100,G4,0.8056751842281558,0.6745863215673705,0.18202481658674713,0.17316409791477788,0.1918412348401323,0.5345610781559894,434.5678028467163,812.9432175380074,subpixel_gt_segment_arc_length,986,1852,0.5,256,92,0.359375,146,18,0,5,34,0.3695652173913043,0.1328125,22,0.6470588235294118,6,1,14,1,0,1,8,contourpy binary 0.5 isocontours; saddle loops may differ from 8-connected pixel components,0,1081,143,ok,,256,16.0,0.05,4e773f96df7db88be323d2f9edda541b957f9070cc698e97973750b385a418bd,cbeab787aa9a61895fa41bd4c0d4b44d2dda5c061b1948af26e99f5c5500fd38,False,False,False,3913dba608c06a723b7b0d14235fd81f6b2ec59d67cc314fb3eb6d4da75b5f9d,True
ISIC_0013527,locked100,G0,0.18275418275418276,0.10056657223796034,0.0995850622406639,0.08450704225352113,0.12121212121212122,0.5880861329595749,51.85965004500316,88.18376618407358,subpixel_gt_segment_arc_length,121,208,0.5,256,18,0.0703125,210,28,0,0,0,0.0,0.0,0,,2,0,2,1,0,1,8,contourpy binary 0.5 isocontours; saddle loops may differ from 8-connected pixel components,0,11304,108,ok,,256,16.0,0.05,a8d9ab6362f32375f94772b73260e66247cf5af34f5d13f9355c0b3c67e2bf54,cbeab787aa9a61895fa41bd4c0d4b44d2dda5c061b1948af26e99f5c5500fd38,False,False,False,3913dba608c06a723b7b0d14235fd81f6b2ec59d67cc314fb3eb6d4da75b5f9d,True
ISIC_0013527,locked100,G1,0.18275418275418276,0.10056657223796034,0.0995850622406639,0.08450704225352113,0.12121212121212122,0.5880861329595749,51.85965004500316,88.18376618407358,subpixel_gt_segment_arc_length,121,208,0.5,256,18,0.0703125,210,28,0,0,0,0.0,0.0,0,,2,0,2,1,0,1,8,contourpy binary 0.5 isocontours; saddle loops may differ from 8-connected pixel components,0,11304,108,ok,,256,16.0,0.05,a8d9ab6362f32375f94772b73260e66247cf5af34f5d13f9355c0b3c67e2bf54,cbeab787aa9a61895fa41bd4c0d4b44d2dda5c061b1948af26e99f5c5500fd38,False,False,False,3913dba608c06a723b7b0d14235fd81f6b2ec59d67cc314fb3eb6d4da75b5f9d,True
ISIC_0013527,locked100,G2,0.23316912972085385,0.13197026022304834,0.08633093525179857,0.0670391061452514,0.12121212121212122,0.5880861329595749,51.85965004500316,88.18376618407358,subpixel_gt_segment_arc_length,121,208,0.5,256,18,0.0703125,210,28,0,0,0,0.0,0.0,0,,2,0,2,1,0,1,8,contourpy binary 0.5 isocontours; saddle loops may differ from 8-connected pixel components,0,11304,108,ok,,256,16.0,0.05,a8d9ab6362f32375f94772b73260e66247cf5af34f5d13f9355c0b3c67e2bf54,cbeab787aa9a61895fa41bd4c0d4b44d2dda5c061b1948af26e99f5c5500fd38,False,False,False,3913dba608c06a723b7b0d14235fd81f6b2ec59d67cc314fb3eb6d4da75b5f9d,True
ISIC_0013527,locked100,G3,0.1763975155279503,0.09673024523160763,0.0916030534351145,0.0736196319018405,0.12121212121212122,0.5880861329595749,51.85965004500316,88.18376618407358,subpixel_gt_segment_arc_length,121,208,0.5,256,18,0.0703125,210,28,0,0,0,0.0,0.0,0,,2,0,2,1,0,1,8,contourpy binary 0.5 isocontours; saddle loops may differ from 8-connected pixel components,0,11304,108,ok,,256,16.0,0.05,a8d9ab6362f32375f94772b73260e66247cf5af34f5d13f9355c0b3c67e2bf54,cbeab787aa9a61895fa41bd4c0d4b44d2dda5c061b1948af26e99f5c5500fd38,False,False,False,3913dba608c06a723b7b0d14235fd81f6b2ec59d67cc314fb3eb6d4da75b5f9d,True
ISIC_0013527,locked100,G4,0.21846153846153846,0.1226252158894646,0.0821917808219178,0.06217616580310881,0.12121212121212122,0.5880861329595749,51.85965004500316,88.18376618407358,subpixel_gt_segment_arc_length,121,208,0.5,256,18,0.0703125,210,28,0,0,0,0.0,0.0,0,,2,0,2,1,0,1,8,contourpy binary 0.5 isocontours; saddle loops may differ from 8-connected pixel components,0,11304,108,ok,,256,16.0,0.05,a8d9ab6362f32375f94772b73260e66247cf5af34f5d13f9355c0b3c67e2bf54,cbeab787aa9a61895fa41bd4c0d4b44d2dda5c061b1948af26e99f5c5500fd38,False,False,False,3913dba608c06a723b7b0d14235fd81f6b2ec59d67cc314fb3eb6d4da75b5f9d,True
ISIC_0013561,locked100,G0,0.9022508718165486,0.8219098960338852,0.3868323638286621,0.3793103448275862,0.39465875370919884,1.0,297.4802307403553,297.4802307403553,subpixel_gt_segment_arc_length,684,684,0.5,256,253,0.98828125,2,1,0,0,114,0.4505928853754941,0.4453125,29,0.2543859649122807,1,0,2,1,0,1,8,contourpy binary 0.5 isocontours; saddle loops may differ from 8-connected pixel components,0,1867,174,ok,,256,16.0,0.05,7a63710d0cf28155eb94b2ff3f9888ee477028c5a3b34ea04988d16aa265cf50,cbeab787aa9a61895fa41bd4c0d4b44d2dda5c061b1948af26e99f5c5500fd38,False,False,False,3913dba608c06a723b7b0d14235fd81f6b2ec59d67cc314fb3eb6d4da75b5f9d,True
ISIC_0013561,locked100,G1,0.9022508718165486,0.8219098960338852,0.3868323638286621,0.3793103448275862,0.39465875370919884,1.0,297.4802307403553,297.4802307403553,subpixel_gt_segment_arc_length,684,684,0.5,256,253,0.98828125,2,1,0,0,114,0.4505928853754941,0.4453125,29,0.2543859649122807,1,0,2,1,0,1,8,contourpy binary 0.5 isocontours; saddle loops may differ from 8-connected pixel components,0,1867,174,ok,,256,16.0,0.05,7a63710d0cf28155eb94b2ff3f9888ee477028c5a3b34ea04988d16aa265cf50,cbeab787aa9a61895fa41bd4c0d4b44d2dda5c061b1948af26e99f5c5500fd38,False,False,False,3913dba608c06a723b7b0d14235fd81f6b2ec59d67cc314fb3eb6d4da75b5f9d,True
ISIC_0013561,locked100,G2,0.9040042712226375,0.8248246297739673,0.4493001346955172,0.43914081145584727,0.4599406528189911,1.0,297.4802307403553,297.4802307403553,subpixel_gt_segment_arc_length,684,684,0.5,256,253,0.98828125,2,1,0,0,114,0.4505928853754941,0.4453125,29,0.2543859649122807,1,0,2,1,0,1,8,contourpy binary 0.5 isocontours; saddle loops may differ from 8-connected pixel components,0,1867,174,ok,,256,16.0,0.05,7a63710d0cf28155eb94b2ff3f9888ee477028c5a3b34ea04988d16aa265cf50,cbeab787aa9a61895fa41bd4c0d4b44d2dda5c061b1948af26e99f5c5500fd38,False,False,False,3913dba608c06a723b7b0d14235fd81f6b2ec59d67cc314fb3eb6d4da75b5f9d,True
ISIC_0013561,locked100,G3,0.9038339334886677,0.8245410628019324,0.41513737687921204,0.40633245382585753,0.42433234421364985,1.0,297.4802307403553,297.4802307403553,subpixel_gt_segment_arc_length,684,684,0.5,256,253,0.98828125,2,1,0,0,114,0.4505928853754941,0.4453125,29,0.2543859649122807,1,0,2,1,0,1,8,contourpy binary 0.5 isocontours; saddle loops may differ from 8-connected pixel components,0,1867,174,ok,,256,16.0,0.05,7a63710d0cf28155eb94b2ff3f9888ee477028c5a3b34ea04988d16aa265cf50,cbeab787aa9a61895fa41bd4c0d4b44d2dda5c061b1948af26e99f5c5500fd38,False,False,False,3913dba608c06a723b7b0d14235fd81f6b2ec59d67cc314fb3eb6d4da75b5f9d,True
ISIC_0013561,locked100,G4,0.9274067919825527,0.8646398140975987,0.5737657062290766,0.533816425120773,0.6201780415430267,1.0,297.4802307403553,297.4802307403553,subpixel_gt_segment_arc_length,684,684,0.5,256,253,0.98828125,2,1,0,0,114,0.4505928853754941,0.4453125,29,0.2543859649122807,1,0,2,1,0,1,8,contourpy binary 0.5 isocontours; saddle loops may differ from 8-connected pixel components,0,1867,174,ok,,256,16.0,0.05,7a63710d0cf28155eb94b2ff3f9888ee477028c5a3b34ea04988d16aa265cf50,cbeab787aa9a61895fa41bd4c0d4b44d2dda5c061b1948af26e99f5c5500fd38,False,False,False,3913dba608c06a723b7b0d14235fd81f6b2ec59d67cc314fb3eb6d4da75b5f9d,True
ISIC_0013562,locked100,G0,0.9383077948034644,0.883785140562249,0.7079277779787966,0.7706093189964157,0.6546762589928058,1.0,259.7401153701776,259.7401153701776,subpixel_gt_segment_arc_length,564,564,0.5,256,256,1.0,0,0,0,0,178,0.6953125,0.6953125,49,0.2752808988764045,1,0,1,1,0,1,8,contourpy binary 0.5 isocontours; saddle loops may differ from 8-connected pixel components,0,1817,165,ok,,256,16.0,0.05,6616520a8e1a9a8dbec3073266a38df47e6e99fbaff63518e8fa506fb9670b93,cbeab787aa9a61895fa41bd4c0d4b44d2dda5c061b1948af26e99f5c5500fd38,False,False,False,3913dba608c06a723b7b0d14235fd81f6b2ec59d67cc314fb3eb6d4da75b5f9d,True
ISIC_0013562,locked100,G1,0.9383077948034644,0.883785140562249,0.7079277779787966,0.7706093189964157,0.6546762589928058,1.0,259.7401153701776,259.7401153701776,subpixel_gt_segment_arc_length,564,564,0.5,256,256,1.0,0,0,0,0,178,0.6953125,0.6953125,49,0.2752808988764045,1,0,1,1,0,1,8,contourpy binary 0.5 isocontours; saddle loops may differ from 8-connected pixel components,0,1817,165,ok,,256,16.0,0.05,6616520a8e1a9a8dbec3073266a38df47e6e99fbaff63518e8fa506fb9670b93,cbeab787aa9a61895fa41bd4c0d4b44d2dda5c061b1948af26e99f5c5500fd38,False,False,False,3913dba608c06a723b7b0d14235fd81f6b2ec59d67cc314fb3eb6d4da75b5f9d,True
ISIC_0013562,locked100,G2,0.9369228768370399,0.8813310496696843,0.6567205438979933,0.6624605678233438,0.6510791366906474,1.0,259.7401153701776,259.7401153701776,subpixel_gt_segment_arc_length,564,564,0.5,256,256,1.0,0,0,0,0,178,0.6953125,0.6953125,49,0.2752808988764045,1,0,1,1,0,1,8,contourpy binary 0.5 isocontours; saddle loops may differ from 8-connected pixel components,0,1817,165,ok,,256,16.0,0.05,6616520a8e1a9a8dbec3073266a38df47e6e99fbaff63518e8fa506fb9670b93,cbeab787aa9a61895fa41bd4c0d4b44d2dda5c061b1948af26e99f5c5500fd38,False,False,False,3913dba608c06a723b7b0d14235fd81f6b2ec59d67cc314fb3eb6d4da75b5f9d,True
ISIC_0013562,locked100,G3,0.9343467435460621,0.8767830791933103,0.6496950411031556,0.6712328767123288,0.6294964028776978,1.0,259.7401153701776,259.7401153701776,subpixel_gt_segment_arc_length,564,564,0.5,256,256,1.0,0,0,0,0,178,0.6953125,0.6953125,49,0.2752808988764045,1,0,1,1,0,1,8,contourpy binary 0.5 isocontours; saddle loops may differ from 8-connected pixel components,0,1817,165,ok,,256,16.0,0.05,6616520a8e1a9a8dbec3073266a38df47e6e99fbaff63518e8fa506fb9670b93,cbeab787aa9a61895fa41bd4c0d4b44d2dda5c061b1948af26e99f5c5500fd38,False,False,False,3913dba608c06a723b7b0d14235fd81f6b2ec59d67cc314fb3eb6d4da75b5f9d,True
ISIC_0013562,locked100,G4,0.9557592666400957,0.9152671755725191,0.8408605214418009,0.8666666666666667,0.8165467625899281,1.0,259.7401153701776,259.7401153701776,subpixel_gt_segment_arc_length,564,564,0.5,256,256,1.0,0,0,0,0,178,0.6953125,0.6953125,49,0.2752808988764045,1,0,1,1,0,1,8,contourpy binary 0.5 isocontours; saddle loops may differ from 8-connected pixel components,0,1817,165,ok,,256,16.0,0.05,6616520a8e1a9a8dbec3073266a38df47e6e99fbaff63518e8fa506fb9670b93,cbeab787aa9a61895fa41bd4c0d4b44d2dda5c061b1948af26e99f5c5500fd38,False,False,False,3913dba608c06a723b7b0d14235fd81f6b2ec59d67cc314fb3eb6d4da75b5f9d,True
ISIC_0013632,locked100,G0,0.3395712827492344,0.20450819672131149,0.009900990099009901,0.014018691588785047,0.007653061224489796,0.24464292836061485,81.40128060534578,332.73506473629425,subpixel_gt_segment_arc_length,200,792,0.5,256,74,0.2890625,182,0,0,0,16,0.21621621621621623,0.0625,8,0.5,1,0,2,1,0,1,8,contourpy binary 0.5 isocontours; saddle loops may differ from 8-connected pixel components,0,5309,190,ok,,256,16.0,0.05,e2edf7ec839b605e3cddad239ee19ea2fc1978a0be11a0afcd890a81e6d612e8,cbeab787aa9a61895fa41bd4c0d4b44d2dda5c061b1948af26e99f5c5500fd38,False,False,False,3913dba608c06a723b7b0d14235fd81f6b2ec59d67cc314fb3eb6d4da75b5f9d,True
ISIC_0013632,locked100,G1,0.3395712827492344,0.20450819672131149,0.009900990099009901,0.014018691588785047,0.007653061224489796,0.24464292836061485,81.40128060534578,332.73506473629425,subpixel_gt_segment_arc_length,200,792,0.5,256,74,0.2890625,182,0,0,0,16,0.21621621621621623,0.0625,8,0.5,1,0,2,1,0,1,8,contourpy binary 0.5 isocontours; saddle loops may differ from 8-connected pixel components,0,5309,190,ok,,256,16.0,0.05,e2edf7ec839b605e3cddad239ee19ea2fc1978a0be11a0afcd890a81e6d612e8,cbeab787aa9a61895fa41bd4c0d4b44d2dda5c061b1948af26e99f5c5500fd38,False,False,False,3913dba608c06a723b7b0d14235fd81f6b2ec59d67cc314fb3eb6d4da75b5f9d,True
ISIC_0013632,locked100,G2,0.3834073432253872,0.23717003885836796,0.04539858880048041,0.03385731559854897,0.06887755102040816,0.24464292836061485,81.40128060534578,332.73506473629425,subpixel_gt_segment_arc_length,200,792,0.5,256,74,0.2890625,182,0,0,0,16,0.21621621621621623,0.0625,8,0.5,1,0,2,1,0,1,8,contourpy binary 0.5 isocontours; saddle loops may differ from 8-connected pixel components,0,5309,190,ok,,256,16.0,0.05,e2edf7ec839b605e3cddad239ee19ea2fc1978a0be11a0afcd890a81e6d612e8,cbeab787aa9a61895fa41bd4c0d4b44d2dda5c061b1948af26e99f5c5500fd38,False,False,False,3913dba608c06a723b7b0d14235fd81f6b2ec59d67cc314fb3eb6d4da75b5f9d,True
ISIC_0013632,locked100,G3,0.32800365463682046,0.19617486338797815,0.009836065573770491,0.013761467889908258,0.007653061224489796,0.24464292836061485,81.40128060534578,332.73506473629425,subpixel_gt_segment_arc_length,200,792,0.5,256,74,0.2890625,182,0,0,0,16,0.21621621621621623,0.0625,8,0.5,1,0,2,1,0,1,8,contourpy binary 0.5 isocontours; saddle loops may differ from 8-connected pixel components,0,5309,190,ok,,256,16.0,0.05,e2edf7ec839b605e3cddad239ee19ea2fc1978a0be11a0afcd890a81e6d612e8,cbeab787aa9a61895fa41bd4c0d4b44d2dda5c061b1948af26e99f5c5500fd38,False,False,False,3913dba608c06a723b7b0d14235fd81f6b2ec59d67cc314fb3eb6d4da75b5f9d,True
ISIC_0013632,locked100,G4,0.4868312757201646,0.32172967092738647,0.09548332230936406,0.08453237410071943,0.1096938775510204,0.24464292836061485,81.40128060534578,332.73506473629425,subpixel_gt_segment_arc_length,200,792,0.5,256,74,0.2890625,182,0,0,0,16,0.21621621621621623,0.0625,8,0.5,1,0,2,1,0,1,8,contourpy binary 0.5 isocontours; saddle loops may differ from 8-connected pixel components,0,5309,190,ok,,256,16.0,0.05,e2edf7ec839b605e3cddad239ee19ea2fc1978a0be11a0afcd890a81e6d612e8,cbeab787aa9a61895fa41bd4c0d4b44d2dda5c061b1948af26e99f5c5500fd38,False,False,False,3913dba608c06a723b7b0d14235fd81f6b2ec59d67cc314fb3eb6d4da75b5f9d,True
ISIC_0013651,locked100,G0,0.7389732465654375,0.5860091743119266,0.10619361501776982,0.10550458715596331,0.10689170182841069,0.531917452925523,310.43354954612937,583.6122650963196,subpixel_gt_segment_arc_length,772,1432,0.5,256,139,0.54296875,117,0,0,0,44,0.31654676258992803,0.171875,24,0.5454545454545454,3,0,7,1,0,1,8,contourpy binary 0.5 isocontours; saddle loops may differ from 8-connected pixel components,0,1370,169,ok,,256,16.0,0.05,9697cc0845ca8be62b157731a35c5a5fade5b2292bbbc74e77d6a8ca46be8827,cbeab787aa9a61895fa41bd4c0d4b44d2dda5c061b1948af26e99f5c5500fd38,False,False,False,3913dba608c06a723b7b0d14235fd81f6b2ec59d67cc314fb3eb6d4da75b5f9d,True
ISIC_0013651,locked100,G1,0.7387277127200912,0.5857004234297812,0.1025043680838672,0.10377358490566038,0.10126582278481013,0.531917452925523,310.43354954612937,583.6122650963196,subpixel_gt_segment_arc_length,772,1432,0.5,256,139,0.54296875,117,0,0,0,44,0.31654676258992803,0.171875,24,0.5454545454545454,3,0,7,1,0,1,8,contourpy binary 0.5 isocontours; saddle loops may differ from 8-connected pixel components,0,1370,169,ok,,256,16.0,0.05,9697cc0845ca8be62b157731a35c5a5fade5b2292bbbc74e77d6a8ca46be8827,cbeab787aa9a61895fa41bd4c0d4b44d2dda5c061b1948af26e99f5c5500fd38,False,False,False,3913dba608c06a723b7b0d14235fd81f6b2ec59d67cc314fb3eb6d4da75b5f9d,True
ISIC_0013651,locked100,G2,0.6956120092378753,0.53328611898017,0.07375186261081594,0.07753164556962025,0.07032348804500703,0.531917452925523,310.43354954612937,583.6122650963196,subpixel_gt_segment_arc_length,772,1432,0.5,256,139,0.54296875,117,0,0,0,44,0.31654676258992803,0.171875,24,0.5454545454545454,3,0,7,1,0,1,8,contourpy binary 0.5 isocontours; saddle loops may differ from 8-connected pixel components,0,1370,169,ok,,256,16.0,0.05,9697cc0845ca8be62b157731a35c5a5fade5b2292bbbc74e77d6a8ca46be8827,cbeab787aa9a61895fa41bd4c0d4b44d2dda5c061b1948af26e99f5c5500fd38,False,False,False,3913dba608c06a723b7b0d14235fd81f6b2ec59d67cc314fb3eb6d4da75b5f9d,True
ISIC_0013651,locked100,G3,0.7260077180924481,0.5698682232245512,0.11419753086419752,0.11746031746031746,0.1111111111111111,0.531917452925523,310.43354954612937,583.6122650963196,subpixel_gt_segment_arc_length,772,1432,0.5,256,139,0.54296875,117,0,0,0,44,0.31654676258992803,0.171875,24,0.5454545454545454,3,0,7,1,0,1,8,contourpy binary 0.5 isocontours; saddle loops may differ from 8-connected pixel components,0,1370,169,ok,,256,16.0,0.05,9697cc0845ca8be62b157731a35c5a5fade5b2292bbbc74e77d6a8ca46be8827,cbeab787aa9a61895fa41bd4c0d4b44d2dda5c061b1948af26e99f5c5500fd38,False,False,False,3913dba608c06a723b7b0d14235fd81f6b2ec59d67cc314fb3eb6d4da75b5f9d,True
ISIC_0013651,locked100,G4,0.81727781230578,0.6910141881240147,0.19509591326105089,0.16346153846153846,0.2419127988748242,0.531917452925523,310.43354954612937,583.6122650963196,subpixel_gt_segment_arc_length,772,1432,0.5,256,139,0.54296875,117,0,0,0,44,0.31654676258992803,0.171875,24,0.5454545454545454,3,0,7,1,0,1,8,contourpy binary 0.5 isocontours; saddle loops may differ from 8-connected pixel components,0,1370,169,ok,,256,16.0,0.05,9697cc0845ca8be62b157731a35c5a5fade5b2292bbbc74e77d6a8ca46be8827,cbeab787aa9a61895fa41bd4c0d4b44d2dda5c061b1948af26e99f5c5500fd38,False,False,False,3913dba608c06a723b7b0d14235fd81f6b2ec59d67cc314fb3eb6d4da75b5f9d,True
ISIC_0013736,locked100,G0,0.9120265209650684,0.8382801038257534,0.25062329791722604,0.2400793650793651,0.2621359223300971,1.0,383.7817459305203,383.7817459305203,subpixel_gt_segment_arc_length,832,832,0.5,256,255,0.99609375,0,1,0,0,151,0.592156862745098,0.58984375,2,0.013245033112582781,2,0,2,1,0,1,8,contourpy binary 0.5 isocontours; saddle loops may differ from 8-connected pixel components,0,890,176,ok,,256,16.0,0.05,9f0ccb1a78435b6fe85cdf75d878b6002ab1db41961708697fcf0032c2320603,cbeab787aa9a61895fa41bd4c0d4b44d2dda5c061b1948af26e99f5c5500fd38,False,False,False,3913dba608c06a723b7b0d14235fd81f6b2ec59d67cc314fb3eb6d4da75b5f9d,True
ISIC_0013736,locked100,G1,0.9120265209650684,0.8382801038257534,0.25062329791722604,0.2400793650793651,0.2621359223300971,1.0,383.7817459305203,383.7817459305203,subpixel_gt_segment_arc_length,832,832,0.5,256,255,0.99609375,0,1,0,0,151,0.592156862745098,0.58984375,2,0.013245033112582781,2,0,2,1,0,1,8,contourpy binary 0.5 isocontours; saddle loops may differ from 8-connected pixel components,0,890,176,ok,,256,16.0,0.05,9f0ccb1a78435b6fe85cdf75d878b6002ab1db41961708697fcf0032c2320603,cbeab787aa9a61895fa41bd4c0d4b44d2dda5c061b1948af26e99f5c5500fd38,False,False,False,3913dba608c06a723b7b0d14235fd81f6b2ec59d67cc314fb3eb6d4da75b5f9d,True
ISIC_0013736,locked100,G2,0.951205400192864,0.906951084957705,0.69111523531476,0.6721649484536083,0.7111650485436893,1.0,383.7817459305203,383.7817459305203,subpixel_gt_segment_arc_length,832,832,0.5,256,255,0.99609375,0,1,0,0,151,0.592156862745098,0.58984375,2,0.013245033112582781,2,0,2,1,0,1,8,contourpy binary 0.5 isocontours; saddle loops may differ from 8-connected pixel components,0,890,176,ok,,256,16.0,0.05,9f0ccb1a78435b6fe85cdf75d878b6002ab1db41961708697fcf0032c2320603,cbeab787aa9a61895fa41bd4c0d4b44d2dda5c061b1948af26e99f5c5500fd38,False,False,False,3913dba608c06a723b7b0d14235fd81f6b2ec59d67cc314fb3eb6d4da75b5f9d,True
ISIC_0013736,locked100,G3,0.9324375235464021,0.8734266556875662,0.4567870753045999,0.43724696356275305,0.47815533980582525,1.0,383.7817459305203,383.7817459305203,subpixel_gt_segment_arc_length,832,832,0.5,256,255,0.99609375,0,1,0,0,151,0.592156862745098,0.58984375,2,0.013245033112582781,2,0,2,1,0,1,8,contourpy binary 0.5 isocontours; saddle loops may differ from 8-connected pixel components,0,890,176,ok,,256,16.0,0.05,9f0ccb1a78435b6fe85cdf75d878b6002ab1db41961708697fcf0032c2320603,cbeab787aa9a61895fa41bd4c0d4b44d2dda5c061b1948af26e99f5c5500fd38,False,False,False,3913dba608c06a723b7b0d14235fd81f6b2ec59d67cc314fb3eb6d4da75b5f9d,True
ISIC_0013736,locked100,G4,0.9514438227538748,0.9073846908734053,0.6885686712194546,0.6673640167364017,0.7111650485436893,1.0,383.7817459305203,383.7817459305203,subpixel_gt_segment_arc_length,832,832,0.5,256,255,0.99609375,0,1,0,0,151,0.592156862745098,0.58984375,2,0.013245033112582781,2,0,2,1,0,1,8,contourpy binary 0.5 isocontours; saddle loops may differ from 8-connected pixel components,0,890,176,ok,,256,16.0,0.05,9f0ccb1a78435b6fe85cdf75d878b6002ab1db41961708697fcf0032c2320603,cbeab787aa9a61895fa41bd4c0d4b44d2dda5c061b1948af26e99f5c5500fd38,False,False,False,3913dba608c06a723b7b0d14235fd81f6b2ec59d67cc314fb3eb6d4da75b5f9d,True
ISIC_0013793,locked100,G0,0.9293735498839907,0.8680651872399445,0.6596438318342553,0.6886543535620053,0.6329787234042553,1.0,351.29646455628165,351.29646455628165,subpixel_gt_segment_arc_length,760,760,0.5,256,247,0.96484375,8,1,0,0,167,0.6761133603238867,0.65234375,29,0.17365269461077845,1,0,1,1,0,1,8,contourpy binary 0.5 isocontours; saddle loops may differ from 8-connected pixel components,0,1670,159,ok,,256,16.0,0.05,99a3d0ac4c28158d8e05978a7594cbaf4ed14932cd8db9c8ee7f69dfa242d983,cbeab787aa9a61895fa41bd4c0d4b44d2dda5c061b1948af26e99f5c5500fd38,False,False,False,3913dba608c06a723b7b0d14235fd81f6b2ec59d67cc314fb3eb6d4da75b5f9d,True
ISIC_0013793,locked100,G1,0.9293735498839907,0.8680651872399445,0.6596438318342553,0.6886543535620053,0.6329787234042553,1.0,351.29646455628165,351.29646455628165,subpixel_gt_segment_arc_length,760,760,0.5,256,247,0.96484375,8,1,0,0,167,0.6761133603238867,0.65234375,29,0.17365269461077845,1,0,1,1,0,1,8,contourpy binary 0.5 isocontours; saddle loops may differ from 8-connected pixel components,0,1670,159,ok,,256,16.0,0.05,99a3d0ac4c28158d8e05978a7594cbaf4ed14932cd8db9c8ee7f69dfa242d983,cbeab787aa9a61895fa41bd4c0d4b44d2dda5c061b1948af26e99f5c5500fd38,False,False,False,3913dba608c06a723b7b0d14235fd81f6b2ec59d67cc314fb3eb6d4da75b5f9d,True
ISIC_0013793,locked100,G2,0.9432532347504621,0.8926010145181039,0.6662801035989022,0.6731234866828087,0.6595744680851063,1.0,351.29646455628165,351.29646455628165,subpixel_gt_segment_arc_length,760,760,0.5,256,247,0.96484375,8,1,0,0,167,0.6761133603238867,0.65234375,29,0.17365269461077845,1,0,1,1,0,1,8,contourpy binary 0.5 isocontours; saddle loops may differ from 8-connected pixel components,0,1670,159,ok,,256,16.0,0.05,99a3d0ac4c28158d8e05978a7594cbaf4ed14932cd8db9c8ee7f69dfa242d983,cbeab787aa9a61895fa41bd4c0d4b44d2dda5c061b1948af26e99f5c5500fd38,False,False,False,3913dba608c06a723b7b0d14235fd81f6b2ec59d67cc314fb3eb6d4da75b5f9d,True
ISIC_0013793,locked100,G3,0.9293735498839907,0.8680651872399445,0.6596438318342553,0.6886543535620053,0.6329787234042553,1.0,351.29646455628165,351.29646455628165,subpixel_gt_segment_arc_length,760,760,0.5,256,247,0.96484375,8,1,0,0,167,0.6761133603238867,0.65234375,29,0.17365269461077845,1,0,1,1,0,1,8,contourpy binary 0.5 isocontours; saddle loops may differ from 8-connected pixel components,0,1670,159,ok,,256,16.0,0.05,99a3d0ac4c28158d8e05978a7594cbaf4ed14932cd8db9c8ee7f69dfa242d983,cbeab787aa9a61895fa41bd4c0d4b44d2dda5c061b1948af26e99f5c5500fd38,False,False,False,3913dba608c06a723b7b0d14235fd81f6b2ec59d67cc314fb3eb6d4da75b5f9d,True
ISIC_0013793,locked100,G4,0.9537223340040242,0.9115384615384615,0.7730348776678813,0.7568807339449541,0.7898936170212766,1.0,351.29646455628165,351.29646455628165,subpixel_gt_segment_arc_length,760,760,0.5,256,247,0.96484375,8,1,0,0,167,0.6761133603238867,0.65234375,29,0.17365269461077845,1,0,1,1,0,1,8,contourpy binary 0.5 isocontours; saddle loops may differ from 8-connected pixel components,0,1670,159,ok,,256,16.0,0.05,99a3d0ac4c28158d8e05978a7594cbaf4ed14932cd8db9c8ee7f69dfa242d983,cbeab787aa9a61895fa41bd4c0d4b44d2dda5c061b1948af26e99f5c5500fd38,False,False,False,3913dba608c06a723b7b0d14235fd81f6b2ec59d67cc314fb3eb6d4da75b5f9d,True
ISIC_0013863,locked100,G0,0.0,0.0,0.0,0.0,0.0,0.0,,,,0,228,,0,0,0.0,0,0,0,0,0,,,0,,0,0,0,1,0,1,8,,0,0,0,empty_prediction_no_contour,,256,16.0,0.05,empty_prediction_no_candidates,cbeab787aa9a61895fa41bd4c0d4b44d2dda5c061b1948af26e99f5c5500fd38,False,False,False,3913dba608c06a723b7b0d14235fd81f6b2ec59d67cc314fb3eb6d4da75b5f9d,True
ISIC_0013863,locked100,G1,0.0,0.0,0.0,0.0,0.0,0.0,,,,0,228,,0,0,0.0,0,0,0,0,0,,,0,,0,0,0,1,0,1,8,,0,0,0,empty_prediction_no_contour,,256,16.0,0.05,empty_prediction_no_candidates,cbeab787aa9a61895fa41bd4c0d4b44d2dda5c061b1948af26e99f5c5500fd38,False,False,False,3913dba608c06a723b7b0d14235fd81f6b2ec59d67cc314fb3eb6d4da75b5f9d,True
ISIC_0013863,locked100,G2,0.0,0.0,0.0,0.0,0.0,0.0,,,,0,228,,0,0,0.0,0,0,0,0,0,,,0,,0,0,0,1,0,1,8,,0,0,0,empty_prediction_no_contour,,256,16.0,0.05,empty_prediction_no_candidates,cbeab787aa9a61895fa41bd4c0d4b44d2dda5c061b1948af26e99f5c5500fd38,False,False,False,3913dba608c06a723b7b0d14235fd81f6b2ec59d67cc314fb3eb6d4da75b5f9d,True
ISIC_0013863,locked100,G3,0.0,0.0,0.0,0.0,0.0,0.0,,,,0,228,,0,0,0.0,0,0,0,0,0,,,0,,0,0,0,1,0,1,8,,0,0,0,empty_prediction_no_contour,,256,16.0,0.05,empty_prediction_no_candidates,cbeab787aa9a61895fa41bd4c0d4b44d2dda5c061b1948af26e99f5c5500fd38,False,False,False,3913dba608c06a723b7b0d14235fd81f6b2ec59d67cc314fb3eb6d4da75b5f9d,True
ISIC_0013863,locked100,G4,0.0,0.0,0.0,0.0,0.0,0.0,,,,0,228,,0,0,0.0,0,0,0,0,0,,,0,,0,0,0,1,0,1,8,,0,0,0,empty_prediction_no_contour,,256,16.0,0.05,empty_prediction_no_candidates,cbeab787aa9a61895fa41bd4c0d4b44d2dda5c061b1948af26e99f5c5500fd38,False,False,False,3913dba608c06a723b7b0d14235fd81f6b2ec59d67cc314fb3eb6d4da75b5f9d,True
ISIC_0013898,locked100,G0,0.9363161819537659,0.8802579921480651,0.6767098281897235,0.693950177935943,0.6603053435114504,1.0,244.91168824543144,244.91168824543144,subpixel_gt_segment_arc_length,532,532,0.5,256,256,1.0,0,0,0,0,190,0.7421875,0.7421875,8,0.042105263157894736,1,0,1,1,0,1,8,contourpy binary 0.5 isocontours; saddle loops may differ from 8-connected pixel components,0,2243,179,ok,,256,16.0,0.05,58ae9cc13533cf4d8e36160ac8cec99e0834faa4df2ecab35312896f108d4900,cbeab787aa9a61895fa41bd4c0d4b44d2dda5c061b1948af26e99f5c5500fd38,False,False,False,3913dba608c06a723b7b0d14235fd81f6b2ec59d67cc314fb3eb6d4da75b5f9d,True
ISIC_0013898,locked100,G1,0.9363161819537659,0.8802579921480651,0.6767098281897235,0.693950177935943,0.6603053435114504,1.0,244.91168824543144,244.91168824543144,subpixel_gt_segment_arc_length,532,532,0.5,256,256,1.0,0,0,0,0,190,0.7421875,0.7421875,8,0.042105263157894736,1,0,1,1,0,1,8,contourpy binary 0.5 isocontours; saddle loops may differ from 8-connected pixel components,0,2243,179,ok,,256,16.0,0.05,58ae9cc13533cf4d8e36160ac8cec99e0834faa4df2ecab35312896f108d4900,cbeab787aa9a61895fa41bd4c0d4b44d2dda5c061b1948af26e99f5c5500fd38,False,False,False,3913dba608c06a723b7b0d14235fd81f6b2ec59d67cc314fb3eb6d4da75b5f9d,True
ISIC_0013898,locked100,G2,0.9518145776151266,0.9080593540878673,0.8415513985506077,0.8434163701067615,0.8396946564885496,1.0,244.91168824543144,244.91168824543144,subpixel_gt_segment_arc_length,532,532,0.5,256,256,1.0,0,0,0,0,190,0.7421875,0.7421875,8,0.042105263157894736,1,0,1,1,0,1,8,contourpy binary 0.5 isocontours; saddle loops may differ from 8-connected pixel components,0,2243,179,ok,,256,16.0,0.05,58ae9cc13533cf4d8e36160ac8cec99e0834faa4df2ecab35312896f108d4900,cbeab787aa9a61895fa41bd4c0d4b44d2dda5c061b1948af26e99f5c5500fd38,False,False,False,3913dba608c06a723b7b0d14235fd81f6b2ec59d67cc314fb3eb6d4da75b5f9d,True
ISIC_0013898,locked100,G3,0.946031746031746,0.8975903614457831,0.7761057751400326,0.7892857142857143,0.7633587786259542,1.0,244.91168824543144,244.91168824543144,subpixel_gt_segment_arc_length,532,532,0.5,256,256,1.0,0,0,0,0,190,0.7421875,0.7421875,8,0.042105263157894736,1,0,1,1,0,1,8,contourpy binary 0.5 isocontours; saddle loops may differ from 8-connected pixel components,0,2243,179,ok,,256,16.0,0.05,58ae9cc13533cf4d8e36160ac8cec99e0834faa4df2ecab35312896f108d4900,cbeab787aa9a61895fa41bd4c0d4b44d2dda5c061b1948af26e99f5c5500fd38,False,False,False,3913dba608c06a723b7b0d14235fd81f6b2ec59d67cc314fb3eb6d4da75b5f9d,True
ISIC_0013898,locked100,G4,0.9570383912248629,0.9176161262050833,0.8412729276038629,0.8428571428571429,0.8396946564885496,1.0,244.91168824543144,244.91168824543144,subpixel_gt_segment_arc_length,532,532,0.5,256,256,1.0,0,0,0,0,190,0.7421875,0.7421875,8,0.042105263157894736,1,0,1,1,0,1,8,contourpy binary 0.5 isocontours; saddle loops may differ from 8-connected pixel components,0,2243,179,ok,,256,16.0,0.05,58ae9cc13533cf4d8e36160ac8cec99e0834faa4df2ecab35312896f108d4900,cbeab787aa9a61895fa41bd4c0d4b44d2dda5c061b1948af26e99f5c5500fd38,False,False,False,3913dba608c06a723b7b0d14235fd81f6b2ec59d67cc314fb3eb6d4da75b5f9d,True
ISIC_0014038,locked100,G0,0.8147392058793508,0.6873923527385464,0.112751677852349,0.14482758620689656,0.09230769230769231,0.8854139476957827,316.6959594928934,357.6812408671319,subpixel_gt_segment_arc_length,699,788,0.5,256,234,0.9140625,16,6,0,0,21,0.08974358974358974,0.08203125,15,0.7142857142857143,1,0,1,1,0,1,8,contourpy binary 0.5 isocontours; saddle loops may differ from 8-connected pixel components,0,1663,173,ok,,256,16.0,0.05,aa9a00d756161f9026d66d4aa5e923be30e0f2f370153b4591f6f699f0afb646,cbeab787aa9a61895fa41bd4c0d4b44d2dda5c061b1948af26e99f5c5500fd38,False,False,False,3913dba608c06a723b7b0d14235fd81f6b2ec59d67cc314fb3eb6d4da75b5f9d,True
ISIC_0014038,locked100,G1,0.8147392058793508,0.6873923527385464,0.112751677852349,0.14482758620689656,0.09230769230769231,0.8854139476957827,316.6959594928934,357.6812408671319,subpixel_gt_segment_arc_length,699,788,0.5,256,234,0.9140625,16,6,0,0,21,0.08974358974358974,0.08203125,15,0.7142857142857143,1,0,1,1,0,1,8,contourpy binary 0.5 isocontours; saddle loops may differ from 8-connected pixel components,0,1663,173,ok,,256,16.0,0.05,aa9a00d756161f9026d66d4aa5e923be30e0f2f370153b4591f6f699f0afb646,cbeab787aa9a61895fa41bd4c0d4b44d2dda5c061b1948af26e99f5c5500fd38,False,False,False,3913dba608c06a723b7b0d14235fd81f6b2ec59d67cc314fb3eb6d4da75b5f9d,True
ISIC_0014038,locked100,G2,0.8317907444668008,0.7120220461591457,0.07368421052631578,0.09180327868852459,0.06153846153846154,0.8854139476957827,316.6959594928934,357.6812408671319,subpixel_gt_segment_arc_length,699,788,0.5,256,234,0.9140625,16,6,0,0,21,0.08974358974358974,0.08203125,15,0.7142857142857143,1,0,1,1,0,1,8,contourpy binary 0.5 isocontours; saddle loops may differ from 8-connected pixel components,0,1663,173,ok,,256,16.0,0.05,aa9a00d756161f9026d66d4aa5e923be30e0f2f370153b4591f6f699f0afb646,cbeab787aa9a61895fa41bd4c0d4b44d2dda5c061b1948af26e99f5c5500fd38,False,False,False,3913dba608c06a723b7b0d14235fd81f6b2ec59d67cc314fb3eb6d4da75b5f9d,True
ISIC_0014038,locked100,G3,0.8254096702407445,0.7027213227695488,0.0687960687960688,0.09523809523809523,0.05384615384615385,0.8854139476957827,316.6959594928934,357.6812408671319,subpixel_gt_segment_arc_length,699,788,0.5,256,234,0.9140625,16,6,0,0,21,0.08974358974358974,0.08203125,15,0.7142857142857143,1,0,1,1,0,1,8,contourpy binary 0.5 isocontours; saddle loops may differ from 8-connected pixel components,0,1663,173,ok,,256,16.0,0.05,aa9a00d756161f9026d66d4aa5e923be30e0f2f370153b4591f6f699f0afb646,cbeab787aa9a61895fa41bd4c0d4b44d2dda5c061b1948af26e99f5c5500fd38,False,False,False,3913dba608c06a723b7b0d14235fd81f6b2ec59d67cc314fb3eb6d4da75b5f9d,True
ISIC_0014038,locked100,G4,0.8532362777887075,0.7440384285469206,0.1911471175296466,0.2195845697329377,0.16923076923076924,0.8854139476957827,316.6959594928934,357.6812408671319,subpixel_gt_segment_arc_length,699,788,0.5,256,234,0.9140625,16,6,0,0,21,0.08974358974358974,0.08203125,15,0.7142857142857143,1,0,1,1,0,1,8,contourpy binary 0.5 isocontours; saddle loops may differ from 8-connected pixel components,0,1663,173,ok,,256,16.0,0.05,aa9a00d756161f9026d66d4aa5e923be30e0f2f370153b4591f6f699f0afb646,cbeab787aa9a61895fa41bd4c0d4b44d2dda5c061b1948af26e99f5c5500fd38,False,False,False,3913dba608c06a723b7b0d14235fd81f6b2ec59d67cc314fb3eb6d4da75b5f9d,True
ISIC_0014139,locked100,G0,0.9126169290440338,0.839278220730172,0.5098477681259138,0.5165562913907285,0.5033112582781457,1.0,281.9827560572969,281.9827560572969,subpixel_gt_segment_arc_length,612,612,0.5,256,250,0.9765625,5,1,0,0,163,0.652,0.63671875,44,0.26993865030674846,1,0,1,1,0,1,8,contourpy binary 0.5 isocontours; saddle loops may differ from 8-connected pixel components,0,1520,158,ok,,256,16.0,0.05,0c1a3a1cd5545ace43ae25221a4cf4250221b928cdc54e593e4184191af8a62c,cbeab787aa9a61895fa41bd4c0d4b44d2dda5c061b1948af26e99f5c5500fd38,False,False,False,3913dba608c06a723b7b0d14235fd81f6b2ec59d67cc314fb3eb6d4da75b5f9d,True
ISIC_0014139,locked100,G1,0.9126169290440338,0.839278220730172,0.5098477681259138,0.5165562913907285,0.5033112582781457,1.0,281.9827560572969,281.9827560572969,subpixel_gt_segment_arc_length,612,612,0.5,256,250,0.9765625,5,1,0,0,163,0.652,0.63671875,44,0.26993865030674846,1,0,1,1,0,1,8,contourpy binary 0.5 isocontours; saddle loops may differ from 8-connected pixel components,0,1520,158,ok,,256,16.0,0.05,0c1a3a1cd5545ace43ae25221a4cf4250221b928cdc54e593e4184191af8a62c,cbeab787aa9a61895fa41bd4c0d4b44d2dda5c061b1948af26e99f5c5500fd38,False,False,False,3913dba608c06a723b7b0d14235fd81f6b2ec59d67cc314fb3eb6d4da75b5f9d,True
ISIC_0014139,locked100,G2,0.923944986481721,0.8586410312431724,0.6136210384356034,0.625,0.6026490066225165,1.0,281.9827560572969,281.9827560572969,subpixel_gt_segment_arc_length,612,612,0.5,256,250,0.9765625,5,1,0,0,163,0.652,0.63671875,44,0.26993865030674846,1,0,1,1,0,1,8,contourpy binary 0.5 isocontours; saddle loops may differ from 8-connected pixel components,0,1520,158,ok,,256,16.0,0.05,0c1a3a1cd5545ace43ae25221a4cf4250221b928cdc54e593e4184191af8a62c,cbeab787aa9a61895fa41bd4c0d4b44d2dda5c061b1948af26e99f5c5500fd38,False,False,False,3913dba608c06a723b7b0d14235fd81f6b2ec59d67cc314fb3eb6d4da75b5f9d,True
ISIC_0014139,locked100,G3,0.9098810612991766,0.8346621905161561,0.4947617887439368,0.5066225165562914,0.48344370860927155,1.0,281.9827560572969,281.9827560572969,subpixel_gt_segment_arc_length,612,612,0.5,256,250,0.9765625,5,1,0,0,163,0.652,0.63671875,44,0.26993865030674846,1,0,1,1,0,1,8,contourpy binary 0.5 isocontours; saddle loops may differ from 8-connected pixel components,0,1520,158,ok,,256,16.0,0.05,0c1a3a1cd5545ace43ae25221a4cf4250221b928cdc54e593e4184191af8a62c,cbeab787aa9a61895fa41bd4c0d4b44d2dda5c061b1948af26e99f5c5500fd38,False,False,False,3913dba608c06a723b7b0d14235fd81f6b2ec59d67cc314fb3eb6d4da75b5f9d,True
ISIC_0014139,locked100,G4,0.9509055701104909,0.9064060803474484,0.7608665796882511,0.7063492063492064,0.8245033112582781,1.0,281.9827560572969,281.9827560572969,subpixel_gt_segment_arc_length,612,612,0.5,256,250,0.9765625,5,1,0,0,163,0.652,0.63671875,44,0.26993865030674846,1,0,1,1,0,1,8,contourpy binary 0.5 isocontours; saddle loops may differ from 8-connected pixel components,0,1520,158,ok,,256,16.0,0.05,0c1a3a1cd5545ace43ae25221a4cf4250221b928cdc54e593e4184191af8a62c,cbeab787aa9a61895fa41bd4c0d4b44d2dda5c061b1948af26e99f5c5500fd38,False,False,False,3913dba608c06a723b7b0d14235fd81f6b2ec59d67cc314fb3eb6d4da75b5f9d,True
ISIC_0014162,locked100,G0,0.8543091655266758,0.7456716417910447,0.45722646724109905,0.5144508670520231,0.4114583333333333,1.0,178.42640687119285,178.42640687119285,subpixel_gt_segment_arc_length,392,392,0.5,256,251,0.98046875,0,5,0,0,122,0.4860557768924303,0.4765625,96,0.7868852459016393,1,0,1,1,0,1,8,contourpy binary 0.5 isocontours; saddle loops may differ from 8-connected pixel components,0,5922,171,ok,,256,16.0,0.05,2875b1f42fed082786a7f7f455572298e45726e5a4544bfc6c2c8663b50cd4f3,cbeab787aa9a61895fa41bd4c0d4b44d2dda5c061b1948af26e99f5c5500fd38,False,False,False,3913dba608c06a723b7b0d14235fd81f6b2ec59d67cc314fb3eb6d4da75b5f9d,True
ISIC_0014162,locked100,G1,0.8543091655266758,0.7456716417910447,0.45722646724109905,0.5144508670520231,0.4114583333333333,1.0,178.42640687119285,178.42640687119285,subpixel_gt_segment_arc_length,392,392,0.5,256,251,0.98046875,0,5,0,0,122,0.4860557768924303,0.4765625,96,0.7868852459016393,1,0,1,1,0,1,8,contourpy binary 0.5 isocontours; saddle loops may differ from 8-connected pixel components,0,5922,171,ok,,256,16.0,0.05,2875b1f42fed082786a7f7f455572298e45726e5a4544bfc6c2c8663b50cd4f3,cbeab787aa9a61895fa41bd4c0d4b44d2dda5c061b1948af26e99f5c5500fd38,False,False,False,3913dba608c06a723b7b0d14235fd81f6b2ec59d67cc314fb3eb6d4da75b5f9d,True
ISIC_0014162,locked100,G2,0.6853801169590643,0.5213523131672598,0.256170490377297,0.2122905027932961,0.3229166666666667,1.0,178.42640687119285,178.42640687119285,subpixel_gt_segment_arc_length,392,392,0.5,256,251,0.98046875,0,5,0,0,122,0.4860557768924303,0.4765625,96,0.7868852459016393,1,0,1,1,0,1,8,contourpy binary 0.5 isocontours; saddle loops may differ from 8-connected pixel components,0,5922,171,ok,,256,16.0,0.05,2875b1f42fed082786a7f7f455572298e45726e5a4544bfc6c2c8663b50cd4f3,cbeab787aa9a61895fa41bd4c0d4b44d2dda5c061b1948af26e99f5c5500fd38,False,False,False,3913dba608c06a723b7b0d14235fd81f6b2ec59d67cc314fb3eb6d4da75b5f9d,True
ISIC_0014162,locked100,G3,0.717948717948718,0.56,0.3234943351222421,0.32407407407407407,0.3229166666666667,1.0,178.42640687119285,178.42640687119285,subpixel_gt_segment_arc_length,392,392,0.5,256,251,0.98046875,0,5,0,0,122,0.4860557768924303,0.4765625,96,0.7868852459016393,1,0,1,1,0,1,8,contourpy binary 0.5 isocontours; saddle loops may differ from 8-connected pixel components,0,5922,171,ok,,256,16.0,0.05,2875b1f42fed082786a7f7f455572298e45726e5a4544bfc6c2c8663b50cd4f3,cbeab787aa9a61895fa41bd4c0d4b44d2dda5c061b1948af26e99f5c5500fd38,False,False,False,3913dba608c06a723b7b0d14235fd81f6b2ec59d67cc314fb3eb6d4da75b5f9d,True
ISIC_0014162,locked100,G4,0.896551724137931,0.8125,0.7132691245935832,0.652542372881356,0.7864583333333334,1.0,178.42640687119285,178.42640687119285,subpixel_gt_segment_arc_length,392,392,0.5,256,251,0.98046875,0,5,0,0,122,0.4860557768924303,0.4765625,96,0.7868852459016393,1,0,1,1,0,1,8,contourpy binary 0.5 isocontours; saddle loops may differ from 8-connected pixel components,0,5922,171,ok,,256,16.0,0.05,2875b1f42fed082786a7f7f455572298e45726e5a4544bfc6c2c8663b50cd4f3,cbeab787aa9a61895fa41bd4c0d4b44d2dda5c061b1948af26e99f5c5500fd38,False,False,False,3913dba608c06a723b7b0d14235fd81f6b2ec59d67cc314fb3eb6d4da75b5f9d,True
ISIC_0014211,locked100,G0,0.9775990013177058,0.9561796228462895,0.9399760456974388,0.9577114427860697,0.9228855721393034,1.0,370.2670273047588,370.2670273047588,subpixel_gt_segment_arc_length,812,812,0.5,256,256,1.0,0,0,0,0,225,0.87890625,0.87890625,27,0.12,1,0,1,1,0,1,8,contourpy binary 0.5 isocontours; saddle loops may differ from 8-connected pixel components,0,971,150,ok,,256,16.0,0.05,db26abc4cbcf1f831760eaf2ea48a7c6e3d15a165854d5e9c6ab346627097aef,cbeab787aa9a61895fa41bd4c0d4b44d2dda5c061b1948af26e99f5c5500fd38,False,False,False,3913dba608c06a723b7b0d14235fd81f6b2ec59d67cc314fb3eb6d4da75b5f9d,True
ISIC_0014211,locked100,G1,0.9775990013177058,0.9561796228462895,0.9399760456974388,0.9577114427860697,0.9228855721393034,1.0,370.2670273047588,370.2670273047588,subpixel_gt_segment_arc_length,812,812,0.5,256,256,1.0,0,0,0,0,225,0.87890625,0.87890625,27,0.12,1,0,1,1,0,1,8,contourpy binary 0.5 isocontours; saddle loops may differ from 8-connected pixel components,0,971,150,ok,,256,16.0,0.05,db26abc4cbcf1f831760eaf2ea48a7c6e3d15a165854d5e9c6ab346627097aef,cbeab787aa9a61895fa41bd4c0d4b44d2dda5c061b1948af26e99f5c5500fd38,False,False,False,3913dba608c06a723b7b0d14235fd81f6b2ec59d67cc314fb3eb6d4da75b5f9d,True
ISIC_0014211,locked100,G2,0.9695734663762209,0.9409438079650846,0.8961589017087777,0.9122807017543859,0.8805970149253731,1.0,370.2670273047588,370.2670273047588,subpixel_gt_segment_arc_length,812,812,0.5,256,256,1.0,0,0,0,0,225,0.87890625,0.87890625,27,0.12,1,0,1,1,0,1,8,contourpy binary 0.5 isocontours; saddle loops may differ from 8-connected pixel components,0,971,150,ok,,256,16.0,0.05,db26abc4cbcf1f831760eaf2ea48a7c6e3d15a165854d5e9c6ab346627097aef,cbeab787aa9a61895fa41bd4c0d4b44d2dda5c061b1948af26e99f5c5500fd38,False,False,False,3913dba608c06a723b7b0d14235fd81f6b2ec59d67cc314fb3eb6d4da75b5f9d,True
ISIC_0014211,locked100,G3,0.9744695652173913,0.9502102835436169,0.9398741922041499,0.9575,0.9228855721393034,1.0,370.2670273047588,370.2670273047588,subpixel_gt_segment_arc_length,812,812,0.5,256,256,1.0,0,0,0,0,225,0.87890625,0.87890625,27,0.12,1,0,1,1,0,1,8,contourpy binary 0.5 isocontours; saddle loops may differ from 8-connected pixel components,0,971,150,ok,,256,16.0,0.05,db26abc4cbcf1f831760eaf2ea48a7c6e3d15a165854d5e9c6ab346627097aef,cbeab787aa9a61895fa41bd4c0d4b44d2dda5c061b1948af26e99f5c5500fd38,False,False,False,3913dba608c06a723b7b0d14235fd81f6b2ec59d67cc314fb3eb6d4da75b5f9d,True
ISIC_0014211,locked100,G4,0.981626568675033,0.9639161220043573,0.9515035722886731,0.9656019656019657,0.9378109452736318,1.0,370.2670273047588,370.2670273047588,subpixel_gt_segment_arc_length,812,812,0.5,256,256,1.0,0,0,0,0,225,0.87890625,0.87890625,27,0.12,1,0,1,1,0,1,8,contourpy binary 0.5 isocontours; saddle loops may differ from 8-connected pixel components,0,971,150,ok,,256,16.0,0.05,db26abc4cbcf1f831760eaf2ea48a7c6e3d15a165854d5e9c6ab346627097aef,cbeab787aa9a61895fa41bd4c0d4b44d2dda5c061b1948af26e99f5c5500fd38,False,False,False,3913dba608c06a723b7b0d14235fd81f6b2ec59d67cc314fb3eb6d4da75b5f9d,True
ISIC_0014212,locked100,G0,0.94406345297579,0.8940532038940261,0.3445741635612793,0.30675909878682844,0.3930232558139535,0.9431498808650889,765.1579002700189,811.2792206135787,subpixel_gt_segment_arc_length,1634,1728,0.5,256,223,0.87109375,32,1,0,85,155,0.695067264573991,0.60546875,65,0.41935483870967744,6,7,13,1,0,1,8,contourpy binary 0.5 isocontours; saddle loops may differ from 8-connected pixel components,0,510,122,ok,,256,16.0,0.05,0a136d1c3224918e987bcd9d50e65aaf840afa4b9bb4005fa7cececf0f0ea057,cbeab787aa9a61895fa41bd4c0d4b44d2dda5c061b1948af26e99f5c5500fd38,False,False,False,3913dba608c06a723b7b0d14235fd81f6b2ec59d67cc314fb3eb6d4da75b5f9d,True
ISIC_0014212,locked100,G1,0.9442503722368571,0.8943885438420439,0.3532453037434229,0.32155797101449274,0.3918604651162791,0.9431498808650889,765.1579002700189,811.2792206135787,subpixel_gt_segment_arc_length,1634,1728,0.5,256,223,0.87109375,32,1,0,85,155,0.695067264573991,0.60546875,65,0.41935483870967744,6,7,13,1,0,1,8,contourpy binary 0.5 isocontours; saddle loops may differ from 8-connected pixel components,0,510,122,ok,,256,16.0,0.05,0a136d1c3224918e987bcd9d50e65aaf840afa4b9bb4005fa7cececf0f0ea057,cbeab787aa9a61895fa41bd4c0d4b44d2dda5c061b1948af26e99f5c5500fd38,False,False,False,3913dba608c06a723b7b0d14235fd81f6b2ec59d67cc314fb3eb6d4da75b5f9d,True
ISIC_0014212,locked100,G2,0.9461029190490521,0.8977185117500928,0.40228377861552755,0.3557692307692308,0.4627906976744186,0.9431498808650889,765.1579002700189,811.2792206135787,subpixel_gt_segment_arc_length,1634,1728,0.5,256,223,0.87109375,32,1,0,85,155,0.695067264573991,0.60546875,65,0.41935483870967744,6,7,13,1,0,1,8,contourpy binary 0.5 isocontours; saddle loops may differ from 8-connected pixel components,0,510,122,ok,,256,16.0,0.05,0a136d1c3224918e987bcd9d50e65aaf840afa4b9bb4005fa7cececf0f0ea057,cbeab787aa9a61895fa41bd4c0d4b44d2dda5c061b1948af26e99f5c5500fd38,False,False,False,3913dba608c06a723b7b0d14235fd81f6b2ec59d67cc314fb3eb6d4da75b5f9d,True
ISIC_0014212,locked100,G3,0.9408887546214377,0.8883757572464752,0.3225567917180845,0.29110512129380056,0.3616279069767442,0.9431498808650889,765.1579002700189,811.2792206135787,subpixel_gt_segment_arc_length,1634,1728,0.5,256,223,0.87109375,32,1,0,85,155,0.695067264573991,0.60546875,65,0.41935483870967744,6,7,13,1,0,1,8,contourpy binary 0.5 isocontours; saddle loops may differ from 8-connected pixel components,0,510,122,ok,,256,16.0,0.05,0a136d1c3224918e987bcd9d50e65aaf840afa4b9bb4005fa7cececf0f0ea057,cbeab787aa9a61895fa41bd4c0d4b44d2dda5c061b1948af26e99f5c5500fd38,False,False,False,3913dba608c06a723b7b0d14235fd81f6b2ec59d67cc314fb3eb6d4da75b5f9d,True
ISIC_0014212,locked100,G4,0.9728560073012041,0.9471466651380092,0.737087583312796,0.6791630340017437,0.8058139534883721,0.9431498808650889,765.1579002700189,811.2792206135787,subpixel_gt_segment_arc_length,1634,1728,0.5,256,223,0.87109375,32,1,0,85,155,0.695067264573991,0.60546875,65,0.41935483870967744,6,7,13,1,0,1,8,contourpy binary 0.5 isocontours; saddle loops may differ from 8-connected pixel components,0,510,122,ok,,256,16.0,0.05,0a136d1c3224918e987bcd9d50e65aaf840afa4b9bb4005fa7cececf0f0ea057,cbeab787aa9a61895fa41bd4c0d4b44d2dda5c061b1948af26e99f5c5500fd38,False,False,False,3913dba608c06a723b7b0d14235fd81f6b2ec59d67cc314fb3eb6d4da75b5f9d,True
ISIC_0014217,locked100,G0,0.9558858221278603,0.9154993221870764,0.5872526050121402,0.5563524590163934,0.6217870257037944,1.0,752.8772003600252,752.8772003600252,subpixel_gt_segment_arc_length,1644,1644,0.5,256,222,0.8671875,24,10,0,14,151,0.6801801801801802,0.58984375,71,0.47019867549668876,4,0,5,1,0,1,8,contourpy binary 0.5 isocontours; saddle loops may differ from 8-connected pixel components,0,939,145,ok,,256,16.0,0.05,95f54c093b2374e46311dc6b285125dbdcc6b31fcc95972e00e51d456fce2306,cbeab787aa9a61895fa41bd4c0d4b44d2dda5c061b1948af26e99f5c5500fd38,False,False,False,3913dba608c06a723b7b0d14235fd81f6b2ec59d67cc314fb3eb6d4da75b5f9d,True
ISIC_0014217,locked100,G1,0.9561934182863517,0.9160637948043406,0.6085932107059098,0.5937161430119177,0.6242350061199511,1.0,752.8772003600252,752.8772003600252,subpixel_gt_segment_arc_length,1644,1644,0.5,256,222,0.8671875,24,10,0,14,151,0.6801801801801802,0.58984375,71,0.47019867549668876,4,0,5,1,0,1,8,contourpy binary 0.5 isocontours; saddle loops may differ from 8-connected pixel components,0,939,145,ok,,256,16.0,0.05,95f54c093b2374e46311dc6b285125dbdcc6b31fcc95972e00e51d456fce2306,cbeab787aa9a61895fa41bd4c0d4b44d2dda5c061b1948af26e99f5c5500fd38,False,False,False,3913dba608c06a723b7b0d14235fd81f6b2ec59d67cc314fb3eb6d4da75b5f9d,True
ISIC_0014217,locked100,G2,0.936640360766629,0.8808312128922816,0.4260959118792818,0.40625,0.4479804161566707,1.0,752.8772003600252,752.8772003600252,subpixel_gt_segment_arc_length,1644,1644,0.5,256,222,0.8671875,24,10,0,14,151,0.6801801801801802,0.58984375,71,0.47019867549668876,4,0,5,1,0,1,8,contourpy binary 0.5 isocontours; saddle loops may differ from 8-connected pixel components,0,939,145,ok,,256,16.0,0.05,95f54c093b2374e46311dc6b285125dbdcc6b31fcc95972e00e51d456fce2306,cbeab787aa9a61895fa41bd4c0d4b44d2dda5c061b1948af26e99f5c5500fd38,False,False,False,3913dba608c06a723b7b0d14235fd81f6b2ec59d67cc314fb3eb6d4da75b5f9d,True
ISIC_0014217,locked100,G3,0.9561934182863517,0.9160637948043406,0.6085932107059098,0.5937161430119177,0.6242350061199511,1.0,752.8772003600252,752.8772003600252,subpixel_gt_segment_arc_length,1644,1644,0.5,256,222,0.8671875,24,10,0,14,151,0.6801801801801802,0.58984375,71,0.47019867549668876,4,0,5,1,0,1,8,contourpy binary 0.5 isocontours; saddle loops may differ from 8-connected pixel components,0,939,145,ok,,256,16.0,0.05,95f54c093b2374e46311dc6b285125dbdcc6b31fcc95972e00e51d456fce2306,cbeab787aa9a61895fa41bd4c0d4b44d2dda5c061b1948af26e99f5c5500fd38,False,False,False,3913dba608c06a723b7b0d14235fd81f6b2ec59d67cc314fb3eb6d4da75b5f9d,True
ISIC_0014217,locked100,G4,0.9735046598222165,0.9483770863037826,0.7584212794697307,0.7166324435318275,0.8053855569155447,1.0,752.8772003600252,752.8772003600252,subpixel_gt_segment_arc_length,1644,1644,0.5,256,222,0.8671875,24,10,0,14,151,0.6801801801801802,0.58984375,71,0.47019867549668876,4,0,5,1,0,1,8,contourpy binary 0.5 isocontours; saddle loops may differ from 8-connected pixel components,0,939,145,ok,,256,16.0,0.05,95f54c093b2374e46311dc6b285125dbdcc6b31fcc95972e00e51d456fce2306,cbeab787aa9a61895fa41bd4c0d4b44d2dda5c061b1948af26e99f5c5500fd38,False,False,False,3913dba608c06a723b7b0d14235fd81f6b2ec59d67cc314fb3eb6d4da75b5f9d,True
ISIC_0014302,locked100,G0,0.9504310344827587,0.9055441478439425,0.883091100708316,0.8896103896103896,0.8766666666666667,1.0,277.0538238691624,277.0538238691624,subpixel_gt_segment_arc_length,608,608,0.5,256,255,0.99609375,0,1,0,0,238,0.9333333333333333,0.9296875,39,0.1638655462184874,1,0,1,1,0,1,8,contourpy binary 0.5 isocontours; saddle loops may differ from 8-connected pixel components,0,2357,163,ok,,256,16.0,0.05,6f39cde018baa4834b7dedd6873082c450ce551a1eb465893f0c6c17777436d6,cbeab787aa9a61895fa41bd4c0d4b44d2dda5c061b1948af26e99f5c5500fd38,False,False,False,3913dba608c06a723b7b0d14235fd81f6b2ec59d67cc314fb3eb6d4da75b5f9d,True
ISIC_0014302,locked100,G1,0.9504310344827587,0.9055441478439425,0.883091100708316,0.8896103896103896,0.8766666666666667,1.0,277.0538238691624,277.0538238691624,subpixel_gt_segment_arc_length,608,608,0.5,256,255,0.99609375,0,1,0,0,238,0.9333333333333333,0.9296875,39,0.1638655462184874,1,0,1,1,0,1,8,contourpy binary 0.5 isocontours; saddle loops may differ from 8-connected pixel components,0,2357,163,ok,,256,16.0,0.05,6f39cde018baa4834b7dedd6873082c450ce551a1eb465893f0c6c17777436d6,cbeab787aa9a61895fa41bd4c0d4b44d2dda5c061b1948af26e99f5c5500fd38,False,False,False,3913dba608c06a723b7b0d14235fd81f6b2ec59d67cc314fb3eb6d4da75b5f9d,True
ISIC_0014302,locked100,G2,0.9523193793437854,0.9089787102746066,0.9223586040914561,0.9533333333333334,0.8933333333333333,1.0,277.0538238691624,277.0538238691624,subpixel_gt_segment_arc_length,608,608,0.5,256,255,0.99609375,0,1,0,0,238,0.9333333333333333,0.9296875,39,0.1638655462184874,1,0,1,1,0,1,8,contourpy binary 0.5 isocontours; saddle loops may differ from 8-connected pixel components,0,2357,163,ok,,256,16.0,0.05,6f39cde018baa4834b7dedd6873082c450ce551a1eb465893f0c6c17777436d6,cbeab787aa9a61895fa41bd4c0d4b44d2dda5c061b1948af26e99f5c5500fd38,False,False,False,3913dba608c06a723b7b0d14235fd81f6b2ec59d67cc314fb3eb6d4da75b5f9d,True
ISIC_0014302,locked100,G3,0.9537171423963877,0.9115289765721332,0.9323807461932597,0.9595959595959596,0.9066666666666666,1.0,277.0538238691624,277.0538238691624,subpixel_gt_segment_arc_length,608,608,0.5,256,255,0.99609375,0,1,0,0,238,0.9333333333333333,0.9296875,39,0.1638655462184874,1,0,1,1,0,1,8,contourpy binary 0.5 isocontours; saddle loops may differ from 8-connected pixel components,0,2357,163,ok,,256,16.0,0.05,6f39cde018baa4834b7dedd6873082c450ce551a1eb465893f0c6c17777436d6,cbeab787aa9a61895fa41bd4c0d4b44d2dda5c061b1948af26e99f5c5500fd38,False,False,False,3913dba608c06a723b7b0d14235fd81f6b2ec59d67cc314fb3eb6d4da75b5f9d,True
ISIC_0014302,locked100,G4,0.9706809583858764,0.9430321592649311,0.9867682179048602,0.9936305732484076,0.98,1.0,277.0538238691624,277.0538238691624,subpixel_gt_segment_arc_length,608,608,0.5,256,255,0.99609375,0,1,0,0,238,0.9333333333333333,0.9296875,39,0.1638655462184874,1,0,1,1,0,1,8,contourpy binary 0.5 isocontours; saddle loops may differ from 8-connected pixel components,0,2357,163,ok,,256,16.0,0.05,6f39cde018baa4834b7dedd6873082c450ce551a1eb465893f0c6c17777436d6,cbeab787aa9a61895fa41bd4c0d4b44d2dda5c061b1948af26e99f5c5500fd38,False,False,False,3913dba608c06a723b7b0d14235fd81f6b2ec59d67cc314fb3eb6d4da75b5f9d,True
ISIC_0014310,locked100,G0,0.9635310690248865,0.9296285110238599,0.9334466527196653,0.9453125,0.921875,1.0,239.49747468305836,239.49747468305836,subpixel_gt_segment_arc_length,520,520,0.5,256,256,1.0,0,0,0,0,238,0.9296875,0.9296875,9,0.037815126050420166,1,0,1,1,0,1,8,contourpy binary 0.5 isocontours; saddle loops may differ from 8-connected pixel components,0,1979,163,ok,,256,16.0,0.05,65049918d2d8f4b48f608e476b6cd41329a42f8324d2c9fc7919b212e9af60f5,cbeab787aa9a61895fa41bd4c0d4b44d2dda5c061b1948af26e99f5c5500fd38,False,False,False,3913dba608c06a723b7b0d14235fd81f6b2ec59d67cc314fb3eb6d4da75b5f9d,True
ISIC_0014310,locked100,G1,0.9635310690248865,0.9296285110238599,0.9334466527196653,0.9453125,0.921875,1.0,239.49747468305836,239.49747468305836,subpixel_gt_segment_arc_length,520,520,0.5,256,256,1.0,0,0,0,0,238,0.9296875,0.9296875,9,0.037815126050420166,1,0,1,1,0,1,8,contourpy binary 0.5 isocontours; saddle loops may differ from 8-connected pixel components,0,1979,163,ok,,256,16.0,0.05,65049918d2d8f4b48f608e476b6cd41329a42f8324d2c9fc7919b212e9af60f5,cbeab787aa9a61895fa41bd4c0d4b44d2dda5c061b1948af26e99f5c5500fd38,False,False,False,3913dba608c06a723b7b0d14235fd81f6b2ec59d67cc314fb3eb6d4da75b5f9d,True
ISIC_0014310,locked100,G2,0.9723172628304821,0.9461259079903148,0.9825623418865196,0.9886363636363636,0.9765625,1.0,239.49747468305836,239.49747468305836,subpixel_gt_segment_arc_length,520,520,0.5,256,256,1.0,0,0,0,0,238,0.9296875,0.9296875,9,0.037815126050420166,1,0,1,1,0,1,8,contourpy binary 0.5 isocontours; saddle loops may differ from 8-connected pixel components,0,1979,163,ok,,256,16.0,0.05,65049918d2d8f4b48f608e476b6cd41329a42f8324d2c9fc7919b212e9af60f5,cbeab787aa9a61895fa41bd4c0d4b44d2dda5c061b1948af26e99f5c5500fd38,False,False,False,3913dba608c06a723b7b0d14235fd81f6b2ec59d67cc314fb3eb6d4da75b5f9d,True
ISIC_0014310,locked100,G3,0.9635310690248865,0.9296285110238599,0.9334466527196653,0.9453125,0.921875,1.0,239.49747468305836,239.49747468305836,subpixel_gt_segment_arc_length,520,520,0.5,256,256,1.0,0,0,0,0,238,0.9296875,0.9296875,9,0.037815126050420166,1,0,1,1,0,1,8,contourpy binary 0.5 isocontours; saddle loops may differ from 8-connected pixel components,0,1979,163,ok,,256,16.0,0.05,65049918d2d8f4b48f608e476b6cd41329a42f8324d2c9fc7919b212e9af60f5,cbeab787aa9a61895fa41bd4c0d4b44d2dda5c061b1948af26e99f5c5500fd38,False,False,False,3913dba608c06a723b7b0d14235fd81f6b2ec59d67cc314fb3eb6d4da75b5f9d,True
ISIC_0014310,locked100,G4,0.9783252767815375,0.9575702075702076,0.9922623267319266,0.9923371647509579,0.9921875,1.0,239.49747468305836,239.49747468305836,subpixel_gt_segment_arc_length,520,520,0.5,256,256,1.0,0,0,0,0,238,0.9296875,0.9296875,9,0.037815126050420166,1,0,1,1,0,1,8,contourpy binary 0.5 isocontours; saddle loops may differ from 8-connected pixel components,0,1979,163,ok,,256,16.0,0.05,65049918d2d8f4b48f608e476b6cd41329a42f8324d2c9fc7919b212e9af60f5,cbeab787aa9a61895fa41bd4c0d4b44d2dda5c061b1948af26e99f5c5500fd38,False,False,False,3913dba608c06a723b7b0d14235fd81f6b2ec59d67cc314fb3eb6d4da75b5f9d,True
ISIC_0014382,locked100,G0,0.9536631592706359,0.9114303560274828,0.5889790752296814,0.5927601809954751,0.5852459016393443,0.9960553698901848,557.3147545195113,559.5218613006979,subpixel_gt_segment_arc_length,1223,1228,0.5,256,242,0.9453125,13,1,0,0,157,0.6487603305785123,0.61328125,41,0.2611464968152866,2,0,2,1,0,1,8,contourpy binary 0.5 isocontours; saddle loops may differ from 8-connected pixel components,0,879,161,ok,,256,16.0,0.05,9c1a0b830486647818d71e3d0525914a3938ff0189a7ef09b8f5d0e576a39c57,cbeab787aa9a61895fa41bd4c0d4b44d2dda5c061b1948af26e99f5c5500fd38,False,False,False,3913dba608c06a723b7b0d14235fd81f6b2ec59d67cc314fb3eb6d4da75b5f9d,True
ISIC_0014382,locked100,G1,0.9537848084716957,0.9116526085598251,0.5876354311720952,0.5951293759512938,0.580327868852459,0.9960553698901848,557.3147545195113,559.5218613006979,subpixel_gt_segment_arc_length,1223,1228,0.5,256,242,0.9453125,13,1,0,0,157,0.6487603305785123,0.61328125,41,0.2611464968152866,2,0,2,1,0,1,8,contourpy binary 0.5 isocontours; saddle loops may differ from 8-connected pixel components,0,879,161,ok,,256,16.0,0.05,9c1a0b830486647818d71e3d0525914a3938ff0189a7ef09b8f5d0e576a39c57,cbeab787aa9a61895fa41bd4c0d4b44d2dda5c061b1948af26e99f5c5500fd38,False,False,False,3913dba608c06a723b7b0d14235fd81f6b2ec59d67cc314fb3eb6d4da75b5f9d,True
ISIC_0014382,locked100,G2,0.9523935993625922,0.9091139561414628,0.6032004218553524,0.6014925373134329,0.6049180327868853,0.9960553698901848,557.3147545195113,559.5218613006979,subpixel_gt_segment_arc_length,1223,1228,0.5,256,242,0.9453125,13,1,0,0,157,0.6487603305785123,0.61328125,41,0.2611464968152866,2,0,2,1,0,1,8,contourpy binary 0.5 isocontours; saddle loops may differ from 8-connected pixel components,0,879,161,ok,,256,16.0,0.05,9c1a0b830486647818d71e3d0525914a3938ff0189a7ef09b8f5d0e576a39c57,cbeab787aa9a61895fa41bd4c0d4b44d2dda5c061b1948af26e99f5c5500fd38,False,False,False,3913dba608c06a723b7b0d14235fd81f6b2ec59d67cc314fb3eb6d4da75b5f9d,True
ISIC_0014382,locked100,G3,0.9574125759317025,0.9183043587805493,0.6483628505022223,0.6559139784946236,0.6409836065573771,0.9960553698901848,557.3147545195113,559.5218613006979,subpixel_gt_segment_arc_length,1223,1228,0.5,256,242,0.9453125,13,1,0,0,157,0.6487603305785123,0.61328125,41,0.2611464968152866,2,0,2,1,0,1,8,contourpy binary 0.5 isocontours; saddle loops may differ from 8-connected pixel components,0,879,161,ok,,256,16.0,0.05,9c1a0b830486647818d71e3d0525914a3938ff0189a7ef09b8f5d0e576a39c57,cbeab787aa9a61895fa41bd4c0d4b44d2dda5c061b1948af26e99f5c5500fd38,False,False,False,3913dba608c06a723b7b0d14235fd81f6b2ec59d67cc314fb3eb6d4da75b5f9d,True
ISIC_0014382,locked100,G4,0.9741827885256837,0.9496650842166873,0.7876455803304798,0.7787742899850523,0.7967213114754098,0.9960553698901848,557.3147545195113,559.5218613006979,subpixel_gt_segment_arc_length,1223,1228,0.5,256,242,0.9453125,13,1,0,0,157,0.6487603305785123,0.61328125,41,0.2611464968152866,2,0,2,1,0,1,8,contourpy binary 0.5 isocontours; saddle loops may differ from 8-connected pixel components,0,879,161,ok,,256,16.0,0.05,9c1a0b830486647818d71e3d0525914a3938ff0189a7ef09b8f5d0e576a39c57,cbeab787aa9a61895fa41bd4c0d4b44d2dda5c061b1948af26e99f5c5500fd38,False,False,False,3913dba608c06a723b7b0d14235fd81f6b2ec59d67cc314fb3eb6d4da75b5f9d,True
ISIC_0014558,locked100,G0,0.9406906906906907,0.8880226789510985,0.5192942662353562,0.5497470489038786,0.49203821656050956,0.9489285961529954,544.0010460205266,573.2792206135787,subpixel_gt_segment_arc_length,1187,1252,0.5,256,228,0.890625,7,21,0,0,155,0.6798245614035088,0.60546875,28,0.18064516129032257,1,0,1,1,2,3,8,contourpy binary 0.5 isocontours; saddle loops may differ from 8-connected pixel components,0,973,138,ok,,256,16.0,0.05,02784a162c801ec3fb54311d3762041d6f14ba2b67895ec95c1351fefad60ead,cbeab787aa9a61895fa41bd4c0d4b44d2dda5c061b1948af26e99f5c5500fd38,False,False,False,3913dba608c06a723b7b0d14235fd81f6b2ec59d67cc314fb3eb6d4da75b5f9d,True
ISIC_0014558,locked100,G1,0.9407249822717224,0.8880837993226747,0.5193693612157664,0.5499153976311336,0.49203821656050956,0.9489285961529954,544.0010460205266,573.2792206135787,subpixel_gt_segment_arc_length,1187,1252,0.5,256,228,0.890625,7,21,0,0,155,0.6798245614035088,0.60546875,28,0.18064516129032257,1,0,1,1,2,3,8,contourpy binary 0.5 isocontours; saddle loops may differ from 8-connected pixel components,0,973,138,ok,,256,16.0,0.05,02784a162c801ec3fb54311d3762041d6f14ba2b67895ec95c1351fefad60ead,cbeab787aa9a61895fa41bd4c0d4b44d2dda5c061b1948af26e99f5c5500fd38,False,False,False,3913dba608c06a723b7b0d14235fd81f6b2ec59d67cc314fb3eb6d4da75b5f9d,True
ISIC_0014558,locked100,G2,0.9554112923891689,0.9146291601929839,0.6408835683709209,0.6567164179104478,0.6257961783439491,0.9489285961529954,544.0010460205266,573.2792206135787,subpixel_gt_segment_arc_length,1187,1252,0.5,256,228,0.890625,7,21,0,0,155,0.6798245614035088,0.60546875,28,0.18064516129032257,1,0,1,1,2,3,8,contourpy binary 0.5 isocontours; saddle loops may differ from 8-connected pixel components,0,973,138,ok,,256,16.0,0.05,02784a162c801ec3fb54311d3762041d6f14ba2b67895ec95c1351fefad60ead,cbeab787aa9a61895fa41bd4c0d4b44d2dda5c061b1948af26e99f5c5500fd38,False,False,False,3913dba608c06a723b7b0d14235fd81f6b2ec59d67cc314fb3eb6d4da75b5f9d,True
ISIC_0014558,locked100,G3,0.9447832120778838,0.8953451299218874,0.5293747042793779,0.5564924114671164,0.5047770700636943,0.9489285961529954,544.0010460205266,573.2792206135787,subpixel_gt_segment_arc_length,1187,1252,0.5,256,228,0.890625,7,21,0,0,155,0.6798245614035088,0.60546875,28,0.18064516129032257,1,0,1,1,2,3,8,contourpy binary 0.5 isocontours; saddle loops may differ from 8-connected pixel components,0,973,138,ok,,256,16.0,0.05,02784a162c801ec3fb54311d3762041d6f14ba2b67895ec95c1351fefad60ead,cbeab787aa9a61895fa41bd4c0d4b44d2dda5c061b1948af26e99f5c5500fd38,False,False,False,3913dba608c06a723b7b0d14235fd81f6b2ec59d67cc314fb3eb6d4da75b5f9d,True
ISIC_0014558,locked100,G4,0.9649070057128131,0.9321935430326168,0.7567282058948103,0.7772511848341233,0.7372611464968153,0.9489285961529954,544.0010460205266,573.2792206135787,subpixel_gt_segment_arc_length,1187,1252,0.5,256,228,0.890625,7,21,0,0,155,0.6798245614035088,0.60546875,28,0.18064516129032257,1,0,1,1,2,3,8,contourpy binary 0.5 isocontours; saddle loops may differ from 8-connected pixel components,0,973,138,ok,,256,16.0,0.05,02784a162c801ec3fb54311d3762041d6f14ba2b67895ec95c1351fefad60ead,cbeab787aa9a61895fa41bd4c0d4b44d2dda5c061b1948af26e99f5c5500fd38,False,False,False,3913dba608c06a723b7b0d14235fd81f6b2ec59d67cc314fb3eb6d4da75b5f9d,True
ISIC_0014572,locked100,G0,0.9328990228013029,0.8742368742368742,0.6110756617746581,0.6233333333333333,0.599290780141844,1.0,261.39696961967,261.39696961967,subpixel_gt_segment_arc_length,572,572,0.5,256,256,1.0,0,0,0,0,166,0.6484375,0.6484375,31,0.18674698795180722,1,0,1,1,0,1,8,contourpy binary 0.5 isocontours; saddle loops may differ from 8-connected pixel components,0,1825,161,ok,,256,16.0,0.05,49d1230f1cb9508ea54897a03ccccc91fdc40a4772e0b10c6f19d6c4f30ee1b9,cbeab787aa9a61895fa41bd4c0d4b44d2dda5c061b1948af26e99f5c5500fd38,False,False,False,3913dba608c06a723b7b0d14235fd81f6b2ec59d67cc314fb3eb6d4da75b5f9d,True
ISIC_0014572,locked100,G1,0.9328990228013029,0.8742368742368742,0.6110756617746581,0.6233333333333333,0.599290780141844,1.0,261.39696961967,261.39696961967,subpixel_gt_segment_arc_length,572,572,0.5,256,256,1.0,0,0,0,0,166,0.6484375,0.6484375,31,0.18674698795180722,1,0,1,1,0,1,8,contourpy binary 0.5 isocontours; saddle loops may differ from 8-connected pixel components,0,1825,161,ok,,256,16.0,0.05,49d1230f1cb9508ea54897a03ccccc91fdc40a4772e0b10c6f19d6c4f30ee1b9,cbeab787aa9a61895fa41bd4c0d4b44d2dda5c061b1948af26e99f5c5500fd38,False,False,False,3913dba608c06a723b7b0d14235fd81f6b2ec59d67cc314fb3eb6d4da75b5f9d,True
ISIC_0014572,locked100,G2,0.9422268907563025,0.8907646474677259,0.7163792228476847,0.7129337539432177,0.7198581560283688,1.0,261.39696961967,261.39696961967,subpixel_gt_segment_arc_length,572,572,0.5,256,256,1.0,0,0,0,0,166,0.6484375,0.6484375,31,0.18674698795180722,1,0,1,1,0,1,8,contourpy binary 0.5 isocontours; saddle loops may differ from 8-connected pixel components,0,1825,161,ok,,256,16.0,0.05,49d1230f1cb9508ea54897a03ccccc91fdc40a4772e0b10c6f19d6c4f30ee1b9,cbeab787aa9a61895fa41bd4c0d4b44d2dda5c061b1948af26e99f5c5500fd38,False,False,False,3913dba608c06a723b7b0d14235fd81f6b2ec59d67cc314fb3eb6d4da75b5f9d,True
ISIC_0014572,locked100,G3,0.9307213284898807,0.8704198010191702,0.6057804820968874,0.62,0.5921985815602837,1.0,261.39696961967,261.39696961967,subpixel_gt_segment_arc_length,572,572,0.5,256,256,1.0,0,0,0,0,166,0.6484375,0.6484375,31,0.18674698795180722,1,0,1,1,0,1,8,contourpy binary 0.5 isocontours; saddle loops may differ from 8-connected pixel components,0,1825,161,ok,,256,16.0,0.05,49d1230f1cb9508ea54897a03ccccc91fdc40a4772e0b10c6f19d6c4f30ee1b9,cbeab787aa9a61895fa41bd4c0d4b44d2dda5c061b1948af26e99f5c5500fd38,False,False,False,3913dba608c06a723b7b0d14235fd81f6b2ec59d67cc314fb3eb6d4da75b5f9d,True
ISIC_0014572,locked100,G4,0.9534821903242956,0.9110998221996444,0.7925869961335053,0.7980132450331126,0.7872340425531915,1.0,261.39696961967,261.39696961967,subpixel_gt_segment_arc_length,572,572,0.5,256,256,1.0,0,0,0,0,166,0.6484375,0.6484375,31,0.18674698795180722,1,0,1,1,0,1,8,contourpy binary 0.5 isocontours; saddle loops may differ from 8-connected pixel components,0,1825,161,ok,,256,16.0,0.05,49d1230f1cb9508ea54897a03ccccc91fdc40a4772e0b10c6f19d6c4f30ee1b9,cbeab787aa9a61895fa41bd4c0d4b44d2dda5c061b1948af26e99f5c5500fd38,False,False,False,3913dba608c06a723b7b0d14235fd81f6b2ec59d67cc314fb3eb6d4da75b5f9d,True
ISIC_0014610,locked100,G0,0.869263119400256,0.76875808538163,0.4626957184943696,0.44673539518900346,0.4798387096774194,1.0,229.15432893255073,229.15432893255073,subpixel_gt_segment_arc_length,504,504,0.5,256,254,0.9921875,2,0,0,0,124,0.4881889763779528,0.484375,18,0.14516129032258066,1,0,1,1,0,1,8,contourpy binary 0.5 isocontours; saddle loops may differ from 8-connected pixel components,0,2732,174,ok,,256,16.0,0.05,06f71d45c942d1bf69505cc781589e294eb001ba00c48bba39ba827c0f1b857e,cbeab787aa9a61895fa41bd4c0d4b44d2dda5c061b1948af26e99f5c5500fd38,False,False,False,3913dba608c06a723b7b0d14235fd81f6b2ec59d67cc314fb3eb6d4da75b5f9d,True
ISIC_0014610,locked100,G1,0.869263119400256,0.76875808538163,0.4626957184943696,0.44673539518900346,0.4798387096774194,1.0,229.15432893255073,229.15432893255073,subpixel_gt_segment_arc_length,504,504,0.5,256,254,0.9921875,2,0,0,0,124,0.4881889763779528,0.484375,18,0.14516129032258066,1,0,1,1,0,1,8,contourpy binary 0.5 isocontours; saddle loops may differ from 8-connected pixel components,0,2732,174,ok,,256,16.0,0.05,06f71d45c942d1bf69505cc781589e294eb001ba00c48bba39ba827c0f1b857e,cbeab787aa9a61895fa41bd4c0d4b44d2dda5c061b1948af26e99f5c5500fd38,False,False,False,3913dba608c06a723b7b0d14235fd81f6b2ec59d67cc314fb3eb6d4da75b5f9d,True
ISIC_0014610,locked100,G2,0.8878067053755385,0.7982485685415965,0.5391850984121829,0.4890282131661442,0.6008064516129032,1.0,229.15432893255073,229.15432893255073,subpixel_gt_segment_arc_length,504,504,0.5,256,254,0.9921875,2,0,0,0,124,0.4881889763779528,0.484375,18,0.14516129032258066,1,0,1,1,0,1,8,contourpy binary 0.5 isocontours; saddle loops may differ from 8-connected pixel components,0,2732,174,ok,,256,16.0,0.05,06f71d45c942d1bf69505cc781589e294eb001ba00c48bba39ba827c0f1b857e,cbeab787aa9a61895fa41bd4c0d4b44d2dda5c061b1948af26e99f5c5500fd38,False,False,False,3913dba608c06a723b7b0d14235fd81f6b2ec59d67cc314fb3eb6d4da75b5f9d,True
ISIC_0014610,locked100,G3,0.8724536612222427,0.7737630208333334,0.5230769230769231,0.5,0.5483870967741935,1.0,229.15432893255073,229.15432893255073,subpixel_gt_segment_arc_length,504,504,0.5,256,254,0.9921875,2,0,0,0,124,0.4881889763779528,0.484375,18,0.14516129032258066,1,0,1,1,0,1,8,contourpy binary 0.5 isocontours; saddle loops may differ from 8-connected pixel components,0,2732,174,ok,,256,16.0,0.05,06f71d45c942d1bf69505cc781589e294eb001ba00c48bba39ba827c0f1b857e,cbeab787aa9a61895fa41bd4c0d4b44d2dda5c061b1948af26e99f5c5500fd38,False,False,False,3913dba608c06a723b7b0d14235fd81f6b2ec59d67cc314fb3eb6d4da75b5f9d,True
ISIC_0014610,locked100,G4,0.905115040882297,0.8266759291420632,0.657962577962578,0.6258503401360545,0.6935483870967742,1.0,229.15432893255073,229.15432893255073,subpixel_gt_segment_arc_length,504,504,0.5,256,254,0.9921875,2,0,0,0,124,0.4881889763779528,0.484375,18,0.14516129032258066,1,0,1,1,0,1,8,contourpy binary 0.5 isocontours; saddle loops may differ from 8-connected pixel components,0,2732,174,ok,,256,16.0,0.05,06f71d45c942d1bf69505cc781589e294eb001ba00c48bba39ba827c0f1b857e,cbeab787aa9a61895fa41bd4c0d4b44d2dda5c061b1948af26e99f5c5500fd38,False,False,False,3913dba608c06a723b7b0d14235fd81f6b2ec59d67cc314fb3eb6d4da75b5f9d,True
ISIC_0014616,locked100,G0,0.9172278948511841,0.8471107544141252,0.6387920257911704,0.6636363636363637,0.6157407407407407,1.0,201.25483399593907,201.25483399593907,subpixel_gt_segment_arc_length,440,440,0.5,256,253,0.98828125,2,1,0,0,185,0.7312252964426877,0.72265625,50,0.2702702702702703,1,0,1,1,0,1,8,contourpy binary 0.5 isocontours; saddle loops may differ from 8-connected pixel components,0,3234,174,ok,,256,16.0,0.05,58414b25911c646929035e7b6bf03a1dccce15a905ae9bf10b66d579c661f7bb,cbeab787aa9a61895fa41bd4c0d4b44d2dda5c061b1948af26e99f5c5500fd38,False,False,False,3913dba608c06a723b7b0d14235fd81f6b2ec59d67cc314fb3eb6d4da75b5f9d,True
ISIC_0014616,locked100,G1,0.9172278948511841,0.8471107544141252,0.6387920257911704,0.6636363636363637,0.6157407407407407,1.0,201.25483399593907,201.25483399593907,subpixel_gt_segment_arc_length,440,440,0.5,256,253,0.98828125,2,1,0,0,185,0.7312252964426877,0.72265625,50,0.2702702702702703,1,0,1,1,0,1,8,contourpy binary 0.5 isocontours; saddle loops may differ from 8-connected pixel components,0,3234,174,ok,,256,16.0,0.05,58414b25911c646929035e7b6bf03a1dccce15a905ae9bf10b66d579c661f7bb,cbeab787aa9a61895fa41bd4c0d4b44d2dda5c061b1948af26e99f5c5500fd38,False,False,False,3913dba608c06a723b7b0d14235fd81f6b2ec59d67cc314fb3eb6d4da75b5f9d,True
ISIC_0014616,locked100,G2,0.9201249442213297,0.8520661157024794,0.6776211479143245,0.679324894514768,0.6759259259259259,1.0,201.25483399593907,201.25483399593907,subpixel_gt_segment_arc_length,440,440,0.5,256,253,0.98828125,2,1,0,0,185,0.7312252964426877,0.72265625,50,0.2702702702702703,1,0,1,1,0,1,8,contourpy binary 0.5 isocontours; saddle loops may differ from 8-connected pixel components,0,3234,174,ok,,256,16.0,0.05,58414b25911c646929035e7b6bf03a1dccce15a905ae9bf10b66d579c661f7bb,cbeab787aa9a61895fa41bd4c0d4b44d2dda5c061b1948af26e99f5c5500fd38,False,False,False,3913dba608c06a723b7b0d14235fd81f6b2ec59d67cc314fb3eb6d4da75b5f9d,True
ISIC_0014616,locked100,G3,0.9129770992366413,0.8398876404494382,0.5961120078602008,0.6199095022624435,0.5740740740740741,1.0,201.25483399593907,201.25483399593907,subpixel_gt_segment_arc_length,440,440,0.5,256,253,0.98828125,2,1,0,0,185,0.7312252964426877,0.72265625,50,0.2702702702702703,1,0,1,1,0,1,8,contourpy binary 0.5 isocontours; saddle loops may differ from 8-connected pixel components,0,3234,174,ok,,256,16.0,0.05,58414b25911c646929035e7b6bf03a1dccce15a905ae9bf10b66d579c661f7bb,cbeab787aa9a61895fa41bd4c0d4b44d2dda5c061b1948af26e99f5c5500fd38,False,False,False,3913dba608c06a723b7b0d14235fd81f6b2ec59d67cc314fb3eb6d4da75b5f9d,True
ISIC_0014616,locked100,G4,0.9416941694169417,0.8898128898128899,0.852185918085596,0.8347457627118644,0.8703703703703703,1.0,201.25483399593907,201.25483399593907,subpixel_gt_segment_arc_length,440,440,0.5,256,253,0.98828125,2,1,0,0,185,0.7312252964426877,0.72265625,50,0.2702702702702703,1,0,1,1,0,1,8,contourpy binary 0.5 isocontours; saddle loops may differ from 8-connected pixel components,0,3234,174,ok,,256,16.0,0.05,58414b25911c646929035e7b6bf03a1dccce15a905ae9bf10b66d579c661f7bb,cbeab787aa9a61895fa41bd4c0d4b44d2dda5c061b1948af26e99f5c5500fd38,False,False,False,3913dba608c06a723b7b0d14235fd81f6b2ec59d67cc314fb3eb6d4da75b5f9d,True
ISIC_0014618,locked100,G0,0.9232769830949284,0.857487922705314,0.7108550214625468,0.7709923664122137,0.6594202898550725,1.0,255.39696961967,255.39696961967,subpixel_gt_segment_arc_length,560,560,0.5,256,235,0.91796875,0,21,0,0,179,0.7617021276595745,0.69921875,75,0.41899441340782123,1,0,1,1,0,1,8,contourpy binary 0.5 isocontours; saddle loops may differ from 8-connected pixel components,0,3255,192,ok,,256,16.0,0.05,ecf9e59b08aff437cd1782e9480a51a46844d6e09d5ad16f8e9c8ae815ea20ef,cbeab787aa9a61895fa41bd4c0d4b44d2dda5c061b1948af26e99f5c5500fd38,False,False,False,3913dba608c06a723b7b0d14235fd81f6b2ec59d67cc314fb3eb6d4da75b5f9d,True
ISIC_0014618,locked100,G1,0.9232769830949284,0.857487922705314,0.7108550214625468,0.7709923664122137,0.6594202898550725,1.0,255.39696961967,255.39696961967,subpixel_gt_segment_arc_length,560,560,0.5,256,235,0.91796875,0,21,0,0,179,0.7617021276595745,0.69921875,75,0.41899441340782123,1,0,1,1,0,1,8,contourpy binary 0.5 isocontours; saddle loops may differ from 8-connected pixel components,0,3255,192,ok,,256,16.0,0.05,ecf9e59b08aff437cd1782e9480a51a46844d6e09d5ad16f8e9c8ae815ea20ef,cbeab787aa9a61895fa41bd4c0d4b44d2dda5c061b1948af26e99f5c5500fd38,False,False,False,3913dba608c06a723b7b0d14235fd81f6b2ec59d67cc314fb3eb6d4da75b5f9d,True
ISIC_0014618,locked100,G2,0.9053277117669605,0.8270308123249299,0.6833472855238273,0.6783625730994152,0.6884057971014492,1.0,255.39696961967,255.39696961967,subpixel_gt_segment_arc_length,560,560,0.5,256,235,0.91796875,0,21,0,0,179,0.7617021276595745,0.69921875,75,0.41899441340782123,1,0,1,1,0,1,8,contourpy binary 0.5 isocontours; saddle loops may differ from 8-connected pixel components,0,3255,192,ok,,256,16.0,0.05,ecf9e59b08aff437cd1782e9480a51a46844d6e09d5ad16f8e9c8ae815ea20ef,cbeab787aa9a61895fa41bd4c0d4b44d2dda5c061b1948af26e99f5c5500fd38,False,False,False,3913dba608c06a723b7b0d14235fd81f6b2ec59d67cc314fb3eb6d4da75b5f9d,True
ISIC_0014618,locked100,G3,0.9190708130385913,0.8502599653379549,0.6914676444356358,0.7452471482889734,0.644927536231884,1.0,255.39696961967,255.39696961967,subpixel_gt_segment_arc_length,560,560,0.5,256,235,0.91796875,0,21,0,0,179,0.7617021276595745,0.69921875,75,0.41899441340782123,1,0,1,1,0,1,8,contourpy binary 0.5 isocontours; saddle loops may differ from 8-connected pixel components,0,3255,192,ok,,256,16.0,0.05,ecf9e59b08aff437cd1782e9480a51a46844d6e09d5ad16f8e9c8ae815ea20ef,cbeab787aa9a61895fa41bd4c0d4b44d2dda5c061b1948af26e99f5c5500fd38,False,False,False,3913dba608c06a723b7b0d14235fd81f6b2ec59d67cc314fb3eb6d4da75b5f9d,True
ISIC_0014618,locked100,G4,0.9457741211667913,0.8971266406527137,0.8795286365266834,0.8935483870967742,0.8659420289855072,1.0,255.39696961967,255.39696961967,subpixel_gt_segment_arc_length,560,560,0.5,256,235,0.91796875,0,21,0,0,179,0.7617021276595745,0.69921875,75,0.41899441340782123,1,0,1,1,0,1,8,contourpy binary 0.5 isocontours; saddle loops may differ from 8-connected pixel components,0,3255,192,ok,,256,16.0,0.05,ecf9e59b08aff437cd1782e9480a51a46844d6e09d5ad16f8e9c8ae815ea20ef,cbeab787aa9a61895fa41bd4c0d4b44d2dda5c061b1948af26e99f5c5500fd38,False,False,False,3913dba608c06a723b7b0d14235fd81f6b2ec59d67cc314fb3eb6d4da75b5f9d,True
ISIC_0014623,locked100,G0,0.9347806021672113,0.8775474837099682,0.23315279907975459,0.23363431151241534,0.23267326732673269,1.0,733.5046173579948,733.5046173579948,subpixel_gt_segment_arc_length,1624,1624,0.5,256,251,0.98046875,5,0,0,1,154,0.6135458167330677,0.6015625,54,0.35064935064935066,2,0,2,1,0,1,8,contourpy binary 0.5 isocontours; saddle loops may differ from 8-connected pixel components,0,369,102,ok,,256,16.0,0.05,290ec050098ab3e8564d4d547de9f83098192aed24e23622a1b82f714def814a,cbeab787aa9a61895fa41bd4c0d4b44d2dda5c061b1948af26e99f5c5500fd38,False,False,False,3913dba608c06a723b7b0d14235fd81f6b2ec59d67cc314fb3eb6d4da75b5f9d,True
ISIC_0014623,locked100,G1,0.9349210744945998,0.8777951118044722,0.23221614437518845,0.23556581986143188,0.22896039603960397,1.0,733.5046173579948,733.5046173579948,subpixel_gt_segment_arc_length,1624,1624,0.5,256,251,0.98046875,5,0,0,1,154,0.6135458167330677,0.6015625,54,0.35064935064935066,2,0,2,1,0,1,8,contourpy binary 0.5 isocontours; saddle loops may differ from 8-connected pixel components,0,369,102,ok,,256,16.0,0.05,290ec050098ab3e8564d4d547de9f83098192aed24e23622a1b82f714def814a,cbeab787aa9a61895fa41bd4c0d4b44d2dda5c061b1948af26e99f5c5500fd38,False,False,False,3913dba608c06a723b7b0d14235fd81f6b2ec59d67cc314fb3eb6d4da75b5f9d,True
ISIC_0014623,locked100,G2,0.9549289263839131,0.9137454384606878,0.4893772789628187,0.4780652418447694,0.5012376237623762,1.0,733.5046173579948,733.5046173579948,subpixel_gt_segment_arc_length,1624,1624,0.5,256,251,0.98046875,5,0,0,1,154,0.6135458167330677,0.6015625,54,0.35064935064935066,2,0,2,1,0,1,8,contourpy binary 0.5 isocontours; saddle loops may differ from 8-connected pixel components,0,369,102,ok,,256,16.0,0.05,290ec050098ab3e8564d4d547de9f83098192aed24e23622a1b82f714def814a,cbeab787aa9a61895fa41bd4c0d4b44d2dda5c061b1948af26e99f5c5500fd38,False,False,False,3913dba608c06a723b7b0d14235fd81f6b2ec59d67cc314fb3eb6d4da75b5f9d,True
ISIC_0014623,locked100,G3,0.929912484105019,0.8690060114637215,0.17633665444797905,0.17951668584579977,0.17326732673267325,1.0,733.5046173579948,733.5046173579948,subpixel_gt_segment_arc_length,1624,1624,0.5,256,251,0.98046875,5,0,0,1,154,0.6135458167330677,0.6015625,54,0.35064935064935066,2,0,2,1,0,1,8,contourpy binary 0.5 isocontours; saddle loops may differ from 8-connected pixel components,0,369,102,ok,,256,16.0,0.05,290ec050098ab3e8564d4d547de9f83098192aed24e23622a1b82f714def814a,cbeab787aa9a61895fa41bd4c0d4b44d2dda5c061b1948af26e99f5c5500fd38,False,False,False,3913dba608c06a723b7b0d14235fd81f6b2ec59d67cc314fb3eb6d4da75b5f9d,True
ISIC_0014623,locked100,G4,0.9730752156877883,0.9475623050031952,0.6915078463298543,0.6724890829694323,0.7116336633663366,1.0,733.5046173579948,733.5046173579948,subpixel_gt_segment_arc_length,1624,1624,0.5,256,251,0.98046875,5,0,0,1,154,0.6135458167330677,0.6015625,54,0.35064935064935066,2,0,2,1,0,1,8,contourpy binary 0.5 isocontours; saddle loops may differ from 8-connected pixel components,0,369,102,ok,,256,16.0,0.05,290ec050098ab3e8564d4d547de9f83098192aed24e23622a1b82f714def814a,cbeab787aa9a61895fa41bd4c0d4b44d2dda5c061b1948af26e99f5c5500fd38,False,False,False,3913dba608c06a723b7b0d14235fd81f6b2ec59d67cc314fb3eb6d4da75b5f9d,True
ISIC_0014624,locked100,G0,0.9485789627893348,0.9021875435418698,0.680294534475322,0.6911111111111111,0.6698113207547169,1.0,396.3675323681471,396.3675323681471,subpixel_gt_segment_arc_length,856,856,0.5,256,251,0.98046875,0,5,0,0,188,0.749003984063745,0.734375,2,0.010638297872340425,1,0,1,1,0,1,8,contourpy binary 0.5 isocontours; saddle loops may differ from 8-connected pixel components,0,926,141,ok,,256,16.0,0.05,bdcb959d0a76f3c37729860a0b330da1480f33bc449c9ed4792c60ad609e2334,cbeab787aa9a61895fa41bd4c0d4b44d2dda5c061b1948af26e99f5c5500fd38,False,False,False,3913dba608c06a723b7b0d14235fd81f6b2ec59d67cc314fb3eb6d4da75b5f9d,True
ISIC_0014624,locked100,G1,0.9484400175772667,0.9019362028137624,0.6756310524240922,0.6890380313199105,0.6627358490566038,1.0,396.3675323681471,396.3675323681471,subpixel_gt_segment_arc_length,856,856,0.5,256,251,0.98046875,0,5,0,0,188,0.749003984063745,0.734375,2,0.010638297872340425,1,0,1,1,0,1,8,contourpy binary 0.5 isocontours; saddle loops may differ from 8-connected pixel components,0,926,141,ok,,256,16.0,0.05,bdcb959d0a76f3c37729860a0b330da1480f33bc449c9ed4792c60ad609e2334,cbeab787aa9a61895fa41bd4c0d4b44d2dda5c061b1948af26e99f5c5500fd38,False,False,False,3913dba608c06a723b7b0d14235fd81f6b2ec59d67cc314fb3eb6d4da75b5f9d,True
ISIC_0014624,locked100,G2,0.9644032306311696,0.9312536106296938,0.8314112865110125,0.8166666666666667,0.8466981132075472,1.0,396.3675323681471,396.3675323681471,subpixel_gt_segment_arc_length,856,856,0.5,256,251,0.98046875,0,5,0,0,188,0.749003984063745,0.734375,2,0.010638297872340425,1,0,1,1,0,1,8,contourpy binary 0.5 isocontours; saddle loops may differ from 8-connected pixel components,0,926,141,ok,,256,16.0,0.05,bdcb959d0a76f3c37729860a0b330da1480f33bc449c9ed4792c60ad609e2334,cbeab787aa9a61895fa41bd4c0d4b44d2dda5c061b1948af26e99f5c5500fd38,False,False,False,3913dba608c06a723b7b0d14235fd81f6b2ec59d67cc314fb3eb6d4da75b5f9d,True
ISIC_0014624,locked100,G3,0.9609984399375975,0.924924924924925,0.7958559782608695,0.8142201834862385,0.7783018867924528,1.0,396.3675323681471,396.3675323681471,subpixel_gt_segment_arc_length,856,856,0.5,256,251,0.98046875,0,5,0,0,188,0.749003984063745,0.734375,2,0.010638297872340425,1,0,1,1,0,1,8,contourpy binary 0.5 isocontours; saddle loops may differ from 8-connected pixel components,0,926,141,ok,,256,16.0,0.05,bdcb959d0a76f3c37729860a0b330da1480f33bc449c9ed4792c60ad609e2334,cbeab787aa9a61895fa41bd4c0d4b44d2dda5c061b1948af26e99f5c5500fd38,False,False,False,3913dba608c06a723b7b0d14235fd81f6b2ec59d67cc314fb3eb6d4da75b5f9d,True
ISIC_0014624,locked100,G4,0.9667637612965867,0.9356657510481423,0.8387686252459938,0.85,0.8278301886792453,1.0,396.3675323681471,396.3675323681471,subpixel_gt_segment_arc_length,856,856,0.5,256,251,0.98046875,0,5,0,0,188,0.749003984063745,0.734375,2,0.010638297872340425,1,0,1,1,0,1,8,contourpy binary 0.5 isocontours; saddle loops may differ from 8-connected pixel components,0,926,141,ok,,256,16.0,0.05,bdcb959d0a76f3c37729860a0b330da1480f33bc449c9ed4792c60ad609e2334,cbeab787aa9a61895fa41bd4c0d4b44d2dda5c061b1948af26e99f5c5500fd38,False,False,False,3913dba608c06a723b7b0d14235fd81f6b2ec59d67cc314fb3eb6d4da75b5f9d,True
ISIC_0014637,locked100,G0,0.892660284305193,0.8061304689546764,0.3970061412487206,0.40225563909774437,0.3918918918918919,1.0,244.3502884254441,244.3502884254441,subpixel_gt_segment_arc_length,600,600,0.5,256,255,0.99609375,0,1,0,0,121,0.4745098039215686,0.47265625,37,0.30578512396694213,1,0,1,1,0,1,8,contourpy binary 0.5 isocontours; saddle loops may differ from 8-connected pixel components,0,2839,184,ok,,256,16.0,0.05,ac52a0e4da9e715b095f488e1213ea9bd201c9250c06269301ef08179db7c087,cbeab787aa9a61895fa41bd4c0d4b44d2dda5c061b1948af26e99f5c5500fd38,False,False,False,3913dba608c06a723b7b0d14235fd81f6b2ec59d67cc314fb3eb6d4da75b5f9d,True
ISIC_0014637,locked100,G1,0.892660284305193,0.8061304689546764,0.3970061412487206,0.40225563909774437,0.3918918918918919,1.0,244.3502884254441,244.3502884254441,subpixel_gt_segment_arc_length,600,600,0.5,256,255,0.99609375,0,1,0,0,121,0.4745098039215686,0.47265625,37,0.30578512396694213,1,0,1,1,0,1,8,contourpy binary 0.5 isocontours; saddle loops may differ from 8-connected pixel components,0,2839,184,ok,,256,16.0,0.05,ac52a0e4da9e715b095f488e1213ea9bd201c9250c06269301ef08179db7c087,cbeab787aa9a61895fa41bd4c0d4b44d2dda5c061b1948af26e99f5c5500fd38,False,False,False,3913dba608c06a723b7b0d14235fd81f6b2ec59d67cc314fb3eb6d4da75b5f9d,True
ISIC_0014637,locked100,G2,0.8852315758811535,0.7940945910634962,0.45311473924956414,0.44072948328267475,0.46621621621621623,1.0,244.3502884254441,244.3502884254441,subpixel_gt_segment_arc_length,600,600,0.5,256,255,0.99609375,0,1,0,0,121,0.4745098039215686,0.47265625,37,0.30578512396694213,1,0,1,1,0,1,8,contourpy binary 0.5 isocontours; saddle loops may differ from 8-connected pixel components,0,2839,184,ok,,256,16.0,0.05,ac52a0e4da9e715b095f488e1213ea9bd201c9250c06269301ef08179db7c087,cbeab787aa9a61895fa41bd4c0d4b44d2dda5c061b1948af26e99f5c5500fd38,False,False,False,3913dba608c06a723b7b0d14235fd81f6b2ec59d67cc314fb3eb6d4da75b5f9d,True
ISIC_0014637,locked100,G3,0.892084241103849,0.8051914001048768,0.3961351113950332,0.3970037453183521,0.3952702702702703,1.0,244.3502884254441,244.3502884254441,subpixel_gt_segment_arc_length,600,600,0.5,256,255,0.99609375,0,1,0,0,121,0.4745098039215686,0.47265625,37,0.30578512396694213,1,0,1,1,0,1,8,contourpy binary 0.5 isocontours; saddle loops may differ from 8-connected pixel components,0,2839,184,ok,,256,16.0,0.05,ac52a0e4da9e715b095f488e1213ea9bd201c9250c06269301ef08179db7c087,cbeab787aa9a61895fa41bd4c0d4b44d2dda5c061b1948af26e99f5c5500fd38,False,False,False,3913dba608c06a723b7b0d14235fd81f6b2ec59d67cc314fb3eb6d4da75b5f9d,True
ISIC_0014637,locked100,G4,0.9182372112795806,0.8488341629552004,0.5548037889039241,0.5555555555555556,0.5540540540540541,1.0,244.3502884254441,244.3502884254441,subpixel_gt_segment_arc_length,600,600,0.5,256,255,0.99609375,0,1,0,0,121,0.4745098039215686,0.47265625,37,0.30578512396694213,1,0,1,1,0,1,8,contourpy binary 0.5 isocontours; saddle loops may differ from 8-connected pixel components,0,2839,184,ok,,256,16.0,0.05,ac52a0e4da9e715b095f488e1213ea9bd201c9250c06269301ef08179db7c087,cbeab787aa9a61895fa41bd4c0d4b44d2dda5c061b1948af26e99f5c5500fd38,False,False,False,3913dba608c06a723b7b0d14235fd81f6b2ec59d67cc314fb3eb6d4da75b5f9d,True
ISIC_0014809,locked100,G0,0.9614173936505082,0.925701420159335,0.6754570457854717,0.6944444444444444,0.65748031496063,1.0,470.40916292848976,470.40916292848976,subpixel_gt_segment_arc_length,1024,1024,0.5,256,254,0.9921875,0,2,0,0,203,0.7992125984251969,0.79296875,34,0.16748768472906403,1,0,1,1,0,1,8,contourpy binary 0.5 isocontours; saddle loops may differ from 8-connected pixel components,0,910,140,ok,,256,16.0,0.05,8a061b4a1db526ff2628d45c4f3c2369012702f6acee96285fa613de8d4ec6bb,cbeab787aa9a61895fa41bd4c0d4b44d2dda5c061b1948af26e99f5c5500fd38,False,False,False,3913dba608c06a723b7b0d14235fd81f6b2ec59d67cc314fb3eb6d4da75b5f9d,True
ISIC_0014809,locked100,G1,0.9613776358976664,0.9256277056277056,0.6696693724015047,0.6910112359550562,0.6496062992125984,1.0,470.40916292848976,470.40916292848976,subpixel_gt_segment_arc_length,1024,1024,0.5,256,254,0.9921875,0,2,0,0,203,0.7992125984251969,0.79296875,34,0.16748768472906403,1,0,1,1,0,1,8,contourpy binary 0.5 isocontours; saddle loops may differ from 8-connected pixel components,0,910,140,ok,,256,16.0,0.05,8a061b4a1db526ff2628d45c4f3c2369012702f6acee96285fa613de8d4ec6bb,cbeab787aa9a61895fa41bd4c0d4b44d2dda5c061b1948af26e99f5c5500fd38,False,False,False,3913dba608c06a723b7b0d14235fd81f6b2ec59d67cc314fb3eb6d4da75b5f9d,True
ISIC_0014809,locked100,G2,0.9685941252540181,0.9391008418413039,0.8145355089685206,0.8241758241758241,0.8051181102362205,1.0,470.40916292848976,470.40916292848976,subpixel_gt_segment_arc_length,1024,1024,0.5,256,254,0.9921875,0,2,0,0,203,0.7992125984251969,0.79296875,34,0.16748768472906403,1,0,1,1,0,1,8,contourpy binary 0.5 isocontours; saddle loops may differ from 8-connected pixel components,0,910,140,ok,,256,16.0,0.05,8a061b4a1db526ff2628d45c4f3c2369012702f6acee96285fa613de8d4ec6bb,cbeab787aa9a61895fa41bd4c0d4b44d2dda5c061b1948af26e99f5c5500fd38,False,False,False,3913dba608c06a723b7b0d14235fd81f6b2ec59d67cc314fb3eb6d4da75b5f9d,True
ISIC_0014809,locked100,G3,0.9641484696414847,0.9307786312849162,0.7122737971215805,0.7262569832402235,0.6988188976377953,1.0,470.40916292848976,470.40916292848976,subpixel_gt_segment_arc_length,1024,1024,0.5,256,254,0.9921875,0,2,0,0,203,0.7992125984251969,0.79296875,34,0.16748768472906403,1,0,1,1,0,1,8,contourpy binary 0.5 isocontours; saddle loops may differ from 8-connected pixel components,0,910,140,ok,,256,16.0,0.05,8a061b4a1db526ff2628d45c4f3c2369012702f6acee96285fa613de8d4ec6bb,cbeab787aa9a61895fa41bd4c0d4b44d2dda5c061b1948af26e99f5c5500fd38,False,False,False,3913dba608c06a723b7b0d14235fd81f6b2ec59d67cc314fb3eb6d4da75b5f9d,True
ISIC_0014809,locked100,G4,0.9776225704176814,0.9562247191011236,0.9038505861315319,0.9142335766423357,0.8937007874015748,1.0,470.40916292848976,470.40916292848976,subpixel_gt_segment_arc_length,1024,1024,0.5,256,254,0.9921875,0,2,0,0,203,0.7992125984251969,0.79296875,34,0.16748768472906403,1,0,1,1,0,1,8,contourpy binary 0.5 isocontours; saddle loops may differ from 8-connected pixel components,0,910,140,ok,,256,16.0,0.05,8a061b4a1db526ff2628d45c4f3c2369012702f6acee96285fa613de8d4ec6bb,cbeab787aa9a61895fa41bd4c0d4b44d2dda5c061b1948af26e99f5c5500fd38,False,False,False,3913dba608c06a723b7b0d14235fd81f6b2ec59d67cc314fb3eb6d4da75b5f9d,True
ISIC_0014829,locked100,G0,0.9450240105977811,0.8957777428975043,0.6593667122076671,0.6775818639798489,0.6421052631578947,1.0,356.4680374315355,356.4680374315355,subpixel_gt_segment_arc_length,768,768,0.5,256,254,0.9921875,1,1,0,0,212,0.8346456692913385,0.828125,27,0.12735849056603774,1,0,1,1,0,1,8,contourpy binary 0.5 isocontours; saddle loops may differ from 8-connected pixel components,0,1284,149,ok,,256,16.0,0.05,9d1abe6864b9233d233bec763dc6f4c1ae69ef009b6545035abe6bf5df10f006,cbeab787aa9a61895fa41bd4c0d4b44d2dda5c061b1948af26e99f5c5500fd38,False,False,False,3913dba608c06a723b7b0d14235fd81f6b2ec59d67cc314fb3eb6d4da75b5f9d,True
ISIC_0014829,locked100,G1,0.9450240105977811,0.8957777428975043,0.6593667122076671,0.6775818639798489,0.6421052631578947,1.0,356.4680374315355,356.4680374315355,subpixel_gt_segment_arc_length,768,768,0.5,256,254,0.9921875,1,1,0,0,212,0.8346456692913385,0.828125,27,0.12735849056603774,1,0,1,1,0,1,8,contourpy binary 0.5 isocontours; saddle loops may differ from 8-connected pixel components,0,1284,149,ok,,256,16.0,0.05,9d1abe6864b9233d233bec763dc6f4c1ae69ef009b6545035abe6bf5df10f006,cbeab787aa9a61895fa41bd4c0d4b44d2dda5c061b1948af26e99f5c5500fd38,False,False,False,3913dba608c06a723b7b0d14235fd81f6b2ec59d67cc314fb3eb6d4da75b5f9d,True
ISIC_0014829,locked100,G2,0.9589460263493412,0.9211299804049641,0.8708110364719723,0.8869346733668342,0.8552631578947368,1.0,356.4680374315355,356.4680374315355,subpixel_gt_segment_arc_length,768,768,0.5,256,254,0.9921875,1,1,0,0,212,0.8346456692913385,0.828125,27,0.12735849056603774,1,0,1,1,0,1,8,contourpy binary 0.5 isocontours; saddle loops may differ from 8-connected pixel components,0,1284,149,ok,,256,16.0,0.05,9d1abe6864b9233d233bec763dc6f4c1ae69ef009b6545035abe6bf5df10f006,cbeab787aa9a61895fa41bd4c0d4b44d2dda5c061b1948af26e99f5c5500fd38,False,False,False,3913dba608c06a723b7b0d14235fd81f6b2ec59d67cc314fb3eb6d4da75b5f9d,True
ISIC_0014829,locked100,G3,0.9616524168289173,0.9261372900701125,0.9155383765875206,0.9461538461538461,0.8868421052631579,1.0,356.4680374315355,356.4680374315355,subpixel_gt_segment_arc_length,768,768,0.5,256,254,0.9921875,1,1,0,0,212,0.8346456692913385,0.828125,27,0.12735849056603774,1,0,1,1,0,1,8,contourpy binary 0.5 isocontours; saddle loops may differ from 8-connected pixel components,0,1284,149,ok,,256,16.0,0.05,9d1abe6864b9233d233bec763dc6f4c1ae69ef009b6545035abe6bf5df10f006,cbeab787aa9a61895fa41bd4c0d4b44d2dda5c061b1948af26e99f5c5500fd38,False,False,False,3913dba608c06a723b7b0d14235fd81f6b2ec59d67cc314fb3eb6d4da75b5f9d,True
ISIC_0014829,locked100,G4,0.9671909352274649,0.9364663500900606,0.9448179846099053,0.9612403100775194,0.9289473684210526,1.0,356.4680374315355,356.4680374315355,subpixel_gt_segment_arc_length,768,768,0.5,256,254,0.9921875,1,1,0,0,212,0.8346456692913385,0.828125,27,0.12735849056603774,1,0,1,1,0,1,8,contourpy binary 0.5 isocontours; saddle loops may differ from 8-connected pixel components,0,1284,149,ok,,256,16.0,0.05,9d1abe6864b9233d233bec763dc6f4c1ae69ef009b6545035abe6bf5df10f006,cbeab787aa9a61895fa41bd4c0d4b44d2dda5c061b1948af26e99f5c5500fd38,False,False,False,3913dba608c06a723b7b0d14235fd81f6b2ec59d67cc314fb3eb6d4da75b5f9d,True
ISIC_0014857,locked100,G0,0.9687537934885527,0.939401073547415,0.5933066168650948,0.5804967801287948,0.606694560669456,0.974153769935955,883.8294731452727,907.2792206135787,subpixel_gt_segment_arc_length,1869,1920,0.5,256,240,0.9375,15,1,0,88,170,0.7083333333333334,0.6640625,74,0.43529411764705883,8,2,15,1,0,1,8,contourpy binary 0.5 isocontours; saddle loops may differ from 8-connected pixel components,0,355,76,ok,,256,16.0,0.05,ced088eb18162aec0a62d67bcee0e9775decfc683dd74d1d71cdc6685b83469d,cbeab787aa9a61895fa41bd4c0d4b44d2dda5c061b1948af26e99f5c5500fd38,False,False,False,3913dba608c06a723b7b0d14235fd81f6b2ec59d67cc314fb3eb6d4da75b5f9d,True
ISIC_0014857,locked100,G1,0.9689009735136316,0.9396779054435863,0.5895090656410588,0.5829338446788112,0.5962343096234309,0.974153769935955,883.8294731452727,907.2792206135787,subpixel_gt_segment_arc_length,1869,1920,0.5,256,240,0.9375,15,1,0,88,170,0.7083333333333334,0.6640625,74,0.43529411764705883,8,2,15,1,0,1,8,contourpy binary 0.5 isocontours; saddle loops may differ from 8-connected pixel components,0,355,76,ok,,256,16.0,0.05,ced088eb18162aec0a62d67bcee0e9775decfc683dd74d1d71cdc6685b83469d,cbeab787aa9a61895fa41bd4c0d4b44d2dda5c061b1948af26e99f5c5500fd38,False,False,False,3913dba608c06a723b7b0d14235fd81f6b2ec59d67cc314fb3eb6d4da75b5f9d,True
ISIC_0014857,locked100,G2,0.9606408302580702,0.9242626208768571,0.44678527302091986,0.4268953068592058,0.4686192468619247,0.974153769935955,883.8294731452727,907.2792206135787,subpixel_gt_segment_arc_length,1869,1920,0.5,256,240,0.9375,15,1,0,88,170,0.7083333333333334,0.6640625,74,0.43529411764705883,8,2,15,1,0,1,8,contourpy binary 0.5 isocontours; saddle loops may differ from 8-connected pixel components,0,355,76,ok,,256,16.0,0.05,ced088eb18162aec0a62d67bcee0e9775decfc683dd74d1d71cdc6685b83469d,cbeab787aa9a61895fa41bd4c0d4b44d2dda5c061b1948af26e99f5c5500fd38,False,False,False,3913dba608c06a723b7b0d14235fd81f6b2ec59d67cc314fb3eb6d4da75b5f9d,True
ISIC_0014857,locked100,G3,0.9727906287069988,0.947022735474558,0.6079552756189096,0.6060894386298763,0.6098326359832636,0.974153769935955,883.8294731452727,907.2792206135787,subpixel_gt_segment_arc_length,1869,1920,0.5,256,240,0.9375,15,1,0,88,170,0.7083333333333334,0.6640625,74,0.43529411764705883,8,2,15,1,0,1,8,contourpy binary 0.5 isocontours; saddle loops may differ from 8-connected pixel components,0,355,76,ok,,256,16.0,0.05,ced088eb18162aec0a62d67bcee0e9775decfc683dd74d1d71cdc6685b83469d,cbeab787aa9a61895fa41bd4c0d4b44d2dda5c061b1948af26e99f5c5500fd38,False,False,False,3913dba608c06a723b7b0d14235fd81f6b2ec59d67cc314fb3eb6d4da75b5f9d,True
ISIC_0014857,locked100,G4,0.9806906063740702,0.9621127917653313,0.7700137708704841,0.7570093457943925,0.7834728033472803,0.974153769935955,883.8294731452727,907.2792206135787,subpixel_gt_segment_arc_length,1869,1920,0.5,256,240,0.9375,15,1,0,88,170,0.7083333333333334,0.6640625,74,0.43529411764705883,8,2,15,1,0,1,8,contourpy binary 0.5 isocontours; saddle loops may differ from 8-connected pixel components,0,355,76,ok,,256,16.0,0.05,ced088eb18162aec0a62d67bcee0e9775decfc683dd74d1d71cdc6685b83469d,cbeab787aa9a61895fa41bd4c0d4b44d2dda5c061b1948af26e99f5c5500fd38,False,False,False,3913dba608c06a723b7b0d14235fd81f6b2ec59d67cc314fb3eb6d4da75b5f9d,True
ISIC_0014931,locked100,G0,0.9246552200755598,0.8598686089688661,0.48675292667898956,0.5851851851851851,0.4166666666666667,0.7959320012933172,598.1934341759518,751.5634918610406,subpixel_gt_segment_arc_length,1303,1632,0.5,256,243,0.94921875,8,5,0,0,136,0.5596707818930041,0.53125,108,0.7941176470588235,4,1,7,1,1,2,8,contourpy binary 0.5 isocontours; saddle loops may differ from 8-connected pixel components,0,953,164,ok,,256,16.0,0.05,bced9dc0ada46643dff6d8825566273ae35cb8aa769b9823a36069bf11ce5897,cbeab787aa9a61895fa41bd4c0d4b44d2dda5c061b1948af26e99f5c5500fd38,False,False,False,3913dba608c06a723b7b0d14235fd81f6b2ec59d67cc314fb3eb6d4da75b5f9d,True
ISIC_0014931,locked100,G1,0.9246367015883744,0.8598365807668134,0.48205976631165337,0.5887850467289719,0.40808823529411764,0.7959320012933172,598.1934341759518,751.5634918610406,subpixel_gt_segment_arc_length,1303,1632,0.5,256,243,0.94921875,8,5,0,0,136,0.5596707818930041,0.53125,108,0.7941176470588235,4,1,7,1,1,2,8,contourpy binary 0.5 isocontours; saddle loops may differ from 8-connected pixel components,0,953,164,ok,,256,16.0,0.05,bced9dc0ada46643dff6d8825566273ae35cb8aa769b9823a36069bf11ce5897,cbeab787aa9a61895fa41bd4c0d4b44d2dda5c061b1948af26e99f5c5500fd38,False,False,False,3913dba608c06a723b7b0d14235fd81f6b2ec59d67cc314fb3eb6d4da75b5f9d,True
ISIC_0014931,locked100,G2,0.8867460646891663,0.7965353066024207,0.15170047732696895,0.17767295597484276,0.1323529411764706,0.7959320012933172,598.1934341759518,751.5634918610406,subpixel_gt_segment_arc_length,1303,1632,0.5,256,243,0.94921875,8,5,0,0,136,0.5596707818930041,0.53125,108,0.7941176470588235,4,1,7,1,1,2,8,contourpy binary 0.5 isocontours; saddle loops may differ from 8-connected pixel components,0,953,164,ok,,256,16.0,0.05,bced9dc0ada46643dff6d8825566273ae35cb8aa769b9823a36069bf11ce5897,cbeab787aa9a61895fa41bd4c0d4b44d2dda5c061b1948af26e99f5c5500fd38,False,False,False,3913dba608c06a723b7b0d14235fd81f6b2ec59d67cc314fb3eb6d4da75b5f9d,True
ISIC_0014931,locked100,G3,0.8963073125969053,0.812098623853211,0.24733217286006207,0.2992125984251969,0.2107843137254902,0.7959320012933172,598.1934341759518,751.5634918610406,subpixel_gt_segment_arc_length,1303,1632,0.5,256,243,0.94921875,8,5,0,0,136,0.5596707818930041,0.53125,108,0.7941176470588235,4,1,7,1,1,2,8,contourpy binary 0.5 isocontours; saddle loops may differ from 8-connected pixel components,0,953,164,ok,,256,16.0,0.05,bced9dc0ada46643dff6d8825566273ae35cb8aa769b9823a36069bf11ce5897,cbeab787aa9a61895fa41bd4c0d4b44d2dda5c061b1948af26e99f5c5500fd38,False,False,False,3913dba608c06a723b7b0d14235fd81f6b2ec59d67cc314fb3eb6d4da75b5f9d,True
ISIC_0014931,locked100,G4,0.9461027696357002,0.897718242706323,0.6158205308170215,0.6785243741765481,0.5637254901960784,0.7959320012933172,598.1934341759518,751.5634918610406,subpixel_gt_segment_arc_length,1303,1632,0.5,256,243,0.94921875,8,5,0,0,136,0.5596707818930041,0.53125,108,0.7941176470588235,4,1,7,1,1,2,8,contourpy binary 0.5 isocontours; saddle loops may differ from 8-connected pixel components,0,953,164,ok,,256,16.0,0.05,bced9dc0ada46643dff6d8825566273ae35cb8aa769b9823a36069bf11ce5897,cbeab787aa9a61895fa41bd4c0d4b44d2dda5c061b1948af26e99f5c5500fd38,False,False,False,3913dba608c06a723b7b0d14235fd81f6b2ec59d67cc314fb3eb6d4da75b5f9d,True
ISIC_0014937,locked100,G0,0.9551222531723924,0.9140995260663507,0.24805949262037655,0.2080808080808081,0.3070539419087137,1.0,916.4507934888325,916.4507934888325,subpixel_gt_segment_arc_length,1936,1936,0.5,256,224,0.875,32,0,0,148,158,0.7053571428571429,0.6171875,64,0.4050632911392405,15,10,43,1,0,1,8,contourpy binary 0.5 isocontours; saddle loops may differ from 8-connected pixel components,0,485,107,ok,,256,16.0,0.05,2f3272aed3e02be8caae4a0d0f892c0efcb980228fbeebea5afc95ddc069f01b,cbeab787aa9a61895fa41bd4c0d4b44d2dda5c061b1948af26e99f5c5500fd38,False,False,False,3913dba608c06a723b7b0d14235fd81f6b2ec59d67cc314fb3eb6d4da75b5f9d,True
ISIC_0014937,locked100,G1,0.9550373801947832,0.9139440608629658,0.2480925424563131,0.21212121212121213,0.2987551867219917,1.0,916.4507934888325,916.4507934888325,subpixel_gt_segment_arc_length,1936,1936,0.5,256,224,0.875,32,0,0,148,158,0.7053571428571429,0.6171875,64,0.4050632911392405,15,10,43,1,0,1,8,contourpy binary 0.5 isocontours; saddle loops may differ from 8-connected pixel components,0,485,107,ok,,256,16.0,0.05,2f3272aed3e02be8caae4a0d0f892c0efcb980228fbeebea5afc95ddc069f01b,cbeab787aa9a61895fa41bd4c0d4b44d2dda5c061b1948af26e99f5c5500fd38,False,False,False,3913dba608c06a723b7b0d14235fd81f6b2ec59d67cc314fb3eb6d4da75b5f9d,True
ISIC_0014937,locked100,G2,0.9694319656583807,0.9406773093614383,0.5265141484743049,0.46137491141034725,0.6130705394190872,1.0,916.4507934888325,916.4507934888325,subpixel_gt_segment_arc_length,1936,1936,0.5,256,224,0.875,32,0,0,148,158,0.7053571428571429,0.6171875,64,0.4050632911392405,15,10,43,1,0,1,8,contourpy binary 0.5 isocontours; saddle loops may differ from 8-connected pixel components,0,485,107,ok,,256,16.0,0.05,2f3272aed3e02be8caae4a0d0f892c0efcb980228fbeebea5afc95ddc069f01b,cbeab787aa9a61895fa41bd4c0d4b44d2dda5c061b1948af26e99f5c5500fd38,False,False,False,3913dba608c06a723b7b0d14235fd81f6b2ec59d67cc314fb3eb6d4da75b5f9d,True
ISIC_0014937,locked100,G3,0.9528068524644232,0.9098673484511635,0.25397802749129145,0.21654676258992805,0.3070539419087137,1.0,916.4507934888325,916.4507934888325,subpixel_gt_segment_arc_length,1936,1936,0.5,256,224,0.875,32,0,0,148,158,0.7053571428571429,0.6171875,64,0.4050632911392405,15,10,43,1,0,1,8,contourpy binary 0.5 isocontours; saddle loops may differ from 8-connected pixel components,0,485,107,ok,,256,16.0,0.05,2f3272aed3e02be8caae4a0d0f892c0efcb980228fbeebea5afc95ddc069f01b,cbeab787aa9a61895fa41bd4c0d4b44d2dda5c061b1948af26e99f5c5500fd38,False,False,False,3913dba608c06a723b7b0d14235fd81f6b2ec59d67cc314fb3eb6d4da75b5f9d,True
ISIC_0014937,locked100,G4,0.9856306546035125,0.9716684155299056,0.7803478599855043,0.7031700288184438,0.8765560165975104,1.0,916.4507934888325,916.4507934888325,subpixel_gt_segment_arc_length,1936,1936,0.5,256,224,0.875,32,0,0,148,158,0.7053571428571429,0.6171875,64,0.4050632911392405,15,10,43,1,0,1,8,contourpy binary 0.5 isocontours; saddle loops may differ from 8-connected pixel components,0,485,107,ok,,256,16.0,0.05,2f3272aed3e02be8caae4a0d0f892c0efcb980228fbeebea5afc95ddc069f01b,cbeab787aa9a61895fa41bd4c0d4b44d2dda5c061b1948af26e99f5c5500fd38,False,False,False,3913dba608c06a723b7b0d14235fd81f6b2ec59d67cc314fb3eb6d4da75b5f9d,True
ISIC_0014985,locked100,G0,0.8674558701648916,0.765935602254358,0.15760912446193906,0.1267806267806268,0.20824742268041238,0.7781981349510799,674.4647724663863,866.7005768508882,subpixel_gt_segment_arc_length,1515,1956,0.5,256,126,0.4921875,128,2,0,73,73,0.5793650793650794,0.28515625,48,0.6575342465753424,63,19,123,1,0,1,8,contourpy binary 0.5 isocontours; saddle loops may differ from 8-connected pixel components,0,775,134,ok,,256,16.0,0.05,6ba9a02c43ede1f41b611b8e05e78ae2ab531380044a8f109fa69f4bf966d7e1,cbeab787aa9a61895fa41bd4c0d4b44d2dda5c061b1948af26e99f5c5500fd38,False,False,False,3913dba608c06a723b7b0d14235fd81f6b2ec59d67cc314fb3eb6d4da75b5f9d,True
ISIC_0014985,locked100,G1,0.8677285318559557,0.7663608562691131,0.1509070476802055,0.12355415352260778,0.19381443298969073,0.7781981349510799,674.4647724663863,866.7005768508882,subpixel_gt_segment_arc_length,1515,1956,0.5,256,126,0.4921875,128,2,0,73,73,0.5793650793650794,0.28515625,48,0.6575342465753424,63,19,123,1,0,1,8,contourpy binary 0.5 isocontours; saddle loops may differ from 8-connected pixel components,0,775,134,ok,,256,16.0,0.05,6ba9a02c43ede1f41b611b8e05e78ae2ab531380044a8f109fa69f4bf966d7e1,cbeab787aa9a61895fa41bd4c0d4b44d2dda5c061b1948af26e99f5c5500fd38,False,False,False,3913dba608c06a723b7b0d14235fd81f6b2ec59d67cc314fb3eb6d4da75b5f9d,True
ISIC_0014985,locked100,G2,0.8787696335078534,0.7837547570684784,0.2032871062101475,0.15813253012048192,0.2845360824742268,0.7781981349510799,674.4647724663863,866.7005768508882,subpixel_gt_segment_arc_length,1515,1956,0.5,256,126,0.4921875,128,2,0,73,73,0.5793650793650794,0.28515625,48,0.6575342465753424,63,19,123,1,0,1,8,contourpy binary 0.5 isocontours; saddle loops may differ from 8-connected pixel components,0,775,134,ok,,256,16.0,0.05,6ba9a02c43ede1f41b611b8e05e78ae2ab531380044a8f109fa69f4bf966d7e1,cbeab787aa9a61895fa41bd4c0d4b44d2dda5c061b1948af26e99f5c5500fd38,False,False,False,3913dba608c06a723b7b0d14235fd81f6b2ec59d67cc314fb3eb6d4da75b5f9d,True
ISIC_0014985,locked100,G3,0.8674477029077432,0.7659228674338926,0.16401296545181437,0.1340042372881356,0.211340206185567,0.7781981349510799,674.4647724663863,866.7005768508882,subpixel_gt_segment_arc_length,1515,1956,0.5,256,126,0.4921875,128,2,0,73,73,0.5793650793650794,0.28515625,48,0.6575342465753424,63,19,123,1,0,1,8,contourpy binary 0.5 isocontours; saddle loops may differ from 8-connected pixel components,0,775,134,ok,,256,16.0,0.05,6ba9a02c43ede1f41b611b8e05e78ae2ab531380044a8f109fa69f4bf966d7e1,cbeab787aa9a61895fa41bd4c0d4b44d2dda5c061b1948af26e99f5c5500fd38,False,False,False,3913dba608c06a723b7b0d14235fd81f6b2ec59d67cc314fb3eb6d4da75b5f9d,True
ISIC_0014985,locked100,G4,0.9226322923859945,0.856376412496439,0.3116450430122691,0.24151309408341415,0.43917525773195876,0.7781981349510799,674.4647724663863,866.7005768508882,subpixel_gt_segment_arc_length,1515,1956,0.5,256,126,0.4921875,128,2,0,73,73,0.5793650793650794,0.28515625,48,0.6575342465753424,63,19,123,1,0,1,8,contourpy binary 0.5 isocontours; saddle loops may differ from 8-connected pixel components,0,775,134,ok,,256,16.0,0.05,6ba9a02c43ede1f41b611b8e05e78ae2ab531380044a8f109fa69f4bf966d7e1,cbeab787aa9a61895fa41bd4c0d4b44d2dda5c061b1948af26e99f5c5500fd38,False,False,False,3913dba608c06a723b7b0d14235fd81f6b2ec59d67cc314fb3eb6d4da75b5f9d,True
ISIC_0014989,locked100,G0,0.9530377668308703,0.910288582183187,0.6370706175251221,0.6320346320346321,0.6421875,0.9847488871561397,583.4152595828997,592.4507934888325,subpixel_gt_segment_arc_length,1267,1288,0.5,256,242,0.9453125,14,0,0,0,174,0.71900826446281,0.6796875,42,0.2413793103448276,1,0,1,1,0,1,8,contourpy binary 0.5 isocontours; saddle loops may differ from 8-connected pixel components,0,712,140,ok,,256,16.0,0.05,b92f76964dfbdda983e7319d5320261def2906906a87d13961857da063993dbe,cbeab787aa9a61895fa41bd4c0d4b44d2dda5c061b1948af26e99f5c5500fd38,False,False,False,3913dba608c06a723b7b0d14235fd81f6b2ec59d67cc314fb3eb6d4da75b5f9d,True
ISIC_0014989,locked100,G1,0.9530349625294837,0.910283465465123,0.6379774342130033,0.636896046852123,0.6390625,0.9847488871561397,583.4152595828997,592.4507934888325,subpixel_gt_segment_arc_length,1267,1288,0.5,256,242,0.9453125,14,0,0,0,174,0.71900826446281,0.6796875,42,0.2413793103448276,1,0,1,1,0,1,8,contourpy binary 0.5 isocontours; saddle loops may differ from 8-connected pixel components,0,712,140,ok,,256,16.0,0.05,b92f76964dfbdda983e7319d5320261def2906906a87d13961857da063993dbe,cbeab787aa9a61895fa41bd4c0d4b44d2dda5c061b1948af26e99f5c5500fd38,False,False,False,3913dba608c06a723b7b0d14235fd81f6b2ec59d67cc314fb3eb6d4da75b5f9d,True
ISIC_0014989,locked100,G2,0.9597536566589684,0.9226215144159612,0.6650861234759048,0.6510989010989011,0.6796875,0.9847488871561397,583.4152595828997,592.4507934888325,subpixel_gt_segment_arc_length,1267,1288,0.5,256,242,0.9453125,14,0,0,0,174,0.71900826446281,0.6796875,42,0.2413793103448276,1,0,1,1,0,1,8,contourpy binary 0.5 isocontours; saddle loops may differ from 8-connected pixel components,0,712,140,ok,,256,16.0,0.05,b92f76964dfbdda983e7319d5320261def2906906a87d13961857da063993dbe,cbeab787aa9a61895fa41bd4c0d4b44d2dda5c061b1948af26e99f5c5500fd38,False,False,False,3913dba608c06a723b7b0d14235fd81f6b2ec59d67cc314fb3eb6d4da75b5f9d,True
ISIC_0014989,locked100,G3,0.9543305201412582,0.9126502575844304,0.6410437587878011,0.6383601756954612,0.64375,0.9847488871561397,583.4152595828997,592.4507934888325,subpixel_gt_segment_arc_length,1267,1288,0.5,256,242,0.9453125,14,0,0,0,174,0.71900826446281,0.6796875,42,0.2413793103448276,1,0,1,1,0,1,8,contourpy binary 0.5 isocontours; saddle loops may differ from 8-connected pixel components,0,712,140,ok,,256,16.0,0.05,b92f76964dfbdda983e7319d5320261def2906906a87d13961857da063993dbe,cbeab787aa9a61895fa41bd4c0d4b44d2dda5c061b1948af26e99f5c5500fd38,False,False,False,3913dba608c06a723b7b0d14235fd81f6b2ec59d67cc314fb3eb6d4da75b5f9d,True
ISIC_0014989,locked100,G4,0.976000983314384,0.9531268755251471,0.8328946835648053,0.8164642375168691,0.85,0.9847488871561397,583.4152595828997,592.4507934888325,subpixel_gt_segment_arc_length,1267,1288,0.5,256,242,0.9453125,14,0,0,0,174,0.71900826446281,0.6796875,42,0.2413793103448276,1,0,1,1,0,1,8,contourpy binary 0.5 isocontours; saddle loops may differ from 8-connected pixel components,0,712,140,ok,,256,16.0,0.05,b92f76964dfbdda983e7319d5320261def2906906a87d13961857da063993dbe,cbeab787aa9a61895fa41bd4c0d4b44d2dda5c061b1948af26e99f5c5500fd38,False,False,False,3913dba608c06a723b7b0d14235fd81f6b2ec59d67cc314fb3eb6d4da75b5f9d,True
ISIC_0015043,locked100,G0,0.9278751488927243,0.8654543805550517,0.3578684383922688,0.3819444444444444,0.3366477272727273,0.9527040089687654,621.4967350348509,652.350288425444,subpixel_gt_segment_arc_length,1354,1416,0.5,256,239,0.93359375,15,2,0,0,95,0.39748953974895396,0.37109375,69,0.7263157894736842,1,0,2,1,0,1,8,contourpy binary 0.5 isocontours; saddle loops may differ from 8-connected pixel components,0,526,132,ok,,256,16.0,0.05,7f66d8713871d77adb8426933925d0e5abef3a4aff97bb0042c30c6b76879281,cbeab787aa9a61895fa41bd4c0d4b44d2dda5c061b1948af26e99f5c5500fd38,False,False,False,3913dba608c06a723b7b0d14235fd81f6b2ec59d67cc314fb3eb6d4da75b5f9d,True
ISIC_0015043,locked100,G1,0.9279723849575807,0.8656235827664399,0.3559741057776127,0.381294964028777,0.3338068181818182,0.9527040089687654,621.4967350348509,652.350288425444,subpixel_gt_segment_arc_length,1354,1416,0.5,256,239,0.93359375,15,2,0,0,95,0.39748953974895396,0.37109375,69,0.7263157894736842,1,0,2,1,0,1,8,contourpy binary 0.5 isocontours; saddle loops may differ from 8-connected pixel components,0,526,132,ok,,256,16.0,0.05,7f66d8713871d77adb8426933925d0e5abef3a4aff97bb0042c30c6b76879281,cbeab787aa9a61895fa41bd4c0d4b44d2dda5c061b1948af26e99f5c5500fd38,False,False,False,3913dba608c06a723b7b0d14235fd81f6b2ec59d67cc314fb3eb6d4da75b5f9d,True
ISIC_0015043,locked100,G2,0.8907105203420184,0.802955889040473,0.13954274206083708,0.15570469798657718,0.12642045454545456,0.9527040089687654,621.4967350348509,652.350288425444,subpixel_gt_segment_arc_length,1354,1416,0.5,256,239,0.93359375,15,2,0,0,95,0.39748953974895396,0.37109375,69,0.7263157894736842,1,0,2,1,0,1,8,contourpy binary 0.5 isocontours; saddle loops may differ from 8-connected pixel components,0,526,132,ok,,256,16.0,0.05,7f66d8713871d77adb8426933925d0e5abef3a4aff97bb0042c30c6b76879281,cbeab787aa9a61895fa41bd4c0d4b44d2dda5c061b1948af26e99f5c5500fd38,False,False,False,3913dba608c06a723b7b0d14235fd81f6b2ec59d67cc314fb3eb6d4da75b5f9d,True
ISIC_0015043,locked100,G3,0.9279723849575807,0.8656235827664399,0.3559741057776127,0.381294964028777,0.3338068181818182,0.9527040089687654,621.4967350348509,652.350288425444,subpixel_gt_segment_arc_length,1354,1416,0.5,256,239,0.93359375,15,2,0,0,95,0.39748953974895396,0.37109375,69,0.7263157894736842,1,0,2,1,0,1,8,contourpy binary 0.5 isocontours; saddle loops may differ from 8-connected pixel components,0,526,132,ok,,256,16.0,0.05,7f66d8713871d77adb8426933925d0e5abef3a4aff97bb0042c30c6b76879281,cbeab787aa9a61895fa41bd4c0d4b44d2dda5c061b1948af26e99f5c5500fd38,False,False,False,3913dba608c06a723b7b0d14235fd81f6b2ec59d67cc314fb3eb6d4da75b5f9d,True
ISIC_0015043,locked100,G4,0.948595252759748,0.9022170151405912,0.4768241684544646,0.45808736717827625,0.4971590909090909,0.9527040089687654,621.4967350348509,652.350288425444,subpixel_gt_segment_arc_length,1354,1416,0.5,256,239,0.93359375,15,2,0,0,95,0.39748953974895396,0.37109375,69,0.7263157894736842,1,0,2,1,0,1,8,contourpy binary 0.5 isocontours; saddle loops may differ from 8-connected pixel components,0,526,132,ok,,256,16.0,0.05,7f66d8713871d77adb8426933925d0e5abef3a4aff97bb0042c30c6b76879281,cbeab787aa9a61895fa41bd4c0d4b44d2dda5c061b1948af26e99f5c5500fd38,False,False,False,3913dba608c06a723b7b0d14235fd81f6b2ec59d67cc314fb3eb6d4da75b5f9d,True
ISIC_0015062,locked100,G0,0.07022282241728561,0.0363890832750175,0.0,0.0,0.0,0.0,0.0,1264.9848480983499,subpixel_gt_segment_arc_length,0,2776,0.5,256,0,0.0,256,0,0,0,0,,0.0,0,,26,2,39,3,1,19,8,contourpy binary 0.5 isocontours; saddle loops may differ from 8-connected pixel components,0,7530,183,ok,,256,16.0,0.05,0b1bd009d559e112b5d6802deda6735ea4b28e60d1662d615271b28856d294c4,cbeab787aa9a61895fa41bd4c0d4b44d2dda5c061b1948af26e99f5c5500fd38,False,False,False,3913dba608c06a723b7b0d14235fd81f6b2ec59d67cc314fb3eb6d4da75b5f9d,True
ISIC_0015062,locked100,G1,0.07022282241728561,0.0363890832750175,0.0,0.0,0.0,0.0,0.0,1264.9848480983499,subpixel_gt_segment_arc_length,0,2776,0.5,256,0,0.0,256,0,0,0,0,,0.0,0,,26,2,39,3,1,19,8,contourpy binary 0.5 isocontours; saddle loops may differ from 8-connected pixel components,0,7530,183,ok,,256,16.0,0.05,0b1bd009d559e112b5d6802deda6735ea4b28e60d1662d615271b28856d294c4,cbeab787aa9a61895fa41bd4c0d4b44d2dda5c061b1948af26e99f5c5500fd38,False,False,False,3913dba608c06a723b7b0d14235fd81f6b2ec59d67cc314fb3eb6d4da75b5f9d,True
ISIC_0015062,locked100,G2,0.05382651087208853,0.02765761180736688,0.0,0.0,0.0,0.0,0.0,1264.9848480983499,subpixel_gt_segment_arc_length,0,2776,0.5,256,0,0.0,256,0,0,0,0,,0.0,0,,26,2,39,3,1,19,8,contourpy binary 0.5 isocontours; saddle loops may differ from 8-connected pixel components,0,7530,183,ok,,256,16.0,0.05,0b1bd009d559e112b5d6802deda6735ea4b28e60d1662d615271b28856d294c4,cbeab787aa9a61895fa41bd4c0d4b44d2dda5c061b1948af26e99f5c5500fd38,False,False,False,3913dba608c06a723b7b0d14235fd81f6b2ec59d67cc314fb3eb6d4da75b5f9d,True
ISIC_0015062,locked100,G3,0.06147679975335286,0.03171321330873465,0.0,0.0,0.0,0.0,0.0,1264.9848480983499,subpixel_gt_segment_arc_length,0,2776,0.5,256,0,0.0,256,0,0,0,0,,0.0,0,,26,2,39,3,1,19,8,contourpy binary 0.5 isocontours; saddle loops may differ from 8-connected pixel components,0,7530,183,ok,,256,16.0,0.05,0b1bd009d559e112b5d6802deda6735ea4b28e60d1662d615271b28856d294c4,cbeab787aa9a61895fa41bd4c0d4b44d2dda5c061b1948af26e99f5c5500fd38,False,False,False,3913dba608c06a723b7b0d14235fd81f6b2ec59d67cc314fb3eb6d4da75b5f9d,True
ISIC_0015062,locked100,G4,0.07979966101177297,0.04155798714930975,0.0,0.0,0.0,0.0,0.0,1264.9848480983499,subpixel_gt_segment_arc_length,0,2776,0.5,256,0,0.0,256,0,0,0,0,,0.0,0,,26,2,39,3,1,19,8,contourpy binary 0.5 isocontours; saddle loops may differ from 8-connected pixel components,0,7530,183,ok,,256,16.0,0.05,0b1bd009d559e112b5d6802deda6735ea4b28e60d1662d615271b28856d294c4,cbeab787aa9a61895fa41bd4c0d4b44d2dda5c061b1948af26e99f5c5500fd38,False,False,False,3913dba608c06a723b7b0d14235fd81f6b2ec59d67cc314fb3eb6d4da75b5f9d,True
ISIC_0015124,locked100,G0,0.9665916760404949,0.9353434200500708,0.5834594743360395,0.5705059203444564,0.5970149253731343,1.0,735.9482681718907,735.9482681718907,subpixel_gt_segment_arc_length,1616,1616,0.5,256,240,0.9375,14,2,0,23,165,0.6875,0.64453125,62,0.37575757575757573,2,3,11,1,0,1,8,contourpy binary 0.5 isocontours; saddle loops may differ from 8-connected pixel components,0,796,142,ok,,256,16.0,0.05,d6cc5efa0cb0f80fcda086e1c288958e2aba58334ab63211e116203a4eebcf19,cbeab787aa9a61895fa41bd4c0d4b44d2dda5c061b1948af26e99f5c5500fd38,False,False,False,3913dba608c06a723b7b0d14235fd81f6b2ec59d67cc314fb3eb6d4da75b5f9d,True
ISIC_0015124,locked100,G1,0.9666522953493167,0.9354569531618474,0.580969709943273,0.575,0.5870646766169154,1.0,735.9482681718907,735.9482681718907,subpixel_gt_segment_arc_length,1616,1616,0.5,256,240,0.9375,14,2,0,23,165,0.6875,0.64453125,62,0.37575757575757573,2,3,11,1,0,1,8,contourpy binary 0.5 isocontours; saddle loops may differ from 8-connected pixel components,0,796,142,ok,,256,16.0,0.05,d6cc5efa0cb0f80fcda086e1c288958e2aba58334ab63211e116203a4eebcf19,cbeab787aa9a61895fa41bd4c0d4b44d2dda5c061b1948af26e99f5c5500fd38,False,False,False,3913dba608c06a723b7b0d14235fd81f6b2ec59d67cc314fb3eb6d4da75b5f9d,True
ISIC_0015124,locked100,G2,0.9612179856391353,0.9253317561823088,0.5080247618115906,0.4922222222222222,0.5248756218905473,1.0,735.9482681718907,735.9482681718907,subpixel_gt_segment_arc_length,1616,1616,0.5,256,240,0.9375,14,2,0,23,165,0.6875,0.64453125,62,0.37575757575757573,2,3,11,1,0,1,8,contourpy binary 0.5 isocontours; saddle loops may differ from 8-connected pixel components,0,796,142,ok,,256,16.0,0.05,d6cc5efa0cb0f80fcda086e1c288958e2aba58334ab63211e116203a4eebcf19,cbeab787aa9a61895fa41bd4c0d4b44d2dda5c061b1948af26e99f5c5500fd38,False,False,False,3913dba608c06a723b7b0d14235fd81f6b2ec59d67cc314fb3eb6d4da75b5f9d,True
ISIC_0015124,locked100,G3,0.9681286879392641,0.9382261883081406,0.6032221171088489,0.5947488584474886,0.6119402985074627,1.0,735.9482681718907,735.9482681718907,subpixel_gt_segment_arc_length,1616,1616,0.5,256,240,0.9375,14,2,0,23,165,0.6875,0.64453125,62,0.37575757575757573,2,3,11,1,0,1,8,contourpy binary 0.5 isocontours; saddle loops may differ from 8-connected pixel components,0,796,142,ok,,256,16.0,0.05,d6cc5efa0cb0f80fcda086e1c288958e2aba58334ab63211e116203a4eebcf19,cbeab787aa9a61895fa41bd4c0d4b44d2dda5c061b1948af26e99f5c5500fd38,False,False,False,3913dba608c06a723b7b0d14235fd81f6b2ec59d67cc314fb3eb6d4da75b5f9d,True
ISIC_0015124,locked100,G4,0.9762084877827369,0.9535227398677356,0.7399706228579167,0.7070393374741201,0.7761194029850746,1.0,735.9482681718907,735.9482681718907,subpixel_gt_segment_arc_length,1616,1616,0.5,256,240,0.9375,14,2,0,23,165,0.6875,0.64453125,62,0.37575757575757573,2,3,11,1,0,1,8,contourpy binary 0.5 isocontours; saddle loops may differ from 8-connected pixel components,0,796,142,ok,,256,16.0,0.05,d6cc5efa0cb0f80fcda086e1c288958e2aba58334ab63211e116203a4eebcf19,cbeab787aa9a61895fa41bd4c0d4b44d2dda5c061b1948af26e99f5c5500fd38,False,False,False,3913dba608c06a723b7b0d14235fd81f6b2ec59d67cc314fb3eb6d4da75b5f9d,True
ISIC_0015211,locked100,G0,0.8392140916400199,0.7229706060316551,0.07581824977307917,0.07194244604316546,0.08013544018058691,0.6523682309943022,462.14170234784245,708.4062043356596,subpixel_gt_segment_arc_length,1175,1780,0.5,256,135,0.52734375,121,0,0,0,36,0.26666666666666666,0.140625,23,0.6388888888888888,6,11,30,1,0,1,8,contourpy binary 0.5 isocontours; saddle loops may differ from 8-connected pixel components,0,1004,170,ok,,256,16.0,0.05,bb13d5ec163e5fa2a6325dbf657cd8a21e0f03812070d2ed1dec5e9880c0836e,cbeab787aa9a61895fa41bd4c0d4b44d2dda5c061b1948af26e99f5c5500fd38,False,False,False,3913dba608c06a723b7b0d14235fd81f6b2ec59d67cc314fb3eb6d4da75b5f9d,True
ISIC_0015211,locked100,G1,0.8392688831802473,0.7230519377129574,0.06659500495473555,0.06448412698412699,0.06884875846501129,0.6523682309943022,462.14170234784245,708.4062043356596,subpixel_gt_segment_arc_length,1175,1780,0.5,256,135,0.52734375,121,0,0,0,36,0.26666666666666666,0.140625,23,0.6388888888888888,6,11,30,1,0,1,8,contourpy binary 0.5 isocontours; saddle loops may differ from 8-connected pixel components,0,1004,170,ok,,256,16.0,0.05,bb13d5ec163e5fa2a6325dbf657cd8a21e0f03812070d2ed1dec5e9880c0836e,cbeab787aa9a61895fa41bd4c0d4b44d2dda5c061b1948af26e99f5c5500fd38,False,False,False,3913dba608c06a723b7b0d14235fd81f6b2ec59d67cc314fb3eb6d4da75b5f9d,True
ISIC_0015211,locked100,G2,0.8011084567606307,0.6682076133392846,0.06787890327494288,0.0659025787965616,0.06997742663656885,0.6523682309943022,462.14170234784245,708.4062043356596,subpixel_gt_segment_arc_length,1175,1780,0.5,256,135,0.52734375,121,0,0,0,36,0.26666666666666666,0.140625,23,0.6388888888888888,6,11,30,1,0,1,8,contourpy binary 0.5 isocontours; saddle loops may differ from 8-connected pixel components,0,1004,170,ok,,256,16.0,0.05,bb13d5ec163e5fa2a6325dbf657cd8a21e0f03812070d2ed1dec5e9880c0836e,cbeab787aa9a61895fa41bd4c0d4b44d2dda5c061b1948af26e99f5c5500fd38,False,False,False,3913dba608c06a723b7b0d14235fd81f6b2ec59d67cc314fb3eb6d4da75b5f9d,True
ISIC_0015211,locked100,G3,0.8392688831802473,0.7230519377129574,0.06659500495473555,0.06448412698412699,0.06884875846501129,0.6523682309943022,462.14170234784245,708.4062043356596,subpixel_gt_segment_arc_length,1175,1780,0.5,256,135,0.52734375,121,0,0,0,36,0.26666666666666666,0.140625,23,0.6388888888888888,6,11,30,1,0,1,8,contourpy binary 0.5 isocontours; saddle loops may differ from 8-connected pixel components,0,1004,170,ok,,256,16.0,0.05,bb13d5ec163e5fa2a6325dbf657cd8a21e0f03812070d2ed1dec5e9880c0836e,cbeab787aa9a61895fa41bd4c0d4b44d2dda5c061b1948af26e99f5c5500fd38,False,False,False,3913dba608c06a723b7b0d14235fd81f6b2ec59d67cc314fb3eb6d4da75b5f9d,True
ISIC_0015211,locked100,G4,0.8822064056939501,0.7892390958293537,0.15214208767229234,0.13026819923371646,0.18284424379232506,0.6523682309943022,462.14170234784245,708.4062043356596,subpixel_gt_segment_arc_length,1175,1780,0.5,256,135,0.52734375,121,0,0,0,36,0.26666666666666666,0.140625,23,0.6388888888888888,6,11,30,1,0,1,8,contourpy binary 0.5 isocontours; saddle loops may differ from 8-connected pixel components,0,1004,170,ok,,256,16.0,0.05,bb13d5ec163e5fa2a6325dbf657cd8a21e0f03812070d2ed1dec5e9880c0836e,cbeab787aa9a61895fa41bd4c0d4b44d2dda5c061b1948af26e99f5c5500fd38,False,False,False,3913dba608c06a723b7b0d14235fd81f6b2ec59d67cc314fb3eb6d4da75b5f9d,True
ISIC_0015243,locked100,G0,0.955902492467817,0.9155299055613851,0.3243479429954289,0.2808988764044944,0.3836978131212724,0.9994639082617999,932.1761902332487,932.6761902332487,subpixel_gt_segment_arc_length,2019,2020,0.5,256,217,0.84765625,33,6,0,70,118,0.543778801843318,0.4609375,49,0.4152542372881356,19,12,43,1,0,1,8,contourpy binary 0.5 isocontours; saddle loops may differ from 8-connected pixel components,0,781,125,ok,,256,16.0,0.05,b5515cb63a2872a04605d0592464fa0e70db2e7647fca61e7782924e44575147,cbeab787aa9a61895fa41bd4c0d4b44d2dda5c061b1948af26e99f5c5500fd38,False,False,False,3913dba608c06a723b7b0d14235fd81f6b2ec59d67cc314fb3eb6d4da75b5f9d,True
ISIC_0015243,locked100,G1,0.95578231292517,0.9153094462540716,0.3173487890169667,0.28321678321678323,0.36083499005964215,0.9994639082617999,932.1761902332487,932.6761902332487,subpixel_gt_segment_arc_length,2019,2020,0.5,256,217,0.84765625,33,6,0,70,118,0.543778801843318,0.4609375,49,0.4152542372881356,19,12,43,1,0,1,8,contourpy binary 0.5 isocontours; saddle loops may differ from 8-connected pixel components,0,781,125,ok,,256,16.0,0.05,b5515cb63a2872a04605d0592464fa0e70db2e7647fca61e7782924e44575147,cbeab787aa9a61895fa41bd4c0d4b44d2dda5c061b1948af26e99f5c5500fd38,False,False,False,3913dba608c06a723b7b0d14235fd81f6b2ec59d67cc314fb3eb6d4da75b5f9d,True
ISIC_0015243,locked100,G2,0.9399198612523174,0.8866498172135217,0.39521830286534004,0.33534743202416917,0.48111332007952284,0.9994639082617999,932.1761902332487,932.6761902332487,subpixel_gt_segment_arc_length,2019,2020,0.5,256,217,0.84765625,33,6,0,70,118,0.543778801843318,0.4609375,49,0.4152542372881356,19,12,43,1,0,1,8,contourpy binary 0.5 isocontours; saddle loops may differ from 8-connected pixel components,0,781,125,ok,,256,16.0,0.05,b5515cb63a2872a04605d0592464fa0e70db2e7647fca61e7782924e44575147,cbeab787aa9a61895fa41bd4c0d4b44d2dda5c061b1948af26e99f5c5500fd38,False,False,False,3913dba608c06a723b7b0d14235fd81f6b2ec59d67cc314fb3eb6d4da75b5f9d,True
ISIC_0015243,locked100,G3,0.9548199661435696,0.9135459300925824,0.3086816720257235,0.27615062761506276,0.3499005964214712,0.9994639082617999,932.1761902332487,932.6761902332487,subpixel_gt_segment_arc_length,2019,2020,0.5,256,217,0.84765625,33,6,0,70,118,0.543778801843318,0.4609375,49,0.4152542372881356,19,12,43,1,0,1,8,contourpy binary 0.5 isocontours; saddle loops may differ from 8-connected pixel components,0,781,125,ok,,256,16.0,0.05,b5515cb63a2872a04605d0592464fa0e70db2e7647fca61e7782924e44575147,cbeab787aa9a61895fa41bd4c0d4b44d2dda5c061b1948af26e99f5c5500fd38,False,False,False,3913dba608c06a723b7b0d14235fd81f6b2ec59d67cc314fb3eb6d4da75b5f9d,True
ISIC_0015243,locked100,G4,0.9763329359889824,0.9537602315380093,0.6113509902348726,0.5363511659807956,0.7107355864811133,0.9994639082617999,932.1761902332487,932.6761902332487,subpixel_gt_segment_arc_length,2019,2020,0.5,256,217,0.84765625,33,6,0,70,118,0.543778801843318,0.4609375,49,0.4152542372881356,19,12,43,1,0,1,8,contourpy binary 0.5 isocontours; saddle loops may differ from 8-connected pixel components,0,781,125,ok,,256,16.0,0.05,b5515cb63a2872a04605d0592464fa0e70db2e7647fca61e7782924e44575147,cbeab787aa9a61895fa41bd4c0d4b44d2dda5c061b1948af26e99f5c5500fd38,False,False,False,3913dba608c06a723b7b0d14235fd81f6b2ec59d67cc314fb3eb6d4da75b5f9d,True
ISIC_0015401,locked100,G0,0.954535128995619,0.9130245840576111,0.7413065961076115,0.7344213649851632,0.7483221476510067,0.9811124474161852,540.9655121145938,551.3797256769669,subpixel_gt_segment_arc_length,1178,1200,0.5,256,227,0.88671875,25,4,0,0,173,0.762114537444934,0.67578125,95,0.5491329479768786,1,3,5,1,0,1,8,contourpy binary 0.5 isocontours; saddle loops may differ from 8-connected pixel components,0,815,154,ok,,256,16.0,0.05,7b70dfbe8bc101a208c26f431052267e6acab73df7f54c74e437b855f84bebe7,cbeab787aa9a61895fa41bd4c0d4b44d2dda5c061b1948af26e99f5c5500fd38,False,False,False,3913dba608c06a723b7b0d14235fd81f6b2ec59d67cc314fb3eb6d4da75b5f9d,True
ISIC_0015401,locked100,G1,0.9544982474360638,0.9129570993977774,0.733022898229122,0.732824427480916,0.7332214765100671,0.9811124474161852,540.9655121145938,551.3797256769669,subpixel_gt_segment_arc_length,1178,1200,0.5,256,227,0.88671875,25,4,0,0,173,0.762114537444934,0.67578125,95,0.5491329479768786,1,3,5,1,0,1,8,contourpy binary 0.5 isocontours; saddle loops may differ from 8-connected pixel components,0,815,154,ok,,256,16.0,0.05,7b70dfbe8bc101a208c26f431052267e6acab73df7f54c74e437b855f84bebe7,cbeab787aa9a61895fa41bd4c0d4b44d2dda5c061b1948af26e99f5c5500fd38,False,False,False,3913dba608c06a723b7b0d14235fd81f6b2ec59d67cc314fb3eb6d4da75b5f9d,True
ISIC_0015401,locked100,G2,0.937469129704633,0.8822982521383413,0.46195164857686954,0.4154761904761905,0.5201342281879194,0.9811124474161852,540.9655121145938,551.3797256769669,subpixel_gt_segment_arc_length,1178,1200,0.5,256,227,0.88671875,25,4,0,0,173,0.762114537444934,0.67578125,95,0.5491329479768786,1,3,5,1,0,1,8,contourpy binary 0.5 isocontours; saddle loops may differ from 8-connected pixel components,0,815,154,ok,,256,16.0,0.05,7b70dfbe8bc101a208c26f431052267e6acab73df7f54c74e437b855f84bebe7,cbeab787aa9a61895fa41bd4c0d4b44d2dda5c061b1948af26e99f5c5500fd38,False,False,False,3913dba608c06a723b7b0d14235fd81f6b2ec59d67cc314fb3eb6d4da75b5f9d,True
ISIC_0015401,locked100,G3,0.9480447110499229,0.9012214882213636,0.5937941380308627,0.6040372670807453,0.5838926174496645,0.9811124474161852,540.9655121145938,551.3797256769669,subpixel_gt_segment_arc_length,1178,1200,0.5,256,227,0.88671875,25,4,0,0,173,0.762114537444934,0.67578125,95,0.5491329479768786,1,3,5,1,0,1,8,contourpy binary 0.5 isocontours; saddle loops may differ from 8-connected pixel components,0,815,154,ok,,256,16.0,0.05,7b70dfbe8bc101a208c26f431052267e6acab73df7f54c74e437b855f84bebe7,cbeab787aa9a61895fa41bd4c0d4b44d2dda5c061b1948af26e99f5c5500fd38,False,False,False,3913dba608c06a723b7b0d14235fd81f6b2ec59d67cc314fb3eb6d4da75b5f9d,True
ISIC_0015401,locked100,G4,0.9743623628915026,0.950006442468754,0.8372669252909524,0.7896935933147632,0.8909395973154363,0.9811124474161852,540.9655121145938,551.3797256769669,subpixel_gt_segment_arc_length,1178,1200,0.5,256,227,0.88671875,25,4,0,0,173,0.762114537444934,0.67578125,95,0.5491329479768786,1,3,5,1,0,1,8,contourpy binary 0.5 isocontours; saddle loops may differ from 8-connected pixel components,0,815,154,ok,,256,16.0,0.05,7b70dfbe8bc101a208c26f431052267e6acab73df7f54c74e437b855f84bebe7,cbeab787aa9a61895fa41bd4c0d4b44d2dda5c061b1948af26e99f5c5500fd38,False,False,False,3913dba608c06a723b7b0d14235fd81f6b2ec59d67cc314fb3eb6d4da75b5f9d,True
ISIC_0015443,locked100,G0,0.9711425341975963,0.9439038608134165,0.6497801328912872,0.6646706586826348,0.6355421686746988,1.0,620.5512985522207,620.5512985522207,subpixel_gt_segment_arc_length,1336,1336,0.5,256,256,1.0,0,0,0,0,165,0.64453125,0.64453125,44,0.26666666666666666,1,0,1,1,0,1,8,contourpy binary 0.5 isocontours; saddle loops may differ from 8-connected pixel components,0,304,112,ok,,256,16.0,0.05,d11d73a959e6f1eb909ee25f48c6b137099d37086a4cc1e0ab4af3713ed431e3,cbeab787aa9a61895fa41bd4c0d4b44d2dda5c061b1948af26e99f5c5500fd38,False,False,False,3913dba608c06a723b7b0d14235fd81f6b2ec59d67cc314fb3eb6d4da75b5f9d,True
ISIC_0015443,locked100,G1,0.9710977325675271,0.9438192171456755,0.6500163420282196,0.6651651651651652,0.6355421686746988,1.0,620.5512985522207,620.5512985522207,subpixel_gt_segment_arc_length,1336,1336,0.5,256,256,1.0,0,0,0,0,165,0.64453125,0.64453125,44,0.26666666666666666,1,0,1,1,0,1,8,contourpy binary 0.5 isocontours; saddle loops may differ from 8-connected pixel components,0,304,112,ok,,256,16.0,0.05,d11d73a959e6f1eb909ee25f48c6b137099d37086a4cc1e0ab4af3713ed431e3,cbeab787aa9a61895fa41bd4c0d4b44d2dda5c061b1948af26e99f5c5500fd38,False,False,False,3913dba608c06a723b7b0d14235fd81f6b2ec59d67cc314fb3eb6d4da75b5f9d,True
ISIC_0015443,locked100,G2,0.9673074224779009,0.9366847826086957,0.5707841984668722,0.5918057663125948,0.5512048192771084,1.0,620.5512985522207,620.5512985522207,subpixel_gt_segment_arc_length,1336,1336,0.5,256,256,1.0,0,0,0,0,165,0.64453125,0.64453125,44,0.26666666666666666,1,0,1,1,0,1,8,contourpy binary 0.5 isocontours; saddle loops may differ from 8-connected pixel components,0,304,112,ok,,256,16.0,0.05,d11d73a959e6f1eb909ee25f48c6b137099d37086a4cc1e0ab4af3713ed431e3,cbeab787aa9a61895fa41bd4c0d4b44d2dda5c061b1948af26e99f5c5500fd38,False,False,False,3913dba608c06a723b7b0d14235fd81f6b2ec59d67cc314fb3eb6d4da75b5f9d,True
ISIC_0015443,locked100,G3,0.9721400850120125,0.9457904436553243,0.6500163420282196,0.6651651651651652,0.6355421686746988,1.0,620.5512985522207,620.5512985522207,subpixel_gt_segment_arc_length,1336,1336,0.5,256,256,1.0,0,0,0,0,165,0.64453125,0.64453125,44,0.26666666666666666,1,0,1,1,0,1,8,contourpy binary 0.5 isocontours; saddle loops may differ from 8-connected pixel components,0,304,112,ok,,256,16.0,0.05,d11d73a959e6f1eb909ee25f48c6b137099d37086a4cc1e0ab4af3713ed431e3,cbeab787aa9a61895fa41bd4c0d4b44d2dda5c061b1948af26e99f5c5500fd38,False,False,False,3913dba608c06a723b7b0d14235fd81f6b2ec59d67cc314fb3eb6d4da75b5f9d,True
ISIC_0015443,locked100,G4,0.9762141881094101,0.9535336168672518,0.7291701920148173,0.7451564828614009,0.713855421686747,1.0,620.5512985522207,620.5512985522207,subpixel_gt_segment_arc_length,1336,1336,0.5,256,256,1.0,0,0,0,0,165,0.64453125,0.64453125,44,0.26666666666666666,1,0,1,1,0,1,8,contourpy binary 0.5 isocontours; saddle loops may differ from 8-connected pixel components,0,304,112,ok,,256,16.0,0.05,d11d73a959e6f1eb909ee25f48c6b137099d37086a4cc1e0ab4af3713ed431e3,cbeab787aa9a61895fa41bd4c0d4b44d2dda5c061b1948af26e99f5c5500fd38,False,False,False,3913dba608c06a723b7b0d14235fd81f6b2ec59d67cc314fb3eb6d4da75b5f9d,True
ISIC_0015445,locked100,G0,0.7192651701157489,0.5616035055287392,0.13053086993975455,0.13139260424862312,0.12968036529680366,0.5487152288543703,533.5150249980804,972.2985565973348,subpixel_gt_segment_arc_length,1229,2200,0.5,256,142,0.5546875,112,2,0,20,59,0.4154929577464789,0.23046875,34,0.576271186440678,3,2,18,1,0,1,8,contourpy binary 0.5 isocontours; saddle loops may differ from 8-connected pixel components,0,961,135,ok,,256,16.0,0.05,6712afde988f1518bb03536d35774a66301ef3fabf8c8af1e2a0f8fadf79fea6,cbeab787aa9a61895fa41bd4c0d4b44d2dda5c061b1948af26e99f5c5500fd38,False,False,False,3913dba608c06a723b7b0d14235fd81f6b2ec59d67cc314fb3eb6d4da75b5f9d,True
ISIC_0015445,locked100,G1,0.719198649803827,0.5615224013416846,0.12991503509420022,0.13204373423044574,0.1278538812785388,0.5487152288543703,533.5150249980804,972.2985565973348,subpixel_gt_segment_arc_length,1229,2200,0.5,256,142,0.5546875,112,2,0,20,59,0.4154929577464789,0.23046875,34,0.576271186440678,3,2,18,1,0,1,8,contourpy binary 0.5 isocontours; saddle loops may differ from 8-connected pixel components,0,961,135,ok,,256,16.0,0.05,6712afde988f1518bb03536d35774a66301ef3fabf8c8af1e2a0f8fadf79fea6,cbeab787aa9a61895fa41bd4c0d4b44d2dda5c061b1948af26e99f5c5500fd38,False,False,False,3913dba608c06a723b7b0d14235fd81f6b2ec59d67cc314fb3eb6d4da75b5f9d,True
ISIC_0015445,locked100,G2,0.7074114540653738,0.5472827809671398,0.1333566590857971,0.1343065693430657,0.1324200913242009,0.5487152288543703,533.5150249980804,972.2985565973348,subpixel_gt_segment_arc_length,1229,2200,0.5,256,142,0.5546875,112,2,0,20,59,0.4154929577464789,0.23046875,34,0.576271186440678,3,2,18,1,0,1,8,contourpy binary 0.5 isocontours; saddle loops may differ from 8-connected pixel components,0,961,135,ok,,256,16.0,0.05,6712afde988f1518bb03536d35774a66301ef3fabf8c8af1e2a0f8fadf79fea6,cbeab787aa9a61895fa41bd4c0d4b44d2dda5c061b1948af26e99f5c5500fd38,False,False,False,3913dba608c06a723b7b0d14235fd81f6b2ec59d67cc314fb3eb6d4da75b5f9d,True
ISIC_0015445,locked100,G3,0.7194099310708171,0.5617800329127811,0.14085792349726775,0.1459915611814346,0.13607305936073058,0.5487152288543703,533.5150249980804,972.2985565973348,subpixel_gt_segment_arc_length,1229,2200,0.5,256,142,0.5546875,112,2,0,20,59,0.4154929577464789,0.23046875,34,0.576271186440678,3,2,18,1,0,1,8,contourpy binary 0.5 isocontours; saddle loops may differ from 8-connected pixel components,0,961,135,ok,,256,16.0,0.05,6712afde988f1518bb03536d35774a66301ef3fabf8c8af1e2a0f8fadf79fea6,cbeab787aa9a61895fa41bd4c0d4b44d2dda5c061b1948af26e99f5c5500fd38,False,False,False,3913dba608c06a723b7b0d14235fd81f6b2ec59d67cc314fb3eb6d4da75b5f9d,True
ISIC_0015445,locked100,G4,0.7803105670660496,0.6397616852259026,0.25891757661529147,0.24470266575529734,0.27488584474885847,0.5487152288543703,533.5150249980804,972.2985565973348,subpixel_gt_segment_arc_length,1229,2200,0.5,256,142,0.5546875,112,2,0,20,59,0.4154929577464789,0.23046875,34,0.576271186440678,3,2,18,1,0,1,8,contourpy binary 0.5 isocontours; saddle loops may differ from 8-connected pixel components,0,961,135,ok,,256,16.0,0.05,6712afde988f1518bb03536d35774a66301ef3fabf8c8af1e2a0f8fadf79fea6,cbeab787aa9a61895fa41bd4c0d4b44d2dda5c061b1948af26e99f5c5500fd38,False,False,False,3913dba608c06a723b7b0d14235fd81f6b2ec59d67cc314fb3eb6d4da75b5f9d,True
ISIC_0015483,locked100,G0,0.9454119055935333,0.8964750414005205,0.3999694669513424,0.3677494199535963,0.43837753510140404,1.0,574.19090885901,574.19090885901,subpixel_gt_segment_arc_length,1296,1296,0.5,256,225,0.87890625,28,3,0,0,155,0.6888888888888889,0.60546875,74,0.4774193548387097,5,5,16,1,0,1,8,contourpy binary 0.5 isocontours; saddle loops may differ from 8-connected pixel components,0,1003,153,ok,,256,16.0,0.05,51362c7369b9c57936fe6d54e39b294034f0f13932f2e109a83f907b1a467301,cbeab787aa9a61895fa41bd4c0d4b44d2dda5c061b1948af26e99f5c5500fd38,False,False,False,3913dba608c06a723b7b0d14235fd81f6b2ec59d67cc314fb3eb6d4da75b5f9d,True
ISIC_0015483,locked100,G1,0.9457085828343313,0.8970087088224158,0.3973987012315259,0.36670687575392036,0.43369734789391573,1.0,574.19090885901,574.19090885901,subpixel_gt_segment_arc_length,1296,1296,0.5,256,225,0.87890625,28,3,0,0,155,0.6888888888888889,0.60546875,74,0.4774193548387097,5,5,16,1,0,1,8,contourpy binary 0.5 isocontours; saddle loops may differ from 8-connected pixel components,0,1003,153,ok,,256,16.0,0.05,51362c7369b9c57936fe6d54e39b294034f0f13932f2e109a83f907b1a467301,cbeab787aa9a61895fa41bd4c0d4b44d2dda5c061b1948af26e99f5c5500fd38,False,False,False,3913dba608c06a723b7b0d14235fd81f6b2ec59d67cc314fb3eb6d4da75b5f9d,True
ISIC_0015483,locked100,G2,0.952000845800074,0.9083984867591425,0.5012427253241162,0.43417085427135677,0.592823712948518,1.0,574.19090885901,574.19090885901,subpixel_gt_segment_arc_length,1296,1296,0.5,256,225,0.87890625,28,3,0,0,155,0.6888888888888889,0.60546875,74,0.4774193548387097,5,5,16,1,0,1,8,contourpy binary 0.5 isocontours; saddle loops may differ from 8-connected pixel components,0,1003,153,ok,,256,16.0,0.05,51362c7369b9c57936fe6d54e39b294034f0f13932f2e109a83f907b1a467301,cbeab787aa9a61895fa41bd4c0d4b44d2dda5c061b1948af26e99f5c5500fd38,False,False,False,3913dba608c06a723b7b0d14235fd81f6b2ec59d67cc314fb3eb6d4da75b5f9d,True
ISIC_0015483,locked100,G3,0.9457085828343313,0.8970087088224158,0.3973987012315259,0.36670687575392036,0.43369734789391573,1.0,574.19090885901,574.19090885901,subpixel_gt_segment_arc_length,1296,1296,0.5,256,225,0.87890625,28,3,0,0,155,0.6888888888888889,0.60546875,74,0.4774193548387097,5,5,16,1,0,1,8,contourpy binary 0.5 isocontours; saddle loops may differ from 8-connected pixel components,0,1003,153,ok,,256,16.0,0.05,51362c7369b9c57936fe6d54e39b294034f0f13932f2e109a83f907b1a467301,cbeab787aa9a61895fa41bd4c0d4b44d2dda5c061b1948af26e99f5c5500fd38,False,False,False,3913dba608c06a723b7b0d14235fd81f6b2ec59d67cc314fb3eb6d4da75b5f9d,True
ISIC_0015483,locked100,G4,0.9741473290764678,0.9495976924244725,0.7569101382882345,0.6871508379888268,0.8424336973478939,1.0,574.19090885901,574.19090885901,subpixel_gt_segment_arc_length,1296,1296,0.5,256,225,0.87890625,28,3,0,0,155,0.6888888888888889,0.60546875,74,0.4774193548387097,5,5,16,1,0,1,8,contourpy binary 0.5 isocontours; saddle loops may differ from 8-connected pixel components,0,1003,153,ok,,256,16.0,0.05,51362c7369b9c57936fe6d54e39b294034f0f13932f2e109a83f907b1a467301,cbeab787aa9a61895fa41bd4c0d4b44d2dda5c061b1948af26e99f5c5500fd38,False,False,False,3913dba608c06a723b7b0d14235fd81f6b2ec59d67cc314fb3eb6d4da75b5f9d,True
ISIC_0015496,locked100,G0,0.9741200050106477,0.9495457653609456,0.731979174725429,0.7270233196159122,0.7370030581039755,1.0,607.6223663640862,607.6223663640862,subpixel_gt_segment_arc_length,1316,1316,0.5,256,255,0.99609375,1,0,0,0,214,0.8392156862745098,0.8359375,76,0.35514018691588783,1,0,2,1,0,1,8,contourpy binary 0.5 isocontours; saddle loops may differ from 8-connected pixel components,0,685,147,ok,,256,16.0,0.05,b99e9e68a17a0e5337be3d9ddd7a60396710c87546f7ff359a6dbe39e79dfb8f,cbeab787aa9a61895fa41bd4c0d4b44d2dda5c061b1948af26e99f5c5500fd38,False,False,False,3913dba608c06a723b7b0d14235fd81f6b2ec59d67cc314fb3eb6d4da75b5f9d,True
ISIC_0015496,locked100,G1,0.9743692531255481,0.9500195427008012,0.7182176993382822,0.7239884393063584,0.7125382262996942,1.0,607.6223663640862,607.6223663640862,subpixel_gt_segment_arc_length,1316,1316,0.5,256,255,0.99609375,1,0,0,0,214,0.8392156862745098,0.8359375,76,0.35514018691588783,1,0,2,1,0,1,8,contourpy binary 0.5 isocontours; saddle loops may differ from 8-connected pixel components,0,685,147,ok,,256,16.0,0.05,b99e9e68a17a0e5337be3d9ddd7a60396710c87546f7ff359a6dbe39e79dfb8f,cbeab787aa9a61895fa41bd4c0d4b44d2dda5c061b1948af26e99f5c5500fd38,False,False,False,3913dba608c06a723b7b0d14235fd81f6b2ec59d67cc314fb3eb6d4da75b5f9d,True
ISIC_0015496,locked100,G2,0.9732006719214369,0.9478002617537501,0.7016341083185385,0.6939597315436241,0.709480122324159,1.0,607.6223663640862,607.6223663640862,subpixel_gt_segment_arc_length,1316,1316,0.5,256,255,0.99609375,1,0,0,0,214,0.8392156862745098,0.8359375,76,0.35514018691588783,1,0,2,1,0,1,8,contourpy binary 0.5 isocontours; saddle loops may differ from 8-connected pixel components,0,685,147,ok,,256,16.0,0.05,b99e9e68a17a0e5337be3d9ddd7a60396710c87546f7ff359a6dbe39e79dfb8f,cbeab787aa9a61895fa41bd4c0d4b44d2dda5c061b1948af26e99f5c5500fd38,False,False,False,3913dba608c06a723b7b0d14235fd81f6b2ec59d67cc314fb3eb6d4da75b5f9d,True
ISIC_0015496,locked100,G3,0.9751510744464783,0.9515071442552359,0.729678925967428,0.736231884057971,0.7232415902140673,1.0,607.6223663640862,607.6223663640862,subpixel_gt_segment_arc_length,1316,1316,0.5,256,255,0.99609375,1,0,0,0,214,0.8392156862745098,0.8359375,76,0.35514018691588783,1,0,2,1,0,1,8,contourpy binary 0.5 isocontours; saddle loops may differ from 8-connected pixel components,0,685,147,ok,,256,16.0,0.05,b99e9e68a17a0e5337be3d9ddd7a60396710c87546f7ff359a6dbe39e79dfb8f,cbeab787aa9a61895fa41bd4c0d4b44d2dda5c061b1948af26e99f5c5500fd38,False,False,False,3913dba608c06a723b7b0d14235fd81f6b2ec59d67cc314fb3eb6d4da75b5f9d,True
ISIC_0015496,locked100,G4,0.985660800244505,0.9717270125043941,0.9547355841051688,0.967930029154519,0.9418960244648318,1.0,607.6223663640862,607.6223663640862,subpixel_gt_segment_arc_length,1316,1316,0.5,256,255,0.99609375,1,0,0,0,214,0.8392156862745098,0.8359375,76,0.35514018691588783,1,0,2,1,0,1,8,contourpy binary 0.5 isocontours; saddle loops may differ from 8-connected pixel components,0,685,147,ok,,256,16.0,0.05,b99e9e68a17a0e5337be3d9ddd7a60396710c87546f7ff359a6dbe39e79dfb8f,cbeab787aa9a61895fa41bd4c0d4b44d2dda5c061b1948af26e99f5c5500fd38,False,False,False,3913dba608c06a723b7b0d14235fd81f6b2ec59d67cc314fb3eb6d4da75b5f9d,True
