image_id,seed,method,source_git_commit,dice,iou,bf1,boundary_precision,boundary_recall,pixel_precision,pixel_recall,specificity,hd95,assd,repair_precision,repair_recall,keep_accuracy,wrong_move_rate,moved_fraction,mean_abs_offset,p95_abs_offset,selection_within_2px
ISIC_0001769,17,CNN,9ea0f449deebb360377481bf6496083ae01ce4f2,0.9421726559273028,0.8906677079265912,0.8428753180661577,0.8547008547008547,0.8313725490196079,0.9051587301587302,0.9823428079242033,0.99621919195115,2.8284271247461903,1.2322423389964146,,,,,,,,
ISIC_0001769,17,LocalLarge,9ea0f449deebb360377481bf6496083ae01ce4f2,0.9631365864052844,0.9288943690916563,0.8789915413224499,0.7940298507462686,0.984313725490196,0.9531843104175454,0.9732988802756245,0.9982440598601575,5.46667163984187,1.0496483946321604,0.8540540540540541,0.9647058823529412,0.39766081871345027,0.6023391812865497,0.72265625,1.17578125,2.0,0.9609375
ISIC_0001769,17,LocalLarge_DP,9ea0f449deebb360377481bf6496083ae01ce4f2,0.9691201353637902,0.9400902749281904,0.992094861660079,1.0,0.984313725490196,0.9522028262676642,0.9866494401378122,0.998180782738001,2.0,0.6141495522990723,0.9473684210526315,0.9294117647058824,0.4619883040935672,0.5380116959064327,0.66796875,0.82421875,2.0,0.92578125
ISIC_0001852,17,CNN,9ea0f449deebb360377481bf6496083ae01ce4f2,0.9569377990430622,0.9174311926605505,0.9914040114613181,1.0,0.9829545454545454,0.9870918754745635,0.9285714285714286,0.9997349382562055,2.0,0.6826011521890272,,,,,,,,
ISIC_0001852,17,LocalLarge,9ea0f449deebb360377481bf6496083ae01ce4f2,0.9409552463332079,0.8884943181818182,0.6693289836323754,0.5044510385756676,0.9943181818181818,0.9936457505957109,0.8935714285714286,0.9998752650617438,10.217557249945854,2.5834006175237594,0.5344827586206896,1.0,0.3228346456692913,0.6771653543307087,0.6796875,1.21484375,2.0,1.0
ISIC_0001852,17,LocalLarge_DP,9ea0f449deebb360377481bf6496083ae01ce4f2,0.9636430407638634,0.9298369950389794,1.0,1.0,1.0,0.9916855631141346,0.9371428571428572,0.9998284894598977,2.0,0.5772679889876127,0.5944055944055944,1.0,0.4448818897637795,0.5551181102362205,0.55859375,0.59375,1.0,1.0
ISIC_0001871,17,CNN,9ea0f449deebb360377481bf6496083ae01ce4f2,0.9502385821404227,0.9051948051948052,0.8935877757668781,0.9252336448598131,0.8640350877192983,0.9534883720930233,0.9470108695652174,0.99838933804952,3.605551275463989,1.086249276053265,,,,,,,,
ISIC_0001871,17,LocalLarge,9ea0f449deebb360377481bf6496083ae01ce4f2,0.9541241890639481,0.9122729286663713,0.800804828973843,0.7397769516728625,0.8728070175438597,0.9767552182163188,0.9325181159420289,0.9992262506316322,10.0,1.6375270182935961,0.823170731707317,0.5588235294117647,0.34684684684684686,0.6531531531531531,0.640625,0.79296875,1.0,0.921875
ISIC_0001871,17,LocalLarge_DP,9ea0f449deebb360377481bf6496083ae01ce4f2,0.9550173010380623,0.9139072847682119,0.8974895397489541,0.9285714285714286,0.868421052631579,0.9732016925246827,0.9375,0.9990999242041435,3.1622776601683795,0.9519016486565275,0.8091603053435115,0.47058823529411764,0.481981981981982,0.5180180180180181,0.51171875,0.51171875,1.0,0.921875
ISIC_0003462,17,CNN,9ea0f449deebb360377481bf6496083ae01ce4f2,0.8725267596496918,0.7738780207134638,0.3965137925198849,0.4125,0.3817204301075269,1.0,0.7738780207134638,1.0,4.212756921743878,2.500142445498641,,,,,,,,
ISIC_0003462,17,LocalLarge,9ea0f449deebb360377481bf6496083ae01ce4f2,0.7938931297709924,0.6582278481012658,0.08577263444520082,0.06086956521739131,0.14516129032258066,1.0,0.6582278481012658,1.0,10.039900496896713,4.518657291493113,0.10824742268041238,0.13675213675213677,0.014388489208633094,0.9856115107913669,0.7578125,1.73046875,2.0,0.18359375
ISIC_0003462,17,LocalLarge_DP,9ea0f449deebb360377481bf6496083ae01ce4f2,0.8428761651131824,0.7284234752589183,0.1621156740485917,0.16883116883116883,0.15591397849462366,1.0,0.7284234752589183,1.0,4.47213595499958,3.063112266409484,0.03550295857988166,0.0,0.03597122302158273,0.9640287769784173,0.66015625,0.66015625,1.0,0.25
ISIC_0003539,17,CNN,9ea0f449deebb360377481bf6496083ae01ce4f2,0.8174878556557946,0.6913145539906104,0.16528408201596492,0.16793893129770993,0.16271186440677965,1.0,0.6913145539906104,1.0,8.48528137423857,4.385150798782974,,,,,,,,
ISIC_0003539,17,LocalLarge,9ea0f449deebb360377481bf6496083ae01ce4f2,0.6540284360189573,0.4859154929577465,0.03859060402684564,0.02564102564102564,0.07796610169491526,1.0,0.4859154929577465,1.0,17.465679520971122,8.030020915686979,0.44,0.44559585492227977,0.047619047619047616,0.9523809523809523,0.78125,7.8046875,32.0,0.125
ISIC_0003539,17,LocalLarge_DP,9ea0f449deebb360377481bf6496083ae01ce4f2,0.8081832488197237,0.6781103286384976,0.07425170974331646,0.07392996108949416,0.07457627118644068,1.0,0.6781103286384976,1.0,8.48528137423857,4.627237806208989,0.2706766917293233,0.18652849740932642,0.15873015873015872,0.8412698412698413,0.51953125,0.61328125,2.0,0.15234375
ISIC_0003582,17,CNN,9ea0f449deebb360377481bf6496083ae01ce4f2,0.9393689986282578,0.8856699430936368,0.34963705289341196,0.35450819672131145,0.3448979591836735,0.9961210240496509,0.8887350752725385,0.9992589573529956,7.0,3.1730026253082575,,,,,,,,
ISIC_0003582,17,LocalLarge,9ea0f449deebb360377481bf6496083ae01ce4f2,0.9199477514461654,0.8517622667588113,0.2147558968732858,0.20938628158844766,0.22040816326530613,0.9981777687791051,0.8530887696833362,0.999666530808848,9.0,4.137448201396926,0.1958762886597938,0.14473684210526316,0.22115384615384615,0.7788461538461539,0.7578125,1.4296875,3.0,0.30078125
ISIC_0003582,17,LocalLarge_DP,9ea0f449deebb360377481bf6496083ae01ce4f2,0.9277806086996804,0.8652898989026182,0.2630863358259687,0.26931106471816285,0.2571428571428571,0.9985043374214777,0.8664128741996885,0.9997221090073733,8.006225774829852,3.7761236351010528,0.15,0.039473684210526314,0.38461538461538464,0.6153846153846154,0.625,0.77734375,2.0,0.328125
ISIC_0003657,17,CNN,9ea0f449deebb360377481bf6496083ae01ce4f2,0.955948298601952,0.9156139464375948,0.7905141994237022,0.8194945848375451,0.7635135135135135,0.9244897959183673,0.9896231567449482,0.9952160843003524,4.0,1.3024513411246825,,,,,,,,
ISIC_0003657,17,LocalLarge,9ea0f449deebb360377481bf6496083ae01ce4f2,0.9701592399304162,0.942047817047817,0.9408406377610736,0.9601449275362319,0.9222972972972973,0.9511939123589609,0.9898962315674494,0.9969938908103565,2.38415776431139,0.8519629585699225,0.7707317073170732,0.9382716049382716,0.26285714285714284,0.7371428571428571,0.80078125,0.93359375,2.0,0.83984375
ISIC_0003657,17,LocalLarge_DP,9ea0f449deebb360377481bf6496083ae01ce4f2,0.9661242998132835,0.9344685242518059,0.9073839847950922,0.9345454545454546,0.8817567567567568,0.9442127215849844,0.9890770070999454,0.9965413582441737,3.0,0.9633564688405776,0.8355263157894737,0.9629629629629629,0.5771428571428572,0.4228571428571429,0.59375,0.59375,1.0,0.78125
ISIC_0003805,17,CNN,9ea0f449deebb360377481bf6496083ae01ce4f2,0.9128787878787878,0.8397212543554007,0.611530403045937,0.6157894736842106,0.6073298429319371,0.8480938416422288,0.9883800410116199,0.9959577357077084,4.0,1.6336471164174515,,,,,,,,
ISIC_0003805,17,LocalLarge,9ea0f449deebb360377481bf6496083ae01ce4f2,0.8117094325984822,0.6830900243309003,0.6601325192428347,0.5095137420718816,0.93717277486911,0.8611963190184049,0.7676008202323992,0.9971750971548078,8.508770322670152,2.399833804355411,0.6432432432432432,0.7697841726618705,0.3333333333333333,0.6666666666666666,0.72265625,4.71875,31.0,0.57421875
ISIC_0003805,17,LocalLarge_DP,9ea0f449deebb360377481bf6496083ae01ce4f2,0.9255725190839694,0.8614564831261101,0.7951769658541655,0.8052631578947368,0.7853403141361257,0.8655562165377751,0.9945317840054683,0.9964727732430196,3.605551275463989,1.3748061050101243,0.6544117647058824,0.6187050359712231,0.5726495726495726,0.42735042735042733,0.53125,0.53125,1.0,0.56640625
ISIC_0004337,17,CNN,9ea0f449deebb360377481bf6496083ae01ce4f2,0.8936576061039581,0.8077586206896552,0.5755840875605136,0.599009900990099,0.553921568627451,0.961025641025641,0.8351158645276292,0.9987992163306579,6.070348150753486,2.413836845005862,,,,,,,,
ISIC_0004337,17,LocalLarge,9ea0f449deebb360377481bf6496083ae01ce4f2,0.8261653360803503,0.7038174637999123,0.32353440951571794,0.22934232715008432,0.5490196078431373,0.9786455155582673,0.714795008912656,0.9994470075206977,12.433575760568452,4.548503322237894,0.6836158192090396,0.6694214876033058,0.3111111111111111,0.6888888888888889,0.69140625,3.33203125,32.0,0.5390625
ISIC_0004337,17,LocalLarge_DP,9ea0f449deebb360377481bf6496083ae01ce4f2,0.9081779053084649,0.8318002628120894,0.5754693366708387,0.5931372549019608,0.5588235294117647,0.9798761609907121,0.8462566844919787,0.999383808380206,5.0,2.073771652596507,0.8193548387096774,0.628099173553719,0.4148148148148148,0.5851851851851851,0.60546875,0.8515625,2.0,0.60546875
ISIC_0006651,17,CNN,9ea0f449deebb360377481bf6496083ae01ce4f2,0.8833191385813359,0.7910220091523208,0.33005893909626716,0.34285714285714286,0.3181818181818182,0.9991742361684558,0.7915394679459223,0.9999507793273175,9.123199065740076,3.8792025303639925,,,,,,,,
ISIC_0006651,17,LocalLarge,9ea0f449deebb360377481bf6496083ae01ce4f2,0.8513462742642455,0.7411687745311819,0.15724842724100987,0.1447721179624665,0.17207792207792208,1.0,0.7411687745311819,1.0,12.116037608395317,5.309264471316035,0.14772727272727273,0.12582781456953643,0.26666666666666666,0.7333333333333333,0.6875,1.296875,2.0,0.25390625
ISIC_0006651,17,LocalLarge_DP,9ea0f449deebb360377481bf6496083ae01ce4f2,0.8648514851485148,0.7618839947666812,0.20205479452054795,0.213768115942029,0.19155844155844157,1.0,0.7618839947666812,1.0,9.219544457292887,4.447862204910624,0.07692307692307693,0.0,0.3619047619047619,0.638095238095238,0.5078125,0.64453125,2.0,0.27734375
ISIC_0006671,17,CNN,9ea0f449deebb360377481bf6496083ae01ce4f2,0.884255930984903,0.7925257731958762,0.523505603985056,0.472,0.5876288659793815,0.7997399219765929,0.9887459807073955,0.9927438354012879,61.04732101286569,6.519797151270764,,,,,,,,
ISIC_0006671,17,LocalLarge,9ea0f449deebb360377481bf6496083ae01ce4f2,0.8567018266014922,0.7493249324932493,0.6402243181238848,0.4859154929577465,0.9381443298969072,0.8238495794161306,0.8922829581993569,0.9944086697031569,57.04193259678159,4.543328062154772,0.7052631578947368,0.6993006993006993,0.336283185840708,0.6637168141592921,0.7421875,2.04296875,6.0,0.4921875
ISIC_0006671,17,LocalLarge_DP,9ea0f449deebb360377481bf6496083ae01ce4f2,0.8928046989720999,0.8063660477453581,0.581715694909283,0.5201612903225806,0.6597938144329897,0.8216216216216217,0.977491961414791,0.993780430343961,61.10222116175949,6.306638091078993,0.8473282442748091,0.5244755244755245,0.504424778761062,0.49557522123893805,0.51171875,0.51171875,1.0,0.4921875
ISIC_0006815,17,CNN,9ea0f449deebb360377481bf6496083ae01ce4f2,0.9097035040431267,0.8343634116192831,0.8638838475499092,0.9333333333333333,0.8040540540540541,0.9796806966618288,0.8490566037735849,0.9997837537263867,4.0,1.0550729800076786,,,,,,,,
ISIC_0006815,17,LocalLarge,9ea0f449deebb360377481bf6496083ae01ce4f2,0.4491771539206196,0.28963795255930086,0.4652406417112299,0.38495575221238937,0.5878378378378378,0.9747899159663865,0.2918238993710692,0.9999073230255943,10.721265283731983,3.508844573724071,0.6548223350253807,1.0,0.2388663967611336,0.7611336032388664,0.76953125,11.19921875,28.0,0.98828125
ISIC_0006815,17,LocalLarge_DP,9ea0f449deebb360377481bf6496083ae01ce4f2,0.9290407358738502,0.8674846625766871,0.9757785467128028,1.0,0.9527027027027027,0.9724896836313618,0.889308176100629,0.999691076751981,2.0,0.8149088349519902,0.6688741721854304,1.0,0.4251012145748988,0.5748987854251012,0.58984375,0.79296875,2.0,1.0
ISIC_0006914,17,CNN,9ea0f449deebb360377481bf6496083ae01ce4f2,0.8986357635323456,0.8159296750133191,0.24736934408979303,0.25277777777777777,0.2421875,0.9980449657869013,0.8172358591248666,0.9997932460372158,8.246211251235321,4.364226008106297,,,,,,,,
ISIC_0006914,17,LocalLarge,9ea0f449deebb360377481bf6496083ae01ce4f2,0.8918081180811808,0.8047416089504529,0.15644143732284904,0.15934065934065933,0.15364583333333334,0.998017839444995,0.8060298826040555,0.9997932460372158,8.48528137423857,4.615348459655602,0.32679738562091504,0.2611111111111111,0.25,0.75,0.59765625,0.73046875,2.0,0.1953125
ISIC_0006914,17,LocalLarge_DP,9ea0f449deebb360377481bf6496083ae01ce4f2,0.8915627076105411,0.8043420351624934,0.18114304165321277,0.1853932584269663,0.17708333333333334,0.9980168567178979,0.8056296691568837,0.9997932460372158,8.48528137423857,4.649968922837126,0.014492753623188406,0.0,0.5263157894736842,0.47368421052631576,0.26953125,0.3203125,1.25,0.2421875
ISIC_0007141,17,CNN,9ea0f449deebb360377481bf6496083ae01ce4f2,0.7802155291516993,0.6396339253352664,0.0,0.0,0.0,0.966721446179129,0.6540350226998981,0.995561076301993,38.25522169662995,13.271226756890746,,,,,,,,
ISIC_0007141,17,LocalLarge,9ea0f449deebb360377481bf6496083ae01ce4f2,0.7650646226151178,0.6195179412830736,0.0,0.0,0.0,0.9656779661016949,0.6334661354581673,0.995561076301993,38.01315561749642,13.736791267285298,0.18947368421052632,0.140625,,,0.7421875,1.04296875,2.0,0.0
ISIC_0007141,17,LocalLarge_DP,9ea0f449deebb360377481bf6496083ae01ce4f2,0.7713888115780685,0.6278542950344328,0.0,0.0,0.0,0.9661182375906302,0.6419901788196053,0.995561076301993,38.35319734513574,13.665537565747302,0.15151515151515152,0.09765625,,,0.64453125,0.64453125,1.0,0.0
ISIC_0007156,17,CNN,9ea0f449deebb360377481bf6496083ae01ce4f2,0.8842162016444265,0.792461947330273,0.24423160644318676,0.2548262548262548,0.23448275862068965,1.0,0.792461947330273,1.0,7.148086918349853,3.588347039082457,,,,,,,,
ISIC_0007156,17,LocalLarge,9ea0f449deebb360377481bf6496083ae01ce4f2,0.8780157224179994,0.7825561729886445,0.16928125500240113,0.17716535433070865,0.16206896551724137,1.0,0.7825561729886445,1.0,7.1200799705373505,3.779241773852329,0.34394904458598724,0.2883435582822086,0.17204301075268819,0.8279569892473119,0.61328125,0.66015625,1.0,0.26171875
ISIC_0007156,17,LocalLarge_DP,9ea0f449deebb360377481bf6496083ae01ce4f2,0.8801406926406926,0.7859386325199323,0.1873198847262248,0.19607843137254902,0.1793103448275862,1.0,0.7859386325199323,1.0,7.113078233584224,3.7022671234955395,0.3669064748201439,0.24539877300613497,0.23655913978494625,0.7634408602150538,0.54296875,0.54296875,1.0,0.31640625
ISIC_0007235,17,CNN,9ea0f449deebb360377481bf6496083ae01ce4f2,0.9149674018587877,0.8432625926872922,0.4725147886307892,0.4807692307692308,0.4645390070921986,1.0,0.8432625926872922,1.0,5.385164807134504,2.534081928067948,,,,,,,,
ISIC_0007235,17,LocalLarge,9ea0f449deebb360377481bf6496083ae01ce4f2,0.8994232662821775,0.8172290388548057,0.35973511765824645,0.3543859649122807,0.36524822695035464,0.9996873045653534,0.8174379953975965,0.9999837728194726,6.0,2.9031632488250505,0.10493827160493827,0.0784313725490196,0.38311688311688313,0.6168831168831169,0.6328125,0.89453125,2.0,0.43359375
ISIC_0007235,17,LocalLarge_DP,9ea0f449deebb360377481bf6496083ae01ce4f2,0.9030991445800028,0.823318844285349,0.3626646306547051,0.37109375,0.3546099290780142,1.0,0.823318844285349,1.0,5.385164807134504,2.8944316532600913,0.0,0.0,0.538961038961039,0.461038961038961,0.41796875,0.41796875,1.0,0.453125
ISIC_0007241,17,CNN,9ea0f449deebb360377481bf6496083ae01ce4f2,0.8674041521442643,0.7658549638747658,0.16853932584269665,0.17857142857142858,0.1595744680851064,1.0,0.7658549638747658,1.0,5.656854249492381,3.73441862234158,,,,,,,,
ISIC_0007241,17,LocalLarge,9ea0f449deebb360377481bf6496083ae01ce4f2,0.8469608145634063,0.7345464276157345,0.03450355893352636,0.02756892230576441,0.04609929078014184,1.0,0.7345464276157345,1.0,12.083045973594572,5.1722634247602715,0.4663677130044843,0.538860103626943,0.015873015873015872,0.9841269841269841,0.87109375,1.5234375,2.0,0.09375
ISIC_0007241,17,LocalLarge_DP,9ea0f449deebb360377481bf6496083ae01ce4f2,0.8580595874713521,0.7514048702167514,0.05466614603670441,0.05622489959839357,0.05319148936170213,1.0,0.7514048702167514,1.0,6.324555320336759,4.030122769947098,0.4700854700854701,0.5647668393782384,0.0,1.0,0.9140625,1.15234375,2.0,0.109375
ISIC_0007332,17,CNN,9ea0f449deebb360377481bf6496083ae01ce4f2,0.8877868533644496,0.7982164714110859,0.23875731134336947,0.2601880877742947,0.22058823529411764,0.9982506013557839,0.7993346174050079,0.9998662766402006,8.94427190999916,4.143041573431363,,,,,,,,
ISIC_0007332,17,LocalLarge,9ea0f449deebb360377481bf6496083ae01ce4f2,0.8830232784649849,0.7905476107429369,0.16027475672581568,0.1761006289308176,0.14705882352941177,0.9949517120280948,0.7937313955524427,0.9996155453405767,8.0,4.304315649144708,0.419811320754717,0.47752808988764045,0.20512820512820512,0.7948717948717948,0.828125,1.0390625,2.0,0.203125
ISIC_0007332,17,LocalLarge_DP,9ea0f449deebb360377481bf6496083ae01ce4f2,0.8852363353433185,0.7941022509160705,0.16942081595058786,0.18553459119496854,0.15588235294117647,0.9956245898052942,0.7968832078445106,0.9996656916005014,8.0,4.228127364031144,0.4583333333333333,0.5224719101123596,0.19230769230769232,0.8076923076923077,0.84375,0.90625,2.0,0.203125
ISIC_0007344,17,CNN,9ea0f449deebb360377481bf6496083ae01ce4f2,0.955078125,0.914018691588785,0.7038578483169087,0.7044198895027625,0.7032967032967034,0.9515301609764727,0.9586526465870612,0.9954276178556529,4.0,1.5653071438698345,,,,,,,,
ISIC_0007344,17,LocalLarge,9ea0f449deebb360377481bf6496083ae01ce4f2,0.9287997159090909,0.8670644787004806,0.5278240349080547,0.4412811387900356,0.6565934065934066,0.9253493720148593,0.9322758866512209,0.9929578639966625,7.211102550927978,2.5736894452373122,0.3811881188118812,0.3068181818181818,0.23214285714285715,0.7678571428571429,0.7890625,1.9921875,5.0,0.5546875
ISIC_0007344,17,LocalLarge_DP,9ea0f449deebb360377481bf6496083ae01ce4f2,0.9389663079908273,0.884954280964256,0.5458660631074423,0.5423280423280423,0.5494505494505495,0.929456958267854,0.9486722509356621,0.9932582394659991,5.0,2.1729595433412823,0.28368794326241137,0.022727272727272728,0.43452380952380953,0.5654761904761905,0.55078125,0.95703125,3.0,0.5234375
ISIC_0007528,17,CNN,9ea0f449deebb360377481bf6496083ae01ce4f2,0.7534007673526334,0.604364857302742,0.27324651587845555,0.2911392405063291,0.25742574257425743,1.0,0.604364857302742,1.0,9.994974746830582,4.4109517480508,,,,,,,,
ISIC_0007528,17,LocalLarge,9ea0f449deebb360377481bf6496083ae01ce4f2,0.4588893671975893,0.2977653631284916,0.04219922905254615,0.028761061946902654,0.07920792079207921,0.9944029850746269,0.2982652490207051,0.9999529404382814,15.0780486857948,7.68896712322118,0.39914163090128757,0.5569620253164557,0.02040816326530612,0.9795918367346939,0.91015625,16.609375,29.0,0.15625
ISIC_0007528,17,LocalLarge_DP,9ea0f449deebb360377481bf6496083ae01ce4f2,0.743859649122807,0.5921787709497207,0.2770870337477797,0.3,0.25742574257425743,0.9971777986829727,0.5931729155008394,0.9999529404382814,9.994974746830582,4.511331635740826,0.1566265060240964,0.0379746835443038,0.6224489795918368,0.37755102040816324,0.32421875,0.35546875,1.0,0.3515625
ISIC_0007796,17,CNN,9ea0f449deebb360377481bf6496083ae01ce4f2,0.8216660148611654,0.697311649518752,0.06532516768737241,0.07582938388625593,0.05737704918032787,1.0,0.697311649518752,1.0,7.2697587885276365,4.603832508200243,,,,,,,,
ISIC_0007796,17,LocalLarge,9ea0f449deebb360377481bf6496083ae01ce4f2,0.7981651376146789,0.6641221374045801,0.028776978417266185,0.02564102564102564,0.03278688524590164,1.0,0.6641221374045801,1.0,11.180339887498949,5.622326476811326,0.5172413793103449,0.46255506607929514,0.10344827586206896,0.896551724137931,0.79296875,1.8046875,2.0,0.05859375
ISIC_0007796,17,LocalLarge_DP,9ea0f449deebb360377481bf6496083ae01ce4f2,0.8221266614542612,0.6979754397610355,0.03964757709251101,0.04285714285714286,0.036885245901639344,1.0,0.6979754397610355,1.0,6.4031242374328485,4.591389931622949,0.5,0.4713656387665198,0.20689655172413793,0.7931034482758621,0.8359375,0.8359375,1.0,0.0703125
ISIC_0008025,17,CNN,9ea0f449deebb360377481bf6496083ae01ce4f2,0.8778100373289092,0.7822294500295683,0.08019957497921093,0.08092485549132948,0.07948717948717948,1.0,0.7822294500295683,1.0,8.06225774829855,4.612978754481786,,,,,,,,
ISIC_0008025,17,LocalLarge,9ea0f449deebb360377481bf6496083ae01ce4f2,0.8477001703577512,0.735659373151981,0.01550988755331524,0.012468827930174564,0.020512820512820513,1.0,0.735659373151981,1.0,11.180339887498949,5.929999863045564,0.11494252873563218,0.07555555555555556,0.06451612903225806,0.9354838709677419,0.6796875,1.2890625,3.0,0.02734375
ISIC_0008025,17,LocalLarge_DP,9ea0f449deebb360377481bf6496083ae01ce4f2,0.854239010756331,0.7455647545830869,0.013377926421404684,0.011834319526627219,0.015384615384615385,1.0,0.7455647545830869,1.0,9.0,5.480835972451439,0.0,0.0,0.22580645161290322,0.7741935483870968,0.57421875,0.90234375,3.0,0.02734375
ISIC_0008524,17,CNN,9ea0f449deebb360377481bf6496083ae01ce4f2,0.8995581737849779,0.8174518201284796,0.7077409162717219,0.7368421052631579,0.6808510638297872,0.9182200841852075,0.8816397228637414,0.9978684721961005,5.759797974644661,1.67722962978006,,,,,,,,
ISIC_0008524,17,LocalLarge,9ea0f449deebb360377481bf6496083ae01ce4f2,0.3602026715799171,0.2196629213483146,0.3885706084273224,0.3075117370892019,0.5276595744680851,0.8906605922551253,0.22575057736720555,0.9992476960692119,9.0,3.2812409633619843,0.4911504424778761,0.6176470588235294,0.14893617021276595,0.851063829787234,0.8828125,14.5390625,32.0,0.6953125
ISIC_0008524,17,LocalLarge_DP,9ea0f449deebb360377481bf6496083ae01ce4f2,0.8991841491841492,0.8168343038644785,0.6740576496674058,0.7037037037037037,0.6468085106382979,0.9076470588235294,0.890877598152425,0.9975393392263808,5.1155494421403445,1.6820058879948234,0.48,0.10294117647058823,0.6117021276595744,0.3882978723404255,0.390625,0.48828125,2.0,0.6953125
ISIC_0009995,17,CNN,9ea0f449deebb360377481bf6496083ae01ce4f2,0.9326992387348582,0.8738860427957237,0.30686840753315603,0.3013215859030837,0.3126232741617357,0.9946192208181784,0.878037073816617,0.9439014855355746,26.0,8.480682121374247,,,,,,,,
ISIC_0009995,17,LocalLarge,9ea0f449deebb360377481bf6496083ae01ce4f2,0.9224852123323402,0.8561230183477205,0.4016395082364395,0.3383364602876798,0.4940828402366864,0.9902431616711908,0.8634061569016882,0.8995308835027365,38.0,9.701027629733307,0.5661157024793388,0.4176470588235294,0.10465116279069768,0.8953488372093024,0.9453125,6.40625,24.0,0.49609375
ISIC_0009995,17,LocalLarge_DP,9ea0f449deebb360377481bf6496083ae01ce4f2,0.9361005780245111,0.8798769495393878,0.34488093150854465,0.34265103697024346,0.34714003944773175,0.9991923820971771,0.8805031446540881,0.9915949960906959,26.0,8.145806589897267,0.8503937007874016,0.2647058823529412,0.19767441860465115,0.8023255813953488,0.49609375,0.78515625,3.0,0.37890625
ISIC_0010459,17,CNN,9ea0f449deebb360377481bf6496083ae01ce4f2,0.9806067737530944,0.9619514319939018,0.5780998535780835,0.5546719681908548,0.6035940803382663,0.9705119753900242,0.9909137818858951,0.9359824452606974,5.830951894845301,2.1038661862494727,,,,,,,,
ISIC_0010459,17,LocalLarge,9ea0f449deebb360377481bf6496083ae01ce4f2,0.9677244616981898,0.9374672030785377,0.5030523242199308,0.4451772464962902,0.5782241014799154,0.9735915892731443,0.9619276243465775,0.9445212994323332,12.083045973594572,3.5780362432906814,0.40454545454545454,0.4661016949152542,0.14492753623188406,0.855072463768116,0.859375,3.51953125,9.25,0.4375
ISIC_0010459,17,LocalLarge_DP,9ea0f449deebb360377481bf6496083ae01ce4f2,0.9774882844906837,0.9559678091353639,0.6030703849771514,0.5865865865865866,0.620507399577167,0.9769187675070028,0.9780584658874206,0.9508658111911463,7.0710678118654755,2.4472276146369913,0.581081081081081,0.3898305084745763,0.42028985507246375,0.5797101449275363,0.578125,1.2734375,5.0,0.56640625
ISIC_0012099,17,CNN,9ea0f449deebb360377481bf6496083ae01ce4f2,0.8880976602238047,0.7987191216834401,0.646403242147923,0.673469387755102,0.6214285714285714,0.8712574850299402,0.9056016597510373,0.9980022300687604,3.605551275463989,1.6755535168778821,,,,,,,,
ISIC_0012099,17,LocalLarge,9ea0f449deebb360377481bf6496083ae01ce4f2,0.45865834633385333,0.2975708502024291,0.6253505183813125,0.543778801843318,0.7357142857142858,0.9245283018867925,0.3049792531120332,0.9996283218732578,12.377349237317413,2.778802172858999,0.9408602150537635,0.9886363636363636,0.4107142857142857,0.5892857142857143,0.7265625,10.265625,30.0,0.9296875
ISIC_0012099,17,LocalLarge_DP,9ea0f449deebb360377481bf6496083ae01ce4f2,0.9428129829984544,0.8918128654970761,0.9787147780255422,0.9861111111111112,0.9714285714285714,0.9365404298874105,0.9491701244813278,0.9990398315059159,2.0,0.7988691010469505,0.9580838323353293,0.9545454545454546,0.5059523809523809,0.49404761904761907,0.65234375,0.97265625,2.0,0.859375
ISIC_0012109,17,CNN,9ea0f449deebb360377481bf6496083ae01ce4f2,0.9321799307958477,0.8729747245625405,0.8848365829709637,0.907103825136612,0.8636363636363636,0.9113667117726658,0.9539660056657224,0.9979570831513942,2.8284271247461903,1.1381355608533448,,,,,,,,
ISIC_0012109,17,LocalLarge,9ea0f449deebb360377481bf6496083ae01ce4f2,0.6160417655434267,0.4451303155006859,0.534916814065139,0.3707165109034268,0.9602272727272727,0.9338129496402877,0.45963172804532576,0.9992826398852224,12.0,3.7476859891221537,0.746031746031746,0.8529411764705882,0.30319148936170215,0.6968085106382979,0.73828125,7.35546875,32.0,0.90234375
ISIC_0012109,17,LocalLarge_DP,9ea0f449deebb360377481bf6496083ae01ce4f2,0.96105702364395,0.9250334672021419,0.9888536531759239,0.9890710382513661,0.9886363636363636,0.9439890710382514,0.9787535410764873,0.9987212276214834,2.0,0.6255478799664865,0.8819444444444444,0.8529411764705882,0.5425531914893617,0.4574468085106383,0.5625,0.6328125,2.0,0.8984375
ISIC_0012126,17,CNN,9ea0f449deebb360377481bf6496083ae01ce4f2,0.9275,0.8648018648018648,0.948801036941024,0.976,0.9230769230769231,0.9512820512820512,0.9048780487804878,0.9994128190864701,2.23606797749979,0.9123589165963895,,,,,,,,
ISIC_0012126,17,LocalLarge,9ea0f449deebb360377481bf6496083ae01ce4f2,0.6341463414634146,0.4642857142857143,0.5362229514750712,0.3908355795148248,0.8538461538461538,0.9512195121951219,0.47560975609756095,0.9996909574139317,10.63014581273465,3.372957104204855,0.5876777251184834,0.9090909090909091,0.17959183673469387,0.8204081632653061,0.82421875,11.4453125,31.0,0.9921875
ISIC_0012126,17,LocalLarge_DP,9ea0f449deebb360377481bf6496083ae01ce4f2,0.9484536082474226,0.9019607843137255,0.9961389961389961,1.0,0.9923076923076923,0.9433051869722557,0.9536585365853658,0.9992737499227393,1.7071067811865475,0.6374643816139108,0.5714285714285714,0.9090909090909091,0.3836734693877551,0.6163265306122448,0.62890625,0.77734375,2.0,0.99609375
ISIC_0012127,17,CNN,9ea0f449deebb360377481bf6496083ae01ce4f2,0.7946197620279358,0.6592274678111588,0.4983388704318937,0.5555555555555556,0.45180722891566266,0.9961089494163424,0.6609294320137694,0.9999533973343275,11.988459457875836,3.2053522725161665,,,,,,,,
ISIC_0012127,17,LocalLarge,9ea0f449deebb360377481bf6496083ae01ce4f2,0.48531289910600256,0.32040472175379425,0.26620008748359686,0.21068249258160238,0.3614457831325301,0.9405940594059405,0.3270223752151463,0.9996271786746201,11.97776042761858,4.63856642138559,0.41810344827586204,0.7422680412371134,0.06289308176100629,0.9371069182389937,0.90625,15.48828125,32.0,0.4296875
ISIC_0012127,17,LocalLarge_DP,9ea0f449deebb360377481bf6496083ae01ce4f2,0.8153310104529616,0.6882352941176471,0.5849394890183774,0.635036496350365,0.5421686746987951,0.9669421487603306,0.7048192771084337,0.9995650417870569,11.988459457875836,2.8606325014886784,0.45864661654135336,0.4742268041237113,0.4528301886792453,0.5471698113207547,0.51953125,0.91796875,2.0,0.68359375
ISIC_0012143,17,CNN,9ea0f449deebb360377481bf6496083ae01ce4f2,0.7972919937205651,0.6629140153369228,0.06701940035273368,0.06666666666666667,0.0673758865248227,1.0,0.6629140153369228,1.0,25.381627995825248,9.831461119122695,,,,,,,,
ISIC_0012143,17,LocalLarge,9ea0f449deebb360377481bf6496083ae01ce4f2,0.7958243481670261,0.6608872608872609,0.11051212938005392,0.0891304347826087,0.1453900709219858,0.9966854898109502,0.6623429596997878,0.9994932242201284,25.861980861195356,9.873977396880791,0.5198237885462555,0.45643153526970953,0.0,1.0,0.88671875,4.56640625,19.75,0.12109375
ISIC_0012143,17,LocalLarge_DP,9ea0f449deebb360377481bf6496083ae01ce4f2,0.8114650915076983,0.6827440117321166,0.14891611687087652,0.158953722334004,0.1400709219858156,0.9980943306336351,0.6836351770272475,0.9996996884267427,25.381627995825248,9.197628456292836,0.6519337016574586,0.45643153526970953,0.0,1.0,0.70703125,1.4375,3.0,0.13671875
ISIC_0012151,17,CNN,9ea0f449deebb360377481bf6496083ae01ce4f2,0.9635738049876305,0.929708077260755,0.5371314078017561,0.5304101838755304,0.5440251572327044,0.9318044327118737,0.9975859632595384,0.9744603723842478,5.0,2.153245990638991,,,,,,,,
ISIC_0012151,17,LocalLarge,9ea0f449deebb360377481bf6496083ae01ce4f2,0.9779653616649687,0.9568808384597858,0.849796681003552,0.8105134474327629,0.8930817610062893,0.9670715560416787,0.9891073951954781,0.9882188169385401,7.0,1.302307781528367,0.8243243243243243,0.8848484848484849,0.2857142857142857,0.7142857142857143,0.8671875,2.15625,5.25,0.734375
ISIC_0012151,17,LocalLarge_DP,9ea0f449deebb360377481bf6496083ae01ce4f2,0.9752375467895191,0.9516718179263838,0.7786614317559617,0.7774524158125915,0.779874213836478,0.95429956046433,0.997114931700424,0.9832962596803427,4.123105625617661,1.4272850913921227,0.8944444444444445,0.7818181818181819,0.5054945054945055,0.4945054945054945,0.703125,0.96875,2.0,0.59765625
ISIC_0012159,17,CNN,9ea0f449deebb360377481bf6496083ae01ce4f2,0.5963007639726579,0.42480664566026927,0.2294322132097335,0.3055555555555556,0.1836734693877551,0.9893262174783188,0.42676258992805755,0.9997421891364947,35.600399852686735,11.134555726001597,,,,,,,,
ISIC_0012159,17,LocalLarge,9ea0f449deebb360377481bf6496083ae01ce4f2,0.40611353711790393,0.2547945205479452,0.2401628222523745,0.1713455953533398,0.4013605442176871,0.8416289592760181,0.26762589928057556,0.9971801936804112,24.177129915750122,8.854969907590055,0.66015625,0.88,0.0,1.0,1.0,15.76953125,32.0,0.34765625
ISIC_0012159,17,LocalLarge_DP,9ea0f449deebb360377481bf6496083ae01ce4f2,0.7295067579427769,0.5741917656811274,0.29057160936511284,0.30324909747292417,0.2789115646258503,0.9351935193519352,0.5979856115107913,0.9976797022284527,25.04095014694496,7.124897735888283,0.7534883720930232,0.8457142857142858,0.20987654320987653,0.7901234567901234,0.83984375,4.33984375,10.0,0.390625
ISIC_0012160,17,CNN,9ea0f449deebb360377481bf6496083ae01ce4f2,0.7669654289372599,0.6220145379023884,0.4459652124322783,0.40963855421686746,0.48936170212765956,0.6220145379023884,1.0,0.9886847586185458,14.317821063276353,4.1539138559430295,,,,,,,,
ISIC_0012160,17,LocalLarge,9ea0f449deebb360377481bf6496083ae01ce4f2,0.3738498789346247,0.22989874925550924,0.4519706823061083,0.3196405648267009,0.7712765957446809,0.44521337946943484,0.32220367278797996,0.9925238583729677,13.04985897316135,4.333712786235748,0.5555555555555556,0.5885416666666666,0.046875,0.953125,0.9140625,12.31640625,32.0,0.30859375
ISIC_0012160,17,LocalLarge_DP,9ea0f449deebb360377481bf6496083ae01ce4f2,0.7499217527386541,0.599899849774662,0.39338289596770226,0.34814814814814815,0.4521276595744681,0.599899849774662,1.0,0.9875812117255743,14.563672161602721,4.552949949084103,0.5467625899280576,0.375,0.53125,0.46875,0.54296875,0.8359375,2.25,0.28125
ISIC_0012191,17,CNN,9ea0f449deebb360377481bf6496083ae01ce4f2,0.9078253533009913,0.8312089609887988,0.6957110139496149,0.7068965517241379,0.6848739495798319,0.9240017174753113,0.8922056384742952,0.9971959951840821,7.673407139984314,2.074983781676541,,,,,,,,
ISIC_0012191,17,LocalLarge,9ea0f449deebb360377481bf6496083ae01ce4f2,0.5485043332401454,0.37788906009244994,0.370934370603327,0.24198250728862974,0.7941176470588235,0.8420600858369098,0.40671641791044777,0.9970851023382549,14.247546887458176,5.176219241246054,0.4978902953586498,0.5681818181818182,0.10714285714285714,0.8928571428571429,0.92578125,16.625,32.0,0.546875
ISIC_0012191,17,LocalLarge_DP,9ea0f449deebb360377481bf6496083ae01ce4f2,0.9080814312152992,0.831638418079096,0.6827704664215212,0.65748031496063,0.7100840336134454,0.9008567931456548,0.9154228855721394,0.9961504340662822,7.0710678118654755,2.0300693709846236,0.6516129032258065,0.3409090909090909,0.4642857142857143,0.5357142857142857,0.60546875,0.91015625,3.0,0.66796875
ISIC_0012201,17,CNN,9ea0f449deebb360377481bf6496083ae01ce4f2,0.9559498697108822,0.9156168290943665,0.8385724293509348,0.8590163934426229,0.819078947368421,0.9356327422880738,0.9771689497716894,0.9956976328863201,2.9742640687119226,1.2301361499772383,,,,,,,,
ISIC_0012201,17,LocalLarge,9ea0f449deebb360377481bf6496083ae01ce4f2,0.9742871690427699,0.9498634896996774,0.9983525535420099,1.0,0.9967105263157895,0.9777721001532959,0.9708269913749366,0.9985875247589051,2.0,0.6548934748351923,0.8294117647058824,1.0,0.5119047619047619,0.4880952380952381,0.6640625,1.03515625,3.0,0.9765625
ISIC_0012201,17,LocalLarge_DP,9ea0f449deebb360377481bf6496083ae01ce4f2,0.9736040609137055,0.9485657764589516,0.991730054838139,0.9966666666666667,0.9868421052631579,0.9740985271711529,0.9731100963977676,0.9983439945449232,2.0,0.6871316772031199,0.9536423841059603,1.0,0.625,0.375,0.58984375,0.7578125,2.0,0.9765625
ISIC_0012204,17,CNN,9ea0f449deebb360377481bf6496083ae01ce4f2,0.7163507870221651,0.5580580580580581,0.25462481812512994,0.2677595628415301,0.24271844660194175,0.8941459502806736,0.597534833869239,0.9979268101146537,13.416407864998739,5.468521704012161,,,,,,,,
ISIC_0012204,17,LocalLarge,9ea0f449deebb360377481bf6496083ae01ce4f2,0.5424476295479603,0.3721633888048411,0.2807696536558549,0.20090634441087613,0.46601941747572817,0.8631578947368421,0.3954983922829582,0.9981623998743522,14.553319044725773,5.926878880131144,0.448559670781893,0.5,0.04838709677419355,0.9516129032258065,0.94921875,17.3671875,32.0,0.33203125
ISIC_0012204,17,LocalLarge_DP,9ea0f449deebb360377481bf6496083ae01ce4f2,0.7009082367679298,0.5395371263259402,0.22421219678077534,0.225130890052356,0.22330097087378642,0.8432554634513941,0.5996784565916399,0.9967331553321815,13.416407864998739,5.7377060700391365,0.16842105263157894,0.02577319587628866,0.46774193548387094,0.532258064516129,0.37109375,0.890625,4.0,0.203125
ISIC_0012206,17,CNN,9ea0f449deebb360377481bf6496083ae01ce4f2,0.955616276493612,0.9150049497949371,0.7694691979852769,0.7899761336515513,0.75,0.9692883895131086,0.9423244975240315,0.9965058803477075,5.1733241632105225,1.5907341511018995,,,,,,,,
ISIC_0012206,17,LocalLarge,9ea0f449deebb360377481bf6496083ae01ce4f2,0.9355674028941355,0.8789353176874642,0.664555137901638,0.5741056218057922,0.7888349514563107,0.9805236270753512,0.894552869210603,0.9979205726947332,9.219544457292887,2.2497597245627947,0.6321243523316062,0.5806451612903226,0.2268041237113402,0.7731958762886598,0.75390625,2.703125,15.5,0.73046875
ISIC_0012206,17,LocalLarge_DP,9ea0f449deebb360377481bf6496083ae01ce4f2,0.9570043661659143,0.9175535688945651,0.7632605715490878,0.7796208530805687,0.7475728155339806,0.9727696705280577,0.9417419166909409,0.9969149480143173,5.1733241632105225,1.537964252799857,0.6766917293233082,0.20967741935483872,0.3917525773195876,0.6082474226804123,0.51953125,0.54296875,1.0,0.75
ISIC_0012210,17,CNN,9ea0f449deebb360377481bf6496083ae01ce4f2,0.20253164556962025,0.11267605633802817,0.035700274617497064,0.05179282868525897,0.027237354085603113,0.9989506820566632,0.11268939393939394,0.9999824831838565,42.732303000784334,21.651197909850815,,,,,,,,
ISIC_0012210,17,LocalLarge,9ea0f449deebb360377481bf6496083ae01ce4f2,0.2844853456036811,0.16583090379008747,0.10129928056365484,0.07872539831302718,0.14202334630350194,0.9180116204002582,0.16832386363636365,0.9977753643497758,37.59985365377581,17.823757108313476,0.5546875,0.5546875,,,1.0,25.4375,32.0,0.015625
ISIC_0012210,17,LocalLarge_DP,9ea0f449deebb360377481bf6496083ae01ce4f2,0.20135220790196492,0.11194643486432515,0.10779127948534667,0.10317460317460317,0.11284046692607004,0.9361493123772102,0.11280776515151515,0.9988614069506726,39.753416963941504,18.932422576486275,0.4421052631578947,0.328125,,,0.7421875,19.109375,32.0,0.01953125
ISIC_0012221,17,CNN,9ea0f449deebb360377481bf6496083ae01ce4f2,0.9504151838671412,0.9055153707052441,0.9413534205367821,0.9665071770334929,0.9174757281553398,0.9653012048192771,0.935981308411215,0.9988642816581488,2.23606797749979,1.0414467344749956,,,,,,,,
ISIC_0012221,17,LocalLarge,9ea0f449deebb360377481bf6496083ae01ce4f2,0.9207301825456364,0.8531047265987025,0.6701010182315772,0.5344418052256532,0.8980582524271845,0.9903173749327595,0.8602803738317757,0.9997160704145373,8.602325267042627,2.285159780965723,0.7439613526570048,1.0,0.21304347826086956,0.7869565217391304,0.80859375,2.1171875,2.0,0.96484375
ISIC_0012221,17,LocalLarge_DP,9ea0f449deebb360377481bf6496083ae01ce4f2,0.9633181491249101,0.9292321924144311,0.9658638230066801,0.975609756097561,0.9563106796116505,0.9891678975873953,0.938785046728972,0.9996529749511011,2.0,0.7545534437577938,0.7990430622009569,1.0,0.20434782608695654,0.7956521739130434,0.81640625,0.81640625,1.0,0.98046875
ISIC_0012222,17,CNN,9ea0f449deebb360377481bf6496083ae01ce4f2,0.9424206815511164,0.8911111111111111,0.906650584172934,0.9234234234234234,0.8904761904761904,0.9426422190879172,0.9421992481203008,0.998075952561191,2.23606797749979,1.150107063034777,,,,,,,,
ISIC_0012222,17,LocalLarge,9ea0f449deebb360377481bf6496083ae01ce4f2,0.9008243817137147,0.8195454545454546,0.7166043585301358,0.569327731092437,0.9666666666666667,0.9616,0.8472744360902256,0.9988644965934897,9.013846284534354,2.289586572641004,0.7011494252873564,0.8333333333333334,0.3613861386138614,0.6386138613861386,0.6796875,3.1640625,26.25,0.87890625
ISIC_0012222,17,LocalLarge_DP,9ea0f449deebb360377481bf6496083ae01ce4f2,0.9569867472680772,0.9175211769950958,0.9698095680445891,0.972972972972973,0.9666666666666667,0.9470777726645191,0.9671052631578947,0.9981863487257129,2.0,0.8611444157672347,0.7114093959731543,0.6481481481481481,0.43564356435643564,0.5643564356435643,0.58203125,0.625,1.0,0.8671875
ISIC_0012254,17,CNN,9ea0f449deebb360377481bf6496083ae01ce4f2,0.07027708985561422,0.03641822848564095,0.0,0.0,0.0,1.0,0.03641822848564095,1.0,113.36180882816392,65.53576928731921,,,,,,,,
ISIC_0012254,17,LocalLarge,9ea0f449deebb360377481bf6496083ae01ce4f2,0.08139372822299652,0.042423361906145575,0.0,0.0,0.0,1.0,0.042423361906145575,1.0,106.04409435829456,61.856261240616476,0.5078125,0.5241935483870968,,,1.0,30.72265625,32.0,0.0
ISIC_0012254,17,LocalLarge_DP,9ea0f449deebb360377481bf6496083ae01ce4f2,0.07086301529837674,0.036733013705264175,0.0,0.0,0.0,1.0,0.036733013705264175,1.0,105.54904000786422,62.35389785384765,0.48148148148148145,0.41935483870967744,,,0.84375,26.69921875,32.0,0.0
ISIC_0012256,17,CNN,9ea0f449deebb360377481bf6496083ae01ce4f2,0.14350355526826114,0.07729805013927576,0.0,0.0,0.0,1.0,0.07729805013927576,1.0,36.37581053379845,29.40192586169874,,,,,,,,
ISIC_0012256,17,LocalLarge,9ea0f449deebb360377481bf6496083ae01ce4f2,0.2423500611995104,0.13788300835654596,0.0,0.0,0.0,1.0,0.13788300835654596,1.0,32.29240148792317,22.96864373920794,0.9375,0.9375,,,1.0,25.41015625,32.0,0.0
ISIC_0012256,17,LocalLarge_DP,9ea0f449deebb360377481bf6496083ae01ce4f2,0.14978257368336287,0.08095403899721448,0.0,0.0,0.0,1.0,0.08095403899721448,1.0,36.2932099226285,28.86766091885474,1.0,0.16015625,,,0.16015625,0.22265625,2.0,0.0
ISIC_0012288,17,CNN,9ea0f449deebb360377481bf6496083ae01ce4f2,0.9488395308210631,0.902659069325736,0.9415664181633346,0.9521739130434783,0.9311926605504587,0.924161400097229,0.9748717948717949,0.9975466297612682,2.23606797749979,0.9365956328831679,,,,,,,,
ISIC_0012288,17,LocalLarge,9ea0f449deebb360377481bf6496083ae01ce4f2,0.817947985138611,0.691972920696325,0.657132296494271,0.49157733537519144,0.9908256880733946,0.9238218205293738,0.7338461538461538,0.9981442455886516,10.295630140987,2.7986284251694196,0.6292134831460674,0.5416666666666666,0.28365384615384615,0.7163461538461539,0.6953125,4.7890625,30.0,0.87109375
ISIC_0012288,17,LocalLarge_DP,9ea0f449deebb360377481bf6496083ae01ce4f2,0.9528585757271816,0.9099616858237548,0.9408784866944534,0.9605263157894737,0.9220183486238532,0.9322865554465162,0.9743589743589743,0.9978297109426604,2.23606797749979,0.8809314049583072,0.5323741007194245,0.3333333333333333,0.4182692307692308,0.5817307692307693,0.54296875,0.55859375,1.0,0.82421875
ISIC_0012306,17,CNN,9ea0f449deebb360377481bf6496083ae01ce4f2,0.9397659149300599,0.8863758750673129,0.8649557522123893,0.8872549019607843,0.84375,0.9241998877035373,0.9558652729384437,0.9978844767605854,2.8284271247461903,1.1164884974677862,,,,,,,,
ISIC_0012306,17,LocalLarge,9ea0f449deebb360377481bf6496083ae01ce4f2,0.76423886779427,0.6184357541899441,0.5196243679267999,0.37142857142857144,0.8645833333333334,0.9421276595744681,0.6428571428571429,0.9989344031090356,12.59549469113418,3.8432524954674405,0.6910112359550562,0.835820895522388,0.3544973544973545,0.6455026455026455,0.6953125,5.69921875,32.0,0.92578125
ISIC_0012306,17,LocalLarge_DP,9ea0f449deebb360377481bf6496083ae01ce4f2,0.9480929165471752,0.9013086150490731,0.9137535617485579,0.926829268292683,0.9010416666666666,0.9365439093484419,0.9599303135888502,0.9982448992384116,2.8284271247461903,0.9361506114314985,0.6355140186915887,0.6417910447761194,0.6613756613756614,0.3386243386243386,0.41796875,0.453125,1.0,0.87109375
ISIC_0012313,17,CNN,9ea0f449deebb360377481bf6496083ae01ce4f2,0.9521094640820981,0.9085963003264418,0.9368797141722907,0.9523809523809523,0.921875,0.981198589894242,0.9246954595791805,0.9994978816883728,2.23606797749979,1.9814172605465035,,,,,,,,
ISIC_0012313,17,LocalLarge,9ea0f449deebb360377481bf6496083ae01ce4f2,0.9186289120715351,0.8495038588754135,0.6997566312861729,0.5545722713864307,0.9479166666666666,0.9948353776630084,0.853266888150609,0.9998744704220932,9.909545442950495,3.203891397083759,0.5511363636363636,0.75,0.31451612903225806,0.6854838709677419,0.6875,1.55078125,2.0,0.9921875
ISIC_0012313,17,LocalLarge_DP,9ea0f449deebb360377481bf6496083ae01ce4f2,0.9547941261157501,0.9134986225895316,0.9525340973876943,0.9625668449197861,0.9427083333333334,0.9946010797840432,0.9180509413067552,0.9998587792248549,2.23606797749979,1.9333326218234814,0.625,0.625,0.43951612903225806,0.5604838709677419,0.5625,0.5625,1.0,0.98828125
ISIC_0012316,17,CNN,9ea0f449deebb360377481bf6496083ae01ce4f2,0.9181406828465652,0.8486692015209125,0.8622238861849494,0.8647058823529412,0.8597560975609756,0.8992747784045125,0.9378151260504202,0.9980573773039505,3.0,1.2375161928594056,,,,,,,,
ISIC_0012316,17,LocalLarge,9ea0f449deebb360377481bf6496083ae01ce4f2,0.503001200480192,0.3360064153969527,0.588458345716716,0.44097995545657015,0.8841463414634146,0.8802521008403361,0.3521008403361345,0.9991141640506014,10.029925372672531,3.04796449127479,0.7405660377358491,0.9846153846153847,0.225130890052356,0.774869109947644,0.828125,9.12109375,30.0,0.9453125
ISIC_0012316,17,LocalLarge_DP,9ea0f449deebb360377481bf6496083ae01ce4f2,0.9535830618892508,0.911284046692607,0.9729098292262335,0.9763313609467456,0.9695121951219512,0.9249605055292259,0.9840336134453781,0.9985236067510024,2.0,0.686962767282544,0.7708333333333334,0.9384615384615385,0.31413612565445026,0.6858638743455497,0.75,0.8828125,2.0,0.875
ISIC_0012335,17,CNN,9ea0f449deebb360377481bf6496083ae01ce4f2,0.6813186813186813,0.5166666666666667,0.0,0.0,0.0,1.0,0.5166666666666667,1.0,9.899494936611665,5.893359814373388,,,,,,,,
ISIC_0012335,17,LocalLarge,9ea0f449deebb360377481bf6496083ae01ce4f2,0.35834068843777583,0.21827956989247313,0.003454231433506045,0.0026666666666666666,0.004901960784313725,1.0,0.21827956989247313,1.0,16.0,8.933636093893782,0.42857142857142855,0.38671875,,,0.90234375,13.5,32.0,0.0390625
ISIC_0012335,17,LocalLarge_DP,9ea0f449deebb360377481bf6496083ae01ce4f2,0.6700035752592063,0.5037634408602151,0.013157894736842105,0.02,0.00980392156862745,1.0,0.5037634408602151,1.0,10.601669917161034,6.0245629395119815,0.3613861386138614,0.28515625,,,0.7890625,1.07421875,2.0,0.05078125
ISIC_0012380,17,CNN,9ea0f449deebb360377481bf6496083ae01ce4f2,0.8761830269847477,0.7796492204899778,0.2789141206584787,0.2713936430317848,0.2868632707774799,0.8254974207811349,0.9335,0.9801128728836335,16.406981739922262,4.909829032964819,,,,,,,,
ISIC_0012380,17,LocalLarge,9ea0f449deebb360377481bf6496083ae01ce4f2,0.8976882224304905,0.8143687119172452,0.3750804452181252,0.31124807395993837,0.4718498659517426,0.8446502057613169,0.9578333333333333,0.9822460360118248,13.601470508735444,3.9810422234091676,0.5757575757575758,0.5245901639344263,0.2191780821917808,0.7808219178082192,0.7734375,2.8046875,7.0,0.29296875
ISIC_0012380,17,LocalLarge_DP,9ea0f449deebb360377481bf6496083ae01ce4f2,0.8858249419054997,0.7950500556173526,0.28508169862285787,0.27358490566037735,0.2975871313672922,0.8274963820549928,0.953,0.9799785004031174,16.25567483117431,4.495508437103257,0.5655737704918032,0.2896174863387978,0.3424657534246575,0.6575342465753424,0.4765625,0.9765625,3.0,0.25
ISIC_0012383,17,CNN,9ea0f449deebb360377481bf6496083ae01ce4f2,0.958803295736341,0.9208666256914567,0.7719169270354714,0.8152173913043478,0.7329842931937173,0.9920542956464161,0.9277089783281733,0.9991874873044891,3.605551275463989,1.4817165167502613,,,,,,,,
ISIC_0012383,17,LocalLarge,9ea0f449deebb360377481bf6496083ae01ce4f2,0.9616741500962155,0.9261776061776061,0.8006284367635507,0.8342245989304813,0.7696335078534031,0.9975049900199601,0.928328173374613,0.9997460897826529,4.0,1.3579459807127219,0.545,0.5526315789473685,0.23853211009174313,0.7614678899082569,0.78125,0.9296875,2.0,0.86328125
ISIC_0012383,17,LocalLarge_DP,9ea0f449deebb360377481bf6496083ae01ce4f2,0.9596527889406847,0.9224351050679852,0.7920283388767205,0.8278688524590164,0.7591623036649214,0.9979939819458375,0.9241486068111455,0.9997968718261223,4.0,1.4388466888322966,0.5454545454545454,0.5,0.2981651376146789,0.7018348623853211,0.73046875,0.73046875,1.0,0.86328125
ISIC_0012400,17,CNN,9ea0f449deebb360377481bf6496083ae01ce4f2,0.8954929403785683,0.8107625320978006,0.18840579710144925,0.18932038834951456,0.1875,0.9983502886994776,0.8118501956400224,0.9997879521478681,9.848857801796104,4.654711006802908,,,,,,,,
ISIC_0012400,17,LocalLarge,9ea0f449deebb360377481bf6496083ae01ce4f2,0.8834799975035886,0.7912800447177194,0.15495420349368796,0.155902004454343,0.15401785714285715,1.0,0.7912800447177194,1.0,14.392986116628988,5.2644389722481595,0.35602094240837695,0.24736842105263157,0.09090909090909091,0.9090909090909091,0.74609375,1.390625,4.0,0.19921875
ISIC_0012400,17,LocalLarge_DP,9ea0f449deebb360377481bf6496083ae01ce4f2,0.8880601653303499,0.7986584684181107,0.16102683780630106,0.1687041564792176,0.15401785714285715,1.0,0.7986584684181107,1.0,9.465692241125723,4.958351765770022,0.30128205128205127,0.14210526315789473,0.10606060606060606,0.8939393939393939,0.609375,0.71875,2.0,0.2109375
ISIC_0012417,17,CNN,9ea0f449deebb360377481bf6496083ae01ce4f2,0.8717948717948718,0.7727272727272727,0.2577576283133783,0.23950617283950618,0.2790202342917998,0.8152030373060416,0.9368301242530589,0.80189931282626,34.288247716821886,10.393357097792578,,,,,,,,
ISIC_0012417,17,LocalLarge,9ea0f449deebb360377481bf6496083ae01ce4f2,0.8595877648138062,0.7537517910560317,0.18784394891441267,0.1402469135802469,0.28434504792332266,0.7862443296536172,0.948022384520535,0.7595776683280738,41.310974543369404,13.499356127338256,0.32,0.3170731707317073,0.19607843137254902,0.803921568627451,0.87890625,8.890625,32.0,0.19921875
ISIC_0012417,17,LocalLarge_DP,9ea0f449deebb360377481bf6496083ae01ce4f2,0.8781628562298464,0.7827899629696766,0.30145182497468814,0.28534258456201217,0.3194888178913738,0.8122363436064164,0.9557368238009422,0.7939068628896688,35.4852021448136,10.13832803885242,0.5238095238095238,0.1951219512195122,0.8235294117647058,0.17647058823529413,0.328125,1.0,5.25,0.25
ISIC_0012434,17,CNN,9ea0f449deebb360377481bf6496083ae01ce4f2,0.9265367316341829,0.8631284916201117,0.6343362087102882,0.6617647058823529,0.6090909090909091,0.9818429414434862,0.8771289537712895,0.9993657840494689,4.123105625617661,1.7355466015786112,,,,,,,,
ISIC_0012434,17,LocalLarge,9ea0f449deebb360377481bf6496083ae01ce4f2,0.9321014181349377,0.8728370221327968,0.6877650384796608,0.719047619047619,0.6590909090909091,0.9913162705667276,0.8795620437956204,0.9996987474234977,3.1622776601683795,1.5695468213985921,0.6602870813397129,0.9875,0.26136363636363635,0.7386363636363636,0.81640625,1.13671875,2.0,0.87109375
ISIC_0012434,17,LocalLarge_DP,9ea0f449deebb360377481bf6496083ae01ce4f2,0.9337620578778135,0.8757539203860072,0.7172640819312363,0.7681159420289855,0.6727272727272727,0.990450204638472,0.8832116788321168,0.9996670366259711,3.1622776601683795,1.55790266443923,0.727810650887574,0.95,0.4715909090909091,0.5284090909090909,0.66015625,0.8828125,2.0,0.90625
ISIC_0012492,17,CNN,9ea0f449deebb360377481bf6496083ae01ce4f2,0.7681795998047828,0.6236133122028527,0.3350215483343295,0.3588516746411483,0.3141592920353982,0.9893148962916405,0.6278420422816114,0.9997302828856558,15.02497228377968,6.044446195611031,,,,,,,,
ISIC_0012492,17,LocalLarge,9ea0f449deebb360377481bf6496083ae01ce4f2,0.5523854069223574,0.3815831987075929,0.2848172799196283,0.1777150916784203,0.7168141592920354,0.6676088185415489,0.47108097327483045,0.9906709609862127,18.681541692269406,7.381767020553771,0.265625,0.4473684210526316,0.0,1.0,1.0,18.94921875,32.0,0.05078125
ISIC_0012492,17,LocalLarge_DP,9ea0f449deebb360377481bf6496083ae01ce4f2,0.8174482006543076,0.6912578384360015,0.41384499623777277,0.38869257950530034,0.4424778761061947,0.9018286814244466,0.7475069804547267,0.9967633946278697,12.931980515339465,4.768484249291283,0.6470588235294118,0.4276315789473684,0.9230769230769231,0.07692307692307693,0.3984375,2.62890625,13.25,0.4140625
ISIC_0012513,17,CNN,9ea0f449deebb360377481bf6496083ae01ce4f2,0.5857078919886618,0.4141350210970464,0.08614668218859138,0.09973045822102426,0.07581967213114754,0.9613124387855044,0.4211542587427591,0.9971893122709645,43.42885038547558,16.468384597102755,,,,,,,,
ISIC_0012513,17,LocalLarge,9ea0f449deebb360377481bf6496083ae01ce4f2,0.5391747797867409,0.3690891780387179,0.14738457603274074,0.1266540642722117,0.1762295081967213,0.9638121546961326,0.37427590645784165,0.9976696196676984,42.09037284422465,14.166149029037399,0.4391304347826087,0.4391304347826087,0.0,1.0,0.8984375,10.6171875,32.0,0.08203125
ISIC_0012513,17,LocalLarge_DP,9ea0f449deebb360377481bf6496083ae01ce4f2,0.578390942490815,0.4068565400843882,0.08584686774941995,0.09893048128342247,0.07581967213114754,0.9606475716064757,0.41375241364514054,0.9971893122709645,42.447233005063325,16.59892387190944,0.464,0.25217391304347825,1.0,0.0,0.48828125,0.734375,3.0,0.1015625
ISIC_0012538,17,CNN,9ea0f449deebb360377481bf6496083ae01ce4f2,0.9463350785340314,0.8981366459627329,0.8938169517008081,0.90625,0.8817204301075269,0.9175126903553299,0.977027027027027,0.9979705257899338,2.8284271247461903,0.9333302782278503,,,,,,,,
ISIC_0012538,17,LocalLarge,9ea0f449deebb360377481bf6496083ae01ce4f2,0.7586484312148029,0.611147116007777,0.5448158354193399,0.38341968911917096,0.9408602150537635,0.937375745526839,0.6371621621621621,0.9990164855751218,11.193676748647533,3.4814643712493933,0.5514018691588785,0.9193548387096774,0.19072164948453607,0.8092783505154639,0.8359375,4.859375,30.25,0.921875
ISIC_0012538,17,LocalLarge_DP,9ea0f449deebb360377481bf6496083ae01ce4f2,0.9589131875414182,0.9210693825588797,0.9731654843586464,0.9842105263157894,0.9623655913978495,0.9408322496749024,0.9777027027027027,0.9985793680529537,2.0,0.6698904912163137,0.5677083333333334,0.9193548387096774,0.30412371134020616,0.6958762886597938,0.75,0.828125,2.0,0.90234375
ISIC_0012547,17,CNN,9ea0f449deebb360377481bf6496083ae01ce4f2,0.8946869070208728,0.8094420600858369,0.49947669269785044,0.48788927335640137,0.5116279069767442,0.8774813895781638,0.9125806451612903,0.9936735216862067,8.06225774829855,2.7712035797314205,,,,,,,,
ISIC_0012547,17,LocalLarge,9ea0f449deebb360377481bf6496083ae01ce4f2,0.8476206267617311,0.7355395683453237,0.40921188685825466,0.30824891461649784,0.6085271317829457,0.872057318321392,0.824516129032258,0.9939938497020949,10.793491720330488,3.8570620120202053,0.29207920792079206,0.30985915492957744,0.22807017543859648,0.7719298245614035,0.7890625,4.78125,30.0,0.4296875
ISIC_0012547,17,LocalLarge_DP,9ea0f449deebb360377481bf6496083ae01ce4f2,0.8779734321902997,0.7824889867841409,0.42203366253999164,0.41414141414141414,0.43023255813953487,0.8423236514522822,0.9167741935483871,0.9914792747773721,8.602325267042627,3.2499142417091207,0.171875,0.09154929577464789,0.40350877192982454,0.5964912280701754,0.5,0.83984375,2.0,0.37890625
ISIC_0012660,17,CNN,9ea0f449deebb360377481bf6496083ae01ce4f2,0.9650704940937381,0.9324987727049583,0.9480908228079141,0.9617834394904459,0.9347826086956522,0.9566859733064719,0.9736032803690415,0.9972093325112762,2.23606797749979,0.9060789689385854,,,,,,,,
ISIC_0012660,17,LocalLarge,9ea0f449deebb360377481bf6496083ae01ce4f2,0.95334108827711,0.9108421832551247,0.8496134421599368,0.7682119205298014,0.9503105590062112,0.9616688396349413,0.9451563300871348,0.9976149527858,7.0,1.310419094623217,0.5283018867924528,0.9444444444444444,0.19545454545454546,0.8045454545454546,0.828125,1.7109375,2.25,0.8984375
ISIC_0012660,17,LocalLarge_DP,9ea0f449deebb360377481bf6496083ae01ce4f2,0.9690119380238761,0.9398866715939886,0.9609287154188235,0.9717868338557993,0.9503105590062112,0.9604733131923464,0.977703741670938,0.9974527046759906,2.0,0.7921047947862961,0.5362318840579711,0.8888888888888888,0.21363636363636362,0.7863636363636364,0.80859375,1.1484375,2.0,0.890625
ISIC_0012684,17,CNN,9ea0f449deebb360377481bf6496083ae01ce4f2,0.979438261791203,0.9597050576383841,0.9698654843315548,0.9755102040816327,0.9642857142857143,0.9725320985055778,0.9864432109308283,0.9953532260361772,2.0,0.8197370283228593,,,,,,,,
ISIC_0012684,17,LocalLarge,9ea0f449deebb360377481bf6496083ae01ce4f2,0.975311976662525,0.9518135807676086,0.8796673416915061,0.8028846153846154,0.9726890756302521,0.9873126982390901,0.963599487617421,0.9979347671271899,6.0,1.065390714057099,0.8125,0.7941176470588235,0.4864864864864865,0.5135135135135135,0.5625,1.1953125,2.0,0.9609375
ISIC_0012684,17,LocalLarge_DP,9ea0f449deebb360377481bf6496083ae01ce4f2,0.9847715736040609,0.97,0.9823646076371197,0.983640081799591,0.9810924369747899,0.9858778217609928,0.98366780529462,0.9976499074205953,2.0,0.6028044556597523,0.9166666666666666,0.6764705882352942,0.5630630630630631,0.4369369369369369,0.46875,0.46875,1.0,0.95703125
ISIC_0012720,17,CNN,9ea0f449deebb360377481bf6496083ae01ce4f2,0.9578237410071943,0.9190611787039434,0.6878645304796169,0.702048417132216,0.6742424242424242,0.9224839771349385,0.9959790536749579,0.9836803909412494,6.8978713763747725,1.9695590628164332,,,,,,,,
ISIC_0012720,17,LocalLarge,9ea0f449deebb360377481bf6496083ae01ce4f2,0.9393669193045029,0.885666246321984,0.636827066229738,0.5875862068965517,0.6950757575757576,0.8976653033401499,0.9851318496353095,0.9781007257211626,10.04987562112089,2.622301990349507,0.3333333333333333,0.4766355140186916,0.2214765100671141,0.7785234899328859,0.83203125,2.34765625,7.0,0.42578125
ISIC_0012720,17,LocalLarge_DP,9ea0f449deebb360377481bf6496083ae01ce4f2,0.9518888096935139,0.9081944916695002,0.6592330904541105,0.6794871794871795,0.6401515151515151,0.9089671601157053,0.9990648962034786,0.9804894059297619,7.810249675906654,2.253851022057355,0.38285714285714284,0.4485981308411215,0.3221476510067114,0.6778523489932886,0.68359375,1.046875,2.25,0.45703125
ISIC_0012746,17,CNN,9ea0f449deebb360377481bf6496083ae01ce4f2,0.9127803488786045,0.839554682383759,0.6571789391878764,0.6758241758241759,0.6395348837209303,0.8495692511597084,0.9861538461538462,0.9964661560495672,3.605551275463989,1.5283127085451715,,,,,,,,
ISIC_0012746,17,LocalLarge,9ea0f449deebb360377481bf6496083ae01ce4f2,0.909706546275395,0.8343685300207039,0.7945291398164914,0.6780626780626781,0.9593023255813954,0.8902798232695139,0.93,0.9976804284202005,6.2429433838655335,1.5970948000898086,0.6903553299492385,0.8846153846153846,0.3492063492063492,0.6507936507936508,0.76953125,2.19140625,3.25,0.7421875
ISIC_0012746,17,LocalLarge_DP,9ea0f449deebb360377481bf6496083ae01ce4f2,0.9402390438247012,0.8872180451127819,0.9116575591985429,0.9285714285714286,0.8953488372093024,0.8884325804243669,0.9984615384615385,0.9974624820972663,2.23606797749979,0.9937060246069265,0.6949152542372882,0.7846153846153846,0.40476190476190477,0.5952380952380952,0.69140625,0.8203125,2.0,0.71484375
ISIC_0012876,17,CNN,9ea0f449deebb360377481bf6496083ae01ce4f2,0.38813151563753007,0.2407960199004975,0.0,0.0,0.0,0.2407960199004975,1.0,0.9646813763308132,26.962861212094833,14.451223479949782,,,,,,,,
ISIC_0012876,17,LocalLarge,9ea0f449deebb360377481bf6496083ae01ce4f2,0.4002466851680543,0.2501927525057826,0.17280006953725133,0.1011743450767841,0.5916666666666667,0.2578466428287644,0.8939393939393939,0.9711772874556396,28.172680629244756,11.971531109866453,0.2896825396825397,0.28515625,,,0.984375,12.66015625,32.0,0.04296875
ISIC_0012876,17,LocalLarge_DP,9ea0f449deebb360377481bf6496083ae01ce4f2,0.32947583390061264,0.19722901385493072,0.0,0.0,0.0,0.19722901385493072,1.0,0.9544051843851258,31.01048114505207,17.602128974273356,0.0,0.0,,,0.71875,2.7734375,6.0,0.0
ISIC_0012927,17,CNN,9ea0f449deebb360377481bf6496083ae01ce4f2,0.8031807472231571,0.6710961119313787,0.4195728333769392,0.44350758853288363,0.3980891719745223,0.9744767738642164,0.6831031274601016,0.9951515621666699,30.48932547205238,9.667578291463036,,,,,,,,
ISIC_0012927,17,LocalLarge,9ea0f449deebb360377481bf6496083ae01ce4f2,0.7411658109332528,0.5887715930902111,0.24026117644796183,0.19924242424242425,0.30254777070063693,0.9331812255541069,0.6146854648250197,0.988072842930008,30.01666203960727,10.181086284052112,0.26495726495726496,0.35135135135135137,0.07407407407407407,0.9259259259259259,0.9140625,7.296875,30.25,0.1640625
ISIC_0012927,17,LocalLarge_DP,9ea0f449deebb360377481bf6496083ae01ce4f2,0.7888767537595565,0.6513596004439511,0.3044319233033387,0.3225806451612903,0.28821656050955413,0.954947625343232,0.6720103055893509,0.9914085681593391,31.016124838541646,10.053288349762436,0.16521739130434782,0.08108108108108109,0.4351851851851852,0.5648148148148148,0.44921875,1.0234375,5.0,0.29296875
ISIC_0012956,17,CNN,9ea0f449deebb360377481bf6496083ae01ce4f2,0.868237347294939,0.7671549730146492,0.5782610266228371,0.6174496644295302,0.54375,0.983201581027668,0.77734375,0.9997354332669323,4.0,2.4711925183935333,,,,,,,,
ISIC_0012956,17,LocalLarge,9ea0f449deebb360377481bf6496083ae01ce4f2,0.5118978525827046,0.34399375975039004,0.29279446029222833,0.20595533498759305,0.50625,0.9954853273137697,0.34453125,0.999968874501992,11.180339887498949,4.527192426728952,0.6275303643724697,0.9647058823529412,0.04678362573099415,0.9532163742690059,0.96484375,11.66015625,30.0,0.90234375
ISIC_0012956,17,LocalLarge_DP,9ea0f449deebb360377481bf6496083ae01ce4f2,0.8718395815170009,0.7727975270479135,0.6438408569242541,0.6710526315789473,0.61875,0.9861932938856016,0.78125,0.9997821215139442,4.0,2.4019641636909315,0.5046728971962616,0.6235294117647059,0.16374269005847952,0.8362573099415205,0.8359375,1.08203125,2.0,0.671875
ISIC_0012959,17,CNN,9ea0f449deebb360377481bf6496083ae01ce4f2,0.8303466755987272,0.7099083619702177,0.4469847793975981,0.4013377926421405,0.5043478260869565,0.7493954050785974,0.9309049943672549,0.9868146899304948,21.549924070962604,4.801105114112424,,,,,,,,
ISIC_0012959,17,LocalLarge,9ea0f449deebb360377481bf6496083ae01ce4f2,0.7909490037149611,0.6541899441340782,0.3096256772376919,0.20022246941045607,0.6826086956521739,0.7186253451979134,0.8794592564776568,0.9854150430232373,28.42534080710379,8.333604787660823,0.20398009950248755,0.2125,0.3473684210526316,0.6526315789473685,0.78515625,6.9140625,32.0,0.265625
ISIC_0012959,17,LocalLarge_DP,9ea0f449deebb360377481bf6496083ae01ce4f2,0.8159154697044741,0.6890686001115449,0.3838830516217451,0.34098360655737703,0.4391304347826087,0.7280494991160872,0.9279008636875704,0.985319612552288,22.20360331117452,5.324057801094766,0.1,0.04375,0.42105263157894735,0.5789473684210527,0.46875,0.5859375,2.0,0.296875
ISIC_0012965,17,CNN,9ea0f449deebb360377481bf6496083ae01ce4f2,0.904296875,0.8253119429590018,0.8985294117647059,0.9285714285714286,0.8703703703703703,0.9978448275862069,0.8267857142857142,0.9999846097020438,3.0,0.9477943310621885,,,,,,,,
ISIC_0012965,17,LocalLarge,9ea0f449deebb360377481bf6496083ae01ce4f2,0.5911949685534591,0.41964285714285715,0.4537643058247102,0.31877729257641924,0.7870370370370371,1.0,0.41964285714285715,1.0,8.037354648979129,3.0339742988848135,0.33185840707964603,1.0,0.12345679012345678,0.8765432098765432,0.8828125,11.5625,28.0,0.99609375
ISIC_0012965,17,LocalLarge_DP,9ea0f449deebb360377481bf6496083ae01ce4f2,0.8969578017664377,0.8131672597864769,0.9466177669111655,0.9583333333333334,0.9351851851851852,0.9956427015250545,0.8160714285714286,0.9999692194040877,2.23606797749979,1.0051167885439622,0.3931034482758621,1.0,0.4567901234567901,0.5432098765432098,0.56640625,0.63671875,2.0,0.9765625
ISIC_0013010,17,CNN,9ea0f449deebb360377481bf6496083ae01ce4f2,0.9258957654723127,0.8620166793025019,0.8029294274300932,0.8181818181818182,0.788235294117647,0.9991212653778558,0.862670713201821,0.999984428041982,3.0,1.191953189741862,,,,,,,,
ISIC_0013010,17,LocalLarge,9ea0f449deebb360377481bf6496083ae01ce4f2,0.46386946386946387,0.30197268588770865,0.37432564982834726,0.29707112970711297,0.5058823529411764,1.0,0.30197268588770865,1.0,12.692456922049901,4.307738989407672,0.2916666666666667,1.0,0.16260162601626016,0.8373983739837398,0.84375,9.92578125,30.0,0.97265625
ISIC_0013010,17,LocalLarge_DP,9ea0f449deebb360377481bf6496083ae01ce4f2,0.9057700290577003,0.8277693474962063,0.8483604688283851,0.8618421052631579,0.8352941176470589,1.0,0.8277693474962063,1.0,2.5618655084853,1.4978228544687946,0.2867132867132867,1.0,0.45934959349593496,0.540650406504065,0.55859375,0.60546875,1.0,1.0
ISIC_0013082,17,CNN,9ea0f449deebb360377481bf6496083ae01ce4f2,0.9183027232425586,0.8489461358313818,0.7265856063095629,0.7528089887640449,0.7021276595744681,0.9705488621151271,0.8713942307692307,0.9993111222444889,4.08001865665148,1.515982386027861,,,,,,,,
ISIC_0013082,17,LocalLarge,9ea0f449deebb360377481bf6496083ae01ce4f2,0.5488493269648285,0.3782166367444644,0.47560202788339667,0.3368869936034115,0.8085106382978723,0.9890453834115805,0.3798076923076923,0.9998904058116233,12.891168824543133,4.107414686022961,0.719626168224299,1.0,0.21875,0.78125,0.8359375,7.45703125,32.0,0.92578125
ISIC_0013082,17,LocalLarge_DP,9ea0f449deebb360377481bf6496083ae01ce4f2,0.9485570890840652,0.9021479713603818,0.9673315630210584,0.9887640449438202,0.9468085106382979,0.9921259842519685,0.9086538461538461,0.999812124248497,2.1534441853748647,0.9238710522030543,0.8415841584158416,1.0,0.28125,0.71875,0.7890625,0.9609375,2.0,1.0
ISIC_0013104,17,CNN,9ea0f449deebb360377481bf6496083ae01ce4f2,0.940939934656949,0.8884670147128619,0.6971387979004696,0.6880530973451328,0.7064676616915423,0.8921366163621922,0.9953917050691244,0.9886633051724714,8.271046370169175,1.9231539230780927,,,,,,,,
ISIC_0013104,17,LocalLarge,9ea0f449deebb360377481bf6496083ae01ce4f2,0.9269667870672188,0.8638752052545156,0.7601654846335698,0.6687116564417178,0.8805970149253731,0.9215274128568927,0.9324707550514002,0.9925201188766821,6.324555320336759,1.5969538677220017,0.7083333333333334,0.7111111111111111,0.5454545454545454,0.45454545454545453,0.65625,3.00390625,21.0,0.6171875
ISIC_0013104,17,LocalLarge_DP,9ea0f449deebb360377481bf6496083ae01ce4f2,0.9452861952861953,0.8962490023942538,0.7437858648020008,0.7161572052401747,0.7736318407960199,0.9001282462327669,0.9952144629563985,0.9895982903128862,8.661976476986224,1.7566276234453233,0.6929133858267716,0.4888888888888889,0.628099173553719,0.371900826446281,0.49609375,0.51171875,1.0,0.56640625
ISIC_0013127,17,CNN,9ea0f449deebb360377481bf6496083ae01ce4f2,0.7090142165286674,0.5492037368701292,0.1088483784029313,0.1148989898989899,0.10340314136125654,0.9901387555633127,0.552224277231578,0.9974883307401645,30.518837651723718,14.768713836444553,,,,,,,,
ISIC_0013127,17,LocalLarge,9ea0f449deebb360377481bf6496083ae01ce4f2,0.7453786523553966,0.594106463878327,0.18766672607277532,0.14110150204824762,0.2801047120418848,0.9619824534400493,0.6083909276744865,0.9890197821738164,28.178005607210743,11.158255565769853,0.6205533596837944,0.6666666666666666,0.0,1.0,0.98828125,14.33984375,32.0,0.09765625
ISIC_0013127,17,LocalLarge_DP,9ea0f449deebb360377481bf6496083ae01ce4f2,0.7714952856678391,0.6279953806178423,0.15746751647572232,0.16508313539192399,0.1505235602094241,0.982238278016106,0.6352087997663779,0.9947543898644143,30.137171747370143,11.53754308720008,0.664,0.3547008547008547,0.6818181818181818,0.3181818181818182,0.48828125,4.19140625,16.0,0.10546875
ISIC_0013128,17,CNN,9ea0f449deebb360377481bf6496083ae01ce4f2,0.939880084265111,0.8865790278202385,0.8251485032053166,0.8472222222222222,0.8041958041958042,0.9357857373346241,0.9440104166666666,0.9968141649590164,3.4947328716400867,1.3593697398946707,,,,,,,,
ISIC_0013128,17,LocalLarge,9ea0f449deebb360377481bf6496083ae01ce4f2,0.8463800073502389,0.7336731443134756,0.6459015718023197,0.5041322314049587,0.8986013986013986,0.9717299578059072,0.7496744791666666,0.9989273821721312,10.74229285396213,2.7613368137820014,0.7632850241545893,0.9367088607594937,0.2542372881355932,0.7457627118644068,0.80859375,6.97265625,32.0,0.90234375
ISIC_0013128,17,LocalLarge_DP,9ea0f449deebb360377481bf6496083ae01ce4f2,0.949673202614379,0.9041692594897324,0.8900544903588754,0.9065743944636678,0.8741258741258742,0.9534120734908137,0.9459635416666666,0.9977266905737705,2.8284271247461903,1.1231676587938044,0.8188405797101449,0.6455696202531646,0.5141242937853108,0.4858757062146893,0.5390625,0.5859375,1.0,0.85546875
ISIC_0013132,17,CNN,9ea0f449deebb360377481bf6496083ae01ce4f2,0.9118753358409457,0.8380246913580247,0.6559880943056318,0.6979166666666666,0.6188118811881188,0.9344713656387665,0.8903462749213011,0.9981298129812981,4.116950344336776,1.7877246847149257,,,,,,,,
ISIC_0013132,17,LocalLarge,9ea0f449deebb360377481bf6496083ae01ce4f2,0.8922902494331065,0.8055271238485159,0.6175753417427561,0.5363881401617251,0.7277227722772277,0.9704069050554871,0.825813221406086,0.9992456388495993,10.1478150704935,2.543679495653353,0.7881773399014779,0.8434782608695652,0.2553191489361702,0.7446808510638298,0.79296875,1.9921875,3.0,0.85546875
ISIC_0013132,17,LocalLarge_DP,9ea0f449deebb360377481bf6496083ae01ce4f2,0.9255610290093049,0.8614365766683647,0.7779747767035762,0.8052631578947368,0.7524752475247525,0.967391304347826,0.8871983210912907,0.9991041961338991,3.1622776601683795,1.457808601944142,0.8655913978494624,0.8173913043478261,0.3475177304964539,0.6524822695035462,0.7265625,0.8203125,2.0,0.84375
ISIC_0013188,17,CNN,9ea0f449deebb360377481bf6496083ae01ce4f2,0.9299895506792059,0.869140625,0.9124087591240876,0.9328358208955224,0.8928571428571429,0.9866962305986696,0.8794466403162056,0.9998140226892319,2.8284271247461903,0.9985869999067505,,,,,,,,
ISIC_0013188,17,LocalLarge,9ea0f449deebb360377481bf6496083ae01ce4f2,0.6136986301369863,0.4426877470355731,0.4213625368012451,0.29085872576177285,0.7642857142857142,1.0,0.4426877470355731,1.0,12.041594578792296,4.117837155434982,0.5431472081218274,1.0,0.236,0.764,0.76953125,10.25390625,32.0,0.99609375
ISIC_0013188,17,LocalLarge_DP,9ea0f449deebb360377481bf6496083ae01ce4f2,0.9332632685233841,0.8748768472906404,0.9595422031473534,0.9846153846153847,0.9357142857142857,0.9966329966329966,0.8774703557312253,0.999953505672308,2.23606797749979,0.9529939925243395,0.5168539325842697,1.0,0.312,0.688,0.6953125,0.6953125,1.0,1.0
ISIC_0013215,17,CNN,9ea0f449deebb360377481bf6496083ae01ce4f2,0.9653891071238985,0.9330938943047716,0.7173224592987204,0.7001303780964798,0.7353801169590644,0.9373260488609422,0.9951844150158695,0.9742710845922729,10.63014581273465,2.104146021036941,,,,,,,,
ISIC_0013215,17,LocalLarge,9ea0f449deebb360377481bf6496083ae01ce4f2,0.9466352218504909,0.8986774966156409,0.5745356474835792,0.46846846846846846,0.7426900584795322,0.9487686895338611,0.9445113275692241,0.9802801404934197,12.041594578792296,3.013494574360284,0.4144144144144144,0.5128205128205128,0.07913669064748201,0.920863309352518,0.8671875,6.8203125,32.0,0.46484375
ISIC_0013215,17,LocalLarge_DP,9ea0f449deebb360377481bf6496083ae01ce4f2,0.9622024447780398,0.9271581340083691,0.6510070625163484,0.6321243523316062,0.6710526315789473,0.9430898581187599,0.9821057239794243,0.9770851847149931,10.63014581273465,2.231398951094841,0.5540540540540541,0.27350427350427353,0.2805755395683453,0.7194244604316546,0.578125,0.98828125,4.0,0.56640625
ISIC_0013232,17,CNN,9ea0f449deebb360377481bf6496083ae01ce4f2,0.9258028792912514,0.8618556701030928,0.6475080601107529,0.6701846965699209,0.6263157894736842,0.9517698199130615,0.9012152097216778,0.996144554389913,8.488217492792518,2.2343643963831523,,,,,,,,
ISIC_0013232,17,LocalLarge,9ea0f449deebb360377481bf6496083ae01ce4f2,0.8853679285410464,0.7943140622018698,0.5689152656923208,0.45165238678090575,0.7684210526315789,0.9676894467689446,0.8159545276362211,0.9976999702154417,10.770329614269007,3.1339245586436886,0.6828193832599119,0.8990825688073395,0.17006802721088435,0.8299319727891157,0.88671875,4.3203125,32.0,0.68359375
ISIC_0013232,17,LocalLarge_DP,9ea0f449deebb360377481bf6496083ae01ce4f2,0.9445231828305325,0.8948781891425283,0.782461455422358,0.805699481865285,0.7605263157894737,0.9767587939698492,0.9143473147785183,0.9981632855677268,7.214552917845606,1.6472630613335333,0.75,0.8073394495412844,0.3673469387755102,0.6326530612244898,0.75,1.02734375,2.0,0.75
ISIC_0013421,17,CNN,9ea0f449deebb360377481bf6496083ae01ce4f2,0.8849764203907479,0.7936840409248369,0.38095238095238093,0.38461538461538464,0.37735849056603776,0.7984439581813761,0.9925448317549869,0.9552778277288257,17.369641763401926,6.045172880233525,,,,,,,,
ISIC_0013421,17,LocalLarge,9ea0f449deebb360377481bf6496083ae01ce4f2,0.8893609328391937,0.80076503621714,0.33614030203911194,0.2918781725888325,0.39622641509433965,0.8064754098360656,0.9912351400362683,0.9575436072648804,18.0,5.857704198604524,0.44021739130434784,0.4069767441860465,0.38095238095238093,0.6190476190476191,0.71875,2.7734375,15.25,0.3125
ISIC_0013421,17,LocalLarge_DP,9ea0f449deebb360377481bf6496083ae01ce4f2,0.8827499888248178,0.7901096263103145,0.3557972197938382,0.35688405797101447,0.35471698113207545,0.7934110084371233,0.9947612331251259,0.9537673080381226,17.22178505804112,6.1130619406801925,0.2564102564102564,0.13372093023255813,0.44047619047619047,0.5595238095238095,0.45703125,0.546875,2.0,0.2890625
ISIC_0013491,17,CNN,9ea0f449deebb360377481bf6496083ae01ce4f2,0.950712450362065,0.9060552092609083,0.7884253848889791,0.834920634920635,0.7468354430379747,0.9639981051634297,0.9377880184331797,0.997516177527943,5.0,1.4205094157427067,,,,,,,,
ISIC_0013491,17,LocalLarge,9ea0f449deebb360377481bf6496083ae01ce4f2,0.9510003594105667,0.9065783462768388,0.7387858592391584,0.6525612472160356,0.8512658227848101,0.9905165959570751,0.9145161290322581,0.9993790443819858,7.0710678118654755,1.682323577691433,0.8457943925233645,0.9491525423728814,0.19796954314720813,0.8020304568527918,0.8359375,1.671875,3.0,0.92578125
ISIC_0013491,17,LocalLarge_DP,9ea0f449deebb360377481bf6496083ae01ce4f2,0.9676581680830972,0.9373427852732678,0.8893880420431748,0.9163987138263665,0.8639240506329114,0.9920135527589545,0.9444700460829493,0.9994607490685665,4.0,0.9087821606731623,0.9271844660194175,0.9491525423728814,0.23857868020304568,0.7614213197969543,0.8046875,0.94140625,2.0,0.94140625
ISIC_0013501,17,CNN,9ea0f449deebb360377481bf6496083ae01ce4f2,0.8692487652716402,0.7687356321839081,0.28395346158276696,0.2951388888888889,0.27358490566037735,1.0,0.7687356321839081,1.0,7.0,3.7614353975672423,,,,,,,,
ISIC_0013501,17,LocalLarge,9ea0f449deebb360377481bf6496083ae01ce4f2,0.7954042081949059,0.66030797517812,0.1682922164849876,0.12643678160919541,0.25157232704402516,0.999652052887961,0.6604597701149425,0.999983656391985,16.01873172512884,6.235685323327277,0.35064935064935066,0.2721518987341772,0.5816326530612245,0.41836734693877553,0.6015625,3.9765625,31.0,0.33984375
ISIC_0013501,17,LocalLarge_DP,9ea0f449deebb360377481bf6496083ae01ce4f2,0.8627450980392157,0.7586206896551724,0.2820688866002975,0.2910958904109589,0.27358490566037735,1.0,0.7586206896551724,1.0,7.280109889280518,3.935573768295859,0.13043478260869565,0.056962025316455694,1.0,0.0,0.26953125,0.26953125,1.0,0.3828125
ISIC_0013518,17,CNN,9ea0f449deebb360377481bf6496083ae01ce4f2,0.7227993159949976,0.5659246233164142,0.13031735991887794,0.14081145584725538,0.12127894156560089,0.9895869732336292,0.5693148922483113,0.9963358253000196,38.87800317765597,15.560395424508846,,,,,,,,
ISIC_0013518,17,LocalLarge,9ea0f449deebb360377481bf6496083ae01ce4f2,0.7573047678255463,0.6094050642653737,0.1974862672482587,0.1409673418768086,0.3296582138919515,0.9342772861356932,0.6366999035059505,0.9726047609679324,34.552836035178906,12.848774189126072,0.6549019607843137,0.7142857142857143,0.0,1.0,0.99609375,12.51171875,32.0,0.18359375
ISIC_0013518,17,LocalLarge_DP,9ea0f449deebb360377481bf6496083ae01ce4f2,0.760581455613416,0.6136598964555954,0.20524252391092154,0.21780986762936222,0.1940463065049614,0.9847894165015658,0.6195320038597619,0.9941471571906354,36.6742416417845,13.596089177110992,0.8636363636363636,0.49107142857142855,0.6875,0.3125,0.515625,2.0625,8.25,0.20703125
ISIC_0013527,17,CNN,9ea0f449deebb360377481bf6496083ae01ce4f2,0.1832258064516129,0.10085227272727272,0.09999999999999999,0.0851063829787234,0.12121212121212122,0.17026378896882494,0.19832402234636873,0.9946914603086932,22.67156809750927,9.211564984963786,,,,,,,,
ISIC_0013527,17,LocalLarge,9ea0f449deebb360377481bf6496083ae01ce4f2,0.3426632739609839,0.2067553735926305,0.27307046979865773,0.17383177570093458,0.6363636363636364,0.24604141291108406,0.5642458100558659,0.9905029304366504,23.345235059857504,8.960914753971252,0.73046875,0.73046875,,,1.0,20.35546875,32.0,0.2578125
ISIC_0013527,17,LocalLarge_DP,9ea0f449deebb360377481bf6496083ae01ce4f2,0.43874172185430466,0.28101802757158006,0.31572556162720095,0.24186046511627907,0.45454545454545453,0.31176470588235294,0.7402234636871509,0.9910245788456228,22.47220505424423,7.300647775211106,0.927536231884058,0.25,,,0.26953125,2.51171875,16.0,0.09375
ISIC_0013549,17,CNN,9ea0f449deebb360377481bf6496083ae01ce4f2,0.8102626756261454,0.6810433353871431,0.04545454545454546,0.04827586206896552,0.04294478527607362,1.0,0.6810433353871431,1.0,10.92159688587405,6.2357573626124845,,,,,,,,
ISIC_0013549,17,LocalLarge,9ea0f449deebb360377481bf6496083ae01ce4f2,0.7930094199305899,0.6570137605257753,0.008968609865470854,0.008746355685131196,0.009202453987730062,1.0,0.6570137605257753,1.0,13.601470508735444,6.75779021226846,0.40425531914893614,0.24152542372881355,0.2,0.8,0.55078125,1.12109375,3.0,0.02734375
ISIC_0013549,17,LocalLarge_DP,9ea0f449deebb360377481bf6496083ae01ce4f2,0.8089530332681018,0.6791949065516533,0.02272727272727273,0.02413793103448276,0.02147239263803681,1.0,0.6791949065516533,1.0,11.384459542064105,6.255212544867373,0.4383561643835616,0.13559322033898305,0.5,0.5,0.28515625,0.28515625,1.0,0.05078125
ISIC_0013561,17,CNN,9ea0f449deebb360377481bf6496083ae01ce4f2,0.9025575988163179,0.8224191063174114,0.3901649951472015,0.3829787234042553,0.39762611275964393,0.9050445103857567,0.9000843170320405,0.9926306092906961,7.211102550927978,3.013702004538857,,,,,,,,
ISIC_0013561,17,LocalLarge,9ea0f449deebb360377481bf6496083ae01ce4f2,0.7978680611423974,0.6637108917517149,0.3318972395085368,0.21636615811373092,0.712166172106825,0.7628846153846154,0.8362141652613828,0.9797177260165811,21.095023109728988,6.757044573421907,0.4497991967871486,0.5185185185185185,0.1044776119402985,0.8955223880597015,0.97265625,11.953125,32.0,0.41015625
ISIC_0013561,17,LocalLarge_DP,9ea0f449deebb360377481bf6496083ae01ce4f2,0.9113974627909299,0.8372178381354377,0.4339510258107214,0.40389294403892945,0.4688427299703264,0.8661477121701158,0.9616357504215851,0.9884030793525463,7.245606220104248,2.7718156255784154,0.40804597701149425,0.32275132275132273,0.29850746268656714,0.7014925373134329,0.6796875,1.96484375,6.0,0.36328125
ISIC_0013562,17,CNN,9ea0f449deebb360377481bf6496083ae01ce4f2,0.9384328358208955,0.8840070298769771,0.7079277779787966,0.7706093189964157,0.6546762589928058,0.9217277486910995,0.9557546145494028,0.995165879842204,5.0,1.7684399794476695,,,,,,,,
ISIC_0013562,17,LocalLarge,9ea0f449deebb360377481bf6496083ae01ce4f2,0.9474824038982134,0.9002057613168725,0.7883431268840612,0.7331536388140162,0.8525179856115108,0.9449244060475162,0.9500542888165038,0.9967018043070556,6.041381265149109,1.5409597148776746,0.7094972067039106,0.7416666666666667,0.40441176470588236,0.5955882352941176,0.69921875,1.19921875,3.0,0.75390625
ISIC_0013562,17,LocalLarge_DP,9ea0f449deebb360377481bf6496083ae01ce4f2,0.9518283632438267,0.9080844490216272,0.8393704721458904,0.8759124087591241,0.8057553956834532,0.9463375368929434,0.9573832790445168,0.9967664748108388,5.0,1.3573676979014995,0.7581699346405228,0.6583333333333333,0.5147058823529411,0.4852941176470588,0.59765625,0.78515625,2.0,0.734375
ISIC_0013632,17,CNN,9ea0f449deebb360377481bf6496083ae01ce4f2,0.33881765573584477,0.20396174863387978,0.009966777408637873,0.014285714285714285,0.007653061224489796,1.0,0.20396174863387978,1.0,40.024992192379,23.74460139474736,,,,,,,,
ISIC_0013632,17,LocalLarge,9ea0f449deebb360377481bf6496083ae01ce4f2,0.2557283628160988,0.1466104002178056,0.026327944572748264,0.018072289156626505,0.04846938775510204,0.9764279238440616,0.1471311475409836,0.9995533873849114,35.94645537811786,21.596934878424882,0.616600790513834,0.6265060240963856,0.0,1.0,0.98828125,16.90625,32.0,0.02734375
ISIC_0013632,17,LocalLarge_DP,9ea0f449deebb360377481bf6496083ae01ce4f2,0.3783783783783784,0.23333333333333334,0.009433962264150943,0.012295081967213115,0.007653061224489796,1.0,0.23333333333333334,1.0,38.0,22.21809914264018,0.8888888888888888,0.5140562248995983,1.0,0.0,0.5625,1.27734375,5.0,0.02734375
ISIC_0013637,17,CNN,9ea0f449deebb360377481bf6496083ae01ce4f2,0.9622551361681796,0.927255985267035,0.8924631547313459,0.928082191780822,0.8594771241830066,0.9877390877881315,0.9380530973451328,0.9991835668332191,2.9571067811865475,1.1004466186139927,,,,,,,,
ISIC_0013637,17,LocalLarge,9ea0f449deebb360377481bf6496083ae01ce4f2,0.95381647172314,0.9117104656523743,0.7487603790746119,0.7811447811447811,0.7189542483660131,0.9889972493123281,0.9210526315789473,0.9992815388132328,3.1622776601683795,1.3259420769184858,0.43946188340807174,0.6,0.11203319502074689,0.8879668049792531,0.87109375,1.23046875,2.0,0.83203125
ISIC_0013637,17,LocalLarge_DP,9ea0f449deebb360377481bf6496083ae01ce4f2,0.9562597903361851,0.916185638420688,0.7634395953417245,0.8137931034482758,0.7189542483660131,0.9907615480649189,0.9240801117838845,0.9993958394565821,3.0,1.2650967780663662,0.4864864864864865,0.4666666666666667,0.1078838174273859,0.8921161825726142,0.8671875,1.0390625,2.0,0.83984375
ISIC_0013644,17,CNN,9ea0f449deebb360377481bf6496083ae01ce4f2,0.5937537109606935,0.422225975342003,0.12802254098360655,0.11951219512195121,0.13783783783783785,0.9936406995230525,0.42337002540220153,0.9997316831849206,31.016124838541646,12.179119805365776,,,,,,,,
ISIC_0013644,17,LocalLarge,9ea0f449deebb360377481bf6496083ae01ce4f2,0.5121951219512195,0.3442622950819672,0.06932523438531626,0.0499001996007984,0.11351351351351352,0.9941434846266471,0.3449618966977138,0.9997987623886905,29.698484809834994,13.06973377566886,0.6026200873362445,0.6494845360824743,0.11290322580645161,0.8870967741935484,0.89453125,8.88671875,32.0,0.19921875
ISIC_0013644,17,LocalLarge_DP,9ea0f449deebb360377481bf6496083ae01ce4f2,0.6036131774707758,0.4322678843226788,0.10338461538461538,0.09905660377358491,0.10810810810810811,0.9968798751950078,0.43285351397121086,0.9998658415924603,31.0137061127604,12.034490725804332,0.558282208588957,0.3711340206185567,0.11290322580645161,0.8870967741935484,0.63671875,0.8359375,2.25,0.18359375
ISIC_0013651,17,CNN,9ea0f449deebb360377481bf6496083ae01ce4f2,0.7388329532180008,0.5858327452364149,0.10565914295060516,0.10445468509984639,0.10689170182841069,0.9929724880382775,0.5882717689786517,0.9978118161925602,45.617978911828175,18.97419583763862,,,,,,,,
ISIC_0013651,17,LocalLarge,9ea0f449deebb360377481bf6496083ae01ce4f2,0.699794026776519,0.5382178217821783,0.08548696207677565,0.06254248810333107,0.1350210970464135,0.9881240911294231,0.5417220302949775,0.9965780529819824,48.75448697299562,21.3744201909708,0.44871794871794873,0.42731277533039647,0.06896551724137931,0.9310344827586207,0.9140625,6.796875,29.0,0.1015625
ISIC_0013651,17,LocalLarge_DP,9ea0f449deebb360377481bf6496083ae01ce4f2,0.7457786116322702,0.5946148092744952,0.10987510541745311,0.1130298273155416,0.10689170182841069,0.988950680521001,0.5985915492957746,0.9964849387774105,45.90641644551701,18.631805263563585,0.6666666666666666,0.33480176211453744,0.3793103448275862,0.6206896551724138,0.48046875,0.71484375,2.0,0.12109375
ISIC_0013663,17,CNN,9ea0f449deebb360377481bf6496083ae01ce4f2,0.8674688252023627,0.7659558028125483,0.46235921754593956,0.45614035087719296,0.46875,0.9367794367794368,0.8077079768597735,0.987439686086026,20.483910056792414,5.493763173197062,,,,,,,,
ISIC_0013663,17,LocalLarge,9ea0f449deebb360377481bf6496083ae01ce4f2,0.8546385976146642,0.7461737368090013,0.33668329922180856,0.24907846234860453,0.5193452380952381,0.8398489734917014,0.8699584453678807,0.9617745902408802,16.1245154965971,5.324473989241364,0.3254901960784314,0.524822695035461,0.008695652173913044,0.991304347826087,0.99609375,11.29296875,32.0,0.1875
ISIC_0013663,17,LocalLarge_DP,9ea0f449deebb360377481bf6496083ae01ce4f2,0.8892408919215304,0.8005704256252743,0.3058907336703514,0.2982005141388175,0.31398809523809523,0.8865403304178814,0.8919579564898558,0.973696562341588,15.034731931759167,4.715518501700701,0.4125,0.46099290780141844,0.3739130434782609,0.6260869565217392,0.625,3.1875,11.0,0.265625
ISIC_0013702,17,CNN,9ea0f449deebb360377481bf6496083ae01ce4f2,0.7543482509282783,0.6055851898336994,0.21721273831861543,0.23116883116883116,0.20484581497797358,1.0,0.6055851898336994,1.0,39.6068157645016,10.957376608896116,,,,,,,,
ISIC_0013702,17,LocalLarge,9ea0f449deebb360377481bf6496083ae01ce4f2,0.7237815854390293,0.567129871486783,0.1201691822856195,0.09936908517350158,0.15198237885462554,0.9981610886355278,0.5677230415228532,0.9998213488164359,38.51618062610589,13.649685615310446,0.4114583333333333,0.3770491803278688,0.2328767123287671,0.7671232876712328,0.75,2.6953125,9.25,0.1875
ISIC_0013702,17,LocalLarge_DP,9ea0f449deebb360377481bf6496083ae01ce4f2,0.7530485816759048,0.603911724714988,0.17987030404392623,0.1974025974025974,0.16519823788546256,1.0,0.603911724714988,1.0,39.6068157645016,10.980828300441,0.40441176470588236,0.25136612021857924,0.4246575342465753,0.5753424657534246,0.53125,0.5625,1.0,0.24609375
ISIC_0013736,17,CNN,9ea0f449deebb360377481bf6496083ae01ce4f2,0.9119705340699816,0.8381855111712931,0.24843278384026005,0.23809523809523808,0.25970873786407767,0.8389428506889541,0.9989241527703067,0.9754561101549053,15.811388300841896,4.017476551833639,,,,,,,,
ISIC_0013736,17,LocalLarge,9ea0f449deebb360377481bf6496083ae01ce4f2,0.9128640926165404,0.8396963860881387,0.2849067269643866,0.26666666666666666,0.3058252427184466,0.8419856866977167,0.9967724583109199,0.9760585197934596,15.701978145168242,3.8761013917992586,0.36597938144329895,0.3108108108108108,0.2647058823529412,0.7352941176470589,0.7578125,1.3828125,5.0,0.1875
ISIC_0013736,17,LocalLarge_DP,9ea0f449deebb360377481bf6496083ae01ce4f2,0.912106135986733,0.8384146341463414,0.26372267287475903,0.24801587301587302,0.2815533980582524,0.8394573205200678,0.9985207100591716,0.9755593803786575,15.811388300841896,3.986253715179643,0.2903225806451613,0.24324324324324326,0.11764705882352941,0.8823529411764706,0.7265625,1.0234375,3.25,0.13671875
ISIC_0013793,17,CNN,9ea0f449deebb360377481bf6496083ae01ce4f2,0.9294467137021909,0.8681928546652792,0.6588851477740366,0.6870026525198939,0.6329787234042553,0.9675299574797063,0.8942479456948911,0.9971971036737962,7.0710678118654755,2.22937730925061,,,,,,,,
ISIC_0013793,17,LocalLarge,9ea0f449deebb360377481bf6496083ae01ce4f2,0.9521644234267006,0.9086964068738066,0.7984992665865687,0.7649667405764967,0.8351063829787234,0.969803630974435,0.935155412647374,0.9972805232073142,5.0,1.5178461392735303,0.6839080459770115,0.8673469387755102,0.43670886075949367,0.5632911392405063,0.6796875,1.67578125,5.25,0.7734375
ISIC_0013793,17,LocalLarge_DP,9ea0f449deebb360377481bf6496083ae01ce4f2,0.9419461850350166,0.8902630203797248,0.7377024817952149,0.7525773195876289,0.723404255319149,0.9727826417967264,0.9130046445158986,0.9976142013413861,6.0,1.7986081014475948,0.6493506493506493,0.7040816326530612,0.4620253164556962,0.5379746835443038,0.6015625,0.8984375,3.0,0.6953125
ISIC_0013828,17,CNN,9ea0f449deebb360377481bf6496083ae01ce4f2,0.43413645575320875,0.27725050330744894,0.06114839671886652,0.06317411402157165,0.059248554913294796,0.9979296066252588,0.27741007194244605,0.9997314595175223,50.21951811795888,25.180831834925257,,,,,,,,
ISIC_0013828,17,LocalLarge,9ea0f449deebb360377481bf6496083ae01ce4f2,0.43502062242219725,0.2779721117446931,0.07222730357300917,0.057097541633624106,0.09826589595375723,0.9967353951890034,0.27822541966426856,0.9995748109027436,50.53711507397311,26.233913956985113,0.8841201716738197,0.803921568627451,0.0,1.0,0.91015625,5.95703125,32.0,0.0625
ISIC_0013828,17,LocalLarge_DP,9ea0f449deebb360377481bf6496083ae01ce4f2,0.46477423150463304,0.3027399885035447,0.10241187384044527,0.10526315789473684,0.09971098265895954,0.9959029309801449,0.3031175059952038,0.9994181622879649,49.24428900898052,24.044743665507752,0.9943502824858758,0.6862745098039216,0.0,1.0,0.69140625,1.82421875,5.0,0.0625
ISIC_0013863,17,CNN,9ea0f449deebb360377481bf6496083ae01ce4f2,0.0,0.0,0.0,0.0,0.0,1.0,0.0,1.0,362.03867196751236,362.03867196751236,,,,,,,,
ISIC_0013863,17,LocalLarge,9ea0f449deebb360377481bf6496083ae01ce4f2,0.0,0.0,0.0,0.0,0.0,1.0,0.0,1.0,362.03867196751236,362.03867196751236,,,,,,,,
ISIC_0013863,17,LocalLarge_DP,9ea0f449deebb360377481bf6496083ae01ce4f2,0.0,0.0,0.0,0.0,0.0,1.0,0.0,1.0,362.03867196751236,362.03867196751236,,,,,,,,
ISIC_0013898,17,CNN,9ea0f449deebb360377481bf6496083ae01ce4f2,0.9363161819537659,0.8802579921480651,0.6767098281897235,0.693950177935943,0.6603053435114504,0.8904964539007092,0.9871069182389937,0.9938097376355122,4.123105625617661,1.6838700495744658,,,,,,,,
ISIC_0013898,17,LocalLarge,9ea0f449deebb360377481bf6496083ae01ce4f2,0.9591805059754772,0.9215627796003579,0.8583190644467923,0.7851239669421488,0.9465648854961832,0.9469813055470426,0.9716981132075472,0.9972256078003721,5.0,1.2047748978875035,0.901840490797546,0.9344262295081968,0.6417910447761194,0.3582089552238806,0.63671875,1.31640625,3.0,0.81640625
ISIC_0013898,17,LocalLarge_DP,9ea0f449deebb360377481bf6496083ae01ce4f2,0.9591774094536526,0.9215570628133294,0.9063902642172967,0.9120879120879121,0.9007633587786259,0.9367505995203836,0.9827044025157232,0.9966162037334018,3.1541637771599587,1.0354238135947538,0.9925373134328358,0.8934426229508197,0.8134328358208955,0.1865671641791045,0.5234375,0.81640625,2.0,0.73046875
ISIC_0013945,17,CNN,9ea0f449deebb360377481bf6496083ae01ce4f2,0.629277566539924,0.4590846047156727,0.34854692710814666,0.44360902255639095,0.28703703703703703,0.8756613756613757,0.4910979228486647,0.998535551816539,12.103665745345038,5.577033584284892,,,,,,,,
ISIC_0013945,17,LocalLarge,9ea0f449deebb360377481bf6496083ae01ce4f2,0.5039525691699605,0.3368560105680317,0.3609560067681895,0.2854609929078014,0.49074074074074076,0.7544378698224852,0.37833827893175076,0.9974138468249517,10.770329614269007,4.221468824982789,0.49609375,0.8978102189781022,0.0,1.0,1.0,20.296875,32.0,0.22265625
ISIC_0013945,17,LocalLarge_DP,9ea0f449deebb360377481bf6496083ae01ce4f2,0.724180837826628,0.5676202860858257,0.2799838832430497,0.3259668508287293,0.24537037037037038,0.8212605832549389,0.6476261127596439,0.9970399451610893,9.0,3.9673045813641155,0.6214285714285714,0.6058394160583942,0.5210084033613446,0.4789915966386555,0.546875,2.44140625,7.0,0.34375
ISIC_0014037,17,CNN,9ea0f449deebb360377481bf6496083ae01ce4f2,0.6351328191945158,0.4653440482169764,0.0,0.0,0.0,1.0,0.4653440482169764,1.0,65.12449463896198,21.167472441508423,,,,,,,,
ISIC_0014037,17,LocalLarge,9ea0f449deebb360377481bf6496083ae01ce4f2,0.7222411391425476,0.565240563980813,0.05974155582703856,0.048286604361370715,0.07832167832167833,0.9411859620814844,0.5859367152184832,0.9840222680050849,41.620907843257925,14.301495886838714,0.87890625,0.87890625,,,1.0,9.0625,28.0,0.06640625
ISIC_0014037,17,LocalLarge_DP,9ea0f449deebb360377481bf6496083ae01ce4f2,0.6919387688062545,0.52898041185334,0.017147310989867496,0.01936619718309859,0.015384615384615385,1.0,0.52898041185334,1.0,55.94640292279746,17.994053646085902,0.9747474747474747,0.75390625,,,0.7734375,2.90625,8.0,0.01953125
ISIC_0014038,17,CNN,9ea0f449deebb360377481bf6496083ae01ce4f2,0.814618211514904,0.6872201171202205,0.112751677852349,0.14482758620689656,0.09230769230769231,1.0,0.6872201171202205,1.0,20.51677559491557,6.564261676065724,,,,,,,,
ISIC_0014038,17,LocalLarge,9ea0f449deebb360377481bf6496083ae01ce4f2,0.8070680090404767,0.6765415087840165,0.14365600738367992,0.16770186335403728,0.12564102564102564,1.0,0.6765415087840165,1.0,21.926146736361265,6.694628201968872,0.35585585585585583,0.37089201877934275,0.5348837209302325,0.46511627906976744,0.8671875,1.2890625,3.0,0.21875
ISIC_0014038,17,LocalLarge_DP,9ea0f449deebb360377481bf6496083ae01ce4f2,0.8052268751929211,0.6739579745091285,0.12455122894228113,0.1527777777777778,0.10512820512820513,1.0,0.6739579745091285,1.0,21.587033144922902,6.883556023874007,0.3482587064676617,0.3286384976525822,0.6511627906976745,0.3488372093023256,0.78515625,0.87890625,2.0,0.18359375
ISIC_0014055,17,CNN,9ea0f449deebb360377481bf6496083ae01ce4f2,0.9341735010462012,0.8764780214820832,0.330856153924463,0.33692722371967654,0.325,0.983839918946302,0.8892806447181647,0.9926997276700917,15.524174696260024,4.452498249698841,,,,,,,,
ISIC_0014055,17,LocalLarge,9ea0f449deebb360377481bf6496083ae01ce4f2,0.9146843704287161,0.8427819018786546,0.35249108295500475,0.25997719498289623,0.5472222222222223,0.8993627190653213,0.9305371125051514,0.9479598141748862,22.0,6.365347933852885,0.44881889763779526,0.5988700564971752,0.0,1.0,0.9921875,8.3984375,27.0,0.3203125
ISIC_0014055,17,LocalLarge_DP,9ea0f449deebb360377481bf6496083ae01ce4f2,0.9431475639677532,0.8924117803130804,0.4609398082918113,0.4739652870493992,0.4486111111111111,0.9630177514792899,0.9240807729291635,0.9822642286655835,15.524174696260024,3.9355404172603095,0.5680473372781065,0.4745762711864407,0.20253164556962025,0.7974683544303798,0.66015625,2.0859375,6.0,0.44140625
ISIC_0014139,17,CNN,9ea0f449deebb360377481bf6496083ae01ce4f2,0.9127210496292071,0.8394543546694648,0.5098477681259138,0.5165562913907285,0.5033112582781457,0.911369332421964,0.9140767824497258,0.9936396337475474,8.06225774829855,2.8452834194783607,,,,,,,,
ISIC_0014139,17,LocalLarge,9ea0f449deebb360377481bf6496083ae01ce4f2,0.9352106227106227,0.8783057407009245,0.7084235897122982,0.7049608355091384,0.7119205298013245,0.9369266055045872,0.9335009140767825,0.9955035971223022,6.082762530298219,1.917580190735322,0.89,0.773972602739726,0.24545454545454545,0.7545454545454545,0.78125,1.4453125,3.0,0.63671875
ISIC_0014139,17,LocalLarge_DP,9ea0f449deebb360377481bf6496083ae01ce4f2,0.9326377863461103,0.8737781555461114,0.6742626055140097,0.6797385620915033,0.6688741721854304,0.9257091400270149,0.9396709323583181,0.9946043165467626,7.211102550927978,2.186612514637766,0.9024390243902439,0.589041095890411,0.2909090909090909,0.7090909090909091,0.640625,0.85546875,3.0,0.57421875
ISIC_0014162,17,CNN,9ea0f449deebb360377481bf6496083ae01ce4f2,0.8527397260273972,0.7432835820895523,0.45729320835388915,0.5146198830409356,0.4114583333333333,0.9991974317817014,0.7437275985663082,0.9999843412357897,5.0,2.5771458361001742,,,,,,,,
ISIC_0014162,17,LocalLarge,9ea0f449deebb360377481bf6496083ae01ce4f2,0.5522904062229905,0.38149253731343286,0.17806451612903224,0.1183533447684391,0.359375,0.9984375,0.3817204301075269,0.9999843412357897,13.416407864998739,5.715265169320817,0.3886255924170616,0.5841584158415841,0.17419354838709677,0.8258064516129032,0.82421875,10.85546875,32.0,0.48046875
ISIC_0014162,17,LocalLarge_DP,9ea0f449deebb360377481bf6496083ae01ce4f2,0.8387096774193549,0.7222222222222222,0.36861456622076194,0.4293785310734463,0.3229166666666667,1.0,0.7222222222222222,1.0,6.708203932499369,2.8261783711656414,0.3252032520325203,0.19801980198019803,0.5161290322580645,0.4838709677419355,0.48046875,0.53125,1.25,0.54296875
ISIC_0014178,17,CNN,9ea0f449deebb360377481bf6496083ae01ce4f2,0.9273868942199324,0.8646052236565596,0.6714552238805971,0.6828358208955224,0.6604477611940298,0.9245585874799358,0.9302325581395349,0.9962363869314542,7.0,1.8256865605352963,,,,,,,,
ISIC_0014178,17,LocalLarge,9ea0f449deebb360377481bf6496083ae01ce4f2,0.9406120760959471,0.8878825733916302,0.8159837682466325,0.7839506172839507,0.8507462686567164,0.9640556120718887,0.9182816537467701,0.9983023702754644,5.940833163195851,1.3388167952864878,0.7244444444444444,0.9204545454545454,0.14285714285714285,0.8571428571428571,0.87890625,2.13671875,3.0,0.8046875
ISIC_0014178,17,LocalLarge_DP,9ea0f449deebb360377481bf6496083ae01ce4f2,0.9457968192145407,0.8971674876847291,0.8070559610705595,0.8157894736842105,0.7985074626865671,0.9504240052185258,0.9412144702842378,0.9975656630365151,5.940833163195851,1.320311115657113,0.7487179487179487,0.7159090909090909,0.21428571428571427,0.7857142857142857,0.76171875,0.92578125,2.0,0.7578125
ISIC_0014211,17,CNN,9ea0f449deebb360377481bf6496083ae01ce4f2,0.9775990013177058,0.9561796228462895,0.9399760456974388,0.9577114427860697,0.9228855721393034,0.9867002659946801,0.9686641011544805,0.9983693786474425,2.23606797749979,0.8521777780113788,,,,,,,,
ISIC_0014211,17,LocalLarge,9ea0f449deebb360377481bf6496083ae01ce4f2,0.9713400464756003,0.9442771084337349,0.893043048481683,0.9193954659949622,0.8681592039800995,0.995956678700361,0.9479109400769654,0.9995193958118778,3.0,1.0713041368437646,0.536723163841808,0.8125,0.325,0.675,0.69140625,0.94140625,2.0,0.94140625
ISIC_0014211,17,LocalLarge_DP,9ea0f449deebb360377481bf6496083ae01ce4f2,0.9731020436828429,0.9476131856107236,0.9256563012340014,0.9522613065326633,0.900497512437811,0.9949734309923883,0.9521715228147334,0.9993992447648472,2.7988091673838635,1.0099797189100692,0.5594405594405595,0.8125,0.4708333333333333,0.5291666666666667,0.55859375,0.6171875,2.0,0.9609375
ISIC_0014212,17,CNN,9ea0f449deebb360377481bf6496083ae01ce4f2,0.9440753679628887,0.8940745762711865,0.34102788719811106,0.30397236614853196,0.3883720930232558,0.9300141043723554,0.9585683549456301,0.9203326697065057,20.143188537570865,5.203006189071247,,,,,,,,
ISIC_0014212,17,LocalLarge,9ea0f449deebb360377481bf6496083ae01ce4f2,0.9425830995431912,0.8914015835532713,0.4566279909898423,0.357263990955342,0.6325581395348837,0.9524742482263188,0.932895272431238,0.9485903281741699,25.369050044928578,5.243949680015596,0.6,0.6703910614525139,0.3815789473684211,0.618421052631579,0.859375,7.7734375,29.75,0.48828125
ISIC_0014212,17,LocalLarge_DP,9ea0f449deebb360377481bf6496083ae01ce4f2,0.9465536097263056,0.8985304031279493,0.4186315586487387,0.3821656050955414,0.4627906976744186,0.9252769833115819,0.96883177298366,0.9135893648449039,19.750774630984395,5.133780212109667,0.6511627906976745,0.27932960893854747,0.75,0.25,0.3359375,0.87890625,4.0,0.390625
ISIC_0014217,17,CNN,9ea0f449deebb360377481bf6496083ae01ce4f2,0.9559268235142728,0.9155745450063678,0.58782289078719,0.5573770491803278,0.6217870257037944,0.956480686695279,0.955373601406096,0.9759766874363287,12.649110640673518,2.9260647340915953,,,,,,,,
ISIC_0014217,17,LocalLarge,9ea0f449deebb360377481bf6496083ae01ce4f2,0.8844542007583317,0.7928443649373882,0.3530519676664148,0.2546738678853344,0.5752753977968176,0.9160389491089472,0.854974921764479,0.9566917008220995,19.613347274198773,5.483596365431105,0.29880478087649404,0.4645669291338583,0.031007751937984496,0.9689922480620154,0.98046875,11.37890625,32.0,0.21875
ISIC_0014217,17,LocalLarge_DP,9ea0f449deebb360377481bf6496083ae01ce4f2,0.9544237073860593,0.9128207230100828,0.5610079696950289,0.5378151260504201,0.5862913096695227,0.9541170422414532,0.9547305697260685,0.9746262645407378,12.138625312557172,2.9617198941851353,0.5,0.14173228346456693,0.6511627906976745,0.3488372093023256,0.2890625,0.5,3.0,0.46875
ISIC_0014302,17,CNN,9ea0f449deebb360377481bf6496083ae01ce4f2,0.9504310344827587,0.9055441478439425,0.883091100708316,0.8896103896103896,0.8766666666666667,0.9236983842010772,0.9787571337983513,0.9959122823891507,3.0,1.1044914605649871,,,,,,,,
ISIC_0014302,17,LocalLarge,9ea0f449deebb360377481bf6496083ae01ce4f2,0.8976964769647696,0.8143822987092809,0.706781474499414,0.5581395348837209,0.9633333333333334,0.9636363636363636,0.8402029169308814,0.9983969734859415,10.190630856882326,2.2849265818677216,0.764367816091954,0.9,0.4032258064516129,0.5967741935483871,0.6796875,4.01171875,29.25,0.90234375
ISIC_0014302,17,LocalLarge_DP,9ea0f449deebb360377481bf6496083ae01ce4f2,0.9592887225081891,0.9217625899280576,0.9406835416738806,0.9413680781758957,0.94,0.9441203561559718,0.9749524413443247,0.9970824917444134,2.23606797749979,0.8794414399344936,0.8442622950819673,0.7571428571428571,0.6290322580645161,0.3709677419354839,0.4765625,0.4765625,1.0,0.83984375
ISIC_0014310,17,CNN,9ea0f449deebb360377481bf6496083ae01ce4f2,0.9635310690248865,0.9296285110238599,0.9334466527196653,0.9453125,0.921875,0.9651928504233303,0.961875,0.9982193275154004,2.23606797749979,0.9504472166120705,,,,,,,,
ISIC_0014310,17,LocalLarge,9ea0f449deebb360377481bf6496083ae01ce4f2,0.976138147566719,0.9533885311254217,0.984313725490196,0.9881889763779528,0.98046875,0.9807570977917981,0.9715625,0.9990214322381931,2.0,0.6022513335892355,0.5555555555555556,0.8484848484848485,0.23766816143497757,0.7623318385650224,0.7734375,0.984375,2.0,0.94140625
ISIC_0014310,17,LocalLarge_DP,9ea0f449deebb360377481bf6496083ae01ce4f2,0.9727528969621047,0.9469512195121951,0.9647053197085877,0.9645669291338582,0.96484375,0.9748901443816698,0.970625,0.9987166324435318,2.0,0.7003904953233663,0.5668449197860963,0.8181818181818182,0.2825112107623318,0.7174887892376681,0.73046875,0.79296875,2.0,0.94140625
ISIC_0014382,17,CNN,9ea0f449deebb360377481bf6496083ae01ce4f2,0.9536631592706359,0.9114303560274828,0.5889790752296814,0.5927601809954751,0.5852459016393443,0.9193548387096774,0.9906313645621181,0.974806125260796,9.432576873454527,2.6120599844711907,,,,,,,,
ISIC_0014382,17,LocalLarge,9ea0f449deebb360377481bf6496083ae01ce4f2,0.9403336472487556,0.887386529549927,0.5956177673208576,0.5096899224806202,0.7163934426229508,0.9318090921210506,0.9490156143923965,0.9798645829232768,17.03960337078577,3.414591791471175,0.5957446808510638,0.6778523489932886,0.09345794392523364,0.9065420560747663,0.91796875,4.04296875,10.25,0.62890625
ISIC_0014382,17,LocalLarge_DP,9ea0f449deebb360377481bf6496083ae01ce4f2,0.9587223259535876,0.9207172590457893,0.7018815203163974,0.7054380664652568,0.6983606557377049,0.9420128423535579,0.9760353021045486,0.9825807975435972,9.830756560731531,2.2988352584821565,0.7433155080213903,0.5771812080536913,0.24299065420560748,0.7570093457943925,0.73046875,1.59375,4.0,0.66015625
ISIC_0014428,17,CNN,9ea0f449deebb360377481bf6496083ae01ce4f2,0.9313959904359022,0.8716006884681583,0.7101303911735206,0.759656652360515,0.6666666666666666,0.9817758821248546,0.8859342197340798,0.999250135613772,4.242640687119285,1.672843062583426,,,,,,,,
ISIC_0014428,17,LocalLarge,9ea0f449deebb360377481bf6496083ae01ce4f2,0.942566943674977,0.8913726859937129,0.786098505810736,0.8283261802575107,0.7479674796747967,0.9980445834962847,0.8929321203638908,0.9999202271929545,3.9013878188659974,1.3715350460114961,0.75,0.8679245283018868,0.22167487684729065,0.7783251231527094,0.796875,0.96484375,2.0,0.8984375
ISIC_0014428,17,LocalLarge_DP,9ea0f449deebb360377481bf6496083ae01ce4f2,0.9403949068093744,0.8874956461163358,0.7484559236384054,0.8051948051948052,0.6991869918699187,0.9949238578680203,0.8915325402379286,0.9997925907016816,4.0,1.4369614860307027,0.7368421052631579,0.660377358490566,0.14285714285714285,0.8571428571428571,0.81640625,0.81640625,1.0,0.8828125
ISIC_0014558,17,CNN,9ea0f449deebb360377481bf6496083ae01ce4f2,0.9407299270072993,0.8880926130099228,0.520045394538759,0.551433389544688,0.49203821656050956,0.8918149466192171,0.9953221535745808,0.9747629413718039,17.204650534085253,3.295606848710236,,,,,,,,
ISIC_0014558,17,LocalLarge,9ea0f449deebb360377481bf6496083ae01ce4f2,0.9447900132984428,0.8953573461257013,0.6647814887178174,0.6236024844720497,0.7117834394904459,0.9191219430765378,0.9719329214474846,0.9821237501383611,12.607409346587367,2.4286274194707644,0.7453703703703703,0.75,0.19791666666666666,0.8020833333333334,0.84375,3.3671875,14.0,0.55078125
ISIC_0014558,17,LocalLarge_DP,9ea0f449deebb360377481bf6496083ae01ce4f2,0.9452977859624158,0.8962698412698412,0.5566617331824267,0.5782537067545305,0.5366242038216561,0.8989094961394571,0.9967343336275375,0.9765708593144671,15.150505037623075,2.9846807379958222,0.788659793814433,0.71875,0.23958333333333334,0.7604166666666666,0.7578125,1.4921875,7.0,0.46875
ISIC_0014568,17,CNN,9ea0f449deebb360377481bf6496083ae01ce4f2,0.7846705266060104,0.645644283121597,0.30796709123586474,0.29584352078239606,0.3211267605633803,0.9228274967574579,0.6824940047961631,0.9939778343820111,84.25430427320384,13.765721676254719,,,,,,,,
ISIC_0014568,17,LocalLarge,9ea0f449deebb360377481bf6496083ae01ce4f2,0.730783722682743,0.5757755677601306,0.30998029027056084,0.22727272727272727,0.48732394366197185,0.8894748910800275,0.6201438848920864,0.9918692329751523,76.85277849952786,11.383769278393714,0.35443037974683544,0.43859649122807015,0.058823529411764705,0.9411764705882353,0.92578125,5.91796875,32.0,0.2265625
ISIC_0014568,17,LocalLarge_DP,9ea0f449deebb360377481bf6496083ae01ce4f2,0.7833424060968971,0.643847874720358,0.28438105502115313,0.271461716937355,0.29859154929577464,0.9056010069225928,0.690167865707434,0.9924090349353081,83.99097343509119,13.590646787789717,0.272108843537415,0.21052631578947367,0.27058823529411763,0.7294117647058823,0.57421875,0.86328125,3.0,0.2578125
ISIC_0014572,17,CNN,9ea0f449deebb360377481bf6496083ae01ce4f2,0.9328990228013029,0.8742368742368742,0.6110756617746581,0.6233333333333333,0.599290780141844,0.8763769889840881,0.9972144846796658,0.9918477383527589,5.0,1.946727449959422,,,,,,,,
ISIC_0014572,17,LocalLarge,9ea0f449deebb360377481bf6496083ae01ce4f2,0.9559765208110993,0.915665729619218,0.8724921064650863,0.8762214983713354,0.8687943262411347,0.9173067076292882,0.998050139275766,0.9947857811642398,3.0,1.1701560682330296,0.712707182320442,0.8059701492537313,0.4098360655737705,0.5901639344262295,0.70703125,1.19921875,3.0,0.65234375
ISIC_0014572,17,LocalLarge_DP,9ea0f449deebb360377481bf6496083ae01ce4f2,0.9510934393638171,0.9067475360121304,0.8108948285880302,0.8205980066445183,0.8014184397163121,0.9072060682680152,0.9994428969359331,0.9940754850999257,3.0,1.3417853122250267,0.6560509554140127,0.7089552238805971,0.4918032786885246,0.5081967213114754,0.61328125,0.96875,3.0,0.5859375
ISIC_0014597,17,CNN,9ea0f449deebb360377481bf6496083ae01ce4f2,0.8587135788894997,0.7524084778420038,0.6091665222665049,0.6013513513513513,0.6171875,0.7545893719806763,0.9961734693877551,0.996077341240425,5.0,2.0127339494550025,,,,,,,,
ISIC_0014597,17,LocalLarge,9ea0f449deebb360377481bf6496083ae01ce4f2,0.5662172878667724,0.39491150442477874,0.6293127948615925,0.47164948453608246,0.9453125,0.7484276729559748,0.45535714285714285,0.9981467753891772,8.523450915439893,2.5795081332340644,0.6666666666666666,0.7763157894736842,0.3557692307692308,0.6442307692307693,0.75,11.3046875,32.0,0.58203125
ISIC_0014597,17,LocalLarge_DP,9ea0f449deebb360377481bf6496083ae01ce4f2,0.8779395296752519,0.782435129740519,0.7688083470620538,0.7567567567567568,0.78125,0.782435129740519,1.0,0.9966333086236718,5.0,1.671920691363522,0.7610062893081762,0.7171052631578947,0.5192307692307693,0.4807692307692308,0.62109375,0.62109375,1.0,0.53125
ISIC_0014601,17,CNN,9ea0f449deebb360377481bf6496083ae01ce4f2,0.8456303077757031,0.7325472190337056,0.12415322084000492,0.12413793103448276,0.12416851441241686,0.9899873078550275,0.7380151387720774,0.9987326859917178,16.0,7.118649880356731,,,,,,,,
ISIC_0014601,17,LocalLarge,9ea0f449deebb360377481bf6496083ae01ce4f2,0.864458701809144,0.7612745597068106,0.3058361986214513,0.22877122877122877,0.4611973392461197,0.9600718962639619,0.7861648444070648,0.9944488076538627,19.0,6.545611183189934,0.7142857142857143,0.7211538461538461,0.0,1.0,0.9296875,5.46484375,23.25,0.28515625
ISIC_0014601,17,LocalLarge_DP,9ea0f449deebb360377481bf6496083ae01ce4f2,0.8699525627675576,0.7698372069212654,0.2899844457969838,0.2831858407079646,0.29711751662971175,0.9671983534859789,0.790475189234651,0.9954483792660288,16.07786751923925,6.005173452744325,0.745,0.6057692307692307,0.041666666666666664,0.9583333333333334,0.78125,2.0546875,5.0,0.28125
ISIC_0014608,17,CNN,9ea0f449deebb360377481bf6496083ae01ce4f2,0.9565853212686226,0.9167834618079888,0.6179690141173453,0.6309963099630996,0.60546875,0.9182312686436217,0.9982830980541778,0.983070551478602,6.0,1.989452076782064,,,,,,,,
ISIC_0014608,17,LocalLarge,9ea0f449deebb360377481bf6496083ae01ce4f2,0.9485477178423236,0.9021310181531176,0.6079882191384793,0.5525568181818182,0.67578125,0.9179903623059076,0.9812094620373903,0.9833066918549734,6.4031242374328485,2.1304661243899425,0.5255813953488372,0.4489795918367347,0.23853211009174313,0.7614678899082569,0.83984375,2.14453125,5.0,0.51953125
ISIC_0014608,17,LocalLarge_DP,9ea0f449deebb360377481bf6496083ae01ce4f2,0.9526503056290484,0.909581881533101,0.5648497198166073,0.567219152854512,0.5625,0.912921839482427,0.9959938954597481,0.9819080142410812,6.0,2.20071333561811,0.48427672955974843,0.272108843537415,0.3853211009174312,0.6146788990825688,0.62109375,0.91015625,2.25,0.46875
ISIC_0014610,17,CNN,9ea0f449deebb360377481bf6496083ae01ce4f2,0.8691042047531993,0.7685095376656967,0.4626957184943696,0.44673539518900346,0.4798387096774194,0.7732595966167859,0.9920701168614358,0.9889610389610389,8.773298588520893,3.017195168059618,,,,,,,,
ISIC_0014610,17,LocalLarge,9ea0f449deebb360377481bf6496083ae01ce4f2,0.8737323523563333,0.775776836158192,0.6289130916191895,0.48713550600343053,0.8870967741935484,0.8344094189137865,0.9169449081803005,0.9930947101678809,8.94427190999916,2.563180556846669,0.5893719806763285,0.5945945945945946,0.38028169014084506,0.6197183098591549,0.80859375,3.1796875,30.25,0.4140625
ISIC_0014610,17,LocalLarge_DP,9ea0f449deebb360377481bf6496083ae01ce4f2,0.8749313312580114,0.7776692708333334,0.5868655460220232,0.5563139931740614,0.6209677419354839,0.7794453507340946,0.9970784641068448,0.9892936331960722,9.631642909021517,2.848024450426166,0.5172413793103449,0.43243243243243246,0.4788732394366197,0.5211267605633803,0.6796875,0.82421875,2.0,0.38671875
ISIC_0014611,17,CNN,9ea0f449deebb360377481bf6496083ae01ce4f2,0.5089735171810024,0.3413577981651376,0.0041928721174004195,0.004761904761904762,0.003745318352059925,0.9965716734518963,0.3417591299875083,0.9996918751323974,60.84488020425262,23.57625434304185,,,,,,,,
ISIC_0014611,17,LocalLarge,9ea0f449deebb360377481bf6496083ae01ce4f2,0.4146838094129967,0.26157798165137613,0.009202453987730062,0.006329113924050633,0.016853932584269662,0.9955307262569832,0.2618855169373209,0.9996918751323974,58.7609394738615,23.795389629613066,0.5084033613445378,0.47265625,,,0.9296875,9.72265625,32.0,0.0078125
ISIC_0014611,17,LocalLarge_DP,9ea0f449deebb360377481bf6496083ae01ce4f2,0.49845713026228783,0.3319633027522936,0.004012036108324976,0.004319654427645789,0.003745318352059925,0.9964749944921789,0.33235358953633626,0.9996918751323974,58.848523093295235,23.914217424828742,0.5080645161290323,0.24609375,,,0.484375,1.35546875,9.0,0.0
ISIC_0014616,17,CNN,9ea0f449deebb360377481bf6496083ae01ce4f2,0.9172278948511841,0.8471107544141252,0.6387920257911704,0.6636363636363637,0.6157407407407407,0.9150411790203727,0.919425087108014,0.9969006957621759,3.7041634565979917,1.864058269516685,,,,,,,,
ISIC_0014616,17,LocalLarge,9ea0f449deebb360377481bf6496083ae01ce4f2,0.9397278029812054,0.8863080684596577,0.8524258175260615,0.8149466192170819,0.8935185185185185,0.9322760394342049,0.9472996515679443,0.9975015812776724,3.1622776601683795,1.1325908259510347,0.8415841584158416,0.6842105263157895,0.16260162601626016,0.8373983739837398,0.7890625,1.51171875,3.0,0.75
ISIC_0014616,17,LocalLarge_DP,9ea0f449deebb360377481bf6496083ae01ce4f2,0.9462730940751752,0.898024989923418,0.8496205856600836,0.8616071428571429,0.8379629629629629,0.9233319519270617,0.9703832752613241,0.9970746363061354,3.0,1.2095754016692866,0.8391608391608392,0.5112781954887218,0.4146341463414634,0.5853658536585366,0.55859375,0.89453125,2.0,0.703125
ISIC_0014618,17,CNN,9ea0f449deebb360377481bf6496083ae01ce4f2,0.9232769830949284,0.857487922705314,0.7108550214625468,0.7709923664122137,0.6594202898550725,0.920711374583179,0.9258569299552906,0.9965951759689429,5.207737973711325,1.696994142755113,,,,,,,,
ISIC_0014618,17,LocalLarge,9ea0f449deebb360377481bf6496083ae01ce4f2,0.8671109368874951,0.7653979238754325,0.6543364283170302,0.5121555915721232,0.9057971014492754,0.9148056244830438,0.8241430700447094,0.9967224591102909,10.079508302333815,2.53264010074245,0.5619047619047619,0.7887323943661971,0.2,0.8,0.8203125,3.5,25.25,0.72265625
ISIC_0014618,17,LocalLarge_DP,9ea0f449deebb360377481bf6496083ae01ce4f2,0.9365395046103778,0.8806528391703502,0.8272720217306946,0.8475177304964538,0.8079710144927537,0.9097295398665262,0.9649776453055141,0.9959110290841978,5.0,1.357656539553634,0.7083333333333334,0.8169014084507042,0.2972972972972973,0.7027027027027027,0.75,1.06640625,2.0,0.7734375
ISIC_0014620,17,CNN,9ea0f449deebb360377481bf6496083ae01ce4f2,0.7874637872004214,0.6494352736750652,0.07591952216284187,0.08778625954198473,0.06687898089171974,1.0,0.6494352736750652,1.0,17.0,6.729998327565753,,,,,,,,
ISIC_0014620,17,LocalLarge,9ea0f449deebb360377481bf6496083ae01ce4f2,0.7919045147898287,0.6554982817869416,0.13524682545645805,0.0959079283887468,0.22929936305732485,0.9832474226804123,0.6629018245004344,0.9991465896409112,21.470910553583888,8.536377287588039,0.6228813559322034,0.603448275862069,0.0,1.0,0.921875,4.76953125,22.0,0.1953125
ISIC_0014620,17,LocalLarge_DP,9ea0f449deebb360377481bf6496083ae01ce4f2,0.8240988409119857,0.7008232235701907,0.23959520444910426,0.2508591065292096,0.22929936305732485,0.9963042808746535,0.7026498696785404,0.9998030591479026,15.0,5.617780804770341,0.7473684210526316,0.5775862068965517,0.4583333333333333,0.5416666666666666,0.7421875,1.4921875,4.0,0.25390625
ISIC_0014623,17,CNN,9ea0f449deebb360377481bf6496083ae01ce4f2,0.9348496316945741,0.8776691625069329,0.23328417796640652,0.23389830508474577,0.23267326732673269,0.8781866740661094,0.9993290179981055,0.912636815920398,11.40175425099138,5.041744693315047,,,,,,,,
ISIC_0014623,17,LocalLarge,9ea0f449deebb360377481bf6496083ae01ce4f2,0.9204864359214219,0.8526863084922011,0.40366290983606556,0.33406113537117904,0.5099009900990099,0.8598156460953295,0.9903694347963372,0.8982338308457711,30.87636540059942,7.632092600445436,0.5545851528384279,0.539906103286385,0.16279069767441862,0.8372093023255814,0.89453125,4.60546875,19.5,0.40625
ISIC_0014623,17,LocalLarge_DP,9ea0f449deebb360377481bf6496083ae01ce4f2,0.9440933215806155,0.8941067812866328,0.4540726803126021,0.4551804423748545,0.452970297029703,0.8994103984277292,0.9934480580991475,0.9299751243781095,11.738389377526863,4.307425358784427,0.6298701298701299,0.3755868544600939,0.27906976744186046,0.7209302325581395,0.6015625,1.7578125,5.0,0.40234375
ISIC_0014624,17,CNN,9ea0f449deebb360377481bf6496083ae01ce4f2,0.9484400175772667,0.9019362028137624,0.680294534475322,0.6911111111111111,0.6698113207547169,0.9053411633109619,0.9958474315595202,0.9885320323881154,3.605551275463989,1.7367395010054967,,,,,,,,
ISIC_0014624,17,LocalLarge,9ea0f449deebb360377481bf6496083ae01ce4f2,0.9435440510023811,0.8931220008724735,0.7692399528421555,0.6983606557377049,0.8561320754716981,0.9424581862820316,0.944632420793602,0.9936477284276858,8.48528137423857,1.777913137632504,0.8353658536585366,0.7077922077922078,0.5196078431372549,0.4803921568627451,0.640625,2.88671875,25.25,0.73828125
ISIC_0014624,17,LocalLarge_DP,9ea0f449deebb360377481bf6496083ae01ce4f2,0.9618729096989966,0.9265463917525774,0.8436069305678513,0.8574660633484162,0.8301886792452831,0.9306774054365022,0.9952322362350046,0.9918352136057187,3.0,1.2366041788088886,0.9051094890510949,0.6623376623376623,0.6764705882352942,0.3235294117647059,0.53515625,0.66796875,2.0,0.64453125
ISIC_0014633,17,CNN,9ea0f449deebb360377481bf6496083ae01ce4f2,0.8226120857699805,0.6986754966887417,0.35359116022099457,0.32323232323232326,0.3902439024390244,0.7025527192008879,0.9921630094043887,0.9916588857765328,8.0,3.396002042764262,,,,,,,,
ISIC_0014633,17,LocalLarge,9ea0f449deebb360377481bf6496083ae01ce4f2,0.7570273392375818,0.6090458488228006,0.5738962240349844,0.4194139194139194,0.9085365853658537,0.7441332323996972,0.7703761755485894,0.99474011826953,8.98606797749979,2.796790386463491,0.6,0.6931818181818182,0.1125,0.8875,0.80078125,6.17578125,32.0,0.2421875
ISIC_0014633,17,LocalLarge_DP,9ea0f449deebb360377481bf6496083ae01ce4f2,0.8220502901353965,0.6978653530377669,0.3207293932521868,0.3073170731707317,0.3353658536585366,0.6982475355969332,0.9992163009404389,0.9914254590725179,7.266308421610009,3.376062410126669,0.4585987261146497,0.39204545454545453,0.0,1.0,0.61328125,0.78515625,2.0,0.1796875
ISIC_0014635,17,CNN,9ea0f449deebb360377481bf6496083ae01ce4f2,0.7281517292673857,0.572514619883041,0.11949950794320259,0.13227513227513227,0.10897435897435898,0.9066493795147249,0.608376833209048,0.9912332579579057,51.49777256293161,11.754722942860283,,,,,,,,
ISIC_0014635,17,LocalLarge,9ea0f449deebb360377481bf6496083ae01ce4f2,0.7473046817309112,0.5965574157038435,0.32541702749276163,0.28435374149659864,0.3803418803418803,0.9206695778748181,0.6288839174745215,0.9924160723604105,41.221034591172696,7.909703017865194,0.7869565217391304,0.7727272727272727,0.4722222222222222,0.5277777777777778,0.8984375,4.60546875,26.0,0.40234375
ISIC_0014635,17,LocalLarge_DP,9ea0f449deebb360377481bf6496083ae01ce4f2,0.7553128689492326,0.6068294996442969,0.21205757311888543,0.23017902813299232,0.19658119658119658,0.9295314202687976,0.6360924683072334,0.9932510001739433,45.591102844118296,10.09283202635359,0.7412935323383084,0.6590909090909091,0.6666666666666666,0.3333333333333333,0.78515625,1.76171875,5.0,0.2578125
ISIC_0014637,17,CNN,9ea0f449deebb360377481bf6496083ae01ce4f2,0.8929814385150812,0.8066544406602043,0.398093422306959,0.4044943820224719,0.3918918918918919,0.9935463052597612,0.810903344745852,0.9996760556536387,7.228354385516113,2.9918263054200023,,,,,,,,
ISIC_0014637,17,LocalLarge,9ea0f449deebb360377481bf6496083ae01ce4f2,0.8400911161731207,0.7242733699921445,0.2663316582914573,0.212,0.3581081081081081,0.9921090387374462,0.7284698446141691,0.9996436612190026,13.044131891783323,4.618593383011678,0.4797979797979798,0.5079365079365079,0.24615384615384617,0.7538461538461538,0.7734375,2.8203125,7.0,0.4609375
ISIC_0014637,17,LocalLarge_DP,9ea0f449deebb360377481bf6496083ae01ce4f2,0.8873978996499416,0.7975878342947037,0.3517741591410083,0.3592592592592593,0.34459459459459457,0.9944426283099052,0.8011588095865156,0.9997246473055929,6.4031242374328485,3.1273520473023773,0.5254237288135594,0.48412698412698413,0.3384615384615385,0.6615384615384615,0.69140625,1.1484375,3.0,0.5
ISIC_0014688,17,CNN,9ea0f449deebb360377481bf6496083ae01ce4f2,0.9526472477852883,0.9095763063312137,0.3447558283245481,0.31221719457013575,0.38486574450772987,0.9325384874306872,0.9736423498076354,0.6680613668061367,17.029386365926403,5.081327985238298,,,,,,,,
ISIC_0014688,17,LocalLarge,9ea0f449deebb360377481bf6496083ae01ce4f2,0.9220252661615842,0.855331054818389,0.31727126913456427,0.26002703920684994,0.40683482506102525,0.9007710358699296,0.9443067475584492,0.5097629009762901,20.26321886362203,6.821868464632374,0.3574468085106383,0.34594594594594597,0.056338028169014086,0.9436619718309859,0.91796875,8.671875,30.25,0.2734375
ISIC_0014688,17,LocalLarge_DP,9ea0f449deebb360377481bf6496083ae01ce4f2,0.9513130876472495,0.9071469057556552,0.3152418839867002,0.29814550641940085,0.33441822620016276,0.9270343326546374,0.9768977508138502,0.637639470013947,17.029386365926403,5.274220127344736,0.3333333333333333,0.08648648648648649,0.36619718309859156,0.6338028169014085,0.3984375,0.6328125,2.0,0.2734375
ISIC_0014712,17,CNN,9ea0f449deebb360377481bf6496083ae01ce4f2,0.7169766783117741,0.5588181182617654,0.011257789988608189,0.010408921933085501,0.012257405515832482,1.0,0.5588181182617654,1.0,49.0,29.400716947873388,,,,,,,,
ISIC_0014712,17,LocalLarge,9ea0f449deebb360377481bf6496083ae01ce4f2,0.7139311714096624,0.5551267206998585,0.0671662503469331,0.053257042253521125,0.09090909090909091,0.9981164496728571,0.5557088714722007,0.9949025219102129,54.59074081529401,29.441313321806664,0.5213675213675214,0.4782608695652174,0.0,1.0,0.9140625,9.67578125,32.0,0.12109375
ISIC_0014712,17,LocalLarge_DP,9ea0f449deebb360377481bf6496083ae01ce4f2,0.7245775135160492,0.5681078397116428,0.05596850547867617,0.053036126056879324,0.059244126659857,0.9992560245835355,0.5683482356404312,0.9979431228760508,49.040799340956916,28.88522945879633,0.7777777777777778,0.2964426877470356,0.0,1.0,0.38671875,0.98046875,4.0,0.07421875
ISIC_0014809,17,CNN,9ea0f449deebb360377481bf6496083ae01ce4f2,0.9614606286819265,0.9257815882913311,0.6754570457854717,0.6944444444444444,0.65748031496063,0.9294843926615077,0.995715350223547,0.9852007299270072,4.47213595499958,1.8094146803202404,,,,,,,,
ISIC_0014809,17,LocalLarge,9ea0f449deebb360377481bf6496083ae01ce4f2,0.9681662480018269,0.9382967422096318,0.8082622262314962,0.7591463414634146,0.8641732283464567,0.9498162917824178,0.9872391952309985,0.9897810218978103,6.0,1.4287048049671545,0.7246376811594203,0.7697841726618705,0.3076923076923077,0.6923076923076923,0.80859375,1.51953125,2.0,0.70703125
ISIC_0014809,17,LocalLarge_DP,9ea0f449deebb360377481bf6496083ae01ce4f2,0.9716676520078221,0.9448965151247125,0.8144568186593822,0.8260869565217391,0.8031496062992126,0.949346840842442,0.9950633383010432,0.9895985401459854,4.123105625617661,1.306765325610647,0.7891891891891892,0.7553956834532374,0.42735042735042733,0.5726495726495726,0.72265625,0.92578125,2.0,0.671875
ISIC_0014829,17,CNN,9ea0f449deebb360377481bf6496083ae01ce4f2,0.9451896009273059,0.8960753532182104,0.6589809738793938,0.6767676767676768,0.6421052631578947,0.9179800578964297,0.974061433447099,0.9914538507942892,4.0,1.8241193793765245,,,,,,,,
ISIC_0014829,17,LocalLarge,9ea0f449deebb360377481bf6496083ae01ce4f2,0.9645593063389174,0.9315447154471544,0.8557195784462405,0.797071129707113,0.9236842105263158,0.9518192390762585,0.9776450511945393,0.9951404249614585,6.0,1.356226827072495,0.7454545454545455,0.8842975206611571,0.17777777777777778,0.8222222222222222,0.859375,1.484375,3.0,0.796875
ISIC_0014829,17,LocalLarge_DP,9ea0f449deebb360377481bf6496083ae01ce4f2,0.9677581442090277,0.9375304234950511,0.9073934736396111,0.9042821158690176,0.9105263157894737,0.9501726689689196,0.9860068259385666,0.9949225819424894,3.0,1.0394734253381337,0.7793427230046949,0.8760330578512396,0.2074074074074074,0.7925925925925926,0.83203125,1.07421875,2.0,0.77734375
ISIC_0014857,17,CNN,9ea0f449deebb360377481bf6496083ae01ce4f2,0.9687545520757466,0.9394025001765661,0.5919016910686115,0.5797235023041475,0.604602510460251,0.9571589627959414,0.9806345383500037,0.928114308714027,12.497834644283923,3.248046134408161,,,,,,,,
ISIC_0014857,17,LocalLarge,9ea0f449deebb360377481bf6496083ae01ce4f2,0.9383035595495833,0.883777625882889,0.40680312469099184,0.34,0.5062761506276151,0.9238115652091073,0.9532574770833845,0.8712416985308915,20.463291615242763,5.825848340850354,0.2347417840375587,0.25833333333333336,0.2426470588235294,0.7573529411764706,0.83203125,6.25,21.0,0.37890625
ISIC_0014857,17,LocalLarge_DP,9ea0f449deebb360377481bf6496083ae01ce4f2,0.964251749615938,0.9309711595055915,0.5308382877863072,0.5282296650717704,0.5334728033472803,0.9568320952403997,0.9717873731291932,0.9281948078084121,15.47875146516368,3.655263565947266,0.22727272727272727,0.05,0.5735294117647058,0.4264705882352941,0.4296875,0.94140625,5.0,0.4765625
ISIC_0014931,17,CNN,9ea0f449deebb360377481bf6496083ae01ce4f2,0.9246552200755598,0.8598686089688661,0.48675292667898956,0.5851851851851851,0.4166666666666667,0.9946474591951364,0.8638659320477502,0.9983164283338876,34.46372105616911,5.827619564784372,,,,,,,,
ISIC_0014931,17,LocalLarge,9ea0f449deebb360377481bf6496083ae01ce4f2,0.9077757685352622,0.8311258278145696,0.39545841346716054,0.4167636786961583,0.3762254901960784,0.9937201365187713,0.835514233241506,0.9980877951446625,36.40054944640259,6.417956438308407,0.27586206896551724,0.3627450980392157,0.11038961038961038,0.8896103896103896,0.90625,2.7890625,7.25,0.46484375
ISIC_0014931,17,LocalLarge_DP,9ea0f449deebb360377481bf6496083ae01ce4f2,0.9172824939452277,0.8472039002007457,0.4108249103358331,0.4914196567862715,0.35294117647058826,0.9992558517115411,0.847738751147842,0.9997713668107748,35.784072624981555,6.4061736348221565,0.30434782608695654,0.35294117647058826,0.2727272727272727,0.7272727272727273,0.80859375,1.015625,3.0,0.55859375
ISIC_0014937,17,CNN,9ea0f449deebb360377481bf6496083ae01ce4f2,0.9550954089577067,0.9140503517215846,0.24762103970683713,0.2079407806191117,0.30601659751037347,0.914202662420618,0.9998177621188191,0.7130650154798761,26.138351072892,6.126804365850559,,,,,,,,
ISIC_0014937,17,LocalLarge,9ea0f449deebb360377481bf6496083ae01ce4f2,0.9602979633885411,0.9236280487804878,0.3515990723711715,0.3084899546338302,0.4087136929460581,0.9399992242950782,0.9814927307334063,0.8084210526315789,22.176414200003162,5.059125377471112,0.49783549783549785,0.565,0.07142857142857142,0.9285714285714286,0.90234375,5.85546875,20.5,0.29296875
ISIC_0014937,17,LocalLarge_DP,9ea0f449deebb360377481bf6496083ae01ce4f2,0.9498453807499033,0.9044814576239992,0.22757687199918275,0.1936416184971098,0.27593360995850624,0.908511110289496,0.9951200745150447,0.6935603715170279,27.194542995433753,6.5981171328977855,0.1391304347826087,0.07,0.05357142857142857,0.9464285714285714,0.44921875,0.7109375,4.0,0.1953125
ISIC_0014945,17,CNN,9ea0f449deebb360377481bf6496083ae01ce4f2,0.9467578822129684,0.8988986162101101,0.7766936108160657,0.8233082706766918,0.7350746268656716,0.9633777239709443,0.9307017543859649,0.9980520316826582,3.605551275463989,1.4324996499366385,,,,,,,,
ISIC_0014945,17,LocalLarge,9ea0f449deebb360377481bf6496083ae01ce4f2,0.9643233478849917,0.9311046511627907,0.9051693767468079,0.935361216730038,0.8768656716417911,0.9937946013031337,0.9365497076023391,0.9996780217657286,2.8284271247461903,0.9442079679684149,0.7554585152838428,1.0,0.14210526315789473,0.8578947368421053,0.89453125,1.2890625,2.0,0.97265625
ISIC_0014945,17,LocalLarge_DP,9ea0f449deebb360377481bf6496083ae01ce4f2,0.9638192463594055,0.9301651695160823,0.8839451005426109,0.9242424242424242,0.8470149253731343,0.9904350509102129,0.9385964912280702,0.9995009337368794,2.8284271247461903,0.9723606862186139,0.7440758293838863,0.9696969696969697,0.22631578947368422,0.7736842105263158,0.82421875,1.09375,2.0,0.96484375
ISIC_0014946,17,CNN,9ea0f449deebb360377481bf6496083ae01ce4f2,0.9720695625988105,0.9456569503442215,0.6805192375009881,0.7043090638930164,0.658284023668639,0.993587441645719,0.9514639418353311,0.9972332890659584,5.0990195135927845,1.8102447802129333,,,,,,,,
ISIC_0014946,17,LocalLarge,9ea0f449deebb360377481bf6496083ae01ce4f2,0.9685776450943683,0.9390698587127159,0.6577206387276364,0.6895522388059702,0.628698224852071,0.9985393844548774,0.9403615641579878,0.9993802567507747,6.0,2.036970582602608,0.5165876777251185,0.5714285714285714,0.20348837209302326,0.7965116279069767,0.82421875,1.2421875,3.0,0.7265625
ISIC_0014946,17,LocalLarge_DP,9ea0f449deebb360377481bf6496083ae01ce4f2,0.9690763356848466,0.9400078485234965,0.6500302709247767,0.6833333333333333,0.6198224852071006,0.9984369301307768,0.9413932010218118,0.99933598937583,5.385164807134504,2.0205924528438115,0.5544554455445545,0.5238095238095238,0.19767441860465115,0.8023255813953488,0.7890625,0.90625,2.0,0.71484375
ISIC_0014979,17,CNN,9ea0f449deebb360377481bf6496083ae01ce4f2,0.13153864753768035,0.07039944784746786,0.032351199289310045,0.05764411027568922,0.022485207100591716,0.9979616795760293,0.0704095720202485,0.9998374934997399,136.727951697585,53.69750470233904,,,,,,,,
ISIC_0014979,17,LocalLarge,9ea0f449deebb360377481bf6496083ae01ce4f2,0.12539788685301592,0.06689306812020204,0.04845222072678331,0.044444444444444446,0.05325443786982249,0.8956820787160871,0.0674183156925909,0.9911271450858035,117.1024290345587,39.23831606286956,0.3076923076923077,0.3333333333333333,0.07407407407407407,0.9259259259259259,0.96484375,12.25390625,32.0,0.0390625
ISIC_0014979,17,LocalLarge_DP,9ea0f449deebb360377481bf6496083ae01ce4f2,0.15250821932336409,0.082548794489093,0.042323970757983845,0.07432432432432433,0.029585798816568046,0.9755766621438263,0.08271974229176254,0.9976599063962559,136.7250289123852,52.12212142870069,0.38345864661654133,0.2236842105263158,0.5185185185185185,0.48148148148148145,0.51953125,2.609375,8.0,0.08984375
ISIC_0014985,17,CNN,9ea0f449deebb360377481bf6496083ae01ce4f2,0.8674955155563803,0.7659974220610404,0.15784205843790972,0.1270823417420276,0.20824742268041238,0.8096524650733171,0.9342392752464694,0.705670213525673,42.485291572496,13.108617078515362,,,,,,,,
ISIC_0014985,17,LocalLarge,9ea0f449deebb360377481bf6496083ae01ce4f2,0.8468774793154256,0.7344210733241596,0.1836498536518957,0.12258064516129032,0.36597938144329895,0.802922845476037,0.8959232613908873,0.7053131471827465,44.76605299358012,14.020690016876113,0.3983739837398374,0.42410714285714285,0.0,1.0,0.9609375,13.125,32.0,0.13671875
ISIC_0014985,17,LocalLarge_DP,9ea0f449deebb360377481bf6496083ae01ce4f2,0.8685954579547271,0.7677143105546862,0.17495888277377097,0.1412133891213389,0.22989690721649483,0.8064339368478732,0.941140420996536,0.6972791544668999,43.08825672414465,13.086010808179266,0.4406779661016949,0.10714285714285714,0.84375,0.15625,0.23046875,0.4453125,3.0,0.15234375
ISIC_0014989,17,CNN,9ea0f449deebb360377481bf6496083ae01ce4f2,0.9530377668308703,0.910288582183187,0.6370706175251221,0.6320346320346321,0.6421875,0.9230813718119253,0.9850037027894347,0.9730398118868078,10.934333723560975,2.767659189116848,,,,,,,,
ISIC_0014989,17,LocalLarge,9ea0f449deebb360377481bf6496083ae01ce4f2,0.9623224212476837,0.9273809523809524,0.7199025071098275,0.6452665941240479,0.8140625,0.9631552917903067,0.9614909898790422,0.9879185923943891,9.475468799030516,2.0277700256663045,0.6681818181818182,0.7079646017699115,0.15384615384615385,0.8461538461538461,0.859375,2.59375,8.0,0.66796875
ISIC_0014989,17,LocalLarge_DP,9ea0f449deebb360377481bf6496083ae01ce4f2,0.9561589163693536,0.916000463445719,0.6766439574948644,0.6690856313497823,0.684375,0.9372851215174867,0.9758084423599112,0.9785534744182275,11.016335778206981,2.539759188431436,0.8698630136986302,0.504424778761062,0.3776223776223776,0.6223776223776224,0.5703125,0.76953125,3.0,0.66015625
ISIC_0015043,17,CNN,9ea0f449deebb360377481bf6496083ae01ce4f2,0.9277969562892011,0.8653183384727009,0.3581014442188663,0.38247566063977745,0.3366477272727273,0.9958250704519361,0.8684689604951756,0.99816362133872,14.850000000000023,4.853076705506724,,,,,,,,
ISIC_0015043,17,LocalLarge,9ea0f449deebb360377481bf6496083ae01ce4f2,0.8966478361496155,0.8126578852399856,0.18114922627421276,0.1716500553709856,0.19176136363636365,0.9892372741749492,0.8199071545603496,0.9955008722798641,19.0,6.723676534179601,0.17012448132780084,0.24183006535947713,0.05825242718446602,0.941747572815534,0.94140625,3.54296875,9.25,0.140625
ISIC_0015043,17,LocalLarge_DP,9ea0f449deebb360377481bf6496083ae01ce4f2,0.9090640175512116,0.8332881417208966,0.19038542990258364,0.20714285714285716,0.17613636363636365,0.9916106480236623,0.8392044420171126,0.9964190616105041,14.73413256798255,6.07884554490367,0.11956521739130435,0.10457516339869281,0.20388349514563106,0.7961165048543689,0.71875,1.5546875,4.0,0.17578125
ISIC_0015062,17,CNN,9ea0f449deebb360377481bf6496083ae01ce4f2,0.0698377615078817,0.03618232712004581,0.0,0.0,0.0,1.0,0.03618232712004581,1.0,99.0,48.332157976972454,,,,,,,,
ISIC_0015062,17,LocalLarge,9ea0f449deebb360377481bf6496083ae01ce4f2,0.07777438092326505,0.04046058909599847,0.0,0.0,0.0,1.0,0.04046058909599847,1.0,103.0,55.510999454618336,0.28515625,0.28515625,,,1.0,19.8125,32.0,0.0
ISIC_0015062,17,LocalLarge_DP,9ea0f449deebb360377481bf6496083ae01ce4f2,0.07698071659046075,0.04003117246644189,0.0,0.0,0.0,1.0,0.04003117246644189,1.0,100.0,49.25060932955514,0.3854166666666667,0.14453125,,,0.375,1.36328125,5.0,0.0
ISIC_0015124,17,CNN,9ea0f449deebb360377481bf6496083ae01ce4f2,0.9666304225563346,0.9354159863575342,0.5842947244164739,0.5709677419354838,0.5982587064676617,0.9687006838506049,0.9645689913199641,0.9785353535353535,8.94427190999916,2.5630074336000455,,,,,,,,
ISIC_0015124,17,LocalLarge,9ea0f449deebb360377481bf6496083ae01ce4f2,0.9557203349236458,0.915195772632197,0.46974007297298986,0.42267050912584053,0.5286069651741293,0.9794603935121549,0.9331038611194253,0.9865233972376829,10.198039027185569,3.144287349868985,0.5242290748898678,0.5447761194029851,0.07377049180327869,0.9262295081967213,0.88671875,3.3671875,14.0,0.515625
ISIC_0015124,17,LocalLarge_DP,9ea0f449deebb360377481bf6496083ae01ce4f2,0.9617428065431417,0.9263049778071237,0.5228544852233228,0.5091533180778032,0.5373134328358209,0.9793290672871825,0.9447770128703981,0.9862657184085756,10.0,2.839334169235313,0.5524861878453039,0.35074626865671643,0.08196721311475409,0.9180327868852459,0.70703125,1.328125,3.25,0.49609375
ISIC_0015144,17,CNN,9ea0f449deebb360377481bf6496083ae01ce4f2,0.9381182756877753,0.8834489324085407,0.5819924683327627,0.4975124378109453,0.7010309278350515,0.8887672732247913,0.9932721712538226,0.9862194047054037,92.69249615800945,18.59783292408364,,,,,,,,
ISIC_0015144,17,LocalLarge,9ea0f449deebb360377481bf6496083ae01ce4f2,0.952557175634668,0.9094120972300734,0.7706351399360517,0.6352395672333848,0.979381443298969,0.923110027255774,0.9839449541284404,0.9909146382805614,92.54511339385799,17.377920074919796,0.9362745098039216,0.9661016949152542,0.34782608695652173,0.6521739130434783,0.796875,1.29296875,2.0,0.83984375
ISIC_0015144,17,LocalLarge_DP,9ea0f449deebb360377481bf6496083ae01ce4f2,0.9553774902595016,0.914567206192822,0.7841244244520359,0.653781512605042,0.979381443298969,0.9200056633158714,0.9935779816513761,0.9904230795308157,92.79913150216824,18.18090052827843,0.966183574879227,0.9661016949152542,0.32608695652173914,0.6739130434782609,0.80859375,0.96484375,2.0,0.79296875
ISIC_0015211,17,CNN,9ea0f449deebb360377481bf6496083ae01ce4f2,0.83917712511321,0.7229157378510923,0.07613537826084078,0.07251566696508505,0.08013544018058691,0.9971448651497847,0.7244152280052334,0.9980993596303985,27.70543696989548,12.879696179474434,,,,,,,,
ISIC_0015211,17,LocalLarge,9ea0f449deebb360377481bf6496083ae01ce4f2,0.7792658921610252,0.6383584165928924,0.04798504652038667,0.03267477203647416,0.09029345372460497,0.98579170938919,0.6442863069215304,0.9914909792683997,31.686669287767792,15.734659173431547,0.32456140350877194,0.3093220338983051,0.0,1.0,0.890625,10.3046875,32.0,0.02734375
ISIC_0015211,17,LocalLarge_DP,9ea0f449deebb360377481bf6496083ae01ce4f2,0.839135011357131,0.7228532340682765,0.06077974133490667,0.05953582240161453,0.062076749435665914,0.9958797229771194,0.7250215400325494,0.9972513816193456,27.0,12.934456716479653,0.5,0.17372881355932204,0.6,0.4,0.328125,0.51171875,2.0,0.0625
ISIC_0015243,17,CNN,9ea0f449deebb360377481bf6496083ae01ce4f2,0.9558865491068881,0.9155006558810669,0.3237591568246374,0.2805486284289277,0.3827037773359841,0.947355323288539,0.9645728238085366,0.8948153505401618,15.811388300841896,4.627890418539794,,,,,,,,
ISIC_0015243,17,LocalLarge,9ea0f449deebb360377481bf6496083ae01ce4f2,0.9150350857011389,0.8433775817464693,0.3365282893685537,0.24744295830055074,0.525844930417495,0.9139416779649332,0.9161311128003132,0.8307191610541066,23.083539566490995,7.427251593919479,0.3813559322033898,0.421875,0.171875,0.828125,0.921875,11.5078125,32.0,0.328125
ISIC_0015243,17,LocalLarge_DP,9ea0f449deebb360377481bf6496083ae01ce4f2,0.9572150426024569,0.9179409770077225,0.3802270998119464,0.3386759581881533,0.43339960238568587,0.9480771837859822,0.9665307626747749,0.8961262034986214,16.0,4.441017175329026,0.5833333333333334,0.16666666666666666,0.75,0.25,0.234375,0.65625,4.0,0.3203125
ISIC_0015256,17,CNN,9ea0f449deebb360377481bf6496083ae01ce4f2,0.8023156965920952,0.6698891304738459,0.14704277409544322,0.11951083935519734,0.1910569105691057,0.999490602965227,0.6701179177451826,0.9980815831987075,54.0,15.6676378132425,,,,,,,,
ISIC_0015256,17,LocalLarge,9ea0f449deebb360377481bf6496083ae01ce4f2,0.7679426869794139,0.6233011069076643,0.20157778333476262,0.14544843802485724,0.3282520325203252,0.9604879628630033,0.6397037676157608,0.8521809369951535,61.72828803029753,19.761970355027312,0.516260162601626,0.5350877192982456,0.25,0.75,0.9609375,13.24609375,32.0,0.2421875
ISIC_0015256,17,LocalLarge_DP,9ea0f449deebb360377481bf6496083ae01ce4f2,0.7973164223285762,0.6629477920304696,0.13588022981258563,0.11421772754312909,0.1676829268292683,0.999187674311554,0.6633052919183204,0.9969709208400647,52.20153254455275,15.86054022219609,0.4883720930232558,0.16666666666666666,0.2857142857142857,0.7142857142857143,0.3359375,0.9375,5.0,0.08984375
ISIC_0015313,17,CNN,9ea0f449deebb360377481bf6496083ae01ce4f2,0.9803018552765018,0.9613647532352046,0.6887573816521703,0.6762849413886384,0.7016985138004246,0.965454032712916,0.9956135036231006,0.9394388827091831,6.371696670594406,2.1139970560800183,,,,,,,,
ISIC_0015313,17,LocalLarge,9ea0f449deebb360377481bf6496083ae01ce4f2,0.9733903279626855,0.948160098697478,0.5825464687159384,0.5589016829052259,0.60828025477707,0.9783108935128519,0.9685190121900976,0.9634985374696164,7.481507819230522,2.61233346397706,0.38392857142857145,0.5603448275862069,0.11428571428571428,0.8857142857142857,0.875,3.44140625,10.0,0.49609375
ISIC_0015313,17,LocalLarge_DP,9ea0f449deebb360377481bf6496083ae01ce4f2,0.9803342571189989,0.9614270793771363,0.661860577859195,0.6560951437066402,0.667728237791932,0.9790901179655772,0.981581562174345,0.9643636962880567,5.385164807134504,2.105219189039722,0.6029411764705882,0.5431034482758621,0.5571428571428572,0.44285714285714284,0.53125,1.6015625,5.0,0.61328125
ISIC_0015372,17,CNN,9ea0f449deebb360377481bf6496083ae01ce4f2,0.9637522613398498,0.9300403999780633,0.44014591938255604,0.4040920716112532,0.48326359832635984,0.9530910453353316,0.974654686871396,0.8122516308015296,62.32173341297412,6.9711555461505865,,,,,,,,
ISIC_0015372,17,LocalLarge,9ea0f449deebb360377481bf6496083ae01ce4f2,0.9779286926994907,0.9568106312292359,0.6695140801613968,0.6251082251082251,0.7207112970711297,0.9684400360685302,0.9876051265349911,0.8740346404738697,62.441876173633716,5.338891920303406,0.5867768595041323,0.9197080291970803,0.08403361344537816,0.9159663865546218,0.9453125,3.2890625,11.0,0.69140625
ISIC_0015372,17,LocalLarge_DP,9ea0f449deebb360377481bf6496083ae01ce4f2,0.9697356878599489,0.9412494215640907,0.5649087990083766,0.5317247542448614,0.602510460251046,0.9653359151052642,0.9741757504933045,0.8630876508960036,62.65208683672243,6.2958940348269925,0.543778801843318,0.781021897810219,0.1092436974789916,0.8907563025210085,0.84765625,1.8203125,6.0,0.58203125
ISIC_0015401,17,CNN,9ea0f449deebb360377481bf6496083ae01ce4f2,0.9543832327558237,0.912746679905672,0.7406823257398183,0.7348148148148148,0.7466442953020134,0.9364574048134471,0.9730087324689071,0.9802062673542246,16.510579358903502,2.474034753290294,,,,,,,,
ISIC_0015401,17,LocalLarge,9ea0f449deebb360377481bf6496083ae01ce4f2,0.9281477487193314,0.8659288139856621,0.46094269063573723,0.38517179023508136,0.5738255033557047,0.9460016488046167,0.9109552791743848,0.9844109480364934,11.40175425099138,3.306988604224727,0.24152542372881355,0.47368421052631576,0.10555555555555556,0.8944444444444445,0.921875,4.484375,25.75,0.43359375
ISIC_0015401,17,LocalLarge_DP,9ea0f449deebb360377481bf6496083ae01ce4f2,0.9428383272966744,0.891858219647418,0.5678548586150673,0.5685975609756098,0.5671140939597316,0.9385734889209387,0.9471421010849431,0.981416104720349,16.33222107269244,3.0989388134110896,0.2345679012345679,0.2236842105263158,0.3055555555555556,0.6944444444444444,0.6328125,1.12890625,4.0,0.54296875
ISIC_0015443,17,CNN,9ea0f449deebb360377481bf6496083ae01ce4f2,0.9711425341975963,0.9439038608134165,0.6497801328912872,0.6646706586826348,0.6355421686746988,0.9838747370881047,0.9587356531244307,0.992083524552547,6.324555320336759,2.105231571525618,,,,,,,,
ISIC_0015443,17,LocalLarge,9ea0f449deebb360377481bf6496083ae01ce4f2,0.9682710784083985,0.938493685836286,0.5711880491015399,0.5761973875181422,0.5662650602409639,0.9972005019789555,0.9409728548005101,0.9986691142726021,6.049657518178933,2.2806928579137904,0.5411255411255411,0.6881720430107527,0.11042944785276074,0.8895705521472392,0.90234375,1.60546875,3.0,0.640625
ISIC_0015443,17,LocalLarge_DP,9ea0f449deebb360377481bf6496083ae01ce4f2,0.9702085866616781,0.9421408783323494,0.5737272235825358,0.5878787878787879,0.5602409638554217,0.9969723183391004,0.9448442339223903,0.9985543827443781,6.324555320336759,2.1751948279487747,0.5533980582524272,0.5591397849462365,0.13496932515337423,0.8650306748466258,0.8046875,1.19140625,3.0,0.66015625
ISIC_0015445,17,CNN,9ea0f449deebb360377481bf6496083ae01ce4f2,0.7192720894540671,0.5616119423425892,0.13024355744154179,0.13081166272655634,0.12968036529680366,0.872407190724391,0.6118695911668158,0.9380551538938235,53.0121851447484,14.171892214891098,,,,,,,,
ISIC_0015445,17,LocalLarge,9ea0f449deebb360377481bf6496083ae01ce4f2,0.642755079799472,0.4735733913850326,0.17113049002625583,0.1331983805668016,0.23926940639269406,0.9162466339846717,0.49500149209191285,0.9686789919438132,55.34049008950481,14.58196102085399,0.3700787401574803,0.41150442477876104,0.03333333333333333,0.9666666666666667,0.9921875,16.3046875,32.0,0.109375
ISIC_0015445,17,LocalLarge_DP,9ea0f449deebb360377481bf6496083ae01ce4f2,0.7101976423156142,0.5506251698831204,0.09341139390376339,0.09189640768588136,0.09497716894977169,0.86064790228359,0.6045210384959714,0.9322454038421814,56.127390962160206,14.96538918570605,0.3064516129032258,0.084070796460177,0.7333333333333333,0.26666666666666666,0.2421875,0.96484375,5.0,0.09375
ISIC_0015483,17,CNN,9ea0f449deebb360377481bf6496083ae01ce4f2,0.945435493126419,0.8965174600170341,0.39863397579722293,0.3665893271461717,0.43681747269890797,0.9096888803533705,0.9841063730327742,0.9593587278266318,13.0,3.958873928876248,,,,,,,,
ISIC_0015483,17,LocalLarge,9ea0f449deebb360377481bf6496083ae01ce4f2,0.8750981136852766,0.7779328351490051,0.21675655210327233,0.14483354950281022,0.43057722308892354,0.8537199881434641,0.8975744039889887,0.936024026100296,28.199278735120934,9.111823281771686,0.19678714859437751,0.22598870056497175,0.02531645569620253,0.9746835443037974,0.97265625,11.73046875,32.0,0.125
ISIC_0015483,17,LocalLarge_DP,9ea0f449deebb360377481bf6496083ae01ce4f2,0.9349475059024464,0.877841713045939,0.28227115167408834,0.2632821723730815,0.3042121684867395,0.9052088906181606,0.9667064873006804,0.9578895058660848,13.0,4.549197151392275,0.07142857142857142,0.011299435028248588,0.5569620253164557,0.4430379746835443,0.2734375,0.6953125,3.0,0.2265625
ISIC_0015496,17,CNN,9ea0f449deebb360377481bf6496083ae01ce4f2,0.9741932250952094,0.9496849201309169,0.7333670810775252,0.7297668038408779,0.7370030581039755,0.9601442117740023,0.988659479251424,0.9824075688873387,4.0,1.6183736283760168,,,,,,,,
ISIC_0015496,17,LocalLarge,9ea0f449deebb360377481bf6496083ae01ce4f2,0.966329541728669,0.934852625414796,0.5842030584896737,0.5783132530120482,0.5902140672782875,0.9585689266950213,0.9742168429617575,0.9819497732821765,5.2993212190719685,2.1445227151645883,0.4,0.5142857142857142,0.24503311258278146,0.7549668874172185,0.78125,1.9375,6.0,0.51953125
ISIC_0015496,17,LocalLarge_DP,9ea0f449deebb360377481bf6496083ae01ce4f2,0.9697334135097214,0.9412451361867704,0.656039730855495,0.670487106017192,0.6422018348623854,0.9557487159225603,0.98413344182262,0.9804673875130798,5.0990195135927845,1.9636175112536083,0.48,0.4666666666666667,0.47019867549668876,0.5298013245033113,0.5859375,1.13671875,4.0,0.53515625
ISIC_0015627,17,CNN,9ea0f449deebb360377481bf6496083ae01ce4f2,0.948771345272803,0.9025356576862124,0.6420717937749112,0.6329670329670329,0.6514423076923077,0.9531380753138076,0.9444444444444444,0.9942367066895369,5.0,1.8981441980211187,,,,,,,,
ISIC_0015627,17,LocalLarge,9ea0f449deebb360377481bf6496083ae01ce4f2,0.9382384152812169,0.8836620469083155,0.6553631541743081,0.5972789115646259,0.7259615384615384,0.9611537904044064,0.9163902708678828,0.9954030874785592,6.494648145952791,1.9727183891952875,0.5673076923076923,0.6842105263157895,0.15492957746478872,0.8450704225352113,0.8125,3.453125,14.25,0.4921875
ISIC_0015627,17,LocalLarge_DP,9ea0f449deebb360377481bf6496083ae01ce4f2,0.9491454772822009,0.9032130107100357,0.6173004359137821,0.6216814159292036,0.6129807692307693,0.9543168482816429,0.9440298507462687,0.9943910806174957,4.242640687119285,1.8860745772347556,0.5961538461538461,0.2543859649122807,0.47183098591549294,0.528169014084507,0.40625,0.578125,2.0,0.56640625
