image_id,seed,method,source_git_commit,dice,iou,bf1,boundary_precision,boundary_recall,pixel_precision,pixel_recall,specificity,hd95,assd,repair_precision,repair_recall,keep_accuracy,wrong_move_rate,moved_fraction,mean_abs_offset,p95_abs_offset,selection_within_2px
ISIC_0001769,17,CNN,c456ad283893abba4a9bdc95e3e4a897340ddd7b,0.9421726559273028,0.8906677079265912,0.8428753180661577,0.8547008547008547,0.8313725490196079,0.9051587301587302,0.9823428079242033,0.99621919195115,2.8284271247461903,1.2322423389964146,,,,,,,,
ISIC_0001769,17,GlobalTransformer,c456ad283893abba4a9bdc95e3e4a897340ddd7b,0.96,0.9230769230769231,0.9737220551706106,0.987012987012987,0.9607843137254902,0.9343660823481451,0.9870801033591732,0.9974530958332015,2.0,0.8286118263400034,0.8604651162790697,0.9294117647058824,0.45614035087719296,0.543859649122807,0.671875,0.671875,1.0,0.88671875
ISIC_0001769,17,GlobalTransformer_DP,c456ad283893abba4a9bdc95e3e4a897340ddd7b,0.9484193011647255,0.9018987341772152,0.9227082085080885,0.9401709401709402,0.9058823529411765,0.917135961383749,0.9819121447028424,0.9967412282089411,2.23606797749979,1.0800374997552382,0.9818181818181818,0.5176470588235295,0.935672514619883,0.06432748538011696,0.21484375,0.21484375,1.0,0.77734375
ISIC_0001852,17,CNN,c456ad283893abba4a9bdc95e3e4a897340ddd7b,0.9569377990430622,0.9174311926605505,0.9914040114613181,1.0,0.9829545454545454,0.9870918754745635,0.9285714285714286,0.9997349382562055,2.0,0.6826011521890272,,,,,,,,
ISIC_0001852,17,GlobalTransformer,c456ad283893abba4a9bdc95e3e4a897340ddd7b,0.9530201342281879,0.9102564102564102,0.9971509971509972,1.0,0.9943181818181818,0.9968798751950078,0.9128571428571428,0.9999376325308719,2.0,0.7421827034703705,0.5916666666666667,1.0,0.5354330708661418,0.4645669291338583,0.46875,0.46875,1.0,1.0
ISIC_0001852,17,GlobalTransformer_DP,c456ad283893abba4a9bdc95e3e4a897340ddd7b,0.9566506113375324,0.9169034090909091,0.9914040114613181,1.0,0.9829545454545454,0.993841416474211,0.9221428571428572,0.9998752650617438,2.0,0.6831163860486481,0.7619047619047619,1.0,0.84251968503937,0.15748031496062992,0.1640625,0.1640625,1.0,1.0
ISIC_0001871,17,CNN,c456ad283893abba4a9bdc95e3e4a897340ddd7b,0.9502385821404227,0.9051948051948052,0.8935877757668781,0.9252336448598131,0.8640350877192983,0.9534883720930233,0.9470108695652174,0.99838933804952,3.605551275463989,1.086249276053265,,,,,,,,
ISIC_0001871,17,GlobalTransformer,c456ad283893abba4a9bdc95e3e4a897340ddd7b,0.9585527822303641,0.9204045734388743,0.913903707205078,0.9436619718309859,0.8859649122807017,0.9694302918017601,0.9479166666666666,0.9989578069732188,3.105480479109443,0.8931616665170475,0.8018018018018018,0.35294117647058826,0.5540540540540541,0.44594594594594594,0.43359375,0.43359375,1.0,0.91015625
ISIC_0001871,17,GlobalTransformer_DP,c456ad283893abba4a9bdc95e3e4a897340ddd7b,0.9502385821404227,0.9051948051948052,0.8935877757668781,0.9252336448598131,0.8640350877192983,0.9534883720930233,0.9470108695652174,0.99838933804952,3.605551275463989,1.086249276053265,,0.0,1.0,0.0,0.0,0.0,0.0,0.8671875
ISIC_0003462,17,CNN,c456ad283893abba4a9bdc95e3e4a897340ddd7b,0.8725267596496918,0.7738780207134638,0.3965137925198849,0.4125,0.3817204301075269,1.0,0.7738780207134638,1.0,4.212756921743878,2.500142445498641,,,,,,,,
ISIC_0003462,17,GlobalTransformer,c456ad283893abba4a9bdc95e3e4a897340ddd7b,0.848625372639947,0.737054085155351,0.1728395061728395,0.1794871794871795,0.16666666666666666,1.0,0.737054085155351,1.0,4.123105625617661,2.9642601492236627,0.16666666666666666,0.2222222222222222,0.05755395683453238,0.9424460431654677,0.75,0.75390625,1.0,0.265625
ISIC_0003462,17,GlobalTransformer_DP,c456ad283893abba4a9bdc95e3e4a897340ddd7b,0.8565789473684211,0.7491369390103567,0.23875284738041003,0.2468354430379747,0.23118279569892472,1.0,0.7491369390103567,1.0,4.212756921743878,2.80996525328463,0.06451612903225806,0.0,0.37410071942446044,0.6258992805755396,0.36328125,0.36328125,1.0,0.3671875
ISIC_0003539,17,CNN,c456ad283893abba4a9bdc95e3e4a897340ddd7b,0.8174878556557946,0.6913145539906104,0.16528408201596492,0.16793893129770993,0.16271186440677965,1.0,0.6913145539906104,1.0,8.48528137423857,4.385150798782974,,,,,,,,
ISIC_0003539,17,GlobalTransformer,c456ad283893abba4a9bdc95e3e4a897340ddd7b,0.7256769374416433,0.5694607268464243,0.07398325568360947,0.055267702936096716,0.11186440677966102,0.9979455572675912,0.5701291079812206,0.9999356167911408,15.32298760531093,6.374263554116365,0.47572815533980584,0.5077720207253886,0.14285714285714285,0.8571428571428571,0.8046875,3.81640625,32.0,0.140625
ISIC_0003539,17,GlobalTransformer_DP,c456ad283893abba4a9bdc95e3e4a897340ddd7b,0.8174878556557946,0.6913145539906104,0.16528408201596492,0.16793893129770993,0.16271186440677965,1.0,0.6913145539906104,1.0,8.48528137423857,4.385150798782974,,0.0,1.0,0.0,0.0,0.0,0.0,0.24609375
ISIC_0003582,17,CNN,c456ad283893abba4a9bdc95e3e4a897340ddd7b,0.9393689986282578,0.8856699430936368,0.34963705289341196,0.35450819672131145,0.3448979591836735,0.9961210240496509,0.8887350752725385,0.9992589573529956,7.0,3.1730026253082575,,,,,,,,
ISIC_0003582,17,GlobalTransformer,c456ad283893abba4a9bdc95e3e4a897340ddd7b,0.9318569780853518,0.8724084312370421,0.28463096660260745,0.2898550724637681,0.2795918367346939,0.9982208164475636,0.8737670877314414,0.999666530808848,7.9810249675906615,3.564288491236596,0.23837209302325582,0.13157894736842105,0.2980769230769231,0.7019230769230769,0.671875,0.71484375,1.0,0.33984375
ISIC_0003582,17,GlobalTransformer_DP,c456ad283893abba4a9bdc95e3e4a897340ddd7b,0.9353755577020376,0.8785967337768945,0.316110075002348,0.32224532224532226,0.31020408163265306,0.9985269566925268,0.8797369787160408,0.9997221090073733,7.0710678118654755,3.3897377097183905,0.2765957446808511,0.039473684210526314,0.5096153846153846,0.49038461538461536,0.3671875,0.3671875,1.0,0.3984375
ISIC_0003657,17,CNN,c456ad283893abba4a9bdc95e3e4a897340ddd7b,0.955948298601952,0.9156139464375948,0.7905141994237022,0.8194945848375451,0.7635135135135135,0.9244897959183673,0.9896231567449482,0.9952160843003524,4.0,1.3024513411246825,,,,,,,,
ISIC_0003657,17,GlobalTransformer,c456ad283893abba4a9bdc95e3e4a897340ddd7b,0.9687416510820198,0.9393782383419689,0.9286759735102815,0.9494584837545126,0.9087837837837838,0.9482217573221757,0.9901693063899508,0.9967999482819925,2.871320343559643,0.881168888564204,0.8324324324324325,0.9753086419753086,0.3942857142857143,0.6057142857142858,0.72265625,0.75,1.0,0.78125
ISIC_0003657,17,GlobalTransformer_DP,c456ad283893abba4a9bdc95e3e4a897340ddd7b,0.9606361829025845,0.9242540168324407,0.828431989691256,0.8581818181818182,0.8006756756756757,0.9332989956219419,0.9896231567449482,0.9958140737628083,3.1622776601683795,1.1501764245848385,1.0,0.3333333333333333,0.9085714285714286,0.09142857142857143,0.16796875,0.16796875,1.0,0.7265625
ISIC_0003805,17,CNN,c456ad283893abba4a9bdc95e3e4a897340ddd7b,0.9128787878787878,0.8397212543554007,0.611530403045937,0.6157894736842106,0.6073298429319371,0.8480938416422288,0.9883800410116199,0.9959577357077084,4.0,1.6336471164174515,,,,,,,,
ISIC_0003805,17,GlobalTransformer,c456ad283893abba4a9bdc95e3e4a897340ddd7b,0.9295055821371611,0.8682955899880811,0.830598146588037,0.8449197860962567,0.8167539267015707,0.8714114832535885,0.9958988380041012,0.9966444524214568,3.1622776601683795,1.309689226687472,0.6904761904761905,0.7553956834532374,0.46153846153846156,0.5384615384615384,0.65625,0.66015625,1.0,0.59765625
ISIC_0003805,17,GlobalTransformer_DP,c456ad283893abba4a9bdc95e3e4a897340ddd7b,0.9189704480457579,0.8500881834215167,0.7007706826045926,0.7052631578947368,0.6963350785340314,0.8586698337292161,0.9883800410116199,0.9962854868665428,4.0,1.5039615618112323,1.0,0.2805755395683453,1.0,0.0,0.15234375,0.15234375,1.0,0.51171875
ISIC_0004337,17,CNN,c456ad283893abba4a9bdc95e3e4a897340ddd7b,0.8936576061039581,0.8077586206896552,0.5755840875605136,0.599009900990099,0.553921568627451,0.961025641025641,0.8351158645276292,0.9987992163306579,6.070348150753486,2.413836845005862,,,,,,,,
ISIC_0004337,17,GlobalTransformer,c456ad283893abba4a9bdc95e3e4a897340ddd7b,0.8535289653427777,0.7444836716681377,0.3935764117414769,0.3023255813953488,0.5637254901960784,0.9871269748390872,0.7517825311942959,0.9996524047272957,8.94427190999916,3.539825219566,0.7192118226600985,0.7768595041322314,0.21481481481481482,0.7851851851851852,0.79296875,1.8828125,2.0,0.55859375
ISIC_0004337,17,GlobalTransformer_DP,c456ad283893abba4a9bdc95e3e4a897340ddd7b,0.8927884615384616,0.8063395570994355,0.5291396854764108,0.55,0.5098039215686274,0.9692066805845512,0.8275401069518716,0.9990678126777476,6.070348150753486,2.441682590250043,0.5272727272727272,0.09917355371900827,0.7037037037037037,0.2962962962962963,0.21484375,0.21484375,1.0,0.53515625
ISIC_0006651,17,CNN,c456ad283893abba4a9bdc95e3e4a897340ddd7b,0.8833191385813359,0.7910220091523208,0.33005893909626716,0.34285714285714286,0.3181818181818182,0.9991742361684558,0.7915394679459223,0.9999507793273175,9.123199065740076,3.8792025303639925,,,,,,,,
ISIC_0006651,17,GlobalTransformer,c456ad283893abba4a9bdc95e3e4a897340ddd7b,0.8665348492338112,0.7645006541648496,0.23388773388773387,0.225,0.2435064935064935,1.0,0.7645006541648496,1.0,10.202918582875641,4.6331004197317105,0.23295454545454544,0.11258278145695365,0.3047619047619048,0.6952380952380952,0.6875,0.79296875,1.0,0.32421875
ISIC_0006651,17,GlobalTransformer_DP,c456ad283893abba4a9bdc95e3e4a897340ddd7b,0.8729417547308921,0.7745311818578282,0.23986486486486486,0.25,0.2305194805194805,1.0,0.7745311818578282,1.0,9.123199065740076,4.19038506894613,0.18811881188118812,0.0,0.3619047619047619,0.638095238095238,0.39453125,0.39453125,1.0,0.31640625
ISIC_0006671,17,CNN,c456ad283893abba4a9bdc95e3e4a897340ddd7b,0.884255930984903,0.7925257731958762,0.523505603985056,0.472,0.5876288659793815,0.7997399219765929,0.9887459807073955,0.9927438354012879,61.04732101286569,6.519797151270764,,,,,,,,
ISIC_0006671,17,GlobalTransformer,c456ad283893abba4a9bdc95e3e4a897340ddd7b,0.8449570815450643,0.7315373896888063,0.6288960818488423,0.470404984423676,0.9484536082474226,0.8458646616541353,0.8440514469453376,0.9954923825977697,10.0,4.417736670149193,0.7101449275362319,0.7762237762237763,0.2743362831858407,0.7256637168141593,0.80859375,3.2421875,32.0,0.51171875
ISIC_0006671,17,GlobalTransformer_DP,c456ad283893abba4a9bdc95e3e4a897340ddd7b,0.884255930984903,0.7925257731958762,0.523505603985056,0.472,0.5876288659793815,0.7997399219765929,0.9887459807073955,0.9927438354012879,61.04732101286569,6.519797151270764,,0.0,1.0,0.0,0.0,0.0,0.0,0.44140625
ISIC_0006815,17,CNN,c456ad283893abba4a9bdc95e3e4a897340ddd7b,0.9097035040431267,0.8343634116192831,0.8638838475499092,0.9333333333333333,0.8040540540540541,0.9796806966618288,0.8490566037735849,0.9997837537263867,4.0,1.0550729800076786,,,,,,,,
ISIC_0006815,17,GlobalTransformer,c456ad283893abba4a9bdc95e3e4a897340ddd7b,0.6515151515151515,0.48314606741573035,0.5541128405312867,0.4123076923076923,0.8445945945945946,0.9847328244274809,0.4867924528301887,0.9999073230255943,10.0,3.072063604649892,0.5871559633027523,1.0,0.15384615384615385,0.8461538461538461,0.8515625,5.375,28.0,0.99609375
ISIC_0006815,17,GlobalTransformer_DP,c456ad283893abba4a9bdc95e3e4a897340ddd7b,0.9097035040431267,0.8343634116192831,0.8638838475499092,0.9333333333333333,0.8040540540540541,0.9796806966618288,0.8490566037735849,0.9997837537263867,4.0,1.0550729800076786,,0.0,1.0,0.0,0.0,0.0,0.0,0.96484375
ISIC_0006914,17,CNN,c456ad283893abba4a9bdc95e3e4a897340ddd7b,0.8986357635323456,0.8159296750133191,0.24736934408979303,0.25277777777777777,0.2421875,0.9980449657869013,0.8172358591248666,0.9997932460372158,8.246211251235321,4.364226008106297,,,,,,,,
ISIC_0006914,17,GlobalTransformer,c456ad283893abba4a9bdc95e3e4a897340ddd7b,0.8830317921227012,0.7905612584988668,0.1103129810159056,0.10869565217391304,0.11197916666666667,0.9991575400168492,0.7910885805763074,0.9999138525155066,8.602325267042627,4.962041455130093,0.12195121951219512,0.03888888888888889,0.0,1.0,0.640625,0.796875,2.0,0.14453125
ISIC_0006914,17,GlobalTransformer_DP,c456ad283893abba4a9bdc95e3e4a897340ddd7b,0.8986357635323456,0.8159296750133191,0.24736934408979303,0.25277777777777777,0.2421875,0.9980449657869013,0.8172358591248666,0.9997932460372158,8.246211251235321,4.364226008106297,,0.0,1.0,0.0,0.0,0.0,0.0,0.296875
ISIC_0007141,17,CNN,c456ad283893abba4a9bdc95e3e4a897340ddd7b,0.7802155291516993,0.6396339253352664,0.0,0.0,0.0,0.966721446179129,0.6540350226998981,0.995561076301993,38.25522169662995,13.271226756890746,,,,,,,,
ISIC_0007141,17,GlobalTransformer,c456ad283893abba4a9bdc95e3e4a897340ddd7b,0.7663760339816678,0.6212395795578108,0.0,0.0,0.0,0.9657698267361601,0.6352265357175947,0.995561076301993,37.58390554738409,13.96894566455158,0.11398963730569948,0.0859375,,,0.75390625,0.91796875,1.0,0.0
ISIC_0007141,17,GlobalTransformer_DP,c456ad283893abba4a9bdc95e3e4a897340ddd7b,0.7751387347391787,0.6328379847770932,0.0,0.0,0.0,0.9663760896637609,0.6470860743074215,0.995561076301993,38.294411956032256,13.494967960816995,0.0,0.0,,,0.2578125,0.2578125,1.0,0.0
ISIC_0007156,17,CNN,c456ad283893abba4a9bdc95e3e4a897340ddd7b,0.8842162016444265,0.792461947330273,0.24423160644318676,0.2548262548262548,0.23448275862068965,1.0,0.792461947330273,1.0,7.148086918349853,3.588347039082457,,,,,,,,
ISIC_0007156,17,GlobalTransformer,c456ad283893abba4a9bdc95e3e4a897340ddd7b,0.8766454064323518,0.780381734718531,0.15427696346532488,0.1607843137254902,0.1482758620689655,1.0,0.780381734718531,1.0,7.113078233584224,3.8197210345462675,0.3068181818181818,0.3067484662576687,0.13978494623655913,0.8602150537634409,0.6875,0.6875,1.0,0.265625
ISIC_0007156,17,GlobalTransformer_DP,c456ad283893abba4a9bdc95e3e4a897340ddd7b,0.8842162016444265,0.792461947330273,0.24423160644318676,0.2548262548262548,0.23448275862068965,1.0,0.792461947330273,1.0,7.148086918349853,3.588347039082457,,0.0,1.0,0.0,0.0,0.0,0.0,0.36328125
ISIC_0007235,17,CNN,c456ad283893abba4a9bdc95e3e4a897340ddd7b,0.9149674018587877,0.8432625926872922,0.4725147886307892,0.4807692307692308,0.4645390070921986,1.0,0.8432625926872922,1.0,5.385164807134504,2.534081928067948,,,,,,,,
ISIC_0007235,17,GlobalTransformer,c456ad283893abba4a9bdc95e3e4a897340ddd7b,0.8992400788066423,0.8169266172334442,0.37010436539108965,0.37890625,0.3617021276595745,1.0,0.8169266172334442,1.0,6.4031242374328485,3.0069685200124225,0.0,0.0,0.577922077922078,0.42207792207792205,0.5390625,0.5390625,1.0,0.4296875
ISIC_0007235,17,GlobalTransformer_DP,c456ad283893abba4a9bdc95e3e4a897340ddd7b,0.9149674018587877,0.8432625926872922,0.4725147886307892,0.4807692307692308,0.4645390070921986,1.0,0.8432625926872922,1.0,5.385164807134504,2.534081928067948,,0.0,1.0,0.0,0.0,0.0,0.0,0.6015625
ISIC_0007241,17,CNN,c456ad283893abba4a9bdc95e3e4a897340ddd7b,0.8674041521442643,0.7658549638747658,0.16853932584269665,0.17857142857142858,0.1595744680851064,1.0,0.7658549638747658,1.0,5.656854249492381,3.73441862234158,,,,,,,,
ISIC_0007241,17,GlobalTransformer,c456ad283893abba4a9bdc95e3e4a897340ddd7b,0.8587570621468926,0.7524752475247525,0.04726198591229266,0.040498442367601244,0.05673758865248227,1.0,0.7524752475247525,1.0,12.649110640673518,4.594116780229815,0.4798206278026906,0.5492227979274611,0.015873015873015872,0.9841269841269841,0.87109375,1.14453125,2.0,0.109375
ISIC_0007241,17,GlobalTransformer_DP,c456ad283893abba4a9bdc95e3e4a897340ddd7b,0.8571865443425076,0.75006689858175,0.06415094339622641,0.06854838709677419,0.06028368794326241,1.0,0.75006689858175,1.0,5.830951894845301,4.022228939267307,0.0,0.0,0.14285714285714285,0.8571428571428571,0.32421875,0.32421875,1.0,0.12109375
ISIC_0007332,17,CNN,c456ad283893abba4a9bdc95e3e4a897340ddd7b,0.8877868533644496,0.7982164714110859,0.23875731134336947,0.2601880877742947,0.22058823529411764,0.9982506013557839,0.7993346174050079,0.9998662766402006,8.94427190999916,4.143041573431363,,,,,,,,
ISIC_0007332,17,GlobalTransformer,c456ad283893abba4a9bdc95e3e4a897340ddd7b,0.8826979472140762,0.7900262467191601,0.15976331360946744,0.17088607594936708,0.15,0.9991148484177915,0.7905795832603747,0.9999331383201003,8.0,4.335766648904639,0.41626794258373206,0.4101123595505618,0.24358974358974358,0.7564102564102564,0.81640625,0.95703125,2.0,0.203125
ISIC_0007332,17,GlobalTransformer_DP,c456ad283893abba4a9bdc95e3e4a897340ddd7b,0.8877868533644496,0.7982164714110859,0.23875731134336947,0.2601880877742947,0.22058823529411764,0.9982506013557839,0.7993346174050079,0.9998662766402006,8.94427190999916,4.143041573431363,,0.0,1.0,0.0,0.0,0.0,0.0,0.3046875
ISIC_0007344,17,CNN,c456ad283893abba4a9bdc95e3e4a897340ddd7b,0.955078125,0.914018691588785,0.7038578483169087,0.7044198895027625,0.7032967032967034,0.9515301609764727,0.9586526465870612,0.9954276178556529,4.0,1.5653071438698345,,,,,,,,
ISIC_0007344,17,GlobalTransformer,c456ad283893abba4a9bdc95e3e4a897340ddd7b,0.9485207635935945,0.9020822577869557,0.643750510913104,0.6057692307692307,0.6868131868131868,0.9632488055861815,0.9342363215113171,0.9966624947851481,5.0,1.8247904139214663,0.5534883720930233,0.7159090909090909,0.1488095238095238,0.8511904761904762,0.83984375,1.1171875,2.0,0.65234375
ISIC_0007344,17,GlobalTransformer_DP,c456ad283893abba4a9bdc95e3e4a897340ddd7b,0.9561816727402008,0.916042234332425,0.7121223424095486,0.712707182320442,0.7115384615384616,0.9537234042553191,0.9586526465870612,0.9956445556946183,4.0,1.529494471693526,1.0,0.056818181818181816,0.9464285714285714,0.05357142857142857,0.0546875,0.0546875,1.0,0.6640625
ISIC_0007528,17,CNN,c456ad283893abba4a9bdc95e3e4a897340ddd7b,0.7534007673526334,0.604364857302742,0.27324651587845555,0.2911392405063291,0.25742574257425743,1.0,0.604364857302742,1.0,9.994974746830582,4.4109517480508,,,,,,,,
ISIC_0007528,17,GlobalTransformer,c456ad283893abba4a9bdc95e3e4a897340ddd7b,0.5421245421245421,0.37185929648241206,0.0996290865177262,0.06991525423728813,0.17326732673267325,0.9940298507462687,0.37269166200335757,0.9999372539177085,14.317821063276353,7.086674250573763,0.37254901960784315,0.3291139240506329,0.47959183673469385,0.5204081632653061,0.59765625,4.47265625,24.0,0.3046875
ISIC_0007528,17,GlobalTransformer_DP,c456ad283893abba4a9bdc95e3e4a897340ddd7b,0.7534007673526334,0.604364857302742,0.27324651587845555,0.2911392405063291,0.25742574257425743,1.0,0.604364857302742,1.0,9.994974746830582,4.4109517480508,,0.0,1.0,0.0,0.0,0.0,0.0,0.3828125
ISIC_0007796,17,CNN,c456ad283893abba4a9bdc95e3e4a897340ddd7b,0.8216660148611654,0.697311649518752,0.06532516768737241,0.07582938388625593,0.05737704918032787,1.0,0.697311649518752,1.0,7.2697587885276365,4.603832508200243,,,,,,,,
ISIC_0007796,17,GlobalTransformer,c456ad283893abba4a9bdc95e3e4a897340ddd7b,0.8198198198198198,0.6946564885496184,0.03532008830022075,0.03827751196172249,0.03278688524590164,1.0,0.6946564885496184,1.0,6.4031242374328485,4.658314854057894,0.4511627906976744,0.42731277533039647,0.034482758620689655,0.9655172413793104,0.83984375,0.85546875,1.0,0.05078125
ISIC_0007796,17,GlobalTransformer_DP,c456ad283893abba4a9bdc95e3e4a897340ddd7b,0.8216660148611654,0.697311649518752,0.05274725274725274,0.05687203791469194,0.04918032786885246,1.0,0.697311649518752,1.0,7.0,4.604701700198871,0.475,0.16740088105726872,0.3793103448275862,0.6206896551724138,0.3125,0.3125,1.0,0.0859375
ISIC_0008025,17,CNN,c456ad283893abba4a9bdc95e3e4a897340ddd7b,0.8778100373289092,0.7822294500295683,0.08019957497921093,0.08092485549132948,0.07948717948717948,1.0,0.7822294500295683,1.0,8.06225774829855,4.612978754481786,,,,,,,,
ISIC_0008025,17,GlobalTransformer,c456ad283893abba4a9bdc95e3e4a897340ddd7b,0.8594553578956243,0.7535481963335304,0.022653721682847894,0.020289855072463767,0.02564102564102564,1.0,0.7535481963335304,1.0,9.030461825975577,5.303940891564829,0.18947368421052632,0.14666666666666667,0.12903225806451613,0.8709677419354839,0.7421875,0.99609375,2.0,0.02734375
ISIC_0008025,17,GlobalTransformer_DP,c456ad283893abba4a9bdc95e3e4a897340ddd7b,0.8684232538686742,0.7674452986398581,0.021660649819494587,0.02040816326530612,0.023076923076923078,1.0,0.7674452986398581,1.0,8.409997122980522,4.960168073313733,0.0,0.0,0.25806451612903225,0.7419354838709677,0.38671875,0.38671875,1.0,0.05078125
ISIC_0008524,17,CNN,c456ad283893abba4a9bdc95e3e4a897340ddd7b,0.8995581737849779,0.8174518201284796,0.7077409162717219,0.7368421052631579,0.6808510638297872,0.9182200841852075,0.8816397228637414,0.9978684721961005,5.759797974644661,1.67722962978006,,,,,,,,
ISIC_0008524,17,GlobalTransformer,c456ad283893abba4a9bdc95e3e4a897340ddd7b,0.45933384972889235,0.298139768728004,0.39250467172222253,0.28015075376884424,0.6553191489361702,0.6976470588235294,0.342378752886836,0.9959720393705723,11.079105734765182,3.9517310314400076,0.28112449799196787,0.2647058823529412,0.03723404255319149,0.9627659574468085,0.97265625,17.48046875,32.0,0.4765625
ISIC_0008524,17,GlobalTransformer_DP,c456ad283893abba4a9bdc95e3e4a897340ddd7b,0.8995581737849779,0.8174518201284796,0.7077409162717219,0.7368421052631579,0.6808510638297872,0.9182200841852075,0.8816397228637414,0.9978684721961005,5.759797974644661,1.67722962978006,,0.0,1.0,0.0,0.0,0.0,0.0,0.734375
ISIC_0009995,17,CNN,c456ad283893abba4a9bdc95e3e4a897340ddd7b,0.9326992387348582,0.8738860427957237,0.30686840753315603,0.3013215859030837,0.3126232741617357,0.9946192208181784,0.878037073816617,0.9439014855355746,26.0,8.480682121374247,,,,,,,,
ISIC_0009995,17,GlobalTransformer,c456ad283893abba4a9bdc95e3e4a897340ddd7b,0.903177881653803,0.8234497340513397,0.274187685227466,0.2165058949624866,0.373767258382643,0.997638488632725,0.8250579278384641,0.9769351055512119,39.0,13.951694775901569,0.4074074074074074,0.1411764705882353,0.13953488372093023,0.8604651162790697,0.84375,5.734375,32.0,0.39453125
ISIC_0009995,17,GlobalTransformer_DP,c456ad283893abba4a9bdc95e3e4a897340ddd7b,0.9334248576532812,0.8751608963992211,0.30911305783554993,0.3056807935076646,0.3126232741617357,0.996654827009453,0.8777391592188017,0.9652071931196247,26.0,8.435914456061665,0.8333333333333334,0.0,0.5813953488372093,0.4186046511627907,0.140625,0.140625,1.0,0.3359375
ISIC_0010459,17,CNN,c456ad283893abba4a9bdc95e3e4a897340ddd7b,0.9806067737530944,0.9619514319939018,0.5780998535780835,0.5546719681908548,0.6035940803382663,0.9705119753900242,0.9909137818858951,0.9359824452606974,5.830951894845301,2.1038661862494727,,,,,,,,
ISIC_0010459,17,GlobalTransformer,c456ad283893abba4a9bdc95e3e4a897340ddd7b,0.9784076026730246,0.9577279600289265,0.5931630762524067,0.5360824742268041,0.6638477801268499,0.976320257349656,0.9805038924909699,0.9494347183132186,9.478905203237852,2.601408925418425,0.6265560165975104,0.7711864406779662,0.06521739130434782,0.9347826086956522,0.94140625,1.9296875,4.0,0.55078125
ISIC_0010459,17,GlobalTransformer_DP,c456ad283893abba4a9bdc95e3e4a897340ddd7b,0.9808631061591665,0.9624449002749531,0.6259117948856654,0.6062124248496994,0.6469344608879493,0.972375325190705,0.9895003701792565,0.9402280207985498,5.656854249492381,2.068656414762188,0.5813953488372093,0.15254237288135594,0.8188405797101449,0.18115942028985507,0.16796875,0.16796875,1.0,0.5390625
ISIC_0012099,17,CNN,c456ad283893abba4a9bdc95e3e4a897340ddd7b,0.8880976602238047,0.7987191216834401,0.646403242147923,0.673469387755102,0.6214285714285714,0.8712574850299402,0.9056016597510373,0.9980022300687604,3.605551275463989,1.6755535168778821,,,,,,,,
ISIC_0012099,17,GlobalTransformer,c456ad283893abba4a9bdc95e3e4a897340ddd7b,0.5256975036710719,0.3565737051792829,0.6207484009803335,0.4680232558139535,0.9214285714285714,0.8994974874371859,0.37136929460580914,0.9993805364554296,8.991640786499872,2.658155668748002,0.8252427184466019,0.9772727272727273,0.2976190476190476,0.7023809523809523,0.8046875,11.26171875,31.0,0.90625
ISIC_0012099,17,GlobalTransformer_DP,c456ad283893abba4a9bdc95e3e4a897340ddd7b,0.9112244897959184,0.8369259606373008,0.8072180451127821,0.8299319727891157,0.7857142857142857,0.8965863453815262,0.9263485477178424,0.9984048813727312,3.0,1.2943830329951764,1.0,0.7272727272727273,0.6726190476190477,0.3273809523809524,0.46484375,0.46484375,1.0,0.7421875
ISIC_0012109,17,CNN,c456ad283893abba4a9bdc95e3e4a897340ddd7b,0.9321799307958477,0.8729747245625405,0.8848365829709637,0.907103825136612,0.8636363636363636,0.9113667117726658,0.9539660056657224,0.9979570831513942,2.8284271247461903,1.1381355608533448,,,,,,,,
ISIC_0012109,17,GlobalTransformer,c456ad283893abba4a9bdc95e3e4a897340ddd7b,0.8148740503798481,0.6875843454790823,0.6303592120509849,0.4678362573099415,0.9659090909090909,0.9357208448117539,0.7216713881019831,0.9989083650427297,11.072135954999576,3.0711886066234806,0.8343558282208589,0.8970588235294118,0.4574468085106383,0.5425531914893617,0.63671875,4.515625,31.0,0.90234375
ISIC_0012109,17,GlobalTransformer_DP,c456ad283893abba4a9bdc95e3e4a897340ddd7b,0.9380222841225627,0.8832786885245901,0.9375727929187049,0.9615384615384616,0.9147727272727273,0.9226027397260274,0.9539660056657224,0.9982377892832637,2.23606797749979,1.0311940909219193,1.0,0.47058823529411764,0.9946808510638298,0.005319148936170213,0.12890625,0.12890625,1.0,0.7890625
ISIC_0012126,17,CNN,c456ad283893abba4a9bdc95e3e4a897340ddd7b,0.9275,0.8648018648018648,0.948801036941024,0.976,0.9230769230769231,0.9512820512820512,0.9048780487804878,0.9994128190864701,2.23606797749979,0.9123589165963895,,,,,,,,
ISIC_0012126,17,GlobalTransformer,c456ad283893abba4a9bdc95e3e4a897340ddd7b,0.7113790504898266,0.552046783625731,0.6260003405414609,0.4572192513368984,0.9923076923076923,0.9309664694280079,0.5756097560975609,0.9994591754743803,9.899494936611665,2.9663086449868126,0.601010101010101,1.0,0.23673469387755103,0.763265306122449,0.7734375,5.87890625,31.0,0.96875
ISIC_0012126,17,GlobalTransformer_DP,c456ad283893abba4a9bdc95e3e4a897340ddd7b,0.9428571428571428,0.8918918918918919,0.9922480620155039,1.0,0.9846153846153847,0.9607594936708861,0.925609756097561,0.9995209839915941,2.0,0.7062727566783102,0.76,0.9090909090909091,0.6326530612244898,0.3673469387755102,0.390625,0.390625,1.0,0.99609375
ISIC_0012127,17,CNN,c456ad283893abba4a9bdc95e3e4a897340ddd7b,0.7946197620279358,0.6592274678111588,0.4983388704318937,0.5555555555555556,0.45180722891566266,0.9961089494163424,0.6609294320137694,0.9999533973343275,11.988459457875836,3.2053522725161665,,,,,,,,
ISIC_0012127,17,GlobalTransformer,c456ad283893abba4a9bdc95e3e4a897340ddd7b,0.577472841623785,0.4059485530546624,0.3163383545770568,0.23008849557522124,0.5060240963855421,0.8603066439522998,0.43459552495697074,0.9987261938049523,13.028803607803974,5.113065821579258,0.29767441860465116,0.5051546391752577,0.23270440251572327,0.7672955974842768,0.83984375,7.38671875,32.0,0.50390625
ISIC_0012127,17,GlobalTransformer_DP,c456ad283893abba4a9bdc95e3e4a897340ddd7b,0.8079673135852911,0.6778063410454156,0.5215669014084506,0.5769230769230769,0.4759036144578313,0.9937185929648241,0.6807228915662651,0.9999223288905459,11.988459457875836,2.994966858858624,0.7714285714285715,0.4742268041237113,0.8490566037735849,0.1509433962264151,0.2734375,0.2734375,1.0,0.66796875
ISIC_0012143,17,CNN,c456ad283893abba4a9bdc95e3e4a897340ddd7b,0.7972919937205651,0.6629140153369228,0.06701940035273368,0.06666666666666667,0.0673758865248227,1.0,0.6629140153369228,1.0,25.381627995825248,9.831461119122695,,,,,,,,
ISIC_0012143,17,GlobalTransformer,c456ad283893abba4a9bdc95e3e4a897340ddd7b,0.6242787518906504,0.45378288134212885,0.03673202163950243,0.024574669187145556,0.0726950354609929,0.9962453066332916,0.4545602871594061,0.9996058410600999,36.85374617620453,17.16346821305513,0.22127659574468084,0.1991701244813278,0.0,1.0,0.91796875,12.0625,32.0,0.03515625
ISIC_0012143,17,GlobalTransformer_DP,c456ad283893abba4a9bdc95e3e4a897340ddd7b,0.7921367689806376,0.655816609561103,0.06749919259339003,0.06762295081967214,0.0673758865248227,1.0,0.655816609561103,1.0,25.381627995825248,10.082160530323126,0.0,0.0,1.0,0.0,0.1328125,0.21875,2.0,0.05859375
ISIC_0012151,17,CNN,c456ad283893abba4a9bdc95e3e4a897340ddd7b,0.9635738049876305,0.929708077260755,0.5371314078017561,0.5304101838755304,0.5440251572327044,0.9318044327118737,0.9975859632595384,0.9744603723842478,5.0,2.153245990638991,,,,,,,,
ISIC_0012151,17,GlobalTransformer,c456ad283893abba4a9bdc95e3e4a897340ddd7b,0.9710767801138344,0.9437796342289456,0.7737276317210485,0.7162790697674418,0.8411949685534591,0.9580563832225533,0.9844559585492227,0.9849233811171527,6.32848376619156,1.6290718917678952,0.8106796116504854,0.9272727272727272,0.46153846153846156,0.5384615384615384,0.8046875,1.859375,3.0,0.61328125
ISIC_0012151,17,GlobalTransformer_DP,c456ad283893abba4a9bdc95e3e4a897340ddd7b,0.9682544218075835,0.9384623906059599,0.6390169952461594,0.6334776334776335,0.6446540880503144,0.9405984566701826,0.9975859632595384,0.977961772944472,5.0,1.8814147586645327,1.0,0.46060606060606063,0.967032967032967,0.03296703296703297,0.30859375,0.30859375,1.0,0.4453125
ISIC_0012159,17,CNN,c456ad283893abba4a9bdc95e3e4a897340ddd7b,0.5963007639726579,0.42480664566026927,0.2294322132097335,0.3055555555555556,0.1836734693877551,0.9893262174783188,0.42676258992805755,0.9997421891364947,35.600399852686735,11.134555726001597,,,,,,,,
ISIC_0012159,17,GlobalTransformer,c456ad283893abba4a9bdc95e3e4a897340ddd7b,0.12634408602150538,0.06743185078909612,0.09386281588447654,0.1,0.08843537414965986,0.9591836734693877,0.06762589928057554,0.9998388682103092,32.17836713160262,13.684055764175373,0.3671875,0.52,0.0,1.0,1.0,32.0,32.0,0.11328125
ISIC_0012159,17,GlobalTransformer_DP,c456ad283893abba4a9bdc95e3e4a897340ddd7b,0.6187932739861524,0.44800916642795763,0.3309884653183675,0.4308510638297872,0.2687074829931973,0.9898734177215189,0.45007194244604315,0.9997421891364947,35.600399852686735,10.574531252406157,1.0,0.30857142857142855,0.9506172839506173,0.04938271604938271,0.2265625,0.48828125,2.0,0.4375
ISIC_0012160,17,CNN,c456ad283893abba4a9bdc95e3e4a897340ddd7b,0.7669654289372599,0.6220145379023884,0.4459652124322783,0.40963855421686746,0.48936170212765956,0.6220145379023884,1.0,0.9886847586185458,14.317821063276353,4.1539138559430295,,,,,,,,
ISIC_0012160,17,GlobalTransformer,c456ad283893abba4a9bdc95e3e4a897340ddd7b,0.40493089279043704,0.253864168618267,0.35489143123978517,0.22418879056047197,0.851063829787234,0.3664638269100744,0.4524207011686144,0.9854362895955734,14.892854997854796,5.431933593135424,0.3426294820717131,0.40625,0.0,1.0,0.98046875,27.90234375,32.0,0.1640625
ISIC_0012160,17,GlobalTransformer_DP,c456ad283893abba4a9bdc95e3e4a897340ddd7b,0.7618441971383147,0.6153055983564458,0.4304441400900019,0.398406374501992,0.46808510638297873,0.6153055983564458,1.0,0.98835835742485,14.317821063276353,4.238639465746452,0.0,0.0,0.75,0.25,0.10546875,0.10546875,1.0,0.1953125
ISIC_0012191,17,CNN,c456ad283893abba4a9bdc95e3e4a897340ddd7b,0.9078253533009913,0.8312089609887988,0.6957110139496149,0.7068965517241379,0.6848739495798319,0.9240017174753113,0.8922056384742952,0.9971959951840821,7.673407139984314,2.074983781676541,,,,,,,,
ISIC_0012191,17,GlobalTransformer,c456ad283893abba4a9bdc95e3e4a897340ddd7b,0.5870248642469277,0.415453074433657,0.2672203554337877,0.1791967044284243,0.5252100840336135,0.9448022079116836,0.425787728026534,0.9990494898929092,15.0,6.312833802982033,0.3659574468085106,0.4772727272727273,0.09523809523809523,0.9047619047619048,0.91796875,25.07421875,32.0,0.5
ISIC_0012191,17,GlobalTransformer_DP,c456ad283893abba4a9bdc95e3e4a897340ddd7b,0.8977367979882649,0.8144486692015209,0.6576956305469016,0.6516393442622951,0.6638655462184874,0.9076271186440678,0.8880597014925373,0.9965464799442367,7.673407139984314,2.2692984516240506,0.390625,0.011363636363636364,0.7678571428571429,0.23214285714285715,0.25,0.375,2.0,0.6328125
ISIC_0012201,17,CNN,c456ad283893abba4a9bdc95e3e4a897340ddd7b,0.9559498697108822,0.9156168290943665,0.8385724293509348,0.8590163934426229,0.819078947368421,0.9356327422880738,0.9771689497716894,0.9956976328863201,2.9742640687119226,1.2301361499772383,,,,,,,,
ISIC_0012201,17,GlobalTransformer,c456ad283893abba4a9bdc95e3e4a897340ddd7b,0.9707144660439283,0.9430954132940887,0.980115615958793,0.9900332225913622,0.9703947368421053,0.9660804020100503,0.9753932014205987,0.997808228074163,2.0,0.7811340107758911,0.930379746835443,1.0,0.5833333333333334,0.4166666666666667,0.6171875,0.67578125,2.0,0.94140625
ISIC_0012201,17,GlobalTransformer_DP,c456ad283893abba4a9bdc95e3e4a897340ddd7b,0.9660188087774295,0.9342711617754063,0.9585036401308863,0.976897689768977,0.9407894736842105,0.9551202578725515,0.9771689497716894,0.9970614020846187,2.23606797749979,0.9205145286280968,1.0,0.8863636363636364,0.8630952380952381,0.13690476190476192,0.39453125,0.39453125,1.0,0.8515625
ISIC_0012204,17,CNN,c456ad283893abba4a9bdc95e3e4a897340ddd7b,0.7163507870221651,0.5580580580580581,0.25462481812512994,0.2677595628415301,0.24271844660194175,0.8941459502806736,0.597534833869239,0.9979268101146537,13.416407864998739,5.468521704012161,,,,,,,,
ISIC_0012204,17,GlobalTransformer,c456ad283893abba4a9bdc95e3e4a897340ddd7b,0.31696946269810594,0.18833256775378962,0.38448538110528985,0.2764612954186414,0.6310679611650486,0.5686546463245492,0.21972132904608788,0.9951154389822522,12.36931687685298,4.19611874761903,0.58203125,0.7010309278350515,0.0,1.0,1.0,31.8828125,32.0,0.46484375
ISIC_0012204,17,GlobalTransformer_DP,c456ad283893abba4a9bdc95e3e4a897340ddd7b,0.7168847749760613,0.5587064676616915,0.2448979591836735,0.25806451612903225,0.23300970873786409,0.8863456985003947,0.6018220793140407,0.997738338306895,13.416407864998739,5.456490807232536,0.3076923076923077,0.0,0.5967741935483871,0.4032258064516129,0.15234375,0.15234375,1.0,0.22265625
ISIC_0012206,17,CNN,c456ad283893abba4a9bdc95e3e4a897340ddd7b,0.955616276493612,0.9150049497949371,0.7694691979852769,0.7899761336515513,0.75,0.9692883895131086,0.9423244975240315,0.9965058803477075,5.1733241632105225,1.5907341511018995,,,,,,,,
ISIC_0012206,17,GlobalTransformer,c456ad283893abba4a9bdc95e3e4a897340ddd7b,0.936428463055682,0.8804564907275321,0.6864882210394697,0.6006389776357828,0.8009708737864077,0.9772007599746675,0.8989222254587824,0.9975455940003409,8.602325267042627,2.0840348583118846,0.6981981981981982,0.7258064516129032,0.14432989690721648,0.8556701030927835,0.8671875,2.81640625,28.0,0.82421875
ISIC_0012206,17,GlobalTransformer_DP,c456ad283893abba4a9bdc95e3e4a897340ddd7b,0.9543124582126142,0.912617220801364,0.7473895191577963,0.7649880095923262,0.7305825242718447,0.9739196360879454,0.935479172735217,0.997068348389296,5.1733241632105225,1.6365653061106389,0.6129032258064516,0.06451612903225806,0.7010309278350515,0.29896907216494845,0.2421875,0.2421875,1.0,0.73828125
ISIC_0012210,17,CNN,c456ad283893abba4a9bdc95e3e4a897340ddd7b,0.20253164556962025,0.11267605633802817,0.035700274617497064,0.05179282868525897,0.027237354085603113,0.9989506820566632,0.11268939393939394,0.9999824831838565,42.732303000784334,21.651197909850815,,,,,,,,
ISIC_0012210,17,GlobalTransformer,c456ad283893abba4a9bdc95e3e4a897340ddd7b,0.19488043821763404,0.10795985060690944,0.06638474963082293,0.05276073619631902,0.08949416342412451,0.8851674641148325,0.10949337121212122,0.9978979820627802,32.64965543462902,15.4235918871608,0.6640625,0.6640625,,,1.0,32.0,32.0,0.01953125
ISIC_0012210,17,GlobalTransformer_DP,c456ad283893abba4a9bdc95e3e4a897340ddd7b,0.19488043821763404,0.10795985060690944,0.06638474963082293,0.05276073619631902,0.08949416342412451,0.8851674641148325,0.10949337121212122,0.9978979820627802,32.64965543462902,15.4235918871608,0.6640625,0.6640625,,,1.0,32.0,32.0,0.01953125
ISIC_0012221,17,CNN,c456ad283893abba4a9bdc95e3e4a897340ddd7b,0.9504151838671412,0.9055153707052441,0.9413534205367821,0.9665071770334929,0.9174757281553398,0.9653012048192771,0.935981308411215,0.9988642816581488,2.23606797749979,1.0414467344749956,,,,,,,,
ISIC_0012221,17,GlobalTransformer,c456ad283893abba4a9bdc95e3e4a897340ddd7b,0.9552816050277979,0.9143914854234151,0.9412563496454258,0.9609756097560975,0.9223300970873787,0.9894842263395093,0.9233644859813084,0.9996687488169601,2.23606797749979,0.926741882508254,0.8136645962732919,0.9615384615384616,0.40869565217391307,0.591304347826087,0.62890625,0.64453125,1.0,0.9765625
ISIC_0012221,17,GlobalTransformer_DP,c456ad283893abba4a9bdc95e3e4a897340ddd7b,0.9558752997601918,0.915480018373909,0.94119990538202,0.966183574879227,0.9174757281553398,0.9817733990147783,0.9313084112149532,0.9994163669632153,2.23606797749979,0.9282614229597506,0.918918918918919,0.9615384615384616,0.7869565217391304,0.21304347826086956,0.2890625,0.2890625,1.0,0.99609375
ISIC_0012222,17,CNN,c456ad283893abba4a9bdc95e3e4a897340ddd7b,0.9424206815511164,0.8911111111111111,0.906650584172934,0.9234234234234234,0.8904761904761904,0.9426422190879172,0.9421992481203008,0.998075952561191,2.23606797749979,1.150107063034777,,,,,,,,
ISIC_0012222,17,GlobalTransformer,c456ad283893abba4a9bdc95e3e4a897340ddd7b,0.9400811649558367,0.886936936936937,0.8051309580990591,0.6782178217821783,0.9904761904761905,0.95536147501213,0.9252819548872181,0.9985490789805703,7.810249675906654,1.7593344835900486,0.695,0.8333333333333334,0.23267326732673269,0.7673267326732673,0.78125,1.37109375,2.0,0.8828125
ISIC_0012222,17,GlobalTransformer_DP,c456ad283893abba4a9bdc95e3e4a897340ddd7b,0.9450860240395946,0.8958891867739053,0.9228883883241324,0.9366515837104072,0.9095238095238095,0.9479905437352246,0.9421992481203008,0.9982652031289427,2.23606797749979,1.0928284387332536,1.0,0.2777777777777778,0.9752475247524752,0.024752475247524754,0.078125,0.078125,1.0,0.84375
ISIC_0012254,17,CNN,c456ad283893abba4a9bdc95e3e4a897340ddd7b,0.07027708985561422,0.03641822848564095,0.0,0.0,0.0,1.0,0.03641822848564095,1.0,113.36180882816392,65.53576928731921,,,,,,,,
ISIC_0012254,17,GlobalTransformer,c456ad283893abba4a9bdc95e3e4a897340ddd7b,0.10006210751500931,0.052665988667732096,0.0,0.0,0.0,1.0,0.052665988667732096,1.0,105.54904000786422,61.739291422133384,0.48828125,0.5040322580645161,,,1.0,32.0,32.0,0.0
ISIC_0012254,17,GlobalTransformer_DP,c456ad283893abba4a9bdc95e3e4a897340ddd7b,0.10006210751500931,0.052665988667732096,0.0,0.0,0.0,1.0,0.052665988667732096,1.0,105.54904000786422,61.739291422133384,0.48828125,0.5040322580645161,,,1.0,32.0,32.0,0.0
ISIC_0012256,17,CNN,c456ad283893abba4a9bdc95e3e4a897340ddd7b,0.14350355526826114,0.07729805013927576,0.0,0.0,0.0,1.0,0.07729805013927576,1.0,36.37581053379845,29.40192586169874,,,,,,,,
ISIC_0012256,17,GlobalTransformer,c456ad283893abba4a9bdc95e3e4a897340ddd7b,0.360028551034975,0.219533426183844,0.0,0.0,0.0,1.0,0.219533426183844,1.0,25.96150997149434,16.931416633203437,0.9609375,0.9609375,,,1.0,32.0,32.0,0.01171875
ISIC_0012256,17,GlobalTransformer_DP,c456ad283893abba4a9bdc95e3e4a897340ddd7b,0.14350355526826114,0.07729805013927576,0.0,0.0,0.0,1.0,0.07729805013927576,1.0,36.37581053379845,29.40192586169874,,0.0,,,0.0,0.0,0.0,0.0
ISIC_0012288,17,CNN,c456ad283893abba4a9bdc95e3e4a897340ddd7b,0.9488395308210631,0.902659069325736,0.9415664181633346,0.9521739130434783,0.9311926605504587,0.924161400097229,0.9748717948717949,0.9975466297612682,2.23606797749979,0.9365956328831679,,,,,,,,
ISIC_0012288,17,GlobalTransformer,c456ad283893abba4a9bdc95e3e4a897340ddd7b,0.9089949881297811,0.8331721470019342,0.7721903476206547,0.6485260770975056,0.9541284403669725,0.9359043997827268,0.8835897435897436,0.9981442455886516,9.219544457292887,1.979359125978594,0.5513513513513514,0.4583333333333333,0.22596153846153846,0.7740384615384616,0.72265625,2.22265625,17.5,0.8515625
ISIC_0012288,17,GlobalTransformer_DP,c456ad283893abba4a9bdc95e3e4a897340ddd7b,0.9519278918377566,0.9082656473960822,0.9508557764913164,0.9521739130434783,0.9495412844036697,0.9300391389432485,0.9748717948717949,0.9977510772811625,2.035410196624963,0.870507019336045,1.0,0.1875,0.9423076923076923,0.057692307692307696,0.08203125,0.08203125,1.0,0.84765625
ISIC_0012306,17,CNN,c456ad283893abba4a9bdc95e3e4a897340ddd7b,0.9397659149300599,0.8863758750673129,0.8649557522123893,0.8872549019607843,0.84375,0.9241998877035373,0.9558652729384437,0.9978844767605854,2.8284271247461903,1.1164884974677862,,,,,,,,
ISIC_0012306,17,GlobalTransformer,c456ad283893abba4a9bdc95e3e4a897340ddd7b,0.8834053053670574,0.7911602209944751,0.6795496043822276,0.5398936170212766,0.9166666666666666,0.9421052631578948,0.8315911730545877,0.998620992258752,11.551315688243534,2.747849271740029,0.7584269662921348,0.8208955223880597,0.3492063492063492,0.6507936507936508,0.6953125,2.09375,1.0,0.91015625
ISIC_0012306,17,GlobalTransformer_DP,c456ad283893abba4a9bdc95e3e4a897340ddd7b,0.9478836740570112,0.9009304871373837,0.9180166774293175,0.9356435643564357,0.9010416666666666,0.9400342661336379,0.9558652729384437,0.9983545930360109,2.8284271247461903,0.960010537780587,1.0,0.6567164179104478,0.9523809523809523,0.047619047619047616,0.20703125,0.20703125,1.0,0.88671875
ISIC_0012313,17,CNN,c456ad283893abba4a9bdc95e3e4a897340ddd7b,0.9521094640820981,0.9085963003264418,0.9368797141722907,0.9523809523809523,0.921875,0.981198589894242,0.9246954595791805,0.9994978816883728,2.23606797749979,1.9814172605465035,,,,,,,,
ISIC_0012313,17,GlobalTransformer,c456ad283893abba4a9bdc95e3e4a897340ddd7b,0.9429237041351194,0.8920110192837466,0.9415878423813153,0.9621621621621622,0.921875,0.9944717444717445,0.8964562569213732,0.9998587792248549,2.23606797749979,2.161968466556894,0.5641025641025641,0.625,0.3911290322580645,0.6088709677419355,0.609375,0.65234375,1.0,0.98828125
ISIC_0012313,17,GlobalTransformer_DP,c456ad283893abba4a9bdc95e3e4a897340ddd7b,0.9501297203805131,0.9049972542559034,0.9339375149057954,0.9518716577540107,0.9166666666666666,0.9909801563439568,0.9125138427464009,0.9997646320414247,2.23606797749979,2.026344251637108,0.6619718309859155,0.5,0.7298387096774194,0.2701612903225806,0.27734375,0.27734375,1.0,0.984375
ISIC_0012316,17,CNN,c456ad283893abba4a9bdc95e3e4a897340ddd7b,0.9181406828465652,0.8486692015209125,0.8622238861849494,0.8647058823529412,0.8597560975609756,0.8992747784045125,0.9378151260504202,0.9980573773039505,3.0,1.2375161928594056,,,,,,,,
ISIC_0012316,17,GlobalTransformer,c456ad283893abba4a9bdc95e3e4a897340ddd7b,0.6269146608315098,0.45657370517928286,0.565213037600761,0.398876404494382,0.9695121951219512,0.8981191222570533,0.4815126050420168,0.9989898361980543,10.880824987154773,3.4993479135704733,0.7117117117117117,0.9846153846153847,0.17801047120418848,0.8219895287958116,0.8671875,8.30078125,31.0,0.9140625
ISIC_0012316,17,GlobalTransformer_DP,c456ad283893abba4a9bdc95e3e4a897340ddd7b,0.9362402303578774,0.880123743232792,0.9609972754077558,0.9647058823529412,0.9573170731707317,0.9170024174053183,0.9563025210084034,0.9983992788984553,2.0,0.9526985036184547,0.978494623655914,0.7230769230769231,0.7591623036649214,0.24083769633507854,0.36328125,0.36328125,1.0,0.82421875
ISIC_0012335,17,CNN,c456ad283893abba4a9bdc95e3e4a897340ddd7b,0.6813186813186813,0.5166666666666667,0.0,0.0,0.0,1.0,0.5166666666666667,1.0,9.899494936611665,5.893359814373388,,,,,,,,
ISIC_0012335,17,GlobalTransformer,c456ad283893abba4a9bdc95e3e4a897340ddd7b,0.465979381443299,0.30376344086021506,0.03977055449330784,0.02663934426229508,0.0784313725490196,1.0,0.30376344086021506,1.0,15.545088114658636,8.328024955696316,0.8008849557522124,0.70703125,,,0.8828125,12.0390625,32.0,0.203125
ISIC_0012335,17,GlobalTransformer_DP,c456ad283893abba4a9bdc95e3e4a897340ddd7b,0.6845827439886846,0.5204301075268817,0.0,0.0,0.0,1.0,0.5204301075268817,1.0,9.984924240491749,5.831102972982538,0.5789473684210527,0.21484375,,,0.37109375,0.37109375,1.0,0.0
ISIC_0012380,17,CNN,c456ad283893abba4a9bdc95e3e4a897340ddd7b,0.8761830269847477,0.7796492204899778,0.2789141206584787,0.2713936430317848,0.2868632707774799,0.8254974207811349,0.9335,0.9801128728836335,16.406981739922262,4.909829032964819,,,,,,,,
ISIC_0012380,17,GlobalTransformer,c456ad283893abba4a9bdc95e3e4a897340ddd7b,0.8912492850723098,0.8038319823139278,0.3819421890224099,0.3,0.5254691689008043,0.8741785542554896,0.909,0.9868147003493685,10.637155002811362,3.7298599762226425,0.6462264150943396,0.6557377049180327,0.1506849315068493,0.8493150684931506,0.828125,5.08203125,32.0,0.29296875
ISIC_0012380,17,GlobalTransformer_DP,c456ad283893abba4a9bdc95e3e4a897340ddd7b,0.875625,0.7787659811006115,0.27379727757709144,0.2665036674816626,0.28150134048257375,0.8241176470588235,0.934,0.9799113141628595,16.406981739922262,4.936173184063913,0.08333333333333333,0.0,0.8356164383561644,0.1643835616438356,0.046875,0.046875,0.0,0.26171875
ISIC_0012383,17,CNN,c456ad283893abba4a9bdc95e3e4a897340ddd7b,0.958803295736341,0.9208666256914567,0.7719169270354714,0.8152173913043478,0.7329842931937173,0.9920542956464161,0.9277089783281733,0.9991874873044891,3.605551275463989,1.4817165167502613,,,,,,,,
ISIC_0012383,17,GlobalTransformer,c456ad283893abba4a9bdc95e3e4a897340ddd7b,0.9588930898560052,0.9210322979446762,0.7816432272390822,0.8114754098360656,0.7539267015706806,0.998157762518841,0.9226006191950464,0.9998137991739454,4.236663934044202,1.4711044928360284,0.5572139303482587,0.5,0.23394495412844038,0.7660550458715596,0.78515625,0.875,2.0,0.84765625
ISIC_0012383,17,GlobalTransformer_DP,c456ad283893abba4a9bdc95e3e4a897340ddd7b,0.9576421323884684,0.9187268232385661,0.7597381249823882,0.7978142076502732,0.725130890052356,0.9979859013091642,0.9204334365325078,0.9997968718261223,4.123105625617661,1.522777013080821,0.5066666666666667,0.07894736842105263,0.7201834862385321,0.2798165137614679,0.29296875,0.29296875,1.0,0.83984375
ISIC_0012400,17,CNN,c456ad283893abba4a9bdc95e3e4a897340ddd7b,0.8954929403785683,0.8107625320978006,0.18840579710144925,0.18932038834951456,0.1875,0.9983502886994776,0.8118501956400224,0.9997879521478681,9.848857801796104,4.654711006802908,,,,,,,,
ISIC_0012400,17,GlobalTransformer,c456ad283893abba4a9bdc95e3e4a897340ddd7b,0.8840371779676877,0.7921743991056456,0.19088550741472102,0.19205298013245034,0.18973214285714285,1.0,0.7921743991056456,1.0,20.60096742041972,5.53573815349662,0.5255102040816326,0.39473684210526316,0.10606060606060606,0.8939393939393939,0.765625,1.6640625,13.0,0.2734375
ISIC_0012400,17,GlobalTransformer_DP,c456ad283893abba4a9bdc95e3e4a897340ddd7b,0.8936433341578036,0.8077353006930472,0.16983297207701134,0.17475728155339806,0.16517857142857142,0.9998616299986163,0.8078256008943544,0.9999823293456557,9.848857801796104,4.729843299965027,0.3333333333333333,0.0,0.5303030303030303,0.4696969696969697,0.1640625,0.1640625,1.0,0.25
ISIC_0012417,17,CNN,c456ad283893abba4a9bdc95e3e4a897340ddd7b,0.8717948717948718,0.7727272727272727,0.2577576283133783,0.23950617283950618,0.2790202342917998,0.8152030373060416,0.9368301242530589,0.80189931282626,34.288247716821886,10.393357097792578,,,,,,,,
ISIC_0012417,17,GlobalTransformer,c456ad283893abba4a9bdc95e3e4a897340ddd7b,0.6617121392653028,0.494446791815054,0.09421851722717042,0.07356671740233384,0.13099041533546327,0.9158653846153846,0.5179740111922603,0.9556138850384877,40.0,18.58880513428174,0.3203125,0.4,0.0,1.0,1.0,32.0,32.0,0.0703125
ISIC_0012417,17,GlobalTransformer_DP,c456ad283893abba4a9bdc95e3e4a897340ddd7b,0.8721959250874666,0.7733576642335767,0.2622752792760618,0.24826989619377163,0.2779552715654952,0.8150671758661429,0.9379367036580354,0.8014864187335948,34.274416889513944,10.39372364538768,1.0,0.02926829268292683,0.9803921568627451,0.0196078431372549,0.02734375,0.02734375,0.0,0.203125
ISIC_0012434,17,CNN,c456ad283893abba4a9bdc95e3e4a897340ddd7b,0.9265367316341829,0.8631284916201117,0.6343362087102882,0.6617647058823529,0.6090909090909091,0.9818429414434862,0.8771289537712895,0.9993657840494689,4.123105625617661,1.7355466015786112,,,,,,,,
ISIC_0012434,17,GlobalTransformer,c456ad283893abba4a9bdc95e3e4a897340ddd7b,0.9314950452391211,0.8717741935483871,0.6894465207332265,0.7339901477832512,0.65,0.9935661764705882,0.8767234387672344,0.9997780244173141,3.1844413409331525,1.5783186808543206,0.6699507389162561,0.9375,0.2727272727272727,0.7272727272727273,0.79296875,0.796875,1.0,0.8359375
ISIC_0012434,17,GlobalTransformer_DP,c456ad283893abba4a9bdc95e3e4a897340ddd7b,0.9267241379310345,0.8634538152610441,0.6318623310810811,0.6617647058823529,0.6045454545454545,0.9889604415823368,0.8718572587185726,0.9996194704296814,4.123105625617661,1.7239062598386252,0.7,0.05,0.7386363636363636,0.26136363636363635,0.1953125,0.1953125,1.0,0.703125
ISIC_0012492,17,CNN,c456ad283893abba4a9bdc95e3e4a897340ddd7b,0.7681795998047828,0.6236133122028527,0.3350215483343295,0.3588516746411483,0.3141592920353982,0.9893148962916405,0.6278420422816114,0.9997302828856558,15.02497228377968,6.044446195611031,,,,,,,,
ISIC_0012492,17,GlobalTransformer,c456ad283893abba4a9bdc95e3e4a897340ddd7b,0.3117921385742838,0.18468823993685873,0.0748547074777218,0.06267029972752043,0.09292035398230089,0.9454545454545454,0.18667730355005982,0.999571625759571,18.35755975068582,9.361035241307198,0.26171875,0.4342105263157895,0.0,1.0,1.0,32.0,32.0,0.046875
ISIC_0012492,17,GlobalTransformer_DP,c456ad283893abba4a9bdc95e3e4a897340ddd7b,0.3117921385742838,0.18468823993685873,0.0748547074777218,0.06267029972752043,0.09292035398230089,0.9454545454545454,0.18667730355005982,0.999571625759571,18.35755975068582,9.361035241307198,0.26171875,0.4342105263157895,0.0,1.0,1.0,32.0,32.0,0.046875
ISIC_0012513,17,CNN,c456ad283893abba4a9bdc95e3e4a897340ddd7b,0.5857078919886618,0.4141350210970464,0.08614668218859138,0.09973045822102426,0.07581967213114754,0.9613124387855044,0.4211542587427591,0.9971893122709645,43.42885038547558,16.468384597102755,,,,,,,,
ISIC_0012513,17,GlobalTransformer,c456ad283893abba4a9bdc95e3e4a897340ddd7b,0.4832235810598934,0.3185859003514575,0.10332035360976638,0.07680722891566265,0.15778688524590165,0.8974956319161328,0.330615747693628,0.9937382146796172,41.67230610535112,16.93147679063771,0.2783018867924528,0.2565217391304348,0.0,1.0,0.828125,16.62890625,32.0,0.046875
ISIC_0012513,17,GlobalTransformer_DP,c456ad283893abba4a9bdc95e3e4a897340ddd7b,0.5857078919886618,0.4141350210970464,0.08614668218859138,0.09973045822102426,0.07581967213114754,0.9613124387855044,0.4211542587427591,0.9971893122709645,43.42885038547558,16.468384597102755,,0.0,1.0,0.0,0.0,0.0,0.0,0.1015625
ISIC_0012538,17,CNN,c456ad283893abba4a9bdc95e3e4a897340ddd7b,0.9463350785340314,0.8981366459627329,0.8938169517008081,0.90625,0.8817204301075269,0.9175126903553299,0.977027027027027,0.9979705257899338,2.8284271247461903,0.9333302782278503,,,,,,,,
ISIC_0012538,17,GlobalTransformer,c456ad283893abba4a9bdc95e3e4a897340ddd7b,0.9465493910690121,0.8985228002569043,0.9096952557825426,0.8381294964028777,0.9946236559139785,0.9478319783197832,0.9452702702702702,0.9987979268140377,4.551315561749631,0.9461189248487577,0.6403940886699507,0.967741935483871,0.26288659793814434,0.7371134020618557,0.79296875,1.46875,2.0,0.93359375
ISIC_0012538,17,GlobalTransformer_DP,c456ad283893abba4a9bdc95e3e4a897340ddd7b,0.9575033200531209,0.9184713375796179,0.9652645463872197,0.9736842105263158,0.956989247311828,0.9412532637075718,0.9743243243243244,0.9985949793930311,2.0,0.7102250587022184,0.9431818181818182,0.8225806451612904,0.8092783505154639,0.19072164948453607,0.34375,0.34375,1.0,0.9140625
ISIC_0012547,17,CNN,c456ad283893abba4a9bdc95e3e4a897340ddd7b,0.8946869070208728,0.8094420600858369,0.49947669269785044,0.48788927335640137,0.5116279069767442,0.8774813895781638,0.9125806451612903,0.9936735216862067,8.06225774829855,2.7712035797314205,,,,,,,,
ISIC_0012547,17,GlobalTransformer,c456ad283893abba4a9bdc95e3e4a897340ddd7b,0.7548861395015242,0.606278801843318,0.34607385181901873,0.24635922330097088,0.5813953488372093,0.8498183286233347,0.6790322580645162,0.9940418989044781,12.607141576100412,4.843305392606588,0.2663755458515284,0.323943661971831,0.13157894736842105,0.868421052631579,0.89453125,9.22265625,32.0,0.33984375
ISIC_0012547,17,GlobalTransformer_DP,c456ad283893abba4a9bdc95e3e4a897340ddd7b,0.8897576231430805,0.8014084507042254,0.46117198666031445,0.4536082474226804,0.4689922480620155,0.8634294385432474,0.917741935483871,0.992792619642514,8.573164506180078,2.927771951680293,0.03614457831325301,0.0,0.6140350877192983,0.38596491228070173,0.32421875,0.32421875,1.0,0.41015625
ISIC_0012660,17,CNN,c456ad283893abba4a9bdc95e3e4a897340ddd7b,0.9650704940937381,0.9324987727049583,0.9480908228079141,0.9617834394904459,0.9347826086956522,0.9566859733064719,0.9736032803690415,0.9972093325112762,2.23606797749979,0.9060789689385854,,,,,,,,
ISIC_0012660,17,GlobalTransformer,c456ad283893abba4a9bdc95e3e4a897340ddd7b,0.9664889565879665,0.9351510685335298,0.9333583630561291,0.9112903225806451,0.9565217391304348,0.9574949698189135,0.9756535110199898,0.9972580069442191,2.23606797749979,0.8215986067099393,0.502127659574468,0.8888888888888888,0.08636363636363636,0.9136363636363637,0.91796875,1.515625,2.0,0.87109375
ISIC_0012660,17,GlobalTransformer_DP,c456ad283893abba4a9bdc95e3e4a897340ddd7b,0.9722857869310959,0.946066303809995,0.9859152121689377,0.990506329113924,0.9813664596273292,0.9646821392532795,0.9800102511532548,0.9977285264626667,2.0,0.7029629682924743,0.7364341085271318,0.6944444444444444,0.5272727272727272,0.4727272727272727,0.50390625,0.50390625,1.0,0.92578125
ISIC_0012684,17,CNN,c456ad283893abba4a9bdc95e3e4a897340ddd7b,0.979438261791203,0.9597050576383841,0.9698654843315548,0.9755102040816327,0.9642857142857143,0.9725320985055778,0.9864432109308283,0.9953532260361772,2.0,0.8197370283228593,,,,,,,,
ISIC_0012684,17,GlobalTransformer,c456ad283893abba4a9bdc95e3e4a897340ddd7b,0.9789796247513575,0.9588247683235046,0.9406181172291297,0.8998178506375227,0.9852941176470589,0.9861366836347882,0.9719257045260461,0.997721122347244,5.656854249492381,0.8346194528557026,0.7784090909090909,0.9117647058823529,0.34684684684684686,0.6531531531531531,0.6875,1.046875,1.0,0.96484375
ISIC_0012684,17,GlobalTransformer_DP,c456ad283893abba4a9bdc95e3e4a897340ddd7b,0.9816884914297881,0.964035546262415,0.9760606340696922,0.9815950920245399,0.9705882352941176,0.9790826077723508,0.9843082835183604,0.9964926648625552,2.0,0.7321252965573993,0.8947368421052632,0.5,0.8198198198198198,0.18018018018018017,0.22265625,0.22265625,1.0,0.9296875
ISIC_0012720,17,CNN,c456ad283893abba4a9bdc95e3e4a897340ddd7b,0.9578237410071943,0.9190611787039434,0.6878645304796169,0.702048417132216,0.6742424242424242,0.9224839771349385,0.9959790536749579,0.9836803909412494,6.8978713763747725,1.9695590628164332,,,,,,,,
ISIC_0012720,17,GlobalTransformer,c456ad283893abba4a9bdc95e3e4a897340ddd7b,0.9554879985480285,0.9147697654213727,0.7322749708532639,0.68688293370945,0.7840909090909091,0.9280740414279418,0.9845707873573967,0.9851208927464352,6.4031242374328485,1.902371257560644,0.5384615384615384,0.7289719626168224,0.2483221476510067,0.7516778523489933,0.8125,1.73828125,3.0,0.5546875
ISIC_0012720,17,GlobalTransformer_DP,c456ad283893abba4a9bdc95e3e4a897340ddd7b,0.9578199478370357,0.9190541939937866,0.6882268861764372,0.702803738317757,0.6742424242424242,0.9225571725571725,0.9958855432953058,0.983698625141315,6.8978713763747725,1.9715446611239469,,0.0,1.0,0.0,0.0,0.0,0.0,0.58203125
ISIC_0012746,17,CNN,c456ad283893abba4a9bdc95e3e4a897340ddd7b,0.9127803488786045,0.839554682383759,0.6571789391878764,0.6758241758241759,0.6395348837209303,0.8495692511597084,0.9861538461538462,0.9964661560495672,3.605551275463989,1.5283127085451715,,,,,,,,
ISIC_0012746,17,GlobalTransformer,c456ad283893abba4a9bdc95e3e4a897340ddd7b,0.939811457577955,0.8864569083447332,0.919827012641384,0.9210526315789473,0.9186046511627907,0.8888888888888888,0.9969230769230769,0.9974780496917617,2.23606797749979,1.0323130542181707,0.705,0.8923076923076924,0.3333333333333333,0.6666666666666666,0.78125,0.984375,2.0,0.6953125
ISIC_0012746,17,GlobalTransformer_DP,c456ad283893abba4a9bdc95e3e4a897340ddd7b,0.9236311239193083,0.85809906291834,0.7570953720276145,0.7833333333333333,0.7325581395348837,0.8685636856368564,0.9861538461538462,0.996979886667912,3.0,1.3050244957057395,1.0,0.49230769230769234,0.9444444444444444,0.05555555555555555,0.27734375,0.27734375,1.0,0.578125
ISIC_0012876,17,CNN,c456ad283893abba4a9bdc95e3e4a897340ddd7b,0.38813151563753007,0.2407960199004975,0.0,0.0,0.0,0.2407960199004975,1.0,0.9646813763308132,26.962861212094833,14.451223479949782,,,,,,,,
ISIC_0012876,17,GlobalTransformer,c456ad283893abba4a9bdc95e3e4a897340ddd7b,0.5691747572815534,0.3977947413061917,0.3080968907653226,0.2011070110701107,0.6583333333333333,0.5086767895878525,0.6460055096418733,0.9930103379108163,25.447962980647265,6.778132570790531,0.875,0.875,,,1.0,31.31640625,32.0,0.20703125
ISIC_0012876,17,GlobalTransformer_DP,c456ad283893abba4a9bdc95e3e4a897340ddd7b,0.38170347003154576,0.23586744639376217,0.0,0.0,0.0,0.23586744639376217,1.0,0.9637093041197347,28.0178514522438,14.801785459581804,0.0,0.0,,,0.125,0.2421875,2.0,0.0
ISIC_0012927,17,CNN,c456ad283893abba4a9bdc95e3e4a897340ddd7b,0.8031807472231571,0.6710961119313787,0.4195728333769392,0.44350758853288363,0.3980891719745223,0.9744767738642164,0.6831031274601016,0.9951515621666699,30.48932547205238,9.667578291463036,,,,,,,,
ISIC_0012927,17,GlobalTransformer,c456ad283893abba4a9bdc95e3e4a897340ddd7b,0.5780020780762951,0.40647181628392487,0.11135668939572066,0.07660455486542443,0.20382165605095542,0.9363578069894197,0.41802046804551635,0.9923006807206718,38.4421556390326,16.650423759642525,0.17105263157894737,0.1891891891891892,0.07407407407407407,0.9259259259259259,0.890625,18.80078125,32.0,0.1875
ISIC_0012927,17,GlobalTransformer_DP,c456ad283893abba4a9bdc95e3e4a897340ddd7b,0.8010292318724428,0.6680973824936673,0.3988088172658656,0.42280701754385963,0.37738853503184716,0.9754468871995069,0.6795247978243756,0.9953648934313364,30.499162865276155,9.689974385914443,0.48,0.0,0.7777777777777778,0.2222222222222222,0.09765625,0.125,1.0,0.3984375
ISIC_0012956,17,CNN,c456ad283893abba4a9bdc95e3e4a897340ddd7b,0.868237347294939,0.7671549730146492,0.5782610266228371,0.6174496644295302,0.54375,0.983201581027668,0.77734375,0.9997354332669323,4.0,2.4711925183935333,,,,,,,,
ISIC_0012956,17,GlobalTransformer,c456ad283893abba4a9bdc95e3e4a897340ddd7b,0.5706340378197998,0.3992217898832685,0.322438717787555,0.22131147540983606,0.59375,0.9903474903474904,0.40078125,0.9999221862549801,13.0,4.92679705559891,0.5368852459016393,0.788235294117647,0.04678362573099415,0.9532163742690059,0.953125,8.90234375,31.0,0.6015625
ISIC_0012956,17,GlobalTransformer_DP,c456ad283893abba4a9bdc95e3e4a897340ddd7b,0.8624175824175824,0.7581143740340031,0.564632885211996,0.610738255033557,0.525,0.985929648241206,0.76640625,0.9997821215139442,4.0,2.552724833302071,0.34210526315789475,0.0,0.7777777777777778,0.2222222222222222,0.1484375,0.15234375,1.0,0.66796875
ISIC_0012959,17,CNN,c456ad283893abba4a9bdc95e3e4a897340ddd7b,0.8303466755987272,0.7099083619702177,0.4469847793975981,0.4013377926421405,0.5043478260869565,0.7493954050785974,0.9309049943672549,0.9868146899304948,21.549924070962604,4.801105114112424,,,,,,,,
ISIC_0012959,17,GlobalTransformer,c456ad283893abba4a9bdc95e3e4a897340ddd7b,0.6498637602179836,0.48133198789101916,0.263228887955244,0.17238183503243745,0.5565217391304348,0.8219414129810454,0.5373638753285768,0.9950694256676157,19.6468827043885,6.946220542119395,0.30578512396694213,0.45,0.10526315789473684,0.8947368421052632,0.9453125,19.66796875,32.0,0.171875
ISIC_0012959,17,GlobalTransformer_DP,c456ad283893abba4a9bdc95e3e4a897340ddd7b,0.8303466755987272,0.7099083619702177,0.4469847793975981,0.4013377926421405,0.5043478260869565,0.7493954050785974,0.9309049943672549,0.9868146899304948,21.549924070962604,4.801105114112424,,0.0,1.0,0.0,0.0,0.0,0.0,0.37109375
ISIC_0012965,17,CNN,c456ad283893abba4a9bdc95e3e4a897340ddd7b,0.904296875,0.8253119429590018,0.8985294117647059,0.9285714285714286,0.8703703703703703,0.9978448275862069,0.8267857142857142,0.9999846097020438,3.0,0.9477943310621885,,,,,,,,
ISIC_0012965,17,GlobalTransformer,c456ad283893abba4a9bdc95e3e4a897340ddd7b,0.5282522996057819,0.35892857142857143,0.39903944410382175,0.2864583333333333,0.6574074074074074,1.0,0.35892857142857143,1.0,8.028015986734346,3.1991718684850277,0.28193832599118945,1.0,0.11934156378600823,0.8806584362139918,0.88671875,11.1953125,21.0,0.9765625
ISIC_0012965,17,GlobalTransformer_DP,c456ad283893abba4a9bdc95e3e4a897340ddd7b,0.9053658536585366,0.8270944741532977,0.932577444826888,0.9591836734693877,0.9074074074074074,0.9978494623655914,0.8285714285714286,0.9999846097020438,3.0,0.9311056159488761,0.56,0.7692307692307693,0.7325102880658436,0.2674897119341564,0.29296875,0.30078125,1.0,0.96875
ISIC_0013010,17,CNN,c456ad283893abba4a9bdc95e3e4a897340ddd7b,0.9258957654723127,0.8620166793025019,0.8029294274300932,0.8181818181818182,0.788235294117647,0.9991212653778558,0.862670713201821,0.999984428041982,3.0,1.191953189741862,,,,,,,,
ISIC_0013010,17,GlobalTransformer,c456ad283893abba4a9bdc95e3e4a897340ddd7b,0.8984538236523193,0.8156297420333839,0.7701097123211488,0.7880794701986755,0.7529411764705882,1.0,0.8156297420333839,1.0,3.0,1.623746295357238,0.1258741258741259,0.0,0.4186991869918699,0.5813008130081301,0.55859375,0.58203125,1.0,0.94921875
ISIC_0013010,17,GlobalTransformer_DP,c456ad283893abba4a9bdc95e3e4a897340ddd7b,0.9111937216026436,0.8368740515933232,0.7956445654287381,0.8157894736842105,0.7764705882352941,1.0,0.8368740515933232,1.0,3.0,1.420162690774324,0.21794871794871795,0.0,0.6829268292682927,0.3170731707317073,0.3046875,0.3046875,1.0,0.9609375
ISIC_0013082,17,CNN,c456ad283893abba4a9bdc95e3e4a897340ddd7b,0.9183027232425586,0.8489461358313818,0.7265856063095629,0.7528089887640449,0.7021276595744681,0.9705488621151271,0.8713942307692307,0.9993111222444889,4.08001865665148,1.515982386027861,,,,,,,,
ISIC_0013082,17,GlobalTransformer,c456ad283893abba4a9bdc95e3e4a897340ddd7b,0.8518518518518519,0.7419354838709677,0.5597133834847856,0.41570438799076215,0.8563829787234043,0.9920127795527156,0.7463942307692307,0.9998434368737475,10.78885929911819,3.143389415117728,0.7932692307692307,1.0,0.25,0.75,0.8125,2.546875,21.0,0.96484375
ISIC_0013082,17,GlobalTransformer_DP,c456ad283893abba4a9bdc95e3e4a897340ddd7b,0.9315589353612167,0.8718861209964412,0.8072518007259323,0.8342857142857143,0.7819148936170213,0.985254691689008,0.8834134615384616,0.9996555611222445,3.1622776601683795,1.2571445489678312,0.9576271186440678,0.96875,0.7083333333333334,0.2916666666666667,0.4609375,0.4609375,1.0,0.92578125
ISIC_0013104,17,CNN,c456ad283893abba4a9bdc95e3e4a897340ddd7b,0.940939934656949,0.8884670147128619,0.6971387979004696,0.6880530973451328,0.7064676616915423,0.8921366163621922,0.9953917050691244,0.9886633051724714,8.271046370169175,1.9231539230780927,,,,,,,,
ISIC_0013104,17,GlobalTransformer,c456ad283893abba4a9bdc95e3e4a897340ddd7b,0.9327057182705718,0.8738974191440706,0.7723542912409711,0.6924315619967794,0.8731343283582089,0.9176672384219554,0.9482453030840128,0.991985841653588,7.280109889280518,1.6864872198809238,0.5773195876288659,0.6666666666666666,0.30578512396694213,0.6942148760330579,0.7578125,2.30859375,17.5,0.57421875
ISIC_0013104,17,GlobalTransformer_DP,c456ad283893abba4a9bdc95e3e4a897340ddd7b,0.944659377628259,0.8951227287217086,0.7080278864244951,0.7022222222222222,0.7139303482587065,0.8988476312419974,0.9953917050691244,0.9894480248438908,8.331278896873417,1.798952864197819,1.0,0.26666666666666666,1.0,0.0,0.140625,0.140625,1.0,0.53515625
ISIC_0013127,17,CNN,c456ad283893abba4a9bdc95e3e4a897340ddd7b,0.7090142165286674,0.5492037368701292,0.1088483784029313,0.1148989898989899,0.10340314136125654,0.9901387555633127,0.552224277231578,0.9974883307401645,30.518837651723718,14.768713836444553,,,,,,,,
ISIC_0013127,17,GlobalTransformer,c456ad283893abba4a9bdc95e3e4a897340ddd7b,0.35336746750689246,0.21460007654037505,0.08692743448946967,0.07029339853300734,0.11387434554973822,0.926094137076796,0.21833933612381973,0.9920426761502557,50.94604351872249,23.95647142884234,0.109375,0.11538461538461539,0.0,1.0,1.0,29.69140625,32.0,0.0234375
ISIC_0013127,17,GlobalTransformer_DP,c456ad283893abba4a9bdc95e3e4a897340ddd7b,0.6993420845531526,0.5376833341400842,0.10996642421739364,0.11741935483870967,0.10340314136125654,0.9899295962926655,0.5406405139686556,0.9974883307401645,33.54356419148601,15.190434868424447,0.0,0.0,1.0,0.0,0.25,0.48046875,3.0,0.0859375
ISIC_0013128,17,CNN,c456ad283893abba4a9bdc95e3e4a897340ddd7b,0.939880084265111,0.8865790278202385,0.8251485032053166,0.8472222222222222,0.8041958041958042,0.9357857373346241,0.9440104166666666,0.9968141649590164,3.4947328716400867,1.3593697398946707,,,,,,,,
ISIC_0013128,17,GlobalTransformer,c456ad283893abba4a9bdc95e3e4a897340ddd7b,0.8863915715539947,0.7959634184799748,0.705648062042707,0.5738317757009346,0.916083916083916,0.9622569576820434,0.8216145833333334,0.9984150870901639,9.219544457292887,2.27071660183852,0.7926267281105991,0.9746835443037974,0.21468926553672316,0.7853107344632768,0.84765625,4.59765625,25.25,0.92578125
ISIC_0013128,17,GlobalTransformer_DP,c456ad283893abba4a9bdc95e3e4a897340ddd7b,0.9459724950884086,0.8974836905871388,0.8456337051378373,0.8671328671328671,0.8251748251748252,0.9515810276679841,0.9404296875,0.9976466444672131,3.4947328716400867,1.2099115483757665,0.958904109589041,0.379746835443038,0.7570621468926554,0.24293785310734464,0.28515625,0.28515625,1.0,0.7890625
ISIC_0013132,17,CNN,c456ad283893abba4a9bdc95e3e4a897340ddd7b,0.9118753358409457,0.8380246913580247,0.6559880943056318,0.6979166666666666,0.6188118811881188,0.9344713656387665,0.8903462749213011,0.9981298129812981,4.116950344336776,1.7877246847149257,,,,,,,,
ISIC_0013132,17,GlobalTransformer,c456ad283893abba4a9bdc95e3e4a897340ddd7b,0.9240576496674058,0.8588356517259145,0.7386227218159991,0.7663043478260869,0.7128712871287128,0.9794359576968272,0.8746065057712487,0.9994499449944995,4.0,1.4906866238807073,0.7868852459016393,0.6695652173913044,0.2553191489361702,0.7446808510638298,0.71484375,0.9375,2.0,0.80078125
ISIC_0013132,17,GlobalTransformer_DP,c456ad283893abba4a9bdc95e3e4a897340ddd7b,0.9219819326580893,0.8552564753682073,0.728353140916808,0.75,0.7079207920792079,0.9639381797366915,0.8835257082896117,0.999009900990099,4.116950344336776,1.549020453329666,0.9047619047619048,0.4782608695652174,0.49645390070921985,0.5035460992907801,0.4921875,0.4921875,1.0,0.72265625
ISIC_0013188,17,CNN,c456ad283893abba4a9bdc95e3e4a897340ddd7b,0.9299895506792059,0.869140625,0.9124087591240876,0.9328358208955224,0.8928571428571429,0.9866962305986696,0.8794466403162056,0.9998140226892319,2.8284271247461903,0.9985869999067505,,,,,,,,
ISIC_0013188,17,GlobalTransformer,c456ad283893abba4a9bdc95e3e4a897340ddd7b,0.6369087275149901,0.46725317693059626,0.45933216168717056,0.327027027027027,0.7714285714285715,0.9775051124744376,0.4723320158102767,0.9998295207984625,12.041594578792296,3.9612519673222413,0.47337278106508873,0.5,0.336,0.664,0.66015625,7.58203125,31.0,0.97265625
ISIC_0013188,17,GlobalTransformer_DP,c456ad283893abba4a9bdc95e3e4a897340ddd7b,0.9273684210526316,0.8645731108930323,0.9124087591240876,0.9328358208955224,0.8928571428571429,0.9921171171171171,0.8705533596837944,0.9998915132353853,2.8284271247461903,1.0277840801987213,0.725,0.0,0.84,0.16,0.15625,0.15625,1.0,0.9765625
ISIC_0013215,17,CNN,c456ad283893abba4a9bdc95e3e4a897340ddd7b,0.9653891071238985,0.9330938943047716,0.7173224592987204,0.7001303780964798,0.7353801169590644,0.9373260488609422,0.9951844150158695,0.9742710845922729,10.63014581273465,2.104146021036941,,,,,,,,
ISIC_0013215,17,GlobalTransformer,c456ad283893abba4a9bdc95e3e4a897340ddd7b,0.9128136226889039,0.8396109827521359,0.4490084003696701,0.34041047416843595,0.6593567251461988,0.978888680072668,0.8550946700229834,0.992869535779273,22.02271554554524,6.339043026909572,0.47435897435897434,0.5470085470085471,0.11510791366906475,0.8848920863309353,0.9140625,13.01171875,32.0,0.50390625
ISIC_0013215,17,GlobalTransformer_DP,c456ad283893abba4a9bdc95e3e4a897340ddd7b,0.9643219028318489,0.931101956745623,0.7091493667801566,0.6925098554533509,0.7266081871345029,0.9403994175161223,0.9894932691255336,0.9757521899200203,10.63014581273465,2.140234238966519,0.6818181818181818,0.13675213675213677,0.7985611510791367,0.2014388489208633,0.171875,0.29296875,2.0,0.57421875
ISIC_0013232,17,CNN,c456ad283893abba4a9bdc95e3e4a897340ddd7b,0.9258028792912514,0.8618556701030928,0.6475080601107529,0.6701846965699209,0.6263157894736842,0.9517698199130615,0.9012152097216778,0.996144554389913,8.488217492792518,2.2343643963831523,,,,,,,,
ISIC_0013232,17,GlobalTransformer,c456ad283893abba4a9bdc95e3e4a897340ddd7b,0.9086543480530327,0.8325999617371341,0.5432717040658264,0.42420382165605097,0.7552631578947369,0.972079517534063,0.8529988239905919,0.9979316278915842,10.04987562112089,3.164843688788229,0.7104072398190046,0.8715596330275229,0.2108843537414966,0.7891156462585034,0.86328125,2.51171875,3.0,0.6953125
ISIC_0013232,17,GlobalTransformer_DP,c456ad283893abba4a9bdc95e3e4a897340ddd7b,0.9376639096227557,0.8826433725788074,0.7092967011705524,0.7362924281984334,0.6842105263157895,0.9659185369908562,0.911015288122305,0.9972862957937585,8.258164757385487,1.8848836456125848,0.9622641509433962,0.5963302752293578,0.7210884353741497,0.2789115646258503,0.4140625,0.4140625,1.0,0.69921875
ISIC_0013421,17,CNN,c456ad283893abba4a9bdc95e3e4a897340ddd7b,0.8849764203907479,0.7936840409248369,0.38095238095238093,0.38461538461538464,0.37735849056603776,0.7984439581813761,0.9925448317549869,0.9552778277288257,17.369641763401926,6.045172880233525,,,,,,,,
ISIC_0013421,17,GlobalTransformer,c456ad283893abba4a9bdc95e3e4a897340ddd7b,0.8670367433254031,0.7652823145123658,0.40890295298324547,0.31063504208110176,0.5981132075471698,0.9122260540660808,0.8261132379609107,0.9858119043337529,15.943416490252577,4.718698297534029,0.5590909090909091,0.6511627906976745,0.2857142857142857,0.7142857142857143,0.859375,12.6796875,32.0,0.31640625
ISIC_0013421,17,GlobalTransformer_DP,c456ad283893abba4a9bdc95e3e4a897340ddd7b,0.8862900323857502,0.795799676898223,0.38517219877639913,0.3892988929889299,0.38113207547169814,0.8005850804485617,0.9925448317549869,0.9558712461787449,17.468212900309073,5.951070723127834,1.0,0.11046511627906977,1.0,0.0,0.07421875,0.07421875,1.0,0.328125
ISIC_0013491,17,CNN,c456ad283893abba4a9bdc95e3e4a897340ddd7b,0.950712450362065,0.9060552092609083,0.7884253848889791,0.834920634920635,0.7468354430379747,0.9639981051634297,0.9377880184331797,0.997516177527943,5.0,1.4205094157427067,,,,,,,,
ISIC_0013491,17,GlobalTransformer,c456ad283893abba4a9bdc95e3e4a897340ddd7b,0.9562313655336911,0.9161334552102377,0.8009491003319771,0.7513227513227513,0.8575949367088608,0.9911001236093944,0.9237327188940092,0.9994117262566181,5.385164807134504,1.3054758888529197,0.84375,0.9661016949152542,0.15228426395939088,0.8477157360406091,0.875,1.62109375,2.0,0.92578125
ISIC_0013491,17,GlobalTransformer_DP,c456ad283893abba4a9bdc95e3e4a897340ddd7b,0.9556731334509112,0.915109209637469,0.8144793038512191,0.8539682539682539,0.7784810126582279,0.975750300120048,0.936405529953917,0.9983495653310673,5.0,1.2649724874962465,1.0,0.3389830508474576,0.766497461928934,0.233502538071066,0.2578125,0.2578125,1.0,0.83984375
ISIC_0013501,17,CNN,c456ad283893abba4a9bdc95e3e4a897340ddd7b,0.8692487652716402,0.7687356321839081,0.28395346158276696,0.2951388888888889,0.27358490566037735,1.0,0.7687356321839081,1.0,7.0,3.7614353975672423,,,,,,,,
ISIC_0013501,17,GlobalTransformer,c456ad283893abba4a9bdc95e3e4a897340ddd7b,0.7993375655534087,0.6657471264367816,0.18927050546195148,0.1392,0.29559748427672955,1.0,0.6657471264367816,1.0,15.96227766016837,6.1533133770143476,0.45806451612903226,0.3227848101265823,0.5204081632653061,0.47959183673469385,0.60546875,3.2421875,31.0,0.40234375
ISIC_0013501,17,GlobalTransformer_DP,c456ad283893abba4a9bdc95e3e4a897340ddd7b,0.8692487652716402,0.7687356321839081,0.28395346158276696,0.2951388888888889,0.27358490566037735,1.0,0.7687356321839081,1.0,7.0,3.7614353975672423,,0.0,1.0,0.0,0.0,0.0,0.0,0.3828125
ISIC_0013518,17,CNN,c456ad283893abba4a9bdc95e3e4a897340ddd7b,0.7227993159949976,0.5659246233164142,0.13031735991887794,0.14081145584725538,0.12127894156560089,0.9895869732336292,0.5693148922483113,0.9963358253000196,38.87800317765597,15.560395424508846,,,,,,,,
ISIC_0013518,17,GlobalTransformer,c456ad283893abba4a9bdc95e3e4a897340ddd7b,0.2573506385051672,0.14767780839423345,0.04914247005573175,0.040345821325648415,0.06284454244762955,0.9562968709594001,0.1486812479897073,0.995843989769821,60.0,24.591336949586395,0.109375,0.125,0.0,1.0,1.0,32.0,32.0,0.03515625
ISIC_0013518,17,GlobalTransformer_DP,c456ad283893abba4a9bdc95e3e4a897340ddd7b,0.723058859564041,0.5662429039737746,0.13047520498369058,0.14429109159347553,0.11907386990077178,0.9900740947854048,0.5694757156642007,0.9965079677355893,38.87800317765597,15.56114281387211,,0.0,1.0,0.0,0.0,0.0,0.0,0.125
ISIC_0013527,17,CNN,c456ad283893abba4a9bdc95e3e4a897340ddd7b,0.1832258064516129,0.10085227272727272,0.09999999999999999,0.0851063829787234,0.12121212121212122,0.17026378896882494,0.19832402234636873,0.9946914603086932,22.67156809750927,9.211564984963786,,,,,,,,
ISIC_0013527,17,GlobalTransformer,c456ad283893abba4a9bdc95e3e4a897340ddd7b,0.12911725955204217,0.06901408450704226,0.16048265460030167,0.09895833333333333,0.42424242424242425,0.08448275862068966,0.2737430167597765,0.983706158519746,41.10960958218893,15.68278830275893,0.4375,0.4375,,,1.0,32.0,32.0,0.046875
ISIC_0013527,17,GlobalTransformer_DP,c456ad283893abba4a9bdc95e3e4a897340ddd7b,0.18205128205128204,0.1001410437235543,0.09917355371900827,0.08391608391608392,0.12121212121212122,0.16824644549763032,0.19832402234636873,0.9946147473073736,22.667152987555294,9.324386939585754,0.0,0.0,,,0.0546875,0.0546875,1.0,0.0
ISIC_0013549,17,CNN,c456ad283893abba4a9bdc95e3e4a897340ddd7b,0.8102626756261454,0.6810433353871431,0.04545454545454546,0.04827586206896552,0.04294478527607362,1.0,0.6810433353871431,1.0,10.92159688587405,6.2357573626124845,,,,,,,,
ISIC_0013549,17,GlobalTransformer,c456ad283893abba4a9bdc95e3e4a897340ddd7b,0.7982228804146613,0.6642020948860136,0.003161222339304531,0.0019083969465648854,0.009202453987730062,1.0,0.6642020948860136,1.0,14.20209018657875,7.3211618686152224,0.35365853658536583,0.2457627118644068,0.0,1.0,0.640625,1.53125,2.0,0.01171875
ISIC_0013549,17,GlobalTransformer_DP,c456ad283893abba4a9bdc95e3e4a897340ddd7b,0.8041262433992387,0.6724173341548573,0.01954397394136808,0.020833333333333332,0.018404907975460124,1.0,0.6724173341548573,1.0,10.949100026165866,6.426729825450634,0.0,0.0,0.4,0.6,0.2265625,0.2265625,1.0,0.04296875
ISIC_0013561,17,CNN,c456ad283893abba4a9bdc95e3e4a897340ddd7b,0.9025575988163179,0.8224191063174114,0.3901649951472015,0.3829787234042553,0.39762611275964393,0.9050445103857567,0.9000843170320405,0.9926306092906961,7.211102550927978,3.013702004538857,,,,,,,,
ISIC_0013561,17,GlobalTransformer,c456ad283893abba4a9bdc95e3e4a897340ddd7b,0.5103276906351918,0.34257714762301916,0.16948525159051475,0.11909871244635194,0.29376854599406527,0.9693215339233038,0.34633220910623946,0.99914462429267,22.090722034374522,10.582462913376059,0.25301204819277107,0.2804232804232804,0.1044776119402985,0.8955223880597015,0.97265625,25.5390625,32.0,0.265625
ISIC_0013561,17,GlobalTransformer_DP,c456ad283893abba4a9bdc95e3e4a897340ddd7b,0.9186143572621035,0.8494789656503281,0.476120607438926,0.46335078534031415,0.4896142433234421,0.9095041322314049,0.9279089376053963,0.9927951046190289,6.0,2.500319242592376,0.8450704225352113,0.25925925925925924,0.7014925373134329,0.29850746268656714,0.27734375,0.6796875,4.0,0.359375
ISIC_0013562,17,CNN,c456ad283893abba4a9bdc95e3e4a897340ddd7b,0.9384328358208955,0.8840070298769771,0.7079277779787966,0.7706093189964157,0.6546762589928058,0.9217277486910995,0.9557546145494028,0.995165879842204,5.0,1.7684399794476695,,,,,,,,
ISIC_0013562,17,GlobalTransformer,c456ad283893abba4a9bdc95e3e4a897340ddd7b,0.9488521949254933,0.9026819923371647,0.8492956444006041,0.8978102189781022,0.8057553956834532,0.9386454183266932,0.9592833876221498,0.9962652784065188,5.0,1.4497756252942435,0.8299319727891157,0.6916666666666667,0.5441176470588235,0.45588235294117646,0.57421875,0.59375,1.0,0.73046875
ISIC_0013562,17,GlobalTransformer_DP,c456ad283893abba4a9bdc95e3e4a897340ddd7b,0.9457426806338974,0.8970700636942676,0.8030576924635825,0.8618181818181818,0.7517985611510791,0.9359383306751727,0.9557546145494028,0.9961036021470607,5.0,1.5484441465998877,1.0,0.525,0.9191176470588235,0.08088235294117647,0.2890625,0.2890625,1.0,0.6875
ISIC_0013632,17,CNN,c456ad283893abba4a9bdc95e3e4a897340ddd7b,0.33881765573584477,0.20396174863387978,0.009966777408637873,0.014285714285714285,0.007653061224489796,1.0,0.20396174863387978,1.0,40.024992192379,23.74460139474736,,,,,,,,
ISIC_0013632,17,GlobalTransformer,c456ad283893abba4a9bdc95e3e4a897340ddd7b,0.18343917928676112,0.10098157859351889,0.05069765936093755,0.040110650069156296,0.06887755102040816,0.8652073732718893,0.10259562841530055,0.9979902432321012,36.235341863986875,19.398741874496274,0.5,0.5140562248995983,0.0,1.0,1.0,32.0,32.0,0.0390625
ISIC_0013632,17,GlobalTransformer_DP,c456ad283893abba4a9bdc95e3e4a897340ddd7b,0.34632328024398507,0.20942622950819673,0.009836065573770491,0.013761467889908258,0.007653061224489796,1.0,0.20942622950819673,1.0,40.024992192379,23.498770498984054,0.9473684210526315,0.07228915662650602,1.0,0.0,0.07421875,0.22265625,3.0,0.02734375
ISIC_0013637,17,CNN,c456ad283893abba4a9bdc95e3e4a897340ddd7b,0.9622551361681796,0.927255985267035,0.8924631547313459,0.928082191780822,0.8594771241830066,0.9877390877881315,0.9380530973451328,0.9991835668332191,2.9571067811865475,1.1004466186139927,,,,,,,,
ISIC_0013637,17,GlobalTransformer,c456ad283893abba4a9bdc95e3e4a897340ddd7b,0.9523231833070485,0.9089856415006947,0.7454642160628805,0.8067796610169492,0.6928104575163399,0.9939225120283616,0.9140661387983232,0.9996081120799452,3.1622776601683795,1.3910075062954237,0.4117647058823529,0.4666666666666667,0.11203319502074689,0.8879668049792531,0.86328125,1.1796875,2.0,0.84765625
ISIC_0013637,17,GlobalTransformer_DP,c456ad283893abba4a9bdc95e3e4a897340ddd7b,0.9576853526220614,0.9188063844552394,0.8379030959918442,0.8827586206896552,0.7973856209150327,0.9927518120469883,0.9250116441546343,0.999526468763267,3.0,1.2242865382555008,0.5376344086021505,0.0,0.6141078838174274,0.38589211618257263,0.36328125,0.36328125,1.0,0.89453125
ISIC_0013644,17,CNN,c456ad283893abba4a9bdc95e3e4a897340ddd7b,0.5937537109606935,0.422225975342003,0.12802254098360655,0.11951219512195121,0.13783783783783785,0.9936406995230525,0.42337002540220153,0.9997316831849206,31.016124838541646,12.179119805365776,,,,,,,,
ISIC_0013644,17,GlobalTransformer,c456ad283893abba4a9bdc95e3e4a897340ddd7b,0.48905109489051096,0.32367149758454106,0.07674518201284797,0.05140562248995984,0.15135135135135136,0.951984321411073,0.329043183742591,0.9983565595076387,29.698484809834994,12.623074038143876,0.5611814345991561,0.6134020618556701,0.04838709677419355,0.9516129032258065,0.92578125,20.171875,32.0,0.14453125
ISIC_0013644,17,GlobalTransformer_DP,c456ad283893abba4a9bdc95e3e4a897340ddd7b,0.5931215042246817,0.42158687193368294,0.10619141588554515,0.10194174757281553,0.11081081081081082,0.9975980784627703,0.4220152413209145,0.9998993811943452,31.016124838541646,12.16313956203237,0.37209302325581395,0.08762886597938144,0.3387096774193548,0.6612903225806451,0.3359375,0.37109375,1.0,0.1953125
ISIC_0013651,17,CNN,c456ad283893abba4a9bdc95e3e4a897340ddd7b,0.7388329532180008,0.5858327452364149,0.10565914295060516,0.10445468509984639,0.10689170182841069,0.9929724880382775,0.5882717689786517,0.9978118161925602,45.617978911828175,18.97419583763862,,,,,,,,
ISIC_0013651,17,GlobalTransformer,c456ad283893abba4a9bdc95e3e4a897340ddd7b,0.4980547334818608,0.33160644704215375,0.018456995201181246,0.012512512512512513,0.035161744022503515,0.9991994663108739,0.3316945699353353,0.9998603286931421,64.64093077425018,30.049431004017233,0.14864864864864866,0.13656387665198239,0.0,1.0,0.8671875,21.62109375,32.0,0.02734375
ISIC_0013651,17,GlobalTransformer_DP,c456ad283893abba4a9bdc95e3e4a897340ddd7b,0.7385873647314102,0.5855239943542696,0.09929860509102373,0.10015898251192369,0.09845288326300984,0.9929688084374299,0.5879617326601116,0.9978118161925602,45.93689809188091,19.067121314808332,,0.0,1.0,0.0,0.0,0.0,0.0,0.11328125
ISIC_0013663,17,CNN,c456ad283893abba4a9bdc95e3e4a897340ddd7b,0.8674688252023627,0.7659558028125483,0.46235921754593956,0.45614035087719296,0.46875,0.9367794367794368,0.8077079768597735,0.987439686086026,20.483910056792414,5.493763173197062,,,,,,,,
ISIC_0013663,17,GlobalTransformer,c456ad283893abba4a9bdc95e3e4a897340ddd7b,0.24370215727209465,0.1387590141849592,0.12732049642202786,0.1252465483234714,0.12946428571428573,0.8350023843586075,0.14267090360954943,0.9935039333120552,46.43594508278941,15.338263209856295,0.06640625,0.09929078014184398,0.0,1.0,1.0,32.0,32.0,0.03125
ISIC_0013663,17,GlobalTransformer_DP,c456ad283893abba4a9bdc95e3e4a897340ddd7b,0.8641238540044975,0.7607553491205361,0.39248314445560184,0.3891891891891892,0.3958333333333333,0.9207446318311676,0.8140633911838996,0.9838537070762068,20.615528128088304,5.6374829442873615,0.08163265306122448,0.0070921985815602835,0.6347826086956522,0.3652173913043478,0.19140625,0.4921875,3.0,0.3515625
ISIC_0013702,17,CNN,c456ad283893abba4a9bdc95e3e4a897340ddd7b,0.7543482509282783,0.6055851898336994,0.21721273831861543,0.23116883116883116,0.20484581497797358,1.0,0.6055851898336994,1.0,39.6068157645016,10.957376608896116,,,,,,,,
ISIC_0013702,17,GlobalTransformer,c456ad283893abba4a9bdc95e3e4a897340ddd7b,0.6842249657064472,0.5200166805671392,0.1764001058151658,0.14342105263157895,0.2290748898678414,0.9938234708109185,0.5217027507582889,0.9994461813309513,47.4204586528212,12.813052837880399,0.31221719457013575,0.3333333333333333,0.2054794520547945,0.7945205479452054,0.86328125,5.03515625,32.0,0.25390625
ISIC_0013702,17,GlobalTransformer_DP,c456ad283893abba4a9bdc95e3e4a897340ddd7b,0.7534550195567145,0.6044346825645853,0.2164204471172702,0.22938144329896906,0.20484581497797358,1.0,0.6044346825645853,1.0,39.6068157645016,11.037506261560347,0.45454545454545453,0.0273224043715847,1.0,0.0,0.04296875,0.04296875,0.0,0.28515625
ISIC_0013736,17,CNN,c456ad283893abba4a9bdc95e3e4a897340ddd7b,0.9119705340699816,0.8381855111712931,0.24843278384026005,0.23809523809523808,0.25970873786407767,0.8389428506889541,0.9989241527703067,0.9754561101549053,15.811388300841896,4.017476551833639,,,,,,,,
ISIC_0013736,17,GlobalTransformer,c456ad283893abba4a9bdc95e3e4a897340ddd7b,0.9135544207223282,0.8408653301619663,0.2661669182368604,0.2485981308411215,0.28640776699029125,0.8420097538845412,0.9983862291554599,0.9760240963855422,15.428452755984168,3.799957672892273,0.4393939393939394,0.3783783783783784,0.11764705882352941,0.8823529411764706,0.7734375,1.50390625,3.0,0.15234375
ISIC_0013736,17,GlobalTransformer_DP,c456ad283893abba4a9bdc95e3e4a897340ddd7b,0.9103498988908634,0.8354515802496907,0.21889400921658986,0.20833333333333334,0.23058252427184467,0.8362039851401554,0.9989241527703067,0.9749569707401032,15.811388300841896,4.088920731108517,0.0,0.0,0.8235294117647058,0.17647058823529413,0.0859375,0.0859375,1.0,0.109375
ISIC_0013793,17,CNN,c456ad283893abba4a9bdc95e3e4a897340ddd7b,0.9294467137021909,0.8681928546652792,0.6588851477740366,0.6870026525198939,0.6329787234042553,0.9675299574797063,0.8942479456948911,0.9971971036737962,7.0710678118654755,2.22937730925061,,,,,,,,
ISIC_0013793,17,GlobalTransformer,c456ad283893abba4a9bdc95e3e4a897340ddd7b,0.9445365763773724,0.8949022346368715,0.7378182462752709,0.7616580310880829,0.7154255319148937,0.9752663622526636,0.9156841729188996,0.9978310921285328,5.0,1.734368904433454,0.6666666666666666,0.9387755102040817,0.22151898734177214,0.7784810126582279,0.84375,1.25390625,2.0,0.6953125
ISIC_0013793,17,GlobalTransformer_DP,c456ad283893abba4a9bdc95e3e4a897340ddd7b,0.9352049828018965,0.8782957918631046,0.7033277886789445,0.7335092348284961,0.675531914893617,0.9749951540996317,0.8985351911396927,0.9978477760352364,7.0,2.024633905281723,0.7795275590551181,0.6020408163265306,0.569620253164557,0.43037974683544306,0.49609375,0.49609375,1.0,0.73046875
ISIC_0013828,17,CNN,c456ad283893abba4a9bdc95e3e4a897340ddd7b,0.43413645575320875,0.27725050330744894,0.06114839671886652,0.06317411402157165,0.059248554913294796,0.9979296066252588,0.27741007194244605,0.9997314595175223,50.21951811795888,25.180831834925257,,,,,,,,
ISIC_0013828,17,GlobalTransformer,c456ad283893abba4a9bdc95e3e4a897340ddd7b,0.16473899467874575,0.08976325122208377,0.062138279932546364,0.05535924617196702,0.0708092485549133,0.9915299100052938,0.08983213429256595,0.999641946023363,66.54579333412754,29.055047890270995,0.44047619047619047,0.43529411764705883,0.0,1.0,0.984375,29.703125,32.0,0.01171875
ISIC_0013828,17,GlobalTransformer_DP,c456ad283893abba4a9bdc95e3e4a897340ddd7b,0.4468417528457704,0.28769879287219774,0.10566895767660586,0.10892586989409984,0.10260115606936417,0.9956896551724138,0.2880575539568345,0.9994181622879649,50.21951811795888,24.589655095956974,1.0,0.21568627450980393,0.0,1.0,0.21875,0.78125,5.0,0.0625
ISIC_0013863,17,CNN,c456ad283893abba4a9bdc95e3e4a897340ddd7b,0.0,0.0,0.0,0.0,0.0,1.0,0.0,1.0,362.03867196751236,362.03867196751236,,,,,,,,
ISIC_0013863,17,GlobalTransformer,c456ad283893abba4a9bdc95e3e4a897340ddd7b,0.0,0.0,0.0,0.0,0.0,1.0,0.0,1.0,362.03867196751236,362.03867196751236,,,,,,,,
ISIC_0013863,17,GlobalTransformer_DP,c456ad283893abba4a9bdc95e3e4a897340ddd7b,0.0,0.0,0.0,0.0,0.0,1.0,0.0,1.0,362.03867196751236,362.03867196751236,,,,,,,,
ISIC_0013898,17,CNN,c456ad283893abba4a9bdc95e3e4a897340ddd7b,0.9363161819537659,0.8802579921480651,0.6767098281897235,0.693950177935943,0.6603053435114504,0.8904964539007092,0.9871069182389937,0.9938097376355122,4.123105625617661,1.6838700495744658,,,,,,,,
ISIC_0013898,17,GlobalTransformer,c456ad283893abba4a9bdc95e3e4a897340ddd7b,0.9584164492864815,0.9201532115497938,0.8658774978279757,0.8271604938271605,0.9083969465648855,0.9358705424033563,0.9820754716981132,0.9965680928860093,4.0,1.0846634411110125,0.9607843137254902,0.9426229508196722,0.7164179104477612,0.2835820895522388,0.59765625,0.890625,2.0,0.74609375
ISIC_0013898,17,GlobalTransformer_DP,c456ad283893abba4a9bdc95e3e4a897340ddd7b,0.9501590668080594,0.9050505050505051,0.8268261597540962,0.8411552346570397,0.8129770992366412,0.9166910260157849,0.9861635220125786,0.9954294694977227,3.605551275463989,1.2798403222278647,0.9923076923076923,0.8770491803278688,0.8283582089552238,0.17164179104477612,0.5078125,0.5078125,1.0,0.66015625
ISIC_0013945,17,CNN,c456ad283893abba4a9bdc95e3e4a897340ddd7b,0.629277566539924,0.4590846047156727,0.34854692710814666,0.44360902255639095,0.28703703703703703,0.8756613756613757,0.4910979228486647,0.998535551816539,12.103665745345038,5.577033584284892,,,,,,,,
ISIC_0013945,17,GlobalTransformer,c456ad283893abba4a9bdc95e3e4a897340ddd7b,0.5995402298850575,0.42810242941562704,0.3197330791229743,0.2671232876712329,0.39814814814814814,0.788391777509069,0.4836795252225519,0.9972736337010033,10.89915960451558,4.019838138493646,0.4453125,0.7956204379562044,0.0,1.0,1.0,32.0,32.0,0.16796875
ISIC_0013945,17,GlobalTransformer_DP,c456ad283893abba4a9bdc95e3e4a897340ddd7b,0.629277566539924,0.4590846047156727,0.34854692710814666,0.44360902255639095,0.28703703703703703,0.8756613756613757,0.4910979228486647,0.998535551816539,12.103665745345038,5.577033584284892,,0.0,1.0,0.0,0.0,0.0,0.0,0.46484375
ISIC_0014037,17,CNN,c456ad283893abba4a9bdc95e3e4a897340ddd7b,0.6351328191945158,0.4653440482169764,0.0,0.0,0.0,1.0,0.4653440482169764,1.0,65.12449463896198,21.167472441508423,,,,,,,,
ISIC_0014037,17,GlobalTransformer,c456ad283893abba4a9bdc95e3e4a897340ddd7b,0.14790697674418604,0.07985936715218483,0.0,0.0,0.0,1.0,0.07985936715218483,1.0,54.410375253312566,32.32715160766883,0.1484375,0.1484375,,,1.0,30.0390625,32.0,0.0
ISIC_0014037,17,GlobalTransformer_DP,c456ad283893abba4a9bdc95e3e4a897340ddd7b,0.6616925455400955,0.4944249121044701,0.0032025620496397116,0.003745318352059925,0.002797202797202797,1.0,0.4944249121044701,1.0,65.12449463896198,20.014846716091302,0.950354609929078,0.5234375,,,0.55078125,1.38671875,5.0,0.00390625
ISIC_0014038,17,CNN,c456ad283893abba4a9bdc95e3e4a897340ddd7b,0.814618211514904,0.6872201171202205,0.112751677852349,0.14482758620689656,0.09230769230769231,1.0,0.6872201171202205,1.0,20.51677559491557,6.564261676065724,,,,,,,,
ISIC_0014038,17,GlobalTransformer,c456ad283893abba4a9bdc95e3e4a897340ddd7b,0.8032567247243121,0.6712022046159146,0.13673159625600811,0.16262975778546712,0.11794871794871795,1.0,0.6712022046159146,1.0,22.959314844568944,6.965340742130466,0.37850467289719625,0.3615023474178404,0.46511627906976744,0.5348837209302325,0.8359375,1.1015625,2.0,0.203125
ISIC_0014038,17,GlobalTransformer_DP,c456ad283893abba4a9bdc95e3e4a897340ddd7b,0.810002049600328,0.6806751636238374,0.112751677852349,0.14482758620689656,0.09230769230769231,1.0,0.6806751636238374,1.0,21.40819727489527,6.721347007770694,0.04081632653061224,0.009389671361502348,1.0,0.0,0.19140625,0.19140625,1.0,0.16796875
ISIC_0014055,17,CNN,c456ad283893abba4a9bdc95e3e4a897340ddd7b,0.9341735010462012,0.8764780214820832,0.330856153924463,0.33692722371967654,0.325,0.983839918946302,0.8892806447181647,0.9926997276700917,15.524174696260024,4.452498249698841,,,,,,,,
ISIC_0014055,17,GlobalTransformer,c456ad283893abba4a9bdc95e3e4a897340ddd7b,0.47530691964285715,0.3117394089120688,0.015037593984962405,0.0136986301369863,0.016666666666666666,0.9972193765549539,0.3120106231970328,0.9995651875414788,38.48376280978771,23.611687331390318,0.0078125,0.011299435028248588,0.0,1.0,1.0,30.8828125,32.0,0.01171875
ISIC_0014055,17,GlobalTransformer_DP,c456ad283893abba4a9bdc95e3e4a897340ddd7b,0.9340709561034275,0.8762974997743479,0.32598653820773393,0.3406896551724138,0.3125,0.9838366436967977,0.8890974861486332,0.9926997276700917,15.524174696260024,4.451861072681449,,0.0,1.0,0.0,0.0,0.0,0.0,0.30859375
ISIC_0014139,17,CNN,c456ad283893abba4a9bdc95e3e4a897340ddd7b,0.9127210496292071,0.8394543546694648,0.5098477681259138,0.5165562913907285,0.5033112582781457,0.911369332421964,0.9140767824497258,0.9936396337475474,8.06225774829855,2.8452834194783607,,,,,,,,
ISIC_0014139,17,GlobalTransformer,c456ad283893abba4a9bdc95e3e4a897340ddd7b,0.9337229690239626,0.8756851567638676,0.735092836309312,0.6913319238900634,0.7847682119205298,0.9557310361330462,0.9127056672760512,0.9969751471550032,5.0,1.6390141959260935,0.8854625550660793,0.9246575342465754,0.17272727272727273,0.8272727272727273,0.88671875,2.57421875,3.0,0.69140625
ISIC_0014139,17,GlobalTransformer_DP,c456ad283893abba4a9bdc95e3e4a897340ddd7b,0.9205912684771399,0.8528662420382166,0.5873245443251562,0.5953947368421053,0.5794701986754967,0.9232360376924845,0.9179616087751371,0.9945389143230869,7.211102550927978,2.5661926287320562,1.0,0.547945205479452,0.9818181818181818,0.01818181818181818,0.3203125,0.3203125,1.0,0.484375
ISIC_0014162,17,CNN,c456ad283893abba4a9bdc95e3e4a897340ddd7b,0.8527397260273972,0.7432835820895523,0.45729320835388915,0.5146198830409356,0.4114583333333333,0.9991974317817014,0.7437275985663082,0.9999843412357897,5.0,2.5771458361001742,,,,,,,,
ISIC_0014162,17,GlobalTransformer,c456ad283893abba4a9bdc95e3e4a897340ddd7b,0.5787545787545788,0.4072164948453608,0.2772938207278352,0.18634423897581792,0.5416666666666666,0.9080459770114943,0.42473118279569894,0.9988725689768564,13.601470508735444,5.47875446002208,0.2938775510204082,0.4752475247524752,0.03225806451612903,0.967741935483871,0.95703125,20.40234375,32.0,0.296875
ISIC_0014162,17,GlobalTransformer_DP,c456ad283893abba4a9bdc95e3e4a897340ddd7b,0.8511659807956105,0.7408955223880597,0.42088920254057866,0.4883720930232558,0.3697916666666667,0.999194847020934,0.7413381123058542,0.9999843412357897,5.0,2.614542868865154,0.38461538461538464,0.10891089108910891,0.6709677419354839,0.32903225806451614,0.25390625,0.25390625,1.0,0.578125
ISIC_0014178,17,CNN,c456ad283893abba4a9bdc95e3e4a897340ddd7b,0.9273868942199324,0.8646052236565596,0.6714552238805971,0.6828358208955224,0.6604477611940298,0.9245585874799358,0.9302325581395349,0.9962363869314542,7.0,1.8256865605352963,,,,,,,,
ISIC_0014178,17,GlobalTransformer,c456ad283893abba4a9bdc95e3e4a897340ddd7b,0.935831537058531,0.8794016827672172,0.7518307567127746,0.6666666666666666,0.8619402985074627,0.9614991482112436,0.911498708010336,0.998190262652146,5.0,1.4559681026631797,0.6929460580912863,0.9772727272727273,0.08333333333333333,0.9166666666666666,0.94140625,2.078125,2.0,0.7734375
ISIC_0014178,17,GlobalTransformer_DP,c456ad283893abba4a9bdc95e3e4a897340ddd7b,0.9363900548918308,0.8803885853066181,0.7244329178601843,0.7406015037593985,0.7089552238805971,0.9360877985797289,0.9366925064599483,0.9968289557975657,6.324555320336759,1.592223192520267,0.7094594594594594,0.4659090909090909,0.36904761904761907,0.6309523809523809,0.578125,0.578125,1.0,0.69140625
ISIC_0014211,17,CNN,c456ad283893abba4a9bdc95e3e4a897340ddd7b,0.9775990013177058,0.9561796228462895,0.9399760456974388,0.9577114427860697,0.9228855721393034,0.9867002659946801,0.9686641011544805,0.9983693786474425,2.23606797749979,0.8521777780113788,,,,,,,,
ISIC_0014211,17,GlobalTransformer,c456ad283893abba4a9bdc95e3e4a897340ddd7b,0.9710787418197171,0.943783340172343,0.9016825924387204,0.9321608040201005,0.8731343283582089,0.9949531362653208,0.9483232545354591,0.9993992447648472,2.8284271247461903,1.0956355925086552,0.5379310344827586,0.8125,0.4625,0.5375,0.56640625,0.69921875,2.0,0.95703125
ISIC_0014211,17,GlobalTransformer_DP,c456ad283893abba4a9bdc95e3e4a897340ddd7b,0.9747216581471886,0.9506897964758912,0.932183738573305,0.9522613065326633,0.9129353233830846,0.9935760171306209,0.9565695437053326,0.9992276004119465,2.23606797749979,0.951202328370714,0.5702479338842975,0.75,0.5583333333333333,0.44166666666666665,0.47265625,0.47265625,1.0,0.95703125
ISIC_0014212,17,CNN,c456ad283893abba4a9bdc95e3e4a897340ddd7b,0.9440753679628887,0.8940745762711865,0.34102788719811106,0.30397236614853196,0.3883720930232558,0.9300141043723554,0.9585683549456301,0.9203326697065057,20.143188537570865,5.203006189071247,,,,,,,,
ISIC_0014212,17,GlobalTransformer,c456ad283893abba4a9bdc95e3e4a897340ddd7b,0.9230076001081439,0.8570233180854625,0.3987504132985213,0.2968980797636632,0.6069767441860465,0.9546979865771812,0.89335349188812,0.9531821976751653,28.0,7.493762808630992,0.5670995670995671,0.6424581005586593,0.13157894736842105,0.868421052631579,0.90234375,8.67578125,32.0,0.484375
ISIC_0014212,17,GlobalTransformer_DP,c456ad283893abba4a9bdc95e3e4a897340ddd7b,0.9442153493699885,0.8943257025062384,0.3463262651622856,0.31636363636363635,0.3825581395348837,0.9302036901201828,0.958655579461534,0.9205574465352258,21.0,5.215201010750091,,0.0,1.0,0.0,0.0,0.0,0.0,0.296875
ISIC_0014217,17,CNN,c456ad283893abba4a9bdc95e3e4a897340ddd7b,0.9559268235142728,0.9155745450063678,0.58782289078719,0.5573770491803278,0.6217870257037944,0.956480686695279,0.955373601406096,0.9759766874363287,12.649110640673518,2.9260647340915953,,,,,,,,
ISIC_0014217,17,GlobalTransformer,c456ad283893abba4a9bdc95e3e4a897340ddd7b,0.6591906663268484,0.4916363943566782,0.10713723018749015,0.07503126302626094,0.18727050183598531,0.9710495578174537,0.49894971492262186,0.991779004477718,32.55764119219941,14.92600320148654,0.11764705882352941,0.1732283464566929,0.007751937984496124,0.9922480620155039,0.99609375,28.55859375,32.0,0.109375
ISIC_0014217,17,GlobalTransformer_DP,c456ad283893abba4a9bdc95e3e4a897340ddd7b,0.9551058985264425,0.9140695666474796,0.5754853227837612,0.5552016985138004,0.5973072215422277,0.9571619236233694,0.9530586873579971,0.9764268284015257,12.200380133626737,2.9447647998097586,0.29411764705882354,0.0,0.8914728682170543,0.10852713178294573,0.06640625,0.09375,1.0,0.484375
ISIC_0014302,17,CNN,c456ad283893abba4a9bdc95e3e4a897340ddd7b,0.9504310344827587,0.9055441478439425,0.883091100708316,0.8896103896103896,0.8766666666666667,0.9236983842010772,0.9787571337983513,0.9959122823891507,3.0,1.1044914605649871,,,,,,,,
ISIC_0014302,17,GlobalTransformer,c456ad283893abba4a9bdc95e3e4a897340ddd7b,0.9555027711797308,0.914796846573681,0.8972900635664102,0.8181818181818182,0.9933333333333333,0.9544447959506486,0.956563094483196,0.9976916418197557,4.242640687119285,1.020014000234881,0.8695652173913043,0.9,0.5967741935483871,0.4032258064516129,0.5390625,1.07421875,1.0,0.86328125
ISIC_0014302,17,GlobalTransformer_DP,c456ad283893abba4a9bdc95e3e4a897340ddd7b,0.9569407741333747,0.9174366616989568,0.9257744009351256,0.935064935064935,0.9166666666666666,0.938700823421775,0.9759036144578314,0.9967779167067423,2.23606797749979,0.9463724993580731,0.9142857142857143,0.6714285714285714,0.8763440860215054,0.12365591397849462,0.2734375,0.2734375,1.0,0.8203125
ISIC_0014310,17,CNN,c456ad283893abba4a9bdc95e3e4a897340ddd7b,0.9635310690248865,0.9296285110238599,0.9334466527196653,0.9453125,0.921875,0.9651928504233303,0.961875,0.9982193275154004,2.23606797749979,0.9504472166120705,,,,,,,,
ISIC_0014310,17,GlobalTransformer,c456ad283893abba4a9bdc95e3e4a897340ddd7b,0.9718243349598615,0.9451928965094918,0.9667318982387475,0.9686274509803922,0.96484375,0.9790675547098002,0.9646875,0.9989412217659137,2.0,0.7185196083216727,0.6032608695652174,0.8484848484848485,0.3004484304932735,0.6995515695067265,0.71875,0.71875,1.0,0.94140625
ISIC_0014310,17,GlobalTransformer_DP,c456ad283893abba4a9bdc95e3e4a897340ddd7b,0.9683614040610735,0.9386634116570034,0.9607529291247838,0.968503937007874,0.953125,0.9755788138281002,0.96125,0.9987647587268994,2.0,0.8136907344381082,0.9791666666666666,0.696969696969697,0.8878923766816144,0.11210762331838565,0.1875,0.1875,1.0,0.9453125
ISIC_0014382,17,CNN,c456ad283893abba4a9bdc95e3e4a897340ddd7b,0.9536631592706359,0.9114303560274828,0.5889790752296814,0.5927601809954751,0.5852459016393443,0.9193548387096774,0.9906313645621181,0.974806125260796,9.432576873454527,2.6120599844711907,,,,,,,,
ISIC_0014382,17,GlobalTransformer,c456ad283893abba4a9bdc95e3e4a897340ddd7b,0.9354383792522272,0.8787075928917609,0.5292753085274196,0.39232409381663114,0.8131147540983606,0.9480582862720491,0.9231500339443313,0.9853363775931977,19.235384061671343,4.8363424898347205,0.7366071428571429,0.7449664429530202,0.1588785046728972,0.8411214953271028,0.875,6.84765625,32.0,0.64453125
ISIC_0014382,17,GlobalTransformer_DP,c456ad283893abba4a9bdc95e3e4a897340ddd7b,0.959282582176651,0.9217512513463854,0.6853846405501979,0.6838905775075987,0.6868852459016394,0.9325043266457278,0.9876442634080108,0.9792741014840767,9.025656070575044,2.290665461914797,0.9421487603305785,0.4228187919463087,0.4672897196261682,0.5327102803738317,0.47265625,0.52734375,2.0,0.55859375
ISIC_0014428,17,CNN,c456ad283893abba4a9bdc95e3e4a897340ddd7b,0.9313959904359022,0.8716006884681583,0.7101303911735206,0.759656652360515,0.6666666666666666,0.9817758821248546,0.8859342197340798,0.999250135613772,4.242640687119285,1.672843062583426,,,,,,,,
ISIC_0014428,17,GlobalTransformer,c456ad283893abba4a9bdc95e3e4a897340ddd7b,0.9372570794003331,0.8819226750261233,0.7344025967826626,0.7835497835497836,0.6910569105691057,0.9948919449901769,0.8859342197340798,0.9997925907016816,3.605551275463989,1.5060899401588852,0.7135416666666666,0.7735849056603774,0.2561576354679803,0.7438423645320197,0.75,0.76171875,1.0,0.875
ISIC_0014428,17,GlobalTransformer_DP,c456ad283893abba4a9bdc95e3e4a897340ddd7b,0.9316493313521546,0.8720445062586927,0.6807035762964887,0.7292576419213974,0.6382113821138211,0.9928741092636579,0.8775367389783065,0.9997128178946361,4.242640687119285,1.6606453591646793,0.6623376623376623,0.11320754716981132,0.6502463054187192,0.3497536945812808,0.30078125,0.30078125,1.0,0.78515625
ISIC_0014558,17,CNN,c456ad283893abba4a9bdc95e3e4a897340ddd7b,0.9407299270072993,0.8880926130099228,0.520045394538759,0.551433389544688,0.49203821656050956,0.8918149466192171,0.9953221535745808,0.9747629413718039,17.204650534085253,3.295606848710236,,,,,,,,
ISIC_0014558,17,GlobalTransformer,c456ad283893abba4a9bdc95e3e4a897340ddd7b,0.9476759396529171,0.9005552332808486,0.6651442806726178,0.5679124886052871,0.802547770700637,0.9364874181316787,0.959135039717564,0.9864037191454821,11.267029484964723,2.458585935390274,0.7981220657276995,0.80625,0.3125,0.6875,0.83203125,4.49609375,32.0,0.58203125
ISIC_0014558,17,GlobalTransformer_DP,c456ad283893abba4a9bdc95e3e4a897340ddd7b,0.9466386554621848,0.8986836856800957,0.5697615328151173,0.5935919055649241,0.5477707006369427,0.9033680834001604,0.9942630185348632,0.9777699885621518,16.315215700948094,2.978235514635249,0.9787234042553191,0.41875,0.71875,0.28125,0.3671875,0.3671875,1.0,0.48046875
ISIC_0014568,17,CNN,c456ad283893abba4a9bdc95e3e4a897340ddd7b,0.7846705266060104,0.645644283121597,0.30796709123586474,0.29584352078239606,0.3211267605633803,0.9228274967574579,0.6824940047961631,0.9939778343820111,84.25430427320384,13.765721676254719,,,,,,,,
ISIC_0014568,17,GlobalTransformer,c456ad283893abba4a9bdc95e3e4a897340ddd7b,0.6445012787723785,0.47547169811320755,0.2551641486821867,0.17429193899782136,0.476056338028169,0.8948863636363636,0.5035971223021583,0.9937585398356977,35.38638360928779,12.960782889752688,0.4190871369294606,0.4152046783625731,0.08235294117647059,0.9176470588235294,0.94140625,11.6953125,32.0,0.34375
ISIC_0014568,17,GlobalTransformer_DP,c456ad283893abba4a9bdc95e3e4a897340ddd7b,0.7872340425531915,0.6491228070175439,0.33162864288266214,0.3156626506024096,0.3492957746478873,0.9232092923209292,0.6861710631494804,0.9939778343820111,84.18663382622809,13.613858563187454,0.7,0.12280701754385964,0.9764705882352941,0.023529411764705882,0.1171875,0.1484375,1.0,0.36328125
ISIC_0014572,17,CNN,c456ad283893abba4a9bdc95e3e4a897340ddd7b,0.9328990228013029,0.8742368742368742,0.6110756617746581,0.6233333333333333,0.599290780141844,0.8763769889840881,0.9972144846796658,0.9918477383527589,5.0,1.946727449959422,,,,,,,,
ISIC_0014572,17,GlobalTransformer,c456ad283893abba4a9bdc95e3e4a897340ddd7b,0.9468407861759662,0.8990480961923848,0.7938447080935039,0.8157894736842105,0.7730496453900709,0.8992733650714106,0.9997214484679666,0.9935104768669486,3.1622776601683795,1.4649438863912665,0.63,0.8582089552238806,0.30327868852459017,0.6967213114754098,0.78125,1.01171875,2.0,0.515625
ISIC_0014572,17,GlobalTransformer_DP,c456ad283893abba4a9bdc95e3e4a897340ddd7b,0.9414858645627876,0.8894409937888199,0.6709979576026481,0.6866666666666666,0.6560283687943262,0.8916562889165629,0.9972144846796658,0.9929777548187131,4.242640687119285,1.6652528079093463,1.0,0.6044776119402985,0.9918032786885246,0.00819672131147541,0.3203125,0.3203125,1.0,0.48828125
ISIC_0014597,17,CNN,c456ad283893abba4a9bdc95e3e4a897340ddd7b,0.8587135788894997,0.7524084778420038,0.6091665222665049,0.6013513513513513,0.6171875,0.7545893719806763,0.9961734693877551,0.996077341240425,5.0,2.0127339494550025,,,,,,,,
ISIC_0014597,17,GlobalTransformer,c456ad283893abba4a9bdc95e3e4a897340ddd7b,0.5886850152905199,0.4171180931744312,0.5463728191000917,0.397196261682243,0.875,0.7347328244274809,0.49107142857142855,0.9978533481591302,9.219544457292887,3.1068923133432222,0.582010582010582,0.6776315789473685,0.3269230769230769,0.6730769230769231,0.73828125,10.46875,31.0,0.36328125
ISIC_0014597,17,GlobalTransformer_DP,c456ad283893abba4a9bdc95e3e4a897340ddd7b,0.8587135788894997,0.7524084778420038,0.6091665222665049,0.6013513513513513,0.6171875,0.7545893719806763,0.9961734693877551,0.996077341240425,5.0,2.0127339494550025,,0.0,1.0,0.0,0.0,0.0,0.0,0.40625
ISIC_0014601,17,CNN,c456ad283893abba4a9bdc95e3e4a897340ddd7b,0.8456303077757031,0.7325472190337056,0.12415322084000492,0.12413793103448276,0.12416851441241686,0.9899873078550275,0.7380151387720774,0.9987326859917178,16.0,7.118649880356731,,,,,,,,
ISIC_0014601,17,GlobalTransformer,c456ad283893abba4a9bdc95e3e4a897340ddd7b,0.7094385350747273,0.5497130933750652,0.11515700805032789,0.07580543272267846,0.2394678492239468,0.9863347061025833,0.5539318755256518,0.9986969870055691,34.0,14.37216348096325,0.4605263157894737,0.4423076923076923,0.10416666666666667,0.8958333333333334,0.890625,15.21875,32.0,0.17578125
ISIC_0014601,17,GlobalTransformer_DP,c456ad283893abba4a9bdc95e3e4a897340ddd7b,0.8466028765721851,0.7340081394135448,0.13622513673612296,0.1372093023255814,0.1352549889135255,0.9900070372976777,0.7394869638351556,0.9987326859917178,16.0,7.046096873489045,1.0,0.038461538461538464,0.9583333333333334,0.041666666666666664,0.0390625,0.0390625,0.0,0.1953125
ISIC_0014608,17,CNN,c456ad283893abba4a9bdc95e3e4a897340ddd7b,0.9565853212686226,0.9167834618079888,0.6179690141173453,0.6309963099630996,0.60546875,0.9182312686436217,0.9982830980541778,0.983070551478602,6.0,1.989452076782064,,,,,,,,
ISIC_0014608,17,GlobalTransformer,c456ad283893abba4a9bdc95e3e4a897340ddd7b,0.9467680608365019,0.8989169675090253,0.6140639951084518,0.5338441890166028,0.72265625,0.92122360584732,0.9737695536054941,0.9841422654944416,7.9810249675906615,2.280655460963465,0.6374269005847953,0.5238095238095238,0.3577981651376147,0.6422018348623854,0.66796875,2.5078125,5.25,0.44921875
ISIC_0014608,17,GlobalTransformer_DP,c456ad283893abba4a9bdc95e3e4a897340ddd7b,0.9567164861282509,0.9170244458074126,0.6190876602900988,0.6333333333333333,0.60546875,0.9184730144800352,0.9982830980541778,0.9831250454116108,6.0,1.9829473712102363,,0.0,1.0,0.0,0.0,0.0,0.0,0.42578125
ISIC_0014610,17,CNN,c456ad283893abba4a9bdc95e3e4a897340ddd7b,0.8691042047531993,0.7685095376656967,0.4626957184943696,0.44673539518900346,0.4798387096774194,0.7732595966167859,0.9920701168614358,0.9889610389610389,8.773298588520893,3.017195168059618,,,,,,,,
ISIC_0014610,17,GlobalTransformer,c456ad283893abba4a9bdc95e3e4a897340ddd7b,0.8603223330775134,0.7548821548821549,0.5202086049543677,0.4222222222222222,0.6774193548387096,0.7961647727272727,0.9357262103505843,0.990909090909091,9.230266291031063,3.007044163113219,0.5194174757281553,0.5243243243243243,0.323943661971831,0.676056338028169,0.8046875,2.765625,31.0,0.3671875
ISIC_0014610,17,GlobalTransformer_DP,c456ad283893abba4a9bdc95e3e4a897340ddd7b,0.8800442233278054,0.7857847976307996,0.5666243034509727,0.5532646048109966,0.5806451612903226,0.7878587924777302,0.996661101836394,0.9898162812796959,8.773298588520893,2.7423765415203984,0.8617021276595744,0.3945945945945946,0.704225352112676,0.29577464788732394,0.3671875,0.3671875,1.0,0.34765625
ISIC_0014611,17,CNN,c456ad283893abba4a9bdc95e3e4a897340ddd7b,0.5089735171810024,0.3413577981651376,0.0041928721174004195,0.004761904761904762,0.003745318352059925,0.9965716734518963,0.3417591299875083,0.9996918751323974,60.84488020425262,23.57625434304185,,,,,,,,
ISIC_0014611,17,GlobalTransformer,c456ad283893abba4a9bdc95e3e4a897340ddd7b,0.3038320601204894,0.1791285243500549,0.030108390204737052,0.022189349112426034,0.04681647940074907,0.9815409309791332,0.1797339995591153,0.9991141410056426,61.53372863482461,27.300299172088145,0.3821138211382114,0.3671875,,,0.9609375,20.57421875,32.0,0.01953125
ISIC_0014611,17,GlobalTransformer_DP,c456ad283893abba4a9bdc95e3e4a897340ddd7b,0.5089735171810024,0.3413577981651376,0.0041928721174004195,0.004761904761904762,0.003745318352059925,0.9965716734518963,0.3417591299875083,0.9996918751323974,60.84488020425262,23.57625434304185,,0.0,,,0.0,0.0,0.0,0.0
ISIC_0014616,17,CNN,c456ad283893abba4a9bdc95e3e4a897340ddd7b,0.9172278948511841,0.8471107544141252,0.6387920257911704,0.6636363636363637,0.6157407407407407,0.9150411790203727,0.919425087108014,0.9969006957621759,3.7041634565979917,1.864058269516685,,,,,,,,
ISIC_0014616,17,GlobalTransformer,c456ad283893abba4a9bdc95e3e4a897340ddd7b,0.9058159722222222,0.8278460928203094,0.7350087776032522,0.6437125748502994,0.8564814814814815,0.902681660899654,0.9089721254355401,0.9964421252371917,7.280109889280518,1.8156337266424432,0.85,0.7142857142857143,0.21138211382113822,0.7886178861788617,0.78125,1.828125,3.0,0.74609375
ISIC_0014616,17,GlobalTransformer_DP,c456ad283893abba4a9bdc95e3e4a897340ddd7b,0.9268817204301075,0.8637274549098196,0.7134390236781406,0.7387387387387387,0.6898148148148148,0.9154630416312659,0.938588850174216,0.996853257432005,3.1622776601683795,1.644180306802225,0.8888888888888888,0.20300751879699247,0.6341463414634146,0.36585365853658536,0.28125,0.28125,1.0,0.55859375
ISIC_0014618,17,CNN,c456ad283893abba4a9bdc95e3e4a897340ddd7b,0.9232769830949284,0.857487922705314,0.7108550214625468,0.7709923664122137,0.6594202898550725,0.920711374583179,0.9258569299552906,0.9965951759689429,5.207737973711325,1.696994142755113,,,,,,,,
ISIC_0014618,17,GlobalTransformer,c456ad283893abba4a9bdc95e3e4a897340ddd7b,0.8598848368522073,0.7542087542087542,0.6075013589418373,0.44509345794392524,0.9565217391304348,0.8867775138558986,0.834575260804769,0.9954496276968116,11.704699910719626,3.147107904123064,0.6228813559322034,0.9859154929577465,0.10810810810810811,0.8918918918918919,0.921875,5.94921875,32.0,0.765625
ISIC_0014618,17,GlobalTransformer_DP,c456ad283893abba4a9bdc95e3e4a897340ddd7b,0.9292444116016996,0.86783988957902,0.7846844964479732,0.8409090909090909,0.7355072463768116,0.9215829974349579,0.9370342771982116,0.9965951759689429,5.207737973711325,1.5590468124666008,1.0,0.16901408450704225,0.827027027027027,0.17297297297297298,0.171875,0.171875,1.0,0.76953125
ISIC_0014620,17,CNN,c456ad283893abba4a9bdc95e3e4a897340ddd7b,0.7874637872004214,0.6494352736750652,0.07591952216284187,0.08778625954198473,0.06687898089171974,1.0,0.6494352736750652,1.0,17.0,6.729998327565753,,,,,,,,
ISIC_0014620,17,GlobalTransformer,c456ad283893abba4a9bdc95e3e4a897340ddd7b,0.5281633955640658,0.358846487424111,0.02747950583073548,0.01985981308411215,0.044585987261146494,0.995189416716777,0.3594700260642919,0.9998687060986017,27.892651361962706,13.536842354661038,0.19196428571428573,0.1853448275862069,0.0,1.0,0.875,18.07421875,32.0,0.0234375
ISIC_0014620,17,GlobalTransformer_DP,c456ad283893abba4a9bdc95e3e4a897340ddd7b,0.790648804833202,0.6537793223284101,0.07542161149281698,0.08646616541353383,0.06687898089171974,1.0,0.6537793223284101,1.0,17.0,6.606924695372501,1.0,0.10344827586206896,1.0,0.0,0.09375,0.09375,1.0,0.1015625
ISIC_0014623,17,CNN,c456ad283893abba4a9bdc95e3e4a897340ddd7b,0.9348496316945741,0.8776691625069329,0.23328417796640652,0.23389830508474577,0.23267326732673269,0.8781866740661094,0.9993290179981055,0.912636815920398,11.40175425099138,5.041744693315047,,,,,,,,
ISIC_0014623,17,GlobalTransformer,c456ad283893abba4a9bdc95e3e4a897340ddd7b,0.9442620490403917,0.8944094963926502,0.38419402364852095,0.3543307086614173,0.41955445544554454,0.8998462473629635,0.9932901799810546,0.9303233830845771,11.704699910719626,4.218228284034413,0.8532608695652174,0.704225352112676,0.7209302325581395,0.27906976744186046,0.71875,1.6875,4.0,0.29296875
ISIC_0014623,17,GlobalTransformer_DP,c456ad283893abba4a9bdc95e3e4a897340ddd7b,0.9348568475070607,0.8776818827770267,0.2317408827287919,0.23590333716915995,0.22772277227722773,0.8781079862676423,0.9994474265866751,0.9125621890547264,11.557843974210888,5.07183118832882,,0.0,1.0,0.0,0.0,0.0,0.0,0.16796875
ISIC_0014624,17,CNN,c456ad283893abba4a9bdc95e3e4a897340ddd7b,0.9484400175772667,0.9019362028137624,0.680294534475322,0.6911111111111111,0.6698113207547169,0.9053411633109619,0.9958474315595202,0.9885320323881154,3.605551275463989,1.7367395010054967,,,,,,,,
ISIC_0014624,17,GlobalTransformer,c456ad283893abba4a9bdc95e3e4a897340ddd7b,0.9349624345450406,0.8778680347726949,0.7303583936493112,0.697463768115942,0.7665094339622641,0.9228464419475655,0.9474007997539219,0.9912762137073551,7.0,1.730526821051692,0.6732673267326733,0.7077922077922078,0.20588235294117646,0.7941176470588235,0.7890625,2.35546875,24.0,0.55859375
ISIC_0014624,17,GlobalTransformer_DP,c456ad283893abba4a9bdc95e3e4a897340ddd7b,0.9543109801031687,0.9126145172656801,0.7283733674308156,0.7426636568848759,0.714622641509434,0.9161007357102433,0.9958474315595202,0.9899549412203137,3.1622776601683795,1.5277245837508475,1.0,0.37662337662337664,0.9215686274509803,0.0784313725490196,0.2578125,0.2578125,1.0,0.50390625
ISIC_0014633,17,CNN,c456ad283893abba4a9bdc95e3e4a897340ddd7b,0.8226120857699805,0.6986754966887417,0.35359116022099457,0.32323232323232326,0.3902439024390244,0.7025527192008879,0.9921630094043887,0.9916588857765328,8.0,3.396002042764262,,,,,,,,
ISIC_0014633,17,GlobalTransformer,c456ad283893abba4a9bdc95e3e4a897340ddd7b,0.7500959692898272,0.6001228501228502,0.6067846525713333,0.4403225806451613,0.975609756097561,0.7351392024078255,0.7656739811912225,0.9945222533457827,9.0,2.7860919872593954,0.5,0.6704545454545454,0.0,1.0,0.9296875,8.78515625,32.0,0.19921875
ISIC_0014633,17,GlobalTransformer_DP,c456ad283893abba4a9bdc95e3e4a897340ddd7b,0.8249757360077645,0.7020925110132159,0.3576024381984423,0.33,0.3902439024390244,0.7024793388429752,0.9992163009404389,0.9915966386554622,7.211102550927978,3.319013673431005,0.3950617283950617,0.16477272727272727,0.35,0.65,0.31640625,0.31640625,1.0,0.3125
ISIC_0014635,17,CNN,c456ad283893abba4a9bdc95e3e4a897340ddd7b,0.7281517292673857,0.572514619883041,0.11949950794320259,0.13227513227513227,0.10897435897435898,0.9066493795147249,0.608376833209048,0.9912332579579057,51.49777256293161,11.754722942860283,,,,,,,,
ISIC_0014635,17,GlobalTransformer,c456ad283893abba4a9bdc95e3e4a897340ddd7b,0.7174454828660436,0.5593879038134564,0.22794528196538247,0.18253968253968253,0.3034188034188034,0.9607843137254902,0.5724583644046731,0.9967298660636632,46.525799012201,10.64994451172111,0.6188340807174888,0.5818181818181818,0.05555555555555555,0.9444444444444444,0.87109375,5.76953125,32.0,0.2578125
ISIC_0014635,17,GlobalTransformer_DP,c456ad283893abba4a9bdc95e3e4a897340ddd7b,0.7320720855455022,0.577376739797122,0.12880282759069323,0.1424802110817942,0.11752136752136752,0.918903698141543,0.608376833209048,0.9924856496782049,51.49777256293161,11.53827623234971,1.0,0.2772727272727273,1.0,0.0,0.23828125,0.26953125,1.0,0.1484375
ISIC_0014637,17,CNN,c456ad283893abba4a9bdc95e3e4a897340ddd7b,0.8929814385150812,0.8066544406602043,0.398093422306959,0.4044943820224719,0.3918918918918919,0.9935463052597612,0.810903344745852,0.9996760556536387,7.228354385516113,2.9918263054200023,,,,,,,,
ISIC_0014637,17,GlobalTransformer,c456ad283893abba4a9bdc95e3e4a897340ddd7b,0.7979594991497914,0.6638374485596708,0.24318204194151818,0.168141592920354,0.4391891891891892,0.9659431137724551,0.6797471688174875,0.9985260532240561,13.019202405202648,5.309087266942694,0.4786729857819905,0.5714285714285714,0.2692307692307692,0.7307692307692307,0.82421875,4.59765625,32.0,0.4921875
ISIC_0014637,17,GlobalTransformer_DP,c456ad283893abba4a9bdc95e3e4a897340ddd7b,0.8931109499637419,0.8068658280922432,0.3930870349960867,0.39776951672862454,0.3885135135135135,0.9938670109748224,0.810903344745852,0.9996922528709568,6.708203932499369,2.9833794680572066,0.7407407407407407,0.19047619047619047,0.7692307692307693,0.23076923076923078,0.2109375,0.2109375,1.0,0.5078125
ISIC_0014688,17,CNN,c456ad283893abba4a9bdc95e3e4a897340ddd7b,0.9526472477852883,0.9095763063312137,0.3447558283245481,0.31221719457013575,0.38486574450772987,0.9325384874306872,0.9736423498076354,0.6680613668061367,17.029386365926403,5.081327985238298,,,,,,,,
ISIC_0014688,17,GlobalTransformer,c456ad283893abba4a9bdc95e3e4a897340ddd7b,0.9132484857778118,0.8403471021905534,0.22158802569041633,0.16179001721170397,0.3515052888527258,0.9476133651551313,0.8812888428529151,0.770397489539749,26.68332812825267,9.180024509977994,0.43859649122807015,0.4540540540540541,0.09859154929577464,0.9014084507042254,0.890625,12.7578125,32.0,0.23828125
ISIC_0014688,17,GlobalTransformer_DP,c456ad283893abba4a9bdc95e3e4a897340ddd7b,0.953133914744478,0.9104640298972283,0.3372900921307691,0.31567489114658925,0.36208299430431246,0.933743811771386,0.9733464042616159,0.6745118549511855,17.029386365926403,5.114397424263869,1.0,0.07027027027027027,1.0,0.0,0.05078125,0.05078125,0.25,0.30078125
ISIC_0014712,17,CNN,c456ad283893abba4a9bdc95e3e4a897340ddd7b,0.7169766783117741,0.5588181182617654,0.011257789988608189,0.010408921933085501,0.012257405515832482,1.0,0.5588181182617654,1.0,49.0,29.400716947873388,,,,,,,,
ISIC_0014712,17,GlobalTransformer,c456ad283893abba4a9bdc95e3e4a897340ddd7b,0.5487992097077787,0.3781690399970563,0.0005654509471303364,0.00039093041438623924,0.0010214504596527069,1.0,0.3781690399970563,1.0,76.23820109313168,39.12342116475144,0.25,0.24110671936758893,0.0,1.0,0.953125,23.86328125,32.0,0.00390625
ISIC_0014712,17,GlobalTransformer_DP,c456ad283893abba4a9bdc95e3e4a897340ddd7b,0.7169009595977479,0.5587261287117783,0.009263547938860583,0.00847457627118644,0.010214504596527068,1.0,0.5587261287117783,1.0,49.0,29.439715830177164,,0.0,1.0,0.0,0.0,0.0,0.0,0.01171875
ISIC_0014809,17,CNN,c456ad283893abba4a9bdc95e3e4a897340ddd7b,0.9614606286819265,0.9257815882913311,0.6754570457854717,0.6944444444444444,0.65748031496063,0.9294843926615077,0.995715350223547,0.9852007299270072,4.47213595499958,1.8094146803202404,,,,,,,,
ISIC_0014809,17,GlobalTransformer,c456ad283893abba4a9bdc95e3e4a897340ddd7b,0.9686439527623184,0.9391945248749671,0.7876189852210292,0.795880149812734,0.7795275590551181,0.9418389793224813,0.9970193740685543,0.9879379562043795,4.242640687119285,1.452687991859723,0.7587939698492462,0.7697841726618705,0.37606837606837606,0.6239316239316239,0.77734375,0.81640625,1.0,0.60546875
ISIC_0014809,17,GlobalTransformer_DP,c456ad283893abba4a9bdc95e3e4a897340ddd7b,0.9657633242999096,0.9337933443968905,0.7597328634429853,0.7781954887218046,0.7421259842519685,0.937478077867415,0.9958084947839047,0.9869890510948905,4.815247584249841,1.6115374335946866,1.0,0.4028776978417266,0.9230769230769231,0.07692307692307693,0.25390625,0.25390625,1.0,0.54296875
ISIC_0014829,17,CNN,c456ad283893abba4a9bdc95e3e4a897340ddd7b,0.9451896009273059,0.8960753532182104,0.6589809738793938,0.6767676767676768,0.6421052631578947,0.9179800578964297,0.974061433447099,0.9914538507942892,4.0,1.8241193793765245,,,,,,,,
ISIC_0014829,17,GlobalTransformer,c456ad283893abba4a9bdc95e3e4a897340ddd7b,0.9667779632721202,0.935692357408305,0.9055955043717767,0.9033078880407125,0.9078947368421053,0.9462418300653594,0.9882252559726963,0.9944868959045512,3.0,1.0817189617105072,0.7634854771784232,0.9834710743801653,0.0962962962962963,0.9037037037037037,0.94140625,1.16796875,2.0,0.6953125
ISIC_0014829,17,GlobalTransformer_DP,c456ad283893abba4a9bdc95e3e4a897340ddd7b,0.9527624770489067,0.9097864201466369,0.7739557739557741,0.799492385786802,0.75,0.932375040836328,0.974061433447099,0.9930625377035994,3.1622776601683795,1.549735194475451,1.0,0.6611570247933884,1.0,0.0,0.3125,0.3125,1.0,0.57421875
ISIC_0014857,17,CNN,c456ad283893abba4a9bdc95e3e4a897340ddd7b,0.9687545520757466,0.9394025001765661,0.5919016910686115,0.5797235023041475,0.604602510460251,0.9571589627959414,0.9806345383500037,0.928114308714027,12.497834644283923,3.248046134408161,,,,,,,,
ISIC_0014857,17,GlobalTransformer,c456ad283893abba4a9bdc95e3e4a897340ddd7b,0.9522813830184452,0.9089094796863864,0.4564304581014598,0.36814469078179696,0.600418410041841,0.9647207161770268,0.9401587574647956,0.9436908834775609,25.495097567963924,5.5310092228607965,0.5091743119266054,0.625,0.19117647058823528,0.8088235294117647,0.8515625,4.4765625,32.0,0.53125
ISIC_0014857,17,GlobalTransformer_DP,c456ad283893abba4a9bdc95e3e4a897340ddd7b,0.9694609252720853,0.9407318451539983,0.6066878782724848,0.6015399422521656,0.6119246861924686,0.9574146855828221,0.9818141603794451,0.9284765546387603,12.083045973594572,3.1940911637590874,1.0,0.008333333333333333,0.9338235294117647,0.0661764705882353,0.0390625,0.0390625,0.0,0.53515625
ISIC_0014931,17,CNN,c456ad283893abba4a9bdc95e3e4a897340ddd7b,0.9246552200755598,0.8598686089688661,0.48675292667898956,0.5851851851851851,0.4166666666666667,0.9946474591951364,0.8638659320477502,0.9983164283338876,34.46372105616911,5.827619564784372,,,,,,,,
ISIC_0014931,17,GlobalTransformer,c456ad283893abba4a9bdc95e3e4a897340ddd7b,0.9113088940063484,0.8370683741138807,0.39791000250040953,0.3975363941769317,0.39828431372549017,0.9953772943575798,0.8403351698806244,0.9985866311938809,36.40054944640259,6.423498903540706,0.36180904522613067,0.4215686274509804,0.2922077922077922,0.7077922077922078,0.77734375,2.4375,5.0,0.5625
ISIC_0014931,17,GlobalTransformer_DP,c456ad283893abba4a9bdc95e3e4a897340ddd7b,0.9208116802771591,0.8532446686539784,0.4609641291998052,0.5590551181102362,0.39215686274509803,0.9986580783682233,0.8542240587695134,0.999584303292318,35.25617095424895,6.227612032308908,0.3404255319148936,0.09803921568627451,0.6363636363636364,0.36363636363636365,0.3671875,0.46875,2.0,0.60546875
ISIC_0014937,17,CNN,c456ad283893abba4a9bdc95e3e4a897340ddd7b,0.9550954089577067,0.9140503517215846,0.24762103970683713,0.2079407806191117,0.30601659751037347,0.914202662420618,0.9998177621188191,0.7130650154798761,26.138351072892,6.126804365850559,,,,,,,,
ISIC_0014937,17,GlobalTransformer,c456ad283893abba4a9bdc95e3e4a897340ddd7b,0.9575403790403691,0.9185395384033296,0.4030593169826153,0.3164377072477499,0.5549792531120332,0.9332282617052357,0.9831531203174989,0.784891640866873,18.719544457292887,5.104938212399536,0.583732057416268,0.585,0.14285714285714285,0.8571428571428571,0.81640625,5.609375,32.0,0.25390625
ISIC_0014937,17,GlobalTransformer_DP,c456ad283893abba4a9bdc95e3e4a897340ddd7b,0.9549098293284339,0.9137104683654398,0.25199004831531374,0.21572871572871574,0.3029045643153527,0.9138795831868071,0.9997975134653545,0.7118885448916409,27.127779573781446,6.123904751091869,,0.0,1.0,0.0,0.0,0.0,0.0,0.21875
ISIC_0014945,17,CNN,c456ad283893abba4a9bdc95e3e4a897340ddd7b,0.9467578822129684,0.8988986162101101,0.7766936108160657,0.8233082706766918,0.7350746268656716,0.9633777239709443,0.9307017543859649,0.9980520316826582,3.605551275463989,1.4324996499366385,,,,,,,,
ISIC_0014945,17,GlobalTransformer,c456ad283893abba4a9bdc95e3e4a897340ddd7b,0.9616714264241696,0.9261725535610886,0.8918803890351361,0.9283018867924528,0.8582089552238806,0.989483451902258,0.9353801169590643,0.9994526370017387,2.8284271247461903,1.0169987716578672,0.8,1.0,0.18947368421052632,0.8105263157894737,0.859375,1.0078125,2.0,0.96484375
ISIC_0014945,17,GlobalTransformer_DP,c456ad283893abba4a9bdc95e3e4a897340ddd7b,0.9527948448973476,0.9098454493417287,0.813939679712195,0.851145038167939,0.7798507462686567,0.9772517675991392,0.9295321637426901,0.9988086805331959,3.605551275463989,1.2789814466472262,1.0,0.5606060606060606,0.8368421052631579,0.1631578947368421,0.265625,0.265625,1.0,0.87109375
ISIC_0014946,17,CNN,c456ad283893abba4a9bdc95e3e4a897340ddd7b,0.9720695625988105,0.9456569503442215,0.6805192375009881,0.7043090638930164,0.658284023668639,0.993587441645719,0.9514639418353311,0.9972332890659584,5.0990195135927845,1.8102447802129333,,,,,,,,
ISIC_0014946,17,GlobalTransformer,c456ad283893abba4a9bdc95e3e4a897340ddd7b,0.9540194572452637,0.9120814568239671,0.6175215632188863,0.5602272727272727,0.6878698224852071,0.9961505560307955,0.9153075260365494,0.998406374501992,29.432966348191442,5.2781013447667045,0.5527426160337553,0.5595238095238095,0.10465116279069768,0.8953488372093024,0.92578125,4.44921875,32.0,0.75390625
ISIC_0014946,17,GlobalTransformer_DP,c456ad283893abba4a9bdc95e3e4a897340ddd7b,0.9740534017197164,0.9494192030583738,0.7055444724539877,0.7308270676691729,0.6819526627218935,0.9975795653517355,0.9516113185301631,0.9989597166888003,5.170555836978214,1.6911201447114461,0.85,0.35714285714285715,0.7093023255813954,0.29069767441860467,0.3125,0.3125,1.0,0.7421875
ISIC_0014979,17,CNN,c456ad283893abba4a9bdc95e3e4a897340ddd7b,0.13153864753768035,0.07039944784746786,0.032351199289310045,0.05764411027568922,0.022485207100591716,0.9979616795760293,0.0704095720202485,0.9998374934997399,136.727951697585,53.69750470233904,,,,,,,,
ISIC_0014979,17,GlobalTransformer,c456ad283893abba4a9bdc95e3e4a897340ddd7b,0.04929755194750568,0.025271692254614456,0.010973220117570216,0.02413793103448276,0.007100591715976331,0.9843225083986562,0.025281868384721583,0.999544981799272,120.20645155445807,49.77132597595157,0.453125,0.5087719298245614,0.0,1.0,1.0,32.0,32.0,0.00390625
ISIC_0014979,17,GlobalTransformer_DP,c456ad283893abba4a9bdc95e3e4a897340ddd7b,0.1362954228749062,0.07313145256377074,0.03208045808251358,0.05596107055961071,0.022485207100591716,0.9980376766091051,0.07314196962724344,0.9998374934997399,136.727951697585,53.36104924302963,0.3611111111111111,0.05701754385964912,1.0,0.0,0.140625,0.484375,3.25,0.10546875
ISIC_0014985,17,CNN,c456ad283893abba4a9bdc95e3e4a897340ddd7b,0.8674955155563803,0.7659974220610404,0.15784205843790972,0.1270823417420276,0.20824742268041238,0.8096524650733171,0.9342392752464694,0.705670213525673,42.485291572496,13.108617078515362,,,,,,,,
ISIC_0014985,17,GlobalTransformer,c456ad283893abba4a9bdc95e3e4a897340ddd7b,0.7655446398324659,0.6201476898513122,0.13584816205427808,0.08932522123893805,0.28350515463917525,0.9068291259302496,0.6623501199040768,0.9088052560165679,48.0,16.730556502203886,0.40082644628099173,0.42857142857142855,0.09375,0.90625,0.9453125,27.74609375,32.0,0.09765625
ISIC_0014985,17,GlobalTransformer_DP,c456ad283893abba4a9bdc95e3e4a897340ddd7b,0.8671603595138897,0.765474943251266,0.15146219071993564,0.1238798102266737,0.19484536082474227,0.8088889913970062,0.9344790833999467,0.7041348282510891,42.24679792785324,12.995402293401586,0.0,0.0,1.0,0.0,0.046875,0.0625,0.0,0.125
ISIC_0014989,17,CNN,c456ad283893abba4a9bdc95e3e4a897340ddd7b,0.9530377668308703,0.910288582183187,0.6370706175251221,0.6320346320346321,0.6421875,0.9230813718119253,0.9850037027894347,0.9730398118868078,10.934333723560975,2.767659189116848,,,,,,,,
ISIC_0014989,17,GlobalTransformer,c456ad283893abba4a9bdc95e3e4a897340ddd7b,0.9628945342571209,0.9284441805225653,0.7183048990452341,0.5949248120300752,0.90625,0.9609120521172638,0.9648852135275241,0.9871077596691803,8.602325267042627,2.0897908861194994,0.8681818181818182,0.8584070796460177,0.1888111888111888,0.8111888111888111,0.859375,2.63671875,7.0,0.73046875
ISIC_0014989,17,GlobalTransformer_DP,c456ad283893abba4a9bdc95e3e4a897340ddd7b,0.9541438284362177,0.912308837848674,0.6445027424967917,0.6436950146627566,0.6453125,0.9269626956875983,0.9829671686003456,0.9745601232465743,10.598638522097875,2.706826583461967,0.9019607843137255,0.21238938053097345,0.8111888111888111,0.1888111888111888,0.19921875,0.19921875,1.0,0.56640625
ISIC_0015043,17,CNN,c456ad283893abba4a9bdc95e3e4a897340ddd7b,0.9277969562892011,0.8653183384727009,0.3581014442188663,0.38247566063977745,0.3366477272727273,0.9958250704519361,0.8684689604951756,0.99816362133872,14.850000000000023,4.853076705506724,,,,,,,,
ISIC_0015043,17,GlobalTransformer,c456ad283893abba4a9bdc95e3e4a897340ddd7b,0.9108352702635873,0.8362695241554667,0.19272932102777415,0.18823529411764706,0.19744318181818182,0.997184623714131,0.838248680138358,0.998806353870168,14.73413256798255,5.818044069502357,0.22072072072072071,0.20915032679738563,0.06796116504854369,0.9320388349514563,0.8671875,2.296875,4.0,0.2265625
ISIC_0015043,17,GlobalTransformer_DP,c456ad283893abba4a9bdc95e3e4a897340ddd7b,0.9269254167173622,0.863803347090571,0.3398299110557813,0.3665223665223665,0.31676136363636365,0.9959734351304712,0.8668305115601674,0.9982324855385181,14.850000000000023,4.909487186631518,0.10526315789473684,0.0,0.883495145631068,0.11650485436893204,0.07421875,0.07421875,1.0,0.390625
ISIC_0015062,17,CNN,c456ad283893abba4a9bdc95e3e4a897340ddd7b,0.0698377615078817,0.03618232712004581,0.0,0.0,0.0,1.0,0.03618232712004581,1.0,99.0,48.332157976972454,,,,,,,,
ISIC_0015062,17,GlobalTransformer,c456ad283893abba4a9bdc95e3e4a897340ddd7b,0.09481099916672979,0.049764616069724536,0.0,0.0,0.0,1.0,0.049764616069724536,1.0,107.0,53.8688243642205,0.5078125,0.5078125,,,1.0,32.0,32.0,0.0
ISIC_0015062,17,GlobalTransformer_DP,c456ad283893abba4a9bdc95e3e4a897340ddd7b,0.07028204892121659,0.03642089191424391,0.0,0.0,0.0,1.0,0.03642089191424391,1.0,99.0,48.32456688385504,1.0,0.046875,,,0.046875,0.06640625,0.0,0.0
ISIC_0015124,17,CNN,c456ad283893abba4a9bdc95e3e4a897340ddd7b,0.9666304225563346,0.9354159863575342,0.5842947244164739,0.5709677419354838,0.5982587064676617,0.9687006838506049,0.9645689913199641,0.9785353535353535,8.94427190999916,2.5630074336000455,,,,,,,,
ISIC_0015124,17,GlobalTransformer,c456ad283893abba4a9bdc95e3e4a897340ddd7b,0.9550089290857768,0.9138919514884234,0.5519483125326056,0.4753577106518283,0.6579601990049752,0.98098544321275,0.9303726429212811,0.9875798804370233,10.0,2.8166158572272724,0.6495327102803738,0.5970149253731343,0.10655737704918032,0.8934426229508197,0.8359375,3.828125,32.0,0.60546875
ISIC_0015124,17,GlobalTransformer_DP,c456ad283893abba4a9bdc95e3e4a897340ddd7b,0.9693562941795759,0.9405348217868739,0.6363799231625022,0.6194790486976217,0.654228855721393,0.9741913542926239,0.9645689913199641,0.9824005359719645,8.602325267042627,2.375009055985784,1.0,0.2462686567164179,0.8032786885245902,0.19672131147540983,0.22265625,0.22265625,1.0,0.5703125
ISIC_0015144,17,CNN,c456ad283893abba4a9bdc95e3e4a897340ddd7b,0.9381182756877753,0.8834489324085407,0.5819924683327627,0.4975124378109453,0.7010309278350515,0.8887672732247913,0.9932721712538226,0.9862194047054037,92.69249615800945,18.59783292408364,,,,,,,,
ISIC_0015144,17,GlobalTransformer,c456ad283893abba4a9bdc95e3e4a897340ddd7b,0.9484566103669191,0.9019662143450567,0.7490620490620492,0.6304347826086957,0.9226804123711341,0.905225125069483,0.9960244648318043,0.9884398942301172,92.75148049039127,18.344975388439966,0.8514285714285714,0.864406779661017,0.47101449275362317,0.5289855072463768,0.68359375,0.69140625,1.0,0.65625
ISIC_0015144,17,GlobalTransformer_DP,c456ad283893abba4a9bdc95e3e4a897340ddd7b,0.945353998399185,0.8963709121015593,0.732995780109814,0.6260434056761269,0.884020618556701,0.901846452866861,0.9932721712538226,0.988016136687233,92.73559681979896,18.43746361346971,1.0,0.7203389830508474,0.9710144927536232,0.028985507246376812,0.34765625,0.34765625,1.0,0.609375
ISIC_0015211,17,CNN,c456ad283893abba4a9bdc95e3e4a897340ddd7b,0.83917712511321,0.7229157378510923,0.07613537826084078,0.07251566696508505,0.08013544018058691,0.9971448651497847,0.7244152280052334,0.9980993596303985,27.70543696989548,12.879696179474434,,,,,,,,
ISIC_0015211,17,GlobalTransformer,c456ad283893abba4a9bdc95e3e4a897340ddd7b,0.6822738284186785,0.5177660147706742,0.0269773145309626,0.018518518518518517,0.04966139954853273,0.9871880099111622,0.5212687876950569,0.9938009883329922,47.15345954635359,21.54321644897728,0.14349775784753363,0.13559322033898305,0.0,1.0,0.87109375,19.55859375,32.0,0.01171875
ISIC_0015211,17,GlobalTransformer_DP,c456ad283893abba4a9bdc95e3e4a897340ddd7b,0.8396289178001183,0.7235865583691671,0.06937762288652957,0.06580259222333001,0.07336343115124154,0.9974533479692645,0.7249258065545521,0.9983040439778941,26.870057685088806,12.924772459507516,,0.0,1.0,0.0,0.0,0.0,0.0,0.078125
ISIC_0015243,17,CNN,c456ad283893abba4a9bdc95e3e4a897340ddd7b,0.9558865491068881,0.9155006558810669,0.3237591568246374,0.2805486284289277,0.3827037773359841,0.947355323288539,0.9645728238085366,0.8948153505401618,15.811388300841896,4.627890418539794,,,,,,,,
ISIC_0015243,17,GlobalTransformer,c456ad283893abba4a9bdc95e3e4a897340ddd7b,0.8310811684533123,0.7109827868489756,0.1982071276980934,0.13267605633802818,0.39165009940357853,0.9473761792452831,0.7402160643125331,0.9193147403155087,35.84689665786984,12.44451285681085,0.28870292887029286,0.3229166666666667,0.09375,0.90625,0.93359375,20.98046875,32.0,0.203125
ISIC_0015243,17,GlobalTransformer_DP,c456ad283893abba4a9bdc95e3e4a897340ddd7b,0.9565882097913267,0.9167887681238656,0.34080782090041994,0.30528511821974963,0.3856858846918489,0.94768966452663,0.9656554488286919,0.8954029742801609,16.0,4.521629224113809,1.0,0.046875,1.0,0.0,0.03515625,0.0625,0.0,0.27734375
ISIC_0015256,17,CNN,c456ad283893abba4a9bdc95e3e4a897340ddd7b,0.8023156965920952,0.6698891304738459,0.14704277409544322,0.11951083935519734,0.1910569105691057,0.999490602965227,0.6701179177451826,0.9980815831987075,54.0,15.6676378132425,,,,,,,,
ISIC_0015256,17,GlobalTransformer,c456ad283893abba4a9bdc95e3e4a897340ddd7b,0.5841920032525697,0.4126209235960299,0.09709257542723605,0.0716833095577746,0.15040650406504066,0.9963163596966413,0.41325136612021857,0.9914176090468497,77.0,27.001963161955107,0.1388888888888889,0.15350877192982457,0.14285714285714285,0.8571428571428571,0.984375,26.1484375,32.0,0.06640625
ISIC_0015256,17,GlobalTransformer_DP,c456ad283893abba4a9bdc95e3e4a897340ddd7b,0.8023843852891175,0.6699849062028319,0.15150162306953094,0.12551561579257514,0.1910569105691057,0.9994638932075269,0.6702257693413862,0.9979806138933764,53.127621124841234,15.490876875298122,0.3333333333333333,0.0043859649122807015,0.8571428571428571,0.14285714285714285,0.046875,0.046875,0.0,0.11328125
ISIC_0015313,17,CNN,c456ad283893abba4a9bdc95e3e4a897340ddd7b,0.9803018552765018,0.9613647532352046,0.6887573816521703,0.6762849413886384,0.7016985138004246,0.965454032712916,0.9956135036231006,0.9394388827091831,6.371696670594406,2.1139970560800183,,,,,,,,
ISIC_0015313,17,GlobalTransformer,c456ad283893abba4a9bdc95e3e4a897340ddd7b,0.9833827035618814,0.9673086489943856,0.7762583391440816,0.7544517338331771,0.7993630573248408,0.977263480362827,0.9895790417565373,0.9608618629753224,5.0990195135927845,1.7673837154271794,0.7058823529411765,0.7241379310344828,0.3142857142857143,0.6857142857142857,0.73046875,1.33203125,2.0,0.6796875
ISIC_0015313,17,GlobalTransformer_DP,c456ad283893abba4a9bdc95e3e4a897340ddd7b,0.9801955377287541,0.9611602753195674,0.6792783260667312,0.6770428015564203,0.6815286624203821,0.9658636427798428,0.9949591643845576,0.9402216454496766,6.2620307543313425,2.1772210057258823,0.0,0.0,0.9142857142857143,0.08571428571428572,0.046875,0.046875,0.0,0.546875
ISIC_0015372,17,CNN,c456ad283893abba4a9bdc95e3e4a897340ddd7b,0.9637522613398498,0.9300403999780633,0.44014591938255604,0.4040920716112532,0.48326359832635984,0.9530910453353316,0.974654686871396,0.8122516308015296,62.32173341297412,6.9711555461505865,,,,,,,,
ISIC_0015372,17,GlobalTransformer,c456ad283893abba4a9bdc95e3e4a897340ddd7b,0.967050850053607,0.9362037328786166,0.5338064278799947,0.49867139061116034,0.5742677824267782,0.9664402563857266,0.9676622157512597,0.8684861663042663,62.609903369994115,6.514426679339252,0.5158371040723982,0.7883211678832117,0.14285714285714285,0.8571428571428571,0.86328125,1.546875,3.0,0.5390625
ISIC_0015372,17,GlobalTransformer_DP,c456ad283893abba4a9bdc95e3e4a897340ddd7b,0.9651233743945692,0.9325975198540657,0.4854607550278171,0.4513826940231936,0.5251046025104602,0.9606719180032267,0.969616276173873,0.8446427232511059,62.609903369994115,6.7883781953509486,0.5562913907284768,0.5912408759124088,0.42016806722689076,0.5798319327731093,0.58984375,0.78515625,2.0,0.4765625
ISIC_0015401,17,CNN,c456ad283893abba4a9bdc95e3e4a897340ddd7b,0.9543832327558237,0.912746679905672,0.7406823257398183,0.7348148148148148,0.7466442953020134,0.9364574048134471,0.9730087324689071,0.9802062673542246,16.510579358903502,2.474034753290294,,,,,,,,
ISIC_0015401,17,GlobalTransformer,c456ad283893abba4a9bdc95e3e4a897340ddd7b,0.944526500188919,0.8948841447539703,0.46662456853370304,0.38638454461821525,0.5889261744966443,0.9822819175537615,0.9095660227573432,0.9950813169377232,11.180339887498949,3.3933117599902034,0.3620689655172414,0.6447368421052632,0.12222222222222222,0.8777777777777778,0.90625,6.32421875,32.0,0.5546875
ISIC_0015401,17,GlobalTransformer_DP,c456ad283893abba4a9bdc95e3e4a897340ddd7b,0.9514942379061136,0.9074764033780427,0.6603046380550481,0.664624808575804,0.6560402684563759,0.936674785283938,0.9667901561259592,0.9804046013486711,16.364261358648076,2.6380076354298354,0.11764705882352941,0.0,0.7166666666666667,0.2833333333333333,0.19921875,0.19921875,1.0,0.6484375
ISIC_0015443,17,CNN,c456ad283893abba4a9bdc95e3e4a897340ddd7b,0.9711425341975963,0.9439038608134165,0.6497801328912872,0.6646706586826348,0.6355421686746988,0.9838747370881047,0.9587356531244307,0.992083524552547,6.324555320336759,2.105231571525618,,,,,,,,
ISIC_0015443,17,GlobalTransformer,c456ad283893abba4a9bdc95e3e4a897340ddd7b,0.9723353265548291,0.9461601159210288,0.6350637640087595,0.6570996978851964,0.6144578313253012,0.9939114303382011,0.9516760794315905,0.9970628728774668,5.385164807134504,1.995312467083223,0.6527777777777778,0.7849462365591398,0.12883435582822086,0.8711656441717791,0.84375,0.98828125,2.0,0.71484375
ISIC_0015443,17,GlobalTransformer_DP,c456ad283893abba4a9bdc95e3e4a897340ddd7b,0.9716088328075709,0.9447852760736196,0.6553331581204266,0.6746987951807228,0.6370481927710844,0.9899792021176026,0.9539078156312625,0.9951353832033043,6.391338899868437,2.070207871694342,0.7192982456140351,0.26881720430107525,0.4539877300613497,0.5460122699386503,0.4453125,0.4453125,1.0,0.6640625
ISIC_0015445,17,CNN,c456ad283893abba4a9bdc95e3e4a897340ddd7b,0.7192720894540671,0.5616119423425892,0.13024355744154179,0.13081166272655634,0.12968036529680366,0.872407190724391,0.6118695911668158,0.9380551538938235,53.0121851447484,14.171892214891098,,,,,,,,
ISIC_0015445,17,GlobalTransformer,c456ad283893abba4a9bdc95e3e4a897340ddd7b,0.3572648036660976,0.21748167596543047,0.07786101634362409,0.05860033726812816,0.11598173515981736,0.9065207478340174,0.2224709042076992,0.9841200165255113,55.90169943749474,19.421306748024605,0.28515625,0.3230088495575221,0.0,1.0,1.0,30.515625,32.0,0.05078125
ISIC_0015445,17,GlobalTransformer_DP,c456ad283893abba4a9bdc95e3e4a897340ddd7b,0.7162277908330222,0.5579087829746467,0.12733967197097856,0.12867956265769553,0.12602739726027398,0.8708144192256342,0.6082512682781259,0.937538731667011,54.975379489834566,14.47785888686575,0.15,0.01327433628318584,1.0,0.0,0.078125,0.125,1.0,0.1171875
ISIC_0015483,17,CNN,c456ad283893abba4a9bdc95e3e4a897340ddd7b,0.945435493126419,0.8965174600170341,0.39863397579722293,0.3665893271461717,0.43681747269890797,0.9096888803533705,0.9841063730327742,0.9593587278266318,13.0,3.958873928876248,,,,,,,,
ISIC_0015483,17,GlobalTransformer,c456ad283893abba4a9bdc95e3e4a897340ddd7b,0.7501488514932155,0.6001905526025474,0.14090649995403146,0.0930442637759711,0.29017160686427457,0.945568020224364,0.6216693502311328,0.9851133245468099,28.249767414152696,11.943311573239695,0.168,0.2033898305084746,0.02531645569620253,0.9746835443037974,0.9765625,23.76953125,32.0,0.13671875
ISIC_0015483,17,GlobalTransformer_DP,c456ad283893abba4a9bdc95e3e4a897340ddd7b,0.9434066071473228,0.8928757396449705,0.3751385201216746,0.3489208633093525,0.40561622464898595,0.9097135140349185,0.9796914766529892,0.9595531836743513,13.0,4.058247425490992,0.41935483870967744,0.0,0.7088607594936709,0.2911392405063291,0.12109375,0.1640625,1.0,0.296875
ISIC_0015496,17,CNN,c456ad283893abba4a9bdc95e3e4a897340ddd7b,0.9741932250952094,0.9496849201309169,0.7333670810775252,0.7297668038408779,0.7370030581039755,0.9601442117740023,0.988659479251424,0.9824075688873387,4.0,1.6183736283760168,,,,,,,,
ISIC_0015496,17,GlobalTransformer,c456ad283893abba4a9bdc95e3e4a897340ddd7b,0.97698872295032,0.9550126619991062,0.7788649970032258,0.7264367816091954,0.8394495412844036,0.975898112441648,0.9780817737998373,0.9896450994070457,6.0,1.5389986484372504,0.7619047619047619,0.7619047619047619,0.3576158940397351,0.6423841059602649,0.73828125,1.47265625,2.0,0.72265625
ISIC_0015496,17,GlobalTransformer_DP,c456ad283893abba4a9bdc95e3e4a897340ddd7b,0.9744849365883002,0.9502395151041158,0.7237742442136534,0.7305475504322767,0.7171253822629969,0.9607591183157063,0.9886086248982913,0.9826909661667248,4.0,1.6372533163573728,,0.0,1.0,0.0,0.0,0.0,0.0,0.58984375
ISIC_0015627,17,CNN,c456ad283893abba4a9bdc95e3e4a897340ddd7b,0.948771345272803,0.9025356576862124,0.6420717937749112,0.6329670329670329,0.6514423076923077,0.9531380753138076,0.9444444444444444,0.9942367066895369,5.0,1.8981441980211187,,,,,,,,
ISIC_0015627,17,GlobalTransformer,c456ad283893abba4a9bdc95e3e4a897340ddd7b,0.8823702830188679,0.789501450804537,0.49037566586252346,0.36600173460537727,0.7427884615384616,0.9453569172457359,0.8272526257600884,0.994065180102916,15.368272391988222,4.298176890877449,0.5492957746478874,0.7280701754385965,0.19718309859154928,0.8028169014084507,0.83203125,6.34765625,32.0,0.546875
ISIC_0015627,17,GlobalTransformer_DP,c456ad283893abba4a9bdc95e3e4a897340ddd7b,0.9474491218288263,0.9001456760693948,0.6187845303867403,0.6222222222222222,0.6153846153846154,0.9557086614173228,0.939331122166943,0.9945969125214408,5.0,1.9438935887553421,0.5,0.06140350877192982,0.7253521126760564,0.2746478873239437,0.1796875,0.1796875,1.0,0.5625
