J,action,alpha,amplitude_match_hash,annotator_id,bce,bce_orig,bf1,bf1_025,bf1_1pct,both_empty,cache_key,canonical_bce,canonical_loss,canonical_loss_difference,canonical_loss_teacher,canonical_soft_dice,changed_pixel_fraction,changed_pixel_fraction_canonical,checkpoint_hash,comparison_family,diagonal_px,dice,dice_anchor,dice_off_current,fn,fn_added,fn_removed,fp,fp_added,fp_removed,gain_dice,gain_loss,gain_loss_orig,gain_off_vs_teacher,gain_on_vs_off,geometry_sha256,group_id,gt_empty,hd95,hd95_normalized,image_id,image_sha256,iou,iou_anchor,lambda,logit_delta_rms,loss,loss_anchor,loss_anchor_orig,loss_orig,loss_reduction_device,loss_view,manifest_hash,mask_sha256,message_rms,method,one_empty,original_pixels,precision,pred_empty,prediction_area,prediction_area_fraction,prediction_cache_sha256,protocol_id,recall,reference_area,reference_area_fraction,reference_count,reference_id,rho,risk_activation,risk_relu,run_id,seed,seg_filename,skill_level,soft_dice,soft_dice_orig,source,split,subset,teacher_B_hash,teacher_hash,thresholded_jaccard,tool,tp
0.0,0.0,0.0,,A04,0.11378822475671768,0.11394313586537894,0.07682434537765465,0.01634816611065502,0.3896914245392332,0,5ca3f9fed2a631d522b1bd5334bde7efb3613c82a3aa714d8ae5da962737af8c,0.11378822475671768,0.0944121927022934,0.0,0.0944121927022934,0.9249638319015503,0.0,0.0,02fc8095c431dfc5451811632a802997c5ba97593e8a98ad29eaf0d9e1211df4,complete_update,1880.6001701584523,0.9369899719302718,0.9369899719302718,0.9397652976856323,85,0,0,90873,0,0,0.0,0.0,0.0,0.002775325755360547,-0.002775325755360547,f75e746c80a9a658aa34431b1e6e879183972539ff551f327d93c6e810bac9b4,ISIC_0000038,0,51.07837115648854,0.02716067560080294,ISIC_0000038,71b85f0b447408548c7b295a492a9fec527f9bacecf23f5486e1a676fe1b2ab3,0.8814497955693884,0.8814497955693884,0.0,0.0,0.0944121927022934,0.0944121927022934,0.09452870663166522,0.09452870663166522,cuda_FP32_original_batch_present,canonical_letterbox_valid,3d99874f14ae5f316eec36e21141043d75bd4fd17ccfb31e3174198dee269596,b6f807473b7717d589e9bc7cf49f01d0434ce4858abbf6e42205fbc81c0d08a8,0.33369848132133484,complete_logit_interpolation,0,1698016,0.8815474576624677,0,767168,0.4518025742984754,c29812419d7eb00d62ab77b2cb0465be1df5d5ae3661f052c631d152dec7df07,RSI-TailProbe-20261004,0.9998743309973683,676380,0.3983354691593012,2,545bd97fbae47821f880245a,0.0,0,0.0,U-Mean-logit-alpha-0.000000,17,ISIC_0000038_A04_T3_S2_545bd97fbae47821f880245a.png,S2,0.9249638319015503,0.9248857226020485,T3,val,M,1703ca22a1c39afeca05ffd0c12fe01606f41d5af81442d20102f130cc2ca491,d67353b51c7f853c45c0fad75d4336d0d442799627d3e648686eb70a497ad029,0.8814497955693884,T3,676295
0.0,0.0,0.0,,A06,0.1526012271642685,0.15250664636830744,0.04663815453323998,0.006110646346342705,0.21800177026440182,0,5ca3f9fed2a631d522b1bd5334bde7efb3613c82a3aa714d8ae5da962737af8c,0.1526012271642685,0.1154932901263237,0.0,0.1154932901263237,0.9216146469116211,0.0,0.0,02fc8095c431dfc5451811632a802997c5ba97593e8a98ad29eaf0d9e1211df4,complete_update,1880.6001701584523,0.9274891343113965,0.9274891343113965,0.9247084263629598,119954,0,0,0,0,0,0.0,0.0,0.0,-0.002780707948436656,0.002780707948436656,f75e746c80a9a658aa34431b1e6e879183972539ff551f327d93c6e810bac9b4,ISIC_0000038,0,69.29646455628166,0.03684805821879884,ISIC_0000038,71b85f0b447408548c7b295a492a9fec527f9bacecf23f5486e1a676fe1b2ab3,0.8647829723532953,0.8647829723532953,0.0,0.0,0.1154932901263237,0.1154932901263237,0.11543346743247433,0.11543346743247433,cuda_FP32_original_batch_present,canonical_letterbox_valid,3d99874f14ae5f316eec36e21141043d75bd4fd17ccfb31e3174198dee269596,3c90be3b73be4e3c63dcc5046fe43e8715a6d0e2e050c257ff6173cbf661f6e9,0.33369848132133484,complete_logit_interpolation,0,1698016,1.0,0,767168,0.4518025742984754,c29812419d7eb00d62ab77b2cb0465be1df5d5ae3661f052c631d152dec7df07,RSI-TailProbe-20261004,0.8647829723532953,887122,0.5224461960311328,2,54ea8f6fbae47871b5e00da8,0.0,0,0.0,U-Mean-logit-alpha-0.000000,17,ISIC_0000038_A06_T3_S1_54ea8f6fbae47871b5e00da8.png,S1,0.9216146469116211,0.9216397115033588,T3,val,M,1703ca22a1c39afeca05ffd0c12fe01606f41d5af81442d20102f130cc2ca491,d67353b51c7f853c45c0fad75d4336d0d442799627d3e648686eb70a497ad029,0.8647829723532953,T3,767168
0.0,0.0,0.0,,A04,0.15519146621227264,0.1552542382341781,0.18421591929713815,0.07837197734072804,0.41977748900527134,0,5ca3f9fed2a631d522b1bd5334bde7efb3613c82a3aa714d8ae5da962737af8c,0.15519146621227264,0.12481527775526047,0.0,0.12481527775526047,0.9055609107017517,0.0,0.0,02fc8095c431dfc5451811632a802997c5ba97593e8a98ad29eaf0d9e1211df4,complete_update,1880.6001701584523,0.9241540555316451,0.9241540555316451,0.9377317069281295,359,0,0,130049,0,0,0.0,0.0,0.0,0.01357765139648437,-0.01357765139648437,f75e746c80a9a658aa34431b1e6e879183972539ff551f327d93c6e810bac9b4,ISIC_0000049,0,98.71676655968832,0.052492160814475955,ISIC_0000049,da80630e8d89ba455522cb109229c95f1b8371bd96751924a8b452ea14539ca2,0.8590022207950316,0.8590022207950316,0.0,0.0,0.12481527775526047,0.12481527775526047,0.12488673013377558,0.12488673013377558,cuda_FP32_original_batch_present,canonical_letterbox_valid,3d99874f14ae5f316eec36e21141043d75bd4fd17ccfb31e3174198dee269596,8de9148729b813aba8c3c383709a1357f83dc524c5e0d7399a7216afd0af206b,0.43754902482032776,complete_logit_interpolation,0,1698016,0.8593357742000033,0,924535,0.5444795573186589,6ec0a32ea7c47add631036922f78272044ba7c750f4c20c78a5a4bdf32846968,RSI-TailProbe-20261004,0.9995483396133837,794845,0.4681021851384204,2,545bd216bae47821f8802439,0.0,0,0.0,U-Mean-logit-alpha-0.000000,17,ISIC_0000049_A04_T3_S2_545bd216bae47821f8802439.png,S2,0.9055609107017517,0.905480777966627,T3,val,M,1703ca22a1c39afeca05ffd0c12fe01606f41d5af81442d20102f130cc2ca491,d67353b51c7f853c45c0fad75d4336d0d442799627d3e648686eb70a497ad029,0.8590022207950316,T3,794486
0.0,0.0,0.0,,A06,0.31709691882133484,0.3162706271417187,0.07334021327829378,0.04376263344375187,0.11398883489059815,0,5ca3f9fed2a631d522b1bd5334bde7efb3613c82a3aa714d8ae5da962737af8c,0.31709691882133484,0.2184586375951767,0.0,0.2184586375951767,0.8801796436309814,0.0,0.0,02fc8095c431dfc5451811632a802997c5ba97593e8a98ad29eaf0d9e1211df4,complete_update,1880.6001701584523,0.8904592217971758,0.8904592217971758,0.8825121646943046,206203,0,0,17064,0,0,0.0,0.0,0.0,-0.007947057102871247,0.007947057102871247,f75e746c80a9a658aa34431b1e6e879183972539ff551f327d93c6e810bac9b4,ISIC_0000049,0,126.28935030318273,0.06715374820610702,ISIC_0000049,da80630e8d89ba455522cb109229c95f1b8371bd96751924a8b452ea14539ca2,0.8025475397483767,0.8025475397483767,0.0,0.0,0.2184586375951767,0.2184586375951767,0.21788953369131692,0.21788953369131692,cuda_FP32_original_batch_present,canonical_letterbox_valid,3d99874f14ae5f316eec36e21141043d75bd4fd17ccfb31e3174198dee269596,55e8cba4e94694ac2527b7442a8b4bba701430a8a97e80fa90cecd5616e0b99a,0.43754902482032776,complete_logit_interpolation,0,1698016,0.9815431541261282,0,924535,0.5444795573186589,6ec0a32ea7c47add631036922f78272044ba7c750f4c20c78a5a4bdf32846968,RSI-TailProbe-20261004,0.8148443799531999,1113674,0.655867789231668,2,54ea917bbae47871b5e00df0,0.0,0,0.0,U-Mean-logit-alpha-0.000000,17,ISIC_0000049_A06_T1_S1_54ea917bbae47871b5e00df0.png,S1,0.8801796436309814,0.8804915597590849,T1,val,M,1703ca22a1c39afeca05ffd0c12fe01606f41d5af81442d20102f130cc2ca491,d67353b51c7f853c45c0fad75d4336d0d442799627d3e648686eb70a497ad029,0.8025475397483767,T1,907471
0.0,0.0,0.0,,A04,0.010509240441024303,0.011135692632323077,0.9033673540234674,0.6874258666760381,0.9713859168947498,0,5ca3f9fed2a631d522b1bd5334bde7efb3613c82a3aa714d8ae5da962737af8c,0.010509240441024303,0.02335592545568943,0.0,0.02335592545568943,0.963797390460968,0.0,0.0,02fc8095c431dfc5451811632a802997c5ba97593e8a98ad29eaf0d9e1211df4,complete_update,1880.6001701584523,0.978127974174839,0.978127974174839,0.980309027767498,6235,0,0,1096,0,0,0.0,0.0,0.0,0.002181053592658966,-0.002181053592658966,f75e746c80a9a658aa34431b1e6e879183972539ff551f327d93c6e810bac9b4,ISIC_0000078,0,15.556349186104045,0.00827201306952627,ISIC_0000078,297242a1a6da3825479c3652ae0b912ca9a04610558ddd1e225bcd6a3a3d3d39,0.9571922407651792,0.9571922407651792,0.0,0.0,0.02335592545568943,0.02335592545568943,0.02437434653424071,0.02437434653424071,cuda_FP32_original_batch_present,canonical_letterbox_valid,3d99874f14ae5f316eec36e21141043d75bd4fd17ccfb31e3174198dee269596,1cfd9e7292d9b02e51b5470fd2775cf53d82f5fe605d16f2beaf123a382de535,0.645281195640564,complete_logit_interpolation,0,1698016,0.993358340554724,0,165019,0.09718341876637204,d1355e8a60f521c4de580bd133a0a6b3c19d35a8cd2fee8711fdf26f3a8241b9,RSI-TailProbe-20261004,0.9633575853030713,170158,0.1002098920151518,2,545bc676bae47821f88023e2,0.0,0,0.0,U-Mean-logit-alpha-0.000000,17,ISIC_0000078_A04_T3_S2_545bc676bae47821f88023e2.png,S2,0.963797390460968,0.9623869995638417,T3,val,M,1703ca22a1c39afeca05ffd0c12fe01606f41d5af81442d20102f130cc2ca491,d67353b51c7f853c45c0fad75d4336d0d442799627d3e648686eb70a497ad029,0.9571922407651792,T3,163923
0.0,0.0,0.0,,A06,0.03990874066948891,0.03810115545067998,0.24561121138613293,0.049831712455424365,0.7264386829324874,0,5ca3f9fed2a631d522b1bd5334bde7efb3613c82a3aa714d8ae5da962737af8c,0.03990874066948891,0.05852608382701874,0.0,0.05852608382701874,0.9228565692901611,0.0,0.0,02fc8095c431dfc5451811632a802997c5ba97593e8a98ad29eaf0d9e1211df4,complete_update,1880.6001701584523,0.9281443525117135,0.9281443525117135,0.9358509741293144,25543,0,0,7,0,0,0.0,0.0,0.0,0.0077066216176009394,-0.0077066216176009394,f75e746c80a9a658aa34431b1e6e879183972539ff551f327d93c6e810bac9b4,ISIC_0000078,0,30.049939976294958,0.01597890952746381,ISIC_0000078,297242a1a6da3825479c3652ae0b912ca9a04610558ddd1e225bcd6a3a3d3d39,0.8659229017327694,0.8659229017327694,0.0,0.0,0.05852608382701874,0.05852608382701874,0.05683390773685867,0.05683390773685867,cuda_FP32_original_batch_present,canonical_letterbox_valid,3d99874f14ae5f316eec36e21141043d75bd4fd17ccfb31e3174198dee269596,e1f6353c532b43eba40d863d45bdc047c72ab69df35d44029ef7f19782a6146c,0.645281195640564,complete_logit_interpolation,0,1698016,0.9999575806422291,0,165019,0.09718341876637204,d1355e8a60f521c4de580bd133a0a6b3c19d35a8cd2fee8711fdf26f3a8241b9,RSI-TailProbe-20261004,0.8659547112382252,190555,0.11222214631664248,2,54ea9e6cbae47871b5e0107a,0.0,0,0.0,U-Mean-logit-alpha-0.000000,17,ISIC_0000078_A06_T3_S1_54ea9e6cbae47871b5e0107a.png,S1,0.9228565692901611,0.9244333399769626,T3,val,M,1703ca22a1c39afeca05ffd0c12fe01606f41d5af81442d20102f130cc2ca491,d67353b51c7f853c45c0fad75d4336d0d442799627d3e648686eb70a497ad029,0.8659229017327694,T3,165012
0.0,0.0,0.0,,A04,0.02994982898235321,0.030077475132101506,0.24121490834924716,0.056905271080190535,0.7042493870125761,0,5ca3f9fed2a631d522b1bd5334bde7efb3613c82a3aa714d8ae5da962737af8c,0.02994982898235321,0.061448417603969574,0.0,0.061448417603969574,0.9070529937744141,0.0,0.0,02fc8095c431dfc5451811632a802997c5ba97593e8a98ad29eaf0d9e1211df4,complete_update,2560.0,0.9242636287160256,0.9242636287160256,0.9157421129223909,0,0,0,39343,0,0,0.0,0.0,0.0,-0.008521515793634693,0.008521515793634693,0ac16f1af3ea822a7bc9a3ad83aad4d685083eef5c17b4cbcb8897ba203bbe9f,ISIC_0000110,0,37.8549864614954,0.014787104086521641,ISIC_0000110,95db33fb8c841906ac14ad9f23162207d047b6701d230cca2552c32f7472f32b,0.8591915764759778,0.8591915764759778,0.0,0.0,0.061448417603969574,0.061448417603969574,0.06177588092963184,0.06177588092963184,cuda_FP32_original_batch_present,canonical_letterbox_valid,3d99874f14ae5f316eec36e21141043d75bd4fd17ccfb31e3174198dee269596,940dae0a01e80375254a5eb94a546e44b323b6796fb1598931d59fed87b1aac8,0.5197566151618958,complete_logit_interpolation,0,3145728,0.8591915764759778,0,279408,0.0888214111328125,9524cf809112f55ae9c9adcb0f13d54812d4bc111004f7d45ec9d14389fdac37,RSI-TailProbe-20261004,1.0,240065,0.07631460825602214,2,545a8eb5bae47821f8802382,0.0,0,0.0,U-Mean-logit-alpha-0.000000,17,ISIC_0000110_A04_T1_S2_545a8eb5bae47821f8802382.png,S2,0.9070529937744141,0.9065257132728378,T1,val,M,1703ca22a1c39afeca05ffd0c12fe01606f41d5af81442d20102f130cc2ca491,d67353b51c7f853c45c0fad75d4336d0d442799627d3e648686eb70a497ad029,0.8591915764759778,T1,240065
0.0,0.0,0.0,,A06,0.04109418764710426,0.041111083350693446,0.23839127351177714,0.05109460711175697,0.6163877233988038,0,5ca3f9fed2a631d522b1bd5334bde7efb3613c82a3aa714d8ae5da962737af8c,0.04109418764710426,0.06867435574531555,0.0,0.06867435574531555,0.9037454724311829,0.0,0.0,02fc8095c431dfc5451811632a802997c5ba97593e8a98ad29eaf0d9e1211df4,complete_update,2560.0,0.9141702656720324,0.9141702656720324,0.9218326478541309,52465,0,0,1,0,0,0.0,0.0,0.0,0.0076623821820984706,-0.0076623821820984706,0ac16f1af3ea822a7bc9a3ad83aad4d685083eef5c17b4cbcb8897ba203bbe9f,ISIC_0000110,0,52.20153254455275,0.020391223650215916,ISIC_0000110,95db33fb8c841906ac14ad9f23162207d047b6701d230cca2552c32f7472f32b,0.8419094051037596,0.8419094051037596,0.0,0.0,0.06867435574531555,0.06867435574531555,0.06880749182851457,0.06880749182851457,cuda_FP32_original_batch_present,canonical_letterbox_valid,3d99874f14ae5f316eec36e21141043d75bd4fd17ccfb31e3174198dee269596,0140c03d41dfa0787906ff65ba082d277f433ea657bce69f826a5d5af6a2b7ce,0.5197566151618958,complete_logit_interpolation,0,3145728,0.9999964210044093,0,279408,0.0888214111328125,9524cf809112f55ae9c9adcb0f13d54812d4bc111004f7d45ec9d14389fdac37,RSI-TailProbe-20261004,0.8419119419535243,331872,0.105499267578125,2,566576d49fc3c147bbd6ae36,0.0,0,0.0,U-Mean-logit-alpha-0.000000,17,ISIC_0000110_A06_T1_S1_566576d49fc3c147bbd6ae36.png,S1,0.9037454724311829,0.9034960996936643,T1,val,M,1703ca22a1c39afeca05ffd0c12fe01606f41d5af81442d20102f130cc2ca491,d67353b51c7f853c45c0fad75d4336d0d442799627d3e648686eb70a497ad029,0.8419094051037596,T1,279407
0.0,0.0,0.0,,A04,0.11558990925550461,0.11637357076167268,0.22784972067833234,0.11025580077160775,0.5412837149011261,0,5ca3f9fed2a631d522b1bd5334bde7efb3613c82a3aa714d8ae5da962737af8c,0.11558990925550461,0.12294620275497437,0.0,0.12294620275497437,0.8696975111961365,0.0,0.0,02fc8095c431dfc5451811632a802997c5ba97593e8a98ad29eaf0d9e1211df4,complete_update,904.6043333966513,0.9343429807731559,0.9343429807731559,0.9275836707643317,633,0,0,15451,0,0,0.0,0.0,0.0,-0.0067593100088242375,0.0067593100088242375,1d7d17be9a70ce75ab2faf8bbda28d6e4ee522c37214577710e30a2069aea1aa,ISIC_0000173,0,23.53720459187964,0.02601933654628983,ISIC_0000173,915078b982283cb059412585d47b998a123d391d61ccb1c05b734c0da5b6596c,0.8767764523814996,0.8767764523814996,0.0,0.0,0.12294620275497437,0.12294620275497437,0.12366838568134221,0.12366838568134221,cuda_FP32_original_batch_present,canonical_letterbox_valid,3d99874f14ae5f316eec36e21141043d75bd4fd17ccfb31e3174198dee269596,a1997a0a735bbcf3d11ba852847b29f6a58e549c12cf4be53a90b2d9edac8380,0.49713385105133057,complete_logit_interpolation,0,393490,0.8810491631638105,0,129894,0.33010749955526186,f43ec6fed27bdb06b816754e1fe1eff341a2f87faecaa4076a831693f9bddd2e,RSI-TailProbe-20261004,0.9944992874274392,115076,0.292449617525223,2,54592a55bae47821f88022c5,0.0,0,0.0,U-Mean-logit-alpha-0.000000,17,ISIC_0000173_A04_T3_S2_54592a55bae47821f88022c5.png,S2,0.8696975111961365,0.8690367993989883,T3,val,M,1703ca22a1c39afeca05ffd0c12fe01606f41d5af81442d20102f130cc2ca491,d67353b51c7f853c45c0fad75d4336d0d442799627d3e648686eb70a497ad029,0.8767764523814996,T3,114443
0.0,0.0,0.0,,A06,0.08597744256258011,0.08593133668998179,0.614692584465221,0.30300833635375135,0.8890907591836783,0,5ca3f9fed2a631d522b1bd5334bde7efb3613c82a3aa714d8ae5da962737af8c,0.08597744256258011,0.09533271193504333,0.0,0.09533271193504333,0.8953120112419128,0.0,0.0,02fc8095c431dfc5451811632a802997c5ba97593e8a98ad29eaf0d9e1211df4,complete_update,904.6043333966513,0.9729698774481732,0.9729698774481732,0.9708189306325591,4611,0,0,2469,0,0,0.0,0.0,0.0,-0.0021509468156141187,0.0021509468156141187,1d7d17be9a70ce75ab2faf8bbda28d6e4ee522c37214577710e30a2069aea1aa,ISIC_0000173,0,14.0,0.01547637954312261,ISIC_0000173,915078b982283cb059412585d47b998a123d391d61ccb1c05b734c0da5b6596c,0.9473625515780083,0.9473625515780083,0.0,0.0,0.09533271193504333,0.09533271193504333,0.095312881618996,0.095312881618996,cuda_FP32_original_batch_present,canonical_letterbox_valid,3d99874f14ae5f316eec36e21141043d75bd4fd17ccfb31e3174198dee269596,d2dfb000cfb2c91a4ae416f9985ab8c9a7c46d28437fd927a953f359b8558651,0.49713385105133057,complete_logit_interpolation,0,393490,0.9809921936348099,0,129894,0.33010749955526186,f43ec6fed27bdb06b816754e1fe1eff341a2f87faecaa4076a831693f9bddd2e,RSI-TailProbe-20261004,0.96507770608016,132036,0.33555109405575745,2,565f48c99fc3c1045c4bdd5b,0.0,0,0.0,U-Mean-logit-alpha-0.000000,17,ISIC_0000173_A06_T1_S1_565f48c99fc3c1045c4bdd5b.png,S1,0.8953120112419128,0.8953055734519898,T1,val,M,1703ca22a1c39afeca05ffd0c12fe01606f41d5af81442d20102f130cc2ca491,d67353b51c7f853c45c0fad75d4336d0d442799627d3e648686eb70a497ad029,0.9473625515780083,T1,127425
0.0,0.0,0.0,,A04,0.13821612298488617,0.13806542635816907,0.33860414394765537,0.19602870399723338,0.5580924037866788,0,5ca3f9fed2a631d522b1bd5334bde7efb3613c82a3aa714d8ae5da962737af8c,0.13821612298488617,0.10020595043897629,0.0,0.10020595043897629,0.9378042221069336,0.0,0.0,02fc8095c431dfc5451811632a802997c5ba97593e8a98ad29eaf0d9e1211df4,complete_update,902.800088613199,0.9555353868380596,0.9555353868380596,0.9597005867642666,4200,0,0,19806,0,0,0.0,0.0,0.0,0.004165199926207008,-0.004165199926207008,26680b0775b21c9a51b927be7c820ab645f94d3cbc6142ab63fb5883b9dcfd36,ISIC_0000187,0,44.1961523609526,0.04895452816009665,ISIC_0000187,c9b5db3a3681b6fb127be0fe96c3c870d4c5104205f1ff60106fe863920b214e,0.914856640231532,0.914856640231532,0.0,0.0,0.10020595043897629,0.10020595043897629,0.10010778959064724,0.10010778959064724,cuda_FP32_original_batch_present,canonical_letterbox_valid,3d99874f14ae5f316eec36e21141043d75bd4fd17ccfb31e3174198dee269596,3636fb0404f999168f419a1abb888a3106eb34044c5cfd0932a047ae8c497b41,0.3897276222705841,complete_logit_interpolation,0,391324,0.9286907556490056,0,277748,0.7097647984790098,b6c1b96657b674fe5b7075125378084a2a5258929d05d16cee744eed0f97f7dd,RSI-TailProbe-20261004,0.9839781492473545,262142,0.6698848013410882,2,545912bebae47821f880229b,0.0,0,0.0,U-Mean-logit-alpha-0.000000,17,ISIC_0000187_A04_T1_S2_545912bebae47821f880229b.png,S2,0.9378042221069336,0.9378498471768746,T1,val,M,1703ca22a1c39afeca05ffd0c12fe01606f41d5af81442d20102f130cc2ca491,d67353b51c7f853c45c0fad75d4336d0d442799627d3e648686eb70a497ad029,0.914856640231532,T1,257942
0.0,0.0,0.0,,A06,0.22784318029880524,0.2273184138805312,0.1200486812115158,0.09504916582226092,0.2854059850796074,0,5ca3f9fed2a631d522b1bd5334bde7efb3613c82a3aa714d8ae5da962737af8c,0.22784318029880524,0.15193966031074524,0.0,0.15193966031074524,0.9239638447761536,0.0,0.0,02fc8095c431dfc5451811632a802997c5ba97593e8a98ad29eaf0d9e1211df4,complete_update,902.800088613199,0.9319733829325777,0.9319733829325777,0.9185336845452582,40368,0,0,156,0,0,0.0,0.0,0.0,-0.01343969838731951,0.01343969838731951,26680b0775b21c9a51b927be7c820ab645f94d3cbc6142ab63fb5883b9dcfd36,ISIC_0000187,0,39.0,0.04319893240142269,ISIC_0000187,c9b5db3a3681b6fb127be0fe96c3c870d4c5104205f1ff60106fe863920b214e,0.8726125061298394,0.8726125061298394,0.0,0.0,0.15193966031074524,0.15193966031074524,0.1516295130820206,0.1516295130820206,cuda_FP32_original_batch_present,canonical_letterbox_valid,3d99874f14ae5f316eec36e21141043d75bd4fd17ccfb31e3174198dee269596,a9c3922e2f93b43bc1db2716220ffc06fb0ac2b88b894eabba472b6068b0236b,0.3897276222705841,complete_logit_interpolation,0,391324,0.9994383397900255,0,277748,0.7097647984790098,b6c1b96657b674fe5b7075125378084a2a5258929d05d16cee744eed0f97f7dd,RSI-TailProbe-20261004,0.8730406340420178,317960,0.812523637701751,2,5661eee69fc3c147bbd6a578,0.0,0,0.0,U-Mean-logit-alpha-0.000000,17,ISIC_0000187_A06_T1_S1_5661eee69fc3c147bbd6a578.png,S1,0.9239638447761536,0.92405938771649,T1,val,M,1703ca22a1c39afeca05ffd0c12fe01606f41d5af81442d20102f130cc2ca491,d67353b51c7f853c45c0fad75d4336d0d442799627d3e648686eb70a497ad029,0.8726125061298394,T1,277592
0.0,0.0,0.0,,A04,0.01903596520423889,0.019123384462149277,0.901523713164219,0.5974256872722695,1.0,0,5ca3f9fed2a631d522b1bd5334bde7efb3613c82a3aa714d8ae5da962737af8c,0.01903596520423889,0.027409598231315613,0.0,0.027409598231315613,0.9642167687416077,0.0,0.0,02fc8095c431dfc5451811632a802997c5ba97593e8a98ad29eaf0d9e1211df4,complete_update,960.0,0.9837162439027128,0.9837162439027128,0.9815850802823435,446,0,0,2455,0,0,0.0,0.0,0.0,-0.0021311636203693585,0.0021311636203693585,ed423310025eea68a769d18f76fd32f34f1510cfa84bd51a4ebd793e74035610,ISIC_0000269,0,5.5345940004312615,0.005765202083782564,ISIC_0000269,d41cc4acfe88c7aedbe74e168257a86c3aadef9bfa847b06ea8cc59247b8676f,0.9679543119732235,0.9679543119732235,0.0,0.0,0.027409598231315613,0.027409598231315613,0.027525786404685972,0.027525786404685972,cuda_FP32_original_batch_present,canonical_letterbox_valid,3d99874f14ae5f316eec36e21141043d75bd4fd17ccfb31e3174198dee269596,dfff44d0c9b90b56ad3b1b97770b6d71d5667752127309fd213838f75ad07e4f,0.4586104154586792,complete_logit_interpolation,0,442368,0.9727467501470899,0,90081,0.20363362630208334,c25bcf77a9eb4ec5eccb83a0d610d9e65a0a5f3a88e4cf33868b5c251ede9314,RSI-TailProbe-20261004,0.9949359614860569,88072,0.19909215856481483,2,5457c4a4bae47821f88021a5,0.0,0,0.0,U-Mean-logit-alpha-0.000000,17,ISIC_0000269_A04_T3_S2_5457c4a4bae47821f88021a5.png,S2,0.9642167687416077,0.9640718116527773,T3,val,M,1703ca22a1c39afeca05ffd0c12fe01606f41d5af81442d20102f130cc2ca491,d67353b51c7f853c45c0fad75d4336d0d442799627d3e648686eb70a497ad029,0.9679543119732235,T3,87626
0.0,0.0,0.0,,A06,0.02225460112094879,0.022150553896946704,0.7761846330736016,0.4556410834149895,0.9948636902410115,0,5ca3f9fed2a631d522b1bd5334bde7efb3613c82a3aa714d8ae5da962737af8c,0.02225460112094879,0.030728496611118317,0.0,0.030728496611118317,0.9607976078987122,0.0,0.0,02fc8095c431dfc5451811632a802997c5ba97593e8a98ad29eaf0d9e1211df4,complete_update,960.0,0.9786051460849682,0.9786051460849682,0.9750135244793076,148,0,0,3632,0,0,0.0,0.0,0.0,-0.003591621605660622,0.003591621605660622,ed423310025eea68a769d18f76fd32f34f1510cfa84bd51a4ebd793e74035610,ISIC_0000269,0,6.708203932499369,0.0069877124296868435,ISIC_0000269,d41cc4acfe88c7aedbe74e168257a86c3aadef9bfa847b06ea8cc59247b8676f,0.9581065954404903,0.9581065954404903,0.0,0.0,0.030728496611118317,0.030728496611118317,0.030676764094172665,0.030676764094172665,cuda_FP32_original_batch_present,canonical_letterbox_valid,3d99874f14ae5f316eec36e21141043d75bd4fd17ccfb31e3174198dee269596,e84b3fbe1932aeb0f0fc82eda2d845364beffa3ec7b2a9f7a927dde025b6df7e,0.4586104154586792,complete_logit_interpolation,0,442368,0.9596807317858372,0,90081,0.20363362630208334,c25bcf77a9eb4ec5eccb83a0d610d9e65a0a5f3a88e4cf33868b5c251ede9314,RSI-TailProbe-20261004,0.9982909338660693,86597,0.19575783058449073,2,5661a7859fc3c147bbd69906,0.0,0,0.0,U-Mean-logit-alpha-0.000000,17,ISIC_0000269_A06_T3_S1_5661a7859fc3c147bbd69906.png,S1,0.9607976078987122,0.9607970257086014,T3,val,M,1703ca22a1c39afeca05ffd0c12fe01606f41d5af81442d20102f130cc2ca491,d67353b51c7f853c45c0fad75d4336d0d442799627d3e648686eb70a497ad029,0.9581065954404903,T3,86449
0.0,0.0,0.0,,A04,0.42084941267967224,0.42073277379515783,0.17938774684597736,0.1434033817182641,0.26573833406836755,0,5ca3f9fed2a631d522b1bd5334bde7efb3613c82a3aa714d8ae5da962737af8c,0.42084941267967224,0.28265100717544556,0.0,0.28265100717544556,0.8555474281311035,0.0,0.0,02fc8095c431dfc5451811632a802997c5ba97593e8a98ad29eaf0d9e1211df4,complete_update,1280.0,0.8695716303476192,0.8695716303476192,0.8594536108320249,138843,0,0,872,0,0,0.0,0.0,0.0,-0.010118019515594323,0.010118019515594323,16ba82c3443a91e7ff00c064a383f9a34c4a1ca7442e3e16be9e626b3f183f98,ISIC_0000289,0,179.3599732381782,0.14012497909232674,ISIC_0000289,a78a9a57019cc68d833e9ee87a54eb3463cfbef75aa1f192f23f52367d17cc3e,0.7692408061335386,0.7692408061335386,0.0,0.0,0.28265100717544556,0.28265100717544556,0.2825367467459698,0.2825367467459698,cuda_FP32_original_batch_present,canonical_letterbox_valid,3d99874f14ae5f316eec36e21141043d75bd4fd17ccfb31e3174198dee269596,da43b286fce51235de531f5bb8c4ea5fe6389d47f430fc09e398ee4fa8f2cc64,0.4589332938194275,complete_logit_interpolation,0,786432,0.9981312216709707,0,466615,0.5933316548665365,80d881745bfcc0788e4d5acc0637f121e58cc247d8cc0cd15ad962af95cecb7b,RSI-TailProbe-20261004,0.7703502892888687,604586,0.7687708536783854,3,5457ada9bae47821f8802169,0.0,0,0.0,U-Mean-logit-alpha-0.000000,17,ISIC_0000289_A04_T1_S1_5457ada9bae47821f8802169.png,S1,0.8555474281311035,0.8556592803032183,T1,val,M,1703ca22a1c39afeca05ffd0c12fe01606f41d5af81442d20102f130cc2ca491,d67353b51c7f853c45c0fad75d4336d0d442799627d3e648686eb70a497ad029,0.7692408061335386,T1,465743
0.0,0.0,0.0,,A03,0.8640730381011963,0.8588093360922887,0.14173647407972345,0.03570909571305899,0.16471879580964638,0,5ca3f9fed2a631d522b1bd5334bde7efb3613c82a3aa714d8ae5da962737af8c,0.8640730381011963,0.5377879738807678,0.0,0.5377879738807678,0.7884970903396606,0.0,0.0,02fc8095c431dfc5451811632a802997c5ba97593e8a98ad29eaf0d9e1211df4,complete_update,1280.0,0.7922689184978204,0.7922689184978204,0.7837573850284606,238770,0,0,3884,0,0,0.0,0.0,0.0,-0.008511533469359844,0.008511533469359844,16ba82c3443a91e7ff00c064a383f9a34c4a1ca7442e3e16be9e626b3f183f98,ISIC_0000289,0,215.45950349132633,0.16832773710259868,ISIC_0000289,a78a9a57019cc68d833e9ee87a54eb3463cfbef75aa1f192f23f52367d17cc3e,0.6559977884417729,0.6559977884417729,0.0,0.0,0.5377879738807678,0.5377879738807678,0.5348285208925299,0.5348285208925299,cuda_FP32_original_batch_present,canonical_letterbox_valid,3d99874f14ae5f316eec36e21141043d75bd4fd17ccfb31e3174198dee269596,197a2cfe96ca395a7500851e2c4b77800a47990d26873796cf8d13ecba02681b,0.4589332938194275,complete_logit_interpolation,0,786432,0.9916762212959291,0,466615,0.5933316548665365,80d881745bfcc0788e4d5acc0637f121e58cc247d8cc0cd15ad962af95cecb7b,RSI-TailProbe-20261004,0.6596298508483951,701501,0.892004648844401,3,57be0a7d9fc3c1434763a325,0.0,0,0.0,U-Mean-logit-alpha-0.000000,17,ISIC_0000289_A03_T1_S1_57be0a7d9fc3c1434763a325.png,S1,0.7884970903396606,0.7891522943072291,T1,val,M,1703ca22a1c39afeca05ffd0c12fe01606f41d5af81442d20102f130cc2ca491,d67353b51c7f853c45c0fad75d4336d0d442799627d3e648686eb70a497ad029,0.6559977884417729,T1,462731
0.0,0.0,0.0,,A02,0.2326023131608963,0.2328638987237891,0.08883255624462451,0.04550571030222279,0.28033087839762727,0,5ca3f9fed2a631d522b1bd5334bde7efb3613c82a3aa714d8ae5da962737af8c,0.2326023131608963,0.17034676671028137,0.0,0.17034676671028137,0.8919087648391724,0.0,0.0,02fc8095c431dfc5451811632a802997c5ba97593e8a98ad29eaf0d9e1211df4,complete_update,1280.0,0.9129233079768743,0.9129233079768743,0.904094623501572,84216,0,0,4029,0,0,0.0,0.0,0.0,-0.008828684475302273,0.008828684475302273,16ba82c3443a91e7ff00c064a383f9a34c4a1ca7442e3e16be9e626b3f183f98,ISIC_0000289,0,94.55210175953094,0.07386882949963355,ISIC_0000289,a78a9a57019cc68d833e9ee87a54eb3463cfbef75aa1f192f23f52367d17cc3e,0.8397965982306733,0.8397965982306733,0.0,0.0,0.17034676671028137,0.17034676671028137,0.17053420178820283,0.17053420178820283,cuda_FP32_original_batch_present,canonical_letterbox_valid,3d99874f14ae5f316eec36e21141043d75bd4fd17ccfb31e3174198dee269596,3cc64df001b992d7600ebcc72898f4b6e30eb35daa935b8ce173fea1e350dfc4,0.4589332938194275,complete_logit_interpolation,0,786432,0.9913654726058957,0,466615,0.5933316548665365,80d881745bfcc0788e4d5acc0637f121e58cc247d8cc0cd15ad962af95cecb7b,RSI-TailProbe-20261004,0.8459844696983552,546802,0.6952946980794271,3,57c04cae9fc3c158f2bd0e30,0.0,0,0.0,U-Mean-logit-alpha-0.000000,17,ISIC_0000289_A02_T1_S1_57c04cae9fc3c158f2bd0e30.png,S1,0.8919087648391724,0.8917954951473834,T1,val,M,1703ca22a1c39afeca05ffd0c12fe01606f41d5af81442d20102f130cc2ca491,d67353b51c7f853c45c0fad75d4336d0d442799627d3e648686eb70a497ad029,0.8397965982306733,T1,462586
0.0,0.0,0.0,,A04,0.048564691096544266,0.047196631668128645,0.2158452264446265,0.14311471390038802,0.601089607080043,0,5ca3f9fed2a631d522b1bd5334bde7efb3613c82a3aa714d8ae5da962737af8c,0.048564691096544266,0.059663839638233185,0.0,0.059663839638233185,0.9292370080947876,0.0,0.0,02fc8095c431dfc5451811632a802997c5ba97593e8a98ad29eaf0d9e1211df4,complete_update,959.200187656362,0.9387593893173625,0.9387593893173625,0.9376961325175176,7669,0,0,859,0,0,0.0,0.0,0.0,-0.0010632567998448694,0.0010632567998448694,2d1e595de1ff730c427817aa19c04f777fd0db0b0beb46ea3f5ed070274d9990,ISIC_0000306,0,16.97056274847714,0.01769240974602157,ISIC_0000306,aa2fd99280d9bceb4779e388afe39c6b37ebf8d0d108d3a194097d9fae7dffb5,0.8845867561678689,0.8845867561678689,0.0,0.0,0.059663839638233185,0.059663839638233185,0.05850338589665763,0.05850338589665763,cuda_FP32_original_batch_present,canonical_letterbox_valid,3d99874f14ae5f316eec36e21141043d75bd4fd17ccfb31e3174198dee269596,8a5dba4a25046d7edcc7c2ca31132e2bbcc12b1196cd49e8c37ee07a2235d3e0,0.5293636918067932,complete_logit_interpolation,0,441792,0.9870284799613421,0,66222,0.14989406779661016,ff3df59249b68329a8db66bb48e1255cb09fe27aa5821a409f9de9b02d60d982,RSI-TailProbe-20261004,0.894991236718151,73032,0.16530856149500217,2,5453ea51bae47821f8802136,0.0,0,0.0,U-Mean-logit-alpha-0.000000,17,ISIC_0000306_A04_T1_S2_5453ea51bae47821f8802136.png,S2,0.9292370080947876,0.9301898598748134,T1,val,M,1703ca22a1c39afeca05ffd0c12fe01606f41d5af81442d20102f130cc2ca491,d67353b51c7f853c45c0fad75d4336d0d442799627d3e648686eb70a497ad029,0.8845867561678689,T1,65363
0.0,0.0,0.0,,A06,0.042376454919576645,0.042396723117742265,0.4427657697397442,0.2964423045852586,0.6829776942970137,0,5ca3f9fed2a631d522b1bd5334bde7efb3613c82a3aa714d8ae5da962737af8c,0.042376454919576645,0.056219637393951416,0.0,0.056219637393951416,0.9299371838569641,0.0,0.0,02fc8095c431dfc5451811632a802997c5ba97593e8a98ad29eaf0d9e1211df4,complete_update,959.200187656362,0.9413894439873046,0.9413894439873046,0.9440375219855384,1320,0,0,6159,0,0,0.0,0.0,0.0,0.0026480779982337443,-0.0026480779982337443,2d1e595de1ff730c427817aa19c04f777fd0db0b0beb46ea3f5ed070274d9990,ISIC_0000306,0,18.35755975068582,0.01913840300171261,ISIC_0000306,aa2fd99280d9bceb4779e388afe39c6b37ebf8d0d108d3a194097d9fae7dffb5,0.8892688993515147,0.8892688993515147,0.0,0.0,0.056219637393951416,0.056219637393951416,0.05632840988715583,0.05632840988715583,cuda_FP32_original_batch_present,canonical_letterbox_valid,3d99874f14ae5f316eec36e21141043d75bd4fd17ccfb31e3174198dee269596,28526f27945ca8d649a6fa0b75476ed04be1c5c11a88f9cf7912e95eca20d3b9,0.5293636918067932,complete_logit_interpolation,0,441792,0.9069946543444777,0,66222,0.14989406779661016,ff3df59249b68329a8db66bb48e1255cb09fe27aa5821a409f9de9b02d60d982,RSI-TailProbe-20261004,0.9784956746982063,61383,0.13894094958713601,2,5661ec4b9fc3c147bbd6a46a,0.0,0,0.0,U-Mean-logit-alpha-0.000000,17,ISIC_0000306_A06_T3_S1_5661ec4b9fc3c147bbd6a46a.png,S1,0.9299371838569641,0.9297399033434306,T3,val,M,1703ca22a1c39afeca05ffd0c12fe01606f41d5af81442d20102f130cc2ca491,d67353b51c7f853c45c0fad75d4336d0d442799627d3e648686eb70a497ad029,0.8892688993515147,T3,60063
0.0,0.0,0.0,,A04,0.14694640040397644,0.1477191836113931,0.14950598787736358,0.08776667022082874,0.30458570703367366,0,5ca3f9fed2a631d522b1bd5334bde7efb3613c82a3aa714d8ae5da962737af8c,0.14694640040397644,0.15553845465183258,0.0,0.15553845465183258,0.8358694911003113,0.0,0.0,02fc8095c431dfc5451811632a802997c5ba97593e8a98ad29eaf0d9e1211df4,complete_update,959.200187656362,0.8703154555892386,0.8703154555892386,0.8824907174184542,1986,0,0,29414,0,0,0.0,0.0,0.0,0.012175261829215578,-0.012175261829215578,2d1e595de1ff730c427817aa19c04f777fd0db0b0beb46ea3f5ed070274d9990,ISIC_0000316,0,53.15402129539043,0.05541494046749823,ISIC_0000316,f703c3420d6e9d21b107964642ec3d22221704f1db5e7f01482b681ca72a7f0c,0.7704057383941563,0.7704057383941563,0.0,0.0,0.15553845465183258,0.15553845465183258,0.1562672933769927,0.1562672933769927,cuda_FP32_original_batch_present,canonical_letterbox_valid,3d99874f14ae5f316eec36e21141043d75bd4fd17ccfb31e3174198dee269596,d4bd84478cd2b0d4b3e2a41cd98f9d2bfefb334157ee799c6fbfba9e0dc45c00,0.38969311118125916,complete_logit_interpolation,0,441792,0.7817580150915957,0,134777,0.3050689012023758,33fce99422ed28f50084416b77813325567adfda8abb511162169448fcc1133e,RSI-TailProbe-20261004,0.981499594779644,107349,0.24298538678835288,2,5453e37ebae47821f8802118,0.0,0,0.0,U-Mean-logit-alpha-0.000000,17,ISIC_0000316_A04_T3_S2_5453e37ebae47821f8802118.png,S2,0.8358694911003113,0.8351845968574078,T3,val,M,1703ca22a1c39afeca05ffd0c12fe01606f41d5af81442d20102f130cc2ca491,d67353b51c7f853c45c0fad75d4336d0d442799627d3e648686eb70a497ad029,0.7704057383941563,T3,105363
0.0,0.0,0.0,,A06,0.21409888565540314,0.2125414311143266,0.06441184092002813,0.04439882557945241,0.1477719434162578,0,5ca3f9fed2a631d522b1bd5334bde7efb3613c82a3aa714d8ae5da962737af8c,0.21409888565540314,0.18704205751419067,0.0,0.18704205751419067,0.8400147557258606,0.0,0.0,02fc8095c431dfc5451811632a802997c5ba97593e8a98ad29eaf0d9e1211df4,complete_update,959.200187656362,0.8611656213526235,0.8611656213526235,0.8471710566959191,42806,0,0,492,0,0,0.0,0.0,0.0,-0.013994564656704456,0.013994564656704456,2d1e595de1ff730c427817aa19c04f777fd0db0b0beb46ea3f5ed070274d9990,ISIC_0000316,0,61.94827923234644,0.06458326429616974,ISIC_0000316,f703c3420d6e9d21b107964642ec3d22221704f1db5e7f01482b681ca72a7f0c,0.7561816164835597,0.7561816164835597,0.0,0.0,0.18704205751419067,0.18704205751419067,0.18598924243216267,0.18598924243216267,cuda_FP32_original_batch_present,canonical_letterbox_valid,3d99874f14ae5f316eec36e21141043d75bd4fd17ccfb31e3174198dee269596,4a0af3860b701ff089cfac1461abbceda023e42b3b21ac35bef2005f933ffa9d,0.38969311118125916,complete_logit_interpolation,0,441792,0.9963495255125132,0,134777,0.3050689012023758,33fce99422ed28f50084416b77813325567adfda8abb511162169448fcc1133e,RSI-TailProbe-20261004,0.7582824649473999,177091,0.40084700492539477,2,5661b07f9fc3c147bbd69a08,0.0,0,0.0,U-Mean-logit-alpha-0.000000,17,ISIC_0000316_A06_T1_S1_5661b07f9fc3c147bbd69a08.png,S1,0.8400147557258606,0.8405629462500013,T1,val,M,1703ca22a1c39afeca05ffd0c12fe01606f41d5af81442d20102f130cc2ca491,d67353b51c7f853c45c0fad75d4336d0d442799627d3e648686eb70a497ad029,0.7561816164835597,T1,134285
0.0,0.0,0.0,,A04,0.04250384867191315,0.04217974437323377,0.27291104168728175,0.14266465879369106,0.541122801927776,0,5ca3f9fed2a631d522b1bd5334bde7efb3613c82a3aa714d8ae5da962737af8c,0.04250384867191315,0.12164101749658585,0.0,0.12164101749658585,0.7992218136787415,0.0,0.0,02fc8095c431dfc5451811632a802997c5ba97593e8a98ad29eaf0d9e1211df4,complete_update,959.200187656362,0.8064203121209671,0.8064203121209671,0.7985761139108871,199,0,0,4589,0,0,0.0,0.0,0.0,-0.007844198210079978,0.007844198210079978,2d1e595de1ff730c427817aa19c04f777fd0db0b0beb46ea3f5ed070274d9990,ISIC_0000317,0,22.0,0.022935775329395166,ISIC_0000317,15221548ffb60ac0b55bad017b8f45b3bb1e6e13d7f201bc8a7ac01b8ae8bdcc,0.6756317322674615,0.6756317322674615,0.0,0.0,0.12164101749658585,0.12164101749658585,0.12229719997159065,0.12229719997159065,cuda_FP32_original_batch_present,canonical_letterbox_valid,3d99874f14ae5f316eec36e21141043d75bd4fd17ccfb31e3174198dee269596,b016dafe96d17b90c0f811327159dfffcdfb656c69ecabd2a287d5cae1f448a8,0.3653610348701477,complete_logit_interpolation,0,441792,0.6848647163851119,0,14562,0.032961212516297266,cb413c83ca70cd792f313efa004dc70b39ca01f2c53fbafd081faf108bcb01f8,RSI-TailProbe-20261004,0.9804364923318915,10172,0.02302440967695205,2,5453e368bae47821f8802115,0.0,0,0.0,U-Mean-logit-alpha-0.000000,17,ISIC_0000317_A04_T3_S2_5453e368bae47821f8802115.png,S2,0.7992218136787415,0.7975853444300525,T3,val,M,1703ca22a1c39afeca05ffd0c12fe01606f41d5af81442d20102f130cc2ca491,d67353b51c7f853c45c0fad75d4336d0d442799627d3e648686eb70a497ad029,0.6756317322674615,T3,9973
0.0,0.0,0.0,,A06,0.008923951536417007,0.009140290826378735,0.6152209319328961,0.3686349751331701,1.0,0,5ca3f9fed2a631d522b1bd5334bde7efb3613c82a3aa714d8ae5da962737af8c,0.008923951536417007,0.037384599447250366,0.0,0.037384599447250366,0.934154748916626,0.0,0.0,02fc8095c431dfc5451811632a802997c5ba97593e8a98ad29eaf0d9e1211df4,complete_update,959.200187656362,0.9442815249266863,0.9442815249266863,0.9475492138987978,1278,0,0,394,0,0,0.0,0.0,0.0,0.0032676889721114932,-0.0032676889721114932,2d1e595de1ff730c427817aa19c04f777fd0db0b0beb46ea3f5ed070274d9990,ISIC_0000317,0,6.708203932499369,0.006993539011798666,ISIC_0000317,15221548ffb60ac0b55bad017b8f45b3bb1e6e13d7f201bc8a7ac01b8ae8bdcc,0.8944444444444445,0.8944444444444445,0.0,0.0,0.037384599447250366,0.037384599447250366,0.038512267750753754,0.038512267750753754,cuda_FP32_original_batch_present,canonical_letterbox_valid,3d99874f14ae5f316eec36e21141043d75bd4fd17ccfb31e3174198dee269596,f0924319106f2373e46a8ede53359d924f601de6aa725329243e26f1291eb2f0,0.3653610348701477,complete_logit_interpolation,0,441792,0.972943277022387,0,14562,0.032961212516297266,cb413c83ca70cd792f313efa004dc70b39ca01f2c53fbafd081faf108bcb01f8,RSI-TailProbe-20261004,0.9172601320730286,15446,0.034962154135882946,2,5661ecea9fc3c147bbd6a4b2,0.0,0,0.0,U-Mean-logit-alpha-0.000000,17,ISIC_0000317_A06_T1_S1_5661ecea9fc3c147bbd6a4b2.png,S1,0.934154748916626,0.9321157553248712,T1,val,M,1703ca22a1c39afeca05ffd0c12fe01606f41d5af81442d20102f130cc2ca491,d67353b51c7f853c45c0fad75d4336d0d442799627d3e648686eb70a497ad029,0.8944444444444445,T1,14168
0.0,0.0,0.0,,A04,0.06955235451459885,0.0704152041340069,0.34423879269484414,0.1615798922800718,0.6853768701532101,0,5ca3f9fed2a631d522b1bd5334bde7efb3613c82a3aa714d8ae5da962737af8c,0.06955235451459885,0.09173086285591125,0.0,0.09173086285591125,0.8860906362533569,0.0,0.0,02fc8095c431dfc5451811632a802997c5ba97593e8a98ad29eaf0d9e1211df4,complete_update,959.200187656362,0.951626018288029,0.951626018288029,0.9545976411648054,3666,0,0,6031,0,0,0.0,0.0,0.0,0.0029716228767764363,-0.0029716228767764363,2d1e595de1ff730c427817aa19c04f777fd0db0b0beb46ea3f5ed070274d9990,ISIC_0000333,0,17.804493814764857,0.018561812272229663,ISIC_0000333,e58d642a19a43410caf95d8f6bbfdca62aeb0d8df15186497484a27d7337f15f,0.9077161727478635,0.9077161727478635,0.0,0.0,0.09173086285591125,0.09173086285591125,0.09260364435136502,0.09260364435136502,cuda_FP32_original_batch_present,canonical_letterbox_valid,3d99874f14ae5f316eec36e21141043d75bd4fd17ccfb31e3174198dee269596,79a0e72ab49ed18f299b4d6d6049201c6ca0adb7f437b42e38b65d7b42faa404,0.5678303241729736,complete_logit_interpolation,0,441792,0.9405297203486767,0,101412,0.22954693611473273,eca7873610b621fc14390ec188b43cdc6cd40f0ea34ee40ae99ddb19ca2cdb1d,RSI-TailProbe-20261004,0.9629872686704292,99047,0.2241937382297552,2,5453c658bae47821f88020e5,0.0,0,0.0,U-Mean-logit-alpha-0.000000,17,ISIC_0000333_A04_T1_S2_5453c658bae47821f88020e5.png,S2,0.8860906362533569,0.8852079154312769,T1,val,M,1703ca22a1c39afeca05ffd0c12fe01606f41d5af81442d20102f130cc2ca491,d67353b51c7f853c45c0fad75d4336d0d442799627d3e648686eb70a497ad029,0.9077161727478635,T1,95381
0.0,0.0,0.0,,A06,0.06481143087148666,0.06481755977741853,0.532294910033667,0.3173330103887446,0.7392435729427119,0,5ca3f9fed2a631d522b1bd5334bde7efb3613c82a3aa714d8ae5da962737af8c,0.06481143087148666,0.08693374693393707,0.0,0.08693374693393707,0.8909439444541931,0.0,0.0,02fc8095c431dfc5451811632a802997c5ba97593e8a98ad29eaf0d9e1211df4,complete_update,959.200187656362,0.9597507371073888,0.9597507371073888,0.9612409944041471,4256,0,0,3921,0,0,0.0,0.0,0.0,0.001490257296758335,-0.001490257296758335,2d1e595de1ff730c427817aa19c04f777fd0db0b0beb46ea3f5ed070274d9990,ISIC_0000333,0,17.69180601295413,0.018444331267470835,ISIC_0000333,e58d642a19a43410caf95d8f6bbfdca62aeb0d8df15186497484a27d7337f15f,0.9226161184086005,0.9226161184086005,0.0,0.0,0.08693374693393707,0.08693374693393707,0.08702608543009971,0.08702608543009971,cuda_FP32_original_batch_present,canonical_letterbox_valid,3d99874f14ae5f316eec36e21141043d75bd4fd17ccfb31e3174198dee269596,9ea69050c3ba24c1dfb5e89331f52c3fed32de25b7aeff9c4183de7991033422,0.5678303241729736,complete_logit_interpolation,0,441792,0.9613359365755532,0,101412,0.22954693611473273,eca7873610b621fc14390ec188b43cdc6cd40f0ea34ee40ae99ddb19ca2cdb1d,RSI-TailProbe-20261004,0.9581707568773526,101747,0.2303052115022454,2,5661f0819fc3c147bbd6a638,0.0,0,0.0,U-Mean-logit-alpha-0.000000,17,ISIC_0000333_A06_T1_S1_5661f0819fc3c147bbd6a638.png,S1,0.8909439444541931,0.8907653889172191,T1,val,M,1703ca22a1c39afeca05ffd0c12fe01606f41d5af81442d20102f130cc2ca491,d67353b51c7f853c45c0fad75d4336d0d442799627d3e648686eb70a497ad029,0.9226161184086005,T1,97491
0.0,0.0,0.0,,A04,0.07720835506916046,0.07743651847063196,0.29485607003623054,0.1499685596862222,0.6076950178849748,0,5ca3f9fed2a631d522b1bd5334bde7efb3613c82a3aa714d8ae5da962737af8c,0.07720835506916046,0.07390732318162918,0.0,0.07390732318162918,0.9293937087059021,0.0,0.0,02fc8095c431dfc5451811632a802997c5ba97593e8a98ad29eaf0d9e1211df4,complete_update,959.200187656362,0.9444134185059098,0.9444134185059098,0.9467140727147608,11355,0,0,3177,0,0,0.0,0.0,0.0,0.0023006542088510606,-0.0023006542088510606,2d1e595de1ff730c427817aa19c04f777fd0db0b0beb46ea3f5ed070274d9990,ISIC_0000367,0,27.057334570617005,0.028208224851088565,ISIC_0000367,a0520107d6245c56e9afe99695152b9b7e55abab37f3c9b65c4a25ad170aaddd,0.8946811517527775,0.8946811517527775,0.0,0.0,0.07390732318162918,0.07390732318162918,0.07414020942312162,0.07414020942312162,cuda_FP32_original_batch_present,canonical_letterbox_valid,3d99874f14ae5f316eec36e21141043d75bd4fd17ccfb31e3174198dee269596,dd839518aa20581a621705ddde57343ff8465e80869e41d12538f8c5b894ef0c,0.536403238773346,complete_logit_interpolation,0,441792,0.9749103659595976,0,126626,0.2866190424453136,b338856b9f5279224b2dae22112761fb8fb109b837d8e3c24b48cb4628e7c6bf,RSI-TailProbe-20261004,0.9157665944630723,134804,0.3051300159351007,2,5453ae8cbae47821f880207f,0.0,0,0.0,U-Mean-logit-alpha-0.000000,17,ISIC_0000367_A04_T3_S2_5453ae8cbae47821f880207f.png,S2,0.9293937087059021,0.9291560996243887,T3,val,M,1703ca22a1c39afeca05ffd0c12fe01606f41d5af81442d20102f130cc2ca491,d67353b51c7f853c45c0fad75d4336d0d442799627d3e648686eb70a497ad029,0.8946811517527775,T3,123449
0.0,0.0,0.0,,A06,0.19283528625965118,0.1911455704356873,0.0,0.0,0.07572132988331788,0,5ca3f9fed2a631d522b1bd5334bde7efb3613c82a3aa714d8ae5da962737af8c,0.19283528625965118,0.15518862009048462,0.0,0.15518862009048462,0.8824580311775208,0.0,0.0,02fc8095c431dfc5451811632a802997c5ba97593e8a98ad29eaf0d9e1211df4,complete_update,959.200187656362,0.8832852020815023,0.8832852020815023,0.8838302144630058,33464,0,0,0,0,0,0.0,0.0,0.0,0.0005450123815035068,-0.0005450123815035068,2d1e595de1ff730c427817aa19c04f777fd0db0b0beb46ea3f5ed070274d9990,ISIC_0000367,0,42.087996601563226,0.04387821973262734,ISIC_0000367,a0520107d6245c56e9afe99695152b9b7e55abab37f3c9b65c4a25ad170aaddd,0.7909675807358361,0.7909675807358361,0.0,0.0,0.15518862009048462,0.15518862009048462,0.1540751552485545,0.1540751552485545,cuda_FP32_original_batch_present,canonical_letterbox_valid,3d99874f14ae5f316eec36e21141043d75bd4fd17ccfb31e3174198dee269596,a88186367ab1d4443c36770e81d6f0197e8f77b24bc3ff4bbc0b5e455cc42952,0.536403238773346,complete_logit_interpolation,0,441792,1.0,0,126626,0.2866190424453136,b338856b9f5279224b2dae22112761fb8fb109b837d8e3c24b48cb4628e7c6bf,RSI-TailProbe-20261004,0.7909675807358361,160090,0.3623650948862813,2,5661f3389fc3c147bbd6a692,0.0,0,0.0,U-Mean-logit-alpha-0.000000,17,ISIC_0000367_A06_T1_S1_5661f3389fc3c147bbd6a692.png,S1,0.8824580311775208,0.8829952599385783,T1,val,M,1703ca22a1c39afeca05ffd0c12fe01606f41d5af81442d20102f130cc2ca491,d67353b51c7f853c45c0fad75d4336d0d442799627d3e648686eb70a497ad029,0.7909675807358361,T1,126626
0.0,0.0,0.0,,A04,0.07405112683773041,0.07467772214149646,0.40170077626085265,0.24810954555491196,0.6320997451810701,0,5ca3f9fed2a631d522b1bd5334bde7efb3613c82a3aa714d8ae5da962737af8c,0.07405112683773041,0.08868234604597092,0.0,0.08868234604597092,0.8966864347457886,0.0,0.0,02fc8095c431dfc5451811632a802997c5ba97593e8a98ad29eaf0d9e1211df4,complete_update,959.200187656362,0.9399028301072141,0.9399028301072141,0.9429511192325263,2696,0,0,10527,0,0,0.0,0.0,0.0,0.003048289125312187,-0.003048289125312187,2d1e595de1ff730c427817aa19c04f777fd0db0b0beb46ea3f5ed070274d9990,ISIC_0000372,0,34.88552708502482,0.036369391430439046,ISIC_0000372,47c52401eb0c5c6eb617aa5207bb5794de6ed965651dea84dc7bf51252bb0866,0.8866195069667738,0.8866195069667738,0.0,0.0,0.08868234604597092,0.08868234604597092,0.08929922331504296,0.08929922331504296,cuda_FP32_original_batch_present,canonical_letterbox_valid,3d99874f14ae5f316eec36e21141043d75bd4fd17ccfb31e3174198dee269596,c34ec79081534b63b0d2d9ed1eacf9b915fcab4d748414343770283f6262eef5,0.47454267740249634,complete_logit_interpolation,0,441792,0.9076003475848994,0,113929,0.25787927350427353,6c03c1f95409532d82fb69c95de39f2665a9219de21048b13a29f8a0599248ce,RSI-TailProbe-20261004,0.974589530434127,106098,0.24015373750543242,2,5453a4f4bae47821f8802070,0.0,0,0.0,U-Mean-logit-alpha-0.000000,17,ISIC_0000372_A04_T3_S2_5453a4f4bae47821f8802070.png,S2,0.8966864347457886,0.8960792755114105,T3,val,M,1703ca22a1c39afeca05ffd0c12fe01606f41d5af81442d20102f130cc2ca491,d67353b51c7f853c45c0fad75d4336d0d442799627d3e648686eb70a497ad029,0.8866195069667738,T3,103402
0.0,0.0,0.0,,A06,0.06514362245798111,0.06467778495469564,0.268364433220053,0.15817789344908864,0.6811033729166117,0,5ca3f9fed2a631d522b1bd5334bde7efb3613c82a3aa714d8ae5da962737af8c,0.06514362245798111,0.07724212110042572,0.0,0.07724212110042572,0.9106593728065491,0.0,0.0,02fc8095c431dfc5451811632a802997c5ba97593e8a98ad29eaf0d9e1211df4,complete_update,959.200187656362,0.9539749655325587,0.9539749655325587,0.9498029506871464,10878,0,0,105,0,0,0.0,0.0,0.0,-0.004172014845412297,0.004172014845412297,2d1e595de1ff730c427817aa19c04f777fd0db0b0beb46ea3f5ed070274d9990,ISIC_0000372,0,19.1415130127573,0.019955701905695247,ISIC_0000372,47c52401eb0c5c6eb617aa5207bb5794de6ed965651dea84dc7bf51252bb0866,0.9120001281979376,0.9120001281979376,0.0,0.0,0.07724212110042572,0.07724212110042572,0.07686935238310282,0.07686935238310282,cuda_FP32_original_batch_present,canonical_letterbox_valid,3d99874f14ae5f316eec36e21141043d75bd4fd17ccfb31e3174198dee269596,486f67256ee6d60668450df2ad952222389320c88880368daf9320c63fc7ada5,0.47454267740249634,complete_logit_interpolation,0,441792,0.9990783733728902,0,113929,0.25787927350427353,6c03c1f95409532d82fb69c95de39f2665a9219de21048b13a29f8a0599248ce,RSI-TailProbe-20261004,0.9127680390049879,124702,0.2822640518615095,2,566575969fc3c147bbd6ade8,0.0,0,0.0,U-Mean-logit-alpha-0.000000,17,ISIC_0000372_A06_T1_S1_566575969fc3c147bbd6ade8.png,S1,0.9106593728065491,0.91093908018849,T1,val,M,1703ca22a1c39afeca05ffd0c12fe01606f41d5af81442d20102f130cc2ca491,d67353b51c7f853c45c0fad75d4336d0d442799627d3e648686eb70a497ad029,0.9120001281979376,T1,113824
0.0,0.0,0.0,,A04,0.043681662529706955,0.04297051967398895,0.5069522968585263,0.28527347404776415,0.7534061928800266,0,5ca3f9fed2a631d522b1bd5334bde7efb3613c82a3aa714d8ae5da962737af8c,0.043681662529706955,0.06027974933385849,0.0,0.06027974933385849,0.9231221675872803,0.0,0.0,02fc8095c431dfc5451811632a802997c5ba97593e8a98ad29eaf0d9e1211df4,complete_update,3840.0,0.9509886430094502,0.9509886430094502,0.9579432382274858,79622,0,0,47509,0,0,0.0,0.0,0.0,0.006954595218035653,-0.006954595218035653,52b1d8565de1e8d2acca1ef76c2c60d1e4dc93ad3f0d6e76e98110362bd2a341,ISIC_0000375,0,70.178344238091,0.018275610478669532,ISIC_0000375,611a1cbfc300a54bf2720cb230c1b1af040da4e413f8119395973eba525452b3,0.9065570517155206,0.9065570517155206,0.0,0.0,0.06027974933385849,0.06027974933385849,0.05966037735102744,0.05966037735102744,cuda_FP32_original_batch_present,canonical_letterbox_valid,3d99874f14ae5f316eec36e21141043d75bd4fd17ccfb31e3174198dee269596,55442fe17754480ab0fa8e5c9fd153b34a9b335ef1c5bf659f2d6e010504e73b,0.6942533850669861,complete_logit_interpolation,0,7077888,0.9629096149732453,0,1280898,0.1809717814127604,ca73fbf5a0184947ce583844f0dee2bd47aa21b312ed4d1abf3a1270728b34db,RSI-TailProbe-20261004,0.9393592285213147,1313011,0.18550886931242766,2,5453a256bae47821f8802067,0.0,0,0.0,U-Mean-logit-alpha-0.000000,17,ISIC_0000375_A04_T3_S2_5453a256bae47821f8802067.png,S2,0.9231221675872803,0.9236497649719341,T3,val,M,1703ca22a1c39afeca05ffd0c12fe01606f41d5af81442d20102f130cc2ca491,d67353b51c7f853c45c0fad75d4336d0d442799627d3e648686eb70a497ad029,0.9065570517155206,T3,1233389
0.0,0.0,0.0,,A06,0.22422809898853302,0.22367773938908123,0.0,0.0,0.0,0,5ca3f9fed2a631d522b1bd5334bde7efb3613c82a3aa714d8ae5da962737af8c,0.22422809898853302,0.20351359248161316,0.0,0.20351359248161316,0.8172008991241455,0.0,0.0,02fc8095c431dfc5451811632a802997c5ba97593e8a98ad29eaf0d9e1211df4,complete_update,3840.0,0.8189151866201235,0.8189151866201235,0.8205699357321186,566484,0,0,0,0,0,0.0,0.0,0.0,0.0016547491119950353,-0.0016547491119950353,52b1d8565de1e8d2acca1ef76c2c60d1e4dc93ad3f0d6e76e98110362bd2a341,ISIC_0000375,0,229.99130415261567,0.05989356878974366,ISIC_0000375,611a1cbfc300a54bf2720cb230c1b1af040da4e413f8119395973eba525452b3,0.6933584932623572,0.6933584932623572,0.0,0.0,0.20351359248161316,0.20351359248161316,0.20314002374475099,0.20314002374475099,cuda_FP32_original_batch_present,canonical_letterbox_valid,3d99874f14ae5f316eec36e21141043d75bd4fd17ccfb31e3174198dee269596,468c320a195204c3c23f222721cd0a844a0da36d638e30d0ac39951c4c5f6078,0.6942533850669861,complete_logit_interpolation,0,7077888,1.0,0,1280898,0.1809717814127604,ca73fbf5a0184947ce583844f0dee2bd47aa21b312ed4d1abf3a1270728b34db,RSI-TailProbe-20261004,0.6933584932623572,1847382,0.26100752088758683,2,566578c09fc3c147bbd6ae8a,0.0,0,0.0,U-Mean-logit-alpha-0.000000,17,ISIC_0000375_A06_T1_S1_566578c09fc3c147bbd6ae8a.png,S1,0.8172008991241455,0.8173976918995792,T1,val,M,1703ca22a1c39afeca05ffd0c12fe01606f41d5af81442d20102f130cc2ca491,d67353b51c7f853c45c0fad75d4336d0d442799627d3e648686eb70a497ad029,0.6933584932623572,T1,1280898
0.0,0.0,0.0,,A04,0.019538074731826782,0.018917387002949093,0.5581784562227531,0.30306468143008025,0.9429190751445087,0,5ca3f9fed2a631d522b1bd5334bde7efb3613c82a3aa714d8ae5da962737af8c,0.019538074731826782,0.04611741006374359,0.0,0.04611741006374359,0.9273032546043396,0.0,0.0,02fc8095c431dfc5451811632a802997c5ba97593e8a98ad29eaf0d9e1211df4,complete_update,3326.425258441861,0.9349754316907917,0.9349754316907917,0.9357013757644282,19858,0,0,19260,0,0,0.0,0.0,0.0,0.0007259440736365752,-0.0007259440736365752,8a508d5fcf8b7b4b4335bf6cac732d101bb356a34221f5aa34ecd0cd235c29d4,ISIC_0000384,0,36.069377593742864,0.010843285145880057,ISIC_0000384,48bd1d434add550de4c35e5948f34785cd0a9868d06157252b265b08aa48b14b,0.8778909515440779,0.8778909515440779,0.0,0.0,0.04611741006374359,0.04611741006374359,0.045399196001826125,0.045399196001826125,cuda_FP32_original_batch_present,canonical_letterbox_valid,3d99874f14ae5f316eec36e21141043d75bd4fd17ccfb31e3174198dee269596,d8fd725d05b5d8307df7e1399083f940b7b0fe6305160209556cda1a58b249f6,0.6302869915962219,complete_logit_interpolation,0,5413968,0.9359057555034194,0,300495,0.05550365277371422,5103acc9147e86851838fa903a1407cd5f72e09c6eb8cfe8b343f1e75ec679ba,RSI-TailProbe-20261004,0.9340469555917938,301093,0.055614107804109664,2,5452a687bae47821f880204c,0.0,0,0.0,U-Mean-logit-alpha-0.000000,17,ISIC_0000384_A04_T3_S2_5452a687bae47821f880204c.png,S2,0.9273032546043396,0.9281189949992968,T3,val,M,1703ca22a1c39afeca05ffd0c12fe01606f41d5af81442d20102f130cc2ca491,d67353b51c7f853c45c0fad75d4336d0d442799627d3e648686eb70a497ad029,0.8778909515440779,T3,281235
0.0,0.0,0.0,,A06,0.03383312746882439,0.033706247464617575,0.37279949458889555,0.08185040034502802,0.6699553992525289,0,5ca3f9fed2a631d522b1bd5334bde7efb3613c82a3aa714d8ae5da962737af8c,0.03383312746882439,0.06413169950246811,0.0,0.06413169950246811,0.9055697321891785,0.0,0.0,02fc8095c431dfc5451811632a802997c5ba97593e8a98ad29eaf0d9e1211df4,complete_update,3326.425258441861,0.9088558207059251,0.9088558207059251,0.9158233373452519,60270,0,0,0,0,0,0.0,0.0,0.0,0.006967516639326821,-0.006967516639326821,8a508d5fcf8b7b4b4335bf6cac732d101bb356a34221f5aa34ecd0cd235c29d4,ISIC_0000384,0,76.38847565456307,0.02296413408378951,ISIC_0000384,48bd1d434add550de4c35e5948f34785cd0a9868d06157252b265b08aa48b14b,0.8329383393621886,0.8329383393621886,0.0,0.0,0.06413169950246811,0.06413169950246811,0.06429427586057412,0.06429427586057412,cuda_FP32_original_batch_present,canonical_letterbox_valid,3d99874f14ae5f316eec36e21141043d75bd4fd17ccfb31e3174198dee269596,abcc1ba5a636d5c151ef87dd32a240501660c201a9fcb796b3577f85f7ab1d8c,0.6302869915962219,complete_logit_interpolation,0,5413968,1.0,0,300495,0.05550365277371422,5103acc9147e86851838fa903a1407cd5f72e09c6eb8cfe8b343f1e75ec679ba,RSI-TailProbe-20261004,0.8329383393621886,360765,0.06663596829534271,2,5661a56a9fc3c147bbd698ac,0.0,0,0.0,U-Mean-logit-alpha-0.000000,17,ISIC_0000384_A06_T3_S1_5661a56a9fc3c147bbd698ac.png,S1,0.9055697321891785,0.9051176957434693,T3,val,M,1703ca22a1c39afeca05ffd0c12fe01606f41d5af81442d20102f130cc2ca491,d67353b51c7f853c45c0fad75d4336d0d442799627d3e648686eb70a497ad029,0.8329383393621886,T3,300495
0.0,0.0,0.0,,A04,0.023394668474793434,0.02331777377527671,0.6831710244608282,0.43970885436441315,0.9001428599993408,0,5ca3f9fed2a631d522b1bd5334bde7efb3613c82a3aa714d8ae5da962737af8c,0.023394668474793434,0.033112626522779465,0.0,0.033112626522779465,0.9571694135665894,0.0,0.0,02fc8095c431dfc5451811632a802997c5ba97593e8a98ad29eaf0d9e1211df4,complete_update,3840.0,0.96940886636929,0.96940886636929,0.971832504004821,52169,0,0,17666,0,0,0.0,0.0,0.0,0.002423637635530995,-0.002423637635530995,52b1d8565de1e8d2acca1ef76c2c60d1e4dc93ad3f0d6e76e98110362bd2a341,ISIC_0000386,0,49.64876634922564,0.01292936623677751,ISIC_0000386,0b30d4b7a5140c7431e4d9be53f87abbadbdbb05712a2d462c5de1a39477bf72,0.9406338117368829,0.9406338117368829,0.0,0.0,0.033112626522779465,0.033112626522779465,0.03305671878467495,0.03305671878467495,cuda_FP32_original_batch_present,canonical_letterbox_valid,3d99874f14ae5f316eec36e21141043d75bd4fd17ccfb31e3174198dee269596,661ad6d8cf2872713837c3c75136c1e882f4426ada9f55c823204dce599bbeec,0.7692843079566956,complete_logit_interpolation,0,7077888,0.9842853508442643,0,1124174,0.15882901792173032,6df132ec0edf2ae05ac87a01656c46dfd838979c1182057de691c845db2911a4,RSI-TailProbe-20261004,0.9549753727742935,1158677,0.16370377717194734,2,5452a573bae47821f8802046,0.0,0,0.0,U-Mean-logit-alpha-0.000000,17,ISIC_0000386_A04_T3_S1_5452a573bae47821f8802046.png,S1,0.9571694135665894,0.9572043362059268,T3,val,M,1703ca22a1c39afeca05ffd0c12fe01606f41d5af81442d20102f130cc2ca491,d67353b51c7f853c45c0fad75d4336d0d442799627d3e648686eb70a497ad029,0.9406338117368829,T3,1106508
0.0,0.0,0.0,,A06,0.02122277207672596,0.021565683678586214,0.7116748299170743,0.4611021833832156,0.9221341910101997,0,5ca3f9fed2a631d522b1bd5334bde7efb3613c82a3aa714d8ae5da962737af8c,0.02122277207672596,0.030917316675186157,0.0,0.030917316675186157,0.9593881368637085,0.0,0.0,02fc8095c431dfc5451811632a802997c5ba97593e8a98ad29eaf0d9e1211df4,complete_update,3840.0,0.971900580561425,0.971900580561425,0.9737376872802651,43804,0,0,20041,0,0,0.0,0.0,0.0,0.0018371067188400758,-0.0018371067188400758,52b1d8565de1e8d2acca1ef76c2c60d1e4dc93ad3f0d6e76e98110362bd2a341,ISIC_0000386,0,50.20956084253277,0.013075406469409575,ISIC_0000386,0b30d4b7a5140c7431e4d9be53f87abbadbdbb05712a2d462c5de1a39477bf72,0.9453371553231311,0.9453371553231311,0.0,0.0,0.030917316675186157,0.030917316675186157,0.031339857898789555,0.031339857898789555,cuda_FP32_original_batch_present,canonical_letterbox_valid,3d99874f14ae5f316eec36e21141043d75bd4fd17ccfb31e3174198dee269596,5704337e9acccaaa974d58b02388db33c999b17efc343476d3cdc737f08961a7,0.7692843079566956,complete_logit_interpolation,0,7077888,0.9821726885695631,0,1124174,0.15882901792173032,6df132ec0edf2ae05ac87a01656c46dfd838979c1182057de691c845db2911a4,RSI-TailProbe-20261004,0.9618411114895679,1147937,0.16218637537073205,2,568b33bb9fc3c126c063fec5,0.0,0,0.0,U-Mean-logit-alpha-0.000000,17,ISIC_0000386_A06_T3_S1_568b33bb9fc3c126c063fec5.png,S1,0.9593881368637085,0.9588859678810071,T3,val,M,1703ca22a1c39afeca05ffd0c12fe01606f41d5af81442d20102f130cc2ca491,d67353b51c7f853c45c0fad75d4336d0d442799627d3e648686eb70a497ad029,0.9453371553231311,T3,1104133
0.0,0.0,0.0,,A04,0.04966849461197853,0.04917219157255329,0.6636934772614232,0.3504537374871363,0.84010997260812,0,5ca3f9fed2a631d522b1bd5334bde7efb3613c82a3aa714d8ae5da962737af8c,0.04966849461197853,0.055941224098205566,0.0,0.055941224098205566,0.9377860426902771,0.0,0.0,02fc8095c431dfc5451811632a802997c5ba97593e8a98ad29eaf0d9e1211df4,complete_update,3252.572059155646,0.9657668968882851,0.9657668968882851,0.9639403787706138,78830,0,0,10819,0,0,0.0,0.0,0.0,-0.0018265181176713163,0.0018265181176713163,4f84e175649fc93668d9e40dcb64d62845b01af5ef8e32ac4e462215ddb1400d,ISIC_0000396,0,144.10757838539183,0.044305729670075795,ISIC_0000396,b8830916ea31f2c7e1b737eda2976d471d8b12d116e1874f27469a6456e98725,0.933800024368361,0.933800024368361,0.0,0.0,0.055941224098205566,0.055941224098205566,0.05557731130745665,0.05557731130745665,cuda_FP32_original_batch_present,canonical_letterbox_valid,3d99874f14ae5f316eec36e21141043d75bd4fd17ccfb31e3174198dee269596,ba714d50cd83ff657e6a4f3e47d7d8c4908bebb808291a60bdde383cee4ae6ff,0.5249968767166138,complete_logit_interpolation,0,5130000,0.9915170713157203,0,1275385,0.2486130604288499,8869a4c8089291638319b5e17e0a22ae422373f824ed4e62a0656c7fa5844ac2,RSI-TailProbe-20261004,0.9413203552787116,1343396,0.26187056530214425,2,54529d84bae47821f8802028,0.0,0,0.0,U-Mean-logit-alpha-0.000000,17,ISIC_0000396_A04_T3_S2_54529d84bae47821f8802028.png,S2,0.9377860426902771,0.93801756895764,T3,val,M,1703ca22a1c39afeca05ffd0c12fe01606f41d5af81442d20102f130cc2ca491,d67353b51c7f853c45c0fad75d4336d0d442799627d3e648686eb70a497ad029,0.933800024368361,T3,1264566
0.0,0.0,0.0,,A06,0.33045265078544617,0.3304790887538547,0.06372320662455,0.021419757397965124,0.17985588008868347,0,5ca3f9fed2a631d522b1bd5334bde7efb3613c82a3aa714d8ae5da962737af8c,0.33045265078544617,0.253669798374176,0.0,0.253669798374176,0.8231130838394165,0.0,0.0,02fc8095c431dfc5451811632a802997c5ba97593e8a98ad29eaf0d9e1211df4,complete_update,3252.572059155646,0.8228592922449406,0.8228592922449406,0.8198265155631452,549116,0,0,0,0,0,0.0,0.0,0.0,-0.003032776681795357,0.003032776681795357,4f84e175649fc93668d9e40dcb64d62845b01af5ef8e32ac4e462215ddb1400d,ISIC_0000396,0,277.8977318585134,0.0854393774539939,ISIC_0000396,b8830916ea31f2c7e1b737eda2976d471d8b12d116e1874f27469a6456e98725,0.6990322285381044,0.6990322285381044,0.0,0.0,0.253669798374176,0.253669798374176,0.253651026457104,0.253651026457104,cuda_FP32_original_batch_present,canonical_letterbox_valid,3d99874f14ae5f316eec36e21141043d75bd4fd17ccfb31e3174198dee269596,55c9819e47176e8594287a349eae15dd6fd35fa57c94f8e94227be553a81aa0b,0.5249968767166138,complete_logit_interpolation,0,5130000,1.0,0,1275385,0.2486130604288499,8869a4c8089291638319b5e17e0a22ae422373f824ed4e62a0656c7fa5844ac2,RSI-TailProbe-20261004,0.6990322285381044,1824501,0.355653216374269,2,54ebc36bbae47871b5e02287,0.0,0,0.0,U-Mean-logit-alpha-0.000000,17,ISIC_0000396_A06_T1_S1_54ebc36bbae47871b5e02287.png,S1,0.8231130838394165,0.8231770358396466,T1,val,M,1703ca22a1c39afeca05ffd0c12fe01606f41d5af81442d20102f130cc2ca491,d67353b51c7f853c45c0fad75d4336d0d442799627d3e648686eb70a497ad029,0.6990322285381044,T1,1275385
0.0,0.0,0.0,,A04,1.446508526802063,1.4455503306180149,0.0,0.0,0.0,0,5ca3f9fed2a631d522b1bd5334bde7efb3613c82a3aa714d8ae5da962737af8c,1.446508526802063,1.1985502243041992,0.0,1.1985502243041992,0.04940797761082649,0.0,0.0,02fc8095c431dfc5451811632a802997c5ba97593e8a98ad29eaf0d9e1211df4,complete_update,3840.0,0.04562139859015192,0.04562139859015192,0.0483706977901485,0,0,0,5233943,0,0,0.0,0.0,0.0,0.0027492991999965785,-0.0027492991999965785,52b1d8565de1e8d2acca1ef76c2c60d1e4dc93ad3f0d6e76e98110362bd2a341,ISIC_0000401,0,1889.5290418514344,0.49206485464881106,ISIC_0000401,0ccc3295db8bc56ff7d76b470b898f8ec14b9ee296e1daba0d0f0c889bad9337,0.023343173404191796,0.023343173404191796,0.0,0.0,1.1985502243041992,1.1985502243041992,1.1977727020158522,1.1977727020158522,cuda_FP32_original_batch_present,canonical_letterbox_valid,3d99874f14ae5f316eec36e21141043d75bd4fd17ccfb31e3174198dee269596,f6701c17d0bda74b1d2e06179b6598edd6e31c9b9b6a2e96b2cd9307095ef912,0.5133075714111328,complete_logit_interpolation,0,7077888,0.023343173404191796,0,5359040,0.7571524160879629,36bfc77830fb1aef82821860be3bf40bf82f67839abfb510ee38218d4b904a69,RSI-TailProbe-20261004,1.0,125097,0.0176743401421441,2,545290f1bae47821f8802019,0.0,0,0.0,U-Mean-logit-alpha-0.000000,17,ISIC_0000401_A04_T3_S2_545290f1bae47821f8802019.png,S2,0.04940797761082649,0.050004926586310505,T3,val,M,1703ca22a1c39afeca05ffd0c12fe01606f41d5af81442d20102f130cc2ca491,d67353b51c7f853c45c0fad75d4336d0d442799627d3e648686eb70a497ad029,0.0,T3,125097
0.0,0.0,0.0,,A06,0.3553321361541748,0.3560462791133456,0.39856956981083824,0.21331005486979318,0.584719932609525,0,5ca3f9fed2a631d522b1bd5334bde7efb3613c82a3aa714d8ae5da962737af8c,0.3553321361541748,0.2649608850479126,0.0,0.2649608850479126,0.8254103660583496,0.0,0.0,02fc8095c431dfc5451811632a802997c5ba97593e8a98ad29eaf0d9e1211df4,complete_update,3840.0,0.9301924190586413,0.9301924190586413,0.9092114844833834,728891,0,0,65614,0,0,0.0,0.0,0.0,-0.020980934575257848,0.020980934575257848,52b1d8565de1e8d2acca1ef76c2c60d1e4dc93ad3f0d6e76e98110362bd2a341,ISIC_0000401,0,306.3555928794893,0.079780102312367,ISIC_0000401,0ccc3295db8bc56ff7d76b470b898f8ec14b9ee296e1daba0d0f0c889bad9337,0.8694950714783068,0.8694950714783068,0.0,0.0,0.2649608850479126,0.2649608850479126,0.26548453298220764,0.26548453298220764,cuda_FP32_original_batch_present,canonical_letterbox_valid,3d99874f14ae5f316eec36e21141043d75bd4fd17ccfb31e3174198dee269596,5a95b565a23566ae4c263ab8f3fb0b214a2277d186bcceeeabe3d0c02324bddb,0.5133075714111328,complete_logit_interpolation,0,7077888,0.9877563892040365,0,5359040,0.7571524160879629,36bfc77830fb1aef82821860be3bf40bf82f67839abfb510ee38218d4b904a69,RSI-TailProbe-20261004,0.8789683439114879,6022317,0.8508635626898872,2,54cdaebebae47819d8e4cf0d,0.0,0,0.0,U-Mean-logit-alpha-0.000000,17,ISIC_0000401_A06_T1_S1_54cdaebebae47819d8e4cf0d.png,S1,0.8254103660583496,0.8250772131489302,T1,val,M,1703ca22a1c39afeca05ffd0c12fe01606f41d5af81442d20102f130cc2ca491,d67353b51c7f853c45c0fad75d4336d0d442799627d3e648686eb70a497ad029,0.8694950714783068,T1,5293426
0.0,0.0,0.0,,A04,0.23009832203388214,0.23048298680479984,0.13194609982257058,0.06142974001654051,0.25320066413968345,0,5ca3f9fed2a631d522b1bd5334bde7efb3613c82a3aa714d8ae5da962737af8c,0.23009832203388214,0.24608519673347473,0.0,0.24608519673347473,0.7379279136657715,0.0,0.0,02fc8095c431dfc5451811632a802997c5ba97593e8a98ad29eaf0d9e1211df4,complete_update,3840.0,0.8500142917588838,0.8500142917588838,0.8461166720092371,431286,0,0,128074,0,0,0.0,0.0,0.0,-0.0038976197496466414,0.0038976197496466414,52b1d8565de1e8d2acca1ef76c2c60d1e4dc93ad3f0d6e76e98110362bd2a341,ISIC_0000432,0,404.03018499866647,0.10521619401006939,ISIC_0000432,47f11fb202b57f28df77fd6125c578f121a3f3bc1ee336b1a01c6e538d0fb508,0.7391520482971622,0.7391520482971622,0.0,0.0,0.24608519673347473,0.24608519673347473,0.24639029513506022,0.24639029513506022,cuda_FP32_original_batch_present,canonical_letterbox_valid,3d99874f14ae5f316eec36e21141043d75bd4fd17ccfb31e3174198dee269596,d88cddfd6b80ec34503653c1c9ce67af4066c61c7f626da7621c41baa3386770,0.560295820236206,complete_logit_interpolation,0,7077888,0.9252386748039378,0,1713105,0.24203618367513022,92832a9853624963154144d7350d6a81b9535fa0e546367fddaa6a00671bea47,RSI-TailProbe-20261004,0.7861020861303059,2016317,0.28487551653826676,2,5451505bbae47821f8801fbc,0.0,0,0.0,U-Mean-logit-alpha-0.000000,17,ISIC_0000432_A04_T1_S2_5451505bbae47821f8801fbc.png,S2,0.7379279136657715,0.7377023965346794,T1,val,M,1703ca22a1c39afeca05ffd0c12fe01606f41d5af81442d20102f130cc2ca491,d67353b51c7f853c45c0fad75d4336d0d442799627d3e648686eb70a497ad029,0.7391520482971622,T1,1585031
0.0,0.0,0.0,,A06,0.21182507276535034,0.21170280263399144,0.12591281256915246,0.058198716530205793,0.23755403207028905,0,5ca3f9fed2a631d522b1bd5334bde7efb3613c82a3aa714d8ae5da962737af8c,0.21182507276535034,0.24726995825767517,0.0,0.24726995825767517,0.71728515625,0.0,0.0,02fc8095c431dfc5451811632a802997c5ba97593e8a98ad29eaf0d9e1211df4,complete_update,3840.0,0.80927592293251,0.80927592293251,0.8074796534941815,322208,0,0,329804,0,0,0.0,0.0,0.0,-0.0017962694383285571,0.0017962694383285571,52b1d8565de1e8d2acca1ef76c2c60d1e4dc93ad3f0d6e76e98110362bd2a341,ISIC_0000432,0,346.5385981387932,0.09024442659864405,ISIC_0000432,47f11fb202b57f28df77fd6125c578f121a3f3bc1ee336b1a01c6e538d0fb508,0.6796502552678629,0.6796502552678629,0.0,0.0,0.24726995825767517,0.24726995825767517,0.24715495292532363,0.24715495292532363,cuda_FP32_original_batch_present,canonical_letterbox_valid,3d99874f14ae5f316eec36e21141043d75bd4fd17ccfb31e3174198dee269596,f70c4120e23d202e268e0f7eaa0b83ada2c7c057486863c5ba0037e157e5ec00,0.560295820236206,complete_logit_interpolation,0,7077888,0.8074817363792646,0,1713105,0.24203618367513022,92832a9853624963154144d7350d6a81b9535fa0e546367fddaa6a00671bea47,RSI-TailProbe-20261004,0.8110781004380511,1705509,0.24096298217773438,2,54cda622bae47819d8e4cd8c,0.0,0,0.0,U-Mean-logit-alpha-0.000000,17,ISIC_0000432_A06_T1_S1_54cda622bae47819d8e4cd8c.png,S1,0.71728515625,0.7173928967833442,T1,val,M,1703ca22a1c39afeca05ffd0c12fe01606f41d5af81442d20102f130cc2ca491,d67353b51c7f853c45c0fad75d4336d0d442799627d3e648686eb70a497ad029,0.6796502552678629,T1,1383301
0.0,0.0,0.0,,A04,0.05787460133433342,0.057965979240954583,0.17015544968339194,0.014504849339511322,0.6643485907161362,0,5ca3f9fed2a631d522b1bd5334bde7efb3613c82a3aa714d8ae5da962737af8c,0.05787460133433342,0.07459603995084763,0.0,0.07459603995084763,0.9086825251579285,0.0,0.0,02fc8095c431dfc5451811632a802997c5ba97593e8a98ad29eaf0d9e1211df4,complete_update,3840.0,0.9344338882606045,0.9344338882606045,0.9355312261100188,0,0,0,188481,0,0,0.0,0.0,0.0,0.0010973378494143482,-0.0010973378494143482,52b1d8565de1e8d2acca1ef76c2c60d1e4dc93ad3f0d6e76e98110362bd2a341,ISIC_0000434,0,66.51013676057687,0.01732034811473356,ISIC_0000434,95a306d3ad857c10441da805d275e9e3db3eb2410e2ef54693f3b2219024d8f3,0.8769365673006106,0.8769365673006106,0.0,0.0,0.07459603995084763,0.07459603995084763,0.074707728296461,0.074707728296461,cuda_FP32_original_batch_present,canonical_letterbox_valid,3d99874f14ae5f316eec36e21141043d75bd4fd17ccfb31e3174198dee269596,77ac1f3ad9302945ef6bd1d62de96f328a323572615bb9538a4623e76d65674c,0.4816742241382599,complete_logit_interpolation,0,7077888,0.8769365673006106,0,1531576,0.21638884367766203,130dd45c55f2c909cb9a2c29eafa69a5a3b084d498017289bfb455604672fe07,RSI-TailProbe-20261004,1.0,1343095,0.1897592897768374,2,54514b68bae47821f8801fb6,0.0,0,0.0,U-Mean-logit-alpha-0.000000,17,ISIC_0000434_A04_T3_S2_54514b68bae47821f8801fb6.png,S2,0.9086825251579285,0.9085505226480326,T3,val,M,1703ca22a1c39afeca05ffd0c12fe01606f41d5af81442d20102f130cc2ca491,d67353b51c7f853c45c0fad75d4336d0d442799627d3e648686eb70a497ad029,0.8769365673006106,T3,1343095
0.0,0.0,0.0,,A06,0.1687999963760376,0.16893180208801287,0.02111693502771598,0.0,0.07829665226979614,0,5ca3f9fed2a631d522b1bd5334bde7efb3613c82a3aa714d8ae5da962737af8c,0.1687999963760376,0.156654953956604,0.0,0.156654953956604,0.8554900884628296,0.0,0.0,02fc8095c431dfc5451811632a802997c5ba97593e8a98ad29eaf0d9e1211df4,complete_update,3840.0,0.8573461373756938,0.8573461373756938,0.856246186327427,509678,0,0,0,0,0,0.0,0.0,0.0,-0.0010999510482667674,0.0010999510482667674,52b1d8565de1e8d2acca1ef76c2c60d1e4dc93ad3f0d6e76e98110362bd2a341,ISIC_0000434,0,173.9482681718907,0.0452990281697632,ISIC_0000434,95a306d3ad857c10441da805d275e9e3db3eb2410e2ef54693f3b2219024d8f3,0.7503113282325472,0.7503113282325472,0.0,0.0,0.156654953956604,0.156654953956604,0.1567547879867131,0.1567547879867131,cuda_FP32_original_batch_present,canonical_letterbox_valid,3d99874f14ae5f316eec36e21141043d75bd4fd17ccfb31e3174198dee269596,3d4695d913e2e4b3dd656ed0d3c00465201becc6a61fb0ae3e5e49ee9493eb5b,0.4816742241382599,complete_logit_interpolation,0,7077888,1.0,0,1531576,0.21638884367766203,130dd45c55f2c909cb9a2c29eafa69a5a3b084d498017289bfb455604672fe07,RSI-TailProbe-20261004,0.7503113282325472,2041254,0.28839874267578125,2,54cda57fbae47819d8e4cd5c,0.0,0,0.0,U-Mean-logit-alpha-0.000000,17,ISIC_0000434_A06_T1_S1_54cda57fbae47819d8e4cd5c.png,S1,0.8554900884628296,0.8554222261145866,T1,val,M,1703ca22a1c39afeca05ffd0c12fe01606f41d5af81442d20102f130cc2ca491,d67353b51c7f853c45c0fad75d4336d0d442799627d3e648686eb70a497ad029,0.7503113282325472,T1,1531576
0.0,0.0,0.0,,A04,0.14722037315368652,0.14844729327404396,0.19297202501942318,0.11036149997553338,0.32714918545727417,0,5ca3f9fed2a631d522b1bd5334bde7efb3613c82a3aa714d8ae5da962737af8c,0.14722037315368652,0.14943554997444153,0.0,0.14943554997444153,0.8483492732048035,0.0,0.0,02fc8095c431dfc5451811632a802997c5ba97593e8a98ad29eaf0d9e1211df4,complete_update,3840.0,0.8674497122158731,0.8674497122158731,0.862641414706349,328589,0,0,80967,0,0,0.0,0.0,0.0,-0.004808297509524051,0.004808297509524051,52b1d8565de1e8d2acca1ef76c2c60d1e4dc93ad3f0d6e76e98110362bd2a341,ISIC_0000435,0,252.9584946191766,0.0658746079737439,ISIC_0000435,cd272ffeddf72cf0cc8e69b5d6c4c88530f52bc04255f9add0e5a659d4a74d4b,0.7659260004366498,0.7659260004366498,0.0,0.0,0.14943554997444153,0.14943554997444153,0.1503472258240054,0.1503472258240054,cuda_FP32_original_batch_present,canonical_letterbox_valid,3d99874f14ae5f316eec36e21141043d75bd4fd17ccfb31e3174198dee269596,5eace53f5012ca24576b5e7a626749b3765e11612760873208e1f37d46412e28,0.5910217761993408,complete_logit_interpolation,0,7077888,0.9430250011082987,0,1421097,0.20077980889214408,b64cf21b980621bc082d378def932b762563165ba73234488548d6ba70c33e28,RSI-TailProbe-20261004,0.8030890761116761,1668719,0.23576510394061054,2,5451480abae47821f8801fb3,0.0,0,0.0,U-Mean-logit-alpha-0.000000,17,ISIC_0000435_A04_T3_S2_5451480abae47821f8801fb3.png,S2,0.8483492732048035,0.8477528416260331,T3,val,M,1703ca22a1c39afeca05ffd0c12fe01606f41d5af81442d20102f130cc2ca491,d67353b51c7f853c45c0fad75d4336d0d442799627d3e648686eb70a497ad029,0.7659260004366498,T3,1340130
0.0,0.0,0.0,,A06,0.1837375909090042,0.18449465956263658,0.05858715713893016,0.02354735834472309,0.20925236808858313,0,5ca3f9fed2a631d522b1bd5334bde7efb3613c82a3aa714d8ae5da962737af8c,0.1837375909090042,0.1736181676387787,0.0,0.1736181676387787,0.8365012407302856,0.0,0.0,02fc8095c431dfc5451811632a802997c5ba97593e8a98ad29eaf0d9e1211df4,complete_update,3840.0,0.8469411874252397,0.8469411874252397,0.8421538206991807,510687,0,0,2169,0,0,0.0,0.0,0.0,-0.004787366726059061,0.004787366726059061,52b1d8565de1e8d2acca1ef76c2c60d1e4dc93ad3f0d6e76e98110362bd2a341,ISIC_0000435,0,217.2232720248127,0.05656856042312831,ISIC_0000435,cd272ffeddf72cf0cc8e69b5d6c4c88530f52bc04255f9add0e5a659d4a74d4b,0.7345169025108397,0.7345169025108397,0.0,0.0,0.1736181676387787,0.1736181676387787,0.17418861705088678,0.17418861705088678,cuda_FP32_original_batch_present,canonical_letterbox_valid,3d99874f14ae5f316eec36e21141043d75bd4fd17ccfb31e3174198dee269596,9281ae0dbaabf2e6cdf452c02ec00538078fc494023f1ae2d2b291297d132d28,0.5910217761993408,complete_logit_interpolation,0,7077888,0.9984737143206973,0,1421097,0.20077980889214408,b64cf21b980621bc082d378def932b762563165ba73234488548d6ba70c33e28,RSI-TailProbe-20261004,0.735342542424266,1929615,0.27262581719292533,2,54cda51fbae47819d8e4cd56,0.0,0,0.0,U-Mean-logit-alpha-0.000000,17,ISIC_0000435_A06_T1_S1_54cda51fbae47819d8e4cd56.png,S1,0.8365012407302856,0.836117425460863,T1,val,M,1703ca22a1c39afeca05ffd0c12fe01606f41d5af81442d20102f130cc2ca491,d67353b51c7f853c45c0fad75d4336d0d442799627d3e648686eb70a497ad029,0.7345169025108397,T1,1418928
0.0,0.0,0.0,,A04,0.08557037264108658,0.0854872573962402,0.26380847682010405,0.10123654134451973,0.5133711498745894,0,5ca3f9fed2a631d522b1bd5334bde7efb3613c82a3aa714d8ae5da962737af8c,0.08557037264108658,0.08486394584178925,0.0,0.08486394584178925,0.9158424735069275,0.0,0.0,02fc8095c431dfc5451811632a802997c5ba97593e8a98ad29eaf0d9e1211df4,complete_update,3840.0,0.9440684065527624,0.9440684065527624,0.9472369368023272,61058,0,0,218704,0,0,0.0,0.0,0.0,0.0031685302495648715,-0.0031685302495648715,52b1d8565de1e8d2acca1ef76c2c60d1e4dc93ad3f0d6e76e98110362bd2a341,ISIC_0000436,0,105.54619841567009,0.02748598917074742,ISIC_0000436,301d7e0decec28782f9d297df0e5078ecce5ee9fd8e68d243a32188735bbaad6,0.8940620892597009,0.8940620892597009,0.0,0.0,0.08486394584178925,0.08486394584178925,0.08480908563102862,0.08480908563102862,cuda_FP32_original_batch_present,canonical_letterbox_valid,3d99874f14ae5f316eec36e21141043d75bd4fd17ccfb31e3174198dee269596,75bfbf861c368cc4dd22cc50c003de0eaf6e3110e05f0d85056905dbd3087cc9,0.519392192363739,complete_logit_interpolation,0,7077888,0.9152228914938756,0,2579753,0.36448061907732926,e6e7f16767b746fe033d98e2707a9dfaa1c9c75ff8e8889a8c43b6790a1ce6c4,RSI-TailProbe-20261004,0.9747913696628596,2422107,0.3422075907389323,2,5451450cbae47821f8801fb0,0.0,0,0.0,U-Mean-logit-alpha-0.000000,17,ISIC_0000436_A04_T1_S2_5451450cbae47821f8801fb0.png,S2,0.9158424735069275,0.9158690861341829,T1,val,M,1703ca22a1c39afeca05ffd0c12fe01606f41d5af81442d20102f130cc2ca491,d67353b51c7f853c45c0fad75d4336d0d442799627d3e648686eb70a497ad029,0.8940620892597009,T1,2361049
0.0,0.0,0.0,,A06,0.40924540162086487,0.40835305827716106,0.05767829025552411,0.012102780536246277,0.1168049639754251,0,5ca3f9fed2a631d522b1bd5334bde7efb3613c82a3aa714d8ae5da962737af8c,0.40924540162086487,0.28921884298324585,0.0,0.28921884298324585,0.8308076858520508,0.0,0.0,02fc8095c431dfc5451811632a802997c5ba97593e8a98ad29eaf0d9e1211df4,complete_update,3840.0,0.8347415541189304,0.8347415541189304,0.828891019140808,1015529,0,0,4246,0,0,0.0,0.0,0.0,-0.005850534978122379,0.005850534978122379,52b1d8565de1e8d2acca1ef76c2c60d1e4dc93ad3f0d6e76e98110362bd2a341,ISIC_0000436,0,305.19615107866895,0.07947816434340337,ISIC_0000436,301d7e0decec28782f9d297df0e5078ecce5ee9fd8e68d243a32188735bbaad6,0.7163574373303679,0.7163574373303679,0.0,0.0,0.28921884298324585,0.28921884298324585,0.288716911997966,0.288716911997966,cuda_FP32_original_batch_present,canonical_letterbox_valid,3d99874f14ae5f316eec36e21141043d75bd4fd17ccfb31e3174198dee269596,28682455d03cde3b652b9662d64b52a3fe1f4c02fb18d5e0f772d7fa98b51691,0.519392192363739,complete_logit_interpolation,0,7077888,0.9983541059938684,0,2579753,0.36448061907732926,e6e7f16767b746fe033d98e2707a9dfaa1c9c75ff8e8889a8c43b6790a1ce6c4,RSI-TailProbe-20261004,0.7172044501920894,3591036,0.5073598225911459,2,54cda4dcbae47819d8e4cd50,0.0,0,0.0,U-Mean-logit-alpha-0.000000,17,ISIC_0000436_A06_T1_S1_54cda4dcbae47819d8e4cd50.png,S1,0.8308076858520508,0.830919234281229,T1,val,M,1703ca22a1c39afeca05ffd0c12fe01606f41d5af81442d20102f130cc2ca491,d67353b51c7f853c45c0fad75d4336d0d442799627d3e648686eb70a497ad029,0.7163574373303679,T1,2575507
0.0,0.0,0.0,,A04,0.026541247963905334,0.025182925693141164,0.6179513504172723,0.3941297496717477,0.8337757060046815,0,5ca3f9fed2a631d522b1bd5334bde7efb3613c82a3aa714d8ae5da962737af8c,0.026541247963905334,0.05073431879281998,0.0,0.05073431879281998,0.9250726103782654,0.0,0.0,02fc8095c431dfc5451811632a802997c5ba97593e8a98ad29eaf0d9e1211df4,complete_update,3840.0,0.937309750392515,0.937309750392515,0.9431063882479775,51364,0,0,3418,0,0,0.0,0.0,0.0,0.005796637855462583,-0.005796637855462583,52b1d8565de1e8d2acca1ef76c2c60d1e4dc93ad3f0d6e76e98110362bd2a341,ISIC_0000439,0,107.90829006835611,0.02810111720530107,ISIC_0000439,d160c934a884d22ef5f41e4d5ab1acfc202e436f79edc6f7f2a3563a3ed047f7,0.8820159503098098,0.8820159503098098,0.0,0.0,0.05073431879281998,0.05073431879281998,0.049065828972142116,0.049065828972142116,cuda_FP32_original_batch_present,canonical_letterbox_valid,3d99874f14ae5f316eec36e21141043d75bd4fd17ccfb31e3174198dee269596,23bc5569e25c3fcbfa6b8396464103a439a7449ee87233b9655dfd416b573c5b,0.6087298393249512,complete_logit_interpolation,0,7077888,0.9917230290129869,0,412953,0.05834409925672743,e1a46b59f55d850714c03dc875e41f4462fa9beb257a6a29383d0cbdd32b8f3e,RSI-TailProbe-20261004,0.8885569289584052,460899,0.06511815388997395,2,54512ae1bae47821f8801fa7,0.0,0,0.0,U-Mean-logit-alpha-0.000000,17,ISIC_0000439_A04_T3_S2_54512ae1bae47821f8801fa7.png,S2,0.9250726103782654,0.9270512677488569,T3,val,M,1703ca22a1c39afeca05ffd0c12fe01606f41d5af81442d20102f130cc2ca491,d67353b51c7f853c45c0fad75d4336d0d442799627d3e648686eb70a497ad029,0.8820159503098098,T3,409535
0.0,0.0,0.0,,A06,0.06574796885251999,0.06576793834325244,0.06627967246523106,0.04864520788120861,0.3452879379175417,0,5ca3f9fed2a631d522b1bd5334bde7efb3613c82a3aa714d8ae5da962737af8c,0.06574796885251999,0.10282102227210999,0.0,0.10282102227210999,0.8601059317588806,0.0,0.0,02fc8095c431dfc5451811632a802997c5ba97593e8a98ad29eaf0d9e1211df4,complete_update,3840.0,0.8614911202085973,0.8614911202085973,0.8665118936400314,132403,0,0,291,0,0,0.0,0.0,0.0,0.0050207734314341446,-0.0050207734314341446,52b1d8565de1e8d2acca1ef76c2c60d1e4dc93ad3f0d6e76e98110362bd2a341,ISIC_0000439,0,92.64987857520376,0.02412757254562598,ISIC_0000439,d160c934a884d22ef5f41e4d5ab1acfc202e436f79edc6f7f2a3563a3ed047f7,0.7566837075231592,0.7566837075231592,0.0,0.0,0.10282102227210999,0.10282102227210999,0.1032290863817324,0.1032290863817324,cuda_FP32_original_batch_present,canonical_letterbox_valid,3d99874f14ae5f316eec36e21141043d75bd4fd17ccfb31e3174198dee269596,911b9f40f9110c393e6f1b7e907ffcbc1e7ef465ae545de81e908b55b669fc5a,0.6087298393249512,complete_logit_interpolation,0,7077888,0.9992953193220536,0,412953,0.05834409925672743,e1a46b59f55d850714c03dc875e41f4462fa9beb257a6a29383d0cbdd32b8f3e,RSI-TailProbe-20261004,0.757087686789649,545065,0.07700955426251446,2,54cda37dbae47819d8e4cd3e,0.0,0,0.0,U-Mean-logit-alpha-0.000000,17,ISIC_0000439_A06_T1_S1_54cda37dbae47819d8e4cd3e.png,S1,0.8601059317588806,0.8593097655797877,T1,val,M,1703ca22a1c39afeca05ffd0c12fe01606f41d5af81442d20102f130cc2ca491,d67353b51c7f853c45c0fad75d4336d0d442799627d3e648686eb70a497ad029,0.7566837075231592,T1,412662
0.0,0.0,0.0,,A04,0.31272557377815247,0.31218605172158304,0.13977567338015098,0.08117987663540566,0.25277959368211345,0,5ca3f9fed2a631d522b1bd5334bde7efb3613c82a3aa714d8ae5da962737af8c,0.31272557377815247,0.22804681956768036,0.0,0.22804681956768036,0.8566319346427917,0.0,0.0,02fc8095c431dfc5451811632a802997c5ba97593e8a98ad29eaf0d9e1211df4,complete_update,3840.0,0.8821530831226826,0.8821530831226826,0.9002423090486351,16600,0,0,990909,0,0,0.0,0.0,0.0,0.018089225925952523,-0.018089225925952523,52b1d8565de1e8d2acca1ef76c2c60d1e4dc93ad3f0d6e76e98110362bd2a341,ISIC_0000450,0,387.2324883064436,0.10084179382980302,ISIC_0000450,926110da71d6626176d42fde5e2bb4eab3b84db51cc3d85ab54645811f93130a,0.7891537470863714,0.7891537470863714,0.0,0.0,0.22804681956768036,0.22804681956768036,0.2277136105830805,0.2277136105830805,cuda_FP32_original_batch_present,canonical_letterbox_valid,3d99874f14ae5f316eec36e21141043d75bd4fd17ccfb31e3174198dee269596,c579e8293c40c9f513999e9e64b02312afa8ad893b3c1451c593cbe3cee90026,0.4382890462875366,complete_logit_interpolation,0,7077888,0.7919047941054298,0,4761806,0.6727721602828415,bc677414da5130c9be6cc8ef02380e70d3e09295b92a253428416f2122e6dc9a,RSI-TailProbe-20261004,0.9956171582446138,3787497,0.5351168314615885,2,54511f18bae47821f8801f86,0.0,0,0.0,U-Mean-logit-alpha-0.000000,17,ISIC_0000450_A04_T3_S2_54511f18bae47821f8801f86.png,S2,0.8566319346427917,0.856758830555422,T3,val,M,1703ca22a1c39afeca05ffd0c12fe01606f41d5af81442d20102f130cc2ca491,d67353b51c7f853c45c0fad75d4336d0d442799627d3e648686eb70a497ad029,0.7891537470863714,T3,3770897
0.0,0.0,0.0,,A06,0.21545808017253876,0.21606752403362903,0.19474735101166823,0.06148764404024183,0.30153750759993225,0,5ca3f9fed2a631d522b1bd5334bde7efb3613c82a3aa714d8ae5da962737af8c,0.21545808017253876,0.15628951787948608,0.0,0.15628951787948608,0.9028790593147278,0.0,0.0,02fc8095c431dfc5451811632a802997c5ba97593e8a98ad29eaf0d9e1211df4,complete_update,3840.0,0.9206863893740405,0.9206863893740405,0.9030959632621285,794984,0,0,21700,0,0,0.0,0.0,0.0,-0.017590426111911972,0.017590426111911972,52b1d8565de1e8d2acca1ef76c2c60d1e4dc93ad3f0d6e76e98110362bd2a341,ISIC_0000450,0,212.5159993163311,0.05534270815529455,ISIC_0000450,926110da71d6626176d42fde5e2bb4eab3b84db51cc3d85ab54645811f93130a,0.8530295368369148,0.8530295368369148,0.0,0.0,0.15628951787948608,0.15628951787948608,0.15669396484273757,0.15669396484273757,cuda_FP32_original_batch_present,canonical_letterbox_valid,3d99874f14ae5f316eec36e21141043d75bd4fd17ccfb31e3174198dee269596,a565615c3960caac239357922a5e3334d3fbdf5b32756cecd74388657d5586b5,0.4382890462875366,complete_logit_interpolation,0,7077888,0.9954429054858598,0,4761806,0.6727721602828415,bc677414da5130c9be6cc8ef02380e70d3e09295b92a253428416f2122e6dc9a,RSI-TailProbe-20261004,0.8563737897667427,5535090,0.7820256551106771,2,54cd9dcabae47819d8e4cca8,0.0,0,0.0,U-Mean-logit-alpha-0.000000,17,ISIC_0000450_A06_T1_S1_54cd9dcabae47819d8e4cca8.png,S1,0.9028790593147278,0.9026795943481539,T1,val,M,1703ca22a1c39afeca05ffd0c12fe01606f41d5af81442d20102f130cc2ca491,d67353b51c7f853c45c0fad75d4336d0d442799627d3e648686eb70a497ad029,0.8530295368369148,T1,4740106
0.0,0.0,0.0,,A04,0.09773804247379303,0.09820222090977722,0.09179211697366754,0.02910032256675877,0.39660247774223795,0,5ca3f9fed2a631d522b1bd5334bde7efb3613c82a3aa714d8ae5da962737af8c,0.09773804247379303,0.11455664783716202,0.0,0.11455664783716202,0.868624746799469,0.0,0.0,02fc8095c431dfc5451811632a802997c5ba97593e8a98ad29eaf0d9e1211df4,complete_update,3612.2104036171536,0.8781186190062665,0.8781186190062665,0.8743644186348244,2757,0,0,194577,0,0,0.0,0.0,0.0,-0.00375420037144214,0.00375420037144214,015a5182dfe5ccbc86e54e2a297d7057c76dbe74152c60b933a79ba1c5e747cf,ISIC_0000473,0,126.01884772248685,0.03488690680816808,ISIC_0000473,3c8bd282f1c8b718594f3864a3f0e92174dd782cf293d40a8f180fd813501a9a,0.7827196652719666,0.7827196652719666,0.0,0.0,0.11455664783716202,0.11455664783716202,0.11510418911834516,0.11510418911834516,cuda_FP32_original_batch_present,canonical_letterbox_valid,3d99874f14ae5f316eec36e21141043d75bd4fd17ccfb31e3174198dee269596,3b60a4cb4274f744c934c2da6a99f20d08c5acdbcf0ccb55307478e0863a59f2,0.5944202542304993,complete_logit_interpolation,0,6016000,0.7851029827388362,0,905443,0.15050581781914893,1565ae95485da22d3e91f0f77027d2a1a7759162abef77933f7bfc3ee8720233,RSI-TailProbe-20261004,0.996136615551909,713623,0.11862084441489362,2,54510071bae47821f8801f3b,0.0,0,0.0,U-Mean-logit-alpha-0.000000,17,ISIC_0000473_A04_T3_S2_54510071bae47821f8801f3b.png,S2,0.868624746799469,0.8679938426730869,T3,val,M,1703ca22a1c39afeca05ffd0c12fe01606f41d5af81442d20102f130cc2ca491,d67353b51c7f853c45c0fad75d4336d0d442799627d3e648686eb70a497ad029,0.7827196652719666,T3,710866
0.0,0.0,0.0,,A06,0.058943502604961395,0.05903874229563661,0.213201644841041,0.11269535232135483,0.47066122500758173,0,5ca3f9fed2a631d522b1bd5334bde7efb3613c82a3aa714d8ae5da962737af8c,0.058943502604961395,0.07161745429039001,0.0,0.07161745429039001,0.915708601474762,0.0,0.0,02fc8095c431dfc5451811632a802997c5ba97593e8a98ad29eaf0d9e1211df4,complete_update,3612.2104036171536,0.9235503260470974,0.9235503260470974,0.9255433624110452,141055,0,0,7590,0,0,0.0,0.0,0.0,0.0019930363639477644,-0.0019930363639477644,015a5182dfe5ccbc86e54e2a297d7057c76dbe74152c60b933a79ba1c5e747cf,ISIC_0000473,0,89.19977574220125,0.024693959037624003,ISIC_0000473,3c8bd282f1c8b718594f3864a3f0e92174dd782cf293d40a8f180fd813501a9a,0.8579595947627229,0.8579595947627229,0.0,0.0,0.07161745429039001,0.07161745429039001,0.07174556176269595,0.07174556176269595,cuda_FP32_original_batch_present,canonical_letterbox_valid,3d99874f14ae5f316eec36e21141043d75bd4fd17ccfb31e3174198dee269596,eebfe400654241f0887bf2eb346a7a78ab92f1f71888aa8893e684c9cd91c5a0,0.5944202542304993,complete_logit_interpolation,0,6016000,0.9916173629924799,0,905443,0.15050581781914893,1565ae95485da22d3e91f0f77027d2a1a7759162abef77933f7bfc3ee8720233,RSI-TailProbe-20261004,0.8642276313205789,1038908,0.17269082446808512,2,54cc1475bae47819d8e4cadb,0.0,0,0.0,U-Mean-logit-alpha-0.000000,17,ISIC_0000473_A06_T1_S1_54cc1475bae47819d8e4cadb.png,S1,0.915708601474762,0.9155476187702447,T1,val,M,1703ca22a1c39afeca05ffd0c12fe01606f41d5af81442d20102f130cc2ca491,d67353b51c7f853c45c0fad75d4336d0d442799627d3e648686eb70a497ad029,0.8579595947627229,T1,897853
0.0,0.0,0.0,,A04,0.0959894210100174,0.09664267781107061,0.4568232088139974,0.27990035173165057,0.7308227495931697,0,5ca3f9fed2a631d522b1bd5334bde7efb3613c82a3aa714d8ae5da962737af8c,0.0959894210100174,0.11105356365442276,0.0,0.11105356365442276,0.8738822937011719,0.0,0.0,02fc8095c431dfc5451811632a802997c5ba97593e8a98ad29eaf0d9e1211df4,complete_update,1219.73972633509,0.9470416084680217,0.9470416084680217,0.9481836779895544,14615,0,0,7679,0,0,0.0,0.0,0.0,0.0011420695215327292,-0.0011420695215327292,e806c6c9c8ac81b7b4a224b2d6cfe9e35c44323f0b4b1f078d3e9426197386f6,ISIC_0000489,0,34.52535300326414,0.028305508345621636,ISIC_0000489,e7f556101e2c2e5397a91f2c5bd1d4296446586aff65937f5c741a1b0f197a64,0.8994102863743215,0.8994102863743215,0.0,0.0,0.11105356365442276,0.11105356365442276,0.11164603523888444,0.11164603523888444,cuda_FP32_original_batch_present,canonical_letterbox_valid,3d99874f14ae5f316eec36e21141043d75bd4fd17ccfb31e3174198dee269596,e667a7a1ffad6731b0b6dc0bb66ca87f5019d68f06c79b896d81f6aa8409afae,0.42969265580177307,complete_logit_interpolation,0,737038,0.9629066071549334,0,207018,0.2808783264906287,f14f78a6ed1963818d2cb8c87e37aeccbf9052a4c0d49cc192c0cc8604c7a1dd,RSI-TailProbe-20261004,0.9316909242173551,213954,0.29028896746165056,2,5450f48cbae47865794e4d22,0.0,0,0.0,U-Mean-logit-alpha-0.000000,17,ISIC_0000489_A04_T3_S2_5450f48cbae47865794e4d22.png,S2,0.8738822937011719,0.8733506073333017,T3,val,M,1703ca22a1c39afeca05ffd0c12fe01606f41d5af81442d20102f130cc2ca491,d67353b51c7f853c45c0fad75d4336d0d442799627d3e648686eb70a497ad029,0.8994102863743215,T3,199339
0.0,0.0,0.0,,A12,0.09404648095369339,0.09410025868609641,0.4595511946404221,0.2639219270306761,0.737803977446635,0,5ca3f9fed2a631d522b1bd5334bde7efb3613c82a3aa714d8ae5da962737af8c,0.09404648095369339,0.11056476831436157,0.0,0.11056476831436157,0.8729169368743896,0.0,0.0,02fc8095c431dfc5451811632a802997c5ba97593e8a98ad29eaf0d9e1211df4,complete_update,1219.73972633509,0.9500565694447473,0.9500565694447473,0.9520212202622412,9673,0,0,10942,0,0,0.0,0.0,0.0,0.0019646508174939736,-0.0019646508174939736,e806c6c9c8ac81b7b4a224b2d6cfe9e35c44323f0b4b1f078d3e9426197386f6,ISIC_0000489,0,29.0,0.023775564059994425,ISIC_0000489,e7f556101e2c2e5397a91f2c5bd1d4296446586aff65937f5c741a1b0f197a64,0.9048645305988712,0.9048645305988712,0.0,0.0,0.11056476831436157,0.11056476831436157,0.11064453780790162,0.11064453780790162,cuda_FP32_original_batch_present,canonical_letterbox_valid,3d99874f14ae5f316eec36e21141043d75bd4fd17ccfb31e3174198dee269596,7598d537ab2e14b28d15388e416913bb4e806177e19dd8be6e841a210e0ef489,0.42969265580177307,complete_logit_interpolation,0,737038,0.947144692732033,0,207018,0.2808783264906287,f14f78a6ed1963818d2cb8c87e37aeccbf9052a4c0d49cc192c0cc8604c7a1dd,RSI-TailProbe-20261004,0.9529864057662492,205749,0.27915656994619004,2,5450f4d5bae47865794e4d28,0.0,0,0.0,U-Mean-logit-alpha-0.000000,17,ISIC_0000489_A12_T3_S1_5450f4d5bae47865794e4d28.png,S1,0.8729169368743896,0.8728111830702932,T3,val,M,1703ca22a1c39afeca05ffd0c12fe01606f41d5af81442d20102f130cc2ca491,d67353b51c7f853c45c0fad75d4336d0d442799627d3e648686eb70a497ad029,0.9048645305988712,T3,196076
0.0,0.0,0.0,,A04,0.07359550148248672,0.07419320122921375,0.33127456596561067,0.18751062240877606,0.6525673280122267,0,5ca3f9fed2a631d522b1bd5334bde7efb3613c82a3aa714d8ae5da962737af8c,0.07359550148248672,0.07253895699977875,0.0,0.07253895699977875,0.9285175800323486,0.0,0.0,02fc8095c431dfc5451811632a802997c5ba97593e8a98ad29eaf0d9e1211df4,complete_update,1219.73972633509,0.9496360657185073,0.9496360657185073,0.9503474277879912,2513,0,0,16882,0,0,0.0,0.0,0.0,0.0007113620694838563,-0.0007113620694838563,e806c6c9c8ac81b7b4a224b2d6cfe9e35c44323f0b4b1f078d3e9426197386f6,ISIC_0000498,0,110.07451588048221,0.09024426564445788,ISIC_0000498,e19781df41367a8a8dea36a6d89acf567fb0c414567d86547ca1feffeab1d58a,0.9041019352669522,0.9041019352669522,0.0,0.0,0.07253895699977875,0.07253895699977875,0.07303398067462955,0.07303398067462955,cuda_FP32_original_batch_present,canonical_letterbox_valid,3d99874f14ae5f316eec36e21141043d75bd4fd17ccfb31e3174198dee269596,d50cf2873bf845315b6456f30e1788e6f7dae899cd52197a0ad0bfe6a09865a4,0.3929162919521332,complete_logit_interpolation,0,737038,0.915477162011285,0,199733,0.27099416855033254,2716e77b567490d85c91f0f7cfc1ed6cdebc77d0d7fa3ca9e24dc3b687154e84,RSI-TailProbe-20261004,0.9864428907446969,185364,0.25149856588127073,2,544ead46bae478661558fb78,0.0,0,0.0,U-Mean-logit-alpha-0.000000,17,ISIC_0000498_A04_T3_S2_544ead46bae478661558fb78.png,S2,0.9285175800323486,0.9281252398799547,T3,val,M,1703ca22a1c39afeca05ffd0c12fe01606f41d5af81442d20102f130cc2ca491,d67353b51c7f853c45c0fad75d4336d0d442799627d3e648686eb70a497ad029,0.9041019352669522,T3,182851
0.0,0.0,0.0,,A06,0.056252963840961456,0.05618212754654703,0.32593329123587456,0.13042729583389137,0.6689119928030149,0,5ca3f9fed2a631d522b1bd5334bde7efb3613c82a3aa714d8ae5da962737af8c,0.056252963840961456,0.05894327536225319,0.0,0.05894327536225319,0.9383664131164551,0.0,0.0,02fc8095c431dfc5451811632a802997c5ba97593e8a98ad29eaf0d9e1211df4,complete_update,1219.73972633509,0.9548104114965084,0.9548104114965084,0.9539155547326429,17587,0,0,1205,0,0,0.0,0.0,0.0,-0.0008948567638654703,0.0008948567638654703,e806c6c9c8ac81b7b4a224b2d6cfe9e35c44323f0b4b1f078d3e9426197386f6,ISIC_0000498,0,23.769728648009426,0.01948754159170458,ISIC_0000498,e19781df41367a8a8dea36a6d89acf567fb0c414567d86547ca1feffeab1d58a,0.9135284373274434,0.9135284373274434,0.0,0.0,0.05894327536225319,0.05894327536225319,0.058890341677156,0.058890341677156,cuda_FP32_original_batch_present,canonical_letterbox_valid,3d99874f14ae5f316eec36e21141043d75bd4fd17ccfb31e3174198dee269596,84dbe3d7085fd90b854fba64aee256d2899472fd307cbe098e618abcbac9da18,0.3929162919521332,complete_logit_interpolation,0,737038,0.9939669458727401,0,199733,0.27099416855033254,2716e77b567490d85c91f0f7cfc1ed6cdebc77d0d7fa3ca9e24dc3b687154e84,RSI-TailProbe-20261004,0.9186220299377647,216115,0.2932209736811399,2,54cc0254bae47819d8e4c996,0.0,0,0.0,U-Mean-logit-alpha-0.000000,17,ISIC_0000498_A06_T1_S1_54cc0254bae47819d8e4c996.png,S1,0.9383664131164551,0.938401444192235,T1,val,M,1703ca22a1c39afeca05ffd0c12fe01606f41d5af81442d20102f130cc2ca491,d67353b51c7f853c45c0fad75d4336d0d442799627d3e648686eb70a497ad029,0.9135284373274434,T1,198528
0.0,0.0,0.0,,A04,0.10917596518993378,0.10947268132845941,0.3176323496826088,0.14903077428540137,0.6964898976567928,0,5ca3f9fed2a631d522b1bd5334bde7efb3613c82a3aa714d8ae5da962737af8c,0.10917596518993378,0.09682910889387131,0.0,0.09682910889387131,0.9155177474021912,0.0,0.0,02fc8095c431dfc5451811632a802997c5ba97593e8a98ad29eaf0d9e1211df4,complete_update,1219.73972633509,0.9387363700852231,0.9387363700852231,0.9377077294020933,6549,0,0,24628,0,0,0.0,0.0,0.0,-0.0010286406831298,0.0010286406831298,e806c6c9c8ac81b7b4a224b2d6cfe9e35c44323f0b4b1f078d3e9426197386f6,ISIC_0000516,0,91.54780172128658,0.07505519394400403,ISIC_0000516,91ef0e800003244a477c7a0c613c2844257b01980111ad06110e6ae14aaebbda,0.884545878728179,0.884545878728179,0.0,0.0,0.09682910889387131,0.09682910889387131,0.09705212290607122,0.09705212290607122,cuda_FP32_original_batch_present,canonical_letterbox_valid,3d99874f14ae5f316eec36e21141043d75bd4fd17ccfb31e3174198dee269596,4546fb10425071001a1b2c5ba2246590887bad96d04b27dfe464aa0dad8c8296,0.5282344222068787,complete_logit_interpolation,0,737038,0.9065312024410886,0,263489,0.3574971711092237,4218aa17696d8b7a5cc21eb51aac9545edb5e1daed8151a42a198f01f558c461,RSI-TailProbe-20261004,0.9733140458824009,245410,0.3329679066750968,2,544e6a95bae478661558fb42,0.0,0,0.0,U-Mean-logit-alpha-0.000000,17,ISIC_0000516_A04_T3_S2_544e6a95bae478661558fb42.png,S2,0.9155177474021912,0.915368435516317,T3,val,M,1703ca22a1c39afeca05ffd0c12fe01606f41d5af81442d20102f130cc2ca491,d67353b51c7f853c45c0fad75d4336d0d442799627d3e648686eb70a497ad029,0.884545878728179,T3,238861
0.0,0.0,0.0,,A06,0.10871680080890656,0.108923536241551,0.43468404292107493,0.26331692649631927,0.7476874180273831,0,5ca3f9fed2a631d522b1bd5334bde7efb3613c82a3aa714d8ae5da962737af8c,0.10871680080890656,0.09442157298326492,0.0,0.09442157298326492,0.9198736548423767,0.0,0.0,02fc8095c431dfc5451811632a802997c5ba97593e8a98ad29eaf0d9e1211df4,complete_update,1219.73972633509,0.9420703000948998,0.9420703000948998,0.939907590170211,21339,0,0,9854,0,0,0.0,0.0,0.0,-0.0021627099246888104,0.0021627099246888104,e806c6c9c8ac81b7b4a224b2d6cfe9e35c44323f0b4b1f078d3e9426197386f6,ISIC_0000516,0,73.79024325749306,0.060496712261072345,ISIC_0000516,91ef0e800003244a477c7a0c613c2844257b01980111ad06110e6ae14aaebbda,0.8904847837993456,0.8904847837993456,0.0,0.0,0.09442157298326492,0.09442157298326492,0.09457933097921642,0.09457933097921642,cuda_FP32_original_batch_present,canonical_letterbox_valid,3d99874f14ae5f316eec36e21141043d75bd4fd17ccfb31e3174198dee269596,4aa0baac17cdab96b636a6cebdf23733f720096e8cfdd246ec3c7a17c1bbd794,0.5282344222068787,complete_logit_interpolation,0,737038,0.9626018543468607,0,263489,0.3574971711092237,4218aa17696d8b7a5cc21eb51aac9545edb5e1daed8151a42a198f01f558c461,RSI-TailProbe-20261004,0.922396299286478,274974,0.3730798140665746,2,54cbfd4abae47819d8e4c8c4,0.0,0,0.0,U-Mean-logit-alpha-0.000000,17,ISIC_0000516_A06_T1_S1_54cbfd4abae47819d8e4c8c4.png,S1,0.9198736548423767,0.9197648742831182,T1,val,M,1703ca22a1c39afeca05ffd0c12fe01606f41d5af81442d20102f130cc2ca491,d67353b51c7f853c45c0fad75d4336d0d442799627d3e648686eb70a497ad029,0.8904847837993456,T1,253635
0.0,0.0,0.0,,A04,0.09113764762878418,0.09042759049556362,0.19921302681878916,0.09232396451454081,0.6122080402367295,0,5ca3f9fed2a631d522b1bd5334bde7efb3613c82a3aa714d8ae5da962737af8c,0.09113764762878418,0.07365480065345764,0.0,0.07365480065345764,0.9438280463218689,0.0,0.0,02fc8095c431dfc5451811632a802997c5ba97593e8a98ad29eaf0d9e1211df4,complete_update,3840.0,0.9572415554415096,0.9572415554415096,0.959007893948793,5774,0,0,276168,0,0,0.0,0.0,0.0,0.0017663385072834714,-0.0017663385072834714,52b1d8565de1e8d2acca1ef76c2c60d1e4dc93ad3f0d6e76e98110362bd2a341,ISIC_0000521,0,70.07852592895682,0.018249616127332505,ISIC_0000521,2f69fe2fce0f44b683a8de453357d5d0388195f3f9bdcb44fc2219b0caa76469,0.9179897419548694,0.9179897419548694,0.0,0.0,0.07365480065345764,0.07365480065345764,0.07319177136027206,0.07319177136027206,cuda_FP32_original_batch_present,canonical_letterbox_valid,3d99874f14ae5f316eec36e21141043d75bd4fd17ccfb31e3174198dee269596,5bac70d7e47d2b6a8b1dbdc20c2d8c2bdb5b0d967e7b66e7921b7edd2afc0127,0.7831846475601196,complete_logit_interpolation,0,7077888,0.9195341179034606,0,3432113,0.48490637320059315,fa398668099eb8945c54615eb9c193a5bf896194b8c56fb7d104c5bbf867206a,RSI-TailProbe-20261004,0.998173778251641,3161719,0.44670373422128185,2,544e6483bae478661558fb33,0.0,0,0.0,U-Mean-logit-alpha-0.000000,17,ISIC_0000521_A04_T3_S1_544e6483bae478661558fb33.png,S1,0.9438280463218689,0.9440440477750195,T3,val,M,1703ca22a1c39afeca05ffd0c12fe01606f41d5af81442d20102f130cc2ca491,d67353b51c7f853c45c0fad75d4336d0d442799627d3e648686eb70a497ad029,0.9179897419548694,T3,3155945
0.0,0.0,0.0,,A06,0.10501450300216675,0.104681625037775,0.0838771812120151,0.042369506263601975,0.36428636503838097,0,5ca3f9fed2a631d522b1bd5334bde7efb3613c82a3aa714d8ae5da962737af8c,0.10501450300216675,0.08119475841522217,0.0,0.08119475841522217,0.9426249861717224,0.0,0.0,02fc8095c431dfc5451811632a802997c5ba97593e8a98ad29eaf0d9e1211df4,complete_update,3840.0,0.9497180906461906,0.9497180906461906,0.9481765520905591,361667,0,0,1585,0,0,0.0,0.0,0.0,-0.0015415385556315497,0.0015415385556315497,52b1d8565de1e8d2acca1ef76c2c60d1e4dc93ad3f0d6e76e98110362bd2a341,ISIC_0000521,0,82.20097323024831,0.021406503445377163,ISIC_0000521,2f69fe2fce0f44b683a8de453357d5d0388195f3f9bdcb44fc2219b0caa76469,0.9042506418400645,0.9042506418400645,0.0,0.0,0.08119475841522217,0.08119475841522217,0.08098734849034678,0.08098734849034678,cuda_FP32_original_batch_present,canonical_letterbox_valid,3d99874f14ae5f316eec36e21141043d75bd4fd17ccfb31e3174198dee269596,c550868d9cdec4917702446ef69568058e1e59346fcce3d9648fae9e93e1d3e0,0.7831846475601196,complete_logit_interpolation,0,7077888,0.9995381853686053,0,3432113,0.48490637320059315,fa398668099eb8945c54615eb9c193a5bf896194b8c56fb7d104c5bbf867206a,RSI-TailProbe-20261004,0.9046285858190309,3792195,0.5357805887858073,2,568b32539fc3c126c063feb9,0.0,0,0.0,U-Mean-logit-alpha-0.000000,17,ISIC_0000521_A06_T1_S1_568b32539fc3c126c063feb9.png,S1,0.9426249861717224,0.9427069280570815,T1,val,M,1703ca22a1c39afeca05ffd0c12fe01606f41d5af81442d20102f130cc2ca491,d67353b51c7f853c45c0fad75d4336d0d442799627d3e648686eb70a497ad029,0.9042506418400645,T1,3430528
0.0,0.0,0.0,,A04,0.5082158446311951,0.50680621310167,0.002257846014901784,0.0,0.023049866540274903,0,5ca3f9fed2a631d522b1bd5334bde7efb3613c82a3aa714d8ae5da962737af8c,0.5082158446311951,0.38719913363456726,0.0,0.38719913363456726,0.7338175773620605,0.0,0.0,02fc8095c431dfc5451811632a802997c5ba97593e8a98ad29eaf0d9e1211df4,complete_update,1093.5890452999245,0.7568025044454255,0.7568025044454255,0.7819336041381574,0,0,0,139367,0,0,0.0,0.0,0.0,0.025131099692731862,-0.025131099692731862,8cf189b315d729c56f5a3e78a4af88f3d74b9778c6aa779dab25393db4d05f87,ISIC_0000547,0,155.2051866911711,0.14192277012852209,ISIC_0000547,bbc6dcbce4c18f7b4cfc085b716d0638760c42d5bc9e157fedc501582ddfc98f,0.6087548496128732,0.6087548496128732,0.0,0.0,0.38719913363456726,0.38719913363456726,0.3861811258093561,0.3861811258093561,cuda_FP32_original_batch_present,canonical_letterbox_valid,3d99874f14ae5f316eec36e21141043d75bd4fd17ccfb31e3174198dee269596,b1fc0090e9803b5fa131b9b13b3e7c636ad7590b21b2d508f38cba5ff02f9a75,0.5196767449378967,complete_logit_interpolation,0,592456,0.6087548496128732,0,356214,0.6012497130588601,657919d98aae3a0135cf18a0079acca6ab19892016f76664f2077318987a3d59,RSI-TailProbe-20261004,1.0,216847,0.3660136786529295,3,5441209bbae478661558fae5,0.0,0,0.0,U-Mean-logit-alpha-0.000000,17,ISIC_0000547_A04_T3_S2_5441209bbae478661558fae5.png,S2,0.7338175773620605,0.7344439614829578,T3,val,M,1703ca22a1c39afeca05ffd0c12fe01606f41d5af81442d20102f130cc2ca491,d67353b51c7f853c45c0fad75d4336d0d442799627d3e648686eb70a497ad029,0.0,T3,216847
0.0,0.0,0.0,,A03,0.3136821687221527,0.3143566320900976,0.0348773811487671,0.011908656677353921,0.08127828332734999,0,5ca3f9fed2a631d522b1bd5334bde7efb3613c82a3aa714d8ae5da962737af8c,0.3136821687221527,0.22800709307193756,0.0,0.22800709307193756,0.8576679825782776,0.0,0.0,02fc8095c431dfc5451811632a802997c5ba97593e8a98ad29eaf0d9e1211df4,complete_update,1093.5890452999245,0.8803314580964351,0.8803314580964351,0.8583996712667206,92791,0,0,3187,0,0,0.0,0.0,0.0,-0.021931786829714528,0.021931786829714528,8cf189b315d729c56f5a3e78a4af88f3d74b9778c6aa779dab25393db4d05f87,ISIC_0000547,0,71.2066808110872,0.06511283293950541,ISIC_0000547,bbc6dcbce4c18f7b4cfc085b716d0638760c42d5bc9e157fedc501582ddfc98f,0.7862429148895892,0.7862429148895892,0.0,0.0,0.22800709307193756,0.22800709307193756,0.22842261166518354,0.22842261166518354,cuda_FP32_original_batch_present,canonical_letterbox_valid,3d99874f14ae5f316eec36e21141043d75bd4fd17ccfb31e3174198dee269596,24dbc45836b932ca4fe4ec66b835c8df79c94dc05ab27b750b7c2bdc81a757d8,0.5196767449378967,complete_logit_interpolation,0,592456,0.9910531309830607,0,356214,0.6012497130588601,657919d98aae3a0135cf18a0079acca6ab19892016f76664f2077318987a3d59,RSI-TailProbe-20261004,0.791863495866026,445818,0.7524913242502397,3,57be109d9fc3c1434763a335,0.0,0,0.0,U-Mean-logit-alpha-0.000000,17,ISIC_0000547_A03_T1_S1_57be109d9fc3c1434763a335.png,S1,0.8576679825782776,0.8575114087597305,T1,val,M,1703ca22a1c39afeca05ffd0c12fe01606f41d5af81442d20102f130cc2ca491,d67353b51c7f853c45c0fad75d4336d0d442799627d3e648686eb70a497ad029,0.7862429148895892,T1,353027
0.0,0.0,0.0,,A02,0.2623580992221832,0.2624553486272085,0.2735253909031358,0.12723545772341818,0.45076867238742124,0,5ca3f9fed2a631d522b1bd5334bde7efb3613c82a3aa714d8ae5da962737af8c,0.2623580992221832,0.20790834724903107,0.0,0.20790834724903107,0.8465414047241211,0.0,0.0,02fc8095c431dfc5451811632a802997c5ba97593e8a98ad29eaf0d9e1211df4,complete_update,1093.5890452999245,0.8958647924830915,0.8958647924830915,0.9050789737459766,8653,0,0,60171,0,0,0.0,0.0,0.0,0.00921418126288509,-0.00921418126288509,8cf189b315d729c56f5a3e78a4af88f3d74b9778c6aa779dab25393db4d05f87,ISIC_0000547,0,102.53292154230269,0.0937581827314138,ISIC_0000547,bbc6dcbce4c18f7b4cfc085b716d0638760c42d5bc9e157fedc501582ddfc98f,0.8113723630802456,0.8113723630802456,0.0,0.0,0.20790834724903107,0.20790834724903107,0.20798494075514043,0.20798494075514043,cuda_FP32_original_batch_present,canonical_letterbox_valid,3d99874f14ae5f316eec36e21141043d75bd4fd17ccfb31e3174198dee269596,94a47fd169de6358d6e168cea54157c4080770457299e0942d68be2fade0954c,0.5196767449378967,complete_logit_interpolation,0,592456,0.8310818777476461,0,356214,0.6012497130588601,657919d98aae3a0135cf18a0079acca6ab19892016f76664f2077318987a3d59,RSI-TailProbe-20261004,0.9716012025100428,304696,0.514293044546768,3,57c04fc49fc3c158f2bd0e40,0.0,0,0.0,U-Mean-logit-alpha-0.000000,17,ISIC_0000547_A02_T1_S1_57c04fc49fc3c158f2bd0e40.png,S1,0.8465414047241211,0.8464854671169276,T1,val,M,1703ca22a1c39afeca05ffd0c12fe01606f41d5af81442d20102f130cc2ca491,d67353b51c7f853c45c0fad75d4336d0d442799627d3e648686eb70a497ad029,0.8113723630802456,T1,296043
0.0,0.0,0.0,,A04,0.003004841273650527,0.003028922522401286,0.9728854714690409,0.6986470535751327,1.0,0,5ca3f9fed2a631d522b1bd5334bde7efb3613c82a3aa714d8ae5da962737af8c,0.003004841273650527,0.038761790841817856,0.0,0.038761790841817856,0.9254812598228455,0.0,0.0,02fc8095c431dfc5451811632a802997c5ba97593e8a98ad29eaf0d9e1211df4,complete_update,5147.6254720016295,0.9308085824687516,0.9308085824687516,0.924879103373727,1579,0,0,10472,0,0,0.0,0.0,0.0,-0.0059294790950246146,0.0059294790950246146,000265748d489c3d0095524194958fe61fe914509d0aca373da78957be3a3502,ISIC_0001200,0,21.93171219946131,0.004260549319050065,ISIC_0001200,1f69247a28eefdc85cc7061082dc0433e6a921b8aa90dd8e4506154209966123,0.8705724411985823,0.8705724411985823,0.0,0.0,0.038761790841817856,0.038761790841817856,0.039505757337610976,0.039505757337610976,cuda_FP32_original_batch_present,canonical_letterbox_valid,3d99874f14ae5f316eec36e21141043d75bd4fd17ccfb31e3174198dee269596,c84f17ff0466ded0705f39442e4058cc116980c2fef677e03f810e8223c619f3,0.29349666833877563,complete_logit_interpolation,0,12212224,0.8855906741978128,0,91531,0.0074950312080747945,6d2eab0543279f265b7d56090e8ed905019648bc942a4c1ea3fcd3bcd1ad191e,RSI-TailProbe-20261004,0.9808925675839202,82638,0.006766826419168204,2,54eb6ab7bae47871b5e014b0,0.0,0,0.0,U-Mean-logit-alpha-0.000000,17,ISIC_0001200_A04_T3_S1_54eb6ab7bae47871b5e014b0.png,S1,0.9254812598228455,0.9240174078471793,T3,val,M,1703ca22a1c39afeca05ffd0c12fe01606f41d5af81442d20102f130cc2ca491,d67353b51c7f853c45c0fad75d4336d0d442799627d3e648686eb70a497ad029,0.8705724411985823,T3,81059
0.0,0.0,0.0,,A06,0.01229917723685503,0.011485974725713803,0.3847234023523098,0.03190484519853069,1.0,0,5ca3f9fed2a631d522b1bd5334bde7efb3613c82a3aa714d8ae5da962737af8c,0.01229917723685503,0.10555323958396912,0.0,0.10555323958396912,0.8011927008628845,0.0,0.0,02fc8095c431dfc5451811632a802997c5ba97593e8a98ad29eaf0d9e1211df4,complete_update,5147.6254720016295,0.8069784416464638,0.8069784416464638,0.7986455545164307,0,0,0,29618,0,0,0.0,0.0,0.0,-0.008332887130033106,0.008332887130033106,000265748d489c3d0095524194958fe61fe914509d0aca373da78957be3a3502,ISIC_0001200,0,40.45614870349548,0.00785918651687849,ISIC_0001200,1f69247a28eefdc85cc7061082dc0433e6a921b8aa90dd8e4506154209966123,0.6764156406026374,0.6764156406026374,0.0,0.0,0.10555323958396912,0.10555323958396912,0.10382858277986891,0.10382858277986891,cuda_FP32_original_batch_present,canonical_letterbox_valid,3d99874f14ae5f316eec36e21141043d75bd4fd17ccfb31e3174198dee269596,3acf78d8e8a14197af16168acd51a336069424b38860ec815fdef40bed2e3bcc,0.29349666833877563,complete_logit_interpolation,0,12212224,0.6764156406026374,0,91531,0.0074950312080747945,6d2eab0543279f265b7d56090e8ed905019648bc942a4c1ea3fcd3bcd1ad191e,RSI-TailProbe-20261004,1.0,61913,0.0050697563359466714,2,54ebc0d4bae47871b5e02041,0.0,0,0.0,U-Mean-logit-alpha-0.000000,17,ISIC_0001200_A06_T3_S1_54ebc0d4bae47871b5e02041.png,S1,0.8011927008628845,0.803828809165976,T3,val,M,1703ca22a1c39afeca05ffd0c12fe01606f41d5af81442d20102f130cc2ca491,d67353b51c7f853c45c0fad75d4336d0d442799627d3e648686eb70a497ad029,0.6764156406026374,T3,61913
0.0,0.0,0.0,,A06,0.009898089803755283,0.009456273366055814,0.5654419190604599,0.2083654286915963,0.9938900203665988,0,5ca3f9fed2a631d522b1bd5334bde7efb3613c82a3aa714d8ae5da962737af8c,0.009898089803755283,0.08483703434467316,0.0,0.08483703434467316,0.840224027633667,0.0,0.0,02fc8095c431dfc5451811632a802997c5ba97593e8a98ad29eaf0d9e1211df4,complete_update,3634.3956856677014,0.8456806169309419,0.8456806169309419,0.8561073488838726,66,0,0,12401,0,0,0.0,0.0,0.0,0.010426731952930757,-0.010426731952930757,3cc4737d57e0e3d5a714ac61021ca624e19851ad5b3ab232fe26911cc638021f,ISIC_0001208,0,25.612496949731394,0.007047250537616114,ISIC_0001208,be001b11de8ea51ddd8d092fa67b45561384075bdaa3bda4e185efc18953021d,0.7326227293199219,0.7326227293199219,0.0,0.0,0.08483703434467316,0.08483703434467316,0.08421105187861838,0.08421105187861838,cuda_FP32_original_batch_present,canonical_letterbox_valid,3d99874f14ae5f316eec36e21141043d75bd4fd17ccfb31e3174198dee269596,d7262053e6a8381dc5a53bb3563c09376ed49f90d8df9d9822fa05a2c2937cc8,0.3416546881198883,complete_logit_interpolation,0,6096384,0.7336612186164386,0,46561,0.00763747821659528,38dba158f6d70ad02e5552e7e595a8c13c03eb159f6274704adca751a64d84f1,RSI-TailProbe-20261004,0.9980716414421784,34226,0.005614147665238935,2,54eb6c21bae47871b5e015ce,0.0,0,0.0,U-Mean-logit-alpha-0.000000,17,ISIC_0001208_A06_T3_S1_54eb6c21bae47871b5e015ce.png,S1,0.840224027633667,0.841034169608819,T3,val,M,1703ca22a1c39afeca05ffd0c12fe01606f41d5af81442d20102f130cc2ca491,d67353b51c7f853c45c0fad75d4336d0d442799627d3e648686eb70a497ad029,0.7326227293199219,T3,34160
0.0,0.0,0.0,,A04,0.0032451595179736614,0.002981657696259876,0.9930313588850175,0.6739452225280241,1.0,0,5ca3f9fed2a631d522b1bd5334bde7efb3613c82a3aa714d8ae5da962737af8c,0.0032451595179736614,0.03897564858198166,0.0,0.03897564858198166,0.9252938628196716,0.0,0.0,02fc8095c431dfc5451811632a802997c5ba97593e8a98ad29eaf0d9e1211df4,complete_update,3634.3956856677014,0.9344441052034719,0.9344441052034719,0.9389483901567377,2299,0,0,3713,0,0,0.0,0.0,0.0,0.004504284953265825,-0.004504284953265825,3cc4737d57e0e3d5a714ac61021ca624e19851ad5b3ab232fe26911cc638021f,ISIC_0001208,0,15.0,0.004127233602866288,ISIC_0001208,be001b11de8ea51ddd8d092fa67b45561384075bdaa3bda4e185efc18953021d,0.8769545640605813,0.8769545640605813,0.0,0.0,0.03897564858198166,0.03897564858198166,0.03766571904368442,0.03766571904368442,cuda_FP32_original_batch_present,canonical_letterbox_valid,3d99874f14ae5f316eec36e21141043d75bd4fd17ccfb31e3174198dee269596,f46e2963e92b2be6a77bfdbd64e7f6b784edf072711b93c8fa99bdb9bea819d3,0.3416546881198883,complete_logit_interpolation,0,6096384,0.9202551491591675,0,46561,0.00763747821659528,38dba158f6d70ad02e5552e7e595a8c13c03eb159f6274704adca751a64d84f1,RSI-TailProbe-20261004,0.9490774580813786,45147,0.007405537446460065,2,54eb6c2ebae47871b5e015d4,0.0,0,0.0,U-Mean-logit-alpha-0.000000,17,ISIC_0001208_A04_T3_S1_54eb6c2ebae47871b5e015d4.png,S1,0.9252938628196716,0.927650219608891,T3,val,M,1703ca22a1c39afeca05ffd0c12fe01606f41d5af81442d20102f130cc2ca491,d67353b51c7f853c45c0fad75d4336d0d442799627d3e648686eb70a497ad029,0.8769545640605813,T3,42848
0.0,0.0,0.0,,A01,0.015009994618594646,0.014673691996628296,0.6053523538502302,0.3322984448715709,0.892595731465328,0,5ca3f9fed2a631d522b1bd5334bde7efb3613c82a3aa714d8ae5da962737af8c,0.015009994618594646,0.07390433549880981,0.0,0.07390433549880981,0.8672013282775879,0.0,0.0,02fc8095c431dfc5451811632a802997c5ba97593e8a98ad29eaf0d9e1211df4,complete_update,3634.3956856677014,0.8747235616991507,0.8747235616991507,0.8793689997965431,1880,0,0,24801,0,0,0.0,0.0,0.0,0.004645438097392485,-0.004645438097392485,3cc4737d57e0e3d5a714ac61021ca624e19851ad5b3ab232fe26911cc638021f,ISIC_0001549,0,44.436433061857386,0.012226635981627753,ISIC_0001549,433c231489f62eb7cdc5251420d42132dbe8c0828147c34e8476261c5a9cb595,0.7773410443214914,0.7773410443214914,0.0,0.0,0.07390433549880981,0.07390433549880981,0.07400882540688576,0.07400882540688576,cuda_FP32_original_batch_present,canonical_letterbox_valid,3d99874f14ae5f316eec36e21141043d75bd4fd17ccfb31e3174198dee269596,fe4a0f9248883e316235ea265d83ea1a790c089467bd43def1e3f943cbd12824,0.33065739274024963,complete_logit_interpolation,0,6096384,0.7897311549907163,0,117949,0.019347370506844715,cd87bc81e1d4185770831546c00e6ebd593aff86b1123479ffb5523fd9dd1513,RSI-TailProbe-20261004,0.9802163572841689,95028,0.015587600781053161,2,55dc9c949fc3c10470dbc9b5,0.0,0,0.0,U-Mean-logit-alpha-0.000000,17,ISIC_0001549_A01_T3_S2_55dc9c949fc3c10470dbc9b5.png,S2,0.8672013282775879,0.8666560411828568,T3,val,M,1703ca22a1c39afeca05ffd0c12fe01606f41d5af81442d20102f130cc2ca491,d67353b51c7f853c45c0fad75d4336d0d442799627d3e648686eb70a497ad029,0.7773410443214914,T3,93148
0.0,0.0,0.0,,A05,0.022871647030115128,0.022193846326647268,0.34989787629721375,0.13944614584647622,0.7710032304604629,0,5ca3f9fed2a631d522b1bd5334bde7efb3613c82a3aa714d8ae5da962737af8c,0.022871647030115128,0.10659302771091461,0.0,0.10659302771091461,0.8096855878829956,0.0,0.0,02fc8095c431dfc5451811632a802997c5ba97593e8a98ad29eaf0d9e1211df4,complete_update,3634.3956856677014,0.8181804543613388,0.8181804543613388,0.8239060617213615,217,0,0,36142,0,0,0.0,0.0,0.0,0.0057256073600227,-0.0057256073600227,3cc4737d57e0e3d5a714ac61021ca624e19851ad5b3ab232fe26911cc638021f,ISIC_0001549,0,53.795891362255496,0.01480188070176301,ISIC_0001549,433c231489f62eb7cdc5251420d42132dbe8c0828147c34e8476261c5a9cb595,0.692305739383579,0.692305739383579,0.0,0.0,0.10659302771091461,0.10659302771091461,0.10506070804825765,0.10506070804825765,cuda_FP32_original_batch_present,canonical_letterbox_valid,3d99874f14ae5f316eec36e21141043d75bd4fd17ccfb31e3174198dee269596,60e24f71375dabd115b9002b0c45c8c085acb8e5729c0dc7345b29f3850f50f2,0.33065739274024963,complete_logit_interpolation,0,6096384,0.693579428397019,0,117949,0.019347370506844715,cd87bc81e1d4185770831546c00e6ebd593aff86b1123479ffb5523fd9dd1513,RSI-TailProbe-20261004,0.9973544328489222,82024,0.013454533047787017,2,55dc9ca09fc3c10470dbc9bb,0.0,0,0.0,U-Mean-logit-alpha-0.000000,17,ISIC_0001549_A05_T3_S1_55dc9ca09fc3c10470dbc9bb.png,S1,0.8096855878829956,0.812072430230132,T3,val,M,1703ca22a1c39afeca05ffd0c12fe01606f41d5af81442d20102f130cc2ca491,d67353b51c7f853c45c0fad75d4336d0d442799627d3e648686eb70a497ad029,0.692305739383579,T3,81807
0.0,0.0,0.0,,A01,0.012486031278967857,0.012953530907733513,0.5878034496040184,0.3501199040767386,0.7968992248062016,0,5ca3f9fed2a631d522b1bd5334bde7efb3613c82a3aa714d8ae5da962737af8c,0.012486031278967857,0.07895662635564804,0.0,0.07895662635564804,0.8545727729797363,0.0,0.0,02fc8095c431dfc5451811632a802997c5ba97593e8a98ad29eaf0d9e1211df4,complete_update,3634.3956856677014,0.8557607446755366,0.8557607446755366,0.854616812606488,11534,0,0,5790,0,0,0.0,0.0,0.0,-0.0011439320690486143,0.0011439320690486143,3cc4737d57e0e3d5a714ac61021ca624e19851ad5b3ab232fe26911cc638021f,ISIC_0001555,0,84.50680117869669,0.023251953966363828,ISIC_0001555,a2b1cbb7dff055f23cfe715ba999bd150c1b8f7d54e560075df4ef251fb2f626,0.7478861966091829,0.7478861966091829,0.0,0.0,0.07895662635564804,0.07895662635564804,0.08140449673378063,0.08140449673378063,cuda_FP32_original_batch_present,canonical_letterbox_valid,3d99874f14ae5f316eec36e21141043d75bd4fd17ccfb31e3174198dee269596,23f1d0d8c7183c53f6345dd2f7271448c70a18c1f02b25134d7a3194920d0872,0.3340942859649658,complete_logit_interpolation,0,6096384,0.8987425893216278,0,57181,0.009379494467540102,1c3172065c5aadc7d3fcda06a0d61b51733d8c245df871480f91a059f7bad42e,RSI-TailProbe-20261004,0.8167024235200636,62925,0.010321692334341144,2,55dc9cd59fc3c10470dbc9eb,0.0,0,0.0,U-Mean-logit-alpha-0.000000,17,ISIC_0001555_A01_T3_S2_55dc9cd59fc3c10470dbc9eb.png,S2,0.8545727729797363,0.8501445374401723,T3,val,M,1703ca22a1c39afeca05ffd0c12fe01606f41d5af81442d20102f130cc2ca491,d67353b51c7f853c45c0fad75d4336d0d442799627d3e648686eb70a497ad029,0.7478861966091829,T3,51391
0.0,0.0,0.0,,A05,0.037194494158029556,0.034928757540526136,0.055975895547371944,0.029962546816479398,0.41736159951773333,0,5ca3f9fed2a631d522b1bd5334bde7efb3613c82a3aa714d8ae5da962737af8c,0.037194494158029556,0.23454639315605164,0.0,0.23454639315605164,0.568101704120636,0.0,0.0,02fc8095c431dfc5451811632a802997c5ba97593e8a98ad29eaf0d9e1211df4,complete_update,3634.3956856677014,0.5887895418388112,0.5887895418388112,0.6047118429385687,33,0,0,33310,0,0,0.0,0.0,0.0,0.015922301099757563,-0.015922301099757563,3cc4737d57e0e3d5a714ac61021ca624e19851ad5b3ab232fe26911cc638021f,ISIC_0001555,0,71.6958854453098,0.019727044506475642,ISIC_0001555,a2b1cbb7dff055f23cfe715ba999bd150c1b8f7d54e560075df4ef251fb2f626,0.4172230572936694,0.4172230572936694,0.0,0.0,0.23454639315605164,0.23454639315605164,0.22455953225575365,0.22455953225575365,cuda_FP32_original_batch_present,canonical_letterbox_valid,3d99874f14ae5f316eec36e21141043d75bd4fd17ccfb31e3174198dee269596,4868e09541f85b25c29eeb0f8c34cf8f1f849134ac6453ae2c7379172c49e89d,0.3340942859649658,complete_logit_interpolation,0,6096384,0.41746384288487437,0,57181,0.009379494467540102,1c3172065c5aadc7d3fcda06a0d61b51733d8c245df871480f91a059f7bad42e,RSI-TailProbe-20261004,0.9986194779116466,23904,0.0039210128495842786,2,55dc9cee9fc3c10470dbc9f7,0.0,0,0.0,U-Mean-logit-alpha-0.000000,17,ISIC_0001555_A05_T3_S1_55dc9cee9fc3c10470dbc9f7.png,S1,0.568101704120636,0.5858096930290189,T3,val,M,1703ca22a1c39afeca05ffd0c12fe01606f41d5af81442d20102f130cc2ca491,d67353b51c7f853c45c0fad75d4336d0d442799627d3e648686eb70a497ad029,0.0,T3,23871
0.0,0.0,0.0,,A01,0.01308087445795536,0.013076104935837997,0.49278776832649457,0.22550378083059502,0.7930848190167477,0,5ca3f9fed2a631d522b1bd5334bde7efb3613c82a3aa714d8ae5da962737af8c,0.01308087445795536,0.17861829698085785,0.0,0.17861829698085785,0.6558442711830139,0.0,0.0,02fc8095c431dfc5451811632a802997c5ba97593e8a98ad29eaf0d9e1211df4,complete_update,3634.3956856677014,0.6566219120467728,0.6566219120467728,0.6789226743661464,13472,0,0,1387,0,0,0.0,0.0,0.0,0.022300762319373613,-0.022300762319373613,3cc4737d57e0e3d5a714ac61021ca624e19851ad5b3ab232fe26911cc638021f,ISIC_0001570,0,100.52928169693786,0.02766052196610752,ISIC_0001570,bbe2d1f51a2ca4917f53bd309cd4dc6bbf87c8665c26ed95537a951ec5ee8521,0.4887841464253767,0.4887841464253767,0.0,0.0,0.17861829698085785,0.17861829698085785,0.1794795065716815,0.1794795065716815,cuda_FP32_original_batch_present,canonical_letterbox_valid,3d99874f14ae5f316eec36e21141043d75bd4fd17ccfb31e3174198dee269596,4f73176099e119de7b6f94922c1beb4febb5081c09195b890a443b9e3c256c4f,0.29192250967025757,complete_logit_interpolation,0,6096384,0.9110555341798128,0,15594,0.002557909737969262,df1d5d4d352128c304cafdf96a5136a469bca5146d418a16d4b89c4df66364a2,RSI-TailProbe-20261004,0.5132772137721738,27679,0.004540232373813723,2,55dc9d769fc3c10470dbca63,0.0,0,0.0,U-Mean-logit-alpha-0.000000,17,ISIC_0001570_A01_T3_S2_55dc9d769fc3c10470dbca63.png,S2,0.6558442711830139,0.654117091792475,T3,val,M,1703ca22a1c39afeca05ffd0c12fe01606f41d5af81442d20102f130cc2ca491,d67353b51c7f853c45c0fad75d4336d0d442799627d3e648686eb70a497ad029,0.0,T3,14207
0.0,0.0,0.0,,A05,0.00646156445145607,0.005842639963052675,0.49683772316067565,0.13329684545725942,1.0,0,5ca3f9fed2a631d522b1bd5334bde7efb3613c82a3aa714d8ae5da962737af8c,0.00646156445145607,0.17132753133773804,0.0,0.17132753133773804,0.6638064980506897,0.0,0.0,02fc8095c431dfc5451811632a802997c5ba97593e8a98ad29eaf0d9e1211df4,complete_update,3634.3956856677014,0.6953357038276511,0.6953357038276511,0.665838807883352,0,0,0,7283,0,0,0.0,0.0,0.0,-0.02949689594429905,0.02949689594429905,3cc4737d57e0e3d5a714ac61021ca624e19851ad5b3ab232fe26911cc638021f,ISIC_0001570,0,28.28692206976809,0.0077831156858671246,ISIC_0001570,bbe2d1f51a2ca4917f53bd309cd4dc6bbf87c8665c26ed95537a951ec5ee8521,0.5329613954084904,0.5329613954084904,0.0,0.0,0.17132753133773804,0.17132753133773804,0.16056830892734097,0.16056830892734097,cuda_FP32_original_batch_present,canonical_letterbox_valid,3d99874f14ae5f316eec36e21141043d75bd4fd17ccfb31e3174198dee269596,de411c5ad6f8fc58077d29ca205a8baab4c79267ce52fa14234ecb13efdb9e58,0.29192250967025757,complete_logit_interpolation,0,6096384,0.5329613954084904,0,15594,0.002557909737969262,df1d5d4d352128c304cafdf96a5136a469bca5146d418a16d4b89c4df66364a2,RSI-TailProbe-20261004,1.0,8311,0.0013632671432770639,2,55dc9d839fc3c10470dbca6f,0.0,0,0.0,U-Mean-logit-alpha-0.000000,17,ISIC_0001570_A05_T3_S1_55dc9d839fc3c10470dbca6f.png,S1,0.6638064980506897,0.6847060221083707,T3,val,M,1703ca22a1c39afeca05ffd0c12fe01606f41d5af81442d20102f130cc2ca491,d67353b51c7f853c45c0fad75d4336d0d442799627d3e648686eb70a497ad029,0.0,T3,8311
0.0,0.0,0.0,,A05,0.03853873163461685,0.0381461899146417,0.04138686575642612,0.0,0.513522801157316,0,5ca3f9fed2a631d522b1bd5334bde7efb3613c82a3aa714d8ae5da962737af8c,0.03853873163461685,0.1255510300397873,0.0,0.1255510300397873,0.7874366641044617,0.0,0.0,02fc8095c431dfc5451811632a802997c5ba97593e8a98ad29eaf0d9e1211df4,complete_update,3634.3956856677014,0.7902483343428225,0.7902483343428225,0.7930294612845776,0,0,0,69260,0,0,0.0,0.0,0.0,0.002781126941755141,-0.002781126941755141,3cc4737d57e0e3d5a714ac61021ca624e19851ad5b3ab232fe26911cc638021f,ISIC_0001659,0,76.93568690903838,0.021168770151372213,ISIC_0001659,7ff710446c662f12a7146f4bc3a48a3889458bf9d818608865c9c58d4f2147c4,0.6532318630150703,0.6532318630150703,0.0,0.0,0.1255510300397873,0.1255510300397873,0.12560718587528152,0.12560718587528152,cuda_FP32_original_batch_present,canonical_letterbox_valid,3d99874f14ae5f316eec36e21141043d75bd4fd17ccfb31e3174198dee269596,3dc7276733fd119ca9c27f7e859e5a8187f6b17459ad06ef67ee99c1271e80c2,0.3925154507160187,complete_logit_interpolation,0,6096384,0.6532318630150703,0,199730,0.03276204386075418,ba5b34773d6a50369d3604b8f374a1a86925ced9f5c098edc713d1a354df5793,RSI-TailProbe-20261004,1.0,130470,0.0214012109473419,2,55dd197c9fc3c10470dbdb91,0.0,0,0.0,U-Mean-logit-alpha-0.000000,17,ISIC_0001659_A05_T3_S1_55dd197c9fc3c10470dbdb91.png,S1,0.7874366641044617,0.7869318181640786,T3,val,M,1703ca22a1c39afeca05ffd0c12fe01606f41d5af81442d20102f130cc2ca491,d67353b51c7f853c45c0fad75d4336d0d442799627d3e648686eb70a497ad029,0.6532318630150703,T3,130470
0.0,0.0,0.0,,A02,0.017882173880934715,0.01708472064654392,0.5242777966993839,0.26054065335696647,0.734809059915015,0,5ca3f9fed2a631d522b1bd5334bde7efb3613c82a3aa714d8ae5da962737af8c,0.017882173880934715,0.05850610509514809,0.0,0.05850610509514809,0.9008699655532837,0.0,0.0,02fc8095c431dfc5451811632a802997c5ba97593e8a98ad29eaf0d9e1211df4,complete_update,3634.3956856677014,0.9104468001931612,0.9104468001931612,0.9087873980890545,37177,0,0,1767,0,0,0.0,0.0,0.0,-0.0016594021041066442,0.0016594021041066442,3cc4737d57e0e3d5a714ac61021ca624e19851ad5b3ab232fe26911cc638021f,ISIC_0001659,0,50.0,0.013757445342887626,ISIC_0001659,7ff710446c662f12a7146f4bc3a48a3889458bf9d818608865c9c58d4f2147c4,0.8356148193172849,0.8356148193172849,0.0,0.0,0.05850610509514809,0.05850610509514809,0.057227207660341645,0.057227207660341645,cuda_FP32_original_batch_present,canonical_letterbox_valid,3d99874f14ae5f316eec36e21141043d75bd4fd17ccfb31e3174198dee269596,4accd2afe801777936826fc2bc803d31be1d7246dbfe6f3893bf5ae6c383e807,0.3925154507160187,complete_logit_interpolation,0,6096384,0.9911530566264457,0,199730,0.03276204386075418,ba5b34773d6a50369d3604b8f374a1a86925ced9f5c098edc713d1a354df5793,RSI-TailProbe-20261004,0.8418941906949051,235140,0.038570405013857396,2,566708529fc3c14011cd7027,0.0,0,0.0,U-Mean-logit-alpha-0.000000,17,ISIC_0001659_A02_T1_S1_566708529fc3c14011cd7027.png,S1,0.9008699655532837,0.9026303053258606,T1,val,M,1703ca22a1c39afeca05ffd0c12fe01606f41d5af81442d20102f130cc2ca491,d67353b51c7f853c45c0fad75d4336d0d442799627d3e648686eb70a497ad029,0.8356148193172849,T1,197963
0.0,0.0,0.0,,A01,0.001486069755628705,0.0014282064682098713,1.0,0.8729100167867312,1.0,0,5ca3f9fed2a631d522b1bd5334bde7efb3613c82a3aa714d8ae5da962737af8c,0.001486069755628705,0.0358012355864048,0.0,0.0358012355864048,0.929883599281311,0.0,0.0,02fc8095c431dfc5451811632a802997c5ba97593e8a98ad29eaf0d9e1211df4,complete_update,3634.3956856677014,0.9386406424098052,0.9386406424098052,0.9425155647225086,1386,0,0,1808,0,0,0.0,0.0,0.0,0.003874922312703477,-0.003874922312703477,3cc4737d57e0e3d5a714ac61021ca624e19851ad5b3ab232fe26911cc638021f,ISIC_0001977,0,11.0,0.0030266379754352777,ISIC_0001977,998f909472f5a2e26344f79362101ae16ec9f505a66c36f87ed12acf40634ce5,0.8843759050101361,0.8843759050101361,0.0,0.0,0.0358012355864048,0.0358012355864048,0.03630486813847601,0.03630486813847601,cuda_FP32_original_batch_present,canonical_letterbox_valid,3d99874f14ae5f316eec36e21141043d75bd4fd17ccfb31e3174198dee269596,991216ec8784ccc4052ff2141b5229e68659bda3d3594207956428671d572792,0.35180091857910156,complete_logit_interpolation,0,6096384,0.9310923088650049,0,26238,0.004303862748803225,17c0875f925c33ed80ae3611c0309be4c89387a74b5457859e67dcf9bb1fb8af,RSI-TailProbe-20261004,0.9463123644251626,25816,0.004234641387419165,2,55dca3bb9fc3c10470dbccfd,0.0,0,0.0,U-Mean-logit-alpha-0.000000,17,ISIC_0001977_A01_T3_S2_55dca3bb9fc3c10470dbccfd.png,S2,0.929883599281311,0.9288184701912579,T3,val,M,1703ca22a1c39afeca05ffd0c12fe01606f41d5af81442d20102f130cc2ca491,d67353b51c7f853c45c0fad75d4336d0d442799627d3e648686eb70a497ad029,0.8843759050101361,T3,24430
0.0,0.0,0.0,,A05,0.0016004856443032622,0.0015256229143738441,1.0,0.8725859533880899,1.0,0,5ca3f9fed2a631d522b1bd5334bde7efb3613c82a3aa714d8ae5da962737af8c,0.0016004856443032622,0.036507122218608856,0.0,0.036507122218608856,0.9285862445831299,0.0,0.0,02fc8095c431dfc5451811632a802997c5ba97593e8a98ad29eaf0d9e1211df4,complete_update,3634.3956856677014,0.9374427259636064,0.9374427259636064,0.9428587366816044,2170,0,0,1175,0,0,0.0,0.0,0.0,0.00541601071799791,-0.00541601071799791,3cc4737d57e0e3d5a714ac61021ca624e19851ad5b3ab232fe26911cc638021f,ISIC_0001977,0,11.233687332093256,0.0030909367894072417,ISIC_0001977,998f909472f5a2e26344f79362101ae16ec9f505a66c36f87ed12acf40634ce5,0.8822514784567728,0.8822514784567728,0.0,0.0,0.036507122218608856,0.036507122218608856,0.03662727473153376,0.03662727473153376,cuda_FP32_original_batch_present,canonical_letterbox_valid,3d99874f14ae5f316eec36e21141043d75bd4fd17ccfb31e3174198dee269596,433ec4529dccd905b33dd8458a5eae977b40abde2f4045f027c65e26c98db1fe,0.35180091857910156,complete_logit_interpolation,0,6096384,0.9552176232944585,0,26238,0.004303862748803225,17c0875f925c33ed80ae3611c0309be4c89387a74b5457859e67dcf9bb1fb8af,RSI-TailProbe-20261004,0.9203172621451915,27233,0.004467074252540522,2,55dca3c59fc3c10470dbcd09,0.0,0,0.0,U-Mean-logit-alpha-0.000000,17,ISIC_0001977_A05_T3_S1_55dca3c59fc3c10470dbcd09.png,S1,0.9285862445831299,0.9282710734513063,T3,val,M,1703ca22a1c39afeca05ffd0c12fe01606f41d5af81442d20102f130cc2ca491,d67353b51c7f853c45c0fad75d4336d0d442799627d3e648686eb70a497ad029,0.8822514784567728,T3,25063
0.0,0.0,0.0,,A04,0.005053217522799969,0.004647569217551735,0.9332819128422676,0.6422907707986379,0.9845814977973568,0,5ca3f9fed2a631d522b1bd5334bde7efb3613c82a3aa714d8ae5da962737af8c,0.005053217522799969,0.03746309503912926,0.0,0.03746309503912926,0.9301270246505737,0.0,0.0,02fc8095c431dfc5451811632a802997c5ba97593e8a98ad29eaf0d9e1211df4,complete_update,3634.3956856677014,0.9362110999569769,0.9362110999569769,0.9279614228807045,3148,0,0,5748,0,0,0.0,0.0,0.0,-0.008249677076272444,0.008249677076272444,3cc4737d57e0e3d5a714ac61021ca624e19851ad5b3ab232fe26911cc638021f,ISIC_0002339,0,23.080286371751626,0.006350515565151343,ISIC_0002339,dab5b6fc3cd250d08fc1af50bb8384ae3392ca617c4a3463000edb875233779e,0.8800722586211546,0.8800722586211546,0.0,0.0,0.03746309503912926,0.03746309503912926,0.03641572172789032,0.03641572172789032,cuda_FP32_original_batch_present,canonical_letterbox_valid,3d99874f14ae5f316eec36e21141043d75bd4fd17ccfb31e3174198dee269596,9c073a4299f26795b690d29c4fc79a9c027f2f02494aa1a015ee1d0db8ed6e92,0.35069721937179565,complete_logit_interpolation,0,6096384,0.919076446571871,0,71030,0.011651168955236416,a9670ffcf50f887ddeafe61e7d74c982b0896f4731e161cedf9f2796a5ef29b7,RSI-TailProbe-20261004,0.953996785035803,68430,0.011224686633912824,2,54f9f3cfbae47807dbb0d73f,0.0,0,0.0,U-Mean-logit-alpha-0.000000,17,ISIC_0002339_A04_T3_S2_54f9f3cfbae47807dbb0d73f.png,S2,0.9301270246505737,0.9318161257617711,T3,val,M,1703ca22a1c39afeca05ffd0c12fe01606f41d5af81442d20102f130cc2ca491,d67353b51c7f853c45c0fad75d4336d0d442799627d3e648686eb70a497ad029,0.8800722586211546,T3,65282
0.0,0.0,0.0,,A02,0.008441719226539135,0.007991852639846584,0.7708342208694857,0.31701966078811916,1.0,0,5ca3f9fed2a631d522b1bd5334bde7efb3613c82a3aa714d8ae5da962737af8c,0.008441719226539135,0.04828362166881561,0.0,0.04828362166881561,0.9118744730949402,0.0,0.0,02fc8095c431dfc5451811632a802997c5ba97593e8a98ad29eaf0d9e1211df4,complete_update,3634.3956856677014,0.9153583168967785,0.9153583168967785,0.9253965196172863,11457,0,0,1417,0,0,0.0,0.0,0.0,0.010038202720507816,-0.010038202720507816,3cc4737d57e0e3d5a714ac61021ca624e19851ad5b3ab232fe26911cc638021f,ISIC_0002339,0,24.632248363783415,0.00677753621074367,ISIC_0002339,dab5b6fc3cd250d08fc1af50bb8384ae3392ca617c4a3463000edb875233779e,0.8439269218179835,0.8439269218179835,0.0,0.0,0.04828362166881561,0.04828362166881561,0.04800464243291269,0.04800464243291269,cuda_FP32_original_batch_present,canonical_letterbox_valid,3d99874f14ae5f316eec36e21141043d75bd4fd17ccfb31e3174198dee269596,4f50cad18b73879f3cfbb13bba8edf34abba312f62b1be6a6d7c44a9e77bf752,0.35069721937179565,complete_logit_interpolation,0,6096384,0.9800506828100802,0,71030,0.011651168955236416,a9670ffcf50f887ddeafe61e7d74c982b0896f4731e161cedf9f2796a5ef29b7,RSI-TailProbe-20261004,0.8586776859504133,81070,0.013298046842193668,2,5661d5a59fc3c147bbd6a0fe,0.0,0,0.0,U-Mean-logit-alpha-0.000000,17,ISIC_0002339_A02_T1_S1_5661d5a59fc3c147bbd6a0fe.png,S1,0.9118744730949402,0.9119825677740212,T1,val,M,1703ca22a1c39afeca05ffd0c12fe01606f41d5af81442d20102f130cc2ca491,d67353b51c7f853c45c0fad75d4336d0d442799627d3e648686eb70a497ad029,0.8439269218179835,T1,69613
0.0,0.0,0.0,,A04,0.022704552859067917,0.022565062224650913,0.5303205013730783,0.2268609475430518,0.9266590321611425,0,5ca3f9fed2a631d522b1bd5334bde7efb3613c82a3aa714d8ae5da962737af8c,0.022704552859067917,0.04983405023813248,0.0,0.04983405023813248,0.9230364561080933,0.0,0.0,02fc8095c431dfc5451811632a802997c5ba97593e8a98ad29eaf0d9e1211df4,complete_update,3634.3956856677014,0.9270959490537565,0.9270959490537565,0.9179379036083039,854,0,0,48567,0,0,0.0,0.0,0.0,-0.009158045445452623,0.009158045445452623,3cc4737d57e0e3d5a714ac61021ca624e19851ad5b3ab232fe26911cc638021f,ISIC_0002342,0,38.18638420057476,0.010506941869638296,ISIC_0002342,0bc394557188a463d6b05371575d137e67b88faa5a58f42b8175f116451619b3,0.8640995886222144,0.8640995886222144,0.0,0.0,0.04983405023813248,0.04983405023813248,0.050146789059522454,0.050146789059522454,cuda_FP32_original_batch_present,canonical_letterbox_valid,3d99874f14ae5f316eec36e21141043d75bd4fd17ccfb31e3174198dee269596,6c02dcc0fab90236c23fda4bfce965dc1705a905126bdf6dae50ac63b10bbf21,0.4242134392261505,complete_logit_interpolation,0,6096384,0.8661335935303554,0,362802,0.059511015054169815,3b3c66c8062edbad39d41d276b3be906c88089404554536cd38aae25b6155e1b,RSI-TailProbe-20261004,0.9972896546689983,315089,0.051684572362895774,2,54f9f37dbae47807dbb0d72d,0.0,0,0.0,U-Mean-logit-alpha-0.000000,17,ISIC_0002342_A04_T3_S2_54f9f37dbae47807dbb0d72d.png,S2,0.9230364561080933,0.922271484105606,T3,val,M,1703ca22a1c39afeca05ffd0c12fe01606f41d5af81442d20102f130cc2ca491,d67353b51c7f853c45c0fad75d4336d0d442799627d3e648686eb70a497ad029,0.8640995886222144,T3,314235
0.0,0.0,0.0,,A02,0.018729740753769875,0.018440360973352003,0.5925031994778042,0.326728132934163,0.9135145977457888,0,5ca3f9fed2a631d522b1bd5334bde7efb3613c82a3aa714d8ae5da962737af8c,0.018729740753769875,0.039009567350149155,0.0,0.039009567350149155,0.9407106041908264,0.0,0.0,02fc8095c431dfc5451811632a802997c5ba97593e8a98ad29eaf0d9e1211df4,complete_update,3634.3956856677014,0.9476306519981113,0.9476306519981113,0.9475098410651189,24994,0,0,13602,0,0,0.0,0.0,0.0,-0.00012081093299232126,0.00012081093299232126,3cc4737d57e0e3d5a714ac61021ca624e19851ad5b3ab232fe26911cc638021f,ISIC_0002342,0,40.88999795835019,0.011250838239655787,ISIC_0002342,0bc394557188a463d6b05371575d137e67b88faa5a58f42b8175f116451619b3,0.9004734448008747,0.9004734448008747,0.0,0.0,0.039009567350149155,0.039009567350149155,0.03898602478513308,0.03898602478513308,cuda_FP32_original_batch_present,canonical_letterbox_valid,3d99874f14ae5f316eec36e21141043d75bd4fd17ccfb31e3174198dee269596,e65dbafa04e88eb5bbf2ccae5f3f7073ead4dce3bb761437be4b0493a1ea1b14,0.4242134392261505,complete_logit_interpolation,0,6096384,0.9625084756974879,0,362802,0.059511015054169815,3b3c66c8062edbad39d41d276b3be906c88089404554536cd38aae25b6155e1b,RSI-TailProbe-20261004,0.933205770268898,374194,0.06137966374821534,2,5669ba909fc3c15467941096,0.0,0,0.0,U-Mean-logit-alpha-0.000000,17,ISIC_0002342_A02_T1_S1_5669ba909fc3c15467941096.png,S1,0.9407106041908264,0.9404683114030858,T1,val,M,1703ca22a1c39afeca05ffd0c12fe01606f41d5af81442d20102f130cc2ca491,d67353b51c7f853c45c0fad75d4336d0d442799627d3e648686eb70a497ad029,0.9004734448008747,T1,349200
0.0,0.0,0.0,,A06,0.05116673558950424,0.051159943613258825,0.4287266664445746,0.2027787415709997,0.643807936908186,0,5ca3f9fed2a631d522b1bd5334bde7efb3613c82a3aa714d8ae5da962737af8c,0.05116673558950424,0.1390722244977951,0.0,0.1390722244977951,0.7730222940444946,0.0,0.0,02fc8095c431dfc5451811632a802997c5ba97593e8a98ad29eaf0d9e1211df4,complete_update,3634.3956856677014,0.820009970388491,0.820009970388491,0.8554895626373511,125641,0,0,6503,0,0,0.0,0.0,0.0,0.0354795922488601,-0.0354795922488601,3cc4737d57e0e3d5a714ac61021ca624e19851ad5b3ab232fe26911cc638021f,ISIC_0002412,0,224.03950011061303,0.0616442235483925,ISIC_0002412,f23e437c0acdadaccda922e7df793169501d8fc4ac680e438c049e75438c073e,0.6949295755138414,0.6949295755138414,0.0,0.0,0.1390722244977951,0.1390722244977951,0.13906965524252202,0.13906965524252202,cuda_FP32_original_batch_present,canonical_letterbox_valid,3d99874f14ae5f316eec36e21141043d75bd4fd17ccfb31e3174198dee269596,a0ef62029ac6d98583b30c66bf7fb7ea72ccbb566c03f78edcd3a1bdce84426a,0.4003116488456726,complete_logit_interpolation,0,6096384,0.978853270377669,0,307518,0.050442688649533884,607f7e30f816fc4b42dba691a0fbc7a9ff5d8b70c63cc68c6417833204270bc5,RSI-TailProbe-20261004,0.7055215442886072,426656,0.06998509280255312,2,54ee1fb1bae47871b5e03317,0.0,0,0.0,U-Mean-logit-alpha-0.000000,17,ISIC_0002412_A06_T1_S1_54ee1fb1bae47871b5e03317.png,S1,0.7730222940444946,0.7730206331282148,T1,val,M,1703ca22a1c39afeca05ffd0c12fe01606f41d5af81442d20102f130cc2ca491,d67353b51c7f853c45c0fad75d4336d0d442799627d3e648686eb70a497ad029,0.6949295755138414,T1,301015
0.0,0.0,0.0,,A04,0.171120285987854,0.17112994842677312,0.07940684371127125,0.04899683210137276,0.1854942567235893,0,5ca3f9fed2a631d522b1bd5334bde7efb3613c82a3aa714d8ae5da962737af8c,0.171120285987854,0.26729315519332886,0.0,0.26729315519332886,0.6365339756011963,0.0,0.0,02fc8095c431dfc5451811632a802997c5ba97593e8a98ad29eaf0d9e1211df4,complete_update,3634.3956856677014,0.6500582466693495,0.6500582466693495,0.6847145259986173,329830,0,0,606,0,0,0.0,0.0,0.0,0.034656279329267736,-0.034656279329267736,3cc4737d57e0e3d5a714ac61021ca624e19851ad5b3ab232fe26911cc638021f,ISIC_0002412,0,273.0203288502324,0.07512124503308555,ISIC_0002412,f23e437c0acdadaccda922e7df793169501d8fc4ac680e438c049e75438c073e,0.48154540376685895,0.48154540376685895,0.0,0.0,0.26729315519332886,0.26729315519332886,0.26745359951902586,0.26745359951902586,cuda_FP32_original_batch_present,canonical_letterbox_valid,3d99874f14ae5f316eec36e21141043d75bd4fd17ccfb31e3174198dee269596,de6e8a18c03c6d721513c5c504ec5d231e7cc26cb438678df7bef6a026686450,0.4003116488456726,complete_logit_interpolation,0,6096384,0.9980293836458354,0,307518,0.050442688649533884,607f7e30f816fc4b42dba691a0fbc7a9ff5d8b70c63cc68c6417833204270bc5,RSI-TailProbe-20261004,0.482003700085749,636742,0.10444584855547157,2,54ee1fb5bae47871b5e0331d,0.0,0,0.0,U-Mean-logit-alpha-0.000000,17,ISIC_0002412_A04_T1_S1_54ee1fb5bae47871b5e0331d.png,S1,0.6365339756011963,0.6362227493887214,T1,val,M,1703ca22a1c39afeca05ffd0c12fe01606f41d5af81442d20102f130cc2ca491,d67353b51c7f853c45c0fad75d4336d0d442799627d3e648686eb70a497ad029,0.0,T1,306912
0.0,0.0,0.0,,A02,0.03356306627392769,0.03296920865532354,0.20116697096869315,0.10349525473564299,0.5820148098780615,0,5ca3f9fed2a631d522b1bd5334bde7efb3613c82a3aa714d8ae5da962737af8c,0.03356306627392769,0.0830400213599205,0.0,0.0830400213599205,0.8674830198287964,0.0,0.0,02fc8095c431dfc5451811632a802997c5ba97593e8a98ad29eaf0d9e1211df4,complete_update,3634.3956856677014,0.8702404976456406,0.8702404976456406,0.861240464463694,58449,0,0,0,0,0,0.0,0.0,0.0,-0.009000033181946643,0.009000033181946643,3cc4737d57e0e3d5a714ac61021ca624e19851ad5b3ab232fe26911cc638021f,ISIC_0003185,0,69.41960434162182,0.019100728249094936,ISIC_0003185,7655a7f0830a66c4ec3da47b067a67695d12e02789513e4571cf7da761428774,0.77028827447975,0.77028827447975,0.0,0.0,0.0830400213599205,0.0830400213599205,0.08262435533910148,0.08262435533910148,cuda_FP32_original_batch_present,canonical_letterbox_valid,3d99874f14ae5f316eec36e21141043d75bd4fd17ccfb31e3174198dee269596,d0777ed7fd71cdc90b923f2940d3dd147a6bf6593372ccc97615a6ad3bfd4656,0.4603344202041626,complete_logit_interpolation,0,6096384,1.0,0,195996,0.032149549634668685,03921d44dff66e51683ff15c6907813f85ae5012d120a202b477cf842dc9329c,RSI-TailProbe-20261004,0.77028827447975,254445,0.04173703624968506,2,55f1bf829fc3c1423f77e17a,0.0,0,0.0,U-Mean-logit-alpha-0.000000,17,ISIC_0003185_A02_T1_S1_55f1bf829fc3c1423f77e17a.png,S1,0.8674830198287964,0.8677204979771206,T1,val,M,1703ca22a1c39afeca05ffd0c12fe01606f41d5af81442d20102f130cc2ca491,d67353b51c7f853c45c0fad75d4336d0d442799627d3e648686eb70a497ad029,0.77028827447975,T1,195996
0.0,0.0,0.0,,A05,0.017829058691859245,0.017554942228478015,0.38200284926925593,0.12705353367640537,0.782334338254526,0,5ca3f9fed2a631d522b1bd5334bde7efb3613c82a3aa714d8ae5da962737af8c,0.017829058691859245,0.06280112266540527,0.0,0.06280112266540527,0.8922268152236938,0.0,0.0,02fc8095c431dfc5451811632a802997c5ba97593e8a98ad29eaf0d9e1211df4,complete_update,3634.3956856677014,0.898896935183732,0.898896935183732,0.9080234612074822,454,0,0,35622,0,0,0.0,0.0,0.0,0.009126526023750192,-0.009126526023750192,3cc4737d57e0e3d5a714ac61021ca624e19851ad5b3ab232fe26911cc638021f,ISIC_0003185,0,48.487072078579,0.013341164879154066,ISIC_0003185,7655a7f0830a66c4ec3da47b067a67695d12e02789513e4571cf7da761428774,0.8163603970475948,0.8163603970475948,0.0,0.0,0.06280112266540527,0.06280112266540527,0.06279256124899858,0.06279256124899858,cuda_FP32_original_batch_present,canonical_letterbox_valid,3d99874f14ae5f316eec36e21141043d75bd4fd17ccfb31e3174198dee269596,743ac6c5b71cd6e60a3d8a29a354e95b3270371ae771ba6d56cd4a0df7d0043c,0.4603344202041626,complete_logit_interpolation,0,6096384,0.8182513928855691,0,195996,0.032149549634668685,03921d44dff66e51683ff15c6907813f85ae5012d120a202b477cf842dc9329c,RSI-TailProbe-20261004,0.9971771084637003,160828,0.02638088414378097,2,566603da9fc3c12067285139,0.0,0,0.0,U-Mean-logit-alpha-0.000000,17,ISIC_0003185_A05_T1_S1_566603da9fc3c12067285139.png,S1,0.8922268152236938,0.8919698197304808,T1,val,M,1703ca22a1c39afeca05ffd0c12fe01606f41d5af81442d20102f130cc2ca491,d67353b51c7f853c45c0fad75d4336d0d442799627d3e648686eb70a497ad029,0.8163603970475948,T1,160374
0.0,0.0,0.0,,A05,0.02248210832476616,0.021788509508224058,0.3010552259968109,0.1367304200269798,0.8829705366906244,0,5ca3f9fed2a631d522b1bd5334bde7efb3613c82a3aa714d8ae5da962737af8c,0.02248210832476616,0.05651841312646866,0.0,0.05651841312646866,0.9094452857971191,0.0,0.0,02fc8095c431dfc5451811632a802997c5ba97593e8a98ad29eaf0d9e1211df4,complete_update,5147.6254720016295,0.9118951541477675,0.9118951541477675,0.9189633970318477,67716,0,0,9379,0,0,0.0,0.0,0.0,0.007068242884080256,-0.007068242884080256,000265748d489c3d0095524194958fe61fe914509d0aca373da78957be3a3502,ISIC_0003346,0,56.22277118748239,0.010922078829021808,ISIC_0003346,419d30642aa6eb2b1b1887ed9dba87b6cf5157af2fe587ee73af281aac501542,0.8380581684052211,0.8380581684052211,0.0,0.0,0.05651841312646866,0.05651841312646866,0.05612413437349477,0.05612413437349477,cuda_FP32_original_batch_present,canonical_letterbox_valid,3d99874f14ae5f316eec36e21141043d75bd4fd17ccfb31e3174198dee269596,17df59c3fac7f42420944f068337228aeabd80c977d9f37e9744516c0d31c609,0.4179897904396057,complete_logit_interpolation,0,12212224,0.9770319578792702,0,408350,0.0334378078882274,d4796c473c1a4d9993a99639b1642e59da70c3d26082a6c44e8a1f877ec4b7c1,RSI-TailProbe-20261004,0.8549006079020842,466687,0.03821474286747443,2,55e9ff299fc3c1046f7c9727,0.0,0,0.0,U-Mean-logit-alpha-0.000000,17,ISIC_0003346_A05_T1_S1_55e9ff299fc3c1046f7c9727.png,S1,0.9094452857971191,0.9095402407612345,T1,val,M,1703ca22a1c39afeca05ffd0c12fe01606f41d5af81442d20102f130cc2ca491,d67353b51c7f853c45c0fad75d4336d0d442799627d3e648686eb70a497ad029,0.8380581684052211,T1,398971
0.0,0.0,0.0,,A06,0.012300589121878147,0.012343471081035829,0.7157786962215553,0.33894397706696944,0.9943466666666667,0,5ca3f9fed2a631d522b1bd5334bde7efb3613c82a3aa714d8ae5da962737af8c,0.012300589121878147,0.04131468012928963,0.0,0.04131468012928963,0.9296712279319763,0.0,0.0,02fc8095c431dfc5451811632a802997c5ba97593e8a98ad29eaf0d9e1211df4,complete_update,5147.6254720016295,0.932268303833845,0.932268303833845,0.9268977799469618,351,0,0,51501,0,0,0.0,0.0,0.0,-0.005370523886883194,0.005370523886883194,000265748d489c3d0095524194958fe61fe914509d0aca373da78957be3a3502,ISIC_0003346,0,40.39119078310337,0.007846567510164536,ISIC_0003346,419d30642aa6eb2b1b1887ed9dba87b6cf5157af2fe587ee73af281aac501542,0.8731297452171637,0.8731297452171637,0.0,0.0,0.04131468012928963,0.04131468012928963,0.042165803572621556,0.042165803572621556,cuda_FP32_original_batch_present,canonical_letterbox_valid,3d99874f14ae5f316eec36e21141043d75bd4fd17ccfb31e3174198dee269596,30ba2c00a3c64409f497a340a966d46c80fa2e800d94fe8e7d911edbce2eafe4,0.4179897904396057,complete_logit_interpolation,0,12212224,0.873880249785723,0,408350,0.0334378078882274,d4796c473c1a4d9993a99639b1642e59da70c3d26082a6c44e8a1f877ec4b7c1,RSI-TailProbe-20261004,0.9990173572228443,357200,0.029249381603219857,2,568bb66e9fc3c126c063ff58,0.0,0,0.0,U-Mean-logit-alpha-0.000000,17,ISIC_0003346_A06_T3_S1_568bb66e9fc3c126c063ff58.png,S1,0.9296712279319763,0.9280118639357927,T3,val,M,1703ca22a1c39afeca05ffd0c12fe01606f41d5af81442d20102f130cc2ca491,d67353b51c7f853c45c0fad75d4336d0d442799627d3e648686eb70a497ad029,0.8731297452171637,T3,356849
0.0,0.0,0.0,,A01,0.036030422896146774,0.03514788855367431,0.26515780514165505,0.05377383604444258,0.7000049869469562,0,5ca3f9fed2a631d522b1bd5334bde7efb3613c82a3aa714d8ae5da962737af8c,0.036030422896146774,0.08795470744371414,0.0,0.08795470744371414,0.8601210117340088,0.0,0.0,02fc8095c431dfc5451811632a802997c5ba97593e8a98ad29eaf0d9e1211df4,complete_update,3634.3956856677014,0.8620580991108411,0.8620580991108411,0.8557754462101604,54717,0,0,0,0,0,0.0,0.0,0.0,-0.006282652900680641,0.006282652900680641,3cc4737d57e0e3d5a714ac61021ca624e19851ad5b3ab232fe26911cc638021f,ISIC_0003516,0,69.86878672875227,0.019224320291893634,ISIC_0003516,ade7ffe1477c480f2abe184ec66c782f094bc0137fea054a5160fe22c009824c,0.7575589741771972,0.7575589741771972,0.0,0.0,0.08795470744371414,0.08795470744371414,0.08718532698903435,0.08718532698903435,cuda_FP32_original_batch_present,canonical_letterbox_valid,3d99874f14ae5f316eec36e21141043d75bd4fd17ccfb31e3174198dee269596,bbe465bea0e9214618ed1341fc857bdad0dd0713c0d09012562b13f2f51bf9c8,0.46796053647994995,complete_logit_interpolation,0,6096384,1.0,0,170975,0.028045313418577307,c0357ca035006b814c172365320e4e57d8f32c417ed86ada4cd3d4cdd77a8f7b,RSI-TailProbe-20261004,0.7575589741771972,225692,0.037020633870832285,2,55e0b72b9fc3c104700e26fc,0.0,0,0.0,U-Mean-logit-alpha-0.000000,17,ISIC_0003516_A01_T3_S2_55e0b72b9fc3c104700e26fc.png,S2,0.8601210117340088,0.8607772345756056,T3,val,M,1703ca22a1c39afeca05ffd0c12fe01606f41d5af81442d20102f130cc2ca491,d67353b51c7f853c45c0fad75d4336d0d442799627d3e648686eb70a497ad029,0.7575589741771972,T3,170975
0.0,0.0,0.0,,A02,0.00810953602194786,0.007999717999981825,0.8067783770197867,0.417046411094149,1.0,0,5ca3f9fed2a631d522b1bd5334bde7efb3613c82a3aa714d8ae5da962737af8c,0.00810953602194786,0.03356070816516876,0.0,0.03356070816516876,0.9409881234169006,0.0,0.0,02fc8095c431dfc5451811632a802997c5ba97593e8a98ad29eaf0d9e1211df4,complete_update,3634.3956856677014,0.9469975281765199,0.9469975281765199,0.9458411057678595,14762,0,0,3936,0,0,0.0,0.0,0.0,-0.0011564224086604291,0.0011564224086604291,3cc4737d57e0e3d5a714ac61021ca624e19851ad5b3ab232fe26911cc638021f,ISIC_0003516,0,25.500974279003653,0.007016565196675519,ISIC_0003516,ade7ffe1477c480f2abe184ec66c782f094bc0137fea054a5160fe22c009824c,0.8993307741591605,0.8993307741591605,0.0,0.0,0.03356070816516876,0.03356070816516876,0.033690055086926705,0.033690055086926705,cuda_FP32_original_batch_present,canonical_letterbox_valid,3d99874f14ae5f316eec36e21141043d75bd4fd17ccfb31e3174198dee269596,79dcebf9cca45d4a829966afc65f64b8aea7e3506697fae9f945bee288ebb46e,0.46796053647994995,complete_logit_interpolation,0,6096384,0.9769790905103085,0,170975,0.028045313418577307,c0357ca035006b814c172365320e4e57d8f32c417ed86ada4cd3d4cdd77a8f7b,RSI-TailProbe-20261004,0.9188013267253755,181801,0.029821120191903923,2,5666f2e99fc3c14011cd6d15,0.0,0,0.0,U-Mean-logit-alpha-0.000000,17,ISIC_0003516_A02_T1_S1_5666f2e99fc3c14011cd6d15.png,S1,0.9409881234169006,0.9406196078261284,T1,val,M,1703ca22a1c39afeca05ffd0c12fe01606f41d5af81442d20102f130cc2ca491,d67353b51c7f853c45c0fad75d4336d0d442799627d3e648686eb70a497ad029,0.8993307741591605,T1,167039
0.0,0.0,0.0,,A05,0.00435587577521801,0.004444582484354157,0.9244712104843796,0.47731124609559206,1.0,0,5ca3f9fed2a631d522b1bd5334bde7efb3613c82a3aa714d8ae5da962737af8c,0.00435587577521801,0.06048063933849335,0.0,0.06048063933849335,0.8833945989608765,0.0,0.0,02fc8095c431dfc5451811632a802997c5ba97593e8a98ad29eaf0d9e1211df4,complete_update,3634.3956856677014,0.8862363778674213,0.8862363778674213,0.8920510156449986,1063,0,0,6495,0,0,0.0,0.0,0.0,0.005814637777577292,-0.005814637777577292,3cc4737d57e0e3d5a714ac61021ca624e19851ad5b3ab232fe26911cc638021f,ISIC_0003758,0,19.349355888919828,0.005323954121237907,ISIC_0003758,c3d12930167a4801860a841623d34995778bc2a41e154291097ff6e632be300f,0.7957131659323728,0.7957131659323728,0.0,0.0,0.06048063933849335,0.06048063933849335,0.06259176971606244,0.06259176971606244,cuda_FP32_original_batch_present,canonical_letterbox_valid,3d99874f14ae5f316eec36e21141043d75bd4fd17ccfb31e3174198dee269596,912571a00b29657af2f5f29565ebfce51ed2e7b1d1c4d8ec6e8a546e0811e1d1,0.21500881016254425,complete_logit_interpolation,0,6096384,0.8192519619302053,0,35934,0.005894313744016125,92be5f9ebd5316aa2fd09d60805cc0f5ef79df21d289f26b3b4353942e0fdf1d,RSI-TailProbe-20261004,0.9651498262409023,30502,0.005003293755773915,2,55dd30f69fc3c10470dbde8c,0.0,0,0.0,U-Mean-logit-alpha-0.000000,17,ISIC_0003758_A05_T3_S1_55dd30f69fc3c10470dbde8c.png,S1,0.8833945989608765,0.8792610430522293,T3,val,M,1703ca22a1c39afeca05ffd0c12fe01606f41d5af81442d20102f130cc2ca491,d67353b51c7f853c45c0fad75d4336d0d442799627d3e648686eb70a497ad029,0.7957131659323728,T3,29439
0.0,0.0,0.0,,A02,0.00771930068731308,0.006890604417862112,0.7564830437551344,0.25908502155957897,1.0,0,5ca3f9fed2a631d522b1bd5334bde7efb3613c82a3aa714d8ae5da962737af8c,0.00771930068731308,0.08628524839878082,0.0,0.08628524839878082,0.835148811340332,0.0,0.0,02fc8095c431dfc5451811632a802997c5ba97593e8a98ad29eaf0d9e1211df4,complete_update,3634.3956856677014,0.847861918830664,0.847861918830664,0.8535117056856187,1113,0,0,8671,0,0,0.0,0.0,0.0,0.005649786854954764,-0.005649786854954764,3cc4737d57e0e3d5a714ac61021ca624e19851ad5b3ab232fe26911cc638021f,ISIC_0003758,0,31.575306807693888,0.008687911151835126,ISIC_0003758,c3d12930167a4801860a841623d34995778bc2a41e154291097ff6e632be300f,0.73590304208168,0.73590304208168,0.0,0.0,0.08628524839878082,0.08628524839878082,0.08259064191018009,0.08259064191018009,cuda_FP32_original_batch_present,canonical_letterbox_valid,3d99874f14ae5f316eec36e21141043d75bd4fd17ccfb31e3174198dee269596,bf64f9e9c5277ca38ea7d7fb768bdb84b0261925f18ff31067bd9e1efd2f589f,0.21500881016254425,complete_logit_interpolation,0,6096384,0.7586964991373073,0,35934,0.005894313744016125,92be5f9ebd5316aa2fd09d60805cc0f5ef79df21d289f26b3b4353942e0fdf1d,RSI-TailProbe-20261004,0.9607767127149704,28376,0.004654562442260855,2,5661d37a9fc3c147bbd6a04a,0.0,0,0.0,U-Mean-logit-alpha-0.000000,17,ISIC_0003758_A02_T1_S1_5661d37a9fc3c147bbd6a04a.png,S1,0.835148811340332,0.8417093205975019,T1,val,M,1703ca22a1c39afeca05ffd0c12fe01606f41d5af81442d20102f130cc2ca491,d67353b51c7f853c45c0fad75d4336d0d442799627d3e648686eb70a497ad029,0.73590304208168,T1,27263
0.0,0.0,0.0,,A07,0.11350554972887039,0.11259390541246093,0.022254730438383153,0.0,0.10282793565129184,0,5ca3f9fed2a631d522b1bd5334bde7efb3613c82a3aa714d8ae5da962737af8c,0.11350554972887039,0.11367815732955933,0.0,0.11367815732955933,0.8861492276191711,0.0,0.0,02fc8095c431dfc5451811632a802997c5ba97593e8a98ad29eaf0d9e1211df4,complete_update,3634.3956856677014,0.8867662504942402,0.8867662504942402,0.8896045332386489,186722,0,0,0,0,0,0.0,0.0,0.0,0.002838282744408671,-0.002838282744408671,3cc4737d57e0e3d5a714ac61021ca624e19851ad5b3ab232fe26911cc638021f,ISIC_0004110,0,80.4114419718985,0.02212512035742347,ISIC_0004110,e85628ce6fd8757d08c0dccf465237794b3dcb7ae8a5722d0972e1f7485457f2,0.7965678824307437,0.7965678824307437,0.0,0.0,0.11367815732955933,0.11367815732955933,0.11320071541323451,0.11320071541323451,cuda_FP32_original_batch_present,canonical_letterbox_valid,3d99874f14ae5f316eec36e21141043d75bd4fd17ccfb31e3174198dee269596,5c040b9b7a13988fff807488cf0a32f8473ebf2cedcd3fb96cc0030e69841364,0.34862175583839417,complete_logit_interpolation,0,6096384,1.0,0,731137,0.11992961729444865,c8c91fb6f2c355929e28881c28aee6d9ec35599b2f9f2f1f9e5433cb78e585aa,RSI-TailProbe-20261004,0.7965678824307437,917859,0.1505579372952885,2,5661d7969fc3c147bbd6a170,0.0,0,0.0,U-Mean-logit-alpha-0.000000,17,ISIC_0004110_A07_T1_S1_5661d7969fc3c147bbd6a170.png,S1,0.8861492276191711,0.8861924745859919,T1,val,M,1703ca22a1c39afeca05ffd0c12fe01606f41d5af81442d20102f130cc2ca491,d67353b51c7f853c45c0fad75d4336d0d442799627d3e648686eb70a497ad029,0.7965678824307437,T1,731137
0.0,0.0,0.0,,A06,0.03644993528723717,0.03558270440462137,0.3945805312152297,0.17061256660248048,0.8081744718889227,0,5ca3f9fed2a631d522b1bd5334bde7efb3613c82a3aa714d8ae5da962737af8c,0.03644993528723717,0.04666353762149811,0.0,0.04666353762149811,0.9431228637695312,0.0,0.0,02fc8095c431dfc5451811632a802997c5ba97593e8a98ad29eaf0d9e1211df4,complete_update,3634.3956856677014,0.9473139900093116,0.9473139900093116,0.9500365762556771,81135,0,0,172,0,0,0.0,0.0,0.0,0.002722586246365455,-0.002722586246365455,3cc4737d57e0e3d5a714ac61021ca624e19851ad5b3ab232fe26911cc638021f,ISIC_0004110,0,51.86520991955976,0.01427065581331473,ISIC_0004110,e85628ce6fd8757d08c0dccf465237794b3dcb7ae8a5722d0972e1f7485457f2,0.8999017570469006,0.8999017570469006,0.0,0.0,0.04666353762149811,0.04666353762149811,0.046045287950860804,0.046045287950860804,cuda_FP32_original_batch_present,canonical_letterbox_valid,3d99874f14ae5f316eec36e21141043d75bd4fd17ccfb31e3174198dee269596,674b31017856920bd1a7f47e90f636307b9f476e3cae977e1c375d3e93dcab71,0.34862175583839417,complete_logit_interpolation,0,6096384,0.9997647499716196,0,731137,0.11992961729444865,c8c91fb6f2c355929e28881c28aee6d9ec35599b2f9f2f1f9e5433cb78e585aa,RSI-TailProbe-20261004,0.900092353158478,812100,0.13321011274880323,2,568bb4f29fc3c126c063ff46,0.0,0,0.0,U-Mean-logit-alpha-0.000000,17,ISIC_0004110_A06_T1_S1_568bb4f29fc3c126c063ff46.png,S1,0.9431228637695312,0.9434921285028998,T1,val,M,1703ca22a1c39afeca05ffd0c12fe01606f41d5af81442d20102f130cc2ca491,d67353b51c7f853c45c0fad75d4336d0d442799627d3e648686eb70a497ad029,0.8999017570469006,T1,730965
0.0,0.0,0.0,,A05,0.01854332536458969,0.018303849660341147,0.3862560574638552,0.19490874644133935,0.9060374992781106,0,5ca3f9fed2a631d522b1bd5334bde7efb3613c82a3aa714d8ae5da962737af8c,0.01854332536458969,0.07011021673679352,0.0,0.07011021673679352,0.8783228993415833,0.0,0.0,02fc8095c431dfc5451811632a802997c5ba97593e8a98ad29eaf0d9e1211df4,complete_update,5147.6254720016295,0.8853424565849133,0.8853424565849133,0.8897725121893609,2219,0,0,71444,0,0,0.0,0.0,0.0,0.004430055604447647,-0.004430055604447647,000265748d489c3d0095524194958fe61fe914509d0aca373da78957be3a3502,ISIC_0004309,0,59.88737672829775,0.011633980959576462,ISIC_0004309,77cacc8b9488c58484b25758c53ce6dcd11ad5e41d877b7a7af8bfda38bdb31b,0.7942730588557289,0.7942730588557289,0.0,0.0,0.07011021673679352,0.07011021673679352,0.07005384940268256,0.07005384940268256,cuda_FP32_original_batch_present,canonical_letterbox_valid,3d99874f14ae5f316eec36e21141043d75bd4fd17ccfb31e3174198dee269596,72b49638d8dfc2450ad5ab09136583db33e955493dd6d41e2ea7c2bab65e133d,0.40119242668151855,complete_logit_interpolation,0,12212224,0.7992260631795483,0,355843,0.02913826343178769,2dc729980f752f0ee0d925ecce25db8e863e8931e12e38213a4798f0cd5007f3,RSI-TailProbe-20261004,0.9922579879840066,286618,0.023469762755743754,2,5645f6e39fc3c1155c12d15f,0.0,0,0.0,U-Mean-logit-alpha-0.000000,17,ISIC_0004309_A05_T3_S1_5645f6e39fc3c1155c12d15f.png,S1,0.8783228993415833,0.878196150854976,T3,val,M,1703ca22a1c39afeca05ffd0c12fe01606f41d5af81442d20102f130cc2ca491,d67353b51c7f853c45c0fad75d4336d0d442799627d3e648686eb70a497ad029,0.7942730588557289,T3,284399
0.0,0.0,0.0,,A02,0.02705886773765087,0.026261389219673435,0.5061398081141826,0.15077661148079577,0.7471382065381397,0,5ca3f9fed2a631d522b1bd5334bde7efb3613c82a3aa714d8ae5da962737af8c,0.02705886773765087,0.07678057253360748,0.0,0.07678057253360748,0.873497724533081,0.0,0.0,02fc8095c431dfc5451811632a802997c5ba97593e8a98ad29eaf0d9e1211df4,complete_update,5147.6254720016295,0.8791729007224977,0.8791729007224977,0.8809224153753376,73408,0,0,19140,0,0,0.0,0.0,0.0,0.0017495146528399008,-0.0017495146528399008,000265748d489c3d0095524194958fe61fe914509d0aca373da78957be3a3502,ISIC_0004309,0,117.66434848262152,0.022857985516352708,ISIC_0004309,77cacc8b9488c58484b25758c53ce6dcd11ad5e41d877b7a7af8bfda38bdb31b,0.7843965418834202,0.7843965418834202,0.0,0.0,0.07678057253360748,0.07678057253360748,0.07579051115200063,0.07579051115200063,cuda_FP32_original_batch_present,canonical_letterbox_valid,3d99874f14ae5f316eec36e21141043d75bd4fd17ccfb31e3174198dee269596,5cf5b21933edd9de3a187371430807966d590c56020abafe17a26266f447f59b,0.40119242668151855,complete_logit_interpolation,0,12212224,0.9462122340470376,0,355843,0.02913826343178769,2dc729980f752f0ee0d925ecce25db8e863e8931e12e38213a4798f0cd5007f3,RSI-TailProbe-20261004,0.821004557302779,410111,0.03358200766707194,2,56659f5e9fc3c147bbd6af8c,0.0,0,0.0,U-Mean-logit-alpha-0.000000,17,ISIC_0004309_A02_T1_S1_56659f5e9fc3c147bbd6af8c.png,S1,0.873497724533081,0.8746803669156722,T1,val,M,1703ca22a1c39afeca05ffd0c12fe01606f41d5af81442d20102f130cc2ca491,d67353b51c7f853c45c0fad75d4336d0d442799627d3e648686eb70a497ad029,0.7843965418834202,T1,336703
0.0,0.0,0.0,,A05,0.01537322998046875,0.01513194607772224,0.6120945573164092,0.24416140166730585,0.9545913218970737,0,5ca3f9fed2a631d522b1bd5334bde7efb3613c82a3aa714d8ae5da962737af8c,0.01537322998046875,0.06746190786361694,0.0,0.06746190786361694,0.8804494142532349,0.0,0.0,02fc8095c431dfc5451811632a802997c5ba97593e8a98ad29eaf0d9e1211df4,complete_update,3634.3956856677014,0.8839932677827974,0.8839932677827974,0.892461375964482,318,0,0,25874,0,0,0.0,0.0,0.0,0.008468108181684642,-0.008468108181684642,3cc4737d57e0e3d5a714ac61021ca624e19851ad5b3ab232fe26911cc638021f,ISIC_0004333,0,38.41874542459709,0.010570875806424171,ISIC_0004333,ac79ed6350cb338695d5798e453dd47e11fdd16a37101d47d6e35eee9e7a98dc,0.7921038845586017,0.7921038845586017,0.0,0.0,0.06746190786361694,0.06746190786361694,0.06812894201950902,0.06812894201950902,cuda_FP32_original_batch_present,canonical_letterbox_valid,3d99874f14ae5f316eec36e21141043d75bd4fd17ccfb31e3174198dee269596,af3b675e7d608283467ef4c88afc91263b3f1a824608f6546216dbefdf4eb8e1,0.4895020127296448,complete_logit_interpolation,0,6096384,0.7941082853232326,0,125668,0.020613530906189635,49ef916bcdae32b45612e05ce6ec846fb4b54c4b54b4f1eaa7ec086ae667d3d9,RSI-TailProbe-20261004,0.9968235576154707,100112,0.01642153775090283,2,562e759c9fc3c10a87fd9a0c,0.0,0,0.0,U-Mean-logit-alpha-0.000000,17,ISIC_0004333_A05_T3_S1_562e759c9fc3c10a87fd9a0c.png,S1,0.8804494142532349,0.8788740620387042,T3,val,M,1703ca22a1c39afeca05ffd0c12fe01606f41d5af81442d20102f130cc2ca491,d67353b51c7f853c45c0fad75d4336d0d442799627d3e648686eb70a497ad029,0.7921038845586017,T3,99794
0.0,0.0,0.0,,A02,0.012390238232910633,0.012319518733750177,0.6500610361958837,0.4199154684032025,0.9351132306003896,0,5ca3f9fed2a631d522b1bd5334bde7efb3613c82a3aa714d8ae5da962737af8c,0.012390238232910633,0.05008956044912338,0.0,0.05008956044912338,0.9122111201286316,0.0,0.0,02fc8095c431dfc5451811632a802997c5ba97593e8a98ad29eaf0d9e1211df4,complete_update,3634.3956856677014,0.9174393434600109,0.9174393434600109,0.9147217337470708,18115,0,0,3816,0,0,0.0,0.0,0.0,-0.0027176097129401056,0.0027176097129401056,3cc4737d57e0e3d5a714ac61021ca624e19851ad5b3ab232fe26911cc638021f,ISIC_0004333,0,38.948684188300895,0.010716687877958821,ISIC_0004333,ac79ed6350cb338695d5798e453dd47e11fdd16a37101d47d6e35eee9e7a98dc,0.8474715369689045,0.8474715369689045,0.0,0.0,0.05008956044912338,0.05008956044912338,0.050774132465163505,0.050774132465163505,cuda_FP32_original_batch_present,canonical_letterbox_valid,3d99874f14ae5f316eec36e21141043d75bd4fd17ccfb31e3174198dee269596,ffbbd37021e5973e48aee1cd9b875390fe0d5e06b2e0a8f1dacf748b4bd97c61,0.4895020127296448,complete_logit_interpolation,0,6096384,0.9696342744374065,0,125668,0.020613530906189635,49ef916bcdae32b45612e05ce6ec846fb4b54c4b54b4f1eaa7ec086ae667d3d9,RSI-TailProbe-20261004,0.8705766359213243,139967,0.02295901964180734,2,56741b159fc3c16581746793,0.0,0,0.0,U-Mean-logit-alpha-0.000000,17,ISIC_0004333_A02_T1_S1_56741b159fc3c16581746793.png,S1,0.9122111201286316,0.9107712538034232,T1,val,M,1703ca22a1c39afeca05ffd0c12fe01606f41d5af81442d20102f130cc2ca491,d67353b51c7f853c45c0fad75d4336d0d442799627d3e648686eb70a497ad029,0.8474715369689045,T1,121852
0.0,0.0,0.0,,A01,0.025899972766637802,0.026549629058919857,0.5350886172601766,0.3486387647297846,0.7106248475352219,0,5ca3f9fed2a631d522b1bd5334bde7efb3613c82a3aa714d8ae5da962737af8c,0.025899972766637802,0.06960077583789825,0.0,0.06960077583789825,0.8866984248161316,0.0,0.0,02fc8095c431dfc5451811632a802997c5ba97593e8a98ad29eaf0d9e1211df4,complete_update,3634.3956856677014,0.8894346063709484,0.8894346063709484,0.8914869432109244,34187,0,0,2282,0,0,0.0,0.0,0.0,0.0020523368399759656,-0.0020523368399759656,3cc4737d57e0e3d5a714ac61021ca624e19851ad5b3ab232fe26911cc638021f,ISIC_0004447,0,78.49203781276162,0.021596998401218738,ISIC_0004447,55069c5b1436215c8064bf17faa1234c7eb391771b14035f4d40796033a0d305,0.8008844967377358,0.8008844967377358,0.0,0.0,0.06960077583789825,0.06960077583789825,0.0708839498447189,0.0708839498447189,cuda_FP32_original_batch_present,canonical_letterbox_valid,3d99874f14ae5f316eec36e21141043d75bd4fd17ccfb31e3174198dee269596,4293ea228b78bd5b42a2e527d3b93558f63e3108cf6516f667a8d9f313d65ea5,0.43108683824539185,complete_logit_interpolation,0,6096384,0.9846812738306213,0,148968,0.024435468631897203,f6cf5a7e69fb13eaa8e2437652753925a9c7a4bed47c8a0aebbc8cabe53c9928,RSI-TailProbe-20261004,0.8109889259314547,180873,0.029668898809523808,2,55e4a0429fc3c128ff23aace,0.0,0,0.0,U-Mean-logit-alpha-0.000000,17,ISIC_0004447_A01_T3_S2_55e4a0429fc3c128ff23aace.png,S2,0.8866984248161316,0.8847817293694821,T3,val,M,1703ca22a1c39afeca05ffd0c12fe01606f41d5af81442d20102f130cc2ca491,d67353b51c7f853c45c0fad75d4336d0d442799627d3e648686eb70a497ad029,0.8008844967377358,T3,146686
0.0,0.0,0.0,,A05,0.009378574788570404,0.00867814938805983,0.8382044305273365,0.48005754077594165,0.9959839357429718,0,5ca3f9fed2a631d522b1bd5334bde7efb3613c82a3aa714d8ae5da962737af8c,0.009378574788570404,0.04080868884921074,0.0,0.04080868884921074,0.9277611970901489,0.0,0.0,02fc8095c431dfc5451811632a802997c5ba97593e8a98ad29eaf0d9e1211df4,complete_update,3634.3956856677014,0.9333441361721315,0.9333441361721315,0.9348665210960062,2431,0,0,16491,0,0,0.0,0.0,0.0,0.0015223849238746867,-0.0015223849238746867,3cc4737d57e0e3d5a714ac61021ca624e19851ad5b3ab232fe26911cc638021f,ISIC_0004447,0,24.081111227722484,0.006625891430227793,ISIC_0004447,55069c5b1436215c8064bf17faa1234c7eb391771b14035f4d40796033a0d305,0.8750189895573947,0.8750189895573947,0.0,0.0,0.04080868884921074,0.04080868884921074,0.03981923848364968,0.03981923848364968,cuda_FP32_original_batch_present,canonical_letterbox_valid,3d99874f14ae5f316eec36e21141043d75bd4fd17ccfb31e3174198dee269596,ba398bbd31b0e4afb750b5810eb2c2c5ef8b7fb606b001771fb1fe5a9d59db16,0.43108683824539185,complete_logit_interpolation,0,6096384,0.8892983728048977,0,148968,0.024435468631897203,f6cf5a7e69fb13eaa8e2437652753925a9c7a4bed47c8a0aebbc8cabe53c9928,RSI-TailProbe-20261004,0.9819803125092655,134908,0.02212918346350886,2,5667419d9fc3c14011cd72b5,0.0,0,0.0,U-Mean-logit-alpha-0.000000,17,ISIC_0004447_A05_T3_S1_5667419d9fc3c14011cd72b5.png,S1,0.9277611970901489,0.9290396724207605,T3,val,M,1703ca22a1c39afeca05ffd0c12fe01606f41d5af81442d20102f130cc2ca491,d67353b51c7f853c45c0fad75d4336d0d442799627d3e648686eb70a497ad029,0.8750189895573947,T3,132477
0.0,0.0,0.0,,A05,0.008331389166414738,0.0082602212217914,0.830606977768931,0.6672681856297739,0.941690472189548,0,5ca3f9fed2a631d522b1bd5334bde7efb3613c82a3aa714d8ae5da962737af8c,0.008331389166414738,0.03440834581851959,0.0,0.03440834581851959,0.939514696598053,0.0,0.0,02fc8095c431dfc5451811632a802997c5ba97593e8a98ad29eaf0d9e1211df4,complete_update,3634.3956856677014,0.9432177706730609,0.9432177706730609,0.9420593062150007,10534,0,0,3106,0,0,0.0,0.0,0.0,-0.0011584644580602266,0.0011584644580602266,3cc4737d57e0e3d5a714ac61021ca624e19851ad5b3ab232fe26911cc638021f,ISIC_0004677,0,59.528125231769735,0.01637909858481284,ISIC_0004677,50a1d5effd6209520b976dd1195b2a0fa8ee396a6a522876a0a7e7746c476bfd,0.8925375015756964,0.8925375015756964,0.0,0.0,0.03440834581851959,0.03440834581851959,0.03648522379813347,0.03648522379813347,cuda_FP32_original_batch_present,canonical_letterbox_valid,3d99874f14ae5f316eec36e21141043d75bd4fd17ccfb31e3174198dee269596,85c5b63b585ea70c478d8496d8756b96d7ae86a9fe19d31922a72f0a8a8c6e7d,0.4122272729873657,complete_logit_interpolation,0,6096384,0.9733147756757221,0,116394,0.019092301272360796,d27257d126254ca5c57fb7a6b177b883ef58d2b1d7d8fe4f57ee90f3bd1f365e,RSI-TailProbe-20261004,0.9149262651225146,123822,0.020310728458049886,2,5640bf2d9fc3c1045ec16346,0.0,0,0.0,U-Mean-logit-alpha-0.000000,17,ISIC_0004677_A05_T3_S1_5640bf2d9fc3c1045ec16346.png,S1,0.939514696598053,0.9352897736255245,T3,val,M,1703ca22a1c39afeca05ffd0c12fe01606f41d5af81442d20102f130cc2ca491,d67353b51c7f853c45c0fad75d4336d0d442799627d3e648686eb70a497ad029,0.8925375015756964,T3,113288
0.0,0.0,0.0,,A02,0.014689097180962563,0.014141158228115722,0.5738545152118832,0.19432403323222597,0.9374696855665607,0,5ca3f9fed2a631d522b1bd5334bde7efb3613c82a3aa714d8ae5da962737af8c,0.014689097180962563,0.05514160171151161,0.0,0.05514160171151161,0.9044058918952942,0.0,0.0,02fc8095c431dfc5451811632a802997c5ba97593e8a98ad29eaf0d9e1211df4,complete_update,3634.3956856677014,0.9076017364689716,0.9076017364689716,0.9051663044967796,23516,0,0,152,0,0,0.0,0.0,0.0,-0.0024354319721919815,0.0024354319721919815,3cc4737d57e0e3d5a714ac61021ca624e19851ad5b3ab232fe26911cc638021f,ISIC_0004677,0,36.61966684720111,0.010075861302502466,ISIC_0004677,50a1d5effd6209520b976dd1195b2a0fa8ee396a6a522876a0a7e7746c476bfd,0.8308341076406262,0.8308341076406262,0.0,0.0,0.05514160171151161,0.05514160171151161,0.05465462283432617,0.05465462283432617,cuda_FP32_original_batch_present,canonical_letterbox_valid,3d99874f14ae5f316eec36e21141043d75bd4fd17ccfb31e3174198dee269596,be5b41deee64192bb9594ac55c540bd8ffc9e370c606fe4acbb856872589d822,0.4122272729873657,complete_logit_interpolation,0,6096384,0.9986940907606922,0,116394,0.019092301272360796,d27257d126254ca5c57fb7a6b177b883ef58d2b1d7d8fe4f57ee90f3bd1f365e,RSI-TailProbe-20261004,0.8317377180554959,139758,0.022924737024439406,2,5665a0999fc3c147bbd6b052,0.0,0,0.0,U-Mean-logit-alpha-0.000000,17,ISIC_0004677_A02_T1_S1_5665a0999fc3c147bbd6b052.png,S1,0.9044058918952942,0.9048319125594634,T1,val,M,1703ca22a1c39afeca05ffd0c12fe01606f41d5af81442d20102f130cc2ca491,d67353b51c7f853c45c0fad75d4336d0d442799627d3e648686eb70a497ad029,0.8308341076406262,T1,116242
0.0,0.0,0.0,,A05,0.018490860238671303,0.018835513352496756,0.7303807407140951,0.42441915287318444,0.9229776247848538,0,5ca3f9fed2a631d522b1bd5334bde7efb3613c82a3aa714d8ae5da962737af8c,0.018490860238671303,0.0455625094473362,0.0,0.0455625094473362,0.9273658394813538,0.0,0.0,02fc8095c431dfc5451811632a802997c5ba97593e8a98ad29eaf0d9e1211df4,complete_update,3634.3956856677014,0.9440502719966473,0.9440502719966473,0.946617859144715,21025,0,0,26502,0,0,0.0,0.0,0.0,0.002567587148067707,-0.002567587148067707,3cc4737d57e0e3d5a714ac61021ca624e19851ad5b3ab232fe26911cc638021f,ISIC_0004715,0,58.05170109479997,0.015972862097467205,ISIC_0004715,ec5ae9f3f6e6886fb32257a16d74bb8e1c849b865753dd93bca946f62f048f03,0.8940295612194616,0.8940295612194616,0.0,0.0,0.0455625094473362,0.0455625094473362,0.046235865158068976,0.046235865158068976,cuda_FP32_original_batch_present,canonical_letterbox_valid,3d99874f14ae5f316eec36e21141043d75bd4fd17ccfb31e3174198dee269596,f4158984ed9a520c80d51a268c81bfb1010f1d68a893e4d2915d5e2cc7b0f929,0.3735617697238922,complete_logit_interpolation,0,6096384,0.9380023767860987,0,427468,0.07011828651213572,645ac2f3d73996e8714bc8d079ea44de066286ad27bb6c0673d08d762b0e9534,RSI-TailProbe-20261004,0.950176662535457,421991,0.06921988509910137,2,563236f09fc3c10a87fd9c39,0.0,0,0.0,U-Mean-logit-alpha-0.000000,17,ISIC_0004715_A05_T3_S1_563236f09fc3c10a87fd9c39.png,S1,0.9273658394813538,0.9263637830363588,T3,val,M,1703ca22a1c39afeca05ffd0c12fe01606f41d5af81442d20102f130cc2ca491,d67353b51c7f853c45c0fad75d4336d0d442799627d3e648686eb70a497ad029,0.8940295612194616,T3,400966
0.0,0.0,0.0,,A02,0.032442089170217514,0.0323682024242561,0.475127062332473,0.24374131687713274,0.643774957634577,0,5ca3f9fed2a631d522b1bd5334bde7efb3613c82a3aa714d8ae5da962737af8c,0.032442089170217514,0.06252861022949219,0.0,0.06252861022949219,0.9073848724365234,0.0,0.0,02fc8095c431dfc5451811632a802997c5ba97593e8a98ad29eaf0d9e1211df4,complete_update,3634.3956856677014,0.9196932024197079,0.9196932024197079,0.9173459875170354,69801,0,0,4130,0,0,0.0,0.0,0.0,-0.002347214902672423,0.002347214902672423,3cc4737d57e0e3d5a714ac61021ca624e19851ad5b3ab232fe26911cc638021f,ISIC_0004715,0,80.049984384758,0.022025665697446326,ISIC_0004715,ec5ae9f3f6e6886fb32257a16d74bb8e1c849b865753dd93bca946f62f048f03,0.8513259422968252,0.8513259422968252,0.0,0.0,0.06252861022949219,0.06252861022949219,0.06270091524066718,0.06270091524066718,cuda_FP32_original_batch_present,canonical_letterbox_valid,3d99874f14ae5f316eec36e21141043d75bd4fd17ccfb31e3174198dee269596,afdfba7c20c97f77ed11195427c1d5b3b3f34d9d294a5065548c1bab487dad48,0.3735617697238922,complete_logit_interpolation,0,6096384,0.9903384580834121,0,427468,0.07011828651213572,645ac2f3d73996e8714bc8d079ea44de066286ad27bb6c0673d08d762b0e9534,RSI-TailProbe-20261004,0.85845572952048,493139,0.08089040979045939,2,5665c20c9fc3c12067284cdd,0.0,0,0.0,U-Mean-logit-alpha-0.000000,17,ISIC_0004715_A02_T1_S1_5665c20c9fc3c12067284cdd.png,S1,0.9073848724365234,0.9069663719429217,T1,val,M,1703ca22a1c39afeca05ffd0c12fe01606f41d5af81442d20102f130cc2ca491,d67353b51c7f853c45c0fad75d4336d0d442799627d3e648686eb70a497ad029,0.8513259422968252,T1,423338
0.0,0.0,0.0,,A07,0.009423880837857723,0.008549147692874763,0.4180461976476045,0.2367562218863334,1.0,0,5ca3f9fed2a631d522b1bd5334bde7efb3613c82a3aa714d8ae5da962737af8c,0.009423880837857723,0.08472724258899689,0.0,0.08472724258899689,0.8399693965911865,0.0,0.0,02fc8095c431dfc5451811632a802997c5ba97593e8a98ad29eaf0d9e1211df4,complete_update,3634.3956856677014,0.8512070676052346,0.8512070676052346,0.841367973412429,12598,0,0,0,0,0,0.0,0.0,0.0,-0.009839094192805597,0.009839094192805597,3cc4737d57e0e3d5a714ac61021ca624e19851ad5b3ab232fe26911cc638021f,ISIC_0004799,0,25.298221281347036,0.006960777931008169,ISIC_0004799,dcc793046d7bc01399ad0038f4e83caed275c8dc577d8a22f34f28c49b2d1a74,0.7409577858655645,0.7409577858655645,0.0,0.0,0.08472724258899689,0.08472724258899689,0.08240897424445677,0.08240897424445677,cuda_FP32_original_batch_present,canonical_letterbox_valid,3d99874f14ae5f316eec36e21141043d75bd4fd17ccfb31e3174198dee269596,7e718b9870ac1e7d3bd6de6219f6debd98f2c5ebe86298ae17269315a5d9c3c7,0.2922375798225403,complete_logit_interpolation,0,6096384,1.0,0,36035,0.005910880941882926,21833468d24cce9278e97af0d68ef5ebfad6d1dc7b98ee85fe64ac5b968c06e7,RSI-TailProbe-20261004,0.7409577858655645,48633,0.007977351820357772,2,5664a4de9fc3c147bbd6ac3e,0.0,0,0.0,U-Mean-logit-alpha-0.000000,17,ISIC_0004799_A07_T1_S2_5664a4de9fc3c147bbd6ac3e.png,S2,0.8399693965911865,0.8437311992039612,T1,val,M,1703ca22a1c39afeca05ffd0c12fe01606f41d5af81442d20102f130cc2ca491,d67353b51c7f853c45c0fad75d4336d0d442799627d3e648686eb70a497ad029,0.7409577858655645,T1,36035
0.0,0.0,0.0,,A02,0.0019852418918162584,0.0020396169510537737,0.9535901926444834,0.7628996517885407,1.0,0,5ca3f9fed2a631d522b1bd5334bde7efb3613c82a3aa714d8ae5da962737af8c,0.0019852418918162584,0.04022439941763878,0.0,0.04022439941763878,0.9215364456176758,0.0,0.0,02fc8095c431dfc5451811632a802997c5ba97593e8a98ad29eaf0d9e1211df4,complete_update,3634.3956856677014,0.9378271597894767,0.9378271597894767,0.9425582199677196,1200,0,0,3159,0,0,0.0,0.0,0.0,0.004731060178242874,-0.004731060178242874,3cc4737d57e0e3d5a714ac61021ca624e19851ad5b3ab232fe26911cc638021f,ISIC_0004799,0,17.859126318166595,0.004913919083878057,ISIC_0004799,dcc793046d7bc01399ad0038f4e83caed275c8dc577d8a22f34f28c49b2d1a74,0.882932724587082,0.882932724587082,0.0,0.0,0.04022439941763878,0.04022439941763878,0.040774688134697624,0.040774688134697624,cuda_FP32_original_batch_present,canonical_letterbox_valid,3d99874f14ae5f316eec36e21141043d75bd4fd17ccfb31e3174198dee269596,6882173b4192aabc2f9d987c520f83c3f58586c65aadc2451e5111e13683dd21,0.2922375798225403,complete_logit_interpolation,0,6096384,0.9123352296378521,0,36035,0.005910880941882926,21833468d24cce9278e97af0d68ef5ebfad6d1dc7b98ee85fe64ac5b968c06e7,RSI-TailProbe-20261004,0.9647845991313534,34076,0.005589542915931805,2,56659e209fc3c147bbd6af20,0.0,0,0.0,U-Mean-logit-alpha-0.000000,17,ISIC_0004799_A02_T1_S1_56659e209fc3c147bbd6af20.png,S1,0.9215364456176758,0.9204902406816585,T1,val,M,1703ca22a1c39afeca05ffd0c12fe01606f41d5af81442d20102f130cc2ca491,d67353b51c7f853c45c0fad75d4336d0d442799627d3e648686eb70a497ad029,0.882932724587082,T1,32876
0.0,0.0,0.0,,A01,0.029711464419960976,0.030592025296863393,0.41024348130061494,0.23686667517480872,0.68897124870375,0,5ca3f9fed2a631d522b1bd5334bde7efb3613c82a3aa714d8ae5da962737af8c,0.029711464419960976,0.10450967401266098,0.0,0.10450967401266098,0.8206921219825745,0.0,0.0,02fc8095c431dfc5451811632a802997c5ba97593e8a98ad29eaf0d9e1211df4,complete_update,3634.3956856677014,0.8295459697447497,0.8295459697447497,0.8326792032415686,45383,0,0,22291,0,0,0.0,0.0,0.0,0.0031332334968189324,-0.0031332334968189324,3cc4737d57e0e3d5a714ac61021ca624e19851ad5b3ab232fe26911cc638021f,ISIC_0005390,0,107.91200118615167,0.029691869163202125,ISIC_0005390,98445ebc857fe7537242afaae3665b33f9054bc5b8955185104275b844abda6f,0.7087386162136107,0.7087386162136107,0.0,0.0,0.10450967401266098,0.10450967401266098,0.10630381195211439,0.10630381195211439,cuda_FP32_original_batch_present,canonical_letterbox_valid,3d99874f14ae5f316eec36e21141043d75bd4fd17ccfb31e3174198dee269596,2a0a7715304b3a2c7e8c65853c3bd681212689c744280dc1e444cdcd54c97994,0.43571996688842773,complete_logit_interpolation,0,6096384,0.8807744765062979,0,186965,0.03066817969471739,68a3446c46dd5d601f84b178e067ff140c30c3aabfbf28ffe01457f71de1890f,RSI-TailProbe-20261004,0.7839491185725779,210057,0.03445599883471907,2,55e08b119fc3c104700e2316,0.0,0,0.0,U-Mean-logit-alpha-0.000000,17,ISIC_0005390_A01_T3_S2_55e08b119fc3c104700e2316.png,S2,0.8206921219825745,0.8179844013926346,T3,val,M,1703ca22a1c39afeca05ffd0c12fe01606f41d5af81442d20102f130cc2ca491,d67353b51c7f853c45c0fad75d4336d0d442799627d3e648686eb70a497ad029,0.7087386162136107,T3,164674
0.0,0.0,0.0,,A02,0.018110785633325577,0.018468724935190813,0.36442749321801726,0.24374440479010184,0.6753970279456631,0,5ca3f9fed2a631d522b1bd5334bde7efb3613c82a3aa714d8ae5da962737af8c,0.018110785633325577,0.0852186530828476,0.0,0.0852186530828476,0.8476734757423401,0.0,0.0,02fc8095c431dfc5451811632a802997c5ba97593e8a98ad29eaf0d9e1211df4,complete_update,3634.3956856677014,0.8678452631015215,0.8678452631015215,0.8763646542875805,3297,0,0,41121,0,0,0.0,0.0,0.0,0.008519391186058933,-0.008519391186058933,3cc4737d57e0e3d5a714ac61021ca624e19851ad5b3ab232fe26911cc638021f,ISIC_0005390,0,72.2357252334328,0.019875580834056005,ISIC_0005390,98445ebc857fe7537242afaae3665b33f9054bc5b8955185104275b844abda6f,0.7665429775782868,0.7665429775782868,0.0,0.0,0.0852186530828476,0.0852186530828476,0.08671285769991505,0.08671285769991505,cuda_FP32_original_batch_present,canonical_letterbox_valid,3d99874f14ae5f316eec36e21141043d75bd4fd17ccfb31e3174198dee269596,5710c49e4a3bcd61d8ab849e4fade2615939f5758857868d27c9c7d82ee590fe,0.43571996688842773,complete_logit_interpolation,0,6096384,0.7800604391196213,0,186965,0.03066817969471739,68a3446c46dd5d601f84b178e067ff140c30c3aabfbf28ffe01457f71de1890f,RSI-TailProbe-20261004,0.9778934028872007,149141,0.024463846109431427,2,5666f5e39fc3c14011cd6ea7,0.0,0,0.0,U-Mean-logit-alpha-0.000000,17,ISIC_0005390_A02_T1_S1_5666f5e39fc3c14011cd6ea7.png,S1,0.8476734757423401,0.8450430095353607,T1,val,M,1703ca22a1c39afeca05ffd0c12fe01606f41d5af81442d20102f130cc2ca491,d67353b51c7f853c45c0fad75d4336d0d442799627d3e648686eb70a497ad029,0.7665429775782868,T1,145844
0.0,0.0,0.0,,A01,0.0471881628036499,0.046007879950762776,0.4147509408394089,0.296008002819374,0.5760342567237354,0,5ca3f9fed2a631d522b1bd5334bde7efb3613c82a3aa714d8ae5da962737af8c,0.0471881628036499,0.1965167224407196,0.0,0.1965167224407196,0.6541547179222107,0.0,0.0,02fc8095c431dfc5451811632a802997c5ba97593e8a98ad29eaf0d9e1211df4,complete_update,3634.3956856677014,0.6582283328865229,0.6582283328865229,0.6496086694762191,34537,0,0,1159,0,0,0.0,0.0,0.0,-0.008619663410303846,0.008619663410303846,3cc4737d57e0e3d5a714ac61021ca624e19851ad5b3ab232fe26911cc638021f,ISIC_0005777,0,175.011986696244,0.048154356826475064,ISIC_0005777,1383fedc93c735694c1e3f0f620950cfae401283ee0144c3d6332ec4de5f2f10,0.490566576280862,0.490566576280862,0.0,0.0,0.1965167224407196,0.1965167224407196,0.19504138791742567,0.19504138791742567,cuda_FP32_original_batch_present,canonical_letterbox_valid,3d99874f14ae5f316eec36e21141043d75bd4fd17ccfb31e3174198dee269596,2141fc82181b837286d9b632f0f323b5c5342e8e1d7894158ac0355aa554ca50,0.21052539348602295,complete_logit_interpolation,0,6096384,0.967382433231081,0,35533,0.0058285370475350635,6f326641940eb5fe6e2730b741e4cbf3209b1b5299ecb0643deefa94ed58ab70,RSI-TailProbe-20261004,0.4988173150875767,68911,0.011303585863357689,2,55e086349fc3c104700e2184,0.0,0,0.0,U-Mean-logit-alpha-0.000000,17,ISIC_0005777_A01_T3_S2_55e086349fc3c104700e2184.png,S2,0.6541547179222107,0.6559251041159114,T3,val,M,1703ca22a1c39afeca05ffd0c12fe01606f41d5af81442d20102f130cc2ca491,d67353b51c7f853c45c0fad75d4336d0d442799627d3e648686eb70a497ad029,0.0,T3,34374
0.0,0.0,0.0,,A02,0.00507501931861043,0.004680512104257205,0.87435399156504,0.5421771189369791,1.0,0,5ca3f9fed2a631d522b1bd5334bde7efb3613c82a3aa714d8ae5da962737af8c,0.00507501931861043,0.05859135836362839,0.0,0.05859135836362839,0.8878923058509827,0.0,0.0,02fc8095c431dfc5451811632a802997c5ba97593e8a98ad29eaf0d9e1211df4,complete_update,3634.3956856677014,0.89599728420208,0.89599728420208,0.9119411467542309,240,0,0,6500,0,0,0.0,0.0,0.0,0.015943862552150856,-0.015943862552150856,3cc4737d57e0e3d5a714ac61021ca624e19851ad5b3ab232fe26911cc638021f,ISIC_0005777,0,22.80350850198276,0.006274360436842021,ISIC_0005777,1383fedc93c735694c1e3f0f620950cfae401283ee0144c3d6332ec4de5f2f10,0.811589746456825,0.811589746456825,0.0,0.0,0.05859135836362839,0.05859135836362839,0.05814054962321251,0.05814054962321251,cuda_FP32_original_batch_present,canonical_letterbox_valid,3d99874f14ae5f316eec36e21141043d75bd4fd17ccfb31e3174198dee269596,db6bd167ac4792b52d3b73f4bb1ba2df915f8058752f1d3c6305b8dbe5fef0ad,0.21052539348602295,complete_logit_interpolation,0,6096384,0.8170714547040779,0,35533,0.0058285370475350635,6f326641940eb5fe6e2730b741e4cbf3209b1b5299ecb0643deefa94ed58ab70,RSI-TailProbe-20261004,0.9918013186212551,29273,0.004801698843117494,2,5661d4ae9fc3c147bbd6a098,0.0,0,0.0,U-Mean-logit-alpha-0.000000,17,ISIC_0005777_A02_T3_S1_5661d4ae9fc3c147bbd6a098.png,S1,0.8878923058509827,0.8883994128578322,T3,val,M,1703ca22a1c39afeca05ffd0c12fe01606f41d5af81442d20102f130cc2ca491,d67353b51c7f853c45c0fad75d4336d0d442799627d3e648686eb70a497ad029,0.811589746456825,T3,29033
0.0,0.0,0.0,,A02,0.016913723200559616,0.016418605816905817,0.23214363800145174,0.03602484472049689,0.8059421415077399,0,5ca3f9fed2a631d522b1bd5334bde7efb3613c82a3aa714d8ae5da962737af8c,0.016913723200559616,0.13145485520362854,0.0,0.13145485520362854,0.7540040016174316,0.0,0.0,02fc8095c431dfc5451811632a802997c5ba97593e8a98ad29eaf0d9e1211df4,complete_update,3634.3956856677014,0.7585138633798765,0.7585138633798765,0.7194610024347242,0,0,0,21826,0,0,0.0,0.0,0.0,-0.03905286094515226,0.03905286094515226,3cc4737d57e0e3d5a714ac61021ca624e19851ad5b3ab232fe26911cc638021f,ISIC_0005842,0,42.474695266821875,0.011686865971782194,ISIC_0005842,9841bae21f38f8f61dd00c2c2eb0260341a2671f16491c6246587bf9875f836c,0.6109724796805932,0.6109724796805932,0.0,0.0,0.13145485520362854,0.13145485520362854,0.1304773669240764,0.1304773669240764,cuda_FP32_original_batch_present,canonical_letterbox_valid,3d99874f14ae5f316eec36e21141043d75bd4fd17ccfb31e3174198dee269596,07d5b23ccf8703a07e297ffecdb390edc98dfeb9b78f7fe75b68e5c9e9e88205,0.25749439001083374,complete_logit_interpolation,0,6096384,0.6109724796805932,0,56104,0.009202832367514907,4e97d882c151a6324b9141d14ead12167ae1a0380114c5ae8b8092b3c2bc8c06,RSI-TailProbe-20261004,1.0,34278,0.0056226773116654066,2,560ee6f59fc3c1047093fbbb,0.0,0,0.0,U-Mean-logit-alpha-0.000000,17,ISIC_0005842_A02_T1_S1_560ee6f59fc3c1047093fbbb.png,S1,0.7540040016174316,0.755463871968753,T1,val,M,1703ca22a1c39afeca05ffd0c12fe01606f41d5af81442d20102f130cc2ca491,d67353b51c7f853c45c0fad75d4336d0d442799627d3e648686eb70a497ad029,0.0,T1,34278
0.0,0.0,0.0,,A05,0.027886487543582916,0.026932390883741532,0.06394425372751959,0.0,0.47389234121539825,0,5ca3f9fed2a631d522b1bd5334bde7efb3613c82a3aa714d8ae5da962737af8c,0.027886487543582916,0.19653256237506866,0.0,0.19653256237506866,0.634821355342865,0.0,0.0,02fc8095c431dfc5451811632a802997c5ba97593e8a98ad29eaf0d9e1211df4,complete_update,3634.3956856677014,0.6444052480247421,0.6444052480247421,0.6083485401459854,0,0,0,29434,0,0,0.0,0.0,0.0,-0.0360567078787567,0.0360567078787567,3cc4737d57e0e3d5a714ac61021ca624e19851ad5b3ab232fe26911cc638021f,ISIC_0005842,0,58.008620049092706,0.015961008394834563,ISIC_0005842,9841bae21f38f8f61dd00c2c2eb0260341a2671f16491c6246587bf9875f836c,0.4753671752459718,0.4753671752459718,0.0,0.0,0.19653256237506866,0.19653256237506866,0.1926314086743246,0.1926314086743246,cuda_FP32_original_batch_present,canonical_letterbox_valid,3d99874f14ae5f316eec36e21141043d75bd4fd17ccfb31e3174198dee269596,2cd9a1a51de18588054de1f9cc7a0fa65aa04d8d70c37c278d0e3d1c2cef484b,0.25749439001083374,complete_logit_interpolation,0,6096384,0.4753671752459718,0,56104,0.009202832367514907,4e97d882c151a6324b9141d14ead12167ae1a0380114c5ae8b8092b3c2bc8c06,RSI-TailProbe-20261004,1.0,26670,0.00437472442680776,2,5661e13a9fc3c147bbd6a284,0.0,0,0.0,U-Mean-logit-alpha-0.000000,17,ISIC_0005842_A05_T1_S1_5661e13a9fc3c147bbd6a284.png,S1,0.634821355342865,0.6416695735350924,T1,val,M,1703ca22a1c39afeca05ffd0c12fe01606f41d5af81442d20102f130cc2ca491,d67353b51c7f853c45c0fad75d4336d0d442799627d3e648686eb70a497ad029,0.0,T1,26670
0.0,0.0,0.0,,A01,0.009514416567981243,0.010884232322238023,0.640097688357692,0.35368630876151386,0.8246103001233038,0,5ca3f9fed2a631d522b1bd5334bde7efb3613c82a3aa714d8ae5da962737af8c,0.009514416567981243,0.07941745221614838,0.0,0.07941745221614838,0.8506795167922974,0.0,0.0,02fc8095c431dfc5451811632a802997c5ba97593e8a98ad29eaf0d9e1211df4,complete_update,3634.3956856677014,0.8387764367998142,0.8387764367998142,0.8299804697922114,14545,0,0,724,0,0,0.0,0.0,0.0,-0.008795967007602767,0.008795967007602767,3cc4737d57e0e3d5a714ac61021ca624e19851ad5b3ab232fe26911cc638021f,ISIC_0005957,0,65.16054003442542,0.017928851360732974,ISIC_0005957,b088fd4d8b9b10dc9224a11340ceed6d422dea34299c2f4ca49108f7a941273b,0.7223212337237216,0.7223212337237216,0.0,0.0,0.07941745221614838,0.07941745221614838,0.08808958792988282,0.08808958792988282,cuda_FP32_original_batch_present,canonical_letterbox_valid,3d99874f14ae5f316eec36e21141043d75bd4fd17ccfb31e3174198dee269596,b55c24e07e018aeb009dd5e80f6f6b122b9ce6ae5a18c84d6376e1aa4a165253,0.25992223620414734,complete_logit_interpolation,0,6096384,0.9820982617511065,0,40443,0.00663393250818846,8193f44296678775315114ad9d355446c42c46952c8e1e8d44bceedfd2d9583b,RSI-TailProbe-20261004,0.7319585729028454,54264,0.008901014109347443,2,55e748659fc3c128ff23adc2,0.0,0,0.0,U-Mean-logit-alpha-0.000000,17,ISIC_0005957_A01_T3_S2_55e748659fc3c128ff23adc2.png,S2,0.8506795167922974,0.8347050564624724,T3,val,M,1703ca22a1c39afeca05ffd0c12fe01606f41d5af81442d20102f130cc2ca491,d67353b51c7f853c45c0fad75d4336d0d442799627d3e648686eb70a497ad029,0.7223212337237216,T3,39719
0.0,0.0,0.0,,A02,0.014573100954294205,0.014264568846189053,0.3910366279438838,0.25302852676826887,0.7682953583853072,0,5ca3f9fed2a631d522b1bd5334bde7efb3613c82a3aa714d8ae5da962737af8c,0.014573100954294205,0.10662221908569336,0.0,0.10662221908569336,0.8013286590576172,0.0,0.0,02fc8095c431dfc5451811632a802997c5ba97593e8a98ad29eaf0d9e1211df4,complete_update,3634.3956856677014,0.8030924709449216,0.8030924709449216,0.7950257289879932,18774,0,0,710,0,0,0.0,0.0,0.0,-0.00806674195692847,0.00806674195692847,3cc4737d57e0e3d5a714ac61021ca624e19851ad5b3ab232fe26911cc638021f,ISIC_0005957,0,42.95346318982906,0.011818598442436178,ISIC_0005957,b088fd4d8b9b10dc9224a11340ceed6d422dea34299c2f4ca49108f7a941273b,0.6709728625225864,0.6709728625225864,0.0,0.0,0.10662221908569336,0.10662221908569336,0.10644316098088061,0.10644316098088061,cuda_FP32_original_batch_present,canonical_letterbox_valid,3d99874f14ae5f316eec36e21141043d75bd4fd17ccfb31e3174198dee269596,450191164aeb77583a2539067aaa6286c16f50af8d442105592fd037f437ae33,0.25992223620414734,complete_logit_interpolation,0,6096384,0.9824444279603393,0,40443,0.00663393250818846,8193f44296678775315114ad9d355446c42c46952c8e1e8d44bceedfd2d9583b,RSI-TailProbe-20261004,0.6791153195344147,58507,0.009597000451415134,2,567420579fc3c16581746abd,0.0,0,0.0,U-Mean-logit-alpha-0.000000,17,ISIC_0005957_A02_T1_S1_567420579fc3c16581746abd.png,S1,0.8013286590576172,0.8013782468844278,T1,val,M,1703ca22a1c39afeca05ffd0c12fe01606f41d5af81442d20102f130cc2ca491,d67353b51c7f853c45c0fad75d4336d0d442799627d3e648686eb70a497ad029,0.6709728625225864,T1,39733
0.0,0.0,0.0,,A01,0.00637143524363637,0.0061558597356307825,0.8721737183792255,0.5967226510939139,0.978908603950452,0,5ca3f9fed2a631d522b1bd5334bde7efb3613c82a3aa714d8ae5da962737af8c,0.00637143524363637,0.04532885551452637,0.0,0.04532885551452637,0.9157137274742126,0.0,0.0,02fc8095c431dfc5451811632a802997c5ba97593e8a98ad29eaf0d9e1211df4,complete_update,3634.3956856677014,0.9232426172553561,0.9232426172553561,0.9274836247716776,4991,0,0,8265,0,0,0.0,0.0,0.0,0.004241007516321504,-0.004241007516321504,3cc4737d57e0e3d5a714ac61021ca624e19851ad5b3ab232fe26911cc638021f,ISIC_0006070,0,31.064449134018133,0.008547349221363347,ISIC_0006070,68eeb53bd9c32ff0e680ec6eccffd5632eeb4c0fd35897252317b9451c819b96,0.8574286390328895,0.8574286390328895,0.0,0.0,0.04532885551452637,0.04532885551452637,0.04544539111785898,0.04544539111785898,cuda_FP32_original_batch_present,canonical_letterbox_valid,3d99874f14ae5f316eec36e21141043d75bd4fd17ccfb31e3174198dee269596,0f9537e639b8f35f2253fcd4dd942f7bb6962365d5a08151e3ff6accb659bbac,0.32097718119621277,complete_logit_interpolation,0,6096384,0.9060656687919806,0,87987,0.014432653848576468,53f4b4f48deded1166ea782782d642d1107cb4047deadc2c9a507cc86400f9c4,RSI-TailProbe-20261004,0.9410834228512743,84713,0.013895614187032838,2,55e4667d9fc3c128ff23a6c0,0.0,0,0.0,U-Mean-logit-alpha-0.000000,17,ISIC_0006070_A01_T3_S2_55e4667d9fc3c128ff23a6c0.png,S2,0.9157137274742126,0.9152650774999128,T3,val,M,1703ca22a1c39afeca05ffd0c12fe01606f41d5af81442d20102f130cc2ca491,d67353b51c7f853c45c0fad75d4336d0d442799627d3e648686eb70a497ad029,0.8574286390328895,T3,79722
0.0,0.0,0.0,,A02,0.008637748658657074,0.008170512092946999,0.7549248976115496,0.44262950930633643,0.9010946337588989,0,5ca3f9fed2a631d522b1bd5334bde7efb3613c82a3aa714d8ae5da962737af8c,0.008637748658657074,0.057560693472623825,0.0,0.057560693472623825,0.8935163617134094,0.0,0.0,02fc8095c431dfc5451811632a802997c5ba97593e8a98ad29eaf0d9e1211df4,complete_update,3634.3956856677014,0.9025320344833818,0.9025320344833818,0.9014098148293875,3099,0,0,13080,0,0,0.0,0.0,0.0,-0.001122219653994283,0.001122219653994283,3cc4737d57e0e3d5a714ac61021ca624e19851ad5b3ab232fe26911cc638021f,ISIC_0006070,0,43.01162633521314,0.011834601968308016,ISIC_0006070,68eeb53bd9c32ff0e680ec6eccffd5632eeb4c0fd35897252317b9451c819b96,0.822376655029313,0.822376655029313,0.0,0.0,0.057560693472623825,0.057560693472623825,0.056275370604130875,0.056275370604130875,cuda_FP32_original_batch_present,canonical_letterbox_valid,3d99874f14ae5f316eec36e21141043d75bd4fd17ccfb31e3174198dee269596,d0ceba372526e2ff2131d8f5b908f0c098016fedfacdb3496766c0b98bb69639,0.32097718119621277,complete_logit_interpolation,0,6096384,0.851341675474786,0,87987,0.014432653848576468,53f4b4f48deded1166ea782782d642d1107cb4047deadc2c9a507cc86400f9c4,RSI-TailProbe-20261004,0.9602722867471732,78006,0.012795453829680021,2,56741b5b9fc3c165817467c9,0.0,0,0.0,U-Mean-logit-alpha-0.000000,17,ISIC_0006070_A02_T1_S1_56741b5b9fc3c165817467c9.png,S1,0.8935163617134094,0.8956197708846853,T1,val,M,1703ca22a1c39afeca05ffd0c12fe01606f41d5af81442d20102f130cc2ca491,d67353b51c7f853c45c0fad75d4336d0d442799627d3e648686eb70a497ad029,0.822376655029313,T1,74907
0.0,0.0,0.0,,A01,0.04369223117828369,0.041355032666546235,0.5002632100013537,0.32092472213505946,0.6342193439667673,0,5ca3f9fed2a631d522b1bd5334bde7efb3613c82a3aa714d8ae5da962737af8c,0.04369223117828369,0.08577010035514832,0.0,0.08577010035514832,0.8721520304679871,0.0,0.0,02fc8095c431dfc5451811632a802997c5ba97593e8a98ad29eaf0d9e1211df4,complete_update,3634.3956856677014,0.8795854892157433,0.8795854892157433,0.8823805174155321,45942,0,0,3768,0,0,0.0,0.0,0.0,0.0027950281997888293,-0.0027950281997888293,3cc4737d57e0e3d5a714ac61021ca624e19851ad5b3ab232fe26911cc638021f,ISIC_0006104,0,143.5687988387449,0.03950279805936123,ISIC_0006104,c25c3564b3913c56640526ee4ce752dae582168ea79cac0022be04dbe90dd37a,0.7850536393000298,0.7850536393000298,0.0,0.0,0.08577010035514832,0.08577010035514832,0.08293904517243991,0.08293904517243991,cuda_FP32_original_batch_present,canonical_letterbox_valid,3d99874f14ae5f316eec36e21141043d75bd4fd17ccfb31e3174198dee269596,de5d43cb19c3ccc5b67e879cb64bae9522137712a47a81eb2e8e89f50e28e86c,0.3805829584598541,complete_logit_interpolation,0,6096384,0.9796681505463375,0,185325,0.030399167768959436,9e73c702743eae19a1339d7bd1d317697f0ae9c5b87a3f7efe538798be886db2,RSI-TailProbe-20261004,0.7980562551923305,227499,0.03731703908415218,2,55e096e39fc3c104700e2346,0.0,0,0.0,U-Mean-logit-alpha-0.000000,17,ISIC_0006104_A01_T3_S2_55e096e39fc3c104700e2346.png,S2,0.8721520304679871,0.8754769423216664,T3,val,M,1703ca22a1c39afeca05ffd0c12fe01606f41d5af81442d20102f130cc2ca491,d67353b51c7f853c45c0fad75d4336d0d442799627d3e648686eb70a497ad029,0.7850536393000298,T3,181557
0.0,0.0,0.0,,A02,0.004515406675636768,0.004338129872240711,0.946844622588168,0.708769050772716,1.0,0,5ca3f9fed2a631d522b1bd5334bde7efb3613c82a3aa714d8ae5da962737af8c,0.004515406675636768,0.02075999788939953,0.0,0.02075999788939953,0.9629954099655151,0.0,0.0,02fc8095c431dfc5451811632a802997c5ba97593e8a98ad29eaf0d9e1211df4,complete_update,3634.3956856677014,0.9711761463784645,0.9711761463784645,0.9683432017066481,3208,0,0,7356,0,0,0.0,0.0,0.0,-0.002832944671816384,0.002832944671816384,3cc4737d57e0e3d5a714ac61021ca624e19851ad5b3ab232fe26911cc638021f,ISIC_0006104,0,18.439088914585774,0.0050734951583011785,ISIC_0006104,c25c3564b3913c56640526ee4ce752dae582168ea79cac0022be04dbe90dd37a,0.9439673691077954,0.9439673691077954,0.0,0.0,0.02075999788939953,0.02075999788939953,0.02084686243654178,0.02084686243654178,cuda_FP32_original_batch_present,canonical_letterbox_valid,3d99874f14ae5f316eec36e21141043d75bd4fd17ccfb31e3174198dee269596,36181db871470ac2395b25fb60ab1b128607e5b1826afaf5350c3e370328e8ec,0.3805829584598541,complete_logit_interpolation,0,6096384,0.9603075677863213,0,185325,0.030399167768959436,9e73c702743eae19a1339d7bd1d317697f0ae9c5b87a3f7efe538798be886db2,RSI-TailProbe-20261004,0.982293558233109,181177,0.02971876443478626,2,567421099fc3c16581746b1d,0.0,0,0.0,U-Mean-logit-alpha-0.000000,17,ISIC_0006104_A02_T1_S1_567421099fc3c16581746b1d.png,S1,0.9629954099655151,0.9626444049991572,T1,val,M,1703ca22a1c39afeca05ffd0c12fe01606f41d5af81442d20102f130cc2ca491,d67353b51c7f853c45c0fad75d4336d0d442799627d3e648686eb70a497ad029,0.9439673691077954,T1,177969
0.0,0.0,0.0,,A01,0.010432024486362934,0.010184464440075045,0.5428076316715237,0.30643896128916837,0.7570900123304561,0,5ca3f9fed2a631d522b1bd5334bde7efb3613c82a3aa714d8ae5da962737af8c,0.010432024486362934,0.11492613703012466,0.0,0.11492613703012466,0.7805797457695007,0.0,0.0,02fc8095c431dfc5451811632a802997c5ba97593e8a98ad29eaf0d9e1211df4,complete_update,3634.3956856677014,0.7882556131260795,0.7882556131260795,0.8186612415809121,9892,0,0,529,0,0,0.0,0.0,0.0,0.030405628454832634,-0.030405628454832634,3cc4737d57e0e3d5a714ac61021ca624e19851ad5b3ab232fe26911cc638021f,ISIC_0006216,0,74.88251065298486,0.02060384094893279,ISIC_0006216,bf3eaee7e4ee81d0713577a0ab8e5cac28a1ed5b530b016f19935068ef264b69,0.6505131128848347,0.6505131128848347,0.0,0.0,0.11492613703012466,0.11492613703012466,0.11429926381382421,0.11429926381382421,cuda_FP32_original_batch_present,canonical_letterbox_valid,3d99874f14ae5f316eec36e21141043d75bd4fd17ccfb31e3174198dee269596,506e0c7bdcc38461f3d5e821e7526630cc983420b403959489886ded581555a3,0.2417287528514862,complete_logit_interpolation,0,6096384,0.9734517715547526,0,19926,0.003268494897959184,831e3836b0688925a58b8ea2fcb0db86e8df0e552f9029401086d9d1c2f17d1e,RSI-TailProbe-20261004,0.6622622827682748,29289,0.004804323349710255,2,55e0a2579fc3c104700e249c,0.0,0,0.0,U-Mean-logit-alpha-0.000000,17,ISIC_0006216_A01_T3_S2_55e0a2579fc3c104700e249c.png,S2,0.7805797457695007,0.7815859368124266,T3,val,M,1703ca22a1c39afeca05ffd0c12fe01606f41d5af81442d20102f130cc2ca491,d67353b51c7f853c45c0fad75d4336d0d442799627d3e648686eb70a497ad029,0.6505131128848347,T3,19397
0.0,0.0,0.0,,A02,0.0046398695558309555,0.004680718931231724,0.7243971492726741,0.4758757435558493,1.0,0,5ca3f9fed2a631d522b1bd5334bde7efb3613c82a3aa714d8ae5da962737af8c,0.0046398695558309555,0.07479482889175415,0.0,0.07479482889175415,0.8550502061843872,0.0,0.0,02fc8095c431dfc5451811632a802997c5ba97593e8a98ad29eaf0d9e1211df4,complete_update,3634.3956856677014,0.8585389474610966,0.8585389474610966,0.8622110273870258,6004,0,0,423,0,0,0.0,0.0,0.0,0.003672079925929217,-0.003672079925929217,3cc4737d57e0e3d5a714ac61021ca624e19851ad5b3ab232fe26911cc638021f,ISIC_0006216,0,25.96150997149434,0.00714328108903331,ISIC_0006216,bf3eaee7e4ee81d0713577a0ab8e5cac28a1ed5b530b016f19935068ef264b69,0.7521403779406093,0.7521403779406093,0.0,0.0,0.07479482889175415,0.07479482889175415,0.07682116813806314,0.07682116813806314,cuda_FP32_original_batch_present,canonical_letterbox_valid,3d99874f14ae5f316eec36e21141043d75bd4fd17ccfb31e3174198dee269596,86b67335e9279ebee6e6097a7370ef99c5a6fab11fa12f1b0ac4fd8bf221d33e,0.2417287528514862,complete_logit_interpolation,0,6096384,0.9787714543812105,0,19926,0.003268494897959184,831e3836b0688925a58b8ea2fcb0db86e8df0e552f9029401086d9d1c2f17d1e,RSI-TailProbe-20261004,0.7646136354726154,25507,0.004183955603846477,2,5661c6009fc3c147bbd69d02,0.0,0,0.0,U-Mean-logit-alpha-0.000000,17,ISIC_0006216_A02_T1_S1_5661c6009fc3c147bbd69d02.png,S1,0.8550502061843872,0.8510383826551055,T1,val,M,1703ca22a1c39afeca05ffd0c12fe01606f41d5af81442d20102f130cc2ca491,d67353b51c7f853c45c0fad75d4336d0d442799627d3e648686eb70a497ad029,0.7521403779406093,T1,19503
0.0,0.0,0.0,,A01,0.014512491412460804,0.014202482788449154,0.692925006918181,0.4017643570763941,0.8545331529093371,0,5ca3f9fed2a631d522b1bd5334bde7efb3613c82a3aa714d8ae5da962737af8c,0.014512491412460804,0.07459471374750137,0.0,0.07459471374750137,0.8653230667114258,0.0,0.0,02fc8095c431dfc5451811632a802997c5ba97593e8a98ad29eaf0d9e1211df4,complete_update,3634.3956856677014,0.8728951462017649,0.8728951462017649,0.8798882279228543,8996,0,0,8735,0,0,0.0,0.0,0.0,0.006993081721089367,-0.006993081721089367,3cc4737d57e0e3d5a714ac61021ca624e19851ad5b3ab232fe26911cc638021f,ISIC_0006372,0,103.43837726519197,0.028460956431657372,ISIC_0006372,b5c68cbd0aa023b1c66b6a4d5a6025d2a1244f42129442f038d501f9f9b11330,0.7744578006741716,0.7744578006741716,0.0,0.0,0.07459471374750137,0.07459471374750137,0.07343576488631792,0.07343576488631792,cuda_FP32_original_batch_present,canonical_letterbox_valid,3d99874f14ae5f316eec36e21141043d75bd4fd17ccfb31e3174198dee269596,a5280fcb5b9ae3133404b7a3786e65321853092ca50cba7651f00b28197e97b9,0.3105112314224243,complete_logit_interpolation,0,6096384,0.874531377928439,0,69619,0.011419720280087343,4fd3ddf6ade59897f688868f904dad37f94c73c11ae5d8bad508de3ec613ee52,RSI-TailProbe-20261004,0.871265025758443,69880,0.01146253254388175,2,55e492459fc3c128ff23a8d6,0.0,0,0.0,U-Mean-logit-alpha-0.000000,17,ISIC_0006372_A01_T3_S2_55e492459fc3c128ff23a8d6.png,S2,0.8653230667114258,0.8673309530158133,T3,val,M,1703ca22a1c39afeca05ffd0c12fe01606f41d5af81442d20102f130cc2ca491,d67353b51c7f853c45c0fad75d4336d0d442799627d3e648686eb70a497ad029,0.7744578006741716,T3,60884
0.0,0.0,0.0,,A05,0.007718334440141916,0.007079474622412712,0.8482253283925926,0.24367122876873226,1.0,0,5ca3f9fed2a631d522b1bd5334bde7efb3613c82a3aa714d8ae5da962737af8c,0.007718334440141916,0.05596059933304787,0.0,0.05596059933304787,0.8957971334457397,0.0,0.0,02fc8095c431dfc5451811632a802997c5ba97593e8a98ad29eaf0d9e1211df4,complete_update,3634.3956856677014,0.9019654985874858,0.9019654985874858,0.9061615238843044,3453,0,0,9595,0,0,0.0,0.0,0.0,0.004196025296818617,-0.004196025296818617,3cc4737d57e0e3d5a714ac61021ca624e19851ad5b3ab232fe26911cc638021f,ISIC_0006372,0,23.02823525592144,0.006336193757529941,ISIC_0006372,b5c68cbd0aa023b1c66b6a4d5a6025d2a1244f42129442f038d501f9f9b11330,0.8214363915042697,0.8214363915042697,0.0,0.0,0.05596059933304787,0.05596059933304787,0.054295375993273914,0.054295375993273914,cuda_FP32_original_batch_present,canonical_letterbox_valid,3d99874f14ae5f316eec36e21141043d75bd4fd17ccfb31e3174198dee269596,8ba35de78c526b15d9a459da812714c1f9e6921a0bf22b3f93b8eb4bbf22960e,0.3105112314224243,complete_logit_interpolation,0,6096384,0.8621784283026186,0,69619,0.011419720280087343,4fd3ddf6ade59897f688868f904dad37f94c73c11ae5d8bad508de3ec613ee52,RSI-TailProbe-20261004,0.9456023441561511,63477,0.010412237811791384,2,5665a6199fc3c11b98db259b,0.0,0,0.0,U-Mean-logit-alpha-0.000000,17,ISIC_0006372_A05_T1_S1_5665a6199fc3c11b98db259b.png,S1,0.8957971334457397,0.8984887226358649,T1,val,M,1703ca22a1c39afeca05ffd0c12fe01606f41d5af81442d20102f130cc2ca491,d67353b51c7f853c45c0fad75d4336d0d442799627d3e648686eb70a497ad029,0.8214363915042697,T1,60024
0.0,0.0,0.0,,A02,0.005138397682458162,0.004942141254899668,0.9503593192599669,0.48190410497484465,1.0,0,5ca3f9fed2a631d522b1bd5334bde7efb3613c82a3aa714d8ae5da962737af8c,0.005138397682458162,0.05794888734817505,0.0,0.05794888734817505,0.8892406225204468,0.0,0.0,02fc8095c431dfc5451811632a802997c5ba97593e8a98ad29eaf0d9e1211df4,complete_update,3634.3956856677014,0.8962483631879378,0.8962483631879378,0.8968538127523425,306,0,0,7855,0,0,0.0,0.0,0.0,0.0006054495644047808,-0.0006054495644047808,3cc4737d57e0e3d5a714ac61021ca624e19851ad5b3ab232fe26911cc638021f,ISIC_0006464,0,18.35755975068582,0.005051062497977079,ISIC_0006464,f45ec9a0dd2b167c3385683b2bf9086a54dfa4a3604dd700c62ed1486f8d4b45,0.8120018428933425,0.8120018428933425,0.0,0.0,0.05794888734817505,0.05794888734817505,0.05734790096340542,0.05734790096340542,cuda_FP32_original_batch_present,canonical_letterbox_valid,3d99874f14ae5f316eec36e21141043d75bd4fd17ccfb31e3174198dee269596,11f50c0a4f472b1771c76e2ccd6b7e94be24f40ecce08f3b1b0c635afcd943f5,0.2457517683506012,complete_logit_interpolation,0,6096384,0.8177663325909429,0,43104,0.007070420760896951,4602e496e69c2d2fd671cf931aa20b424da38e1ae2bde704d32fb1ea7e8408ab,RSI-TailProbe-20261004,0.9913936155252426,35555,0.005832145744100109,2,56099de29fc3c10ee6f16c79,0.0,0,0.0,U-Mean-logit-alpha-0.000000,17,ISIC_0006464_A02_T3_S1_56099de29fc3c10ee6f16c79.png,S1,0.8892406225204468,0.8902463393280888,T3,val,M,1703ca22a1c39afeca05ffd0c12fe01606f41d5af81442d20102f130cc2ca491,d67353b51c7f853c45c0fad75d4336d0d442799627d3e648686eb70a497ad029,0.8120018428933425,T3,35249
0.0,0.0,0.0,,A05,0.01203897688537836,0.011811574414647436,0.5044916768891526,0.08584528338698662,0.9905776321179844,0,5ca3f9fed2a631d522b1bd5334bde7efb3613c82a3aa714d8ae5da962737af8c,0.01203897688537836,0.10606057941913605,0.0,0.10606057941913605,0.7999178171157837,0.0,0.0,02fc8095c431dfc5451811632a802997c5ba97593e8a98ad29eaf0d9e1211df4,complete_update,3634.3956856677014,0.8014847975086544,0.8014847975086544,0.8003387383385162,0,0,0,14279,0,0,0.0,0.0,0.0,-0.001146059170138214,0.001146059170138214,3cc4737d57e0e3d5a714ac61021ca624e19851ad5b3ab232fe26911cc638021f,ISIC_0006464,0,28.635642126552707,0.007879065628290785,ISIC_0006464,f45ec9a0dd2b167c3385683b2bf9086a54dfa4a3604dd700c62ed1486f8d4b45,0.6687314402375649,0.6687314402375649,0.0,0.0,0.10606057941913605,0.10606057941913605,0.1070973394938471,0.1070973394938471,cuda_FP32_original_batch_present,canonical_letterbox_valid,3d99874f14ae5f316eec36e21141043d75bd4fd17ccfb31e3174198dee269596,00692408c1d9e84a28b2c44690e04143aeb96781039d904b30778dcb47a5525e,0.2457517683506012,complete_logit_interpolation,0,6096384,0.6687314402375649,0,43104,0.007070420760896951,4602e496e69c2d2fd671cf931aa20b424da38e1ae2bde704d32fb1ea7e8408ab,RSI-TailProbe-20261004,1.0,28825,0.004728212658520198,2,5666039b9fc3c12067285121,0.0,0,0.0,U-Mean-logit-alpha-0.000000,17,ISIC_0006464_A05_T3_S1_5666039b9fc3c12067285121.png,S1,0.7999178171157837,0.7976168954269532,T3,val,M,1703ca22a1c39afeca05ffd0c12fe01606f41d5af81442d20102f130cc2ca491,d67353b51c7f853c45c0fad75d4336d0d442799627d3e648686eb70a497ad029,0.6687314402375649,T3,28825
0.0,0.0,0.0,,A01,0.012237253598868847,0.011097784388879463,0.7158559502919456,0.4855702552827222,0.8810810810810812,0,5ca3f9fed2a631d522b1bd5334bde7efb3613c82a3aa714d8ae5da962737af8c,0.012237253598868847,0.06174769997596741,0.0,0.06174769997596741,0.8887418508529663,0.0,0.0,02fc8095c431dfc5451811632a802997c5ba97593e8a98ad29eaf0d9e1211df4,complete_update,3634.3956856677014,0.8997655522368886,0.8997655522368886,0.9025991511405748,7842,0,0,7763,0,0,0.0,0.0,0.0,0.002833598903686174,-0.002833598903686174,3cc4737d57e0e3d5a714ac61021ca624e19851ad5b3ab232fe26911cc638021f,ISIC_0006748,0,66.70832032063167,0.018354721414538602,ISIC_0006748,ad2c2f8c10f11cfc9ffd7061988aa0f6b267b1ca371032672be7dd1e9ff33f3a,0.8177943837935665,0.8177943837935665,0.0,0.0,0.06174769997596741,0.06174769997596741,0.05872071735805774,0.05872071735805774,cuda_FP32_original_batch_present,canonical_letterbox_valid,3d99874f14ae5f316eec36e21141043d75bd4fd17ccfb31e3174198dee269596,10d17084a4220c64704daa0609521d9be3aa7e1711e392b6c52693f935935198,0.3778133690357208,complete_logit_interpolation,0,6096384,0.9002223564644037,0,77803,0.01276215540228437,536405ccd05ac6c0b42474c834b5481208a18584294ba7d9b8c5fd667c665c08,RSI-TailProbe-20261004,0.8993092113710485,77882,0.012775113903586125,2,55e4abf99fc3c128ff23ab58,0.0,0,0.0,U-Mean-logit-alpha-0.000000,17,ISIC_0006748_A01_T3_S2_55e4abf99fc3c128ff23ab58.png,S2,0.8887418508529663,0.893656349672764,T3,val,M,1703ca22a1c39afeca05ffd0c12fe01606f41d5af81442d20102f130cc2ca491,d67353b51c7f853c45c0fad75d4336d0d442799627d3e648686eb70a497ad029,0.8177943837935665,T3,70040
0.0,0.0,0.0,,A05,0.009406019933521748,0.008583813344123656,0.8179615705404825,0.48815161029690013,0.9902912621359222,0,5ca3f9fed2a631d522b1bd5334bde7efb3613c82a3aa714d8ae5da962737af8c,0.009406019933521748,0.06052246317267418,0.0,0.06052246317267418,0.8883610963821411,0.0,0.0,02fc8095c431dfc5451811632a802997c5ba97593e8a98ad29eaf0d9e1211df4,complete_update,3634.3956856677014,0.8988566036688591,0.8988566036688591,0.8977918723731313,1552,0,0,13026,0,0,0.0,0.0,0.0,-0.0010647312957278166,0.0010647312957278166,3cc4737d57e0e3d5a714ac61021ca624e19851ad5b3ab232fe26911cc638021f,ISIC_0006748,0,28.0178514522438,0.007709081199587776,ISIC_0006748,ad2c2f8c10f11cfc9ffd7061988aa0f6b267b1ca371032672be7dd1e9ff33f3a,0.8162938693214038,0.8162938693214038,0.0,0.0,0.06052246317267418,0.06052246317267418,0.05733542066786892,0.05733542066786892,cuda_FP32_original_batch_present,canonical_letterbox_valid,3d99874f14ae5f316eec36e21141043d75bd4fd17ccfb31e3174198dee269596,29afe476c7946a1cd5988e8dfab8c9734235480ea0a0fbbb542f5bf649a8aad7,0.3778133690357208,complete_logit_interpolation,0,6096384,0.8325771499813632,0,77803,0.01276215540228437,536405ccd05ac6c0b42474c834b5481208a18584294ba7d9b8c5fd667c665c08,RSI-TailProbe-20261004,0.9766014865292707,66329,0.010880056111950953,2,5666ed7d9fc3c14011cd6b11,0.0,0,0.0,U-Mean-logit-alpha-0.000000,17,ISIC_0006748_A05_T3_S1_5666ed7d9fc3c14011cd6b11.png,S1,0.8883610963821411,0.8939129720083858,T3,val,M,1703ca22a1c39afeca05ffd0c12fe01606f41d5af81442d20102f130cc2ca491,d67353b51c7f853c45c0fad75d4336d0d442799627d3e648686eb70a497ad029,0.8162938693214038,T3,64777
0.0,0.0,0.0,,A01,0.011221164837479591,0.011169674588981,0.7047718930256948,0.48305208458161303,0.7930613242120694,0,5ca3f9fed2a631d522b1bd5334bde7efb3613c82a3aa714d8ae5da962737af8c,0.011221164837479591,0.05288156494498253,0.0,0.05288156494498253,0.9054580330848694,0.0,0.0,02fc8095c431dfc5451811632a802997c5ba97593e8a98ad29eaf0d9e1211df4,complete_update,3634.3956856677014,0.9103981151034267,0.9103981151034267,0.9076513211533824,8778,0,0,6738,0,0,0.0,0.0,0.0,-0.0027467939500442906,0.0027467939500442906,3cc4737d57e0e3d5a714ac61021ca624e19851ad5b3ab232fe26911cc638021f,ISIC_0007381,0,150.14725764289227,0.041312853808131135,ISIC_0007381,41393ee695712f60ed62bb1d40f3a38dc13e644f8a83af41a479db56a0531211,0.8355328012211022,0.8355328012211022,0.0,0.0,0.05288156494498253,0.05288156494498253,0.053675453785854754,0.053675453785854754,cuda_FP32_original_batch_present,canonical_letterbox_valid,3d99874f14ae5f316eec36e21141043d75bd4fd17ccfb31e3174198dee269596,60ef6a33f33406341b8f5f43c3748391c4c89c4055e1f697d2d8c5328507c537,0.3502741754055023,complete_logit_interpolation,0,6096384,0.9212510080291715,0,85563,0.014035041099773243,44562e40b4f9c90e6335c1bd144d6117ceaa92af490408e280735a60f661a8d4,RSI-TailProbe-20261004,0.8997979521249272,87603,0.014369665690350215,2,55e4aded9fc3c128ff23ac4e,0.0,0,0.0,U-Mean-logit-alpha-0.000000,17,ISIC_0007381_A01_T3_S2_55e4aded9fc3c128ff23ac4e.png,S2,0.9054580330848694,0.9038187670172715,T3,val,M,1703ca22a1c39afeca05ffd0c12fe01606f41d5af81442d20102f130cc2ca491,d67353b51c7f853c45c0fad75d4336d0d442799627d3e648686eb70a497ad029,0.8355328012211022,T3,78825
0.0,0.0,0.0,,A02,0.022282950580120087,0.02181908090579432,0.44515380785372627,0.19723223630654727,0.7676776536316072,0,5ca3f9fed2a631d522b1bd5334bde7efb3613c82a3aa714d8ae5da962737af8c,0.022282950580120087,0.0831483006477356,0.0,0.0831483006477356,0.8559863567352295,0.0,0.0,02fc8095c431dfc5451811632a802997c5ba97593e8a98ad29eaf0d9e1211df4,complete_update,3634.3956856677014,0.8579378528240968,0.8579378528240968,0.8636350031427402,28336,0,0,0,0,0,0.0,0.0,0.0,0.005697150318643374,-0.005697150318643374,3cc4737d57e0e3d5a714ac61021ca624e19851ad5b3ab232fe26911cc638021f,ISIC_0007381,0,54.0,0.014858040970318636,ISIC_0007381,41393ee695712f60ed62bb1d40f3a38dc13e644f8a83af41a479db56a0531211,0.7512181845319098,0.7512181845319098,0.0,0.0,0.0831483006477356,0.0831483006477356,0.08327157130586527,0.08327157130586527,cuda_FP32_original_batch_present,canonical_letterbox_valid,3d99874f14ae5f316eec36e21141043d75bd4fd17ccfb31e3174198dee269596,76902eeb0e2533e3081e185cb98ced2600022fa6f91e101941d9d717a93e62cc,0.3502741754055023,complete_logit_interpolation,0,6096384,1.0,0,85563,0.014035041099773243,44562e40b4f9c90e6335c1bd144d6117ceaa92af490408e280735a60f661a8d4,RSI-TailProbe-20261004,0.7512181845319098,113899,0.018683042275552196,2,5661c9399fc3c147bbd69df2,0.0,0,0.0,U-Mean-logit-alpha-0.000000,17,ISIC_0007381_A02_T1_S1_5661c9399fc3c147bbd69df2.png,S1,0.8559863567352295,0.8552759382940638,T1,val,M,1703ca22a1c39afeca05ffd0c12fe01606f41d5af81442d20102f130cc2ca491,d67353b51c7f853c45c0fad75d4336d0d442799627d3e648686eb70a497ad029,0.7512181845319098,T1,85563
0.0,0.0,0.0,,A01,0.10207872837781906,0.10062621598698542,0.06826830550877636,0.001406085224387767,0.2942105936611198,0,5ca3f9fed2a631d522b1bd5334bde7efb3613c82a3aa714d8ae5da962737af8c,0.10207872837781906,0.12638145685195923,0.0,0.12638145685195923,0.8493158221244812,0.0,0.0,02fc8095c431dfc5451811632a802997c5ba97593e8a98ad29eaf0d9e1211df4,complete_update,5147.6254720016295,0.8513312937327719,0.8513312937327719,0.8497904175211735,304296,0,0,0,0,0,0.0,0.0,0.0,-0.0015408762115984853,0.0015408762115984853,000265748d489c3d0095524194958fe61fe914509d0aca373da78957be3a3502,ISIC_0007469,0,200.43864381832734,0.03893807832534245,ISIC_0007469,3bbde9d5e5b1e1a78812b567b6e7445d0b96db4442dd672d29cfc2c8e3458134,0.7411460668231323,0.7411460668231323,0.0,0.0,0.12638145685195923,0.12638145685195923,0.12516162442511053,0.12516162442511053,cuda_FP32_original_batch_present,canonical_letterbox_valid,3d99874f14ae5f316eec36e21141043d75bd4fd17ccfb31e3174198dee269596,55f07b50ded8893c81aebf6e472441ec9757b0465025c75d132be9ee2af4a9aa,0.4572456181049347,complete_logit_interpolation,0,12212224,1.0,0,871255,0.07134286105462855,b91e3a15a2241759e78080c0ffed3e5754936ad1f749439a886e28e2959cc738,RSI-TailProbe-20261004,0.7411460668231323,1175551,0.09626018979016435,2,55e4ac559fc3c128ff23ab8e,0.0,0,0.0,U-Mean-logit-alpha-0.000000,17,ISIC_0007469_A01_T3_S2_55e4ac559fc3c128ff23ab8e.png,S2,0.8493158221244812,0.8503029671367643,T3,val,M,1703ca22a1c39afeca05ffd0c12fe01606f41d5af81442d20102f130cc2ca491,d67353b51c7f853c45c0fad75d4336d0d442799627d3e648686eb70a497ad029,0.7411460668231323,T3,871255
0.0,0.0,0.0,,A02,0.03165674954652786,0.030961994459347986,0.131977751055107,0.03211298684162415,0.7954485300318367,0,5ca3f9fed2a631d522b1bd5334bde7efb3613c82a3aa714d8ae5da962737af8c,0.03165674954652786,0.05484289303421974,0.0,0.05484289303421974,0.9219709634780884,0.0,0.0,02fc8095c431dfc5451811632a802997c5ba97593e8a98ad29eaf0d9e1211df4,complete_update,5147.6254720016295,0.9254040952281818,0.9254040952281818,0.9238369773910639,140462,0,0,0,0,0,0.0,0.0,0.0,-0.0015671178371179373,0.0015671178371179373,000265748d489c3d0095524194958fe61fe914509d0aca373da78957be3a3502,ISIC_0007469,0,66.03029607687671,0.012827331055070163,ISIC_0007469,3bbde9d5e5b1e1a78812b567b6e7445d0b96db4442dd672d29cfc2c8e3458134,0.8611647328254838,0.8611647328254838,0.0,0.0,0.05484289303421974,0.05484289303421974,0.054319704134398454,0.054319704134398454,cuda_FP32_original_batch_present,canonical_letterbox_valid,3d99874f14ae5f316eec36e21141043d75bd4fd17ccfb31e3174198dee269596,40fe0a0c4a640bd976afe1466e5dc87773e1b0070fdfa1fca3d18da48731ae54,0.4572456181049347,complete_logit_interpolation,0,12212224,1.0,0,871255,0.07134286105462855,b91e3a15a2241759e78080c0ffed3e5754936ad1f749439a886e28e2959cc738,RSI-TailProbe-20261004,0.8611647328254838,1011717,0.0828446153624434,2,5674199c9fc3c165817466c7,0.0,0,0.0,U-Mean-logit-alpha-0.000000,17,ISIC_0007469_A02_T1_S1_5674199c9fc3c165817466c7.png,S1,0.9219709634780884,0.9223225861905511,T1,val,M,1703ca22a1c39afeca05ffd0c12fe01606f41d5af81442d20102f130cc2ca491,d67353b51c7f853c45c0fad75d4336d0d442799627d3e648686eb70a497ad029,0.8611647328254838,T1,871255
0.0,0.0,0.0,,A05,0.007572186179459095,0.0075229207360273664,0.8637098889817185,0.5311738082939921,0.9839590443686008,0,5ca3f9fed2a631d522b1bd5334bde7efb3613c82a3aa714d8ae5da962737af8c,0.007572186179459095,0.06880409270524979,0.0,0.06880409270524979,0.8699640035629272,0.0,0.0,02fc8095c431dfc5451811632a802997c5ba97593e8a98ad29eaf0d9e1211df4,complete_update,5147.6254720016295,0.8737144476361394,0.8737144476361394,0.8764863594903121,11223,0,0,11506,0,0,0.0,0.0,0.0,0.002771911854172693,-0.002771911854172693,000265748d489c3d0095524194958fe61fe914509d0aca373da78957be3a3502,ISIC_0007483,0,44.665406017745376,0.00867689505786392,ISIC_0007483,9b1d17d51eaa672f43547faa755275cfa99450680d3e21e869bb8e60b19aa216,0.7757486063835035,0.7757486063835035,0.0,0.0,0.06880409270524979,0.06880409270524979,0.06904500386365038,0.06904500386365038,cuda_FP32_original_batch_present,canonical_letterbox_valid,3d99874f14ae5f316eec36e21141043d75bd4fd17ccfb31e3174198dee269596,3aca9cdb0d15175629aa29d99567c48d03c44f9bb6ef5411bc758c405a507149,0.2909497320652008,complete_logit_interpolation,0,12212224,0.8723427861358896,0,90132,0.0073804738596344125,9baeb0dd452b3ffb525365fbb4f119c055be3823d3e1b98d4e5de7371380b58f,RSI-TailProbe-20261004,0.8750904294983806,89849,0.007357300357412376,2,5605872b9fc3c10ee6f16a69,0.0,0,0.0,U-Mean-logit-alpha-0.000000,17,ISIC_0007483_A05_T3_S1_5605872b9fc3c10ee6f16a69.png,S1,0.8699640035629272,0.8694329130087266,T3,val,M,1703ca22a1c39afeca05ffd0c12fe01606f41d5af81442d20102f130cc2ca491,d67353b51c7f853c45c0fad75d4336d0d442799627d3e648686eb70a497ad029,0.7757486063835035,T3,78626
0.0,0.0,0.0,,A02,0.006626960821449757,0.005897920413044548,0.8320792483459452,0.44540411810102876,1.0,0,5ca3f9fed2a631d522b1bd5334bde7efb3613c82a3aa714d8ae5da962737af8c,0.006626960821449757,0.05514180660247803,0.0,0.05514180660247803,0.8963433504104614,0.0,0.0,02fc8095c431dfc5451811632a802997c5ba97593e8a98ad29eaf0d9e1211df4,complete_update,5147.6254720016295,0.9049681887167942,0.9049681887167942,0.9101450725362681,18816,0,0,94,0,0,0.0,0.0,0.0,0.005176883819473899,-0.005176883819473899,000265748d489c3d0095524194958fe61fe914509d0aca373da78957be3a3502,ISIC_0007483,0,46.0,0.008936159060172092,ISIC_0007483,9b1d17d51eaa672f43547faa755275cfa99450680d3e21e869bb8e60b19aa216,0.8264309578881668,0.8264309578881668,0.0,0.0,0.05514180660247803,0.05514180660247803,0.053358096780049685,0.053358096780049685,cuda_FP32_original_batch_present,canonical_letterbox_valid,3d99874f14ae5f316eec36e21141043d75bd4fd17ccfb31e3174198dee269596,3541bbe477e29e5e6eae18566fcc12c5743405bc52aab2b1137b5d79348c37d3,0.2909497320652008,complete_logit_interpolation,0,12212224,0.9989570851639817,0,90132,0.0073804738596344125,9baeb0dd452b3ffb525365fbb4f119c055be3823d3e1b98d4e5de7371380b58f,RSI-TailProbe-20261004,0.8271446157238136,108854,0.008913527953630722,2,5665c2af9fc3c12067284cfb,0.0,0,0.0,U-Mean-logit-alpha-0.000000,17,ISIC_0007483_A02_T1_S1_5665c2af9fc3c12067284cfb.png,S1,0.8963433504104614,0.8991817268529452,T1,val,M,1703ca22a1c39afeca05ffd0c12fe01606f41d5af81442d20102f130cc2ca491,d67353b51c7f853c45c0fad75d4336d0d442799627d3e648686eb70a497ad029,0.8264309578881668,T1,90038
0.0,0.0,0.0,,A01,0.011576706543564796,0.011544190800352298,0.6818346585262597,0.40842034207282135,0.9618514750762971,0,5ca3f9fed2a631d522b1bd5334bde7efb3613c82a3aa714d8ae5da962737af8c,0.011576706543564796,0.05126142129302025,0.0,0.05126142129302025,0.9090538620948792,0.0,0.0,02fc8095c431dfc5451811632a802997c5ba97593e8a98ad29eaf0d9e1211df4,complete_update,3634.3956856677014,0.9109001370767121,0.9109001370767121,0.9213404729957088,16274,0,0,4786,0,0,0.0,0.0,0.0,0.010440335918996624,-0.010440335918996624,3cc4737d57e0e3d5a714ac61021ca624e19851ad5b3ab232fe26911cc638021f,ISIC_0008423,0,36.0,0.00990536064687909,ISIC_0008423,d2a925b48bdec918f3d6c43bea5b99097faeddd3d11fcbfedf5957e3280416d0,0.836378892410964,0.836378892410964,0.0,0.0,0.05126142129302025,0.05126142129302025,0.05283733768352378,0.05283733768352378,cuda_FP32_original_batch_present,canonical_letterbox_valid,3d99874f14ae5f316eec36e21141043d75bd4fd17ccfb31e3174198dee269596,ea3febff574f6213220092c2dcf6df40094652dc25a321f7eb0c760ff914fba5,0.3486787676811218,complete_logit_interpolation,0,6096384,0.9574343193582241,0,112438,0.018443392017300747,2666f4a5ea9e268e3e016224bcc2eca5f97db182f93fc5a3382748e51362f75d,RSI-TailProbe-20261004,0.8686796959475817,123926,0.02032778775090283,2,55df1ed79fc3c10470dc0a1e,0.0,0,0.0,U-Mean-logit-alpha-0.000000,17,ISIC_0008423_A01_T3_S2_55df1ed79fc3c10470dc0a1e.png,S2,0.9090538620948792,0.9058695154333047,T3,val,M,1703ca22a1c39afeca05ffd0c12fe01606f41d5af81442d20102f130cc2ca491,d67353b51c7f853c45c0fad75d4336d0d442799627d3e648686eb70a497ad029,0.836378892410964,T3,107652
0.0,0.0,0.0,,A05,0.013892954215407372,0.013206432644140408,0.6537871341390112,0.34903959142661967,0.9203191053453805,0,5ca3f9fed2a631d522b1bd5334bde7efb3613c82a3aa714d8ae5da962737af8c,0.013892954215407372,0.058420006185770035,0.0,0.058420006185770035,0.8970529437065125,0.0,0.0,02fc8095c431dfc5451811632a802997c5ba97593e8a98ad29eaf0d9e1211df4,complete_update,3634.3956856677014,0.9029869436003607,0.9029869436003607,0.915521885107796,18971,0,0,4271,0,0,0.0,0.0,0.0,0.012534941507435282,-0.012534941507435282,3cc4737d57e0e3d5a714ac61021ca624e19851ad5b3ab232fe26911cc638021f,ISIC_0008423,0,50.21652945285781,0.01381702318514396,ISIC_0008423,d2a925b48bdec918f3d6c43bea5b99097faeddd3d11fcbfedf5957e3280416d0,0.8231323577532741,0.8231323577532741,0.0,0.0,0.058420006185770035,0.058420006185770035,0.057067480546317696,0.057067480546317696,cuda_FP32_original_batch_present,canonical_letterbox_valid,3d99874f14ae5f316eec36e21141043d75bd4fd17ccfb31e3174198dee269596,72f1cc5e77f46a153bd4c8bbbbd12cfee1aa0903f8b548daf38370f20ce350c7,0.3486787676811218,complete_logit_interpolation,0,6096384,0.9620146213913445,0,112438,0.018443392017300747,2666f4a5ea9e268e3e016224bcc2eca5f97db182f93fc5a3382748e51362f75d,RSI-TailProbe-20261004,0.8507841872610864,127138,0.020854657449399513,2,5669ba769fc3c15467941090,0.0,0,0.0,U-Mean-logit-alpha-0.000000,17,ISIC_0008423_A05_T1_S1_5669ba769fc3c15467941090.png,S1,0.8970529437065125,0.899071471551505,T1,val,M,1703ca22a1c39afeca05ffd0c12fe01606f41d5af81442d20102f130cc2ca491,d67353b51c7f853c45c0fad75d4336d0d442799627d3e648686eb70a497ad029,0.8231323577532741,T1,108167
0.0,0.0,0.0,,A01,0.012075626291334629,0.01178177701301068,0.824746398294899,0.5875806810594257,0.9213275968039337,0,5ca3f9fed2a631d522b1bd5334bde7efb3613c82a3aa714d8ae5da962737af8c,0.012075626291334629,0.07561959326267242,0.0,0.07561959326267242,0.8608364462852478,0.0,0.0,02fc8095c431dfc5451811632a802997c5ba97593e8a98ad29eaf0d9e1211df4,complete_update,3634.3956856677014,0.8652053064775675,0.8652053064775675,0.8525483945449535,12158,0,0,5349,0,0,0.0,0.0,0.0,-0.01265691193261409,0.01265691193261409,3cc4737d57e0e3d5a714ac61021ca624e19851ad5b3ab232fe26911cc638021f,ISIC_0008457,0,52.85349462803083,0.014542581270514778,ISIC_0008457,30a5f07f196f1dea220226325390202c857f6d0b0b2cd29d050b27d930d11d41,0.7624333383089303,0.7624333383089303,0.0,0.0,0.07561959326267242,0.07561959326267242,0.07738507715740735,0.07738507715740735,cuda_FP32_original_batch_present,canonical_letterbox_valid,3d99874f14ae5f316eec36e21141043d75bd4fd17ccfb31e3174198dee269596,367f367238167eb494586376cf8f93c6b126a7f7a4c23576dca5b73d6dfd4c4b,0.21666741371154785,complete_logit_interpolation,0,6096384,0.9130738604046478,0,61535,0.01009368832409507,37f685c938bcde8d5d0411f9236b5c1612b13a46b88232106ecd18164e5104ad,RSI-TailProbe-20261004,0.8221058176284678,68344,0.011210579910976737,2,55df1ce69fc3c10470dc0952,0.0,0,0.0,U-Mean-logit-alpha-0.000000,17,ISIC_0008457_A01_T3_S2_55df1ce69fc3c10470dc0952.png,S2,0.8608364462852478,0.857011622698196,T3,val,M,1703ca22a1c39afeca05ffd0c12fe01606f41d5af81442d20102f130cc2ca491,d67353b51c7f853c45c0fad75d4336d0d442799627d3e648686eb70a497ad029,0.7624333383089303,T3,56186
0.0,0.0,0.0,,A02,0.03848693519830704,0.037642849655782816,0.5103316974712929,0.3643111449654205,0.6475969244349461,0,5ca3f9fed2a631d522b1bd5334bde7efb3613c82a3aa714d8ae5da962737af8c,0.03848693519830704,0.19485853612422943,0.0,0.19485853612422943,0.6487698554992676,0.0,0.0,02fc8095c431dfc5451811632a802997c5ba97593e8a98ad29eaf0d9e1211df4,complete_update,3634.3956856677014,0.6539777833011491,0.6539777833011491,0.6668624068704812,8866,0,0,27330,0,0,0.0,0.0,0.0,0.012884623569332065,-0.012884623569332065,3cc4737d57e0e3d5a714ac61021ca624e19851ad5b3ab232fe26911cc638021f,ISIC_0008457,0,218.23601964238594,0.0600474022415895,ISIC_0008457,30a5f07f196f1dea220226325390202c857f6d0b0b2cd29d050b27d930d11d41,0.4858595758582975,0.4858595758582975,0.0,0.0,0.19485853612422943,0.19485853612422943,0.1938380774513883,0.1938380774513883,cuda_FP32_original_batch_present,canonical_letterbox_valid,3d99874f14ae5f316eec36e21141043d75bd4fd17ccfb31e3174198dee269596,1104cfe34906a9fcabc326aee53a75b9bfef025cdcdab283114ceca8138aba2e,0.21666741371154785,complete_logit_interpolation,0,6096384,0.5558625172665963,0,61535,0.01009368832409507,37f685c938bcde8d5d0411f9236b5c1612b13a46b88232106ecd18164e5104ad,RSI-TailProbe-20261004,0.7941538390100067,43071,0.007065007716049383,2,567416bc9fc3c165817465cb,0.0,0,0.0,U-Mean-logit-alpha-0.000000,17,ISIC_0008457_A02_T1_S1_567416bc9fc3c165817465cb.png,S1,0.6487698554992676,0.6499666947530062,T1,val,M,1703ca22a1c39afeca05ffd0c12fe01606f41d5af81442d20102f130cc2ca491,d67353b51c7f853c45c0fad75d4336d0d442799627d3e648686eb70a497ad029,0.0,T1,34205
0.0,0.0,0.0,,A01,0.021973097696900368,0.0211792083982368,0.6374690703428774,0.32421778102561694,0.8173504769712999,0,5ca3f9fed2a631d522b1bd5334bde7efb3613c82a3aa714d8ae5da962737af8c,0.021973097696900368,0.05329398438334465,0.0,0.05329398438334465,0.9153851270675659,0.0,0.0,02fc8095c431dfc5451811632a802997c5ba97593e8a98ad29eaf0d9e1211df4,complete_update,3634.3956856677014,0.9195164283320579,0.9195164283320579,0.9242865216514506,31882,0,0,300,0,0,0.0,0.0,0.0,0.00477009331939271,-0.00477009331939271,3cc4737d57e0e3d5a714ac61021ca624e19851ad5b3ab232fe26911cc638021f,ISIC_0008514,0,83.4922115277242,0.022972790732989554,ISIC_0008514,19cbb6306d1951a389e564a7d413f2029540e2a817501c7a4b9891975d9b3a7c,0.8510230534209795,0.8510230534209795,0.0,0.0,0.05329398438334465,0.05329398438334465,0.05295959430998257,0.05295959430998257,cuda_FP32_original_batch_present,canonical_letterbox_valid,3d99874f14ae5f316eec36e21141043d75bd4fd17ccfb31e3174198dee269596,727e1c9c0f2237c0dfa64f2f228206a0cd10c4266e75a67681793402d3e01a7b,0.3653813302516937,complete_logit_interpolation,0,6096384,0.998370787127046,0,184138,0.03020446218610901,6cc707f7a12054d98e295b3f5c6d610439aba0a6ae337981802d0865931a65a3,RSI-TailProbe-20261004,0.8522065640645281,215720,0.035384910136894265,2,55df19689fc3c10470dc07fc,0.0,0,0.0,U-Mean-logit-alpha-0.000000,17,ISIC_0008514_A01_T3_S2_55df19689fc3c10470dc07fc.png,S2,0.9153851270675659,0.9152600197782716,T3,val,M,1703ca22a1c39afeca05ffd0c12fe01606f41d5af81442d20102f130cc2ca491,d67353b51c7f853c45c0fad75d4336d0d442799627d3e648686eb70a497ad029,0.8510230534209795,T3,183838
0.0,0.0,0.0,,A02,0.007777262944728136,0.007286284668363323,0.8689594478172833,0.40810258116162446,1.0,0,5ca3f9fed2a631d522b1bd5334bde7efb3613c82a3aa714d8ae5da962737af8c,0.007777262944728136,0.03154769167304039,0.0,0.03154769167304039,0.9446818828582764,0.0,0.0,02fc8095c431dfc5451811632a802997c5ba97593e8a98ad29eaf0d9e1211df4,complete_update,3634.3956856677014,0.950268618187812,0.950268618187812,0.950286870663583,3734,0,0,14067,0,0,0.0,0.0,0.0,1.825247577091904e-05,-1.825247577091904e-05,3cc4737d57e0e3d5a714ac61021ca624e19851ad5b3ab232fe26911cc638021f,ISIC_0008514,0,19.4164878389476,0.005342425403903278,ISIC_0008514,19cbb6306d1951a389e564a7d413f2029540e2a817501c7a4b9891975d9b3a7c,0.9052493186850622,0.9052493186850622,0.0,0.0,0.03154769167304039,0.03154769167304039,0.03092506750525813,0.03092506750525813,cuda_FP32_original_batch_present,canonical_letterbox_valid,3d99874f14ae5f316eec36e21141043d75bd4fd17ccfb31e3174198dee269596,ad94741b252449c78b6c7c42218bb7433bb54a73014b4c5c32620b52f611a62d,0.3653813302516937,complete_logit_interpolation,0,6096384,0.9236062083871879,0,184138,0.03020446218610901,6cc707f7a12054d98e295b3f5c6d610439aba0a6ae337981802d0865931a65a3,RSI-TailProbe-20261004,0.9785161531601507,173805,0.028509523022171832,2,5661c4219fc3c147bbd69c60,0.0,0,0.0,U-Mean-logit-alpha-0.000000,17,ISIC_0008514_A02_T1_S1_5661c4219fc3c147bbd69c60.png,S1,0.9446818828582764,0.9454361496578471,T1,val,M,1703ca22a1c39afeca05ffd0c12fe01606f41d5af81442d20102f130cc2ca491,d67353b51c7f853c45c0fad75d4336d0d442799627d3e648686eb70a497ad029,0.9052493186850622,T1,170071
0.0,0.0,0.0,,A01,0.005178018938750029,0.005707211602208632,0.7679060665362035,0.5240357637200255,0.8631274828457928,0,5ca3f9fed2a631d522b1bd5334bde7efb3613c82a3aa714d8ae5da962737af8c,0.005178018938750029,0.03934677690267563,0.0,0.03934677690267563,0.9264844655990601,0.0,0.0,02fc8095c431dfc5451811632a802997c5ba97593e8a98ad29eaf0d9e1211df4,complete_update,3634.3956856677014,0.9246814606318011,0.9246814606318011,0.9279813248125031,6142,0,0,2849,0,0,0.0,0.0,0.0,0.003299864180701939,-0.003299864180701939,3cc4737d57e0e3d5a714ac61021ca624e19851ad5b3ab232fe26911cc638021f,ISIC_0008537,0,96.17858642103957,0.02646343291687292,ISIC_0008537,a42e5e77d415061b8ef3115e606e9c2a45814d8945e57d0bd7e0a3540d5e05fe,0.8599139945779191,0.8599139945779191,0.0,0.0,0.03934677690267563,0.03934677690267563,0.04348650139368131,0.04348650139368131,cuda_FP32_original_batch_present,canonical_letterbox_valid,3d99874f14ae5f316eec36e21141043d75bd4fd17ccfb31e3174198dee269596,a39b984217148bf00d7b8d9f475500a7c39c07877c85cbdab10c2c1c45fb99ae,0.2696552574634552,complete_logit_interpolation,0,6096384,0.9509131633356306,0,58040,0.009520397665238935,d69e20ab66dbe53bc349e92c1c8a05aefa2575544eee6d664ced3dba73b8d323,RSI-TailProbe-20261004,0.8998581514029967,61333,0.010060553928361467,2,55df18859fc3c10470dc0760,0.0,0,0.0,U-Mean-logit-alpha-0.000000,17,ISIC_0008537_A01_T3_S2_55df18859fc3c10470dc0760.png,S2,0.9264844655990601,0.918734208814846,T3,val,M,1703ca22a1c39afeca05ffd0c12fe01606f41d5af81442d20102f130cc2ca491,d67353b51c7f853c45c0fad75d4336d0d442799627d3e648686eb70a497ad029,0.8599139945779191,T3,55191
0.0,0.0,0.0,,A02,0.004875659942626953,0.004577815571342105,0.8994575968228096,0.5018739439430091,1.0,0,5ca3f9fed2a631d522b1bd5334bde7efb3613c82a3aa714d8ae5da962737af8c,0.004875659942626953,0.043653517961502075,0.0,0.043653517961502075,0.9175686240196228,0.0,0.0,02fc8095c431dfc5451811632a802997c5ba97593e8a98ad29eaf0d9e1211df4,complete_update,3634.3956856677014,0.9261553553262607,0.9261553553262607,0.9193813046402152,1073,0,0,7057,0,0,0.0,0.0,0.0,-0.00677405068604553,0.00677405068604553,3cc4737d57e0e3d5a714ac61021ca624e19851ad5b3ab232fe26911cc638021f,ISIC_0008537,0,23.205300170305797,0.006384912975165659,ISIC_0008537,a42e5e77d415061b8ef3115e606e9c2a45814d8945e57d0bd7e0a3540d5e05fe,0.8624668008729044,0.8624668008729044,0.0,0.0,0.043653517961502075,0.043653517961502075,0.0427433306466052,0.0427433306466052,cuda_FP32_original_batch_present,canonical_letterbox_valid,3d99874f14ae5f316eec36e21141043d75bd4fd17ccfb31e3174198dee269596,0d4f651608782364696133a792fa420ac72cf0bc0dee8809d4af28f39a418184,0.2696552574634552,complete_logit_interpolation,0,6096384,0.8784114403859408,0,58040,0.009520397665238935,d69e20ab66dbe53bc349e92c1c8a05aefa2575544eee6d664ced3dba73b8d323,RSI-TailProbe-20261004,0.9793875826033502,52056,0.008538832199546485,2,5666f4769fc3c14011cd6dff,0.0,0,0.0,U-Mean-logit-alpha-0.000000,17,ISIC_0008537_A02_T1_S1_5666f4769fc3c14011cd6dff.png,S1,0.9175686240196228,0.9190911542781317,T1,val,M,1703ca22a1c39afeca05ffd0c12fe01606f41d5af81442d20102f130cc2ca491,d67353b51c7f853c45c0fad75d4336d0d442799627d3e648686eb70a497ad029,0.8624668008729044,T1,50983
0.0,0.0,0.0,,A01,0.00844767689704895,0.007994403141070475,0.872436671347077,0.6069701312486877,0.992216777169213,0,5ca3f9fed2a631d522b1bd5334bde7efb3613c82a3aa714d8ae5da962737af8c,0.00844767689704895,0.02406628429889679,0.0,0.02406628429889679,0.9603151082992554,0.0,0.0,02fc8095c431dfc5451811632a802997c5ba97593e8a98ad29eaf0d9e1211df4,complete_update,5147.6254720016295,0.9674809601237913,0.9674809601237913,0.9703875247622472,31078,0,0,5741,0,0,0.0,0.0,0.0,0.002906564638455955,-0.002906564638455955,000265748d489c3d0095524194958fe61fe914509d0aca373da78957be3a3502,ISIC_0008552,0,34.40930106817051,0.006684499728141763,ISIC_0008552,e7049630e4274feb68c4dd957eb8ab86bae597aec16a713dc62b425f1f08cbec,0.9370102852919641,0.9370102852919641,0.0,0.0,0.02406628429889679,0.02406628429889679,0.02389708557578063,0.02389708557578063,cuda_FP32_original_batch_present,canonical_letterbox_valid,3d99874f14ae5f316eec36e21141043d75bd4fd17ccfb31e3174198dee269596,3fac43a838dfd670829696f8258602d2beb289d6a868347e7ad0c8b8f3b11c3b,0.5155609846115112,complete_logit_interpolation,0,12212224,0.9896268109264499,0,553446,0.04531901805928224,a9cdf69f9a729504e679b1307c67e233807b7bb6f3a395e3b008ec84138f876a,RSI-TailProbe-20261004,0.9463045735621122,578783,0.047393742532072784,2,55df14c49fc3c10470dc060a,0.0,0,0.0,U-Mean-logit-alpha-0.000000,17,ISIC_0008552_A01_T3_S2_55df14c49fc3c10470dc060a.png,S2,0.9603151082992554,0.9602002319895092,T3,val,M,1703ca22a1c39afeca05ffd0c12fe01606f41d5af81442d20102f130cc2ca491,d67353b51c7f853c45c0fad75d4336d0d442799627d3e648686eb70a497ad029,0.9370102852919641,T3,547705
0.0,0.0,0.0,,A02,0.01447982620447874,0.014095227732516211,0.6744576394540469,0.11582606457388148,0.9985996180776575,0,5ca3f9fed2a631d522b1bd5334bde7efb3613c82a3aa714d8ae5da962737af8c,0.01447982620447874,0.03972149267792702,0.0,0.03972149267792702,0.935036838054657,0.0,0.0,02fc8095c431dfc5451811632a802997c5ba97593e8a98ad29eaf0d9e1211df4,complete_update,5147.6254720016295,0.9375913547130155,0.9375913547130155,0.9352926421564779,45,0,0,64982,0,0,0.0,0.0,0.0,-0.0022987125565375743,0.0022987125565375743,000265748d489c3d0095524194958fe61fe914509d0aca373da78957be3a3502,ISIC_0008552,0,37.00405331399304,0.007188567527933261,ISIC_0008552,e7049630e4274feb68c4dd957eb8ab86bae597aec16a713dc62b425f1f08cbec,0.8825148015053542,0.8825148015053542,0.0,0.0,0.03972149267792702,0.03972149267792702,0.039672708114236434,0.039672708114236434,cuda_FP32_original_batch_present,canonical_letterbox_valid,3d99874f14ae5f316eec36e21141043d75bd4fd17ccfb31e3174198dee269596,97197af5e81a924b066ac0b8f0904a5015591fa78ae4d5190a014785d0006ac8,0.5155609846115112,complete_logit_interpolation,0,12212224,0.8825865576768104,0,553446,0.04531901805928224,a9cdf69f9a729504e679b1307c67e233807b7bb6f3a395e3b008ec84138f876a,RSI-TailProbe-20261004,0.9999078829663323,488509,0.040001640978743924,2,56659e599fc3c147bbd6af32,0.0,0,0.0,U-Mean-logit-alpha-0.000000,17,ISIC_0008552_A02_T3_S1_56659e599fc3c147bbd6af32.png,S1,0.935036838054657,0.9347498115040433,T3,val,M,1703ca22a1c39afeca05ffd0c12fe01606f41d5af81442d20102f130cc2ca491,d67353b51c7f853c45c0fad75d4336d0d442799627d3e648686eb70a497ad029,0.8825148015053542,T3,488464
0.0,0.0,0.0,,A01,0.004475110210478306,0.004860184246156836,0.8431089280554753,0.6674365440362,0.8920863309352518,0,5ca3f9fed2a631d522b1bd5334bde7efb3613c82a3aa714d8ae5da962737af8c,0.004475110210478306,0.03178175911307335,0.0,0.03178175911307335,0.940911591053009,0.0,0.0,02fc8095c431dfc5451811632a802997c5ba97593e8a98ad29eaf0d9e1211df4,complete_update,5147.6254720016295,0.9437874875669376,0.9437874875669376,0.948895465419276,13119,0,0,3666,0,0,0.0,0.0,0.0,0.005107977852338408,-0.005107977852338408,000265748d489c3d0095524194958fe61fe914509d0aca373da78957be3a3502,ISIC_0008578,0,93.7074474023826,0.018204014241530456,ISIC_0008578,474cfa40d17e23a0183ecada53b57a8f4cabcd7fb64860af6b03a38f94c0e582,0.8935583288943003,0.8935583288943003,0.0,0.0,0.03178175911307335,0.03178175911307335,0.034414040544492694,0.034414040544492694,cuda_FP32_original_batch_present,canonical_letterbox_valid,3d99874f14ae5f316eec36e21141043d75bd4fd17ccfb31e3174198dee269596,7358eb8676fabe21b1677940592c8765ec060bcbcdbb314c707cc1954f9a6f4c,0.2455233633518219,complete_logit_interpolation,0,12212224,0.9746425681143782,0,144573,0.011838384228785847,28c403f5a727bb0522677461938c446f5b07454d62b8dcf5905f3e598301133c,RSI-TailProbe-20261004,0.9148260683261268,154026,0.012612444711135335,2,55df10d19fc3c10470dc0544,0.0,0,0.0,U-Mean-logit-alpha-0.000000,17,ISIC_0008578_A01_T3_S2_55df10d19fc3c10470dc0544.png,S2,0.940911591053009,0.9360321031571714,T3,val,M,1703ca22a1c39afeca05ffd0c12fe01606f41d5af81442d20102f130cc2ca491,d67353b51c7f853c45c0fad75d4336d0d442799627d3e648686eb70a497ad029,0.8935583288943003,T3,140907
0.0,0.0,0.0,,A02,0.0038233622908592224,0.0035874702009248767,0.9895679784507987,0.6629247425966817,1.0,0,5ca3f9fed2a631d522b1bd5334bde7efb3613c82a3aa714d8ae5da962737af8c,0.0038233622908592224,0.030648451298475266,0.0,0.030648451298475266,0.9425264596939087,0.0,0.0,02fc8095c431dfc5451811632a802997c5ba97593e8a98ad29eaf0d9e1211df4,complete_update,5147.6254720016295,0.9483428301031172,0.9483428301031172,0.9528801639634095,15444,0,0,276,0,0,0.0,0.0,0.0,0.004537333860292314,-0.004537333860292314,000265748d489c3d0095524194958fe61fe914509d0aca373da78957be3a3502,ISIC_0008578,0,22.649492547739396,0.004399988435625688,ISIC_0008578,474cfa40d17e23a0183ecada53b57a8f4cabcd7fb64860af6b03a38f94c0e582,0.9017604379534675,0.9017604379534675,0.0,0.0,0.030648451298475266,0.030648451298475266,0.030835991836780655,0.030835991836780655,cuda_FP32_original_batch_present,canonical_letterbox_valid,3d99874f14ae5f316eec36e21141043d75bd4fd17ccfb31e3174198dee269596,59d5bb03c24841f4937555f77e641fc8c6cf21a8547c5a0ad5fee853fc78cca1,0.2455233633518219,complete_logit_interpolation,0,12212224,0.9980909298416717,0,144573,0.011838384228785847,28c403f5a727bb0522677461938c446f5b07454d62b8dcf5905f3e598301133c,RSI-TailProbe-20261004,0.903318496816722,159741,0.01308041843975348,2,56741cac9fc3c1658174687d,0.0,0,0.0,U-Mean-logit-alpha-0.000000,17,ISIC_0008578_A02_T1_S1_56741cac9fc3c1658174687d.png,S1,0.9425264596939087,0.9419154865273636,T1,val,M,1703ca22a1c39afeca05ffd0c12fe01606f41d5af81442d20102f130cc2ca491,d67353b51c7f853c45c0fad75d4336d0d442799627d3e648686eb70a497ad029,0.9017604379534675,T1,144297
0.0,0.0,0.0,,A01,0.005987914744764566,0.005843602139639909,0.9121689896867532,0.3948719607725334,1.0,0,5ca3f9fed2a631d522b1bd5334bde7efb3613c82a3aa714d8ae5da962737af8c,0.005987914744764566,0.05124343931674957,0.0,0.05124343931674957,0.903501033782959,0.0,0.0,02fc8095c431dfc5451811632a802997c5ba97593e8a98ad29eaf0d9e1211df4,complete_update,3634.3956856677014,0.9064278884390946,0.9064278884390946,0.8826535045795026,239,0,0,10232,0,0,0.0,0.0,0.0,-0.023774383859591963,0.023774383859591963,3cc4737d57e0e3d5a714ac61021ca624e19851ad5b3ab232fe26911cc638021f,ISIC_0008705,0,22.036288813749795,0.006063260778304976,ISIC_0008705,8995cdfdbf92ad40ea41d37b6bd1d3c26ebe6b8b561dcc84c1cef65ee544bee9,0.8288688773759132,0.8288688773759132,0.0,0.0,0.05124343931674957,0.05124343931674957,0.051933071350466015,0.051933071350466015,cuda_FP32_original_batch_present,canonical_letterbox_valid,3d99874f14ae5f316eec36e21141043d75bd4fd17ccfb31e3174198dee269596,65302c7254fed6ee7b28ec0990b78422b6a54734c02377da400e6bb58548f66d,0.331523060798645,complete_logit_interpolation,0,6096384,0.8321191835663189,0,60948,0.009997401738473168,a52e55c9db926fd80579465cee275d33c48e66b8907d47acdca92df307324c26,RSI-TailProbe-20261004,0.9953095868903935,50955,0.008358233339632148,2,55de127e9fc3c10470dc01a8,0.0,0,0.0,U-Mean-logit-alpha-0.000000,17,ISIC_0008705_A01_T3_S2_55de127e9fc3c10470dc01a8.png,S2,0.903501033782959,0.9019774594387079,T3,val,M,1703ca22a1c39afeca05ffd0c12fe01606f41d5af81442d20102f130cc2ca491,d67353b51c7f853c45c0fad75d4336d0d442799627d3e648686eb70a497ad029,0.8288688773759132,T3,50716
0.0,0.0,0.0,,A02,0.010873537510633469,0.010132249756251288,0.6603399351040536,0.06817711328349627,1.0,0,5ca3f9fed2a631d522b1bd5334bde7efb3613c82a3aa714d8ae5da962737af8c,0.010873537510633469,0.08110647648572922,0.0,0.08110647648572922,0.8486605882644653,0.0,0.0,02fc8095c431dfc5451811632a802997c5ba97593e8a98ad29eaf0d9e1211df4,complete_update,3634.3956856677014,0.8537360591299769,0.8537360591299769,0.8289854543130291,0,0,0,15554,0,0,0.0,0.0,0.0,-0.024750604816947797,0.024750604816947797,3cc4737d57e0e3d5a714ac61021ca624e19851ad5b3ab232fe26911cc638021f,ISIC_0008705,0,23.970744176750618,0.006595524056799769,ISIC_0008705,8995cdfdbf92ad40ea41d37b6bd1d3c26ebe6b8b561dcc84c1cef65ee544bee9,0.7447988449169785,0.7447988449169785,0.0,0.0,0.08110647648572922,0.08110647648572922,0.07935385365897064,0.07935385365897064,cuda_FP32_original_batch_present,canonical_letterbox_valid,3d99874f14ae5f316eec36e21141043d75bd4fd17ccfb31e3174198dee269596,e3ecbca24838ae8d5089b3a95ac350788ac21a62737e788c5e7c656ea99f3e7c,0.331523060798645,complete_logit_interpolation,0,6096384,0.7447988449169785,0,60948,0.009997401738473168,a52e55c9db926fd80579465cee275d33c48e66b8907d47acdca92df307324c26,RSI-TailProbe-20261004,1.0,45394,0.007446053266985807,2,5661c04c9fc3c147bbd69b1c,0.0,0,0.0,U-Mean-logit-alpha-0.000000,17,ISIC_0008705_A02_T3_S1_5661c04c9fc3c147bbd69b1c.png,S1,0.8486605882644653,0.85142454243831,T3,val,M,1703ca22a1c39afeca05ffd0c12fe01606f41d5af81442d20102f130cc2ca491,d67353b51c7f853c45c0fad75d4336d0d442799627d3e648686eb70a497ad029,0.7447988449169785,T3,45394
0.0,0.0,0.0,,A01,0.016664408147335052,0.01626013497889567,0.7147773105860904,0.5039278002212361,0.8480017909276779,0,5ca3f9fed2a631d522b1bd5334bde7efb3613c82a3aa714d8ae5da962737af8c,0.016664408147335052,0.06065801903605461,0.0,0.06065801903605461,0.8953483700752258,0.0,0.0,02fc8095c431dfc5451811632a802997c5ba97593e8a98ad29eaf0d9e1211df4,complete_update,3634.3956856677014,0.90484094827069,0.90484094827069,0.9060119361420425,15818,0,0,7973,0,0,0.0,0.0,0.0,0.0011709878713525024,-0.0011709878713525024,3cc4737d57e0e3d5a714ac61021ca624e19851ad5b3ab232fe26911cc638021f,ISIC_0008781,0,138.15223881019787,0.03801243748857712,ISIC_0008781,193b1219f771a5abd9ff782252eb38bc49cf0ab8d377c71337fdc0ce48fc2fae,0.8262187550218404,0.8262187550218404,0.0,0.0,0.06065801903605461,0.06065801903605461,0.059952286223214635,0.059952286223214635,cuda_FP32_original_batch_present,canonical_letterbox_valid,3d99874f14ae5f316eec36e21141043d75bd4fd17ccfb31e3174198dee269596,4f8d33f0f82a706d8d3fc70c27c529127353ac95d9a05c0f21aece3b030d23cc,0.36475181579589844,complete_logit_interpolation,0,6096384,0.9341531498794226,0,121084,0.019861609767363737,04e8e448e5f984791184cc2317e53af3fe5026aa7f261e9b06eb1e2272f673f1,RSI-TailProbe-20261004,0.8773123191834266,128929,0.02114843815612665,2,55de0c969fc3c10470dbff86,0.0,0,0.0,U-Mean-logit-alpha-0.000000,17,ISIC_0008781_A01_T3_S2_55de0c969fc3c10470dbff86.png,S2,0.8953483700752258,0.8963555625324664,T3,val,M,1703ca22a1c39afeca05ffd0c12fe01606f41d5af81442d20102f130cc2ca491,d67353b51c7f853c45c0fad75d4336d0d442799627d3e648686eb70a497ad029,0.8262187550218404,T3,113111
0.0,0.0,0.0,,A02,0.006597829982638359,0.006591618563509338,0.754336185481645,0.5676879807463127,1.0,0,5ca3f9fed2a631d522b1bd5334bde7efb3613c82a3aa714d8ae5da962737af8c,0.006597829982638359,0.0342487171292305,0.0,0.0342487171292305,0.9381003975868225,0.0,0.0,02fc8095c431dfc5451811632a802997c5ba97593e8a98ad29eaf0d9e1211df4,complete_update,3634.3956856677014,0.9454651824679021,0.9454651824679021,0.9395033644592209,12302,0,0,1494,0,0,0.0,0.0,0.0,-0.00596181800868123,0.00596181800868123,3cc4737d57e0e3d5a714ac61021ca624e19851ad5b3ab232fe26911cc638021f,ISIC_0008781,0,25.495097567963924,0.007014948226057019,ISIC_0008781,193b1219f771a5abd9ff782252eb38bc49cf0ab8d377c71337fdc0ce48fc2fae,0.8965708545124675,0.8965708545124675,0.0,0.0,0.0342487171292305,0.0342487171292305,0.035383065028494656,0.035383065028494656,cuda_FP32_original_batch_present,canonical_letterbox_valid,3d99874f14ae5f316eec36e21141043d75bd4fd17ccfb31e3174198dee269596,cc03fd9abd69d6a67f5229cd2e562b8e5bfc4df735c4af08dbbd47022f467d58,0.36475181579589844,complete_logit_interpolation,0,6096384,0.9876614581612765,0,121084,0.019861609767363737,04e8e448e5f984791184cc2317e53af3fe5026aa7f261e9b06eb1e2272f673f1,RSI-TailProbe-20261004,0.906726715797774,131892,0.021634463970773496,2,5661d7649fc3c147bbd6a158,0.0,0,0.0,U-Mean-logit-alpha-0.000000,17,ISIC_0008781_A02_T1_S1_5661d7649fc3c147bbd6a158.png,S1,0.9381003975868225,0.93582548850652,T1,val,M,1703ca22a1c39afeca05ffd0c12fe01606f41d5af81442d20102f130cc2ca491,d67353b51c7f853c45c0fad75d4336d0d442799627d3e648686eb70a497ad029,0.8965708545124675,T1,119590
0.0,0.0,0.0,,A01,0.003564642509445548,0.0035493707528068807,0.944987146529563,0.7183610332716711,0.9871668311944718,0,5ca3f9fed2a631d522b1bd5334bde7efb3613c82a3aa714d8ae5da962737af8c,0.003564642509445548,0.04151483625173569,0.0,0.04151483625173569,0.9205349683761597,0.0,0.0,02fc8095c431dfc5451811632a802997c5ba97593e8a98ad29eaf0d9e1211df4,complete_update,3634.3956856677014,0.9268434994690348,0.9268434994690348,0.9246121516254607,3365,0,0,2904,0,0,0.0,0.0,0.0,-0.0022313478435740386,0.0022313478435740386,3cc4737d57e0e3d5a714ac61021ca624e19851ad5b3ab232fe26911cc638021f,ISIC_0008810,0,20.547474829999505,0.0056536152381615485,ISIC_0008810,97bceb4f79e49d58e46f05e6d99e448d003fd2c8b078222741a35795bd0279a1,0.8636610774015354,0.8636610774015354,0.0,0.0,0.04151483625173569,0.04151483625173569,0.042661220209979235,0.042661220209979235,cuda_FP32_original_batch_present,canonical_letterbox_valid,3d99874f14ae5f316eec36e21141043d75bd4fd17ccfb31e3174198dee269596,8fcd10e8b08bc3d45f24bae30727b7ab57cec4b5dac6e04d6c75f8b105e50d54,0.25890061259269714,complete_logit_interpolation,0,6096384,0.93185657968838,0,42616,0.006990373309817754,343203df5658b18697b0e6302d3ca2426ccff17c69ad0c26a1a372900b18997b,RSI-TailProbe-20261004,0.9218840680641641,43077,0.007065991906021668,2,55de0a1f9fc3c10470dbfed8,0.0,0,0.0,U-Mean-logit-alpha-0.000000,17,ISIC_0008810_A01_T3_S2_55de0a1f9fc3c10470dbfed8.png,S2,0.9205349683761597,0.9182269303328484,T3,val,M,1703ca22a1c39afeca05ffd0c12fe01606f41d5af81442d20102f130cc2ca491,d67353b51c7f853c45c0fad75d4336d0d442799627d3e648686eb70a497ad029,0.8636610774015354,T3,39712
0.0,0.0,0.0,,A05,0.00392143102362752,0.0040229222062094115,0.9239518446675976,0.4235906953531352,1.0,0,5ca3f9fed2a631d522b1bd5334bde7efb3613c82a3aa714d8ae5da962737af8c,0.00392143102362752,0.05072801560163498,0.0,0.05072801560163498,0.9024654030799866,0.0,0.0,02fc8095c431dfc5451811632a802997c5ba97593e8a98ad29eaf0d9e1211df4,complete_update,3634.3956856677014,0.9048489107519325,0.9048489107519325,0.893026175381332,240,0,0,7207,0,0,0.0,0.0,0.0,-0.011822735370600523,0.011822735370600523,3cc4737d57e0e3d5a714ac61021ca624e19851ad5b3ab232fe26911cc638021f,ISIC_0008810,0,20.591260281974,0.005665662757408604,ISIC_0008810,97bceb4f79e49d58e46f05e6d99e448d003fd2c8b078222741a35795bd0279a1,0.8262320328542094,0.8262320328542094,0.0,0.0,0.05072801560163498,0.05072801560163498,0.052966202486908386,0.052966202486908386,cuda_FP32_original_batch_present,canonical_letterbox_valid,3d99874f14ae5f316eec36e21141043d75bd4fd17ccfb31e3174198dee269596,e1eeba97af21abfa0a6b06f5b2268e02ba57d950c8c8e63dbf527a1b9b0df376,0.25890061259269714,complete_logit_interpolation,0,6096384,0.8308851135723672,0,42616,0.006990373309817754,343203df5658b18697b0e6302d3ca2426ccff17c69ad0c26a1a372900b18997b,RSI-TailProbe-20261004,0.9932676933434318,35649,0.005847564720332578,2,5665c8409fc3c12067284d61,0.0,0,0.0,U-Mean-logit-alpha-0.000000,17,ISIC_0008810_A05_T1_S1_5665c8409fc3c12067284d61.png,S1,0.9024654030799866,0.8980905172323926,T1,val,M,1703ca22a1c39afeca05ffd0c12fe01606f41d5af81442d20102f130cc2ca491,d67353b51c7f853c45c0fad75d4336d0d442799627d3e648686eb70a497ad029,0.8262320328542094,T1,35409
0.0,0.0,0.0,,A01,0.007504610810428858,0.0077095178276816966,0.8879395108083022,0.5566564101990362,0.9771754636233952,0,5ca3f9fed2a631d522b1bd5334bde7efb3613c82a3aa714d8ae5da962737af8c,0.007504610810428858,0.02818705141544342,0.0,0.02818705141544342,0.9511305093765259,0.0,0.0,02fc8095c431dfc5451811632a802997c5ba97593e8a98ad29eaf0d9e1211df4,complete_update,3634.3956856677014,0.9573386441037486,0.9573386441037486,0.9604579726333426,11697,0,0,6404,0,0,0.0,0.0,0.0,0.0031193285295940676,-0.0031193285295940676,3cc4737d57e0e3d5a714ac61021ca624e19851ad5b3ab232fe26911cc638021f,ISIC_0008890,0,25.67486120157933,0.007064409993339075,ISIC_0008890,7f13613d7d23f359fe252656870a36e503dbed01b19a947c2efe44c8ec13d6e8,0.9181683378692393,0.9181683378692393,0.0,0.0,0.02818705141544342,0.02818705141544342,0.029256331215260667,0.029256331215260667,cuda_FP32_original_batch_present,canonical_letterbox_valid,3d99874f14ae5f316eec36e21141043d75bd4fd17ccfb31e3174198dee269596,7309a6326cdc893be5cad8f0d0e9fce8ae54cddbc89d8026cae4469e7c948ca1,0.388172447681427,complete_logit_interpolation,0,6096384,0.9694321268156237,0,209501,0.03436479723062064,35b4c75132ce3d8cc30eab3d04123f256b22b007444d9f198415f8ff8a285e13,RSI-TailProbe-20261004,0.945543171596972,214794,0.03523301681783825,2,55ddfc3f9fc3c10470dbfcbc,0.0,0,0.0,U-Mean-logit-alpha-0.000000,17,ISIC_0008890_A01_T3_S2_55ddfc3f9fc3c10470dbfcbc.png,S2,0.9511305093765259,0.9491968553971604,T3,val,M,1703ca22a1c39afeca05ffd0c12fe01606f41d5af81442d20102f130cc2ca491,d67353b51c7f853c45c0fad75d4336d0d442799627d3e648686eb70a497ad029,0.9181683378692393,T3,203097
0.0,0.0,0.0,,A02,0.012506917119026184,0.012240638334999025,0.7020325849560263,0.3707524951258091,0.988822538661767,0,5ca3f9fed2a631d522b1bd5334bde7efb3613c82a3aa714d8ae5da962737af8c,0.012506917119026184,0.042542941868305206,0.0,0.042542941868305206,0.9274210333824158,0.0,0.0,02fc8095c431dfc5451811632a802997c5ba97593e8a98ad29eaf0d9e1211df4,complete_update,3634.3956856677014,0.9323854604274048,0.9323854604274048,0.9221211848383902,1047,0,0,25622,0,0,0.0,0.0,0.0,-0.010264275589014549,0.010264275589014549,3cc4737d57e0e3d5a714ac61021ca624e19851ad5b3ab232fe26911cc638021f,ISIC_0008890,0,30.364452901377952,0.008354746023147855,ISIC_0008890,7f13613d7d23f359fe252656870a36e503dbed01b19a947c2efe44c8ec13d6e8,0.8733352964644642,0.8733352964644642,0.0,0.0,0.042542941868305206,0.042542941868305206,0.04282780055478881,0.04282780055478881,cuda_FP32_original_batch_present,canonical_letterbox_valid,3d99874f14ae5f316eec36e21141043d75bd4fd17ccfb31e3174198dee269596,28ad8011a85b6aa33032b85671d0a7efda61adf99ca065f017737e1223aaffa7,0.388172447681427,complete_logit_interpolation,0,6096384,0.8776998677810607,0,209501,0.03436479723062064,35b4c75132ce3d8cc30eab3d04123f256b22b007444d9f198415f8ff8a285e13,RSI-TailProbe-20261004,0.9943382758508809,184926,0.03033371913580247,2,5661fbb89fc3c147bbd6a806,0.0,0,0.0,U-Mean-logit-alpha-0.000000,17,ISIC_0008890_A02_T3_S1_5661fbb89fc3c147bbd6a806.png,S1,0.9274210333824158,0.9265850372254214,T3,val,M,1703ca22a1c39afeca05ffd0c12fe01606f41d5af81442d20102f130cc2ca491,d67353b51c7f853c45c0fad75d4336d0d442799627d3e648686eb70a497ad029,0.8733352964644642,T3,183879
0.0,0.0,0.0,,A01,0.0320725254714489,0.03304731572667825,0.4278453601319741,0.2776907191708777,0.5871140407121492,0,5ca3f9fed2a631d522b1bd5334bde7efb3613c82a3aa714d8ae5da962737af8c,0.0320725254714489,0.08021517843008041,0.0,0.08021517843008041,0.8716421723365784,0.0,0.0,02fc8095c431dfc5451811632a802997c5ba97593e8a98ad29eaf0d9e1211df4,complete_update,3634.3956856677014,0.8744597365098187,0.8744597365098187,0.8738313628568775,53381,0,0,2097,0,0,0.0,0.0,0.0,-0.0006283736529412165,0.0006283736529412165,3cc4737d57e0e3d5a714ac61021ca624e19851ad5b3ab232fe26911cc638021f,ISIC_0008902,0,115.9215247176516,0.031895680807345776,ISIC_0008902,69ba87000d353a62cd3fa485b9f1a334ccbdbbd1d1f1369b9ca9724ba4fb8d41,0.7769244378679191,0.7769244378679191,0.0,0.0,0.08021517843008041,0.08021517843008041,0.08212301711753248,0.08212301711753248,cuda_FP32_original_batch_present,canonical_letterbox_valid,3d99874f14ae5f316eec36e21141043d75bd4fd17ccfb31e3174198dee269596,949fee20ccb65dff474552b55a3539c64ad4539eb508211a40a9670acfae41fb,0.44205132126808167,complete_logit_interpolation,0,6096384,0.989263497427233,0,195315,0.03203784407281431,6839ec358a07f73f714285ff891d900174a00ec73539b53b630b248621727748,RSI-TailProbe-20261004,0.7835311578716864,246599,0.040450043829260096,2,55ddf9d09fc3c10470dbfc14,0.0,0,0.0,U-Mean-logit-alpha-0.000000,17,ISIC_0008902_A01_T3_S2_55ddf9d09fc3c10470dbfc14.png,S2,0.8716421723365784,0.8688012814916133,T3,val,M,1703ca22a1c39afeca05ffd0c12fe01606f41d5af81442d20102f130cc2ca491,d67353b51c7f853c45c0fad75d4336d0d442799627d3e648686eb70a497ad029,0.7769244378679191,T3,193218
0.0,0.0,0.0,,A02,0.007067196536809206,0.0064952413019272225,0.8170416935071859,0.4720086127345432,1.0,0,5ca3f9fed2a631d522b1bd5334bde7efb3613c82a3aa714d8ae5da962737af8c,0.007067196536809206,0.03304963931441307,0.0,0.03304963931441307,0.9409679174423218,0.0,0.0,02fc8095c431dfc5451811632a802997c5ba97593e8a98ad29eaf0d9e1211df4,complete_update,3634.3956856677014,0.9558261897427807,0.9558261897427807,0.9556199665018504,13159,0,0,4480,0,0,0.0,0.0,0.0,-0.0002062232409302256,0.0002062232409302256,3cc4737d57e0e3d5a714ac61021ca624e19851ad5b3ab232fe26911cc638021f,ISIC_0008902,0,26.0,0.0071538715783015655,ISIC_0008902,69ba87000d353a62cd3fa485b9f1a334ccbdbbd1d1f1369b9ca9724ba4fb8d41,0.9153899287201281,0.9153899287201281,0.0,0.0,0.03304963931441307,0.03304963931441307,0.03179022457666918,0.03179022457666918,cuda_FP32_original_batch_present,canonical_letterbox_valid,3d99874f14ae5f316eec36e21141043d75bd4fd17ccfb31e3174198dee269596,3bd4020bba6c990c720d7cf033f36f3c325c4a7fb02ca96b1ba0cebdc2148cbc,0.44205132126808167,complete_logit_interpolation,0,6096384,0.977062693597522,0,195315,0.03203784407281431,6839ec358a07f73f714285ff891d900174a00ec73539b53b630b248621727748,RSI-TailProbe-20261004,0.9354932007804151,203994,0.03346147486772487,2,5666f64a9fc3c14011cd6ebf,0.0,0,0.0,U-Mean-logit-alpha-0.000000,17,ISIC_0008902_A02_T1_S1_5666f64a9fc3c14011cd6ebf.png,S1,0.9409679174423218,0.9429147921485889,T1,val,M,1703ca22a1c39afeca05ffd0c12fe01606f41d5af81442d20102f130cc2ca491,d67353b51c7f853c45c0fad75d4336d0d442799627d3e648686eb70a497ad029,0.9153899287201281,T1,190835
0.0,0.0,0.0,,A01,0.018819401040673256,0.018860095448336972,0.21523246420042436,0.030020370966012653,0.7967121110288021,0,5ca3f9fed2a631d522b1bd5334bde7efb3613c82a3aa714d8ae5da962737af8c,0.018819401040673256,0.12901470065116882,0.0,0.12901470065116882,0.7607899904251099,0.0,0.0,02fc8095c431dfc5451811632a802997c5ba97593e8a98ad29eaf0d9e1211df4,complete_update,3634.3956856677014,0.7600062722960523,0.7600062722960523,0.7421642469542249,0,0,0,24488,0,0,0.0,0.0,0.0,-0.01784202534182744,0.01784202534182744,3cc4737d57e0e3d5a714ac61021ca624e19851ad5b3ab232fe26911cc638021f,ISIC_0008927,0,49.4863607364528,0.013616118061003393,ISIC_0008927,8bb9e2db554bf61b5d41330e8b2502af09b1c53ae09851871021e99452ce8fda,0.6129113844013784,0.6129113844013784,0.0,0.0,0.12901470065116882,0.12901470065116882,0.13084105426493314,0.13084105426493314,cuda_FP32_original_batch_present,canonical_letterbox_valid,3d99874f14ae5f316eec36e21141043d75bd4fd17ccfb31e3174198dee269596,2ef1a4d5160a2729d383eb6f73c52b8ccfc6c1295433371ee4092d46f2f502a1,0.2390735000371933,complete_logit_interpolation,0,6096384,0.6129113844013784,0,63262,0.010376971004451164,c8496040ca26ccfcf563161085d75b15cf739b6f0ebde4ceffc6722535ac7341,RSI-TailProbe-20261004,1.0,38774,0.006360163664231124,2,55ddf8219fc3c10470dbfa88,0.0,0,0.0,U-Mean-logit-alpha-0.000000,17,ISIC_0008927_A01_T3_S2_55ddf8219fc3c10470dbfa88.png,S2,0.7607899904251099,0.7571779869184707,T3,val,M,1703ca22a1c39afeca05ffd0c12fe01606f41d5af81442d20102f130cc2ca491,d67353b51c7f853c45c0fad75d4336d0d442799627d3e648686eb70a497ad029,0.0,T3,38774
0.0,0.0,0.0,,A02,0.005385448224842548,0.004580837718110153,0.897503775047406,0.4585602105233689,0.9589202476984311,0,5ca3f9fed2a631d522b1bd5334bde7efb3613c82a3aa714d8ae5da962737af8c,0.005385448224842548,0.048200514167547226,0.0,0.048200514167547226,0.9089844226837158,0.0,0.0,02fc8095c431dfc5451811632a802997c5ba97593e8a98ad29eaf0d9e1211df4,complete_update,3634.3956856677014,0.9208995572517806,0.9208995572517806,0.9055718667475847,1204,0,0,8247,0,0,0.0,0.0,0.0,-0.015327690504195912,0.015327690504195912,3cc4737d57e0e3d5a714ac61021ca624e19851ad5b3ab232fe26911cc638021f,ISIC_0008927,0,33.85406376823952,0.00931490863852375,ISIC_0008927,8bb9e2db554bf61b5d41330e8b2502af09b1c53ae09851871021e99452ce8fda,0.8533955883721652,0.8533955883721652,0.0,0.0,0.048200514167547226,0.048200514167547226,0.0452938163139104,0.0452938163139104,cuda_FP32_original_batch_present,canonical_letterbox_valid,3d99874f14ae5f316eec36e21141043d75bd4fd17ccfb31e3174198dee269596,422f8fff03165ea9267ae02b3283643814fb50f453034d1ec0700154ab6ebd4c,0.2390735000371933,complete_logit_interpolation,0,6096384,0.8696373810502356,0,63262,0.010376971004451164,c8496040ca26ccfcf563161085d75b15cf739b6f0ebde4ceffc6722535ac7341,RSI-TailProbe-20261004,0.9785837528237784,56219,0.009221696008650374,2,5669b9869fc3c15467941036,0.0,0,0.0,U-Mean-logit-alpha-0.000000,17,ISIC_0008927_A02_T1_S1_5669b9869fc3c15467941036.png,S1,0.9089844226837158,0.9139932050902894,T1,val,M,1703ca22a1c39afeca05ffd0c12fe01606f41d5af81442d20102f130cc2ca491,d67353b51c7f853c45c0fad75d4336d0d442799627d3e648686eb70a497ad029,0.8533955883721652,T1,55015
0.0,0.0,0.0,,A01,0.024402083829045296,0.02396119163087425,0.272924173860084,0.08547624346916252,0.787554780674305,0,5ca3f9fed2a631d522b1bd5334bde7efb3613c82a3aa714d8ae5da962737af8c,0.024402083829045296,0.09912186861038208,0.0,0.09912186861038208,0.826158344745636,0.0,0.0,02fc8095c431dfc5451811632a802997c5ba97593e8a98ad29eaf0d9e1211df4,complete_update,3634.3956856677014,0.8337749244199871,0.8337749244199871,0.8244811346470793,275,0,0,38873,0,0,0.0,0.0,0.0,-0.009293789772907846,0.009293789772907846,3cc4737d57e0e3d5a714ac61021ca624e19851ad5b3ab232fe26911cc638021f,ISIC_0008968,0,63.12010988560061,0.017367429235764228,ISIC_0008968,f30ebaa2753974538bdf2e1d10116db4f97c93f4296ea45f48838a08b125c2db,0.7149348285152552,0.7149348285152552,0.0,0.0,0.09912186861038208,0.09912186861038208,0.0979317492947139,0.0979317492947139,cuda_FP32_original_batch_present,canonical_letterbox_valid,3d99874f14ae5f316eec36e21141043d75bd4fd17ccfb31e3174198dee269596,f6b7e4ac81a75d0d8db71b22042ae59eaaf71e9264bccc26f278195cbc94e892,0.293895959854126,complete_logit_interpolation,0,6096384,0.716369340775601,0,137055,0.02248135944192492,ea914145ce0a8d06a72e8638251ed9463c83b674c8d2f377fb14381705fa5987,RSI-TailProbe-20261004,0.9972069025056624,98457,0.01615006535021416,2,55ddf0e39fc3c10470dbf6f2,0.0,0,0.0,U-Mean-logit-alpha-0.000000,17,ISIC_0008968_A01_T3_S2_55ddf0e39fc3c10470dbf6f2.png,S2,0.826158344745636,0.8280976930414464,T3,val,M,1703ca22a1c39afeca05ffd0c12fe01606f41d5af81442d20102f130cc2ca491,d67353b51c7f853c45c0fad75d4336d0d442799627d3e648686eb70a497ad029,0.7149348285152552,T3,98182
0.0,0.0,0.0,,A02,0.027289574965834618,0.02715185640196555,0.5052067473070626,0.18343948610355987,0.7555797829386518,0,5ca3f9fed2a631d522b1bd5334bde7efb3613c82a3aa714d8ae5da962737af8c,0.027289574965834618,0.08518481254577637,0.0,0.08518481254577637,0.8569199442863464,0.0,0.0,02fc8095c431dfc5451811632a802997c5ba97593e8a98ad29eaf0d9e1211df4,complete_update,3634.3956856677014,0.8603434294026028,0.8603434294026028,0.8696065211084865,40018,0,0,3380,0,0,0.0,0.0,0.0,0.009263091705883686,-0.009263091705883686,3cc4737d57e0e3d5a714ac61021ca624e19851ad5b3ab232fe26911cc638021f,ISIC_0008968,0,99.95740307142634,0.02750317018744271,ISIC_0008968,f30ebaa2753974538bdf2e1d10116db4f97c93f4296ea45f48838a08b125c2db,0.7549146397248593,0.7549146397248593,0.0,0.0,0.08518481254577637,0.08518481254577637,0.0853255365776889,0.0853255365776889,cuda_FP32_original_batch_present,canonical_letterbox_valid,3d99874f14ae5f316eec36e21141043d75bd4fd17ccfb31e3174198dee269596,59d41ea0579a442432537ce2d1a96c112a7862aedf0ec33862cd3289322d5548,0.293895959854126,complete_logit_interpolation,0,6096384,0.975338367808544,0,137055,0.02248135944192492,ea914145ce0a8d06a72e8638251ed9463c83b674c8d2f377fb14381705fa5987,RSI-TailProbe-20261004,0.7696049927170352,173693,0.02849115147602251,2,5665c1ed9fc3c12067284cd7,0.0,0,0.0,U-Mean-logit-alpha-0.000000,17,ISIC_0008968_A02_T1_S1_5665c1ed9fc3c12067284cd7.png,S1,0.8569199442863464,0.8565007832465877,T1,val,M,1703ca22a1c39afeca05ffd0c12fe01606f41d5af81442d20102f130cc2ca491,d67353b51c7f853c45c0fad75d4336d0d442799627d3e648686eb70a497ad029,0.7549146397248593,T1,133675
0.0,0.0,0.0,,A01,0.010893115773797035,0.010308025117653444,0.47562477050348834,0.2237687722686557,0.8700255222610833,0,5ca3f9fed2a631d522b1bd5334bde7efb3613c82a3aa714d8ae5da962737af8c,0.010893115773797035,0.13279050588607788,0.0,0.13279050588607788,0.7453120946884155,0.0,0.0,02fc8095c431dfc5451811632a802997c5ba97593e8a98ad29eaf0d9e1211df4,complete_update,3634.3956856677014,0.7596313066924576,0.7596313066924576,0.7569724596944497,316,0,0,16087,0,0,0.0,0.0,0.0,-0.002658846998007891,0.002658846998007891,3cc4737d57e0e3d5a714ac61021ca624e19851ad5b3ab232fe26911cc638021f,ISIC_0008988,0,48.0,0.013207147529172122,ISIC_0008988,dccb32d2a7fda72e9d6d34ccbf763c8ba91fce95b9fd57273e0fd5c1d2925bd5,0.6124237984972355,0.6124237984972355,0.0,0.0,0.13279050588607788,0.13279050588607788,0.12916986452212123,0.12916986452212123,cuda_FP32_original_batch_present,canonical_letterbox_valid,3d99874f14ae5f316eec36e21141043d75bd4fd17ccfb31e3174198dee269596,57f19fa3af5b1ceca5b1b29a7efd9ec0a7d58f2fdc48219025693a92ed5558a5,0.24467307329177856,complete_logit_interpolation,0,6096384,0.6170309003475694,0,42006,0.0068903139959687575,8ac90840d84d25bc5650435d50bc128ebd58b744df8b99ac0e1ce2bb8894cfae,RSI-TailProbe-20261004,0.987955021917286,26235,0.004303370653817082,2,55ddef939fc3c10470dbf5d2,0.0,0,0.0,U-Mean-logit-alpha-0.000000,17,ISIC_0008988_A01_T3_S2_55ddef939fc3c10470dbf5d2.png,S2,0.7453120946884155,0.751968296073411,T3,val,M,1703ca22a1c39afeca05ffd0c12fe01606f41d5af81442d20102f130cc2ca491,d67353b51c7f853c45c0fad75d4336d0d442799627d3e648686eb70a497ad029,0.0,T3,25919
0.0,0.0,0.0,,A02,0.010593361221253872,0.010062657822666141,0.5625470042617197,0.385490997111517,0.8223840726443903,0,5ca3f9fed2a631d522b1bd5334bde7efb3613c82a3aa714d8ae5da962737af8c,0.010593361221253872,0.11277031898498535,0.0,0.11277031898498535,0.7850527167320251,0.0,0.0,02fc8095c431dfc5451811632a802997c5ba97593e8a98ad29eaf0d9e1211df4,complete_update,3634.3956856677014,0.7993579035289204,0.7993579035289204,0.7984840225319939,3993,0,0,11381,0,0,0.0,0.0,0.0,-0.0008738809969265349,0.0008738809969265349,3cc4737d57e0e3d5a714ac61021ca624e19851ad5b3ab232fe26911cc638021f,ISIC_0008988,0,58.15988900617224,0.01600262988301651,ISIC_0008988,dccb32d2a7fda72e9d6d34ccbf763c8ba91fce95b9fd57273e0fd5c1d2925bd5,0.6657753429422378,0.6657753429422378,0.0,0.0,0.11277031898498535,0.11277031898498535,0.10961984920539825,0.10961984920539825,cuda_FP32_original_batch_present,canonical_letterbox_valid,3d99874f14ae5f316eec36e21141043d75bd4fd17ccfb31e3174198dee269596,b9dda4dfc0c43e2390ab9c044bab655d8cb76af09b25d82103675d6cd5f67861,0.24467307329177856,complete_logit_interpolation,0,6096384,0.7290625148788268,0,42006,0.0068903139959687575,8ac90840d84d25bc5650435d50bc128ebd58b744df8b99ac0e1ce2bb8894cfae,RSI-TailProbe-20261004,0.8846553815933907,34618,0.0056784480767615685,2,5665a48f9fc3c11b98db24e1,0.0,0,0.0,U-Mean-logit-alpha-0.000000,17,ISIC_0008988_A02_T1_S1_5665a48f9fc3c11b98db24e1.png,S1,0.7850527167320251,0.7908229594118696,T1,val,M,1703ca22a1c39afeca05ffd0c12fe01606f41d5af81442d20102f130cc2ca491,d67353b51c7f853c45c0fad75d4336d0d442799627d3e648686eb70a497ad029,0.6657753429422378,T1,30625
0.0,0.0,0.0,,A01,0.06090685725212097,0.06096180550137589,0.4248066007285399,0.2421956208295611,0.6066632236714222,0,5ca3f9fed2a631d522b1bd5334bde7efb3613c82a3aa714d8ae5da962737af8c,0.06090685725212097,0.1509050577878952,0.0,0.1509050577878952,0.7590967416763306,0.0,0.0,02fc8095c431dfc5451811632a802997c5ba97593e8a98ad29eaf0d9e1211df4,complete_update,3634.3956856677014,0.7613433517373075,0.7613433517373075,0.7612114658659741,60881,0,0,13856,0,0,0.0,0.0,0.0,-0.00013188587133339258,0.00013188587133339258,3cc4737d57e0e3d5a714ac61021ca624e19851ad5b3ab232fe26911cc638021f,ISIC_0008994,0,198.25939553906463,0.05455085595685241,ISIC_0008994,3c27c6d80e04880db4232dac5d64a40ec9711eecc914efd4f1e9704ed66fd6a5,0.6146524565989677,0.6146524565989677,0.0,0.0,0.1509050577878952,0.1509050577878952,0.15176414460609094,0.15176414460609094,cuda_FP32_original_batch_present,canonical_letterbox_valid,3d99874f14ae5f316eec36e21141043d75bd4fd17ccfb31e3174198dee269596,3e4482701e8d89657b2b961f4df84e54404715f07657adb951077bb4a8cba74a,0.34025195240974426,complete_logit_interpolation,0,6096384,0.8958712217997085,0,133066,0.0218270371420173,da876e95e8b29785214a82c6565a5c7e43e3849f47ff4db9b42235571b3a0d06,RSI-TailProbe-20261004,0.6619431287515756,180091,0.029540626049802638,2,55ddef559fc3c10470dbf5a2,0.0,0,0.0,U-Mean-logit-alpha-0.000000,17,ISIC_0008994_A01_T3_S2_55ddef559fc3c10470dbf5a2.png,S2,0.7590967416763306,0.757433516289194,T3,val,M,1703ca22a1c39afeca05ffd0c12fe01606f41d5af81442d20102f130cc2ca491,d67353b51c7f853c45c0fad75d4336d0d442799627d3e648686eb70a497ad029,0.0,T3,119210
0.0,0.0,0.0,,A02,0.014073051512241364,0.013778285898193379,0.6430727285029578,0.2622107969151671,0.8651675201411737,0,5ca3f9fed2a631d522b1bd5334bde7efb3613c82a3aa714d8ae5da962737af8c,0.014073051512241364,0.06403638422489166,0.0,0.06403638422489166,0.8860002756118774,0.0,0.0,02fc8095c431dfc5451811632a802997c5ba97593e8a98ad29eaf0d9e1211df4,complete_update,3634.3956856677014,0.895497638873869,0.895497638873869,0.9013723341004599,4814,0,0,21277,0,0,0.0,0.0,0.0,0.005874695226590898,-0.005874695226590898,3cc4737d57e0e3d5a714ac61021ca624e19851ad5b3ab232fe26911cc638021f,ISIC_0008994,0,55.54091909970539,0.015282023176158807,ISIC_0008994,3c27c6d80e04880db4232dac5d64a40ec9711eecc914efd4f1e9704ed66fd6a5,0.8107702349869451,0.8107702349869451,0.0,0.0,0.06403638422489166,0.06403638422489166,0.0631835209490834,0.0631835209490834,cuda_FP32_original_batch_present,canonical_letterbox_valid,3d99874f14ae5f316eec36e21141043d75bd4fd17ccfb31e3174198dee269596,0ae8cf6448ec8357f9017c29fc5a4be441d2b10c870076dc6b6e5df76447c409,0.34025195240974426,complete_logit_interpolation,0,6096384,0.8401019043181579,0,133066,0.0218270371420173,da876e95e8b29785214a82c6565a5c7e43e3849f47ff4db9b42235571b3a0d06,RSI-TailProbe-20261004,0.9587146128315738,116603,0.01912658388972873,2,5666f4d69fc3c14011cd6e1d,0.0,0,0.0,U-Mean-logit-alpha-0.000000,17,ISIC_0008994_A02_T1_S1_5666f4d69fc3c14011cd6e1d.png,S1,0.8860002756118774,0.8874112440000266,T1,val,M,1703ca22a1c39afeca05ffd0c12fe01606f41d5af81442d20102f130cc2ca491,d67353b51c7f853c45c0fad75d4336d0d442799627d3e648686eb70a497ad029,0.8107702349869451,T1,111789
0.0,0.0,0.0,,A01,0.0937490314245224,0.0933031914940526,0.2762897319197837,0.12071904948076395,0.49558261344274024,0,5ca3f9fed2a631d522b1bd5334bde7efb3613c82a3aa714d8ae5da962737af8c,0.0937490314245224,0.08834158629179001,0.0,0.08834158629179001,0.9170658588409424,0.0,0.0,02fc8095c431dfc5451811632a802997c5ba97593e8a98ad29eaf0d9e1211df4,complete_update,5147.6254720016295,0.9362902918751341,0.9362902918751341,0.9398501093783741,8419,0,0,537069,0,0,0.0,0.0,0.0,0.0035598175032399704,-0.0035598175032399704,000265748d489c3d0095524194958fe61fe914509d0aca373da78957be3a3502,ISIC_0008998,0,138.480864160522,0.026901891933228464,ISIC_0008998,b794b27269264290d667e96eecff5caa0e5d3728ff81ee1e6e6e68306409a442,0.8802122277568099,0.8802122277568099,0.0,0.0,0.08834158629179001,0.08834158629179001,0.08803211195165164,0.08803211195165164,cuda_FP32_original_batch_present,canonical_letterbox_valid,3d99874f14ae5f316eec36e21141043d75bd4fd17ccfb31e3174198dee269596,bced5caf3e904fceec50cd837bc7ea94cdc40c48bb2564a354d41dcad9562990,0.540336549282074,complete_logit_interpolation,0,12212224,0.8818425702825382,0,4545368,0.37219821713063894,80c258fff7634c91dd188485a0c0b56ad75f206036d3f3f7c914cf3c53af672e,RSI-TailProbe-20261004,0.9979040101894133,4016718,0.3289096236688747,2,55ddef2a9fc3c10470dbf578,0.0,0,0.0,U-Mean-logit-alpha-0.000000,17,ISIC_0008998_A01_T3_S2_55ddef2a9fc3c10470dbf578.png,S2,0.9170658588409424,0.9172389675907493,T3,val,M,1703ca22a1c39afeca05ffd0c12fe01606f41d5af81442d20102f130cc2ca491,d67353b51c7f853c45c0fad75d4336d0d442799627d3e648686eb70a497ad029,0.8802122277568099,T3,4008299
0.0,0.0,0.0,,A05,0.0585220567882061,0.05847123988905878,0.6266300917067392,0.3795598351509578,0.8846822153572955,0,5ca3f9fed2a631d522b1bd5334bde7efb3613c82a3aa714d8ae5da962737af8c,0.0585220567882061,0.059221602976322174,0.0,0.059221602976322174,0.940078854560852,0.0,0.0,02fc8095c431dfc5451811632a802997c5ba97593e8a98ad29eaf0d9e1211df4,complete_update,5147.6254720016295,0.9713445231354738,0.9713445231354738,0.9714339682208674,83020,0,0,174848,0,0,0.0,0.0,0.0,8.94450853935469e-05,-8.94450853935469e-05,000265748d489c3d0095524194958fe61fe914509d0aca373da78957be3a3502,ISIC_0008998,0,75.28612089887484,0.014625407638601996,ISIC_0008998,b794b27269264290d667e96eecff5caa0e5d3728ff81ee1e6e6e68306409a442,0.9442855698355453,0.9442855698355453,0.0,0.0,0.059221602976322174,0.059221602976322174,0.05920189066936138,0.05920189066936138,cuda_FP32_original_batch_present,canonical_letterbox_valid,3d99874f14ae5f316eec36e21141043d75bd4fd17ccfb31e3174198dee269596,e63befca45d8ae1d391b01c281820d09ec6e2211965a49fdf3fced15a51fc076,0.540336549282074,complete_logit_interpolation,0,12212224,0.9615327075827523,0,4545368,0.37219821713063894,80c258fff7634c91dd188485a0c0b56ad75f206036d3f3f7c914cf3c53af672e,RSI-TailProbe-20261004,0.9813586495237496,4453540,0.36467886602800603,2,56683af29fc3c14011cd7357,0.0,0,0.0,U-Mean-logit-alpha-0.000000,17,ISIC_0008998_A05_T3_S1_56683af29fc3c14011cd7357.png,S1,0.940078854560852,0.940067458550336,T3,val,M,1703ca22a1c39afeca05ffd0c12fe01606f41d5af81442d20102f130cc2ca491,d67353b51c7f853c45c0fad75d4336d0d442799627d3e648686eb70a497ad029,0.9442855698355453,T3,4370520
0.0,0.0,0.0,,A01,0.05299805477261543,0.05305383027827295,0.44943292105471433,0.29657452539834755,0.6207916806523613,0,5ca3f9fed2a631d522b1bd5334bde7efb3613c82a3aa714d8ae5da962737af8c,0.05299805477261543,0.09245743602514267,0.0,0.09245743602514267,0.8680831789970398,0.0,0.0,02fc8095c431dfc5451811632a802997c5ba97593e8a98ad29eaf0d9e1211df4,complete_update,5147.6254720016295,0.8681528409587095,0.8681528409587095,0.8758327093672078,162725,0,0,3351,0,0,0.0,0.0,0.0,0.007679868408498325,-0.007679868408498325,000265748d489c3d0095524194958fe61fe914509d0aca373da78957be3a3502,ISIC_0009026,0,270.74157228373645,0.05259542943757715,ISIC_0009026,0b1c80bc9b8619ad1da42b5d86ffb28a02043299c521cfb4a8e53afa2da791c8,0.7670230331223005,0.7670230331223005,0.0,0.0,0.09245743602514267,0.09245743602514267,0.0928222075486297,0.0928222075486297,cuda_FP32_original_batch_present,canonical_letterbox_valid,3d99874f14ae5f316eec36e21141043d75bd4fd17ccfb31e3174198dee269596,10b2f73ba844e8142a4550973213fc524566ae1f4dea8dd54cd5d187d6517d89,0.5199390649795532,complete_logit_interpolation,0,12212224,0.9939085796138283,0,550118,0.045046504223964445,c12a9a9649a7f9e3c36366d3b36de45fc214d0bbfddae76da532474b6d56063b,RSI-TailProbe-20261004,0.7706457578098133,709492,0.05809687080747945,2,55ddeddb9fc3c10470dbf40a,0.0,0,0.0,U-Mean-logit-alpha-0.000000,17,ISIC_0009026_A01_T3_S2_55ddeddb9fc3c10470dbf40a.png,S2,0.8680831789970398,0.8674094151810136,T3,val,M,1703ca22a1c39afeca05ffd0c12fe01606f41d5af81442d20102f130cc2ca491,d67353b51c7f853c45c0fad75d4336d0d442799627d3e648686eb70a497ad029,0.7670230331223005,T3,546767
0.0,0.0,0.0,,A02,0.02221333049237728,0.021675550811988888,0.4061108291970573,0.07699327968140711,0.8105399076444969,0,5ca3f9fed2a631d522b1bd5334bde7efb3613c82a3aa714d8ae5da962737af8c,0.02221333049237728,0.05793541297316551,0.0,0.05793541297316551,0.9063425064086914,0.0,0.0,02fc8095c431dfc5451811632a802997c5ba97593e8a98ad29eaf0d9e1211df4,complete_update,5147.6254720016295,0.9128199452771665,0.9128199452771665,0.9034542787286064,0,0,0,88227,0,0,0.0,0.0,0.0,-0.009365666548560081,0.009365666548560081,000265748d489c3d0095524194958fe61fe914509d0aca373da78957be3a3502,ISIC_0009026,0,66.57326790837296,0.012932811112710238,ISIC_0009026,0b1c80bc9b8619ad1da42b5d86ffb28a02043299c521cfb4a8e53afa2da791c8,0.8396216811665861,0.8396216811665861,0.0,0.0,0.05793541297316551,0.05793541297316551,0.057547715164677535,0.057547715164677535,cuda_FP32_original_batch_present,canonical_letterbox_valid,3d99874f14ae5f316eec36e21141043d75bd4fd17ccfb31e3174198dee269596,600942462be3dd548916e82ec61481539b410e8cbabebaf597f85108badd182d,0.5199390649795532,complete_logit_interpolation,0,12212224,0.8396216811665861,0,550118,0.045046504223964445,c12a9a9649a7f9e3c36366d3b36de45fc214d0bbfddae76da532474b6d56063b,RSI-TailProbe-20261004,1.0,461891,0.03782202160720275,2,5674195d9fc3c165817466a9,0.0,0,0.0,U-Mean-logit-alpha-0.000000,17,ISIC_0009026_A02_T1_S1_5674195d9fc3c165817466a9.png,S1,0.9063425064086914,0.9065801204826338,T1,val,M,1703ca22a1c39afeca05ffd0c12fe01606f41d5af81442d20102f130cc2ca491,d67353b51c7f853c45c0fad75d4336d0d442799627d3e648686eb70a497ad029,0.8396216811665861,T1,461891
0.0,0.0,0.0,,A01,0.009612154215574265,0.009204171005097907,0.8071215145616623,0.1783516594371028,1.0,0,5ca3f9fed2a631d522b1bd5334bde7efb3613c82a3aa714d8ae5da962737af8c,0.009612154215574265,0.04845208674669266,0.0,0.04845208674669266,0.9127079844474792,0.0,0.0,02fc8095c431dfc5451811632a802997c5ba97593e8a98ad29eaf0d9e1211df4,complete_update,3634.3956856677014,0.9163891526572245,0.9163891526572245,0.9033936591925886,1,0,0,18754,0,0,0.0,0.0,0.0,-0.01299549346463591,0.01299549346463591,3cc4737d57e0e3d5a714ac61021ca624e19851ad5b3ab232fe26911cc638021f,ISIC_0009040,0,24.0,0.006603573764586061,ISIC_0009040,489b38dd522694dd01ab4f2985c8b61668c70b442ca31d5186751dafd753b5ff,0.8456810439876907,0.8456810439876907,0.0,0.0,0.04845208674669266,0.04845208674669266,0.04791296410523224,0.04791296410523224,cuda_FP32_original_batch_present,canonical_letterbox_valid,3d99874f14ae5f316eec36e21141043d75bd4fd17ccfb31e3174198dee269596,bad47a759765fe69991c7e95a52f7cdf2f43918bf597bc64231e675f3315c034,0.3934803903102875,complete_logit_interpolation,0,6096384,0.8456880024355525,0,121533,0.01993525998362308,685d3c7664838bf32ff24a3381d06876ed4ebcdf71e21c6e8fab47ff4242d170,RSI-TailProbe-20261004,0.9999902704806383,102780,0.016859174225245653,2,55dded489fc3c10470dbf350,0.0,0,0.0,U-Mean-logit-alpha-0.000000,17,ISIC_0009040_A01_T3_S2_55dded489fc3c10470dbf350.png,S2,0.9127079844474792,0.9133782427946334,T3,val,M,1703ca22a1c39afeca05ffd0c12fe01606f41d5af81442d20102f130cc2ca491,d67353b51c7f853c45c0fad75d4336d0d442799627d3e648686eb70a497ad029,0.8456810439876907,T3,102779
0.0,0.0,0.0,,A02,0.01758633367717266,0.01731021038036031,0.4637425888939563,0.12585792476325622,0.8784755841640937,0,5ca3f9fed2a631d522b1bd5334bde7efb3613c82a3aa714d8ae5da962737af8c,0.01758633367717266,0.062133751809597015,0.0,0.062133751809597015,0.8933188319206238,0.0,0.0,02fc8095c431dfc5451811632a802997c5ba97593e8a98ad29eaf0d9e1211df4,complete_update,3634.3956856677014,0.8937662939361737,0.8937662939361737,0.9067467094983029,28891,0,0,0,0,0,0.0,0.0,0.0,0.012980415562129255,-0.012980415562129255,3cc4737d57e0e3d5a714ac61021ca624e19851ad5b3ab232fe26911cc638021f,ISIC_0009040,0,44.212480657372225,0.012165015722345495,ISIC_0009040,489b38dd522694dd01ab4f2985c8b61668c70b442ca31d5186751dafd753b5ff,0.8079362335797479,0.8079362335797479,0.0,0.0,0.062133751809597015,0.062133751809597015,0.06253496243706604,0.06253496243706604,cuda_FP32_original_batch_present,canonical_letterbox_valid,3d99874f14ae5f316eec36e21141043d75bd4fd17ccfb31e3174198dee269596,bdddf107d863504fbe71bdb82b6f5b9538c696d43ba42afe7731334e53503e1c,0.3934803903102875,complete_logit_interpolation,0,6096384,1.0,0,121533,0.01993525998362308,685d3c7664838bf32ff24a3381d06876ed4ebcdf71e21c6e8fab47ff4242d170,RSI-TailProbe-20261004,0.8079362335797479,150424,0.024674298731838414,2,5665a57c9fc3c11b98db2577,0.0,0,0.0,U-Mean-logit-alpha-0.000000,17,ISIC_0009040_A02_T1_S1_5665a57c9fc3c11b98db2577.png,S1,0.8933188319206238,0.8922402855062282,T1,val,M,1703ca22a1c39afeca05ffd0c12fe01606f41d5af81442d20102f130cc2ca491,d67353b51c7f853c45c0fad75d4336d0d442799627d3e648686eb70a497ad029,0.8079362335797479,T1,121533
0.0,0.0,0.0,,A01,0.005769948475062847,0.0054033438071227615,0.7673102843468953,0.45196526339464044,0.953020134228188,0,5ca3f9fed2a631d522b1bd5334bde7efb3613c82a3aa714d8ae5da962737af8c,0.005769948475062847,0.08400949090719223,0.0,0.08400949090719223,0.8377509713172913,0.0,0.0,02fc8095c431dfc5451811632a802997c5ba97593e8a98ad29eaf0d9e1211df4,complete_update,5147.6254720016295,0.8460068089534345,0.8460068089534345,0.8386868640781129,13478,0,0,137,0,0,0.0,0.0,0.0,-0.007319944875321616,0.007319944875321616,000265748d489c3d0095524194958fe61fe914509d0aca373da78957be3a3502,ISIC_0009053,0,57.64883779046265,0.011199112698470307,ISIC_0009053,2eeb7f6e3c3428d25fab2bca5542206639518c6dbe4eea16c69c13279cf3c36d,0.7331124789273533,0.7331124789273533,0.0,0.0,0.08400949090719223,0.08400949090719223,0.08268724862663338,0.08268724862663338,cuda_FP32_original_batch_present,canonical_letterbox_valid,3d99874f14ae5f316eec36e21141043d75bd4fd17ccfb31e3174198dee269596,d50915d4c384fbec0cfbec1c5529cd0667e7eed0824682813441254695da1b50,0.18418781459331512,complete_logit_interpolation,0,12212224,0.9963501705029838,0,37536,0.0030736416233439544,86f701d4616e40be110a68183e759285949169280b35020c77f4cc3b0acc3a9a,RSI-TailProbe-20261004,0.7350865813628948,50877,0.004166071634454134,2,55ddec909fc3c10470dbf290,0.0,0,0.0,U-Mean-logit-alpha-0.000000,17,ISIC_0009053_A01_T3_S2_55ddec909fc3c10470dbf290.png,S2,0.8377509713172913,0.840028846553856,T3,val,M,1703ca22a1c39afeca05ffd0c12fe01606f41d5af81442d20102f130cc2ca491,d67353b51c7f853c45c0fad75d4336d0d442799627d3e648686eb70a497ad029,0.7331124789273533,T3,37399
0.0,0.0,0.0,,A05,0.0014360279310494661,0.001472096115606946,1.0,0.843096303226359,1.0,0,5ca3f9fed2a631d522b1bd5334bde7efb3613c82a3aa714d8ae5da962737af8c,0.0014360279310494661,0.04674048721790314,0.0,0.04674048721790314,0.9079550504684448,0.0,0.0,02fc8095c431dfc5451811632a802997c5ba97593e8a98ad29eaf0d9e1211df4,complete_update,5147.6254720016295,0.9157333184370025,0.9157333184370025,0.9142405554536346,1284,0,0,4750,0,0,0.0,0.0,0.0,-0.001492762983367868,0.001492762983367868,000265748d489c3d0095524194958fe61fe914509d0aca373da78957be3a3502,ISIC_0009053,0,17.0,0.003302493565715773,ISIC_0009053,2eeb7f6e3c3428d25fab2bca5542206639518c6dbe4eea16c69c13279cf3c36d,0.8445646573930964,0.8445646573930964,0.0,0.0,0.04674048721790314,0.04674048721790314,0.04862569836102498,0.04862569836102498,cuda_FP32_original_batch_present,canonical_letterbox_valid,3d99874f14ae5f316eec36e21141043d75bd4fd17ccfb31e3174198dee269596,87fbd251bc556bf54db7cc7b9c878cb744d09d94e8acb42c84f854e75df1e2ea,0.18418781459331512,complete_logit_interpolation,0,12212224,0.8734548167092924,0,37536,0.0030736416233439544,86f701d4616e40be110a68183e759285949169280b35020c77f4cc3b0acc3a9a,RSI-TailProbe-20261004,0.9623128852362782,34070,0.0027898276349991617,2,5666ec749fc3c14011cd6a99,0.0,0,0.0,U-Mean-logit-alpha-0.000000,17,ISIC_0009053_A05_T3_S1_5666ec749fc3c14011cd6a99.png,S1,0.9079550504684448,0.904220699393557,T3,val,M,1703ca22a1c39afeca05ffd0c12fe01606f41d5af81442d20102f130cc2ca491,d67353b51c7f853c45c0fad75d4336d0d442799627d3e648686eb70a497ad029,0.8445646573930964,T3,32786
0.0,0.0,0.0,,A01,0.01245107688009739,0.012310201031619861,0.7579526047661987,0.46358737140478296,0.9127351218008016,0,5ca3f9fed2a631d522b1bd5334bde7efb3613c82a3aa714d8ae5da962737af8c,0.01245107688009739,0.05053899809718132,0.0,0.05053899809718132,0.9113730788230896,0.0,0.0,02fc8095c431dfc5451811632a802997c5ba97593e8a98ad29eaf0d9e1211df4,complete_update,3634.3956856677014,0.9166320183269335,0.9166320183269335,0.9205236205455327,19268,0,0,1184,0,0,0.0,0.0,0.0,0.0038916022185991883,-0.0038916022185991883,3cc4737d57e0e3d5a714ac61021ca624e19851ad5b3ab232fe26911cc638021f,ISIC_0009056,0,50.000499950009996,0.01375758290358636,ISIC_0009056,0bcc4fa6e63813def7a8d9090d3fbd45d0d69794c6fe7677b526138ed488a3a4,0.8460948023508695,0.8460948023508695,0.0,0.0,0.05053899809718132,0.05053899809718132,0.05114672457995058,0.05114672457995058,cuda_FP32_original_batch_present,canonical_letterbox_valid,3d99874f14ae5f316eec36e21141043d75bd4fd17ccfb31e3174198dee269596,30b10637fef71085f8348026b3fc95344b76aac158baafeeb1cf833a3208c42a,0.31334787607192993,complete_logit_interpolation,0,6096384,0.9895792077029371,0,113619,0.018637113410178888,483614c3da833878dd34fa3580d77eb2af35df3dc66cd09cacc61219913e1fba,RSI-TailProbe-20261004,0.8537011305740947,131703,0.021603461986646512,2,55dde8159fc3c10470dbf104,0.0,0,0.0,U-Mean-logit-alpha-0.000000,17,ISIC_0009056_A01_T3_S2_55dde8159fc3c10470dbf104.png,S2,0.9113730788230896,0.9100167518717187,T3,val,M,1703ca22a1c39afeca05ffd0c12fe01606f41d5af81442d20102f130cc2ca491,d67353b51c7f853c45c0fad75d4336d0d442799627d3e648686eb70a497ad029,0.8460948023508695,T3,112435
0.0,0.0,0.0,,A05,0.007892081514000893,0.007909939908612383,0.7882231290582093,0.5862822601412676,0.9275046670815184,0,5ca3f9fed2a631d522b1bd5334bde7efb3613c82a3aa714d8ae5da962737af8c,0.007892081514000893,0.038920167833566666,0.0,0.038920167833566666,0.9300517439842224,0.0,0.0,02fc8095c431dfc5451811632a802997c5ba97593e8a98ad29eaf0d9e1211df4,complete_update,3634.3956856677014,0.9378328702714255,0.9378328702714255,0.9405528660035904,10628,0,0,3916,0,0,0.0,0.0,0.0,0.0027199957321649704,-0.0027199957321649704,3cc4737d57e0e3d5a714ac61021ca624e19851ad5b3ab232fe26911cc638021f,ISIC_0009056,0,46.55962905496469,0.012810831038175987,ISIC_0009056,0bcc4fa6e63813def7a8d9090d3fbd45d0d69794c6fe7677b526138ed488a3a4,0.8829428477146329,0.8829428477146329,0.0,0.0,0.038920167833566666,0.038920167833566666,0.03971698789744035,0.03971698789744035,cuda_FP32_original_batch_present,canonical_letterbox_valid,3d99874f14ae5f316eec36e21141043d75bd4fd17ccfb31e3174198dee269596,d2838524380284f04aca40386cf8f7f09ece0a98e9415c608a6ca790ab42ce9e,0.31334787607192993,complete_logit_interpolation,0,6096384,0.9655339335850518,0,113619,0.018637113410178888,483614c3da833878dd34fa3580d77eb2af35df3dc66cd09cacc61219913e1fba,RSI-TailProbe-20261004,0.9116769577249421,120331,0.019738093925841943,2,5666048f9fc3c12067285175,0.0,0,0.0,U-Mean-logit-alpha-0.000000,17,ISIC_0009056_A05_T3_S1_5666048f9fc3c12067285175.png,S1,0.9300517439842224,0.9284759641137317,T3,val,M,1703ca22a1c39afeca05ffd0c12fe01606f41d5af81442d20102f130cc2ca491,d67353b51c7f853c45c0fad75d4336d0d442799627d3e648686eb70a497ad029,0.8829428477146329,T3,109703
0.0,0.0,0.0,,A01,0.018780842423439026,0.019132830872968278,0.6395147884588169,0.288647269634939,0.8551144995213488,0,5ca3f9fed2a631d522b1bd5334bde7efb3613c82a3aa714d8ae5da962737af8c,0.018780842423439026,0.05582881718873978,0.0,0.05582881718873978,0.9071232080459595,0.0,0.0,02fc8095c431dfc5451811632a802997c5ba97593e8a98ad29eaf0d9e1211df4,complete_update,5147.6254720016295,0.9147857616485315,0.9147857616485315,0.9137763823398968,32256,0,0,42667,0,0,0.0,0.0,0.0,-0.0010093793086347613,0.0010093793086347613,000265748d489c3d0095524194958fe61fe914509d0aca373da78957be3a3502,ISIC_0009076,0,174.86614198452287,0.033970253456789855,ISIC_0009076,186c579d394a8626532c687ccfd7fadf1b051104e4d2fd224898a66c492e435c,0.8429540724034066,0.8429540724034066,0.0,0.0,0.05582881718873978,0.05582881718873978,0.057164748117610256,0.057164748117610256,cuda_FP32_original_batch_present,canonical_letterbox_valid,3d99874f14ae5f316eec36e21141043d75bd4fd17ccfb31e3174198dee269596,b5b6d129ff4c711fdb05ab3bcc24dc64bf969646d0948d27aad3ed3046daa7ae,0.5049545168876648,complete_logit_interpolation,0,12212224,0.9040805177813098,0,444821,0.03642424180886299,16ddae19850c2dcf2ac68436caa1d7dd3db05db87492135a5563a5dfb6847ce1,RSI-TailProbe-20261004,0.9257475656637738,434410,0.0355717353366594,2,55dde52d9fc3c10470dbf08c,0.0,0,0.0,U-Mean-logit-alpha-0.000000,17,ISIC_0009076_A01_T3_S2_55dde52d9fc3c10470dbf08c.png,S2,0.9071232080459595,0.9048033346377478,T3,val,M,1703ca22a1c39afeca05ffd0c12fe01606f41d5af81442d20102f130cc2ca491,d67353b51c7f853c45c0fad75d4336d0d442799627d3e648686eb70a497ad029,0.8429540724034066,T3,402154
0.0,0.0,0.0,,A02,0.015176446177065372,0.01504121499492448,0.4967388732056871,0.18268111602047618,0.9355208147875969,0,5ca3f9fed2a631d522b1bd5334bde7efb3613c82a3aa714d8ae5da962737af8c,0.015176446177065372,0.048550501465797424,0.0,0.048550501465797424,0.918075442314148,0.0,0.0,02fc8095c431dfc5451811632a802997c5ba97593e8a98ad29eaf0d9e1211df4,complete_update,5147.6254720016295,0.9244471150597405,0.9244471150597405,0.9266780119073175,72471,0,0,204,0,0,0.0,0.0,0.0,0.0022308968475769353,-0.0022308968475769353,000265748d489c3d0095524194958fe61fe914509d0aca373da78957be3a3502,ISIC_0009076,0,54.45181356024793,0.01057804493672198,ISIC_0009076,186c579d394a8626532c687ccfd7fadf1b051104e4d2fd224898a66c492e435c,0.859508749410391,0.859508749410391,0.0,0.0,0.048550501465797424,0.048550501465797424,0.0486259178089745,0.0486259178089745,cuda_FP32_original_batch_present,canonical_letterbox_valid,3d99874f14ae5f316eec36e21141043d75bd4fd17ccfb31e3174198dee269596,1b8f880bb3e9458c4180046b2c4390015d454bef97bf5507514b32e54cb92081,0.5049545168876648,complete_logit_interpolation,0,12212224,0.9995413885585438,0,444821,0.03642424180886299,16ddae19850c2dcf2ac68436caa1d7dd3db05db87492135a5563a5dfb6847ce1,RSI-TailProbe-20261004,0.8598478402128844,517088,0.042341837162502095,2,5674132d9fc3c16581746457,0.0,0,0.0,U-Mean-logit-alpha-0.000000,17,ISIC_0009076_A02_T1_S1_5674132d9fc3c16581746457.png,S1,0.918075442314148,0.9177893793769755,T1,val,M,1703ca22a1c39afeca05ffd0c12fe01606f41d5af81442d20102f130cc2ca491,d67353b51c7f853c45c0fad75d4336d0d442799627d3e648686eb70a497ad029,0.859508749410391,T1,444617
0.0,0.0,0.0,,A01,0.05517680570483208,0.0553609403899954,0.1829522576934139,0.07363383778694409,0.584278740705445,0,5ca3f9fed2a631d522b1bd5334bde7efb3613c82a3aa714d8ae5da962737af8c,0.05517680570483208,0.07312298566102982,0.0,0.07312298566102982,0.9089308381080627,0.0,0.0,02fc8095c431dfc5451811632a802997c5ba97593e8a98ad29eaf0d9e1211df4,complete_update,3634.3956856677014,0.9101719727380834,0.9101719727380834,0.9151604749302115,150316,0,0,81,0,0,0.0,0.0,0.0,0.004988502192128097,-0.004988502192128097,3cc4737d57e0e3d5a714ac61021ca624e19851ad5b3ab232fe26911cc638021f,ISIC_0009115,0,134.61612086429716,0.03703947850124246,ISIC_0009115,40de804cffedd67035a6acf27d85f24d0a58d65f96f5e93eee43a80397f39909,0.8351519230284423,0.8351519230284423,0.0,0.0,0.07312298566102982,0.07312298566102982,0.0733748331361993,0.0733748331361993,cuda_FP32_original_batch_present,canonical_letterbox_valid,3d99874f14ae5f316eec36e21141043d75bd4fd17ccfb31e3174198dee269596,5243f8a644433d18a875aa0911b572dfd626eda1814e44476f9aab2a63088e54,0.4494478106498718,complete_logit_interpolation,0,6096384,0.9998937037168267,0,762021,0.12499557114512472,9a0546bc2290b939da02fe3c9b40acc8f1411756c767c361084cb447de37a923,RSI-TailProbe-20261004,0.8352260768906974,912256,0.14963886789283615,2,55ddd9f69fc3c10470dbef2a,0.0,0,0.0,U-Mean-logit-alpha-0.000000,17,ISIC_0009115_A01_T3_S2_55ddd9f69fc3c10470dbef2a.png,S2,0.9089308381080627,0.9086112741175968,T3,val,M,1703ca22a1c39afeca05ffd0c12fe01606f41d5af81442d20102f130cc2ca491,d67353b51c7f853c45c0fad75d4336d0d442799627d3e648686eb70a497ad029,0.8351519230284423,T3,761940
0.0,0.0,0.0,,A02,0.04195985570549965,0.04165821114929112,0.5210549825506854,0.33893657623299955,0.6921442394788268,0,5ca3f9fed2a631d522b1bd5334bde7efb3613c82a3aa714d8ae5da962737af8c,0.04195985570549965,0.060430094599723816,0.0,0.060430094599723816,0.9210996627807617,0.0,0.0,02fc8095c431dfc5451811632a802997c5ba97593e8a98ad29eaf0d9e1211df4,complete_update,3634.3956856677014,0.9366477584995153,0.9366477584995153,0.9434301686338407,36086,0,0,59013,0,0,0.0,0.0,0.0,0.006782410134325345,-0.006782410134325345,3cc4737d57e0e3d5a714ac61021ca624e19851ad5b3ab232fe26911cc638021f,ISIC_0009115,0,88.45903006477066,0.024339405424018714,ISIC_0009115,40de804cffedd67035a6acf27d85f24d0a58d65f96f5e93eee43a80397f39909,0.8808442978197158,0.8808442978197158,0.0,0.0,0.060430094599723816,0.060430094599723816,0.06015988067766364,0.06015988067766364,cuda_FP32_original_batch_present,canonical_letterbox_valid,3d99874f14ae5f316eec36e21141043d75bd4fd17ccfb31e3174198dee269596,4c54dd5444e5492da9b8ba2af9260fbd7ab096c24c259124cb090c533ae62a7c,0.4494478106498718,complete_logit_interpolation,0,6096384,0.922557252359187,0,762021,0.12499557114512472,9a0546bc2290b939da02fe3c9b40acc8f1411756c767c361084cb447de37a923,RSI-TailProbe-20261004,0.9511753579382325,739094,0.12123481722936089,2,5667149b9fc3c14011cd70b1,0.0,0,0.0,U-Mean-logit-alpha-0.000000,17,ISIC_0009115_A02_T1_S1_5667149b9fc3c14011cd70b1.png,S1,0.9210996627807617,0.9213384497939638,T1,val,M,1703ca22a1c39afeca05ffd0c12fe01606f41d5af81442d20102f130cc2ca491,d67353b51c7f853c45c0fad75d4336d0d442799627d3e648686eb70a497ad029,0.8808442978197158,T1,703008
0.0,0.0,0.0,,A01,0.02229129709303379,0.021736362329895887,0.6040289387428791,0.38249033795951526,0.816817847014936,0,5ca3f9fed2a631d522b1bd5334bde7efb3613c82a3aa714d8ae5da962737af8c,0.02229129709303379,0.05725296959280968,0.0,0.05725296959280968,0.9077853560447693,0.0,0.0,02fc8095c431dfc5451811632a802997c5ba97593e8a98ad29eaf0d9e1211df4,complete_update,3634.3956856677014,0.9183733217003538,0.9183733217003538,0.9153661441149483,35211,0,0,6890,0,0,0.0,0.0,0.0,-0.003007177585405474,0.003007177585405474,3cc4737d57e0e3d5a714ac61021ca624e19851ad5b3ab232fe26911cc638021f,ISIC_0009190,0,78.2163551783304,0.021521144625715322,ISIC_0009190,bfeba9f8d365652b064ce0f5e0dd91184bbf4f99712b7a8f3f27c2ad2600c66e,0.8490668177157648,0.8490668177157648,0.0,0.0,0.05725296959280968,0.05725296959280968,0.056394292912758236,0.056394292912758236,cuda_FP32_original_batch_present,canonical_letterbox_valid,3d99874f14ae5f316eec36e21141043d75bd4fd17ccfb31e3174198dee269596,6bf85da062fae52a8733bfdc53381250ce66d017df3f20129634a19dea1a0608,0.38073936104774475,complete_logit_interpolation,0,6096384,0.9717306658679589,0,243727,0.039978944895859576,6c9aab81c7f5185f25df0cf64743faec135176d9b75ed143088d150198cc4463,RSI-TailProbe-20261004,0.8705706345938952,272048,0.04462448559670782,2,55ddd5d59fc3c10470dbed68,0.0,0,0.0,U-Mean-logit-alpha-0.000000,17,ISIC_0009190_A01_T3_S2_55ddd5d59fc3c10470dbed68.png,S2,0.9077853560447693,0.9089477765043794,T3,val,M,1703ca22a1c39afeca05ffd0c12fe01606f41d5af81442d20102f130cc2ca491,d67353b51c7f853c45c0fad75d4336d0d442799627d3e648686eb70a497ad029,0.8490668177157648,T3,236837
0.0,0.0,0.0,,A02,0.012330599129199982,0.01205334029322591,0.7046289328316387,0.34347569018056123,0.9617367432634508,0,5ca3f9fed2a631d522b1bd5334bde7efb3613c82a3aa714d8ae5da962737af8c,0.012330599129199982,0.04171055927872658,0.0,0.04171055927872658,0.9289094805717468,0.0,0.0,02fc8095c431dfc5451811632a802997c5ba97593e8a98ad29eaf0d9e1211df4,complete_update,3634.3956856677014,0.9406297562314428,0.9406297562314428,0.9390137891885891,11024,0,0,17530,0,0,0.0,0.0,0.0,-0.0016159670428537165,0.0016159670428537165,3cc4737d57e0e3d5a714ac61021ca624e19851ad5b3ab232fe26911cc638021f,ISIC_0009190,0,35.785469621978535,0.009846332847878704,ISIC_0009190,bfeba9f8d365652b064ce0f5e0dd91184bbf4f99712b7a8f3f27c2ad2600c66e,0.8879140808083187,0.8879140808083187,0.0,0.0,0.04171055927872658,0.04171055927872658,0.04152381875623251,0.04152381875623251,cuda_FP32_original_batch_present,canonical_letterbox_valid,3d99874f14ae5f316eec36e21141043d75bd4fd17ccfb31e3174198dee269596,7d613d92647e3d3d14c348150a4136e025feac3302b30d501bdc039c1941e356,0.38073936104774475,complete_logit_interpolation,0,6096384,0.928075264537782,0,243727,0.039978944895859576,6c9aab81c7f5185f25df0cf64743faec135176d9b75ed143088d150198cc4463,RSI-TailProbe-20261004,0.953528566189334,237221,0.03891175490257832,2,5661c95f9fc3c147bbd69df8,0.0,0,0.0,U-Mean-logit-alpha-0.000000,17,ISIC_0009190_A02_T1_S1_5661c95f9fc3c147bbd69df8.png,S1,0.9289094805717468,0.9290057027807609,T1,val,M,1703ca22a1c39afeca05ffd0c12fe01606f41d5af81442d20102f130cc2ca491,d67353b51c7f853c45c0fad75d4336d0d442799627d3e648686eb70a497ad029,0.8879140808083187,T1,226197
0.0,0.0,0.0,,A01,0.026318958029150963,0.026245801674026847,0.4605873003985787,0.2655717031443483,0.7426899752547863,0,5ca3f9fed2a631d522b1bd5334bde7efb3613c82a3aa714d8ae5da962737af8c,0.026318958029150963,0.08125441521406174,0.0,0.08125441521406174,0.863810122013092,0.0,0.0,02fc8095c431dfc5451811632a802997c5ba97593e8a98ad29eaf0d9e1211df4,complete_update,3634.3956856677014,0.8646133498988037,0.8646133498988037,0.8727077833138138,33352,0,0,429,0,0,0.0,0.0,0.0,0.00809443341501015,-0.00809443341501015,3cc4737d57e0e3d5a714ac61021ca624e19851ad5b3ab232fe26911cc638021f,ISIC_0009202,0,152.7730256221256,0.042035330997279276,ISIC_0009202,6751b410f900252ff86a8430c527b46a9cf84345e440ccbb250ddff2faaadcb5,0.7615144583756919,0.7615144583756919,0.0,0.0,0.08125441521406174,0.08125441521406174,0.082562838517486,0.082562838517486,cuda_FP32_original_batch_present,canonical_letterbox_valid,3d99874f14ae5f316eec36e21141043d75bd4fd17ccfb31e3174198dee269596,3619c7301aaf00e77af9d4e0bf57ae3813e76b7e847cc2e9c2665a9be4fe469f,0.3754996359348297,complete_logit_interpolation,0,6096384,0.9960386348526261,0,108296,0.017763972873099856,e8efeeafc4fbba38c7fe0dfc3d68ad411cd3fdb0e03b6623de936551e5b78318,RSI-TailProbe-20261004,0.7638278135378384,141219,0.023164387282690855,2,55ddd4619fc3c10470dbed20,0.0,0,0.0,U-Mean-logit-alpha-0.000000,17,ISIC_0009202_A01_T3_S2_55ddd4619fc3c10470dbed20.png,S2,0.863810122013092,0.8611201246390549,T3,val,M,1703ca22a1c39afeca05ffd0c12fe01606f41d5af81442d20102f130cc2ca491,d67353b51c7f853c45c0fad75d4336d0d442799627d3e648686eb70a497ad029,0.7615144583756919,T3,107867
0.0,0.0,0.0,,A05,0.005094925407320261,0.004919824085352963,0.8645924561454004,0.6411490858284467,1.0,0,5ca3f9fed2a631d522b1bd5334bde7efb3613c82a3aa714d8ae5da962737af8c,0.005094925407320261,0.032154280692338943,0.0,0.032154280692338943,0.9407863616943359,0.0,0.0,02fc8095c431dfc5451811632a802997c5ba97593e8a98ad29eaf0d9e1211df4,complete_update,3634.3956856677014,0.9485149268645495,0.9485149268645495,0.9445061356621245,2193,0,0,8627,0,0,0.0,0.0,0.0,-0.004008791202425033,0.004008791202425033,3cc4737d57e0e3d5a714ac61021ca624e19851ad5b3ab232fe26911cc638021f,ISIC_0009202,0,23.08679276123039,0.006352305791104016,ISIC_0009202,6751b410f900252ff86a8430c527b46a9cf84345e440ccbb250ddff2faaadcb5,0.9020716994451936,0.9020716994451936,0.0,0.0,0.032154280692338943,0.032154280692338943,0.032404167471698164,0.032404167471698164,cuda_FP32_original_batch_present,canonical_letterbox_valid,3d99874f14ae5f316eec36e21141043d75bd4fd17ccfb31e3174198dee269596,d25e57ea5ef2b58dc5e13c00555498199a888ab2c5f80167881a3346d5f0d0a0,0.3754996359348297,complete_logit_interpolation,0,6096384,0.9203387013370762,0,108296,0.017763972873099856,e8efeeafc4fbba38c7fe0dfc3d68ad411cd3fdb0e03b6623de936551e5b78318,RSI-TailProbe-20261004,0.9784708723567179,101862,0.016708593159486015,2,5668a1c59fc3c14011cd7708,0.0,0,0.0,U-Mean-logit-alpha-0.000000,17,ISIC_0009202_A05_T1_S1_5668a1c59fc3c14011cd7708.png,S1,0.9407863616943359,0.9401114891419566,T1,val,M,1703ca22a1c39afeca05ffd0c12fe01606f41d5af81442d20102f130cc2ca491,d67353b51c7f853c45c0fad75d4336d0d442799627d3e648686eb70a497ad029,0.9020716994451936,T1,99669
0.0,0.0,0.0,,A01,0.03124712035059929,0.031198544450327124,0.39075126046936215,0.1695872392552757,0.7057657957029008,0,5ca3f9fed2a631d522b1bd5334bde7efb3613c82a3aa714d8ae5da962737af8c,0.03124712035059929,0.08468400686979294,0.0,0.08468400686979294,0.8618791103363037,0.0,0.0,02fc8095c431dfc5451811632a802997c5ba97593e8a98ad29eaf0d9e1211df4,complete_update,3634.3956856677014,0.8617142724686057,0.8617142724686057,0.8650816120179113,47584,0,0,142,0,0,0.0,0.0,0.0,0.0033673395493056812,-0.0033673395493056812,3cc4737d57e0e3d5a714ac61021ca624e19851ad5b3ab232fe26911cc638021f,ISIC_0009350,0,114.96347115664983,0.03163207341732496,ISIC_0009350,2d689be4024e8148a81d0499f4fd255fdadcc8476cb935fbc7ffd92a84acf13f,0.7570280920041135,0.7570280920041135,0.0,0.0,0.08468400686979294,0.08468400686979294,0.0853951048739481,0.0853951048739481,cuda_FP32_original_batch_present,canonical_letterbox_valid,3d99874f14ae5f316eec36e21141043d75bd4fd17ccfb31e3174198dee269596,44c7a96585d5bf75a9db0f0e9cc5d579f8318a2e66f458dfbe9ef35448f181e4,0.35486483573913574,complete_logit_interpolation,0,6096384,0.9990459682078983,0,148842,0.024414800642479213,ad7002af6e93dc259c26ea97c31161c35bc370bb9bd1da5a6c82573e0852b9f1,RSI-TailProbe-20261004,0.7575757575757576,196284,0.032196790753338374,2,55ddc9f89fc3c10470dbe94e,0.0,0,0.0,U-Mean-logit-alpha-0.000000,17,ISIC_0009350_A01_T3_S2_55ddc9f89fc3c10470dbe94e.png,S2,0.8618791103363037,0.8604083347024309,T3,val,M,1703ca22a1c39afeca05ffd0c12fe01606f41d5af81442d20102f130cc2ca491,d67353b51c7f853c45c0fad75d4336d0d442799627d3e648686eb70a497ad029,0.7570280920041135,T3,148700
0.0,0.0,0.0,,A02,0.006041478831321001,0.006166645797488089,0.8689983530866879,0.5809202745570502,1.0,0,5ca3f9fed2a631d522b1bd5334bde7efb3613c82a3aa714d8ae5da962737af8c,0.006041478831321001,0.029394125565886497,0.0,0.029394125565886497,0.9472532272338867,0.0,0.0,02fc8095c431dfc5451811632a802997c5ba97593e8a98ad29eaf0d9e1211df4,complete_update,3634.3956856677014,0.9529210435896495,0.9529210435896495,0.9525427447747151,8101,0,0,6012,0,0,0.0,0.0,0.0,-0.00037829881493434137,0.00037829881493434137,3cc4737d57e0e3d5a714ac61021ca624e19851ad5b3ab232fe26911cc638021f,ISIC_0009350,0,21.93171219946131,0.006034486637200615,ISIC_0009350,2d689be4024e8148a81d0499f4fd255fdadcc8476cb935fbc7ffd92a84acf13f,0.9100756325544943,0.9100756325544943,0.0,0.0,0.029394125565886497,0.029394125565886497,0.030602475875259293,0.030602475875259293,cuda_FP32_original_batch_present,canonical_letterbox_valid,3d99874f14ae5f316eec36e21141043d75bd4fd17ccfb31e3174198dee269596,7f479676aa22623b92f6b85384eb1ad9c6f1115cd483cc5dfa2d648b6969baf5,0.35486483573913574,complete_logit_interpolation,0,6096384,0.9596081751118636,0,148842,0.024414800642479213,ad7002af6e93dc259c26ea97c31161c35bc370bb9bd1da5a6c82573e0852b9f1,RSI-TailProbe-20261004,0.9463264670611073,150931,0.024757462784496514,2,5661d0ff9fc3c147bbd69ff6,0.0,0,0.0,U-Mean-logit-alpha-0.000000,17,ISIC_0009350_A02_T1_S1_5661d0ff9fc3c147bbd69ff6.png,S1,0.9472532272338867,0.9449616940469695,T1,val,M,1703ca22a1c39afeca05ffd0c12fe01606f41d5af81442d20102f130cc2ca491,d67353b51c7f853c45c0fad75d4336d0d442799627d3e648686eb70a497ad029,0.9100756325544943,T1,142830
0.0,0.0,0.0,,A01,0.0292623620480299,0.029192556662858027,0.47093008273407677,0.272623185682747,0.6870335751104263,0,5ca3f9fed2a631d522b1bd5334bde7efb3613c82a3aa714d8ae5da962737af8c,0.0292623620480299,0.07721802592277527,0.0,0.07721802592277527,0.8748263120651245,0.0,0.0,02fc8095c431dfc5451811632a802997c5ba97593e8a98ad29eaf0d9e1211df4,complete_update,3634.3956856677014,0.8803763922214661,0.8803763922214661,0.8808695222656794,48369,0,0,5075,0,0,0.0,0.0,0.0,0.0004931300442132525,-0.0004931300442132525,3cc4737d57e0e3d5a714ac61021ca624e19851ad5b3ab232fe26911cc638021f,ISIC_0009354,0,99.54971345531014,0.027390994835231084,ISIC_0009354,be7b0f14f56741f8c32fc72cbb50fecb4c7993d9aa2c1f3915e72300ad25f944,0.786314602608494,0.786314602608494,0.0,0.0,0.07721802592277527,0.07721802592277527,0.07784947123653779,0.07784947123653779,cuda_FP32_original_batch_present,canonical_letterbox_valid,3d99874f14ae5f316eec36e21141043d75bd4fd17ccfb31e3174198dee269596,eaf8573433f4a3e62882d3e54e74a725cb6acce14af1971976a61d96700efe5c,0.41460391879081726,complete_logit_interpolation,0,6096384,0.97484348433852,0,201737,0.03309125540648358,0cd3d851998d73e4616a6fc96d2b9d9a46d68efd436dd2f674ff325c2562ed02,RSI-TailProbe-20261004,0.8026004872852822,245031,0.04019284218316956,2,55ddc9c79fc3c10470dbe936,0.0,0,0.0,U-Mean-logit-alpha-0.000000,17,ISIC_0009354_A01_T3_S2_55ddc9c79fc3c10470dbe936.png,S2,0.8748263120651245,0.8734936141897824,T3,val,M,1703ca22a1c39afeca05ffd0c12fe01606f41d5af81442d20102f130cc2ca491,d67353b51c7f853c45c0fad75d4336d0d442799627d3e648686eb70a497ad029,0.786314602608494,T3,196662
0.0,0.0,0.0,,A02,0.10645168274641037,0.10620770864858037,0.0,0.0,0.03648934304413245,0,5ca3f9fed2a631d522b1bd5334bde7efb3613c82a3aa714d8ae5da962737af8c,0.10645168274641037,0.18691089749336243,0.0,0.18691089749336243,0.7326298952102661,0.0,0.0,02fc8095c431dfc5451811632a802997c5ba97593e8a98ad29eaf0d9e1211df4,complete_update,3634.3956856677014,0.7315527141720048,0.7315527141720048,0.7283848065188664,148057,0,0,0,0,0,0.0,0.0,0.0,-0.0031679076531384576,0.0031679076531384576,3cc4737d57e0e3d5a714ac61021ca624e19851ad5b3ab232fe26911cc638021f,ISIC_0009354,0,148.13552906555515,0.04075932888918232,ISIC_0009354,be7b0f14f56741f8c32fc72cbb50fecb4c7993d9aa2c1f3915e72300ad25f944,0.5767308758869506,0.5767308758869506,0.0,0.0,0.18691089749336243,0.18691089749336243,0.18700804845717908,0.18700804845717908,cuda_FP32_original_batch_present,canonical_letterbox_valid,3d99874f14ae5f316eec36e21141043d75bd4fd17ccfb31e3174198dee269596,40647a09d958642ce6c1894c2afa732fed5ffa11da422e96a46ad27c858dae16,0.41460391879081726,complete_logit_interpolation,0,6096384,1.0,0,201737,0.03309125540648358,0cd3d851998d73e4616a6fc96d2b9d9a46d68efd436dd2f674ff325c2562ed02,RSI-TailProbe-20261004,0.5767308758869506,349794,0.05737729119425548,2,56683fea9fc3c14011cd73ae,0.0,0,0.0,U-Mean-logit-alpha-0.000000,17,ISIC_0009354_A02_T1_S1_56683fea9fc3c14011cd73ae.png,S1,0.7326298952102661,0.7321916117342222,T1,val,M,1703ca22a1c39afeca05ffd0c12fe01606f41d5af81442d20102f130cc2ca491,d67353b51c7f853c45c0fad75d4336d0d442799627d3e648686eb70a497ad029,0.0,T1,201737
0.0,0.0,0.0,,A01,0.1181415319442749,0.11694798164798506,0.1746402415265581,0.11408612383858402,0.28395057824215647,0,5ca3f9fed2a631d522b1bd5334bde7efb3613c82a3aa714d8ae5da962737af8c,0.1181415319442749,0.3540406823158264,0.0,0.3540406823158264,0.41006016731262207,0.0,0.0,02fc8095c431dfc5451811632a802997c5ba97593e8a98ad29eaf0d9e1211df4,complete_update,3634.3956856677014,0.41033713658504195,0.41033713658504195,0.4171997830876637,77717,0,0,73242,0,0,0.0,0.0,0.0,0.00686264650262175,-0.00686264650262175,3cc4737d57e0e3d5a714ac61021ca624e19851ad5b3ab232fe26911cc638021f,ISIC_0009645,0,592.3067915448269,0.1629725662179818,ISIC_0009645,ad8ea49cfce5bf8076064a018e4110b49bf7790bf1c827f81676ef1028d208ea,0.2581284032159777,0.2581284032159777,0.0,0.0,0.3540406823158264,0.3540406823158264,0.353894144080146,0.353894144080146,cuda_FP32_original_batch_present,canonical_letterbox_valid,3d99874f14ae5f316eec36e21141043d75bd4fd17ccfb31e3174198dee269596,528ccc4b92902ddd72d0cc6a4c5094c3d3b38b7cb880a56f024d744e123b901f,0.3204098045825958,complete_logit_interpolation,0,6096384,0.41763737705439424,0,125767,0.020629770040732343,32703d0f736d3037ffa7e5c43b7359739f9598c5e53e40197bc5281433f0c0bc,RSI-TailProbe-20261004,0.4032877259255847,130242,0.021363811728395063,2,55dcb8c79fc3c10470dbd54f,0.0,0,0.0,U-Mean-logit-alpha-0.000000,17,ISIC_0009645_A01_T3_S2_55dcb8c79fc3c10470dbd54f.png,S2,0.41006016731262207,0.409159693487693,T3,val,M,1703ca22a1c39afeca05ffd0c12fe01606f41d5af81442d20102f130cc2ca491,d67353b51c7f853c45c0fad75d4336d0d442799627d3e648686eb70a497ad029,0.0,T3,52525
0.0,0.0,0.0,,A02,0.07149189710617065,0.070853966122215,0.06940909865218536,0.035126010994727015,0.17636283645962486,0,5ca3f9fed2a631d522b1bd5334bde7efb3613c82a3aa714d8ae5da962737af8c,0.07149189710617065,0.34925052523612976,0.0,0.34925052523612976,0.37299081683158875,0.0,0.0,02fc8095c431dfc5451811632a802997c5ba97593e8a98ad29eaf0d9e1211df4,complete_update,3634.3956856677014,0.3755093736046978,0.3755093736046978,0.3822017603249831,17946,0,0,92547,0,0,0.0,0.0,0.0,0.0066923867202852705,-0.0066923867202852705,3cc4737d57e0e3d5a714ac61021ca624e19851ad5b3ab232fe26911cc638021f,ISIC_0009645,0,1160.309699073439,0.31925794531650453,ISIC_0009645,ad8ea49cfce5bf8076064a018e4110b49bf7790bf1c827f81676ef1028d208ea,0.2311551494993494,0.2311551494993494,0.0,0.0,0.34925052523612976,0.34925052523612976,0.349322434975161,0.349322434975161,cuda_FP32_original_batch_present,canonical_letterbox_valid,3d99874f14ae5f316eec36e21141043d75bd4fd17ccfb31e3174198dee269596,0adc6a1584e364d0469162c3aa1fac9df5ccb65d1f4b6841563d65499592dc36,0.3204098045825958,complete_logit_interpolation,0,6096384,0.2641392416134598,0,125767,0.020629770040732343,32703d0f736d3037ffa7e5c43b7359739f9598c5e53e40197bc5281433f0c0bc,RSI-TailProbe-20261004,0.6492592737364656,51166,0.00839284402032418,2,5666f58d9fc3c14011cd6e7d,0.0,0,0.0,U-Mean-logit-alpha-0.000000,17,ISIC_0009645_A02_T1_S1_5666f58d9fc3c14011cd6e7d.png,S1,0.37299081683158875,0.372209096171893,T1,val,M,1703ca22a1c39afeca05ffd0c12fe01606f41d5af81442d20102f130cc2ca491,d67353b51c7f853c45c0fad75d4336d0d442799627d3e648686eb70a497ad029,0.0,T1,33220
0.0,0.0,0.0,,A01,0.015305083245038986,0.014658133390792697,0.7055677345781917,0.46004253958420843,0.8884806431041242,0,5ca3f9fed2a631d522b1bd5334bde7efb3613c82a3aa714d8ae5da962737af8c,0.015305083245038986,0.05399247258901596,0.0,0.05399247258901596,0.9073201417922974,0.0,0.0,02fc8095c431dfc5451811632a802997c5ba97593e8a98ad29eaf0d9e1211df4,complete_update,5147.6254720016295,0.9141340677050711,0.9141340677050711,0.9166225885539335,46479,0,0,3284,0,0,0.0,0.0,0.0,0.002488520848862419,-0.002488520848862419,000265748d489c3d0095524194958fe61fe914509d0aca373da78957be3a3502,ISIC_0009674,0,84.12488697033801,0.016342464584476937,ISIC_0009674,76e1617a222f8a54c3157d85c8df5db312d10ef46fe506da7ac3c6b15b4649d2,0.8418480039916988,0.8418480039916988,0.0,0.0,0.05399247258901596,0.05399247258901596,0.05324795170602664,0.05324795170602664,cuda_FP32_original_batch_present,canonical_letterbox_valid,3d99874f14ae5f316eec36e21141043d75bd4fd17ccfb31e3174198dee269596,55c379956440cbb4391dd45d9787ec1c95ced451c11b7579e9b2417391eb5a07,0.46543198823928833,complete_logit_interpolation,0,12212224,0.987754219275545,0,268174,0.02195947273813517,f7e6e59a08d7f9b37e73626eef0b8d74a3468e3fc3c2236d27f46232c16ae68e,RSI-TailProbe-20261004,0.8507269509809904,311369,0.025496502520752976,2,55dcb75d9fc3c10470dbd453,0.0,0,0.0,U-Mean-logit-alpha-0.000000,17,ISIC_0009674_A01_T3_S2_55dcb75d9fc3c10470dbd453.png,S2,0.9073201417922974,0.9081622299787394,T3,val,M,1703ca22a1c39afeca05ffd0c12fe01606f41d5af81442d20102f130cc2ca491,d67353b51c7f853c45c0fad75d4336d0d442799627d3e648686eb70a497ad029,0.8418480039916988,T3,264890
0.0,0.0,0.0,,A02,0.008801410906016827,0.008161012196632945,0.7959895226844034,0.6092504613837288,0.9910471018021304,0,5ca3f9fed2a631d522b1bd5334bde7efb3613c82a3aa714d8ae5da962737af8c,0.008801410906016827,0.037302736192941666,0.0,0.037302736192941666,0.9341959357261658,0.0,0.0,02fc8095c431dfc5451811632a802997c5ba97593e8a98ad29eaf0d9e1211df4,complete_update,5147.6254720016295,0.9425040053309892,0.9425040053309892,0.9431088240602781,30171,0,0,2271,0,0,0.0,0.0,0.0,0.0006048187292888585,-0.0006048187292888585,000265748d489c3d0095524194958fe61fe914509d0aca373da78957be3a3502,ISIC_0009674,0,44.97105709582222,0.00873627215896409,ISIC_0009674,76e1617a222f8a54c3157d85c8df5db312d10ef46fe506da7ac3c6b15b4649d2,0.8912601183193953,0.8912601183193953,0.0,0.0,0.037302736192941666,0.037302736192941666,0.03650917991354349,0.03650917991354349,cuda_FP32_original_batch_present,canonical_letterbox_valid,3d99874f14ae5f316eec36e21141043d75bd4fd17ccfb31e3174198dee269596,fc9e032b156e85a2cabb60b3b2f25e727065a7e45c324b1e698a1e3a5d68d7ab,0.46543198823928833,complete_logit_interpolation,0,12212224,0.9915316175319009,0,268174,0.02195947273813517,f7e6e59a08d7f9b37e73626eef0b8d74a3468e3fc3c2236d27f46232c16ae68e,RSI-TailProbe-20261004,0.8980964218404858,296074,0.024244068893593828,2,567418659fc3c16581746691,0.0,0,0.0,U-Mean-logit-alpha-0.000000,17,ISIC_0009674_A02_T1_S1_567418659fc3c16581746691.png,S1,0.9341959357261658,0.935142652369546,T1,val,M,1703ca22a1c39afeca05ffd0c12fe01606f41d5af81442d20102f130cc2ca491,d67353b51c7f853c45c0fad75d4336d0d442799627d3e648686eb70a497ad029,0.8912601183193953,T1,265903
0.0,0.0,0.0,,A01,0.014644228853285313,0.014448256750298573,0.5194250579632901,0.18410470778503443,0.7969684882329476,0,5ca3f9fed2a631d522b1bd5334bde7efb3613c82a3aa714d8ae5da962737af8c,0.014644228853285313,0.1342555433511734,0.0,0.1342555433511734,0.7461331486701965,0.0,0.0,02fc8095c431dfc5451811632a802997c5ba97593e8a98ad29eaf0d9e1211df4,complete_update,5147.6254720016295,0.7466075156576201,0.7466075156576201,0.7612508973108285,27132,0,0,56,0,0,0.0,0.0,0.0,0.014643381653208443,-0.014643381653208443,000265748d489c3d0095524194958fe61fe914509d0aca373da78957be3a3502,ISIC_0009843,0,102.85912696499032,0.01998185911629543,ISIC_0009843,af90223165b6e7db8bd4c39ccd59519f2d0f73beeb7629d0bfd1d7d98a853287,0.5956693733083489,0.5956693733083489,0.0,0.0,0.1342555433511734,0.1342555433511734,0.13566836194423054,0.13566836194423054,cuda_FP32_original_batch_present,canonical_letterbox_valid,3d99874f14ae5f316eec36e21141043d75bd4fd17ccfb31e3174198dee269596,addbbef1f68b52557225bd358a5277b141a3cc8dd79dfb5d8d871826d01ee50a,0.2160571962594986,complete_logit_interpolation,0,12212224,0.9986038394415357,0,40110,0.00328441404284756,de09102f2e9a60125ff4fa05b382ff61ef780e839b4cb32a7c86a8e7468d34bb,RSI-TailProbe-20261004,0.5961658678891436,67186,0.005501536820811672,2,55dca8fc9fc3c10470dbcf2b,0.0,0,0.0,U-Mean-logit-alpha-0.000000,17,ISIC_0009843_A01_T3_S2_55dca8fc9fc3c10470dbcf2b.png,S2,0.7461331486701965,0.7431115328618375,T3,val,M,1703ca22a1c39afeca05ffd0c12fe01606f41d5af81442d20102f130cc2ca491,d67353b51c7f853c45c0fad75d4336d0d442799627d3e648686eb70a497ad029,0.0,T3,40054
0.0,0.0,0.0,,A02,0.0018194857984781265,0.0018123618999978434,1.0,0.6626926991243827,1.0,0,5ca3f9fed2a631d522b1bd5334bde7efb3613c82a3aa714d8ae5da962737af8c,0.0018194857984781265,0.041659023612737656,0.0,0.041659023612737656,0.9185014367103577,0.0,0.0,02fc8095c431dfc5451811632a802997c5ba97593e8a98ad29eaf0d9e1211df4,complete_update,5147.6254720016295,0.9271567640147701,0.9271567640147701,0.9348056476701652,6232,0,0,61,0,0,0.0,0.0,0.0,0.007648883655395067,-0.007648883655395067,000265748d489c3d0095524194958fe61fe914509d0aca373da78957be3a3502,ISIC_0009843,0,19.924858845171276,0.0038706893019984203,ISIC_0009843,af90223165b6e7db8bd4c39ccd59519f2d0f73beeb7629d0bfd1d7d98a853287,0.8642052565707133,0.8642052565707133,0.0,0.0,0.041659023612737656,0.041659023612737656,0.04366192874633215,0.04366192874633215,cuda_FP32_original_batch_present,canonical_letterbox_valid,3d99874f14ae5f316eec36e21141043d75bd4fd17ccfb31e3174198dee269596,00a331f47758209c685efce58630e14d9cd4de935d72d865130db00680fb8f15,0.2160571962594986,complete_logit_interpolation,0,12212224,0.9984791822488157,0,40110,0.00328441404284756,de09102f2e9a60125ff4fa05b382ff61ef780e839b4cb32a7c86a8e7468d34bb,RSI-TailProbe-20261004,0.8653443097599447,46281,0.003789727407554922,2,5661d65d9fc3c147bbd6a116,0.0,0,0.0,U-Mean-logit-alpha-0.000000,17,ISIC_0009843_A02_T1_S1_5661d65d9fc3c147bbd6a116.png,S1,0.9185014367103577,0.9144885044073335,T1,val,M,1703ca22a1c39afeca05ffd0c12fe01606f41d5af81442d20102f130cc2ca491,d67353b51c7f853c45c0fad75d4336d0d442799627d3e648686eb70a497ad029,0.8642052565707133,T1,40049
0.0,0.0,0.0,,A01,0.03641580417752266,0.03631265036335974,0.38579698957931297,0.17872810217820273,0.6289058061098508,0,5ca3f9fed2a631d522b1bd5334bde7efb3613c82a3aa714d8ae5da962737af8c,0.03641580417752266,0.09262382239103317,0.0,0.09262382239103317,0.851168155670166,0.0,0.0,02fc8095c431dfc5451811632a802997c5ba97593e8a98ad29eaf0d9e1211df4,complete_update,3634.3956856677014,0.8515498963852937,0.8515498963852937,0.8583308289051741,44019,0,0,610,0,0,0.0,0.0,0.0,0.006780932519880434,-0.006780932519880434,3cc4737d57e0e3d5a714ac61021ca624e19851ad5b3ab232fe26911cc638021f,ISIC_0009848,0,98.53369122459952,0.02711143742910788,ISIC_0009848,ec49e35ed8ecc3cc6a7e718943037465d4777db9fb79544ee5088a0144a6ae2a,0.7414774866623028,0.7414774866623028,0.0,0.0,0.09262382239103317,0.09262382239103317,0.09358791248311177,0.09358791248311177,cuda_FP32_original_batch_present,canonical_letterbox_valid,3d99874f14ae5f316eec36e21141043d75bd4fd17ccfb31e3174198dee269596,edc268d7754b50a6719cb2447f13f18656d0f5c91e1d77d346f15a482f09e279,0.40335848927497864,complete_logit_interpolation,0,6096384,0.9952570522190776,0,128612,0.02109644011925758,4eaae8b2733ce71e054b4daf38e12f28897e05c47a5a97433f803f6aa8fbdf95,RSI-TailProbe-20261004,0.7441068241668168,172021,0.02821689053707903,2,55dca8c89fc3c10470dbcf01,0.0,0,0.0,U-Mean-logit-alpha-0.000000,17,ISIC_0009848_A01_T3_S2_55dca8c89fc3c10470dbcf01.png,S2,0.851168155670166,0.8491368253971362,T3,val,M,1703ca22a1c39afeca05ffd0c12fe01606f41d5af81442d20102f130cc2ca491,d67353b51c7f853c45c0fad75d4336d0d442799627d3e648686eb70a497ad029,0.7414774866623028,T3,128002
0.0,0.0,0.0,,A02,0.010428206995129585,0.009809713951089656,0.6938424033443638,0.32632470884978426,1.0,0,5ca3f9fed2a631d522b1bd5334bde7efb3613c82a3aa714d8ae5da962737af8c,0.010428206995129585,0.04117903858423233,0.0,0.04117903858423233,0.9280701279640198,0.0,0.0,02fc8095c431dfc5451811632a802997c5ba97593e8a98ad29eaf0d9e1211df4,complete_update,3634.3956856677014,0.9311790220964041,0.9311790220964041,0.9370532175574867,17879,0,0,986,0,0,0.0,0.0,0.0,0.0058741954610825875,-0.0058741954610825875,3cc4737d57e0e3d5a714ac61021ca624e19851ad5b3ab232fe26911cc638021f,ISIC_0009848,0,25.632011235952593,0.007052619872137986,ISIC_0009848,ec49e35ed8ecc3cc6a7e718943037465d4777db9fb79544ee5088a0144a6ae2a,0.8712207575892035,0.8712207575892035,0.0,0.0,0.04117903858423233,0.04117903858423233,0.0408996171645461,0.0408996171645461,cuda_FP32_original_batch_present,canonical_letterbox_valid,3d99874f14ae5f316eec36e21141043d75bd4fd17ccfb31e3174198dee269596,5a6513fadc4d5fc051af8253edd4c2777b05005ffc150dcbe18c5675ab00eef1,0.40335848927497864,complete_logit_interpolation,0,6096384,0.9923335303082138,0,128612,0.02109644011925758,4eaae8b2733ce71e054b4daf38e12f28897e05c47a5a97433f803f6aa8fbdf95,RSI-TailProbe-20261004,0.8771244974399505,145505,0.02386742698622659,2,5661c1ee9fc3c147bbd69b94,0.0,0,0.0,U-Mean-logit-alpha-0.000000,17,ISIC_0009848_A02_T1_S1_5661c1ee9fc3c147bbd69b94.png,S1,0.9280701279640198,0.9280104796219975,T1,val,M,1703ca22a1c39afeca05ffd0c12fe01606f41d5af81442d20102f130cc2ca491,d67353b51c7f853c45c0fad75d4336d0d442799627d3e648686eb70a497ad029,0.8712207575892035,T1,127626
0.0,0.0,0.0,,A04,0.08605939894914627,0.08524181963684906,0.08910109513346018,0.05213613323678494,0.2749138531077331,0,5ca3f9fed2a631d522b1bd5334bde7efb3613c82a3aa714d8ae5da962737af8c,0.08605939894914627,0.08672887086868286,0.0,0.08672887086868286,0.9126016497612,0.0,0.0,02fc8095c431dfc5451811632a802997c5ba97593e8a98ad29eaf0d9e1211df4,complete_update,1280.0,0.9180372008682034,0.9180372008682034,0.9195926407567752,29832,0,0,0,0,0,0.0,0.0,0.0,0.0015554398885717635,-0.0015554398885717635,16ba82c3443a91e7ff00c064a383f9a34c4a1ca7442e3e16be9e626b3f183f98,ISIC_0009942,0,40.602332631200845,0.03172057236812566,ISIC_0009942,cb3c7f5f7b3c06bd6dc0ca33a0b9f52acc745e98c87ff8d1aac3b9e57f8e9e39,0.8484923895764876,0.8484923895764876,0.0,0.0,0.08672887086868286,0.08672887086868286,0.0861519351202839,0.0861519351202839,cuda_FP32_original_batch_present,canonical_letterbox_valid,3d99874f14ae5f316eec36e21141043d75bd4fd17ccfb31e3174198dee269596,928ac24aed8f15dff7a3b2728b4c3c2d137417a5c871bfa01035c8ff4580e737,0.5770602822303772,complete_logit_interpolation,0,786432,1.0,0,167069,0.21243921915690103,f360710086078905bf52687979f4f264b0686bdff8da76785aef6e884add9302,RSI-TailProbe-20261004,0.8484923895764876,196901,0.25037256876627606,2,5592f1f09fc3c13155145c90,0.0,0,0.0,U-Mean-logit-alpha-0.000000,17,ISIC_0009942_A04_T1_S1_5592f1f09fc3c13155145c90.png,S1,0.9126016497612,0.9129379493962813,T1,val,M,1703ca22a1c39afeca05ffd0c12fe01606f41d5af81442d20102f130cc2ca491,d67353b51c7f853c45c0fad75d4336d0d442799627d3e648686eb70a497ad029,0.8484923895764876,T1,167069
0.0,0.0,0.0,,A06,0.06846775114536285,0.0670743895093439,0.17918874456907938,0.0785360274494853,0.4178486228734702,0,5ca3f9fed2a631d522b1bd5334bde7efb3613c82a3aa714d8ae5da962737af8c,0.06846775114536285,0.0740182176232338,0.0,0.0740182176232338,0.9204313158988953,0.0,0.0,02fc8095c431dfc5451811632a802997c5ba97593e8a98ad29eaf0d9e1211df4,complete_update,1280.0,0.937812326485286,0.937812326485286,0.9371726118180516,3188,0,0,16748,0,0,0.0,0.0,0.0,-0.0006397146672344478,0.0006397146672344478,16ba82c3443a91e7ff00c064a383f9a34c4a1ca7442e3e16be9e626b3f183f98,ISIC_0009942,0,23.345235059857504,0.018238464890513676,ISIC_0009942,cb3c7f5f7b3c06bd6dc0ca33a0b9f52acc745e98c87ff8d1aac3b9e57f8e9e39,0.882906429691584,0.882906429691584,0.0,0.0,0.0740182176232338,0.0740182176232338,0.073012156226865,0.073012156226865,cuda_FP32_original_batch_present,canonical_letterbox_valid,3d99874f14ae5f316eec36e21141043d75bd4fd17ccfb31e3174198dee269596,dc0289db1b72c55aedd0b741de853b1b02d7052fbeff38c98b1f031fa87ac4c1,0.5770602822303772,complete_logit_interpolation,0,786432,0.8997539938588248,0,167069,0.21243921915690103,f360710086078905bf52687979f4f264b0686bdff8da76785aef6e884add9302,RSI-TailProbe-20261004,0.9792324879974464,153509,0.19519678751627603,2,568bb8989fc3c126c063ff6a,0.0,0,0.0,U-Mean-logit-alpha-0.000000,17,ISIC_0009942_A06_T1_S1_568bb8989fc3c126c063ff6a.png,S1,0.9204313158988953,0.9210500770556139,T1,val,M,1703ca22a1c39afeca05ffd0c12fe01606f41d5af81442d20102f130cc2ca491,d67353b51c7f853c45c0fad75d4336d0d442799627d3e648686eb70a497ad029,0.882906429691584,T1,150321
0.0,0.0,0.0,,A04,0.48688194155693054,0.48713188223027176,0.008998015965423774,0.006094282129413874,0.02126828421372455,0,5ca3f9fed2a631d522b1bd5334bde7efb3613c82a3aa714d8ae5da962737af8c,0.48688194155693054,0.3802083730697632,0.0,0.3802083730697632,0.7264651656150818,0.0,0.0,02fc8095c431dfc5451811632a802997c5ba97593e8a98ad29eaf0d9e1211df4,complete_update,1280.0,0.724070967553618,0.724070967553618,0.7435714323499384,6,0,0,160697,0,0,0.0,0.0,0.0,0.019500464796320394,-0.019500464796320394,16ba82c3443a91e7ff00c064a383f9a34c4a1ca7442e3e16be9e626b3f183f98,ISIC_0010038,0,134.62800596022603,0.10517812965642659,ISIC_0010038,61e6f469f1c0a1d27447f0a9e1827600b4842d731f27482f9553fa28dd0aa0ad,0.5674852982734723,0.5674852982734723,0.0,0.0,0.3802083730697632,0.3802083730697632,0.38047524504235486,0.38047524504235486,cuda_FP32_original_batch_present,canonical_letterbox_valid,3d99874f14ae5f316eec36e21141043d75bd4fd17ccfb31e3174198dee269596,4a2de31aaa4fa351b31488130b047c9a690a56ef4d49257430175f055178fa11,0.36233681440353394,complete_logit_interpolation,0,786432,0.5674944623723923,0,371549,0.47244898478190106,a491ecbe8b963595b7a7ecb09621e3a3840ce9c4b54393235a1e6a3e1467d8a7,RSI-TailProbe-20261004,0.9999715448311186,210858,0.26811981201171875,2,559452be9fc3c13155bcaf49,0.0,0,0.0,U-Mean-logit-alpha-0.000000,17,ISIC_0010038_A04_T3_S2_559452be9fc3c13155bcaf49.png,S2,0.7264651656150818,0.7261813921455621,T3,val,M,1703ca22a1c39afeca05ffd0c12fe01606f41d5af81442d20102f130cc2ca491,d67353b51c7f853c45c0fad75d4336d0d442799627d3e648686eb70a497ad029,0.0,T3,210852
0.0,0.0,0.0,,A06,0.2012619972229004,0.20192608002640489,0.23831289345778023,0.14648133142180392,0.36866702591485817,0,5ca3f9fed2a631d522b1bd5334bde7efb3613c82a3aa714d8ae5da962737af8c,0.2012619972229004,0.15724241733551025,0.0,0.15724241733551025,0.8867771625518799,0.0,0.0,02fc8095c431dfc5451811632a802997c5ba97593e8a98ad29eaf0d9e1211df4,complete_update,1280.0,0.9051979755279725,0.9051979755279725,0.8928070526948507,63025,0,0,12237,0,0,0.0,0.0,0.0,-0.01239092283312182,0.01239092283312182,16ba82c3443a91e7ff00c064a383f9a34c4a1ca7442e3e16be9e626b3f183f98,ISIC_0010038,0,77.51773883145329,0.06056073346207288,ISIC_0010038,61e6f469f1c0a1d27447f0a9e1827600b4842d731f27482f9553fa28dd0aa0ad,0.8268143055037808,0.8268143055037808,0.0,0.0,0.15724241733551025,0.15724241733551025,0.1576932321287252,0.1576932321287252,cuda_FP32_original_batch_present,canonical_letterbox_valid,3d99874f14ae5f316eec36e21141043d75bd4fd17ccfb31e3174198dee269596,fb114e43c2e27615ff07ece0c53b1790936109d72d37a22bb3400b454ccedba0,0.36233681440353394,complete_logit_interpolation,0,786432,0.9670649093390105,0,371549,0.47244898478190106,a491ecbe8b963595b7a7ecb09621e3a3840ce9c4b54393235a1e6a3e1467d8a7,RSI-TailProbe-20261004,0.8507708299296534,422337,0.5370292663574219,2,55ddf5f99fc3c10470dbf968,0.0,0,0.0,U-Mean-logit-alpha-0.000000,17,ISIC_0010038_A06_T1_S1_55ddf5f99fc3c10470dbf968.png,S1,0.8867771625518799,0.8865396157689545,T1,val,M,1703ca22a1c39afeca05ffd0c12fe01606f41d5af81442d20102f130cc2ca491,d67353b51c7f853c45c0fad75d4336d0d442799627d3e648686eb70a497ad029,0.8268143055037808,T1,359312
0.0,0.0,0.0,,A04,0.1269087791442871,0.12551837533868523,0.4243753023792101,0.33520728447289927,0.5709198597409204,0,5ca3f9fed2a631d522b1bd5334bde7efb3613c82a3aa714d8ae5da962737af8c,0.1269087791442871,0.08929428458213806,0.0,0.08929428458213806,0.948320209980011,0.0,0.0,02fc8095c431dfc5451811632a802997c5ba97593e8a98ad29eaf0d9e1211df4,complete_update,1280.0,0.9655319318680442,0.9655319318680442,0.9659357048479384,12011,0,0,31193,0,0,0.0,0.0,0.0,0.00040377297989424576,-0.00040377297989424576,16ba82c3443a91e7ff00c064a383f9a34c4a1ca7442e3e16be9e626b3f183f98,ISIC_0010139,0,47.01063709417264,0.036727060229822375,ISIC_0010139,d67b5b409587d81e91b56b1f46bf2c615fd04d708c091983c3ccaa91ecf29811,0.9333607886143875,0.9333607886143875,0.0,0.0,0.08929428458213806,0.08929428458213806,0.08845947691392984,0.08845947691392984,cuda_FP32_original_batch_present,canonical_letterbox_valid,3d99874f14ae5f316eec36e21141043d75bd4fd17ccfb31e3174198dee269596,5f07deca3b00e8f0d29167a8922cab8fd9465242206265bd5b80c8030eba3c07,0.41623735427856445,complete_logit_interpolation,0,786432,0.9509787589813866,0,636316,0.8091176350911459,04cdd93a0b1d0badf8c2dd58ca87706f5f5d49a90ab6dc760080044061550a39,RSI-TailProbe-20261004,0.9805374521578782,617134,0.7847264607747396,2,55942a179fc3c131551461b7,0.0,0,0.0,U-Mean-logit-alpha-0.000000,17,ISIC_0010139_A04_T3_S2_55942a179fc3c131551461b7.png,S2,0.948320209980011,0.9485994215108255,T3,val,M,1703ca22a1c39afeca05ffd0c12fe01606f41d5af81442d20102f130cc2ca491,d67353b51c7f853c45c0fad75d4336d0d442799627d3e648686eb70a497ad029,0.9333607886143875,T3,605123
0.0,0.0,0.0,,A06,0.08108776807785034,0.08460466339535745,0.5802639704944671,0.47420254839986353,0.7950710102561022,0,5ca3f9fed2a631d522b1bd5334bde7efb3613c82a3aa714d8ae5da962737af8c,0.08108776807785034,0.06015470623970032,0.0,0.06015470623970032,0.9607783555984497,0.0,0.0,02fc8095c431dfc5451811632a802997c5ba97593e8a98ad29eaf0d9e1211df4,complete_update,1280.0,0.9827902668501627,0.9827902668501627,0.969762730228372,19295,0,0,2889,0,0,0.0,0.0,0.0,-0.01302753662179068,0.01302753662179068,16ba82c3443a91e7ff00c064a383f9a34c4a1ca7442e3e16be9e626b3f183f98,ISIC_0010139,0,24.041630560342615,0.018782523875267666,ISIC_0010139,d67b5b409587d81e91b56b1f46bf2c615fd04d708c091983c3ccaa91ecf29811,0.9661628618189749,0.9661628618189749,0.0,0.0,0.06015470623970032,0.06015470623970032,0.06233195518666907,0.06233195518666907,cuda_FP32_original_batch_present,canonical_letterbox_valid,3d99874f14ae5f316eec36e21141043d75bd4fd17ccfb31e3174198dee269596,03a3ce26434eaf57d049842cc006642331d08175db4deb5c9eec28be8e6238b8,0.41623735427856445,complete_logit_interpolation,0,786432,0.9954598029909667,0,636316,0.8091176350911459,04cdd93a0b1d0badf8c2dd58ca87706f5f5d49a90ab6dc760080044061550a39,RSI-TailProbe-20261004,0.9704391762496132,652722,0.8299789428710938,2,55df16219fc3c10470dc0676,0.0,0,0.0,U-Mean-logit-alpha-0.000000,17,ISIC_0010139_A06_T1_S1_55df16219fc3c10470dc0676.png,S1,0.9607783555984497,0.9599407530220193,T1,val,M,1703ca22a1c39afeca05ffd0c12fe01606f41d5af81442d20102f130cc2ca491,d67353b51c7f853c45c0fad75d4336d0d442799627d3e648686eb70a497ad029,0.9661628618189749,T1,633427
0.0,0.0,0.0,,A04,0.208291694521904,0.2081939005470916,0.17095063239494085,0.11975160529319279,0.2795746526693098,0,5ca3f9fed2a631d522b1bd5334bde7efb3613c82a3aa714d8ae5da962737af8c,0.208291694521904,0.1404147446155548,0.0,0.1404147446155548,0.9274622201919556,0.0,0.0,02fc8095c431dfc5451811632a802997c5ba97593e8a98ad29eaf0d9e1211df4,complete_update,1280.0,0.9340518754809165,0.9340518754809165,0.9307731556515997,68861,0,0,1761,0,0,0.0,0.0,0.0,-0.003278719829316823,0.003278719829316823,16ba82c3443a91e7ff00c064a383f9a34c4a1ca7442e3e16be9e626b3f183f98,ISIC_0010175,0,45.880278987817846,0.03584396795923269,ISIC_0010175,fa6c3349b8c7fc8d0a9a4ecd7ce0cb3aa134ceffb7f9ec633b542845efe9d67a,0.8762639137831648,0.8762639137831648,0.0,0.0,0.1404147446155548,0.1404147446155548,0.14035471284686607,0.14035471284686607,cuda_FP32_original_batch_present,canonical_letterbox_valid,3d99874f14ae5f316eec36e21141043d75bd4fd17ccfb31e3174198dee269596,ce8f4f23164537e504f51ceb172e2db4a510068c088d74b4ff92325100fb367a,0.4823172986507416,complete_logit_interpolation,0,786432,0.9964912350613486,0,501886,0.6381810506184896,6623de38480367e01426f226792034448e9f327048d198e264a29174682a89b3,RSI-TailProbe-20261004,0.8789759326240013,568986,0.7235031127929688,4,55a9390c9fc3c156bd715c4b,0.0,0,0.0,U-Mean-logit-alpha-0.000000,17,ISIC_0010175_A04_T1_S1_55a9390c9fc3c156bd715c4b.png,S1,0.9274622201919556,0.9274844748533595,T1,val,M,1703ca22a1c39afeca05ffd0c12fe01606f41d5af81442d20102f130cc2ca491,d67353b51c7f853c45c0fad75d4336d0d442799627d3e648686eb70a497ad029,0.8762639137831648,T1,500125
0.0,0.0,0.0,,A06,0.07468567788600922,0.07372145146691825,0.5397509261543584,0.323221654243528,0.8391548571631189,0,5ca3f9fed2a631d522b1bd5334bde7efb3613c82a3aa714d8ae5da962737af8c,0.07468567788600922,0.058495305478572845,0.0,0.058495305478572845,0.9576950669288635,0.0,0.0,02fc8095c431dfc5451811632a802997c5ba97593e8a98ad29eaf0d9e1211df4,complete_update,1280.0,0.9782386212794588,0.9782386212794588,0.9803785418299922,2295,0,0,19181,0,0,0.0,0.0,0.0,0.0021399205505333585,-0.0021399205505333585,16ba82c3443a91e7ff00c064a383f9a34c4a1ca7442e3e16be9e626b3f183f98,ISIC_0010175,0,22.090722034374522,0.017258376589355095,ISIC_0010175,fa6c3349b8c7fc8d0a9a4ecd7ce0cb3aa134ceffb7f9ec633b542845efe9d67a,0.9574041861950371,0.9574041861950371,0.0,0.0,0.058495305478572845,0.058495305478572845,0.05788127613180895,0.05788127613180895,cuda_FP32_original_batch_present,canonical_letterbox_valid,3d99874f14ae5f316eec36e21141043d75bd4fd17ccfb31e3174198dee269596,364d4fd675eddf2550947e3107c8d6fc3441c09064f32da63c3a23d259fc801c,0.4823172986507416,complete_logit_interpolation,0,786432,0.9617821577011513,0,501886,0.6381810506184896,6623de38480367e01426f226792034448e9f327048d198e264a29174682a89b3,RSI-TailProbe-20261004,0.9952680412371134,485000,0.6167093912760416,4,57b711eb9fc3c1565f9bf373,0.0,0,0.0,U-Mean-logit-alpha-0.000000,17,ISIC_0010175_A06_T1_S1_57b711eb9fc3c1565f9bf373.png,S1,0.9576950669288635,0.9579588992033004,T1,val,M,1703ca22a1c39afeca05ffd0c12fe01606f41d5af81442d20102f130cc2ca491,d67353b51c7f853c45c0fad75d4336d0d442799627d3e648686eb70a497ad029,0.9574041861950371,T1,482705
0.0,0.0,0.0,,A03,0.33680275082588196,0.33536682303844595,0.08084003106135795,0.05177103782678724,0.12604834063238893,0,5ca3f9fed2a631d522b1bd5334bde7efb3613c82a3aa714d8ae5da962737af8c,0.33680275082588196,0.21571315824985504,0.0,0.21571315824985504,0.9053764343261719,0.0,0.0,02fc8095c431dfc5451811632a802997c5ba97593e8a98ad29eaf0d9e1211df4,complete_update,1280.0,0.9071305797176936,0.9071305797176936,0.9027492389737227,96101,0,0,5530,0,0,0.0,0.0,0.0,-0.004381340743970896,0.004381340743970896,16ba82c3443a91e7ff00c064a383f9a34c4a1ca7442e3e16be9e626b3f183f98,ISIC_0010175,0,75.11190440556005,0.05868117531684379,ISIC_0010175,fa6c3349b8c7fc8d0a9a4ecd7ce0cb3aa134ceffb7f9ec633b542845efe9d67a,0.8300448003050234,0.8300448003050234,0.0,0.0,0.21571315824985504,0.21571315824985504,0.2149056834857728,0.2149056834857728,cuda_FP32_original_batch_present,canonical_letterbox_valid,3d99874f14ae5f316eec36e21141043d75bd4fd17ccfb31e3174198dee269596,637410fa068540aa45d597a367d6c0ffe332e559019fc4a749287d7b629f0d80,0.4823172986507416,complete_logit_interpolation,0,786432,0.9889815615498341,0,501886,0.6381810506184896,6623de38480367e01426f226792034448e9f327048d198e264a29174682a89b3,RSI-TailProbe-20261004,0.8377924473843671,592457,0.7533480326334635,4,57be143a9fc3c1434763a352,0.0,0,0.0,U-Mean-logit-alpha-0.000000,17,ISIC_0010175_A03_T1_S1_57be143a9fc3c1434763a352.png,S1,0.9053764343261719,0.9055554560669004,T1,val,M,1703ca22a1c39afeca05ffd0c12fe01606f41d5af81442d20102f130cc2ca491,d67353b51c7f853c45c0fad75d4336d0d442799627d3e648686eb70a497ad029,0.8300448003050234,T1,496356
0.0,0.0,0.0,,A02,0.08614180237054825,0.08504352483690492,0.37579894040234546,0.19517866289821234,0.6474354235121698,0,5ca3f9fed2a631d522b1bd5334bde7efb3613c82a3aa714d8ae5da962737af8c,0.08614180237054825,0.0652952641248703,0.0,0.0652952641248703,0.955551266670227,0.0,0.0,02fc8095c431dfc5451811632a802997c5ba97593e8a98ad29eaf0d9e1211df4,complete_update,1280.0,0.9720433206809316,0.9720433206809316,0.9689684519442406,25942,0,0,2768,0,0,0.0,0.0,0.0,-0.003074868736690939,0.003074868736690939,16ba82c3443a91e7ff00c064a383f9a34c4a1ca7442e3e16be9e626b3f183f98,ISIC_0010175,0,22.923659658795863,0.017909109108434268,ISIC_0010175,fa6c3349b8c7fc8d0a9a4ecd7ce0cb3aa134ceffb7f9ec633b542845efe9d67a,0.9456072811597718,0.9456072811597718,0.0,0.0,0.0652952641248703,0.0652952641248703,0.06460115035090486,0.06460115035090486,cuda_FP32_original_batch_present,canonical_letterbox_valid,3d99874f14ae5f316eec36e21141043d75bd4fd17ccfb31e3174198dee269596,789cd7b5b8f99f8cf76d5d8c14681334eb84c7b3de2948c59686636e6cff7fde,0.4823172986507416,complete_logit_interpolation,0,786432,0.99448480332187,0,501886,0.6381810506184896,6623de38480367e01426f226792034448e9f327048d198e264a29174682a89b3,RSI-TailProbe-20261004,0.950592313259437,525060,0.6676483154296875,4,57c0545f9fc3c158f2bd0e5d,0.0,0,0.0,U-Mean-logit-alpha-0.000000,17,ISIC_0010175_A02_T1_S1_57c0545f9fc3c158f2bd0e5d.png,S1,0.955551266670227,0.9558412241350952,T1,val,M,1703ca22a1c39afeca05ffd0c12fe01606f41d5af81442d20102f130cc2ca491,d67353b51c7f853c45c0fad75d4336d0d442799627d3e648686eb70a497ad029,0.9456072811597718,T1,499118
0.0,0.0,0.0,,A04,0.16441644728183746,0.16123799143304535,0.41067122772667747,0.36896484644258287,0.4787831362044876,0,5ca3f9fed2a631d522b1bd5334bde7efb3613c82a3aa714d8ae5da962737af8c,0.16441644728183746,0.11197281628847122,0.0,0.11197281628847122,0.940470814704895,0.0,0.0,02fc8095c431dfc5451811632a802997c5ba97593e8a98ad29eaf0d9e1211df4,complete_update,1280.0,0.9530927318773877,0.9530927318773877,0.9642773113306368,388,0,0,58622,0,0,0.0,0.0,0.0,0.011184579453249022,-0.011184579453249022,16ba82c3443a91e7ff00c064a383f9a34c4a1ca7442e3e16be9e626b3f183f98,ISIC_0010190,0,73.01609340104433,0.05704382296956588,ISIC_0010190,f87f7f7fcc605bf3066f78282567b84a93b20e226e19f5f6f736b0d3ab6357db,0.9103888767402872,0.9103888767402872,0.0,0.0,0.11197281628847122,0.11197281628847122,0.11003547934879879,0.11003547934879879,cuda_FP32_original_batch_present,canonical_letterbox_valid,3d99874f14ae5f316eec36e21141043d75bd4fd17ccfb31e3174198dee269596,ec41eb9ae1b2262dc77dd3ae5aa0d044c3e3e1721500ead6eb6e7cdb2612ef53,0.5202003121376038,complete_logit_interpolation,0,786432,0.9109256006466866,0,658124,0.8368479410807291,2ba9c65fcc2e94e54c1582a270499a15cfb1426965985313e5ac7682b3ed7713,RSI-TailProbe-20261004,0.9993532147560386,599890,0.7627995808919271,4,55a92e539fc3c156bd715bf1,0.0,0,0.0,U-Mean-logit-alpha-0.000000,17,ISIC_0010190_A04_T3_S1_55a92e539fc3c156bd715bf1.png,S1,0.940470814704895,0.9411670327354478,T3,val,M,1703ca22a1c39afeca05ffd0c12fe01606f41d5af81442d20102f130cc2ca491,d67353b51c7f853c45c0fad75d4336d0d442799627d3e648686eb70a497ad029,0.9103888767402872,T3,599502
0.0,0.0,0.0,,A06,0.09596964716911316,0.10075885136958622,0.5739248141254691,0.507452255427764,0.6612262536516222,0,5ca3f9fed2a631d522b1bd5334bde7efb3613c82a3aa714d8ae5da962737af8c,0.09596964716911316,0.06838120520114899,0.0,0.06838120520114899,0.9592072367668152,0.0,0.0,02fc8095c431dfc5451811632a802997c5ba97593e8a98ad29eaf0d9e1211df4,complete_update,1280.0,0.9745950645276007,0.9745950645276007,0.9622470561786601,32457,0,0,1762,0,0,0.0,0.0,0.0,-0.012348008348940565,0.012348008348940565,16ba82c3443a91e7ff00c064a383f9a34c4a1ca7442e3e16be9e626b3f183f98,ISIC_0010190,0,34.17601498127012,0.02670001170411728,ISIC_0010190,f87f7f7fcc605bf3066f78282567b84a93b20e226e19f5f6f736b0d3ab6357db,0.9504489697805182,0.9504489697805182,0.0,0.0,0.06838120520114899,0.06838120520114899,0.07121525670944504,0.07121525670944504,cuda_FP32_original_batch_present,canonical_letterbox_valid,3d99874f14ae5f316eec36e21141043d75bd4fd17ccfb31e3174198dee269596,5facb3598cca71433684d33b5ad1430db1c49fce54efcdfdbd17a0ac3abb4749,0.5202003121376038,complete_logit_interpolation,0,786432,0.9973226929879475,0,658124,0.8368479410807291,2ba9c65fcc2e94e54c1582a270499a15cfb1426965985313e5ac7682b3ed7713,RSI-TailProbe-20261004,0.9528802196222811,688819,0.875878651936849,4,568b330f9fc3c126c063febc,0.0,0,0.0,U-Mean-logit-alpha-0.000000,17,ISIC_0010190_A06_T1_S1_568b330f9fc3c126c063febc.png,S1,0.9592072367668152,0.9583283379506962,T1,val,M,1703ca22a1c39afeca05ffd0c12fe01606f41d5af81442d20102f130cc2ca491,d67353b51c7f853c45c0fad75d4336d0d442799627d3e648686eb70a497ad029,0.9504489697805182,T1,656362
0.0,0.0,0.0,,A03,0.22250385582447052,0.22868264389509366,0.3376023224257359,0.06369003249173422,0.5088553805874265,0,5ca3f9fed2a631d522b1bd5334bde7efb3613c82a3aa714d8ae5da962737af8c,0.22250385582447052,0.1442665457725525,0.0,0.1442665457725525,0.9339707493782043,0.0,0.0,02fc8095c431dfc5451811632a802997c5ba97593e8a98ad29eaf0d9e1211df4,complete_update,1280.0,0.9415521517292829,0.9415521517292829,0.9335494938450808,52692,0,0,25811,0,0,0.0,0.0,0.0,-0.008002657884202069,0.008002657884202069,16ba82c3443a91e7ff00c064a383f9a34c4a1ca7442e3e16be9e626b3f183f98,ISIC_0010190,0,72.76674253833895,0.0568490176080773,ISIC_0010190,f87f7f7fcc605bf3066f78282567b84a93b20e226e19f5f6f736b0d3ab6357db,0.8895593233691982,0.8895593233691982,0.0,0.0,0.1442665457725525,0.1442665457725525,0.1478470762667351,0.1478470762667351,cuda_FP32_original_batch_present,canonical_letterbox_valid,3d99874f14ae5f316eec36e21141043d75bd4fd17ccfb31e3174198dee269596,4032df0f74b02da1fe265bb022e4ecda91094c163a98b47ab9720775ff82ca7e,0.5202003121376038,complete_logit_interpolation,0,786432,0.96078094705557,0,658124,0.8368479410807291,2ba9c65fcc2e94e54c1582a270499a15cfb1426965985313e5ac7682b3ed7713,RSI-TailProbe-20261004,0.92307793373771,685005,0.8710289001464844,4,57be14769fc3c1434763a354,0.0,0,0.0,U-Mean-logit-alpha-0.000000,17,ISIC_0010190_A03_T1_S1_57be14769fc3c1434763a354.png,S1,0.9339707493782043,0.9329884913616234,T1,val,M,1703ca22a1c39afeca05ffd0c12fe01606f41d5af81442d20102f130cc2ca491,d67353b51c7f853c45c0fad75d4336d0d442799627d3e648686eb70a497ad029,0.8895593233691982,T1,632313
0.0,0.0,0.0,,A02,0.10607393831014633,0.10386721697209132,0.42294299404187247,0.1957866452274579,0.7829364829095358,0,5ca3f9fed2a631d522b1bd5334bde7efb3613c82a3aa714d8ae5da962737af8c,0.10607393831014633,0.07405216991901398,0.0,0.07405216991901398,0.957969605922699,0.0,0.0,02fc8095c431dfc5451811632a802997c5ba97593e8a98ad29eaf0d9e1211df4,complete_update,1280.0,0.9789492361066544,0.9789492361066544,0.9695138320060023,18049,0,0,9832,0,0,0.0,0.0,0.0,-0.009435404100652134,0.009435404100652134,16ba82c3443a91e7ff00c064a383f9a34c4a1ca7442e3e16be9e626b3f183f98,ISIC_0010190,0,24.166091947189145,0.01887975933374152,ISIC_0010190,f87f7f7fcc605bf3066f78282567b84a93b20e226e19f5f6f736b0d3ab6357db,0.9587664695277688,0.9587664695277688,0.0,0.0,0.07405216991901398,0.07405216991901398,0.07277473552033309,0.07277473552033309,cuda_FP32_original_batch_present,canonical_letterbox_valid,3d99874f14ae5f316eec36e21141043d75bd4fd17ccfb31e3174198dee269596,34b8cc0b8afac68b4ab7382525bdc0c6cd8bf5fe4636ecef340b9217cc75e977,0.5202003121376038,complete_logit_interpolation,0,786432,0.9850605660939276,0,658124,0.8368479410807291,2ba9c65fcc2e94e54c1582a270499a15cfb1426965985313e5ac7682b3ed7713,RSI-TailProbe-20261004,0.9729132681314823,666341,0.847296396891276,4,57c054969fc3c158f2bd0e5f,0.0,0,0.0,U-Mean-logit-alpha-0.000000,17,ISIC_0010190_A02_T1_S1_57c054969fc3c158f2bd0e5f.png,S1,0.957969605922699,0.9583177459314252,T1,val,M,1703ca22a1c39afeca05ffd0c12fe01606f41d5af81442d20102f130cc2ca491,d67353b51c7f853c45c0fad75d4336d0d442799627d3e648686eb70a497ad029,0.9587664695277688,T1,648292
0.0,0.0,0.0,,A04,0.33026671409606934,0.3301944871648965,0.02309244741131724,0.015472586612848973,0.0393103145702628,0,5ca3f9fed2a631d522b1bd5334bde7efb3613c82a3aa714d8ae5da962737af8c,0.33026671409606934,0.4212192893028259,0.0,0.4212192893028259,0.48782816529273987,0.0,0.0,02fc8095c431dfc5451811632a802997c5ba97593e8a98ad29eaf0d9e1211df4,complete_update,1280.0,0.5792307616309513,0.5792307616309513,0.5818944554540613,0,0,0,127767,0,0,0.0,0.0,0.0,0.002663693823109936,-0.002663693823109936,16ba82c3443a91e7ff00c064a383f9a34c4a1ca7442e3e16be9e626b3f183f98,ISIC_0010197,0,284.54239467598734,0.2222987458406151,ISIC_0010197,d183c672b9f4154e485d874842765285dd6b31ee3b2ca203e4046f9cbd8a794d,0.4076881354046424,0.4076881354046424,0.0,0.0,0.4212192893028259,0.4212192893028259,0.42122165454859695,0.42122165454859695,cuda_FP32_original_batch_present,canonical_letterbox_valid,3d99874f14ae5f316eec36e21141043d75bd4fd17ccfb31e3174198dee269596,fa33958f7e4b50ec57a73cc93889334839213aa36b10e95f76e7e61972e7dc7d,0.4517993628978729,complete_logit_interpolation,0,786432,0.4076881354046424,0,215709,0.2742881774902344,73917fcd673b3816c86d5c1b3f9b1c2eae3b3e56eeba55e1c9fce8f751a8e743,RSI-TailProbe-20261004,1.0,87942,0.11182403564453125,2,55a92d309fc3c156bd715bc7,0.0,0,0.0,U-Mean-logit-alpha-0.000000,17,ISIC_0010197_A04_T1_S2_55a92d309fc3c156bd715bc7.png,S2,0.48782816529273987,0.4877511780677026,T1,val,M,1703ca22a1c39afeca05ffd0c12fe01606f41d5af81442d20102f130cc2ca491,d67353b51c7f853c45c0fad75d4336d0d442799627d3e648686eb70a497ad029,0.0,T1,87942
0.0,0.0,0.0,,A06,0.2513829171657562,0.25151068816891914,0.04828281667847409,0.02721049823477995,0.09357714497188059,0,5ca3f9fed2a631d522b1bd5334bde7efb3613c82a3aa714d8ae5da962737af8c,0.2513829171657562,0.2775355577468872,0.0,0.2775355577468872,0.6963117718696594,0.0,0.0,02fc8095c431dfc5451811632a802997c5ba97593e8a98ad29eaf0d9e1211df4,complete_update,1280.0,0.8330973968214336,0.8330973968214336,0.8328737837590037,46008,0,0,28859,0,0,0.0,0.0,0.0,-0.00022361306242990597,0.00022361306242990597,16ba82c3443a91e7ff00c064a383f9a34c4a1ca7442e3e16be9e626b3f183f98,ISIC_0010197,0,183.913133781764,0.14368213576700312,ISIC_0010197,d183c672b9f4154e485d874842765285dd6b31ee3b2ca203e4046f9cbd8a794d,0.7139391021599667,0.7139391021599667,0.0,0.0,0.2775355577468872,0.2775355577468872,0.2776479355644035,0.2776479355644035,cuda_FP32_original_batch_present,canonical_letterbox_valid,3d99874f14ae5f316eec36e21141043d75bd4fd17ccfb31e3174198dee269596,70cd509df6e9b01ccf23ce1a93412320ed2bd73a29fe2466e54ec70e6a7620f3,0.4517993628978729,complete_logit_interpolation,0,786432,0.8662132780737012,0,215709,0.2742881774902344,73917fcd673b3816c86d5c1b3f9b1c2eae3b3e56eeba55e1c9fce8f751a8e743,RSI-TailProbe-20261004,0.8024203591888619,232858,0.29609425862630206,2,55db09b69fc3c10470dba3c2,0.0,0,0.0,U-Mean-logit-alpha-0.000000,17,ISIC_0010197_A06_T1_S1_55db09b69fc3c10470dba3c2.png,S1,0.6963117718696594,0.6962148170401122,T1,val,M,1703ca22a1c39afeca05ffd0c12fe01606f41d5af81442d20102f130cc2ca491,d67353b51c7f853c45c0fad75d4336d0d442799627d3e648686eb70a497ad029,0.7139391021599667,T1,186850
0.0,0.0,0.0,,A04,0.13709013164043427,0.13818437379301743,0.006843690117711469,0.0003812428516965307,0.15015667120761525,0,5ca3f9fed2a631d522b1bd5334bde7efb3613c82a3aa714d8ae5da962737af8c,0.13709013164043427,0.10595294088125229,0.0,0.10595294088125229,0.9251842498779297,0.0,0.0,02fc8095c431dfc5451811632a802997c5ba97593e8a98ad29eaf0d9e1211df4,complete_update,1280.0,0.9345173383444599,0.9345173383444599,0.939660758528683,0,0,0,48367,0,0,0.0,0.0,0.0,0.005143420184223091,-0.005143420184223091,16ba82c3443a91e7ff00c064a383f9a34c4a1ca7442e3e16be9e626b3f183f98,ISIC_0010201,0,31.622776601683793,0.02470529422006546,ISIC_0010201,2dafa60af6c42907dfce01cab33e25db01464d511c002fd770db389133b71ecf,0.8770835715828663,0.8770835715828663,0.0,0.0,0.10595294088125229,0.10595294088125229,0.10672350724903414,0.10672350724903414,cuda_FP32_original_batch_present,canonical_letterbox_valid,3d99874f14ae5f316eec36e21141043d75bd4fd17ccfb31e3174198dee269596,0cb694410a78bd997beedb4614a7bafab25f2d82e8415f3f9696d07e8e0b1eb0,0.3767258822917938,complete_logit_interpolation,0,786432,0.8770835715828663,0,393495,0.5003547668457031,1200a09addeb3c769544def0a7a23868ef9f818ae8ee7f208b48b990fc8fea74,RSI-TailProbe-20261004,1.0,345128,0.4388529459635417,2,55a9297d9fc3c156bd715baf,0.0,0,0.0,U-Mean-logit-alpha-0.000000,17,ISIC_0010201_A04_T3_S1_55a9297d9fc3c156bd715baf.png,S1,0.9251842498779297,0.9247373592949492,T3,val,M,1703ca22a1c39afeca05ffd0c12fe01606f41d5af81442d20102f130cc2ca491,d67353b51c7f853c45c0fad75d4336d0d442799627d3e648686eb70a497ad029,0.8770835715828663,T3,345128
0.0,0.0,0.0,,A06,0.06412913650274277,0.06441457791428047,0.42879727425243236,0.21923488044463801,0.7117552334943639,0,5ca3f9fed2a631d522b1bd5334bde7efb3613c82a3aa714d8ae5da962737af8c,0.06412913650274277,0.054563622921705246,0.0,0.054563622921705246,0.9550018906593323,0.0,0.0,02fc8095c431dfc5451811632a802997c5ba97593e8a98ad29eaf0d9e1211df4,complete_update,1280.0,0.9724994215699095,0.9724994215699095,0.9713692772995388,15068,0,0,6802,0,0,0.0,0.0,0.0,-0.0011301442703707254,0.0011301442703707254,16ba82c3443a91e7ff00c064a383f9a34c4a1ca7442e3e16be9e626b3f183f98,ISIC_0010201,0,20.615528128088304,0.016105881350068987,ISIC_0010201,2dafa60af6c42907dfce01cab33e25db01464d511c002fd770db389133b71ecf,0.9464709237008736,0.9464709237008736,0.0,0.0,0.054563622921705246,0.054563622921705246,0.05477432999384194,0.05477432999384194,cuda_FP32_original_batch_present,canonical_letterbox_valid,3d99874f14ae5f316eec36e21141043d75bd4fd17ccfb31e3174198dee269596,29023771bc009fc908ceb3bbda8755e603d02edca13b4cf04f16456ccfbf215f,0.3767258822917938,complete_logit_interpolation,0,786432,0.9827138845474529,0,393495,0.5003547668457031,1200a09addeb3c769544def0a7a23868ef9f818ae8ee7f208b48b990fc8fea74,RSI-TailProbe-20261004,0.9624951152550895,401761,0.5108655293782552,2,568b2c959fc3c126c063fe8f,0.0,0,0.0,U-Mean-logit-alpha-0.000000,17,ISIC_0010201_A06_T1_S1_568b2c959fc3c126c063fe8f.png,S1,0.9550018906593323,0.9548659179265966,T1,val,M,1703ca22a1c39afeca05ffd0c12fe01606f41d5af81442d20102f130cc2ca491,d67353b51c7f853c45c0fad75d4336d0d442799627d3e648686eb70a497ad029,0.9464709237008736,T1,386693
0.0,0.0,0.0,,A04,0.02053220383822918,0.020648411104660553,0.6074763611399047,0.4079084287200832,0.832517628831204,0,5ca3f9fed2a631d522b1bd5334bde7efb3613c82a3aa714d8ae5da962737af8c,0.02053220383822918,0.05383933335542679,0.0,0.05383933335542679,0.9128535389900208,0.0,0.0,02fc8095c431dfc5451811632a802997c5ba97593e8a98ad29eaf0d9e1211df4,complete_update,1280.0,0.9344005568122499,0.9344005568122499,0.9330581003443457,348,0,0,6815,0,0,0.0,0.0,0.0,-0.0013424564679042073,0.0013424564679042073,16ba82c3443a91e7ff00c064a383f9a34c4a1ca7442e3e16be9e626b3f183f98,ISIC_0010220,0,20.8806130178211,0.016312978920172735,ISIC_0010220,168ce3190e42cd8bddb4862623f363c91f428bc66b266a05e54cdab900f4d47c,0.8768778576094056,0.8768778576094056,0.0,0.0,0.05383933335542679,0.05383933335542679,0.05409288751771774,0.05409288751771774,cuda_FP32_original_batch_present,canonical_letterbox_valid,3d99874f14ae5f316eec36e21141043d75bd4fd17ccfb31e3174198dee269596,25e52a981cd0147ce873f8b920ba5707ce80d93be99c19ec8f6f7c0dce98960e,0.6987454891204834,complete_logit_interpolation,0,786432,0.8821545910427114,0,57830,0.07353464762369792,d83c4a2b5c6976ffdac300d7fe224e1fd6ff717a2c167527c8b2822ac7242af7,RSI-TailProbe-20261004,0.9932246948192278,51363,0.06531143188476562,2,55a926619fc3c156bd715b3d,0.0,0,0.0,U-Mean-logit-alpha-0.000000,17,ISIC_0010220_A04_T3_S2_55a926619fc3c156bd715b3d.png,S2,0.9128535389900208,0.9124626360692251,T3,val,M,1703ca22a1c39afeca05ffd0c12fe01606f41d5af81442d20102f130cc2ca491,d67353b51c7f853c45c0fad75d4336d0d442799627d3e648686eb70a497ad029,0.8768778576094056,T3,51015
0.0,0.0,0.0,,A06,0.015390083193778992,0.015360298245777837,0.7512917697821841,0.4451542170210942,0.9569105691056911,0,5ca3f9fed2a631d522b1bd5334bde7efb3613c82a3aa714d8ae5da962737af8c,0.015390083193778992,0.04160141199827194,0.0,0.04160141199827194,0.9321872591972351,0.0,0.0,02fc8095c431dfc5451811632a802997c5ba97593e8a98ad29eaf0d9e1211df4,complete_update,1280.0,0.9583376002730841,0.9583376002730841,0.9579637354218098,3201,0,0,1681,0,0,0.0,0.0,0.0,-0.00037386485127433033,0.00037386485127433033,16ba82c3443a91e7ff00c064a383f9a34c4a1ca7442e3e16be9e626b3f183f98,ISIC_0010220,0,13.0,0.01015625,ISIC_0010220,168ce3190e42cd8bddb4862623f363c91f428bc66b266a05e54cdab900f4d47c,0.9200078648555652,0.9200078648555652,0.0,0.0,0.04160141199827194,0.04160141199827194,0.04170000602211563,0.04170000602211563,cuda_FP32_original_batch_present,canonical_letterbox_valid,3d99874f14ae5f316eec36e21141043d75bd4fd17ccfb31e3174198dee269596,0044168a821485bcacc6a6084d20cf35e85541d13c858c8831fa8a0f755f4d90,0.6987454891204834,complete_logit_interpolation,0,786432,0.9709320421926336,0,57830,0.07353464762369792,d83c4a2b5c6976ffdac300d7fe224e1fd6ff717a2c167527c8b2822ac7242af7,RSI-TailProbe-20261004,0.9460657118786857,59350,0.07546742757161458,2,55db0e8c9fc3c10470dba44c,0.0,0,0.0,U-Mean-logit-alpha-0.000000,17,ISIC_0010220_A06_T3_S1_55db0e8c9fc3c10470dba44c.png,S1,0.9321872591972351,0.9319602862015466,T3,val,M,1703ca22a1c39afeca05ffd0c12fe01606f41d5af81442d20102f130cc2ca491,d67353b51c7f853c45c0fad75d4336d0d442799627d3e648686eb70a497ad029,0.9200078648555652,T3,56149
0.0,0.0,0.0,,A04,0.33265888690948486,0.3331511692923859,0.04728731264513405,0.025993957544956658,0.08642779617410193,0,5ca3f9fed2a631d522b1bd5334bde7efb3613c82a3aa714d8ae5da962737af8c,0.33265888690948486,0.23563146591186523,0.0,0.23563146591186523,0.8613959550857544,0.0,0.0,02fc8095c431dfc5451811632a802997c5ba97593e8a98ad29eaf0d9e1211df4,complete_update,1280.0,0.8729133599005676,0.8729133599005676,0.8842336785874485,198,0,0,100927,0,0,0.0,0.0,0.0,0.011320318686880881,-0.011320318686880881,16ba82c3443a91e7ff00c064a383f9a34c4a1ca7442e3e16be9e626b3f183f98,ISIC_0010264,0,67.61952322555393,0.05282775251996401,ISIC_0010264,39e79d6b5ff74a5f3edabc44bf98c90697dc55e46f31c595d5b995a0e4fdfbd2,0.7744864758786943,0.7744864758786943,0.0,0.0,0.23563146591186523,0.23563146591186523,0.23602641872956678,0.23602641872956678,cuda_FP32_original_batch_present,canonical_letterbox_valid,3d99874f14ae5f316eec36e21141043d75bd4fd17ccfb31e3174198dee269596,5e4ac400defc261a5a8ee2319d06407130c3a35b8d730c82e3fcbad4688a5562,0.3976312279701233,complete_logit_interpolation,0,786432,0.7748286009419418,0,448223,0.5699450174967448,8f6b1dc9dd4a0bd32611b023c5c04a89225af7615633dd5c3e2ceeb9d9addc64,RSI-TailProbe-20261004,0.9994302059891682,347494,0.44186147054036456,2,55a9214d9fc3c156bd715a35,0.0,0,0.0,U-Mean-logit-alpha-0.000000,17,ISIC_0010264_A04_T3_S1_55a9214d9fc3c156bd715a35.png,S1,0.8613959550857544,0.8610983318332524,T3,val,M,1703ca22a1c39afeca05ffd0c12fe01606f41d5af81442d20102f130cc2ca491,d67353b51c7f853c45c0fad75d4336d0d442799627d3e648686eb70a497ad029,0.7744864758786943,T3,347296
0.0,0.0,0.0,,A06,0.11286874860525131,0.11210276994232332,0.1774502466908846,0.1071434626099831,0.3791519573817544,0,5ca3f9fed2a631d522b1bd5334bde7efb3613c82a3aa714d8ae5da962737af8c,0.11286874860525131,0.0896986573934555,0.0,0.0896986573934555,0.9334714412689209,0.0,0.0,02fc8095c431dfc5451811632a802997c5ba97593e8a98ad29eaf0d9e1211df4,complete_update,1280.0,0.9558168107578029,0.9558168107578029,0.9577088961399881,14961,0,0,24237,0,0,0.0,0.0,0.0,0.0018920853821852157,-0.0018920853821852157,16ba82c3443a91e7ff00c064a383f9a34c4a1ca7442e3e16be9e626b3f183f98,ISIC_0010264,0,33.166933017706704,0.025911666420083364,ISIC_0010264,39e79d6b5ff74a5f3edabc44bf98c90697dc55e46f31c595d5b995a0e4fdfbd2,0.9153727244464402,0.9153727244464402,0.0,0.0,0.0896986573934555,0.0896986573934555,0.08918582034504155,0.08918582034504155,cuda_FP32_original_batch_present,canonical_letterbox_valid,3d99874f14ae5f316eec36e21141043d75bd4fd17ccfb31e3174198dee269596,efc1aa08c2e8208a948d13c5181133c2a773e4c9f941d28c94e4ca3e197771aa,0.3976312279701233,complete_logit_interpolation,0,786432,0.9459264696367656,0,448223,0.5699450174967448,8f6b1dc9dd4a0bd32611b023c5c04a89225af7615633dd5c3e2ceeb9d9addc64,RSI-TailProbe-20261004,0.9659161584428189,438947,0.5581499735514323,2,568b395b9fc3c126c063feec,0.0,0,0.0,U-Mean-logit-alpha-0.000000,17,ISIC_0010264_A06_T1_S1_568b395b9fc3c126c063feec.png,S1,0.9334714412689209,0.9337311292522402,T1,val,M,1703ca22a1c39afeca05ffd0c12fe01606f41d5af81442d20102f130cc2ca491,d67353b51c7f853c45c0fad75d4336d0d442799627d3e648686eb70a497ad029,0.9153727244464402,T1,423986
0.0,0.0,0.0,,A04,0.04194117709994316,0.04093752107754244,0.2755385017328377,0.12053607765835843,0.5967667023271245,0,5ca3f9fed2a631d522b1bd5334bde7efb3613c82a3aa714d8ae5da962737af8c,0.04194117709994316,0.07573068886995316,0.0,0.07573068886995316,0.8904798030853271,0.0,0.0,02fc8095c431dfc5451811632a802997c5ba97593e8a98ad29eaf0d9e1211df4,complete_update,1280.0,0.8961226239096456,0.8961226239096456,0.8945242279181563,10299,0,0,2,0,0,0.0,0.0,0.0,-0.0015983959914892543,0.0015983959914892543,16ba82c3443a91e7ff00c064a383f9a34c4a1ca7442e3e16be9e626b3f183f98,ISIC_0010268,0,38.17784811368779,0.029826443838818585,ISIC_0010268,3a156205ed98c8df9c8f06213d6bc6a317f0c80920d478401c55e94736f7a5ba,0.8117954433340032,0.8117954433340032,0.0,0.0,0.07573068886995316,0.07573068886995316,0.07463596955282359,0.07463596955282359,cuda_FP32_original_batch_present,canonical_letterbox_valid,3d99874f14ae5f316eec36e21141043d75bd4fd17ccfb31e3174198dee269596,2da5fcc82dd2d477c085dc5b90405e81307b5f741e91c8ef3df414a1b8b31464,0.6791240572929382,complete_logit_interpolation,0,786432,0.9999549894225143,0,44434,0.056500752766927086,36295565f90157e8b60ae611c286a4ca205f6b1945496889ab303299a4f8da99,RSI-TailProbe-20261004,0.8118251082567466,54731,0.0695940653483073,2,5595ad909fc3c13155bcb0e8,0.0,0,0.0,U-Mean-logit-alpha-0.000000,17,ISIC_0010268_A04_T3_S2_5595ad909fc3c13155bcb0e8.png,S2,0.8904798030853271,0.8916655819718953,T3,val,M,1703ca22a1c39afeca05ffd0c12fe01606f41d5af81442d20102f130cc2ca491,d67353b51c7f853c45c0fad75d4336d0d442799627d3e648686eb70a497ad029,0.8117954433340032,T3,44432
0.0,0.0,0.0,,A06,0.05479489639401436,0.0540205199501994,0.22005953657811447,0.10166840458811263,0.43894859804251424,0,5ca3f9fed2a631d522b1bd5334bde7efb3613c82a3aa714d8ae5da962737af8c,0.05479489639401436,0.09276991337537766,0.0,0.09276991337537766,0.8692550659179688,0.0,0.0,02fc8095c431dfc5451811632a802997c5ba97593e8a98ad29eaf0d9e1211df4,complete_update,1280.0,0.8722383078961574,0.8722383078961574,0.8706088187304645,13017,0,0,0,0,0,0.0,0.0,0.0,-0.0016294891656929433,0.0016294891656929433,16ba82c3443a91e7ff00c064a383f9a34c4a1ca7442e3e16be9e626b3f183f98,ISIC_0010268,0,35.0,0.02734375,ISIC_0010268,3a156205ed98c8df9c8f06213d6bc6a317f0c80920d478401c55e94736f7a5ba,0.7734243094114985,0.7734243094114985,0.0,0.0,0.09276991337537766,0.09276991337537766,0.0922955070931259,0.0922955070931259,cuda_FP32_original_batch_present,canonical_letterbox_valid,3d99874f14ae5f316eec36e21141043d75bd4fd17ccfb31e3174198dee269596,585214f46331e2b102518850e59795a9f04b8543e802b55a7a0bbde713839f96,0.6791240572929382,complete_logit_interpolation,0,786432,1.0,0,44434,0.056500752766927086,36295565f90157e8b60ae611c286a4ca205f6b1945496889ab303299a4f8da99,RSI-TailProbe-20261004,0.7734243094114985,57451,0.07305272420247395,2,55ddf13f9fc3c10470dbf746,0.0,0,0.0,U-Mean-logit-alpha-0.000000,17,ISIC_0010268_A06_T1_S1_55ddf13f9fc3c10470dbf746.png,S1,0.8692550659179688,0.8694295057639476,T1,val,M,1703ca22a1c39afeca05ffd0c12fe01606f41d5af81442d20102f130cc2ca491,d67353b51c7f853c45c0fad75d4336d0d442799627d3e648686eb70a497ad029,0.7734243094114985,T1,44434
0.0,0.0,0.0,,A04,1.2230499982833862,1.222999833133706,0.08400152730049637,0.012158885613768183,0.19520197716038862,0,5ca3f9fed2a631d522b1bd5334bde7efb3613c82a3aa714d8ae5da962737af8c,1.2230499982833862,0.7750687599182129,0.0,0.7750687599182129,0.6729124188423157,0.0,0.0,02fc8095c431dfc5451811632a802997c5ba97593e8a98ad29eaf0d9e1211df4,complete_update,1280.0,0.6713545975146593,0.6713545975146593,0.6871785465625538,0,0,0,359543,0,0,0.0,0.0,0.0,0.015823949047894525,-0.015823949047894525,16ba82c3443a91e7ff00c064a383f9a34c4a1ca7442e3e16be9e626b3f183f98,ISIC_0010355,0,376.18944665699973,0.293898005200781,ISIC_0010355,440bf7b01e58dbe6c31c00cfe3eeeb2a782c45cd29319f75588e6c9e038aaeeb,0.5052925304666205,0.5052925304666205,0.0,0.0,0.7750687599182129,0.7750687599182129,0.7751280890581234,0.7751280890581234,cuda_FP32_original_batch_present,canonical_letterbox_valid,3d99874f14ae5f316eec36e21141043d75bd4fd17ccfb31e3174198dee269596,8aa5b0117bfa9f7e44a4e99c8fd6dda6fc6f748961a055aa36a336d2d39575cc,0.43569236993789673,complete_logit_interpolation,0,786432,0.5052925304666205,0,726779,0.9241472880045573,86090a9d61562acf2adcc6a851fa751defe3030fc4875976009904f1b94bccc5,RSI-TailProbe-20261004,1.0,367236,0.4669647216796875,2,55a913d39fc3c156bd715939,0.0,0,0.0,U-Mean-logit-alpha-0.000000,17,ISIC_0010355_A04_T1_S2_55a913d39fc3c156bd715939.png,S2,0.6729124188423157,0.6727436550174591,T1,val,M,1703ca22a1c39afeca05ffd0c12fe01606f41d5af81442d20102f130cc2ca491,d67353b51c7f853c45c0fad75d4336d0d442799627d3e648686eb70a497ad029,0.0,T1,367236
0.0,0.0,0.0,,A06,0.16745483875274658,0.16473147893455806,0.6523445103904061,0.3479614131412749,0.7330828847184486,0,5ca3f9fed2a631d522b1bd5334bde7efb3613c82a3aa714d8ae5da962737af8c,0.16745483875274658,0.11669087409973145,0.0,0.11669087409973145,0.9340730905532837,0.0,0.0,02fc8095c431dfc5451811632a802997c5ba97593e8a98ad29eaf0d9e1211df4,complete_update,1280.0,0.9602291607448125,0.9602291607448125,0.944204499560497,52366,0,0,7238,0,0,0.0,0.0,0.0,-0.016024661184315447,0.016024661184315447,16ba82c3443a91e7ff00c064a383f9a34c4a1ca7442e3e16be9e626b3f183f98,ISIC_0010355,0,89.83762204887856,0.07018564222568638,ISIC_0010355,440bf7b01e58dbe6c31c00cfe3eeeb2a782c45cd29319f75588e6c9e038aaeeb,0.9235007604489537,0.9235007604489537,0.0,0.0,0.11669087409973145,0.11669087409973145,0.11498819802963643,0.11498819802963643,cuda_FP32_original_batch_present,canonical_letterbox_valid,3d99874f14ae5f316eec36e21141043d75bd4fd17ccfb31e3174198dee269596,922dc438dc37721d84206b884aad4092677b3f3cde2cfbbbcbac0ab33c607e4d,0.43569236993789673,complete_logit_interpolation,0,786432,0.9900409890764593,0,726779,0.9241472880045573,86090a9d61562acf2adcc6a851fa751defe3030fc4875976009904f1b94bccc5,RSI-TailProbe-20261004,0.9321602213738184,771907,0.981530507405599,2,55dba7829fc3c10470dbb095,0.0,0,0.0,U-Mean-logit-alpha-0.000000,17,ISIC_0010355_A06_T1_S1_55dba7829fc3c10470dbb095.png,S1,0.9340730905532837,0.9347550828752852,T1,val,M,1703ca22a1c39afeca05ffd0c12fe01606f41d5af81442d20102f130cc2ca491,d67353b51c7f853c45c0fad75d4336d0d442799627d3e648686eb70a497ad029,0.9235007604489537,T1,719541
0.0,0.0,0.0,,A04,0.6445097923278809,0.6442569223964155,0.05551567360612587,0.0,0.12699369618494685,0,5ca3f9fed2a631d522b1bd5334bde7efb3613c82a3aa714d8ae5da962737af8c,0.6445097923278809,0.5891057252883911,0.0,0.5891057252883911,0.46629828214645386,0.0,0.0,02fc8095c431dfc5451811632a802997c5ba97593e8a98ad29eaf0d9e1211df4,complete_update,1280.0,0.5268988333187132,0.5268988333187132,0.53487580701587,0,0,0,302024,0,0,0.0,0.0,0.0,0.007976973697156775,-0.007976973697156775,16ba82c3443a91e7ff00c064a383f9a34c4a1ca7442e3e16be9e626b3f183f98,ISIC_0010415,0,586.3758363509226,0.45810612214915825,ISIC_0010415,b679d25e3b2bfe56b95b5fd7652d61f718c238018c7ab8dad8b3b2f1e39f20ac,0.3576800054443991,0.3576800054443991,0.0,0.0,0.5891057252883911,0.5891057252883911,0.5889206911006295,0.5889206911006295,cuda_FP32_original_batch_present,canonical_letterbox_valid,3d99874f14ae5f316eec36e21141043d75bd4fd17ccfb31e3174198dee269596,312885d40abceb6688752a84a583079ca322cd0e38fa0f611f37212e8cf5f325,0.4222414493560791,complete_logit_interpolation,0,786432,0.3576800054443991,0,470208,0.597900390625,4fff95f19a59ba12e2f938bed60f9ab71625b563dc416d70b311b7952b895e3e,RSI-TailProbe-20261004,1.0,168184,0.21385701497395834,2,55a8058c9fc3c156bd7157d1,0.0,0,0.0,U-Mean-logit-alpha-0.000000,17,ISIC_0010415_A04_T1_S2_55a8058c9fc3c156bd7157d1.png,S2,0.46629828214645386,0.46641554019515663,T1,val,M,1703ca22a1c39afeca05ffd0c12fe01606f41d5af81442d20102f130cc2ca491,d67353b51c7f853c45c0fad75d4336d0d442799627d3e648686eb70a497ad029,0.0,T1,168184
0.0,0.0,0.0,,A06,0.538974940776825,0.541478436427835,0.09050029837681754,0.03791449269922301,0.30816975870165314,0,5ca3f9fed2a631d522b1bd5334bde7efb3613c82a3aa714d8ae5da962737af8c,0.538974940776825,0.398263156414032,0.0,0.398263156414032,0.742448627948761,0.0,0.0,02fc8095c431dfc5451811632a802997c5ba97593e8a98ad29eaf0d9e1211df4,complete_update,1280.0,0.8362412763972483,0.8362412763972483,0.8271112357733531,172213,0,0,8584,0,0,0.0,0.0,0.0,-0.00913004062389522,0.00913004062389522,16ba82c3443a91e7ff00c064a383f9a34c4a1ca7442e3e16be9e626b3f183f98,ISIC_0010415,0,231.93102422918759,0.1811961126790528,ISIC_0010415,b679d25e3b2bfe56b95b5fd7652d61f718c238018c7ab8dad8b3b2f1e39f20ac,0.7185692871185718,0.7185692871185718,0.0,0.0,0.398263156414032,0.398263156414032,0.39972148047190664,0.39972148047190664,cuda_FP32_original_batch_present,canonical_letterbox_valid,3d99874f14ae5f316eec36e21141043d75bd4fd17ccfb31e3174198dee269596,37fd1917cc0253a3a964ea33c98050c8b00be9115a4bba2ca59b2f99af591a06,0.4222414493560791,complete_logit_interpolation,0,786432,0.9817442493534776,0,470208,0.597900390625,4fff95f19a59ba12e2f938bed60f9ab71625b563dc416d70b311b7952b895e3e,RSI-TailProbe-20261004,0.7283008091985794,633837,0.8059654235839844,2,55dba9df9fc3c10470dbb215,0.0,0,0.0,U-Mean-logit-alpha-0.000000,17,ISIC_0010415_A06_T1_S1_55dba9df9fc3c10470dbb215.png,S1,0.742448627948761,0.7420354754840217,T1,val,M,1703ca22a1c39afeca05ffd0c12fe01606f41d5af81442d20102f130cc2ca491,d67353b51c7f853c45c0fad75d4336d0d442799627d3e648686eb70a497ad029,0.7185692871185718,T1,461624
0.0,0.0,0.0,,A04,0.02072482742369175,0.020330137070325632,0.352738060982507,0.11408368192236142,0.8169999015069438,0,5ca3f9fed2a631d522b1bd5334bde7efb3613c82a3aa714d8ae5da962737af8c,0.02072482742369175,0.07130330801010132,0.0,0.07130330801010132,0.8781182169914246,0.0,0.0,02fc8095c431dfc5451811632a802997c5ba97593e8a98ad29eaf0d9e1211df4,complete_update,1280.0,0.8872234387978555,0.8872234387978555,0.8835871404399324,1,0,0,5973,0,0,0.0,0.0,0.0,-0.003636298357923118,0.003636298357923118,16ba82c3443a91e7ff00c064a383f9a34c4a1ca7442e3e16be9e626b3f183f98,ISIC_0010444,0,16.492422502470642,0.01288470508005519,ISIC_0010444,1405833bd3c5d61ff015833347efdaeebd2d027764c51304e4b1cccbfc9ae72c,0.7973060088894921,0.7973060088894921,0.0,0.0,0.07130330801010132,0.07130330801010132,0.07109234545717248,0.07109234545717248,cuda_FP32_original_batch_present,canonical_letterbox_valid,3d99874f14ae5f316eec36e21141043d75bd4fd17ccfb31e3174198dee269596,d7cf1077822e819e60afeb619203248eb702baa61c69cefee8fbd260e31bba10,0.5530397891998291,complete_logit_interpolation,0,786432,0.7973330618892508,0,29472,0.0374755859375,f9983f640f75f7e55213720d205afbb71f2f4aa85cc0f89e7479eb5c6a5d49af,RSI-TailProbe-20261004,0.9999574468085106,23500,0.029881795247395832,3,55a802779fc3c156bd715723,0.0,0,0.0,U-Mean-logit-alpha-0.000000,17,ISIC_0010444_A04_T3_S1_55a802779fc3c156bd715723.png,S1,0.8781182169914246,0.8781454461559807,T3,val,M,1703ca22a1c39afeca05ffd0c12fe01606f41d5af81442d20102f130cc2ca491,d67353b51c7f853c45c0fad75d4336d0d442799627d3e648686eb70a497ad029,0.7973060088894921,T3,23499
0.0,0.0,0.0,,A03,0.19805772602558136,0.1967903128004487,0.0,0.0,0.0,0,5ca3f9fed2a631d522b1bd5334bde7efb3613c82a3aa714d8ae5da962737af8c,0.19805772602558136,0.2739790678024292,0.0,0.2739790678024292,0.6500995755195618,0.0,0.0,02fc8095c431dfc5451811632a802997c5ba97593e8a98ad29eaf0d9e1211df4,complete_update,1280.0,0.6476437432015206,0.6476437432015206,0.6508752507371398,32069,0,0,0,0,0,0.0,0.0,0.0,0.0032315075356191825,-0.0032315075356191825,16ba82c3443a91e7ff00c064a383f9a34c4a1ca7442e3e16be9e626b3f183f98,ISIC_0010444,0,62.93647591023825,0.049169121804873636,ISIC_0010444,1405833bd3c5d61ff015833347efdaeebd2d027764c51304e4b1cccbfc9ae72c,0.4789002453648787,0.4789002453648787,0.0,0.0,0.2739790678024292,0.2739790678024292,0.27301162968246084,0.27301162968246084,cuda_FP32_original_batch_present,canonical_letterbox_valid,3d99874f14ae5f316eec36e21141043d75bd4fd17ccfb31e3174198dee269596,b75e84b8d03a59ba773b3a06472a4c0809a42ac004ca12a019a4f78834402e49,0.5530397891998291,complete_logit_interpolation,0,786432,1.0,0,29472,0.0374755859375,f9983f640f75f7e55213720d205afbb71f2f4aa85cc0f89e7479eb5c6a5d49af,RSI-TailProbe-20261004,0.4789002453648787,61541,0.07825342814127605,3,57be15929fc3c1434763a35d,0.0,0,0.0,U-Mean-logit-alpha-0.000000,17,ISIC_0010444_A03_T1_S1_57be15929fc3c1434763a35d.png,S1,0.6500995755195618,0.650767053435527,T1,val,M,1703ca22a1c39afeca05ffd0c12fe01606f41d5af81442d20102f130cc2ca491,d67353b51c7f853c45c0fad75d4336d0d442799627d3e648686eb70a497ad029,0.0,T1,29472
0.0,0.0,0.0,,A02,0.008763046003878117,0.008872161141670951,0.8335102532739169,0.6139931439592167,0.9438727782974742,0,5ca3f9fed2a631d522b1bd5334bde7efb3613c82a3aa714d8ae5da962737af8c,0.008763046003878117,0.035190001130104065,0.0,0.035190001130104065,0.9383830428123474,0.0,0.0,02fc8095c431dfc5451811632a802997c5ba97593e8a98ad29eaf0d9e1211df4,complete_update,1280.0,0.9537514529410802,0.9537514529410802,0.9553188365605781,2482,0,0,343,0,0,0.0,0.0,0.0,0.0015673836194979307,-0.0015673836194979307,16ba82c3443a91e7ff00c064a383f9a34c4a1ca7442e3e16be9e626b3f183f98,ISIC_0010444,0,14.774314056691209,0.011542432856790007,ISIC_0010444,1405833bd3c5d61ff015833347efdaeebd2d027764c51304e4b1cccbfc9ae72c,0.9115916630155849,0.9115916630155849,0.0,0.0,0.035190001130104065,0.035190001130104065,0.035800672692148795,0.035800672692148795,cuda_FP32_original_batch_present,canonical_letterbox_valid,3d99874f14ae5f316eec36e21141043d75bd4fd17ccfb31e3174198dee269596,c8c2d33ba8240b8e76760e92b4a5a0c96a124f161a0f567866bbc77a7514abf6,0.5530397891998291,complete_logit_interpolation,0,786432,0.9883618349619978,0,29472,0.0374755859375,f9983f640f75f7e55213720d205afbb71f2f4aa85cc0f89e7479eb5c6a5d49af,RSI-TailProbe-20261004,0.9214830280598526,31611,0.040195465087890625,3,57c05eef9fc3c158f2bd0e68,0.0,0,0.0,U-Mean-logit-alpha-0.000000,17,ISIC_0010444_A02_T3_S1_57c05eef9fc3c158f2bd0e68.png,S1,0.9383830428123474,0.9372708157573734,T3,val,M,1703ca22a1c39afeca05ffd0c12fe01606f41d5af81442d20102f130cc2ca491,d67353b51c7f853c45c0fad75d4336d0d442799627d3e648686eb70a497ad029,0.9115916630155849,T3,29129
0.0,0.0,0.0,,A04,0.12135451287031174,0.1210843553231331,0.36703888081596114,0.21917291123614419,0.609415919483118,0,5ca3f9fed2a631d522b1bd5334bde7efb3613c82a3aa714d8ae5da962737af8c,0.12135451287031174,0.229607492685318,0.0,0.229607492685318,0.6621395349502563,0.0,0.0,02fc8095c431dfc5451811632a802997c5ba97593e8a98ad29eaf0d9e1211df4,complete_update,1280.0,0.8441594820878334,0.8441594820878334,0.8356489533670275,1676,0,0,28366,0,0,0.0,0.0,0.0,-0.008510528720805932,0.008510528720805932,16ba82c3443a91e7ff00c064a383f9a34c4a1ca7442e3e16be9e626b3f183f98,ISIC_0010451,0,96.67399510206036,0.07552655867348465,ISIC_0010451,1ebc5e2fda4bf49985ca827d1c493e82320e9c01ae3c0a4bc298adbaceb3135b,0.7303425247738043,0.7303425247738043,0.0,0.0,0.229607492685318,0.229607492685318,0.2292788372956276,0.2292788372956276,cuda_FP32_original_batch_present,canonical_letterbox_valid,3d99874f14ae5f316eec36e21141043d75bd4fd17ccfb31e3174198dee269596,6a206e2d9762a9bce961df8fd7887a19acc27734ad807cde2fe3e15fd671e1d5,0.35811927914619446,complete_logit_interpolation,0,786432,0.7414974665548791,0,109732,0.13953145345052084,a43232f3ef06d7f8a7c917def8043994aa48bdab1041bc0dcb6f48731a9e8680,RSI-TailProbe-20261004,0.9798174417764505,83042,0.10559336344401042,2,55a7ff069fc3c156bd7156f9,0.0,0,0.0,U-Mean-logit-alpha-0.000000,17,ISIC_0010451_A04_T3_S1_55a7ff069fc3c156bd7156f9.png,S1,0.6621395349502563,0.6625266807318779,T3,val,M,1703ca22a1c39afeca05ffd0c12fe01606f41d5af81442d20102f130cc2ca491,d67353b51c7f853c45c0fad75d4336d0d442799627d3e648686eb70a497ad029,0.7303425247738043,T3,81366
0.0,0.0,0.0,,A06,0.14490920305252075,0.1448063279895411,0.07822613502240852,0.030391457536260078,0.3104069581566305,0,5ca3f9fed2a631d522b1bd5334bde7efb3613c82a3aa714d8ae5da962737af8c,0.14490920305252075,0.22501534223556519,0.0,0.22501534223556519,0.6948785185813904,0.0,0.0,02fc8095c431dfc5451811632a802997c5ba97593e8a98ad29eaf0d9e1211df4,complete_update,1280.0,0.8321957214796241,0.8321957214796241,0.8390183418509893,31845,0,0,8842,0,0,0.0,0.0,0.0,0.006822620371365273,-0.006822620371365273,16ba82c3443a91e7ff00c064a383f9a34c4a1ca7442e3e16be9e626b3f183f98,ISIC_0010451,0,77.07329342917183,0.06021351049154049,ISIC_0010451,1ebc5e2fda4bf49985ca827d1c493e82320e9c01ae3c0a4bc298adbaceb3135b,0.7126157497333606,0.7126157497333606,0.0,0.0,0.22501534223556519,0.22501534223556519,0.22494179973607353,0.22494179973607353,cuda_FP32_original_batch_present,canonical_letterbox_valid,3d99874f14ae5f316eec36e21141043d75bd4fd17ccfb31e3174198dee269596,41965d711711afa4a6fd43d698d44426b74f3ec48c8ef2792b502e8054cfbb2c,0.35811927914619446,complete_logit_interpolation,0,786432,0.9194218641781796,0,109732,0.13953145345052084,a43232f3ef06d7f8a7c917def8043994aa48bdab1041bc0dcb6f48731a9e8680,RSI-TailProbe-20261004,0.7600858854107809,132735,0.16878128051757812,2,568b3de39fc3c126c063ff13,0.0,0,0.0,U-Mean-logit-alpha-0.000000,17,ISIC_0010451_A06_T1_S1_568b3de39fc3c126c063ff13.png,S1,0.6948785185813904,0.694922728517394,T1,val,M,1703ca22a1c39afeca05ffd0c12fe01606f41d5af81442d20102f130cc2ca491,d67353b51c7f853c45c0fad75d4336d0d442799627d3e648686eb70a497ad029,0.7126157497333606,T1,100890
0.0,0.0,0.0,,A04,0.06954556703567505,0.06989385943156375,0.32939593105108433,0.17814812367419208,0.6784125490907236,0,5ca3f9fed2a631d522b1bd5334bde7efb3613c82a3aa714d8ae5da962737af8c,0.06954556703567505,0.06046542525291443,0.0,0.06046542525291443,0.9486147165298462,0.0,0.0,02fc8095c431dfc5451811632a802997c5ba97593e8a98ad29eaf0d9e1211df4,complete_update,1280.0,0.9696544479532088,0.9696544479532088,0.9633518538626882,21693,0,0,1706,0,0,0.0,0.0,0.0,-0.006302594090520586,0.006302594090520586,16ba82c3443a91e7ff00c064a383f9a34c4a1ca7442e3e16be9e626b3f183f98,ISIC_0010479,0,23.004339638061495,0.017972140342235543,ISIC_0010479,423a61712d9bc0e044b5f366c51d870215a7a22a9b99b9f94cdb3c9a98bed659,0.9410963593980496,0.9410963593980496,0.0,0.0,0.06046542525291443,0.06046542525291443,0.06071917897098642,0.06071917897098642,cuda_FP32_original_batch_present,canonical_letterbox_valid,3d99874f14ae5f316eec36e21141043d75bd4fd17ccfb31e3174198dee269596,6579944abc28e4212e01d1c973a57f1226a7d3ec797a5ec0644fe22eb9bfe1e9,0.40781325101852417,complete_logit_interpolation,0,786432,0.9954573171543527,0,375549,0.4775352478027344,2f94c4c97fe84622d91574a00432050ee6c1e487ec73a6427a444ce021b7f98e,RSI-TailProbe-20261004,0.9451554346507018,395536,0.5029500325520834,2,55a7f9ce9fc3c156bd715651,0.0,0,0.0,U-Mean-logit-alpha-0.000000,17,ISIC_0010479_A04_T1_S1_55a7f9ce9fc3c156bd715651.png,S1,0.9486147165298462,0.9484555014895909,T1,val,M,1703ca22a1c39afeca05ffd0c12fe01606f41d5af81442d20102f130cc2ca491,d67353b51c7f853c45c0fad75d4336d0d442799627d3e648686eb70a497ad029,0.9410963593980496,T1,373843
0.0,0.0,0.0,,A06,0.08708300441503525,0.08663559771334405,0.2267019545527642,0.10291177018092727,0.5931140306735337,0,5ca3f9fed2a631d522b1bd5334bde7efb3613c82a3aa714d8ae5da962737af8c,0.08708300441503525,0.0740954726934433,0.0,0.0740954726934433,0.9388920664787292,0.0,0.0,02fc8095c431dfc5451811632a802997c5ba97593e8a98ad29eaf0d9e1211df4,complete_update,1280.0,0.960654115850928,0.960654115850928,0.9650934933626318,1600,0,0,26955,0,0,0.0,0.0,0.0,0.004439377511703868,-0.004439377511703868,16ba82c3443a91e7ff00c064a383f9a34c4a1ca7442e3e16be9e626b3f183f98,ISIC_0010479,0,31.016124838541646,0.02423134753011066,ISIC_0010479,423a61712d9bc0e044b5f366c51d870215a7a22a9b99b9f94cdb3c9a98bed659,0.9242872180491,0.9242872180491,0.0,0.0,0.0740954726934433,0.0740954726934433,0.07380182045707295,0.07380182045707295,cuda_FP32_original_batch_present,canonical_letterbox_valid,3d99874f14ae5f316eec36e21141043d75bd4fd17ccfb31e3174198dee269596,decdfdf7528641fef8594c5328d5378f2907d4739ddece7e69640ff3a37aeb57,0.40781325101852417,complete_logit_interpolation,0,786432,0.9282250784850978,0,375549,0.4775352478027344,2f94c4c97fe84622d91574a00432050ee6c1e487ec73a6427a444ce021b7f98e,RSI-TailProbe-20261004,0.9954311039024084,350194,0.44529469807942706,2,568b3a509fc3c126c063fef5,0.0,0,0.0,U-Mean-logit-alpha-0.000000,17,ISIC_0010479_A06_T1_S1_568b3a509fc3c126c063fef5.png,S1,0.9388920664787292,0.9390319567991982,T1,val,M,1703ca22a1c39afeca05ffd0c12fe01606f41d5af81442d20102f130cc2ca491,d67353b51c7f853c45c0fad75d4336d0d442799627d3e648686eb70a497ad029,0.9242872180491,T1,348594
0.0,0.0,0.0,,A04,0.08383628726005554,0.083207589509688,0.23783027732123785,0.11330431683974752,0.60040228456066,0,5ca3f9fed2a631d522b1bd5334bde7efb3613c82a3aa714d8ae5da962737af8c,0.08383628726005554,0.07971180975437164,0.0,0.07971180975437164,0.9244126677513123,0.0,0.0,02fc8095c431dfc5451811632a802997c5ba97593e8a98ad29eaf0d9e1211df4,complete_update,1280.0,0.9418726027815365,0.9418726027815365,0.9452912490504081,1725,0,0,26842,0,0,0.0,0.0,0.0,0.0034186462688715613,-0.0034186462688715613,16ba82c3443a91e7ff00c064a383f9a34c4a1ca7442e3e16be9e626b3f183f98,ISIC_0010540,0,36.78640654484741,0.028739380113162037,ISIC_0010540,003fb619fdcd1d05d8b2fbedf14c86c7314654c96e551de987ea0e17a2c4a51c,0.8901315713565965,0.8901315713565965,0.0,0.0,0.07971180975437164,0.07971180975437164,0.07922256858996707,0.07922256858996707,cuda_FP32_original_batch_present,canonical_letterbox_valid,3d99874f14ae5f316eec36e21141043d75bd4fd17ccfb31e3174198dee269596,baa732f771f2355d391d5cf52026d39516ab57ca2af5784bce134f35bb3c09df,0.6142575740814209,complete_logit_interpolation,0,786432,0.896076442393316,0,258286,0.32842763264973956,38043189517653096c702d97df614f0c2638e985bfba8aebfabfacc79c0ae3d1,RSI-TailProbe-20261004,0.9926019325038921,233169,0.2964897155761719,2,55a7e5a89fc3c156bd7154e3,0.0,0,0.0,U-Mean-logit-alpha-0.000000,17,ISIC_0010540_A04_T3_S2_55a7e5a89fc3c156bd7154e3.png,S2,0.9244126677513123,0.9247624523297538,T3,val,M,1703ca22a1c39afeca05ffd0c12fe01606f41d5af81442d20102f130cc2ca491,d67353b51c7f853c45c0fad75d4336d0d442799627d3e648686eb70a497ad029,0.8901315713565965,T3,231444
0.0,0.0,0.0,,A06,0.17293334007263184,0.17412426029518216,0.0,0.0,0.09420289855072464,0,5ca3f9fed2a631d522b1bd5334bde7efb3613c82a3aa714d8ae5da962737af8c,0.17293334007263184,0.13869443535804749,0.0,0.13869443535804749,0.8955444693565369,0.0,0.0,02fc8095c431dfc5451811632a802997c5ba97593e8a98ad29eaf0d9e1211df4,complete_update,1280.0,0.8959879557150514,0.8959879557150514,0.8925862260947025,59967,0,0,0,0,0,0.0,0.0,0.0,-0.0034017296203489034,0.0034017296203489034,16ba82c3443a91e7ff00c064a383f9a34c4a1ca7442e3e16be9e626b3f183f98,ISIC_0010540,0,56.283206691250086,0.04397125522753913,ISIC_0010540,003fb619fdcd1d05d8b2fbedf14c86c7314654c96e551de987ea0e17a2c4a51c,0.8115744392040295,0.8115744392040295,0.0,0.0,0.13869443535804749,0.13869443535804749,0.13943140943233756,0.13943140943233756,cuda_FP32_original_batch_present,canonical_letterbox_valid,3d99874f14ae5f316eec36e21141043d75bd4fd17ccfb31e3174198dee269596,b996d05399ca4b3364ddb438eb14aa4612d1a1368cf82451ec8ba270bd1b4ba5,0.6142575740814209,complete_logit_interpolation,0,786432,1.0,0,258286,0.32842763264973956,38043189517653096c702d97df614f0c2638e985bfba8aebfabfacc79c0ae3d1,RSI-TailProbe-20261004,0.8115744392040295,318253,0.4046796162923177,2,55dc55e39fc3c10470dbb5bd,0.0,0,0.0,U-Mean-logit-alpha-0.000000,17,ISIC_0010540_A06_T1_S1_55dc55e39fc3c10470dbb5bd.png,S1,0.8955444693565369,0.895261441430507,T1,val,M,1703ca22a1c39afeca05ffd0c12fe01606f41d5af81442d20102f130cc2ca491,d67353b51c7f853c45c0fad75d4336d0d442799627d3e648686eb70a497ad029,0.8115744392040295,T1,258286
0.0,0.0,0.0,,A04,0.22976459562778473,0.22880318638089026,0.0,0.0,0.03204679849939594,0,5ca3f9fed2a631d522b1bd5334bde7efb3613c82a3aa714d8ae5da962737af8c,0.22976459562778473,0.2053895890712738,0.0,0.2053895890712738,0.8189854025840759,0.0,0.0,02fc8095c431dfc5451811632a802997c5ba97593e8a98ad29eaf0d9e1211df4,complete_update,1280.0,0.8444578375554324,0.8444578375554324,0.8581653713525689,0,0,0,87231,0,0,0.0,0.0,0.0,0.013707533797136517,-0.013707533797136517,16ba82c3443a91e7ff00c064a383f9a34c4a1ca7442e3e16be9e626b3f183f98,ISIC_0010543,0,74.74088185522736,0.058391313949396374,ISIC_0010543,86ec1dec5b4ced9d4343439018ef36f48a44a524d978196e6f759bc74f9268ca,0.7307892909497724,0.7307892909497724,0.0,0.0,0.2053895890712738,0.2053895890712738,0.20466594680976063,0.20466594680976063,cuda_FP32_original_batch_present,canonical_letterbox_valid,3d99874f14ae5f316eec36e21141043d75bd4fd17ccfb31e3174198dee269596,7553f8cfdee1e785b026245c612e2c4b55e81226f738e371015ef3eba0dc48ad,0.4712115526199341,complete_logit_interpolation,0,786432,0.7307892909497724,0,324025,0.4120190938313802,27175e9aabad7f3992eef332e36c8fb30bbd9fee939c93a2b6ee146b79619218,RSI-TailProbe-20261004,1.0,236794,0.30109914143880206,2,55a7e52b9fc3c156bd7154d1,0.0,0,0.0,U-Mean-logit-alpha-0.000000,17,ISIC_0010543_A04_T3_S2_55a7e52b9fc3c156bd7154d1.png,S2,0.8189854025840759,0.819471292761369,T3,val,M,1703ca22a1c39afeca05ffd0c12fe01606f41d5af81442d20102f130cc2ca491,d67353b51c7f853c45c0fad75d4336d0d442799627d3e648686eb70a497ad029,0.7307892909497724,T3,236794
0.0,0.0,0.0,,A06,0.14518696069717407,0.14456737780815712,0.2054573492696016,0.14180133327887676,0.402758217912378,0,5ca3f9fed2a631d522b1bd5334bde7efb3613c82a3aa714d8ae5da962737af8c,0.14518696069717407,0.12863779067993164,0.0,0.12863779067993164,0.8879113793373108,0.0,0.0,02fc8095c431dfc5451811632a802997c5ba97593e8a98ad29eaf0d9e1211df4,complete_update,1280.0,0.932626129238196,0.932626129238196,0.9258451923133725,42128,0,0,4096,0,0,0.0,0.0,0.0,-0.006780936924823511,0.006780936924823511,16ba82c3443a91e7ff00c064a383f9a34c4a1ca7442e3e16be9e626b3f183f98,ISIC_0010543,0,51.616363631979894,0.040325284087484294,ISIC_0010543,86ec1dec5b4ced9d4343439018ef36f48a44a524d978196e6f759bc74f9268ca,0.87375769145685,0.87375769145685,0.0,0.0,0.12863779067993164,0.12863779067993164,0.1281833417144792,0.1281833417144792,cuda_FP32_original_batch_present,canonical_letterbox_valid,3d99874f14ae5f316eec36e21141043d75bd4fd17ccfb31e3174198dee269596,d17de4ec735af11bcc0aab274cd67df587f2e7ba4bcd10423db8741af62c921e,0.4712115526199341,complete_logit_interpolation,0,786432,0.9873590000771545,0,324025,0.4120190938313802,27175e9aabad7f3992eef332e36c8fb30bbd9fee939c93a2b6ee146b79619218,RSI-TailProbe-20261004,0.8836426308564673,362057,0.46037928263346356,2,55dc56419fc3c10470dbb5cf,0.0,0,0.0,U-Mean-logit-alpha-0.000000,17,ISIC_0010543_A06_T1_S1_55dc56419fc3c10470dbb5cf.png,S1,0.8879113793373108,0.8882006943791987,T1,val,M,1703ca22a1c39afeca05ffd0c12fe01606f41d5af81442d20102f130cc2ca491,d67353b51c7f853c45c0fad75d4336d0d442799627d3e648686eb70a497ad029,0.87375769145685,T1,319929
0.0,0.0,0.0,,A04,0.22681669890880585,0.22819668800797333,0.10672575675138031,0.058483439678267364,0.19936054156735167,0,5ca3f9fed2a631d522b1bd5334bde7efb3613c82a3aa714d8ae5da962737af8c,0.22681669890880585,0.1776006817817688,0.0,0.1776006817817688,0.8716153502464294,0.0,0.0,02fc8095c431dfc5451811632a802997c5ba97593e8a98ad29eaf0d9e1211df4,complete_update,1280.0,0.8869264802760514,0.8869264802760514,0.8999712710124516,7577,0,0,74640,0,0,0.0,0.0,0.0,0.013044790736400191,-0.013044790736400191,16ba82c3443a91e7ff00c064a383f9a34c4a1ca7442e3e16be9e626b3f183f98,ISIC_0010568,0,66.76076692189807,0.05215684915773287,ISIC_0010568,d811e392deb963dcf284c1abef5c5dcdab647fc773fdbfb2b6e917b871999ebc,0.7968265029753079,0.7968265029753079,0.0,0.0,0.1776006817817688,0.1776006817817688,0.1784727162007606,0.1784727162007606,cuda_FP32_original_batch_present,canonical_letterbox_valid,3d99874f14ae5f316eec36e21141043d75bd4fd17ccfb31e3174198dee269596,0c81afc8fb0a2bdd89625421fc87b93b0b70180d37b8b4048242e1623d528340,0.47905710339546204,complete_logit_interpolation,0,786432,0.8120311166066883,0,397087,0.5049222310384115,3a86cef85d4e811359853794593e2ed11f60635e953bf9edee637496278b1556,RSI-TailProbe-20261004,0.9770410636802171,330024,0.419647216796875,2,55a7df019fc3c156bd71543b,0.0,0,0.0,U-Mean-logit-alpha-0.000000,17,ISIC_0010568_A04_T3_S1_55a7df019fc3c156bd71543b.png,S1,0.8716153502464294,0.8712512556064521,T3,val,M,1703ca22a1c39afeca05ffd0c12fe01606f41d5af81442d20102f130cc2ca491,d67353b51c7f853c45c0fad75d4336d0d442799627d3e648686eb70a497ad029,0.7968265029753079,T3,322447
0.0,0.0,0.0,,A06,0.112183578312397,0.11232783152360958,0.3886701686040241,0.2091725513932791,0.5587612436475239,0,5ca3f9fed2a631d522b1bd5334bde7efb3613c82a3aa714d8ae5da962737af8c,0.112183578312397,0.09422507882118225,0.0,0.09422507882118225,0.9237334132194519,0.0,0.0,02fc8095c431dfc5451811632a802997c5ba97593e8a98ad29eaf0d9e1211df4,complete_update,1280.0,0.9579809166851004,0.9579809166851004,0.9518515147838046,22160,0,0,11652,0,0,0.0,0.0,0.0,-0.00612940190129585,0.00612940190129585,16ba82c3443a91e7ff00c064a383f9a34c4a1ca7442e3e16be9e626b3f183f98,ISIC_0010568,0,33.30764652686562,0.026021598849113765,ISIC_0010568,d811e392deb963dcf284c1abef5c5dcdab647fc773fdbfb2b6e917b871999ebc,0.9193506453236397,0.9193506453236397,0.0,0.0,0.09422507882118225,0.09422507882118225,0.09434027564008252,0.09434027564008252,cuda_FP32_original_batch_present,canonical_letterbox_valid,3d99874f14ae5f316eec36e21141043d75bd4fd17ccfb31e3174198dee269596,f486d3a11e460bfe546a64283124f4df5e2994213568134e295e7197dd7f6761,0.47905710339546204,complete_logit_interpolation,0,786432,0.9706563045377965,0,397087,0.5049222310384115,3a86cef85d4e811359853794593e2ed11f60635e953bf9edee637496278b1556,RSI-TailProbe-20261004,0.9456323065788343,407595,0.5182838439941406,2,568bb8069fc3c126c063ff64,0.0,0,0.0,U-Mean-logit-alpha-0.000000,17,ISIC_0010568_A06_T1_S1_568bb8069fc3c126c063ff64.png,S1,0.9237334132194519,0.9236472802434446,T1,val,M,1703ca22a1c39afeca05ffd0c12fe01606f41d5af81442d20102f130cc2ca491,d67353b51c7f853c45c0fad75d4336d0d442799627d3e648686eb70a497ad029,0.9193506453236397,T1,385435
0.0,0.0,0.0,,A04,0.0934177041053772,0.09337548218392384,0.23604961552428216,0.13317422569130422,0.4793385274148596,0,5ca3f9fed2a631d522b1bd5334bde7efb3613c82a3aa714d8ae5da962737af8c,0.0934177041053772,0.0810929536819458,0.0,0.0810929536819458,0.9312317967414856,0.0,0.0,02fc8095c431dfc5451811632a802997c5ba97593e8a98ad29eaf0d9e1211df4,complete_update,1280.0,0.9513347070806695,0.9513347070806695,0.9448699333381585,33066,0,0,92,0,0,0.0,0.0,0.0,-0.006464773742510976,0.006464773742510976,16ba82c3443a91e7ff00c064a383f9a34c4a1ca7442e3e16be9e626b3f183f98,ISIC_0010596,0,35.81758830331636,0.027982490861965907,ISIC_0010596,7685c2aa58bc666205756c2095740b1139b5b873746e395a00bbab4ab371d562,0.9071862237685898,0.9071862237685898,0.0,0.0,0.0810929536819458,0.0810929536819458,0.08104933710310022,0.08104933710310022,cuda_FP32_original_batch_present,canonical_letterbox_valid,3d99874f14ae5f316eec36e21141043d75bd4fd17ccfb31e3174198dee269596,d862f224ddb3ff4a8cee9de659de1d525edebeada1ad4776c351f93376f0143e,0.4297417998313904,complete_logit_interpolation,0,786432,0.9997162131732611,0,324187,0.41222508748372394,d2861f25e1f47ac673a7f482978f42b5add75621af7f6a0f9966030ad8e46ab7,RSI-TailProbe-20261004,0.9074199030689241,357161,0.45415369669596356,3,55a7d8889fc3c156bd715393,0.0,0,0.0,U-Mean-logit-alpha-0.000000,17,ISIC_0010596_A04_T1_S1_55a7d8889fc3c156bd715393.png,S1,0.9312317967414856,0.9312768079777234,T1,val,M,1703ca22a1c39afeca05ffd0c12fe01606f41d5af81442d20102f130cc2ca491,d67353b51c7f853c45c0fad75d4336d0d442799627d3e648686eb70a497ad029,0.9071862237685898,T1,324095
0.0,0.0,0.0,,A03,0.2873249351978302,0.28690308101893763,0.06055100713226633,0.04132231404958678,0.1140481399528797,0,5ca3f9fed2a631d522b1bd5334bde7efb3613c82a3aa714d8ae5da962737af8c,0.2873249351978302,0.2077871412038803,0.0,0.2077871412038803,0.8717506527900696,0.0,0.0,02fc8095c431dfc5451811632a802997c5ba97593e8a98ad29eaf0d9e1211df4,complete_update,1280.0,0.8711993095642028,0.8711993095642028,0.8645962497751948,95658,0,0,154,0,0,0.0,0.0,0.0,-0.006603059789007992,0.006603059789007992,16ba82c3443a91e7ff00c064a383f9a34c4a1ca7442e3e16be9e626b3f183f98,ISIC_0010596,0,78.97717867103356,0.061700920836744964,ISIC_0010596,7685c2aa58bc666205756c2095740b1139b5b873746e395a00bbab4ab371d562,0.7717919708463837,0.7717919708463837,0.0,0.0,0.2077871412038803,0.2077871412038803,0.20743464471243764,0.20743464471243764,cuda_FP32_original_batch_present,canonical_letterbox_valid,3d99874f14ae5f316eec36e21141043d75bd4fd17ccfb31e3174198dee269596,fd52b5cee3f5eb94923838cf8baff46e4e426860a0d216e759697b7ac0b2d7c5,0.4297417998313904,complete_logit_interpolation,0,786432,0.9995249655291545,0,324187,0.41222508748372394,d2861f25e1f47ac673a7f482978f42b5add75621af7f6a0f9966030ad8e46ab7,RSI-TailProbe-20261004,0.7720751695890548,419691,0.5336647033691406,3,57be15e29fc3c1434763a361,0.0,0,0.0,U-Mean-logit-alpha-0.000000,17,ISIC_0010596_A03_T1_S1_57be15e29fc3c1434763a361.png,S1,0.8717506527900696,0.8720337915940624,T1,val,M,1703ca22a1c39afeca05ffd0c12fe01606f41d5af81442d20102f130cc2ca491,d67353b51c7f853c45c0fad75d4336d0d442799627d3e648686eb70a497ad029,0.7717919708463837,T1,324033
0.0,0.0,0.0,,A02,0.06418948620557785,0.06352716028891182,0.5089069041053831,0.23594503891979782,0.8632291467951595,0,5ca3f9fed2a631d522b1bd5334bde7efb3613c82a3aa714d8ae5da962737af8c,0.06418948620557785,0.061514850705862045,0.0,0.061514850705862045,0.9411597847938538,0.0,0.0,02fc8095c431dfc5451811632a802997c5ba97593e8a98ad29eaf0d9e1211df4,complete_update,1280.0,0.9729402524996973,0.9729402524996973,0.9728485503860584,6669,0,0,10765,0,0,0.0,0.0,0.0,-9.17021136388474e-05,9.17021136388474e-05,16ba82c3443a91e7ff00c064a383f9a34c4a1ca7442e3e16be9e626b3f183f98,ISIC_0010596,0,21.540659228538015,0.016828640022295324,ISIC_0010596,7685c2aa58bc666205756c2095740b1139b5b873746e395a00bbab4ab371d562,0.9473063810237686,0.9473063810237686,0.0,0.0,0.061514850705862045,0.061514850705862045,0.061030241874016296,0.061030241874016296,cuda_FP32_original_batch_present,canonical_letterbox_valid,3d99874f14ae5f316eec36e21141043d75bd4fd17ccfb31e3174198dee269596,57f8d53bec2a0fc4c1902680314fe15f82caa0b42bfa3d776e20e33481e7ae81,0.4297417998313904,complete_logit_interpolation,0,786432,0.966793856632129,0,324187,0.41222508748372394,d2861f25e1f47ac673a7f482978f42b5add75621af7f6a0f9966030ad8e46ab7,RSI-TailProbe-20261004,0.9791652998678501,320091,0.4070167541503906,3,57c05f519fc3c158f2bd0e6c,0.0,0,0.0,U-Mean-logit-alpha-0.000000,17,ISIC_0010596_A02_T1_S1_57c05f519fc3c158f2bd0e6c.png,S1,0.9411597847938538,0.9414666765408792,T1,val,M,1703ca22a1c39afeca05ffd0c12fe01606f41d5af81442d20102f130cc2ca491,d67353b51c7f853c45c0fad75d4336d0d442799627d3e648686eb70a497ad029,0.9473063810237686,T1,313422
0.0,0.0,0.0,,A04,0.6519456505775452,0.6505566893489888,0.08903242976257869,0.08537122908475414,0.10471514579424192,0,5ca3f9fed2a631d522b1bd5334bde7efb3613c82a3aa714d8ae5da962737af8c,0.6519456505775452,0.4922436773777008,0.0,0.4922436773777008,0.6674582958221436,0.0,0.0,02fc8095c431dfc5451811632a802997c5ba97593e8a98ad29eaf0d9e1211df4,complete_update,1280.0,0.6501512843072037,0.6501512843072037,0.6785226790467265,0,0,0,326066,0,0,0.0,0.0,0.0,0.02837139473952277,-0.02837139473952277,16ba82c3443a91e7ff00c064a383f9a34c4a1ca7442e3e16be9e626b3f183f98,ISIC_0010652,0,300.0201659509795,0.23439075464920273,ISIC_0010652,82877f137b7c458da9da761fc4d0162801c1f4b6f8c64ae96d26f5aed8a98cdc,0.4816475185321194,0.4816475185321194,0.0,0.0,0.4922436773777008,0.4922436773777008,0.49127505699097074,0.49127505699097074,cuda_FP32_original_batch_present,canonical_letterbox_valid,3d99874f14ae5f316eec36e21141043d75bd4fd17ccfb31e3174198dee269596,323b42aecb0450129d4b5076a96ba6dc24ceee73e66a4748f0721ac965505fc2,0.4405408203601837,complete_logit_interpolation,0,786432,0.4816475185321194,0,629043,0.7998695373535156,33cb11deb3fb1e9b7e80bcdb39e5f177a87a0c60da90a3d067d09ab07df3db01,RSI-TailProbe-20261004,1.0,302977,0.3852551778157552,2,55a6bfe49fc3c156bd715240,0.0,0,0.0,U-Mean-logit-alpha-0.000000,17,ISIC_0010652_A04_T3_S2_55a6bfe49fc3c156bd715240.png,S2,0.6674582958221436,0.6680065753670473,T3,val,M,1703ca22a1c39afeca05ffd0c12fe01606f41d5af81442d20102f130cc2ca491,d67353b51c7f853c45c0fad75d4336d0d442799627d3e648686eb70a497ad029,0.0,T3,302977
0.0,0.0,0.0,,A06,0.3658417761325836,0.3670346184359665,0.22476815253557356,0.17718465489067,0.2884034528555714,0,5ca3f9fed2a631d522b1bd5334bde7efb3613c82a3aa714d8ae5da962737af8c,0.3658417761325836,0.256466269493103,0.0,0.256466269493103,0.8529092073440552,0.0,0.0,02fc8095c431dfc5451811632a802997c5ba97593e8a98ad29eaf0d9e1211df4,complete_update,1280.0,0.8960517081020011,0.8960517081020011,0.8645151729243103,144838,0,0,900,0,0,0.0,0.0,0.0,-0.03153653517769073,0.03153653517769073,16ba82c3443a91e7ff00c064a383f9a34c4a1ca7442e3e16be9e626b3f183f98,ISIC_0010652,0,105.0,0.08203125,ISIC_0010652,82877f137b7c458da9da761fc4d0162801c1f4b6f8c64ae96d26f5aed8a98cdc,0.8116790565991412,0.8116790565991412,0.0,0.0,0.256466269493103,0.256466269493103,0.2571857638278934,0.2571857638278934,cuda_FP32_original_batch_present,canonical_letterbox_valid,3d99874f14ae5f316eec36e21141043d75bd4fd17ccfb31e3174198dee269596,7dc74a6afbc42f7656a9ec8c8b6e41099c0a22c8a8298233fcc100c301223fb3,0.4405408203601837,complete_logit_interpolation,0,786432,0.9985692552019496,0,629043,0.7998695373535156,33cb11deb3fb1e9b7e80bcdb39e5f177a87a0c60da90a3d067d09ab07df3db01,RSI-TailProbe-20261004,0.8126241136586798,772981,0.9828961690266927,2,55dc59d89fc3c10470dbb85d,0.0,0,0.0,U-Mean-logit-alpha-0.000000,17,ISIC_0010652_A06_T1_S1_55dc59d89fc3c10470dbb85d.png,S1,0.8529092073440552,0.8526630907801798,T1,val,M,1703ca22a1c39afeca05ffd0c12fe01606f41d5af81442d20102f130cc2ca491,d67353b51c7f853c45c0fad75d4336d0d442799627d3e648686eb70a497ad029,0.8116790565991412,T1,628143
0.0,0.0,0.0,,A04,0.0664738267660141,0.06676287669650806,0.3484569211506322,0.18794651858859088,0.6460878313975259,0,5ca3f9fed2a631d522b1bd5334bde7efb3613c82a3aa714d8ae5da962737af8c,0.0664738267660141,0.08293729275465012,0.0,0.08293729275465012,0.9005992412567139,0.0,0.0,02fc8095c431dfc5451811632a802997c5ba97593e8a98ad29eaf0d9e1211df4,complete_update,1280.0,0.9217036243455762,0.9217036243455762,0.9205211044061843,1535,0,0,17832,0,0,0.0,0.0,0.0,-0.0011825199393918906,0.0011825199393918906,16ba82c3443a91e7ff00c064a383f9a34c4a1ca7442e3e16be9e626b3f183f98,ISIC_0010657,0,37.68999777678939,0.02944531076311671,ISIC_0010657,f9c621382d7ace5cd29caa4f2708dcc77940f1dec19952f3b2f642fe9b9dfb5c,0.8547776336410194,0.8547776336410194,0.0,0.0,0.08293729275465012,0.08293729275465012,0.08323929040878697,0.08323929040878697,cuda_FP32_original_batch_present,canonical_letterbox_valid,3d99874f14ae5f316eec36e21141043d75bd4fd17ccfb31e3174198dee269596,b58c5c988ea54aa021b03657fe4770c6138f46c316455c66da0eaae5c1b15903,0.44441404938697815,complete_logit_interpolation,0,786432,0.8647307814846844,0,131826,0.16762542724609375,b40e6dc6db24445e7d2f2b066975b34709b57f2f84451a3f861811359ec4ea23,RSI-TailProbe-20261004,0.9867132927663184,115529,0.14690272013346353,2,55a6bf499fc3c156bd715222,0.0,0,0.0,U-Mean-logit-alpha-0.000000,17,ISIC_0010657_A04_T3_S2_55a6bf499fc3c156bd715222.png,S2,0.9005992412567139,0.9002842958789341,T3,val,M,1703ca22a1c39afeca05ffd0c12fe01606f41d5af81442d20102f130cc2ca491,d67353b51c7f853c45c0fad75d4336d0d442799627d3e648686eb70a497ad029,0.8547776336410194,T3,113994
0.0,0.0,0.0,,A06,0.033675018697977066,0.03340942050962071,0.5498009554800716,0.21208576998050682,0.8394977798570541,0,5ca3f9fed2a631d522b1bd5334bde7efb3613c82a3aa714d8ae5da962737af8c,0.033675018697977066,0.048902034759521484,0.0,0.048902034759521484,0.9358709454536438,0.0,0.0,02fc8095c431dfc5451811632a802997c5ba97593e8a98ad29eaf0d9e1211df4,complete_update,1280.0,0.9585151801790286,0.9585151801790286,0.9616451521307036,10759,0,0,600,0,0,0.0,0.0,0.0,0.0031299719516749702,-0.0031299719516749702,16ba82c3443a91e7ff00c064a383f9a34c4a1ca7442e3e16be9e626b3f183f98,ISIC_0010657,0,22.47220505424423,0.017556410198628306,ISIC_0010657,f9c621382d7ace5cd29caa4f2708dcc77940f1dec19952f3b2f642fe9b9dfb5c,0.9203352386295893,0.9203352386295893,0.0,0.0,0.048902034759521484,0.048902034759521484,0.04865355746021832,0.04865355746021832,cuda_FP32_original_batch_present,canonical_letterbox_valid,3d99874f14ae5f316eec36e21141043d75bd4fd17ccfb31e3174198dee269596,5674885f56f40daf5a0ed02f78c0897b53b2c8cec9502dd00778446638f3c45f,0.44441404938697815,complete_logit_interpolation,0,786432,0.9954485458103864,0,131826,0.16762542724609375,b40e6dc6db24445e7d2f2b066975b34709b57f2f84451a3f861811359ec4ea23,RSI-TailProbe-20261004,0.9242243899003416,141985,0.18054326375325522,2,55dc5a289fc3c10470dbb87b,0.0,0,0.0,U-Mean-logit-alpha-0.000000,17,ISIC_0010657_A06_T1_S1_55dc5a289fc3c10470dbb87b.png,S1,0.9358709454536438,0.9361023055891841,T1,val,M,1703ca22a1c39afeca05ffd0c12fe01606f41d5af81442d20102f130cc2ca491,d67353b51c7f853c45c0fad75d4336d0d442799627d3e648686eb70a497ad029,0.9203352386295893,T1,131226
0.0,0.0,0.0,,A04,0.13384082913398743,0.1326585240944637,0.0,0.0,0.05037161250905877,0,5ca3f9fed2a631d522b1bd5334bde7efb3613c82a3aa714d8ae5da962737af8c,0.13384082913398743,0.15374799072742462,0.0,0.15374799072742462,0.8263448476791382,0.0,0.0,02fc8095c431dfc5451811632a802997c5ba97593e8a98ad29eaf0d9e1211df4,complete_update,1280.0,0.8501265140037915,0.8501265140037915,0.8447660258683881,0,0,0,37790,0,0,0.0,0.0,0.0,-0.005360488135403352,0.005360488135403352,16ba82c3443a91e7ff00c064a383f9a34c4a1ca7442e3e16be9e626b3f183f98,ISIC_0010819,0,46.61544808322666,0.03641831881502083,ISIC_0010819,3fe6700bdaa5d1eb5de6fd7adc6d65620e1eab3e3db45a6cf7ebd0bfc6860221,0.7393217813586447,0.7393217813586447,0.0,0.0,0.15374799072742462,0.15374799072742462,0.15289965234872394,0.15289965234872394,cuda_FP32_original_batch_present,canonical_letterbox_valid,3d99874f14ae5f316eec36e21141043d75bd4fd17ccfb31e3174198dee269596,4200600ca7c915f2502ae46c44cb4ed6a3db5d55d7a25451e6a15645c1823e0f,0.7237926125526428,complete_logit_interpolation,0,786432,0.7393217813586447,0,144968,0.18433634440104166,b29d687143625afde479caa089a530b3066f43619c1bd88aea057b15ef9a4537,RSI-TailProbe-20261004,1.0,107178,0.13628387451171875,2,55a69ef49fc3c156bd714e56,0.0,0,0.0,U-Mean-logit-alpha-0.000000,17,ISIC_0010819_A04_T3_S2_55a69ef49fc3c156bd714e56.png,S2,0.8263448476791382,0.8268592193970158,T3,val,M,1703ca22a1c39afeca05ffd0c12fe01606f41d5af81442d20102f130cc2ca491,d67353b51c7f853c45c0fad75d4336d0d442799627d3e648686eb70a497ad029,0.7393217813586447,T3,107178
0.0,0.0,0.0,,A06,0.17267732322216034,0.1719817750346304,0.18384102227834107,0.10450627548184392,0.3467240052640284,0,5ca3f9fed2a631d522b1bd5334bde7efb3613c82a3aa714d8ae5da962737af8c,0.17267732322216034,0.16641542315483093,0.0,0.16641542315483093,0.8398464918136597,0.0,0.0,02fc8095c431dfc5451811632a802997c5ba97593e8a98ad29eaf0d9e1211df4,complete_update,1280.0,0.850407988889313,0.850407988889313,0.8517562753344069,50792,0,0,155,0,0,0.0,0.0,0.0,0.0013482864450938825,-0.0013482864450938825,16ba82c3443a91e7ff00c064a383f9a34c4a1ca7442e3e16be9e626b3f183f98,ISIC_0010819,0,67.98896879871468,0.053116381873995845,ISIC_0010819,3fe6700bdaa5d1eb5de6fd7adc6d65620e1eab3e3db45a6cf7ebd0bfc6860221,0.7397476501838987,0.7397476501838987,0.0,0.0,0.16641542315483093,0.16641542315483093,0.1659107189400572,0.1659107189400572,cuda_FP32_original_batch_present,canonical_letterbox_valid,3d99874f14ae5f316eec36e21141043d75bd4fd17ccfb31e3174198dee269596,19a1d631d6f942f72423fcd35fd08f87cdc51a3a42d5b767b3d9aac6494a2328,0.7237926125526428,complete_logit_interpolation,0,786432,0.9989307985210529,0,144968,0.18433634440104166,b29d687143625afde479caa089a530b3066f43619c1bd88aea057b15ef9a4537,RSI-TailProbe-20261004,0.7403338360471358,195605,0.24872461954752603,2,55dc5fd79fc3c10470dbbc47,0.0,0,0.0,U-Mean-logit-alpha-0.000000,17,ISIC_0010819_A06_T1_S1_55dc5fd79fc3c10470dbbc47.png,S1,0.8398464918136597,0.840160337154516,T1,val,M,1703ca22a1c39afeca05ffd0c12fe01606f41d5af81442d20102f130cc2ca491,d67353b51c7f853c45c0fad75d4336d0d442799627d3e648686eb70a497ad029,0.7397476501838987,T1,144813
0.0,0.0,0.0,,A04,0.453326016664505,0.453384331505547,0.14157014157014158,0.08569423410778265,0.18345427372742498,0,5ca3f9fed2a631d522b1bd5334bde7efb3613c82a3aa714d8ae5da962737af8c,0.453326016664505,0.3224329352378845,0.0,0.3224329352378845,0.8084601759910583,0.0,0.0,02fc8095c431dfc5451811632a802997c5ba97593e8a98ad29eaf0d9e1211df4,complete_update,1280.0,0.8263769289992239,0.8263769289992239,0.856904710690471,232,0,0,168227,0,0,0.0,0.0,0.0,0.030527781691247147,-0.030527781691247147,16ba82c3443a91e7ff00c064a383f9a34c4a1ca7442e3e16be9e626b3f183f98,ISIC_0010938,0,164.35265466097044,0.12840051145388315,ISIC_0010938,0927c49c300a53f3b14d268e7a91014316d9f0754dc7fa50e5f0204f15c693fc,0.7041246456535255,0.7041246456535255,0.0,0.0,0.3224329352378845,0.3224329352378845,0.32245899519999277,0.32245899519999277,cuda_FP32_original_batch_present,canonical_letterbox_valid,3d99874f14ae5f316eec36e21141043d75bd4fd17ccfb31e3174198dee269596,20297fdd358c25d1c6b698b34f145f03ccd94c80b9815b118bb35ffcbaebeec7,0.509391725063324,complete_logit_interpolation,0,786432,0.7044116768518747,0,569126,0.7236811319986979,64d072ce14774becbf05c90c5c269c1b3f56ce3cfa7e52dfa81bbea2722d65c6,RSI-TailProbe-20261004,0.9994216353261154,401131,0.510064442952474,2,55a56e639fc3c156bd714b8c,0.0,0,0.0,U-Mean-logit-alpha-0.000000,17,ISIC_0010938_A04_T1_S2_55a56e639fc3c156bd714b8c.png,S2,0.8084601759910583,0.8084663411055615,T1,val,M,1703ca22a1c39afeca05ffd0c12fe01606f41d5af81442d20102f130cc2ca491,d67353b51c7f853c45c0fad75d4336d0d442799627d3e648686eb70a497ad029,0.7041246456535255,T1,400899
0.0,0.0,0.0,,A06,0.34028342366218567,0.33865599373132754,0.18881690713953636,0.16776357846927528,0.35054536953555887,0,5ca3f9fed2a631d522b1bd5334bde7efb3613c82a3aa714d8ae5da962737af8c,0.34028342366218567,0.23146174848079681,0.0,0.23146174848079681,0.877359926700592,0.0,0.0,02fc8095c431dfc5451811632a802997c5ba97593e8a98ad29eaf0d9e1211df4,complete_update,1280.0,0.9010523613963038,0.9010523613963038,0.8732291382559193,115914,0,0,7446,0,0,0.0,0.0,0.0,-0.027823223140384545,0.027823223140384545,16ba82c3443a91e7ff00c064a383f9a34c4a1ca7442e3e16be9e626b3f183f98,ISIC_0010938,0,117.38824472663352,0.09170956619268243,ISIC_0010938,0927c49c300a53f3b14d268e7a91014316d9f0754dc7fa50e5f0204f15c693fc,0.8199229242088053,0.8199229242088053,0.0,0.0,0.23146174848079681,0.23146174848079681,0.23045414673568446,0.23045414673568446,cuda_FP32_original_batch_present,canonical_letterbox_valid,3d99874f14ae5f316eec36e21141043d75bd4fd17ccfb31e3174198dee269596,642fe1262c49ef6afa1416ce4e36fa1803576763fcf53cc32cee88f66d81a60e,0.509391725063324,complete_logit_interpolation,0,786432,0.9869167811697234,0,569126,0.7236811319986979,64d072ce14774becbf05c90c5c269c1b3f56ce3cfa7e52dfa81bbea2722d65c6,RSI-TailProbe-20261004,0.8289329598550165,677594,0.8616053263346354,2,55ddb5de9fc3c10470dbe07e,0.0,0,0.0,U-Mean-logit-alpha-0.000000,17,ISIC_0010938_A06_T1_S1_55ddb5de9fc3c10470dbe07e.png,S1,0.877359926700592,0.8777477002599586,T1,val,M,1703ca22a1c39afeca05ffd0c12fe01606f41d5af81442d20102f130cc2ca491,d67353b51c7f853c45c0fad75d4336d0d442799627d3e648686eb70a497ad029,0.8199229242088053,T1,561680
0.0,0.0,0.0,,A04,0.1906375139951706,0.19216840067274835,0.25209962294018323,0.22423385949501784,0.40909491745006993,0,5ca3f9fed2a631d522b1bd5334bde7efb3613c82a3aa714d8ae5da962737af8c,0.1906375139951706,0.1322784423828125,0.0,0.1322784423828125,0.9260806441307068,0.0,0.0,02fc8095c431dfc5451811632a802997c5ba97593e8a98ad29eaf0d9e1211df4,complete_update,1280.0,0.9442146117096856,0.9442146117096856,0.9460595527748813,17021,0,0,56672,0,0,0.0,0.0,0.0,0.0018449410651957265,-0.0018449410651957265,16ba82c3443a91e7ff00c064a383f9a34c4a1ca7442e3e16be9e626b3f183f98,ISIC_0010968,0,69.42621983083913,0.05423923424284307,ISIC_0010968,f7c3938f7739f6aa05c6eaf79b99db9fc46d89bebe73eab00382a50fb6b02d4f,0.8943243789712785,0.8943243789712785,0.0,0.0,0.1322784423828125,0.1322784423828125,0.13324628056725907,0.13324628056725907,cuda_FP32_original_batch_present,canonical_letterbox_valid,3d99874f14ae5f316eec36e21141043d75bd4fd17ccfb31e3174198dee269596,95a7846f31130939922fcbefa9ba715b25c2926c4c75366f76014ec00852a1f4,0.5679570436477661,complete_logit_interpolation,0,786432,0.9166992488939192,0,680330,0.8650843302408854,f73604c93214b441bccfb54731012498d80828936beb4d26dbecfe209e8836d9,RSI-TailProbe-20261004,0.9734328735607067,640679,0.8146654764811198,2,55a569289fc3c156bd714ad8,0.0,0,0.0,U-Mean-logit-alpha-0.000000,17,ISIC_0010968_A04_T1_S2_55a569289fc3c156bd714ad8.png,S2,0.9260806441307068,0.9256758395382302,T1,val,M,1703ca22a1c39afeca05ffd0c12fe01606f41d5af81442d20102f130cc2ca491,d67353b51c7f853c45c0fad75d4336d0d442799627d3e648686eb70a497ad029,0.8943243789712785,T1,623658
0.0,0.0,0.0,,A06,0.18898673355579376,0.18821143376996652,0.47839437913171795,0.4258531215599937,0.5300293986279395,0,5ca3f9fed2a631d522b1bd5334bde7efb3613c82a3aa714d8ae5da962737af8c,0.18898673355579376,0.1285077929496765,0.0,0.1285077929496765,0.9319711327552795,0.0,0.0,02fc8095c431dfc5451811632a802997c5ba97593e8a98ad29eaf0d9e1211df4,complete_update,1280.0,0.9489009420496717,0.9489009420496717,0.9336831298863281,67116,0,0,5558,0,0,0.0,0.0,0.0,-0.015217812163343614,0.015217812163343614,16ba82c3443a91e7ff00c064a383f9a34c4a1ca7442e3e16be9e626b3f183f98,ISIC_0010968,0,80.0,0.0625,ISIC_0010968,f7c3938f7739f6aa05c6eaf79b99db9fc46d89bebe73eab00382a50fb6b02d4f,0.9027702335687127,0.9027702335687127,0.0,0.0,0.1285077929496765,0.1285077929496765,0.1280861608849253,0.1280861608849253,cuda_FP32_original_batch_present,canonical_letterbox_valid,3d99874f14ae5f316eec36e21141043d75bd4fd17ccfb31e3174198dee269596,f8bd6d4e271baba65572ec74452b0a096c5d8d8471999ee6107763faa76a253f,0.5679570436477661,complete_logit_interpolation,0,786432,0.991830435229962,0,680330,0.8650843302408854,f73604c93214b441bccfb54731012498d80828936beb4d26dbecfe209e8836d9,RSI-TailProbe-20261004,0.9095335144927537,741888,0.943359375,2,55ddb8219fc3c10470dbe132,0.0,0,0.0,U-Mean-logit-alpha-0.000000,17,ISIC_0010968_A06_T1_S1_55ddb8219fc3c10470dbe132.png,S1,0.9319711327552795,0.9320391120001159,T1,val,M,1703ca22a1c39afeca05ffd0c12fe01606f41d5af81442d20102f130cc2ca491,d67353b51c7f853c45c0fad75d4336d0d442799627d3e648686eb70a497ad029,0.9027702335687127,T1,674772
0.0,0.0,0.0,,A04,0.017572633922100067,0.01755980073428817,0.5108035409852627,0.2110369921164342,0.7834818108192982,0,5ca3f9fed2a631d522b1bd5334bde7efb3613c82a3aa714d8ae5da962737af8c,0.017572633922100067,0.08286580443382263,0.0,0.08286580443382263,0.8518410325050354,0.0,0.0,02fc8095c431dfc5451811632a802997c5ba97593e8a98ad29eaf0d9e1211df4,complete_update,1280.0,0.8670214279616403,0.8670214279616403,0.859739746521015,18,0,0,4655,0,0,0.0,0.0,0.0,-0.007281681440625243,0.007281681440625243,16ba82c3443a91e7ff00c064a383f9a34c4a1ca7442e3e16be9e626b3f183f98,ISIC_0011005,0,18.384776310850235,0.014363106492851746,ISIC_0011005,b1f0d0809546bb1946491c30efceb40fbbeaf7eea56bc22f66cae83043c1ef81,0.765258451800874,0.765258451800874,0.0,0.0,0.08286580443382263,0.08286580443382263,0.08292040935116028,0.08292040935116028,cuda_FP32_original_batch_present,canonical_letterbox_valid,3d99874f14ae5f316eec36e21141043d75bd4fd17ccfb31e3174198dee269596,006d6e2912a2bd7a54a93d82c54c115dc1fa0fc48d4e4eb7217ae78d18ea6a65,0.4165267050266266,complete_logit_interpolation,0,786432,0.7659510282065464,0,19889,0.025290171305338543,3aea9a9acb0971eb20ba58aed87080058da07d9f7fac7511e2b8597c4119a3e7,RSI-TailProbe-20261004,0.9988198269079465,15252,0.0193939208984375,2,55a562639fc3c156bd7149fa,0.0,0,0.0,U-Mean-logit-alpha-0.000000,17,ISIC_0011005_A04_T3_S2_55a562639fc3c156bd7149fa.png,S2,0.8518410325050354,0.8517189820319676,T3,val,M,1703ca22a1c39afeca05ffd0c12fe01606f41d5af81442d20102f130cc2ca491,d67353b51c7f853c45c0fad75d4336d0d442799627d3e648686eb70a497ad029,0.765258451800874,T3,15234
0.0,0.0,0.0,,A06,0.061331793665885925,0.060851082104011515,0.1397788012236528,0.0646337018588264,0.267473482217487,0,5ca3f9fed2a631d522b1bd5334bde7efb3613c82a3aa714d8ae5da962737af8c,0.061331793665885925,0.15266314148902893,0.0,0.15266314148902893,0.7560055255889893,0.0,0.0,02fc8095c431dfc5451811632a802997c5ba97593e8a98ad29eaf0d9e1211df4,complete_update,1280.0,0.7571387751214401,0.7571387751214401,0.7641765029082435,12733,0,0,16,0,0,0.0,0.0,0.0,0.007037727786803338,-0.007037727786803338,16ba82c3443a91e7ff00c064a383f9a34c4a1ca7442e3e16be9e626b3f183f98,ISIC_0011005,0,33.54101966249684,0.02620392161132566,ISIC_0011005,b1f0d0809546bb1946491c30efceb40fbbeaf7eea56bc22f66cae83043c1ef81,0.6091901170988904,0.6091901170988904,0.0,0.0,0.15266314148902893,0.15266314148902893,0.15228873793349826,0.15228873793349826,cuda_FP32_original_batch_present,canonical_letterbox_valid,3d99874f14ae5f316eec36e21141043d75bd4fd17ccfb31e3174198dee269596,7ba4a998962c0cbdc31932fc392e8bbef3c76f48918a41465685d1d7ddd9f545,0.4165267050266266,complete_logit_interpolation,0,786432,0.9991955352204737,0,19889,0.025290171305338543,3aea9a9acb0971eb20ba58aed87080058da07d9f7fac7511e2b8597c4119a3e7,RSI-TailProbe-20261004,0.6094890510948905,32606,0.041460673014322914,2,55ddbb899fc3c10470dbe38a,0.0,0,0.0,U-Mean-logit-alpha-0.000000,17,ISIC_0011005_A06_T1_S1_55ddbb899fc3c10470dbe38a.png,S1,0.7560055255889893,0.756273606237015,T1,val,M,1703ca22a1c39afeca05ffd0c12fe01606f41d5af81442d20102f130cc2ca491,d67353b51c7f853c45c0fad75d4336d0d442799627d3e648686eb70a497ad029,0.0,T1,19873
0.0,0.0,0.0,,A04,0.08040706813335419,0.08104215028738165,0.05165528129367622,0.013419066256639644,0.33318704949148076,0,5ca3f9fed2a631d522b1bd5334bde7efb3613c82a3aa714d8ae5da962737af8c,0.08040706813335419,0.09178756922483444,0.0,0.09178756922483444,0.8968319296836853,0.0,0.0,02fc8095c431dfc5451811632a802997c5ba97593e8a98ad29eaf0d9e1211df4,complete_update,1280.0,0.9099793792995893,0.9099793792995893,0.9126981644265093,36,0,0,25939,0,0,0.0,0.0,0.0,0.0027187851269200314,-0.0027187851269200314,16ba82c3443a91e7ff00c064a383f9a34c4a1ca7442e3e16be9e626b3f183f98,ISIC_0011100,0,26.476404589747453,0.020684691085740198,ISIC_0011100,f627d6a0253a054b5b53feca0ddc04a46c730e3d5048d1ffb8962803a22ebbd1,0.8348276739158083,0.8348276739158083,0.0,0.0,0.09178756922483444,0.09178756922483444,0.09231586521563187,0.09231586521563187,cuda_FP32_original_batch_present,canonical_letterbox_valid,3d99874f14ae5f316eec36e21141043d75bd4fd17ccfb31e3174198dee269596,32aa9e0f4bf254cd1d2cc3c52be80076ff1c1855a505bcec9c9bbc9521468a75,0.42213475704193115,complete_logit_interpolation,0,786432,0.8350188266422429,0,157224,0.199920654296875,c490eab61b6ed6ac8935a438fe772feb7ff167024986ab2af3569d2bafaf719b,RSI-TailProbe-20261004,0.9997258625810038,131321,0.16698328653971353,2,55a027079fc3c156bd7147c0,0.0,0,0.0,U-Mean-logit-alpha-0.000000,17,ISIC_0011100_A04_T3_S1_55a027079fc3c156bd7147c0.png,S1,0.8968319296836853,0.8964104198561179,T3,val,M,1703ca22a1c39afeca05ffd0c12fe01606f41d5af81442d20102f130cc2ca491,d67353b51c7f853c45c0fad75d4336d0d442799627d3e648686eb70a497ad029,0.8348276739158083,T3,131285
0.0,0.0,0.0,,A06,0.05707000568509102,0.056702601053935923,0.21472610020551341,0.15525927184339144,0.43330235780712,0,5ca3f9fed2a631d522b1bd5334bde7efb3613c82a3aa714d8ae5da962737af8c,0.05707000568509102,0.06579878181219101,0.0,0.06579878181219101,0.9254724383354187,0.0,0.0,02fc8095c431dfc5451811632a802997c5ba97593e8a98ad29eaf0d9e1211df4,complete_update,1280.0,0.9356728280906137,0.9356728280906137,0.9329197479079404,21476,0,0,125,0,0,0.0,0.0,0.0,-0.0027530801826732842,0.0027530801826732842,16ba82c3443a91e7ff00c064a383f9a34c4a1ca7442e3e16be9e626b3f183f98,ISIC_0011100,0,28.844410203711913,0.02253469547164993,ISIC_0011100,f627d6a0253a054b5b53feca0ddc04a46c730e3d5048d1ffb8962803a22ebbd1,0.8791214325685507,0.8791214325685507,0.0,0.0,0.06579878181219101,0.06579878181219101,0.0655238363186362,0.0655238363186362,cuda_FP32_original_batch_present,canonical_letterbox_valid,3d99874f14ae5f316eec36e21141043d75bd4fd17ccfb31e3174198dee269596,45135908832434a099c5a951d5c0fc3469577e150b7d157a01a858a4a1c2bcad,0.42213475704193115,complete_logit_interpolation,0,786432,0.9992049559863634,0,157224,0.199920654296875,c490eab61b6ed6ac8935a438fe772feb7ff167024986ab2af3569d2bafaf719b,RSI-TailProbe-20261004,0.8797368052638947,178575,0.22706985473632812,2,568bb4659fc3c126c063ff40,0.0,0,0.0,U-Mean-logit-alpha-0.000000,17,ISIC_0011100_A06_T1_S1_568bb4659fc3c126c063ff40.png,S1,0.9254724383354187,0.9256549284166635,T1,val,M,1703ca22a1c39afeca05ffd0c12fe01606f41d5af81442d20102f130cc2ca491,d67353b51c7f853c45c0fad75d4336d0d442799627d3e648686eb70a497ad029,0.8791214325685507,T1,157099
0.0,0.0,0.0,,A04,0.2872864902019501,0.287501731420298,0.0,0.0,0.04490267745578222,0,5ca3f9fed2a631d522b1bd5334bde7efb3613c82a3aa714d8ae5da962737af8c,0.2872864902019501,0.21513165533542633,0.0,0.21513165533542633,0.8570231795310974,0.0,0.0,02fc8095c431dfc5451811632a802997c5ba97593e8a98ad29eaf0d9e1211df4,complete_update,1280.0,0.8704332055698872,0.8704332055698872,0.85027093830212,109592,0,0,0,0,0,0.0,0.0,0.0,-0.020162267267767264,0.020162267267767264,16ba82c3443a91e7ff00c064a383f9a34c4a1ca7442e3e16be9e626b3f183f98,ISIC_0011107,0,102.53779756106195,0.08010765434457964,ISIC_0011107,1a1e59d528037e99a7ca12136df586c147d3ef2c2b4e6b9704b10145716aa83d,0.770590291660474,0.770590291660474,0.0,0.0,0.21513165533542633,0.21513165533542633,0.21522750732997603,0.21522750732997603,cuda_FP32_original_batch_present,canonical_letterbox_valid,3d99874f14ae5f316eec36e21141043d75bd4fd17ccfb31e3174198dee269596,28750b4e3af5070eebc40f703f403d8db40c61d3d25e06292fdd4ca315c91fe1,0.3922351002693176,complete_logit_interpolation,0,786432,1.0,0,368121,0.4680900573730469,ea4d86cce3d5ff2025147fefdfdda714da50476b0eaf7c2a94d5817ec827132a,RSI-TailProbe-20261004,0.770590291660474,477713,0.6074434916178385,3,55a020ea9fc3c156bd714796,0.0,0,0.0,U-Mean-logit-alpha-0.000000,17,ISIC_0011107_A04_T1_S1_55a020ea9fc3c156bd714796.png,S1,0.8570231795310974,0.8570467167603459,T1,val,M,1703ca22a1c39afeca05ffd0c12fe01606f41d5af81442d20102f130cc2ca491,d67353b51c7f853c45c0fad75d4336d0d442799627d3e648686eb70a497ad029,0.770590291660474,T1,368121
0.0,0.0,0.0,,A03,0.5432233214378357,0.5433917560279499,0.0,0.0,0.0,0,5ca3f9fed2a631d522b1bd5334bde7efb3613c82a3aa714d8ae5da962737af8c,0.5432233214378357,0.36988919973373413,0.0,0.36988919973373413,0.8034449219703674,0.0,0.0,02fc8095c431dfc5451811632a802997c5ba97593e8a98ad29eaf0d9e1211df4,complete_update,1280.0,0.8044136430036285,0.8044136430036285,0.7847182425978988,179011,0,0,0,0,0,0.0,0.0,0.0,-0.0196954004057297,0.0196954004057297,16ba82c3443a91e7ff00c064a383f9a34c4a1ca7442e3e16be9e626b3f183f98,ISIC_0011107,0,137.86260915777856,0.1077051634045145,ISIC_0011107,1a1e59d528037e99a7ca12136df586c147d3ef2c2b4e6b9704b10145716aa83d,0.6728193562065461,0.6728193562065461,0.0,0.0,0.36988919973373413,0.36988919973373413,0.3699636077605166,0.3699636077605166,cuda_FP32_original_batch_present,canonical_letterbox_valid,3d99874f14ae5f316eec36e21141043d75bd4fd17ccfb31e3174198dee269596,ca2c443d32b8b06891c13619c8140c47599a59c2fa9ec1ab53b63e73c8df105e,0.3922351002693176,complete_logit_interpolation,0,786432,1.0,0,368121,0.4680900573730469,ea4d86cce3d5ff2025147fefdfdda714da50476b0eaf7c2a94d5817ec827132a,RSI-TailProbe-20261004,0.6728193562065461,547132,0.6957143147786459,3,57be16e99fc3c1434763a366,0.0,0,0.0,U-Mean-logit-alpha-0.000000,17,ISIC_0011107_A03_T1_S1_57be16e99fc3c1434763a366.png,S1,0.8034449219703674,0.8034645405069166,T1,val,M,1703ca22a1c39afeca05ffd0c12fe01606f41d5af81442d20102f130cc2ca491,d67353b51c7f853c45c0fad75d4336d0d442799627d3e648686eb70a497ad029,0.6728193562065461,T1,368121
0.0,0.0,0.0,,A02,0.2564100921154022,0.25634260213793547,0.015134653906076118,0.006677053193857111,0.0516782365166748,0,5ca3f9fed2a631d522b1bd5334bde7efb3613c82a3aa714d8ae5da962737af8c,0.2564100921154022,0.1963232010602951,0.0,0.1963232010602951,0.863763689994812,0.0,0.0,02fc8095c431dfc5451811632a802997c5ba97593e8a98ad29eaf0d9e1211df4,complete_update,1280.0,0.8767812697240714,0.8767812697240714,0.8565834663834729,103468,0,0,0,0,0,0.0,0.0,0.0,-0.020197803340598508,0.020197803340598508,16ba82c3443a91e7ff00c064a383f9a34c4a1ca7442e3e16be9e626b3f183f98,ISIC_0011107,0,91.55216529030093,0.07152512913304761,ISIC_0011107,1a1e59d528037e99a7ca12136df586c147d3ef2c2b4e6b9704b10145716aa83d,0.780597087718331,0.780597087718331,0.0,0.0,0.1963232010602951,0.1963232010602951,0.19625925697001373,0.19625925697001373,cuda_FP32_original_batch_present,canonical_letterbox_valid,3d99874f14ae5f316eec36e21141043d75bd4fd17ccfb31e3174198dee269596,fc7bb97c5b248a358949e4d49700014d7e87f90c36122c708a5f99dae19651a6,0.3922351002693176,complete_logit_interpolation,0,786432,1.0,0,368121,0.4680900573730469,ea4d86cce3d5ff2025147fefdfdda714da50476b0eaf7c2a94d5817ec827132a,RSI-TailProbe-20261004,0.780597087718331,471589,0.5996564229329427,3,57c060a19fc3c158f2bd0e71,0.0,0,0.0,U-Mean-logit-alpha-0.000000,17,ISIC_0011107_A02_T1_S1_57c060a19fc3c158f2bd0e71.png,S1,0.863763689994812,0.863824088197908,T1,val,M,1703ca22a1c39afeca05ffd0c12fe01606f41d5af81442d20102f130cc2ca491,d67353b51c7f853c45c0fad75d4336d0d442799627d3e648686eb70a497ad029,0.780597087718331,T1,368121
0.0,0.0,0.0,,A04,0.15985321998596191,0.1597225926562307,0.0,0.0,0.002985445950988929,0,5ca3f9fed2a631d522b1bd5334bde7efb3613c82a3aa714d8ae5da962737af8c,0.15985321998596191,0.15641671419143677,0.0,0.15641671419143677,0.8470197916030884,0.0,0.0,02fc8095c431dfc5451811632a802997c5ba97593e8a98ad29eaf0d9e1211df4,complete_update,1280.0,0.8450854982058098,0.8450854982058098,0.8480921274277738,35314,0,0,0,0,0,0.0,0.0,0.0,0.003006629221964041,-0.003006629221964041,16ba82c3443a91e7ff00c064a383f9a34c4a1ca7442e3e16be9e626b3f183f98,ISIC_0011110,0,45.63491633848389,0.03565227838944054,ISIC_0011110,699865c020e33f105c596487d977b0a19228054ef083e43cd271a1f48c878def,0.7317299219058616,0.7317299219058616,0.0,0.0,0.15641671419143677,0.15641671419143677,0.15644495260788321,0.15644495260788321,cuda_FP32_original_batch_present,canonical_letterbox_valid,3d99874f14ae5f316eec36e21141043d75bd4fd17ccfb31e3174198dee269596,44c5b2445de7dab0b069965eac878adf326b79be4302bdbebd097ddc9747b479,0.5977519750595093,complete_logit_interpolation,0,786432,1.0,0,96322,0.12247975667317708,fe383ea5fce4cc4e2050ef71348981945582472b173b03d0127dc6139b166b44,RSI-TailProbe-20261004,0.7317299219058616,131636,0.16738382975260416,4,55a0206a9fc3c156bd714784,0.0,0,0.0,U-Mean-logit-alpha-0.000000,17,ISIC_0011110_A04_T1_S1_55a0206a9fc3c156bd714784.png,S1,0.8470197916030884,0.8468326874404642,T1,val,M,1703ca22a1c39afeca05ffd0c12fe01606f41d5af81442d20102f130cc2ca491,d67353b51c7f853c45c0fad75d4336d0d442799627d3e648686eb70a497ad029,0.7317299219058616,T1,96322
0.0,0.0,0.0,,A06,0.02870056964457035,0.0287234533935181,0.41420844064943685,0.08046370937700227,0.8878084696222411,0,5ca3f9fed2a631d522b1bd5334bde7efb3613c82a3aa714d8ae5da962737af8c,0.02870056964457035,0.04175646975636482,0.0,0.04175646975636482,0.9451876282691956,0.0,0.0,02fc8095c431dfc5451811632a802997c5ba97593e8a98ad29eaf0d9e1211df4,complete_update,1280.0,0.9492143423782096,0.9492143423782096,0.9522859697562222,10307,0,0,0,0,0,0.0,0.0,0.0,0.003071627378012587,-0.003071627378012587,16ba82c3443a91e7ff00c064a383f9a34c4a1ca7442e3e16be9e626b3f183f98,ISIC_0011110,0,19.0,0.01484375,ISIC_0011110,699865c020e33f105c596487d977b0a19228054ef083e43cd271a1f48c878def,0.90333774113984,0.90333774113984,0.0,0.0,0.04175646975636482,0.04175646975636482,0.04191104027548608,0.04191104027548608,cuda_FP32_original_batch_present,canonical_letterbox_valid,3d99874f14ae5f316eec36e21141043d75bd4fd17ccfb31e3174198dee269596,5cc9880519ffb52bf4680b97c73e7396b6492eb7055a23eb7d727a298ed08a8a,0.5977519750595093,complete_logit_interpolation,0,786432,1.0,0,96322,0.12247975667317708,fe383ea5fce4cc4e2050ef71348981945582472b173b03d0127dc6139b166b44,RSI-TailProbe-20261004,0.90333774113984,106629,0.13558578491210938,4,568b368b9fc3c126c063fed4,0.0,0,0.0,U-Mean-logit-alpha-0.000000,17,ISIC_0011110_A06_T3_S1_568b368b9fc3c126c063fed4.png,S1,0.9451876282691956,0.9449013728425459,T3,val,M,1703ca22a1c39afeca05ffd0c12fe01606f41d5af81442d20102f130cc2ca491,d67353b51c7f853c45c0fad75d4336d0d442799627d3e648686eb70a497ad029,0.90333774113984,T3,96322
0.0,0.0,0.0,,A03,0.2606428861618042,0.2597465470644739,0.0,0.0,0.042530378842030016,0,5ca3f9fed2a631d522b1bd5334bde7efb3613c82a3aa714d8ae5da962737af8c,0.2606428861618042,0.2305043339729309,0.0,0.2305043339729309,0.7996342182159424,0.0,0.0,02fc8095c431dfc5451811632a802997c5ba97593e8a98ad29eaf0d9e1211df4,complete_update,1280.0,0.797770397303274,0.797770397303274,0.8007254010153961,48834,0,0,0,0,0,0.0,0.0,0.0,0.002955003712122095,-0.002955003712122095,16ba82c3443a91e7ff00c064a383f9a34c4a1ca7442e3e16be9e626b3f183f98,ISIC_0011110,0,66.94463064710125,0.05230049269304785,ISIC_0011110,699865c020e33f105c596487d977b0a19228054ef083e43cd271a1f48c878def,0.6635757392047177,0.6635757392047177,0.0,0.0,0.2305043339729309,0.2305043339729309,0.22988033461497967,0.22988033461497967,cuda_FP32_original_batch_present,canonical_letterbox_valid,3d99874f14ae5f316eec36e21141043d75bd4fd17ccfb31e3174198dee269596,d4b5df6229af6e9b769e55b7d38bfbf1153756eff5ff58f33a6df290f0324a48,0.5977519750595093,complete_logit_interpolation,0,786432,1.0,0,96322,0.12247975667317708,fe383ea5fce4cc4e2050ef71348981945582472b173b03d0127dc6139b166b44,RSI-TailProbe-20261004,0.6635757392047177,145156,0.18457539876302084,4,57be16f99fc3c1434763a367,0.0,0,0.0,U-Mean-logit-alpha-0.000000,17,ISIC_0011110_A03_T1_S1_57be16f99fc3c1434763a367.png,S1,0.7996342182159424,0.7999858778345146,T1,val,M,1703ca22a1c39afeca05ffd0c12fe01606f41d5af81442d20102f130cc2ca491,d67353b51c7f853c45c0fad75d4336d0d442799627d3e648686eb70a497ad029,0.6635757392047177,T1,96322
0.0,0.0,0.0,,A02,0.09759315848350525,0.09639475641481282,0.0,0.0,0.17230955939364653,0,5ca3f9fed2a631d522b1bd5334bde7efb3613c82a3aa714d8ae5da962737af8c,0.09759315848350525,0.1057714968919754,0.0,0.1057714968919754,0.8860501646995544,0.0,0.0,02fc8095c431dfc5451811632a802997c5ba97593e8a98ad29eaf0d9e1211df4,complete_update,1280.0,0.8857806285490953,0.8857806285490953,0.8888206162876009,24841,0,0,0,0,0,0.0,0.0,0.0,0.0030399877385055563,-0.0030399877385055563,16ba82c3443a91e7ff00c064a383f9a34c4a1ca7442e3e16be9e626b3f183f98,ISIC_0011110,0,33.425952874339096,0.02611402568307742,ISIC_0011110,699865c020e33f105c596487d977b0a19228054ef083e43cd271a1f48c878def,0.7949786651040334,0.7949786651040334,0.0,0.0,0.1057714968919754,0.1057714968919754,0.10494103144116071,0.10494103144116071,cuda_FP32_original_batch_present,canonical_letterbox_valid,3d99874f14ae5f316eec36e21141043d75bd4fd17ccfb31e3174198dee269596,2abeff56267f25896c33b1f81d938c137a474f2da1fe786c372bb54f443060ff,0.5977519750595093,complete_logit_interpolation,0,786432,1.0,0,96322,0.12247975667317708,fe383ea5fce4cc4e2050ef71348981945582472b173b03d0127dc6139b166b44,RSI-TailProbe-20261004,0.7949786651040334,121163,0.15406672159830728,4,57c060b29fc3c158f2bd0e72,0.0,0,0.0,U-Mean-logit-alpha-0.000000,17,ISIC_0011110_A02_T1_S1_57c060b29fc3c158f2bd0e72.png,S1,0.8860501646995544,0.8865126935324914,T1,val,M,1703ca22a1c39afeca05ffd0c12fe01606f41d5af81442d20102f130cc2ca491,d67353b51c7f853c45c0fad75d4336d0d442799627d3e648686eb70a497ad029,0.7949786651040334,T1,96322
0.0,0.0,0.0,,A04,0.14340922236442566,0.14445291674081248,0.6820016445313217,0.21650693339645596,0.7330393874558853,0,5ca3f9fed2a631d522b1bd5334bde7efb3613c82a3aa714d8ae5da962737af8c,0.14340922236442566,0.1023760586977005,0.0,0.1023760586977005,0.9386571049690247,0.0,0.0,02fc8095c431dfc5451811632a802997c5ba97593e8a98ad29eaf0d9e1211df4,complete_update,1280.0,0.9646587295001612,0.9646587295001612,0.9599405817957701,17796,0,0,30331,0,0,0.0,0.0,0.0,-0.004718147704391051,0.004718147704391051,16ba82c3443a91e7ff00c064a383f9a34c4a1ca7442e3e16be9e626b3f183f98,ISIC_0011121,0,57.0,0.04453125,ISIC_0011121,db529530985fbba1c970790bed4bc6f04b014eafe4c012c925a93f59174ff85e,0.9317302004530799,0.9317302004530799,0.0,0.0,0.1023760586977005,0.1023760586977005,0.10303546103812193,0.10303546103812193,cuda_FP32_original_batch_present,canonical_letterbox_valid,3d99874f14ae5f316eec36e21141043d75bd4fd17ccfb31e3174198dee269596,eac74777a716cf008b350b574f9991c9ff869825f87a884b024ae83a859aa9e4,0.5379019379615784,complete_logit_interpolation,0,786432,0.9558601600507599,0,687157,0.8737653096516927,7747bd308df1f6bc53dca8875fccad761ec3bf9e22a45724f9b8579054ea30cb,RSI-TailProbe-20261004,0.9736207831941442,674622,0.8578262329101562,2,55a01ee49fc3c156bd714742,0.0,0,0.0,U-Mean-logit-alpha-0.000000,17,ISIC_0011121_A04_T1_S1_55a01ee49fc3c156bd714742.png,S1,0.9386571049690247,0.9383819946645686,T1,val,M,1703ca22a1c39afeca05ffd0c12fe01606f41d5af81442d20102f130cc2ca491,d67353b51c7f853c45c0fad75d4336d0d442799627d3e648686eb70a497ad029,0.9317302004530799,T1,656826
0.0,0.0,0.0,,A06,0.21082894504070282,0.2102080967402026,0.679399714527706,0.6525423106091416,0.72601133819786,0,5ca3f9fed2a631d522b1bd5334bde7efb3613c82a3aa714d8ae5da962737af8c,0.21082894504070282,0.14069613814353943,0.0,0.14069613814353943,0.9294366836547852,0.0,0.0,02fc8095c431dfc5451811632a802997c5ba97593e8a98ad29eaf0d9e1211df4,complete_update,1280.0,0.955067596924431,0.955067596924431,0.9418623807475968,58396,0,0,5722,0,0,0.0,0.0,0.0,-0.013205216176834234,0.013205216176834234,16ba82c3443a91e7ff00c064a383f9a34c4a1ca7442e3e16be9e626b3f183f98,ISIC_0011121,0,145.69140136974877,0.11382140732011622,ISIC_0011121,db529530985fbba1c970790bed4bc6f04b014eafe4c012c925a93f59174ff85e,0.9139994071514701,0.9139994071514701,0.0,0.0,0.14069613814353943,0.14069613814353943,0.14039080395447023,0.14039080395447023,cuda_FP32_original_batch_present,canonical_letterbox_valid,3d99874f14ae5f316eec36e21141043d75bd4fd17ccfb31e3174198dee269596,7992d2af68a9342d9960453523fcddedc1b9111b2c087bfd499034db4f346773,0.5379019379615784,complete_logit_interpolation,0,786432,0.9916729364613909,0,687157,0.8737653096516927,7747bd308df1f6bc53dca8875fccad761ec3bf9e22a45724f9b8579054ea30cb,RSI-TailProbe-20261004,0.9210684602294308,739831,0.9407437642415365,2,568b3a1a9fc3c126c063fef2,0.0,0,0.0,U-Mean-logit-alpha-0.000000,17,ISIC_0011121_A06_T1_S1_568b3a1a9fc3c126c063fef2.png,S1,0.9294366836547852,0.9294264888312621,T1,val,M,1703ca22a1c39afeca05ffd0c12fe01606f41d5af81442d20102f130cc2ca491,d67353b51c7f853c45c0fad75d4336d0d442799627d3e648686eb70a497ad029,0.9139994071514701,T1,681435
0.0,0.0,0.0,,A04,0.2139815092086792,0.21351844828694547,0.25697307055814655,0.14159861326576673,0.47324243904605406,0,5ca3f9fed2a631d522b1bd5334bde7efb3613c82a3aa714d8ae5da962737af8c,0.2139815092086792,0.19001427292823792,0.0,0.19001427292823792,0.8339529633522034,0.0,0.0,02fc8095c431dfc5451811632a802997c5ba97593e8a98ad29eaf0d9e1211df4,complete_update,1280.0,0.9016292273512713,0.9016292273512713,0.9325803278265987,4311,0,0,67419,0,0,0.0,0.0,0.0,0.030951100475327453,-0.030951100475327453,16ba82c3443a91e7ff00c064a383f9a34c4a1ca7442e3e16be9e626b3f183f98,ISIC_0011155,0,114.42463968586105,0.08939424975457895,ISIC_0011155,672227023cc71593eaa3a1a1b1cd0c4359a4dca051ad5ab5f945880ec2495a16,0.8208787504213957,0.8208787504213957,0.0,0.0,0.19001427292823792,0.19001427292823792,0.189669129903485,0.189669129903485,cuda_FP32_original_batch_present,canonical_letterbox_valid,3d99874f14ae5f316eec36e21141043d75bd4fd17ccfb31e3174198dee269596,b381907f928d5f886283b2b6cbd3f61890213f5e339394e0677a3f900fd0d36f,0.48652878403663635,complete_logit_interpolation,0,786432,0.8298118865866958,0,396144,0.50372314453125,4ca9faf5e83e12b5bb78591312ecaf6e420a8156e724790101fd2506310f73fb,RSI-TailProbe-20261004,0.9870554534644903,333036,0.4234771728515625,2,55a009329fc3c156bd714651,0.0,0,0.0,U-Mean-logit-alpha-0.000000,17,ISIC_0011155_A04_T1_S2_55a009329fc3c156bd714651.png,S2,0.8339529633522034,0.8341801884799754,T1,val,M,1703ca22a1c39afeca05ffd0c12fe01606f41d5af81442d20102f130cc2ca491,d67353b51c7f853c45c0fad75d4336d0d442799627d3e648686eb70a497ad029,0.8208787504213957,T1,328725
0.0,0.0,0.0,,A03,0.2542479336261749,0.25342963713684946,0.18838580700415872,0.13148089820948358,0.24206573620576993,0,5ca3f9fed2a631d522b1bd5334bde7efb3613c82a3aa714d8ae5da962737af8c,0.2542479336261749,0.22207508981227875,0.0,0.22207508981227875,0.8100977540016174,0.0,0.0,02fc8095c431dfc5451811632a802997c5ba97593e8a98ad29eaf0d9e1211df4,complete_update,1280.0,0.8617434003726715,0.8617434003726715,0.8939355579935123,5804,0,0,91840,0,0,0.0,0.0,0.0,0.03219215762084082,-0.03219215762084082,16ba82c3443a91e7ff00c064a383f9a34c4a1ca7442e3e16be9e626b3f183f98,ISIC_0011155,0,136.11205135367123,0.10633754012005565,ISIC_0011155,672227023cc71593eaa3a1a1b1cd0c4359a4dca051ad5ab5f945880ec2495a16,0.7570730542259198,0.7570730542259198,0.0,0.0,0.22207508981227875,0.22207508981227875,0.22145828335918563,0.22145828335918563,cuda_FP32_original_batch_present,canonical_letterbox_valid,3d99874f14ae5f316eec36e21141043d75bd4fd17ccfb31e3174198dee269596,08d48b32d3aca6899821cbfe3f9396a48674c80d93c2b399857bac09a7e8d669,0.48652878403663635,complete_logit_interpolation,0,786432,0.7681651116765621,0,396144,0.50372314453125,4ca9faf5e83e12b5bb78591312ecaf6e420a8156e724790101fd2506310f73fb,RSI-TailProbe-20261004,0.9812839397887188,310108,0.3943227132161458,2,5abbd5e11165976359dad0bc,0.0,0,0.0,U-Mean-logit-alpha-0.000000,17,ISIC_0011155_A03_T1_S1_5abbd5e11165976359dad0bc.png,S1,0.8100977540016174,0.8105130704184782,T1,val,M,1703ca22a1c39afeca05ffd0c12fe01606f41d5af81442d20102f130cc2ca491,d67353b51c7f853c45c0fad75d4336d0d442799627d3e648686eb70a497ad029,0.7570730542259198,T1,304304
0.0,0.0,0.0,,A04,0.1399686187505722,0.13940492634420548,0.029451137884872827,0.008412197686645638,0.14766779749216927,0,5ca3f9fed2a631d522b1bd5334bde7efb3613c82a3aa714d8ae5da962737af8c,0.1399686187505722,0.14057788252830505,0.0,0.14057788252830505,0.8588128685951233,0.0,0.0,02fc8095c431dfc5451811632a802997c5ba97593e8a98ad29eaf0d9e1211df4,complete_update,1280.0,0.8645417601746831,0.8645417601746831,0.8667035950709661,44666,0,0,0,0,0,0.0,0.0,0.0,0.002161834896282966,-0.002161834896282966,16ba82c3443a91e7ff00c064a383f9a34c4a1ca7442e3e16be9e626b3f183f98,ISIC_0011169,0,45.880278987817846,0.03584396795923269,ISIC_0011169,0fbac1d56399999983b7b00cd83e3825d60983739447e7134cad70484e336188,0.7614033963130933,0.7614033963130933,0.0,0.0,0.14057788252830505,0.14057788252830505,0.1402258273931474,0.1402258273931474,cuda_FP32_original_batch_present,canonical_letterbox_valid,3d99874f14ae5f316eec36e21141043d75bd4fd17ccfb31e3174198dee269596,bfc465249dbb0d748360ececcd8d0f5a551aa1dc54151579093ea5f81fba9368,0.3930419385433197,complete_logit_interpolation,0,786432,1.0,0,142537,0.18124516805013022,b5d931d187c1328629d3d97f40b13af4dac0da05b9b8faf07c8aa0e1bd2c8d84,RSI-TailProbe-20261004,0.7614033963130933,187203,0.23804092407226562,2,55a007d89fc3c156bd7145fd,0.0,0,0.0,U-Mean-logit-alpha-0.000000,17,ISIC_0011169_A04_T1_S1_55a007d89fc3c156bd7145fd.png,S1,0.8588128685951233,0.8589532715579107,T1,val,M,1703ca22a1c39afeca05ffd0c12fe01606f41d5af81442d20102f130cc2ca491,d67353b51c7f853c45c0fad75d4336d0d442799627d3e648686eb70a497ad029,0.7614033963130933,T1,142537
0.0,0.0,0.0,,A06,0.09699589014053345,0.09713892837017805,0.025053686471009307,0.0,0.31988589076879415,0,5ca3f9fed2a631d522b1bd5334bde7efb3613c82a3aa714d8ae5da962737af8c,0.09699589014053345,0.10681962966918945,0.0,0.10681962966918945,0.8833566308021545,0.0,0.0,02fc8095c431dfc5451811632a802997c5ba97593e8a98ad29eaf0d9e1211df4,complete_update,1280.0,0.8904944866148128,0.8904944866148128,0.8926701978744166,35056,0,0,0,0,0,0.0,0.0,0.0,0.0021757112596038075,-0.0021757112596038075,16ba82c3443a91e7ff00c064a383f9a34c4a1ca7442e3e16be9e626b3f183f98,ISIC_0011169,0,53.33608085324815,0.041668813166600115,ISIC_0011169,0fbac1d56399999983b7b00cd83e3825d60983739447e7134cad70484e336188,0.8026048323976733,0.8026048323976733,0.0,0.0,0.10681962966918945,0.10681962966918945,0.10694199045870986,0.10694199045870986,cuda_FP32_original_batch_present,canonical_letterbox_valid,3d99874f14ae5f316eec36e21141043d75bd4fd17ccfb31e3174198dee269596,da241448da18f2d2d3b90296f2e4a07a6f66f351eb1a8fd7b1aeaee750e09f1e,0.3930419385433197,complete_logit_interpolation,0,786432,1.0,0,142537,0.18124516805013022,b5d931d187c1328629d3d97f40b13af4dac0da05b9b8faf07c8aa0e1bd2c8d84,RSI-TailProbe-20261004,0.8026048323976733,177593,0.22582117716471353,2,568b39019fc3c126c063fee9,0.0,0,0.0,U-Mean-logit-alpha-0.000000,17,ISIC_0011169_A06_T1_S1_568b39019fc3c126c063fee9.png,S1,0.8833566308021545,0.8832549474527583,T1,val,M,1703ca22a1c39afeca05ffd0c12fe01606f41d5af81442d20102f130cc2ca491,d67353b51c7f853c45c0fad75d4336d0d442799627d3e648686eb70a497ad029,0.8026048323976733,T1,142537
0.0,0.0,0.0,,A04,0.024654829874634743,0.02415387083219701,0.6666160552062985,0.39264985078848536,0.8672347638310228,0,5ca3f9fed2a631d522b1bd5334bde7efb3613c82a3aa714d8ae5da962737af8c,0.024654829874634743,0.03764895722270012,0.0,0.03764895722270012,0.9493569135665894,0.0,0.0,02fc8095c431dfc5451811632a802997c5ba97593e8a98ad29eaf0d9e1211df4,complete_update,1280.0,0.9621031983350478,0.9621031983350478,0.9662218535310916,7403,0,0,518,0,0,0.0,0.0,0.0,0.004118655196043819,-0.004118655196043819,16ba82c3443a91e7ff00c064a383f9a34c4a1ca7442e3e16be9e626b3f183f98,ISIC_0011321,0,18.657296414501065,0.014576012823828957,ISIC_0011321,87cca6deb353df3bd2bf0ad5b13bd7302a48727ac2a3cf43f24b594a9392becd,0.9269738540399012,0.9269738540399012,0.0,0.0,0.03764895722270012,0.03764895722270012,0.03721964528079092,0.03721964528079092,cuda_FP32_original_batch_present,canonical_letterbox_valid,3d99874f14ae5f316eec36e21141043d75bd4fd17ccfb31e3174198dee269596,ad257233e8d5505340f46cdea9a9e617a3492398bb679c22fde5170c94246019,0.5958812236785889,complete_logit_interpolation,0,786432,0.9948745856626924,0,101065,0.12851079305013022,e282ad915953e6719b9dbb31face70bf56761075c35bb3e6bed4e75741ffcfaf,RSI-TailProbe-20261004,0.9314219546086151,107950,0.1372655232747396,4,55a967a49fc3c156bd715e61,0.0,0,0.0,U-Mean-logit-alpha-0.000000,17,ISIC_0011321_A04_T3_S1_55a967a49fc3c156bd715e61.png,S1,0.9493569135665894,0.9497145802706152,T3,val,M,1703ca22a1c39afeca05ffd0c12fe01606f41d5af81442d20102f130cc2ca491,d67353b51c7f853c45c0fad75d4336d0d442799627d3e648686eb70a497ad029,0.9269738540399012,T3,100547
0.0,0.0,0.0,,A06,0.017504515126347542,0.016963230644372298,0.8239111117091558,0.5168767326070263,0.9585462833249024,0,5ca3f9fed2a631d522b1bd5334bde7efb3613c82a3aa714d8ae5da962737af8c,0.017504515126347542,0.03003707528114319,0.0,0.03003707528114319,0.957430362701416,0.0,0.0,02fc8095c431dfc5451811632a802997c5ba97593e8a98ad29eaf0d9e1211df4,complete_update,1280.0,0.972851866251944,0.972851866251944,0.9762222997055633,4608,0,0,978,0,0,0.0,0.0,0.0,0.003370433453619315,-0.003370433453619315,16ba82c3443a91e7ff00c064a383f9a34c4a1ca7442e3e16be9e626b3f183f98,ISIC_0011321,0,12.806248474865697,0.010004881620988827,ISIC_0011321,87cca6deb353df3bd2bf0ad5b13bd7302a48727ac2a3cf43f24b594a9392becd,0.9471388150237052,0.9471388150237052,0.0,0.0,0.03003707528114319,0.03003707528114319,0.029504786737565944,0.029504786737565944,cuda_FP32_original_batch_present,canonical_letterbox_valid,3d99874f14ae5f316eec36e21141043d75bd4fd17ccfb31e3174198dee269596,c324fea45b97b51763ab87d485e17161bfa1e3a80f859c60b8079498d0f47711,0.5958812236785889,complete_logit_interpolation,0,786432,0.9903230594172068,0,101065,0.12851079305013022,e282ad915953e6719b9dbb31face70bf56761075c35bb3e6bed4e75741ffcfaf,RSI-TailProbe-20261004,0.955986436792588,104695,0.13312657674153647,4,57b712229fc3c1565f9bf379,0.0,0,0.0,U-Mean-logit-alpha-0.000000,17,ISIC_0011321_A06_T3_S1_57b712229fc3c1565f9bf379.png,S1,0.957430362701416,0.9579536571692404,T3,val,M,1703ca22a1c39afeca05ffd0c12fe01606f41d5af81442d20102f130cc2ca491,d67353b51c7f853c45c0fad75d4336d0d442799627d3e648686eb70a497ad029,0.9471388150237052,T3,100087
0.0,0.0,0.0,,A03,0.2698899507522583,0.2685859153100865,0.0,0.0,0.0,0,5ca3f9fed2a631d522b1bd5334bde7efb3613c82a3aa714d8ae5da962737af8c,0.2698899507522583,0.2397993803024292,0.0,0.2397993803024292,0.7902911901473999,0.0,0.0,02fc8095c431dfc5451811632a802997c5ba97593e8a98ad29eaf0d9e1211df4,complete_update,1280.0,0.7866786538543868,0.7866786538543868,0.7901442503599467,54811,0,0,0,0,0,0.0,0.0,0.0,0.003465596505559887,-0.003465596505559887,16ba82c3443a91e7ff00c064a383f9a34c4a1ca7442e3e16be9e626b3f183f98,ISIC_0011321,0,73.48502569638383,0.057410176325299864,ISIC_0011321,87cca6deb353df3bd2bf0ad5b13bd7302a48727ac2a3cf43f24b594a9392becd,0.6483679334855911,0.6483679334855911,0.0,0.0,0.2397993803024292,0.2397993803024292,0.23898360644483677,0.23898360644483677,cuda_FP32_original_batch_present,canonical_letterbox_valid,3d99874f14ae5f316eec36e21141043d75bd4fd17ccfb31e3174198dee269596,ed151d143472c85f3ec462cd702092ea7b2b90ab180153404ed8382c0744b870,0.5958812236785889,complete_logit_interpolation,0,786432,1.0,0,101065,0.12851079305013022,e282ad915953e6719b9dbb31face70bf56761075c35bb3e6bed4e75741ffcfaf,RSI-TailProbe-20261004,0.6483679334855911,155876,0.19820658365885416,4,57be17d99fc3c1434763a36f,0.0,0,0.0,U-Mean-logit-alpha-0.000000,17,ISIC_0011321_A03_T1_S1_57be17d99fc3c1434763a36f.png,S1,0.7902911901473999,0.790618702420413,T1,val,M,1703ca22a1c39afeca05ffd0c12fe01606f41d5af81442d20102f130cc2ca491,d67353b51c7f853c45c0fad75d4336d0d442799627d3e648686eb70a497ad029,0.0,T1,101065
0.0,0.0,0.0,,A02,0.042932718992233276,0.04251693540175756,0.46130203838111183,0.28661926037799174,0.6788710907704043,0,5ca3f9fed2a631d522b1bd5334bde7efb3613c82a3aa714d8ae5da962737af8c,0.042932718992233276,0.05573345720767975,0.0,0.05573345720767975,0.9314658045768738,0.0,0.0,02fc8095c431dfc5451811632a802997c5ba97593e8a98ad29eaf0d9e1211df4,complete_update,1280.0,0.9403777957398695,0.9403777957398695,0.9437855908961805,12331,0,0,430,0,0,0.0,0.0,0.0,0.0034077951563110664,-0.0034077951563110664,16ba82c3443a91e7ff00c064a383f9a34c4a1ca7442e3e16be9e626b3f183f98,ISIC_0011321,0,28.30194339616981,0.022110893278257666,ISIC_0011321,87cca6deb353df3bd2bf0ad5b13bd7302a48727ac2a3cf43f24b594a9392becd,0.8874651663197997,0.8874651663197997,0.0,0.0,0.05573345720767975,0.05573345720767975,0.055409413311893224,0.055409413311893224,cuda_FP32_original_batch_present,canonical_letterbox_valid,3d99874f14ae5f316eec36e21141043d75bd4fd17ccfb31e3174198dee269596,56318551e6286a862e1779e0e2e04b10af0177b765bd3f5a087ce12d7be0efba,0.5958812236785889,complete_logit_interpolation,0,786432,0.9957453124226983,0,101065,0.12851079305013022,e282ad915953e6719b9dbb31face70bf56761075c35bb3e6bed4e75741ffcfaf,RSI-TailProbe-20261004,0.8908432625745799,112966,0.1436436971028646,4,57c0616a9fc3c158f2bd0e7a,0.0,0,0.0,U-Mean-logit-alpha-0.000000,17,ISIC_0011321_A02_T3_S1_57c0616a9fc3c158f2bd0e7a.png,S1,0.9314658045768738,0.9316981087779711,T3,val,M,1703ca22a1c39afeca05ffd0c12fe01606f41d5af81442d20102f130cc2ca491,d67353b51c7f853c45c0fad75d4336d0d442799627d3e648686eb70a497ad029,0.8874651663197997,T3,100635
0.0,0.0,0.0,,A04,0.23403088748455048,0.23288728030173358,0.21956947376862118,0.15037152074369617,0.3554763828738371,0,5ca3f9fed2a631d522b1bd5334bde7efb3613c82a3aa714d8ae5da962737af8c,0.23403088748455048,0.17729917168617249,0.0,0.17729917168617249,0.8794325590133667,0.0,0.0,02fc8095c431dfc5451811632a802997c5ba97593e8a98ad29eaf0d9e1211df4,complete_update,1280.0,0.8995159360732354,0.8995159360732354,0.8949826011956101,74936,0,0,3261,0,0,0.0,0.0,0.0,-0.004533334877625306,0.004533334877625306,16ba82c3443a91e7ff00c064a383f9a34c4a1ca7442e3e16be9e626b3f183f98,ISIC_0011348,0,101.2200564874257,0.07907816913080132,ISIC_0011348,5fa06738f2453ef921b1431bf3fdbfe0df718cbe29ded86d793d1d23366fe2ee,0.8173820644558617,0.8173820644558617,0.0,0.0,0.17729917168617249,0.17729917168617249,0.17655020850019165,0.17655020850019165,cuda_FP32_original_batch_present,canonical_letterbox_valid,3d99874f14ae5f316eec36e21141043d75bd4fd17ccfb31e3174198dee269596,26cab35cb5a478046bee1012c4ba46a18a6ee95627d886acf48ce8cebbeaa66b,0.46718358993530273,complete_logit_interpolation,0,786432,0.9907689433398251,0,353264,0.4491984049479167,e542312bca54f01ee9df28137a0e10c05a3a9d2369f7d71387a174620f7def99,RSI-TailProbe-20261004,0.8236546892612822,424939,0.540337880452474,2,55a94ccc9fc3c156bd715dcb,0.0,0,0.0,U-Mean-logit-alpha-0.000000,17,ISIC_0011348_A04_T1_S2_55a94ccc9fc3c156bd715dcb.png,S2,0.8794325590133667,0.8797868633013503,T1,val,M,1703ca22a1c39afeca05ffd0c12fe01606f41d5af81442d20102f130cc2ca491,d67353b51c7f853c45c0fad75d4336d0d442799627d3e648686eb70a497ad029,0.8173820644558617,T1,350003
0.0,0.0,0.0,,A06,0.9123228192329407,0.9128306022587078,0.01445311519835395,0.009352218489510218,0.03345135434541782,0,5ca3f9fed2a631d522b1bd5334bde7efb3613c82a3aa714d8ae5da962737af8c,0.9123228192329407,0.5787057876586914,0.0,0.5787057876586914,0.7549113035202026,0.0,0.0,02fc8095c431dfc5451811632a802997c5ba97593e8a98ad29eaf0d9e1211df4,complete_update,1280.0,0.7432614682856115,0.7432614682856115,0.7367844484109193,244050,0,0,0,0,0,0.0,0.0,0.0,-0.00647701987469218,0.00647701987469218,16ba82c3443a91e7ff00c064a383f9a34c4a1ca7442e3e16be9e626b3f183f98,ISIC_0011348,0,175.32369791787795,0.13697163899834214,ISIC_0011348,5fa06738f2453ef921b1431bf3fdbfe0df718cbe29ded86d793d1d23366fe2ee,0.5914209276862755,0.5914209276862755,0.0,0.0,0.5787057876586914,0.5787057876586914,0.5789635345066838,0.5789635345066838,cuda_FP32_original_batch_present,canonical_letterbox_valid,3d99874f14ae5f316eec36e21141043d75bd4fd17ccfb31e3174198dee269596,fb0c8299242645d83a3274847f3648a553d83e4c3c47f1a2daba29c7a9d28e59,0.46718358993530273,complete_logit_interpolation,0,786432,1.0,0,353264,0.4491984049479167,e542312bca54f01ee9df28137a0e10c05a3a9d2369f7d71387a174620f7def99,RSI-TailProbe-20261004,0.5914209276862755,597314,0.7595240275065104,2,55bb81f39fc3c10459c3492b,0.0,0,0.0,U-Mean-logit-alpha-0.000000,17,ISIC_0011348_A06_T1_S1_55bb81f39fc3c10459c3492b.png,S1,0.7549113035202026,0.7549035332453402,T1,val,M,1703ca22a1c39afeca05ffd0c12fe01606f41d5af81442d20102f130cc2ca491,d67353b51c7f853c45c0fad75d4336d0d442799627d3e648686eb70a497ad029,0.0,T1,353264
0.0,0.0,0.0,,A04,0.17620433866977692,0.176376743738044,0.18883050181682773,0.11188743316088512,0.31594737827224306,0,5ca3f9fed2a631d522b1bd5334bde7efb3613c82a3aa714d8ae5da962737af8c,0.17620433866977692,0.1320280134677887,0.0,0.1320280134677887,0.9121482968330383,0.0,0.0,02fc8095c431dfc5451811632a802997c5ba97593e8a98ad29eaf0d9e1211df4,complete_update,1280.0,0.9421572562702174,0.9421572562702174,0.962098824597453,2584,0,0,61110,0,0,0.0,0.0,0.0,0.019941568327235593,-0.019941568327235593,16ba82c3443a91e7ff00c064a383f9a34c4a1ca7442e3e16be9e626b3f183f98,ISIC_0011349,0,48.703182647543684,0.038049361443393506,ISIC_0011349,53f1fcd87957578c03d487a231885d25deda268a254c873c8e94494625bbef54,0.8906401843324302,0.8906401843324302,0.0,0.0,0.1320280134677887,0.1320280134677887,0.13214012607977527,0.13214012607977527,cuda_FP32_original_batch_present,canonical_letterbox_valid,3d99874f14ae5f316eec36e21141043d75bd4fd17ccfb31e3174198dee269596,03ac40e35e410781d60b0487a5e0769ad7d83a381f9f113404883beb65956adc,0.4363579750061035,complete_logit_interpolation,0,786432,0.8946092211326534,0,579842,0.7373072306315104,1818f857d1404b69eb4f73a0c843eace2826ef229b3949b162402c277dbde02e,RSI-TailProbe-20261004,0.9950433134605499,521316,0.6628875732421875,4,55a94c809fc3c156bd715db9,0.0,0,0.0,U-Mean-logit-alpha-0.000000,17,ISIC_0011349_A04_T1_S1_55a94c809fc3c156bd715db9.png,S1,0.9121482968330383,0.9120964915784935,T1,val,M,1703ca22a1c39afeca05ffd0c12fe01606f41d5af81442d20102f130cc2ca491,d67353b51c7f853c45c0fad75d4336d0d442799627d3e648686eb70a497ad029,0.8906401843324302,T1,518732
0.0,0.0,0.0,,A06,0.22357667982578278,0.22385515745076853,0.20108300417327535,0.14934051698098855,0.288243736555731,0,5ca3f9fed2a631d522b1bd5334bde7efb3613c82a3aa714d8ae5da962737af8c,0.22357667982578278,0.16327360272407532,0.0,0.16327360272407532,0.897029459476471,0.0,0.0,02fc8095c431dfc5451811632a802997c5ba97593e8a98ad29eaf0d9e1211df4,complete_update,1280.0,0.9179406364946596,0.9179406364946596,0.9362453386382822,6889,0,0,82102,0,0,0.0,0.0,0.0,0.018304702143622564,-0.018304702143622564,16ba82c3443a91e7ff00c064a383f9a34c4a1ca7442e3e16be9e626b3f183f98,ISIC_0011349,0,73.65859297161917,0.057545775759077475,ISIC_0011349,53f1fcd87957578c03d487a231885d25deda268a254c873c8e94494625bbef54,0.8483274277309363,0.8483274277309363,0.0,0.0,0.16327360272407532,0.16327360272407532,0.16345277985642315,0.16345277985642315,cuda_FP32_original_batch_present,canonical_letterbox_valid,3d99874f14ae5f316eec36e21141043d75bd4fd17ccfb31e3174198dee269596,3ed7825c7a7ee7faae2fbb51518e704cafbf10e5abff7ca36632fd62b45cd768,0.4363579750061035,complete_logit_interpolation,0,786432,0.8584062554971872,0,579842,0.7373072306315104,1818f857d1404b69eb4f73a0c843eace2826ef229b3949b162402c277dbde02e,RSI-TailProbe-20261004,0.9863483866365191,504629,0.641668955485026,4,57bda5d99fc3c11f2f681074,0.0,0,0.0,U-Mean-logit-alpha-0.000000,17,ISIC_0011349_A06_T1_S1_57bda5d99fc3c11f2f681074.png,S1,0.897029459476471,0.8969495977379223,T1,val,M,1703ca22a1c39afeca05ffd0c12fe01606f41d5af81442d20102f130cc2ca491,d67353b51c7f853c45c0fad75d4336d0d442799627d3e648686eb70a497ad029,0.8483274277309363,T1,497740
0.0,0.0,0.0,,A03,0.15316985547542572,0.15227569557820406,0.218447600201167,0.13043317609094604,0.4788050819254938,0,5ca3f9fed2a631d522b1bd5334bde7efb3613c82a3aa714d8ae5da962737af8c,0.15316985547542572,0.11462890356779099,0.0,0.11462890356779099,0.9239120483398438,0.0,0.0,02fc8095c431dfc5451811632a802997c5ba97593e8a98ad29eaf0d9e1211df4,complete_update,1280.0,0.9551848606437762,0.9551848606437762,0.9391155676077162,34817,0,0,17912,0,0,0.0,0.0,0.0,-0.016069293036059973,0.016069293036059973,16ba82c3443a91e7ff00c064a383f9a34c4a1ca7442e3e16be9e626b3f183f98,ISIC_0011349,0,51.21131956951317,0.04000884341368217,ISIC_0011349,53f1fcd87957578c03d487a231885d25deda268a254c873c8e94494625bbef54,0.9142142228455127,0.9142142228455127,0.0,0.0,0.11462890356779099,0.11462890356779099,0.11404467577214826,0.11404467577214826,cuda_FP32_original_batch_present,canonical_letterbox_valid,3d99874f14ae5f316eec36e21141043d75bd4fd17ccfb31e3174198dee269596,a90c245a2e79c4e0a2a1938fe844a7c54064ddc73cdf37c0b7d956297733cbfb,0.4363579750061035,complete_logit_interpolation,0,786432,0.9691088261974814,0,579842,0.7373072306315104,1818f857d1404b69eb4f73a0c843eace2826ef229b3949b162402c277dbde02e,RSI-TailProbe-20261004,0.941655341375826,596747,0.7588030497233073,4,57be18ea9fc3c1434763a373,0.0,0,0.0,U-Mean-logit-alpha-0.000000,17,ISIC_0011349_A03_T1_S1_57be18ea9fc3c1434763a373.png,S1,0.9239120483398438,0.9241863440339075,T1,val,M,1703ca22a1c39afeca05ffd0c12fe01606f41d5af81442d20102f130cc2ca491,d67353b51c7f853c45c0fad75d4336d0d442799627d3e648686eb70a497ad029,0.9142142228455127,T1,561930
0.0,0.0,0.0,,A02,0.24247853457927704,0.24324010739739055,0.14076677480942934,0.07453758225578899,0.2535439023028182,0,5ca3f9fed2a631d522b1bd5334bde7efb3613c82a3aa714d8ae5da962737af8c,0.24247853457927704,0.17539703845977783,0.0,0.17539703845977783,0.8916844725608826,0.0,0.0,02fc8095c431dfc5451811632a802997c5ba97593e8a98ad29eaf0d9e1211df4,complete_update,1280.0,0.9095292393499944,0.9095292393499944,0.9280096551105153,10215,0,0,87693,0,0,0.0,0.0,0.0,0.01848041576052084,-0.01848041576052084,16ba82c3443a91e7ff00c064a383f9a34c4a1ca7442e3e16be9e626b3f183f98,ISIC_0011349,0,73.4900972637936,0.05741413848733875,ISIC_0011349,53f1fcd87957578c03d487a231885d25deda268a254c873c8e94494625bbef54,0.8340702677876883,0.8340702677876883,0.0,0.0,0.17539703845977783,0.17539703845977783,0.17588060115276183,0.17588060115276183,cuda_FP32_original_batch_present,canonical_letterbox_valid,3d99874f14ae5f316eec36e21141043d75bd4fd17ccfb31e3174198dee269596,aa3ccde19edf0143f29fbb3811fa15cb9f6bfd890500bd95e67be19789494c09,0.4363579750061035,complete_logit_interpolation,0,786432,0.8487639736341969,0,579842,0.7373072306315104,1818f857d1404b69eb4f73a0c843eace2826ef229b3949b162402c277dbde02e,RSI-TailProbe-20261004,0.9796661384971853,502364,0.6387888590494791,4,57c061f79fc3c158f2bd0e7e,0.0,0,0.0,U-Mean-logit-alpha-0.000000,17,ISIC_0011349_A02_T1_S1_57c061f79fc3c158f2bd0e7e.png,S1,0.8916844725608826,0.8914789050918669,T1,val,M,1703ca22a1c39afeca05ffd0c12fe01606f41d5af81442d20102f130cc2ca491,d67353b51c7f853c45c0fad75d4336d0d442799627d3e648686eb70a497ad029,0.8340702677876883,T1,492149
0.0,0.0,0.0,,A04,0.11076880246400833,0.10988759023570449,0.594133781440845,0.44130322183440635,0.7561764233412313,0,5ca3f9fed2a631d522b1bd5334bde7efb3613c82a3aa714d8ae5da962737af8c,0.11076880246400833,0.07991147041320801,0.0,0.07991147041320801,0.9509458541870117,0.0,0.0,02fc8095c431dfc5451811632a802997c5ba97593e8a98ad29eaf0d9e1211df4,complete_update,1280.0,0.9757561464446292,0.9757561464446292,0.9671175557864622,22002,0,0,9763,0,0,0.0,0.0,0.0,-0.008638590658166967,0.008638590658166967,16ba82c3443a91e7ff00c064a383f9a34c4a1ca7442e3e16be9e626b3f183f98,ISIC_0011350,0,36.346251402503654,0.02839550890820598,ISIC_0011350,e54fefcc85ce809395bac2a51cc3025cd2eb5d0e202e856f798e679b509b519c,0.9526599969895544,0.9526599969895544,0.0,0.0,0.07991147041320801,0.07991147041320801,0.07938240958311293,0.07938240958311293,cuda_FP32_original_batch_present,canonical_letterbox_valid,3d99874f14ae5f316eec36e21141043d75bd4fd17ccfb31e3174198dee269596,5dc7870df14c18068b1f0eedfff72c87ce3bcc0e8df780d3995ed99c5a45fd01,0.5231477618217468,complete_logit_interpolation,0,786432,0.98495674080694,0,648995,0.8252398173014323,7615c74f595817be5673c00c289c5b804fd5d16ef9de16fbde3fcc7c96791fc9,RSI-TailProbe-20261004,0.9667258489430368,661234,0.8408025105794271,2,55a94c999fc3c156bd715dbf,0.0,0,0.0,U-Mean-logit-alpha-0.000000,17,ISIC_0011350_A04_T1_S1_55a94c999fc3c156bd715dbf.png,S1,0.9509458541870117,0.9511227710694786,T1,val,M,1703ca22a1c39afeca05ffd0c12fe01606f41d5af81442d20102f130cc2ca491,d67353b51c7f853c45c0fad75d4336d0d442799627d3e648686eb70a497ad029,0.9526599969895544,T1,639232
0.0,0.0,0.0,,A06,0.15997987985610962,0.15908430567934206,0.5812961015828493,0.4540449249491593,0.6737446580634794,0,5ca3f9fed2a631d522b1bd5334bde7efb3613c82a3aa714d8ae5da962737af8c,0.15997987985610962,0.10917484760284424,0.0,0.10917484760284424,0.9416301846504211,0.0,0.0,02fc8095c431dfc5451811632a802997c5ba97593e8a98ad29eaf0d9e1211df4,complete_update,1280.0,0.9613261645272307,0.9613261645272307,0.9463169881470991,47723,0,0,4160,0,0,0.0,0.0,0.0,-0.015009176380131661,0.015009176380131661,16ba82c3443a91e7ff00c064a383f9a34c4a1ca7442e3e16be9e626b3f183f98,ISIC_0011350,0,77.43221464528575,0.0604939176916295,ISIC_0011350,e54fefcc85ce809395bac2a51cc3025cd2eb5d0e202e856f798e679b509b519c,0.9255322813534314,0.9255322813534314,0.0,0.0,0.10917484760284424,0.10917484760284424,0.10864758434523714,0.10864758434523714,cuda_FP32_original_batch_present,canonical_letterbox_valid,3d99874f14ae5f316eec36e21141043d75bd4fd17ccfb31e3174198dee269596,143016a3c572590a97e1fc6f0894a73b6449a498016243a4a6cd57313f821669,0.5231477618217468,complete_logit_interpolation,0,786432,0.9935900892919052,0,648995,0.8252398173014323,7615c74f595817be5673c00c289c5b804fd5d16ef9de16fbde3fcc7c96791fc9,RSI-TailProbe-20261004,0.9310916919593738,692558,0.8806330362955729,2,568b26fc9fc3c126c063fe71,0.0,0,0.0,U-Mean-logit-alpha-0.000000,17,ISIC_0011350_A06_T1_S1_568b26fc9fc3c126c063fe71.png,S1,0.9416301846504211,0.9417891369888678,T1,val,M,1703ca22a1c39afeca05ffd0c12fe01606f41d5af81442d20102f130cc2ca491,d67353b51c7f853c45c0fad75d4336d0d442799627d3e648686eb70a497ad029,0.9255322813534314,T1,644835
0.0,0.0,0.0,,A04,0.8501238822937012,0.8503351886669696,0.0,0.0,0.0,0,5ca3f9fed2a631d522b1bd5334bde7efb3613c82a3aa714d8ae5da962737af8c,0.8501238822937012,0.6910254955291748,0.0,0.6910254955291748,0.46807295083999634,0.0,0.0,02fc8095c431dfc5451811632a802997c5ba97593e8a98ad29eaf0d9e1211df4,complete_update,1280.0,0.4813258827525748,0.4813258827525748,0.5002098684258413,0,0,0,444331,0,0,0.0,0.0,0.0,0.018883985673266435,-0.018883985673266435,16ba82c3443a91e7ff00c064a383f9a34c4a1ca7442e3e16be9e626b3f183f98,ISIC_0011355,0,378.9156876651032,0.29602788098836186,ISIC_0011355,0a23886c92e69a837d591a87db2bf14950637103706176b115fdd356ebdefd55,0.3169382274223327,0.3169382274223327,0.0,0.0,0.6910254955291748,0.6910254955291748,0.6911338033644183,0.6911338033644183,cuda_FP32_original_batch_present,canonical_letterbox_valid,3d99874f14ae5f316eec36e21141043d75bd4fd17ccfb31e3174198dee269596,9f04c53303e187bd34e1bcc76a81fc5d614dcbba2e3dc1188a1f76ec662770d2,0.4260454475879669,complete_logit_interpolation,0,786432,0.3169382274223327,0,650499,0.8271522521972656,48e21b291d01771eed43a4bd1f72fe247d8400b3751c2e7aeb23c74f9193d713,RSI-TailProbe-20261004,1.0,206168,0.2621561686197917,2,55a948cf9fc3c156bd715d95,0.0,0,0.0,U-Mean-logit-alpha-0.000000,17,ISIC_0011355_A04_T1_S2_55a948cf9fc3c156bd715d95.png,S2,0.46807295083999634,0.46806758193813286,T1,val,M,1703ca22a1c39afeca05ffd0c12fe01606f41d5af81442d20102f130cc2ca491,d67353b51c7f853c45c0fad75d4336d0d442799627d3e648686eb70a497ad029,0.0,T1,206168
0.0,0.0,0.0,,A11,0.4004867374897003,0.40024314157738655,0.07266188364841161,0.04373882712839646,0.24029328445259124,0,5ca3f9fed2a631d522b1bd5334bde7efb3613c82a3aa714d8ae5da962737af8c,0.4004867374897003,0.30732250213623047,0.0,0.30732250213623047,0.7858417630195618,0.0,0.0,02fc8095c431dfc5451811632a802997c5ba97593e8a98ad29eaf0d9e1211df4,complete_update,1280.0,0.908199283357289,0.908199283357289,0.9171800057210141,23647,0,0,89720,0,0,0.0,0.0,0.0,0.008980722363725158,-0.008980722363725158,16ba82c3443a91e7ff00c064a383f9a34c4a1ca7442e3e16be9e626b3f183f98,ISIC_0011355,0,90.9065454189081,0.07102073860852195,ISIC_0011355,0a23886c92e69a837d591a87db2bf14950637103706176b115fdd356ebdefd55,0.831836130452454,0.831836130452454,0.0,0.0,0.30732250213623047,0.30732250213623047,0.30718292905630884,0.30718292905630884,cuda_FP32_original_batch_present,canonical_letterbox_valid,3d99874f14ae5f316eec36e21141043d75bd4fd17ccfb31e3174198dee269596,9970865343f56dc32fa4a8514b4135d8eb8021e64a70732ed67a42c3974838c3,0.4260454475879669,complete_logit_interpolation,0,786432,0.8620751146427589,0,650499,0.8271522521972656,48e21b291d01771eed43a4bd1f72fe247d8400b3751c2e7aeb23c74f9193d713,RSI-TailProbe-20261004,0.9595380766769446,584426,0.7431360880533854,2,55c0f4a89fc3c10459c34980,0.0,0,0.0,U-Mean-logit-alpha-0.000000,17,ISIC_0011355_A11_T1_S1_55c0f4a89fc3c10459c34980.png,S1,0.7858417630195618,0.7858772834647689,T1,val,M,1703ca22a1c39afeca05ffd0c12fe01606f41d5af81442d20102f130cc2ca491,d67353b51c7f853c45c0fad75d4336d0d442799627d3e648686eb70a497ad029,0.831836130452454,T1,560779
0.0,0.0,0.0,,A01,0.05603449419140816,0.05611077577540852,0.40966338603176355,0.13793282804220144,0.6586484518243185,0,5ca3f9fed2a631d522b1bd5334bde7efb3613c82a3aa714d8ae5da962737af8c,0.05603449419140816,0.0749090239405632,0.0,0.0749090239405632,0.9062164425849915,0.0,0.0,02fc8095c431dfc5451811632a802997c5ba97593e8a98ad29eaf0d9e1211df4,complete_update,8032.73459041191,0.9301361018573433,0.9301361018573433,0.9249279654074823,2893,0,0,765276,0,0,0.0,0.0,0.0,-0.005208136449860956,0.005208136449860956,892fc07f4e7bee732b338b302b54402feeb029ebbb3d8495545936427a190edf,ISIC_0011512,0,258.905177882185,0.03223126258786407,ISIC_0011513,74a6b287f07dfe7894a979ca336ca75394e716ac31a2d2a685ca5c37b414cba8,0.8693966620166466,0.8693966620166466,0.0,0.0,0.0749090239405632,0.0749090239405632,0.07506624265707137,0.07506624265707137,cuda_FP32_original_batch_present,canonical_letterbox_valid,3d99874f14ae5f316eec36e21141043d75bd4fd17ccfb31e3174198dee269596,154f79f9dbab4a1517784fb14c20c73079e708a8f890bf820516143a19fcdb61,0.41230905055999756,complete_logit_interpolation,0,29642652,0.8698244982566176,0,5878802,0.19832240381191266,b2aa150685f2787c6ee9eca776968386107c8f4f03c929c69a170517065844b6,RSI-TailProbe-20261004,0.9994345654646345,5116419,0.17260328124487648,2,55dc76f09fc3c10470dbc2b3,0.0,0,0.0,U-Mean-logit-alpha-0.000000,17,ISIC_0011513_A01_T3_S2_55dc76f09fc3c10470dbc2b3.png,S2,0.9062164425849915,0.9059782904612658,T3,val,M,1703ca22a1c39afeca05ffd0c12fe01606f41d5af81442d20102f130cc2ca491,d67353b51c7f853c45c0fad75d4336d0d442799627d3e648686eb70a497ad029,0.8693966620166466,T3,5113526
0.0,0.0,0.0,,A05,0.03511752188205719,0.035187884012628484,0.7206726721888055,0.4818857061151251,0.8646261197653177,0,5ca3f9fed2a631d522b1bd5334bde7efb3613c82a3aa714d8ae5da962737af8c,0.03511752188205719,0.050643689930438995,0.0,0.050643689930438995,0.9338301420211792,0.0,0.0,02fc8095c431dfc5451811632a802997c5ba97593e8a98ad29eaf0d9e1211df4,complete_update,8032.73459041191,0.9702590995243333,0.9702590995243333,0.968309872312602,288169,0,0,68059,0,0,0.0,0.0,0.0,-0.001949227211731297,0.001949227211731297,892fc07f4e7bee732b338b302b54402feeb029ebbb3d8495545936427a190edf,ISIC_0011512,0,137.40086854084012,0.017105117440932946,ISIC_0011513,74a6b287f07dfe7894a979ca336ca75394e716ac31a2d2a685ca5c37b414cba8,0.9422361480214517,0.9422361480214517,0.0,0.0,0.050643689930438995,0.050643689930438995,0.05073944084459785,0.05073944084459785,cuda_FP32_original_batch_present,canonical_letterbox_valid,3d99874f14ae5f316eec36e21141043d75bd4fd17ccfb31e3174198dee269596,f3e1b920b997fd8d154415423b9888bdb4b9a3543a8e1585b4dac795ab90d403,0.41230905055999756,complete_logit_interpolation,0,29642652,0.9884229814169622,0,5878802,0.19832240381191266,b2aa150685f2787c6ee9eca776968386107c8f4f03c929c69a170517065844b6,RSI-TailProbe-20261004,0.9527507529211767,6098912,0.20574785278995955,2,55dc77c49fc3c10470dbc2d1,0.0,0,0.0,U-Mean-logit-alpha-0.000000,17,ISIC_0011513_A05_T3_S1_55dc77c49fc3c10470dbc2d1.png,S1,0.9338301420211792,0.9337090023234328,T3,val,M,1703ca22a1c39afeca05ffd0c12fe01606f41d5af81442d20102f130cc2ca491,d67353b51c7f853c45c0fad75d4336d0d442799627d3e648686eb70a497ad029,0.9422361480214517,T3,5810743
0.0,0.0,0.0,,A01,0.20045901834964752,0.1999421503215206,0.1323561057734908,0.08865726351108613,0.22966815305676655,0,5ca3f9fed2a631d522b1bd5334bde7efb3613c82a3aa714d8ae5da962737af8c,0.20045901834964752,0.28213730454444885,0.0,0.28213730454444885,0.6361843943595886,0.0,0.0,02fc8095c431dfc5451811632a802997c5ba97593e8a98ad29eaf0d9e1211df4,complete_update,7982.69785223016,0.6710792379517475,0.6710792379517475,0.6651482044147122,105894,0,0,1354180,0,0,0.0,0.0,0.0,-0.00593103353703528,0.00593103353703528,760fcbf90a1ffd38f6fd6f51a2e500efe9180a927cfbf0d8259a7ab28d9665cf,ISIC_0011575,0,904.8585513475371,0.11335247407550857,ISIC_0011575,655733e0c7510235db766e76c3050def0aee2db8c39eea6e4968556b3d4ca250,0.5049806257202422,0.5049806257202422,0.0,0.0,0.28213730454444885,0.28213730454444885,0.2802222902220766,0.2802222902220766,cuda_FP32_original_batch_present,canonical_letterbox_valid,3d99874f14ae5f316eec36e21141043d75bd4fd17ccfb31e3174198dee269596,fdc33afddfa7d0f4b37e1c7316fe269acd4027ba746c17b3d5b16b8f3f4f039b,0.3183766305446625,complete_logit_interpolation,0,29377512,0.5237855772629046,0,2843635,0.09679631821782593,8f8a3ffdc89fa484e721b729947743c03808bb4a7f2df326cabc1b0842e04fb6,RSI-TailProbe-20261004,0.9336233012337739,1595349,0.05430510929584507,2,55dc6b2e9fc3c10470dbbf59,0.0,0,0.0,U-Mean-logit-alpha-0.000000,17,ISIC_0011575_A01_T3_S2_55dc6b2e9fc3c10470dbbf59.png,S2,0.6361843943595886,0.6394975698773674,T3,val,M,1703ca22a1c39afeca05ffd0c12fe01606f41d5af81442d20102f130cc2ca491,d67353b51c7f853c45c0fad75d4336d0d442799627d3e648686eb70a497ad029,0.0,T3,1489455
0.0,0.0,0.0,,A06,0.1730928122997284,0.17274074731522046,0.14229420021583564,0.09989307444689206,0.22757184705753428,0,5ca3f9fed2a631d522b1bd5334bde7efb3613c82a3aa714d8ae5da962737af8c,0.1730928122997284,0.20639722049236298,0.0,0.20639722049236298,0.7602983713150024,0.0,0.0,02fc8095c431dfc5451811632a802997c5ba97593e8a98ad29eaf0d9e1211df4,complete_update,7982.69785223016,0.7734362068182327,0.7734362068182327,0.7790351963259741,1517174,0,0,93833,0,0,0.0,0.0,0.0,0.005598989507741403,-0.005598989507741403,760fcbf90a1ffd38f6fd6f51a2e500efe9180a927cfbf0d8259a7ab28d9665cf,ISIC_0011575,0,588.1292374980179,0.0736754977308467,ISIC_0011575,655733e0c7510235db766e76c3050def0aee2db8c39eea6e4968556b3d4ca250,0.6305715292735821,0.6305715292735821,0.0,0.0,0.20639722049236298,0.20639722049236298,0.20618400860731473,0.20618400860731473,cuda_FP32_original_batch_present,canonical_letterbox_valid,3d99874f14ae5f316eec36e21141043d75bd4fd17ccfb31e3174198dee269596,a0b88b58fc918e9e668f52b1f3d703dddcdb622add062f8c8a1d1540cfd546d9,0.3183766305446625,complete_logit_interpolation,0,29377512,0.9670024458131933,0,2843635,0.09679631821782593,8f8a3ffdc89fa484e721b729947743c03808bb4a7f2df326cabc1b0842e04fb6,RSI-TailProbe-20261004,0.644438121986156,4266976,0.14524633672177548,2,55e06f579fc3c104700e2129,0.0,0,0.0,U-Mean-logit-alpha-0.000000,17,ISIC_0011575_A06_T1_S1_55e06f579fc3c104700e2129.png,S1,0.7602983713150024,0.760372730100591,T1,val,M,1703ca22a1c39afeca05ffd0c12fe01606f41d5af81442d20102f130cc2ca491,d67353b51c7f853c45c0fad75d4336d0d442799627d3e648686eb70a497ad029,0.0,T1,2749802
0.0,0.0,0.0,,A01,0.04380813241004944,0.044196425950811004,0.5373896681164089,0.16106570732862083,0.9030492290799876,0,5ca3f9fed2a631d522b1bd5334bde7efb3613c82a3aa714d8ae5da962737af8c,0.04380813241004944,0.0428587943315506,0.0,0.0428587943315506,0.9580905437469482,0.0,0.0,02fc8095c431dfc5451811632a802997c5ba97593e8a98ad29eaf0d9e1211df4,complete_update,8004.910055709558,0.9722384385791047,0.9722384385791047,0.9709739893149346,2548,0,0,565581,0,0,0.0,0.0,0.0,-0.001264449264170131,0.001264449264170131,f669da8fdca8e2a6e189e2e0fc0041346c4fee75f1126eca63db15dab44c075b,ISIC_0011613,0,99.40321926376429,0.01241778090846433,ISIC_0011616,26a1309ed602dd2833c37750d12f9d5a0b1e98ce45cc5953bedf39fc289c5aec,0.9459766497153007,0.9459766497153007,0.0,0.0,0.0428587943315506,0.0428587943315506,0.04319521741369271,0.04319521741369271,cuda_FP32_original_batch_present,canonical_letterbox_valid,3d99874f14ae5f316eec36e21141043d75bd4fd17ccfb31e3174198dee269596,998df00f9c340990f4ce08b89083e4854fe0c6a1ae2e6d2a1e67bfce709755c9,0.40089941024780273,complete_logit_interpolation,0,29643432,0.9462059051464873,0,10513812,0.35467593630858935,6de82486f93373437bbcb72d5be1a0f97815bb9ab7732b97e12fac21e223c69c,RSI-TailProbe-20261004,0.9997439396453283,9950779,0.3356824203081479,2,55dc68829fc3c10470dbbe8d,0.0,0,0.0,U-Mean-logit-alpha-0.000000,17,ISIC_0011616_A01_T3_S2_55dc68829fc3c10470dbbe8d.png,S2,0.9580905437469482,0.9578059911234256,T3,val,M,1703ca22a1c39afeca05ffd0c12fe01606f41d5af81442d20102f130cc2ca491,d67353b51c7f853c45c0fad75d4336d0d442799627d3e648686eb70a497ad029,0.9459766497153007,T3,9948231
0.0,0.0,0.0,,A03,0.7228476405143738,0.7222315385138476,0.0,0.0,0.0,0,5ca3f9fed2a631d522b1bd5334bde7efb3613c82a3aa714d8ae5da962737af8c,0.7228476405143738,0.46228498220443726,0.0,0.46228498220443726,0.7982776761054993,0.0,0.0,02fc8095c431dfc5451811632a802997c5ba97593e8a98ad29eaf0d9e1211df4,complete_update,8004.910055709558,0.7942686531443675,0.7942686531443675,0.7954545806171494,5446572,0,0,0,0,0,0.0,0.0,0.0,0.0011859274727819002,-0.0011859274727819002,f669da8fdca8e2a6e189e2e0fc0041346c4fee75f1126eca63db15dab44c075b,ISIC_0011613,0,816.887997174686,0.10204836675110858,ISIC_0011616,26a1309ed602dd2833c37750d12f9d5a0b1e98ce45cc5953bedf39fc289c5aec,0.6587443008890012,0.6587443008890012,0.0,0.0,0.46228498220443726,0.46228498220443726,0.4619129564407724,0.4619129564407724,cuda_FP32_original_batch_present,canonical_letterbox_valid,3d99874f14ae5f316eec36e21141043d75bd4fd17ccfb31e3174198dee269596,44a6f7ce5aae0c7f081da02036e55838d93dfbc8ad6e9262b809db00834d5ecf,0.40089941024780273,complete_logit_interpolation,0,29643432,1.0,0,10513812,0.35467593630858935,6de82486f93373437bbcb72d5be1a0f97815bb9ab7732b97e12fac21e223c69c,RSI-TailProbe-20261004,0.6587443008890012,15960384,0.5384121514674819,2,57bb06219fc3c1565f095ba5,0.0,0,0.0,U-Mean-logit-alpha-0.000000,17,ISIC_0011616_A03_T1_S1_57bb06219fc3c1565f095ba5.png,S1,0.7982776761054993,0.7984056256323028,T1,val,M,1703ca22a1c39afeca05ffd0c12fe01606f41d5af81442d20102f130cc2ca491,d67353b51c7f853c45c0fad75d4336d0d442799627d3e648686eb70a497ad029,0.6587443008890012,T1,10513812
0.0,0.0,0.0,,A01,0.23172007501125336,0.22970245509216758,0.17748898626551274,0.1005919954748536,0.3296944239876687,0,5ca3f9fed2a631d522b1bd5334bde7efb3613c82a3aa714d8ae5da962737af8c,0.23172007501125336,0.2085915207862854,0.0,0.2085915207862854,0.8145370483398438,0.0,0.0,02fc8095c431dfc5451811632a802997c5ba97593e8a98ad29eaf0d9e1211df4,complete_update,7961.336696811661,0.884230350297824,0.884230350297824,0.8892886501936871,396547,0,0,1470370,0,0,0.0,0.0,0.0,0.005058299895863039,-0.005058299895863039,9355d311dc168f939c3fa5e2c15289fde0e09d1f756239ad242f60c8af21346d,ISIC_0011758,0,1030.5594803445624,0.12944553403416273,ISIC_0011759,1a32c716c9a29797fdfa8ecdd29b906276ed538a3fd8f1bc0ec6dd126464d225,0.7924846768630469,0.7924846768630469,0.0,0.0,0.2085915207862854,0.2085915207862854,0.20718744709699033,0.20718744709699033,cuda_FP32_original_batch_present,canonical_letterbox_valid,3d99874f14ae5f316eec36e21141043d75bd4fd17ccfb31e3174198dee269596,ba058baf27bc7372457a9fc5ddfea1683c145c93a51136c498fa6b5da6675259,0.3536849021911621,complete_logit_interpolation,0,29271441,0.8290263266921931,0,8599979,0.29380101239293277,8093ec8b970d696c48841810c6c99cef00177de832b11ff09dbb84e5ef2085b5,RSI-TailProbe-20261004,0.9473108184310822,7526156,0.2571160060073571,2,55dc7f5c9fc3c10470dbc541,0.0,0,0.0,U-Mean-logit-alpha-0.000000,17,ISIC_0011759_A01_T3_S2_55dc7f5c9fc3c10470dbc541.png,S2,0.8145370483398438,0.8153275608981869,T3,val,M,1703ca22a1c39afeca05ffd0c12fe01606f41d5af81442d20102f130cc2ca491,d67353b51c7f853c45c0fad75d4336d0d442799627d3e648686eb70a497ad029,0.7924846768630469,T3,7129609
0.0,0.0,0.0,,A06,0.18167626857757568,0.18171545996326396,0.06488085954491268,0.029632098793691487,0.22524170909155622,0,5ca3f9fed2a631d522b1bd5334bde7efb3613c82a3aa714d8ae5da962737af8c,0.18167626857757568,0.17061704397201538,0.0,0.17061704397201538,0.8404421806335449,0.0,0.0,02fc8095c431dfc5451811632a802997c5ba97593e8a98ad29eaf0d9e1211df4,complete_update,7961.336696811661,0.9024474634937618,0.9024474634937618,0.8948971690537716,1633175,0,0,185909,0,0,0.0,0.0,0.0,-0.007550294439990224,0.007550294439990224,9355d311dc168f939c3fa5e2c15289fde0e09d1f756239ad242f60c8af21346d,ISIC_0011758,0,292.5457188326874,0.03674580412480802,ISIC_0011759,1a32c716c9a29797fdfa8ecdd29b906276ed538a3fd8f1bc0ec6dd126464d225,0.8222362333255221,0.8222362333255221,0.0,0.0,0.17061704397201538,0.17061704397201538,0.17067761818601063,0.17067761818601063,cuda_FP32_original_batch_present,canonical_letterbox_valid,3d99874f14ae5f316eec36e21141043d75bd4fd17ccfb31e3174198dee269596,f227f109a363ced85a7e91088d90d63d8f63a1f0c12b8a12d4f26d79e32cad0d,0.3536849021911621,complete_logit_interpolation,0,29271441,0.9783826216319831,0,8599979,0.29380101239293277,8093ec8b970d696c48841810c6c99cef00177de832b11ff09dbb84e5ef2085b5,RSI-TailProbe-20261004,0.8374504652767998,10047245,0.34324394893985577,2,55e06fdb9fc3c104700e2135,0.0,0,0.0,U-Mean-logit-alpha-0.000000,17,ISIC_0011759_A06_T1_S1_55e06fdb9fc3c104700e2135.png,S1,0.8404421806335449,0.8403602235912427,T1,val,M,1703ca22a1c39afeca05ffd0c12fe01606f41d5af81442d20102f130cc2ca491,d67353b51c7f853c45c0fad75d4336d0d442799627d3e648686eb70a497ad029,0.8222362333255221,T1,8414070
0.0,0.0,0.0,,A01,0.07177069038152695,0.07150091177659895,0.4784209127776795,0.24801579289989623,0.764719169644346,0,5ca3f9fed2a631d522b1bd5334bde7efb3613c82a3aa714d8ae5da962737af8c,0.07177069038152695,0.07690753042697906,0.0,0.07690753042697906,0.9179556369781494,0.0,0.0,02fc8095c431dfc5451811632a802997c5ba97593e8a98ad29eaf0d9e1211df4,complete_update,7972.4602225410945,0.9485883981067377,0.9485883981067377,0.9492834288722163,147998,0,0,725612,0,0,0.0,0.0,0.0,0.0006950307654786103,-0.0006950307654786103,dc11e578e0809689559ac2d06c1503fcdb413fe6f3dbaf01cf6fa2a8d8dfc7d5,ISIC_0011780,0,212.0,0.026591540638935717,ISIC_0011780,02d7c03e384c4eda7d8cbea5f921daa948acfbc31143916ce34d14682359f0f9,0.9022046136818612,0.9022046136818612,0.0,0.0,0.07690753042697906,0.07690753042697906,0.07672003922930373,0.07672003922930373,cuda_FP32_original_batch_present,canonical_letterbox_valid,3d99874f14ae5f316eec36e21141043d75bd4fd17ccfb31e3174198dee269596,61a964d7f2ea4d33b87564ebd34bd4da578b4835576a8e346b8f7c3bf2dd33aa,0.45093226432800293,complete_logit_interpolation,0,29403861,0.9174036865621913,0,8785041,0.2987716817189416,b66aa641d6a01316b0d9a8ef20d8c935f6dc9675aef5036042f674dd151b26a2,RSI-TailProbe-20261004,0.9819677957537728,8207427,0.27912752682377323,2,55dc7f839fc3c10470dbc559,0.0,0,0.0,U-Mean-logit-alpha-0.000000,17,ISIC_0011780_A01_T3_S2_55dc7f839fc3c10470dbc559.png,S2,0.9179556369781494,0.9180608333179915,T3,val,M,1703ca22a1c39afeca05ffd0c12fe01606f41d5af81442d20102f130cc2ca491,d67353b51c7f853c45c0fad75d4336d0d442799627d3e648686eb70a497ad029,0.9022046136818612,T3,8059429
0.0,0.0,0.0,,A05,0.07204237580299377,0.07159619279464433,0.5109832487463734,0.26609043417161365,0.7305082513359766,0,5ca3f9fed2a631d522b1bd5334bde7efb3613c82a3aa714d8ae5da962737af8c,0.07204237580299377,0.0755213052034378,0.0,0.0755213052034378,0.9209997653961182,0.0,0.0,02fc8095c431dfc5451811632a802997c5ba97593e8a98ad29eaf0d9e1211df4,complete_update,7972.4602225410945,0.9509348540459192,0.9509348540459192,0.9509157677813581,444246,0,0,419068,0,0,0.0,0.0,0.0,-1.9086264561041233e-05,1.9086264561041233e-05,dc11e578e0809689559ac2d06c1503fcdb413fe6f3dbaf01cf6fa2a8d8dfc7d5,ISIC_0011780,0,236.96624232155938,0.02972310123938507,ISIC_0011780,02d7c03e384c4eda7d8cbea5f921daa948acfbc31143916ce34d14682359f0f9,0.906459296368181,0.906459296368181,0.0,0.0,0.0755213052034378,0.0755213052034378,0.07523662298417293,0.07523662298417293,cuda_FP32_original_batch_present,canonical_letterbox_valid,3d99874f14ae5f316eec36e21141043d75bd4fd17ccfb31e3174198dee269596,46474eb08c057e8a06632103cf75087f05558a2a790f880b44bc2a1af0161894,0.45093226432800293,complete_logit_interpolation,0,29403861,0.9522975476153156,0,8785041,0.2987716817189416,b66aa641d6a01316b0d9a8ef20d8c935f6dc9675aef5036042f674dd151b26a2,RSI-TailProbe-20261004,0.9495760548063561,8810219,0.29962796382420664,2,55dc7f999fc3c10470dbc55f,0.0,0,0.0,U-Mean-logit-alpha-0.000000,17,ISIC_0011780_A05_T3_S1_55dc7f999fc3c10470dbc55f.png,S1,0.9209997653961182,0.9211229468262985,T3,val,M,1703ca22a1c39afeca05ffd0c12fe01606f41d5af81442d20102f130cc2ca491,d67353b51c7f853c45c0fad75d4336d0d442799627d3e648686eb70a497ad029,0.906459296368181,T3,8365973
0.0,0.0,0.0,,A05,0.03892047330737114,0.03905588987613093,0.45424823505425954,0.21245668600043288,0.7904445008329513,0,5ca3f9fed2a631d522b1bd5334bde7efb3613c82a3aa714d8ae5da962737af8c,0.03892047330737114,0.0454353466629982,0.0,0.0454353466629982,0.948049783706665,0.0,0.0,02fc8095c431dfc5451811632a802997c5ba97593e8a98ad29eaf0d9e1211df4,complete_update,8054.8088121320425,0.9563822034531729,0.9563822034531729,0.9642054458203488,456295,0,0,47903,0,0,0.0,0.0,0.0,0.007823242367175909,-0.007823242367175909,404ab0c9217a9d17289e3b60a75d7cb24f730b4f2c6b2fa9b549bc9a1b544c7e,ISIC_0011881,0,126.08727136392476,0.01565366407878159,ISIC_0011881,237012a458a62a1c9a8251fbc6bb4c98054ff7eeef41bd9a073467128c5bc257,0.9164104010277483,0.9164104010277483,0.0,0.0,0.0454353466629982,0.0454353466629982,0.045668882590603074,0.045668882590603074,cuda_FP32_original_batch_present,canonical_letterbox_valid,3d99874f14ae5f316eec36e21141043d75bd4fd17ccfb31e3174198dee269596,d968d20cdcbe7ced638746623e44afe120c079e88cb1ba22ec59f2a830caac60,0.4247932434082031,complete_logit_interpolation,0,29910972,0.9914083534988231,0,5575532,0.18640423988896115,9349c428f0740530601a1902f63a0e4e3ca50f0e1eeabebbafbec59f2c81d8cc,RSI-TailProbe-20261004,0.9237465248555964,5983924,0.20005782493460927,2,55db59539fc3c10470dba831,0.0,0,0.0,U-Mean-logit-alpha-0.000000,17,ISIC_0011881_A05_T3_S1_55db59539fc3c10470dba831.png,S1,0.948049783706665,0.9477181246949248,T3,val,M,1703ca22a1c39afeca05ffd0c12fe01606f41d5af81442d20102f130cc2ca491,d67353b51c7f853c45c0fad75d4336d0d442799627d3e648686eb70a497ad029,0.9164104010277483,T3,5527629
0.0,0.0,0.0,,A06,0.06478148698806763,0.0646005545577865,0.3003017361155644,0.10400606158447388,0.543460827399437,0,5ca3f9fed2a631d522b1bd5334bde7efb3613c82a3aa714d8ae5da962737af8c,0.06478148698806763,0.0671752393245697,0.0,0.0671752393245697,0.9304310083389282,0.0,0.0,02fc8095c431dfc5451811632a802997c5ba97593e8a98ad29eaf0d9e1211df4,complete_update,8054.8088121320425,0.9348636308948592,0.9348636308948592,0.9444527021564759,772096,0,0,4258,0,0,0.0,0.0,0.0,0.009589071261616677,-0.009589071261616677,404ab0c9217a9d17289e3b60a75d7cb24f730b4f2c6b2fa9b549bc9a1b544c7e,ISIC_0011881,0,171.5597553090688,0.021299047477162693,ISIC_0011881,237012a458a62a1c9a8251fbc6bb4c98054ff7eeef41bd9a073467128c5bc257,0.8776938409119123,0.8776938409119123,0.0,0.0,0.0671752393245697,0.0671752393245697,0.06710331615707657,0.06710331615707657,cuda_FP32_original_batch_present,canonical_letterbox_valid,3d99874f14ae5f316eec36e21141043d75bd4fd17ccfb31e3174198dee269596,ab58d87fb6c2fac61d67430b0dbd46974a54bd34f6cdcf6de7e09225cbd7a14e,0.4247932434082031,complete_logit_interpolation,0,29910972,0.9992363060601213,0,5575532,0.18640423988896115,9349c428f0740530601a1902f63a0e4e3ca50f0e1eeabebbafbec59f2c81d8cc,RSI-TailProbe-20261004,0.8782829946857901,6343370,0.21207502049749502,2,55df426c9fc3c10470dc10d8,0.0,0,0.0,U-Mean-logit-alpha-0.000000,17,ISIC_0011881_A06_T1_S1_55df426c9fc3c10470dc10d8.png,S1,0.9304310083389282,0.9303939222436334,T1,val,M,1703ca22a1c39afeca05ffd0c12fe01606f41d5af81442d20102f130cc2ca491,d67353b51c7f853c45c0fad75d4336d0d442799627d3e648686eb70a497ad029,0.8776938409119123,T1,5571274
0.0,0.0,0.0,,A00,1.9574010372161865,1.9533546315259969,0.0,0.0,0.0,0,5ca3f9fed2a631d522b1bd5334bde7efb3613c82a3aa714d8ae5da962737af8c,1.9574010372161865,1.4229648113250732,0.0,1.4229648113250732,0.11147143691778183,0.0,0.0,02fc8095c431dfc5451811632a802997c5ba97593e8a98ad29eaf0d9e1211df4,complete_update,3612.2104036171536,0.10099184264858801,0.10099184264858801,0.11209760511825871,2087897,0,0,0,0,0,0.0,0.0,0.0,0.011105762469670696,-0.011105762469670696,015a5182dfe5ccbc86e54e2a297d7057c76dbe74152c60b933a79ba1c5e747cf,ISIC_0012149,0,1051.6485389596583,0.29113712144413584,ISIC_0012149,0077c043687b672e8b878dfe1fc879971d5b78efbc53974298a82eb2afe01690,0.05318136325935721,0.05318136325935721,0.0,0.0,1.4229648113250732,1.4229648113250732,1.4208970714041025,1.4208970714041025,cuda_FP32_original_batch_present,canonical_letterbox_valid,3d99874f14ae5f316eec36e21141043d75bd4fd17ccfb31e3174198dee269596,756e54fe8449ee97ef0616cc6af8db566482751ddda5ada95eee7a05a06adad8,0.4112056493759155,complete_logit_interpolation,0,6016000,1.0,0,117274,0.019493683510638297,5f20c314906d0d773609204dfacf4f866ef18e154dac1fea17a637923d7d5c06,RSI-TailProbe-20261004,0.05318136325935721,2205171,0.3665510305851064,2,5841e25e9fc3c156c3ef2955,0.0,0,0.0,U-Mean-logit-alpha-0.000000,17,ISIC_0012149_A00_T2_S1_5841e25e9fc3c156c3ef2955.png,S1,0.11147143691778183,0.11156048871779176,T2,val,M,1703ca22a1c39afeca05ffd0c12fe01606f41d5af81442d20102f130cc2ca491,d67353b51c7f853c45c0fad75d4336d0d442799627d3e648686eb70a497ad029,0.0,T2,117274
0.0,0.0,0.0,,A03,0.11719511449337006,0.11744073583328067,0.0,0.0,0.0,0,5ca3f9fed2a631d522b1bd5334bde7efb3613c82a3aa714d8ae5da962737af8c,0.11719511449337006,0.288931667804718,0.0,0.288931667804718,0.5393317937850952,0.0,0.0,02fc8095c431dfc5451811632a802997c5ba97593e8a98ad29eaf0d9e1211df4,complete_update,3612.2104036171536,0.5455441998074123,0.5455441998074123,0.5903389570690448,195386,0,0,0,0,0,0.0,0.0,0.0,0.04479475726163251,-0.04479475726163251,015a5182dfe5ccbc86e54e2a297d7057c76dbe74152c60b933a79ba1c5e747cf,ISIC_0012149,0,190.51692837790972,0.0527424781754496,ISIC_0012149,0077c043687b672e8b878dfe1fc879971d5b78efbc53974298a82eb2afe01690,0.37508475660461843,0.37508475660461843,0.0,0.0,0.288931667804718,0.288931667804718,0.28956203300399014,0.28956203300399014,cuda_FP32_original_batch_present,canonical_letterbox_valid,3d99874f14ae5f316eec36e21141043d75bd4fd17ccfb31e3174198dee269596,59cc684df2e0b50ceb295205faa265c7ae237211f50d4fa624e6e87206868d56,0.4112056493759155,complete_logit_interpolation,0,6016000,1.0,0,117274,0.019493683510638297,5f20c314906d0d773609204dfacf4f866ef18e154dac1fea17a637923d7d5c06,RSI-TailProbe-20261004,0.37508475660461843,312660,0.05197140957446809,2,58a476afd8311368134d5262,0.0,0,0.0,U-Mean-logit-alpha-0.000000,17,ISIC_0012149_A03_T1_S1_58a476afd8311368134d5262.png,S1,0.5393317937850952,0.5383166698253004,T1,val,M,1703ca22a1c39afeca05ffd0c12fe01606f41d5af81442d20102f130cc2ca491,d67353b51c7f853c45c0fad75d4336d0d442799627d3e648686eb70a497ad029,0.0,T1,117274
0.0,0.0,0.0,,A00,0.018452804535627365,0.018904756575886614,0.5380018900336762,0.2707851486362001,0.8850199973113375,0,5ca3f9fed2a631d522b1bd5334bde7efb3613c82a3aa714d8ae5da962737af8c,0.018452804535627365,0.06203608959913254,0.0,0.06203608959913254,0.8943806290626526,0.0,0.0,02fc8095c431dfc5451811632a802997c5ba97593e8a98ad29eaf0d9e1211df4,complete_update,3612.2104036171536,0.9040700782760086,0.9040700782760086,0.8950555588218002,5659,0,0,29330,0,0,0.0,0.0,0.0,-0.009014519454208392,0.009014519454208392,015a5182dfe5ccbc86e54e2a297d7057c76dbe74152c60b933a79ba1c5e747cf,ISIC_0012191,0,134.69363909043074,0.03728842565636619,ISIC_0012191,1eb35d097d2c8401ef05490c966f82b25b195bc8185e4d1b8284eea48e570d74,0.8249342046011748,0.8249342046011748,0.0,0.0,0.06203608959913254,0.06203608959913254,0.06415921299826309,0.06415921299826309,cuda_FP32_original_batch_present,canonical_letterbox_valid,3d99874f14ae5f316eec36e21141043d75bd4fd17ccfb31e3174198dee269596,32ec7827d233888a5855295111cf0913754886df29c644995b886b742445780b,0.5128721594810486,complete_logit_interpolation,0,6016000,0.8489724669546814,0,194203,0.03228108377659575,61407c4031a2a7a031eb76f914fc6187b7c72d6047b5d04d74b1cdb148b3cc40,RSI-TailProbe-20261004,0.9668156123190955,170532,0.028346409574468084,2,5841e2759fc3c156c3ef29d3,0.0,0,0.0,U-Mean-logit-alpha-0.000000,17,ISIC_0012191_A00_T2_S1_5841e2759fc3c156c3ef29d3.png,S1,0.8943806290626526,0.8905863305793604,T2,val,M,1703ca22a1c39afeca05ffd0c12fe01606f41d5af81442d20102f130cc2ca491,d67353b51c7f853c45c0fad75d4336d0d442799627d3e648686eb70a497ad029,0.8249342046011748,T2,164873
0.0,0.0,0.0,,A03,0.021246112883090973,0.021220723892171646,0.6175101570569105,0.24912646481635012,0.8427139006977861,0,5ca3f9fed2a631d522b1bd5334bde7efb3613c82a3aa714d8ae5da962737af8c,0.021246112883090973,0.0621347613632679,0.0,0.0621347613632679,0.8969765901565552,0.0,0.0,02fc8095c431dfc5451811632a802997c5ba97593e8a98ad29eaf0d9e1211df4,complete_update,3612.2104036171536,0.9093666498158446,0.9093666498158446,0.9100178170888713,32327,0,0,5323,0,0,0.0,0.0,0.0,0.0006511672730267204,-0.0006511672730267204,015a5182dfe5ccbc86e54e2a297d7057c76dbe74152c60b933a79ba1c5e747cf,ISIC_0012191,0,73.2794539093582,0.02028659621709147,ISIC_0012191,1eb35d097d2c8401ef05490c966f82b25b195bc8185e4d1b8284eea48e570d74,0.8337968480995894,0.8337968480995894,0.0,0.0,0.0621347613632679,0.0621347613632679,0.06257216218237364,0.06257216218237364,cuda_FP32_original_batch_present,canonical_letterbox_valid,3d99874f14ae5f316eec36e21141043d75bd4fd17ccfb31e3174198dee269596,42735c61cd03443e9f1ad27c0ae90e232420f508e421fe2a9f9f4e6eaf3cc320,0.5128721594810486,complete_logit_interpolation,0,6016000,0.972590536706436,0,194203,0.03228108377659575,61407c4031a2a7a031eb76f914fc6187b7c72d6047b5d04d74b1cdb148b3cc40,RSI-TailProbe-20261004,0.8538608633542338,221207,0.03676978058510638,2,58909ce0d831135f264ceb5c,0.0,0,0.0,U-Mean-logit-alpha-0.000000,17,ISIC_0012191_A03_T1_S1_58909ce0d831135f264ceb5c.png,S1,0.8969765901565552,0.8960763995274243,T1,val,M,1703ca22a1c39afeca05ffd0c12fe01606f41d5af81442d20102f130cc2ca491,d67353b51c7f853c45c0fad75d4336d0d442799627d3e648686eb70a497ad029,0.8337968480995894,T1,188880
0.0,0.0,0.0,,A00,0.01922028139233589,0.019937796776270677,0.729661728044931,0.41559760200572976,0.860673612793797,0,5ca3f9fed2a631d522b1bd5334bde7efb3613c82a3aa714d8ae5da962737af8c,0.01922028139233589,0.05307795852422714,0.0,0.05307795852422714,0.9130643606185913,0.0,0.0,02fc8095c431dfc5451811632a802997c5ba97593e8a98ad29eaf0d9e1211df4,complete_update,5147.6254720016295,0.9236470583191497,0.9236470583191497,0.9255988784432986,5794,0,0,83253,0,0,0.0,0.0,0.0,0.0019518201241488509,-0.0019518201241488509,000265748d489c3d0095524194958fe61fe914509d0aca373da78957be3a3502,ISIC_0012228,0,287.1041617545681,0.05577409687556951,ISIC_0012228,8bdd29cd5e80cf23cb8ec41d002a76d1183f50d1e6fd3fb73580c3735149e97a,0.858126570339249,0.858126570339249,0.0,0.0,0.05307795852422714,0.05307795852422714,0.055143669224114435,0.055143669224114435,cuda_FP32_original_batch_present,canonical_letterbox_valid,3d99874f14ae5f316eec36e21141043d75bd4fd17ccfb31e3174198dee269596,aaeb55fe57fe2a85ca86a4da51ea8a8848e36ac86c1d91ba5dc25bfeb3d3571a,0.5051538944244385,complete_logit_interpolation,0,12212224,0.866121954082691,0,621857,0.050920864209500254,d2b3f24339893ebbb894a0f3ad66488e269d4032f19a808452fd2be098814377,RSI-TailProbe-20261004,0.9893570512749863,544398,0.04457812106951199,2,5841e28a9fc3c156c3ef2a42,0.0,0,0.0,U-Mean-logit-alpha-0.000000,17,ISIC_0012228_A00_T2_S1_5841e28a9fc3c156c3ef2a42.png,S1,0.9130643606185913,0.9096504583280418,T2,val,M,1703ca22a1c39afeca05ffd0c12fe01606f41d5af81442d20102f130cc2ca491,d67353b51c7f853c45c0fad75d4336d0d442799627d3e648686eb70a497ad029,0.858126570339249,T2,538604
0.0,0.0,0.0,,A09,0.013605047948658466,0.01361792318470053,0.695433397067529,0.3876866492935178,0.9338601502317105,0,5ca3f9fed2a631d522b1bd5334bde7efb3613c82a3aa714d8ae5da962737af8c,0.013605047948658466,0.03829177841544151,0.0,0.03829177841544151,0.9370214939117432,0.0,0.0,02fc8095c431dfc5451811632a802997c5ba97593e8a98ad29eaf0d9e1211df4,complete_update,5147.6254720016295,0.9498740691644898,0.9498740691644898,0.9495865043006366,51510,0,0,12774,0,0,0.0,0.0,0.0,-0.0002875648638531736,0.0002875648638531736,000265748d489c3d0095524194958fe61fe914509d0aca373da78957be3a3502,ISIC_0012228,0,62.92094577709652,0.012223295210447781,ISIC_0012228,8bdd29cd5e80cf23cb8ec41d002a76d1183f50d1e6fd3fb73580c3735149e97a,0.9045334861969773,0.9045334861969773,0.0,0.0,0.03829177841544151,0.03829177841544151,0.038730519227798785,0.038730519227798785,cuda_FP32_original_batch_present,canonical_letterbox_valid,3d99874f14ae5f316eec36e21141043d75bd4fd17ccfb31e3174198dee269596,e84df546cc80cd05393a11cc1ce87121e199fa05770894f4b6e54ff009584e87,0.5051538944244385,complete_logit_interpolation,0,12212224,0.9794582998985297,0,621857,0.050920864209500254,d2b3f24339893ebbb894a0f3ad66488e269d4032f19a808452fd2be098814377,RSI-TailProbe-20261004,0.922024605165359,660593,0.05409276803307899,2,58472a049fc3c10f04859aca,0.0,0,0.0,U-Mean-logit-alpha-0.000000,17,ISIC_0012228_A09_T1_S1_58472a049fc3c10f04859aca.png,S1,0.9370214939117432,0.936156884729103,T1,val,M,1703ca22a1c39afeca05ffd0c12fe01606f41d5af81442d20102f130cc2ca491,d67353b51c7f853c45c0fad75d4336d0d442799627d3e648686eb70a497ad029,0.9045334861969773,T1,609083
0.0,0.0,0.0,,A00,0.038400668650865555,0.03839476845898669,0.09964441089413775,0.006411744226528954,0.5538849890990979,0,5ca3f9fed2a631d522b1bd5334bde7efb3613c82a3aa714d8ae5da962737af8c,0.038400668650865555,0.1416945904493332,0.0,0.1416945904493332,0.7550114989280701,0.0,0.0,02fc8095c431dfc5451811632a802997c5ba97593e8a98ad29eaf0d9e1211df4,complete_update,5147.6254720016295,0.771000767699062,0.771000767699062,0.7642069563072094,0,0,0,152726,0,0,0.0,0.0,0.0,-0.006793811391852644,0.006793811391852644,000265748d489c3d0095524194958fe61fe914509d0aca373da78957be3a3502,ISIC_0012261,0,169.34874732582628,0.03289842049444515,ISIC_0012261,6b78615d83cb6e0d51e79cdde6e21f7ef78532d8721e99fdfe685919ced52055,0.6273403167678069,0.6273403167678069,0.0,0.0,0.1416945904493332,0.1416945904493332,0.1421882308828506,0.1421882308828506,cuda_FP32_original_batch_present,canonical_letterbox_valid,3d99874f14ae5f316eec36e21141043d75bd4fd17ccfb31e3174198dee269596,72b42b7a58e768e52396aa0dbee2ee7f2dee5b8af1d96708bbe56517831a37e2,0.362701952457428,complete_logit_interpolation,0,12212224,0.6273403167678069,0,409827,0.033558752279683045,759af0a1441e8d61c7575e4c11100531e1609a2925641741f391362db055f58e,RSI-TailProbe-20261004,1.0,257101,0.021052758285468723,2,5841e2a29fc3c156c3ef2aa5,0.0,0,0.0,U-Mean-logit-alpha-0.000000,17,ISIC_0012261_A00_T2_S1_5841e2a29fc3c156c3ef2aa5.png,S1,0.7550114989280701,0.7540183066932855,T2,val,M,1703ca22a1c39afeca05ffd0c12fe01606f41d5af81442d20102f130cc2ca491,d67353b51c7f853c45c0fad75d4336d0d442799627d3e648686eb70a497ad029,0.0,T2,257101
0.0,0.0,0.0,,A09,0.03429467976093292,0.0337407901753372,0.31462569818121394,0.20152096663603491,0.47696054284451395,0,5ca3f9fed2a631d522b1bd5334bde7efb3613c82a3aa714d8ae5da962737af8c,0.03429467976093292,0.09840474277734756,0.0,0.09840474277734756,0.8374851942062378,0.0,0.0,02fc8095c431dfc5451811632a802997c5ba97593e8a98ad29eaf0d9e1211df4,complete_update,5147.6254720016295,0.8550376201831466,0.8550376201831466,0.8577406717810626,115934,0,0,17198,0,0,0.0,0.0,0.0,0.002703051597916062,-0.002703051597916062,000265748d489c3d0095524194958fe61fe914509d0aca373da78957be3a3502,ISIC_0012261,0,107.41763386107228,0.020867414392388466,ISIC_0012261,6b78615d83cb6e0d51e79cdde6e21f7ef78532d8721e99fdfe685919ced52055,0.7467822832047261,0.7467822832047261,0.0,0.0,0.09840474277734756,0.09840474277734756,0.0977203524980513,0.0977203524980513,cuda_FP32_original_batch_present,canonical_letterbox_valid,3d99874f14ae5f316eec36e21141043d75bd4fd17ccfb31e3174198dee269596,dafac2ea7b4731287bbb58dcc452ed7c4608d5ca8f327c9deaa321767996222c,0.362701952457428,complete_logit_interpolation,0,12212224,0.9580359517552528,0,409827,0.033558752279683045,759af0a1441e8d61c7575e4c11100531e1609a2925641741f391362db055f58e,RSI-TailProbe-20261004,0.7720361095872095,508563,0.04164376611500084,2,58471a419fc3c10f048599f4,0.0,0,0.0,U-Mean-logit-alpha-0.000000,17,ISIC_0012261_A09_T1_S1_58471a419fc3c10f048599f4.png,S1,0.8374851942062378,0.8383000851792346,T1,val,M,1703ca22a1c39afeca05ffd0c12fe01606f41d5af81442d20102f130cc2ca491,d67353b51c7f853c45c0fad75d4336d0d442799627d3e648686eb70a497ad029,0.7467822832047261,T1,392629
0.0,0.0,0.0,,A00,0.041625119745731354,0.04301839384997427,0.5496842174629325,0.2328580601250886,0.843685399745591,0,5ca3f9fed2a631d522b1bd5334bde7efb3613c82a3aa714d8ae5da962737af8c,0.041625119745731354,0.06647874414920807,0.0,0.06647874414920807,0.9086676239967346,0.0,0.0,02fc8095c431dfc5451811632a802997c5ba97593e8a98ad29eaf0d9e1211df4,complete_update,5147.6254720016295,0.9160930673053831,0.9160930673053831,0.9145227441505959,746,0,0,221809,0,0,0.0,0.0,0.0,-0.0015703231547872232,0.0015703231547872232,000265748d489c3d0095524194958fe61fe914509d0aca373da78957be3a3502,ISIC_0012400,0,225.53913150570025,0.04381420768321757,ISIC_0012400,bb6241ddb8e0f371a40b61a89c490ead32ca9fa8f35207c5f88db714c4d9890d,0.8451768686707771,0.8451768686707771,0.0,0.0,0.06647874414920807,0.06647874414920807,0.0685285482789048,0.0685285482789048,cuda_FP32_original_batch_present,canonical_letterbox_valid,3d99874f14ae5f316eec36e21141043d75bd4fd17ccfb31e3174198dee269596,ac6c35db14306ab9cb0168d27b247f73d5d7a8b49bef60a2186cfa4d345f37ad,0.5824531316757202,complete_logit_interpolation,0,12212224,0.8456157128707978,0,1436733,0.11764712144159818,4bd67171850b104560beb797e4e5d8ab8e7c68fe85b0ec6256989755b7a0c5c4,RSI-TailProbe-20261004,0.9993863466236725,1215670,0.09954534079951367,2,5841e2f69fc3c156c3ef2c46,0.0,0,0.0,U-Mean-logit-alpha-0.000000,17,ISIC_0012400_A00_T2_S1_5841e2f69fc3c156c3ef2c46.png,S1,0.9086676239967346,0.9059612972921647,T2,val,M,1703ca22a1c39afeca05ffd0c12fe01606f41d5af81442d20102f130cc2ca491,d67353b51c7f853c45c0fad75d4336d0d442799627d3e648686eb70a497ad029,0.8451768686707771,T2,1214924
0.0,0.0,0.0,,A03,0.050178125500679016,0.049262085607045716,0.29744116567474077,0.19078879594790454,0.6009559235091151,0,5ca3f9fed2a631d522b1bd5334bde7efb3613c82a3aa714d8ae5da962737af8c,0.050178125500679016,0.06753597408533096,0.0,0.06753597408533096,0.9151061773300171,0.0,0.0,02fc8095c431dfc5451811632a802997c5ba97593e8a98ad29eaf0d9e1211df4,complete_update,5147.6254720016295,0.9251167022885819,0.9251167022885819,0.9271485718932077,232435,0,0,135,0,0,0.0,0.0,0.0,0.002031869604625758,-0.002031869604625758,000265748d489c3d0095524194958fe61fe914509d0aca373da78957be3a3502,ISIC_0012400,0,110.09609181149472,0.021387743224583193,ISIC_0012400,bb6241ddb8e0f371a40b61a89c490ead32ca9fa8f35207c5f88db714c4d9890d,0.8606671108001112,0.8606671108001112,0.0,0.0,0.06753597408533096,0.06753597408533096,0.06684284322511391,0.06684284322511391,cuda_FP32_original_batch_present,canonical_letterbox_valid,3d99874f14ae5f316eec36e21141043d75bd4fd17ccfb31e3174198dee269596,f13d6062ac80c4d1ad6c2ce429abdcf52af6601d3d50a287c05e242126610cf7,0.5824531316757202,complete_logit_interpolation,0,12212224,0.9999060368210377,0,1436733,0.11764712144159818,4bd67171850b104560beb797e4e5d8ab8e7c68fe85b0ec6256989755b7a0c5c4,RSI-TailProbe-20261004,0.8607367259964303,1669033,0.13666904570371458,2,58909d74d831135f264ceb68,0.0,0,0.0,U-Mean-logit-alpha-0.000000,17,ISIC_0012400_A03_T1_S1_58909d74d831135f264ceb68.png,S1,0.9151061773300171,0.9155763991568179,T1,val,M,1703ca22a1c39afeca05ffd0c12fe01606f41d5af81442d20102f130cc2ca491,d67353b51c7f853c45c0fad75d4336d0d442799627d3e648686eb70a497ad029,0.8606671108001112,T1,1436598
0.0,0.0,0.0,,A00,0.11989504098892212,0.11787472122503116,0.11875706475351219,0.03995913572728755,0.214233805251638,0,5ca3f9fed2a631d522b1bd5334bde7efb3613c82a3aa714d8ae5da962737af8c,0.11989504098892212,0.32378342747688293,0.0,0.32378342747688293,0.47232815623283386,0.0,0.0,02fc8095c431dfc5451811632a802997c5ba97593e8a98ad29eaf0d9e1211df4,complete_update,5147.6254720016295,0.4756749085084598,0.4756749085084598,0.5017434793870923,206884,0,0,0,0,0,0.0,0.0,0.0,0.026068570878632513,-0.026068570878632513,000265748d489c3d0095524194958fe61fe914509d0aca373da78957be3a3502,ISIC_0012481,0,313.40755991190343,0.06088390882680834,ISIC_0012481,3540dce1d06e191d459625dd5909c4ec6abd1542155329fcdc0f9efc27b9dd10,0.31205607725253387,0.31205607725253387,0.0,0.0,0.32378342747688293,0.32378342747688293,0.3220458864385399,0.3220458864385399,cuda_FP32_original_batch_present,canonical_letterbox_valid,3d99874f14ae5f316eec36e21141043d75bd4fd17ccfb31e3174198dee269596,7d372ae50f0f66c7e7e929a429bb3fda992989ce699e3ab47aede7279e37a80f,0.35347720980644226,complete_logit_interpolation,0,12212224,1.0,0,93844,0.007684431599027335,b65e55a89b9bb7f58424caf21aae22c7ad737b166b4a80f8bec9a674f01a8eed,RSI-TailProbe-20261004,0.31205607725253387,300728,0.024625162460171057,2,5841e3309fc3c156c3ef2d39,0.0,0,0.0,U-Mean-logit-alpha-0.000000,17,ISIC_0012481_A00_T2_S1_5841e3309fc3c156c3ef2d39.png,S1,0.47232815623283386,0.4737829483479515,T2,val,M,1703ca22a1c39afeca05ffd0c12fe01606f41d5af81442d20102f130cc2ca491,d67353b51c7f853c45c0fad75d4336d0d442799627d3e648686eb70a497ad029,0.0,T2,93844
0.0,0.0,0.0,,A09,0.0008840878144837916,0.0009939521396055044,1.0,0.9899371069182391,1.0,0,5ca3f9fed2a631d522b1bd5334bde7efb3613c82a3aa714d8ae5da962737af8c,0.0008840878144837916,0.021615611389279366,0.0,0.021615611389279366,0.9576528668403625,0.0,0.0,02fc8095c431dfc5451811632a802997c5ba97593e8a98ad29eaf0d9e1211df4,complete_update,5147.6254720016295,0.9757674701494926,0.9757674701494926,0.959404809681104,2144,0,0,2398,0,0,0.0,0.0,0.0,-0.016362660468388635,0.016362660468388635,000265748d489c3d0095524194958fe61fe914509d0aca373da78957be3a3502,ISIC_0012481,0,8.960990336999396,0.0017408007606106895,ISIC_0012481,3540dce1d06e191d459625dd5909c4ec6abd1542155329fcdc0f9efc27b9dd10,0.9526815851981497,0.9526815851981497,0.0,0.0,0.021615611389279366,0.021615611389279366,0.023475016620796204,0.023475016620796204,cuda_FP32_original_batch_present,canonical_letterbox_valid,3d99874f14ae5f316eec36e21141043d75bd4fd17ccfb31e3174198dee269596,ef1f65c9461c044ec5c9b5a439e9a562b2ad1422f72621f3eabe22298749a36b,0.35347720980644226,complete_logit_interpolation,0,12212224,0.9744469545202676,0,93844,0.007684431599027335,b65e55a89b9bb7f58424caf21aae22c7ad737b166b4a80f8bec9a674f01a8eed,RSI-TailProbe-20261004,0.9770915696121381,93590,0.007663632766644306,2,58471c899fc3c10f04859a56,0.0,0,0.0,U-Mean-logit-alpha-0.000000,17,ISIC_0012481_A09_T3_S1_58471c899fc3c10f04859a56.png,S1,0.9576528668403625,0.9540439188980131,T3,val,M,1703ca22a1c39afeca05ffd0c12fe01606f41d5af81442d20102f130cc2ca491,d67353b51c7f853c45c0fad75d4336d0d442799627d3e648686eb70a497ad029,0.9526815851981497,T3,91446
0.0,0.0,0.0,,A00,0.05673778057098389,0.05672465521972725,0.0,0.0,0.07668825801607661,0,5ca3f9fed2a631d522b1bd5334bde7efb3613c82a3aa714d8ae5da962737af8c,0.05673778057098389,0.15847918391227722,0.0,0.15847918391227722,0.7397794127464294,0.0,0.0,02fc8095c431dfc5451811632a802997c5ba97593e8a98ad29eaf0d9e1211df4,complete_update,5147.6254720016295,0.7452193185918251,0.7452193185918251,0.7415774029629983,0,0,0,212549,0,0,0.0,0.0,0.0,-0.003641915628826764,0.003641915628826764,000265748d489c3d0095524194958fe61fe914509d0aca373da78957be3a3502,ISIC_0012493,0,164.20109622045769,0.03189841551479636,ISIC_0012493,109ab0fa7f5c81e63a2d72050bd602c236d0bb3b0922488e5592f22b9e758d05,0.5939040420637529,0.5939040420637529,0.0,0.0,0.15847918391227722,0.15847918391227722,0.15894801259355423,0.15894801259355423,cuda_FP32_original_batch_present,canonical_letterbox_valid,3d99874f14ae5f316eec36e21141043d75bd4fd17ccfb31e3174198dee269596,f4d1c14af1621d41b15d20f5362bffb0ba08091ca3a86534aaf884e09c9067ea,0.47480547428131104,complete_logit_interpolation,0,12212224,0.5939040420637529,0,523396,0.042858368795069594,032aa334d48f65646919eeec222b196302efbac6aa63a473b0fe2e10afa883f5,RSI-TailProbe-20261004,1.0,310847,0.025453758463650847,2,5841e3399fc3c156c3ef2d5d,0.0,0,0.0,U-Mean-logit-alpha-0.000000,17,ISIC_0012493_A00_T2_S2_5841e3399fc3c156c3ef2d5d.png,S2,0.7397794127464294,0.7388286300326188,T2,val,M,1703ca22a1c39afeca05ffd0c12fe01606f41d5af81442d20102f130cc2ca491,d67353b51c7f853c45c0fad75d4336d0d442799627d3e648686eb70a497ad029,0.0,T2,310847
0.0,0.0,0.0,,A03,0.12295494228601456,0.12226238658420799,0.03643657643400011,0.0,0.24428668851299706,0,5ca3f9fed2a631d522b1bd5334bde7efb3613c82a3aa714d8ae5da962737af8c,0.12295494228601456,0.19123338162899017,0.0,0.19123338162899017,0.7404881715774536,0.0,0.0,02fc8095c431dfc5451811632a802997c5ba97593e8a98ad29eaf0d9e1211df4,complete_update,5147.6254720016295,0.7417727995192754,0.7417727995192754,0.7454151063378789,364411,0,0,0,0,0,0.0,0.0,0.0,0.003642306818603447,-0.003642306818603447,000265748d489c3d0095524194958fe61fe914509d0aca373da78957be3a3502,ISIC_0012493,0,274.7530147204426,0.053374709604427806,ISIC_0012493,109ab0fa7f5c81e63a2d72050bd602c236d0bb3b0922488e5592f22b9e758d05,0.589538041488747,0.589538041488747,0.0,0.0,0.19123338162899017,0.19123338162899017,0.19073201401055867,0.19073201401055867,cuda_FP32_original_batch_present,canonical_letterbox_valid,3d99874f14ae5f316eec36e21141043d75bd4fd17ccfb31e3174198dee269596,de34f6982b852662e6fb95d11eebd4d2caf33601eb31ec88065df324ff0dddfd,0.47480547428131104,complete_logit_interpolation,0,12212224,1.0,0,523396,0.042858368795069594,032aa334d48f65646919eeec222b196302efbac6aa63a473b0fe2e10afa883f5,RSI-TailProbe-20261004,0.589538041488747,887807,0.07269822433653363,2,58a493f9d8311352d32caea8,0.0,0,0.0,U-Mean-logit-alpha-0.000000,17,ISIC_0012493_A03_T1_S1_58a493f9d8311352d32caea8.png,S1,0.7404881715774536,0.7407983585630906,T1,val,M,1703ca22a1c39afeca05ffd0c12fe01606f41d5af81442d20102f130cc2ca491,d67353b51c7f853c45c0fad75d4336d0d442799627d3e648686eb70a497ad029,0.0,T1,523396
0.0,0.0,0.0,,A00,0.33181408047676086,0.33197665284672256,0.022892836994824584,0.011488139559621316,0.06438374889843497,0,5ca3f9fed2a631d522b1bd5334bde7efb3613c82a3aa714d8ae5da962737af8c,0.33181408047676086,0.3286937475204468,0.0,0.3286937475204468,0.6744266152381897,0.0,0.0,02fc8095c431dfc5451811632a802997c5ba97593e8a98ad29eaf0d9e1211df4,complete_update,1280.0,0.827693116608799,0.827693116608799,0.8301383521466053,1977,0,0,93058,0,0,0.0,0.0,0.0,0.0024452355378062895,-0.0024452355378062895,16ba82c3443a91e7ff00c064a383f9a34c4a1ca7442e3e16be9e626b3f183f98,ISIC_0012623,0,181.47639900761058,0.14177843672469576,ISIC_0012623,9c58d4403680d3769b13d6b28e561919f9ecddacca7257cda9f0d87d20dab24b,0.7060379226081847,0.7060379226081847,0.0,0.0,0.3286937475204468,0.3286937475204468,0.3288226907673274,0.3288226907673274,cuda_FP32_original_batch_present,canonical_letterbox_valid,3d99874f14ae5f316eec36e21141043d75bd4fd17ccfb31e3174198dee269596,c86090ad1361d949d1bbd2d458d8ec613a0327e42728b3f2f90311ad771de5e1,0.4264533221721649,complete_logit_interpolation,0,786432,0.7103820884931515,0,321313,0.4085706075032552,212c4f703e63fca5eb51a38b4db24c0c4b29e80aa952b54fac09d02666a0a7fe,RSI-TailProbe-20261004,0.9914130094860836,230232,0.292755126953125,2,5841e3849fc3c156c3ef2ee3,0.0,0,0.0,U-Mean-logit-alpha-0.000000,17,ISIC_0012623_A00_T2_S2_5841e3849fc3c156c3ef2ee3.png,S2,0.6744266152381897,0.6743312713120677,T2,val,M,1703ca22a1c39afeca05ffd0c12fe01606f41d5af81442d20102f130cc2ca491,d67353b51c7f853c45c0fad75d4336d0d442799627d3e648686eb70a497ad029,0.7060379226081847,T2,228255
0.0,0.0,0.0,,A09,0.43208181858062744,0.43217979544454294,0.03827391364196432,0.01218274111675127,0.08534601838175937,0,5ca3f9fed2a631d522b1bd5334bde7efb3613c82a3aa714d8ae5da962737af8c,0.43208181858062744,0.43084314465522766,0.0,0.43084314465522766,0.5703955292701721,0.0,0.0,02fc8095c431dfc5451811632a802997c5ba97593e8a98ad29eaf0d9e1211df4,complete_update,1280.0,0.6669210066888661,0.6669210066888661,0.6696005712370489,155,0,0,160487,0,0,0.0,0.0,0.0,0.0026795645481827446,-0.0026795645481827446,16ba82c3443a91e7ff00c064a383f9a34c4a1ca7442e3e16be9e626b3f183f98,ISIC_0012623,0,290.1885016757277,0.22670976693416228,ISIC_0012623,9c58d4403680d3769b13d6b28e561919f9ecddacca7257cda9f0d87d20dab24b,0.5002861871166026,0.5002861871166026,0.0,0.0,0.43084314465522766,0.43084314465522766,0.43089855209583183,0.43089855209583183,cuda_FP32_original_batch_present,canonical_letterbox_valid,3d99874f14ae5f316eec36e21141043d75bd4fd17ccfb31e3174198dee269596,1e8e095b58d51ffb459a0f6e491458a5cd957e163716c1f3fa6365daef85e5e6,0.4264533221721649,complete_logit_interpolation,0,786432,0.5005275230071612,0,321313,0.4085706075032552,212c4f703e63fca5eb51a38b4db24c0c4b29e80aa952b54fac09d02666a0a7fe,RSI-TailProbe-20261004,0.9990371534528919,160981,0.20469792683919272,2,5b30e98f11659747a0a01268,0.0,0,0.0,U-Mean-logit-alpha-0.000000,17,ISIC_0012623_A09_T1_S1_5b30e98f11659747a0a01268.png,S1,0.5703955292701721,0.5703826912528793,T1,val,M,1703ca22a1c39afeca05ffd0c12fe01606f41d5af81442d20102f130cc2ca491,d67353b51c7f853c45c0fad75d4336d0d442799627d3e648686eb70a497ad029,0.0,T1,160826
0.0,0.0,0.0,,A00,0.008726077154278755,0.008801067808838573,0.786403250454012,0.39567933649570225,1.0,0,5ca3f9fed2a631d522b1bd5334bde7efb3613c82a3aa714d8ae5da962737af8c,0.008726077154278755,0.03609708696603775,0.0,0.03609708696603775,0.9365319013595581,0.0,0.0,02fc8095c431dfc5451811632a802997c5ba97593e8a98ad29eaf0d9e1211df4,complete_update,2769.063379556344,0.9403508771929825,0.9403508771929825,0.9361866142896366,408,0,0,10812,0,0,0.0,0.0,0.0,-0.004164262903345928,0.004164262903345928,59ebebb7e0f03034204e3ffcc70ea4c65a4bb7f8e31178fcc1441ad01bb6b3b9,ISIC_0012654,0,20.475512262673984,0.00739438194656077,ISIC_0012654,137096cc48da0781445bf14156c7e76ff11a661d5a1509f14eb791839410d907,0.8874172185430463,0.8874172185430463,0.0,0.0,0.03609708696603775,0.03609708696603775,0.03733259850977326,0.03733259850977326,cuda_FP32_original_batch_present,canonical_letterbox_valid,3d99874f14ae5f316eec36e21141043d75bd4fd17ccfb31e3174198dee269596,32cad2963fb7be83aab63b884e7432c117965179b3cf980beaa7945df67b026c,0.4648994505405426,complete_logit_interpolation,0,3538944,0.891065167452545,0,99252,0.028045654296875,dbf1c97fdf71352c435fa5444cc44de23d09bc7e28ef8e92e1b2fe64b2bcbac6,RSI-TailProbe-20261004,0.995407887628309,88848,0.025105794270833332,2,5841e3929fc3c156c3ef2f40,0.0,0,0.0,U-Mean-logit-alpha-0.000000,17,ISIC_0012654_A00_T2_S2_5841e3929fc3c156c3ef2f40.png,S2,0.9365319013595581,0.934135870789292,T2,val,M,1703ca22a1c39afeca05ffd0c12fe01606f41d5af81442d20102f130cc2ca491,d67353b51c7f853c45c0fad75d4336d0d442799627d3e648686eb70a497ad029,0.8874172185430463,T2,88440
0.0,0.0,0.0,,A03,0.027113500982522964,0.027254604814472935,0.08786476874294692,0.002945074363127669,0.8070867415886098,0,5ca3f9fed2a631d522b1bd5334bde7efb3613c82a3aa714d8ae5da962737af8c,0.027113500982522964,0.08805963397026062,0.0,0.08805963397026062,0.8509942293167114,0.0,0.0,02fc8095c431dfc5451811632a802997c5ba97593e8a98ad29eaf0d9e1211df4,complete_update,2769.063379556344,0.8498056007833912,0.8498056007833912,0.8434716095675728,0,0,0,25921,0,0,0.0,0.0,0.0,-0.0063339912158183465,0.0063339912158183465,59ebebb7e0f03034204e3ffcc70ea4c65a4bb7f8e31178fcc1441ad01bb6b3b9,ISIC_0012654,0,35.6931365951495,0.012889967365379772,ISIC_0012654,137096cc48da0781445bf14156c7e76ff11a661d5a1509f14eb791839410d907,0.7388364969975416,0.7388364969975416,0.0,0.0,0.08805963397026062,0.08805963397026062,0.0896420508690442,0.0896420508690442,cuda_FP32_original_batch_present,canonical_letterbox_valid,3d99874f14ae5f316eec36e21141043d75bd4fd17ccfb31e3174198dee269596,7ffc6d862a4fdb997cb405a0bb14ce3398cc5994f24cdfa75d45bdd22d2bf90c,0.4648994505405426,complete_logit_interpolation,0,3538944,0.7388364969975416,0,99252,0.028045654296875,dbf1c97fdf71352c435fa5444cc44de23d09bc7e28ef8e92e1b2fe64b2bcbac6,RSI-TailProbe-20261004,1.0,73331,0.020721152976707177,2,58a494c2d8311352d32caeba,0.0,0,0.0,U-Mean-logit-alpha-0.000000,17,ISIC_0012654_A03_T3_S1_58a494c2d8311352d32caeba.png,S1,0.8509942293167114,0.8479705030763846,T3,val,M,1703ca22a1c39afeca05ffd0c12fe01606f41d5af81442d20102f130cc2ca491,d67353b51c7f853c45c0fad75d4336d0d442799627d3e648686eb70a497ad029,0.7388364969975416,T3,73331
0.0,0.0,0.0,,A00,0.04476087912917137,0.045566147769777944,0.5274271728973358,0.18082785251228278,0.8299533875566566,0,5ca3f9fed2a631d522b1bd5334bde7efb3613c82a3aa714d8ae5da962737af8c,0.04476087912917137,0.06717216968536377,0.0,0.06717216968536377,0.9104165434837341,0.0,0.0,02fc8095c431dfc5451811632a802997c5ba97593e8a98ad29eaf0d9e1211df4,complete_update,3612.2104036171536,0.9184871417232935,0.9184871417232935,0.9170792350209257,27,0,0,115203,0,0,0.0,0.0,0.0,-0.0014079067023677894,0.0014079067023677894,015a5182dfe5ccbc86e54e2a297d7057c76dbe74152c60b933a79ba1c5e747cf,ISIC_0012671,0,159.8061251079873,0.0442405361957771,ISIC_0012671,619d1c2858cb9e37fd8c0f6d6c2a5e13bfb8e613ad2063dffbf6ebc6572f1425,0.8492614162598308,0.8492614162598308,0.0,0.0,0.06717216968536377,0.06717216968536377,0.06829522470815623,0.06829522470815623,cuda_FP32_original_batch_present,canonical_letterbox_valid,3d99874f14ae5f316eec36e21141043d75bd4fd17ccfb31e3174198dee269596,030474af138429d4d6cb9b82679de9ba15a811846b1369cbda7a52d29a8a63f3,0.49998635053634644,complete_logit_interpolation,0,6016000,0.8492914133664047,0,764409,0.12706266622340426,ed6b66592528dc2b9cc7b46c684e83ea91008d2bac37926fa75804fc7c504b94,RSI-TailProbe-20261004,0.9999584124651705,649233,0.10791771941489361,2,5841e39b9fc3c156c3ef2f73,0.0,0,0.0,U-Mean-logit-alpha-0.000000,17,ISIC_0012671_A00_T2_S1_5841e39b9fc3c156c3ef2f73.png,S1,0.9104165434837341,0.9089756983534655,T2,val,M,1703ca22a1c39afeca05ffd0c12fe01606f41d5af81442d20102f130cc2ca491,d67353b51c7f853c45c0fad75d4336d0d442799627d3e648686eb70a497ad029,0.8492614162598308,T2,649206
0.0,0.0,0.0,,A03,0.021080179139971733,0.021190726368050902,0.8042723074271415,0.5578672416790886,0.9335821786786818,0,5ca3f9fed2a631d522b1bd5334bde7efb3613c82a3aa714d8ae5da962737af8c,0.021080179139971733,0.03667106479406357,0.0,0.03667106479406357,0.9477380514144897,0.0,0.0,02fc8095c431dfc5451811632a802997c5ba97593e8a98ad29eaf0d9e1211df4,complete_update,3612.2104036171536,0.9654979319287209,0.9654979319287209,0.9655724517334441,31825,0,0,21286,0,0,0.0,0.0,0.0,7.45198047231721e-05,-7.45198047231721e-05,015a5182dfe5ccbc86e54e2a297d7057c76dbe74152c60b933a79ba1c5e747cf,ISIC_0012671,0,51.62363799656123,0.014291426087712649,ISIC_0012671,619d1c2858cb9e37fd8c0f6d6c2a5e13bfb8e613ad2063dffbf6ebc6572f1425,0.9332972467892604,0.9332972467892604,0.0,0.0,0.03667106479406357,0.03667106479406357,0.03688927734581323,0.03688927734581323,cuda_FP32_original_batch_present,canonical_letterbox_valid,3d99874f14ae5f316eec36e21141043d75bd4fd17ccfb31e3174198dee269596,8f08e97b21a927af3b94ecaf395c186a1eb2f8b2c8996225ef52e15657fc7d3e,0.49998635053634644,complete_logit_interpolation,0,6016000,0.9721536507288637,0,764409,0.12706266622340426,ed6b66592528dc2b9cc7b46c684e83ea91008d2bac37926fa75804fc7c504b94,RSI-TailProbe-20261004,0.9589327283895177,774948,0.12881449468085107,2,58472a0c9fc3c10f04859acb,0.0,0,0.0,U-Mean-logit-alpha-0.000000,17,ISIC_0012671_A03_T3_S1_58472a0c9fc3c10f04859acb.png,S1,0.9477380514144897,0.9474121716764244,T3,val,M,1703ca22a1c39afeca05ffd0c12fe01606f41d5af81442d20102f130cc2ca491,d67353b51c7f853c45c0fad75d4336d0d442799627d3e648686eb70a497ad029,0.9332972467892604,T3,743123
0.0,0.0,0.0,,A00,0.09610164910554886,0.09499103506471344,0.0,0.0,0.0,0,5ca3f9fed2a631d522b1bd5334bde7efb3613c82a3aa714d8ae5da962737af8c,0.09610164910554886,0.548010528087616,0.0,0.548010528087616,8.060373511398211e-05,0.0,0.0,02fc8095c431dfc5451811632a802997c5ba97593e8a98ad29eaf0d9e1211df4,complete_update,3612.2104036171536,0.0,0.0,0.0,23572,0,0,73961,0,0,0.0,0.0,0.0,0.0,0.0,015a5182dfe5ccbc86e54e2a297d7057c76dbe74152c60b933a79ba1c5e747cf,ISIC_0012789,0,982.6674896725725,0.2720404904123415,ISIC_0012789,b12092e4742efddfc07bd3a03dc8dcc256fcb579d4516bd676a5ae521bf4162b,0.0,0.0,0.0,0.0,0.548010528087616,0.548010528087616,0.5474557555042189,0.5474557555042189,cuda_FP32_original_batch_present,canonical_letterbox_valid,3d99874f14ae5f316eec36e21141043d75bd4fd17ccfb31e3174198dee269596,700afde554ecaf52aafb9fd534df838a090c8f209cc1bae1c49a084d4a8b7f1b,0.36544927954673767,complete_logit_interpolation,0,6016000,0.0,0,73961,0.01229404920212766,e09f58dab7ecc87784850e839d21b3aebb4b884126f85eaecf8f2f75bd09d8d0,RSI-TailProbe-20261004,0.0,23572,0.003918218085106383,2,5841e3db9fc3c156c3ef30d5,0.0,0,0.0,U-Mean-logit-alpha-0.000000,17,ISIC_0012789_A00_T2_S1_5841e3db9fc3c156c3ef30d5.png,S1,8.060373511398211e-05,7.95240562758007e-05,T2,val,M,1703ca22a1c39afeca05ffd0c12fe01606f41d5af81442d20102f130cc2ca491,d67353b51c7f853c45c0fad75d4336d0d442799627d3e648686eb70a497ad029,0.0,T2,0
0.0,0.0,0.0,,A03,0.005968776065856218,0.005655765086701188,0.8402231536294802,0.6177524299016287,0.9489531874852976,0,5ca3f9fed2a631d522b1bd5334bde7efb3613c82a3aa714d8ae5da962737af8c,0.005968776065856218,0.06088210642337799,0.0,0.06088210642337799,0.8842045664787292,0.0,0.0,02fc8095c431dfc5451811632a802997c5ba97593e8a98ad29eaf0d9e1211df4,complete_update,3612.2104036171536,0.9107987027264732,0.9107987027264732,0.9108074966999243,5298,0,0,7684,0,0,0.0,0.0,0.0,8.793973451104442e-06,-8.793973451104442e-06,015a5182dfe5ccbc86e54e2a297d7057c76dbe74152c60b933a79ba1c5e747cf,ISIC_0012789,0,42.44643600122384,0.011750820483413511,ISIC_0012789,b12092e4742efddfc07bd3a03dc8dcc256fcb579d4516bd676a5ae521bf4162b,0.8362078754463216,0.8362078754463216,0.0,0.0,0.06088210642337799,0.06088210642337799,0.06047363264020883,0.06047363264020883,cuda_FP32_original_batch_present,canonical_letterbox_valid,3d99874f14ae5f316eec36e21141043d75bd4fd17ccfb31e3174198dee269596,fd20bdeb47c2df875bae6e447d0fdaf5a95d10e8dead032ee2986bf149038b2e,0.36544927954673767,complete_logit_interpolation,0,6016000,0.8961074079582483,0,73961,0.01229404920212766,e09f58dab7ecc87784850e839d21b3aebb4b884126f85eaecf8f2f75bd09d8d0,RSI-TailProbe-20261004,0.9259797415298637,71575,0.011897440159574469,2,58472d769fc3c10f04859ada,0.0,0,0.0,U-Mean-logit-alpha-0.000000,17,ISIC_0012789_A03_T3_S1_58472d769fc3c10f04859ada.png,S1,0.8842045664787292,0.8847084998062835,T3,val,M,1703ca22a1c39afeca05ffd0c12fe01606f41d5af81442d20102f130cc2ca491,d67353b51c7f853c45c0fad75d4336d0d442799627d3e648686eb70a497ad029,0.8362078754463216,T3,66277
0.0,0.0,0.0,,A00,1.358830451965332,1.3567039431111598,0.0,0.0,0.0,0,5ca3f9fed2a631d522b1bd5334bde7efb3613c82a3aa714d8ae5da962737af8c,1.358830451965332,0.964745283126831,0.0,0.964745283126831,0.4293399453163147,0.0,0.0,02fc8095c431dfc5451811632a802997c5ba97593e8a98ad29eaf0d9e1211df4,complete_update,4659.490100858677,0.41110116748016157,0.41110116748016157,0.4075032924325859,3930481,0,0,0,0,0,0.0,0.0,0.0,-0.0035978750475756938,0.0035978750475756938,e0c70e7657a51eb8c86621fedacc1d565f919acc44091267cc2757827dd56d4f,ISIC_0012806,0,830.8140278639618,0.17830578236679906,ISIC_0012806,6fd6e36967988b4ff61e8a857c3c39b1623e39f8d817993e23cd5a1464405277,0.2587333812991701,0.2587333812991701,0.0,0.0,0.964745283126831,0.964745283126831,0.9635426566029016,0.9635426566029016,cuda_FP32_original_batch_present,canonical_letterbox_valid,3d99874f14ae5f316eec36e21141043d75bd4fd17ccfb31e3174198dee269596,46407d0b9845c1bbb42a18679c431354b40aac9ee256892308ffff4c02213e53,0.4559692144393921,complete_logit_interpolation,0,10036224,1.0,0,1371904,0.13669523518008367,2d117a78e87e376736c41236cb8d175b23c228699f709b4ee12a20899dec70e4,RSI-TailProbe-20261004,0.2587333812991701,5302385,0.5283246966189674,2,5841e3e59fc3c156c3ef3108,0.0,0,0.0,U-Mean-logit-alpha-0.000000,17,ISIC_0012806_A00_T2_S1_5841e3e59fc3c156c3ef3108.png,S1,0.4293399453163147,0.42961862990535654,T2,val,M,1703ca22a1c39afeca05ffd0c12fe01606f41d5af81442d20102f130cc2ca491,d67353b51c7f853c45c0fad75d4336d0d442799627d3e648686eb70a497ad029,0.0,T2,1371904
0.0,0.0,0.0,,A03,0.10215840488672256,0.10215932266259331,0.1933235807197294,0.10267557110940236,0.3876117359187485,0,5ca3f9fed2a631d522b1bd5334bde7efb3613c82a3aa714d8ae5da962737af8c,0.10215840488672256,0.16395623981952667,0.0,0.16395623981952667,0.7742459177970886,0.0,0.0,02fc8095c431dfc5451811632a802997c5ba97593e8a98ad29eaf0d9e1211df4,complete_update,4659.490100858677,0.8651623809970699,0.8651623809970699,0.8520996950309996,369409,0,0,44385,0,0,0.0,0.0,0.0,-0.013062685966070298,0.013062685966070298,e0c70e7657a51eb8c86621fedacc1d565f919acc44091267cc2757827dd56d4f,ISIC_0012806,0,282.76085247694874,0.06068493469378548,ISIC_0012806,6fd6e36967988b4ff61e8a857c3c39b1623e39f8d817993e23cd5a1464405277,0.7623666738834431,0.7623666738834431,0.0,0.0,0.16395623981952667,0.16395623981952667,0.16397198046736344,0.16397198046736344,cuda_FP32_original_batch_present,canonical_letterbox_valid,3d99874f14ae5f316eec36e21141043d75bd4fd17ccfb31e3174198dee269596,637e292acc7d1bc19cc399302b440b1603c9988c1da161de75c70c45deba6672,0.4559692144393921,complete_logit_interpolation,0,10036224,0.9676471531535734,0,1371904,0.13669523518008367,2d117a78e87e376736c41236cb8d175b23c228699f709b4ee12a20899dec70e4,RSI-TailProbe-20261004,0.7823072045484546,1696928,0.16908032343638404,2,5847325f9fc3c10f04859aef,0.0,0,0.0,U-Mean-logit-alpha-0.000000,17,ISIC_0012806_A03_T1_S1_5847325f9fc3c10f04859aef.png,S1,0.7742459177970886,0.7742153617278664,T1,val,M,1703ca22a1c39afeca05ffd0c12fe01606f41d5af81442d20102f130cc2ca491,d67353b51c7f853c45c0fad75d4336d0d442799627d3e648686eb70a497ad029,0.7623666738834431,T1,1327519
0.0,0.0,0.0,,A00,0.33089113235473633,0.3302053505366559,0.1669122045840983,0.08300649567903592,0.2911210290457313,0,5ca3f9fed2a631d522b1bd5334bde7efb3613c82a3aa714d8ae5da962737af8c,0.33089113235473633,0.3607167899608612,0.0,0.3607167899608612,0.6094575524330139,0.0,0.0,02fc8095c431dfc5451811632a802997c5ba97593e8a98ad29eaf0d9e1211df4,complete_update,4659.490100858677,0.7492938817654868,0.7492938817654868,0.753642154567085,678573,0,0,698127,0,0,0.0,0.0,0.0,0.004348272801598219,-0.004348272801598219,e0c70e7657a51eb8c86621fedacc1d565f919acc44091267cc2757827dd56d4f,ISIC_0013159,0,530.0283011311755,0.11375242562131399,ISIC_0013159,0130de2a66954ddb2601f6ce8e563e12e8a1346fb5f6cb5ea145a992913a452c,0.5990966789410002,0.5990966789410002,0.0,0.0,0.3607167899608612,0.3607167899608612,0.3604756281424258,0.3604756281424258,cuda_FP32_original_batch_present,canonical_letterbox_valid,3d99874f14ae5f316eec36e21141043d75bd4fd17ccfb31e3174198dee269596,dc3be5ee551469ba498d7e4f7092951fb78e47f34ed4374bf8e489a3fecf5d2b,0.43215879797935486,complete_logit_interpolation,0,10036224,0.7466351796566915,0,2755422,0.27454767848943984,3815fe72b10063a6ff2a3070e6b2b031aa273d3d13aa1cdfec467fd80dfc18a1,RSI-TailProbe-20261004,0.7519715863484642,2735868,0.2725993361646771,2,5841e4bc9fc3c156c3ef352b,0.0,0,0.0,U-Mean-logit-alpha-0.000000,17,ISIC_0013159_A00_T2_S1_5841e4bc9fc3c156c3ef352b.png,S1,0.6094575524330139,0.6092540942518043,T2,val,M,1703ca22a1c39afeca05ffd0c12fe01606f41d5af81442d20102f130cc2ca491,d67353b51c7f853c45c0fad75d4336d0d442799627d3e648686eb70a497ad029,0.0,T2,2057295
0.0,0.0,0.0,,A03,0.31108981370925903,0.31097462375682267,0.041499312567349816,0.026835485884132478,0.0602471522629204,0,5ca3f9fed2a631d522b1bd5334bde7efb3613c82a3aa714d8ae5da962737af8c,0.31108981370925903,0.4337634742259979,0.0,0.4337634742259979,0.4435628652572632,0.0,0.0,02fc8095c431dfc5451811632a802997c5ba97593e8a98ad29eaf0d9e1211df4,complete_update,4659.490100858677,0.5563694490229044,0.5563694490229044,0.5537083507870826,468,0,0,1693313,0,0,0.0,0.0,0.0,-0.002661098235821835,0.002661098235821835,e0c70e7657a51eb8c86621fedacc1d565f919acc44091267cc2757827dd56d4f,ISIC_0013159,0,573.8934942945492,0.12316658730293019,ISIC_0013159,0130de2a66954ddb2601f6ce8e563e12e8a1346fb5f6cb5ea145a992913a452c,0.3853960063718073,0.3853960063718073,0.0,0.0,0.4337634742259979,0.4337634742259979,0.4336125492747591,0.4336125492747591,cuda_FP32_original_batch_present,canonical_letterbox_valid,3d99874f14ae5f316eec36e21141043d75bd4fd17ccfb31e3174198dee269596,c04f2946e18ebaef121e48ec707d70cae20f0617d5576b214406d651efe57803,0.43215879797935486,complete_logit_interpolation,0,10036224,0.3854614647048619,0,2755422,0.27454767848943984,3815fe72b10063a6ff2a3070e6b2b031aa273d3d13aa1cdfec467fd80dfc18a1,RSI-TailProbe-20261004,0.9995595613306142,1062577,0.1058741813654219,2,58a496c1d8311352d32caf11,0.0,0,0.0,U-Mean-logit-alpha-0.000000,17,ISIC_0013159_A03_T1_S1_58a496c1d8311352d32caf11.png,S1,0.4435628652572632,0.44374952520730454,T1,val,M,1703ca22a1c39afeca05ffd0c12fe01606f41d5af81442d20102f130cc2ca491,d67353b51c7f853c45c0fad75d4336d0d442799627d3e648686eb70a497ad029,0.0,T1,1062109
0.0,0.0,0.0,,A00,0.03122750110924244,0.02970489412869099,0.0,0.0,0.0,0,5ca3f9fed2a631d522b1bd5334bde7efb3613c82a3aa714d8ae5da962737af8c,0.03122750110924244,0.5156012177467346,0.0,0.5156012177467346,2.504055737517774e-05,0.0,0.0,02fc8095c431dfc5451811632a802997c5ba97593e8a98ad29eaf0d9e1211df4,complete_update,3612.2104036171536,0.0,0.0,0.0,7892,0,0,17848,0,0,0.0,0.0,0.0,0.0,0.0,015a5182dfe5ccbc86e54e2a297d7057c76dbe74152c60b933a79ba1c5e747cf,ISIC_0013196,0,1485.2259745401889,0.411168179199343,ISIC_0013196,ffcf81ad8ecd826970b68d5696f4ac04538c50b100862ae79f8697ba1b5d70ba,0.0,0.0,0.0,0.0,0.5156012177467346,0.5156012177467346,0.5148409105080505,0.5148409105080505,cuda_FP32_original_batch_present,canonical_letterbox_valid,3d99874f14ae5f316eec36e21141043d75bd4fd17ccfb31e3174198dee269596,eafb9e681c0b182040d4afd60fbb9f6d296297f3bcaf4adefea26b4e3f076434,0.3342650830745697,complete_logit_interpolation,0,6016000,0.0,0,17848,0.002966755319148936,bbf95f4958a9277cb7f15bcbc1559a271ca1be0b84425139b683936287c85de5,RSI-TailProbe-20261004,0.0,7892,0.0013118351063829787,2,5841e4d19fc3c156c3ef359a,0.0,0,0.0,U-Mean-logit-alpha-0.000000,17,ISIC_0013196_A00_T2_S1_5841e4d19fc3c156c3ef359a.png,S1,2.504055737517774e-05,2.3073112590133062e-05,T2,val,M,1703ca22a1c39afeca05ffd0c12fe01606f41d5af81442d20102f130cc2ca491,d67353b51c7f853c45c0fad75d4336d0d442799627d3e648686eb70a497ad029,0.0,T2,0
0.0,0.0,0.0,,A03,0.0007481251377612352,0.0008515438166112577,1.0,0.9988623435722412,1.0,0,5ca3f9fed2a631d522b1bd5334bde7efb3613c82a3aa714d8ae5da962737af8c,0.0007481251377612352,0.04677985608577728,0.0,0.04677985608577728,0.9071884155273438,0.0,0.0,02fc8095c431dfc5451811632a802997c5ba97593e8a98ad29eaf0d9e1211df4,complete_update,3612.2104036171536,0.94781295446918,0.94781295446918,0.9537575395315981,963,0,0,903,0,0,0.0,0.0,0.0,0.0059445850624181285,-0.0059445850624181285,015a5182dfe5ccbc86e54e2a297d7057c76dbe74152c60b933a79ba1c5e747cf,ISIC_0013196,0,8.0,0.002214710414429085,ISIC_0013196,ffcf81ad8ecd826970b68d5696f4ac04538c50b100862ae79f8697ba1b5d70ba,0.900802721811706,0.900802721811706,0.0,0.0,0.04677985608577728,0.04677985608577728,0.04912638042109514,0.04912638042109514,cuda_FP32_original_batch_present,canonical_letterbox_valid,3d99874f14ae5f316eec36e21141043d75bd4fd17ccfb31e3174198dee269596,08ba69366067d24c9170e304aa576bd2e8e0d1aecf833ebe76c5d331ec45f425,0.3342650830745697,complete_logit_interpolation,0,6016000,0.9494060959211116,0,17848,0.002966755319148936,bbf95f4958a9277cb7f15bcbc1559a271ca1be0b84425139b683936287c85de5,RSI-TailProbe-20261004,0.9462251507706053,17908,0.0029767287234042554,2,58473fc59fc3c10f04859b7f,0.0,0,0.0,U-Mean-logit-alpha-0.000000,17,ISIC_0013196_A03_T1_S1_58473fc59fc3c10f04859b7f.png,S1,0.9071884155273438,0.902598782974421,T1,val,M,1703ca22a1c39afeca05ffd0c12fe01606f41d5af81442d20102f130cc2ca491,d67353b51c7f853c45c0fad75d4336d0d442799627d3e648686eb70a497ad029,0.900802721811706,T1,16945
0.0,0.0,0.0,,A00,0.32571080327033997,0.3233569913346551,0.017006647846279938,0.0,0.064732277845644,0,5ca3f9fed2a631d522b1bd5334bde7efb3613c82a3aa714d8ae5da962737af8c,0.32571080327033997,0.42982131242752075,0.0,0.42982131242752075,0.4660681188106537,0.0,0.0,02fc8095c431dfc5451811632a802997c5ba97593e8a98ad29eaf0d9e1211df4,complete_update,3612.2104036171536,0.45188608336730535,0.45188608336730535,0.5012448951590152,688396,0,0,0,0,0,0.0,0.0,0.0,0.04935881179170981,-0.04935881179170981,015a5182dfe5ccbc86e54e2a297d7057c76dbe74152c60b933a79ba1c5e747cf,ISIC_0013207,0,453.0,0.12540797721704697,ISIC_0013207,97dbe10c2ce8f248cf2ca9ecacf75f26dcf0fef49842afb849563a5b272615c8,0.2918945941331007,0.2918945941331007,0.0,0.0,0.42982131242752075,0.42982131242752075,0.428165353397766,0.428165353397766,cuda_FP32_original_batch_present,canonical_letterbox_valid,3d99874f14ae5f316eec36e21141043d75bd4fd17ccfb31e3174198dee269596,e8d7095ce9c3d3325a5373ed778a3982d6fc4b46ec59ef6822f98ee65c326429,0.38942602276802063,complete_logit_interpolation,0,6016000,1.0,0,283770,0.047169215425531916,d64fc160b84e72c4c989ba3af0ea699fb5f0c8c7d02476ce5e8150116be3fe5e,RSI-TailProbe-20261004,0.2918945941331007,972166,0.1615967420212766,2,5841e4d79fc3c156c3ef35bb,0.0,0,0.0,U-Mean-logit-alpha-0.000000,17,ISIC_0013207_A00_T2_S1_5841e4d79fc3c156c3ef35bb.png,S1,0.4660681188106537,0.46702628453912315,T2,val,M,1703ca22a1c39afeca05ffd0c12fe01606f41d5af81442d20102f130cc2ca491,d67353b51c7f853c45c0fad75d4336d0d442799627d3e648686eb70a497ad029,0.0,T2,283770
0.0,0.0,0.0,,A03,0.043129812926054,0.04297447458241551,0.3817302216969169,0.2204416019390369,0.5781560454674638,0,5ca3f9fed2a631d522b1bd5334bde7efb3613c82a3aa714d8ae5da962737af8c,0.043129812926054,0.18646961450576782,0.0,0.18646961450576782,0.6701905727386475,0.0,0.0,02fc8095c431dfc5451811632a802997c5ba97593e8a98ad29eaf0d9e1211df4,complete_update,3612.2104036171536,0.8445253182095287,0.8445253182095287,0.8299146003240245,28965,0,0,55195,0,0,0.0,0.0,0.0,-0.014610717885504165,0.014610717885504165,015a5182dfe5ccbc86e54e2a297d7057c76dbe74152c60b933a79ba1c5e747cf,ISIC_0013207,0,484.3698985663841,0.13409238234886633,ISIC_0013207,97dbe10c2ce8f248cf2ca9ecacf75f26dcf0fef49842afb849563a5b272615c8,0.730890370441428,0.730890370441428,0.0,0.0,0.18646961450576782,0.18646961450576782,0.18623314823791096,0.18623314823791096,cuda_FP32_original_batch_present,canonical_letterbox_valid,3d99874f14ae5f316eec36e21141043d75bd4fd17ccfb31e3174198dee269596,6f3348614a374f2a0ca4868c5f3de898ec6d28deb1c024008bb0249f67e9a672,0.38942602276802063,complete_logit_interpolation,0,6016000,0.8054938858935053,0,283770,0.047169215425531916,d64fc160b84e72c4c989ba3af0ea699fb5f0c8c7d02476ce5e8150116be3fe5e,RSI-TailProbe-20261004,0.8875320338588181,257540,0.04280917553191489,2,584735b49fc3c10f04859aff,0.0,0,0.0,U-Mean-logit-alpha-0.000000,17,ISIC_0013207_A03_T1_S1_584735b49fc3c10f04859aff.png,S1,0.6701905727386475,0.6705081781065936,T1,val,M,1703ca22a1c39afeca05ffd0c12fe01606f41d5af81442d20102f130cc2ca491,d67353b51c7f853c45c0fad75d4336d0d442799627d3e648686eb70a497ad029,0.730890370441428,T1,228575
0.0,0.0,0.0,,A00,0.015238985419273376,0.01586713331150309,0.5150147171996858,0.09835039936601948,0.9816161936614606,0,5ca3f9fed2a631d522b1bd5334bde7efb3613c82a3aa714d8ae5da962737af8c,0.015238985419273376,0.04424186795949936,0.0,0.04424186795949936,0.9267552495002747,0.0,0.0,02fc8095c431dfc5451811632a802997c5ba97593e8a98ad29eaf0d9e1211df4,complete_update,4659.490100858677,0.9345081335838005,0.9345081335838005,0.9300952988846112,73,0,0,64460,0,0,0.0,0.0,0.0,-0.004412834699189294,0.004412834699189294,e0c70e7657a51eb8c86621fedacc1d565f919acc44091267cc2757827dd56d4f,ISIC_0013216,0,41.593268686170845,0.008926570887768558,ISIC_0013216,788128bc0d6a99af34954035b16d970eddcff6759fa64dcad5bd5ed00a1eb736,0.8770673554994228,0.8770673554994228,0.0,0.0,0.04424186795949936,0.04424186795949936,0.04586799850063681,0.04586799850063681,cuda_FP32_original_batch_present,canonical_letterbox_valid,3d99874f14ae5f316eec36e21141043d75bd4fd17ccfb31e3174198dee269596,4146ad3e26698913eb49e8c2397719f2c31cca5c7a84cf99644802e4c6b53a37,0.44392451643943787,complete_logit_interpolation,0,10036224,0.8771893391353718,0,524873,0.05229785624553617,479fdbf31661ad9f21b1777eb2b581403e1948a5afb10aff319857d12652f4bc,RSI-TailProbe-20261004,0.9998414718362774,460486,0.045882395610141825,2,5841e4dd9fc3c156c3ef35d6,0.0,0,0.0,U-Mean-logit-alpha-0.000000,17,ISIC_0013216_A00_T2_S2_5841e4dd9fc3c156c3ef35d6.png,S2,0.9267552495002747,0.9241311363102295,T2,val,M,1703ca22a1c39afeca05ffd0c12fe01606f41d5af81442d20102f130cc2ca491,d67353b51c7f853c45c0fad75d4336d0d442799627d3e648686eb70a497ad029,0.8770673554994228,T2,460413
0.0,0.0,0.0,,A03,0.011231111362576485,0.011037852631939267,0.8220409278176455,0.49041972685971214,0.9783208720865519,0,5ca3f9fed2a631d522b1bd5334bde7efb3613c82a3aa714d8ae5da962737af8c,0.011231111362576485,0.03511141985654831,0.0,0.03511141985654831,0.9410082697868347,0.0,0.0,02fc8095c431dfc5451811632a802997c5ba97593e8a98ad29eaf0d9e1211df4,complete_update,4659.490100858677,0.9552957562533662,0.9552957562533662,0.9514031041771593,4674,0,0,40646,0,0,0.0,0.0,0.0,-0.003892652076206815,0.003892652076206815,e0c70e7657a51eb8c86621fedacc1d565f919acc44091267cc2757827dd56d4f,ISIC_0013216,0,38.0,0.008155398804902955,ISIC_0013216,788128bc0d6a99af34954035b16d970eddcff6759fa64dcad5bd5ed00a1eb736,0.9144174171508855,0.9144174171508855,0.0,0.0,0.03511141985654831,0.03511141985654831,0.034987962530997244,0.034987962530997244,cuda_FP32_original_batch_present,canonical_letterbox_valid,3d99874f14ae5f316eec36e21141043d75bd4fd17ccfb31e3174198dee269596,662f56937c9084fb630af7eef5c8c21dec8708b333237789f3bb79a554561416,0.44392451643943787,complete_logit_interpolation,0,10036224,0.9225603145903867,0,524873,0.05229785624553617,479fdbf31661ad9f21b1777eb2b581403e1948a5afb10aff319857d12652f4bc,RSI-TailProbe-20261004,0.9904397822872115,488901,0.04871363971150903,2,58a49742d8311352d32caf26,0.0,0,0.0,U-Mean-logit-alpha-0.000000,17,ISIC_0013216_A03_T3_S1_58a49742d8311352d32caf26.png,S1,0.9410082697868347,0.9410619275699448,T3,val,M,1703ca22a1c39afeca05ffd0c12fe01606f41d5af81442d20102f130cc2ca491,d67353b51c7f853c45c0fad75d4336d0d442799627d3e648686eb70a497ad029,0.9144174171508855,T3,484227
0.0,0.0,0.0,,A00,0.00850086472928524,0.008738514856914579,0.763976719479962,0.3835214819329552,1.0,0,5ca3f9fed2a631d522b1bd5334bde7efb3613c82a3aa714d8ae5da962737af8c,0.00850086472928524,0.034702982753515244,0.0,0.034702982753515244,0.9390949010848999,0.0,0.0,02fc8095c431dfc5451811632a802997c5ba97593e8a98ad29eaf0d9e1211df4,complete_update,5147.6254720016295,0.9429158705344218,0.9429158705344218,0.9432084953946568,8494,0,0,30942,0,0,0.0,0.0,0.0,0.00029262486023495793,-0.00029262486023495793,000265748d489c3d0095524194958fe61fe914509d0aca373da78957be3a3502,ISIC_0013325,0,35.12833614050059,0.006824182592841415,ISIC_0013325,2bd50ce4cc3e78cd97058e7e9d102f30b999a233e140c84da49b43c5efd01438,0.8919969983951274,0.8919969983951274,0.0,0.0,0.034702982753515244,0.034702982753515244,0.036249146369090275,0.036249146369090275,cuda_FP32_original_batch_present,canonical_letterbox_valid,3d99874f14ae5f316eec36e21141043d75bd4fd17ccfb31e3174198dee269596,98b238d5245b4052ce8f34c68a828d3baebf658ff79937ea9114378becdcee19,0.48634040355682373,complete_logit_interpolation,0,12212224,0.9132412153295724,0,356644,0.029203853450444406,22277eaa7d3229b414e052ebb97a7085e3c22b71aa0c7a689add82e2f8c5c0d1,RSI-TailProbe-20261004,0.9745837771846462,334196,0.0273656952247191,2,5841e5299fc3c156c3ef371d,0.0,0,0.0,U-Mean-logit-alpha-0.000000,17,ISIC_0013325_A00_T2_S2_5841e5299fc3c156c3ef371d.png,S2,0.9390949010848999,0.936240222118734,T2,val,M,1703ca22a1c39afeca05ffd0c12fe01606f41d5af81442d20102f130cc2ca491,d67353b51c7f853c45c0fad75d4336d0d442799627d3e648686eb70a497ad029,0.8919969983951274,T2,325702
0.0,0.0,0.0,,A03,0.03334571048617363,0.032150849910853464,0.24698974562085682,0.025095100210072108,0.6443049061908924,0,5ca3f9fed2a631d522b1bd5334bde7efb3613c82a3aa714d8ae5da962737af8c,0.03334571048617363,0.07940072566270828,0.0,0.07940072566270828,0.8745442628860474,0.0,0.0,02fc8095c431dfc5451811632a802997c5ba97593e8a98ad29eaf0d9e1211df4,complete_update,5147.6254720016295,0.8784086165047049,0.8784086165047049,0.877341291412892,98735,0,0,0,0,0,0.0,0.0,0.0,-0.001067325091812954,0.001067325091812954,000265748d489c3d0095524194958fe61fe914509d0aca373da78957be3a3502,ISIC_0013325,0,76.04932460595582,0.014773670893423487,ISIC_0013325,2bd50ce4cc3e78cd97058e7e9d102f30b999a233e140c84da49b43c5efd01438,0.7831806034094677,0.7831806034094677,0.0,0.0,0.07940072566270828,0.07940072566270828,0.07814153489633772,0.07814153489633772,cuda_FP32_original_batch_present,canonical_letterbox_valid,3d99874f14ae5f316eec36e21141043d75bd4fd17ccfb31e3174198dee269596,ddae7ac3effc610c9d9db7559655b38ad4e61ddbbe9a2b659c5e5ecb93b570b2,0.48634040355682373,complete_logit_interpolation,0,12212224,1.0,0,356644,0.029203853450444406,22277eaa7d3229b414e052ebb97a7085e3c22b71aa0c7a689add82e2f8c5c0d1,RSI-TailProbe-20261004,0.7831806034094677,455379,0.03728878540059534,2,58a498a8d8311352d32caf4a,0.0,0,0.0,U-Mean-logit-alpha-0.000000,17,ISIC_0013325_A03_T1_S1_58a498a8d8311352d32caf4a.png,S1,0.8745442628860474,0.875867780118178,T1,val,M,1703ca22a1c39afeca05ffd0c12fe01606f41d5af81442d20102f130cc2ca491,d67353b51c7f853c45c0fad75d4336d0d442799627d3e648686eb70a497ad029,0.7831806034094677,T1,356644
0.0,0.0,0.0,,A00,0.20869284868240356,0.2094229941407879,0.0,0.0,0.0499686408143343,0,5ca3f9fed2a631d522b1bd5334bde7efb3613c82a3aa714d8ae5da962737af8c,0.20869284868240356,0.43594303727149963,0.0,0.43594303727149963,0.3368067741394043,0.0,0.0,02fc8095c431dfc5451811632a802997c5ba97593e8a98ad29eaf0d9e1211df4,complete_update,5147.6254720016295,0.3670554815025239,0.3670554815025239,0.33777871797573594,0,0,0,1448272,0,0,0.0,0.0,0.0,-0.02927676352678793,0.02927676352678793,000265748d489c3d0095524194958fe61fe914509d0aca373da78957be3a3502,ISIC_0013411,0,976.4045524244383,0.1896805736421939,ISIC_0013411,e730eeb11e37016cfce7a1f9ce3fe0d2b73a4d3d7196f5e71255dd0581b4e39d,0.2247813549968392,0.2247813549968392,0.0,0.0,0.43594303727149963,0.43594303727149963,0.4374844626995904,0.4374844626995904,cuda_FP32_original_batch_present,canonical_letterbox_valid,3d99874f14ae5f316eec36e21141043d75bd4fd17ccfb31e3174198dee269596,16227877f8cb01e17a4db605ebfa3a09bc827df030a12527d1c6de2d64f89250,0.4058166444301605,complete_logit_interpolation,0,12212224,0.2247813549968392,0,1868211,0.15297876946901728,e51b9034a29e449fe9ba3651f105f331aca4627cf0071f412a5f88b8c56e58ef,RSI-TailProbe-20261004,1.0,419939,0.0343867750869948,2,5841e5699fc3c156c3ef381f,0.0,0,0.0,U-Mean-logit-alpha-0.000000,17,ISIC_0013411_A00_T2_S2_5841e5699fc3c156c3ef381f.png,S2,0.3368067741394043,0.3344540687416071,T2,val,M,1703ca22a1c39afeca05ffd0c12fe01606f41d5af81442d20102f130cc2ca491,d67353b51c7f853c45c0fad75d4336d0d442799627d3e648686eb70a497ad029,0.0,T2,419939
0.0,0.0,0.0,,A03,0.46209070086479187,0.461278224198546,0.0,0.0,0.0,0,5ca3f9fed2a631d522b1bd5334bde7efb3613c82a3aa714d8ae5da962737af8c,0.46209070086479187,0.43382710218429565,0.0,0.43382710218429565,0.5944364666938782,0.0,0.0,02fc8095c431dfc5451811632a802997c5ba97593e8a98ad29eaf0d9e1211df4,complete_update,5147.6254720016295,0.6048513441367612,0.6048513441367612,0.6482488480563686,2441000,0,0,0,0,0,0.0,0.0,0.0,0.043397503919607394,-0.043397503919607394,000265748d489c3d0095524194958fe61fe914509d0aca373da78957be3a3502,ISIC_0013411,0,882.7946287682033,0.17149550478561387,ISIC_0013411,e730eeb11e37016cfce7a1f9ce3fe0d2b73a4d3d7196f5e71255dd0581b4e39d,0.43353899356517933,0.43353899356517933,0.0,0.0,0.43382710218429565,0.43382710218429565,0.4333285009028363,0.4333285009028363,cuda_FP32_original_batch_present,canonical_letterbox_valid,3d99874f14ae5f316eec36e21141043d75bd4fd17ccfb31e3174198dee269596,fd6a374c6aec784aebb85d5d53e68bf547838014236e389b2548d1f28c306cfd,0.4058166444301605,complete_logit_interpolation,0,12212224,1.0,0,1868211,0.15297876946901728,e51b9034a29e449fe9ba3651f105f331aca4627cf0071f412a5f88b8c56e58ef,RSI-TailProbe-20261004,0.43353899356517933,4309211,0.3528604617799346,2,58a4992bd8311352d32caf56,0.0,0,0.0,U-Mean-logit-alpha-0.000000,17,ISIC_0013411_A03_T1_S1_58a4992bd8311352d32caf56.png,S1,0.5944364666938782,0.5946212223928734,T1,val,M,1703ca22a1c39afeca05ffd0c12fe01606f41d5af81442d20102f130cc2ca491,d67353b51c7f853c45c0fad75d4336d0d442799627d3e648686eb70a497ad029,0.0,T1,1868211
0.0,0.0,0.0,,A00,0.3223079442977905,0.32167699482322537,0.0,0.0,0.0,0,5ca3f9fed2a631d522b1bd5334bde7efb3613c82a3aa714d8ae5da962737af8c,0.3223079442977905,0.37452173233032227,0.0,0.37452173233032227,0.573264479637146,0.0,0.0,02fc8095c431dfc5451811632a802997c5ba97593e8a98ad29eaf0d9e1211df4,complete_update,3612.2104036171536,0.5737709577647045,0.5737709577647045,0.6565837189033957,1139664,0,0,0,0,0,0.0,0.0,0.0,0.08281276113869118,-0.08281276113869118,015a5182dfe5ccbc86e54e2a297d7057c76dbe74152c60b933a79ba1c5e747cf,ISIC_0013511,0,376.62381572123763,0.1042640858749807,ISIC_0013511,5850b5ef2fa9d72a1f62d5cd467fc284946920d822b04461335834c4e77242e6,0.4022993087179369,0.4022993087179369,0.0,0.0,0.37452173233032227,0.37452173233032227,0.37420825754264386,0.37420825754264386,cuda_FP32_original_batch_present,canonical_letterbox_valid,3d99874f14ae5f316eec36e21141043d75bd4fd17ccfb31e3174198dee269596,d41c377e70cfb0c7c6cae3d771bbdf3b7966e60aba862bd014ef14542ea6b887,0.35667523741722107,complete_logit_interpolation,0,6016000,1.0,0,767083,0.127507147606383,4c5000bd41b02363c30ee17ebe47bcc9bfa26b644d1ce33b3a15278444486c40,RSI-TailProbe-20261004,0.4022993087179369,1906747,0.316945977393617,2,5841e5b09fc3c156c3ef394b,0.0,0,0.0,U-Mean-logit-alpha-0.000000,17,ISIC_0013511_A00_T2_S2_5841e5b09fc3c156c3ef394b.png,S2,0.573264479637146,0.5732604797379376,T2,val,M,1703ca22a1c39afeca05ffd0c12fe01606f41d5af81442d20102f130cc2ca491,d67353b51c7f853c45c0fad75d4336d0d442799627d3e648686eb70a497ad029,0.0,T2,767083
0.0,0.0,0.0,,A03,0.22227895259857178,0.2222598712994549,0.24228318457659778,0.12967797155349683,0.3288400737082558,0,5ca3f9fed2a631d522b1bd5334bde7efb3613c82a3aa714d8ae5da962737af8c,0.22227895259857178,0.4274448752403259,0.0,0.4274448752403259,0.3673892021179199,0.0,0.0,02fc8095c431dfc5451811632a802997c5ba97593e8a98ad29eaf0d9e1211df4,complete_update,3612.2104036171536,0.6895599997331715,0.6895599997331715,0.6159375879703481,18704,0,0,353598,0,0,0.0,0.0,0.0,-0.07362241176282336,0.07362241176282336,015a5182dfe5ccbc86e54e2a297d7057c76dbe74152c60b933a79ba1c5e747cf,ISIC_0013511,0,403.834742911743,0.11179712635436619,ISIC_0013511,5850b5ef2fa9d72a1f62d5cd467fc284946920d822b04461335834c4e77242e6,0.5262049384884199,0.5262049384884199,0.0,0.0,0.4274448752403259,0.4274448752403259,0.42755250765674496,0.42755250765674496,cuda_FP32_original_batch_present,canonical_letterbox_valid,3d99874f14ae5f316eec36e21141043d75bd4fd17ccfb31e3174198dee269596,bb91cc7d8afb6953dfabe8a5ff5d024f9a364c510a454fb82e5bd07a6d3e9119,0.35667523741722107,complete_logit_interpolation,0,6016000,0.5390355411344013,0,767083,0.127507147606383,4c5000bd41b02363c30ee17ebe47bcc9bfa26b644d1ce33b3a15278444486c40,RSI-TailProbe-20261004,0.9567226375497757,432189,0.07183992686170212,2,58a4a061d8311352d32caf6f,0.0,0,0.0,U-Mean-logit-alpha-0.000000,17,ISIC_0013511_A03_T1_S1_58a4a061d8311352d32caf6f.png,S1,0.3673892021179199,0.36715485598596503,T1,val,M,1703ca22a1c39afeca05ffd0c12fe01606f41d5af81442d20102f130cc2ca491,d67353b51c7f853c45c0fad75d4336d0d442799627d3e648686eb70a497ad029,0.0,T1,413485
0.0,0.0,0.0,,A00,0.42940568923950195,0.4284947215652909,0.06285529992492835,0.030933178324959527,0.14544005517169595,0,5ca3f9fed2a631d522b1bd5334bde7efb3613c82a3aa714d8ae5da962737af8c,0.42940568923950195,0.3451932370662689,0.0,0.3451932370662689,0.7390192151069641,0.0,0.0,02fc8095c431dfc5451811632a802997c5ba97593e8a98ad29eaf0d9e1211df4,complete_update,4659.490100858677,0.7526254636631068,0.7526254636631068,0.7699258225075555,2223730,0,0,57,0,0,0.0,0.0,0.0,0.017300358844448693,-0.017300358844448693,e0c70e7657a51eb8c86621fedacc1d565f919acc44091267cc2757827dd56d4f,ISIC_0013573,0,508.8160276163305,0.10919993746151817,ISIC_0013573,c3396f2b276a3589ed91bf2589fa8cfc9b4fadf0e86675aa950ec57cf6f22f54,0.6033676668383074,0.6033676668383074,0.0,0.0,0.3451932370662689,0.3451932370662689,0.3446422674611329,0.3446422674611329,cuda_FP32_original_batch_present,canonical_letterbox_valid,3d99874f14ae5f316eec36e21141043d75bd4fd17ccfb31e3174198dee269596,cefd8a286873f562ab993f99b484fde44c13f6189641fb81005cdc49cb94fa2d,0.482761412858963,complete_logit_interpolation,0,10036224,0.9999831507555113,0,3382941,0.3370730864516376,583b6a27038b48a101eba1a3b0cd013ad0e2645070a124c696a8ce6a2cacf410,RSI-TailProbe-20261004,0.603373801014302,5606614,0.5586377904678094,2,5841e5da9fc3c156c3ef3a05,0.0,0,0.0,U-Mean-logit-alpha-0.000000,17,ISIC_0013573_A00_T2_S1_5841e5da9fc3c156c3ef3a05.png,S1,0.7390192151069641,0.7392101866430251,T2,val,M,1703ca22a1c39afeca05ffd0c12fe01606f41d5af81442d20102f130cc2ca491,d67353b51c7f853c45c0fad75d4336d0d442799627d3e648686eb70a497ad029,0.0,T2,3382884
0.0,0.0,0.0,,A03,0.5026489496231079,0.5033773319955956,0.0,0.0,0.0,0,5ca3f9fed2a631d522b1bd5334bde7efb3613c82a3aa714d8ae5da962737af8c,0.5026489496231079,0.5277140140533447,0.0,0.5277140140533447,0.44722098112106323,0.0,0.0,02fc8095c431dfc5451811632a802997c5ba97593e8a98ad29eaf0d9e1211df4,complete_update,4659.490100858677,0.4780133656421834,0.4780133656421834,0.4647408300044725,0,0,0,2320454,0,0,0.0,0.0,0.0,-0.013272535637710858,0.013272535637710858,e0c70e7657a51eb8c86621fedacc1d565f919acc44091267cc2757827dd56d4f,ISIC_0013573,0,703.3482046489507,0.15094960809538663,ISIC_0013573,c3396f2b276a3589ed91bf2589fa8cfc9b4fadf0e86675aa950ec57cf6f22f54,0.3140719864756731,0.3140719864756731,0.0,0.0,0.5277140140533447,0.5277140140533447,0.5283891409411978,0.5283891409411978,cuda_FP32_original_batch_present,canonical_letterbox_valid,3d99874f14ae5f316eec36e21141043d75bd4fd17ccfb31e3174198dee269596,8da6822ef8ea6427c5e51ef5d901a176ce989143c5fbb8e5e60198c664983ac7,0.482761412858963,complete_logit_interpolation,0,10036224,0.3140719864756731,0,3382941,0.3370730864516376,583b6a27038b48a101eba1a3b0cd013ad0e2645070a124c696a8ce6a2cacf410,RSI-TailProbe-20261004,1.0,1062487,0.1058652138493521,2,58471d5e9fc3c10f04859a61,0.0,0,0.0,U-Mean-logit-alpha-0.000000,17,ISIC_0013573_A03_T3_S1_58471d5e9fc3c10f04859a61.png,S1,0.44722098112106323,0.4465990501131999,T3,val,M,1703ca22a1c39afeca05ffd0c12fe01606f41d5af81442d20102f130cc2ca491,d67353b51c7f853c45c0fad75d4336d0d442799627d3e648686eb70a497ad029,0.0,T3,1062487
0.0,0.0,0.0,,A00,0.07171375304460526,0.07172510875799085,0.14445718651933542,0.01301279223643582,0.5595923773762207,0,5ca3f9fed2a631d522b1bd5334bde7efb3613c82a3aa714d8ae5da962737af8c,0.07171375304460526,0.16568711400032043,0.0,0.16568711400032043,0.7403395175933838,0.0,0.0,02fc8095c431dfc5451811632a802997c5ba97593e8a98ad29eaf0d9e1211df4,complete_update,5147.6254720016295,0.9025133865247448,0.9025133865247448,0.8925642259940957,0,0,0,221714,0,0,0.0,0.0,0.0,-0.009949160530649093,0.009949160530649093,000265748d489c3d0095524194958fe61fe914509d0aca373da78957be3a3502,ISIC_0013615,0,95.47565082346682,0.018547513089825,ISIC_0013615,5fb44622967be8a497866108551cef30b234925b48a7447751454b18593b083f,0.8223456900917302,0.8223456900917302,0.0,0.0,0.16568711400032043,0.16568711400032043,0.16572648672923623,0.16572648672923623,cuda_FP32_original_batch_present,canonical_letterbox_valid,3d99874f14ae5f316eec36e21141043d75bd4fd17ccfb31e3174198dee269596,8660957e714a297e3a2ce6ce7afad34e0a61804bbb72e6c71da7d5f7779244b2,0.5137059092521667,complete_logit_interpolation,0,12212224,0.8223456900917302,0,1248008,0.1021933433255073,00b7a6520f165aee70313881d1b0a647b481cb7291f700166bfed51fe7fbb31e,RSI-TailProbe-20261004,1.0,1026294,0.0840382554397954,2,5841e5f79fc3c156c3ef3a83,0.0,0,0.0,U-Mean-logit-alpha-0.000000,17,ISIC_0013615_A00_T2_S2_5841e5f79fc3c156c3ef3a83.png,S2,0.7403395175933838,0.7402721352995184,T2,val,M,1703ca22a1c39afeca05ffd0c12fe01606f41d5af81442d20102f130cc2ca491,d67353b51c7f853c45c0fad75d4336d0d442799627d3e648686eb70a497ad029,0.8223456900917302,T2,1026294
0.0,0.0,0.0,,A03,0.07030249387025833,0.07023388601407471,0.5318976761656643,0.3341986359056596,0.7451685110223235,0,5ca3f9fed2a631d522b1bd5334bde7efb3613c82a3aa714d8ae5da962737af8c,0.07030249387025833,0.1498299241065979,0.0,0.1498299241065979,0.7706426382064819,0.0,0.0,02fc8095c431dfc5451811632a802997c5ba97593e8a98ad29eaf0d9e1211df4,complete_update,5147.6254720016295,0.9230960809365596,0.9230960809365596,0.9243508954121225,148647,0,0,50829,0,0,0.0,0.0,0.0,0.0012548144755628599,-0.0012548144755628599,000265748d489c3d0095524194958fe61fe914509d0aca373da78957be3a3502,ISIC_0013615,0,151.7893276880822,0.02948725164907144,ISIC_0013615,5fb44622967be8a497866108551cef30b234925b48a7447751454b18593b083f,0.8571758952640416,0.8571758952640416,0.0,0.0,0.1498299241065979,0.1498299241065979,0.1498309618682733,0.1498309618682733,cuda_FP32_original_batch_present,canonical_letterbox_valid,3d99874f14ae5f316eec36e21141043d75bd4fd17ccfb31e3174198dee269596,a62192fd061276d6928b9931c39ef5108e85bee41028746d14aa4ae77750914a,0.5137059092521667,complete_logit_interpolation,0,12212224,0.9592718956929763,0,1248008,0.1021933433255073,00b7a6520f165aee70313881d1b0a647b481cb7291f700166bfed51fe7fbb31e,RSI-TailProbe-20261004,0.8895496148833505,1345826,0.11020318657764548,2,58a4a0ecd8311352d32caf84,0.0,0,0.0,U-Mean-logit-alpha-0.000000,17,ISIC_0013615_A03_T3_S1_58a4a0ecd8311352d32caf84.png,S1,0.7706426382064819,0.7705719622775281,T3,val,M,1703ca22a1c39afeca05ffd0c12fe01606f41d5af81442d20102f130cc2ca491,d67353b51c7f853c45c0fad75d4336d0d442799627d3e648686eb70a497ad029,0.8571758952640416,T3,1197179
0.0,0.0,0.0,,A00,0.12492228299379349,0.12534125068101148,0.16529602782097597,0.08758046621278591,0.387016769491491,0,5ca3f9fed2a631d522b1bd5334bde7efb3613c82a3aa714d8ae5da962737af8c,0.12492228299379349,0.1516781747341156,0.0,0.1516781747341156,0.8215659260749817,0.0,0.0,02fc8095c431dfc5451811632a802997c5ba97593e8a98ad29eaf0d9e1211df4,complete_update,5147.6254720016295,0.8656492741703055,0.8656492741703055,0.8664671667092166,1879,0,0,747228,0,0,0.0,0.0,0.0,0.0008178925389111802,-0.0008178925389111802,000265748d489c3d0095524194958fe61fe914509d0aca373da78957be3a3502,ISIC_0013651,0,287.27295365906525,0.055806887121366375,ISIC_0013651,cd91d1e07bb1b5bd79ba6439964bc211f7254b4a7fd66a931fb143e8765bd270,0.7631231280229899,0.7631231280229899,0.0,0.0,0.1516781747341156,0.1516781747341156,0.1521164652656852,0.1521164652656852,cuda_FP32_original_batch_present,canonical_letterbox_valid,3d99874f14ae5f316eec36e21141043d75bd4fd17ccfb31e3174198dee269596,f183fb70406dd112a1892fe893bea31123bfe3524e99cc09f6e0b0b7adb6bf68,0.40674376487731934,complete_logit_interpolation,0,12212224,0.763576817094983,0,3160553,0.25880240978219854,a27a7bcc9987da1970a5eee90c8a22c5d8ed50221373b0e99dbe8f5059c99a8d,RSI-TailProbe-20261004,0.9992220118880227,2415204,0.19776938254653698,2,5841e6109fc3c156c3ef3aef,0.0,0,0.0,U-Mean-logit-alpha-0.000000,17,ISIC_0013651_A00_T2_S1_5841e6109fc3c156c3ef3aef.png,S1,0.8215659260749817,0.8211083201496411,T2,val,M,1703ca22a1c39afeca05ffd0c12fe01606f41d5af81442d20102f130cc2ca491,d67353b51c7f853c45c0fad75d4336d0d442799627d3e648686eb70a497ad029,0.7631231280229899,T2,2413325
0.0,0.0,0.0,,A03,0.20711292326450348,0.20720913745030944,0.17618123625204213,0.10133242069530068,0.2555565510571125,0,5ca3f9fed2a631d522b1bd5334bde7efb3613c82a3aa714d8ae5da962737af8c,0.20711292326450348,0.19295325875282288,0.0,0.19295325875282288,0.8212063908576965,0.0,0.0,02fc8095c431dfc5451811632a802997c5ba97593e8a98ad29eaf0d9e1211df4,complete_update,5147.6254720016295,0.8480501036178133,0.8480501036178133,0.8472119970714594,1082363,0,0,36975,0,0,0.0,0.0,0.0,-0.0008381065463538562,0.0008381065463538562,000265748d489c3d0095524194958fe61fe914509d0aca373da78957be3a3502,ISIC_0013651,0,395.7161151236473,0.07687352494387571,ISIC_0013651,cd91d1e07bb1b5bd79ba6439964bc211f7254b4a7fd66a931fb143e8765bd270,0.7361866225963465,0.7361866225963465,0.0,0.0,0.19295325875282288,0.19295325875282288,0.19305253157034624,0.19305253157034624,cuda_FP32_original_batch_present,canonical_letterbox_valid,3d99874f14ae5f316eec36e21141043d75bd4fd17ccfb31e3174198dee269596,347e5ed40fd8d4a4262029d8a98c61a564ee2c64bcb353e6c628d9b383293528,0.40674376487731934,complete_logit_interpolation,0,12212224,0.9883010979407718,0,3160553,0.25880240978219854,a27a7bcc9987da1970a5eee90c8a22c5d8ed50221373b0e99dbe8f5059c99a8d,RSI-TailProbe-20261004,0.7426585394326739,4205941,0.34440418059806305,2,58909e87d831135f264ceb89,0.0,0,0.0,U-Mean-logit-alpha-0.000000,17,ISIC_0013651_A03_T1_S1_58909e87d831135f264ceb89.png,S1,0.8212063908576965,0.821104074309617,T1,val,M,1703ca22a1c39afeca05ffd0c12fe01606f41d5af81442d20102f130cc2ca491,d67353b51c7f853c45c0fad75d4336d0d442799627d3e648686eb70a497ad029,0.7361866225963465,T1,3123578
0.0,0.0,0.0,,A00,0.15587809681892395,0.1553420694463414,0.0,0.0,0.0,0,5ca3f9fed2a631d522b1bd5334bde7efb3613c82a3aa714d8ae5da962737af8c,0.15587809681892395,0.39792299270629883,0.0,0.39792299270629883,0.3600321114063263,0.0,0.0,02fc8095c431dfc5451811632a802997c5ba97593e8a98ad29eaf0d9e1211df4,complete_update,3612.2104036171536,0.3910132648889293,0.3910132648889293,0.3883329244668522,0,0,0,428980,0,0,0.0,0.0,0.0,-0.0026803404220770988,0.0026803404220770988,015a5182dfe5ccbc86e54e2a297d7057c76dbe74152c60b933a79ba1c5e747cf,ISIC_0013721,0,378.90830020565704,0.10489651982238637,ISIC_0013721,9d735cfe9b57fb0cb316e8cd390781fef6f4da1c3b81fe1e4cf7fb37f102b1b3,0.24301832722190655,0.24301832722190655,0.0,0.0,0.39792299270629883,0.39792299270629883,0.39673806634534503,0.39673806634534503,cuda_FP32_original_batch_present,canonical_letterbox_valid,3d99874f14ae5f316eec36e21141043d75bd4fd17ccfb31e3174198dee269596,61452a4a7e011f26ba7dd61b1d59b83dd4db3c28ed8d2d5e479155161f431bb4,0.45188799500465393,complete_logit_interpolation,0,6016000,0.24301832722190655,0,566698,0.09419847074468085,54ae7e02e899f7d9eaed8fd72d85ee46afbca767b68119266defbfded3d4c812,RSI-TailProbe-20261004,1.0,137718,0.02289195478723404,2,5841e6419fc3c156c3ef3bc1,0.0,0,0.0,U-Mean-logit-alpha-0.000000,17,ISIC_0013721_A00_T2_S1_5841e6419fc3c156c3ef3bc1.png,S1,0.3600321114063263,0.3618659367556514,T2,val,M,1703ca22a1c39afeca05ffd0c12fe01606f41d5af81442d20102f130cc2ca491,d67353b51c7f853c45c0fad75d4336d0d442799627d3e648686eb70a497ad029,0.0,T2,137718
0.0,0.0,0.0,,A03,0.08389541506767273,0.08386702697834829,0.21550903594672324,0.09412223367525054,0.37526434348308535,0,5ca3f9fed2a631d522b1bd5334bde7efb3613c82a3aa714d8ae5da962737af8c,0.08389541506767273,0.1589289754629135,0.0,0.1589289754629135,0.7660374641418457,0.0,0.0,02fc8095c431dfc5451811632a802997c5ba97593e8a98ad29eaf0d9e1211df4,complete_update,3612.2104036171536,0.8459596394072707,0.8459596394072707,0.8497019738965357,204662,0,0,1259,0,0,0.0,0.0,0.0,0.0037423344892649757,-0.0037423344892649757,015a5182dfe5ccbc86e54e2a297d7057c76dbe74152c60b933a79ba1c5e747cf,ISIC_0013721,0,209.4995198429347,0.057997596051755036,ISIC_0013721,9d735cfe9b57fb0cb316e8cd390781fef6f4da1c3b81fe1e4cf7fb37f102b1b3,0.733041640738436,0.733041640738436,0.0,0.0,0.1589289754629135,0.1589289754629135,0.15891953372922987,0.15891953372922987,cuda_FP32_original_batch_present,canonical_letterbox_valid,3d99874f14ae5f316eec36e21141043d75bd4fd17ccfb31e3174198dee269596,02c4ba708e81fcf540f34b0dac2a13e7fc45151d29586edf9cf80980f1a38220,0.45188799500465393,complete_logit_interpolation,0,6016000,0.9977783581378441,0,566698,0.09419847074468085,54ae7e02e899f7d9eaed8fd72d85ee46afbca767b68119266defbfded3d4c812,RSI-TailProbe-20261004,0.7342400542266534,770101,0.12800880984042554,2,5847290e9fc3c10f04859abe,0.0,0,0.0,U-Mean-logit-alpha-0.000000,17,ISIC_0013721_A03_T1_S1_5847290e9fc3c10f04859abe.png,S1,0.7660374641418457,0.7660279595198886,T1,val,M,1703ca22a1c39afeca05ffd0c12fe01606f41d5af81442d20102f130cc2ca491,d67353b51c7f853c45c0fad75d4336d0d442799627d3e648686eb70a497ad029,0.733041640738436,T1,565439
0.0,0.0,0.0,,A00,0.0139626981690526,0.013912226193992306,0.5902016118171997,0.23306521511166814,0.9797607707934688,0,5ca3f9fed2a631d522b1bd5334bde7efb3613c82a3aa714d8ae5da962737af8c,0.0139626981690526,0.04744730144739151,0.0,0.04744730144739151,0.9190680980682373,0.0,0.0,02fc8095c431dfc5451811632a802997c5ba97593e8a98ad29eaf0d9e1211df4,complete_update,5147.6254720016295,0.92752798809648,0.92752798809648,0.926496266463099,606,0,0,65391,0,0,0.0,0.0,0.0,-0.0010317216333809442,0.0010317216333809442,000265748d489c3d0095524194958fe61fe914509d0aca373da78957be3a3502,ISIC_0013733,0,47.0,0.009130423387567137,ISIC_0013733,e3333fd838ce00ec398d6b5fad3edaadbef756dccc7bdec1aeaf57a9f45ba11d,0.8648505301786102,0.8648505301786102,0.0,0.0,0.04744730144739151,0.04744730144739151,0.048072698183507546,0.048072698183507546,cuda_FP32_original_batch_present,canonical_letterbox_valid,3d99874f14ae5f316eec36e21141043d75bd4fd17ccfb31e3174198dee269596,38dde5da5f2363c6024dd801cfada4c46a66cb8bf23af92b9e9dab5925f352ea,0.6015393137931824,complete_logit_interpolation,0,12212224,0.865925120971049,0,487720,0.039937033582089554,91fd74dc341e4bcc2782106a496bbb7179e35ec943798fa3d1ec30fd41960e93,RSI-TailProbe-20261004,0.9985671557095062,422935,0.0346321030469143,2,5841e6499fc3c156c3ef3be5,0.0,0,0.0,U-Mean-logit-alpha-0.000000,17,ISIC_0013733_A00_T2_S2_5841e6499fc3c156c3ef3be5.png,S2,0.9190680980682373,0.9177668298269772,T2,val,M,1703ca22a1c39afeca05ffd0c12fe01606f41d5af81442d20102f130cc2ca491,d67353b51c7f853c45c0fad75d4336d0d442799627d3e648686eb70a497ad029,0.8648505301786102,T2,422329
0.0,0.0,0.0,,A03,0.009170359931886196,0.008904490376831036,0.8842103851843433,0.614147208460669,0.9857226107226107,0,5ca3f9fed2a631d522b1bd5334bde7efb3613c82a3aa714d8ae5da962737af8c,0.009170359931886196,0.03398451581597328,0.0,0.03398451581597328,0.9412013292312622,0.0,0.0,02fc8095c431dfc5451811632a802997c5ba97593e8a98ad29eaf0d9e1211df4,complete_update,5147.6254720016295,0.954840399891015,0.954840399891015,0.9540991122541584,10957,0,0,32137,0,0,0.0,0.0,0.0,-0.0007412876368565469,0.0007412876368565469,000265748d489c3d0095524194958fe61fe914509d0aca373da78957be3a3502,ISIC_0013733,0,38.91015291668744,0.0075588546851986516,ISIC_0013733,e3333fd838ce00ec398d6b5fad3edaadbef756dccc7bdec1aeaf57a9f45ba11d,0.9135833415216663,0.9135833415216663,0.0,0.0,0.03398451581597328,0.03398451581597328,0.033970032119755404,0.033970032119755404,cuda_FP32_original_batch_present,canonical_letterbox_valid,3d99874f14ae5f316eec36e21141043d75bd4fd17ccfb31e3174198dee269596,1e733afde7e4af18f39156e8f6b66a60cd67d213ee451680bca09586023962a5,0.6015393137931824,complete_logit_interpolation,0,12212224,0.9341076847371442,0,487720,0.039937033582089554,91fd74dc341e4bcc2782106a496bbb7179e35ec943798fa3d1ec30fd41960e93,RSI-TailProbe-20261004,0.9765143396064646,466540,0.03820270574794567,2,58a4a1c7d8311352d32caf99,0.0,0,0.0,U-Mean-logit-alpha-0.000000,17,ISIC_0013733_A03_T3_S1_58a4a1c7d8311352d32caf99.png,S1,0.9412013292312622,0.9409644261373202,T3,val,M,1703ca22a1c39afeca05ffd0c12fe01606f41d5af81442d20102f130cc2ca491,d67353b51c7f853c45c0fad75d4336d0d442799627d3e648686eb70a497ad029,0.9135833415216663,T3,455583
0.0,0.0,0.0,,A00,0.055844150483608246,0.056173807301454146,0.16431173587667713,0.08125049359717904,0.4846691843345758,0,5ca3f9fed2a631d522b1bd5334bde7efb3613c82a3aa714d8ae5da962737af8c,0.055844150483608246,0.1267515867948532,0.0,0.1267515867948532,0.8023409843444824,0.0,0.0,02fc8095c431dfc5451811632a802997c5ba97593e8a98ad29eaf0d9e1211df4,complete_update,5147.6254720016295,0.8307957795089241,0.8307957795089241,0.8208117625601526,7649,0,0,301213,0,0,0.0,0.0,0.0,-0.00998401694877149,0.00998401694877149,000265748d489c3d0095524194958fe61fe914509d0aca373da78957be3a3502,ISIC_0013747,0,236.55569965528116,0.04595433388499758,ISIC_0013747,a993027504f27d1975973cca549eff44d31ad68ff17deb21a8f91bac7846615f,0.7105651561538008,0.7105651561538008,0.0,0.0,0.1267515867948532,0.1267515867948532,0.12741004655197657,0.12741004655197657,cuda_FP32_original_batch_present,canonical_letterbox_valid,3d99874f14ae5f316eec36e21141043d75bd4fd17ccfb31e3174198dee269596,bfde9f92e528ecaf6aab1c5c3a8ca01f0456be5a532d6b8ef979e59bed45a932,0.5355890989303589,complete_logit_interpolation,0,12212224,0.7156951764652582,0,1059472,0.08675504150595338,1d707e05283666820756589da9926971699bd27d850164cb971d10edd2e9a9d9,RSI-TailProbe-20261004,0.990013160849606,765908,0.06271650438118397,2,5841e6529fc3c156c3ef3c0f,0.0,0,0.0,U-Mean-logit-alpha-0.000000,17,ISIC_0013747_A00_T2_S1_5841e6529fc3c156c3ef3c0f.png,S1,0.8023409843444824,0.801353714197501,T2,val,M,1703ca22a1c39afeca05ffd0c12fe01606f41d5af81442d20102f130cc2ca491,d67353b51c7f853c45c0fad75d4336d0d442799627d3e648686eb70a497ad029,0.7105651561538008,T2,758259
0.0,0.0,0.0,,A06,0.16045741736888885,0.1605731524748329,0.0,0.0,0.0,0,5ca3f9fed2a631d522b1bd5334bde7efb3613c82a3aa714d8ae5da962737af8c,0.16045741736888885,0.20775291323661804,0.0,0.20775291323661804,0.744951605796814,0.0,0.0,02fc8095c431dfc5451811632a802997c5ba97593e8a98ad29eaf0d9e1211df4,complete_update,5147.6254720016295,0.7459121595695772,0.7459121595695772,0.7580754691197408,721798,0,0,0,0,0,0.0,0.0,0.0,0.012163309550163537,-0.012163309550163537,000265748d489c3d0095524194958fe61fe914509d0aca373da78957be3a3502,ISIC_0013747,0,263.0524635030263,0.05110170989202514,ISIC_0013747,a993027504f27d1975973cca549eff44d31ad68ff17deb21a8f91bac7846615f,0.5947846199621618,0.5947846199621618,0.0,0.0,0.20775291323661804,0.20775291323661804,0.20787849616975126,0.20787849616975126,cuda_FP32_original_batch_present,canonical_letterbox_valid,3d99874f14ae5f316eec36e21141043d75bd4fd17ccfb31e3174198dee269596,2fe92270066341ee31e2b34467cded7d9f0829af0077ff15154652760d63248b,0.5355890989303589,complete_logit_interpolation,0,12212224,1.0,0,1059472,0.08675504150595338,1d707e05283666820756589da9926971699bd27d850164cb971d10edd2e9a9d9,RSI-TailProbe-20261004,0.5947846199621618,1781270,0.14585959117684053,2,58473f729fc3c10f04859b7b,0.0,0,0.0,U-Mean-logit-alpha-0.000000,17,ISIC_0013747_A06_T1_S1_58473f729fc3c10f04859b7b.png,S1,0.744951605796814,0.7448161601353304,T1,val,M,1703ca22a1c39afeca05ffd0c12fe01606f41d5af81442d20102f130cc2ca491,d67353b51c7f853c45c0fad75d4336d0d442799627d3e648686eb70a497ad029,0.0,T1,1059472
0.0,0.0,0.0,,A00,0.008282310329377651,0.008623640165035413,0.8464168046418582,0.5429828055466244,0.9941766418634747,0,5ca3f9fed2a631d522b1bd5334bde7efb3613c82a3aa714d8ae5da962737af8c,0.008282310329377651,0.02857894077897072,0.0,0.02857894077897072,0.9511244297027588,0.0,0.0,02fc8095c431dfc5451811632a802997c5ba97593e8a98ad29eaf0d9e1211df4,complete_update,5147.6254720016295,0.9559414695077315,0.9559414695077315,0.9552490935431819,3542,0,0,35399,0,0,0.0,0.0,0.0,-0.0006923759645496297,0.0006923759645496297,000265748d489c3d0095524194958fe61fe914509d0aca373da78957be3a3502,ISIC_0013766,0,37.0,0.007187780113616682,ISIC_0013766,892e602a3e8ec8d252aacde3f5847d3326dad2217d2aef44abfbd245674f0a6f,0.9156014165767219,0.9156014165767219,0.0,0.0,0.02857894077897072,0.02857894077897072,0.030046230243664176,0.030046230243664176,cuda_FP32_original_batch_present,canonical_letterbox_valid,3d99874f14ae5f316eec36e21141043d75bd4fd17ccfb31e3174198dee269596,b2ca915db9551e9253d86d82948fe64fb4c38207bf696bca9b5046a3041c06ae,0.5759366154670715,complete_logit_interpolation,0,12212224,0.9226846229786044,0,457852,0.03749128741824585,2339bb2e3cf746b76e6954a112bfe742f4817c7acf276ab6109cd6edafd8fc07,RSI-TailProbe-20261004,0.9916853484195823,425995,0.034882671657513,2,5841e6609fc3c156c3ef3c48,0.0,0,0.0,U-Mean-logit-alpha-0.000000,17,ISIC_0013766_A00_T2_S2_5841e6609fc3c156c3ef3c48.png,S2,0.9511244297027588,0.9485311796777071,T2,val,M,1703ca22a1c39afeca05ffd0c12fe01606f41d5af81442d20102f130cc2ca491,d67353b51c7f853c45c0fad75d4336d0d442799627d3e648686eb70a497ad029,0.9156014165767219,T2,422453
0.0,0.0,0.0,,A03,0.004508955869823694,0.004083061088594658,0.986569495054659,0.8823545325375728,1.0,0,5ca3f9fed2a631d522b1bd5334bde7efb3613c82a3aa714d8ae5da962737af8c,0.004508955869823694,0.018663637340068817,0.0,0.018663637340068817,0.9671816825866699,0.0,0.0,02fc8095c431dfc5451811632a802997c5ba97593e8a98ad29eaf0d9e1211df4,complete_update,5147.6254720016295,0.9786580156775598,0.9786580156775598,0.9793045467431789,11400,0,0,8211,0,0,0.0,0.0,0.0,0.0006465310656190715,-0.0006465310656190715,000265748d489c3d0095524194958fe61fe914509d0aca373da78957be3a3502,ISIC_0013766,0,19.235384061671343,0.003736748946925961,ISIC_0013766,892e602a3e8ec8d252aacde3f5847d3326dad2217d2aef44abfbd245674f0a6f,0.9582079564924604,0.9582079564924604,0.0,0.0,0.018663637340068817,0.018663637340068817,0.018235021576097396,0.018235021576097396,cuda_FP32_original_batch_present,canonical_letterbox_valid,3d99874f14ae5f316eec36e21141043d75bd4fd17ccfb31e3174198dee269596,e64ad6205e5badfa380c0459611571ca47881c583b4a3b098f923056c21f2208,0.5759366154670715,complete_logit_interpolation,0,12212224,0.9820662572184898,0,457852,0.03749128741824585,2339bb2e3cf746b76e6954a112bfe742f4817c7acf276ab6109cd6edafd8fc07,RSI-TailProbe-20261004,0.9752733487911054,461041,0.03775241921536978,2,58a4a227d8311352d32cafa5,0.0,0,0.0,U-Mean-logit-alpha-0.000000,17,ISIC_0013766_A03_T3_S1_58a4a227d8311352d32cafa5.png,S1,0.9671816825866699,0.9676130179363999,T3,val,M,1703ca22a1c39afeca05ffd0c12fe01606f41d5af81442d20102f130cc2ca491,d67353b51c7f853c45c0fad75d4336d0d442799627d3e648686eb70a497ad029,0.9582079564924604,T3,449641
0.0,0.0,0.0,,A00,0.014826486818492413,0.01486372962662575,0.9398503520823253,0.6677697543242683,1.0,0,5ca3f9fed2a631d522b1bd5334bde7efb3613c82a3aa714d8ae5da962737af8c,0.014826486818492413,0.028158998116850853,0.0,0.028158998116850853,0.9585084915161133,0.0,0.0,02fc8095c431dfc5451811632a802997c5ba97593e8a98ad29eaf0d9e1211df4,complete_update,3612.2104036171536,0.9810971751433815,0.9810971751433815,0.9820857148607309,15068,0,0,14895,0,0,0.0,0.0,0.0,0.000988539717349468,-0.000988539717349468,015a5182dfe5ccbc86e54e2a297d7057c76dbe74152c60b933a79ba1c5e747cf,ISIC_0013801,0,19.0,0.005259937234269078,ISIC_0013801,25f78b3ab6e590bb705b103d7e3a37bcfe3ae92a00084ecaa058685c186eceb2,0.9628957258818504,0.9628957258818504,0.0,0.0,0.028158998116850853,0.028158998116850853,0.028413653272481413,0.028413653272481413,cuda_FP32_original_batch_present,canonical_letterbox_valid,3d99874f14ae5f316eec36e21141043d75bd4fd17ccfb31e3174198dee269596,9254edcdf7dc3a6401d316db9da68f085df47fd7ebafb30e9f5260d0f41a4c80,0.5185770988464355,complete_logit_interpolation,0,6016000,0.9812042646570772,0,792467,0.1317265625,1ed4a4f8b287588b80e47223af357a726bdd6be6b645a3b5ca2ce8f6bfa39921,RSI-TailProbe-20261004,0.980990109002826,792640,0.13175531914893618,2,5841e6779fc3c156c3ef3cb1,0.0,0,0.0,U-Mean-logit-alpha-0.000000,17,ISIC_0013801_A00_T2_S1_5841e6779fc3c156c3ef3cb1.png,S1,0.9585084915161133,0.9580364230816629,T2,val,M,1703ca22a1c39afeca05ffd0c12fe01606f41d5af81442d20102f130cc2ca491,d67353b51c7f853c45c0fad75d4336d0d442799627d3e648686eb70a497ad029,0.9628957258818504,T2,777572
0.0,0.0,0.0,,A03,0.03589259088039398,0.03582716432062455,0.5846166002705997,0.27523582016952175,0.8582488152879962,0,5ca3f9fed2a631d522b1bd5334bde7efb3613c82a3aa714d8ae5da962737af8c,0.03589259088039398,0.04939445108175278,0.0,0.04939445108175278,0.9371036887168884,0.0,0.0,02fc8095c431dfc5451811632a802997c5ba97593e8a98ad29eaf0d9e1211df4,complete_update,3612.2104036171536,0.9524250178546825,0.9524250178546825,0.9552700820306455,78083,0,0,988,0,0,0.0,0.0,0.0,0.0028450641759629747,-0.0028450641759629747,015a5182dfe5ccbc86e54e2a297d7057c76dbe74152c60b933a79ba1c5e747cf,ISIC_0013801,0,71.55417527999327,0.019808972148560665,ISIC_0013801,25f78b3ab6e590bb705b103d7e3a37bcfe3ae92a00084ecaa058685c186eceb2,0.9091712136005973,0.9091712136005973,0.0,0.0,0.04939445108175278,0.04939445108175278,0.04947265964351669,0.04947265964351669,cuda_FP32_original_batch_present,canonical_letterbox_valid,3d99874f14ae5f316eec36e21141043d75bd4fd17ccfb31e3174198dee269596,7187ba0c2103bb47231c9e905f53484b293f4ef5b1af005f8e25c0c9ee864859,0.5185770988464355,complete_logit_interpolation,0,6016000,0.9987532603881297,0,792467,0.1317265625,1ed4a4f8b287588b80e47223af357a726bdd6be6b645a3b5ca2ce8f6bfa39921,RSI-TailProbe-20261004,0.9102042177556057,869562,0.14454155585106382,2,58473db19fc3c10f04859b61,0.0,0,0.0,U-Mean-logit-alpha-0.000000,17,ISIC_0013801_A03_T3_S1_58473db19fc3c10f04859b61.png,S1,0.9371036887168884,0.9368818450335912,T3,val,M,1703ca22a1c39afeca05ffd0c12fe01606f41d5af81442d20102f130cc2ca491,d67353b51c7f853c45c0fad75d4336d0d442799627d3e648686eb70a497ad029,0.9091712136005973,T3,791479
0.0,0.0,0.0,,A00,0.1749400794506073,0.17498113532088494,0.2194312259667166,0.12749880176772,0.45785863032032215,0,5ca3f9fed2a631d522b1bd5334bde7efb3613c82a3aa714d8ae5da962737af8c,0.1749400794506073,0.13748694956302643,0.0,0.13748694956302643,0.8999661803245544,0.0,0.0,02fc8095c431dfc5451811632a802997c5ba97593e8a98ad29eaf0d9e1211df4,complete_update,5147.6254720016295,0.9368999633663968,0.9368999633663968,0.9405478498003338,420306,0,0,518092,0,0,0.0,0.0,0.0,0.0036478864339369865,-0.0036478864339369865,000265748d489c3d0095524194958fe61fe914509d0aca373da78957be3a3502,ISIC_0013813,0,243.18223618083744,0.047241633546093474,ISIC_0013814,25239eb46ec0833a6ea6f6e832b719c613d7d792f18506bb34df4c7e2bda21e7,0.8812905005000004,0.8812905005000004,0.0,0.0,0.13748694956302643,0.13748694956302643,0.13751802238480063,0.13751802238480063,cuda_FP32_original_batch_present,canonical_letterbox_valid,3d99874f14ae5f316eec36e21141043d75bd4fd17ccfb31e3174198dee269596,679e5de0e8f232436abc1150ff4d52f470155755a098e2216c79c4baa224f36c,0.4082738757133484,complete_logit_interpolation,0,12212224,0.9307797558455668,0,7484689,0.6128850076775533,d6209a6206d2023ceb3ff01b694d25270a5846d2048e9eb703e30b14fed612e3,RSI-TailProbe-20261004,0.9431011886848927,7386903,0.6048777847507546,2,5841e67f9fc3c156c3ef3cd8,0.0,0,0.0,U-Mean-logit-alpha-0.000000,17,ISIC_0013814_A00_T2_S2_5841e67f9fc3c156c3ef3cd8.png,S2,0.8999661803245544,0.8999450905512837,T2,val,M,1703ca22a1c39afeca05ffd0c12fe01606f41d5af81442d20102f130cc2ca491,d67353b51c7f853c45c0fad75d4336d0d442799627d3e648686eb70a497ad029,0.8812905005000004,T2,6966597
0.0,0.0,0.0,,A03,0.2262248545885086,0.2263228437318074,0.1973232213449858,0.1108763225815485,0.34410193624080737,0,5ca3f9fed2a631d522b1bd5334bde7efb3613c82a3aa714d8ae5da962737af8c,0.2262248545885086,0.16631993651390076,0.0,0.16631993651390076,0.8935849666595459,0.0,0.0,02fc8095c431dfc5451811632a802997c5ba97593e8a98ad29eaf0d9e1211df4,complete_update,5147.6254720016295,0.9264258227776332,0.9264258227776332,0.9184115215127356,960396,0,0,197121,0,0,0.0,0.0,0.0,-0.00801430126489755,0.00801430126489755,000265748d489c3d0095524194958fe61fe914509d0aca373da78957be3a3502,ISIC_0013813,0,280.12898814546605,0.054419069465933625,ISIC_0013814,25239eb46ec0833a6ea6f6e832b719c613d7d792f18506bb34df4c7e2bda21e7,0.8629360154456704,0.8629360154456704,0.0,0.0,0.16631993651390076,0.16631993651390076,0.16637080507061983,0.16637080507061983,cuda_FP32_original_batch_present,canonical_letterbox_valid,3d99874f14ae5f316eec36e21141043d75bd4fd17ccfb31e3174198dee269596,d536a0e1b2cd3b66f0230dd73671cce902b5ebfa8fa3561fa09a6c9d9ad2757f,0.4082738757133484,complete_logit_interpolation,0,12212224,0.9736634347799888,0,7484689,0.6128850076775533,d6209a6206d2023ceb3ff01b694d25270a5846d2048e9eb703e30b14fed612e3,RSI-TailProbe-20261004,0.8835596275638449,8247964,0.6753859084143887,2,58a4a2a8d8311352d32cafb4,0.0,0,0.0,U-Mean-logit-alpha-0.000000,17,ISIC_0013814_A03_T1_S1_58a4a2a8d8311352d32cafb4.png,S1,0.8935849666595459,0.8935812335905677,T1,val,M,1703ca22a1c39afeca05ffd0c12fe01606f41d5af81442d20102f130cc2ca491,d67353b51c7f853c45c0fad75d4336d0d442799627d3e648686eb70a497ad029,0.8629360154456704,T1,7287568
0.0,0.0,0.0,,A00,0.03977074474096298,0.03963794394059364,0.49058450335522247,0.29861242937853105,0.7745071097975554,0,5ca3f9fed2a631d522b1bd5334bde7efb3613c82a3aa714d8ae5da962737af8c,0.03977074474096298,0.11853446066379547,0.0,0.11853446066379547,0.8027018308639526,0.0,0.0,02fc8095c431dfc5451811632a802997c5ba97593e8a98ad29eaf0d9e1211df4,complete_update,3612.2104036171536,0.9078691618648929,0.9078691618648929,0.9178062543981139,68173,0,0,11980,0,0,0.0,0.0,0.0,0.009937092533221059,-0.009937092533221059,015a5182dfe5ccbc86e54e2a297d7057c76dbe74152c60b933a79ba1c5e747cf,ISIC_0013986,0,69.0557649096775,0.01911731521522867,ISIC_0013986,96a179dd471b16ee48850d13eebfbbaadef17e68063aa6b386115c2ebd4e39db,0.8312824161390273,0.8312824161390273,0.0,0.0,0.11853446066379547,0.11853446066379547,0.11845893490618421,0.11845893490618421,cuda_FP32_original_batch_present,canonical_letterbox_valid,3d99874f14ae5f316eec36e21141043d75bd4fd17ccfb31e3174198dee269596,1e4055406bee75e847e66656e2ad7809033bbabdbecb3ee12fe791f411afc6e6,0.48403945565223694,complete_logit_interpolation,0,6016000,0.9705578042708387,0,406899,0.06763613696808511,b3f52bf9cfca27c3cffc4fab875efea2211c9d2239d555fc22f23a89331fe6b3,RSI-TailProbe-20261004,0.8527873511094988,463092,0.07697672872340426,2,5841e6f69fc3c156c3ef3edc,0.0,0,0.0,U-Mean-logit-alpha-0.000000,17,ISIC_0013986_A00_T2_S1_5841e6f69fc3c156c3ef3edc.png,S1,0.8027018308639526,0.8027200741282252,T2,val,M,1703ca22a1c39afeca05ffd0c12fe01606f41d5af81442d20102f130cc2ca491,d67353b51c7f853c45c0fad75d4336d0d442799627d3e648686eb70a497ad029,0.8312824161390273,T2,394919
0.0,0.0,0.0,,A03,0.252572625875473,0.25269492228974705,0.03253295860197831,0.01713096650788475,0.06320055589712992,0,5ca3f9fed2a631d522b1bd5334bde7efb3613c82a3aa714d8ae5da962737af8c,0.252572625875473,0.32237446308135986,0.0,0.32237446308135986,0.6078237295150757,0.0,0.0,02fc8095c431dfc5451811632a802997c5ba97593e8a98ad29eaf0d9e1211df4,complete_update,3612.2104036171536,0.6349785231914421,0.6349785231914421,0.6584415345400337,467817,0,0,0,0,0,0.0,0.0,0.0,0.023463011348591634,-0.023463011348591634,015a5182dfe5ccbc86e54e2a297d7057c76dbe74152c60b933a79ba1c5e747cf,ISIC_0013986,0,346.14129063108425,0.09582534015307338,ISIC_0013986,96a179dd471b16ee48850d13eebfbbaadef17e68063aa6b386115c2ebd4e39db,0.4651784121932147,0.4651784121932147,0.0,0.0,0.32237446308135986,0.32237446308135986,0.3225489436608978,0.3225489436608978,cuda_FP32_original_batch_present,canonical_letterbox_valid,3d99874f14ae5f316eec36e21141043d75bd4fd17ccfb31e3174198dee269596,1bd42966a605aeacf238b4ffccefb5bd2c8666201203f1e5b7095ac16cf84604,0.48403945565223694,complete_logit_interpolation,0,6016000,1.0,0,406899,0.06763613696808511,b3f52bf9cfca27c3cffc4fab875efea2211c9d2239d555fc22f23a89331fe6b3,RSI-TailProbe-20261004,0.4651784121932147,874716,0.14539827127659574,2,58473cb39fc3c10f04859b51,0.0,0,0.0,U-Mean-logit-alpha-0.000000,17,ISIC_0013986_A03_T1_S1_58473cb39fc3c10f04859b51.png,S1,0.6078237295150757,0.6075970349679515,T1,val,M,1703ca22a1c39afeca05ffd0c12fe01606f41d5af81442d20102f130cc2ca491,d67353b51c7f853c45c0fad75d4336d0d442799627d3e648686eb70a497ad029,0.0,T1,406899
0.0,0.0,0.0,,A00,0.06138172745704651,0.05996868203368565,0.2983826502981334,0.11216096749733248,0.5928731422925059,0,5ca3f9fed2a631d522b1bd5334bde7efb3613c82a3aa714d8ae5da962737af8c,0.06138172745704651,0.20605836808681488,0.0,0.20605836808681488,0.6492649912834167,0.0,0.0,02fc8095c431dfc5451811632a802997c5ba97593e8a98ad29eaf0d9e1211df4,complete_update,5147.6254720016295,0.6738893625082883,0.6738893625082883,0.6645919640295929,47,0,0,192747,0,0,0.0,0.0,0.0,-0.009297398478695484,0.009297398478695484,000265748d489c3d0095524194958fe61fe914509d0aca373da78957be3a3502,ISIC_0013185,0,638.8513066741905,0.12410601939650753,ISIC_0013998,9f645f51ad41e8cba12e120a787ee2caa4eb36f5411af987320dc19b5cda180c,0.5081697887462276,0.5081697887462276,0.0,0.0,0.20605836808681488,0.20605836808681488,0.20141527249471314,0.20141527249471314,cuda_FP32_original_batch_present,canonical_letterbox_valid,3d99874f14ae5f316eec36e21141043d75bd4fd17ccfb31e3174198dee269596,6e2da835e6c7acd113d402358787c30e1363183bf7f60770a4fe577b0f92846e,0.3695361316204071,complete_logit_interpolation,0,12212224,0.508230725661188,0,391946,0.032094563611017944,f268b5ab9dd2762652b1226b3e6165eac64a10b46abeb2d9d137ffa612426013,RSI-TailProbe-20261004,0.999764110697329,199246,0.01631529195664934,2,5841e6fe9fc3c156c3ef3f00,0.0,0,0.0,U-Mean-logit-alpha-0.000000,17,ISIC_0013998_A00_T2_S2_5841e6fe9fc3c156c3ef3f00.png,S2,0.6492649912834167,0.6571381370442594,T2,val,M,1703ca22a1c39afeca05ffd0c12fe01606f41d5af81442d20102f130cc2ca491,d67353b51c7f853c45c0fad75d4336d0d442799627d3e648686eb70a497ad029,0.0,T2,199199
0.0,0.0,0.0,,A03,0.13909699022769928,0.1389218920013519,0.0,0.0,0.07769840070791877,0,5ca3f9fed2a631d522b1bd5334bde7efb3613c82a3aa714d8ae5da962737af8c,0.13909699022769928,0.2889094352722168,0.0,0.2889094352722168,0.5612781047821045,0.0,0.0,02fc8095c431dfc5451811632a802997c5ba97593e8a98ad29eaf0d9e1211df4,complete_update,5147.6254720016295,0.5616697806010783,0.5616697806010783,0.5751940084354255,281660,0,0,128902,0,0,0.0,0.0,0.0,0.013524227834347147,-0.013524227834347147,000265748d489c3d0095524194958fe61fe914509d0aca373da78957be3a3502,ISIC_0013185,0,419.9899662606154,0.08158906830828629,ISIC_0013998,9f645f51ad41e8cba12e120a787ee2caa4eb36f5411af987320dc19b5cda180c,0.3905012722570761,0.3905012722570761,0.0,0.0,0.2889094352722168,0.2889094352722168,0.2892811871204376,0.2892811871204376,cuda_FP32_original_batch_present,canonical_letterbox_valid,3d99874f14ae5f316eec36e21141043d75bd4fd17ccfb31e3174198dee269596,d323b7000678298e11845266a20b920666b6b5d3b2c68e4307cd37b1df6a4b39,0.3695361316204071,complete_logit_interpolation,0,12212224,0.6711230628709057,0,391946,0.032094563611017944,f268b5ab9dd2762652b1226b3e6165eac64a10b46abeb2d9d137ffa612426013,RSI-TailProbe-20261004,0.4829118199976501,544704,0.044603177930571856,2,58a4a571d8311352d32cafe4,0.0,0,0.0,U-Mean-logit-alpha-0.000000,17,ISIC_0013998_A03_T1_S1_58a4a571d8311352d32cafe4.png,S1,0.5612781047821045,0.5603595177604767,T1,val,M,1703ca22a1c39afeca05ffd0c12fe01606f41d5af81442d20102f130cc2ca491,d67353b51c7f853c45c0fad75d4336d0d442799627d3e648686eb70a497ad029,0.0,T1,263044
0.0,0.0,0.0,,A00,0.062125205993652344,0.06250728895988177,0.20842566686743977,0.04834054201065071,0.5875934805537807,0,5ca3f9fed2a631d522b1bd5334bde7efb3613c82a3aa714d8ae5da962737af8c,0.062125205993652344,0.08592215180397034,0.0,0.08592215180397034,0.8902809023857117,0.0,0.0,02fc8095c431dfc5451811632a802997c5ba97593e8a98ad29eaf0d9e1211df4,complete_update,5147.6254720016295,0.9199279560753065,0.9199279560753065,0.9166853751095166,0,0,0,317381,0,0,0.0,0.0,0.0,-0.0032425809657898874,0.0032425809657898874,000265748d489c3d0095524194958fe61fe914509d0aca373da78957be3a3502,ISIC_0013626,0,119.96332744304402,0.023304595117794546,ISIC_0014077,5313b8abc7f1f2333395f7074f435b60371b329eb397e401a7b6041ef505f46f,0.851728327984987,0.851728327984987,0.0,0.0,0.08592215180397034,0.08592215180397034,0.08641782626988392,0.08641782626988392,cuda_FP32_original_batch_present,canonical_letterbox_valid,3d99874f14ae5f316eec36e21141043d75bd4fd17ccfb31e3174198dee269596,09fa509653bcd14e8a7524b16d8810b636d48f1feca8fc64ff10c32bfb79878b,0.3752816915512085,complete_logit_interpolation,0,12212224,0.851728327984987,0,2140537,0.1752782294199648,db6bf5e6178f3d293b07d5d65f556f11e4d0f9cccd636e47be2e75460b3cf639,RSI-TailProbe-20261004,1.0,1823156,0.14928943327603555,2,5841e7399fc3c156c3ef3fed,0.0,0,0.0,U-Mean-logit-alpha-0.000000,17,ISIC_0014077_A00_T2_S2_5841e7399fc3c156c3ef3fed.png,S2,0.8902809023857117,0.8896716364201139,T2,val,M,1703ca22a1c39afeca05ffd0c12fe01606f41d5af81442d20102f130cc2ca491,d67353b51c7f853c45c0fad75d4336d0d442799627d3e648686eb70a497ad029,0.851728327984987,T2,1823156
0.0,0.0,0.0,,A03,0.6126376986503601,0.6126756606906056,0.048961097835436146,0.028608513681756775,0.08062491019855643,0,5ca3f9fed2a631d522b1bd5334bde7efb3613c82a3aa714d8ae5da962737af8c,0.6126376986503601,0.46643614768981934,0.0,0.46643614768981934,0.6797654032707214,0.0,0.0,02fc8095c431dfc5451811632a802997c5ba97593e8a98ad29eaf0d9e1211df4,complete_update,5147.6254720016295,0.6660207584825358,0.6660207584825358,0.6687818333256558,2135963,0,0,5393,0,0,0.0,0.0,0.0,0.0027610748431199372,-0.0027610748431199372,000265748d489c3d0095524194958fe61fe914509d0aca373da78957be3a3502,ISIC_0013626,0,692.9756111298087,0.1346204409973029,ISIC_0014077,5313b8abc7f1f2333395f7074f435b60371b329eb397e401a7b6041ef505f46f,0.499273705132702,0.499273705132702,0.0,0.0,0.46643614768981934,0.46643614768981934,0.4664094020508256,0.4664094020508256,cuda_FP32_original_batch_present,canonical_letterbox_valid,3d99874f14ae5f316eec36e21141043d75bd4fd17ccfb31e3174198dee269596,d682b0b46049a8ff1f19cb52e0e0e3c0dfded293abcb57cc6c52a9016deffebd,0.3752816915512085,complete_logit_interpolation,0,12212224,0.9974805387620023,0,2140537,0.1752782294199648,db6bf5e6178f3d293b07d5d65f556f11e4d0f9cccd636e47be2e75460b3cf639,RSI-TailProbe-20261004,0.4999041232167679,4271107,0.34974030938181283,2,58a4a5c0d8311352d32caff0,0.0,0,0.0,U-Mean-logit-alpha-0.000000,17,ISIC_0014077_A03_T1_S1_58a4a5c0d8311352d32caff0.png,S1,0.6797654032707214,0.6798568565889545,T1,val,M,1703ca22a1c39afeca05ffd0c12fe01606f41d5af81442d20102f130cc2ca491,d67353b51c7f853c45c0fad75d4336d0d442799627d3e648686eb70a497ad029,0.0,T1,2135144
0.0,0.0,0.0,,A00,0.11784432083368301,0.11735235603592087,0.3140016951762656,0.190543994637955,0.5065896058695302,0,5ca3f9fed2a631d522b1bd5334bde7efb3613c82a3aa714d8ae5da962737af8c,0.11784432083368301,0.12212641537189484,0.0,0.12212641537189484,0.8735914826393127,0.0,0.0,02fc8095c431dfc5451811632a802997c5ba97593e8a98ad29eaf0d9e1211df4,complete_update,5147.6254720016295,0.931983569600426,0.931983569600426,0.9358365142171722,445396,0,0,109386,0,0,0.0,0.0,0.0,0.0038529446167461234,-0.0038529446167461234,000265748d489c3d0095524194958fe61fe914509d0aca373da78957be3a3502,ISIC_0014151,0,194.06442229321684,0.03769979446809984,ISIC_0014151,b1efad773064a1911b9a0b35b0c10c97975c495454052ec62ada2a78db6be47d,0.872630366980165,0.872630366980165,0.0,0.0,0.12212641537189484,0.12212641537189484,0.12170588506009988,0.12170588506009988,cuda_FP32_original_batch_present,canonical_letterbox_valid,3d99874f14ae5f316eec36e21141043d75bd4fd17ccfb31e3174198dee269596,48a6c566a1e3e2b183e9fecd388701f6d4f26fa26a60b56102b27fd95ce6cf3f,0.5872761011123657,complete_logit_interpolation,0,12212224,0.9720261085561707,0,3910289,0.3201946672448851,28ba498702d2f880cefbf949a464345cf7ec16dcf151e3f9ddb28d7d8c77be34,RSI-TailProbe-20261004,0.8951096001482703,4246299,0.34770890216229244,2,5841e7729fc3c156c3ef40cb,0.0,0,0.0,U-Mean-logit-alpha-0.000000,17,ISIC_0014151_A00_T2_S1_5841e7729fc3c156c3ef40cb.png,S1,0.8735914826393127,0.8739405859157211,T2,val,M,1703ca22a1c39afeca05ffd0c12fe01606f41d5af81442d20102f130cc2ca491,d67353b51c7f853c45c0fad75d4336d0d442799627d3e648686eb70a497ad029,0.872630366980165,T2,3800903
0.0,0.0,0.0,,A03,0.13118864595890045,0.13076699423717986,0.1916681976851001,0.07837391086717381,0.44223134704946915,0,5ca3f9fed2a631d522b1bd5334bde7efb3613c82a3aa714d8ae5da962737af8c,0.13118864595890045,0.13173910975456238,0.0,0.13173910975456238,0.8677104115486145,0.0,0.0,02fc8095c431dfc5451811632a802997c5ba97593e8a98ad29eaf0d9e1211df4,complete_update,5147.6254720016295,0.9227016947839607,0.9227016947839607,0.9267948111580794,470488,0,0,158171,0,0,0.0,0.0,0.0,0.004093116374118688,-0.004093116374118688,000265748d489c3d0095524194958fe61fe914509d0aca373da78957be3a3502,ISIC_0014151,0,228.7357643592951,0.04443519941445007,ISIC_0014151,b1efad773064a1911b9a0b35b0c10c97975c495454052ec62ada2a78db6be47d,0.8564960051607283,0.8564960051607283,0.0,0.0,0.13173910975456238,0.13173910975456238,0.13140042040651667,0.13140042040651667,cuda_FP32_original_batch_present,canonical_letterbox_valid,3d99874f14ae5f316eec36e21141043d75bd4fd17ccfb31e3174198dee269596,d2af21874800804e3fd5f6df43df6d3b2a5bc25323324184181aa8455795ec28,0.5872761011123657,complete_logit_interpolation,0,12212224,0.9595500486025458,0,3910289,0.3201946672448851,28ba498702d2f880cefbf949a464345cf7ec16dcf151e3f9ddb28d7d8c77be34,RSI-TailProbe-20261004,0.88857875918331,4222606,0.34576879690382356,2,58473f719fc3c10f04859b7a,0.0,0,0.0,U-Mean-logit-alpha-0.000000,17,ISIC_0014151_A03_T1_S1_58473f719fc3c10f04859b7a.png,S1,0.8677104115486145,0.8679661534241465,T1,val,M,1703ca22a1c39afeca05ffd0c12fe01606f41d5af81442d20102f130cc2ca491,d67353b51c7f853c45c0fad75d4336d0d442799627d3e648686eb70a497ad029,0.8564960051607283,T1,3752118
0.0,0.0,0.0,,A00,0.039281200617551804,0.03881214964117868,0.583378474841414,0.3134973513316764,0.7674892609020422,0,5ca3f9fed2a631d522b1bd5334bde7efb3613c82a3aa714d8ae5da962737af8c,0.039281200617551804,0.11359811574220657,0.0,0.11359811574220657,0.812084972858429,0.0,0.0,02fc8095c431dfc5451811632a802997c5ba97593e8a98ad29eaf0d9e1211df4,complete_update,5147.6254720016295,0.8166657242410712,0.8166657242410712,0.8243469031857397,37109,0,0,56916,0,0,0.0,0.0,0.0,0.007681178944668465,-0.007681178944668465,000265748d489c3d0095524194958fe61fe914509d0aca373da78957be3a3502,ISIC_0014158,0,165.74679484080528,0.03219868961763363,ISIC_0014158,84e31ab511ca3fd163bbc3d9a412023a967aef12d96210df28945e97940d25f9,0.6901394990162897,0.6901394990162897,0.0,0.0,0.11359811574220657,0.11359811574220657,0.11339318112834182,0.11339318112834182,cuda_FP32_original_batch_present,canonical_letterbox_valid,3d99874f14ae5f316eec36e21141043d75bd4fd17ccfb31e3174198dee269596,c2e4f05f7c6de7d2d095a4c080bdf62831bfd9cad21969775671f1c029338dff,0.43070924282073975,complete_logit_interpolation,0,12212224,0.7862984072630607,0,266334,0.021808804031108502,44e7aa224d7d9ccd1f3c9ad8eba7a58d5886d8bd3ef9a4f505ff82f36d7da119,RSI-TailProbe-20261004,0.8494728772102041,246527,0.020186904531066578,2,5841e7779fc3c156c3ef40e0,0.0,0,0.0,U-Mean-logit-alpha-0.000000,17,ISIC_0014158_A00_T2_S1_5841e7779fc3c156c3ef40e0.png,S1,0.812084972858429,0.812025787384495,T2,val,M,1703ca22a1c39afeca05ffd0c12fe01606f41d5af81442d20102f130cc2ca491,d67353b51c7f853c45c0fad75d4336d0d442799627d3e648686eb70a497ad029,0.6901394990162897,T2,209418
0.0,0.0,0.0,,A03,0.0025832164101302624,0.002398288270885935,0.9913448735019974,0.9239389483291922,0.9988435486535603,0,5ca3f9fed2a631d522b1bd5334bde7efb3613c82a3aa714d8ae5da962737af8c,0.0025832164101302624,0.017206883057951927,0.0,0.017206883057951927,0.9681694507598877,0.0,0.0,02fc8095c431dfc5451811632a802997c5ba97593e8a98ad29eaf0d9e1211df4,complete_update,5147.6254720016295,0.9780543016576837,0.9780543016576837,0.9687824537220487,2055,0,0,9472,0,0,0.0,0.0,0.0,-0.009271847935634958,0.009271847935634958,000265748d489c3d0095524194958fe61fe914509d0aca373da78957be3a3502,ISIC_0014158,0,15.811388300841896,0.0030715887134449417,ISIC_0014158,84e31ab511ca3fd163bbc3d9a412023a967aef12d96210df28945e97940d25f9,0.9570511459113451,0.9570511459113451,0.0,0.0,0.017206883057951927,0.017206883057951927,0.017480031181134774,0.017480031181134774,cuda_FP32_original_batch_present,canonical_letterbox_valid,3d99874f14ae5f316eec36e21141043d75bd4fd17ccfb31e3174198dee269596,a268e20efe46261df272e9fd65adc28fb159d25c34fb65c47db5a5b3e25fd149,0.43070924282073975,complete_logit_interpolation,0,12212224,0.9644356334527323,0,266334,0.021808804031108502,44e7aa224d7d9ccd1f3c9ad8eba7a58d5886d8bd3ef9a4f505ff82f36d7da119,RSI-TailProbe-20261004,0.992063093578251,258917,0.02120146174849069,2,58471d6f9fc3c10f04859a63,0.0,0,0.0,U-Mean-logit-alpha-0.000000,17,ISIC_0014158_A03_T3_S1_58471d6f9fc3c10f04859a63.png,S1,0.9681694507598877,0.9674382259086164,T3,val,M,1703ca22a1c39afeca05ffd0c12fe01606f41d5af81442d20102f130cc2ca491,d67353b51c7f853c45c0fad75d4336d0d442799627d3e648686eb70a497ad029,0.9570511459113451,T3,256862
0.0,0.0,0.0,,A00,0.006227625999599695,0.006051271862477363,0.8744338146761788,0.5323112500893222,0.9626677852348993,0,5ca3f9fed2a631d522b1bd5334bde7efb3613c82a3aa714d8ae5da962737af8c,0.006227625999599695,0.0334574356675148,0.0,0.0334574356675148,0.939312756061554,0.0,0.0,02fc8095c431dfc5451811632a802997c5ba97593e8a98ad29eaf0d9e1211df4,complete_update,5147.6254720016295,0.9480566695191592,0.9480566695191592,0.9532058442261929,7568,0,0,20293,0,0,0.0,0.0,0.0,0.005149174707033688,-0.005149174707033688,000265748d489c3d0095524194958fe61fe914509d0aca373da78957be3a3502,ISIC_0014225,0,33.52610922848042,0.006512927059443576,ISIC_0014225,3af618fe3858108c4b1785524280a22464c991413e4ab10994e64185f6e32186,0.9012431012664958,0.9012431012664958,0.0,0.0,0.0334574356675148,0.0334574356675148,0.03425766254345526,0.03425766254345526,cuda_FP32_original_batch_present,canonical_letterbox_valid,3d99874f14ae5f316eec36e21141043d75bd4fd17ccfb31e3174198dee269596,95edee0f63f58cb5ce6d0febf2296aadbb2ae62b9cd59acc76fb83cb3de1cf9b,0.621065080165863,complete_logit_interpolation,0,12212224,0.926086053855596,0,274549,0.022481490676882442,e3f7b1dde77d3d081749faef28b4d8c48acfd0d409f7358f083e5965aa34f19b,RSI-TailProbe-20261004,0.9710950867758494,261824,0.02143950192855945,2,5841e7b09fc3c156c3ef41a9,0.0,0,0.0,U-Mean-logit-alpha-0.000000,17,ISIC_0014225_A00_T2_S1_5841e7b09fc3c156c3ef41a9.png,S1,0.939312756061554,0.9375359467755668,T2,val,M,1703ca22a1c39afeca05ffd0c12fe01606f41d5af81442d20102f130cc2ca491,d67353b51c7f853c45c0fad75d4336d0d442799627d3e648686eb70a497ad029,0.9012431012664958,T2,254256
0.0,0.0,0.0,,A03,0.006277801934629679,0.006252736188205609,0.9112655199908873,0.6954719185290823,0.9956919197226016,0,5ca3f9fed2a631d522b1bd5334bde7efb3613c82a3aa714d8ae5da962737af8c,0.006277801934629679,0.03226745128631592,0.0,0.03226745128631592,0.9417428970336914,0.0,0.0,02fc8095c431dfc5451811632a802997c5ba97593e8a98ad29eaf0d9e1211df4,complete_update,5147.6254720016295,0.9513982552300054,0.9513982552300054,0.9533173418142289,17776,0,0,9322,0,0,0.0,0.0,0.0,0.0019190865842234617,-0.0019190865842234617,000265748d489c3d0095524194958fe61fe914509d0aca373da78957be3a3502,ISIC_0014225,0,33.83784863137726,0.006573486904869864,ISIC_0014225,3af618fe3858108c4b1785524280a22464c991413e4ab10994e64185f6e32186,0.9073018044984179,0.9073018044984179,0.0,0.0,0.03226745128631592,0.03226745128631592,0.03313069398186811,0.03313069398186811,cuda_FP32_original_batch_present,canonical_letterbox_valid,3d99874f14ae5f316eec36e21141043d75bd4fd17ccfb31e3174198dee269596,3bd98eff61cb4e5f154aaab235fcab229f4eb19f8b297aad45c385b0b9d212e7,0.621065080165863,complete_logit_interpolation,0,12212224,0.966046133841318,0,274549,0.022481490676882442,e3f7b1dde77d3d081749faef28b4d8c48acfd0d409f7358f083e5965aa34f19b,RSI-TailProbe-20261004,0.9371879450041166,283003,0.023173747877536476,2,58471ffd9fc3c10f04859a7c,0.0,0,0.0,U-Mean-logit-alpha-0.000000,17,ISIC_0014225_A03_T3_S1_58471ffd9fc3c10f04859a7c.png,S1,0.9417428970336914,0.9399913482244694,T3,val,M,1703ca22a1c39afeca05ffd0c12fe01606f41d5af81442d20102f130cc2ca491,d67353b51c7f853c45c0fad75d4336d0d442799627d3e648686eb70a497ad029,0.9073018044984179,T3,265227
0.0,0.0,0.0,,A00,0.058814823627471924,0.05974760750936252,0.6594022167009095,0.39415850235794786,0.9424095453326549,0,5ca3f9fed2a631d522b1bd5334bde7efb3613c82a3aa714d8ae5da962737af8c,0.058814823627471924,0.05275890231132507,0.0,0.05275890231132507,0.9532970190048218,0.0,0.0,02fc8095c431dfc5451811632a802997c5ba97593e8a98ad29eaf0d9e1211df4,complete_update,7917.522655477533,0.9823988532881522,0.9823988532881522,0.9856239436632589,30429,0,0,473517,0,0,0.0,0.0,0.0,0.003225090375106654,-0.003225090375106654,6fdf9b36396adee4c602c8511ad36e082949c3b16aae12104d4d900f0c4ae7ad,ISIC_0011454,0,84.07734534343957,0.010619148059560378,ISIC_0014699,e3aaa50e51e907d87ea16306c0cd149f72f6f5116c0a9a6e7d2f677e77301b35,0.9654065902564635,0.9654065902564635,0.0,0.0,0.05275890231132507,0.05275890231132507,0.05343978428847875,0.05343978428847875,cuda_FP32_original_batch_present,canonical_letterbox_valid,3d99874f14ae5f316eec36e21141043d75bd4fd17ccfb31e3174198dee269596,1361864a050a8e7d675cecdd339f8a7619544b55bec3355f7b67162d282fb51a,0.5657735466957092,complete_logit_interpolation,0,28969562,0.96742735339585,0,14537259,0.5018114875192107,1908322f9a2131caa475adea3a95ebe308557bc820f920158c90aa9ed0f91521,RSI-TailProbe-20261004,0.9978410223630748,14094171,0.48651653759901514,2,5841e9169fc3c156c3ef4737,0.0,0,0.0,U-Mean-logit-alpha-0.000000,17,ISIC_0014699_A00_T2_S1_5841e9169fc3c156c3ef4737.png,S1,0.9532970190048218,0.952868038932405,T2,val,M,1703ca22a1c39afeca05ffd0c12fe01606f41d5af81442d20102f130cc2ca491,d67353b51c7f853c45c0fad75d4336d0d442799627d3e648686eb70a497ad029,0.9654065902564635,T2,14063742
0.0,0.0,0.0,,A09,0.1411558985710144,0.14166995568776283,0.11530404182108504,0.05813561708688846,0.3241954073565314,0,5ca3f9fed2a631d522b1bd5334bde7efb3613c82a3aa714d8ae5da962737af8c,0.1411558985710144,0.10684201121330261,0.0,0.10684201121330261,0.9274718761444092,0.0,0.0,02fc8095c431dfc5451811632a802997c5ba97593e8a98ad29eaf0d9e1211df4,complete_update,7917.522655477533,0.938472024483731,0.938472024483731,0.9375810885583306,1674763,0,0,204590,0,0,0.0,0.0,0.0,-0.0008909359254004601,0.0008909359254004601,6fdf9b36396adee4c602c8511ad36e082949c3b16aae12104d4d900f0c4ae7ad,ISIC_0011454,0,275.82012788796004,0.03483667049530209,ISIC_0014699,e3aaa50e51e907d87ea16306c0cd149f72f6f5116c0a9a6e7d2f677e77301b35,0.8840765821808039,0.8840765821808039,0.0,0.0,0.10684201121330261,0.10684201121330261,0.10717321334674394,0.10717321334674394,cuda_FP32_original_batch_present,canonical_letterbox_valid,3d99874f14ae5f316eec36e21141043d75bd4fd17ccfb31e3174198dee269596,c6021bf24a9d8da6d77b1f7f81a1284a1dbb185af128c60525475b7f53ce05d1,0.5657735466957092,complete_logit_interpolation,0,28969562,0.9859265078788236,0,14537259,0.5018114875192107,1908322f9a2131caa475adea3a95ebe308557bc820f920158c90aa9ed0f91521,RSI-TailProbe-20261004,0.895375910389624,16007432,0.5525603735396483,2,584715959fc3c10f048598ac,0.0,0,0.0,U-Mean-logit-alpha-0.000000,17,ISIC_0014699_A09_T1_S1_584715959fc3c10f048598ac.png,S1,0.9274718761444092,0.927323528994275,T1,val,M,1703ca22a1c39afeca05ffd0c12fe01606f41d5af81442d20102f130cc2ca491,d67353b51c7f853c45c0fad75d4336d0d442799627d3e648686eb70a497ad029,0.8840765821808039,T1,14332669
0.0,0.0,0.0,,A00,0.016669640317559242,0.017470421116534886,0.76735200327529,0.4030673997927842,0.9243835246585989,0,5ca3f9fed2a631d522b1bd5334bde7efb3613c82a3aa714d8ae5da962737af8c,0.016669640317559242,0.03205809369683266,0.0,0.03205809369683266,0.9525534510612488,0.0,0.0,02fc8095c431dfc5451811632a802997c5ba97593e8a98ad29eaf0d9e1211df4,complete_update,7978.809748327128,0.9591955472457507,0.9591955472457507,0.9548982949759967,10617,0,0,221874,0,0,0.0,0.0,0.0,-0.004297252269754082,0.004297252269754082,a18673f2670519f10ba68f7540ca3f37cb071c87dd8fe632c700b289c9652120,ISIC_0011571,0,145.13091628225544,0.018189544663937404,ISIC_0014768,618437e4a3ba4d478832fae634dc5746898d3e484bc2fba523d4332477b03e1d,0.9215905492212881,0.9215905492212881,0.0,0.0,0.03205809369683266,0.03205809369683266,0.033533193421814,0.033533193421814,cuda_FP32_original_batch_present,canonical_letterbox_valid,3d99874f14ae5f316eec36e21141043d75bd4fd17ccfb31e3174198dee269596,600c0b262d61e4f39ae0258a28a6f630d052f35131feddef274b96cab4eb610e,0.34811070561408997,complete_logit_interpolation,0,29364282,0.9249023175714646,0,2954472,0.1006144812258648,2317235fffb012e2dc4f1cc6841827f501f4de6bcd5303c2ca36c0b2710b3f60,RSI-TailProbe-20261004,0.996129723700111,2743215,0.09342012857661564,2,5841e9659fc3c156c3ef4806,0.0,0,0.0,U-Mean-logit-alpha-0.000000,17,ISIC_0014768_A00_T2_S2_5841e9659fc3c156c3ef4806.png,S2,0.9525534510612488,0.9504040342729069,T2,val,M,1703ca22a1c39afeca05ffd0c12fe01606f41d5af81442d20102f130cc2ca491,d67353b51c7f853c45c0fad75d4336d0d442799627d3e648686eb70a497ad029,0.9215905492212881,T2,2732598
0.0,0.0,0.0,,A03,0.05719751492142677,0.05840398886150025,0.26634209508731616,0.11519731499094905,0.5777573500733838,0,5ca3f9fed2a631d522b1bd5334bde7efb3613c82a3aa714d8ae5da962737af8c,0.05719751492142677,0.071839839220047,0.0,0.071839839220047,0.9135178327560425,0.0,0.0,02fc8095c431dfc5451811632a802997c5ba97593e8a98ad29eaf0d9e1211df4,complete_update,7978.809748327128,0.9173365476020354,0.9173365476020354,0.9221785341174619,530600,0,0,1584,0,0,0.0,0.0,0.0,0.004841986515426444,-0.004841986515426444,a18673f2670519f10ba68f7540ca3f37cb071c87dd8fe632c700b289c9652120,ISIC_0011571,0,202.46728130737569,0.025375624647501573,ISIC_0014768,618437e4a3ba4d478832fae634dc5746898d3e484bc2fba523d4332477b03e1d,0.8472961247285565,0.8472961247285565,0.0,0.0,0.071839839220047,0.071839839220047,0.07313762119213653,0.07313762119213653,cuda_FP32_original_batch_present,canonical_letterbox_valid,3d99874f14ae5f316eec36e21141043d75bd4fd17ccfb31e3174198dee269596,cdb8dca91137f0871cbe817bd44a2ee708f0e9332b9b54a587e9d1db88655c3a,0.34811070561408997,complete_logit_interpolation,0,29364282,0.999463863593901,0,2954472,0.1006144812258648,2317235fffb012e2dc4f1cc6841827f501f4de6bcd5303c2ca36c0b2710b3f60,RSI-TailProbe-20261004,0.8476814043854894,3483488,0.11863010987294019,2,58a4b8b2d8311352d32cb0f8,0.0,0,0.0,U-Mean-logit-alpha-0.000000,17,ISIC_0014768_A03_T3_S1_58a4b8b2d8311352d32cb0f8.png,S1,0.9135178327560425,0.9121287464772272,T3,val,M,1703ca22a1c39afeca05ffd0c12fe01606f41d5af81442d20102f130cc2ca491,d67353b51c7f853c45c0fad75d4336d0d442799627d3e648686eb70a497ad029,0.8472961247285565,T3,2952888
0.0,0.0,0.0,,A00,0.030758695676922798,0.030979106067487515,0.8461801113937056,0.5302018376871755,0.9973973507361225,0,5ca3f9fed2a631d522b1bd5334bde7efb3613c82a3aa714d8ae5da962737af8c,0.030758695676922798,0.04129881411790848,0.0,0.04129881411790848,0.9481610655784607,0.0,0.0,02fc8095c431dfc5451811632a802997c5ba97593e8a98ad29eaf0d9e1211df4,complete_update,8023.191696575622,0.9820661236947397,0.9820661236947397,0.9768832308777112,80870,0,0,171523,0,0,0.0,0.0,0.0,-0.005182892817028439,0.005182892817028439,ff1151955b14ce355ebd6488a14f7ac0e4da5cae492c2067030bbf7ec5b914b5,ISIC_0011607,0,59.405386961116584,0.007404208849512021,ISIC_0014780,d42820d4f0500662282ea73643400ae98ba7fb211038bde6d026f2191f829fd2,0.9647641625399992,0.9647641625399992,0.0,0.0,0.04129881411790848,0.04129881411790848,0.04156066902024923,0.04156066902024923,cuda_FP32_original_batch_present,canonical_letterbox_valid,3d99874f14ae5f316eec36e21141043d75bd4fd17ccfb31e3174198dee269596,908af33e29868fa8a7c6db27147842be9178f555a13d1c3204ba0de443e0b016,0.532076895236969,complete_logit_interpolation,0,29674762,0.9757807473016804,0,7082093,0.23865711206041013,aade40fb9c7b5e4ef7961151a9542ee18337b6d3844d5df16c022e9ddf854d21,RSI-TailProbe-20261004,0.9884329980662067,6991440,0.23560222656545654,2,5841e9739fc3c156c3ef482a,0.0,0,0.0,U-Mean-logit-alpha-0.000000,17,ISIC_0014780_A00_T2_S2_5841e9739fc3c156c3ef482a.png,S2,0.9481610655784607,0.9478577680269891,T2,val,M,1703ca22a1c39afeca05ffd0c12fe01606f41d5af81442d20102f130cc2ca491,d67353b51c7f853c45c0fad75d4336d0d442799627d3e648686eb70a497ad029,0.9647641625399992,T2,6910570
0.0,0.0,0.0,,A03,0.05104193836450577,0.05153652385369634,0.3783897978051032,0.17014796062814488,0.7412317774413814,0,5ca3f9fed2a631d522b1bd5334bde7efb3613c82a3aa714d8ae5da962737af8c,0.05104193836450577,0.06105198338627815,0.0,0.06105198338627815,0.9289379715919495,0.0,0.0,02fc8095c431dfc5451811632a802997c5ba97593e8a98ad29eaf0d9e1211df4,complete_update,8023.191696575622,0.9506846148899918,0.9506846148899918,0.943881843574583,41057,0,0,628486,0,0,0.0,0.0,0.0,-0.00680277131540874,0.00680277131540874,ff1151955b14ce355ebd6488a14f7ac0e4da5cae492c2067030bbf7ec5b914b5,ISIC_0011607,0,138.0860234764997,0.01721085930620805,ISIC_0014780,d42820d4f0500662282ea73643400ae98ba7fb211038bde6d026f2191f829fd2,0.906004646820578,0.906004646820578,0.0,0.0,0.06105198338627815,0.06105198338627815,0.061568231367670534,0.061568231367670534,cuda_FP32_original_batch_present,canonical_letterbox_valid,3d99874f14ae5f316eec36e21141043d75bd4fd17ccfb31e3174198dee269596,2000d896978d5a32c1253bfb360a389a3e214698a9c6a9b5b297f47486ccd91e,0.532076895236969,complete_logit_interpolation,0,29674762,0.911257025288993,0,7082093,0.23865711206041013,aade40fb9c7b5e4ef7961151a9542ee18337b6d3844d5df16c022e9ddf854d21,RSI-TailProbe-20261004,0.9936783488722434,6494664,0.21886153627786467,2,58a4ba3cd8311352d32cb101,0.0,0,0.0,U-Mean-logit-alpha-0.000000,17,ISIC_0014780_A03_T3_S1_58a4ba3cd8311352d32cb101.png,S1,0.9289379715919495,0.9284000611183553,T3,val,M,1703ca22a1c39afeca05ffd0c12fe01606f41d5af81442d20102f130cc2ca491,d67353b51c7f853c45c0fad75d4336d0d442799627d3e648686eb70a497ad029,0.906004646820578,T3,6453607
0.0,0.0,0.0,,A00,0.026172896847128868,0.025917392349034066,0.8503100861629092,0.43520915641748964,0.9825788140816468,0,5ca3f9fed2a631d522b1bd5334bde7efb3613c82a3aa714d8ae5da962737af8c,0.026172896847128868,0.02911190316081047,0.0,0.02911190316081047,0.9679490923881531,0.0,0.0,02fc8095c431dfc5451811632a802997c5ba97593e8a98ad29eaf0d9e1211df4,complete_update,7979.363884420863,0.9816339559523357,0.9816339559523357,0.9792250829600571,48094,0,0,255611,0,0,0.0,0.0,0.0,-0.0024088729922786545,0.0024088729922786545,eaf1c7b4ecb3b018fd3d0b9be60c2d554a9c9630bd47bf0d8db43301e7923112,ISIC_0011834,0,56.0,0.007018103298852681,ISIC_0014800,f7b29779cbed66726051c40fdbd56e7e211af45e83e16c3607130a57748153c9,0.9639303683483682,0.9639303683483682,0.0,0.0,0.02911190316081047,0.02911190316081047,0.028954562313592586,0.028954562313592586,cuda_FP32_original_batch_present,canonical_letterbox_valid,3d99874f14ae5f316eec36e21141043d75bd4fd17ccfb31e3174198dee269596,f613253d136b15c09846b4387bde94d839e358eda70601fa45cf3374f75c53cd,0.5024474263191223,complete_logit_interpolation,0,29370924,0.9694678727691662,0,8371870,0.2850393811239987,63a9aeff9ef887bb68f7e3ea1405a1bafd28a6c82b4712f73961094011ec0763,RSI-TailProbe-20261004,0.9941092698956059,8164353,0.27797399223803787,2,5841e9899fc3c156c3ef4866,0.0,0,0.0,U-Mean-logit-alpha-0.000000,17,ISIC_0014800_A00_T2_S2_5841e9899fc3c156c3ef4866.png,S2,0.9679490923881531,0.9680082677218489,T2,val,M,1703ca22a1c39afeca05ffd0c12fe01606f41d5af81442d20102f130cc2ca491,d67353b51c7f853c45c0fad75d4336d0d442799627d3e648686eb70a497ad029,0.9639303683483682,T2,8116259
0.0,0.0,0.0,,A03,0.030225461348891258,0.030148404344184386,0.7334953483524999,0.4317404551926768,0.9580363346243602,0,5ca3f9fed2a631d522b1bd5334bde7efb3613c82a3aa714d8ae5da962737af8c,0.030225461348891258,0.0325343944132328,0.0,0.0325343944132328,0.9651566743850708,0.0,0.0,02fc8095c431dfc5451811632a802997c5ba97593e8a98ad29eaf0d9e1211df4,complete_update,7979.363884420863,0.9778306832400467,0.9778306832400467,0.9753653772960792,16309,0,0,347545,0,0,0.0,0.0,0.0,-0.002465305943967544,0.002465305943967544,eaf1c7b4ecb3b018fd3d0b9be60c2d554a9c9630bd47bf0d8db43301e7923112,ISIC_0011834,0,83.48652585896721,0.01046280468822442,ISIC_0014800,f7b29779cbed66726051c40fdbd56e7e211af45e83e16c3607130a57748153c9,0.9566230048261964,0.9566230048261964,0.0,0.0,0.0325343944132328,0.0325343944132328,0.03255051576915689,0.03255051576915689,cuda_FP32_original_batch_present,canonical_letterbox_valid,3d99874f14ae5f316eec36e21141043d75bd4fd17ccfb31e3174198dee269596,c6688f65dd71466278da32a1ae31c7142884b6d5268d46b7d76c4a611e8f677d,0.5024474263191223,complete_logit_interpolation,0,29370924,0.9584865746840312,0,8371870,0.2850393811239987,63a9aeff9ef887bb68f7e3ea1405a1bafd28a6c82b4712f73961094011ec0763,RSI-TailProbe-20261004,0.9979716773577805,8040634,0.27376169711242315,2,58a4bb7cd8311352d32cb119,0.0,0,0.0,U-Mean-logit-alpha-0.000000,17,ISIC_0014800_A03_T3_S1_58a4bb7cd8311352d32cb119.png,S1,0.9651566743850708,0.9650473728058706,T3,val,M,1703ca22a1c39afeca05ffd0c12fe01606f41d5af81442d20102f130cc2ca491,d67353b51c7f853c45c0fad75d4336d0d442799627d3e648686eb70a497ad029,0.9566230048261964,T3,8024325
0.0,0.0,0.0,,A00,0.03125359117984772,0.031701923366299053,0.5610647621311993,0.2478842419749272,0.9337974670687572,0,5ca3f9fed2a631d522b1bd5334bde7efb3613c82a3aa714d8ae5da962737af8c,0.03125359117984772,0.04438582807779312,0.0,0.04438582807779312,0.9424819350242615,0.0,0.0,02fc8095c431dfc5451811632a802997c5ba97593e8a98ad29eaf0d9e1211df4,complete_update,7994.080372375549,0.9639583608657984,0.9639583608657984,0.9609685769855326,13392,0,0,359690,0,0,0.0,0.0,0.0,-0.0029897838802658283,0.0029897838802658283,046e1e720231447211212c5ca0dffded27d8b8394c040db2b341b6bedcda0b68,ISIC_0014815,0,88.0,0.011008145515285783,ISIC_0014815,770e43244c60f36cfbe56c57a5d4fc7e1ba5a7c8f319174d490f2c8619ad0a6d,0.93042434247272,0.93042434247272,0.0,0.0,0.04438582807779312,0.04438582807779312,0.0449197652066488,0.0449197652066488,cuda_FP32_original_batch_present,canonical_letterbox_valid,3d99874f14ae5f316eec36e21141043d75bd4fd17ccfb31e3174198dee269596,139a1c236974a6be73cde5e6f0a755e7f6b0fba732f31d10527c195a2cfaa404,0.5276544094085693,complete_logit_interpolation,0,29441620,0.9327538575063794,0,5348857,0.18167672159344492,82cfd2e4982863e3ac8a94092a11841b54f267f7b180e9e9da06bbfbd8014731,RSI-TailProbe-20261004,0.9973229701039008,5002559,0.16991452915974053,2,5841e99a9fc3c156c3ef4893,0.0,0,0.0,U-Mean-logit-alpha-0.000000,17,ISIC_0014815_A00_T2_S2_5841e99a9fc3c156c3ef4893.png,S2,0.9424819350242615,0.9418623929530014,T2,val,M,1703ca22a1c39afeca05ffd0c12fe01606f41d5af81442d20102f130cc2ca491,d67353b51c7f853c45c0fad75d4336d0d442799627d3e648686eb70a497ad029,0.93042434247272,T2,4989167
0.0,0.0,0.0,,A03,0.09159760177135468,0.09179878210481307,0.06936737780506984,0.013190803073190602,0.3806794865278838,0,5ca3f9fed2a631d522b1bd5334bde7efb3613c82a3aa714d8ae5da962737af8c,0.09159760177135468,0.09425582736730576,0.0,0.09425582736730576,0.9030859470367432,0.0,0.0,02fc8095c431dfc5451811632a802997c5ba97593e8a98ad29eaf0d9e1211df4,complete_update,7994.080372375549,0.9100874588542519,0.9100874588542519,0.9124766570888471,1056862,0,0,20,0,0,0.0,0.0,0.0,0.002389198234595158,-0.002389198234595158,046e1e720231447211212c5ca0dffded27d8b8394c040db2b341b6bedcda0b68,ISIC_0014815,0,263.48624252510797,0.03296016930673033,ISIC_0014815,770e43244c60f36cfbe56c57a5d4fc7e1ba5a7c8f319174d490f2c8619ad0a6d,0.8350096218707065,0.8350096218707065,0.0,0.0,0.09425582736730576,0.09425582736730576,0.0944675347705366,0.0944675347705366,cuda_FP32_original_batch_present,canonical_letterbox_valid,3d99874f14ae5f316eec36e21141043d75bd4fd17ccfb31e3174198dee269596,df5ea3eaec862a0a828043d7e2d379b2b68d1d8b1af1932a0dd33b2f0fa8b976,0.5276544094085693,complete_logit_interpolation,0,29441620,0.9999962608834,0,5348857,0.18167672159344492,82cfd2e4982863e3ac8a94092a11841b54f267f7b180e9e9da06bbfbd8014731,RSI-TailProbe-20261004,0.8350122289542484,6405699,0.2175729120883973,2,58a4bbb4d8311352d32cb122,0.0,0,0.0,U-Mean-logit-alpha-0.000000,17,ISIC_0014815_A03_T3_S1_58a4bbb4d8311352d32cb122.png,S1,0.9030859470367432,0.9028637125637399,T3,val,M,1703ca22a1c39afeca05ffd0c12fe01606f41d5af81442d20102f130cc2ca491,d67353b51c7f853c45c0fad75d4336d0d442799627d3e648686eb70a497ad029,0.8350096218707065,T3,5348837
0.0,0.0,0.0,,A00,0.011968736536800861,0.012918512329161493,0.9099734038439051,0.5476488026943861,1.0,0,5ca3f9fed2a631d522b1bd5334bde7efb3613c82a3aa714d8ae5da962737af8c,0.011968736536800861,0.023168088868260384,0.0,0.023168088868260384,0.9656325578689575,0.0,0.0,02fc8095c431dfc5451811632a802997c5ba97593e8a98ad29eaf0d9e1211df4,complete_update,8021.52759765869,0.9779712647521995,0.9779712647521995,0.9736070943928524,25194,0,0,134218,0,0,0.0,0.0,0.0,-0.004364170359347108,0.004364170359347108,5179808c1308aa841b82993d6e8873ab80b4f99d94ebd138d42ea67e4cf26df8,ISIC_0011630,0,45.69463863518345,0.005696500832150815,ISIC_0014867,f9e62b94c9ec5018fd056ddebc80c7312816c06afb35eb2deb54fea878b6c033,0.956892141114879,0.956892141114879,0.0,0.0,0.023168088868260384,0.023168088868260384,0.024550400377875745,0.024550400377875745,cuda_FP32_original_batch_present,canonical_letterbox_valid,3d99874f14ae5f316eec36e21141043d75bd4fd17ccfb31e3174198dee269596,beced59d0765fa20487c9af689f9d44ebf6f8ffa17d850ed6b2f9479c21aceb6,0.4300679564476013,complete_logit_interpolation,0,29732612,0.9634560793904137,0,3672786,0.12352718960581062,ec458a7c861b104586192e1619602d2700f3d08a99fa6b2b7c2be5e49f086a6e,RSI-TailProbe-20261004,0.9929305043378318,3563762,0.11986037419114069,2,5841e9d59fc3c156c3ef492f,0.0,0,0.0,U-Mean-logit-alpha-0.000000,17,ISIC_0014867_A00_T2_S2_5841e9d59fc3c156c3ef492f.png,S2,0.9656325578689575,0.96381771157341,T2,val,M,1703ca22a1c39afeca05ffd0c12fe01606f41d5af81442d20102f130cc2ca491,d67353b51c7f853c45c0fad75d4336d0d442799627d3e648686eb70a497ad029,0.956892141114879,T2,3538568
0.0,0.0,0.0,,A03,0.04305809736251831,0.04352760216699612,0.17719620524779495,0.028023135349286438,0.7235547665468177,0,5ca3f9fed2a631d522b1bd5334bde7efb3613c82a3aa714d8ae5da962737af8c,0.04305809736251831,0.055831193923950195,0.0,0.055831193923950195,0.9313957095146179,0.0,0.0,02fc8095c431dfc5451811632a802997c5ba97593e8a98ad29eaf0d9e1211df4,complete_update,8021.52759765869,0.934233315536165,0.934233315536165,0.9422620789973501,517102,0,0,0,0,0,0.0,0.0,0.0,0.008028763461185195,-0.008028763461185195,5179808c1308aa841b82993d6e8873ab80b4f99d94ebd138d42ea67e4cf26df8,ISIC_0011630,0,121.43310915891102,0.015138401966522526,ISIC_0014867,f9e62b94c9ec5018fd056ddebc80c7312816c06afb35eb2deb54fea878b6c033,0.8765833358791452,0.8765833358791452,0.0,0.0,0.055831193923950195,0.055831193923950195,0.0564565207020226,0.0564565207020226,cuda_FP32_original_batch_present,canonical_letterbox_valid,3d99874f14ae5f316eec36e21141043d75bd4fd17ccfb31e3174198dee269596,7d84c6112f15b016b3a1148fc101981b3fed2a65ae6d63fbe286b93d830dc922,0.4300679564476013,complete_logit_interpolation,0,29732612,1.0,0,3672786,0.12352718960581062,ec458a7c861b104586192e1619602d2700f3d08a99fa6b2b7c2be5e49f086a6e,RSI-TailProbe-20261004,0.8765833358791452,4189888,0.1409189344010543,2,58a4be7bd8311352d32cb143,0.0,0,0.0,U-Mean-logit-alpha-0.000000,17,ISIC_0014867_A03_T3_S1_58a4be7bd8311352d32cb143.png,S1,0.9313957095146179,0.9306145607629509,T3,val,M,1703ca22a1c39afeca05ffd0c12fe01606f41d5af81442d20102f130cc2ca491,d67353b51c7f853c45c0fad75d4336d0d442799627d3e648686eb70a497ad029,0.8765833358791452,T3,3672786
0.0,0.0,0.0,,A00,0.024735748767852783,0.024897258113186823,0.8137070644804161,0.4441947280576693,0.9986477887368755,0,5ca3f9fed2a631d522b1bd5334bde7efb3613c82a3aa714d8ae5da962737af8c,0.024735748767852783,0.031149595975875854,0.0,0.031149595975875854,0.9624365568161011,0.0,0.0,02fc8095c431dfc5451811632a802997c5ba97593e8a98ad29eaf0d9e1211df4,complete_update,8038.1605482846635,0.9803612528203409,0.9803612528203409,0.9767645485603553,79688,0,0,197728,0,0,0.0,0.0,0.0,-0.0035967042599855947,0.0035967042599855947,304d594d46ff905b5ee130258cd4bdfa8bd404cd6801a5ceb24b405bc803c6d5,ISIC_0014969,0,59.43904440685432,0.0073946077650238725,ISIC_0014969,0a87d3459912ea8d65ff0c01f3d93a131869d8452b2b7cafdc62ee381898399f,0.9614790096316361,0.9614790096316361,0.0,0.0,0.031149595975875854,0.031149595975875854,0.03135385311523073,0.03135385311523073,cuda_FP32_original_batch_present,canonical_letterbox_valid,3d99874f14ae5f316eec36e21141043d75bd4fd17ccfb31e3174198dee269596,ac6c170f883d36f7e3d73ef48ab423295faf00d8fa2bac648c67328bd228f8df,0.3949058949947357,complete_logit_interpolation,0,29821792,0.9722369964824468,0,7121996,0.23881851231475293,cf5ba6ef0df958b08ead8739d1892114c1ef6a6af21d5a44831d00207c6de7b4,RSI-TailProbe-20261004,0.988622429952444,7003956,0.2348603330074866,2,5841ea4a9fc3c156c3ef4a61,0.0,0,0.0,U-Mean-logit-alpha-0.000000,17,ISIC_0014969_A00_T2_S2_5841ea4a9fc3c156c3ef4a61.png,S2,0.9624365568161011,0.9621895518827254,T2,val,M,1703ca22a1c39afeca05ffd0c12fe01606f41d5af81442d20102f130cc2ca491,d67353b51c7f853c45c0fad75d4336d0d442799627d3e648686eb70a497ad029,0.9614790096316361,T2,6924268
0.0,0.0,0.0,,A03,0.1940765380859375,0.19368650544562102,0.0,0.0,0.05526001304548621,0,5ca3f9fed2a631d522b1bd5334bde7efb3613c82a3aa714d8ae5da962737af8c,0.1940765380859375,0.15882331132888794,0.0,0.15882331132888794,0.8764299154281616,0.0,0.0,02fc8095c431dfc5451811632a802997c5ba97593e8a98ad29eaf0d9e1211df4,complete_update,8038.1605482846635,0.8732509605367468,0.8732509605367468,0.8833745176597646,2067461,0,0,0,0,0,0.0,0.0,0.0,0.010123557123017823,-0.010123557123017823,304d594d46ff905b5ee130258cd4bdfa8bd404cd6801a5ceb24b405bc803c6d5,ISIC_0014969,0,305.0765444017412,0.03795352712466589,ISIC_0014969,0a87d3459912ea8d65ff0c01f3d93a131869d8452b2b7cafdc62ee381898399f,0.7750181539562131,0.7750181539562131,0.0,0.0,0.15882331132888794,0.15882331132888794,0.1585627341928902,0.1585627341928902,cuda_FP32_original_batch_present,canonical_letterbox_valid,3d99874f14ae5f316eec36e21141043d75bd4fd17ccfb31e3174198dee269596,1a476a7615baf04530e662c018e8be1ed314ebbe45dbd32a5854b21e58c20074,0.3949058949947357,complete_logit_interpolation,0,29821792,1.0,0,7121996,0.23881851231475293,cf5ba6ef0df958b08ead8739d1892114c1ef6a6af21d5a44831d00207c6de7b4,RSI-TailProbe-20261004,0.7750181539562131,9189457,0.3081457009692778,2,58a4cd57d831137de4d030d0,0.0,0,0.0,U-Mean-logit-alpha-0.000000,17,ISIC_0014969_A03_T1_S1_58a4cd57d831137de4d030d0.png,S1,0.8764299154281616,0.8765610370598407,T1,val,M,1703ca22a1c39afeca05ffd0c12fe01606f41d5af81442d20102f130cc2ca491,d67353b51c7f853c45c0fad75d4336d0d442799627d3e648686eb70a497ad029,0.7750181539562131,T1,7121996
0.0,0.0,0.0,,A00,0.057782117277383804,0.058131087300886786,0.584096209540838,0.34487732850789776,0.8725663628405637,0,5ca3f9fed2a631d522b1bd5334bde7efb3613c82a3aa714d8ae5da962737af8c,0.057782117277383804,0.04985228180885315,0.0,0.04985228180885315,0.9580775499343872,0.0,0.0,02fc8095c431dfc5451811632a802997c5ba97593e8a98ad29eaf0d9e1211df4,complete_update,8054.8088121320425,0.9779211740863094,0.9779211740863094,0.975996714262046,598049,0,0,54684,0,0,0.0,0.0,0.0,-0.0019244598242633693,0.0019244598242633693,404ab0c9217a9d17289e3b60a75d7cb24f730b4f2c6b2fa9b549bc9a1b544c7e,ISIC_0014838,0,113.74181287859012,0.01412098232639287,ISIC_0015089,c683e6789a8d606ce0a64d18016974346a7caef054564478ccb80f6aa10c44e7,0.9567962365447632,0.9567962365447632,0.0,0.0,0.04985228180885315,0.04985228180885315,0.05010110931031159,0.05010110931031159,cuda_FP32_original_batch_present,canonical_letterbox_valid,3d99874f14ae5f316eec36e21141043d75bd4fd17ccfb31e3174198dee269596,ea9fdb9e30bc98300a1e116ecbb2b2e81f348770883e0ca09053be536d10f34c,0.38678595423698425,complete_logit_interpolation,0,29910972,0.9962313394134262,0,14510195,0.48511278737447916,5c0b63e6c3e973fbb08fc85d182fab76c5845c433edc8859e6c86702442b4426,RSI-TailProbe-20261004,0.9602719223891226,15053560,0.5032788636892175,2,5841eadb9fc3c156c3ef4bc9,0.0,0,0.0,U-Mean-logit-alpha-0.000000,17,ISIC_0015089_A00_T2_S2_5841eadb9fc3c156c3ef4bc9.png,S2,0.9580775499343872,0.9579288686802636,T2,val,M,1703ca22a1c39afeca05ffd0c12fe01606f41d5af81442d20102f130cc2ca491,d67353b51c7f853c45c0fad75d4336d0d442799627d3e648686eb70a497ad029,0.9567962365447632,T2,14455511
0.0,0.0,0.0,,A03,0.2561652660369873,0.2565329036932505,0.23459739003349478,0.10936067864928123,0.33428711562447627,0,5ca3f9fed2a631d522b1bd5334bde7efb3613c82a3aa714d8ae5da962737af8c,0.2561652660369873,0.17259398102760315,0.0,0.17259398102760315,0.910977303981781,0.0,0.0,02fc8095c431dfc5451811632a802997c5ba97593e8a98ad29eaf0d9e1211df4,complete_update,8054.8088121320425,0.9180526392129104,0.9180526392129104,0.9155013796935084,2564316,0,0,22152,0,0,0.0,0.0,0.0,-0.0025512595194019383,0.0025512595194019383,404ab0c9217a9d17289e3b60a75d7cb24f730b4f2c6b2fa9b549bc9a1b544c7e,ISIC_0014838,0,488.33861196467984,0.06062696500370697,ISIC_0015089,c683e6789a8d606ce0a64d18016974346a7caef054564478ccb80f6aa10c44e7,0.8485187657790024,0.8485187657790024,0.0,0.0,0.17259398102760315,0.17259398102760315,0.17281052494750362,0.17281052494750362,cuda_FP32_original_batch_present,canonical_letterbox_valid,3d99874f14ae5f316eec36e21141043d75bd4fd17ccfb31e3174198dee269596,21dc082e8ec35d38c8387550315394c637adad6f614a273871d92b7e4ea59b38,0.38678595423698425,complete_logit_interpolation,0,29910972,0.9984733492554717,0,14510195,0.48511278737447916,5c0b63e6c3e973fbb08fc85d182fab76c5845c433edc8859e6c86702442b4426,RSI-TailProbe-20261004,0.8496210407017586,17052359,0.5701038067234994,2,58a4d324d831137de4d03148,0.0,0,0.0,U-Mean-logit-alpha-0.000000,17,ISIC_0015089_A03_T1_S1_58a4d324d831137de4d03148.png,S1,0.910977303981781,0.9109118537982432,T1,val,M,1703ca22a1c39afeca05ffd0c12fe01606f41d5af81442d20102f130cc2ca491,d67353b51c7f853c45c0fad75d4336d0d442799627d3e648686eb70a497ad029,0.8485187657790024,T1,14488043
0.0,0.0,0.0,,A00,0.07307495921850204,0.07338729068804252,0.4066645051814366,0.13945274924085588,0.8008403181195528,0,5ca3f9fed2a631d522b1bd5334bde7efb3613c82a3aa714d8ae5da962737af8c,0.07307495921850204,0.07464684545993805,0.0,0.07464684545993805,0.9237812757492065,0.0,0.0,02fc8095c431dfc5451811632a802997c5ba97593e8a98ad29eaf0d9e1211df4,complete_update,8011.856526423822,0.9531358227129809,0.9531358227129809,0.9477244224556705,3160,0,0,901913,0,0,0.0,0.0,0.0,-0.005411400257310461,0.005411400257310461,5745d6f5effb535e23fd8470bd112a368ea72cfd0d29e73a266654a26370d902,ISIC_0015132,0,202.39416917943052,0.025261831450914825,ISIC_0015132,71a7c90968c3e2c30d0cf8aa899d666481657ab68d3644cbe7666726d77ceeeb,0.9104675118247545,0.9104675118247545,0.0,0.0,0.07464684545993805,0.07464684545993805,0.07488013600027582,0.07488013600027582,cuda_FP32_original_batch_present,canonical_letterbox_valid,3d99874f14ae5f316eec36e21141043d75bd4fd17ccfb31e3174198dee269596,f6112d0e6cd3bc44baf94d49634c3db2d29ae622d0ce8e29d72daa219b1e840b,0.4791131317615509,complete_logit_interpolation,0,29543382,0.9107522097885573,0,10105718,0.3420636811316998,70832d07b5cd473409d74866d5799b6375149f5157f8b3c797353fe25895fc02,RSI-TailProbe-20261004,0.9996567815778598,9206965,0.3116422148283497,2,5841eb109fc3c156c3ef4c4a,0.0,0,0.0,U-Mean-logit-alpha-0.000000,17,ISIC_0015132_A00_T2_S2_5841eb109fc3c156c3ef4c4a.png,S2,0.9237812757492065,0.9236270186874909,T2,val,M,1703ca22a1c39afeca05ffd0c12fe01606f41d5af81442d20102f130cc2ca491,d67353b51c7f853c45c0fad75d4336d0d442799627d3e648686eb70a497ad029,0.9104675118247545,T2,9203805
0.0,0.0,0.0,,A03,0.39862531423568726,0.3980579943952689,0.0,0.0,0.020782226806900225,0,5ca3f9fed2a631d522b1bd5334bde7efb3613c82a3aa714d8ae5da962737af8c,0.39862531423568726,0.28683167695999146,0.0,0.28683167695999146,0.8249619603157043,0.0,0.0,02fc8095c431dfc5451811632a802997c5ba97593e8a98ad29eaf0d9e1211df4,complete_update,8011.856526423822,0.8172604795292008,0.8172604795292008,0.8223328732982103,4519279,0,0,0,0,0,0.0,0.0,0.0,0.005072393769009476,-0.005072393769009476,5745d6f5effb535e23fd8470bd112a368ea72cfd0d29e73a266654a26370d902,ISIC_0015132,0,826.1406751403209,0.10311476153069327,ISIC_0015132,71a7c90968c3e2c30d0cf8aa899d666481657ab68d3644cbe7666726d77ceeeb,0.6909894066986817,0.6909894066986817,0.0,0.0,0.28683167695999146,0.28683167695999146,0.28648780213722874,0.28648780213722874,cuda_FP32_original_batch_present,canonical_letterbox_valid,3d99874f14ae5f316eec36e21141043d75bd4fd17ccfb31e3174198dee269596,d5bd695caec221c7a8fc26421f9145d1296c22bb20cf7c846e825c3528f0f768,0.4791131317615509,complete_logit_interpolation,0,29543382,1.0,0,10105718,0.3420636811316998,70832d07b5cd473409d74866d5799b6375149f5157f8b3c797353fe25895fc02,RSI-TailProbe-20261004,0.6909894066986817,14624997,0.49503462399802434,2,58a4d530d831137de4d03163,0.0,0,0.0,U-Mean-logit-alpha-0.000000,17,ISIC_0015132_A03_T1_S1_58a4d530d831137de4d03163.png,S1,0.8249619603157043,0.8250823901208114,T1,val,M,1703ca22a1c39afeca05ffd0c12fe01606f41d5af81442d20102f130cc2ca491,d67353b51c7f853c45c0fad75d4336d0d442799627d3e648686eb70a497ad029,0.6909894066986817,T1,10105718
0.0,0.0,0.0,,A00,0.021133145317435265,0.021436761601443765,0.8148209548547978,0.500509200912487,0.9991393795336256,0,5ca3f9fed2a631d522b1bd5334bde7efb3613c82a3aa714d8ae5da962737af8c,0.021133145317435265,0.02498443052172661,0.0,0.02498443052172661,0.9711642861366272,0.0,0.0,02fc8095c431dfc5451811632a802997c5ba97593e8a98ad29eaf0d9e1211df4,complete_update,7996.019509731076,0.9833232003231787,0.9833232003231787,0.9791311004523108,9558,0,0,238051,0,0,0.0,0.0,0.0,-0.0041920998708678825,0.0041920998708678825,04e43883a9992e575941f3466c7c0df6cd27d7e23fafe0f7fc2fc03c378aedeb,ISIC_0015146,0,56.25832148381633,0.00703579092263976,ISIC_0015146,7146f242f5071620b411660bc7d405d4bcb83e43284e35d333d047081886de08,0.9671935079424996,0.9671935079424996,0.0,0.0,0.02498443052172661,0.02498443052172661,0.025294921633428537,0.025294921633428537,cuda_FP32_original_batch_present,canonical_letterbox_valid,3d99874f14ae5f316eec36e21141043d75bd4fd17ccfb31e3174198dee269596,b5d8a75ad1b672b8c7438abfd42995b0822ba990f2b074a601aaf13e1287e3af,0.4901585280895233,complete_logit_interpolation,0,29459364,0.9684198852136302,0,7538003,0.25587799519365045,40a9bb4424bda39caf964f5c876fefff2a40875063b2dac8e55acb39f68574f3,RSI-TailProbe-20261004,0.9986923884090726,7309510,0.24812178565701554,2,5841eb219fc3c156c3ef4c74,0.0,0,0.0,U-Mean-logit-alpha-0.000000,17,ISIC_0015146_A00_T2_S2_5841eb219fc3c156c3ef4c74.png,S2,0.9711642861366272,0.9708469183345867,T2,val,M,1703ca22a1c39afeca05ffd0c12fe01606f41d5af81442d20102f130cc2ca491,d67353b51c7f853c45c0fad75d4336d0d442799627d3e648686eb70a497ad029,0.9671935079424996,T2,7299952
0.0,0.0,0.0,,A03,0.021838819608092308,0.02156740184820158,0.8710858506643484,0.5666586450903105,0.992655459441815,0,5ca3f9fed2a631d522b1bd5334bde7efb3613c82a3aa714d8ae5da962737af8c,0.021838819608092308,0.025450069457292557,0.0,0.025450069457292557,0.9709386825561523,0.0,0.0,02fc8095c431dfc5451811632a802997c5ba97593e8a98ad29eaf0d9e1211df4,complete_update,7996.019509731076,0.983631047378001,0.983631047378001,0.9811907520697377,40422,0,0,203684,0,0,0.0,0.0,0.0,-0.002440295308263285,0.002440295308263285,04e43883a9992e575941f3466c7c0df6cd27d7e23fafe0f7fc2fc03c378aedeb,ISIC_0015146,0,58.231862833217676,0.007282606397139236,ISIC_0015146,7146f242f5071620b411660bc7d405d4bcb83e43284e35d333d047081886de08,0.9677893493700868,0.9677893493700868,0.0,0.0,0.025450069457292557,0.025450069457292557,0.02528101786855473,0.02528101786855473,cuda_FP32_original_batch_present,canonical_letterbox_valid,3d99874f14ae5f316eec36e21141043d75bd4fd17ccfb31e3174198dee269596,e65b038e04ba2156dade01dc8940442be7c9402f9bb8431894b6b70006e37de0,0.4901585280895233,complete_logit_interpolation,0,29459364,0.9729790502869261,0,7538003,0.25587799519365045,40a9bb4424bda39caf964f5c876fefff2a40875063b2dac8e55acb39f68574f3,RSI-TailProbe-20261004,0.9945188583571952,7374741,0.25033605613481674,2,58a4d5cdd831137de4d03175,0.0,0,0.0,U-Mean-logit-alpha-0.000000,17,ISIC_0015146_A03_T3_S1_58a4d5cdd831137de4d03175.png,S1,0.9709386825561523,0.9710053661110921,T3,val,M,1703ca22a1c39afeca05ffd0c12fe01606f41d5af81442d20102f130cc2ca491,d67353b51c7f853c45c0fad75d4336d0d442799627d3e648686eb70a497ad029,0.9677893493700868,T3,7334319
0.0,0.0,0.0,,A00,0.10842283070087433,0.10933345750830066,0.007166518574459573,0.0,0.1357305100717402,0,5ca3f9fed2a631d522b1bd5334bde7efb3613c82a3aa714d8ae5da962737af8c,0.10842283070087433,0.13188838958740234,0.0,0.13188838958740234,0.8446460366249084,0.0,0.0,02fc8095c431dfc5451811632a802997c5ba97593e8a98ad29eaf0d9e1211df4,complete_update,7933.5995613592695,0.8618508691009238,0.8618508691009238,0.8621647803459274,0,0,0,1499507,0,0,0.0,0.0,0.0,0.00031391124500357304,-0.00031391124500357304,8a562f266e54955fb38cbcb32d5729a13bc31f1ad5bd047866cca51b706dd754,ISIC_0015152,0,363.91716071223425,0.045870371689125694,ISIC_0015152,29fd558740ca4c9f1024c2436fc8fcaae3f6be97be50a00ada948ca91dc0fc2b,0.7572389642999667,0.7572389642999667,0.0,0.0,0.13188838958740234,0.13188838958740234,0.13284020392102888,0.13284020392102888,cuda_FP32_original_batch_present,canonical_letterbox_valid,3d99874f14ae5f316eec36e21141043d75bd4fd17ccfb31e3174198dee269596,2741d496231b4ca9071c7cc11278780c2a2432c1ca240e4ce20a481938cac7d2,0.3695599138736725,complete_logit_interpolation,0,29051001,0.7572389642999667,0,6176885,0.21262210551712143,3d2fab0a31422c893483b0a842d95b8b12613b1fc5087b4ca595ef3537b80658,RSI-TailProbe-20261004,1.0,4677378,0.16100574296906328,2,5841eb279fc3c156c3ef4c86,0.0,0,0.0,U-Mean-logit-alpha-0.000000,17,ISIC_0015152_A00_T2_S2_5841eb279fc3c156c3ef4c86.png,S2,0.8446460366249084,0.8436530496662429,T2,val,M,1703ca22a1c39afeca05ffd0c12fe01606f41d5af81442d20102f130cc2ca491,d67353b51c7f853c45c0fad75d4336d0d442799627d3e648686eb70a497ad029,0.7572389642999667,T2,4677378
0.0,0.0,0.0,,A03,0.2791830897331238,0.278835093869126,0.13355117791547744,0.045160065215875525,0.25414685749827903,0,5ca3f9fed2a631d522b1bd5334bde7efb3613c82a3aa714d8ae5da962737af8c,0.2791830897331238,0.2341357171535492,0.0,0.2341357171535492,0.8109116554260254,0.0,0.0,02fc8095c431dfc5451811632a802997c5ba97593e8a98ad29eaf0d9e1211df4,complete_update,7933.5995613592695,0.8225345145737898,0.8225345145737898,0.823899377826725,2592467,0,0,50935,0,0,0.0,0.0,0.0,0.0013648632529351667,-0.0013648632529351667,8a562f266e54955fb38cbcb32d5729a13bc31f1ad5bd047866cca51b706dd754,ISIC_0015152,0,592.2352531442966,0.07464899741458951,ISIC_0015152,29fd558740ca4c9f1024c2436fc8fcaae3f6be97be50a00ada948ca91dc0fc2b,0.6985635882788147,0.6985635882788147,0.0,0.0,0.2341357171535492,0.2341357171535492,0.2338812112702466,0.2338812112702466,cuda_FP32_original_batch_present,canonical_letterbox_valid,3d99874f14ae5f316eec36e21141043d75bd4fd17ccfb31e3174198dee269596,7fd0223f545aa23879a7ccb12b6c6fbdf76a52240644b11b6441c8bc03c5f163,0.3695599138736725,complete_logit_interpolation,0,29051001,0.9917539342241275,0,6176885,0.21262210551712143,3d2fab0a31422c893483b0a842d95b8b12613b1fc5087b4ca595ef3537b80658,RSI-TailProbe-20261004,0.7026447576435034,8718417,0.3001072837386911,2,58a4d624d831137de4d0317e,0.0,0,0.0,U-Mean-logit-alpha-0.000000,17,ISIC_0015152_A03_T1_S1_58a4d624d831137de4d0317e.png,S1,0.8109116554260254,0.8110726713286328,T1,val,M,1703ca22a1c39afeca05ffd0c12fe01606f41d5af81442d20102f130cc2ca491,d67353b51c7f853c45c0fad75d4336d0d442799627d3e648686eb70a497ad029,0.6985635882788147,T1,6125950
0.0,0.0,0.0,,A00,0.15315189957618713,0.15411737594328706,0.21147735858242642,0.05304892374325756,0.38269133994665866,0,5ca3f9fed2a631d522b1bd5334bde7efb3613c82a3aa714d8ae5da962737af8c,0.15315189957618713,0.11956371366977692,0.0,0.11956371366977692,0.9140244722366333,0.0,0.0,02fc8095c431dfc5451811632a802997c5ba97593e8a98ad29eaf0d9e1211df4,complete_update,7923.075476101436,0.9184017666986521,0.9184017666986521,0.9230255162599185,1926149,0,0,101,0,0,0.0,0.0,0.0,0.0046237495612663215,-0.0046237495612663215,07861b683a5e94fdbad005696173cd6e737aa0d89d1ff673e77ad09d57b26bf0,ISIC_0011732,0,359.7960531970523,0.0454111606386073,ISIC_0015160,32ad8f5767b1bbd597f826c9cac0411a66fbd6331f9bd5125f8b2f0d7fc31ae6,0.8491154464032609,0.8491154464032609,0.0,0.0,0.11956371366977692,0.11956371366977692,0.12024194541015051,0.12024194541015051,cuda_FP32_original_batch_present,canonical_letterbox_valid,3d99874f14ae5f316eec36e21141043d75bd4fd17ccfb31e3174198dee269596,4d6d68f8c67de72e1aa9d650936a8b30fd0a639ee3a5c88872763a1c521144ce,0.4709717333316803,complete_logit_interpolation,0,28925582,0.9999906828579531,0,10840234,0.37476286561839967,336bfb38a0da4719079def5be441af34ea913f70efd6bd344ef09de1152ddadc,RSI-TailProbe-20261004,0.8491221641508467,12766282,0.4413491835704464,2,5841eb319fc3c156c3ef4c9e,0.0,0,0.0,U-Mean-logit-alpha-0.000000,17,ISIC_0015160_A00_T2_S2_5841eb319fc3c156c3ef4c9e.png,S2,0.9140244722366333,0.913633485122986,T2,val,M,1703ca22a1c39afeca05ffd0c12fe01606f41d5af81442d20102f130cc2ca491,d67353b51c7f853c45c0fad75d4336d0d442799627d3e648686eb70a497ad029,0.8491154464032609,T2,10840133
0.0,0.0,0.0,,A03,0.062018994241952896,0.06169426565293802,0.5028280042135056,0.2797606716355506,0.7721351187526299,0,5ca3f9fed2a631d522b1bd5334bde7efb3613c82a3aa714d8ae5da962737af8c,0.062018994241952896,0.057684898376464844,0.0,0.057684898376464844,0.9466491937637329,0.0,0.0,02fc8095c431dfc5451811632a802997c5ba97593e8a98ad29eaf0d9e1211df4,complete_update,7923.075476101436,0.9661768095033301,0.9661768095033301,0.9670096699106898,165842,0,0,554321,0,0,0.0,0.0,0.0,0.0008328604073597479,-0.0008328604073597479,07861b683a5e94fdbad005696173cd6e737aa0d89d1ff673e77ad09d57b26bf0,ISIC_0011732,0,192.7200041511,0.024323888461293346,ISIC_0015160,32ad8f5767b1bbd597f826c9cac0411a66fbd6331f9bd5125f8b2f0d7fc31ae6,0.9345667792953638,0.9345667792953638,0.0,0.0,0.057684898376464844,0.057684898376464844,0.05749033252573677,0.05749033252573677,cuda_FP32_original_batch_present,canonical_letterbox_valid,3d99874f14ae5f316eec36e21141043d75bd4fd17ccfb31e3174198dee269596,de4ef36599a8eba80cc679c84405806380643f6d7eaea27818a3017fa8982d35,0.4709717333316803,complete_logit_interpolation,0,28925582,0.9488644802316998,0,10840234,0.37476286561839967,336bfb38a0da4719079def5be441af34ea913f70efd6bd344ef09de1152ddadc,RSI-TailProbe-20261004,0.9841326169624145,10451755,0.3613325740515783,2,58a4d679d831137de4d0318a,0.0,0,0.0,U-Mean-logit-alpha-0.000000,17,ISIC_0015160_A03_T3_S1_58a4d679d831137de4d0318a.png,S1,0.9466491937637329,0.9467136006014645,T3,val,M,1703ca22a1c39afeca05ffd0c12fe01606f41d5af81442d20102f130cc2ca491,d67353b51c7f853c45c0fad75d4336d0d442799627d3e648686eb70a497ad029,0.9345667792953638,T3,10285913
0.0,0.0,0.0,,A00,0.11218159645795822,0.11130097389796485,0.2926828565935543,0.12051174919252426,0.6491204331825435,0,5ca3f9fed2a631d522b1bd5334bde7efb3613c82a3aa714d8ae5da962737af8c,0.11218159645795822,0.08990386128425598,0.0,0.08990386128425598,0.9323738813400269,0.0,0.0,02fc8095c431dfc5451811632a802997c5ba97593e8a98ad29eaf0d9e1211df4,complete_update,7998.809161368959,0.9601048104685479,0.9601048104685479,0.9622529039738568,59049,0,0,1284097,0,0,0.0,0.0,0.0,0.002148093505308868,-0.002148093505308868,1bbe20ac9791aec6c5474e36d5b206164a5c5b1f5acdc9dbfe274db248ec6afb,ISIC_0015167,0,175.93265756619448,0.02199485623633561,ISIC_0015167,90ec851e9dfca007c9c058a4647cd3a4a64c3c5c1512585c885bf1c032ca1d31,0.9232707489503288,0.9232707489503288,0.0,0.0,0.08990386128425598,0.08990386128425598,0.0892891036111387,0.0892891036111387,cuda_FP32_original_batch_present,canonical_letterbox_valid,3d99874f14ae5f316eec36e21141043d75bd4fd17ccfb31e3174198dee269596,a5e3a629b9623aa4a4b11f815efee6e7adc76e198060dd282241018df1140e1e,0.4441971778869629,complete_logit_interpolation,0,29459224,0.926395725955303,0,17445957,0.5922069434008174,f19260e04250a979a8b4a76498f0028e84b9f58753d689ac5c27119440293bc6,RSI-TailProbe-20261004,0.9963596984607953,16220909,0.550622412864643,2,5841eb399fc3c156c3ef4cb3,0.0,0,0.0,U-Mean-logit-alpha-0.000000,17,ISIC_0015167_A00_T2_S2_5841eb399fc3c156c3ef4cb3.png,S2,0.9323738813400269,0.9327227666756874,T2,val,M,1703ca22a1c39afeca05ffd0c12fe01606f41d5af81442d20102f130cc2ca491,d67353b51c7f853c45c0fad75d4336d0d442799627d3e648686eb70a497ad029,0.9232707489503288,T2,16161860
0.0,0.0,0.0,,A03,0.2038937509059906,0.2040253182579127,0.2576714145892867,0.1416407855012085,0.4567610103505539,0,5ca3f9fed2a631d522b1bd5334bde7efb3613c82a3aa714d8ae5da962737af8c,0.2038937509059906,0.14498944580554962,0.0,0.14498944580554962,0.9139148592948914,0.0,0.0,02fc8095c431dfc5451811632a802997c5ba97593e8a98ad29eaf0d9e1211df4,complete_update,7998.809161368959,0.9286008823430223,0.9286008823430223,0.9311161417344982,2124125,0,0,484215,0,0,0.0,0.0,0.0,0.002515259391475899,-0.002515259391475899,1bbe20ac9791aec6c5474e36d5b206164a5c5b1f5acdc9dbfe274db248ec6afb,ISIC_0015167,0,455.70538720321935,0.056971653906195636,ISIC_0015167,90ec851e9dfca007c9c058a4647cd3a4a64c3c5c1512585c885bf1c032ca1d31,0.8667179830927637,0.8667179830927637,0.0,0.0,0.14498944580554962,0.14498944580554962,0.14510521973135854,0.14510521973135854,cuda_FP32_original_batch_present,canonical_letterbox_valid,3d99874f14ae5f316eec36e21141043d75bd4fd17ccfb31e3174198dee269596,96d29d373158c56cea698eb0a4efd60f1e7df4ea6c0bff09415d1db40ae8e35f,0.4441971778869629,complete_logit_interpolation,0,29459224,0.9722448587945046,0,17445957,0.5922069434008174,f19260e04250a979a8b4a76498f0028e84b9f58753d689ac5c27119440293bc6,RSI-TailProbe-20261004,0.8887069159603805,19085867,0.6478740580539393,2,58a4d6d0d831137de4d03193,0.0,0,0.0,U-Mean-logit-alpha-0.000000,17,ISIC_0015167_A03_T3_S1_58a4d6d0d831137de4d03193.png,S1,0.9139148592948914,0.9138148787951956,T3,val,M,1703ca22a1c39afeca05ffd0c12fe01606f41d5af81442d20102f130cc2ca491,d67353b51c7f853c45c0fad75d4336d0d442799627d3e648686eb70a497ad029,0.8667179830927637,T3,16961742
0.0,0.0,0.0,,A00,0.05558950826525688,0.055991449653381944,0.5556115346710193,0.3121276015022833,0.8520825890228511,0,5ca3f9fed2a631d522b1bd5334bde7efb3613c82a3aa714d8ae5da962737af8c,0.05558950826525688,0.048365481197834015,0.0,0.048365481197834015,0.9588585495948792,0.0,0.0,02fc8095c431dfc5451811632a802997c5ba97593e8a98ad29eaf0d9e1211df4,complete_update,7977.161462575519,0.9762752769219174,0.9762752769219174,0.9795665938812711,61829,0,0,611205,0,0,0.0,0.0,0.0,0.003291316959353696,-0.003291316959353696,6c418c8743323a3fa52ffd0ef9fa47fee736fd774532d7f01e554430d91d4366,ISIC_0015176,0,112.21451609090019,0.014066973147948598,ISIC_0015176,7d093c9126becc014e8c98a1db1854cc1d93adff863192b7e1c6d45d97795fd9,0.9536501902449942,0.9536501902449942,0.0,0.0,0.048365481197834015,0.048365481197834015,0.048654649990504596,0.048654649990504596,cuda_FP32_original_batch_present,canonical_letterbox_valid,3d99874f14ae5f316eec36e21141043d75bd4fd17ccfb31e3174198dee269596,38ff3f9312a65bf1a901b5b55d5faf99717ece59777db33f6ca283a5ef4cd30d,0.5611343383789062,complete_logit_interpolation,0,29421692,0.9577281734923374,0,14458921,0.49143744010371665,9d73c18f31c6f7d45ae9446f8cd94d9bc4ff2e8fff33fb020d52478cb489ebc5,RSI-TailProbe-20261004,0.9955549228964714,13909545,0.47276495858905737,2,5841eb469fc3c156c3ef4cce,0.0,0,0.0,U-Mean-logit-alpha-0.000000,17,ISIC_0015176_A00_T2_S2_5841eb469fc3c156c3ef4cce.png,S2,0.9588585495948792,0.9586821496723728,T2,val,M,1703ca22a1c39afeca05ffd0c12fe01606f41d5af81442d20102f130cc2ca491,d67353b51c7f853c45c0fad75d4336d0d442799627d3e648686eb70a497ad029,0.9536501902449942,T2,13847716
0.0,0.0,0.0,,A03,0.20699548721313477,0.20551801880511827,0.19675405814601563,0.18961514739514862,0.20808553305412433,0,5ca3f9fed2a631d522b1bd5334bde7efb3613c82a3aa714d8ae5da962737af8c,0.20699548721313477,0.14502492547035217,0.0,0.14502492547035217,0.9169456362724304,0.0,0.0,02fc8095c431dfc5451811632a802997c5ba97593e8a98ad29eaf0d9e1211df4,complete_update,7977.161462575519,0.9205306317707896,0.9205306317707896,0.9145933753370996,2473778,0,0,19356,0,0,0.0,0.0,0.0,-0.00593725643369003,0.00593725643369003,6c418c8743323a3fa52ffd0ef9fa47fee736fd774532d7f01e554430d91d4366,ISIC_0015176,0,328.72336393274975,0.04120806197479392,ISIC_0015176,7d093c9126becc014e8c98a1db1854cc1d93adff863192b7e1c6d45d97795fd9,0.8527621615431775,0.8527621615431775,0.0,0.0,0.14502492547035217,0.14502492547035217,0.1441828544365434,0.1441828544365434,cuda_FP32_original_batch_present,canonical_letterbox_valid,3d99874f14ae5f316eec36e21141043d75bd4fd17ccfb31e3174198dee269596,153f837b7b13de0a078f30fa2180bb3af4b29e25bdf6dfe741c68b3acbea598c,0.5611343383789062,complete_logit_interpolation,0,29421692,0.9986613108958822,0,14458921,0.49143744010371665,9d73c18f31c6f7d45ae9446f8cd94d9bc4ff2e8fff33fb020d52478cb489ebc5,RSI-TailProbe-20261004,0.8537380812297132,16913343,0.5748596307785426,2,58a4d735d831137de4d031a2,0.0,0,0.0,U-Mean-logit-alpha-0.000000,17,ISIC_0015176_A03_T1_S1_58a4d735d831137de4d031a2.png,S1,0.9169456362724304,0.9171523099320315,T1,val,M,1703ca22a1c39afeca05ffd0c12fe01606f41d5af81442d20102f130cc2ca491,d67353b51c7f853c45c0fad75d4336d0d442799627d3e648686eb70a497ad029,0.8527621615431775,T1,14439565
0.0,0.0,0.0,,A00,0.16619376838207245,0.16640349914516184,0.36324246311267083,0.30442808441551533,0.4325253034128243,0,5ca3f9fed2a631d522b1bd5334bde7efb3613c82a3aa714d8ae5da962737af8c,0.16619376838207245,0.11293178051710129,0.0,0.11293178051710129,0.9403302073478699,0.0,0.0,02fc8095c431dfc5451811632a802997c5ba97593e8a98ad29eaf0d9e1211df4,complete_update,7960.7814314927655,0.9504460684520979,0.9504460684520979,0.9610911230880903,237,0,0,2345976,0,0,0.0,0.0,0.0,0.010645054635992413,-0.010645054635992413,34c5a7b1d13c183889b420963264e7d98d5e58a3ae77dc63ab4081b6a7879e14,ISIC_0011559,0,400.4474787951675,0.050302534021472015,ISIC_0015216,a270556831624a61b67430fb591fa6ffb7a59ed0905d54b181e3d9778e8d37e3,0.9055714431466727,0.9055714431466727,0.0,0.0,0.11293178051710129,0.11293178051710129,0.11306742185129492,0.11306742185129492,cuda_FP32_original_batch_present,canonical_letterbox_valid,3d99874f14ae5f316eec36e21141043d75bd4fd17ccfb31e3174198dee269596,3c83dc88c235a672b1370446d3b49a2c55355c5b30d9cfc0d0a7fbd42f075597,0.3606344759464264,complete_logit_interpolation,0,29264820,0.9055800811053667,0,24846198,0.8490125003331646,c6a8ed444812cbd6262536f44c1e6a9d4ce6c0c0ca40636308e805d9b3813421,RSI-TailProbe-20261004,0.9999894668815423,22500459,0.7688569073720597,2,5841eb759fc3c156c3ef4d46,0.0,0,0.0,U-Mean-logit-alpha-0.000000,17,ISIC_0015216_A00_T2_S2_5841eb759fc3c156c3ef4d46.png,S2,0.9403302073478699,0.940268655442572,T2,val,M,1703ca22a1c39afeca05ffd0c12fe01606f41d5af81442d20102f130cc2ca491,d67353b51c7f853c45c0fad75d4336d0d442799627d3e648686eb70a497ad029,0.9055714431466727,T2,22500222
0.0,0.0,0.0,,A03,0.10798849910497665,0.10649261419527854,0.592559300730517,0.4638818666154487,0.7402025747975299,0,5ca3f9fed2a631d522b1bd5334bde7efb3613c82a3aa714d8ae5da962737af8c,0.10798849910497665,0.07523079216480255,0.0,0.07523079216480255,0.9575269222259521,0.0,0.0,02fc8095c431dfc5451811632a802997c5ba97593e8a98ad29eaf0d9e1211df4,complete_update,7960.7814314927655,0.9750507787657219,0.9750507787657219,0.9660339954739188,996906,0,0,261235,0,0,0.0,0.0,0.0,-0.00901678329180311,0.00901678329180311,34c5a7b1d13c183889b420963264e7d98d5e58a3ae77dc63ab4081b6a7879e14,ISIC_0011559,0,233.11670893587646,0.02928314399057224,ISIC_0015216,a270556831624a61b67430fb591fa6ffb7a59ed0905d54b181e3d9778e8d37e3,0.9513161809045848,0.9513161809045848,0.0,0.0,0.07523079216480255,0.07523079216480255,0.07435084018943383,0.07435084018943383,cuda_FP32_original_batch_present,canonical_letterbox_valid,3d99874f14ae5f316eec36e21141043d75bd4fd17ccfb31e3174198dee269596,e753b086da026141ae561f77d4e23624b5a1f6267ba2f7b6e79e43ee05a8c952,0.3606344759464264,complete_logit_interpolation,0,29264820,0.9894859165172877,0,24846198,0.8490125003331646,c6a8ed444812cbd6262536f44c1e6a9d4ce6c0c0ca40636308e805d9b3813421,RSI-TailProbe-20261004,0.9610307597150154,25581869,0.8741509088386671,2,58a4d867d831137de4d031cc,0.0,0,0.0,U-Mean-logit-alpha-0.000000,17,ISIC_0015216_A03_T1_S1_58a4d867d831137de4d031cc.png,S1,0.9575269222259521,0.9577909338164109,T1,val,M,1703ca22a1c39afeca05ffd0c12fe01606f41d5af81442d20102f130cc2ca491,d67353b51c7f853c45c0fad75d4336d0d442799627d3e648686eb70a497ad029,0.9513161809045848,T1,24584963
0.0,0.0,0.0,,A00,0.35086119174957275,0.3511787256378405,0.11670200294250742,0.07186794626326964,0.24445860729935265,0,5ca3f9fed2a631d522b1bd5334bde7efb3613c82a3aa714d8ae5da962737af8c,0.35086119174957275,0.3146616816520691,0.0,0.3146616816520691,0.7215378284454346,0.0,0.0,02fc8095c431dfc5451811632a802997c5ba97593e8a98ad29eaf0d9e1211df4,complete_update,8043.754409478201,0.7923418199160202,0.7923418199160202,0.794346142802542,535657,0,0,4566692,0,0,0.0,0.0,0.0,0.0020043228865218587,-0.0020043228865218587,7ce08bc6b62724f943a8775ea08a1e7dae78bece4160dbee2558d4762463e753,ISIC_0011867,0,1000.0973829777688,0.12433216282676701,ISIC_0015245,41a944ce11dc5f1e056ea06f4628d94d3a06d2758138cc2ea5284a0f01cbc6cf,0.6560977543007419,0.6560977543007419,0.0,0.0,0.3146616816520691,0.3146616816520691,0.3149045920906135,0.3149045920906135,cuda_FP32_original_batch_present,canonical_letterbox_valid,3d99874f14ae5f316eec36e21141043d75bd4fd17ccfb31e3174198dee269596,afcee5a4d1bfa0b273889d0caac5574d350aa2034313b50a15d01d3020bf5e1d,0.3822999894618988,complete_logit_interpolation,0,29776812,0.6806725474336739,0,14300969,0.4802719982246588,8524009d0217fb3ef43fcd60db4fcad061ee60901b96eb69f3c615c8c93f50d1,RSI-TailProbe-20261004,0.9478422159285542,10269934,0.3448970292723076,2,5841eb969fc3c156c3ef4d9d,0.0,0,0.0,U-Mean-logit-alpha-0.000000,17,ISIC_0015245_A00_T2_S2_5841eb969fc3c156c3ef4d9d.png,S2,0.7215378284454346,0.7213695414566136,T2,val,M,1703ca22a1c39afeca05ffd0c12fe01606f41d5af81442d20102f130cc2ca491,d67353b51c7f853c45c0fad75d4336d0d442799627d3e648686eb70a497ad029,0.6560977543007419,T2,9734277
0.0,0.0,0.0,,A03,0.2801121771335602,0.2799336911071428,0.1925932020433551,0.10695109748075124,0.31692579959748196,0,5ca3f9fed2a631d522b1bd5334bde7efb3613c82a3aa714d8ae5da962737af8c,0.2801121771335602,0.2474754899740219,0.0,0.2474754899740219,0.7851611971855164,0.0,0.0,02fc8095c431dfc5451811632a802997c5ba97593e8a98ad29eaf0d9e1211df4,complete_update,8043.754409478201,0.8895378083119407,0.8895378083119407,0.9026879355011331,1108821,0,0,1956928,0,0,0.0,0.0,0.0,0.013150127189192395,-0.013150127189192395,7ce08bc6b62724f943a8775ea08a1e7dae78bece4160dbee2558d4762463e753,ISIC_0011867,0,678.6244178483557,0.08436662574490239,ISIC_0015245,41a944ce11dc5f1e056ea06f4628d94d3a06d2758138cc2ea5284a0f01cbc6cf,0.8010518637826992,0.8010518637826992,0.0,0.0,0.2474754899740219,0.2474754899740219,0.247364040118945,0.247364040118945,cuda_FP32_original_batch_present,canonical_letterbox_valid,3d99874f14ae5f316eec36e21141043d75bd4fd17ccfb31e3174198dee269596,16ab72478a2cf7382e3b387c4a71c5ba4e57d723b918676d14abbe8e261471c1,0.3822999894618988,complete_logit_interpolation,0,29776812,0.8631611606178574,0,14300969,0.4802719982246588,8524009d0217fb3ef43fcd60db4fcad061ee60901b96eb69f3c615c8c93f50d1,RSI-TailProbe-20261004,0.9175773155184377,13452862,0.4517898692445652,2,58a4d966d831137de4d031ed,0.0,0,0.0,U-Mean-logit-alpha-0.000000,17,ISIC_0015245_A03_T1_S1_58a4d966d831137de4d031ed.png,S1,0.7851611971855164,0.7852056108692528,T1,val,M,1703ca22a1c39afeca05ffd0c12fe01606f41d5af81442d20102f130cc2ca491,d67353b51c7f853c45c0fad75d4336d0d442799627d3e648686eb70a497ad029,0.8010518637826992,T1,12344041
0.0,0.0,0.0,,A00,0.011598614975810051,0.011731937879666556,0.9434277535782207,0.6902685728082952,1.0,0,5ca3f9fed2a631d522b1bd5334bde7efb3613c82a3aa714d8ae5da962737af8c,0.011598614975810051,0.02018393576145172,0.0,0.02018393576145172,0.9712307453155518,0.0,0.0,02fc8095c431dfc5451811632a802997c5ba97593e8a98ad29eaf0d9e1211df4,complete_update,8010.427267006424,0.9834439981153795,0.9834439981153795,0.9799509964838191,38268,0,0,98072,0,0,0.0,0.0,0.0,-0.0034930016315604107,0.0034930016315604107,a7ec8d1cf748f033869736a35c3d054c2b9d90c350fade9aaa7263209286a3d4,ISIC_0015309,0,42.0,0.005243166013502275,ISIC_0015309,987fe6bcf65a9f1797506662c589db12e73120e5407f2f585d82618622e1cc86,0.9674272704033485,0.9674272704033485,0.0,0.0,0.02018393576145172,0.02018393576145172,0.02052669113098439,0.02052669113098439,cuda_FP32_original_batch_present,canonical_letterbox_valid,3d99874f14ae5f316eec36e21141043d75bd4fd17ccfb31e3174198dee269596,2271174748c2fbe8c79e96a87857c29c00628d3b9cc6a7fa53080a55f6ea18a1,0.35453200340270996,complete_logit_interpolation,0,29599252,0.9763536174827762,0,4147442,0.14011982464962291,b1a9e2a8060f93b3c6174539986760b0dbfcfb82cbf46655948ef2189e796a34,RSI-TailProbe-20261004,0.9906381142361432,4087638,0.1380993681867366,2,5841ebe09fc3c156c3ef4e5d,0.0,0,0.0,U-Mean-logit-alpha-0.000000,17,ISIC_0015309_A00_T2_S2_5841ebe09fc3c156c3ef4e5d.png,S2,0.9712307453155518,0.9706785556176978,T2,val,M,1703ca22a1c39afeca05ffd0c12fe01606f41d5af81442d20102f130cc2ca491,d67353b51c7f853c45c0fad75d4336d0d442799627d3e648686eb70a497ad029,0.9674272704033485,T2,4049370
0.0,0.0,0.0,,A03,0.020140424370765686,0.02010651595363663,0.826426532482411,0.508104045918636,0.9527085516424438,0,5ca3f9fed2a631d522b1bd5334bde7efb3613c82a3aa714d8ae5da962737af8c,0.020140424370765686,0.028020508587360382,0.0,0.028020508587360382,0.9640994071960449,0.0,0.0,02fc8095c431dfc5451811632a802997c5ba97593e8a98ad29eaf0d9e1211df4,complete_update,8010.427267006424,0.9737875732405001,0.9737875732405001,0.9793299461537788,202967,0,0,19277,0,0,0.0,0.0,0.0,0.005542372913278637,-0.005542372913278637,a7ec8d1cf748f033869736a35c3d054c2b9d90c350fade9aaa7263209286a3d4,ISIC_0015309,0,94.33981132056604,0.01177712601038593,ISIC_0015309,987fe6bcf65a9f1797506662c589db12e73120e5407f2f585d82618622e1cc86,0.9489142285242606,0.9489142285242606,0.0,0.0,0.028020508587360382,0.028020508587360382,0.028296622490688803,0.028296622490688803,cuda_FP32_original_batch_present,canonical_letterbox_valid,3d99874f14ae5f316eec36e21141043d75bd4fd17ccfb31e3174198dee269596,c78697460229322b8dad46cbc785ca761c7fdf201e4d757f97f5b118c95d5a81,0.35453200340270996,complete_logit_interpolation,0,29599252,0.9953520748451696,0,4147442,0.14011982464962291,b1a9e2a8060f93b3c6174539986760b0dbfcfb82cbf46655948ef2189e796a34,RSI-TailProbe-20261004,0.953137655467439,4331132,0.14632572471763813,2,58a4dad6d831137de4d0321d,0.0,0,0.0,U-Mean-logit-alpha-0.000000,17,ISIC_0015309_A03_T3_S1_58a4dad6d831137de4d0321d.png,S1,0.9640994071960449,0.963513270972259,T3,val,M,1703ca22a1c39afeca05ffd0c12fe01606f41d5af81442d20102f130cc2ca491,d67353b51c7f853c45c0fad75d4336d0d442799627d3e648686eb70a497ad029,0.9489142285242606,T3,4128165
0.0,0.0,0.0,,A00,0.04148731380701065,0.041880152722441416,0.7408084099406969,0.5048930439037901,0.9446852484216048,0,5ca3f9fed2a631d522b1bd5334bde7efb3613c82a3aa714d8ae5da962737af8c,0.04148731380701065,0.03857674077153206,0.0,0.03857674077153206,0.9643338322639465,0.0,0.0,02fc8095c431dfc5451811632a802997c5ba97593e8a98ad29eaf0d9e1211df4,complete_update,8054.8088121320425,0.9841830994108499,0.9841830994108499,0.9827091445650227,223620,0,0,195660,0,0,0.0,0.0,0.0,-0.0014739548458272411,0.0014739548458272411,404ab0c9217a9d17289e3b60a75d7cb24f730b4f2c6b2fa9b549bc9a1b544c7e,ISIC_0000183,0,84.51626813750556,0.010492647325186455,ISIC_0015311,b829059542c1d76bc157ea3d463566a1f628fe28a642d31a7f5be4abe87debb3,0.9688587567700898,0.9688587567700898,0.0,0.0,0.03857674077153206,0.03857674077153206,0.03886637210910544,0.03886637210910544,cuda_FP32_original_batch_present,canonical_letterbox_valid,3d99874f14ae5f316eec36e21141043d75bd4fd17ccfb31e3174198dee269596,d1bad9ff627068faa5d0ea12010c5ecc386043723211fbeb2a1f6d77f52c9183,0.4975033700466156,complete_logit_interpolation,0,29910972,0.9852222742607228,0,13240197,0.4426535185817432,06f6989dd4787c9d6db3d00f84da659db6db2b85b4301bd8fed0bb82db3d066f,RSI-TailProbe-20261004,0.9831461144151369,13268157,0.4435882926171707,2,5841ebe29fc3c156c3ef4e63,0.0,0,0.0,U-Mean-logit-alpha-0.000000,17,ISIC_0015311_A00_T2_S2_5841ebe29fc3c156c3ef4e63.png,S2,0.9643338322639465,0.9641474085042305,T2,val,M,1703ca22a1c39afeca05ffd0c12fe01606f41d5af81442d20102f130cc2ca491,d67353b51c7f853c45c0fad75d4336d0d442799627d3e648686eb70a497ad029,0.9688587567700898,T2,13044537
0.0,0.0,0.0,,A03,0.10012515634298325,0.1006382880275339,0.2717836763217736,0.16154322272902386,0.48022351824785936,0,5ca3f9fed2a631d522b1bd5334bde7efb3613c82a3aa714d8ae5da962737af8c,0.10012515634298325,0.07868145406246185,0.0,0.07868145406246185,0.9427622556686401,0.0,0.0,02fc8095c431dfc5451811632a802997c5ba97593e8a98ad29eaf0d9e1211df4,complete_update,8054.8088121320425,0.9522566005905242,0.9522566005905242,0.954435646110628,962222,0,0,332125,0,0,0.0,0.0,0.0,0.0021790455201038395,-0.0021790455201038395,404ab0c9217a9d17289e3b60a75d7cb24f730b4f2c6b2fa9b549bc9a1b544c7e,ISIC_0000183,0,303.64617567161946,0.037697502542117664,ISIC_0015311,b829059542c1d76bc157ea3d463566a1f628fe28a642d31a7f5be4abe87debb3,0.9088643279711717,0.9088643279711717,0.0,0.0,0.07868145406246185,0.07868145406246185,0.0790680548624095,0.0790680548624095,cuda_FP32_original_batch_present,canonical_letterbox_valid,3d99874f14ae5f316eec36e21141043d75bd4fd17ccfb31e3174198dee269596,bd34f0161dd28706760369febf34befc7283059726765875a12f9c0a4a48e3e5,0.4975033700466156,complete_logit_interpolation,0,29910972,0.9749154034490575,0,13240197,0.4426535185817432,06f6989dd4787c9d6db3d00f84da659db6db2b85b4301bd8fed0bb82db3d066f,RSI-TailProbe-20261004,0.9306271373916083,13870294,0.4637192666289815,2,58a4db0ad831137de4d03223,0.0,0,0.0,U-Mean-logit-alpha-0.000000,17,ISIC_0015311_A03_T3_S1_58a4db0ad831137de4d03223.png,S1,0.9427622556686401,0.9425021783027149,T3,val,M,1703ca22a1c39afeca05ffd0c12fe01606f41d5af81442d20102f130cc2ca491,d67353b51c7f853c45c0fad75d4336d0d442799627d3e648686eb70a497ad029,0.9088643279711717,T3,12908072
0.0,0.0,0.0,,A00,0.655711829662323,0.655867862403215,0.14749075923398794,0.08168329321347471,0.16253024000046887,0,5ca3f9fed2a631d522b1bd5334bde7efb3613c82a3aa714d8ae5da962737af8c,0.655711829662323,0.7592302560806274,0.0,0.7592302560806274,0.13725140690803528,0.0,0.0,02fc8095c431dfc5451811632a802997c5ba97593e8a98ad29eaf0d9e1211df4,complete_update,8026.250058402118,0.1497295577423747,0.1497295577423747,0.14828474347009163,8351,0,0,10811882,0,0,0.0,0.0,0.0,-0.0014448142722830737,0.0014448142722830737,f1d74086b8a28cdd622ce8ff916f21389014ac7a83e1cf8aebe2df843cf182ed,ISIC_0011841,0,2969.5365730238354,0.3699780783574312,ISIC_0015363,22fde3a0dbd68690b46aa62904c9b1487195291ac4bbbe71146f033116fb0919,0.0809230663381731,0.0809230663381731,0.0,0.0,0.7592302560806274,0.7592302560806274,0.7595784567714989,0.7595784567714989,cuda_FP32_original_batch_present,canonical_letterbox_valid,3d99874f14ae5f316eec36e21141043d75bd4fd17ccfb31e3174198dee269596,10c791b36ec640820153819430fcad5dc5592c5658b20be39105cbb84a1629fb,0.3785684108734131,complete_logit_interpolation,0,29683593,0.08098050895807281,0,11764584,0.3963328832867369,43304d9633d9f3f19c612c5224b4a44c5d385824842962352e549e4ab6d17544,RSI-TailProbe-20261004,0.9913105728820367,961053,0.03237657247220712,2,5841ec1e9fc3c156c3ef4eff,0.0,0,0.0,U-Mean-logit-alpha-0.000000,17,ISIC_0015363_A00_T2_S2_5841ec1e9fc3c156c3ef4eff.png,S2,0.13725140690803528,0.13671094886021704,T2,val,M,1703ca22a1c39afeca05ffd0c12fe01606f41d5af81442d20102f130cc2ca491,d67353b51c7f853c45c0fad75d4336d0d442799627d3e648686eb70a497ad029,0.0,T2,952702
0.0,0.0,0.0,,A03,0.3587660491466522,0.3584773597524117,0.07174722257172064,0.024533151019574415,0.2028868073528229,0,5ca3f9fed2a631d522b1bd5334bde7efb3613c82a3aa714d8ae5da962737af8c,0.3587660491466522,0.30891501903533936,0.0,0.30891501903533936,0.7409360408782959,0.0,0.0,02fc8095c431dfc5451811632a802997c5ba97593e8a98ad29eaf0d9e1211df4,complete_update,8026.250058402118,0.8117093907150411,0.8117093907150411,0.8174147283429476,5440750,0,0,11793,0,0,0.0,0.0,0.0,0.005705337627906482,-0.005705337627906482,f1d74086b8a28cdd622ce8ff916f21389014ac7a83e1cf8aebe2df843cf182ed,ISIC_0011841,0,861.280586774532,0.10730796829248022,ISIC_0015363,22fde3a0dbd68690b46aa62904c9b1487195291ac4bbbe71146f033116fb0919,0.6830899650073634,0.6830899650073634,0.0,0.0,0.30891501903533936,0.30891501903533936,0.30875888693429243,0.30875888693429243,cuda_FP32_original_batch_present,canonical_letterbox_valid,3d99874f14ae5f316eec36e21141043d75bd4fd17ccfb31e3174198dee269596,82c75eace1c3aabe8e5d2769a6db93070974276509f5158dba061d59509e0446,0.3785684108734131,complete_logit_interpolation,0,29683593,0.9989975846149766,0,11764584,0.3963328832867369,43304d9633d9f3f19c612c5224b4a44c5d385824842962352e549e4ab6d17544,RSI-TailProbe-20261004,0.6835584944369516,17193541,0.5792270834598763,2,58a4dbd1d831137de4d0323e,0.0,0,0.0,U-Mean-logit-alpha-0.000000,17,ISIC_0015363_A03_T1_S1_58a4dbd1d831137de4d0323e.png,S1,0.7409360408782959,0.7409595858838268,T1,val,M,1703ca22a1c39afeca05ffd0c12fe01606f41d5af81442d20102f130cc2ca491,d67353b51c7f853c45c0fad75d4336d0d442799627d3e648686eb70a497ad029,0.6830899650073634,T1,11752791
0.0,0.0,0.0,,A00,0.11820782721042633,0.12143418056064981,0.010020631251981566,0.0,0.3669702446782508,0,5ca3f9fed2a631d522b1bd5334bde7efb3613c82a3aa714d8ae5da962737af8c,0.11820782721042633,0.1132807806134224,0.0,0.1132807806134224,0.8916462659835815,0.0,0.0,02fc8095c431dfc5451811632a802997c5ba97593e8a98ad29eaf0d9e1211df4,complete_update,8021.805345431912,0.9021414122943691,0.9021414122943691,0.8975523392213947,0,0,0,1344330,0,0,0.0,0.0,0.0,-0.004589073072974403,0.004589073072974403,76b63ee063891d8b61a32ccbbfc1a493e2d97c86fe5bbb08597013132a8a7030,ISIC_0000193,0,271.70093835254966,0.033870298100323784,ISIC_0015436,3943f44ce22675f8b21b1fa820dba869ae3b664ec591a673e6d576fae6986cb8,0.8217282466038881,0.8217282466038881,0.0,0.0,0.1132807806134224,0.1132807806134224,0.11594377277627393,0.11594377277627393,cuda_FP32_original_batch_present,canonical_letterbox_valid,3d99874f14ae5f316eec36e21141043d75bd4fd17ccfb31e3174198dee269596,3c39eb40d0b2c37d0081363cc37746656856b73686cc02e1bcb1fc94e431aaa8,0.5445820689201355,complete_logit_interpolation,0,29663640,0.8217282466038881,0,7540903,0.25421367708076287,500e0f72e28d31165194f232c6f0f7d650b67b585c18997e2f111a8530cb7c0b,RSI-TailProbe-20261004,1.0,6196573,0.20889455913030228,2,5841ec719fc3c156c3ef4fda,0.0,0,0.0,U-Mean-logit-alpha-0.000000,17,ISIC_0015436_A00_T2_S2_5841ec719fc3c156c3ef4fda.png,S2,0.8916462659835815,0.8895466350081019,T2,val,M,1703ca22a1c39afeca05ffd0c12fe01606f41d5af81442d20102f130cc2ca491,d67353b51c7f853c45c0fad75d4336d0d442799627d3e648686eb70a497ad029,0.8217282466038881,T2,6196573
0.0,0.0,0.0,,A03,0.21126127243041992,0.21167197036145408,0.10362280553965555,0.05990450303125882,0.1729309898578637,0,5ca3f9fed2a631d522b1bd5334bde7efb3613c82a3aa714d8ae5da962737af8c,0.21126127243041992,0.17023757100105286,0.0,0.17023757100105286,0.8707861304283142,0.0,0.0,02fc8095c431dfc5451811632a802997c5ba97593e8a98ad29eaf0d9e1211df4,complete_update,8021.805345431912,0.8725186266914419,0.8725186266914419,0.8767052501391823,2174834,0,0,22232,0,0,0.0,0.0,0.0,0.004186623447740456,-0.004186623447740456,76b63ee063891d8b61a32ccbbfc1a493e2d97c86fe5bbb08597013132a8a7030,ISIC_0000193,0,400.9740582626333,0.04998551335965432,ISIC_0015436,3943f44ce22675f8b21b1fa820dba869ae3b664ec591a673e6d576fae6986cb8,0.7738652250467464,0.7738652250467464,0.0,0.0,0.17023757100105286,0.17023757100105286,0.1705234203393068,0.1705234203393068,cuda_FP32_original_batch_present,canonical_letterbox_valid,3d99874f14ae5f316eec36e21141043d75bd4fd17ccfb31e3174198dee269596,6faad59b19b443be74ea0b2b7d6cf295d21b8886d23d217d6b4904fbd0c46e00,0.5445820689201355,complete_logit_interpolation,0,29663640,0.9970518119646944,0,7540903,0.25421367708076287,500e0f72e28d31165194f232c6f0f7d650b67b585c18997e2f111a8530cb7c0b,RSI-TailProbe-20261004,0.7756400806519417,9693505,0.32678069852519787,2,58a4dd4dd831137de4d0326e,0.0,0,0.0,U-Mean-logit-alpha-0.000000,17,ISIC_0015436_A03_T1_S1_58a4dd4dd831137de4d0326e.png,S1,0.8707861304283142,0.8706251296828404,T1,val,M,1703ca22a1c39afeca05ffd0c12fe01606f41d5af81442d20102f130cc2ca491,d67353b51c7f853c45c0fad75d4336d0d442799627d3e648686eb70a497ad029,0.7738652250467464,T1,7518671
0.0,0.0,0.0,,A00,0.051810987293720245,0.051295243188047894,0.6225621789723385,0.3352646707006553,0.9291080405403086,0,5ca3f9fed2a631d522b1bd5334bde7efb3613c82a3aa714d8ae5da962737af8c,0.051810987293720245,0.051764313131570816,0.0,0.051764313131570816,0.9482823610305786,0.0,0.0,02fc8095c431dfc5451811632a802997c5ba97593e8a98ad29eaf0d9e1211df4,complete_update,7978.531506486642,0.9765718668362613,0.9765718668362613,0.9724104614487467,168028,0,0,344147,0,0,0.0,0.0,0.0,-0.004161405387514638,0.004161405387514638,29baa30eb019138b023ab53851837fa5310c0c001901fc6487165f215c66995d,ISIC_0015464,0,92.00543462209176,0.011531625155241943,ISIC_0015464,2f5650f72281a9477f2e75129f9c663ac815eb8d2dd2c0a48893da5346182ba7,0.9542163589126382,0.9542163589126382,0.0,0.0,0.051764313131570816,0.051764313131570816,0.051406651479535104,0.051406651479535104,cuda_FP32_original_batch_present,canonical_letterbox_valid,3d99874f14ae5f316eec36e21141043d75bd4fd17ccfb31e3174198dee269596,7ef59d7b9faba7d7aca7d2c67b682ca55a1fb13be4433db7251458c076e27f0c,0.4361107349395752,complete_logit_interpolation,0,29366502,0.9687673679995731,0,11018828,0.3752175863505977,f3d2f68a910f30c73a95f293905b41ed7e5a9b7d299e617c0f7d588d1d37ee80,RSI-TailProbe-20261004,0.9845031347793249,10842709,0.3692203109515733,2,5841ec919fc3c156c3ef502e,0.0,0,0.0,U-Mean-logit-alpha-0.000000,17,ISIC_0015464_A00_T2_S2_5841ec919fc3c156c3ef502e.png,S2,0.9482823610305786,0.9484819402289777,T2,val,M,1703ca22a1c39afeca05ffd0c12fe01606f41d5af81442d20102f130cc2ca491,d67353b51c7f853c45c0fad75d4336d0d442799627d3e648686eb70a497ad029,0.9542163589126382,T2,10674681
0.0,0.0,0.0,,A03,0.22431586682796478,0.22385527510392236,0.03803822427835081,0.020385180834421493,0.12646685135246027,0,5ca3f9fed2a631d522b1bd5334bde7efb3613c82a3aa714d8ae5da962737af8c,0.22431586682796478,0.16688382625579834,0.0,0.16688382625579834,0.8905482292175293,0.0,0.0,02fc8095c431dfc5451811632a802997c5ba97593e8a98ad29eaf0d9e1211df4,complete_update,7978.531506486642,0.8963859109449299,0.8963859109449299,0.896627801510939,2545397,0,0,1589,0,0,0.0,0.0,0.0,0.0002418905660090953,-0.0002418905660090953,29baa30eb019138b023ab53851837fa5310c0c001901fc6487165f215c66995d,ISIC_0015464,0,358.0,0.04487041252001596,ISIC_0015464,2f5650f72281a9477f2e75129f9c663ac815eb8d2dd2c0a48893da5346182ba7,0.8122276797974083,0.8122276797974083,0.0,0.0,0.16688382625579834,0.16688382625579834,0.166599255507081,0.166599255507081,cuda_FP32_original_batch_present,canonical_letterbox_valid,3d99874f14ae5f316eec36e21141043d75bd4fd17ccfb31e3174198dee269596,4d13755533e69843255b8d93c29aa09e39c525f7160c4adc89666c7ed2d4d042,0.4361107349395752,complete_logit_interpolation,0,29366502,0.9998557922857132,0,11018828,0.3752175863505977,f3d2f68a910f30c73a95f293905b41ed7e5a9b7d299e617c0f7d588d1d37ee80,RSI-TailProbe-20261004,0.812322840486171,13562636,0.46184036491646163,2,58a4ddbdd831137de4d0327a,0.0,0,0.0,U-Mean-logit-alpha-0.000000,17,ISIC_0015464_A03_T1_S1_58a4ddbdd831137de4d0327a.png,S1,0.8905482292175293,0.8906567640897604,T1,val,M,1703ca22a1c39afeca05ffd0c12fe01606f41d5af81442d20102f130cc2ca491,d67353b51c7f853c45c0fad75d4336d0d442799627d3e648686eb70a497ad029,0.8122276797974083,T1,11017239
0.0,0.0,0.0,,A00,0.13641899824142456,0.1361664726605131,0.5689591128258391,0.43154055941359953,0.6934809772883777,0,5ca3f9fed2a631d522b1bd5334bde7efb3613c82a3aa714d8ae5da962737af8c,0.13641899824142456,0.09008318185806274,0.0,0.09008318185806274,0.9562526345252991,0.0,0.0,02fc8095c431dfc5451811632a802997c5ba97593e8a98ad29eaf0d9e1211df4,complete_update,7955.787955947544,0.9683193339964363,0.9683193339964363,0.9690003749772752,654102,0,0,892165,0,0,0.0,0.0,0.0,0.0006810409808388762,-0.0006810409808388762,e0fe7a3cad7294f9c4d8ea6c41f4b332cbf87a98fda172c880961679f8b0bda3,ISIC_0015014,0,343.9894619183426,0.043237635771977166,ISIC_0015502,15ee8c08b29a36f55e6d161ea97264bf595cff7f9736eba3ac3bdd637f0ec748,0.938584356482543,0.938584356482543,0.0,0.0,0.09008318185806274,0.09008318185806274,0.08994807244031817,0.08994807244031817,cuda_FP32_original_batch_present,canonical_letterbox_valid,3d99874f14ae5f316eec36e21141043d75bd4fd17ccfb31e3174198dee269596,50739cdfcc2e0414d7d36b7c4908dbcef886f5af77089d0ba7fce85f4e0390c2,0.4694097340106964,complete_logit_interpolation,0,29205231,0.9636192331398482,0,24522985,0.8396778303174524,d67c8ecb5abc950c40d7b993848d311c7dcf44bcdab470854f12e986ac07adcf,RSI-TailProbe-20261004,0.9730655095371523,24284922,0.8315264481215711,2,5841ecc19fc3c156c3ef50a0,0.0,0,0.0,U-Mean-logit-alpha-0.000000,17,ISIC_0015502_A00_T2_S2_5841ecc19fc3c156c3ef50a0.png,S2,0.9562526345252991,0.9562703277798767,T2,val,M,1703ca22a1c39afeca05ffd0c12fe01606f41d5af81442d20102f130cc2ca491,d67353b51c7f853c45c0fad75d4336d0d442799627d3e648686eb70a497ad029,0.938584356482543,T2,23630820
0.0,0.0,0.0,,A03,0.09422902017831802,0.09438008853883487,0.5013834739019609,0.32811812948021807,0.6848113976282186,0,5ca3f9fed2a631d522b1bd5334bde7efb3613c82a3aa714d8ae5da962737af8c,0.09422902017831802,0.06503276526927948,0.0,0.06503276526927948,0.9641634821891785,0.0,0.0,02fc8095c431dfc5451811632a802997c5ba97593e8a98ad29eaf0d9e1211df4,complete_update,7955.787955947544,0.9777549894479964,0.9777549894479964,0.9705333849985872,779072,0,0,322121,0,0,0.0,0.0,0.0,-0.007221604449409225,0.007221604449409225,e0fe7a3cad7294f9c4d8ea6c41f4b332cbf87a98fda172c880961679f8b0bda3,ISIC_0015014,0,152.26621424334422,0.019139048839218232,ISIC_0015502,15ee8c08b29a36f55e6d161ea97264bf595cff7f9736eba3ac3bdd637f0ec748,0.9564781234980223,0.9564781234980223,0.0,0.0,0.06503276526927948,0.06503276526927948,0.0651075306987572,0.0651075306987572,cuda_FP32_original_batch_present,canonical_letterbox_valid,3d99874f14ae5f316eec36e21141043d75bd4fd17ccfb31e3174198dee269596,308ce529e9a7fa5a448c224d663758a39309b9fb7f93dd460846e3fe5b657f79,0.4694097340106964,complete_logit_interpolation,0,29205231,0.9868645272995926,0,24522985,0.8396778303174524,d67c8ecb5abc950c40d7b993848d311c7dcf44bcdab470854f12e986ac07adcf,RSI-TailProbe-20261004,0.9688120898308146,24979936,0.8553240342457828,2,5b2ff37911659747a0a00eb1,0.0,0,0.0,U-Mean-logit-alpha-0.000000,17,ISIC_0015502_A03_T1_S1_5b2ff37911659747a0a00eb1.png,S1,0.9641634821891785,0.9641650271413205,T1,val,M,1703ca22a1c39afeca05ffd0c12fe01606f41d5af81442d20102f130cc2ca491,d67353b51c7f853c45c0fad75d4336d0d442799627d3e648686eb70a497ad029,0.9564781234980223,T1,24200864
0.0,0.0,0.0,,A00,0.20403943955898285,0.20394945953373755,0.1574799918134241,0.06845250625600038,0.2764763731412433,0,5ca3f9fed2a631d522b1bd5334bde7efb3613c82a3aa714d8ae5da962737af8c,0.20403943955898285,0.15639439225196838,0.0,0.15639439225196838,0.8912506699562073,0.0,0.0,02fc8095c431dfc5451811632a802997c5ba97593e8a98ad29eaf0d9e1211df4,complete_update,8012.690434554426,0.9020164578531561,0.9020164578531561,0.9056077727957803,599,0,0,2608568,0,0,0.0,0.0,0.0,0.003591314942624213,-0.003591314942624213,beb7eeba1e0f1c40e63bf8dbe8b621a5ef29083ab75a81fe7463e75606db1c58,ISIC_0015595,0,458.53026072441503,0.0572255055239649,ISIC_0015596,3527817e646865712aee7274fd3dc3c5352acd4ee1656474a01ff883bbaf9a6b,0.8215209274352865,0.8215209274352865,0.0,0.0,0.15639439225196838,0.15639439225196838,0.1563659218812981,0.1563659218812981,cuda_FP32_original_batch_present,canonical_letterbox_valid,3d99874f14ae5f316eec36e21141043d75bd4fd17ccfb31e3174198dee269596,d1cc4bf1ad77028efe6b5fc38e997bda4a2c5f3ea1577319b1d54fd80cd1addd,0.4271409213542938,complete_logit_interpolation,0,29547804,0.8215545901140194,0,14618297,0.4947337879999475,7d28f717a8c20e74eb665ea3906541990e9302e6cd86c946e02869d1949db51b,RSI-TailProbe-20261004,0.9999501262580006,12010328,0.40647108664995885,3,5841ed329fc3c156c3ef51bb,0.0,0,0.0,U-Mean-logit-alpha-0.000000,17,ISIC_0015596_A00_T2_S2_5841ed329fc3c156c3ef51bb.png,S2,0.8912506699562073,0.8912176157711413,T2,val,M,1703ca22a1c39afeca05ffd0c12fe01606f41d5af81442d20102f130cc2ca491,d67353b51c7f853c45c0fad75d4336d0d442799627d3e648686eb70a497ad029,0.8215209274352865,T2,12009729
0.0,0.0,0.0,,A08,0.9688001871109009,0.9720260685256357,0.2401353726522404,0.14490605013897234,0.4214204459424023,0,5ca3f9fed2a631d522b1bd5334bde7efb3613c82a3aa714d8ae5da962737af8c,0.9688001871109009,0.5991258025169373,0.0,0.5991258025169373,0.7705485820770264,0.0,0.0,02fc8095c431dfc5451811632a802997c5ba97593e8a98ad29eaf0d9e1211df4,complete_update,8012.690434554426,0.7869499146920587,0.7869499146920587,0.7836852909272403,2100826,0,0,3771991,0,0,0.0,0.0,0.0,-0.0032646237648183973,0.0032646237648183973,beb7eeba1e0f1c40e63bf8dbe8b621a5ef29083ab75a81fe7463e75606db1c58,ISIC_0015595,0,1146.74365051654,0.14311593089522728,ISIC_0015596,3527817e646865712aee7274fd3dc3c5352acd4ee1656474a01ff883bbaf9a6b,0.6487365395900252,0.6487365395900252,0.0,0.0,0.5991258025169373,0.5991258025169373,0.6012802346247206,0.6012802346247206,cuda_FP32_original_batch_present,canonical_letterbox_valid,3d99874f14ae5f316eec36e21141043d75bd4fd17ccfb31e3174198dee269596,631ab063d149786581e85d610f32d8c655900826601cc89fd0b9ea20290afe2f,0.4271409213542938,complete_logit_interpolation,0,29547804,0.7419678229276638,0,14618297,0.4947337879999475,7d28f717a8c20e74eb665ea3906541990e9302e6cd86c946e02869d1949db51b,RSI-TailProbe-20261004,0.8377381183724705,12947132,0.43817577780061084,3,5b2d2f5c116597169d5519d4,0.0,0,0.0,U-Mean-logit-alpha-0.000000,17,ISIC_0015596_A08_T3_S1_5b2d2f5c116597169d5519d4.png,S1,0.7705485820770264,0.7694655992761946,T3,val,M,1703ca22a1c39afeca05ffd0c12fe01606f41d5af81442d20102f130cc2ca491,d67353b51c7f853c45c0fad75d4336d0d442799627d3e648686eb70a497ad029,0.0,T3,10846306
0.0,0.0,0.0,,A03,0.246623694896698,0.24529288061190113,0.23724165031983246,0.14652883017227736,0.39654697075024337,0,5ca3f9fed2a631d522b1bd5334bde7efb3613c82a3aa714d8ae5da962737af8c,0.246623694896698,0.1725311279296875,0.0,0.1725311279296875,0.901561439037323,0.0,0.0,02fc8095c431dfc5451811632a802997c5ba97593e8a98ad29eaf0d9e1211df4,complete_update,8012.690434554426,0.9163974877043894,0.9163974877043894,0.9144743012265927,2261312,0,0,343292,0,0,0.0,0.0,0.0,-0.0019231864777967678,0.0019231864777967678,beb7eeba1e0f1c40e63bf8dbe8b621a5ef29083ab75a81fe7463e75606db1c58,ISIC_0015595,0,631.226464898643,0.07877834168864213,ISIC_0015596,3527817e646865712aee7274fd3dc3c5352acd4ee1656474a01ff883bbaf9a6b,0.8456952409264931,0.8456952409264931,0.0,0.0,0.1725311279296875,0.1725311279296875,0.17175968963521543,0.17175968963521543,cuda_FP32_original_batch_present,canonical_letterbox_valid,3d99874f14ae5f316eec36e21141043d75bd4fd17ccfb31e3174198dee269596,14ae99496835bfd85bba42e27c1677d5338552fcbfcebb043b9b4d93893aa45a,0.4271409213542938,complete_logit_interpolation,0,29547804,0.9765162795638918,0,14618297,0.4947337879999475,7d28f717a8c20e74eb665ea3906541990e9302e6cd86c946e02869d1949db51b,RSI-TailProbe-20261004,0.863251774866193,16536317,0.5596462261628647,3,5b2fde4e11659747a0a00ea2,0.0,0,0.0,U-Mean-logit-alpha-0.000000,17,ISIC_0015596_A03_T3_S1_5b2fde4e11659747a0a00ea2.png,S1,0.901561439037323,0.9017735013414703,T3,val,M,1703ca22a1c39afeca05ffd0c12fe01606f41d5af81442d20102f130cc2ca491,d67353b51c7f853c45c0fad75d4336d0d442799627d3e648686eb70a497ad029,0.8456952409264931,T3,14275005
0.0,0.0,0.0,,A00,0.019669892266392708,0.01980895020780197,0.9478513317875793,0.6676510404383152,1.0,0,5ca3f9fed2a631d522b1bd5334bde7efb3613c82a3aa714d8ae5da962737af8c,0.019669892266392708,0.026460886001586914,0.0,0.026460886001586914,0.9667481184005737,0.0,0.0,02fc8095c431dfc5451811632a802997c5ba97593e8a98ad29eaf0d9e1211df4,complete_update,8038.1605482846635,0.9872464837593194,0.9872464837593194,0.9854275190383217,77933,0,0,100147,0,0,0.0,0.0,0.0,-0.00181896472099774,0.00181896472099774,304d594d46ff905b5ee130258cd4bdfa8bd404cd6801a5ceb24b405bc803c6d5,ISIC_0015631,0,41.0,0.00510066945711222,ISIC_0015631,1672a46a9745d45ec36c691e42ac65dd197a34f86c7a2d5335314f58be274074,0.9748141753424441,0.9748141753424441,0.0,0.0,0.026460886001586914,0.026460886001586914,0.02664523116588365,0.02664523116588365,cuda_FP32_original_batch_present,canonical_letterbox_valid,3d99874f14ae5f316eec36e21141043d75bd4fd17ccfb31e3174198dee269596,a927d9cfd9a9d20166442d037caeaef48d2f523e45c0f202566de0f893b09d10,0.5886990427970886,complete_logit_interpolation,0,29821792,0.9856783728084859,0,6992711,0.23448325975850143,bec2483ec9d6af6b14afcc3163016c9f884a5570cc6ba9fb3f931cba199d4141,RSI-TailProbe-20261004,0.9888195920606522,6970497,0.23373836823756267,2,5841ed679fc3c156c3ef5224,0.0,0,0.0,U-Mean-logit-alpha-0.000000,17,ISIC_0015631_A00_T2_S2_5841ed679fc3c156c3ef5224.png,S2,0.9667481184005737,0.9665184878760347,T2,val,M,1703ca22a1c39afeca05ffd0c12fe01606f41d5af81442d20102f130cc2ca491,d67353b51c7f853c45c0fad75d4336d0d442799627d3e648686eb70a497ad029,0.9748141753424441,T2,6892564
0.0,0.0,0.0,,A03,0.02271941304206848,0.023150154635741913,0.8707645336365579,0.6086943115765571,0.9871014157609395,0,5ca3f9fed2a631d522b1bd5334bde7efb3613c82a3aa714d8ae5da962737af8c,0.02271941304206848,0.029382213950157166,0.0,0.029382213950157166,0.9639549851417542,0.0,0.0,02fc8095c431dfc5451811632a802997c5ba97593e8a98ad29eaf0d9e1211df4,complete_update,8038.1605482846635,0.9817082763105631,0.9817082763105631,0.9803255030522836,91933,0,0,162592,0,0,0.0,0.0,0.0,-0.0013827732582795127,0.0013827732582795127,304d594d46ff905b5ee130258cd4bdfa8bd404cd6801a5ceb24b405bc803c6d5,ISIC_0015631,0,62.76941930590086,0.007808928290104358,ISIC_0015631,1672a46a9745d45ec36c691e42ac65dd197a34f86c7a2d5335314f58be274074,0.9640737064558219,0.9640737064558219,0.0,0.0,0.029382213950157166,0.029382213950157166,0.029838531303016405,0.029838531303016405,cuda_FP32_original_batch_present,canonical_letterbox_valid,3d99874f14ae5f316eec36e21141043d75bd4fd17ccfb31e3174198dee269596,20c74e9dfc42ab84df701a8e65a4b69d9c8f42633a90c84e407bdf0f23535fd3,0.5886990427970886,complete_logit_interpolation,0,29821792,0.9767483598278265,0,6992711,0.23448325975850143,bec2483ec9d6af6b14afcc3163016c9f884a5570cc6ba9fb3f931cba199d4141,RSI-TailProbe-20261004,0.9867188226843716,6922052,0.2321138850408453,2,58a58ab2d831137de4d032be,0.0,0,0.0,U-Mean-logit-alpha-0.000000,17,ISIC_0015631_A03_T3_S1_58a58ab2d831137de4d032be.png,S1,0.9639549851417542,0.9634730920297091,T3,val,M,1703ca22a1c39afeca05ffd0c12fe01606f41d5af81442d20102f130cc2ca491,d67353b51c7f853c45c0fad75d4336d0d442799627d3e648686eb70a497ad029,0.9640737064558219,T3,6830119
0.0,0.0,0.0,,A00,0.11173572391271591,0.11258205930489094,0.0,0.0,0.10276342892308511,0,5ca3f9fed2a631d522b1bd5334bde7efb3613c82a3aa714d8ae5da962737af8c,0.11173572391271591,0.172422394156456,0.0,0.172422394156456,0.7668909430503845,0.0,0.0,02fc8095c431dfc5451811632a802997c5ba97593e8a98ad29eaf0d9e1211df4,complete_update,7922.802786893032,0.7722081610377479,0.7722081610377479,0.7561569948493456,0,0,0,1050573,0,0,0.0,0.0,0.0,-0.0160511661884023,0.0160511661884023,22e988e030a31c9cda3749c249dee1ee84f442230097cf93bf6091375cc0eab2,ISIC_0015633,0,418.654689171934,0.05284174053461598,ISIC_0015633,63a8485652201a95e2f1f6887f12d29a15ee483e620da835638394dbd3b07458,0.6289406204967365,0.6289406204967365,0.0,0.0,0.172422394156456,0.172422394156456,0.17371524018335327,0.17371524018335327,cuda_FP32_original_batch_present,canonical_letterbox_valid,3d99874f14ae5f316eec36e21141043d75bd4fd17ccfb31e3174198dee269596,86bf694829b6f52a5f80948b44825f493292969133d7ee282e4d38de0a0a4118,0.35410448908805847,complete_logit_interpolation,0,28916760,0.6289406204967365,0,2831280,0.09791138426296722,fdb816227a29764a2376e65a7782c050dbe8cc3000c10318645386a4f3f710c2,RSI-TailProbe-20261004,1.0,1780707,0.061580446772045,2,5841ed6a9fc3c156c3ef522a,0.0,0,0.0,U-Mean-logit-alpha-0.000000,17,ISIC_0015633_A00_T2_S2_5841ed6a9fc3c156c3ef522a.png,S2,0.7668909430503845,0.7651515789381844,T2,val,M,1703ca22a1c39afeca05ffd0c12fe01606f41d5af81442d20102f130cc2ca491,d67353b51c7f853c45c0fad75d4336d0d442799627d3e648686eb70a497ad029,0.0,T2,1780707
0.0,0.0,0.0,,A03,0.30895161628723145,0.3085550505045411,0.0,0.0,0.05604292405943869,0,5ca3f9fed2a631d522b1bd5334bde7efb3613c82a3aa714d8ae5da962737af8c,0.30895161628723145,0.297860711812973,0.0,0.297860711812973,0.7132301926612854,0.0,0.0,02fc8095c431dfc5451811632a802997c5ba97593e8a98ad29eaf0d9e1211df4,complete_update,7922.802786893032,0.711195779667665,0.711195779667665,0.726850255591645,2299467,0,0,0,0,0,0.0,0.0,0.0,0.01565447592397995,-0.01565447592397995,22e988e030a31c9cda3749c249dee1ee84f442230097cf93bf6091375cc0eab2,ISIC_0015633,0,560.962339737649,0.07080352178722264,ISIC_0015633,63a8485652201a95e2f1f6887f12d29a15ee483e620da835638394dbd3b07458,0.5518260791264897,0.5518260791264897,0.0,0.0,0.297860711812973,0.297860711812973,0.2976540735063429,0.2976540735063429,cuda_FP32_original_batch_present,canonical_letterbox_valid,3d99874f14ae5f316eec36e21141043d75bd4fd17ccfb31e3174198dee269596,710a6473314ee9ddbc8004a999112268386a15855b57e235292b3afee09a65da,0.35410448908805847,complete_logit_interpolation,0,28916760,1.0,0,2831280,0.09791138426296722,fdb816227a29764a2376e65a7782c050dbe8cc3000c10318645386a4f3f710c2,RSI-TailProbe-20261004,0.5518260791264897,5130747,0.17743160022077162,2,5b2ff1a511659747a0a00ea5,0.0,0,0.0,U-Mean-logit-alpha-0.000000,17,ISIC_0015633_A03_T1_S1_5b2ff1a511659747a0a00ea5.png,S1,0.7132301926612854,0.7132469034918554,T1,val,M,1703ca22a1c39afeca05ffd0c12fe01606f41d5af81442d20102f130cc2ca491,d67353b51c7f853c45c0fad75d4336d0d442799627d3e648686eb70a497ad029,0.0,T1,2831280
0.0,0.0,0.0,,A00,0.05492773652076721,0.05501617813393203,0.0073152889539136795,0.0,0.3650108117927651,0,5ca3f9fed2a631d522b1bd5334bde7efb3613c82a3aa714d8ae5da962737af8c,0.05492773652076721,0.08578868210315704,0.0,0.08578868210315704,0.8833503723144531,0.0,0.0,02fc8095c431dfc5451811632a802997c5ba97593e8a98ad29eaf0d9e1211df4,complete_update,800.0,0.8946316735285046,0.8946316735285046,0.8915350279314677,0,0,0,7857,0,0,0.0,0.0,0.0,-0.003096645597036929,0.003096645597036929,37d833a93aee301e35751ba7896d7573530720d90b69086371adb0b4f44066b8,ISIC_0016804,0,21.1563812174061,0.026445476521757626,ISIC_0016804,a270e20d85b8ccea749ad616a8f424259fd53bfefbcdb35580f0841e7c02e518,0.8093516451518975,0.8093516451518975,0.0,0.0,0.08578868210315704,0.08578868210315704,0.08597474232412435,0.08597474232412435,cuda_FP32_original_batch_present,canonical_letterbox_valid,3d99874f14ae5f316eec36e21141043d75bd4fd17ccfb31e3174198dee269596,f3505070314209440464c8f479457ca991b513bce92efe3a11463be5ff14e2d0,0.5807221531867981,complete_logit_interpolation,0,307200,0.8093516451518975,0,41212,0.13415364583333333,83354ce26ecdb934e2e9e43a3081637c1fbb024d185ad4eb300f59aa47ab1ae1,RSI-TailProbe-20261004,1.0,33355,0.10857747395833334,2,5b2bd38d116597326357fdff,0.0,0,0.0,U-Mean-logit-alpha-0.000000,17,ISIC_0016804_A00_T2_S1_5b2bd38d116597326357fdff.png,S1,0.8833503723144531,0.8830666934856833,T2,val,M,1703ca22a1c39afeca05ffd0c12fe01606f41d5af81442d20102f130cc2ca491,d67353b51c7f853c45c0fad75d4336d0d442799627d3e648686eb70a497ad029,0.8093516451518975,T2,33355
0.0,0.0,0.0,,A03,0.10444962978363037,0.10379350372294524,0.11223220456116101,0.037320464207744465,0.3072449108610444,0,5ca3f9fed2a631d522b1bd5334bde7efb3613c82a3aa714d8ae5da962737af8c,0.10444962978363037,0.11865183711051941,0.0,0.11865183711051941,0.8671459555625916,0.0,0.0,02fc8095c431dfc5451811632a802997c5ba97593e8a98ad29eaf0d9e1211df4,complete_update,800.0,0.8747342913017601,0.8747342913017601,0.8778021558714109,11725,0,0,61,0,0,0.0,0.0,0.0,0.0030678645696508022,-0.0030678645696508022,37d833a93aee301e35751ba7896d7573530720d90b69086371adb0b4f44066b8,ISIC_0016804,0,34.90842862142396,0.04363553577677995,ISIC_0016804,a270e20d85b8ccea749ad616a8f424259fd53bfefbcdb35580f0841e7c02e518,0.7773579915748909,0.7773579915748909,0.0,0.0,0.11865183711051941,0.11865183711051941,0.11807576950451275,0.11807576950451275,cuda_FP32_original_batch_present,canonical_letterbox_valid,3d99874f14ae5f316eec36e21141043d75bd4fd17ccfb31e3174198dee269596,a5f92af098d4b18c2418f0f0be720e6fe5740730211f768db846b13103d9a59d,0.5807221531867981,complete_logit_interpolation,0,307200,0.99851984858779,0,41212,0.13415364583333333,83354ce26ecdb934e2e9e43a3081637c1fbb024d185ad4eb300f59aa47ab1ae1,RSI-TailProbe-20261004,0.7782547847794841,52876,0.17212239583333333,2,5b3016ce11659747a0a01023,0.0,0,0.0,U-Mean-logit-alpha-0.000000,17,ISIC_0016804_A03_T1_S1_5b3016ce11659747a0a01023.png,S1,0.8671459555625916,0.8676419647139197,T1,val,M,1703ca22a1c39afeca05ffd0c12fe01606f41d5af81442d20102f130cc2ca491,d67353b51c7f853c45c0fad75d4336d0d442799627d3e648686eb70a497ad029,0.7773579915748909,T1,41151
0.0,0.0,0.0,,A00,0.2543679475784302,0.2548983476584114,0.029443379913071926,0.0025070510811657787,0.05479648197135606,0,5ca3f9fed2a631d522b1bd5334bde7efb3613c82a3aa714d8ae5da962737af8c,0.2543679475784302,0.19402256608009338,0.0,0.19402256608009338,0.8663228154182434,0.0,0.0,02fc8095c431dfc5451811632a802997c5ba97593e8a98ad29eaf0d9e1211df4,complete_update,800.0,0.8908533245700515,0.8908533245700515,0.9035770433700537,0,0,0,39856,0,0,0.0,0.0,0.0,0.012723718800002226,-0.012723718800002226,37d833a93aee301e35751ba7896d7573530720d90b69086371adb0b4f44066b8,ISIC_0017427,0,55.154328932550705,0.06894291116568838,ISIC_0017427,e50f3eca92f2072c6b0afc92f2c63d5254367026fcb7e95e37ace22c389c90e6,0.803188022201592,0.803188022201592,0.0,0.0,0.19402256608009338,0.19402256608009338,0.19438339169467514,0.19438339169467514,cuda_FP32_original_batch_present,canonical_letterbox_valid,3d99874f14ae5f316eec36e21141043d75bd4fd17ccfb31e3174198dee269596,d96fb6ab5afe54774e7466ea2cf796754f725032a909ebebc5c1815fdba982ff,0.4599721133708954,complete_logit_interpolation,0,307200,0.803188022201592,0,202508,0.6592057291666666,475fa680b7d453fcca45f41de955ab58f5585d80259cfb13acf7059ed15c7659,RSI-TailProbe-20261004,1.0,162652,0.5294661458333333,2,5b2bd3bb116597326357fe5f,0.0,0,0.0,U-Mean-logit-alpha-0.000000,17,ISIC_0017427_A00_T2_S1_5b2bd3bb116597326357fe5f.png,S1,0.8663228154182434,0.8661315642690611,T2,val,M,1703ca22a1c39afeca05ffd0c12fe01606f41d5af81442d20102f130cc2ca491,d67353b51c7f853c45c0fad75d4336d0d442799627d3e648686eb70a497ad029,0.803188022201592,T2,162652
0.0,0.0,0.0,,A03,0.2115192860364914,0.21117268246326576,0.2902142471200375,0.1451367300165889,0.42955164329386053,0,5ca3f9fed2a631d522b1bd5334bde7efb3613c82a3aa714d8ae5da962737af8c,0.2115192860364914,0.15602737665176392,0.0,0.15602737665176392,0.8994645476341248,0.0,0.0,02fc8095c431dfc5451811632a802997c5ba97593e8a98ad29eaf0d9e1211df4,complete_update,800.0,0.9316537282516726,0.9316537282516726,0.9214121940948014,28555,0,0,1009,0,0,0.0,0.0,0.0,-0.010241534156871235,0.010241534156871235,37d833a93aee301e35751ba7896d7573530720d90b69086371adb0b4f44066b8,ISIC_0017427,0,45.0,0.05625,ISIC_0017427,e50f3eca92f2072c6b0afc92f2c63d5254367026fcb7e95e37ace22c389c90e6,0.8720522108688973,0.8720522108688973,0.0,0.0,0.15602737665176392,0.15602737665176392,0.15580128161923204,0.15580128161923204,cuda_FP32_original_batch_present,canonical_letterbox_valid,3d99874f14ae5f316eec36e21141043d75bd4fd17ccfb31e3174198dee269596,0ee10e1aba04d6f20fbc9af0342813a62acebbb1c9c6e9b70b688da337d2127f,0.4599721133708954,complete_logit_interpolation,0,307200,0.9950174807908824,0,202508,0.6592057291666666,475fa680b7d453fcca45f41de955ab58f5585d80259cfb13acf7059ed15c7659,RSI-TailProbe-20261004,0.8758769680162048,230054,0.7488736979166667,2,5b30184c11659747a0a01047,0.0,0,0.0,U-Mean-logit-alpha-0.000000,17,ISIC_0017427_A03_T1_S1_5b30184c11659747a0a01047.png,S1,0.8994645476341248,0.8995701192248017,T1,val,M,1703ca22a1c39afeca05ffd0c12fe01606f41d5af81442d20102f130cc2ca491,d67353b51c7f853c45c0fad75d4336d0d442799627d3e648686eb70a497ad029,0.8720522108688973,T1,201499
0.0,0.0,0.0,,A00,0.06140394136309624,0.061637746170840266,0.5400460500429898,0.2722660653889515,0.7744901073190579,0,5ca3f9fed2a631d522b1bd5334bde7efb3613c82a3aa714d8ae5da962737af8c,0.06140394136309624,0.06616131216287613,0.0,0.06616131216287613,0.9290813207626343,0.0,0.0,02fc8095c431dfc5451811632a802997c5ba97593e8a98ad29eaf0d9e1211df4,complete_update,800.0,0.9538063446404683,0.9538063446404683,0.9596429328379609,4157,0,0,3198,0,0,0.0,0.0,0.0,0.005836588197492554,-0.005836588197492554,37d833a93aee301e35751ba7896d7573530720d90b69086371adb0b4f44066b8,ISIC_0017891,0,24.535662946321317,0.030669578682901644,ISIC_0017891,f3ea82472108d2df0d0907c6401ac270a26845c88ad5abb2d665d2962725d047,0.911691960426472,0.911691960426472,0.0,0.0,0.06616131216287613,0.06616131216287613,0.06639167384884787,0.06639167384884787,cuda_FP32_original_batch_present,canonical_letterbox_valid,3d99874f14ae5f316eec36e21141043d75bd4fd17ccfb31e3174198dee269596,6282b9548546c4407dcbcbc503062be91731f9b997ce99d235d9c14b7b34a9ea,0.5155850052833557,complete_logit_interpolation,0,307200,0.9595860029571217,0,79131,0.257587890625,c79e8fb1aee7862a0d78b02f63e3e884c0b45b972a95319cfde1f7e61db6a90d,RSI-TailProbe-20261004,0.9480958921213635,80090,0.26070963541666664,2,5b2bd3e8116597326357fec8,0.0,0,0.0,U-Mean-logit-alpha-0.000000,17,ISIC_0017891_A00_T2_S1_5b2bd3e8116597326357fec8.png,S1,0.9290813207626343,0.9288543984731445,T2,val,M,1703ca22a1c39afeca05ffd0c12fe01606f41d5af81442d20102f130cc2ca491,d67353b51c7f853c45c0fad75d4336d0d442799627d3e648686eb70a497ad029,0.911691960426472,T2,75933
0.0,0.0,0.0,,A03,0.1158585473895073,0.11617656799636855,0.21148036253776437,0.15005035246727086,0.4139219631011863,0,5ca3f9fed2a631d522b1bd5334bde7efb3613c82a3aa714d8ae5da962737af8c,0.1158585473895073,0.10666957497596741,0.0,0.10666957497596741,0.9025194048881531,0.0,0.0,02fc8095c431dfc5451811632a802997c5ba97593e8a98ad29eaf0d9e1211df4,complete_update,800.0,0.9136760200813037,0.9136760200813037,0.9123129688430818,14131,0,0,691,0,0,0.0,0.0,0.0,-0.0013630512382218907,0.0013630512382218907,37d833a93aee301e35751ba7896d7573530720d90b69086371adb0b4f44066b8,ISIC_0017891,0,31.064449134018133,0.03883056141752267,ISIC_0017891,f3ea82472108d2df0d0907c6401ac270a26845c88ad5abb2d665d2962725d047,0.8410713902768544,0.8410713902768544,0.0,0.0,0.10666957497596741,0.10666957497596741,0.10694145360473123,0.10694145360473123,cuda_FP32_original_batch_present,canonical_letterbox_valid,3d99874f14ae5f316eec36e21141043d75bd4fd17ccfb31e3174198dee269596,71dc7bdfc48ae162f40141953fc37f903260e1449d6af7e9256293900e55033c,0.5155850052833557,complete_logit_interpolation,0,307200,0.9912676447915482,0,79131,0.257587890625,c79e8fb1aee7862a0d78b02f63e3e884c0b45b972a95319cfde1f7e61db6a90d,RSI-TailProbe-20261004,0.8473496019271695,92571,0.301337890625,2,5b301cf711659747a0a010b1,0.0,0,0.0,U-Mean-logit-alpha-0.000000,17,ISIC_0017891_A03_T1_S1_5b301cf711659747a0a010b1.png,S1,0.9025194048881531,0.9022936607869061,T1,val,M,1703ca22a1c39afeca05ffd0c12fe01606f41d5af81442d20102f130cc2ca491,d67353b51c7f853c45c0fad75d4336d0d442799627d3e648686eb70a497ad029,0.8410713902768544,T1,78440
0.0,0.0,0.0,,A00,0.44149819016456604,0.44233238250390844,0.03279224570827981,0.015968394407513423,0.09867614516912497,0,5ca3f9fed2a631d522b1bd5334bde7efb3613c82a3aa714d8ae5da962737af8c,0.44149819016456604,0.3385928273200989,0.0,0.3385928273200989,0.7643125057220459,0.0,0.0,02fc8095c431dfc5451811632a802997c5ba97593e8a98ad29eaf0d9e1211df4,complete_update,800.0,0.8023882510869348,0.8023882510869348,0.8126146318152295,16727,0,0,42451,0,0,0.0,0.0,0.0,0.010226380728294737,-0.010226380728294737,37d833a93aee301e35751ba7896d7573530720d90b69086371adb0b4f44066b8,ISIC_0019364,0,94.1612962363204,0.11770162029540049,ISIC_0019366,4069d080562dbe7e71f52ef09e059afbf017464cca40d620207064572695ae8b,0.6699902967845551,0.6699902967845551,0.0,0.0,0.3385928273200989,0.3385928273200989,0.3392469413487351,0.3392469413487351,cuda_FP32_original_batch_present,canonical_letterbox_valid,3d99874f14ae5f316eec36e21141043d75bd4fd17ccfb31e3174198dee269596,375b1cb27d24753bc64850b951efbc452bbc8530a7dd9fd79e278d9162fec6d0,0.4721854031085968,complete_logit_interpolation,0,307200,0.7389157108152157,0,162595,0.5292805989583333,5653ff42f9995f3e0bb41141dde68fcfcb10c3d4d2b158266bb16a213ebf0791,RSI-TailProbe-20261004,0.8777900358731945,136871,0.4455436197916667,3,5b2bd4711165973263580027,0.0,0,0.0,U-Mean-logit-alpha-0.000000,17,ISIC_0019366_A00_T2_S2_5b2bd4711165973263580027.png,S2,0.7643125057220459,0.7638384998064381,T2,val,M,1703ca22a1c39afeca05ffd0c12fe01606f41d5af81442d20102f130cc2ca491,d67353b51c7f853c45c0fad75d4336d0d442799627d3e648686eb70a497ad029,0.6699902967845551,T2,120144
0.0,0.0,0.0,,A08,0.5153590440750122,0.5143494525431761,0.1303835611927027,0.07258530400296583,0.22662764659908927,0,5ca3f9fed2a631d522b1bd5334bde7efb3613c82a3aa714d8ae5da962737af8c,0.5153590440750122,0.3835352659225464,0.0,0.3835352659225464,0.7482885122299194,0.0,0.0,02fc8095c431dfc5451811632a802997c5ba97593e8a98ad29eaf0d9e1211df4,complete_update,800.0,0.779668873958994,0.779668873958994,0.7829254211560791,26945,0,0,41498,0,0,0.0,0.0,0.0,0.0032565471970851245,-0.0032565471970851245,37d833a93aee301e35751ba7896d7573530720d90b69086371adb0b4f44066b8,ISIC_0019364,0,144.90686454615172,0.18113358068268964,ISIC_0019366,4069d080562dbe7e71f52ef09e059afbf017464cca40d620207064572695ae8b,0.6388994407512926,0.6388994407512926,0.0,0.0,0.3835352659225464,0.3835352659225464,0.38295569412605085,0.38295569412605085,cuda_FP32_original_batch_present,canonical_letterbox_valid,3d99874f14ae5f316eec36e21141043d75bd4fd17ccfb31e3174198dee269596,17f7529829e2ea36f27f6f1e170ee3b1c68672182a2bca8a62584c0dab2655c7,0.4721854031085968,complete_logit_interpolation,0,307200,0.7447768996586611,0,162595,0.5292805989583333,5653ff42f9995f3e0bb41141dde68fcfcb10c3d4d2b158266bb16a213ebf0791,RSI-TailProbe-20261004,0.8179908404371732,148042,0.48190755208333336,3,5b2d26eb116597169d551975,0.0,0,0.0,U-Mean-logit-alpha-0.000000,17,ISIC_0019366_A08_T3_S1_5b2d26eb116597169d551975.png,S1,0.7482885122299194,0.7484380642910744,T3,val,M,1703ca22a1c39afeca05ffd0c12fe01606f41d5af81442d20102f130cc2ca491,d67353b51c7f853c45c0fad75d4336d0d442799627d3e648686eb70a497ad029,0.0,T3,121097
0.0,0.0,0.0,,A03,0.21191497147083282,0.21186463978682368,0.1594317609448722,0.09100239479986316,0.257965156326431,0,5ca3f9fed2a631d522b1bd5334bde7efb3613c82a3aa714d8ae5da962737af8c,0.21191497147083282,0.17370805144309998,0.0,0.17370805144309998,0.8644988536834717,0.0,0.0,02fc8095c431dfc5451811632a802997c5ba97593e8a98ad29eaf0d9e1211df4,complete_update,800.0,0.9266910875389894,0.9266910875389894,0.9191143270790912,22876,0,0,2460,0,0,0.0,0.0,0.0,-0.007576760459898191,0.007576760459898191,37d833a93aee301e35751ba7896d7573530720d90b69086371adb0b4f44066b8,ISIC_0019364,0,42.941821107167776,0.05367727638395972,ISIC_0019366,4069d080562dbe7e71f52ef09e059afbf017464cca40d620207064572695ae8b,0.863396433943851,0.863396433943851,0.0,0.0,0.17370805144309998,0.17370805144309998,0.173662241419969,0.173662241419969,cuda_FP32_original_batch_present,canonical_letterbox_valid,3d99874f14ae5f316eec36e21141043d75bd4fd17ccfb31e3174198dee269596,b8d3734f6961c1e8edf7e691784e4d13ace6665b9283bb07aa39575adb5f63e2,0.4721854031085968,complete_logit_interpolation,0,307200,0.9848703834681263,0,162595,0.5292805989583333,5653ff42f9995f3e0bb41141dde68fcfcb10c3d4d2b158266bb16a213ebf0791,RSI-TailProbe-20261004,0.8750020490571605,183011,0.5957389322916666,3,5b301bf211659747a0a01099,0.0,0,0.0,U-Mean-logit-alpha-0.000000,17,ISIC_0019366_A03_T1_S1_5b301bf211659747a0a01099.png,S1,0.8644988536834717,0.8645401569468857,T1,val,M,1703ca22a1c39afeca05ffd0c12fe01606f41d5af81442d20102f130cc2ca491,d67353b51c7f853c45c0fad75d4336d0d442799627d3e648686eb70a497ad029,0.863396433943851,T1,160135
0.0,0.0,0.0,,A00,0.13686184585094452,0.13700739862817224,0.3119187730585115,0.15323954873938084,0.6598808916902257,0,5ca3f9fed2a631d522b1bd5334bde7efb3613c82a3aa714d8ae5da962737af8c,0.13686184585094452,0.1389264166355133,0.0,0.1389264166355133,0.8590090274810791,0.0,0.0,02fc8095c431dfc5451811632a802997c5ba97593e8a98ad29eaf0d9e1211df4,complete_update,800.0,0.8876603059996562,0.8876603059996562,0.890182238457887,1043,0,0,15294,0,0,0.0,0.0,0.0,0.0025219324582308467,-0.0025219324582308467,37d833a93aee301e35751ba7896d7573530720d90b69086371adb0b4f44066b8,ISIC_0019540,0,74.51650611192453,0.09314563263990566,ISIC_0019545,3fd383b269b95e78108fb2cdd7a3413bf0ab7bd0ceadb591513adb28787cb4be,0.7980118940171362,0.7980118940171362,0.0,0.0,0.1389264166355133,0.1389264166355133,0.13905052414974284,0.13905052414974284,cuda_FP32_original_batch_present,canonical_letterbox_valid,3d99874f14ae5f316eec36e21141043d75bd4fd17ccfb31e3174198dee269596,ba68b05a7bb211d3b4bb799cac9bc926c28d4c27cf0399d49ad514d730b0fe68,0.6872929930686951,complete_logit_interpolation,0,307200,0.808437085097322,0,79838,0.25988932291666667,9a1d3145d3813bf8bc6d572095347a82182a64f6c52b51aab63695c8736cefc3,RSI-TailProbe-20261004,0.9840974583377804,65587,0.21349934895833333,2,5b2bd47a116597326358005a,0.0,0,0.0,U-Mean-logit-alpha-0.000000,17,ISIC_0019545_A00_T2_S1_5b2bd47a116597326358005a.png,S1,0.8590090274810791,0.8589063503286866,T2,val,M,1703ca22a1c39afeca05ffd0c12fe01606f41d5af81442d20102f130cc2ca491,d67353b51c7f853c45c0fad75d4336d0d442799627d3e648686eb70a497ad029,0.7980118940171362,T2,64544
0.0,0.0,0.0,,A03,0.06900673359632492,0.06930919427943749,0.45332993760346363,0.28121827411167516,0.6502652639721279,0,5ca3f9fed2a631d522b1bd5334bde7efb3613c82a3aa714d8ae5da962737af8c,0.06900673359632492,0.07537063956260681,0.0,0.07537063956260681,0.9182654619216919,0.0,0.0,02fc8095c431dfc5451811632a802997c5ba97593e8a98ad29eaf0d9e1211df4,complete_update,800.0,0.9525089551970143,0.9525089551970143,0.9519379100463994,7451,0,0,464,0,0,0.0,0.0,0.0,-0.0005710451506149017,0.0005710451506149017,37d833a93aee301e35751ba7896d7573530720d90b69086371adb0b4f44066b8,ISIC_0019540,0,20.0,0.025,ISIC_0019545,3fd383b269b95e78108fb2cdd7a3413bf0ab7bd0ceadb591513adb28787cb4be,0.9093241989254087,0.9093241989254087,0.0,0.0,0.07537063956260681,0.07537063956260681,0.07555432534046119,0.07555432534046119,cuda_FP32_original_batch_present,canonical_letterbox_valid,3d99874f14ae5f316eec36e21141043d75bd4fd17ccfb31e3174198dee269596,33f424c90f852e721f136076f232853e9c7a18a43f5f6b1efaf7363032d7be4d,0.6872929930686951,complete_logit_interpolation,0,307200,0.9941882311681154,0,79838,0.25988932291666667,9a1d3145d3813bf8bc6d572095347a82182a64f6c52b51aab63695c8736cefc3,RSI-TailProbe-20261004,0.9141837028505615,86825,0.2826334635416667,2,5b30172911659747a0a0102f,0.0,0,0.0,U-Mean-logit-alpha-0.000000,17,ISIC_0019545_A03_T1_S1_5b30172911659747a0a0102f.png,S1,0.9182654619216919,0.9182005435985151,T1,val,M,1703ca22a1c39afeca05ffd0c12fe01606f41d5af81442d20102f130cc2ca491,d67353b51c7f853c45c0fad75d4336d0d442799627d3e648686eb70a497ad029,0.9093241989254087,T1,79374
0.0,0.0,0.0,,A00,1.3306564092636108,1.3309043021933784,0.14287764892532012,0.13406998158379374,0.15245548954856533,0,5ca3f9fed2a631d522b1bd5334bde7efb3613c82a3aa714d8ae5da962737af8c,1.3306564092636108,0.9178076386451721,0.0,0.9178076386451721,0.495041161775589,0.0,0.0,02fc8095c431dfc5451811632a802997c5ba97593e8a98ad29eaf0d9e1211df4,complete_update,800.0,0.5017856030943129,0.5017856030943129,0.5114624092714836,63,0,0,135958,0,0,0.0,0.0,0.0,0.009676806177170705,-0.009676806177170705,37d833a93aee301e35751ba7896d7573530720d90b69086371adb0b4f44066b8,ISIC_0019695,0,220.95814077131772,0.2761976759641471,ISIC_0019696,c3f0162fd3fe93bf485a7f6efd2a10d418dd68d15006ed7a169166aa56484f63,0.3349224277450995,0.3349224277450995,0.0,0.0,0.9178076386451721,0.9178076386451721,0.9180399609204886,0.9180399609204886,cuda_FP32_original_batch_present,canonical_letterbox_valid,3d99874f14ae5f316eec36e21141043d75bd4fd17ccfb31e3174198dee269596,9f4dda4520c1d8c8748e46a205fbdf155583840deea64349556c8bafb0c46b44,0.39639362692832947,complete_logit_interpolation,0,307200,0.33502562898618776,0,204456,0.665546875,08173f24314dde09aa317565ec505c645de5023e2686743f734133e9fca2956f,RSI-TailProbe-20261004,0.9990811102521842,68561,0.22318033854166666,3,5b2bd4841165973263580078,0.0,0,0.0,U-Mean-logit-alpha-0.000000,17,ISIC_0019696_A00_T2_S2_5b2bd4841165973263580078.png,S2,0.495041161775589,0.49482438035240134,T2,val,M,1703ca22a1c39afeca05ffd0c12fe01606f41d5af81442d20102f130cc2ca491,d67353b51c7f853c45c0fad75d4336d0d442799627d3e648686eb70a497ad029,0.0,T2,68498
0.0,0.0,0.0,,A08,2.0453176498413086,2.0448931219921707,0.0,0.0,0.0,0,5ca3f9fed2a631d522b1bd5334bde7efb3613c82a3aa714d8ae5da962737af8c,2.0453176498413086,1.4183592796325684,0.0,1.4183592796325684,0.2085990011692047,0.0,0.0,02fc8095c431dfc5451811632a802997c5ba97593e8a98ad29eaf0d9e1211df4,complete_update,800.0,0.20890658467037226,0.20890658467037226,0.21376132808648338,0,0,0,180609,0,0,0.0,0.0,0.0,0.0048547434161111125,-0.0048547434161111125,37d833a93aee301e35751ba7896d7573530720d90b69086371adb0b4f44066b8,ISIC_0019695,0,273.218319263098,0.3415228990788725,ISIC_0019696,c3f0162fd3fe93bf485a7f6efd2a10d418dd68d15006ed7a169166aa56484f63,0.11663634229369645,0.11663634229369645,0.0,0.0,1.4183592796325684,1.4183592796325684,1.4181129763160645,1.4181129763160645,cuda_FP32_original_batch_present,canonical_letterbox_valid,3d99874f14ae5f316eec36e21141043d75bd4fd17ccfb31e3174198dee269596,42df672e5e230e908dcefdb5ce3c77162c612afdddaa7cac096f12c9c0655ca1,0.39639362692832947,complete_logit_interpolation,0,307200,0.11663634229369645,0,204456,0.665546875,08173f24314dde09aa317565ec505c645de5023e2686743f734133e9fca2956f,RSI-TailProbe-20261004,1.0,23847,0.077626953125,3,5b2d281f116597169d55198b,0.0,0,0.0,U-Mean-logit-alpha-0.000000,17,ISIC_0019696_A08_T1_S1_5b2d281f116597169d55198b.png,S1,0.2085990011692047,0.20866716936004182,T1,val,M,1703ca22a1c39afeca05ffd0c12fe01606f41d5af81442d20102f130cc2ca491,d67353b51c7f853c45c0fad75d4336d0d442799627d3e648686eb70a497ad029,0.0,T1,23847
0.0,0.0,0.0,,A03,0.14322532713413239,0.1433618792719093,0.41605108000627433,0.2633209417596034,0.6167534014515681,0,5ca3f9fed2a631d522b1bd5334bde7efb3613c82a3aa714d8ae5da962737af8c,0.14322532713413239,0.1123545840382576,0.0,0.1123545840382576,0.9185161590576172,0.0,0.0,02fc8095c431dfc5451811632a802997c5ba97593e8a98ad29eaf0d9e1211df4,complete_update,800.0,0.9651989004719672,0.9651989004719672,0.9618379049124879,5040,0,0,9051,0,0,0.0,0.0,0.0,-0.0033609955594793295,0.0033609955594793295,37d833a93aee301e35751ba7896d7573530720d90b69086371adb0b4f44066b8,ISIC_0019695,0,22.825424421026653,0.028531780526283315,ISIC_0019696,c3f0162fd3fe93bf485a7f6efd2a10d418dd68d15006ed7a169166aa56484f63,0.932738572574178,0.932738572574178,0.0,0.0,0.1123545840382576,0.1123545840382576,0.11245847818735236,0.11245847818735236,cuda_FP32_original_batch_present,canonical_letterbox_valid,3d99874f14ae5f316eec36e21141043d75bd4fd17ccfb31e3174198dee269596,38ba465d77d3ff0ebedf941bf04a2c1b561c076fde0fc1e78e922c1994c61e72,0.39639362692832947,complete_logit_interpolation,0,307200,0.9557313064913723,0,204456,0.665546875,08173f24314dde09aa317565ec505c645de5023e2686743f734133e9fca2956f,RSI-TailProbe-20261004,0.9748559455212154,200445,0.652490234375,3,5b30163111659747a0a01017,0.0,0,0.0,U-Mean-logit-alpha-0.000000,17,ISIC_0019696_A03_T1_S1_5b30163111659747a0a01017.png,S1,0.9185161590576172,0.9184449228972046,T1,val,M,1703ca22a1c39afeca05ffd0c12fe01606f41d5af81442d20102f130cc2ca491,d67353b51c7f853c45c0fad75d4336d0d442799627d3e648686eb70a497ad029,0.932738572574178,T1,195405
0.0,0.0,0.0,,A00,0.239313542842865,0.23957618633831979,0.135831045271694,0.05184033177812338,0.23519679277100766,0,5ca3f9fed2a631d522b1bd5334bde7efb3613c82a3aa714d8ae5da962737af8c,0.239313542842865,0.31127163767814636,0.0,0.31127163767814636,0.6167702674865723,0.0,0.0,02fc8095c431dfc5451811632a802997c5ba97593e8a98ad29eaf0d9e1211df4,complete_update,800.0,0.7041653666146646,0.7041653666146646,0.6780488171122674,24,0,0,37902,0,0,0.0,0.0,0.0,-0.02611654950239717,0.02611654950239717,37d833a93aee301e35751ba7896d7573530720d90b69086371adb0b4f44066b8,ISIC_0020226,0,98.76233399297197,0.12345291749121497,ISIC_0020226,5d34b099d629baf09a4c94b1f672d662c9789938804a68d8de71b299af824fbc,0.5434068116971456,0.5434068116971456,0.0,0.0,0.31127163767814636,0.31127163767814636,0.3116111594106323,0.3116111594106323,cuda_FP32_original_batch_present,canonical_letterbox_valid,3d99874f14ae5f316eec36e21141043d75bd4fd17ccfb31e3174198dee269596,7d29039c5930081fb1e094b619be37645013df9931c027de8b889cfbd5d458f0,0.44014570116996765,complete_logit_interpolation,0,307200,0.5435638675802936,0,83039,0.2703092447916667,13735d1dd65b1edaca310058b14fd280887d48f0dd47cb661f4a758277b5d29b,RSI-TailProbe-20261004,0.999468568012223,45161,0.14700846354166666,2,5b2bd4a111659732635800db,0.0,0,0.0,U-Mean-logit-alpha-0.000000,17,ISIC_0020226_A00_T2_S1_5b2bd4a111659732635800db.png,S1,0.6167702674865723,0.6163538675170552,T2,val,M,1703ca22a1c39afeca05ffd0c12fe01606f41d5af81442d20102f130cc2ca491,d67353b51c7f853c45c0fad75d4336d0d442799627d3e648686eb70a497ad029,0.0,T2,45137
0.0,0.0,0.0,,A03,0.6643855571746826,0.6642037434056536,0.09253918982846553,0.05340557275541795,0.1396391734795957,0,5ca3f9fed2a631d522b1bd5334bde7efb3613c82a3aa714d8ae5da962737af8c,0.6643855571746826,0.5150988101959229,0.0,0.5150988101959229,0.6341879963874817,0.0,0.0,02fc8095c431dfc5451811632a802997c5ba97593e8a98ad29eaf0d9e1211df4,complete_update,800.0,0.630808499001056,0.630808499001056,0.6562815681275138,97200,0,0,0,0,0,0.0,0.0,0.0,0.02547306912645786,-0.02547306912645786,37d833a93aee301e35751ba7896d7573530720d90b69086371adb0b4f44066b8,ISIC_0020226,0,135.94042772329527,0.16992553465411908,ISIC_0020226,5d34b099d629baf09a4c94b1f672d662c9789938804a68d8de71b299af824fbc,0.46071604924572374,0.46071604924572374,0.0,0.0,0.5150988101959229,0.5150988101959229,0.5149649771829254,0.5149649771829254,cuda_FP32_original_batch_present,canonical_letterbox_valid,3d99874f14ae5f316eec36e21141043d75bd4fd17ccfb31e3174198dee269596,25aff814599e916608b2fe86593bec43a594611383253f39fb89f6cb32e4ee0d,0.44014570116996765,complete_logit_interpolation,0,307200,1.0,0,83039,0.2703092447916667,13735d1dd65b1edaca310058b14fd280887d48f0dd47cb661f4a758277b5d29b,RSI-TailProbe-20261004,0.46071604924572374,180239,0.5867154947916666,2,5b301eb911659747a0a010c9,0.0,0,0.0,U-Mean-logit-alpha-0.000000,17,ISIC_0020226_A03_T1_S1_5b301eb911659747a0a010c9.png,S1,0.6341879963874817,0.6342737890398028,T1,val,M,1703ca22a1c39afeca05ffd0c12fe01606f41d5af81442d20102f130cc2ca491,d67353b51c7f853c45c0fad75d4336d0d442799627d3e648686eb70a497ad029,0.0,T1,83039
0.0,0.0,0.0,,A00,0.021179432049393654,0.021420224632371785,0.6508184743062951,0.34054527785561406,0.8898796311701618,0,5ca3f9fed2a631d522b1bd5334bde7efb3613c82a3aa714d8ae5da962737af8c,0.021179432049393654,0.03830408677458763,0.0,0.03830408677458763,0.9445712566375732,0.0,0.0,02fc8095c431dfc5451811632a802997c5ba97593e8a98ad29eaf0d9e1211df4,complete_update,3840.0,0.9594831705777852,0.9594831705777852,0.9513945979543126,824,0,0,65818,0,0,0.0,0.0,0.0,-0.008088572623472623,0.008088572623472623,52b1d8565de1e8d2acca1ef76c2c60d1e4dc93ad3f0d6e76e98110362bd2a341,ISIC_0020972,0,54.905181640505006,0.014298224385548178,ISIC_0020972,4013f48301904382fbe864bfd77f2e06902ce7fdbb53be0fc80395b573e18a74,0.9221217220586173,0.9221217220586173,0.0,0.0,0.03830408677458763,0.03830408677458763,0.03877427273889976,0.03877427273889976,cuda_FP32_original_batch_present,canonical_letterbox_valid,3d99874f14ae5f316eec36e21141043d75bd4fd17ccfb31e3174198dee269596,be10db58aab232f100674665e27a34b4249d6963dbb348ec2c4a1e5bd1151a08,0.6419193148612976,complete_logit_interpolation,0,7077888,0.9230105182384758,0,854896,0.12078405309606481,5b952790539309244610f4b6b5bf0235d5e8b260fc3aa32f631ae51c7aa32828,RSI-TailProbe-20261004,0.9989568326197427,789902,0.11160137035228589,2,5b2bd4dc11659732635801aa,0.0,0,0.0,U-Mean-logit-alpha-0.000000,17,ISIC_0020972_A00_T2_S1_5b2bd4dc11659732635801aa.png,S1,0.9445712566375732,0.9438716791545723,T2,val,M,1703ca22a1c39afeca05ffd0c12fe01606f41d5af81442d20102f130cc2ca491,d67353b51c7f853c45c0fad75d4336d0d442799627d3e648686eb70a497ad029,0.9221217220586173,T2,789078
0.0,0.0,0.0,,A03,0.015706943348050117,0.015545337799310778,0.86038458486316,0.5935674058508881,0.9635352286773795,0,5ca3f9fed2a631d522b1bd5334bde7efb3613c82a3aa714d8ae5da962737af8c,0.015706943348050117,0.030166171491146088,0.0,0.030166171491146088,0.9553745985031128,0.0,0.0,02fc8095c431dfc5451811632a802997c5ba97593e8a98ad29eaf0d9e1211df4,complete_update,3840.0,0.9743825602787229,0.9743825602787229,0.9757735460699071,27055,0,0,17003,0,0,0.0,0.0,0.0,0.0013909857911841295,-0.0013909857911841295,52b1d8565de1e8d2acca1ef76c2c60d1e4dc93ad3f0d6e76e98110362bd2a341,ISIC_0020972,0,37.48332962798263,0.009761283757287142,ISIC_0020972,4013f48301904382fbe864bfd77f2e06902ce7fdbb53be0fc80395b573e18a74,0.9500448437611614,0.9500448437611614,0.0,0.0,0.030166171491146088,0.030166171491146088,0.030071306345745175,0.030071306345745175,cuda_FP32_original_batch_present,canonical_letterbox_valid,3d99874f14ae5f316eec36e21141043d75bd4fd17ccfb31e3174198dee269596,a4234275b1f0ec8bcba49d9da9dde6280f2d95170b1d9382b37d16bec22a2599,0.6419193148612976,complete_logit_interpolation,0,7077888,0.9801110310493908,0,854896,0.12078405309606481,5b952790539309244610f4b6b5bf0235d5e8b260fc3aa32f631ae51c7aa32828,RSI-TailProbe-20261004,0.9687206629762714,864948,0.1222042507595486,2,5b30314b11659747a0a0112f,0.0,0,0.0,U-Mean-logit-alpha-0.000000,17,ISIC_0020972_A03_T3_S1_5b30314b11659747a0a0112f.png,S1,0.9553745985031128,0.9554027251078204,T3,val,M,1703ca22a1c39afeca05ffd0c12fe01606f41d5af81442d20102f130cc2ca491,d67353b51c7f853c45c0fad75d4336d0d442799627d3e648686eb70a497ad029,0.9500448437611614,T3,837893
0.0,0.0,0.0,,A00,0.2195744514465332,0.2201651098065382,0.0681663855058581,0.003871194791483371,0.25553904050936993,0,5ca3f9fed2a631d522b1bd5334bde7efb3613c82a3aa714d8ae5da962737af8c,0.2195744514465332,0.23881825804710388,0.0,0.23881825804710388,0.7419379353523254,0.0,0.0,02fc8095c431dfc5451811632a802997c5ba97593e8a98ad29eaf0d9e1211df4,complete_update,3840.0,0.8432930515618747,0.8432930515618747,0.8373883622022222,0,0,0,631689,0,0,0.0,0.0,0.0,-0.005904689359652493,0.005904689359652493,52b1d8565de1e8d2acca1ef76c2c60d1e4dc93ad3f0d6e76e98110362bd2a341,ISIC_0021447,0,346.8815359679904,0.09033373332499749,ISIC_0021448,ce2994a73cd210331936def4617976f91a7038641fe66218dc2ca96c1b36ae4b,0.7290464129229568,0.7290464129229568,0.0,0.0,0.23881825804710388,0.23881825804710388,0.23935006672448575,0.23935006672448575,cuda_FP32_original_batch_present,canonical_letterbox_valid,3d99874f14ae5f316eec36e21141043d75bd4fd17ccfb31e3174198dee269596,7aa55b3c72c58cc46b4d3725d9551666766a924e36c4ec6be4ca4c5bfa039faf,0.4664100110530853,complete_logit_interpolation,0,7077888,0.7290464129229568,0,2331355,0.3293856868037471,a482f738d1fce6e361c3735e01fc89ce33cca2e4d44cc4bb040333d3a140e071,RSI-TailProbe-20261004,1.0,1699666,0.24013745343243634,2,5b2bd524116597326358024f,0.0,0,0.0,U-Mean-logit-alpha-0.000000,17,ISIC_0021448_A00_T2_S1_5b2bd524116597326358024f.png,S1,0.7419379353523254,0.7414649763575667,T2,val,M,1703ca22a1c39afeca05ffd0c12fe01606f41d5af81442d20102f130cc2ca491,d67353b51c7f853c45c0fad75d4336d0d442799627d3e648686eb70a497ad029,0.7290464129229568,T2,1699666
0.0,0.0,0.0,,A03,0.19797252118587494,0.19759585571858526,0.31628085498876574,0.164029230850113,0.5213951472426165,0,5ca3f9fed2a631d522b1bd5334bde7efb3613c82a3aa714d8ae5da962737af8c,0.19797252118587494,0.2048664093017578,0.0,0.2048664093017578,0.7882397174835205,0.0,0.0,02fc8095c431dfc5451811632a802997c5ba97593e8a98ad29eaf0d9e1211df4,complete_update,3840.0,0.9023644960076447,0.9023644960076447,0.9040265004288488,210619,0,0,241602,0,0,0.0,0.0,0.0,0.0016620044212041218,-0.0016620044212041218,52b1d8565de1e8d2acca1ef76c2c60d1e4dc93ad3f0d6e76e98110362bd2a341,ISIC_0021447,0,246.4805237858589,0.06418763640256743,ISIC_0021448,ce2994a73cd210331936def4617976f91a7038641fe66218dc2ca96c1b36ae4b,0.822098495106559,0.822098495106559,0.0,0.0,0.2048664093017578,0.2048664093017578,0.20452896643515717,0.20452896643515717,cuda_FP32_original_batch_present,canonical_letterbox_valid,3d99874f14ae5f316eec36e21141043d75bd4fd17ccfb31e3174198dee269596,c18d6bdb4613ffdb4702d8b6c1ba5948b4600d96ec2a681ca76c736eb8d7716d,0.4664100110530853,complete_logit_interpolation,0,7077888,0.8963684209397539,0,2331355,0.3293856868037471,a482f738d1fce6e361c3735e01fc89ce33cca2e4d44cc4bb040333d3a140e071,RSI-TailProbe-20261004,0.908441330358742,2300372,0.32500825104890047,2,5b31006111659747a0a0129c,0.0,0,0.0,U-Mean-logit-alpha-0.000000,17,ISIC_0021448_A03_T1_S1_5b31006111659747a0a0129c.png,S1,0.7882397174835205,0.788537922848271,T1,val,M,1703ca22a1c39afeca05ffd0c12fe01606f41d5af81442d20102f130cc2ca491,d67353b51c7f853c45c0fad75d4336d0d442799627d3e648686eb70a497ad029,0.822098495106559,T1,2089753
0.0,0.0,0.0,,A00,0.20529575645923615,0.20518186865801413,0.023799882720505088,0.0,0.17323257609706327,0,5ca3f9fed2a631d522b1bd5334bde7efb3613c82a3aa714d8ae5da962737af8c,0.20529575645923615,0.24606263637542725,0.0,0.24606263637542725,0.7131704688072205,0.0,0.0,02fc8095c431dfc5451811632a802997c5ba97593e8a98ad29eaf0d9e1211df4,complete_update,3840.0,0.723410366302337,0.723410366302337,0.7209542381618427,0,0,0,652915,0,0,0.0,0.0,0.0,-0.0024561281404943403,0.0024561281404943403,52b1d8565de1e8d2acca1ef76c2c60d1e4dc93ad3f0d6e76e98110362bd2a341,ISIC_0021604,0,633.9361000942484,0.16508752606621052,ISIC_0021604,fd46c2ebd466aa9701edf44b33cc6acdcaf355356e9d1cf7b61aa9bf9f93d7b2,0.5666741662369347,0.5666741662369347,0.0,0.0,0.24606263637542725,0.24606263637542725,0.2459512199407422,0.2459512199407422,cuda_FP32_original_batch_present,canonical_letterbox_valid,3d99874f14ae5f316eec36e21141043d75bd4fd17ccfb31e3174198dee269596,8e8236fccf8dd34f91d78ac930964f6b191492c04c3a6b4b24bdfc5f794b09cf,0.31293803453445435,complete_logit_interpolation,0,7077888,0.5666741662369347,0,1506753,0.21288172403971353,42189152f572389a5e2f83c15507c9b446ea43ad5be6947ebfbadbbe8857935c,RSI-TailProbe-20261004,1.0,853838,0.12063457347728589,2,5b2bd5411165973263580297,0.0,0,0.0,U-Mean-logit-alpha-0.000000,17,ISIC_0021604_A00_T2_S2_5b2bd5411165973263580297.png,S2,0.7131704688072205,0.7132794287765297,T2,val,M,1703ca22a1c39afeca05ffd0c12fe01606f41d5af81442d20102f130cc2ca491,d67353b51c7f853c45c0fad75d4336d0d442799627d3e648686eb70a497ad029,0.0,T2,853838
0.0,0.0,0.0,,A08,0.10847131162881851,0.10854604497757625,0.07616888797421646,0.02657840815304268,0.23682502946843215,0,5ca3f9fed2a631d522b1bd5334bde7efb3613c82a3aa714d8ae5da962737af8c,0.10847131162881851,0.12257157266139984,0.0,0.12257157266139984,0.8633281588554382,0.0,0.0,02fc8095c431dfc5451811632a802997c5ba97593e8a98ad29eaf0d9e1211df4,complete_update,3840.0,0.8883608965948935,0.8883608965948935,0.8877580514268563,288692,0,0,71932,0,0,0.0,0.0,0.0,-0.0006028451680372138,0.0006028451680372138,52b1d8565de1e8d2acca1ef76c2c60d1e4dc93ad3f0d6e76e98110362bd2a341,ISIC_0021604,0,141.78214767252896,0.036922434289721084,ISIC_0021604,fd46c2ebd466aa9701edf44b33cc6acdcaf355356e9d1cf7b61aa9bf9f93d7b2,0.7991450587458819,0.7991450587458819,0.0,0.0,0.12257157266139984,0.12257157266139984,0.12267742529995684,0.12267742529995684,cuda_FP32_original_batch_present,canonical_letterbox_valid,3d99874f14ae5f316eec36e21141043d75bd4fd17ccfb31e3174198dee269596,82273cb5959ce17bec86994076579d4fc9ed37bc12101d9fa99a77bf48fd8dd2,0.31293803453445435,complete_logit_interpolation,0,7077888,0.9522602576533779,0,1506753,0.21288172403971353,42189152f572389a5e2f83c15507c9b446ea43ad5be6947ebfbadbbe8857935c,RSI-TailProbe-20261004,0.8324979271986924,1723513,0.2435066788284867,2,5b2d3d04116597169d551b07,0.0,0,0.0,U-Mean-logit-alpha-0.000000,17,ISIC_0021604_A08_T1_S1_5b2d3d04116597169d551b07.png,S1,0.8633281588554382,0.8631911943776626,T1,val,M,1703ca22a1c39afeca05ffd0c12fe01606f41d5af81442d20102f130cc2ca491,d67353b51c7f853c45c0fad75d4336d0d442799627d3e648686eb70a497ad029,0.7991450587458819,T1,1434821
0.0,0.0,0.0,,A00,0.5955474376678467,0.5955829678550778,0.0,0.0,0.0,0,5ca3f9fed2a631d522b1bd5334bde7efb3613c82a3aa714d8ae5da962737af8c,0.5955474376678467,0.7280079126358032,0.0,0.7280079126358032,0.13953159749507904,0.0,0.0,02fc8095c431dfc5451811632a802997c5ba97593e8a98ad29eaf0d9e1211df4,complete_update,3472.2456710319334,0.16285035706221893,0.16285035706221893,0.15613177157951771,0,0,0,1864971,0,0,0.0,0.0,0.0,-0.0067185854827012115,0.0067185854827012115,bf0273d69122795a76a74d6669f4edeb320d787306823d8405ec93912338a43e,ISIC_0021711,0,1185.6501112881247,0.3414649260505106,ISIC_0021711,feaacb00158662b41ac80b478b9767a9dd4ca255c2298f9fc781b46012c0fd11,0.08864294625548594,0.08864294625548594,0.0,0.0,0.7280079126358032,0.7280079126358032,0.7280988392548469,0.7280988392548469,cuda_FP32_original_batch_present,canonical_letterbox_valid,3d99874f14ae5f316eec36e21141043d75bd4fd17ccfb31e3174198dee269596,f2c322aff8b42283aa41fe5d0ff70b23edd1fab51c9fa4c0522f47326bdfb8b6,0.44321683049201965,complete_logit_interpolation,0,5869197,0.08864294625548594,0,2046367,0.3486621764442393,732309f59ad57f7de6b04ea5f6805c29346ed0aaccc605245ada7728fb60f164,RSI-TailProbe-20261004,1.0,181396,0.03090644256786746,2,5b2bd55511659732635802b8,0.0,0,0.0,U-Mean-logit-alpha-0.000000,17,ISIC_0021711_A00_T2_S2_5b2bd55511659732635802b8.png,S2,0.13953159749507904,0.139385289345384,T2,val,M,1703ca22a1c39afeca05ffd0c12fe01606f41d5af81442d20102f130cc2ca491,d67353b51c7f853c45c0fad75d4336d0d442799627d3e648686eb70a497ad029,0.0,T2,181396
0.0,0.0,0.0,,A08,0.48467138409614563,0.48441119508593866,0.06316262313421789,0.03663002893719783,0.12002846693504352,0,5ca3f9fed2a631d522b1bd5334bde7efb3613c82a3aa714d8ae5da962737af8c,0.48467138409614563,0.4220578074455261,0.0,0.4220578074455261,0.6405557990074158,0.0,0.0,02fc8095c431dfc5451811632a802997c5ba97593e8a98ad29eaf0d9e1211df4,complete_update,3472.2456710319334,0.7156674853760465,0.7156674853760465,0.716132947490969,1238027,0,0,216207,0,0,0.0,0.0,0.0,0.000465462114922488,-0.000465462114922488,bf0273d69122795a76a74d6669f4edeb320d787306823d8405ec93912338a43e,ISIC_0021711,0,375.4248259960632,0.10812161971375973,ISIC_0021711,feaacb00158662b41ac80b478b9767a9dd4ca255c2298f9fc781b46012c0fd11,0.5572291265907805,0.5572291265907805,0.0,0.0,0.4220578074455261,0.4220578074455261,0.4219087551869323,0.4219087551869323,cuda_FP32_original_batch_present,canonical_letterbox_valid,3d99874f14ae5f316eec36e21141043d75bd4fd17ccfb31e3174198dee269596,1cd44e6b5a0ffe8e4d4c6635db4f5e73e39e0b0b5d6a665df5f2fc58aea236d4,0.44321683049201965,complete_logit_interpolation,0,5869197,0.8943459311061994,0,2046367,0.3486621764442393,732309f59ad57f7de6b04ea5f6805c29346ed0aaccc605245ada7728fb60f164,RSI-TailProbe-20261004,0.5964955851778265,3068187,0.5227609500924913,2,5b2d3ebf116597169d551b4f,0.0,0,0.0,U-Mean-logit-alpha-0.000000,17,ISIC_0021711_A08_T3_S1_5b2d3ebf116597169d551b4f.png,S1,0.6405557990074158,0.640593684712074,T3,val,M,1703ca22a1c39afeca05ffd0c12fe01606f41d5af81442d20102f130cc2ca491,d67353b51c7f853c45c0fad75d4336d0d442799627d3e648686eb70a497ad029,0.0,T3,1830160
0.0,0.0,0.0,,A00,0.11050393432378769,0.11045738786609928,0.0,0.0,0.01874151199637845,0,5ca3f9fed2a631d522b1bd5334bde7efb3613c82a3aa714d8ae5da962737af8c,0.11050393432378769,0.3085055947303772,0.0,0.3085055947303772,0.4934927523136139,0.0,0.0,02fc8095c431dfc5451811632a802997c5ba97593e8a98ad29eaf0d9e1211df4,complete_update,3840.0,0.7263266034765075,0.7263266034765075,0.7087385638887184,0,0,0,200061,0,0,0.0,0.0,0.0,-0.017588039587789095,0.017588039587789095,52b1d8565de1e8d2acca1ef76c2c60d1e4dc93ad3f0d6e76e98110362bd2a341,ISIC_0021837,0,228.02803570172918,0.059382300963991975,ISIC_0021837,e533e112e0bafcaf2232bf6678eb87c874ca977b2f88e40f6d82e1c10a461576,0.5702612659250206,0.5702612659250206,0.0,0.0,0.3085055947303772,0.3085055947303772,0.3083946328958985,0.3083946328958985,cuda_FP32_original_batch_present,canonical_letterbox_valid,3d99874f14ae5f316eec36e21141043d75bd4fd17ccfb31e3174198dee269596,b38e6f3872656e8da85607cee62c49fcc8e33e062190b6b7fd180068b88e48bf,0.332279771566391,complete_logit_interpolation,0,7077888,0.5702612659250206,0,465541,0.06577399924949363,e8f2e646a008552bc55a1c0a642aa61636a84d621f25974bbf1c735007fa0981,RSI-TailProbe-20261004,1.0,265480,0.037508364076967594,2,5b2bd57411659732635802f7,0.0,0,0.0,U-Mean-logit-alpha-0.000000,17,ISIC_0021837_A00_T2_S1_5b2bd57411659732635802f7.png,S1,0.4934927523136139,0.4936681220743022,T2,val,M,1703ca22a1c39afeca05ffd0c12fe01606f41d5af81442d20102f130cc2ca491,d67353b51c7f853c45c0fad75d4336d0d442799627d3e648686eb70a497ad029,0.0,T2,265480
0.0,0.0,0.0,,A09,0.07015319913625717,0.07020776196924065,0.49144741682367354,0.32823152701812447,0.8150785249765865,0,5ca3f9fed2a631d522b1bd5334bde7efb3613c82a3aa714d8ae5da962737af8c,0.07015319913625717,0.20473067462444305,0.0,0.20473067462444305,0.6606918573379517,0.0,0.0,02fc8095c431dfc5451811632a802997c5ba97593e8a98ad29eaf0d9e1211df4,complete_update,3840.0,0.9325138071591446,0.9325138071591446,0.9306340869284919,48017,0,0,16917,0,0,0.0,0.0,0.0,-0.0018797202306526373,0.0018797202306526373,52b1d8565de1e8d2acca1ef76c2c60d1e4dc93ad3f0d6e76e98110362bd2a341,ISIC_0021837,0,65.95262200401629,0.017175161980212576,ISIC_0021837,e533e112e0bafcaf2232bf6678eb87c874ca977b2f88e40f6d82e1c10a461576,0.8735605325980708,0.8735605325980708,0.0,0.0,0.20473067462444305,0.20473067462444305,0.20473367591183553,0.20473367591183553,cuda_FP32_original_batch_present,canonical_letterbox_valid,3d99874f14ae5f316eec36e21141043d75bd4fd17ccfb31e3174198dee269596,3c71444be99a7d36755130a0ddc54f44b6155fe9b7e90507ad853324a790092b,0.332279771566391,complete_logit_interpolation,0,7077888,0.9636616323803918,0,465541,0.06577399924949363,e8f2e646a008552bc55a1c0a642aa61636a84d621f25974bbf1c735007fa0981,RSI-TailProbe-20261004,0.9033164801134018,496641,0.07016796535915798,2,5b30c7bf11659747a0a01235,0.0,0,0.0,U-Mean-logit-alpha-0.000000,17,ISIC_0021837_A09_T1_S1_5b30c7bf11659747a0a01235.png,S1,0.6606918573379517,0.6607404101455696,T1,val,M,1703ca22a1c39afeca05ffd0c12fe01606f41d5af81442d20102f130cc2ca491,d67353b51c7f853c45c0fad75d4336d0d442799627d3e648686eb70a497ad029,0.8735605325980708,T1,448624
0.0,0.0,0.0,,A00,0.039975184947252274,0.038962963874548916,0.293073378712555,0.10440229360672403,0.7271478100580904,0,5ca3f9fed2a631d522b1bd5334bde7efb3613c82a3aa714d8ae5da962737af8c,0.039975184947252274,0.0815621092915535,0.0,0.0815621092915535,0.876850962638855,0.0,0.0,02fc8095c431dfc5451811632a802997c5ba97593e8a98ad29eaf0d9e1211df4,complete_update,3840.0,0.8920054770601994,0.8920054770601994,0.8780766158177046,0,0,0,122959,0,0,0.0,0.0,0.0,-0.013928861242494817,0.013928861242494817,52b1d8565de1e8d2acca1ef76c2c60d1e4dc93ad3f0d6e76e98110362bd2a341,ISIC_0021930,0,117.00384608360703,0.030469751584272665,ISIC_0021932,40e1c762ebcb741dd6946e6d62fa4114d47e9eeb235e3dc107e9401082de9e22,0.8050630744035399,0.8050630744035399,0.0,0.0,0.0815621092915535,0.0815621092915535,0.0804069180419273,0.0804069180419273,cuda_FP32_original_batch_present,canonical_letterbox_valid,3d99874f14ae5f316eec36e21141043d75bd4fd17ccfb31e3174198dee269596,5b5d5e26f3bbf958f7664241fa92c34c81f87afd4fcbed5c0c9ad2ba3761068f,0.3410578966140747,complete_logit_interpolation,0,7077888,0.8050630744035399,0,630763,0.08911740338360821,c07f5328a40bd22444f4b367eb6c161fe78235ea2762a4179abd6c08dd6743d9,RSI-TailProbe-20261004,1.0,507804,0.07174513075086805,2,5b2bd5831165973263580318,0.0,0,0.0,U-Mean-logit-alpha-0.000000,17,ISIC_0021932_A00_T2_S1_5b2bd5831165973263580318.png,S1,0.876850962638855,0.8781491277906943,T2,val,M,1703ca22a1c39afeca05ffd0c12fe01606f41d5af81442d20102f130cc2ca491,d67353b51c7f853c45c0fad75d4336d0d442799627d3e648686eb70a497ad029,0.8050630744035399,T2,507804
0.0,0.0,0.0,,A09,0.12857042253017426,0.12834423614445237,0.11478711775074242,0.052584847400575147,0.27844210234302114,0,5ca3f9fed2a631d522b1bd5334bde7efb3613c82a3aa714d8ae5da962737af8c,0.12857042253017426,0.1569405496120453,0.0,0.1569405496120453,0.8146893382072449,0.0,0.0,02fc8095c431dfc5451811632a802997c5ba97593e8a98ad29eaf0d9e1211df4,complete_update,3840.0,0.8221961668134184,0.8221961668134184,0.8358500848364917,272811,0,0,0,0,0,0.0,0.0,0.0,0.013653918023073253,-0.013653918023073253,52b1d8565de1e8d2acca1ef76c2c60d1e4dc93ad3f0d6e76e98110362bd2a341,ISIC_0021930,0,182.19326249746894,0.04744616210871587,ISIC_0021932,40e1c762ebcb741dd6946e6d62fa4114d47e9eeb235e3dc107e9401082de9e22,0.6980756418400706,0.6980756418400706,0.0,0.0,0.1569405496120453,0.1569405496120453,0.156944557121161,0.156944557121161,cuda_FP32_original_batch_present,canonical_letterbox_valid,3d99874f14ae5f316eec36e21141043d75bd4fd17ccfb31e3174198dee269596,5700d820869df764a3e2074d9796612893a8ead10ed6a766d25ab6a367e8d79c,0.3410578966140747,complete_logit_interpolation,0,7077888,1.0,0,630763,0.08911740338360821,c07f5328a40bd22444f4b367eb6c161fe78235ea2762a4179abd6c08dd6743d9,RSI-TailProbe-20261004,0.6980756418400706,903574,0.12766152841073494,2,5b30c78911659747a0a01231,0.0,0,0.0,U-Mean-logit-alpha-0.000000,17,ISIC_0021932_A09_T1_S1_5b30c78911659747a0a01231.png,S1,0.8146893382072449,0.8144551219021303,T1,val,M,1703ca22a1c39afeca05ffd0c12fe01606f41d5af81442d20102f130cc2ca491,d67353b51c7f853c45c0fad75d4336d0d442799627d3e648686eb70a497ad029,0.6980756418400706,T1,630763
0.0,0.0,0.0,,A00,0.040001753717660904,0.03983101777842508,0.06958529668569285,0.023317270324887302,0.4444490931341228,0,5ca3f9fed2a631d522b1bd5334bde7efb3613c82a3aa714d8ae5da962737af8c,0.040001753717660904,0.08325573801994324,0.0,0.08325573801994324,0.8734902739524841,0.0,0.0,02fc8095c431dfc5451811632a802997c5ba97593e8a98ad29eaf0d9e1211df4,complete_update,3840.0,0.8774457861857102,0.8774457861857102,0.870914524982615,0,0,0,98657,0,0,0.0,0.0,0.0,-0.006531261203095218,0.006531261203095218,52b1d8565de1e8d2acca1ef76c2c60d1e4dc93ad3f0d6e76e98110362bd2a341,ISIC_0021987,0,69.63476143421474,0.018134052456826755,ISIC_0021987,11d5ba844f1428e6937e1f7e86c283d84aba4c6e5132c449927fcc2adb8b47db,0.7816511446732414,0.7816511446732414,0.0,0.0,0.08325573801994324,0.08325573801994324,0.0833220145183586,0.0833220145183586,cuda_FP32_original_batch_present,canonical_letterbox_valid,3d99874f14ae5f316eec36e21141043d75bd4fd17ccfb31e3174198dee269596,133b5fa752adec31ef681cf42882c607e973aa24bf929bb9931fb594f3071902,0.6712220311164856,complete_logit_interpolation,0,7077888,0.7816511446732414,0,451832,0.06383712203414352,11533b1510da8aa8b63706fdb686fe3e5a675b99aa6dbeff9d7c92a6ea703abd,RSI-TailProbe-20261004,1.0,353175,0.04989835951063368,2,5b2bd5901165973263580333,0.0,0,0.0,U-Mean-logit-alpha-0.000000,17,ISIC_0021987_A00_T2_S1_5b2bd5901165973263580333.png,S1,0.8734902739524841,0.8731869887417079,T2,val,M,1703ca22a1c39afeca05ffd0c12fe01606f41d5af81442d20102f130cc2ca491,d67353b51c7f853c45c0fad75d4336d0d442799627d3e648686eb70a497ad029,0.7816511446732414,T2,353175
0.0,0.0,0.0,,A03,0.007825423963367939,0.007947627751531076,0.9325168278789429,0.7041344939461086,0.9979137110907118,0,5ca3f9fed2a631d522b1bd5334bde7efb3613c82a3aa714d8ae5da962737af8c,0.007825423963367939,0.02420254983007908,0.0,0.02420254983007908,0.9594203233718872,0.0,0.0,02fc8095c431dfc5451811632a802997c5ba97593e8a98ad29eaf0d9e1211df4,complete_update,3840.0,0.9754326606548718,0.9754326606548718,0.9736659326694492,12693,0,0,9584,0,0,0.0,0.0,0.0,-0.0017667279854225448,0.0017667279854225448,52b1d8565de1e8d2acca1ef76c2c60d1e4dc93ad3f0d6e76e98110362bd2a341,ISIC_0021987,0,23.345235059857504,0.006079488296837892,ISIC_0021987,11d5ba844f1428e6937e1f7e86c283d84aba4c6e5132c449927fcc2adb8b47db,0.9520434852806631,0.9520434852806631,0.0,0.0,0.02420254983007908,0.02420254983007908,0.02469763452237625,0.02469763452237625,cuda_FP32_original_batch_present,canonical_letterbox_valid,3d99874f14ae5f316eec36e21141043d75bd4fd17ccfb31e3174198dee269596,1edbb9b814554bb8d62a87d9f781e3204559192aedcdc7685688d433024945a7,0.6712220311164856,complete_logit_interpolation,0,7077888,0.9787885762849908,0,451832,0.06383712203414352,11533b1510da8aa8b63706fdb686fe3e5a675b99aa6dbeff9d7c92a6ea703abd,RSI-TailProbe-20261004,0.9720996788594565,454941,0.06427637736002605,2,5b3104b511659747a0a012c6,0.0,0,0.0,U-Mean-logit-alpha-0.000000,17,ISIC_0021987_A03_T3_S1_5b3104b511659747a0a012c6.png,S1,0.9594203233718872,0.9585523587067786,T3,val,M,1703ca22a1c39afeca05ffd0c12fe01606f41d5af81442d20102f130cc2ca491,d67353b51c7f853c45c0fad75d4336d0d442799627d3e648686eb70a497ad029,0.9520434852806631,T3,442248
0.0,0.0,0.0,,A00,0.6072578430175781,0.6066120981998658,0.0342798715625953,0.02545413268482624,0.08486824847365741,0,5ca3f9fed2a631d522b1bd5334bde7efb3613c82a3aa714d8ae5da962737af8c,0.6072578430175781,0.4952213168144226,0.0,0.4952213168144226,0.6168152093887329,0.0,0.0,02fc8095c431dfc5451811632a802997c5ba97593e8a98ad29eaf0d9e1211df4,complete_update,3840.0,0.7501567251612778,0.7501567251612778,0.7672538421878723,719759,0,0,985582,0,0,0.0,0.0,0.0,0.017097117026594444,-0.017097117026594444,52b1d8565de1e8d2acca1ef76c2c60d1e4dc93ad3f0d6e76e98110362bd2a341,ISIC_0022313,0,546.3217458518952,0.14227128798226438,ISIC_0022313,70a0bebd1eb062a4c7abf838ef75a9e3f27164996bff9c3cd8da923f04663c26,0.6002006333618725,0.6002006333618725,0.0,0.0,0.4952213168144226,0.4952213168144226,0.4950002632523705,0.4950002632523705,cuda_FP32_original_batch_present,canonical_letterbox_valid,3d99874f14ae5f316eec36e21141043d75bd4fd17ccfb31e3174198dee269596,e299040d8ffb58947fc8ff884c09744c61d06454970aa7656b9a071b5444b120,0.5522556900978088,complete_logit_interpolation,0,7077888,0.7220371641068293,0,3545733,0.5009591844346788,5626e1a684a5eb06ddc5942dc4178b3d25e1b807fc53167757c605e96ca0c68e,RSI-TailProbe-20261004,0.7805552591382081,3279910,0.4634023595739294,2,5b2bd5d511659732635803b4,0.0,0,0.0,U-Mean-logit-alpha-0.000000,17,ISIC_0022313_A00_T2_S2_5b2bd5d511659732635803b4.png,S2,0.6168152093887329,0.6166115716951248,T2,val,M,1703ca22a1c39afeca05ffd0c12fe01606f41d5af81442d20102f130cc2ca491,d67353b51c7f853c45c0fad75d4336d0d442799627d3e648686eb70a497ad029,0.0,T2,2560151
0.0,0.0,0.0,,A08,0.8220551013946533,0.821285783444181,0.04248996285317624,0.019693732448211057,0.08581885471890285,0,5ca3f9fed2a631d522b1bd5334bde7efb3613c82a3aa714d8ae5da962737af8c,0.8220551013946533,0.5757341980934143,0.0,0.5757341980934143,0.6705867052078247,0.0,0.0,02fc8095c431dfc5451811632a802997c5ba97593e8a98ad29eaf0d9e1211df4,complete_update,3840.0,0.6948207284019229,0.6948207284019229,0.6943014847752944,3098085,0,0,8853,0,0,0.0,0.0,0.0,-0.0005192436266284739,0.0005192436266284739,52b1d8565de1e8d2acca1ef76c2c60d1e4dc93ad3f0d6e76e98110362bd2a341,ISIC_0022313,0,892.3696543472324,0.23238793081959178,ISIC_0022313,70a0bebd1eb062a4c7abf838ef75a9e3f27164996bff9c3cd8da923f04663c26,0.5323565455886962,0.5323565455886962,0.0,0.0,0.5757341980934143,0.5757341980934143,0.5753349732001186,0.5753349732001186,cuda_FP32_original_batch_present,canonical_letterbox_valid,3d99874f14ae5f316eec36e21141043d75bd4fd17ccfb31e3174198dee269596,4445c21009897b1bad02249a13c3ad03e15cf94c656dfe7d44ba2036a0dfa416,0.5522556900978088,complete_logit_interpolation,0,7077888,0.9975031960951375,0,3545733,0.5009591844346788,5626e1a684a5eb06ddc5942dc4178b3d25e1b807fc53167757c605e96ca0c68e,RSI-TailProbe-20261004,0.5330668662155716,6634965,0.9374215867784288,2,5b2d39c1116597169d551a71,0.0,0,0.0,U-Mean-logit-alpha-0.000000,17,ISIC_0022313_A08_T3_S1_5b2d39c1116597169d551a71.png,S1,0.6705867052078247,0.6706158370439438,T3,val,M,1703ca22a1c39afeca05ffd0c12fe01606f41d5af81442d20102f130cc2ca491,d67353b51c7f853c45c0fad75d4336d0d442799627d3e648686eb70a497ad029,0.0,T3,3536880
0.0,0.0,0.0,,A00,0.40677642822265625,0.40681198527836643,0.0,0.0,0.0737267440815672,0,5ca3f9fed2a631d522b1bd5334bde7efb3613c82a3aa714d8ae5da962737af8c,0.40677642822265625,0.4147889018058777,0.0,0.4147889018058777,0.5771986246109009,0.0,0.0,02fc8095c431dfc5451811632a802997c5ba97593e8a98ad29eaf0d9e1211df4,complete_update,3235.206330359781,0.6884446899493234,0.6884446899493234,0.6783985462994683,0,0,0,906940,0,0,0.0,0.0,0.0,-0.010046143649855122,0.010046143649855122,01851333cfee1e490daf7b30242ee71af7ce50b6e909c04df2e8d9db6e42748f,ISIC_0022662,0,509.411620116506,0.15745877328938562,ISIC_0022662,1eba6cf55ee347cfe14b0f15bfa742012782688ad32d4003404da356bc25da71,0.5249070966917307,0.5249070966917307,0.0,0.0,0.4147889018058777,0.4147889018058777,0.41481547900430904,0.41481547900430904,cuda_FP32_original_batch_present,canonical_letterbox_valid,3d99874f14ae5f316eec36e21141043d75bd4fd17ccfb31e3174198dee269596,565e68cb737c0cb9a25031c41b7ecc7210c1d98b49c7c0d0cb5dca891a57923f,0.38351279497146606,complete_logit_interpolation,0,5018112,0.5249070966917307,0,1908974,0.3804167782624222,01f39a1db8bd5d0e79b2d7f05e4d4bdca5f76bccb76a2e1573f0712a257fd208,RSI-TailProbe-20261004,1.0,1002034,0.19968346661054995,2,5b2bd5fa1165973263580411,0.0,0,0.0,U-Mean-logit-alpha-0.000000,17,ISIC_0022662_A00_T2_S1_5b2bd5fa1165973263580411.png,S1,0.5771986246109009,0.5771810272697483,T2,val,M,1703ca22a1c39afeca05ffd0c12fe01606f41d5af81442d20102f130cc2ca491,d67353b51c7f853c45c0fad75d4336d0d442799627d3e648686eb70a497ad029,0.0,T2,1002034
0.0,0.0,0.0,,A03,0.3182387948036194,0.3181255670656919,0.16341387468549223,0.09139626206855826,0.2360328804452057,0,5ca3f9fed2a631d522b1bd5334bde7efb3613c82a3aa714d8ae5da962737af8c,0.3182387948036194,0.3232606053352356,0.0,0.3232606053352356,0.6717175841331482,0.0,0.0,02fc8095c431dfc5451811632a802997c5ba97593e8a98ad29eaf0d9e1211df4,complete_update,3235.206330359781,0.8243478345003245,0.8243478345003245,0.8146608509721311,35182,0,0,545764,0,0,0.0,0.0,0.0,-0.009686983528193305,0.009686983528193305,01851333cfee1e490daf7b30242ee71af7ce50b6e909c04df2e8d9db6e42748f,ISIC_0022662,0,291.247317584214,0.0900243409055845,ISIC_0022662,1eba6cf55ee347cfe14b0f15bfa742012782688ad32d4003404da356bc25da71,0.7011834441269116,0.7011834441269116,0.0,0.0,0.3232606053352356,0.3232606053352356,0.32312964715758297,0.32312964715758297,cuda_FP32_original_batch_present,canonical_letterbox_valid,3d99874f14ae5f316eec36e21141043d75bd4fd17ccfb31e3174198dee269596,a279f93c1e4ffd8a50ed37b775abb9cba9202e481ae2c51b247a01cea0b028a3,0.38351279497146606,complete_logit_interpolation,0,5018112,0.7141061114504441,0,1908974,0.3804167782624222,01f39a1db8bd5d0e79b2d7f05e4d4bdca5f76bccb76a2e1573f0712a257fd208,RSI-TailProbe-20261004,0.9748411032099726,1398392,0.2786689495969799,2,5b30bfbc11659747a0a011e4,0.0,0,0.0,U-Mean-logit-alpha-0.000000,17,ISIC_0022662_A03_T1_S1_5b30bfbc11659747a0a011e4.png,S1,0.6717175841331482,0.6718662727505259,T1,val,M,1703ca22a1c39afeca05ffd0c12fe01606f41d5af81442d20102f130cc2ca491,d67353b51c7f853c45c0fad75d4336d0d442799627d3e648686eb70a497ad029,0.7011834441269116,T1,1363210
0.0,0.0,0.0,,A00,0.5381512641906738,0.5380280109295469,0.00212286055459732,0.0,0.0415442884800309,0,5ca3f9fed2a631d522b1bd5334bde7efb3613c82a3aa714d8ae5da962737af8c,0.5381512641906738,0.5961927771568298,0.0,0.5961927771568298,0.34576570987701416,0.0,0.0,02fc8095c431dfc5451811632a802997c5ba97593e8a98ad29eaf0d9e1211df4,complete_update,3235.206330359781,0.4056492892088156,0.4056492892088156,0.3793772175256853,0,0,0,1649536,0,0,0.0,0.0,0.0,-0.026272071683130283,0.026272071683130283,01851333cfee1e490daf7b30242ee71af7ce50b6e909c04df2e8d9db6e42748f,ISIC_0022662,0,1351.5739760265894,0.417770564845638,ISIC_0022663,69a84b5f078bf4c1794e222c25b1e2273d7d7c3bbb33e3318a973982ab30b926,0.25442914564733077,0.25442914564733077,0.0,0.0,0.5961927771568298,0.5961927771568298,0.5960982564030903,0.5960982564030903,cuda_FP32_original_batch_present,canonical_letterbox_valid,3d99874f14ae5f316eec36e21141043d75bd4fd17ccfb31e3174198dee269596,b6f6f007f9ab7b7e82267bff6aa33cc2679adfa4107e93cb026ab94519074c41,0.6405293345451355,complete_logit_interpolation,0,5018112,0.25442914564733077,0,2212447,0.44089231169013365,c3cceb5e96cd2420eb0f4b855a1a8f9a09403e9b325867c569d10960b37b3c76,RSI-TailProbe-20261004,1.0,562911,0.11217585418579737,3,5b2bd5fb1165973263580414,0.0,0,0.0,U-Mean-logit-alpha-0.000000,17,ISIC_0022663_A00_T2_S2_5b2bd5fb1165973263580414.png,S2,0.34576570987701416,0.3458314981233663,T2,val,M,1703ca22a1c39afeca05ffd0c12fe01606f41d5af81442d20102f130cc2ca491,d67353b51c7f853c45c0fad75d4336d0d442799627d3e648686eb70a497ad029,0.0,T2,562911
0.0,0.0,0.0,,A08,0.7165940999984741,0.7166126026131814,0.15767265430401758,0.09130013884489337,0.25755834711666337,0,5ca3f9fed2a631d522b1bd5334bde7efb3613c82a3aa714d8ae5da962737af8c,0.7165940999984741,0.5436657667160034,0.0,0.5436657667160034,0.6292625069618225,0.0,0.0,02fc8095c431dfc5451811632a802997c5ba97593e8a98ad29eaf0d9e1211df4,complete_update,3235.206330359781,0.6313363321745932,0.6313363321745932,0.6656431030681136,1957657,0,0,288864,0,0,0.0,0.0,0.0,0.03430677089352041,-0.03430677089352041,01851333cfee1e490daf7b30242ee71af7ce50b6e909c04df2e8d9db6e42748f,ISIC_0022662,0,460.4452542849204,0.14232330406998034,ISIC_0022663,69a84b5f078bf4c1794e222c25b1e2273d7d7c3bbb33e3318a973982ab30b926,0.46127938296023313,0.46127938296023313,0.0,0.0,0.5436657667160034,0.5436657667160034,0.5436985707987629,0.5436985707987629,cuda_FP32_original_batch_present,canonical_letterbox_valid,3d99874f14ae5f316eec36e21141043d75bd4fd17ccfb31e3174198dee269596,50e157e79bbc76a67b659a1007587c9a715c5124dc80b771573bd35eadaf528e,0.6405293345451355,complete_logit_interpolation,0,5018112,0.8694368723860956,0,2212447,0.44089231169013365,c3cceb5e96cd2420eb0f4b855a1a8f9a09403e9b325867c569d10960b37b3c76,RSI-TailProbe-20261004,0.49561042347291073,3881240,0.7734462682379349,3,5b2d3b35116597169d551aa7,0.0,0,0.0,U-Mean-logit-alpha-0.000000,17,ISIC_0022663_A08_T3_S1_5b2d3b35116597169d551aa7.png,S1,0.6292625069618225,0.6292154610156556,T3,val,M,1703ca22a1c39afeca05ffd0c12fe01606f41d5af81442d20102f130cc2ca491,d67353b51c7f853c45c0fad75d4336d0d442799627d3e648686eb70a497ad029,0.0,T3,1923583
0.0,0.0,0.0,,A03,0.5996711850166321,0.5995999265089498,0.07887288185821978,0.05009878748212536,0.10059842152228204,0,5ca3f9fed2a631d522b1bd5334bde7efb3613c82a3aa714d8ae5da962737af8c,0.5996711850166321,0.517058253288269,0.0,0.517058253288269,0.5655546188354492,0.0,0.0,02fc8095c431dfc5451811632a802997c5ba97593e8a98ad29eaf0d9e1211df4,complete_update,3235.206330359781,0.5296000365440531,0.5296000365440531,0.5440012546633483,1199597,0,0,983517,0,0,0.0,0.0,0.0,0.014401218119295178,-0.014401218119295178,01851333cfee1e490daf7b30242ee71af7ce50b6e909c04df2e8d9db6e42748f,ISIC_0022662,0,709.013970998246,0.21915571948061746,ISIC_0022663,69a84b5f078bf4c1794e222c25b1e2273d7d7c3bbb33e3318a973982ab30b926,0.360174136089687,0.360174136089687,0.0,0.0,0.517058253288269,0.517058253288269,0.5170083811168281,0.5170083811168281,cuda_FP32_original_batch_present,canonical_letterbox_valid,3d99874f14ae5f316eec36e21141043d75bd4fd17ccfb31e3174198dee269596,ae7803299fdf0c925498dcae58fb35b2732cd30d9dec9810c6c262d678d4df45,0.6405293345451355,complete_logit_interpolation,0,5018112,0.5554618935504444,0,2212447,0.44089231169013365,c3cceb5e96cd2420eb0f4b855a1a8f9a09403e9b325867c569d10960b37b3c76,RSI-TailProbe-20261004,0.5060392575417115,2428527,0.4839523310759106,3,5b302c0d11659747a0a01102,0.0,0,0.0,U-Mean-logit-alpha-0.000000,17,ISIC_0022663_A03_T1_S1_5b302c0d11659747a0a01102.png,S1,0.5655546188354492,0.5655831642752935,T1,val,M,1703ca22a1c39afeca05ffd0c12fe01606f41d5af81442d20102f130cc2ca491,d67353b51c7f853c45c0fad75d4336d0d442799627d3e648686eb70a497ad029,0.0,T1,1228930
0.0,0.0,0.0,,A00,0.4286896884441376,0.42857816453197106,0.269717622929648,0.1786178764440113,0.4125547053983132,0,5ca3f9fed2a631d522b1bd5334bde7efb3613c82a3aa714d8ae5da962737af8c,0.4286896884441376,0.3838213086128235,0.0,0.3838213086128235,0.6610470414161682,0.0,0.0,02fc8095c431dfc5451811632a802997c5ba97593e8a98ad29eaf0d9e1211df4,complete_update,4659.490100858677,0.751118163387758,0.751118163387758,0.7686452406422639,1354985,0,0,988180,0,0,0.0,0.0,0.0,0.017527077254505863,-0.017527077254505863,e0c70e7657a51eb8c86621fedacc1d565f919acc44091267cc2757827dd56d4f,ISIC_0023298,0,762.4649583281157,0.16363699499814463,ISIC_0023316,6454e913be010bb8293fb09b5d61f46dd6e1c24ceb7e515f3617334c0a1fc89d,0.6014325305789265,0.6014325305789265,0.0,0.0,0.3838213086128235,0.3838213086128235,0.3837410539943303,0.3837410539943303,cuda_FP32_original_batch_present,canonical_letterbox_valid,3d99874f14ae5f316eec36e21141043d75bd4fd17ccfb31e3174198dee269596,2b93f1f0590ab5ad364798c7c146e09efa6c83e5e25996d70c05dac6cc7158f7,0.45822474360466003,complete_logit_interpolation,0,10036224,0.7815685385131947,0,4523982,0.4507653476048362,92d5150fc3a7ac949c7d1320aebfffdc73e39890dbabeb9f3dab9199919f89e9,RSI-TailProbe-20261004,0.7229515413368033,4890787,0.4873134557379349,3,5b2bd75f1165976d8f829d2d,0.0,0,0.0,U-Mean-logit-alpha-0.000000,17,ISIC_0023316_A00_T2_S2_5b2bd75f1165976d8f829d2d.png,S2,0.6610470414161682,0.6610960565433105,T2,val,M,1703ca22a1c39afeca05ffd0c12fe01606f41d5af81442d20102f130cc2ca491,d67353b51c7f853c45c0fad75d4336d0d442799627d3e648686eb70a497ad029,0.0,T2,3535802
0.0,0.0,0.0,,A08,0.692238986492157,0.692417920739015,0.14734364824984722,0.09554011220391653,0.2596002813868814,0,5ca3f9fed2a631d522b1bd5334bde7efb3613c82a3aa714d8ae5da962737af8c,0.692238986492157,0.5755224227905273,0.0,0.5755224227905273,0.5411942005157471,0.0,0.0,02fc8095c431dfc5451811632a802997c5ba97593e8a98ad29eaf0d9e1211df4,complete_update,4659.490100858677,0.7147666445745648,0.7147666445745648,0.7251036483142795,866038,0,0,1526389,0,0,0.0,0.0,0.0,0.01033700373971469,-0.01033700373971469,e0c70e7657a51eb8c86621fedacc1d565f919acc44091267cc2757827dd56d4f,ISIC_0023298,0,720.6246171224915,0.15465739845432674,ISIC_0023316,6454e913be010bb8293fb09b5d61f46dd6e1c24ceb7e515f3617334c0a1fc89d,0.5561376395634896,0.5561376395634896,0.0,0.0,0.5755224227905273,0.5755224227905273,0.5758318534964121,0.5758318534964121,cuda_FP32_original_batch_present,canonical_letterbox_valid,3d99874f14ae5f316eec36e21141043d75bd4fd17ccfb31e3174198dee269596,22edbd234200b0aaaf435ec048233618bda7f0449b3748344471269f10177688,0.45822474360466003,complete_logit_interpolation,0,10036224,0.6626005585344946,0,4523982,0.4507653476048362,92d5150fc3a7ac949c7d1320aebfffdc73e39890dbabeb9f3dab9199919f89e9,RSI-TailProbe-20261004,0.7758486770605164,3863631,0.38496858978037957,3,5b2d3c19116597169d551ad4,0.0,0,0.0,U-Mean-logit-alpha-0.000000,17,ISIC_0023316_A08_T3_S1_5b2d3c19116597169d551ad4.png,S1,0.5411942005157471,0.5407542137461908,T3,val,M,1703ca22a1c39afeca05ffd0c12fe01606f41d5af81442d20102f130cc2ca491,d67353b51c7f853c45c0fad75d4336d0d442799627d3e648686eb70a497ad029,0.0,T3,2997593
0.0,0.0,0.0,,A09,0.6065717935562134,0.6037337885524329,0.2215929118659105,0.1733442354865086,0.279463919939135,0,5ca3f9fed2a631d522b1bd5334bde7efb3613c82a3aa714d8ae5da962737af8c,0.6065717935562134,0.4625081717967987,0.0,0.4625081717967987,0.681555449962616,0.0,0.0,02fc8095c431dfc5451811632a802997c5ba97593e8a98ad29eaf0d9e1211df4,complete_update,4659.490100858677,0.7322433050068167,0.7322433050068167,0.7584753194817307,3297796,0,0,6203,0,0,0.0,0.0,0.0,0.026232014474914078,-0.026232014474914078,e0c70e7657a51eb8c86621fedacc1d565f919acc44091267cc2757827dd56d4f,ISIC_0023298,0,871.4125314223324,0.18701886098260917,ISIC_0023316,6454e913be010bb8293fb09b5d61f46dd6e1c24ceb7e515f3617334c0a1fc89d,0.5775897756239055,0.5775897756239055,0.0,0.0,0.4625081717967987,0.4625081717967987,0.46095660872445215,0.46095660872445215,cuda_FP32_original_batch_present,canonical_letterbox_valid,3d99874f14ae5f316eec36e21141043d75bd4fd17ccfb31e3174198dee269596,08b8f970ae0b1a93a97929a67299390ee54daceffc226299511b63083928602d,0.45822474360466003,complete_logit_interpolation,0,10036224,0.9986288628027256,0,4523982,0.4507653476048362,92d5150fc3a7ac949c7d1320aebfffdc73e39890dbabeb9f3dab9199919f89e9,RSI-TailProbe-20261004,0.5780481922315377,7815575,0.7787366045237731,3,5b30c6d011659747a0a01228,0.0,0,0.0,U-Mean-logit-alpha-0.000000,17,ISIC_0023316_A09_T1_S1_5b30c6d011659747a0a01228.png,S1,0.681555449962616,0.6818205711035286,T1,val,M,1703ca22a1c39afeca05ffd0c12fe01606f41d5af81442d20102f130cc2ca491,d67353b51c7f853c45c0fad75d4336d0d442799627d3e648686eb70a497ad029,0.0,T1,4517779
0.0,0.0,0.0,,A00,0.06816532462835312,0.06743957369959676,0.03604251839738348,0.0,0.3304715465486626,0,5ca3f9fed2a631d522b1bd5334bde7efb3613c82a3aa714d8ae5da962737af8c,0.06816532462835312,0.11492879688739777,0.0,0.11492879688739777,0.8383077383041382,0.0,0.0,02fc8095c431dfc5451811632a802997c5ba97593e8a98ad29eaf0d9e1211df4,complete_update,4659.490100858677,0.8531416433675222,0.8531416433675222,0.8521842834398586,0,0,0,272822,0,0,0.0,0.0,0.0,-0.000957359927663548,0.000957359927663548,e0c70e7657a51eb8c86621fedacc1d565f919acc44091267cc2757827dd56d4f,ISIC_0023380,0,172.65975428230118,0.03705550404549255,ISIC_0023381,3dd598a56081922480669e908240f7b974663d96e7cfa22f19fcec111fd3a1df,0.7438945170810836,0.7438945170810836,0.0,0.0,0.11492879688739777,0.11492879688739777,0.1142343643744857,0.1142343643744857,cuda_FP32_original_batch_present,canonical_letterbox_valid,3d99874f14ae5f316eec36e21141043d75bd4fd17ccfb31e3174198dee269596,c91d8438a9e9bd6bb3b8b1715428595ee7048fb2981cc22d694f5927ef9d24b4,0.4764045774936676,complete_logit_interpolation,0,10036224,0.7438945170810836,0,1065272,0.10614270865217836,4a39c23fbd6689c9e2c7ca315b063e334e73eb2aa532765c79c5e7fa07674346,RSI-TailProbe-20261004,1.0,792450,0.07895897899449036,2,5b2bd7701165976d8f829d54,0.0,0,0.0,U-Mean-logit-alpha-0.000000,17,ISIC_0023381_A00_T2_S1_5b2bd7701165976d8f829d54.png,S1,0.8383077383041382,0.8389708449506253,T2,val,M,1703ca22a1c39afeca05ffd0c12fe01606f41d5af81442d20102f130cc2ca491,d67353b51c7f853c45c0fad75d4336d0d442799627d3e648686eb70a497ad029,0.7438945170810836,T2,792450
0.0,0.0,0.0,,A03,0.02598491497337818,0.026169151920076437,0.659798837806361,0.37855955240964845,0.90878472217913,0,5ca3f9fed2a631d522b1bd5334bde7efb3613c82a3aa714d8ae5da962737af8c,0.02598491497337818,0.05272085964679718,0.0,0.05272085964679718,0.9205431938171387,0.0,0.0,02fc8095c431dfc5451811632a802997c5ba97593e8a98ad29eaf0d9e1211df4,complete_update,4659.490100858677,0.9491423865521562,0.9491423865521562,0.9478553238141281,37860,0,0,68915,0,0,0.0,0.0,0.0,-0.001287062738028144,0.001287062738028144,e0c70e7657a51eb8c86621fedacc1d565f919acc44091267cc2757827dd56d4f,ISIC_0023380,0,65.0,0.013950024271544528,ISIC_0023381,3dd598a56081922480669e908240f7b974663d96e7cfa22f19fcec111fd3a1df,0.9032074130747726,0.9032074130747726,0.0,0.0,0.05272085964679718,0.05272085964679718,0.053030473138245285,0.053030473138245285,cuda_FP32_original_batch_present,canonical_letterbox_valid,3d99874f14ae5f316eec36e21141043d75bd4fd17ccfb31e3174198dee269596,25a8cb4344bc35e3037908b21f618682cd38df1be0dc4124d1e49f31ae6c5cbf,0.4764045774936676,complete_logit_interpolation,0,10036224,0.9353076021898632,0,1065272,0.10614270865217836,4a39c23fbd6689c9e2c7ca315b063e334e73eb2aa532765c79c5e7fa07674346,RSI-TailProbe-20261004,0.9633925955577988,1034217,0.103048417412764,2,5b30bd9e11659747a0a011cb,0.0,0,0.0,U-Mean-logit-alpha-0.000000,17,ISIC_0023381_A03_T3_S1_5b30bd9e11659747a0a011cb.png,S1,0.9205431938171387,0.9201082056435859,T3,val,M,1703ca22a1c39afeca05ffd0c12fe01606f41d5af81442d20102f130cc2ca491,d67353b51c7f853c45c0fad75d4336d0d442799627d3e648686eb70a497ad029,0.9032074130747726,T3,996357
0.0,0.0,0.0,,A00,0.044854745268821716,0.04435606138254745,0.45415289103126877,0.19746500680933304,0.9345670231051874,0,5ca3f9fed2a631d522b1bd5334bde7efb3613c82a3aa714d8ae5da962737af8c,0.044854745268821716,0.06367602199316025,0.0,0.06367602199316025,0.9175027012825012,0.0,0.0,02fc8095c431dfc5451811632a802997c5ba97593e8a98ad29eaf0d9e1211df4,complete_update,3840.0,0.9621063364560988,0.9621063364560988,0.9589613596788733,6044,0,0,96603,0,0,0.0,0.0,0.0,-0.003144976777225472,0.003144976777225472,52b1d8565de1e8d2acca1ef76c2c60d1e4dc93ad3f0d6e76e98110362bd2a341,ISIC_0023625,0,40.51295917808286,0.010550249785959078,ISIC_0023628,04a0d32640ada699d0198665365609bb2477e404170e37f837b074289f221b9c,0.9269796803373616,0.9269796803373616,0.0,0.0,0.06367602199316025,0.06367602199316025,0.06335845647522625,0.06335845647522625,cuda_FP32_original_batch_present,canonical_letterbox_valid,3d99874f14ae5f316eec36e21141043d75bd4fd17ccfb31e3174198dee269596,ee41959b3176a01db7d113cc1455423dd3393cfdfedc2a0de5c8f347c2004811,0.4165475368499756,complete_logit_interpolation,0,7077888,0.9309824760946726,0,1399688,0.1977550365306713,2ed844422688a818c455ef056fc8d6d667c3cb3ac2a7e0104a3def6190feb9eb,RSI-TailProbe-20261004,0.9953831898919052,1309129,0.18496040061668115,3,5b2bd7931165976d8f829d9c,0.0,0,0.0,U-Mean-logit-alpha-0.000000,17,ISIC_0023628_A00_T2_S1_5b2bd7931165976d8f829d9c.png,S1,0.9175027012825012,0.9176391484320949,T2,val,M,1703ca22a1c39afeca05ffd0c12fe01606f41d5af81442d20102f130cc2ca491,d67353b51c7f853c45c0fad75d4336d0d442799627d3e648686eb70a497ad029,0.9269796803373616,T2,1303085
0.0,0.0,0.0,,A09,0.37823987007141113,0.37767176841288713,0.39124211948772813,0.23632475422069305,0.5531771511881223,0,5ca3f9fed2a631d522b1bd5334bde7efb3613c82a3aa714d8ae5da962737af8c,0.37823987007141113,0.3106996715068817,0.0,0.3106996715068817,0.7568405270576477,0.0,0.0,02fc8095c431dfc5451811632a802997c5ba97593e8a98ad29eaf0d9e1211df4,complete_update,3840.0,0.7612542536485218,0.7612542536485218,0.7658290329453361,875647,0,0,1412,0,0,0.0,0.0,0.0,0.004574779296814269,-0.004574779296814269,52b1d8565de1e8d2acca1ef76c2c60d1e4dc93ad3f0d6e76e98110362bd2a341,ISIC_0023625,0,839.4694753235522,0.21861184253217505,ISIC_0023628,04a0d32640ada699d0198665365609bb2477e404170e37f837b074289f221b9c,0.6145363210252556,0.6145363210252556,0.0,0.0,0.3106996715068817,0.3106996715068817,0.3103321516789256,0.3103321516789256,cuda_FP32_original_batch_present,canonical_letterbox_valid,3d99874f14ae5f316eec36e21141043d75bd4fd17ccfb31e3174198dee269596,63cacc5d83027f47b8d3350b590aedef77c993b37d4b62687168be6fcf7189f0,0.4165475368499756,complete_logit_interpolation,0,7077888,0.9989912037539794,0,1399688,0.1977550365306713,2ed844422688a818c455ef056fc8d6d667c3cb3ac2a7e0104a3def6190feb9eb,RSI-TailProbe-20261004,0.6149179193842536,2273923,0.321271401864511,3,5b3106cf11659747a0a012e8,0.0,0,0.0,U-Mean-logit-alpha-0.000000,17,ISIC_0023628_A09_T1_S1_5b3106cf11659747a0a012e8.png,S1,0.7568405270576477,0.757007465055036,T1,val,M,1703ca22a1c39afeca05ffd0c12fe01606f41d5af81442d20102f130cc2ca491,d67353b51c7f853c45c0fad75d4336d0d442799627d3e648686eb70a497ad029,0.0,T1,1398276
0.0,0.0,0.0,,A03,0.47159281373023987,0.46848046409199023,0.21397827201120478,0.09463239844169412,0.41017315882303673,0,5ca3f9fed2a631d522b1bd5334bde7efb3613c82a3aa714d8ae5da962737af8c,0.47159281373023987,0.3721200227737427,0.0,0.3721200227737427,0.7273527979850769,0.0,0.0,02fc8095c431dfc5451811632a802997c5ba97593e8a98ad29eaf0d9e1211df4,complete_update,3840.0,0.7263547307404783,0.7263547307404783,0.7312767383790618,1054529,0,0,58,0,0,0.0,0.0,0.0,0.004922007638583525,-0.004922007638583525,52b1d8565de1e8d2acca1ef76c2c60d1e4dc93ad3f0d6e76e98110362bd2a341,ISIC_0023625,0,904.5982533699697,0.23557246181509628,ISIC_0023628,04a0d32640ada699d0198665365609bb2477e404170e37f837b074289f221b9c,0.5702959436757222,0.5702959436757222,0.0,0.0,0.3721200227737427,0.3721200227737427,0.37013043331684603,0.37013043331684603,cuda_FP32_original_batch_present,canonical_letterbox_valid,3d99874f14ae5f316eec36e21141043d75bd4fd17ccfb31e3174198dee269596,eed7b1aee512d45e17275cccd0d2c24fa311ca8dcca17678417dd5c0f16793fb,0.4165475368499756,complete_logit_interpolation,0,7077888,0.9999585621938604,0,1399688,0.1977550365306713,2ed844422688a818c455ef056fc8d6d667c3cb3ac2a7e0104a3def6190feb9eb,RSI-TailProbe-20261004,0.5703094216796875,2454159,0.3467360602484809,3,5b3106f211659747a0a012eb,0.0,0,0.0,U-Mean-logit-alpha-0.000000,17,ISIC_0023628_A03_T1_S1_5b3106f211659747a0a012eb.png,S1,0.7273527979850769,0.7282195974582982,T1,val,M,1703ca22a1c39afeca05ffd0c12fe01606f41d5af81442d20102f130cc2ca491,d67353b51c7f853c45c0fad75d4336d0d442799627d3e648686eb70a497ad029,0.0,T1,1399630
0.0,0.0,0.0,,A00,0.09411852806806564,0.09480381351211536,0.14746872543536463,0.08341775118983318,0.42905230778988096,0,5ca3f9fed2a631d522b1bd5334bde7efb3613c82a3aa714d8ae5da962737af8c,0.09411852806806564,0.07701084017753601,0.0,0.07701084017753601,0.9400968551635742,0.0,0.0,02fc8095c431dfc5451811632a802997c5ba97593e8a98ad29eaf0d9e1211df4,complete_update,2560.0,0.9526790407809193,0.9526790407809193,0.9582429416369054,357,0,0,142864,0,0,0.0,0.0,0.0,0.005563900855986126,-0.005563900855986126,0ac16f1af3ea822a7bc9a3ad83aad4d685083eef5c17b4cbcb8897ba203bbe9f,ISIC_0024100,0,65.19317429656121,0.025466083709594224,ISIC_0024104,294d30e0e89bfe97e0d55e388cf2f10815d5f60291901ff0bd8c57615f39cf72,0.9096342743787637,0.9096342743787637,0.0,0.0,0.07701084017753601,0.07701084017753601,0.07747426628361778,0.07747426628361778,cuda_FP32_original_batch_present,canonical_letterbox_valid,3d99874f14ae5f316eec36e21141043d75bd4fd17ccfb31e3174198dee269596,1e0f8edbc8af9283b54c9798e6ae3a862f426b36d45f9ec35310a4599598abf8,0.5186474919319153,complete_logit_interpolation,0,3145728,0.9098392158768405,0,1584547,0.5037139256795248,529965d1880ac5b3947cf0b3f2dad64e2d02cf9502a5586ca8eb58b3623c1280,RSI-TailProbe-20261004,0.99975243405176,1442040,0.45841217041015625,2,5b2bd9ca1165976ea8195261,0.0,0,0.0,U-Mean-logit-alpha-0.000000,17,ISIC_0024104_A00_T2_S1_5b2bd9ca1165976ea8195261.png,S1,0.9400968551635742,0.9398552809448798,T2,val,M,1703ca22a1c39afeca05ffd0c12fe01606f41d5af81442d20102f130cc2ca491,d67353b51c7f853c45c0fad75d4336d0d442799627d3e648686eb70a497ad029,0.9096342743787637,T2,1441683
0.0,0.0,0.0,,A03,0.07801950722932816,0.07761837534755987,0.4565784752175428,0.27738212145321306,0.6682287070565682,0,5ca3f9fed2a631d522b1bd5334bde7efb3613c82a3aa714d8ae5da962737af8c,0.07801950722932816,0.06369656324386597,0.0,0.06369656324386597,0.9506263732910156,0.0,0.0,02fc8095c431dfc5451811632a802997c5ba97593e8a98ad29eaf0d9e1211df4,complete_update,2560.0,0.9667208296136448,0.9667208296136448,0.9617881071060977,104742,0,0,4073,0,0,0.0,0.0,0.0,-0.00493272250754706,0.00493272250754706,0ac16f1af3ea822a7bc9a3ad83aad4d685083eef5c17b4cbcb8897ba203bbe9f,ISIC_0024100,0,67.4166151627327,0.02633461529794246,ISIC_0024104,294d30e0e89bfe97e0d55e388cf2f10815d5f60291901ff0bd8c57615f39cf72,0.9355853261342494,0.9355853261342494,0.0,0.0,0.06369656324386597,0.06369656324386597,0.0634370112207645,0.0634370112207645,cuda_FP32_original_batch_present,canonical_letterbox_valid,3d99874f14ae5f316eec36e21141043d75bd4fd17ccfb31e3174198dee269596,ad325ecf74dc061801471f35b89b7fd3bc8920ce9c2096b9d33348cc832b1e84,0.5186474919319153,complete_logit_interpolation,0,3145728,0.9974295492654999,0,1584547,0.5037139256795248,529965d1880ac5b3947cf0b3f2dad64e2d02cf9502a5586ca8eb58b3623c1280,RSI-TailProbe-20261004,0.937846543113761,1685216,0.5357157389322916,2,5b3032d211659747a0a0114d,0.0,0,0.0,U-Mean-logit-alpha-0.000000,17,ISIC_0024104_A03_T3_S1_5b3032d211659747a0a0114d.png,S1,0.9506263732910156,0.9507443529060309,T3,val,M,1703ca22a1c39afeca05ffd0c12fe01606f41d5af81442d20102f130cc2ca491,d67353b51c7f853c45c0fad75d4336d0d442799627d3e648686eb70a497ad029,0.9355853261342494,T3,1580474
0.0,0.0,0.0,,A00,1.5248689651489258,1.5251476538799391,0.2895492926856015,0.2863363363363363,0.2973908612340977,0,5ca3f9fed2a631d522b1bd5334bde7efb3613c82a3aa714d8ae5da962737af8c,1.5248689651489258,1.1335813999176025,0.0,1.1335813999176025,0.2577061355113983,0.0,0.0,02fc8095c431dfc5451811632a802997c5ba97593e8a98ad29eaf0d9e1211df4,complete_update,3840.0,0.24783963934618036,0.24783963934618036,0.2591063259915138,0,0,0,5477146,0,0,0.0,0.0,0.0,0.011266686645333424,-0.011266686645333424,52b1d8565de1e8d2acca1ef76c2c60d1e4dc93ad3f0d6e76e98110362bd2a341,ISIC_0036090,0,2078.7931955824697,0.5413523946829348,ISIC_0036090,8aa3708ad170e484d5ac58b66f8ab862a36536c0dd12fc28aa7ee2bf9293908b,0.14144803461579217,0.14144803461579217,0.0,0.0,1.1335813999176025,1.1335813999176025,1.1338639677538596,1.1338639677538596,cuda_FP32_original_batch_present,canonical_letterbox_valid,3d99874f14ae5f316eec36e21141043d75bd4fd17ccfb31e3174198dee269596,3ce1c36ff40ff00cd4ad7632c9be178017dc0ac211b85d80940fd8092cb4b69f,0.5445115566253662,complete_logit_interpolation,0,7077888,0.14144803461579217,0,6379516,0.9013304533781828,037d444b8271a321bd1c0ac48bfec204cdeaebe8e7524e1d06c88fcd649a8102,RSI-TailProbe-20261004,1.0,902370,0.12749142116970485,3,5b2bd9e91165976ea819529d,0.0,0,0.0,U-Mean-logit-alpha-0.000000,17,ISIC_0036090_A00_T2_S2_5b2bd9e91165976ea819529d.png,S2,0.2577061355113983,0.25741971837221983,T2,val,M,1703ca22a1c39afeca05ffd0c12fe01606f41d5af81442d20102f130cc2ca491,d67353b51c7f853c45c0fad75d4336d0d442799627d3e648686eb70a497ad029,0.0,T2,902370
0.0,0.0,0.0,,A08,0.9811930656433105,0.9814327868561014,0.1490217335670668,0.09531068615881981,0.2493387997415291,0,5ca3f9fed2a631d522b1bd5334bde7efb3613c82a3aa714d8ae5da962737af8c,0.9811930656433105,0.6440033912658691,0.0,0.6440033912658691,0.6931862235069275,0.0,0.0,02fc8095c431dfc5451811632a802997c5ba97593e8a98ad29eaf0d9e1211df4,complete_update,3840.0,0.7572456547544479,0.7572456547544479,0.7487023450154703,420819,0,0,2235878,0,0,0.0,0.0,0.0,-0.008543309738977656,0.008543309738977656,52b1d8565de1e8d2acca1ef76c2c60d1e4dc93ad3f0d6e76e98110362bd2a341,ISIC_0036090,0,730.0,0.19010416666666666,ISIC_0036090,8aa3708ad170e484d5ac58b66f8ab862a36536c0dd12fc28aa7ee2bf9293908b,0.6093285110218835,0.6093285110218835,0.0,0.0,0.6440033912658691,0.6440033912658691,0.6441485256720366,0.6441485256720366,cuda_FP32_original_batch_present,canonical_letterbox_valid,3d99874f14ae5f316eec36e21141043d75bd4fd17ccfb31e3174198dee269596,d36e6b35f07c40e2fcacde1262294be5490a9ff9aa513a1d5b2ca9ad71826b5a,0.5445115566253662,complete_logit_interpolation,0,7077888,0.6495223148589956,0,6379516,0.9013304533781828,037d444b8271a321bd1c0ac48bfec204cdeaebe8e7524e1d06c88fcd649a8102,RSI-TailProbe-20261004,0.9078052438658092,4564457,0.6448896902578848,3,5b2d31aa116597169d551a1f,0.0,0,0.0,U-Mean-logit-alpha-0.000000,17,ISIC_0036090_A08_T3_S1_5b2d31aa116597169d551a1f.png,S1,0.6931862235069275,0.6931357355120281,T3,val,M,1703ca22a1c39afeca05ffd0c12fe01606f41d5af81442d20102f130cc2ca491,d67353b51c7f853c45c0fad75d4336d0d442799627d3e648686eb70a497ad029,0.0,T3,4143638
0.0,0.0,0.0,,A03,0.3570946156978607,0.3574689262411705,0.38719080265208317,0.33603209323269195,0.47119093009882135,0,5ca3f9fed2a631d522b1bd5334bde7efb3613c82a3aa714d8ae5da962737af8c,0.3570946156978607,0.2592815160751343,0.0,0.2592815160751343,0.8385316133499146,0.0,0.0,02fc8095c431dfc5451811632a802997c5ba97593e8a98ad29eaf0d9e1211df4,complete_update,3840.0,0.9078514720705962,0.9078514720705962,0.9078306827630943,71493,0,0,1017097,0,0,0.0,0.0,0.0,-2.0789307501933862e-05,2.0789307501933862e-05,52b1d8565de1e8d2acca1ef76c2c60d1e4dc93ad3f0d6e76e98110362bd2a341,ISIC_0036090,0,393.16841133738586,0.10238760711911091,ISIC_0036090,8aa3708ad170e484d5ac58b66f8ab862a36536c0dd12fc28aa7ee2bf9293908b,0.831252754414077,0.831252754414077,0.0,0.0,0.2592815160751343,0.2592815160751343,0.259548845366263,0.259548845366263,cuda_FP32_original_batch_present,canonical_letterbox_valid,3d99874f14ae5f316eec36e21141043d75bd4fd17ccfb31e3174198dee269596,2ebf67257d942ad2b74adac0e8119b2858f1241574c506b2debe79e14e2105e5,0.5445115566253662,complete_logit_interpolation,0,7077888,0.8405683127058542,0,6379516,0.9013304533781828,037d444b8271a321bd1c0ac48bfec204cdeaebe8e7524e1d06c88fcd649a8102,RSI-TailProbe-20261004,0.9868431803827519,5433912,0.767730712890625,3,5b30084e11659747a0a00f75,0.0,0,0.0,U-Mean-logit-alpha-0.000000,17,ISIC_0036090_A03_T1_S1_5b30084e11659747a0a00f75.png,S1,0.8385316133499146,0.8383712355086446,T1,val,M,1703ca22a1c39afeca05ffd0c12fe01606f41d5af81442d20102f130cc2ca491,d67353b51c7f853c45c0fad75d4336d0d442799627d3e648686eb70a497ad029,0.831252754414077,T1,5362419
0.0,0.0,0.0,,A00,0.27824628353118896,0.2782851225732977,0.0999303913744156,0.03479404319668628,0.14582793400910948,0,5ca3f9fed2a631d522b1bd5334bde7efb3613c82a3aa714d8ae5da962737af8c,0.27824628353118896,0.3334875702857971,0.0,0.3334875702857971,0.6112711429595947,0.0,0.0,02fc8095c431dfc5451811632a802997c5ba97593e8a98ad29eaf0d9e1211df4,complete_update,3840.0,0.82268495367542,0.82268495367542,0.8238090837388833,34365,0,0,576588,0,0,0.0,0.0,0.0,0.0011241300634632356,-0.0011241300634632356,52b1d8565de1e8d2acca1ef76c2c60d1e4dc93ad3f0d6e76e98110362bd2a341,ISIC_0036152,0,216.5848563496534,0.05640230634105557,ISIC_0036152,f921595135e4157814744d7751e80fdb209ccc8a8c896dd01b00557486e84c3b,0.6987806333094377,0.6987806333094377,0.0,0.0,0.3334875702857971,0.3334875702857971,0.33349006735782394,0.33349006735782394,cuda_FP32_original_batch_present,canonical_letterbox_valid,3d99874f14ae5f316eec36e21141043d75bd4fd17ccfb31e3174198dee269596,4d00d7a3c541cb3b6986237b208fc058b22f2f02cb34dcb7cf48f9e91c4359bc,0.5894486308097839,complete_logit_interpolation,0,7077888,0.7108241582706464,0,1993901,0.28170847009729455,ce1f839d0efcc21807ab5308fdada8dfd41a231446a7b6a0b02f0c7e0d830b6b,RSI-TailProbe-20261004,0.9763273949181568,1451678,0.2051004480432581,3,5b2bda421165976ea8195357,0.0,0,0.0,U-Mean-logit-alpha-0.000000,17,ISIC_0036152_A00_T2_S2_5b2bda421165976ea8195357.png,S2,0.6112711429595947,0.6113049878576498,T2,val,M,1703ca22a1c39afeca05ffd0c12fe01606f41d5af81442d20102f130cc2ca491,d67353b51c7f853c45c0fad75d4336d0d442799627d3e648686eb70a497ad029,0.6987806333094377,T2,1417313
0.0,0.0,0.0,,A08,1.2270764112472534,1.2266811056601066,0.0,0.0,0.0,0,5ca3f9fed2a631d522b1bd5334bde7efb3613c82a3aa714d8ae5da962737af8c,1.2270764112472534,0.841692328453064,0.0,0.841692328453064,0.5436917543411255,0.0,0.0,02fc8095c431dfc5451811632a802997c5ba97593e8a98ad29eaf0d9e1211df4,complete_update,3840.0,0.489251093355044,0.489251093355044,0.48840301606038405,4163027,0,0,0,0,0,0.0,0.0,0.0,-0.0008480772946599657,0.0008480772946599657,52b1d8565de1e8d2acca1ef76c2c60d1e4dc93ad3f0d6e76e98110362bd2a341,ISIC_0036152,0,910.875677568439,0.2372072077001143,ISIC_0036152,f921595135e4157814744d7751e80fdb209ccc8a8c896dd01b00557486e84c3b,0.3238467300575872,0.3238467300575872,0.0,0.0,0.841692328453064,0.841692328453064,0.8414764946955258,0.8414764946955258,cuda_FP32_original_batch_present,canonical_letterbox_valid,3d99874f14ae5f316eec36e21141043d75bd4fd17ccfb31e3174198dee269596,29a5bcc20e448028b2950f6389d8d1a8eb70e944bbf065b2cac3a1028da3286e,0.5894486308097839,complete_logit_interpolation,0,7077888,1.0,0,1993901,0.28170847009729455,ce1f839d0efcc21807ab5308fdada8dfd41a231446a7b6a0b02f0c7e0d830b6b,RSI-TailProbe-20261004,0.3238467300575872,6156928,0.8698820891203703,3,5b2d3298116597169d551a3b,0.0,0,0.0,U-Mean-logit-alpha-0.000000,17,ISIC_0036152_A08_T3_S1_5b2d3298116597169d551a3b.png,S1,0.5436917543411255,0.5437281162690552,T3,val,M,1703ca22a1c39afeca05ffd0c12fe01606f41d5af81442d20102f130cc2ca491,d67353b51c7f853c45c0fad75d4336d0d442799627d3e648686eb70a497ad029,0.0,T3,1993901
0.0,0.0,0.0,,A03,0.2839233875274658,0.2838525502938682,0.306486243079443,0.1494590190004298,0.4924675244564335,0,5ca3f9fed2a631d522b1bd5334bde7efb3613c82a3aa714d8ae5da962737af8c,0.2839233875274658,0.34879469871520996,0.0,0.34879469871520996,0.5863339900970459,0.0,0.0,02fc8095c431dfc5451811632a802997c5ba97593e8a98ad29eaf0d9e1211df4,complete_update,3840.0,0.7646723873491892,0.7646723873491892,0.7666916926967013,23704,0,0,744996,0,0,0.0,0.0,0.0,0.002019305347512157,-0.002019305347512157,52b1d8565de1e8d2acca1ef76c2c60d1e4dc93ad3f0d6e76e98110362bd2a341,ISIC_0036152,0,724.6803432270291,0.18871883938203882,ISIC_0036152,f921595135e4157814744d7751e80fdb209ccc8a8c896dd01b00557486e84c3b,0.6190037197568404,0.6190037197568404,0.0,0.0,0.34879469871520996,0.34879469871520996,0.3487083283848269,0.3487083283848269,cuda_FP32_original_batch_present,canonical_letterbox_valid,3d99874f14ae5f316eec36e21141043d75bd4fd17ccfb31e3174198dee269596,09bb9bc3540e37ec88c654542b28a0ed5ca6baf34901f8c8aac4d670692b271a,0.5894486308097839,complete_logit_interpolation,0,7077888,0.6263625927265195,0,1993901,0.28170847009729455,ce1f839d0efcc21807ab5308fdada8dfd41a231446a7b6a0b02f0c7e0d830b6b,RSI-TailProbe-20261004,0.9813736976557608,1272609,0.17980066935221353,3,5b30046211659747a0a00f4b,0.0,0,0.0,U-Mean-logit-alpha-0.000000,17,ISIC_0036152_A03_T1_S1_5b30046211659747a0a00f4b.png,S1,0.5863339900970459,0.5864358935242143,T1,val,M,1703ca22a1c39afeca05ffd0c12fe01606f41d5af81442d20102f130cc2ca491,d67353b51c7f853c45c0fad75d4336d0d442799627d3e648686eb70a497ad029,0.0,T1,1248905
0.0,0.0,0.0,,A00,0.06572643667459488,0.06530960677918707,0.4398682177960657,0.2918367032187418,0.5962527715779119,0,5ca3f9fed2a631d522b1bd5334bde7efb3613c82a3aa714d8ae5da962737af8c,0.06572643667459488,0.18095849454402924,0.0,0.18095849454402924,0.7038094401359558,0.0,0.0,02fc8095c431dfc5451811632a802997c5ba97593e8a98ad29eaf0d9e1211df4,complete_update,3840.0,0.7258974139439309,0.7258974139439309,0.7314297950262862,4817,0,0,142449,0,0,0.0,0.0,0.0,0.00553238108235532,-0.00553238108235532,52b1d8565de1e8d2acca1ef76c2c60d1e4dc93ad3f0d6e76e98110362bd2a341,ISIC_0036170,0,526.5657514309321,0.1371264977684719,ISIC_0036170,ac25a04e6204ffcd4f02b5fff8ba35ee0f43ccb2460ffb44315680a8a83f2ea8,0.5697323134637972,0.5697323134637972,0.0,0.0,0.18095849454402924,0.18095849454402924,0.18088147773977326,0.18088147773977326,cuda_FP32_original_batch_present,canonical_letterbox_valid,3d99874f14ae5f316eec36e21141043d75bd4fd17ccfb31e3174198dee269596,b6ebeaaa9b1beb2eea717858a0971d4925502b8f871bdcaa77a45a44604a279e,0.3444285988807678,complete_logit_interpolation,0,7077888,0.577865099615053,0,337449,0.04767651028103299,abcd06918821b1b240426054d4ca01c94c5d333268b8f8415036251bbd0e834f,RSI-TailProbe-20261004,0.9758929420419684,199817,0.028231161612051504,3,5b2bda5b1165976ea819538a,0.0,0,0.0,U-Mean-logit-alpha-0.000000,17,ISIC_0036170_A00_T2_S2_5b2bda5b1165976ea819538a.png,S2,0.7038094401359558,0.7035466512996406,T2,val,M,1703ca22a1c39afeca05ffd0c12fe01606f41d5af81442d20102f130cc2ca491,d67353b51c7f853c45c0fad75d4336d0d442799627d3e648686eb70a497ad029,0.0,T2,195000
0.0,0.0,0.0,,A08,0.8427826762199402,0.8424133841535529,0.10585750052159398,0.07848616282193989,0.1440636895624865,0,5ca3f9fed2a631d522b1bd5334bde7efb3613c82a3aa714d8ae5da962737af8c,0.8427826762199402,0.7238600850105286,0.0,0.7238600850105286,0.39506250619888306,0.0,0.0,02fc8095c431dfc5451811632a802997c5ba97593e8a98ad29eaf0d9e1211df4,complete_update,3840.0,0.39453557943380985,0.39453557943380985,0.3988856607869933,1029970,0,0,1412,0,0,0.0,0.0,0.0,0.004350081353183433,-0.004350081353183433,52b1d8565de1e8d2acca1ef76c2c60d1e4dc93ad3f0d6e76e98110362bd2a341,ISIC_0036170,0,474.63353830718825,0.1236024839341636,ISIC_0036170,ac25a04e6204ffcd4f02b5fff8ba35ee0f43ccb2460ffb44315680a8a83f2ea8,0.24574545183297877,0.24574545183297877,0.0,0.0,0.7238600850105286,0.7238600850105286,0.7237535571222082,0.7237535571222082,cuda_FP32_original_batch_present,canonical_letterbox_valid,3d99874f14ae5f316eec36e21141043d75bd4fd17ccfb31e3174198dee269596,0953540fb7660c0a062a06ca3c32c437e75e55d53b4c25ae356f3f4f0e776e65,0.3444285988807678,complete_logit_interpolation,0,7077888,0.9958156639966336,0,337449,0.04767651028103299,abcd06918821b1b240426054d4ca01c94c5d333268b8f8415036251bbd0e834f,RSI-TailProbe-20261004,0.24599947145219608,1366007,0.19299641361942999,3,5b2d3274116597169d551a35,0.0,0,0.0,U-Mean-logit-alpha-0.000000,17,ISIC_0036170_A08_T1_S1_5b2d3274116597169d551a35.png,S1,0.39506250619888306,0.39490626990913663,T1,val,M,1703ca22a1c39afeca05ffd0c12fe01606f41d5af81442d20102f130cc2ca491,d67353b51c7f853c45c0fad75d4336d0d442799627d3e648686eb70a497ad029,0.0,T1,336037
0.0,0.0,0.0,,A03,0.2159450799226761,0.2146196172525947,0.03168149706319591,0.016773966803520935,0.056416097007755704,0,5ca3f9fed2a631d522b1bd5334bde7efb3613c82a3aa714d8ae5da962737af8c,0.2159450799226761,0.3354729115962982,0.0,0.3354729115962982,0.5449992418289185,0.0,0.0,02fc8095c431dfc5451811632a802997c5ba97593e8a98ad29eaf0d9e1211df4,complete_update,3840.0,0.5440257196974909,0.5440257196974909,0.5520753244797715,297481,0,0,100207,0,0,0.0,0.0,0.0,0.008049604782280562,-0.008049604782280562,52b1d8565de1e8d2acca1ef76c2c60d1e4dc93ad3f0d6e76e98110362bd2a341,ISIC_0036170,0,336.1892962017429,0.08754929588587054,ISIC_0036170,ac25a04e6204ffcd4f02b5fff8ba35ee0f43ccb2460ffb44315680a8a83f2ea8,0.37365063865307985,0.37365063865307985,0.0,0.0,0.3354729115962982,0.3354729115962982,0.3344750397118782,0.3344750397118782,cuda_FP32_original_batch_present,canonical_letterbox_valid,3d99874f14ae5f316eec36e21141043d75bd4fd17ccfb31e3174198dee269596,4a8d4b16b0a85a5e448ec83bb9ddd0bd2d211cf913eb9eda9682e65adad42be1,0.3444285988807678,complete_logit_interpolation,0,7077888,0.7030454972455097,0,337449,0.04767651028103299,abcd06918821b1b240426054d4ca01c94c5d333268b8f8415036251bbd0e834f,RSI-TailProbe-20261004,0.44367270530723385,534723,0.07554838392469618,3,5b30111a11659747a0a00fd8,0.0,0,0.0,U-Mean-logit-alpha-0.000000,17,ISIC_0036170_A03_T1_S1_5b30111a11659747a0a00fd8.png,S1,0.5449992418289185,0.5456695378288383,T1,val,M,1703ca22a1c39afeca05ffd0c12fe01606f41d5af81442d20102f130cc2ca491,d67353b51c7f853c45c0fad75d4336d0d442799627d3e648686eb70a497ad029,0.0,T1,237242
0.0,0.0,0.0,,A00,0.16381332278251648,0.16409697293992628,0.022325581395348838,0.0,0.06779004454774357,0,5ca3f9fed2a631d522b1bd5334bde7efb3613c82a3aa714d8ae5da962737af8c,0.16381332278251648,0.35032379627227783,0.0,0.35032379627227783,0.4631657898426056,0.0,0.0,02fc8095c431dfc5451811632a802997c5ba97593e8a98ad29eaf0d9e1211df4,complete_update,3840.0,0.771385272595287,0.771385272595287,0.7578341578012818,0,0,0,262337,0,0,0.0,0.0,0.0,-0.01355111479400517,0.01355111479400517,52b1d8565de1e8d2acca1ef76c2c60d1e4dc93ad3f0d6e76e98110362bd2a341,ISIC_0036180,0,170.10613603512286,0.044298472925813244,ISIC_0036180,121751c1d0e4d9d7a30c95032929c06119316c575d31e6fa7c1ccf562bafdf51,0.6278496060557055,0.6278496060557055,0.0,0.0,0.35032379627227783,0.35032379627227783,0.3508509859507572,0.3508509859507572,cuda_FP32_original_batch_present,canonical_letterbox_valid,3d99874f14ae5f316eec36e21141043d75bd4fd17ccfb31e3174198dee269596,0769e36415cbd5b9fd412bacd52b38c443d8bc99d5c1bb95dbd9caa3a868c44b,0.45591408014297485,complete_logit_interpolation,0,7077888,0.6278496060557055,0,704922,0.09959496392144097,a01ecca002fdae0907d8f8d585689de9c5688b26d1f173a5c17d68cd929d9e69,RSI-TailProbe-20261004,1.0,442585,0.06253065886320891,2,5b2bda671165976ea81953a8,0.0,0,0.0,U-Mean-logit-alpha-0.000000,17,ISIC_0036180_A00_T2_S1_5b2bda671165976ea81953a8.png,S1,0.4631657898426056,0.46239500103841186,T2,val,M,1703ca22a1c39afeca05ffd0c12fe01606f41d5af81442d20102f130cc2ca491,d67353b51c7f853c45c0fad75d4336d0d442799627d3e648686eb70a497ad029,0.0,T2,442585
0.0,0.0,0.0,,A03,0.17499245703220367,0.17448744723679396,0.08392450537010859,0.04655058867026377,0.21312720023728313,0,5ca3f9fed2a631d522b1bd5334bde7efb3613c82a3aa714d8ae5da962737af8c,0.17499245703220367,0.37146708369255066,0.0,0.37146708369255066,0.43205827474594116,0.0,0.0,02fc8095c431dfc5451811632a802997c5ba97593e8a98ad29eaf0d9e1211df4,complete_update,3840.0,0.724519632791575,0.724519632791575,0.7124738784698302,1300,0,0,303762,0,0,0.0,0.0,0.0,-0.012045754321744817,0.012045754321744817,52b1d8565de1e8d2acca1ef76c2c60d1e4dc93ad3f0d6e76e98110362bd2a341,ISIC_0036180,0,267.4520516008432,0.06964897177105292,ISIC_0036180,121751c1d0e4d9d7a30c95032929c06119316c575d31e6fa7c1ccf562bafdf51,0.568036679684292,0.568036679684292,0.0,0.0,0.37146708369255066,0.37146708369255066,0.3704114756144758,0.3704114756144758,cuda_FP32_original_batch_present,canonical_letterbox_valid,3d99874f14ae5f316eec36e21141043d75bd4fd17ccfb31e3174198dee269596,6fce5d13ff2e292fcdd6f45ad53f1eb702b8fb31c8eda2af8523480fa1b5c74a,0.45591408014297485,complete_logit_interpolation,0,7077888,0.5690842391073054,0,704922,0.09959496392144097,a01ecca002fdae0907d8f8d585689de9c5688b26d1f173a5c17d68cd929d9e69,RSI-TailProbe-20261004,0.9967698653282314,402460,0.05686159487123842,2,5b300f4511659747a0a00fbd,0.0,0,0.0,U-Mean-logit-alpha-0.000000,17,ISIC_0036180_A03_T3_S1_5b300f4511659747a0a00fbd.png,S1,0.43205827474594116,0.43366449600784246,T3,val,M,1703ca22a1c39afeca05ffd0c12fe01606f41d5af81442d20102f130cc2ca491,d67353b51c7f853c45c0fad75d4336d0d442799627d3e648686eb70a497ad029,0.0,T3,401160
0.0,0.0,0.0,,A00,0.05269145965576172,0.05300765194862412,0.07971283541873306,0.002106002106002106,0.3730737177829644,0,5ca3f9fed2a631d522b1bd5334bde7efb3613c82a3aa714d8ae5da962737af8c,0.05269145965576172,0.08994391560554504,0.0,0.08994391560554504,0.8728036284446716,0.0,0.0,02fc8095c431dfc5451811632a802997c5ba97593e8a98ad29eaf0d9e1211df4,complete_update,3840.0,0.885244317177757,0.885244317177757,0.8779486328415607,0,0,0,159099,0,0,0.0,0.0,0.0,-0.0072956843361963175,0.0072956843361963175,52b1d8565de1e8d2acca1ef76c2c60d1e4dc93ad3f0d6e76e98110362bd2a341,ISIC_0036303,0,86.84094459286166,0.022614829321057725,ISIC_0036303,dc6f4b19a0d618a4d977ba0e91ae5a2451514dcc6a27a3e1be60aa161d9c23fb,0.794115096983916,0.794115096983916,0.0,0.0,0.08994391560554504,0.08994391560554504,0.09052462255524768,0.09052462255524768,cuda_FP32_original_batch_present,canonical_letterbox_valid,3d99874f14ae5f316eec36e21141043d75bd4fd17ccfb31e3174198dee269596,07c3181b943c06738a9e6b8416485adf6f9514172ba2dec3ae3108c27ca8f6b6,0.463370680809021,complete_logit_interpolation,0,7077888,0.794115096983916,0,772757,0.10917903758861401,6ca09872380e8d813d37c6381386aec6c81cf334f495d0df04340746b92f7b78,RSI-TailProbe-20261004,1.0,613658,0.08670072202329282,2,5b2bdb2f1165976fb48e6739,0.0,0,0.0,U-Mean-logit-alpha-0.000000,17,ISIC_0036303_A00_T2_S1_5b2bdb2f1165976fb48e6739.png,S1,0.8728036284446716,0.8719584068381288,T2,val,M,1703ca22a1c39afeca05ffd0c12fe01606f41d5af81442d20102f130cc2ca491,d67353b51c7f853c45c0fad75d4336d0d442799627d3e648686eb70a497ad029,0.794115096983916,T2,613658
0.0,0.0,0.0,,A03,0.02691325545310974,0.026899970957790318,0.7827329846343435,0.5791047650693506,0.8994007267961722,0,5ca3f9fed2a631d522b1bd5334bde7efb3613c82a3aa714d8ae5da962737af8c,0.02691325545310974,0.04915083944797516,0.0,0.04915083944797516,0.9286115765571594,0.0,0.0,02fc8095c431dfc5451811632a802997c5ba97593e8a98ad29eaf0d9e1211df4,complete_update,3840.0,0.9581438394388034,0.9581438394388034,0.9612895745394264,52416,0,0,13886,0,0,0.0,0.0,0.0,0.0031457351006229928,-0.0031457351006229928,52b1d8565de1e8d2acca1ef76c2c60d1e4dc93ad3f0d6e76e98110362bd2a341,ISIC_0036303,0,101.84791627751233,0.0265228948639355,ISIC_0036303,dc6f4b19a0d618a4d977ba0e91ae5a2451514dcc6a27a3e1be60aa161d9c23fb,0.9196507883801336,0.9196507883801336,0.0,0.0,0.04915083944797516,0.04915083944797516,0.04923248724370173,0.04923248724370173,cuda_FP32_original_batch_present,canonical_letterbox_valid,3d99874f14ae5f316eec36e21141043d75bd4fd17ccfb31e3174198dee269596,3375ff1b2eba59dc93b2fec8e61b431e92f08ce18eb6ade892fe90e2116dc948,0.463370680809021,complete_logit_interpolation,0,7077888,0.9820305736473433,0,772757,0.10917903758861401,6ca09872380e8d813d37c6381386aec6c81cf334f495d0df04340746b92f7b78,RSI-TailProbe-20261004,0.9353915445458882,811287,0.1146227518717448,2,5b300ca311659747a0a00f96,0.0,0,0.0,U-Mean-logit-alpha-0.000000,17,ISIC_0036303_A03_T3_S1_5b300ca311659747a0a00f96.png,S1,0.9286115765571594,0.9284349964703869,T3,val,M,1703ca22a1c39afeca05ffd0c12fe01606f41d5af81442d20102f130cc2ca491,d67353b51c7f853c45c0fad75d4336d0d442799627d3e648686eb70a497ad029,0.9196507883801336,T3,758871
0.0,0.0,0.0,,A00,0.26155444979667664,0.2616570602283137,0.0,0.0,0.0,0,5ca3f9fed2a631d522b1bd5334bde7efb3613c82a3aa714d8ae5da962737af8c,0.26155444979667664,0.48162347078323364,0.0,0.48162347078323364,0.29830750823020935,0.0,0.0,02fc8095c431dfc5451811632a802997c5ba97593e8a98ad29eaf0d9e1211df4,complete_update,3840.0,0.4459461266628553,0.4459461266628553,0.4474893274400114,0,0,0,662890,0,0,0.0,0.0,0.0,0.001543200777156084,-0.001543200777156084,52b1d8565de1e8d2acca1ef76c2c60d1e4dc93ad3f0d6e76e98110362bd2a341,ISIC_0022342,0,426.26212547166136,0.11100576184157848,ISIC_0036325,69af5aab2d21bff7dbc64302b07f01fbdd5750a40c8f06433e5c11febb4aa82c,0.28695667139597897,0.28695667139597897,0.0,0.0,0.48162347078323364,0.48162347078323364,0.4818815544939452,0.4818815544939452,cuda_FP32_original_batch_present,canonical_letterbox_valid,3d99874f14ae5f316eec36e21141043d75bd4fd17ccfb31e3174198dee269596,42c0903ffa1321fa30c668c600e16fa425ab05668c9aa6504b936c6cedc56c69,0.4933564066886902,complete_logit_interpolation,0,7077888,0.28695667139597897,0,929663,0.1313475149649161,6cc3f01e58682cfb9907795a874035c2c501cf44047cadd7e566233d009aede5,RSI-TailProbe-20261004,1.0,266773,0.03769104569046586,3,5b2bdb461165976fb48e676f,0.0,0,0.0,U-Mean-logit-alpha-0.000000,17,ISIC_0036325_A00_T2_S2_5b2bdb461165976fb48e676f.png,S2,0.29830750823020935,0.2978939512404233,T2,val,M,1703ca22a1c39afeca05ffd0c12fe01606f41d5af81442d20102f130cc2ca491,d67353b51c7f853c45c0fad75d4336d0d442799627d3e648686eb70a497ad029,0.0,T2,266773
0.0,0.0,0.0,,A08,1.5300897359848022,1.5296350285763691,0.007206062390553084,0.003701814126217624,0.012712894984665025,0,5ca3f9fed2a631d522b1bd5334bde7efb3613c82a3aa714d8ae5da962737af8c,1.5300897359848022,1.0674540996551514,0.0,1.0674540996551514,0.39518165588378906,0.0,0.0,02fc8095c431dfc5451811632a802997c5ba97593e8a98ad29eaf0d9e1211df4,complete_update,3840.0,0.26851945500964125,0.26851945500964125,0.2673818375282925,4865276,0,0,30979,0,0,0.0,0.0,0.0,-0.0011376174813487738,0.0011376174813487738,52b1d8565de1e8d2acca1ef76c2c60d1e4dc93ad3f0d6e76e98110362bd2a341,ISIC_0022342,0,1314.2027240878365,0.34224029273120743,ISIC_0036325,69af5aab2d21bff7dbc64302b07f01fbdd5750a40c8f06433e5c11febb4aa82c,0.15508083864213237,0.15508083864213237,0.0,0.0,1.0674540996551514,1.0674540996551514,1.0671363933468423,1.0671363933468423,cuda_FP32_original_batch_present,canonical_letterbox_valid,3d99874f14ae5f316eec36e21141043d75bd4fd17ccfb31e3174198dee269596,ebcbb9f5e21b37644acc89aef931bb9c935da307ffcb226d69a6db449d1dfc9d,0.4933564066886902,complete_logit_interpolation,0,7077888,0.966677172265649,0,929663,0.1313475149649161,6cc3f01e58682cfb9907795a874035c2c501cf44047cadd7e566233d009aede5,RSI-TailProbe-20261004,0.15591433667131624,5763960,0.814361572265625,3,5b2d32e4116597169d551a41,0.0,0,0.0,U-Mean-logit-alpha-0.000000,17,ISIC_0036325_A08_T3_S1_5b2d32e4116597169d551a41.png,S1,0.39518165588378906,0.39536224188268465,T3,val,M,1703ca22a1c39afeca05ffd0c12fe01606f41d5af81442d20102f130cc2ca491,d67353b51c7f853c45c0fad75d4336d0d442799627d3e648686eb70a497ad029,0.0,T3,898684
0.0,0.0,0.0,,A03,0.17115600407123566,0.17118313070178134,0.14023687008739025,0.08038209573443668,0.31483458271932835,0,5ca3f9fed2a631d522b1bd5334bde7efb3613c82a3aa714d8ae5da962737af8c,0.17115600407123566,0.3112804591655731,0.0,0.3112804591655731,0.5485950708389282,0.0,0.0,02fc8095c431dfc5451811632a802997c5ba97593e8a98ad29eaf0d9e1211df4,complete_update,3840.0,0.8076961255474665,0.8076961255474665,0.8125798680849257,55273,0,0,262443,0,0,0.0,0.0,0.0,0.004883742537459157,-0.004883742537459157,52b1d8565de1e8d2acca1ef76c2c60d1e4dc93ad3f0d6e76e98110362bd2a341,ISIC_0022342,0,224.39496421221892,0.05843618859693201,ISIC_0036325,69af5aab2d21bff7dbc64302b07f01fbdd5750a40c8f06433e5c11febb4aa82c,0.6774247260735723,0.6774247260735723,0.0,0.0,0.3112804591655731,0.3112804591655731,0.3113061453262043,0.3113061453262043,cuda_FP32_original_batch_present,canonical_letterbox_valid,3d99874f14ae5f316eec36e21141043d75bd4fd17ccfb31e3174198dee269596,2697b7538794ad1f40fb24dd67fb5a4b19fc209805add83d68c7d8e62d62805b,0.4933564066886902,complete_logit_interpolation,0,7077888,0.7177009303371221,0,929663,0.1313475149649161,6cc3f01e58682cfb9907795a874035c2c501cf44047cadd7e566233d009aede5,RSI-TailProbe-20261004,0.9234968366475523,722493,0.10207748413085938,3,5b300a2711659747a0a00f8d,0.0,0,0.0,U-Mean-logit-alpha-0.000000,17,ISIC_0036325_A03_T1_S1_5b300a2711659747a0a00f8d.png,S1,0.5485950708389282,0.5485708400493727,T1,val,M,1703ca22a1c39afeca05ffd0c12fe01606f41d5af81442d20102f130cc2ca491,d67353b51c7f853c45c0fad75d4336d0d442799627d3e648686eb70a497ad029,0.6774247260735723,T1,667220
0.0,0.0,0.0,,A04,0.42084941267967224,0.42073277379515783,0.17938774684597736,0.1434033817182641,0.26573833406836755,0,5ca3f9fed2a631d522b1bd5334bde7efb3613c82a3aa714d8ae5da962737af8c,0.42084941267967224,0.28265100717544556,0.0,0.28265100717544556,0.8555474281311035,0.0,0.0,02fc8095c431dfc5451811632a802997c5ba97593e8a98ad29eaf0d9e1211df4,complete_update,1280.0,0.8695716303476192,0.8695716303476192,0.8594536108320249,138843,0,0,872,0,0,0.0,0.0,0.0,-0.010118019515594323,0.010118019515594323,16ba82c3443a91e7ff00c064a383f9a34c4a1ca7442e3e16be9e626b3f183f98,ISIC_0000289,0,179.3599732381782,0.14012497909232674,ISIC_0000289,a78a9a57019cc68d833e9ee87a54eb3463cfbef75aa1f192f23f52367d17cc3e,0.7692408061335386,0.7692408061335386,0.0,0.0,0.28265100717544556,0.28265100717544556,0.2825367467459698,0.2825367467459698,cuda_FP32_original_batch_present,canonical_letterbox_valid,3d99874f14ae5f316eec36e21141043d75bd4fd17ccfb31e3174198dee269596,da43b286fce51235de531f5bb8c4ea5fe6389d47f430fc09e398ee4fa8f2cc64,0.4589332938194275,complete_logit_interpolation,0,786432,0.9981312216709707,0,466615,0.5933316548665365,80d881745bfcc0788e4d5acc0637f121e58cc247d8cc0cd15ad962af95cecb7b,RSI-TailProbe-20261004,0.7703502892888687,604586,0.7687708536783854,3,5457ada9bae47821f8802169,0.0,0,0.0,U-Mean-logit-alpha-0.000000,17,ISIC_0000289_A04_T1_S1_5457ada9bae47821f8802169.png,S1,0.8555474281311035,0.8556592803032183,T1,val,H,1703ca22a1c39afeca05ffd0c12fe01606f41d5af81442d20102f130cc2ca491,d67353b51c7f853c45c0fad75d4336d0d442799627d3e648686eb70a497ad029,0.7692408061335386,T1,465743
0.0,0.0,0.0,,A03,0.8640730381011963,0.8588093360922887,0.14173647407972345,0.03570909571305899,0.16471879580964638,0,5ca3f9fed2a631d522b1bd5334bde7efb3613c82a3aa714d8ae5da962737af8c,0.8640730381011963,0.5377879738807678,0.0,0.5377879738807678,0.7884970903396606,0.0,0.0,02fc8095c431dfc5451811632a802997c5ba97593e8a98ad29eaf0d9e1211df4,complete_update,1280.0,0.7922689184978204,0.7922689184978204,0.7837573850284606,238770,0,0,3884,0,0,0.0,0.0,0.0,-0.008511533469359844,0.008511533469359844,16ba82c3443a91e7ff00c064a383f9a34c4a1ca7442e3e16be9e626b3f183f98,ISIC_0000289,0,215.45950349132633,0.16832773710259868,ISIC_0000289,a78a9a57019cc68d833e9ee87a54eb3463cfbef75aa1f192f23f52367d17cc3e,0.6559977884417729,0.6559977884417729,0.0,0.0,0.5377879738807678,0.5377879738807678,0.5348285208925299,0.5348285208925299,cuda_FP32_original_batch_present,canonical_letterbox_valid,3d99874f14ae5f316eec36e21141043d75bd4fd17ccfb31e3174198dee269596,197a2cfe96ca395a7500851e2c4b77800a47990d26873796cf8d13ecba02681b,0.4589332938194275,complete_logit_interpolation,0,786432,0.9916762212959291,0,466615,0.5933316548665365,80d881745bfcc0788e4d5acc0637f121e58cc247d8cc0cd15ad962af95cecb7b,RSI-TailProbe-20261004,0.6596298508483951,701501,0.892004648844401,3,57be0a7d9fc3c1434763a325,0.0,0,0.0,U-Mean-logit-alpha-0.000000,17,ISIC_0000289_A03_T1_S1_57be0a7d9fc3c1434763a325.png,S1,0.7884970903396606,0.7891522943072291,T1,val,H,1703ca22a1c39afeca05ffd0c12fe01606f41d5af81442d20102f130cc2ca491,d67353b51c7f853c45c0fad75d4336d0d442799627d3e648686eb70a497ad029,0.6559977884417729,T1,462731
0.0,0.0,0.0,,A02,0.2326023131608963,0.2328638987237891,0.08883255624462451,0.04550571030222279,0.28033087839762727,0,5ca3f9fed2a631d522b1bd5334bde7efb3613c82a3aa714d8ae5da962737af8c,0.2326023131608963,0.17034676671028137,0.0,0.17034676671028137,0.8919087648391724,0.0,0.0,02fc8095c431dfc5451811632a802997c5ba97593e8a98ad29eaf0d9e1211df4,complete_update,1280.0,0.9129233079768743,0.9129233079768743,0.904094623501572,84216,0,0,4029,0,0,0.0,0.0,0.0,-0.008828684475302273,0.008828684475302273,16ba82c3443a91e7ff00c064a383f9a34c4a1ca7442e3e16be9e626b3f183f98,ISIC_0000289,0,94.55210175953094,0.07386882949963355,ISIC_0000289,a78a9a57019cc68d833e9ee87a54eb3463cfbef75aa1f192f23f52367d17cc3e,0.8397965982306733,0.8397965982306733,0.0,0.0,0.17034676671028137,0.17034676671028137,0.17053420178820283,0.17053420178820283,cuda_FP32_original_batch_present,canonical_letterbox_valid,3d99874f14ae5f316eec36e21141043d75bd4fd17ccfb31e3174198dee269596,3cc64df001b992d7600ebcc72898f4b6e30eb35daa935b8ce173fea1e350dfc4,0.4589332938194275,complete_logit_interpolation,0,786432,0.9913654726058957,0,466615,0.5933316548665365,80d881745bfcc0788e4d5acc0637f121e58cc247d8cc0cd15ad962af95cecb7b,RSI-TailProbe-20261004,0.8459844696983552,546802,0.6952946980794271,3,57c04cae9fc3c158f2bd0e30,0.0,0,0.0,U-Mean-logit-alpha-0.000000,17,ISIC_0000289_A02_T1_S1_57c04cae9fc3c158f2bd0e30.png,S1,0.8919087648391724,0.8917954951473834,T1,val,H,1703ca22a1c39afeca05ffd0c12fe01606f41d5af81442d20102f130cc2ca491,d67353b51c7f853c45c0fad75d4336d0d442799627d3e648686eb70a497ad029,0.8397965982306733,T1,462586
0.0,0.0,0.0,,A03,0.3136821687221527,0.3143566320900976,0.0348773811487671,0.011908656677353921,0.08127828332734999,0,5ca3f9fed2a631d522b1bd5334bde7efb3613c82a3aa714d8ae5da962737af8c,0.3136821687221527,0.22800709307193756,0.0,0.22800709307193756,0.8576679825782776,0.0,0.0,02fc8095c431dfc5451811632a802997c5ba97593e8a98ad29eaf0d9e1211df4,complete_update,1093.5890452999245,0.8803314580964351,0.8803314580964351,0.8583996712667206,92791,0,0,3187,0,0,0.0,0.0,0.0,-0.021931786829714528,0.021931786829714528,8cf189b315d729c56f5a3e78a4af88f3d74b9778c6aa779dab25393db4d05f87,ISIC_0000547,0,71.2066808110872,0.06511283293950541,ISIC_0000547,bbc6dcbce4c18f7b4cfc085b716d0638760c42d5bc9e157fedc501582ddfc98f,0.7862429148895892,0.7862429148895892,0.0,0.0,0.22800709307193756,0.22800709307193756,0.22842261166518354,0.22842261166518354,cuda_FP32_original_batch_present,canonical_letterbox_valid,3d99874f14ae5f316eec36e21141043d75bd4fd17ccfb31e3174198dee269596,24dbc45836b932ca4fe4ec66b835c8df79c94dc05ab27b750b7c2bdc81a757d8,0.5196767449378967,complete_logit_interpolation,0,592456,0.9910531309830607,0,356214,0.6012497130588601,657919d98aae3a0135cf18a0079acca6ab19892016f76664f2077318987a3d59,RSI-TailProbe-20261004,0.791863495866026,445818,0.7524913242502397,2,57be109d9fc3c1434763a335,0.0,0,0.0,U-Mean-logit-alpha-0.000000,17,ISIC_0000547_A03_T1_S1_57be109d9fc3c1434763a335.png,S1,0.8576679825782776,0.8575114087597305,T1,val,H,1703ca22a1c39afeca05ffd0c12fe01606f41d5af81442d20102f130cc2ca491,d67353b51c7f853c45c0fad75d4336d0d442799627d3e648686eb70a497ad029,0.7862429148895892,T1,353027
0.0,0.0,0.0,,A02,0.2623580992221832,0.2624553486272085,0.2735253909031358,0.12723545772341818,0.45076867238742124,0,5ca3f9fed2a631d522b1bd5334bde7efb3613c82a3aa714d8ae5da962737af8c,0.2623580992221832,0.20790834724903107,0.0,0.20790834724903107,0.8465414047241211,0.0,0.0,02fc8095c431dfc5451811632a802997c5ba97593e8a98ad29eaf0d9e1211df4,complete_update,1093.5890452999245,0.8958647924830915,0.8958647924830915,0.9050789737459766,8653,0,0,60171,0,0,0.0,0.0,0.0,0.00921418126288509,-0.00921418126288509,8cf189b315d729c56f5a3e78a4af88f3d74b9778c6aa779dab25393db4d05f87,ISIC_0000547,0,102.53292154230269,0.0937581827314138,ISIC_0000547,bbc6dcbce4c18f7b4cfc085b716d0638760c42d5bc9e157fedc501582ddfc98f,0.8113723630802456,0.8113723630802456,0.0,0.0,0.20790834724903107,0.20790834724903107,0.20798494075514043,0.20798494075514043,cuda_FP32_original_batch_present,canonical_letterbox_valid,3d99874f14ae5f316eec36e21141043d75bd4fd17ccfb31e3174198dee269596,94a47fd169de6358d6e168cea54157c4080770457299e0942d68be2fade0954c,0.5196767449378967,complete_logit_interpolation,0,592456,0.8310818777476461,0,356214,0.6012497130588601,657919d98aae3a0135cf18a0079acca6ab19892016f76664f2077318987a3d59,RSI-TailProbe-20261004,0.9716012025100428,304696,0.514293044546768,2,57c04fc49fc3c158f2bd0e40,0.0,0,0.0,U-Mean-logit-alpha-0.000000,17,ISIC_0000547_A02_T1_S1_57c04fc49fc3c158f2bd0e40.png,S1,0.8465414047241211,0.8464854671169276,T1,val,H,1703ca22a1c39afeca05ffd0c12fe01606f41d5af81442d20102f130cc2ca491,d67353b51c7f853c45c0fad75d4336d0d442799627d3e648686eb70a497ad029,0.8113723630802456,T1,296043
0.0,0.0,0.0,,A06,0.05116673558950424,0.051159943613258825,0.4287266664445746,0.2027787415709997,0.643807936908186,0,5ca3f9fed2a631d522b1bd5334bde7efb3613c82a3aa714d8ae5da962737af8c,0.05116673558950424,0.1390722244977951,0.0,0.1390722244977951,0.7730222940444946,0.0,0.0,02fc8095c431dfc5451811632a802997c5ba97593e8a98ad29eaf0d9e1211df4,complete_update,3634.3956856677014,0.820009970388491,0.820009970388491,0.8554895626373511,125641,0,0,6503,0,0,0.0,0.0,0.0,0.0354795922488601,-0.0354795922488601,3cc4737d57e0e3d5a714ac61021ca624e19851ad5b3ab232fe26911cc638021f,ISIC_0002412,0,224.03950011061303,0.0616442235483925,ISIC_0002412,f23e437c0acdadaccda922e7df793169501d8fc4ac680e438c049e75438c073e,0.6949295755138414,0.6949295755138414,0.0,0.0,0.1390722244977951,0.1390722244977951,0.13906965524252202,0.13906965524252202,cuda_FP32_original_batch_present,canonical_letterbox_valid,3d99874f14ae5f316eec36e21141043d75bd4fd17ccfb31e3174198dee269596,a0ef62029ac6d98583b30c66bf7fb7ea72ccbb566c03f78edcd3a1bdce84426a,0.4003116488456726,complete_logit_interpolation,0,6096384,0.978853270377669,0,307518,0.050442688649533884,607f7e30f816fc4b42dba691a0fbc7a9ff5d8b70c63cc68c6417833204270bc5,RSI-TailProbe-20261004,0.7055215442886072,426656,0.06998509280255312,2,54ee1fb1bae47871b5e03317,0.0,0,0.0,U-Mean-logit-alpha-0.000000,17,ISIC_0002412_A06_T1_S1_54ee1fb1bae47871b5e03317.png,S1,0.7730222940444946,0.7730206331282148,T1,val,H,1703ca22a1c39afeca05ffd0c12fe01606f41d5af81442d20102f130cc2ca491,d67353b51c7f853c45c0fad75d4336d0d442799627d3e648686eb70a497ad029,0.6949295755138414,T1,301015
0.0,0.0,0.0,,A04,0.171120285987854,0.17112994842677312,0.07940684371127125,0.04899683210137276,0.1854942567235893,0,5ca3f9fed2a631d522b1bd5334bde7efb3613c82a3aa714d8ae5da962737af8c,0.171120285987854,0.26729315519332886,0.0,0.26729315519332886,0.6365339756011963,0.0,0.0,02fc8095c431dfc5451811632a802997c5ba97593e8a98ad29eaf0d9e1211df4,complete_update,3634.3956856677014,0.6500582466693495,0.6500582466693495,0.6847145259986173,329830,0,0,606,0,0,0.0,0.0,0.0,0.034656279329267736,-0.034656279329267736,3cc4737d57e0e3d5a714ac61021ca624e19851ad5b3ab232fe26911cc638021f,ISIC_0002412,0,273.0203288502324,0.07512124503308555,ISIC_0002412,f23e437c0acdadaccda922e7df793169501d8fc4ac680e438c049e75438c073e,0.48154540376685895,0.48154540376685895,0.0,0.0,0.26729315519332886,0.26729315519332886,0.26745359951902586,0.26745359951902586,cuda_FP32_original_batch_present,canonical_letterbox_valid,3d99874f14ae5f316eec36e21141043d75bd4fd17ccfb31e3174198dee269596,de6e8a18c03c6d721513c5c504ec5d231e7cc26cb438678df7bef6a026686450,0.4003116488456726,complete_logit_interpolation,0,6096384,0.9980293836458354,0,307518,0.050442688649533884,607f7e30f816fc4b42dba691a0fbc7a9ff5d8b70c63cc68c6417833204270bc5,RSI-TailProbe-20261004,0.482003700085749,636742,0.10444584855547157,2,54ee1fb5bae47871b5e0331d,0.0,0,0.0,U-Mean-logit-alpha-0.000000,17,ISIC_0002412_A04_T1_S1_54ee1fb5bae47871b5e0331d.png,S1,0.6365339756011963,0.6362227493887214,T1,val,H,1703ca22a1c39afeca05ffd0c12fe01606f41d5af81442d20102f130cc2ca491,d67353b51c7f853c45c0fad75d4336d0d442799627d3e648686eb70a497ad029,0.0,T1,306912
0.0,0.0,0.0,,A02,0.03356306627392769,0.03296920865532354,0.20116697096869315,0.10349525473564299,0.5820148098780615,0,5ca3f9fed2a631d522b1bd5334bde7efb3613c82a3aa714d8ae5da962737af8c,0.03356306627392769,0.0830400213599205,0.0,0.0830400213599205,0.8674830198287964,0.0,0.0,02fc8095c431dfc5451811632a802997c5ba97593e8a98ad29eaf0d9e1211df4,complete_update,3634.3956856677014,0.8702404976456406,0.8702404976456406,0.861240464463694,58449,0,0,0,0,0,0.0,0.0,0.0,-0.009000033181946643,0.009000033181946643,3cc4737d57e0e3d5a714ac61021ca624e19851ad5b3ab232fe26911cc638021f,ISIC_0003185,0,69.41960434162182,0.019100728249094936,ISIC_0003185,7655a7f0830a66c4ec3da47b067a67695d12e02789513e4571cf7da761428774,0.77028827447975,0.77028827447975,0.0,0.0,0.0830400213599205,0.0830400213599205,0.08262435533910148,0.08262435533910148,cuda_FP32_original_batch_present,canonical_letterbox_valid,3d99874f14ae5f316eec36e21141043d75bd4fd17ccfb31e3174198dee269596,d0777ed7fd71cdc90b923f2940d3dd147a6bf6593372ccc97615a6ad3bfd4656,0.4603344202041626,complete_logit_interpolation,0,6096384,1.0,0,195996,0.032149549634668685,03921d44dff66e51683ff15c6907813f85ae5012d120a202b477cf842dc9329c,RSI-TailProbe-20261004,0.77028827447975,254445,0.04173703624968506,2,55f1bf829fc3c1423f77e17a,0.0,0,0.0,U-Mean-logit-alpha-0.000000,17,ISIC_0003185_A02_T1_S1_55f1bf829fc3c1423f77e17a.png,S1,0.8674830198287964,0.8677204979771206,T1,val,H,1703ca22a1c39afeca05ffd0c12fe01606f41d5af81442d20102f130cc2ca491,d67353b51c7f853c45c0fad75d4336d0d442799627d3e648686eb70a497ad029,0.77028827447975,T1,195996
0.0,0.0,0.0,,A05,0.017829058691859245,0.017554942228478015,0.38200284926925593,0.12705353367640537,0.782334338254526,0,5ca3f9fed2a631d522b1bd5334bde7efb3613c82a3aa714d8ae5da962737af8c,0.017829058691859245,0.06280112266540527,0.0,0.06280112266540527,0.8922268152236938,0.0,0.0,02fc8095c431dfc5451811632a802997c5ba97593e8a98ad29eaf0d9e1211df4,complete_update,3634.3956856677014,0.898896935183732,0.898896935183732,0.9080234612074822,454,0,0,35622,0,0,0.0,0.0,0.0,0.009126526023750192,-0.009126526023750192,3cc4737d57e0e3d5a714ac61021ca624e19851ad5b3ab232fe26911cc638021f,ISIC_0003185,0,48.487072078579,0.013341164879154066,ISIC_0003185,7655a7f0830a66c4ec3da47b067a67695d12e02789513e4571cf7da761428774,0.8163603970475948,0.8163603970475948,0.0,0.0,0.06280112266540527,0.06280112266540527,0.06279256124899858,0.06279256124899858,cuda_FP32_original_batch_present,canonical_letterbox_valid,3d99874f14ae5f316eec36e21141043d75bd4fd17ccfb31e3174198dee269596,743ac6c5b71cd6e60a3d8a29a354e95b3270371ae771ba6d56cd4a0df7d0043c,0.4603344202041626,complete_logit_interpolation,0,6096384,0.8182513928855691,0,195996,0.032149549634668685,03921d44dff66e51683ff15c6907813f85ae5012d120a202b477cf842dc9329c,RSI-TailProbe-20261004,0.9971771084637003,160828,0.02638088414378097,2,566603da9fc3c12067285139,0.0,0,0.0,U-Mean-logit-alpha-0.000000,17,ISIC_0003185_A05_T1_S1_566603da9fc3c12067285139.png,S1,0.8922268152236938,0.8919698197304808,T1,val,H,1703ca22a1c39afeca05ffd0c12fe01606f41d5af81442d20102f130cc2ca491,d67353b51c7f853c45c0fad75d4336d0d442799627d3e648686eb70a497ad029,0.8163603970475948,T1,160374
0.0,0.0,0.0,,A07,0.11350554972887039,0.11259390541246093,0.022254730438383153,0.0,0.10282793565129184,0,5ca3f9fed2a631d522b1bd5334bde7efb3613c82a3aa714d8ae5da962737af8c,0.11350554972887039,0.11367815732955933,0.0,0.11367815732955933,0.8861492276191711,0.0,0.0,02fc8095c431dfc5451811632a802997c5ba97593e8a98ad29eaf0d9e1211df4,complete_update,3634.3956856677014,0.8867662504942402,0.8867662504942402,0.8896045332386489,186722,0,0,0,0,0,0.0,0.0,0.0,0.002838282744408671,-0.002838282744408671,3cc4737d57e0e3d5a714ac61021ca624e19851ad5b3ab232fe26911cc638021f,ISIC_0004110,0,80.4114419718985,0.02212512035742347,ISIC_0004110,e85628ce6fd8757d08c0dccf465237794b3dcb7ae8a5722d0972e1f7485457f2,0.7965678824307437,0.7965678824307437,0.0,0.0,0.11367815732955933,0.11367815732955933,0.11320071541323451,0.11320071541323451,cuda_FP32_original_batch_present,canonical_letterbox_valid,3d99874f14ae5f316eec36e21141043d75bd4fd17ccfb31e3174198dee269596,5c040b9b7a13988fff807488cf0a32f8473ebf2cedcd3fb96cc0030e69841364,0.34862175583839417,complete_logit_interpolation,0,6096384,1.0,0,731137,0.11992961729444865,c8c91fb6f2c355929e28881c28aee6d9ec35599b2f9f2f1f9e5433cb78e585aa,RSI-TailProbe-20261004,0.7965678824307437,917859,0.1505579372952885,2,5661d7969fc3c147bbd6a170,0.0,0,0.0,U-Mean-logit-alpha-0.000000,17,ISIC_0004110_A07_T1_S1_5661d7969fc3c147bbd6a170.png,S1,0.8861492276191711,0.8861924745859919,T1,val,H,1703ca22a1c39afeca05ffd0c12fe01606f41d5af81442d20102f130cc2ca491,d67353b51c7f853c45c0fad75d4336d0d442799627d3e648686eb70a497ad029,0.7965678824307437,T1,731137
0.0,0.0,0.0,,A06,0.03644993528723717,0.03558270440462137,0.3945805312152297,0.17061256660248048,0.8081744718889227,0,5ca3f9fed2a631d522b1bd5334bde7efb3613c82a3aa714d8ae5da962737af8c,0.03644993528723717,0.04666353762149811,0.0,0.04666353762149811,0.9431228637695312,0.0,0.0,02fc8095c431dfc5451811632a802997c5ba97593e8a98ad29eaf0d9e1211df4,complete_update,3634.3956856677014,0.9473139900093116,0.9473139900093116,0.9500365762556771,81135,0,0,172,0,0,0.0,0.0,0.0,0.002722586246365455,-0.002722586246365455,3cc4737d57e0e3d5a714ac61021ca624e19851ad5b3ab232fe26911cc638021f,ISIC_0004110,0,51.86520991955976,0.01427065581331473,ISIC_0004110,e85628ce6fd8757d08c0dccf465237794b3dcb7ae8a5722d0972e1f7485457f2,0.8999017570469006,0.8999017570469006,0.0,0.0,0.04666353762149811,0.04666353762149811,0.046045287950860804,0.046045287950860804,cuda_FP32_original_batch_present,canonical_letterbox_valid,3d99874f14ae5f316eec36e21141043d75bd4fd17ccfb31e3174198dee269596,674b31017856920bd1a7f47e90f636307b9f476e3cae977e1c375d3e93dcab71,0.34862175583839417,complete_logit_interpolation,0,6096384,0.9997647499716196,0,731137,0.11992961729444865,c8c91fb6f2c355929e28881c28aee6d9ec35599b2f9f2f1f9e5433cb78e585aa,RSI-TailProbe-20261004,0.900092353158478,812100,0.13321011274880323,2,568bb4f29fc3c126c063ff46,0.0,0,0.0,U-Mean-logit-alpha-0.000000,17,ISIC_0004110_A06_T1_S1_568bb4f29fc3c126c063ff46.png,S1,0.9431228637695312,0.9434921285028998,T1,val,H,1703ca22a1c39afeca05ffd0c12fe01606f41d5af81442d20102f130cc2ca491,d67353b51c7f853c45c0fad75d4336d0d442799627d3e648686eb70a497ad029,0.8999017570469006,T1,730965
0.0,0.0,0.0,,A02,0.016913723200559616,0.016418605816905817,0.23214363800145174,0.03602484472049689,0.8059421415077399,0,5ca3f9fed2a631d522b1bd5334bde7efb3613c82a3aa714d8ae5da962737af8c,0.016913723200559616,0.13145485520362854,0.0,0.13145485520362854,0.7540040016174316,0.0,0.0,02fc8095c431dfc5451811632a802997c5ba97593e8a98ad29eaf0d9e1211df4,complete_update,3634.3956856677014,0.7585138633798765,0.7585138633798765,0.7194610024347242,0,0,0,21826,0,0,0.0,0.0,0.0,-0.03905286094515226,0.03905286094515226,3cc4737d57e0e3d5a714ac61021ca624e19851ad5b3ab232fe26911cc638021f,ISIC_0005842,0,42.474695266821875,0.011686865971782194,ISIC_0005842,9841bae21f38f8f61dd00c2c2eb0260341a2671f16491c6246587bf9875f836c,0.6109724796805932,0.6109724796805932,0.0,0.0,0.13145485520362854,0.13145485520362854,0.1304773669240764,0.1304773669240764,cuda_FP32_original_batch_present,canonical_letterbox_valid,3d99874f14ae5f316eec36e21141043d75bd4fd17ccfb31e3174198dee269596,07d5b23ccf8703a07e297ffecdb390edc98dfeb9b78f7fe75b68e5c9e9e88205,0.25749439001083374,complete_logit_interpolation,0,6096384,0.6109724796805932,0,56104,0.009202832367514907,4e97d882c151a6324b9141d14ead12167ae1a0380114c5ae8b8092b3c2bc8c06,RSI-TailProbe-20261004,1.0,34278,0.0056226773116654066,2,560ee6f59fc3c1047093fbbb,0.0,0,0.0,U-Mean-logit-alpha-0.000000,17,ISIC_0005842_A02_T1_S1_560ee6f59fc3c1047093fbbb.png,S1,0.7540040016174316,0.755463871968753,T1,val,H,1703ca22a1c39afeca05ffd0c12fe01606f41d5af81442d20102f130cc2ca491,d67353b51c7f853c45c0fad75d4336d0d442799627d3e648686eb70a497ad029,0.0,T1,34278
0.0,0.0,0.0,,A05,0.027886487543582916,0.026932390883741532,0.06394425372751959,0.0,0.47389234121539825,0,5ca3f9fed2a631d522b1bd5334bde7efb3613c82a3aa714d8ae5da962737af8c,0.027886487543582916,0.19653256237506866,0.0,0.19653256237506866,0.634821355342865,0.0,0.0,02fc8095c431dfc5451811632a802997c5ba97593e8a98ad29eaf0d9e1211df4,complete_update,3634.3956856677014,0.6444052480247421,0.6444052480247421,0.6083485401459854,0,0,0,29434,0,0,0.0,0.0,0.0,-0.0360567078787567,0.0360567078787567,3cc4737d57e0e3d5a714ac61021ca624e19851ad5b3ab232fe26911cc638021f,ISIC_0005842,0,58.008620049092706,0.015961008394834563,ISIC_0005842,9841bae21f38f8f61dd00c2c2eb0260341a2671f16491c6246587bf9875f836c,0.4753671752459718,0.4753671752459718,0.0,0.0,0.19653256237506866,0.19653256237506866,0.1926314086743246,0.1926314086743246,cuda_FP32_original_batch_present,canonical_letterbox_valid,3d99874f14ae5f316eec36e21141043d75bd4fd17ccfb31e3174198dee269596,2cd9a1a51de18588054de1f9cc7a0fa65aa04d8d70c37c278d0e3d1c2cef484b,0.25749439001083374,complete_logit_interpolation,0,6096384,0.4753671752459718,0,56104,0.009202832367514907,4e97d882c151a6324b9141d14ead12167ae1a0380114c5ae8b8092b3c2bc8c06,RSI-TailProbe-20261004,1.0,26670,0.00437472442680776,2,5661e13a9fc3c147bbd6a284,0.0,0,0.0,U-Mean-logit-alpha-0.000000,17,ISIC_0005842_A05_T1_S1_5661e13a9fc3c147bbd6a284.png,S1,0.634821355342865,0.6416695735350924,T1,val,H,1703ca22a1c39afeca05ffd0c12fe01606f41d5af81442d20102f130cc2ca491,d67353b51c7f853c45c0fad75d4336d0d442799627d3e648686eb70a497ad029,0.0,T1,26670
0.0,0.0,0.0,,A04,0.08605939894914627,0.08524181963684906,0.08910109513346018,0.05213613323678494,0.2749138531077331,0,5ca3f9fed2a631d522b1bd5334bde7efb3613c82a3aa714d8ae5da962737af8c,0.08605939894914627,0.08672887086868286,0.0,0.08672887086868286,0.9126016497612,0.0,0.0,02fc8095c431dfc5451811632a802997c5ba97593e8a98ad29eaf0d9e1211df4,complete_update,1280.0,0.9180372008682034,0.9180372008682034,0.9195926407567752,29832,0,0,0,0,0,0.0,0.0,0.0,0.0015554398885717635,-0.0015554398885717635,16ba82c3443a91e7ff00c064a383f9a34c4a1ca7442e3e16be9e626b3f183f98,ISIC_0009942,0,40.602332631200845,0.03172057236812566,ISIC_0009942,cb3c7f5f7b3c06bd6dc0ca33a0b9f52acc745e98c87ff8d1aac3b9e57f8e9e39,0.8484923895764876,0.8484923895764876,0.0,0.0,0.08672887086868286,0.08672887086868286,0.0861519351202839,0.0861519351202839,cuda_FP32_original_batch_present,canonical_letterbox_valid,3d99874f14ae5f316eec36e21141043d75bd4fd17ccfb31e3174198dee269596,928ac24aed8f15dff7a3b2728b4c3c2d137417a5c871bfa01035c8ff4580e737,0.5770602822303772,complete_logit_interpolation,0,786432,1.0,0,167069,0.21243921915690103,f360710086078905bf52687979f4f264b0686bdff8da76785aef6e884add9302,RSI-TailProbe-20261004,0.8484923895764876,196901,0.25037256876627606,2,5592f1f09fc3c13155145c90,0.0,0,0.0,U-Mean-logit-alpha-0.000000,17,ISIC_0009942_A04_T1_S1_5592f1f09fc3c13155145c90.png,S1,0.9126016497612,0.9129379493962813,T1,val,H,1703ca22a1c39afeca05ffd0c12fe01606f41d5af81442d20102f130cc2ca491,d67353b51c7f853c45c0fad75d4336d0d442799627d3e648686eb70a497ad029,0.8484923895764876,T1,167069
0.0,0.0,0.0,,A06,0.06846775114536285,0.0670743895093439,0.17918874456907938,0.0785360274494853,0.4178486228734702,0,5ca3f9fed2a631d522b1bd5334bde7efb3613c82a3aa714d8ae5da962737af8c,0.06846775114536285,0.0740182176232338,0.0,0.0740182176232338,0.9204313158988953,0.0,0.0,02fc8095c431dfc5451811632a802997c5ba97593e8a98ad29eaf0d9e1211df4,complete_update,1280.0,0.937812326485286,0.937812326485286,0.9371726118180516,3188,0,0,16748,0,0,0.0,0.0,0.0,-0.0006397146672344478,0.0006397146672344478,16ba82c3443a91e7ff00c064a383f9a34c4a1ca7442e3e16be9e626b3f183f98,ISIC_0009942,0,23.345235059857504,0.018238464890513676,ISIC_0009942,cb3c7f5f7b3c06bd6dc0ca33a0b9f52acc745e98c87ff8d1aac3b9e57f8e9e39,0.882906429691584,0.882906429691584,0.0,0.0,0.0740182176232338,0.0740182176232338,0.073012156226865,0.073012156226865,cuda_FP32_original_batch_present,canonical_letterbox_valid,3d99874f14ae5f316eec36e21141043d75bd4fd17ccfb31e3174198dee269596,dc0289db1b72c55aedd0b741de853b1b02d7052fbeff38c98b1f031fa87ac4c1,0.5770602822303772,complete_logit_interpolation,0,786432,0.8997539938588248,0,167069,0.21243921915690103,f360710086078905bf52687979f4f264b0686bdff8da76785aef6e884add9302,RSI-TailProbe-20261004,0.9792324879974464,153509,0.19519678751627603,2,568bb8989fc3c126c063ff6a,0.0,0,0.0,U-Mean-logit-alpha-0.000000,17,ISIC_0009942_A06_T1_S1_568bb8989fc3c126c063ff6a.png,S1,0.9204313158988953,0.9210500770556139,T1,val,H,1703ca22a1c39afeca05ffd0c12fe01606f41d5af81442d20102f130cc2ca491,d67353b51c7f853c45c0fad75d4336d0d442799627d3e648686eb70a497ad029,0.882906429691584,T1,150321
0.0,0.0,0.0,,A04,0.208291694521904,0.2081939005470916,0.17095063239494085,0.11975160529319279,0.2795746526693098,0,5ca3f9fed2a631d522b1bd5334bde7efb3613c82a3aa714d8ae5da962737af8c,0.208291694521904,0.1404147446155548,0.0,0.1404147446155548,0.9274622201919556,0.0,0.0,02fc8095c431dfc5451811632a802997c5ba97593e8a98ad29eaf0d9e1211df4,complete_update,1280.0,0.9340518754809165,0.9340518754809165,0.9307731556515997,68861,0,0,1761,0,0,0.0,0.0,0.0,-0.003278719829316823,0.003278719829316823,16ba82c3443a91e7ff00c064a383f9a34c4a1ca7442e3e16be9e626b3f183f98,ISIC_0010175,0,45.880278987817846,0.03584396795923269,ISIC_0010175,fa6c3349b8c7fc8d0a9a4ecd7ce0cb3aa134ceffb7f9ec633b542845efe9d67a,0.8762639137831648,0.8762639137831648,0.0,0.0,0.1404147446155548,0.1404147446155548,0.14035471284686607,0.14035471284686607,cuda_FP32_original_batch_present,canonical_letterbox_valid,3d99874f14ae5f316eec36e21141043d75bd4fd17ccfb31e3174198dee269596,ce8f4f23164537e504f51ceb172e2db4a510068c088d74b4ff92325100fb367a,0.4823172986507416,complete_logit_interpolation,0,786432,0.9964912350613486,0,501886,0.6381810506184896,6623de38480367e01426f226792034448e9f327048d198e264a29174682a89b3,RSI-TailProbe-20261004,0.8789759326240013,568986,0.7235031127929688,4,55a9390c9fc3c156bd715c4b,0.0,0,0.0,U-Mean-logit-alpha-0.000000,17,ISIC_0010175_A04_T1_S1_55a9390c9fc3c156bd715c4b.png,S1,0.9274622201919556,0.9274844748533595,T1,val,H,1703ca22a1c39afeca05ffd0c12fe01606f41d5af81442d20102f130cc2ca491,d67353b51c7f853c45c0fad75d4336d0d442799627d3e648686eb70a497ad029,0.8762639137831648,T1,500125
0.0,0.0,0.0,,A06,0.07468567788600922,0.07372145146691825,0.5397509261543584,0.323221654243528,0.8391548571631189,0,5ca3f9fed2a631d522b1bd5334bde7efb3613c82a3aa714d8ae5da962737af8c,0.07468567788600922,0.058495305478572845,0.0,0.058495305478572845,0.9576950669288635,0.0,0.0,02fc8095c431dfc5451811632a802997c5ba97593e8a98ad29eaf0d9e1211df4,complete_update,1280.0,0.9782386212794588,0.9782386212794588,0.9803785418299922,2295,0,0,19181,0,0,0.0,0.0,0.0,0.0021399205505333585,-0.0021399205505333585,16ba82c3443a91e7ff00c064a383f9a34c4a1ca7442e3e16be9e626b3f183f98,ISIC_0010175,0,22.090722034374522,0.017258376589355095,ISIC_0010175,fa6c3349b8c7fc8d0a9a4ecd7ce0cb3aa134ceffb7f9ec633b542845efe9d67a,0.9574041861950371,0.9574041861950371,0.0,0.0,0.058495305478572845,0.058495305478572845,0.05788127613180895,0.05788127613180895,cuda_FP32_original_batch_present,canonical_letterbox_valid,3d99874f14ae5f316eec36e21141043d75bd4fd17ccfb31e3174198dee269596,364d4fd675eddf2550947e3107c8d6fc3441c09064f32da63c3a23d259fc801c,0.4823172986507416,complete_logit_interpolation,0,786432,0.9617821577011513,0,501886,0.6381810506184896,6623de38480367e01426f226792034448e9f327048d198e264a29174682a89b3,RSI-TailProbe-20261004,0.9952680412371134,485000,0.6167093912760416,4,57b711eb9fc3c1565f9bf373,0.0,0,0.0,U-Mean-logit-alpha-0.000000,17,ISIC_0010175_A06_T1_S1_57b711eb9fc3c1565f9bf373.png,S1,0.9576950669288635,0.9579588992033004,T1,val,H,1703ca22a1c39afeca05ffd0c12fe01606f41d5af81442d20102f130cc2ca491,d67353b51c7f853c45c0fad75d4336d0d442799627d3e648686eb70a497ad029,0.9574041861950371,T1,482705
0.0,0.0,0.0,,A03,0.33680275082588196,0.33536682303844595,0.08084003106135795,0.05177103782678724,0.12604834063238893,0,5ca3f9fed2a631d522b1bd5334bde7efb3613c82a3aa714d8ae5da962737af8c,0.33680275082588196,0.21571315824985504,0.0,0.21571315824985504,0.9053764343261719,0.0,0.0,02fc8095c431dfc5451811632a802997c5ba97593e8a98ad29eaf0d9e1211df4,complete_update,1280.0,0.9071305797176936,0.9071305797176936,0.9027492389737227,96101,0,0,5530,0,0,0.0,0.0,0.0,-0.004381340743970896,0.004381340743970896,16ba82c3443a91e7ff00c064a383f9a34c4a1ca7442e3e16be9e626b3f183f98,ISIC_0010175,0,75.11190440556005,0.05868117531684379,ISIC_0010175,fa6c3349b8c7fc8d0a9a4ecd7ce0cb3aa134ceffb7f9ec633b542845efe9d67a,0.8300448003050234,0.8300448003050234,0.0,0.0,0.21571315824985504,0.21571315824985504,0.2149056834857728,0.2149056834857728,cuda_FP32_original_batch_present,canonical_letterbox_valid,3d99874f14ae5f316eec36e21141043d75bd4fd17ccfb31e3174198dee269596,637410fa068540aa45d597a367d6c0ffe332e559019fc4a749287d7b629f0d80,0.4823172986507416,complete_logit_interpolation,0,786432,0.9889815615498341,0,501886,0.6381810506184896,6623de38480367e01426f226792034448e9f327048d198e264a29174682a89b3,RSI-TailProbe-20261004,0.8377924473843671,592457,0.7533480326334635,4,57be143a9fc3c1434763a352,0.0,0,0.0,U-Mean-logit-alpha-0.000000,17,ISIC_0010175_A03_T1_S1_57be143a9fc3c1434763a352.png,S1,0.9053764343261719,0.9055554560669004,T1,val,H,1703ca22a1c39afeca05ffd0c12fe01606f41d5af81442d20102f130cc2ca491,d67353b51c7f853c45c0fad75d4336d0d442799627d3e648686eb70a497ad029,0.8300448003050234,T1,496356
0.0,0.0,0.0,,A02,0.08614180237054825,0.08504352483690492,0.37579894040234546,0.19517866289821234,0.6474354235121698,0,5ca3f9fed2a631d522b1bd5334bde7efb3613c82a3aa714d8ae5da962737af8c,0.08614180237054825,0.0652952641248703,0.0,0.0652952641248703,0.955551266670227,0.0,0.0,02fc8095c431dfc5451811632a802997c5ba97593e8a98ad29eaf0d9e1211df4,complete_update,1280.0,0.9720433206809316,0.9720433206809316,0.9689684519442406,25942,0,0,2768,0,0,0.0,0.0,0.0,-0.003074868736690939,0.003074868736690939,16ba82c3443a91e7ff00c064a383f9a34c4a1ca7442e3e16be9e626b3f183f98,ISIC_0010175,0,22.923659658795863,0.017909109108434268,ISIC_0010175,fa6c3349b8c7fc8d0a9a4ecd7ce0cb3aa134ceffb7f9ec633b542845efe9d67a,0.9456072811597718,0.9456072811597718,0.0,0.0,0.0652952641248703,0.0652952641248703,0.06460115035090486,0.06460115035090486,cuda_FP32_original_batch_present,canonical_letterbox_valid,3d99874f14ae5f316eec36e21141043d75bd4fd17ccfb31e3174198dee269596,789cd7b5b8f99f8cf76d5d8c14681334eb84c7b3de2948c59686636e6cff7fde,0.4823172986507416,complete_logit_interpolation,0,786432,0.99448480332187,0,501886,0.6381810506184896,6623de38480367e01426f226792034448e9f327048d198e264a29174682a89b3,RSI-TailProbe-20261004,0.950592313259437,525060,0.6676483154296875,4,57c0545f9fc3c158f2bd0e5d,0.0,0,0.0,U-Mean-logit-alpha-0.000000,17,ISIC_0010175_A02_T1_S1_57c0545f9fc3c158f2bd0e5d.png,S1,0.955551266670227,0.9558412241350952,T1,val,H,1703ca22a1c39afeca05ffd0c12fe01606f41d5af81442d20102f130cc2ca491,d67353b51c7f853c45c0fad75d4336d0d442799627d3e648686eb70a497ad029,0.9456072811597718,T1,499118
0.0,0.0,0.0,,A06,0.09596964716911316,0.10075885136958622,0.5739248141254691,0.507452255427764,0.6612262536516222,0,5ca3f9fed2a631d522b1bd5334bde7efb3613c82a3aa714d8ae5da962737af8c,0.09596964716911316,0.06838120520114899,0.0,0.06838120520114899,0.9592072367668152,0.0,0.0,02fc8095c431dfc5451811632a802997c5ba97593e8a98ad29eaf0d9e1211df4,complete_update,1280.0,0.9745950645276007,0.9745950645276007,0.9622470561786601,32457,0,0,1762,0,0,0.0,0.0,0.0,-0.012348008348940565,0.012348008348940565,16ba82c3443a91e7ff00c064a383f9a34c4a1ca7442e3e16be9e626b3f183f98,ISIC_0010190,0,34.17601498127012,0.02670001170411728,ISIC_0010190,f87f7f7fcc605bf3066f78282567b84a93b20e226e19f5f6f736b0d3ab6357db,0.9504489697805182,0.9504489697805182,0.0,0.0,0.06838120520114899,0.06838120520114899,0.07121525670944504,0.07121525670944504,cuda_FP32_original_batch_present,canonical_letterbox_valid,3d99874f14ae5f316eec36e21141043d75bd4fd17ccfb31e3174198dee269596,5facb3598cca71433684d33b5ad1430db1c49fce54efcdfdbd17a0ac3abb4749,0.5202003121376038,complete_logit_interpolation,0,786432,0.9973226929879475,0,658124,0.8368479410807291,2ba9c65fcc2e94e54c1582a270499a15cfb1426965985313e5ac7682b3ed7713,RSI-TailProbe-20261004,0.9528802196222811,688819,0.875878651936849,3,568b330f9fc3c126c063febc,0.0,0,0.0,U-Mean-logit-alpha-0.000000,17,ISIC_0010190_A06_T1_S1_568b330f9fc3c126c063febc.png,S1,0.9592072367668152,0.9583283379506962,T1,val,H,1703ca22a1c39afeca05ffd0c12fe01606f41d5af81442d20102f130cc2ca491,d67353b51c7f853c45c0fad75d4336d0d442799627d3e648686eb70a497ad029,0.9504489697805182,T1,656362
0.0,0.0,0.0,,A03,0.22250385582447052,0.22868264389509366,0.3376023224257359,0.06369003249173422,0.5088553805874265,0,5ca3f9fed2a631d522b1bd5334bde7efb3613c82a3aa714d8ae5da962737af8c,0.22250385582447052,0.1442665457725525,0.0,0.1442665457725525,0.9339707493782043,0.0,0.0,02fc8095c431dfc5451811632a802997c5ba97593e8a98ad29eaf0d9e1211df4,complete_update,1280.0,0.9415521517292829,0.9415521517292829,0.9335494938450808,52692,0,0,25811,0,0,0.0,0.0,0.0,-0.008002657884202069,0.008002657884202069,16ba82c3443a91e7ff00c064a383f9a34c4a1ca7442e3e16be9e626b3f183f98,ISIC_0010190,0,72.76674253833895,0.0568490176080773,ISIC_0010190,f87f7f7fcc605bf3066f78282567b84a93b20e226e19f5f6f736b0d3ab6357db,0.8895593233691982,0.8895593233691982,0.0,0.0,0.1442665457725525,0.1442665457725525,0.1478470762667351,0.1478470762667351,cuda_FP32_original_batch_present,canonical_letterbox_valid,3d99874f14ae5f316eec36e21141043d75bd4fd17ccfb31e3174198dee269596,4032df0f74b02da1fe265bb022e4ecda91094c163a98b47ab9720775ff82ca7e,0.5202003121376038,complete_logit_interpolation,0,786432,0.96078094705557,0,658124,0.8368479410807291,2ba9c65fcc2e94e54c1582a270499a15cfb1426965985313e5ac7682b3ed7713,RSI-TailProbe-20261004,0.92307793373771,685005,0.8710289001464844,3,57be14769fc3c1434763a354,0.0,0,0.0,U-Mean-logit-alpha-0.000000,17,ISIC_0010190_A03_T1_S1_57be14769fc3c1434763a354.png,S1,0.9339707493782043,0.9329884913616234,T1,val,H,1703ca22a1c39afeca05ffd0c12fe01606f41d5af81442d20102f130cc2ca491,d67353b51c7f853c45c0fad75d4336d0d442799627d3e648686eb70a497ad029,0.8895593233691982,T1,632313
0.0,0.0,0.0,,A02,0.10607393831014633,0.10386721697209132,0.42294299404187247,0.1957866452274579,0.7829364829095358,0,5ca3f9fed2a631d522b1bd5334bde7efb3613c82a3aa714d8ae5da962737af8c,0.10607393831014633,0.07405216991901398,0.0,0.07405216991901398,0.957969605922699,0.0,0.0,02fc8095c431dfc5451811632a802997c5ba97593e8a98ad29eaf0d9e1211df4,complete_update,1280.0,0.9789492361066544,0.9789492361066544,0.9695138320060023,18049,0,0,9832,0,0,0.0,0.0,0.0,-0.009435404100652134,0.009435404100652134,16ba82c3443a91e7ff00c064a383f9a34c4a1ca7442e3e16be9e626b3f183f98,ISIC_0010190,0,24.166091947189145,0.01887975933374152,ISIC_0010190,f87f7f7fcc605bf3066f78282567b84a93b20e226e19f5f6f736b0d3ab6357db,0.9587664695277688,0.9587664695277688,0.0,0.0,0.07405216991901398,0.07405216991901398,0.07277473552033309,0.07277473552033309,cuda_FP32_original_batch_present,canonical_letterbox_valid,3d99874f14ae5f316eec36e21141043d75bd4fd17ccfb31e3174198dee269596,34b8cc0b8afac68b4ab7382525bdc0c6cd8bf5fe4636ecef340b9217cc75e977,0.5202003121376038,complete_logit_interpolation,0,786432,0.9850605660939276,0,658124,0.8368479410807291,2ba9c65fcc2e94e54c1582a270499a15cfb1426965985313e5ac7682b3ed7713,RSI-TailProbe-20261004,0.9729132681314823,666341,0.847296396891276,3,57c054969fc3c158f2bd0e5f,0.0,0,0.0,U-Mean-logit-alpha-0.000000,17,ISIC_0010190_A02_T1_S1_57c054969fc3c158f2bd0e5f.png,S1,0.957969605922699,0.9583177459314252,T1,val,H,1703ca22a1c39afeca05ffd0c12fe01606f41d5af81442d20102f130cc2ca491,d67353b51c7f853c45c0fad75d4336d0d442799627d3e648686eb70a497ad029,0.9587664695277688,T1,648292
0.0,0.0,0.0,,A04,0.06954556703567505,0.06989385943156375,0.32939593105108433,0.17814812367419208,0.6784125490907236,0,5ca3f9fed2a631d522b1bd5334bde7efb3613c82a3aa714d8ae5da962737af8c,0.06954556703567505,0.06046542525291443,0.0,0.06046542525291443,0.9486147165298462,0.0,0.0,02fc8095c431dfc5451811632a802997c5ba97593e8a98ad29eaf0d9e1211df4,complete_update,1280.0,0.9696544479532088,0.9696544479532088,0.9633518538626882,21693,0,0,1706,0,0,0.0,0.0,0.0,-0.006302594090520586,0.006302594090520586,16ba82c3443a91e7ff00c064a383f9a34c4a1ca7442e3e16be9e626b3f183f98,ISIC_0010479,0,23.004339638061495,0.017972140342235543,ISIC_0010479,423a61712d9bc0e044b5f366c51d870215a7a22a9b99b9f94cdb3c9a98bed659,0.9410963593980496,0.9410963593980496,0.0,0.0,0.06046542525291443,0.06046542525291443,0.06071917897098642,0.06071917897098642,cuda_FP32_original_batch_present,canonical_letterbox_valid,3d99874f14ae5f316eec36e21141043d75bd4fd17ccfb31e3174198dee269596,6579944abc28e4212e01d1c973a57f1226a7d3ec797a5ec0644fe22eb9bfe1e9,0.40781325101852417,complete_logit_interpolation,0,786432,0.9954573171543527,0,375549,0.4775352478027344,2f94c4c97fe84622d91574a00432050ee6c1e487ec73a6427a444ce021b7f98e,RSI-TailProbe-20261004,0.9451554346507018,395536,0.5029500325520834,2,55a7f9ce9fc3c156bd715651,0.0,0,0.0,U-Mean-logit-alpha-0.000000,17,ISIC_0010479_A04_T1_S1_55a7f9ce9fc3c156bd715651.png,S1,0.9486147165298462,0.9484555014895909,T1,val,H,1703ca22a1c39afeca05ffd0c12fe01606f41d5af81442d20102f130cc2ca491,d67353b51c7f853c45c0fad75d4336d0d442799627d3e648686eb70a497ad029,0.9410963593980496,T1,373843
0.0,0.0,0.0,,A06,0.08708300441503525,0.08663559771334405,0.2267019545527642,0.10291177018092727,0.5931140306735337,0,5ca3f9fed2a631d522b1bd5334bde7efb3613c82a3aa714d8ae5da962737af8c,0.08708300441503525,0.0740954726934433,0.0,0.0740954726934433,0.9388920664787292,0.0,0.0,02fc8095c431dfc5451811632a802997c5ba97593e8a98ad29eaf0d9e1211df4,complete_update,1280.0,0.960654115850928,0.960654115850928,0.9650934933626318,1600,0,0,26955,0,0,0.0,0.0,0.0,0.004439377511703868,-0.004439377511703868,16ba82c3443a91e7ff00c064a383f9a34c4a1ca7442e3e16be9e626b3f183f98,ISIC_0010479,0,31.016124838541646,0.02423134753011066,ISIC_0010479,423a61712d9bc0e044b5f366c51d870215a7a22a9b99b9f94cdb3c9a98bed659,0.9242872180491,0.9242872180491,0.0,0.0,0.0740954726934433,0.0740954726934433,0.07380182045707295,0.07380182045707295,cuda_FP32_original_batch_present,canonical_letterbox_valid,3d99874f14ae5f316eec36e21141043d75bd4fd17ccfb31e3174198dee269596,decdfdf7528641fef8594c5328d5378f2907d4739ddece7e69640ff3a37aeb57,0.40781325101852417,complete_logit_interpolation,0,786432,0.9282250784850978,0,375549,0.4775352478027344,2f94c4c97fe84622d91574a00432050ee6c1e487ec73a6427a444ce021b7f98e,RSI-TailProbe-20261004,0.9954311039024084,350194,0.44529469807942706,2,568b3a509fc3c126c063fef5,0.0,0,0.0,U-Mean-logit-alpha-0.000000,17,ISIC_0010479_A06_T1_S1_568b3a509fc3c126c063fef5.png,S1,0.9388920664787292,0.9390319567991982,T1,val,H,1703ca22a1c39afeca05ffd0c12fe01606f41d5af81442d20102f130cc2ca491,d67353b51c7f853c45c0fad75d4336d0d442799627d3e648686eb70a497ad029,0.9242872180491,T1,348594
0.0,0.0,0.0,,A04,0.0934177041053772,0.09337548218392384,0.23604961552428216,0.13317422569130422,0.4793385274148596,0,5ca3f9fed2a631d522b1bd5334bde7efb3613c82a3aa714d8ae5da962737af8c,0.0934177041053772,0.0810929536819458,0.0,0.0810929536819458,0.9312317967414856,0.0,0.0,02fc8095c431dfc5451811632a802997c5ba97593e8a98ad29eaf0d9e1211df4,complete_update,1280.0,0.9513347070806695,0.9513347070806695,0.9448699333381585,33066,0,0,92,0,0,0.0,0.0,0.0,-0.006464773742510976,0.006464773742510976,16ba82c3443a91e7ff00c064a383f9a34c4a1ca7442e3e16be9e626b3f183f98,ISIC_0010596,0,35.81758830331636,0.027982490861965907,ISIC_0010596,7685c2aa58bc666205756c2095740b1139b5b873746e395a00bbab4ab371d562,0.9071862237685898,0.9071862237685898,0.0,0.0,0.0810929536819458,0.0810929536819458,0.08104933710310022,0.08104933710310022,cuda_FP32_original_batch_present,canonical_letterbox_valid,3d99874f14ae5f316eec36e21141043d75bd4fd17ccfb31e3174198dee269596,d862f224ddb3ff4a8cee9de659de1d525edebeada1ad4776c351f93376f0143e,0.4297417998313904,complete_logit_interpolation,0,786432,0.9997162131732611,0,324187,0.41222508748372394,d2861f25e1f47ac673a7f482978f42b5add75621af7f6a0f9966030ad8e46ab7,RSI-TailProbe-20261004,0.9074199030689241,357161,0.45415369669596356,3,55a7d8889fc3c156bd715393,0.0,0,0.0,U-Mean-logit-alpha-0.000000,17,ISIC_0010596_A04_T1_S1_55a7d8889fc3c156bd715393.png,S1,0.9312317967414856,0.9312768079777234,T1,val,H,1703ca22a1c39afeca05ffd0c12fe01606f41d5af81442d20102f130cc2ca491,d67353b51c7f853c45c0fad75d4336d0d442799627d3e648686eb70a497ad029,0.9071862237685898,T1,324095
0.0,0.0,0.0,,A03,0.2873249351978302,0.28690308101893763,0.06055100713226633,0.04132231404958678,0.1140481399528797,0,5ca3f9fed2a631d522b1bd5334bde7efb3613c82a3aa714d8ae5da962737af8c,0.2873249351978302,0.2077871412038803,0.0,0.2077871412038803,0.8717506527900696,0.0,0.0,02fc8095c431dfc5451811632a802997c5ba97593e8a98ad29eaf0d9e1211df4,complete_update,1280.0,0.8711993095642028,0.8711993095642028,0.8645962497751948,95658,0,0,154,0,0,0.0,0.0,0.0,-0.006603059789007992,0.006603059789007992,16ba82c3443a91e7ff00c064a383f9a34c4a1ca7442e3e16be9e626b3f183f98,ISIC_0010596,0,78.97717867103356,0.061700920836744964,ISIC_0010596,7685c2aa58bc666205756c2095740b1139b5b873746e395a00bbab4ab371d562,0.7717919708463837,0.7717919708463837,0.0,0.0,0.2077871412038803,0.2077871412038803,0.20743464471243764,0.20743464471243764,cuda_FP32_original_batch_present,canonical_letterbox_valid,3d99874f14ae5f316eec36e21141043d75bd4fd17ccfb31e3174198dee269596,fd52b5cee3f5eb94923838cf8baff46e4e426860a0d216e759697b7ac0b2d7c5,0.4297417998313904,complete_logit_interpolation,0,786432,0.9995249655291545,0,324187,0.41222508748372394,d2861f25e1f47ac673a7f482978f42b5add75621af7f6a0f9966030ad8e46ab7,RSI-TailProbe-20261004,0.7720751695890548,419691,0.5336647033691406,3,57be15e29fc3c1434763a361,0.0,0,0.0,U-Mean-logit-alpha-0.000000,17,ISIC_0010596_A03_T1_S1_57be15e29fc3c1434763a361.png,S1,0.8717506527900696,0.8720337915940624,T1,val,H,1703ca22a1c39afeca05ffd0c12fe01606f41d5af81442d20102f130cc2ca491,d67353b51c7f853c45c0fad75d4336d0d442799627d3e648686eb70a497ad029,0.7717919708463837,T1,324033
0.0,0.0,0.0,,A02,0.06418948620557785,0.06352716028891182,0.5089069041053831,0.23594503891979782,0.8632291467951595,0,5ca3f9fed2a631d522b1bd5334bde7efb3613c82a3aa714d8ae5da962737af8c,0.06418948620557785,0.061514850705862045,0.0,0.061514850705862045,0.9411597847938538,0.0,0.0,02fc8095c431dfc5451811632a802997c5ba97593e8a98ad29eaf0d9e1211df4,complete_update,1280.0,0.9729402524996973,0.9729402524996973,0.9728485503860584,6669,0,0,10765,0,0,0.0,0.0,0.0,-9.17021136388474e-05,9.17021136388474e-05,16ba82c3443a91e7ff00c064a383f9a34c4a1ca7442e3e16be9e626b3f183f98,ISIC_0010596,0,21.540659228538015,0.016828640022295324,ISIC_0010596,7685c2aa58bc666205756c2095740b1139b5b873746e395a00bbab4ab371d562,0.9473063810237686,0.9473063810237686,0.0,0.0,0.061514850705862045,0.061514850705862045,0.061030241874016296,0.061030241874016296,cuda_FP32_original_batch_present,canonical_letterbox_valid,3d99874f14ae5f316eec36e21141043d75bd4fd17ccfb31e3174198dee269596,57f8d53bec2a0fc4c1902680314fe15f82caa0b42bfa3d776e20e33481e7ae81,0.4297417998313904,complete_logit_interpolation,0,786432,0.966793856632129,0,324187,0.41222508748372394,d2861f25e1f47ac673a7f482978f42b5add75621af7f6a0f9966030ad8e46ab7,RSI-TailProbe-20261004,0.9791652998678501,320091,0.4070167541503906,3,57c05f519fc3c158f2bd0e6c,0.0,0,0.0,U-Mean-logit-alpha-0.000000,17,ISIC_0010596_A02_T1_S1_57c05f519fc3c158f2bd0e6c.png,S1,0.9411597847938538,0.9414666765408792,T1,val,H,1703ca22a1c39afeca05ffd0c12fe01606f41d5af81442d20102f130cc2ca491,d67353b51c7f853c45c0fad75d4336d0d442799627d3e648686eb70a497ad029,0.9473063810237686,T1,313422
0.0,0.0,0.0,,A04,0.2872864902019501,0.287501731420298,0.0,0.0,0.04490267745578222,0,5ca3f9fed2a631d522b1bd5334bde7efb3613c82a3aa714d8ae5da962737af8c,0.2872864902019501,0.21513165533542633,0.0,0.21513165533542633,0.8570231795310974,0.0,0.0,02fc8095c431dfc5451811632a802997c5ba97593e8a98ad29eaf0d9e1211df4,complete_update,1280.0,0.8704332055698872,0.8704332055698872,0.85027093830212,109592,0,0,0,0,0,0.0,0.0,0.0,-0.020162267267767264,0.020162267267767264,16ba82c3443a91e7ff00c064a383f9a34c4a1ca7442e3e16be9e626b3f183f98,ISIC_0011107,0,102.53779756106195,0.08010765434457964,ISIC_0011107,1a1e59d528037e99a7ca12136df586c147d3ef2c2b4e6b9704b10145716aa83d,0.770590291660474,0.770590291660474,0.0,0.0,0.21513165533542633,0.21513165533542633,0.21522750732997603,0.21522750732997603,cuda_FP32_original_batch_present,canonical_letterbox_valid,3d99874f14ae5f316eec36e21141043d75bd4fd17ccfb31e3174198dee269596,28750b4e3af5070eebc40f703f403d8db40c61d3d25e06292fdd4ca315c91fe1,0.3922351002693176,complete_logit_interpolation,0,786432,1.0,0,368121,0.4680900573730469,ea4d86cce3d5ff2025147fefdfdda714da50476b0eaf7c2a94d5817ec827132a,RSI-TailProbe-20261004,0.770590291660474,477713,0.6074434916178385,3,55a020ea9fc3c156bd714796,0.0,0,0.0,U-Mean-logit-alpha-0.000000,17,ISIC_0011107_A04_T1_S1_55a020ea9fc3c156bd714796.png,S1,0.8570231795310974,0.8570467167603459,T1,val,H,1703ca22a1c39afeca05ffd0c12fe01606f41d5af81442d20102f130cc2ca491,d67353b51c7f853c45c0fad75d4336d0d442799627d3e648686eb70a497ad029,0.770590291660474,T1,368121
0.0,0.0,0.0,,A03,0.5432233214378357,0.5433917560279499,0.0,0.0,0.0,0,5ca3f9fed2a631d522b1bd5334bde7efb3613c82a3aa714d8ae5da962737af8c,0.5432233214378357,0.36988919973373413,0.0,0.36988919973373413,0.8034449219703674,0.0,0.0,02fc8095c431dfc5451811632a802997c5ba97593e8a98ad29eaf0d9e1211df4,complete_update,1280.0,0.8044136430036285,0.8044136430036285,0.7847182425978988,179011,0,0,0,0,0,0.0,0.0,0.0,-0.0196954004057297,0.0196954004057297,16ba82c3443a91e7ff00c064a383f9a34c4a1ca7442e3e16be9e626b3f183f98,ISIC_0011107,0,137.86260915777856,0.1077051634045145,ISIC_0011107,1a1e59d528037e99a7ca12136df586c147d3ef2c2b4e6b9704b10145716aa83d,0.6728193562065461,0.6728193562065461,0.0,0.0,0.36988919973373413,0.36988919973373413,0.3699636077605166,0.3699636077605166,cuda_FP32_original_batch_present,canonical_letterbox_valid,3d99874f14ae5f316eec36e21141043d75bd4fd17ccfb31e3174198dee269596,ca2c443d32b8b06891c13619c8140c47599a59c2fa9ec1ab53b63e73c8df105e,0.3922351002693176,complete_logit_interpolation,0,786432,1.0,0,368121,0.4680900573730469,ea4d86cce3d5ff2025147fefdfdda714da50476b0eaf7c2a94d5817ec827132a,RSI-TailProbe-20261004,0.6728193562065461,547132,0.6957143147786459,3,57be16e99fc3c1434763a366,0.0,0,0.0,U-Mean-logit-alpha-0.000000,17,ISIC_0011107_A03_T1_S1_57be16e99fc3c1434763a366.png,S1,0.8034449219703674,0.8034645405069166,T1,val,H,1703ca22a1c39afeca05ffd0c12fe01606f41d5af81442d20102f130cc2ca491,d67353b51c7f853c45c0fad75d4336d0d442799627d3e648686eb70a497ad029,0.6728193562065461,T1,368121
0.0,0.0,0.0,,A02,0.2564100921154022,0.25634260213793547,0.015134653906076118,0.006677053193857111,0.0516782365166748,0,5ca3f9fed2a631d522b1bd5334bde7efb3613c82a3aa714d8ae5da962737af8c,0.2564100921154022,0.1963232010602951,0.0,0.1963232010602951,0.863763689994812,0.0,0.0,02fc8095c431dfc5451811632a802997c5ba97593e8a98ad29eaf0d9e1211df4,complete_update,1280.0,0.8767812697240714,0.8767812697240714,0.8565834663834729,103468,0,0,0,0,0,0.0,0.0,0.0,-0.020197803340598508,0.020197803340598508,16ba82c3443a91e7ff00c064a383f9a34c4a1ca7442e3e16be9e626b3f183f98,ISIC_0011107,0,91.55216529030093,0.07152512913304761,ISIC_0011107,1a1e59d528037e99a7ca12136df586c147d3ef2c2b4e6b9704b10145716aa83d,0.780597087718331,0.780597087718331,0.0,0.0,0.1963232010602951,0.1963232010602951,0.19625925697001373,0.19625925697001373,cuda_FP32_original_batch_present,canonical_letterbox_valid,3d99874f14ae5f316eec36e21141043d75bd4fd17ccfb31e3174198dee269596,fc7bb97c5b248a358949e4d49700014d7e87f90c36122c708a5f99dae19651a6,0.3922351002693176,complete_logit_interpolation,0,786432,1.0,0,368121,0.4680900573730469,ea4d86cce3d5ff2025147fefdfdda714da50476b0eaf7c2a94d5817ec827132a,RSI-TailProbe-20261004,0.780597087718331,471589,0.5996564229329427,3,57c060a19fc3c158f2bd0e71,0.0,0,0.0,U-Mean-logit-alpha-0.000000,17,ISIC_0011107_A02_T1_S1_57c060a19fc3c158f2bd0e71.png,S1,0.863763689994812,0.863824088197908,T1,val,H,1703ca22a1c39afeca05ffd0c12fe01606f41d5af81442d20102f130cc2ca491,d67353b51c7f853c45c0fad75d4336d0d442799627d3e648686eb70a497ad029,0.780597087718331,T1,368121
0.0,0.0,0.0,,A04,0.15985321998596191,0.1597225926562307,0.0,0.0,0.002985445950988929,0,5ca3f9fed2a631d522b1bd5334bde7efb3613c82a3aa714d8ae5da962737af8c,0.15985321998596191,0.15641671419143677,0.0,0.15641671419143677,0.8470197916030884,0.0,0.0,02fc8095c431dfc5451811632a802997c5ba97593e8a98ad29eaf0d9e1211df4,complete_update,1280.0,0.8450854982058098,0.8450854982058098,0.8480921274277738,35314,0,0,0,0,0,0.0,0.0,0.0,0.003006629221964041,-0.003006629221964041,16ba82c3443a91e7ff00c064a383f9a34c4a1ca7442e3e16be9e626b3f183f98,ISIC_0011110,0,45.63491633848389,0.03565227838944054,ISIC_0011110,699865c020e33f105c596487d977b0a19228054ef083e43cd271a1f48c878def,0.7317299219058616,0.7317299219058616,0.0,0.0,0.15641671419143677,0.15641671419143677,0.15644495260788321,0.15644495260788321,cuda_FP32_original_batch_present,canonical_letterbox_valid,3d99874f14ae5f316eec36e21141043d75bd4fd17ccfb31e3174198dee269596,44c5b2445de7dab0b069965eac878adf326b79be4302bdbebd097ddc9747b479,0.5977519750595093,complete_logit_interpolation,0,786432,1.0,0,96322,0.12247975667317708,fe383ea5fce4cc4e2050ef71348981945582472b173b03d0127dc6139b166b44,RSI-TailProbe-20261004,0.7317299219058616,131636,0.16738382975260416,3,55a0206a9fc3c156bd714784,0.0,0,0.0,U-Mean-logit-alpha-0.000000,17,ISIC_0011110_A04_T1_S1_55a0206a9fc3c156bd714784.png,S1,0.8470197916030884,0.8468326874404642,T1,val,H,1703ca22a1c39afeca05ffd0c12fe01606f41d5af81442d20102f130cc2ca491,d67353b51c7f853c45c0fad75d4336d0d442799627d3e648686eb70a497ad029,0.7317299219058616,T1,96322
0.0,0.0,0.0,,A03,0.2606428861618042,0.2597465470644739,0.0,0.0,0.042530378842030016,0,5ca3f9fed2a631d522b1bd5334bde7efb3613c82a3aa714d8ae5da962737af8c,0.2606428861618042,0.2305043339729309,0.0,0.2305043339729309,0.7996342182159424,0.0,0.0,02fc8095c431dfc5451811632a802997c5ba97593e8a98ad29eaf0d9e1211df4,complete_update,1280.0,0.797770397303274,0.797770397303274,0.8007254010153961,48834,0,0,0,0,0,0.0,0.0,0.0,0.002955003712122095,-0.002955003712122095,16ba82c3443a91e7ff00c064a383f9a34c4a1ca7442e3e16be9e626b3f183f98,ISIC_0011110,0,66.94463064710125,0.05230049269304785,ISIC_0011110,699865c020e33f105c596487d977b0a19228054ef083e43cd271a1f48c878def,0.6635757392047177,0.6635757392047177,0.0,0.0,0.2305043339729309,0.2305043339729309,0.22988033461497967,0.22988033461497967,cuda_FP32_original_batch_present,canonical_letterbox_valid,3d99874f14ae5f316eec36e21141043d75bd4fd17ccfb31e3174198dee269596,d4b5df6229af6e9b769e55b7d38bfbf1153756eff5ff58f33a6df290f0324a48,0.5977519750595093,complete_logit_interpolation,0,786432,1.0,0,96322,0.12247975667317708,fe383ea5fce4cc4e2050ef71348981945582472b173b03d0127dc6139b166b44,RSI-TailProbe-20261004,0.6635757392047177,145156,0.18457539876302084,3,57be16f99fc3c1434763a367,0.0,0,0.0,U-Mean-logit-alpha-0.000000,17,ISIC_0011110_A03_T1_S1_57be16f99fc3c1434763a367.png,S1,0.7996342182159424,0.7999858778345146,T1,val,H,1703ca22a1c39afeca05ffd0c12fe01606f41d5af81442d20102f130cc2ca491,d67353b51c7f853c45c0fad75d4336d0d442799627d3e648686eb70a497ad029,0.6635757392047177,T1,96322
0.0,0.0,0.0,,A02,0.09759315848350525,0.09639475641481282,0.0,0.0,0.17230955939364653,0,5ca3f9fed2a631d522b1bd5334bde7efb3613c82a3aa714d8ae5da962737af8c,0.09759315848350525,0.1057714968919754,0.0,0.1057714968919754,0.8860501646995544,0.0,0.0,02fc8095c431dfc5451811632a802997c5ba97593e8a98ad29eaf0d9e1211df4,complete_update,1280.0,0.8857806285490953,0.8857806285490953,0.8888206162876009,24841,0,0,0,0,0,0.0,0.0,0.0,0.0030399877385055563,-0.0030399877385055563,16ba82c3443a91e7ff00c064a383f9a34c4a1ca7442e3e16be9e626b3f183f98,ISIC_0011110,0,33.425952874339096,0.02611402568307742,ISIC_0011110,699865c020e33f105c596487d977b0a19228054ef083e43cd271a1f48c878def,0.7949786651040334,0.7949786651040334,0.0,0.0,0.1057714968919754,0.1057714968919754,0.10494103144116071,0.10494103144116071,cuda_FP32_original_batch_present,canonical_letterbox_valid,3d99874f14ae5f316eec36e21141043d75bd4fd17ccfb31e3174198dee269596,2abeff56267f25896c33b1f81d938c137a474f2da1fe786c372bb54f443060ff,0.5977519750595093,complete_logit_interpolation,0,786432,1.0,0,96322,0.12247975667317708,fe383ea5fce4cc4e2050ef71348981945582472b173b03d0127dc6139b166b44,RSI-TailProbe-20261004,0.7949786651040334,121163,0.15406672159830728,3,57c060b29fc3c158f2bd0e72,0.0,0,0.0,U-Mean-logit-alpha-0.000000,17,ISIC_0011110_A02_T1_S1_57c060b29fc3c158f2bd0e72.png,S1,0.8860501646995544,0.8865126935324914,T1,val,H,1703ca22a1c39afeca05ffd0c12fe01606f41d5af81442d20102f130cc2ca491,d67353b51c7f853c45c0fad75d4336d0d442799627d3e648686eb70a497ad029,0.7949786651040334,T1,96322
0.0,0.0,0.0,,A04,0.14340922236442566,0.14445291674081248,0.6820016445313217,0.21650693339645596,0.7330393874558853,0,5ca3f9fed2a631d522b1bd5334bde7efb3613c82a3aa714d8ae5da962737af8c,0.14340922236442566,0.1023760586977005,0.0,0.1023760586977005,0.9386571049690247,0.0,0.0,02fc8095c431dfc5451811632a802997c5ba97593e8a98ad29eaf0d9e1211df4,complete_update,1280.0,0.9646587295001612,0.9646587295001612,0.9599405817957701,17796,0,0,30331,0,0,0.0,0.0,0.0,-0.004718147704391051,0.004718147704391051,16ba82c3443a91e7ff00c064a383f9a34c4a1ca7442e3e16be9e626b3f183f98,ISIC_0011121,0,57.0,0.04453125,ISIC_0011121,db529530985fbba1c970790bed4bc6f04b014eafe4c012c925a93f59174ff85e,0.9317302004530799,0.9317302004530799,0.0,0.0,0.1023760586977005,0.1023760586977005,0.10303546103812193,0.10303546103812193,cuda_FP32_original_batch_present,canonical_letterbox_valid,3d99874f14ae5f316eec36e21141043d75bd4fd17ccfb31e3174198dee269596,eac74777a716cf008b350b574f9991c9ff869825f87a884b024ae83a859aa9e4,0.5379019379615784,complete_logit_interpolation,0,786432,0.9558601600507599,0,687157,0.8737653096516927,7747bd308df1f6bc53dca8875fccad761ec3bf9e22a45724f9b8579054ea30cb,RSI-TailProbe-20261004,0.9736207831941442,674622,0.8578262329101562,2,55a01ee49fc3c156bd714742,0.0,0,0.0,U-Mean-logit-alpha-0.000000,17,ISIC_0011121_A04_T1_S1_55a01ee49fc3c156bd714742.png,S1,0.9386571049690247,0.9383819946645686,T1,val,H,1703ca22a1c39afeca05ffd0c12fe01606f41d5af81442d20102f130cc2ca491,d67353b51c7f853c45c0fad75d4336d0d442799627d3e648686eb70a497ad029,0.9317302004530799,T1,656826
0.0,0.0,0.0,,A06,0.21082894504070282,0.2102080967402026,0.679399714527706,0.6525423106091416,0.72601133819786,0,5ca3f9fed2a631d522b1bd5334bde7efb3613c82a3aa714d8ae5da962737af8c,0.21082894504070282,0.14069613814353943,0.0,0.14069613814353943,0.9294366836547852,0.0,0.0,02fc8095c431dfc5451811632a802997c5ba97593e8a98ad29eaf0d9e1211df4,complete_update,1280.0,0.955067596924431,0.955067596924431,0.9418623807475968,58396,0,0,5722,0,0,0.0,0.0,0.0,-0.013205216176834234,0.013205216176834234,16ba82c3443a91e7ff00c064a383f9a34c4a1ca7442e3e16be9e626b3f183f98,ISIC_0011121,0,145.69140136974877,0.11382140732011622,ISIC_0011121,db529530985fbba1c970790bed4bc6f04b014eafe4c012c925a93f59174ff85e,0.9139994071514701,0.9139994071514701,0.0,0.0,0.14069613814353943,0.14069613814353943,0.14039080395447023,0.14039080395447023,cuda_FP32_original_batch_present,canonical_letterbox_valid,3d99874f14ae5f316eec36e21141043d75bd4fd17ccfb31e3174198dee269596,7992d2af68a9342d9960453523fcddedc1b9111b2c087bfd499034db4f346773,0.5379019379615784,complete_logit_interpolation,0,786432,0.9916729364613909,0,687157,0.8737653096516927,7747bd308df1f6bc53dca8875fccad761ec3bf9e22a45724f9b8579054ea30cb,RSI-TailProbe-20261004,0.9210684602294308,739831,0.9407437642415365,2,568b3a1a9fc3c126c063fef2,0.0,0,0.0,U-Mean-logit-alpha-0.000000,17,ISIC_0011121_A06_T1_S1_568b3a1a9fc3c126c063fef2.png,S1,0.9294366836547852,0.9294264888312621,T1,val,H,1703ca22a1c39afeca05ffd0c12fe01606f41d5af81442d20102f130cc2ca491,d67353b51c7f853c45c0fad75d4336d0d442799627d3e648686eb70a497ad029,0.9139994071514701,T1,681435
0.0,0.0,0.0,,A04,0.1399686187505722,0.13940492634420548,0.029451137884872827,0.008412197686645638,0.14766779749216927,0,5ca3f9fed2a631d522b1bd5334bde7efb3613c82a3aa714d8ae5da962737af8c,0.1399686187505722,0.14057788252830505,0.0,0.14057788252830505,0.8588128685951233,0.0,0.0,02fc8095c431dfc5451811632a802997c5ba97593e8a98ad29eaf0d9e1211df4,complete_update,1280.0,0.8645417601746831,0.8645417601746831,0.8667035950709661,44666,0,0,0,0,0,0.0,0.0,0.0,0.002161834896282966,-0.002161834896282966,16ba82c3443a91e7ff00c064a383f9a34c4a1ca7442e3e16be9e626b3f183f98,ISIC_0011169,0,45.880278987817846,0.03584396795923269,ISIC_0011169,0fbac1d56399999983b7b00cd83e3825d60983739447e7134cad70484e336188,0.7614033963130933,0.7614033963130933,0.0,0.0,0.14057788252830505,0.14057788252830505,0.1402258273931474,0.1402258273931474,cuda_FP32_original_batch_present,canonical_letterbox_valid,3d99874f14ae5f316eec36e21141043d75bd4fd17ccfb31e3174198dee269596,bfc465249dbb0d748360ececcd8d0f5a551aa1dc54151579093ea5f81fba9368,0.3930419385433197,complete_logit_interpolation,0,786432,1.0,0,142537,0.18124516805013022,b5d931d187c1328629d3d97f40b13af4dac0da05b9b8faf07c8aa0e1bd2c8d84,RSI-TailProbe-20261004,0.7614033963130933,187203,0.23804092407226562,2,55a007d89fc3c156bd7145fd,0.0,0,0.0,U-Mean-logit-alpha-0.000000,17,ISIC_0011169_A04_T1_S1_55a007d89fc3c156bd7145fd.png,S1,0.8588128685951233,0.8589532715579107,T1,val,H,1703ca22a1c39afeca05ffd0c12fe01606f41d5af81442d20102f130cc2ca491,d67353b51c7f853c45c0fad75d4336d0d442799627d3e648686eb70a497ad029,0.7614033963130933,T1,142537
0.0,0.0,0.0,,A06,0.09699589014053345,0.09713892837017805,0.025053686471009307,0.0,0.31988589076879415,0,5ca3f9fed2a631d522b1bd5334bde7efb3613c82a3aa714d8ae5da962737af8c,0.09699589014053345,0.10681962966918945,0.0,0.10681962966918945,0.8833566308021545,0.0,0.0,02fc8095c431dfc5451811632a802997c5ba97593e8a98ad29eaf0d9e1211df4,complete_update,1280.0,0.8904944866148128,0.8904944866148128,0.8926701978744166,35056,0,0,0,0,0,0.0,0.0,0.0,0.0021757112596038075,-0.0021757112596038075,16ba82c3443a91e7ff00c064a383f9a34c4a1ca7442e3e16be9e626b3f183f98,ISIC_0011169,0,53.33608085324815,0.041668813166600115,ISIC_0011169,0fbac1d56399999983b7b00cd83e3825d60983739447e7134cad70484e336188,0.8026048323976733,0.8026048323976733,0.0,0.0,0.10681962966918945,0.10681962966918945,0.10694199045870986,0.10694199045870986,cuda_FP32_original_batch_present,canonical_letterbox_valid,3d99874f14ae5f316eec36e21141043d75bd4fd17ccfb31e3174198dee269596,da241448da18f2d2d3b90296f2e4a07a6f66f351eb1a8fd7b1aeaee750e09f1e,0.3930419385433197,complete_logit_interpolation,0,786432,1.0,0,142537,0.18124516805013022,b5d931d187c1328629d3d97f40b13af4dac0da05b9b8faf07c8aa0e1bd2c8d84,RSI-TailProbe-20261004,0.8026048323976733,177593,0.22582117716471353,2,568b39019fc3c126c063fee9,0.0,0,0.0,U-Mean-logit-alpha-0.000000,17,ISIC_0011169_A06_T1_S1_568b39019fc3c126c063fee9.png,S1,0.8833566308021545,0.8832549474527583,T1,val,H,1703ca22a1c39afeca05ffd0c12fe01606f41d5af81442d20102f130cc2ca491,d67353b51c7f853c45c0fad75d4336d0d442799627d3e648686eb70a497ad029,0.8026048323976733,T1,142537
0.0,0.0,0.0,,A04,0.17620433866977692,0.176376743738044,0.18883050181682773,0.11188743316088512,0.31594737827224306,0,5ca3f9fed2a631d522b1bd5334bde7efb3613c82a3aa714d8ae5da962737af8c,0.17620433866977692,0.1320280134677887,0.0,0.1320280134677887,0.9121482968330383,0.0,0.0,02fc8095c431dfc5451811632a802997c5ba97593e8a98ad29eaf0d9e1211df4,complete_update,1280.0,0.9421572562702174,0.9421572562702174,0.962098824597453,2584,0,0,61110,0,0,0.0,0.0,0.0,0.019941568327235593,-0.019941568327235593,16ba82c3443a91e7ff00c064a383f9a34c4a1ca7442e3e16be9e626b3f183f98,ISIC_0011349,0,48.703182647543684,0.038049361443393506,ISIC_0011349,53f1fcd87957578c03d487a231885d25deda268a254c873c8e94494625bbef54,0.8906401843324302,0.8906401843324302,0.0,0.0,0.1320280134677887,0.1320280134677887,0.13214012607977527,0.13214012607977527,cuda_FP32_original_batch_present,canonical_letterbox_valid,3d99874f14ae5f316eec36e21141043d75bd4fd17ccfb31e3174198dee269596,03ac40e35e410781d60b0487a5e0769ad7d83a381f9f113404883beb65956adc,0.4363579750061035,complete_logit_interpolation,0,786432,0.8946092211326534,0,579842,0.7373072306315104,1818f857d1404b69eb4f73a0c843eace2826ef229b3949b162402c277dbde02e,RSI-TailProbe-20261004,0.9950433134605499,521316,0.6628875732421875,4,55a94c809fc3c156bd715db9,0.0,0,0.0,U-Mean-logit-alpha-0.000000,17,ISIC_0011349_A04_T1_S1_55a94c809fc3c156bd715db9.png,S1,0.9121482968330383,0.9120964915784935,T1,val,H,1703ca22a1c39afeca05ffd0c12fe01606f41d5af81442d20102f130cc2ca491,d67353b51c7f853c45c0fad75d4336d0d442799627d3e648686eb70a497ad029,0.8906401843324302,T1,518732
0.0,0.0,0.0,,A06,0.22357667982578278,0.22385515745076853,0.20108300417327535,0.14934051698098855,0.288243736555731,0,5ca3f9fed2a631d522b1bd5334bde7efb3613c82a3aa714d8ae5da962737af8c,0.22357667982578278,0.16327360272407532,0.0,0.16327360272407532,0.897029459476471,0.0,0.0,02fc8095c431dfc5451811632a802997c5ba97593e8a98ad29eaf0d9e1211df4,complete_update,1280.0,0.9179406364946596,0.9179406364946596,0.9362453386382822,6889,0,0,82102,0,0,0.0,0.0,0.0,0.018304702143622564,-0.018304702143622564,16ba82c3443a91e7ff00c064a383f9a34c4a1ca7442e3e16be9e626b3f183f98,ISIC_0011349,0,73.65859297161917,0.057545775759077475,ISIC_0011349,53f1fcd87957578c03d487a231885d25deda268a254c873c8e94494625bbef54,0.8483274277309363,0.8483274277309363,0.0,0.0,0.16327360272407532,0.16327360272407532,0.16345277985642315,0.16345277985642315,cuda_FP32_original_batch_present,canonical_letterbox_valid,3d99874f14ae5f316eec36e21141043d75bd4fd17ccfb31e3174198dee269596,3ed7825c7a7ee7faae2fbb51518e704cafbf10e5abff7ca36632fd62b45cd768,0.4363579750061035,complete_logit_interpolation,0,786432,0.8584062554971872,0,579842,0.7373072306315104,1818f857d1404b69eb4f73a0c843eace2826ef229b3949b162402c277dbde02e,RSI-TailProbe-20261004,0.9863483866365191,504629,0.641668955485026,4,57bda5d99fc3c11f2f681074,0.0,0,0.0,U-Mean-logit-alpha-0.000000,17,ISIC_0011349_A06_T1_S1_57bda5d99fc3c11f2f681074.png,S1,0.897029459476471,0.8969495977379223,T1,val,H,1703ca22a1c39afeca05ffd0c12fe01606f41d5af81442d20102f130cc2ca491,d67353b51c7f853c45c0fad75d4336d0d442799627d3e648686eb70a497ad029,0.8483274277309363,T1,497740
0.0,0.0,0.0,,A03,0.15316985547542572,0.15227569557820406,0.218447600201167,0.13043317609094604,0.4788050819254938,0,5ca3f9fed2a631d522b1bd5334bde7efb3613c82a3aa714d8ae5da962737af8c,0.15316985547542572,0.11462890356779099,0.0,0.11462890356779099,0.9239120483398438,0.0,0.0,02fc8095c431dfc5451811632a802997c5ba97593e8a98ad29eaf0d9e1211df4,complete_update,1280.0,0.9551848606437762,0.9551848606437762,0.9391155676077162,34817,0,0,17912,0,0,0.0,0.0,0.0,-0.016069293036059973,0.016069293036059973,16ba82c3443a91e7ff00c064a383f9a34c4a1ca7442e3e16be9e626b3f183f98,ISIC_0011349,0,51.21131956951317,0.04000884341368217,ISIC_0011349,53f1fcd87957578c03d487a231885d25deda268a254c873c8e94494625bbef54,0.9142142228455127,0.9142142228455127,0.0,0.0,0.11462890356779099,0.11462890356779099,0.11404467577214826,0.11404467577214826,cuda_FP32_original_batch_present,canonical_letterbox_valid,3d99874f14ae5f316eec36e21141043d75bd4fd17ccfb31e3174198dee269596,a90c245a2e79c4e0a2a1938fe844a7c54064ddc73cdf37c0b7d956297733cbfb,0.4363579750061035,complete_logit_interpolation,0,786432,0.9691088261974814,0,579842,0.7373072306315104,1818f857d1404b69eb4f73a0c843eace2826ef229b3949b162402c277dbde02e,RSI-TailProbe-20261004,0.941655341375826,596747,0.7588030497233073,4,57be18ea9fc3c1434763a373,0.0,0,0.0,U-Mean-logit-alpha-0.000000,17,ISIC_0011349_A03_T1_S1_57be18ea9fc3c1434763a373.png,S1,0.9239120483398438,0.9241863440339075,T1,val,H,1703ca22a1c39afeca05ffd0c12fe01606f41d5af81442d20102f130cc2ca491,d67353b51c7f853c45c0fad75d4336d0d442799627d3e648686eb70a497ad029,0.9142142228455127,T1,561930
0.0,0.0,0.0,,A02,0.24247853457927704,0.24324010739739055,0.14076677480942934,0.07453758225578899,0.2535439023028182,0,5ca3f9fed2a631d522b1bd5334bde7efb3613c82a3aa714d8ae5da962737af8c,0.24247853457927704,0.17539703845977783,0.0,0.17539703845977783,0.8916844725608826,0.0,0.0,02fc8095c431dfc5451811632a802997c5ba97593e8a98ad29eaf0d9e1211df4,complete_update,1280.0,0.9095292393499944,0.9095292393499944,0.9280096551105153,10215,0,0,87693,0,0,0.0,0.0,0.0,0.01848041576052084,-0.01848041576052084,16ba82c3443a91e7ff00c064a383f9a34c4a1ca7442e3e16be9e626b3f183f98,ISIC_0011349,0,73.4900972637936,0.05741413848733875,ISIC_0011349,53f1fcd87957578c03d487a231885d25deda268a254c873c8e94494625bbef54,0.8340702677876883,0.8340702677876883,0.0,0.0,0.17539703845977783,0.17539703845977783,0.17588060115276183,0.17588060115276183,cuda_FP32_original_batch_present,canonical_letterbox_valid,3d99874f14ae5f316eec36e21141043d75bd4fd17ccfb31e3174198dee269596,aa3ccde19edf0143f29fbb3811fa15cb9f6bfd890500bd95e67be19789494c09,0.4363579750061035,complete_logit_interpolation,0,786432,0.8487639736341969,0,579842,0.7373072306315104,1818f857d1404b69eb4f73a0c843eace2826ef229b3949b162402c277dbde02e,RSI-TailProbe-20261004,0.9796661384971853,502364,0.6387888590494791,4,57c061f79fc3c158f2bd0e7e,0.0,0,0.0,U-Mean-logit-alpha-0.000000,17,ISIC_0011349_A02_T1_S1_57c061f79fc3c158f2bd0e7e.png,S1,0.8916844725608826,0.8914789050918669,T1,val,H,1703ca22a1c39afeca05ffd0c12fe01606f41d5af81442d20102f130cc2ca491,d67353b51c7f853c45c0fad75d4336d0d442799627d3e648686eb70a497ad029,0.8340702677876883,T1,492149
0.0,0.0,0.0,,A04,0.11076880246400833,0.10988759023570449,0.594133781440845,0.44130322183440635,0.7561764233412313,0,5ca3f9fed2a631d522b1bd5334bde7efb3613c82a3aa714d8ae5da962737af8c,0.11076880246400833,0.07991147041320801,0.0,0.07991147041320801,0.9509458541870117,0.0,0.0,02fc8095c431dfc5451811632a802997c5ba97593e8a98ad29eaf0d9e1211df4,complete_update,1280.0,0.9757561464446292,0.9757561464446292,0.9671175557864622,22002,0,0,9763,0,0,0.0,0.0,0.0,-0.008638590658166967,0.008638590658166967,16ba82c3443a91e7ff00c064a383f9a34c4a1ca7442e3e16be9e626b3f183f98,ISIC_0011350,0,36.346251402503654,0.02839550890820598,ISIC_0011350,e54fefcc85ce809395bac2a51cc3025cd2eb5d0e202e856f798e679b509b519c,0.9526599969895544,0.9526599969895544,0.0,0.0,0.07991147041320801,0.07991147041320801,0.07938240958311293,0.07938240958311293,cuda_FP32_original_batch_present,canonical_letterbox_valid,3d99874f14ae5f316eec36e21141043d75bd4fd17ccfb31e3174198dee269596,5dc7870df14c18068b1f0eedfff72c87ce3bcc0e8df780d3995ed99c5a45fd01,0.5231477618217468,complete_logit_interpolation,0,786432,0.98495674080694,0,648995,0.8252398173014323,7615c74f595817be5673c00c289c5b804fd5d16ef9de16fbde3fcc7c96791fc9,RSI-TailProbe-20261004,0.9667258489430368,661234,0.8408025105794271,2,55a94c999fc3c156bd715dbf,0.0,0,0.0,U-Mean-logit-alpha-0.000000,17,ISIC_0011350_A04_T1_S1_55a94c999fc3c156bd715dbf.png,S1,0.9509458541870117,0.9511227710694786,T1,val,H,1703ca22a1c39afeca05ffd0c12fe01606f41d5af81442d20102f130cc2ca491,d67353b51c7f853c45c0fad75d4336d0d442799627d3e648686eb70a497ad029,0.9526599969895544,T1,639232
0.0,0.0,0.0,,A06,0.15997987985610962,0.15908430567934206,0.5812961015828493,0.4540449249491593,0.6737446580634794,0,5ca3f9fed2a631d522b1bd5334bde7efb3613c82a3aa714d8ae5da962737af8c,0.15997987985610962,0.10917484760284424,0.0,0.10917484760284424,0.9416301846504211,0.0,0.0,02fc8095c431dfc5451811632a802997c5ba97593e8a98ad29eaf0d9e1211df4,complete_update,1280.0,0.9613261645272307,0.9613261645272307,0.9463169881470991,47723,0,0,4160,0,0,0.0,0.0,0.0,-0.015009176380131661,0.015009176380131661,16ba82c3443a91e7ff00c064a383f9a34c4a1ca7442e3e16be9e626b3f183f98,ISIC_0011350,0,77.43221464528575,0.0604939176916295,ISIC_0011350,e54fefcc85ce809395bac2a51cc3025cd2eb5d0e202e856f798e679b509b519c,0.9255322813534314,0.9255322813534314,0.0,0.0,0.10917484760284424,0.10917484760284424,0.10864758434523714,0.10864758434523714,cuda_FP32_original_batch_present,canonical_letterbox_valid,3d99874f14ae5f316eec36e21141043d75bd4fd17ccfb31e3174198dee269596,143016a3c572590a97e1fc6f0894a73b6449a498016243a4a6cd57313f821669,0.5231477618217468,complete_logit_interpolation,0,786432,0.9935900892919052,0,648995,0.8252398173014323,7615c74f595817be5673c00c289c5b804fd5d16ef9de16fbde3fcc7c96791fc9,RSI-TailProbe-20261004,0.9310916919593738,692558,0.8806330362955729,2,568b26fc9fc3c126c063fe71,0.0,0,0.0,U-Mean-logit-alpha-0.000000,17,ISIC_0011350_A06_T1_S1_568b26fc9fc3c126c063fe71.png,S1,0.9416301846504211,0.9417891369888678,T1,val,H,1703ca22a1c39afeca05ffd0c12fe01606f41d5af81442d20102f130cc2ca491,d67353b51c7f853c45c0fad75d4336d0d442799627d3e648686eb70a497ad029,0.9255322813534314,T1,644835
0.0,0.0,0.0,,A00,1.9574010372161865,1.9533546315259969,0.0,0.0,0.0,0,5ca3f9fed2a631d522b1bd5334bde7efb3613c82a3aa714d8ae5da962737af8c,1.9574010372161865,1.4229648113250732,0.0,1.4229648113250732,0.11147143691778183,0.0,0.0,02fc8095c431dfc5451811632a802997c5ba97593e8a98ad29eaf0d9e1211df4,complete_update,3612.2104036171536,0.10099184264858801,0.10099184264858801,0.11209760511825871,2087897,0,0,0,0,0,0.0,0.0,0.0,0.011105762469670696,-0.011105762469670696,015a5182dfe5ccbc86e54e2a297d7057c76dbe74152c60b933a79ba1c5e747cf,ISIC_0012149,0,1051.6485389596583,0.29113712144413584,ISIC_0012149,0077c043687b672e8b878dfe1fc879971d5b78efbc53974298a82eb2afe01690,0.05318136325935721,0.05318136325935721,0.0,0.0,1.4229648113250732,1.4229648113250732,1.4208970714041025,1.4208970714041025,cuda_FP32_original_batch_present,canonical_letterbox_valid,3d99874f14ae5f316eec36e21141043d75bd4fd17ccfb31e3174198dee269596,756e54fe8449ee97ef0616cc6af8db566482751ddda5ada95eee7a05a06adad8,0.4112056493759155,complete_logit_interpolation,0,6016000,1.0,0,117274,0.019493683510638297,5f20c314906d0d773609204dfacf4f866ef18e154dac1fea17a637923d7d5c06,RSI-TailProbe-20261004,0.05318136325935721,2205171,0.3665510305851064,2,5841e25e9fc3c156c3ef2955,0.0,0,0.0,U-Mean-logit-alpha-0.000000,17,ISIC_0012149_A00_T2_S1_5841e25e9fc3c156c3ef2955.png,S1,0.11147143691778183,0.11156048871779176,T2,val,H,1703ca22a1c39afeca05ffd0c12fe01606f41d5af81442d20102f130cc2ca491,d67353b51c7f853c45c0fad75d4336d0d442799627d3e648686eb70a497ad029,0.0,T2,117274
0.0,0.0,0.0,,A03,0.11719511449337006,0.11744073583328067,0.0,0.0,0.0,0,5ca3f9fed2a631d522b1bd5334bde7efb3613c82a3aa714d8ae5da962737af8c,0.11719511449337006,0.288931667804718,0.0,0.288931667804718,0.5393317937850952,0.0,0.0,02fc8095c431dfc5451811632a802997c5ba97593e8a98ad29eaf0d9e1211df4,complete_update,3612.2104036171536,0.5455441998074123,0.5455441998074123,0.5903389570690448,195386,0,0,0,0,0,0.0,0.0,0.0,0.04479475726163251,-0.04479475726163251,015a5182dfe5ccbc86e54e2a297d7057c76dbe74152c60b933a79ba1c5e747cf,ISIC_0012149,0,190.51692837790972,0.0527424781754496,ISIC_0012149,0077c043687b672e8b878dfe1fc879971d5b78efbc53974298a82eb2afe01690,0.37508475660461843,0.37508475660461843,0.0,0.0,0.288931667804718,0.288931667804718,0.28956203300399014,0.28956203300399014,cuda_FP32_original_batch_present,canonical_letterbox_valid,3d99874f14ae5f316eec36e21141043d75bd4fd17ccfb31e3174198dee269596,59cc684df2e0b50ceb295205faa265c7ae237211f50d4fa624e6e87206868d56,0.4112056493759155,complete_logit_interpolation,0,6016000,1.0,0,117274,0.019493683510638297,5f20c314906d0d773609204dfacf4f866ef18e154dac1fea17a637923d7d5c06,RSI-TailProbe-20261004,0.37508475660461843,312660,0.05197140957446809,2,58a476afd8311368134d5262,0.0,0,0.0,U-Mean-logit-alpha-0.000000,17,ISIC_0012149_A03_T1_S1_58a476afd8311368134d5262.png,S1,0.5393317937850952,0.5383166698253004,T1,val,H,1703ca22a1c39afeca05ffd0c12fe01606f41d5af81442d20102f130cc2ca491,d67353b51c7f853c45c0fad75d4336d0d442799627d3e648686eb70a497ad029,0.0,T1,117274
0.0,0.0,0.0,,A00,0.018452804535627365,0.018904756575886614,0.5380018900336762,0.2707851486362001,0.8850199973113375,0,5ca3f9fed2a631d522b1bd5334bde7efb3613c82a3aa714d8ae5da962737af8c,0.018452804535627365,0.06203608959913254,0.0,0.06203608959913254,0.8943806290626526,0.0,0.0,02fc8095c431dfc5451811632a802997c5ba97593e8a98ad29eaf0d9e1211df4,complete_update,3612.2104036171536,0.9040700782760086,0.9040700782760086,0.8950555588218002,5659,0,0,29330,0,0,0.0,0.0,0.0,-0.009014519454208392,0.009014519454208392,015a5182dfe5ccbc86e54e2a297d7057c76dbe74152c60b933a79ba1c5e747cf,ISIC_0012191,0,134.69363909043074,0.03728842565636619,ISIC_0012191,1eb35d097d2c8401ef05490c966f82b25b195bc8185e4d1b8284eea48e570d74,0.8249342046011748,0.8249342046011748,0.0,0.0,0.06203608959913254,0.06203608959913254,0.06415921299826309,0.06415921299826309,cuda_FP32_original_batch_present,canonical_letterbox_valid,3d99874f14ae5f316eec36e21141043d75bd4fd17ccfb31e3174198dee269596,32ec7827d233888a5855295111cf0913754886df29c644995b886b742445780b,0.5128721594810486,complete_logit_interpolation,0,6016000,0.8489724669546814,0,194203,0.03228108377659575,61407c4031a2a7a031eb76f914fc6187b7c72d6047b5d04d74b1cdb148b3cc40,RSI-TailProbe-20261004,0.9668156123190955,170532,0.028346409574468084,2,5841e2759fc3c156c3ef29d3,0.0,0,0.0,U-Mean-logit-alpha-0.000000,17,ISIC_0012191_A00_T2_S1_5841e2759fc3c156c3ef29d3.png,S1,0.8943806290626526,0.8905863305793604,T2,val,H,1703ca22a1c39afeca05ffd0c12fe01606f41d5af81442d20102f130cc2ca491,d67353b51c7f853c45c0fad75d4336d0d442799627d3e648686eb70a497ad029,0.8249342046011748,T2,164873
0.0,0.0,0.0,,A03,0.021246112883090973,0.021220723892171646,0.6175101570569105,0.24912646481635012,0.8427139006977861,0,5ca3f9fed2a631d522b1bd5334bde7efb3613c82a3aa714d8ae5da962737af8c,0.021246112883090973,0.0621347613632679,0.0,0.0621347613632679,0.8969765901565552,0.0,0.0,02fc8095c431dfc5451811632a802997c5ba97593e8a98ad29eaf0d9e1211df4,complete_update,3612.2104036171536,0.9093666498158446,0.9093666498158446,0.9100178170888713,32327,0,0,5323,0,0,0.0,0.0,0.0,0.0006511672730267204,-0.0006511672730267204,015a5182dfe5ccbc86e54e2a297d7057c76dbe74152c60b933a79ba1c5e747cf,ISIC_0012191,0,73.2794539093582,0.02028659621709147,ISIC_0012191,1eb35d097d2c8401ef05490c966f82b25b195bc8185e4d1b8284eea48e570d74,0.8337968480995894,0.8337968480995894,0.0,0.0,0.0621347613632679,0.0621347613632679,0.06257216218237364,0.06257216218237364,cuda_FP32_original_batch_present,canonical_letterbox_valid,3d99874f14ae5f316eec36e21141043d75bd4fd17ccfb31e3174198dee269596,42735c61cd03443e9f1ad27c0ae90e232420f508e421fe2a9f9f4e6eaf3cc320,0.5128721594810486,complete_logit_interpolation,0,6016000,0.972590536706436,0,194203,0.03228108377659575,61407c4031a2a7a031eb76f914fc6187b7c72d6047b5d04d74b1cdb148b3cc40,RSI-TailProbe-20261004,0.8538608633542338,221207,0.03676978058510638,2,58909ce0d831135f264ceb5c,0.0,0,0.0,U-Mean-logit-alpha-0.000000,17,ISIC_0012191_A03_T1_S1_58909ce0d831135f264ceb5c.png,S1,0.8969765901565552,0.8960763995274243,T1,val,H,1703ca22a1c39afeca05ffd0c12fe01606f41d5af81442d20102f130cc2ca491,d67353b51c7f853c45c0fad75d4336d0d442799627d3e648686eb70a497ad029,0.8337968480995894,T1,188880
0.0,0.0,0.0,,A00,0.01922028139233589,0.019937796776270677,0.729661728044931,0.41559760200572976,0.860673612793797,0,5ca3f9fed2a631d522b1bd5334bde7efb3613c82a3aa714d8ae5da962737af8c,0.01922028139233589,0.05307795852422714,0.0,0.05307795852422714,0.9130643606185913,0.0,0.0,02fc8095c431dfc5451811632a802997c5ba97593e8a98ad29eaf0d9e1211df4,complete_update,5147.6254720016295,0.9236470583191497,0.9236470583191497,0.9255988784432986,5794,0,0,83253,0,0,0.0,0.0,0.0,0.0019518201241488509,-0.0019518201241488509,000265748d489c3d0095524194958fe61fe914509d0aca373da78957be3a3502,ISIC_0012228,0,287.1041617545681,0.05577409687556951,ISIC_0012228,8bdd29cd5e80cf23cb8ec41d002a76d1183f50d1e6fd3fb73580c3735149e97a,0.858126570339249,0.858126570339249,0.0,0.0,0.05307795852422714,0.05307795852422714,0.055143669224114435,0.055143669224114435,cuda_FP32_original_batch_present,canonical_letterbox_valid,3d99874f14ae5f316eec36e21141043d75bd4fd17ccfb31e3174198dee269596,aaeb55fe57fe2a85ca86a4da51ea8a8848e36ac86c1d91ba5dc25bfeb3d3571a,0.5051538944244385,complete_logit_interpolation,0,12212224,0.866121954082691,0,621857,0.050920864209500254,d2b3f24339893ebbb894a0f3ad66488e269d4032f19a808452fd2be098814377,RSI-TailProbe-20261004,0.9893570512749863,544398,0.04457812106951199,2,5841e28a9fc3c156c3ef2a42,0.0,0,0.0,U-Mean-logit-alpha-0.000000,17,ISIC_0012228_A00_T2_S1_5841e28a9fc3c156c3ef2a42.png,S1,0.9130643606185913,0.9096504583280418,T2,val,H,1703ca22a1c39afeca05ffd0c12fe01606f41d5af81442d20102f130cc2ca491,d67353b51c7f853c45c0fad75d4336d0d442799627d3e648686eb70a497ad029,0.858126570339249,T2,538604
0.0,0.0,0.0,,A09,0.013605047948658466,0.01361792318470053,0.695433397067529,0.3876866492935178,0.9338601502317105,0,5ca3f9fed2a631d522b1bd5334bde7efb3613c82a3aa714d8ae5da962737af8c,0.013605047948658466,0.03829177841544151,0.0,0.03829177841544151,0.9370214939117432,0.0,0.0,02fc8095c431dfc5451811632a802997c5ba97593e8a98ad29eaf0d9e1211df4,complete_update,5147.6254720016295,0.9498740691644898,0.9498740691644898,0.9495865043006366,51510,0,0,12774,0,0,0.0,0.0,0.0,-0.0002875648638531736,0.0002875648638531736,000265748d489c3d0095524194958fe61fe914509d0aca373da78957be3a3502,ISIC_0012228,0,62.92094577709652,0.012223295210447781,ISIC_0012228,8bdd29cd5e80cf23cb8ec41d002a76d1183f50d1e6fd3fb73580c3735149e97a,0.9045334861969773,0.9045334861969773,0.0,0.0,0.03829177841544151,0.03829177841544151,0.038730519227798785,0.038730519227798785,cuda_FP32_original_batch_present,canonical_letterbox_valid,3d99874f14ae5f316eec36e21141043d75bd4fd17ccfb31e3174198dee269596,e84df546cc80cd05393a11cc1ce87121e199fa05770894f4b6e54ff009584e87,0.5051538944244385,complete_logit_interpolation,0,12212224,0.9794582998985297,0,621857,0.050920864209500254,d2b3f24339893ebbb894a0f3ad66488e269d4032f19a808452fd2be098814377,RSI-TailProbe-20261004,0.922024605165359,660593,0.05409276803307899,2,58472a049fc3c10f04859aca,0.0,0,0.0,U-Mean-logit-alpha-0.000000,17,ISIC_0012228_A09_T1_S1_58472a049fc3c10f04859aca.png,S1,0.9370214939117432,0.936156884729103,T1,val,H,1703ca22a1c39afeca05ffd0c12fe01606f41d5af81442d20102f130cc2ca491,d67353b51c7f853c45c0fad75d4336d0d442799627d3e648686eb70a497ad029,0.9045334861969773,T1,609083
0.0,0.0,0.0,,A00,0.038400668650865555,0.03839476845898669,0.09964441089413775,0.006411744226528954,0.5538849890990979,0,5ca3f9fed2a631d522b1bd5334bde7efb3613c82a3aa714d8ae5da962737af8c,0.038400668650865555,0.1416945904493332,0.0,0.1416945904493332,0.7550114989280701,0.0,0.0,02fc8095c431dfc5451811632a802997c5ba97593e8a98ad29eaf0d9e1211df4,complete_update,5147.6254720016295,0.771000767699062,0.771000767699062,0.7642069563072094,0,0,0,152726,0,0,0.0,0.0,0.0,-0.006793811391852644,0.006793811391852644,000265748d489c3d0095524194958fe61fe914509d0aca373da78957be3a3502,ISIC_0012261,0,169.34874732582628,0.03289842049444515,ISIC_0012261,6b78615d83cb6e0d51e79cdde6e21f7ef78532d8721e99fdfe685919ced52055,0.6273403167678069,0.6273403167678069,0.0,0.0,0.1416945904493332,0.1416945904493332,0.1421882308828506,0.1421882308828506,cuda_FP32_original_batch_present,canonical_letterbox_valid,3d99874f14ae5f316eec36e21141043d75bd4fd17ccfb31e3174198dee269596,72b42b7a58e768e52396aa0dbee2ee7f2dee5b8af1d96708bbe56517831a37e2,0.362701952457428,complete_logit_interpolation,0,12212224,0.6273403167678069,0,409827,0.033558752279683045,759af0a1441e8d61c7575e4c11100531e1609a2925641741f391362db055f58e,RSI-TailProbe-20261004,1.0,257101,0.021052758285468723,2,5841e2a29fc3c156c3ef2aa5,0.0,0,0.0,U-Mean-logit-alpha-0.000000,17,ISIC_0012261_A00_T2_S1_5841e2a29fc3c156c3ef2aa5.png,S1,0.7550114989280701,0.7540183066932855,T2,val,H,1703ca22a1c39afeca05ffd0c12fe01606f41d5af81442d20102f130cc2ca491,d67353b51c7f853c45c0fad75d4336d0d442799627d3e648686eb70a497ad029,0.0,T2,257101
0.0,0.0,0.0,,A09,0.03429467976093292,0.0337407901753372,0.31462569818121394,0.20152096663603491,0.47696054284451395,0,5ca3f9fed2a631d522b1bd5334bde7efb3613c82a3aa714d8ae5da962737af8c,0.03429467976093292,0.09840474277734756,0.0,0.09840474277734756,0.8374851942062378,0.0,0.0,02fc8095c431dfc5451811632a802997c5ba97593e8a98ad29eaf0d9e1211df4,complete_update,5147.6254720016295,0.8550376201831466,0.8550376201831466,0.8577406717810626,115934,0,0,17198,0,0,0.0,0.0,0.0,0.002703051597916062,-0.002703051597916062,000265748d489c3d0095524194958fe61fe914509d0aca373da78957be3a3502,ISIC_0012261,0,107.41763386107228,0.020867414392388466,ISIC_0012261,6b78615d83cb6e0d51e79cdde6e21f7ef78532d8721e99fdfe685919ced52055,0.7467822832047261,0.7467822832047261,0.0,0.0,0.09840474277734756,0.09840474277734756,0.0977203524980513,0.0977203524980513,cuda_FP32_original_batch_present,canonical_letterbox_valid,3d99874f14ae5f316eec36e21141043d75bd4fd17ccfb31e3174198dee269596,dafac2ea7b4731287bbb58dcc452ed7c4608d5ca8f327c9deaa321767996222c,0.362701952457428,complete_logit_interpolation,0,12212224,0.9580359517552528,0,409827,0.033558752279683045,759af0a1441e8d61c7575e4c11100531e1609a2925641741f391362db055f58e,RSI-TailProbe-20261004,0.7720361095872095,508563,0.04164376611500084,2,58471a419fc3c10f048599f4,0.0,0,0.0,U-Mean-logit-alpha-0.000000,17,ISIC_0012261_A09_T1_S1_58471a419fc3c10f048599f4.png,S1,0.8374851942062378,0.8383000851792346,T1,val,H,1703ca22a1c39afeca05ffd0c12fe01606f41d5af81442d20102f130cc2ca491,d67353b51c7f853c45c0fad75d4336d0d442799627d3e648686eb70a497ad029,0.7467822832047261,T1,392629
0.0,0.0,0.0,,A00,0.041625119745731354,0.04301839384997427,0.5496842174629325,0.2328580601250886,0.843685399745591,0,5ca3f9fed2a631d522b1bd5334bde7efb3613c82a3aa714d8ae5da962737af8c,0.041625119745731354,0.06647874414920807,0.0,0.06647874414920807,0.9086676239967346,0.0,0.0,02fc8095c431dfc5451811632a802997c5ba97593e8a98ad29eaf0d9e1211df4,complete_update,5147.6254720016295,0.9160930673053831,0.9160930673053831,0.9145227441505959,746,0,0,221809,0,0,0.0,0.0,0.0,-0.0015703231547872232,0.0015703231547872232,000265748d489c3d0095524194958fe61fe914509d0aca373da78957be3a3502,ISIC_0012400,0,225.53913150570025,0.04381420768321757,ISIC_0012400,bb6241ddb8e0f371a40b61a89c490ead32ca9fa8f35207c5f88db714c4d9890d,0.8451768686707771,0.8451768686707771,0.0,0.0,0.06647874414920807,0.06647874414920807,0.0685285482789048,0.0685285482789048,cuda_FP32_original_batch_present,canonical_letterbox_valid,3d99874f14ae5f316eec36e21141043d75bd4fd17ccfb31e3174198dee269596,ac6c35db14306ab9cb0168d27b247f73d5d7a8b49bef60a2186cfa4d345f37ad,0.5824531316757202,complete_logit_interpolation,0,12212224,0.8456157128707978,0,1436733,0.11764712144159818,4bd67171850b104560beb797e4e5d8ab8e7c68fe85b0ec6256989755b7a0c5c4,RSI-TailProbe-20261004,0.9993863466236725,1215670,0.09954534079951367,2,5841e2f69fc3c156c3ef2c46,0.0,0,0.0,U-Mean-logit-alpha-0.000000,17,ISIC_0012400_A00_T2_S1_5841e2f69fc3c156c3ef2c46.png,S1,0.9086676239967346,0.9059612972921647,T2,val,H,1703ca22a1c39afeca05ffd0c12fe01606f41d5af81442d20102f130cc2ca491,d67353b51c7f853c45c0fad75d4336d0d442799627d3e648686eb70a497ad029,0.8451768686707771,T2,1214924
0.0,0.0,0.0,,A03,0.050178125500679016,0.049262085607045716,0.29744116567474077,0.19078879594790454,0.6009559235091151,0,5ca3f9fed2a631d522b1bd5334bde7efb3613c82a3aa714d8ae5da962737af8c,0.050178125500679016,0.06753597408533096,0.0,0.06753597408533096,0.9151061773300171,0.0,0.0,02fc8095c431dfc5451811632a802997c5ba97593e8a98ad29eaf0d9e1211df4,complete_update,5147.6254720016295,0.9251167022885819,0.9251167022885819,0.9271485718932077,232435,0,0,135,0,0,0.0,0.0,0.0,0.002031869604625758,-0.002031869604625758,000265748d489c3d0095524194958fe61fe914509d0aca373da78957be3a3502,ISIC_0012400,0,110.09609181149472,0.021387743224583193,ISIC_0012400,bb6241ddb8e0f371a40b61a89c490ead32ca9fa8f35207c5f88db714c4d9890d,0.8606671108001112,0.8606671108001112,0.0,0.0,0.06753597408533096,0.06753597408533096,0.06684284322511391,0.06684284322511391,cuda_FP32_original_batch_present,canonical_letterbox_valid,3d99874f14ae5f316eec36e21141043d75bd4fd17ccfb31e3174198dee269596,f13d6062ac80c4d1ad6c2ce429abdcf52af6601d3d50a287c05e242126610cf7,0.5824531316757202,complete_logit_interpolation,0,12212224,0.9999060368210377,0,1436733,0.11764712144159818,4bd67171850b104560beb797e4e5d8ab8e7c68fe85b0ec6256989755b7a0c5c4,RSI-TailProbe-20261004,0.8607367259964303,1669033,0.13666904570371458,2,58909d74d831135f264ceb68,0.0,0,0.0,U-Mean-logit-alpha-0.000000,17,ISIC_0012400_A03_T1_S1_58909d74d831135f264ceb68.png,S1,0.9151061773300171,0.9155763991568179,T1,val,H,1703ca22a1c39afeca05ffd0c12fe01606f41d5af81442d20102f130cc2ca491,d67353b51c7f853c45c0fad75d4336d0d442799627d3e648686eb70a497ad029,0.8606671108001112,T1,1436598
0.0,0.0,0.0,,A00,0.5095588564872742,0.5095889607423137,0.0,0.0,0.0,0,5ca3f9fed2a631d522b1bd5334bde7efb3613c82a3aa714d8ae5da962737af8c,0.5095588564872742,0.507277250289917,0.0,0.507277250289917,0.4950043261051178,0.0,0.0,02fc8095c431dfc5451811632a802997c5ba97593e8a98ad29eaf0d9e1211df4,complete_update,1280.0,0.5679228590466131,0.5679228590466131,0.5703798533585196,0,0,0,193889,0,0,0.0,0.0,0.0,0.0024569943119064908,-0.0024569943119064908,16ba82c3443a91e7ff00c064a383f9a34c4a1ca7442e3e16be9e626b3f183f98,ISIC_0012623,0,317.30143225728926,0.24789174395100724,ISIC_0012623,9c58d4403680d3769b13d6b28e561919f9ecddacca7257cda9f0d87d20dab24b,0.3965728121800238,0.3965728121800238,0.0,0.0,0.507277250289917,0.507277250289917,0.5073003416443366,0.5073003416443366,cuda_FP32_original_batch_present,canonical_letterbox_valid,3d99874f14ae5f316eec36e21141043d75bd4fd17ccfb31e3174198dee269596,36965bdb89757c6a730e175966b8aae3a14acaf5369a28b8f59d29c013eca582,0.4264533221721649,complete_logit_interpolation,0,786432,0.3965728121800238,0,321313,0.4085706075032552,212c4f703e63fca5eb51a38b4db24c0c4b29e80aa952b54fac09d02666a0a7fe,RSI-TailProbe-20261004,1.0,127424,0.16202799479166666,2,5b2bcdab116597326357fc19,0.0,0,0.0,U-Mean-logit-alpha-0.000000,17,ISIC_0012623_A00_T2_S1_5b2bcdab116597326357fc19.png,S1,0.4950043261051178,0.4949882774536406,T2,val,H,1703ca22a1c39afeca05ffd0c12fe01606f41d5af81442d20102f130cc2ca491,d67353b51c7f853c45c0fad75d4336d0d442799627d3e648686eb70a497ad029,0.0,T2,127424
0.0,0.0,0.0,,A09,0.43208181858062744,0.43217979544454294,0.03827391364196432,0.01218274111675127,0.08534601838175937,0,5ca3f9fed2a631d522b1bd5334bde7efb3613c82a3aa714d8ae5da962737af8c,0.43208181858062744,0.43084314465522766,0.0,0.43084314465522766,0.5703955292701721,0.0,0.0,02fc8095c431dfc5451811632a802997c5ba97593e8a98ad29eaf0d9e1211df4,complete_update,1280.0,0.6669210066888661,0.6669210066888661,0.6696005712370489,155,0,0,160487,0,0,0.0,0.0,0.0,0.0026795645481827446,-0.0026795645481827446,16ba82c3443a91e7ff00c064a383f9a34c4a1ca7442e3e16be9e626b3f183f98,ISIC_0012623,0,290.1885016757277,0.22670976693416228,ISIC_0012623,9c58d4403680d3769b13d6b28e561919f9ecddacca7257cda9f0d87d20dab24b,0.5002861871166026,0.5002861871166026,0.0,0.0,0.43084314465522766,0.43084314465522766,0.43089855209583183,0.43089855209583183,cuda_FP32_original_batch_present,canonical_letterbox_valid,3d99874f14ae5f316eec36e21141043d75bd4fd17ccfb31e3174198dee269596,1e8e095b58d51ffb459a0f6e491458a5cd957e163716c1f3fa6365daef85e5e6,0.4264533221721649,complete_logit_interpolation,0,786432,0.5005275230071612,0,321313,0.4085706075032552,212c4f703e63fca5eb51a38b4db24c0c4b29e80aa952b54fac09d02666a0a7fe,RSI-TailProbe-20261004,0.9990371534528919,160981,0.20469792683919272,2,5b30e98f11659747a0a01268,0.0,0,0.0,U-Mean-logit-alpha-0.000000,17,ISIC_0012623_A09_T1_S1_5b30e98f11659747a0a01268.png,S1,0.5703955292701721,0.5703826912528793,T1,val,H,1703ca22a1c39afeca05ffd0c12fe01606f41d5af81442d20102f130cc2ca491,d67353b51c7f853c45c0fad75d4336d0d442799627d3e648686eb70a497ad029,0.0,T1,160826
0.0,0.0,0.0,,A00,1.358830451965332,1.3567039431111598,0.0,0.0,0.0,0,5ca3f9fed2a631d522b1bd5334bde7efb3613c82a3aa714d8ae5da962737af8c,1.358830451965332,0.964745283126831,0.0,0.964745283126831,0.4293399453163147,0.0,0.0,02fc8095c431dfc5451811632a802997c5ba97593e8a98ad29eaf0d9e1211df4,complete_update,4659.490100858677,0.41110116748016157,0.41110116748016157,0.4075032924325859,3930481,0,0,0,0,0,0.0,0.0,0.0,-0.0035978750475756938,0.0035978750475756938,e0c70e7657a51eb8c86621fedacc1d565f919acc44091267cc2757827dd56d4f,ISIC_0012806,0,830.8140278639618,0.17830578236679906,ISIC_0012806,6fd6e36967988b4ff61e8a857c3c39b1623e39f8d817993e23cd5a1464405277,0.2587333812991701,0.2587333812991701,0.0,0.0,0.964745283126831,0.964745283126831,0.9635426566029016,0.9635426566029016,cuda_FP32_original_batch_present,canonical_letterbox_valid,3d99874f14ae5f316eec36e21141043d75bd4fd17ccfb31e3174198dee269596,46407d0b9845c1bbb42a18679c431354b40aac9ee256892308ffff4c02213e53,0.4559692144393921,complete_logit_interpolation,0,10036224,1.0,0,1371904,0.13669523518008367,2d117a78e87e376736c41236cb8d175b23c228699f709b4ee12a20899dec70e4,RSI-TailProbe-20261004,0.2587333812991701,5302385,0.5283246966189674,2,5841e3e59fc3c156c3ef3108,0.0,0,0.0,U-Mean-logit-alpha-0.000000,17,ISIC_0012806_A00_T2_S1_5841e3e59fc3c156c3ef3108.png,S1,0.4293399453163147,0.42961862990535654,T2,val,H,1703ca22a1c39afeca05ffd0c12fe01606f41d5af81442d20102f130cc2ca491,d67353b51c7f853c45c0fad75d4336d0d442799627d3e648686eb70a497ad029,0.0,T2,1371904
0.0,0.0,0.0,,A03,0.10215840488672256,0.10215932266259331,0.1933235807197294,0.10267557110940236,0.3876117359187485,0,5ca3f9fed2a631d522b1bd5334bde7efb3613c82a3aa714d8ae5da962737af8c,0.10215840488672256,0.16395623981952667,0.0,0.16395623981952667,0.7742459177970886,0.0,0.0,02fc8095c431dfc5451811632a802997c5ba97593e8a98ad29eaf0d9e1211df4,complete_update,4659.490100858677,0.8651623809970699,0.8651623809970699,0.8520996950309996,369409,0,0,44385,0,0,0.0,0.0,0.0,-0.013062685966070298,0.013062685966070298,e0c70e7657a51eb8c86621fedacc1d565f919acc44091267cc2757827dd56d4f,ISIC_0012806,0,282.76085247694874,0.06068493469378548,ISIC_0012806,6fd6e36967988b4ff61e8a857c3c39b1623e39f8d817993e23cd5a1464405277,0.7623666738834431,0.7623666738834431,0.0,0.0,0.16395623981952667,0.16395623981952667,0.16397198046736344,0.16397198046736344,cuda_FP32_original_batch_present,canonical_letterbox_valid,3d99874f14ae5f316eec36e21141043d75bd4fd17ccfb31e3174198dee269596,637e292acc7d1bc19cc399302b440b1603c9988c1da161de75c70c45deba6672,0.4559692144393921,complete_logit_interpolation,0,10036224,0.9676471531535734,0,1371904,0.13669523518008367,2d117a78e87e376736c41236cb8d175b23c228699f709b4ee12a20899dec70e4,RSI-TailProbe-20261004,0.7823072045484546,1696928,0.16908032343638404,2,5847325f9fc3c10f04859aef,0.0,0,0.0,U-Mean-logit-alpha-0.000000,17,ISIC_0012806_A03_T1_S1_5847325f9fc3c10f04859aef.png,S1,0.7742459177970886,0.7742153617278664,T1,val,H,1703ca22a1c39afeca05ffd0c12fe01606f41d5af81442d20102f130cc2ca491,d67353b51c7f853c45c0fad75d4336d0d442799627d3e648686eb70a497ad029,0.7623666738834431,T1,1327519
0.0,0.0,0.0,,A00,0.33089113235473633,0.3302053505366559,0.1669122045840983,0.08300649567903592,0.2911210290457313,0,5ca3f9fed2a631d522b1bd5334bde7efb3613c82a3aa714d8ae5da962737af8c,0.33089113235473633,0.3607167899608612,0.0,0.3607167899608612,0.6094575524330139,0.0,0.0,02fc8095c431dfc5451811632a802997c5ba97593e8a98ad29eaf0d9e1211df4,complete_update,4659.490100858677,0.7492938817654868,0.7492938817654868,0.753642154567085,678573,0,0,698127,0,0,0.0,0.0,0.0,0.004348272801598219,-0.004348272801598219,e0c70e7657a51eb8c86621fedacc1d565f919acc44091267cc2757827dd56d4f,ISIC_0013159,0,530.0283011311755,0.11375242562131399,ISIC_0013159,0130de2a66954ddb2601f6ce8e563e12e8a1346fb5f6cb5ea145a992913a452c,0.5990966789410002,0.5990966789410002,0.0,0.0,0.3607167899608612,0.3607167899608612,0.3604756281424258,0.3604756281424258,cuda_FP32_original_batch_present,canonical_letterbox_valid,3d99874f14ae5f316eec36e21141043d75bd4fd17ccfb31e3174198dee269596,dc3be5ee551469ba498d7e4f7092951fb78e47f34ed4374bf8e489a3fecf5d2b,0.43215879797935486,complete_logit_interpolation,0,10036224,0.7466351796566915,0,2755422,0.27454767848943984,3815fe72b10063a6ff2a3070e6b2b031aa273d3d13aa1cdfec467fd80dfc18a1,RSI-TailProbe-20261004,0.7519715863484642,2735868,0.2725993361646771,2,5841e4bc9fc3c156c3ef352b,0.0,0,0.0,U-Mean-logit-alpha-0.000000,17,ISIC_0013159_A00_T2_S1_5841e4bc9fc3c156c3ef352b.png,S1,0.6094575524330139,0.6092540942518043,T2,val,H,1703ca22a1c39afeca05ffd0c12fe01606f41d5af81442d20102f130cc2ca491,d67353b51c7f853c45c0fad75d4336d0d442799627d3e648686eb70a497ad029,0.0,T2,2057295
0.0,0.0,0.0,,A03,0.31108981370925903,0.31097462375682267,0.041499312567349816,0.026835485884132478,0.0602471522629204,0,5ca3f9fed2a631d522b1bd5334bde7efb3613c82a3aa714d8ae5da962737af8c,0.31108981370925903,0.4337634742259979,0.0,0.4337634742259979,0.4435628652572632,0.0,0.0,02fc8095c431dfc5451811632a802997c5ba97593e8a98ad29eaf0d9e1211df4,complete_update,4659.490100858677,0.5563694490229044,0.5563694490229044,0.5537083507870826,468,0,0,1693313,0,0,0.0,0.0,0.0,-0.002661098235821835,0.002661098235821835,e0c70e7657a51eb8c86621fedacc1d565f919acc44091267cc2757827dd56d4f,ISIC_0013159,0,573.8934942945492,0.12316658730293019,ISIC_0013159,0130de2a66954ddb2601f6ce8e563e12e8a1346fb5f6cb5ea145a992913a452c,0.3853960063718073,0.3853960063718073,0.0,0.0,0.4337634742259979,0.4337634742259979,0.4336125492747591,0.4336125492747591,cuda_FP32_original_batch_present,canonical_letterbox_valid,3d99874f14ae5f316eec36e21141043d75bd4fd17ccfb31e3174198dee269596,c04f2946e18ebaef121e48ec707d70cae20f0617d5576b214406d651efe57803,0.43215879797935486,complete_logit_interpolation,0,10036224,0.3854614647048619,0,2755422,0.27454767848943984,3815fe72b10063a6ff2a3070e6b2b031aa273d3d13aa1cdfec467fd80dfc18a1,RSI-TailProbe-20261004,0.9995595613306142,1062577,0.1058741813654219,2,58a496c1d8311352d32caf11,0.0,0,0.0,U-Mean-logit-alpha-0.000000,17,ISIC_0013159_A03_T1_S1_58a496c1d8311352d32caf11.png,S1,0.4435628652572632,0.44374952520730454,T1,val,H,1703ca22a1c39afeca05ffd0c12fe01606f41d5af81442d20102f130cc2ca491,d67353b51c7f853c45c0fad75d4336d0d442799627d3e648686eb70a497ad029,0.0,T1,1062109
0.0,0.0,0.0,,A00,0.03122750110924244,0.02970489412869099,0.0,0.0,0.0,0,5ca3f9fed2a631d522b1bd5334bde7efb3613c82a3aa714d8ae5da962737af8c,0.03122750110924244,0.5156012177467346,0.0,0.5156012177467346,2.504055737517774e-05,0.0,0.0,02fc8095c431dfc5451811632a802997c5ba97593e8a98ad29eaf0d9e1211df4,complete_update,3612.2104036171536,0.0,0.0,0.0,7892,0,0,17848,0,0,0.0,0.0,0.0,0.0,0.0,015a5182dfe5ccbc86e54e2a297d7057c76dbe74152c60b933a79ba1c5e747cf,ISIC_0013196,0,1485.2259745401889,0.411168179199343,ISIC_0013196,ffcf81ad8ecd826970b68d5696f4ac04538c50b100862ae79f8697ba1b5d70ba,0.0,0.0,0.0,0.0,0.5156012177467346,0.5156012177467346,0.5148409105080505,0.5148409105080505,cuda_FP32_original_batch_present,canonical_letterbox_valid,3d99874f14ae5f316eec36e21141043d75bd4fd17ccfb31e3174198dee269596,eafb9e681c0b182040d4afd60fbb9f6d296297f3bcaf4adefea26b4e3f076434,0.3342650830745697,complete_logit_interpolation,0,6016000,0.0,0,17848,0.002966755319148936,bbf95f4958a9277cb7f15bcbc1559a271ca1be0b84425139b683936287c85de5,RSI-TailProbe-20261004,0.0,7892,0.0013118351063829787,2,5841e4d19fc3c156c3ef359a,0.0,0,0.0,U-Mean-logit-alpha-0.000000,17,ISIC_0013196_A00_T2_S1_5841e4d19fc3c156c3ef359a.png,S1,2.504055737517774e-05,2.3073112590133062e-05,T2,val,H,1703ca22a1c39afeca05ffd0c12fe01606f41d5af81442d20102f130cc2ca491,d67353b51c7f853c45c0fad75d4336d0d442799627d3e648686eb70a497ad029,0.0,T2,0
0.0,0.0,0.0,,A03,0.0007481251377612352,0.0008515438166112577,1.0,0.9988623435722412,1.0,0,5ca3f9fed2a631d522b1bd5334bde7efb3613c82a3aa714d8ae5da962737af8c,0.0007481251377612352,0.04677985608577728,0.0,0.04677985608577728,0.9071884155273438,0.0,0.0,02fc8095c431dfc5451811632a802997c5ba97593e8a98ad29eaf0d9e1211df4,complete_update,3612.2104036171536,0.94781295446918,0.94781295446918,0.9537575395315981,963,0,0,903,0,0,0.0,0.0,0.0,0.0059445850624181285,-0.0059445850624181285,015a5182dfe5ccbc86e54e2a297d7057c76dbe74152c60b933a79ba1c5e747cf,ISIC_0013196,0,8.0,0.002214710414429085,ISIC_0013196,ffcf81ad8ecd826970b68d5696f4ac04538c50b100862ae79f8697ba1b5d70ba,0.900802721811706,0.900802721811706,0.0,0.0,0.04677985608577728,0.04677985608577728,0.04912638042109514,0.04912638042109514,cuda_FP32_original_batch_present,canonical_letterbox_valid,3d99874f14ae5f316eec36e21141043d75bd4fd17ccfb31e3174198dee269596,08ba69366067d24c9170e304aa576bd2e8e0d1aecf833ebe76c5d331ec45f425,0.3342650830745697,complete_logit_interpolation,0,6016000,0.9494060959211116,0,17848,0.002966755319148936,bbf95f4958a9277cb7f15bcbc1559a271ca1be0b84425139b683936287c85de5,RSI-TailProbe-20261004,0.9462251507706053,17908,0.0029767287234042554,2,58473fc59fc3c10f04859b7f,0.0,0,0.0,U-Mean-logit-alpha-0.000000,17,ISIC_0013196_A03_T1_S1_58473fc59fc3c10f04859b7f.png,S1,0.9071884155273438,0.902598782974421,T1,val,H,1703ca22a1c39afeca05ffd0c12fe01606f41d5af81442d20102f130cc2ca491,d67353b51c7f853c45c0fad75d4336d0d442799627d3e648686eb70a497ad029,0.900802721811706,T1,16945
0.0,0.0,0.0,,A00,0.32571080327033997,0.3233569913346551,0.017006647846279938,0.0,0.064732277845644,0,5ca3f9fed2a631d522b1bd5334bde7efb3613c82a3aa714d8ae5da962737af8c,0.32571080327033997,0.42982131242752075,0.0,0.42982131242752075,0.4660681188106537,0.0,0.0,02fc8095c431dfc5451811632a802997c5ba97593e8a98ad29eaf0d9e1211df4,complete_update,3612.2104036171536,0.45188608336730535,0.45188608336730535,0.5012448951590152,688396,0,0,0,0,0,0.0,0.0,0.0,0.04935881179170981,-0.04935881179170981,015a5182dfe5ccbc86e54e2a297d7057c76dbe74152c60b933a79ba1c5e747cf,ISIC_0013207,0,453.0,0.12540797721704697,ISIC_0013207,97dbe10c2ce8f248cf2ca9ecacf75f26dcf0fef49842afb849563a5b272615c8,0.2918945941331007,0.2918945941331007,0.0,0.0,0.42982131242752075,0.42982131242752075,0.428165353397766,0.428165353397766,cuda_FP32_original_batch_present,canonical_letterbox_valid,3d99874f14ae5f316eec36e21141043d75bd4fd17ccfb31e3174198dee269596,e8d7095ce9c3d3325a5373ed778a3982d6fc4b46ec59ef6822f98ee65c326429,0.38942602276802063,complete_logit_interpolation,0,6016000,1.0,0,283770,0.047169215425531916,d64fc160b84e72c4c989ba3af0ea699fb5f0c8c7d02476ce5e8150116be3fe5e,RSI-TailProbe-20261004,0.2918945941331007,972166,0.1615967420212766,2,5841e4d79fc3c156c3ef35bb,0.0,0,0.0,U-Mean-logit-alpha-0.000000,17,ISIC_0013207_A00_T2_S1_5841e4d79fc3c156c3ef35bb.png,S1,0.4660681188106537,0.46702628453912315,T2,val,H,1703ca22a1c39afeca05ffd0c12fe01606f41d5af81442d20102f130cc2ca491,d67353b51c7f853c45c0fad75d4336d0d442799627d3e648686eb70a497ad029,0.0,T2,283770
0.0,0.0,0.0,,A03,0.043129812926054,0.04297447458241551,0.3817302216969169,0.2204416019390369,0.5781560454674638,0,5ca3f9fed2a631d522b1bd5334bde7efb3613c82a3aa714d8ae5da962737af8c,0.043129812926054,0.18646961450576782,0.0,0.18646961450576782,0.6701905727386475,0.0,0.0,02fc8095c431dfc5451811632a802997c5ba97593e8a98ad29eaf0d9e1211df4,complete_update,3612.2104036171536,0.8445253182095287,0.8445253182095287,0.8299146003240245,28965,0,0,55195,0,0,0.0,0.0,0.0,-0.014610717885504165,0.014610717885504165,015a5182dfe5ccbc86e54e2a297d7057c76dbe74152c60b933a79ba1c5e747cf,ISIC_0013207,0,484.3698985663841,0.13409238234886633,ISIC_0013207,97dbe10c2ce8f248cf2ca9ecacf75f26dcf0fef49842afb849563a5b272615c8,0.730890370441428,0.730890370441428,0.0,0.0,0.18646961450576782,0.18646961450576782,0.18623314823791096,0.18623314823791096,cuda_FP32_original_batch_present,canonical_letterbox_valid,3d99874f14ae5f316eec36e21141043d75bd4fd17ccfb31e3174198dee269596,6f3348614a374f2a0ca4868c5f3de898ec6d28deb1c024008bb0249f67e9a672,0.38942602276802063,complete_logit_interpolation,0,6016000,0.8054938858935053,0,283770,0.047169215425531916,d64fc160b84e72c4c989ba3af0ea699fb5f0c8c7d02476ce5e8150116be3fe5e,RSI-TailProbe-20261004,0.8875320338588181,257540,0.04280917553191489,2,584735b49fc3c10f04859aff,0.0,0,0.0,U-Mean-logit-alpha-0.000000,17,ISIC_0013207_A03_T1_S1_584735b49fc3c10f04859aff.png,S1,0.6701905727386475,0.6705081781065936,T1,val,H,1703ca22a1c39afeca05ffd0c12fe01606f41d5af81442d20102f130cc2ca491,d67353b51c7f853c45c0fad75d4336d0d442799627d3e648686eb70a497ad029,0.730890370441428,T1,228575
0.0,0.0,0.0,,A00,0.12492228299379349,0.12534125068101148,0.16529602782097597,0.08758046621278591,0.387016769491491,0,5ca3f9fed2a631d522b1bd5334bde7efb3613c82a3aa714d8ae5da962737af8c,0.12492228299379349,0.1516781747341156,0.0,0.1516781747341156,0.8215659260749817,0.0,0.0,02fc8095c431dfc5451811632a802997c5ba97593e8a98ad29eaf0d9e1211df4,complete_update,5147.6254720016295,0.8656492741703055,0.8656492741703055,0.8664671667092166,1879,0,0,747228,0,0,0.0,0.0,0.0,0.0008178925389111802,-0.0008178925389111802,000265748d489c3d0095524194958fe61fe914509d0aca373da78957be3a3502,ISIC_0013651,0,287.27295365906525,0.055806887121366375,ISIC_0013651,cd91d1e07bb1b5bd79ba6439964bc211f7254b4a7fd66a931fb143e8765bd270,0.7631231280229899,0.7631231280229899,0.0,0.0,0.1516781747341156,0.1516781747341156,0.1521164652656852,0.1521164652656852,cuda_FP32_original_batch_present,canonical_letterbox_valid,3d99874f14ae5f316eec36e21141043d75bd4fd17ccfb31e3174198dee269596,f183fb70406dd112a1892fe893bea31123bfe3524e99cc09f6e0b0b7adb6bf68,0.40674376487731934,complete_logit_interpolation,0,12212224,0.763576817094983,0,3160553,0.25880240978219854,a27a7bcc9987da1970a5eee90c8a22c5d8ed50221373b0e99dbe8f5059c99a8d,RSI-TailProbe-20261004,0.9992220118880227,2415204,0.19776938254653698,2,5841e6109fc3c156c3ef3aef,0.0,0,0.0,U-Mean-logit-alpha-0.000000,17,ISIC_0013651_A00_T2_S1_5841e6109fc3c156c3ef3aef.png,S1,0.8215659260749817,0.8211083201496411,T2,val,H,1703ca22a1c39afeca05ffd0c12fe01606f41d5af81442d20102f130cc2ca491,d67353b51c7f853c45c0fad75d4336d0d442799627d3e648686eb70a497ad029,0.7631231280229899,T2,2413325
0.0,0.0,0.0,,A03,0.20711292326450348,0.20720913745030944,0.17618123625204213,0.10133242069530068,0.2555565510571125,0,5ca3f9fed2a631d522b1bd5334bde7efb3613c82a3aa714d8ae5da962737af8c,0.20711292326450348,0.19295325875282288,0.0,0.19295325875282288,0.8212063908576965,0.0,0.0,02fc8095c431dfc5451811632a802997c5ba97593e8a98ad29eaf0d9e1211df4,complete_update,5147.6254720016295,0.8480501036178133,0.8480501036178133,0.8472119970714594,1082363,0,0,36975,0,0,0.0,0.0,0.0,-0.0008381065463538562,0.0008381065463538562,000265748d489c3d0095524194958fe61fe914509d0aca373da78957be3a3502,ISIC_0013651,0,395.7161151236473,0.07687352494387571,ISIC_0013651,cd91d1e07bb1b5bd79ba6439964bc211f7254b4a7fd66a931fb143e8765bd270,0.7361866225963465,0.7361866225963465,0.0,0.0,0.19295325875282288,0.19295325875282288,0.19305253157034624,0.19305253157034624,cuda_FP32_original_batch_present,canonical_letterbox_valid,3d99874f14ae5f316eec36e21141043d75bd4fd17ccfb31e3174198dee269596,347e5ed40fd8d4a4262029d8a98c61a564ee2c64bcb353e6c628d9b383293528,0.40674376487731934,complete_logit_interpolation,0,12212224,0.9883010979407718,0,3160553,0.25880240978219854,a27a7bcc9987da1970a5eee90c8a22c5d8ed50221373b0e99dbe8f5059c99a8d,RSI-TailProbe-20261004,0.7426585394326739,4205941,0.34440418059806305,2,58909e87d831135f264ceb89,0.0,0,0.0,U-Mean-logit-alpha-0.000000,17,ISIC_0013651_A03_T1_S1_58909e87d831135f264ceb89.png,S1,0.8212063908576965,0.821104074309617,T1,val,H,1703ca22a1c39afeca05ffd0c12fe01606f41d5af81442d20102f130cc2ca491,d67353b51c7f853c45c0fad75d4336d0d442799627d3e648686eb70a497ad029,0.7361866225963465,T1,3123578
0.0,0.0,0.0,,A00,0.15587809681892395,0.1553420694463414,0.0,0.0,0.0,0,5ca3f9fed2a631d522b1bd5334bde7efb3613c82a3aa714d8ae5da962737af8c,0.15587809681892395,0.39792299270629883,0.0,0.39792299270629883,0.3600321114063263,0.0,0.0,02fc8095c431dfc5451811632a802997c5ba97593e8a98ad29eaf0d9e1211df4,complete_update,3612.2104036171536,0.3910132648889293,0.3910132648889293,0.3883329244668522,0,0,0,428980,0,0,0.0,0.0,0.0,-0.0026803404220770988,0.0026803404220770988,015a5182dfe5ccbc86e54e2a297d7057c76dbe74152c60b933a79ba1c5e747cf,ISIC_0013721,0,378.90830020565704,0.10489651982238637,ISIC_0013721,9d735cfe9b57fb0cb316e8cd390781fef6f4da1c3b81fe1e4cf7fb37f102b1b3,0.24301832722190655,0.24301832722190655,0.0,0.0,0.39792299270629883,0.39792299270629883,0.39673806634534503,0.39673806634534503,cuda_FP32_original_batch_present,canonical_letterbox_valid,3d99874f14ae5f316eec36e21141043d75bd4fd17ccfb31e3174198dee269596,61452a4a7e011f26ba7dd61b1d59b83dd4db3c28ed8d2d5e479155161f431bb4,0.45188799500465393,complete_logit_interpolation,0,6016000,0.24301832722190655,0,566698,0.09419847074468085,54ae7e02e899f7d9eaed8fd72d85ee46afbca767b68119266defbfded3d4c812,RSI-TailProbe-20261004,1.0,137718,0.02289195478723404,2,5841e6419fc3c156c3ef3bc1,0.0,0,0.0,U-Mean-logit-alpha-0.000000,17,ISIC_0013721_A00_T2_S1_5841e6419fc3c156c3ef3bc1.png,S1,0.3600321114063263,0.3618659367556514,T2,val,H,1703ca22a1c39afeca05ffd0c12fe01606f41d5af81442d20102f130cc2ca491,d67353b51c7f853c45c0fad75d4336d0d442799627d3e648686eb70a497ad029,0.0,T2,137718
0.0,0.0,0.0,,A03,0.08389541506767273,0.08386702697834829,0.21550903594672324,0.09412223367525054,0.37526434348308535,0,5ca3f9fed2a631d522b1bd5334bde7efb3613c82a3aa714d8ae5da962737af8c,0.08389541506767273,0.1589289754629135,0.0,0.1589289754629135,0.7660374641418457,0.0,0.0,02fc8095c431dfc5451811632a802997c5ba97593e8a98ad29eaf0d9e1211df4,complete_update,3612.2104036171536,0.8459596394072707,0.8459596394072707,0.8497019738965357,204662,0,0,1259,0,0,0.0,0.0,0.0,0.0037423344892649757,-0.0037423344892649757,015a5182dfe5ccbc86e54e2a297d7057c76dbe74152c60b933a79ba1c5e747cf,ISIC_0013721,0,209.4995198429347,0.057997596051755036,ISIC_0013721,9d735cfe9b57fb0cb316e8cd390781fef6f4da1c3b81fe1e4cf7fb37f102b1b3,0.733041640738436,0.733041640738436,0.0,0.0,0.1589289754629135,0.1589289754629135,0.15891953372922987,0.15891953372922987,cuda_FP32_original_batch_present,canonical_letterbox_valid,3d99874f14ae5f316eec36e21141043d75bd4fd17ccfb31e3174198dee269596,02c4ba708e81fcf540f34b0dac2a13e7fc45151d29586edf9cf80980f1a38220,0.45188799500465393,complete_logit_interpolation,0,6016000,0.9977783581378441,0,566698,0.09419847074468085,54ae7e02e899f7d9eaed8fd72d85ee46afbca767b68119266defbfded3d4c812,RSI-TailProbe-20261004,0.7342400542266534,770101,0.12800880984042554,2,5847290e9fc3c10f04859abe,0.0,0,0.0,U-Mean-logit-alpha-0.000000,17,ISIC_0013721_A03_T1_S1_5847290e9fc3c10f04859abe.png,S1,0.7660374641418457,0.7660279595198886,T1,val,H,1703ca22a1c39afeca05ffd0c12fe01606f41d5af81442d20102f130cc2ca491,d67353b51c7f853c45c0fad75d4336d0d442799627d3e648686eb70a497ad029,0.733041640738436,T1,565439
0.0,0.0,0.0,,A00,0.055844150483608246,0.056173807301454146,0.16431173587667713,0.08125049359717904,0.4846691843345758,0,5ca3f9fed2a631d522b1bd5334bde7efb3613c82a3aa714d8ae5da962737af8c,0.055844150483608246,0.1267515867948532,0.0,0.1267515867948532,0.8023409843444824,0.0,0.0,02fc8095c431dfc5451811632a802997c5ba97593e8a98ad29eaf0d9e1211df4,complete_update,5147.6254720016295,0.8307957795089241,0.8307957795089241,0.8208117625601526,7649,0,0,301213,0,0,0.0,0.0,0.0,-0.00998401694877149,0.00998401694877149,000265748d489c3d0095524194958fe61fe914509d0aca373da78957be3a3502,ISIC_0013747,0,236.55569965528116,0.04595433388499758,ISIC_0013747,a993027504f27d1975973cca549eff44d31ad68ff17deb21a8f91bac7846615f,0.7105651561538008,0.7105651561538008,0.0,0.0,0.1267515867948532,0.1267515867948532,0.12741004655197657,0.12741004655197657,cuda_FP32_original_batch_present,canonical_letterbox_valid,3d99874f14ae5f316eec36e21141043d75bd4fd17ccfb31e3174198dee269596,bfde9f92e528ecaf6aab1c5c3a8ca01f0456be5a532d6b8ef979e59bed45a932,0.5355890989303589,complete_logit_interpolation,0,12212224,0.7156951764652582,0,1059472,0.08675504150595338,1d707e05283666820756589da9926971699bd27d850164cb971d10edd2e9a9d9,RSI-TailProbe-20261004,0.990013160849606,765908,0.06271650438118397,2,5841e6529fc3c156c3ef3c0f,0.0,0,0.0,U-Mean-logit-alpha-0.000000,17,ISIC_0013747_A00_T2_S1_5841e6529fc3c156c3ef3c0f.png,S1,0.8023409843444824,0.801353714197501,T2,val,H,1703ca22a1c39afeca05ffd0c12fe01606f41d5af81442d20102f130cc2ca491,d67353b51c7f853c45c0fad75d4336d0d442799627d3e648686eb70a497ad029,0.7105651561538008,T2,758259
0.0,0.0,0.0,,A06,0.16045741736888885,0.1605731524748329,0.0,0.0,0.0,0,5ca3f9fed2a631d522b1bd5334bde7efb3613c82a3aa714d8ae5da962737af8c,0.16045741736888885,0.20775291323661804,0.0,0.20775291323661804,0.744951605796814,0.0,0.0,02fc8095c431dfc5451811632a802997c5ba97593e8a98ad29eaf0d9e1211df4,complete_update,5147.6254720016295,0.7459121595695772,0.7459121595695772,0.7580754691197408,721798,0,0,0,0,0,0.0,0.0,0.0,0.012163309550163537,-0.012163309550163537,000265748d489c3d0095524194958fe61fe914509d0aca373da78957be3a3502,ISIC_0013747,0,263.0524635030263,0.05110170989202514,ISIC_0013747,a993027504f27d1975973cca549eff44d31ad68ff17deb21a8f91bac7846615f,0.5947846199621618,0.5947846199621618,0.0,0.0,0.20775291323661804,0.20775291323661804,0.20787849616975126,0.20787849616975126,cuda_FP32_original_batch_present,canonical_letterbox_valid,3d99874f14ae5f316eec36e21141043d75bd4fd17ccfb31e3174198dee269596,2fe92270066341ee31e2b34467cded7d9f0829af0077ff15154652760d63248b,0.5355890989303589,complete_logit_interpolation,0,12212224,1.0,0,1059472,0.08675504150595338,1d707e05283666820756589da9926971699bd27d850164cb971d10edd2e9a9d9,RSI-TailProbe-20261004,0.5947846199621618,1781270,0.14585959117684053,2,58473f729fc3c10f04859b7b,0.0,0,0.0,U-Mean-logit-alpha-0.000000,17,ISIC_0013747_A06_T1_S1_58473f729fc3c10f04859b7b.png,S1,0.744951605796814,0.7448161601353304,T1,val,H,1703ca22a1c39afeca05ffd0c12fe01606f41d5af81442d20102f130cc2ca491,d67353b51c7f853c45c0fad75d4336d0d442799627d3e648686eb70a497ad029,0.0,T1,1059472
0.0,0.0,0.0,,A00,0.03977074474096298,0.03963794394059364,0.49058450335522247,0.29861242937853105,0.7745071097975554,0,5ca3f9fed2a631d522b1bd5334bde7efb3613c82a3aa714d8ae5da962737af8c,0.03977074474096298,0.11853446066379547,0.0,0.11853446066379547,0.8027018308639526,0.0,0.0,02fc8095c431dfc5451811632a802997c5ba97593e8a98ad29eaf0d9e1211df4,complete_update,3612.2104036171536,0.9078691618648929,0.9078691618648929,0.9178062543981139,68173,0,0,11980,0,0,0.0,0.0,0.0,0.009937092533221059,-0.009937092533221059,015a5182dfe5ccbc86e54e2a297d7057c76dbe74152c60b933a79ba1c5e747cf,ISIC_0013986,0,69.0557649096775,0.01911731521522867,ISIC_0013986,96a179dd471b16ee48850d13eebfbbaadef17e68063aa6b386115c2ebd4e39db,0.8312824161390273,0.8312824161390273,0.0,0.0,0.11853446066379547,0.11853446066379547,0.11845893490618421,0.11845893490618421,cuda_FP32_original_batch_present,canonical_letterbox_valid,3d99874f14ae5f316eec36e21141043d75bd4fd17ccfb31e3174198dee269596,1e4055406bee75e847e66656e2ad7809033bbabdbecb3ee12fe791f411afc6e6,0.48403945565223694,complete_logit_interpolation,0,6016000,0.9705578042708387,0,406899,0.06763613696808511,b3f52bf9cfca27c3cffc4fab875efea2211c9d2239d555fc22f23a89331fe6b3,RSI-TailProbe-20261004,0.8527873511094988,463092,0.07697672872340426,2,5841e6f69fc3c156c3ef3edc,0.0,0,0.0,U-Mean-logit-alpha-0.000000,17,ISIC_0013986_A00_T2_S1_5841e6f69fc3c156c3ef3edc.png,S1,0.8027018308639526,0.8027200741282252,T2,val,H,1703ca22a1c39afeca05ffd0c12fe01606f41d5af81442d20102f130cc2ca491,d67353b51c7f853c45c0fad75d4336d0d442799627d3e648686eb70a497ad029,0.8312824161390273,T2,394919
0.0,0.0,0.0,,A03,0.252572625875473,0.25269492228974705,0.03253295860197831,0.01713096650788475,0.06320055589712992,0,5ca3f9fed2a631d522b1bd5334bde7efb3613c82a3aa714d8ae5da962737af8c,0.252572625875473,0.32237446308135986,0.0,0.32237446308135986,0.6078237295150757,0.0,0.0,02fc8095c431dfc5451811632a802997c5ba97593e8a98ad29eaf0d9e1211df4,complete_update,3612.2104036171536,0.6349785231914421,0.6349785231914421,0.6584415345400337,467817,0,0,0,0,0,0.0,0.0,0.0,0.023463011348591634,-0.023463011348591634,015a5182dfe5ccbc86e54e2a297d7057c76dbe74152c60b933a79ba1c5e747cf,ISIC_0013986,0,346.14129063108425,0.09582534015307338,ISIC_0013986,96a179dd471b16ee48850d13eebfbbaadef17e68063aa6b386115c2ebd4e39db,0.4651784121932147,0.4651784121932147,0.0,0.0,0.32237446308135986,0.32237446308135986,0.3225489436608978,0.3225489436608978,cuda_FP32_original_batch_present,canonical_letterbox_valid,3d99874f14ae5f316eec36e21141043d75bd4fd17ccfb31e3174198dee269596,1bd42966a605aeacf238b4ffccefb5bd2c8666201203f1e5b7095ac16cf84604,0.48403945565223694,complete_logit_interpolation,0,6016000,1.0,0,406899,0.06763613696808511,b3f52bf9cfca27c3cffc4fab875efea2211c9d2239d555fc22f23a89331fe6b3,RSI-TailProbe-20261004,0.4651784121932147,874716,0.14539827127659574,2,58473cb39fc3c10f04859b51,0.0,0,0.0,U-Mean-logit-alpha-0.000000,17,ISIC_0013986_A03_T1_S1_58473cb39fc3c10f04859b51.png,S1,0.6078237295150757,0.6075970349679515,T1,val,H,1703ca22a1c39afeca05ffd0c12fe01606f41d5af81442d20102f130cc2ca491,d67353b51c7f853c45c0fad75d4336d0d442799627d3e648686eb70a497ad029,0.0,T1,406899
0.0,0.0,0.0,,A00,0.11784432083368301,0.11735235603592087,0.3140016951762656,0.190543994637955,0.5065896058695302,0,5ca3f9fed2a631d522b1bd5334bde7efb3613c82a3aa714d8ae5da962737af8c,0.11784432083368301,0.12212641537189484,0.0,0.12212641537189484,0.8735914826393127,0.0,0.0,02fc8095c431dfc5451811632a802997c5ba97593e8a98ad29eaf0d9e1211df4,complete_update,5147.6254720016295,0.931983569600426,0.931983569600426,0.9358365142171722,445396,0,0,109386,0,0,0.0,0.0,0.0,0.0038529446167461234,-0.0038529446167461234,000265748d489c3d0095524194958fe61fe914509d0aca373da78957be3a3502,ISIC_0014151,0,194.06442229321684,0.03769979446809984,ISIC_0014151,b1efad773064a1911b9a0b35b0c10c97975c495454052ec62ada2a78db6be47d,0.872630366980165,0.872630366980165,0.0,0.0,0.12212641537189484,0.12212641537189484,0.12170588506009988,0.12170588506009988,cuda_FP32_original_batch_present,canonical_letterbox_valid,3d99874f14ae5f316eec36e21141043d75bd4fd17ccfb31e3174198dee269596,48a6c566a1e3e2b183e9fecd388701f6d4f26fa26a60b56102b27fd95ce6cf3f,0.5872761011123657,complete_logit_interpolation,0,12212224,0.9720261085561707,0,3910289,0.3201946672448851,28ba498702d2f880cefbf949a464345cf7ec16dcf151e3f9ddb28d7d8c77be34,RSI-TailProbe-20261004,0.8951096001482703,4246299,0.34770890216229244,2,5841e7729fc3c156c3ef40cb,0.0,0,0.0,U-Mean-logit-alpha-0.000000,17,ISIC_0014151_A00_T2_S1_5841e7729fc3c156c3ef40cb.png,S1,0.8735914826393127,0.8739405859157211,T2,val,H,1703ca22a1c39afeca05ffd0c12fe01606f41d5af81442d20102f130cc2ca491,d67353b51c7f853c45c0fad75d4336d0d442799627d3e648686eb70a497ad029,0.872630366980165,T2,3800903
0.0,0.0,0.0,,A03,0.13118864595890045,0.13076699423717986,0.1916681976851001,0.07837391086717381,0.44223134704946915,0,5ca3f9fed2a631d522b1bd5334bde7efb3613c82a3aa714d8ae5da962737af8c,0.13118864595890045,0.13173910975456238,0.0,0.13173910975456238,0.8677104115486145,0.0,0.0,02fc8095c431dfc5451811632a802997c5ba97593e8a98ad29eaf0d9e1211df4,complete_update,5147.6254720016295,0.9227016947839607,0.9227016947839607,0.9267948111580794,470488,0,0,158171,0,0,0.0,0.0,0.0,0.004093116374118688,-0.004093116374118688,000265748d489c3d0095524194958fe61fe914509d0aca373da78957be3a3502,ISIC_0014151,0,228.7357643592951,0.04443519941445007,ISIC_0014151,b1efad773064a1911b9a0b35b0c10c97975c495454052ec62ada2a78db6be47d,0.8564960051607283,0.8564960051607283,0.0,0.0,0.13173910975456238,0.13173910975456238,0.13140042040651667,0.13140042040651667,cuda_FP32_original_batch_present,canonical_letterbox_valid,3d99874f14ae5f316eec36e21141043d75bd4fd17ccfb31e3174198dee269596,d2af21874800804e3fd5f6df43df6d3b2a5bc25323324184181aa8455795ec28,0.5872761011123657,complete_logit_interpolation,0,12212224,0.9595500486025458,0,3910289,0.3201946672448851,28ba498702d2f880cefbf949a464345cf7ec16dcf151e3f9ddb28d7d8c77be34,RSI-TailProbe-20261004,0.88857875918331,4222606,0.34576879690382356,2,58473f719fc3c10f04859b7a,0.0,0,0.0,U-Mean-logit-alpha-0.000000,17,ISIC_0014151_A03_T1_S1_58473f719fc3c10f04859b7a.png,S1,0.8677104115486145,0.8679661534241465,T1,val,H,1703ca22a1c39afeca05ffd0c12fe01606f41d5af81442d20102f130cc2ca491,d67353b51c7f853c45c0fad75d4336d0d442799627d3e648686eb70a497ad029,0.8564960051607283,T1,3752118
0.0,0.0,0.0,,A00,0.058814823627471924,0.05974760750936252,0.6594022167009095,0.39415850235794786,0.9424095453326549,0,5ca3f9fed2a631d522b1bd5334bde7efb3613c82a3aa714d8ae5da962737af8c,0.058814823627471924,0.05275890231132507,0.0,0.05275890231132507,0.9532970190048218,0.0,0.0,02fc8095c431dfc5451811632a802997c5ba97593e8a98ad29eaf0d9e1211df4,complete_update,7917.522655477533,0.9823988532881522,0.9823988532881522,0.9856239436632589,30429,0,0,473517,0,0,0.0,0.0,0.0,0.003225090375106654,-0.003225090375106654,6fdf9b36396adee4c602c8511ad36e082949c3b16aae12104d4d900f0c4ae7ad,ISIC_0011454,0,84.07734534343957,0.010619148059560378,ISIC_0014699,e3aaa50e51e907d87ea16306c0cd149f72f6f5116c0a9a6e7d2f677e77301b35,0.9654065902564635,0.9654065902564635,0.0,0.0,0.05275890231132507,0.05275890231132507,0.05343978428847875,0.05343978428847875,cuda_FP32_original_batch_present,canonical_letterbox_valid,3d99874f14ae5f316eec36e21141043d75bd4fd17ccfb31e3174198dee269596,1361864a050a8e7d675cecdd339f8a7619544b55bec3355f7b67162d282fb51a,0.5657735466957092,complete_logit_interpolation,0,28969562,0.96742735339585,0,14537259,0.5018114875192107,1908322f9a2131caa475adea3a95ebe308557bc820f920158c90aa9ed0f91521,RSI-TailProbe-20261004,0.9978410223630748,14094171,0.48651653759901514,2,5841e9169fc3c156c3ef4737,0.0,0,0.0,U-Mean-logit-alpha-0.000000,17,ISIC_0014699_A00_T2_S1_5841e9169fc3c156c3ef4737.png,S1,0.9532970190048218,0.952868038932405,T2,val,H,1703ca22a1c39afeca05ffd0c12fe01606f41d5af81442d20102f130cc2ca491,d67353b51c7f853c45c0fad75d4336d0d442799627d3e648686eb70a497ad029,0.9654065902564635,T2,14063742
0.0,0.0,0.0,,A09,0.1411558985710144,0.14166995568776283,0.11530404182108504,0.05813561708688846,0.3241954073565314,0,5ca3f9fed2a631d522b1bd5334bde7efb3613c82a3aa714d8ae5da962737af8c,0.1411558985710144,0.10684201121330261,0.0,0.10684201121330261,0.9274718761444092,0.0,0.0,02fc8095c431dfc5451811632a802997c5ba97593e8a98ad29eaf0d9e1211df4,complete_update,7917.522655477533,0.938472024483731,0.938472024483731,0.9375810885583306,1674763,0,0,204590,0,0,0.0,0.0,0.0,-0.0008909359254004601,0.0008909359254004601,6fdf9b36396adee4c602c8511ad36e082949c3b16aae12104d4d900f0c4ae7ad,ISIC_0011454,0,275.82012788796004,0.03483667049530209,ISIC_0014699,e3aaa50e51e907d87ea16306c0cd149f72f6f5116c0a9a6e7d2f677e77301b35,0.8840765821808039,0.8840765821808039,0.0,0.0,0.10684201121330261,0.10684201121330261,0.10717321334674394,0.10717321334674394,cuda_FP32_original_batch_present,canonical_letterbox_valid,3d99874f14ae5f316eec36e21141043d75bd4fd17ccfb31e3174198dee269596,c6021bf24a9d8da6d77b1f7f81a1284a1dbb185af128c60525475b7f53ce05d1,0.5657735466957092,complete_logit_interpolation,0,28969562,0.9859265078788236,0,14537259,0.5018114875192107,1908322f9a2131caa475adea3a95ebe308557bc820f920158c90aa9ed0f91521,RSI-TailProbe-20261004,0.895375910389624,16007432,0.5525603735396483,2,584715959fc3c10f048598ac,0.0,0,0.0,U-Mean-logit-alpha-0.000000,17,ISIC_0014699_A09_T1_S1_584715959fc3c10f048598ac.png,S1,0.9274718761444092,0.927323528994275,T1,val,H,1703ca22a1c39afeca05ffd0c12fe01606f41d5af81442d20102f130cc2ca491,d67353b51c7f853c45c0fad75d4336d0d442799627d3e648686eb70a497ad029,0.8840765821808039,T1,14332669
0.0,0.0,0.0,,A00,0.21004553139209747,0.21131532563095287,0.2277637879723911,0.145505850775525,0.3798516382297148,0,5ca3f9fed2a631d522b1bd5334bde7efb3613c82a3aa714d8ae5da962737af8c,0.21004553139209747,0.1349545121192932,0.0,0.1349545121192932,0.9401364922523499,0.0,0.0,02fc8095c431dfc5451811632a802997c5ba97593e8a98ad29eaf0d9e1211df4,complete_update,7955.787955947544,0.9474414960681924,0.9474414960681924,0.9540451189163672,251565,0,0,2222622,0,0,0.0,0.0,0.0,0.006603622848174839,-0.006603622848174839,e0fe7a3cad7294f9c4d8ea6c41f4b332cbf87a98fda172c880961679f8b0bda3,ISIC_0015014,0,343.51775770273935,0.043178345074661555,ISIC_0015502,15ee8c08b29a36f55e6d161ea97264bf595cff7f9736eba3ac3bdd637f0ec748,0.9001319095604158,0.9001319095604158,0.0,0.0,0.1349545121192932,0.1349545121192932,0.13571754594247532,0.13571754594247532,cuda_FP32_original_batch_present,canonical_letterbox_valid,3d99874f14ae5f316eec36e21141043d75bd4fd17ccfb31e3174198dee269596,a8f9430d15b245c484365f787ff3187b95c8ac94b6dde30133dac29b7925305d,0.4694097340106964,complete_logit_interpolation,0,29205231,0.9093657644042925,0,24522985,0.8396778303174524,d67c8ecb5abc950c40d7b993848d311c7dcf44bcdab470854f12e986ac07adcf,RSI-TailProbe-20261004,0.988845077901987,22551928,0.7721879686553412,2,5b2bd2d5116597326357fd5d,0.0,0,0.0,U-Mean-logit-alpha-0.000000,17,ISIC_0015502_A00_T2_S1_5b2bd2d5116597326357fd5d.png,S1,0.9401364922523499,0.9398802337460023,T2,val,H,1703ca22a1c39afeca05ffd0c12fe01606f41d5af81442d20102f130cc2ca491,d67353b51c7f853c45c0fad75d4336d0d442799627d3e648686eb70a497ad029,0.9001319095604158,T2,22300363
0.0,0.0,0.0,,A03,0.09422902017831802,0.09438008853883487,0.5013834739019609,0.32811812948021807,0.6848113976282186,0,5ca3f9fed2a631d522b1bd5334bde7efb3613c82a3aa714d8ae5da962737af8c,0.09422902017831802,0.06503276526927948,0.0,0.06503276526927948,0.9641634821891785,0.0,0.0,02fc8095c431dfc5451811632a802997c5ba97593e8a98ad29eaf0d9e1211df4,complete_update,7955.787955947544,0.9777549894479964,0.9777549894479964,0.9705333849985872,779072,0,0,322121,0,0,0.0,0.0,0.0,-0.007221604449409225,0.007221604449409225,e0fe7a3cad7294f9c4d8ea6c41f4b332cbf87a98fda172c880961679f8b0bda3,ISIC_0015014,0,152.26621424334422,0.019139048839218232,ISIC_0015502,15ee8c08b29a36f55e6d161ea97264bf595cff7f9736eba3ac3bdd637f0ec748,0.9564781234980223,0.9564781234980223,0.0,0.0,0.06503276526927948,0.06503276526927948,0.0651075306987572,0.0651075306987572,cuda_FP32_original_batch_present,canonical_letterbox_valid,3d99874f14ae5f316eec36e21141043d75bd4fd17ccfb31e3174198dee269596,308ce529e9a7fa5a448c224d663758a39309b9fb7f93dd460846e3fe5b657f79,0.4694097340106964,complete_logit_interpolation,0,29205231,0.9868645272995926,0,24522985,0.8396778303174524,d67c8ecb5abc950c40d7b993848d311c7dcf44bcdab470854f12e986ac07adcf,RSI-TailProbe-20261004,0.9688120898308146,24979936,0.8553240342457828,2,5b2ff37911659747a0a00eb1,0.0,0,0.0,U-Mean-logit-alpha-0.000000,17,ISIC_0015502_A03_T1_S1_5b2ff37911659747a0a00eb1.png,S1,0.9641634821891785,0.9641650271413205,T1,val,H,1703ca22a1c39afeca05ffd0c12fe01606f41d5af81442d20102f130cc2ca491,d67353b51c7f853c45c0fad75d4336d0d442799627d3e648686eb70a497ad029,0.9564781234980223,T1,24200864
0.0,0.0,0.0,,A00,0.024275794625282288,0.024181632314527243,0.5391502366700616,0.2808689952532012,0.8062157221206582,0,5ca3f9fed2a631d522b1bd5334bde7efb3613c82a3aa714d8ae5da962737af8c,0.024275794625282288,0.051265038549900055,0.0,0.051265038549900055,0.9217457175254822,0.0,0.0,02fc8095c431dfc5451811632a802997c5ba97593e8a98ad29eaf0d9e1211df4,complete_update,7922.802786893032,0.94474721401668,0.94474721401668,0.9297861950902894,5297,0,0,291748,0,0,0.0,0.0,0.0,-0.014961018926390679,0.014961018926390679,22e988e030a31c9cda3749c249dee1ee84f442230097cf93bf6091375cc0eab2,ISIC_0015633,0,107.05092135213604,0.013511748838332074,ISIC_0015633,63a8485652201a95e2f1f6887f12d29a15ee483e620da835638394dbd3b07458,0.8952804736130907,0.8952804736130907,0.0,0.0,0.051265038549900055,0.051265038549900055,0.05133904474868614,0.05133904474868614,cuda_FP32_original_batch_present,canonical_letterbox_valid,3d99874f14ae5f316eec36e21141043d75bd4fd17ccfb31e3174198dee269596,9b69bb129b8ee854c95fc5f63da60a27cde88553b17a5bc663e016a81edfc017,0.35410448908805847,complete_logit_interpolation,0,28916760,0.8969554406487525,0,2831280,0.09791138426296722,fdb816227a29764a2376e65a7782c050dbe8cc3000c10318645386a4f3f710c2,RSI-TailProbe-20261004,0.9979185241916058,2544829,0.08800532978106815,2,5b2bd33d116597326357fda2,0.0,0,0.0,U-Mean-logit-alpha-0.000000,17,ISIC_0015633_A00_T2_S1_5b2bd33d116597326357fda2.png,S1,0.9217457175254822,0.921503542817155,T2,val,H,1703ca22a1c39afeca05ffd0c12fe01606f41d5af81442d20102f130cc2ca491,d67353b51c7f853c45c0fad75d4336d0d442799627d3e648686eb70a497ad029,0.8952804736130907,T2,2539532
0.0,0.0,0.0,,A03,0.30895161628723145,0.3085550505045411,0.0,0.0,0.05604292405943869,0,5ca3f9fed2a631d522b1bd5334bde7efb3613c82a3aa714d8ae5da962737af8c,0.30895161628723145,0.297860711812973,0.0,0.297860711812973,0.7132301926612854,0.0,0.0,02fc8095c431dfc5451811632a802997c5ba97593e8a98ad29eaf0d9e1211df4,complete_update,7922.802786893032,0.711195779667665,0.711195779667665,0.726850255591645,2299467,0,0,0,0,0,0.0,0.0,0.0,0.01565447592397995,-0.01565447592397995,22e988e030a31c9cda3749c249dee1ee84f442230097cf93bf6091375cc0eab2,ISIC_0015633,0,560.962339737649,0.07080352178722264,ISIC_0015633,63a8485652201a95e2f1f6887f12d29a15ee483e620da835638394dbd3b07458,0.5518260791264897,0.5518260791264897,0.0,0.0,0.297860711812973,0.297860711812973,0.2976540735063429,0.2976540735063429,cuda_FP32_original_batch_present,canonical_letterbox_valid,3d99874f14ae5f316eec36e21141043d75bd4fd17ccfb31e3174198dee269596,710a6473314ee9ddbc8004a999112268386a15855b57e235292b3afee09a65da,0.35410448908805847,complete_logit_interpolation,0,28916760,1.0,0,2831280,0.09791138426296722,fdb816227a29764a2376e65a7782c050dbe8cc3000c10318645386a4f3f710c2,RSI-TailProbe-20261004,0.5518260791264897,5130747,0.17743160022077162,2,5b2ff1a511659747a0a00ea5,0.0,0,0.0,U-Mean-logit-alpha-0.000000,17,ISIC_0015633_A03_T1_S1_5b2ff1a511659747a0a00ea5.png,S1,0.7132301926612854,0.7132469034918554,T1,val,H,1703ca22a1c39afeca05ffd0c12fe01606f41d5af81442d20102f130cc2ca491,d67353b51c7f853c45c0fad75d4336d0d442799627d3e648686eb70a497ad029,0.0,T1,2831280
0.0,0.0,0.0,,A00,0.05492773652076721,0.05501617813393203,0.0073152889539136795,0.0,0.3650108117927651,0,5ca3f9fed2a631d522b1bd5334bde7efb3613c82a3aa714d8ae5da962737af8c,0.05492773652076721,0.08578868210315704,0.0,0.08578868210315704,0.8833503723144531,0.0,0.0,02fc8095c431dfc5451811632a802997c5ba97593e8a98ad29eaf0d9e1211df4,complete_update,800.0,0.8946316735285046,0.8946316735285046,0.8915350279314677,0,0,0,7857,0,0,0.0,0.0,0.0,-0.003096645597036929,0.003096645597036929,37d833a93aee301e35751ba7896d7573530720d90b69086371adb0b4f44066b8,ISIC_0016804,0,21.1563812174061,0.026445476521757626,ISIC_0016804,a270e20d85b8ccea749ad616a8f424259fd53bfefbcdb35580f0841e7c02e518,0.8093516451518975,0.8093516451518975,0.0,0.0,0.08578868210315704,0.08578868210315704,0.08597474232412435,0.08597474232412435,cuda_FP32_original_batch_present,canonical_letterbox_valid,3d99874f14ae5f316eec36e21141043d75bd4fd17ccfb31e3174198dee269596,f3505070314209440464c8f479457ca991b513bce92efe3a11463be5ff14e2d0,0.5807221531867981,complete_logit_interpolation,0,307200,0.8093516451518975,0,41212,0.13415364583333333,83354ce26ecdb934e2e9e43a3081637c1fbb024d185ad4eb300f59aa47ab1ae1,RSI-TailProbe-20261004,1.0,33355,0.10857747395833334,2,5b2bd38d116597326357fdff,0.0,0,0.0,U-Mean-logit-alpha-0.000000,17,ISIC_0016804_A00_T2_S1_5b2bd38d116597326357fdff.png,S1,0.8833503723144531,0.8830666934856833,T2,val,H,1703ca22a1c39afeca05ffd0c12fe01606f41d5af81442d20102f130cc2ca491,d67353b51c7f853c45c0fad75d4336d0d442799627d3e648686eb70a497ad029,0.8093516451518975,T2,33355
0.0,0.0,0.0,,A03,0.10444962978363037,0.10379350372294524,0.11223220456116101,0.037320464207744465,0.3072449108610444,0,5ca3f9fed2a631d522b1bd5334bde7efb3613c82a3aa714d8ae5da962737af8c,0.10444962978363037,0.11865183711051941,0.0,0.11865183711051941,0.8671459555625916,0.0,0.0,02fc8095c431dfc5451811632a802997c5ba97593e8a98ad29eaf0d9e1211df4,complete_update,800.0,0.8747342913017601,0.8747342913017601,0.8778021558714109,11725,0,0,61,0,0,0.0,0.0,0.0,0.0030678645696508022,-0.0030678645696508022,37d833a93aee301e35751ba7896d7573530720d90b69086371adb0b4f44066b8,ISIC_0016804,0,34.90842862142396,0.04363553577677995,ISIC_0016804,a270e20d85b8ccea749ad616a8f424259fd53bfefbcdb35580f0841e7c02e518,0.7773579915748909,0.7773579915748909,0.0,0.0,0.11865183711051941,0.11865183711051941,0.11807576950451275,0.11807576950451275,cuda_FP32_original_batch_present,canonical_letterbox_valid,3d99874f14ae5f316eec36e21141043d75bd4fd17ccfb31e3174198dee269596,a5f92af098d4b18c2418f0f0be720e6fe5740730211f768db846b13103d9a59d,0.5807221531867981,complete_logit_interpolation,0,307200,0.99851984858779,0,41212,0.13415364583333333,83354ce26ecdb934e2e9e43a3081637c1fbb024d185ad4eb300f59aa47ab1ae1,RSI-TailProbe-20261004,0.7782547847794841,52876,0.17212239583333333,2,5b3016ce11659747a0a01023,0.0,0,0.0,U-Mean-logit-alpha-0.000000,17,ISIC_0016804_A03_T1_S1_5b3016ce11659747a0a01023.png,S1,0.8671459555625916,0.8676419647139197,T1,val,H,1703ca22a1c39afeca05ffd0c12fe01606f41d5af81442d20102f130cc2ca491,d67353b51c7f853c45c0fad75d4336d0d442799627d3e648686eb70a497ad029,0.7773579915748909,T1,41151
0.0,0.0,0.0,,A00,0.2543679475784302,0.2548983476584114,0.029443379913071926,0.0025070510811657787,0.05479648197135606,0,5ca3f9fed2a631d522b1bd5334bde7efb3613c82a3aa714d8ae5da962737af8c,0.2543679475784302,0.19402256608009338,0.0,0.19402256608009338,0.8663228154182434,0.0,0.0,02fc8095c431dfc5451811632a802997c5ba97593e8a98ad29eaf0d9e1211df4,complete_update,800.0,0.8908533245700515,0.8908533245700515,0.9035770433700537,0,0,0,39856,0,0,0.0,0.0,0.0,0.012723718800002226,-0.012723718800002226,37d833a93aee301e35751ba7896d7573530720d90b69086371adb0b4f44066b8,ISIC_0017427,0,55.154328932550705,0.06894291116568838,ISIC_0017427,e50f3eca92f2072c6b0afc92f2c63d5254367026fcb7e95e37ace22c389c90e6,0.803188022201592,0.803188022201592,0.0,0.0,0.19402256608009338,0.19402256608009338,0.19438339169467514,0.19438339169467514,cuda_FP32_original_batch_present,canonical_letterbox_valid,3d99874f14ae5f316eec36e21141043d75bd4fd17ccfb31e3174198dee269596,d96fb6ab5afe54774e7466ea2cf796754f725032a909ebebc5c1815fdba982ff,0.4599721133708954,complete_logit_interpolation,0,307200,0.803188022201592,0,202508,0.6592057291666666,475fa680b7d453fcca45f41de955ab58f5585d80259cfb13acf7059ed15c7659,RSI-TailProbe-20261004,1.0,162652,0.5294661458333333,2,5b2bd3bb116597326357fe5f,0.0,0,0.0,U-Mean-logit-alpha-0.000000,17,ISIC_0017427_A00_T2_S1_5b2bd3bb116597326357fe5f.png,S1,0.8663228154182434,0.8661315642690611,T2,val,H,1703ca22a1c39afeca05ffd0c12fe01606f41d5af81442d20102f130cc2ca491,d67353b51c7f853c45c0fad75d4336d0d442799627d3e648686eb70a497ad029,0.803188022201592,T2,162652
0.0,0.0,0.0,,A03,0.2115192860364914,0.21117268246326576,0.2902142471200375,0.1451367300165889,0.42955164329386053,0,5ca3f9fed2a631d522b1bd5334bde7efb3613c82a3aa714d8ae5da962737af8c,0.2115192860364914,0.15602737665176392,0.0,0.15602737665176392,0.8994645476341248,0.0,0.0,02fc8095c431dfc5451811632a802997c5ba97593e8a98ad29eaf0d9e1211df4,complete_update,800.0,0.9316537282516726,0.9316537282516726,0.9214121940948014,28555,0,0,1009,0,0,0.0,0.0,0.0,-0.010241534156871235,0.010241534156871235,37d833a93aee301e35751ba7896d7573530720d90b69086371adb0b4f44066b8,ISIC_0017427,0,45.0,0.05625,ISIC_0017427,e50f3eca92f2072c6b0afc92f2c63d5254367026fcb7e95e37ace22c389c90e6,0.8720522108688973,0.8720522108688973,0.0,0.0,0.15602737665176392,0.15602737665176392,0.15580128161923204,0.15580128161923204,cuda_FP32_original_batch_present,canonical_letterbox_valid,3d99874f14ae5f316eec36e21141043d75bd4fd17ccfb31e3174198dee269596,0ee10e1aba04d6f20fbc9af0342813a62acebbb1c9c6e9b70b688da337d2127f,0.4599721133708954,complete_logit_interpolation,0,307200,0.9950174807908824,0,202508,0.6592057291666666,475fa680b7d453fcca45f41de955ab58f5585d80259cfb13acf7059ed15c7659,RSI-TailProbe-20261004,0.8758769680162048,230054,0.7488736979166667,2,5b30184c11659747a0a01047,0.0,0,0.0,U-Mean-logit-alpha-0.000000,17,ISIC_0017427_A03_T1_S1_5b30184c11659747a0a01047.png,S1,0.8994645476341248,0.8995701192248017,T1,val,H,1703ca22a1c39afeca05ffd0c12fe01606f41d5af81442d20102f130cc2ca491,d67353b51c7f853c45c0fad75d4336d0d442799627d3e648686eb70a497ad029,0.8720522108688973,T1,201499
0.0,0.0,0.0,,A00,0.06140394136309624,0.061637746170840266,0.5400460500429898,0.2722660653889515,0.7744901073190579,0,5ca3f9fed2a631d522b1bd5334bde7efb3613c82a3aa714d8ae5da962737af8c,0.06140394136309624,0.06616131216287613,0.0,0.06616131216287613,0.9290813207626343,0.0,0.0,02fc8095c431dfc5451811632a802997c5ba97593e8a98ad29eaf0d9e1211df4,complete_update,800.0,0.9538063446404683,0.9538063446404683,0.9596429328379609,4157,0,0,3198,0,0,0.0,0.0,0.0,0.005836588197492554,-0.005836588197492554,37d833a93aee301e35751ba7896d7573530720d90b69086371adb0b4f44066b8,ISIC_0017891,0,24.535662946321317,0.030669578682901644,ISIC_0017891,f3ea82472108d2df0d0907c6401ac270a26845c88ad5abb2d665d2962725d047,0.911691960426472,0.911691960426472,0.0,0.0,0.06616131216287613,0.06616131216287613,0.06639167384884787,0.06639167384884787,cuda_FP32_original_batch_present,canonical_letterbox_valid,3d99874f14ae5f316eec36e21141043d75bd4fd17ccfb31e3174198dee269596,6282b9548546c4407dcbcbc503062be91731f9b997ce99d235d9c14b7b34a9ea,0.5155850052833557,complete_logit_interpolation,0,307200,0.9595860029571217,0,79131,0.257587890625,c79e8fb1aee7862a0d78b02f63e3e884c0b45b972a95319cfde1f7e61db6a90d,RSI-TailProbe-20261004,0.9480958921213635,80090,0.26070963541666664,2,5b2bd3e8116597326357fec8,0.0,0,0.0,U-Mean-logit-alpha-0.000000,17,ISIC_0017891_A00_T2_S1_5b2bd3e8116597326357fec8.png,S1,0.9290813207626343,0.9288543984731445,T2,val,H,1703ca22a1c39afeca05ffd0c12fe01606f41d5af81442d20102f130cc2ca491,d67353b51c7f853c45c0fad75d4336d0d442799627d3e648686eb70a497ad029,0.911691960426472,T2,75933
0.0,0.0,0.0,,A03,0.1158585473895073,0.11617656799636855,0.21148036253776437,0.15005035246727086,0.4139219631011863,0,5ca3f9fed2a631d522b1bd5334bde7efb3613c82a3aa714d8ae5da962737af8c,0.1158585473895073,0.10666957497596741,0.0,0.10666957497596741,0.9025194048881531,0.0,0.0,02fc8095c431dfc5451811632a802997c5ba97593e8a98ad29eaf0d9e1211df4,complete_update,800.0,0.9136760200813037,0.9136760200813037,0.9123129688430818,14131,0,0,691,0,0,0.0,0.0,0.0,-0.0013630512382218907,0.0013630512382218907,37d833a93aee301e35751ba7896d7573530720d90b69086371adb0b4f44066b8,ISIC_0017891,0,31.064449134018133,0.03883056141752267,ISIC_0017891,f3ea82472108d2df0d0907c6401ac270a26845c88ad5abb2d665d2962725d047,0.8410713902768544,0.8410713902768544,0.0,0.0,0.10666957497596741,0.10666957497596741,0.10694145360473123,0.10694145360473123,cuda_FP32_original_batch_present,canonical_letterbox_valid,3d99874f14ae5f316eec36e21141043d75bd4fd17ccfb31e3174198dee269596,71dc7bdfc48ae162f40141953fc37f903260e1449d6af7e9256293900e55033c,0.5155850052833557,complete_logit_interpolation,0,307200,0.9912676447915482,0,79131,0.257587890625,c79e8fb1aee7862a0d78b02f63e3e884c0b45b972a95319cfde1f7e61db6a90d,RSI-TailProbe-20261004,0.8473496019271695,92571,0.301337890625,2,5b301cf711659747a0a010b1,0.0,0,0.0,U-Mean-logit-alpha-0.000000,17,ISIC_0017891_A03_T1_S1_5b301cf711659747a0a010b1.png,S1,0.9025194048881531,0.9022936607869061,T1,val,H,1703ca22a1c39afeca05ffd0c12fe01606f41d5af81442d20102f130cc2ca491,d67353b51c7f853c45c0fad75d4336d0d442799627d3e648686eb70a497ad029,0.8410713902768544,T1,78440
0.0,0.0,0.0,,A00,0.13686184585094452,0.13700739862817224,0.3119187730585115,0.15323954873938084,0.6598808916902257,0,5ca3f9fed2a631d522b1bd5334bde7efb3613c82a3aa714d8ae5da962737af8c,0.13686184585094452,0.1389264166355133,0.0,0.1389264166355133,0.8590090274810791,0.0,0.0,02fc8095c431dfc5451811632a802997c5ba97593e8a98ad29eaf0d9e1211df4,complete_update,800.0,0.8876603059996562,0.8876603059996562,0.890182238457887,1043,0,0,15294,0,0,0.0,0.0,0.0,0.0025219324582308467,-0.0025219324582308467,37d833a93aee301e35751ba7896d7573530720d90b69086371adb0b4f44066b8,ISIC_0019540,0,74.51650611192453,0.09314563263990566,ISIC_0019545,3fd383b269b95e78108fb2cdd7a3413bf0ab7bd0ceadb591513adb28787cb4be,0.7980118940171362,0.7980118940171362,0.0,0.0,0.1389264166355133,0.1389264166355133,0.13905052414974284,0.13905052414974284,cuda_FP32_original_batch_present,canonical_letterbox_valid,3d99874f14ae5f316eec36e21141043d75bd4fd17ccfb31e3174198dee269596,ba68b05a7bb211d3b4bb799cac9bc926c28d4c27cf0399d49ad514d730b0fe68,0.6872929930686951,complete_logit_interpolation,0,307200,0.808437085097322,0,79838,0.25988932291666667,9a1d3145d3813bf8bc6d572095347a82182a64f6c52b51aab63695c8736cefc3,RSI-TailProbe-20261004,0.9840974583377804,65587,0.21349934895833333,2,5b2bd47a116597326358005a,0.0,0,0.0,U-Mean-logit-alpha-0.000000,17,ISIC_0019545_A00_T2_S1_5b2bd47a116597326358005a.png,S1,0.8590090274810791,0.8589063503286866,T2,val,H,1703ca22a1c39afeca05ffd0c12fe01606f41d5af81442d20102f130cc2ca491,d67353b51c7f853c45c0fad75d4336d0d442799627d3e648686eb70a497ad029,0.7980118940171362,T2,64544
0.0,0.0,0.0,,A03,0.06900673359632492,0.06930919427943749,0.45332993760346363,0.28121827411167516,0.6502652639721279,0,5ca3f9fed2a631d522b1bd5334bde7efb3613c82a3aa714d8ae5da962737af8c,0.06900673359632492,0.07537063956260681,0.0,0.07537063956260681,0.9182654619216919,0.0,0.0,02fc8095c431dfc5451811632a802997c5ba97593e8a98ad29eaf0d9e1211df4,complete_update,800.0,0.9525089551970143,0.9525089551970143,0.9519379100463994,7451,0,0,464,0,0,0.0,0.0,0.0,-0.0005710451506149017,0.0005710451506149017,37d833a93aee301e35751ba7896d7573530720d90b69086371adb0b4f44066b8,ISIC_0019540,0,20.0,0.025,ISIC_0019545,3fd383b269b95e78108fb2cdd7a3413bf0ab7bd0ceadb591513adb28787cb4be,0.9093241989254087,0.9093241989254087,0.0,0.0,0.07537063956260681,0.07537063956260681,0.07555432534046119,0.07555432534046119,cuda_FP32_original_batch_present,canonical_letterbox_valid,3d99874f14ae5f316eec36e21141043d75bd4fd17ccfb31e3174198dee269596,33f424c90f852e721f136076f232853e9c7a18a43f5f6b1efaf7363032d7be4d,0.6872929930686951,complete_logit_interpolation,0,307200,0.9941882311681154,0,79838,0.25988932291666667,9a1d3145d3813bf8bc6d572095347a82182a64f6c52b51aab63695c8736cefc3,RSI-TailProbe-20261004,0.9141837028505615,86825,0.2826334635416667,2,5b30172911659747a0a0102f,0.0,0,0.0,U-Mean-logit-alpha-0.000000,17,ISIC_0019545_A03_T1_S1_5b30172911659747a0a0102f.png,S1,0.9182654619216919,0.9182005435985151,T1,val,H,1703ca22a1c39afeca05ffd0c12fe01606f41d5af81442d20102f130cc2ca491,d67353b51c7f853c45c0fad75d4336d0d442799627d3e648686eb70a497ad029,0.9093241989254087,T1,79374
0.0,0.0,0.0,,A08,2.0453176498413086,2.0448931219921707,0.0,0.0,0.0,0,5ca3f9fed2a631d522b1bd5334bde7efb3613c82a3aa714d8ae5da962737af8c,2.0453176498413086,1.4183592796325684,0.0,1.4183592796325684,0.2085990011692047,0.0,0.0,02fc8095c431dfc5451811632a802997c5ba97593e8a98ad29eaf0d9e1211df4,complete_update,800.0,0.20890658467037226,0.20890658467037226,0.21376132808648338,0,0,0,180609,0,0,0.0,0.0,0.0,0.0048547434161111125,-0.0048547434161111125,37d833a93aee301e35751ba7896d7573530720d90b69086371adb0b4f44066b8,ISIC_0019695,0,273.218319263098,0.3415228990788725,ISIC_0019696,c3f0162fd3fe93bf485a7f6efd2a10d418dd68d15006ed7a169166aa56484f63,0.11663634229369645,0.11663634229369645,0.0,0.0,1.4183592796325684,1.4183592796325684,1.4181129763160645,1.4181129763160645,cuda_FP32_original_batch_present,canonical_letterbox_valid,3d99874f14ae5f316eec36e21141043d75bd4fd17ccfb31e3174198dee269596,42df672e5e230e908dcefdb5ce3c77162c612afdddaa7cac096f12c9c0655ca1,0.39639362692832947,complete_logit_interpolation,0,307200,0.11663634229369645,0,204456,0.665546875,08173f24314dde09aa317565ec505c645de5023e2686743f734133e9fca2956f,RSI-TailProbe-20261004,1.0,23847,0.077626953125,2,5b2d281f116597169d55198b,0.0,0,0.0,U-Mean-logit-alpha-0.000000,17,ISIC_0019696_A08_T1_S1_5b2d281f116597169d55198b.png,S1,0.2085990011692047,0.20866716936004182,T1,val,H,1703ca22a1c39afeca05ffd0c12fe01606f41d5af81442d20102f130cc2ca491,d67353b51c7f853c45c0fad75d4336d0d442799627d3e648686eb70a497ad029,0.0,T1,23847
0.0,0.0,0.0,,A03,0.14322532713413239,0.1433618792719093,0.41605108000627433,0.2633209417596034,0.6167534014515681,0,5ca3f9fed2a631d522b1bd5334bde7efb3613c82a3aa714d8ae5da962737af8c,0.14322532713413239,0.1123545840382576,0.0,0.1123545840382576,0.9185161590576172,0.0,0.0,02fc8095c431dfc5451811632a802997c5ba97593e8a98ad29eaf0d9e1211df4,complete_update,800.0,0.9651989004719672,0.9651989004719672,0.9618379049124879,5040,0,0,9051,0,0,0.0,0.0,0.0,-0.0033609955594793295,0.0033609955594793295,37d833a93aee301e35751ba7896d7573530720d90b69086371adb0b4f44066b8,ISIC_0019695,0,22.825424421026653,0.028531780526283315,ISIC_0019696,c3f0162fd3fe93bf485a7f6efd2a10d418dd68d15006ed7a169166aa56484f63,0.932738572574178,0.932738572574178,0.0,0.0,0.1123545840382576,0.1123545840382576,0.11245847818735236,0.11245847818735236,cuda_FP32_original_batch_present,canonical_letterbox_valid,3d99874f14ae5f316eec36e21141043d75bd4fd17ccfb31e3174198dee269596,38ba465d77d3ff0ebedf941bf04a2c1b561c076fde0fc1e78e922c1994c61e72,0.39639362692832947,complete_logit_interpolation,0,307200,0.9557313064913723,0,204456,0.665546875,08173f24314dde09aa317565ec505c645de5023e2686743f734133e9fca2956f,RSI-TailProbe-20261004,0.9748559455212154,200445,0.652490234375,2,5b30163111659747a0a01017,0.0,0,0.0,U-Mean-logit-alpha-0.000000,17,ISIC_0019696_A03_T1_S1_5b30163111659747a0a01017.png,S1,0.9185161590576172,0.9184449228972046,T1,val,H,1703ca22a1c39afeca05ffd0c12fe01606f41d5af81442d20102f130cc2ca491,d67353b51c7f853c45c0fad75d4336d0d442799627d3e648686eb70a497ad029,0.932738572574178,T1,195405
0.0,0.0,0.0,,A00,0.239313542842865,0.23957618633831979,0.135831045271694,0.05184033177812338,0.23519679277100766,0,5ca3f9fed2a631d522b1bd5334bde7efb3613c82a3aa714d8ae5da962737af8c,0.239313542842865,0.31127163767814636,0.0,0.31127163767814636,0.6167702674865723,0.0,0.0,02fc8095c431dfc5451811632a802997c5ba97593e8a98ad29eaf0d9e1211df4,complete_update,800.0,0.7041653666146646,0.7041653666146646,0.6780488171122674,24,0,0,37902,0,0,0.0,0.0,0.0,-0.02611654950239717,0.02611654950239717,37d833a93aee301e35751ba7896d7573530720d90b69086371adb0b4f44066b8,ISIC_0020226,0,98.76233399297197,0.12345291749121497,ISIC_0020226,5d34b099d629baf09a4c94b1f672d662c9789938804a68d8de71b299af824fbc,0.5434068116971456,0.5434068116971456,0.0,0.0,0.31127163767814636,0.31127163767814636,0.3116111594106323,0.3116111594106323,cuda_FP32_original_batch_present,canonical_letterbox_valid,3d99874f14ae5f316eec36e21141043d75bd4fd17ccfb31e3174198dee269596,7d29039c5930081fb1e094b619be37645013df9931c027de8b889cfbd5d458f0,0.44014570116996765,complete_logit_interpolation,0,307200,0.5435638675802936,0,83039,0.2703092447916667,13735d1dd65b1edaca310058b14fd280887d48f0dd47cb661f4a758277b5d29b,RSI-TailProbe-20261004,0.999468568012223,45161,0.14700846354166666,2,5b2bd4a111659732635800db,0.0,0,0.0,U-Mean-logit-alpha-0.000000,17,ISIC_0020226_A00_T2_S1_5b2bd4a111659732635800db.png,S1,0.6167702674865723,0.6163538675170552,T2,val,H,1703ca22a1c39afeca05ffd0c12fe01606f41d5af81442d20102f130cc2ca491,d67353b51c7f853c45c0fad75d4336d0d442799627d3e648686eb70a497ad029,0.0,T2,45137
0.0,0.0,0.0,,A03,0.6643855571746826,0.6642037434056536,0.09253918982846553,0.05340557275541795,0.1396391734795957,0,5ca3f9fed2a631d522b1bd5334bde7efb3613c82a3aa714d8ae5da962737af8c,0.6643855571746826,0.5150988101959229,0.0,0.5150988101959229,0.6341879963874817,0.0,0.0,02fc8095c431dfc5451811632a802997c5ba97593e8a98ad29eaf0d9e1211df4,complete_update,800.0,0.630808499001056,0.630808499001056,0.6562815681275138,97200,0,0,0,0,0,0.0,0.0,0.0,0.02547306912645786,-0.02547306912645786,37d833a93aee301e35751ba7896d7573530720d90b69086371adb0b4f44066b8,ISIC_0020226,0,135.94042772329527,0.16992553465411908,ISIC_0020226,5d34b099d629baf09a4c94b1f672d662c9789938804a68d8de71b299af824fbc,0.46071604924572374,0.46071604924572374,0.0,0.0,0.5150988101959229,0.5150988101959229,0.5149649771829254,0.5149649771829254,cuda_FP32_original_batch_present,canonical_letterbox_valid,3d99874f14ae5f316eec36e21141043d75bd4fd17ccfb31e3174198dee269596,25aff814599e916608b2fe86593bec43a594611383253f39fb89f6cb32e4ee0d,0.44014570116996765,complete_logit_interpolation,0,307200,1.0,0,83039,0.2703092447916667,13735d1dd65b1edaca310058b14fd280887d48f0dd47cb661f4a758277b5d29b,RSI-TailProbe-20261004,0.46071604924572374,180239,0.5867154947916666,2,5b301eb911659747a0a010c9,0.0,0,0.0,U-Mean-logit-alpha-0.000000,17,ISIC_0020226_A03_T1_S1_5b301eb911659747a0a010c9.png,S1,0.6341879963874817,0.6342737890398028,T1,val,H,1703ca22a1c39afeca05ffd0c12fe01606f41d5af81442d20102f130cc2ca491,d67353b51c7f853c45c0fad75d4336d0d442799627d3e648686eb70a497ad029,0.0,T1,83039
0.0,0.0,0.0,,A00,0.2195744514465332,0.2201651098065382,0.0681663855058581,0.003871194791483371,0.25553904050936993,0,5ca3f9fed2a631d522b1bd5334bde7efb3613c82a3aa714d8ae5da962737af8c,0.2195744514465332,0.23881825804710388,0.0,0.23881825804710388,0.7419379353523254,0.0,0.0,02fc8095c431dfc5451811632a802997c5ba97593e8a98ad29eaf0d9e1211df4,complete_update,3840.0,0.8432930515618747,0.8432930515618747,0.8373883622022222,0,0,0,631689,0,0,0.0,0.0,0.0,-0.005904689359652493,0.005904689359652493,52b1d8565de1e8d2acca1ef76c2c60d1e4dc93ad3f0d6e76e98110362bd2a341,ISIC_0021447,0,346.8815359679904,0.09033373332499749,ISIC_0021448,ce2994a73cd210331936def4617976f91a7038641fe66218dc2ca96c1b36ae4b,0.7290464129229568,0.7290464129229568,0.0,0.0,0.23881825804710388,0.23881825804710388,0.23935006672448575,0.23935006672448575,cuda_FP32_original_batch_present,canonical_letterbox_valid,3d99874f14ae5f316eec36e21141043d75bd4fd17ccfb31e3174198dee269596,7aa55b3c72c58cc46b4d3725d9551666766a924e36c4ec6be4ca4c5bfa039faf,0.4664100110530853,complete_logit_interpolation,0,7077888,0.7290464129229568,0,2331355,0.3293856868037471,a482f738d1fce6e361c3735e01fc89ce33cca2e4d44cc4bb040333d3a140e071,RSI-TailProbe-20261004,1.0,1699666,0.24013745343243634,2,5b2bd524116597326358024f,0.0,0,0.0,U-Mean-logit-alpha-0.000000,17,ISIC_0021448_A00_T2_S1_5b2bd524116597326358024f.png,S1,0.7419379353523254,0.7414649763575667,T2,val,H,1703ca22a1c39afeca05ffd0c12fe01606f41d5af81442d20102f130cc2ca491,d67353b51c7f853c45c0fad75d4336d0d442799627d3e648686eb70a497ad029,0.7290464129229568,T2,1699666
0.0,0.0,0.0,,A03,0.19797252118587494,0.19759585571858526,0.31628085498876574,0.164029230850113,0.5213951472426165,0,5ca3f9fed2a631d522b1bd5334bde7efb3613c82a3aa714d8ae5da962737af8c,0.19797252118587494,0.2048664093017578,0.0,0.2048664093017578,0.7882397174835205,0.0,0.0,02fc8095c431dfc5451811632a802997c5ba97593e8a98ad29eaf0d9e1211df4,complete_update,3840.0,0.9023644960076447,0.9023644960076447,0.9040265004288488,210619,0,0,241602,0,0,0.0,0.0,0.0,0.0016620044212041218,-0.0016620044212041218,52b1d8565de1e8d2acca1ef76c2c60d1e4dc93ad3f0d6e76e98110362bd2a341,ISIC_0021447,0,246.4805237858589,0.06418763640256743,ISIC_0021448,ce2994a73cd210331936def4617976f91a7038641fe66218dc2ca96c1b36ae4b,0.822098495106559,0.822098495106559,0.0,0.0,0.2048664093017578,0.2048664093017578,0.20452896643515717,0.20452896643515717,cuda_FP32_original_batch_present,canonical_letterbox_valid,3d99874f14ae5f316eec36e21141043d75bd4fd17ccfb31e3174198dee269596,c18d6bdb4613ffdb4702d8b6c1ba5948b4600d96ec2a681ca76c736eb8d7716d,0.4664100110530853,complete_logit_interpolation,0,7077888,0.8963684209397539,0,2331355,0.3293856868037471,a482f738d1fce6e361c3735e01fc89ce33cca2e4d44cc4bb040333d3a140e071,RSI-TailProbe-20261004,0.908441330358742,2300372,0.32500825104890047,2,5b31006111659747a0a0129c,0.0,0,0.0,U-Mean-logit-alpha-0.000000,17,ISIC_0021448_A03_T1_S1_5b31006111659747a0a0129c.png,S1,0.7882397174835205,0.788537922848271,T1,val,H,1703ca22a1c39afeca05ffd0c12fe01606f41d5af81442d20102f130cc2ca491,d67353b51c7f853c45c0fad75d4336d0d442799627d3e648686eb70a497ad029,0.822098495106559,T1,2089753
0.0,0.0,0.0,,A00,0.11050393432378769,0.11045738786609928,0.0,0.0,0.01874151199637845,0,5ca3f9fed2a631d522b1bd5334bde7efb3613c82a3aa714d8ae5da962737af8c,0.11050393432378769,0.3085055947303772,0.0,0.3085055947303772,0.4934927523136139,0.0,0.0,02fc8095c431dfc5451811632a802997c5ba97593e8a98ad29eaf0d9e1211df4,complete_update,3840.0,0.7263266034765075,0.7263266034765075,0.7087385638887184,0,0,0,200061,0,0,0.0,0.0,0.0,-0.017588039587789095,0.017588039587789095,52b1d8565de1e8d2acca1ef76c2c60d1e4dc93ad3f0d6e76e98110362bd2a341,ISIC_0021837,0,228.02803570172918,0.059382300963991975,ISIC_0021837,e533e112e0bafcaf2232bf6678eb87c874ca977b2f88e40f6d82e1c10a461576,0.5702612659250206,0.5702612659250206,0.0,0.0,0.3085055947303772,0.3085055947303772,0.3083946328958985,0.3083946328958985,cuda_FP32_original_batch_present,canonical_letterbox_valid,3d99874f14ae5f316eec36e21141043d75bd4fd17ccfb31e3174198dee269596,b38e6f3872656e8da85607cee62c49fcc8e33e062190b6b7fd180068b88e48bf,0.332279771566391,complete_logit_interpolation,0,7077888,0.5702612659250206,0,465541,0.06577399924949363,e8f2e646a008552bc55a1c0a642aa61636a84d621f25974bbf1c735007fa0981,RSI-TailProbe-20261004,1.0,265480,0.037508364076967594,2,5b2bd57411659732635802f7,0.0,0,0.0,U-Mean-logit-alpha-0.000000,17,ISIC_0021837_A00_T2_S1_5b2bd57411659732635802f7.png,S1,0.4934927523136139,0.4936681220743022,T2,val,H,1703ca22a1c39afeca05ffd0c12fe01606f41d5af81442d20102f130cc2ca491,d67353b51c7f853c45c0fad75d4336d0d442799627d3e648686eb70a497ad029,0.0,T2,265480
0.0,0.0,0.0,,A09,0.07015319913625717,0.07020776196924065,0.49144741682367354,0.32823152701812447,0.8150785249765865,0,5ca3f9fed2a631d522b1bd5334bde7efb3613c82a3aa714d8ae5da962737af8c,0.07015319913625717,0.20473067462444305,0.0,0.20473067462444305,0.6606918573379517,0.0,0.0,02fc8095c431dfc5451811632a802997c5ba97593e8a98ad29eaf0d9e1211df4,complete_update,3840.0,0.9325138071591446,0.9325138071591446,0.9306340869284919,48017,0,0,16917,0,0,0.0,0.0,0.0,-0.0018797202306526373,0.0018797202306526373,52b1d8565de1e8d2acca1ef76c2c60d1e4dc93ad3f0d6e76e98110362bd2a341,ISIC_0021837,0,65.95262200401629,0.017175161980212576,ISIC_0021837,e533e112e0bafcaf2232bf6678eb87c874ca977b2f88e40f6d82e1c10a461576,0.8735605325980708,0.8735605325980708,0.0,0.0,0.20473067462444305,0.20473067462444305,0.20473367591183553,0.20473367591183553,cuda_FP32_original_batch_present,canonical_letterbox_valid,3d99874f14ae5f316eec36e21141043d75bd4fd17ccfb31e3174198dee269596,3c71444be99a7d36755130a0ddc54f44b6155fe9b7e90507ad853324a790092b,0.332279771566391,complete_logit_interpolation,0,7077888,0.9636616323803918,0,465541,0.06577399924949363,e8f2e646a008552bc55a1c0a642aa61636a84d621f25974bbf1c735007fa0981,RSI-TailProbe-20261004,0.9033164801134018,496641,0.07016796535915798,2,5b30c7bf11659747a0a01235,0.0,0,0.0,U-Mean-logit-alpha-0.000000,17,ISIC_0021837_A09_T1_S1_5b30c7bf11659747a0a01235.png,S1,0.6606918573379517,0.6607404101455696,T1,val,H,1703ca22a1c39afeca05ffd0c12fe01606f41d5af81442d20102f130cc2ca491,d67353b51c7f853c45c0fad75d4336d0d442799627d3e648686eb70a497ad029,0.8735605325980708,T1,448624
0.0,0.0,0.0,,A00,0.039975184947252274,0.038962963874548916,0.293073378712555,0.10440229360672403,0.7271478100580904,0,5ca3f9fed2a631d522b1bd5334bde7efb3613c82a3aa714d8ae5da962737af8c,0.039975184947252274,0.0815621092915535,0.0,0.0815621092915535,0.876850962638855,0.0,0.0,02fc8095c431dfc5451811632a802997c5ba97593e8a98ad29eaf0d9e1211df4,complete_update,3840.0,0.8920054770601994,0.8920054770601994,0.8780766158177046,0,0,0,122959,0,0,0.0,0.0,0.0,-0.013928861242494817,0.013928861242494817,52b1d8565de1e8d2acca1ef76c2c60d1e4dc93ad3f0d6e76e98110362bd2a341,ISIC_0021930,0,117.00384608360703,0.030469751584272665,ISIC_0021932,40e1c762ebcb741dd6946e6d62fa4114d47e9eeb235e3dc107e9401082de9e22,0.8050630744035399,0.8050630744035399,0.0,0.0,0.0815621092915535,0.0815621092915535,0.0804069180419273,0.0804069180419273,cuda_FP32_original_batch_present,canonical_letterbox_valid,3d99874f14ae5f316eec36e21141043d75bd4fd17ccfb31e3174198dee269596,5b5d5e26f3bbf958f7664241fa92c34c81f87afd4fcbed5c0c9ad2ba3761068f,0.3410578966140747,complete_logit_interpolation,0,7077888,0.8050630744035399,0,630763,0.08911740338360821,c07f5328a40bd22444f4b367eb6c161fe78235ea2762a4179abd6c08dd6743d9,RSI-TailProbe-20261004,1.0,507804,0.07174513075086805,2,5b2bd5831165973263580318,0.0,0,0.0,U-Mean-logit-alpha-0.000000,17,ISIC_0021932_A00_T2_S1_5b2bd5831165973263580318.png,S1,0.876850962638855,0.8781491277906943,T2,val,H,1703ca22a1c39afeca05ffd0c12fe01606f41d5af81442d20102f130cc2ca491,d67353b51c7f853c45c0fad75d4336d0d442799627d3e648686eb70a497ad029,0.8050630744035399,T2,507804
0.0,0.0,0.0,,A09,0.12857042253017426,0.12834423614445237,0.11478711775074242,0.052584847400575147,0.27844210234302114,0,5ca3f9fed2a631d522b1bd5334bde7efb3613c82a3aa714d8ae5da962737af8c,0.12857042253017426,0.1569405496120453,0.0,0.1569405496120453,0.8146893382072449,0.0,0.0,02fc8095c431dfc5451811632a802997c5ba97593e8a98ad29eaf0d9e1211df4,complete_update,3840.0,0.8221961668134184,0.8221961668134184,0.8358500848364917,272811,0,0,0,0,0,0.0,0.0,0.0,0.013653918023073253,-0.013653918023073253,52b1d8565de1e8d2acca1ef76c2c60d1e4dc93ad3f0d6e76e98110362bd2a341,ISIC_0021930,0,182.19326249746894,0.04744616210871587,ISIC_0021932,40e1c762ebcb741dd6946e6d62fa4114d47e9eeb235e3dc107e9401082de9e22,0.6980756418400706,0.6980756418400706,0.0,0.0,0.1569405496120453,0.1569405496120453,0.156944557121161,0.156944557121161,cuda_FP32_original_batch_present,canonical_letterbox_valid,3d99874f14ae5f316eec36e21141043d75bd4fd17ccfb31e3174198dee269596,5700d820869df764a3e2074d9796612893a8ead10ed6a766d25ab6a367e8d79c,0.3410578966140747,complete_logit_interpolation,0,7077888,1.0,0,630763,0.08911740338360821,c07f5328a40bd22444f4b367eb6c161fe78235ea2762a4179abd6c08dd6743d9,RSI-TailProbe-20261004,0.6980756418400706,903574,0.12766152841073494,2,5b30c78911659747a0a01231,0.0,0,0.0,U-Mean-logit-alpha-0.000000,17,ISIC_0021932_A09_T1_S1_5b30c78911659747a0a01231.png,S1,0.8146893382072449,0.8144551219021303,T1,val,H,1703ca22a1c39afeca05ffd0c12fe01606f41d5af81442d20102f130cc2ca491,d67353b51c7f853c45c0fad75d4336d0d442799627d3e648686eb70a497ad029,0.6980756418400706,T1,630763
0.0,0.0,0.0,,A00,0.40677642822265625,0.40681198527836643,0.0,0.0,0.0737267440815672,0,5ca3f9fed2a631d522b1bd5334bde7efb3613c82a3aa714d8ae5da962737af8c,0.40677642822265625,0.4147889018058777,0.0,0.4147889018058777,0.5771986246109009,0.0,0.0,02fc8095c431dfc5451811632a802997c5ba97593e8a98ad29eaf0d9e1211df4,complete_update,3235.206330359781,0.6884446899493234,0.6884446899493234,0.6783985462994683,0,0,0,906940,0,0,0.0,0.0,0.0,-0.010046143649855122,0.010046143649855122,01851333cfee1e490daf7b30242ee71af7ce50b6e909c04df2e8d9db6e42748f,ISIC_0022662,0,509.411620116506,0.15745877328938562,ISIC_0022662,1eba6cf55ee347cfe14b0f15bfa742012782688ad32d4003404da356bc25da71,0.5249070966917307,0.5249070966917307,0.0,0.0,0.4147889018058777,0.4147889018058777,0.41481547900430904,0.41481547900430904,cuda_FP32_original_batch_present,canonical_letterbox_valid,3d99874f14ae5f316eec36e21141043d75bd4fd17ccfb31e3174198dee269596,565e68cb737c0cb9a25031c41b7ecc7210c1d98b49c7c0d0cb5dca891a57923f,0.38351279497146606,complete_logit_interpolation,0,5018112,0.5249070966917307,0,1908974,0.3804167782624222,01f39a1db8bd5d0e79b2d7f05e4d4bdca5f76bccb76a2e1573f0712a257fd208,RSI-TailProbe-20261004,1.0,1002034,0.19968346661054995,2,5b2bd5fa1165973263580411,0.0,0,0.0,U-Mean-logit-alpha-0.000000,17,ISIC_0022662_A00_T2_S1_5b2bd5fa1165973263580411.png,S1,0.5771986246109009,0.5771810272697483,T2,val,H,1703ca22a1c39afeca05ffd0c12fe01606f41d5af81442d20102f130cc2ca491,d67353b51c7f853c45c0fad75d4336d0d442799627d3e648686eb70a497ad029,0.0,T2,1002034
0.0,0.0,0.0,,A03,0.3182387948036194,0.3181255670656919,0.16341387468549223,0.09139626206855826,0.2360328804452057,0,5ca3f9fed2a631d522b1bd5334bde7efb3613c82a3aa714d8ae5da962737af8c,0.3182387948036194,0.3232606053352356,0.0,0.3232606053352356,0.6717175841331482,0.0,0.0,02fc8095c431dfc5451811632a802997c5ba97593e8a98ad29eaf0d9e1211df4,complete_update,3235.206330359781,0.8243478345003245,0.8243478345003245,0.8146608509721311,35182,0,0,545764,0,0,0.0,0.0,0.0,-0.009686983528193305,0.009686983528193305,01851333cfee1e490daf7b30242ee71af7ce50b6e909c04df2e8d9db6e42748f,ISIC_0022662,0,291.247317584214,0.0900243409055845,ISIC_0022662,1eba6cf55ee347cfe14b0f15bfa742012782688ad32d4003404da356bc25da71,0.7011834441269116,0.7011834441269116,0.0,0.0,0.3232606053352356,0.3232606053352356,0.32312964715758297,0.32312964715758297,cuda_FP32_original_batch_present,canonical_letterbox_valid,3d99874f14ae5f316eec36e21141043d75bd4fd17ccfb31e3174198dee269596,a279f93c1e4ffd8a50ed37b775abb9cba9202e481ae2c51b247a01cea0b028a3,0.38351279497146606,complete_logit_interpolation,0,5018112,0.7141061114504441,0,1908974,0.3804167782624222,01f39a1db8bd5d0e79b2d7f05e4d4bdca5f76bccb76a2e1573f0712a257fd208,RSI-TailProbe-20261004,0.9748411032099726,1398392,0.2786689495969799,2,5b30bfbc11659747a0a011e4,0.0,0,0.0,U-Mean-logit-alpha-0.000000,17,ISIC_0022662_A03_T1_S1_5b30bfbc11659747a0a011e4.png,S1,0.6717175841331482,0.6718662727505259,T1,val,H,1703ca22a1c39afeca05ffd0c12fe01606f41d5af81442d20102f130cc2ca491,d67353b51c7f853c45c0fad75d4336d0d442799627d3e648686eb70a497ad029,0.7011834441269116,T1,1363210
0.0,0.0,0.0,,A00,0.044854745268821716,0.04435606138254745,0.45415289103126877,0.19746500680933304,0.9345670231051874,0,5ca3f9fed2a631d522b1bd5334bde7efb3613c82a3aa714d8ae5da962737af8c,0.044854745268821716,0.06367602199316025,0.0,0.06367602199316025,0.9175027012825012,0.0,0.0,02fc8095c431dfc5451811632a802997c5ba97593e8a98ad29eaf0d9e1211df4,complete_update,3840.0,0.9621063364560988,0.9621063364560988,0.9589613596788733,6044,0,0,96603,0,0,0.0,0.0,0.0,-0.003144976777225472,0.003144976777225472,52b1d8565de1e8d2acca1ef76c2c60d1e4dc93ad3f0d6e76e98110362bd2a341,ISIC_0023625,0,40.51295917808286,0.010550249785959078,ISIC_0023628,04a0d32640ada699d0198665365609bb2477e404170e37f837b074289f221b9c,0.9269796803373616,0.9269796803373616,0.0,0.0,0.06367602199316025,0.06367602199316025,0.06335845647522625,0.06335845647522625,cuda_FP32_original_batch_present,canonical_letterbox_valid,3d99874f14ae5f316eec36e21141043d75bd4fd17ccfb31e3174198dee269596,ee41959b3176a01db7d113cc1455423dd3393cfdfedc2a0de5c8f347c2004811,0.4165475368499756,complete_logit_interpolation,0,7077888,0.9309824760946726,0,1399688,0.1977550365306713,2ed844422688a818c455ef056fc8d6d667c3cb3ac2a7e0104a3def6190feb9eb,RSI-TailProbe-20261004,0.9953831898919052,1309129,0.18496040061668115,3,5b2bd7931165976d8f829d9c,0.0,0,0.0,U-Mean-logit-alpha-0.000000,17,ISIC_0023628_A00_T2_S1_5b2bd7931165976d8f829d9c.png,S1,0.9175027012825012,0.9176391484320949,T2,val,H,1703ca22a1c39afeca05ffd0c12fe01606f41d5af81442d20102f130cc2ca491,d67353b51c7f853c45c0fad75d4336d0d442799627d3e648686eb70a497ad029,0.9269796803373616,T2,1303085
0.0,0.0,0.0,,A09,0.37823987007141113,0.37767176841288713,0.39124211948772813,0.23632475422069305,0.5531771511881223,0,5ca3f9fed2a631d522b1bd5334bde7efb3613c82a3aa714d8ae5da962737af8c,0.37823987007141113,0.3106996715068817,0.0,0.3106996715068817,0.7568405270576477,0.0,0.0,02fc8095c431dfc5451811632a802997c5ba97593e8a98ad29eaf0d9e1211df4,complete_update,3840.0,0.7612542536485218,0.7612542536485218,0.7658290329453361,875647,0,0,1412,0,0,0.0,0.0,0.0,0.004574779296814269,-0.004574779296814269,52b1d8565de1e8d2acca1ef76c2c60d1e4dc93ad3f0d6e76e98110362bd2a341,ISIC_0023625,0,839.4694753235522,0.21861184253217505,ISIC_0023628,04a0d32640ada699d0198665365609bb2477e404170e37f837b074289f221b9c,0.6145363210252556,0.6145363210252556,0.0,0.0,0.3106996715068817,0.3106996715068817,0.3103321516789256,0.3103321516789256,cuda_FP32_original_batch_present,canonical_letterbox_valid,3d99874f14ae5f316eec36e21141043d75bd4fd17ccfb31e3174198dee269596,63cacc5d83027f47b8d3350b590aedef77c993b37d4b62687168be6fcf7189f0,0.4165475368499756,complete_logit_interpolation,0,7077888,0.9989912037539794,0,1399688,0.1977550365306713,2ed844422688a818c455ef056fc8d6d667c3cb3ac2a7e0104a3def6190feb9eb,RSI-TailProbe-20261004,0.6149179193842536,2273923,0.321271401864511,3,5b3106cf11659747a0a012e8,0.0,0,0.0,U-Mean-logit-alpha-0.000000,17,ISIC_0023628_A09_T1_S1_5b3106cf11659747a0a012e8.png,S1,0.7568405270576477,0.757007465055036,T1,val,H,1703ca22a1c39afeca05ffd0c12fe01606f41d5af81442d20102f130cc2ca491,d67353b51c7f853c45c0fad75d4336d0d442799627d3e648686eb70a497ad029,0.0,T1,1398276
0.0,0.0,0.0,,A03,0.47159281373023987,0.46848046409199023,0.21397827201120478,0.09463239844169412,0.41017315882303673,0,5ca3f9fed2a631d522b1bd5334bde7efb3613c82a3aa714d8ae5da962737af8c,0.47159281373023987,0.3721200227737427,0.0,0.3721200227737427,0.7273527979850769,0.0,0.0,02fc8095c431dfc5451811632a802997c5ba97593e8a98ad29eaf0d9e1211df4,complete_update,3840.0,0.7263547307404783,0.7263547307404783,0.7312767383790618,1054529,0,0,58,0,0,0.0,0.0,0.0,0.004922007638583525,-0.004922007638583525,52b1d8565de1e8d2acca1ef76c2c60d1e4dc93ad3f0d6e76e98110362bd2a341,ISIC_0023625,0,904.5982533699697,0.23557246181509628,ISIC_0023628,04a0d32640ada699d0198665365609bb2477e404170e37f837b074289f221b9c,0.5702959436757222,0.5702959436757222,0.0,0.0,0.3721200227737427,0.3721200227737427,0.37013043331684603,0.37013043331684603,cuda_FP32_original_batch_present,canonical_letterbox_valid,3d99874f14ae5f316eec36e21141043d75bd4fd17ccfb31e3174198dee269596,eed7b1aee512d45e17275cccd0d2c24fa311ca8dcca17678417dd5c0f16793fb,0.4165475368499756,complete_logit_interpolation,0,7077888,0.9999585621938604,0,1399688,0.1977550365306713,2ed844422688a818c455ef056fc8d6d667c3cb3ac2a7e0104a3def6190feb9eb,RSI-TailProbe-20261004,0.5703094216796875,2454159,0.3467360602484809,3,5b3106f211659747a0a012eb,0.0,0,0.0,U-Mean-logit-alpha-0.000000,17,ISIC_0023628_A03_T1_S1_5b3106f211659747a0a012eb.png,S1,0.7273527979850769,0.7282195974582982,T1,val,H,1703ca22a1c39afeca05ffd0c12fe01606f41d5af81442d20102f130cc2ca491,d67353b51c7f853c45c0fad75d4336d0d442799627d3e648686eb70a497ad029,0.0,T1,1399630
0.0,0.0,0.0,,A08,0.8427826762199402,0.8424133841535529,0.10585750052159398,0.07848616282193989,0.1440636895624865,0,5ca3f9fed2a631d522b1bd5334bde7efb3613c82a3aa714d8ae5da962737af8c,0.8427826762199402,0.7238600850105286,0.0,0.7238600850105286,0.39506250619888306,0.0,0.0,02fc8095c431dfc5451811632a802997c5ba97593e8a98ad29eaf0d9e1211df4,complete_update,3840.0,0.39453557943380985,0.39453557943380985,0.3988856607869933,1029970,0,0,1412,0,0,0.0,0.0,0.0,0.004350081353183433,-0.004350081353183433,52b1d8565de1e8d2acca1ef76c2c60d1e4dc93ad3f0d6e76e98110362bd2a341,ISIC_0036170,0,474.63353830718825,0.1236024839341636,ISIC_0036170,ac25a04e6204ffcd4f02b5fff8ba35ee0f43ccb2460ffb44315680a8a83f2ea8,0.24574545183297877,0.24574545183297877,0.0,0.0,0.7238600850105286,0.7238600850105286,0.7237535571222082,0.7237535571222082,cuda_FP32_original_batch_present,canonical_letterbox_valid,3d99874f14ae5f316eec36e21141043d75bd4fd17ccfb31e3174198dee269596,0953540fb7660c0a062a06ca3c32c437e75e55d53b4c25ae356f3f4f0e776e65,0.3444285988807678,complete_logit_interpolation,0,7077888,0.9958156639966336,0,337449,0.04767651028103299,abcd06918821b1b240426054d4ca01c94c5d333268b8f8415036251bbd0e834f,RSI-TailProbe-20261004,0.24599947145219608,1366007,0.19299641361942999,2,5b2d3274116597169d551a35,0.0,0,0.0,U-Mean-logit-alpha-0.000000,17,ISIC_0036170_A08_T1_S1_5b2d3274116597169d551a35.png,S1,0.39506250619888306,0.39490626990913663,T1,val,H,1703ca22a1c39afeca05ffd0c12fe01606f41d5af81442d20102f130cc2ca491,d67353b51c7f853c45c0fad75d4336d0d442799627d3e648686eb70a497ad029,0.0,T1,336037
0.0,0.0,0.0,,A03,0.2159450799226761,0.2146196172525947,0.03168149706319591,0.016773966803520935,0.056416097007755704,0,5ca3f9fed2a631d522b1bd5334bde7efb3613c82a3aa714d8ae5da962737af8c,0.2159450799226761,0.3354729115962982,0.0,0.3354729115962982,0.5449992418289185,0.0,0.0,02fc8095c431dfc5451811632a802997c5ba97593e8a98ad29eaf0d9e1211df4,complete_update,3840.0,0.5440257196974909,0.5440257196974909,0.5520753244797715,297481,0,0,100207,0,0,0.0,0.0,0.0,0.008049604782280562,-0.008049604782280562,52b1d8565de1e8d2acca1ef76c2c60d1e4dc93ad3f0d6e76e98110362bd2a341,ISIC_0036170,0,336.1892962017429,0.08754929588587054,ISIC_0036170,ac25a04e6204ffcd4f02b5fff8ba35ee0f43ccb2460ffb44315680a8a83f2ea8,0.37365063865307985,0.37365063865307985,0.0,0.0,0.3354729115962982,0.3354729115962982,0.3344750397118782,0.3344750397118782,cuda_FP32_original_batch_present,canonical_letterbox_valid,3d99874f14ae5f316eec36e21141043d75bd4fd17ccfb31e3174198dee269596,4a8d4b16b0a85a5e448ec83bb9ddd0bd2d211cf913eb9eda9682e65adad42be1,0.3444285988807678,complete_logit_interpolation,0,7077888,0.7030454972455097,0,337449,0.04767651028103299,abcd06918821b1b240426054d4ca01c94c5d333268b8f8415036251bbd0e834f,RSI-TailProbe-20261004,0.44367270530723385,534723,0.07554838392469618,2,5b30111a11659747a0a00fd8,0.0,0,0.0,U-Mean-logit-alpha-0.000000,17,ISIC_0036170_A03_T1_S1_5b30111a11659747a0a00fd8.png,S1,0.5449992418289185,0.5456695378288383,T1,val,H,1703ca22a1c39afeca05ffd0c12fe01606f41d5af81442d20102f130cc2ca491,d67353b51c7f853c45c0fad75d4336d0d442799627d3e648686eb70a497ad029,0.0,T1,237242
0.0,0.0,0.0,,A04,0.42084941267967224,0.42073277379515783,0.17938774684597736,0.1434033817182641,0.26573833406836755,0,5ca3f9fed2a631d522b1bd5334bde7efb3613c82a3aa714d8ae5da962737af8c,0.42084941267967224,0.28265100717544556,0.0,0.28265100717544556,0.8555474281311035,0.0,0.0,02fc8095c431dfc5451811632a802997c5ba97593e8a98ad29eaf0d9e1211df4,complete_update,1280.0,0.8695716303476192,0.8695716303476192,0.8594536108320249,138843,0,0,872,0,0,0.0,0.0,0.0,-0.010118019515594323,0.010118019515594323,16ba82c3443a91e7ff00c064a383f9a34c4a1ca7442e3e16be9e626b3f183f98,ISIC_0000289,0,179.3599732381782,0.14012497909232674,ISIC_0000289,a78a9a57019cc68d833e9ee87a54eb3463cfbef75aa1f192f23f52367d17cc3e,0.7692408061335386,0.7692408061335386,0.0,0.0,0.28265100717544556,0.28265100717544556,0.2825367467459698,0.2825367467459698,cuda_FP32_original_batch_present,canonical_letterbox_valid,3d99874f14ae5f316eec36e21141043d75bd4fd17ccfb31e3174198dee269596,da43b286fce51235de531f5bb8c4ea5fe6389d47f430fc09e398ee4fa8f2cc64,0.4589332938194275,complete_logit_interpolation,0,786432,0.9981312216709707,0,466615,0.5933316548665365,80d881745bfcc0788e4d5acc0637f121e58cc247d8cc0cd15ad962af95cecb7b,RSI-TailProbe-20261004,0.7703502892888687,604586,0.7687708536783854,3,5457ada9bae47821f8802169,0.0,0,0.0,U-Mean-logit-alpha-0.000000,17,ISIC_0000289_A04_T1_S1_5457ada9bae47821f8802169.png,S1,0.8555474281311035,0.8556592803032183,T1,val,T1,1703ca22a1c39afeca05ffd0c12fe01606f41d5af81442d20102f130cc2ca491,d67353b51c7f853c45c0fad75d4336d0d442799627d3e648686eb70a497ad029,0.7692408061335386,T1,465743
0.0,0.0,0.0,,A03,0.8640730381011963,0.8588093360922887,0.14173647407972345,0.03570909571305899,0.16471879580964638,0,5ca3f9fed2a631d522b1bd5334bde7efb3613c82a3aa714d8ae5da962737af8c,0.8640730381011963,0.5377879738807678,0.0,0.5377879738807678,0.7884970903396606,0.0,0.0,02fc8095c431dfc5451811632a802997c5ba97593e8a98ad29eaf0d9e1211df4,complete_update,1280.0,0.7922689184978204,0.7922689184978204,0.7837573850284606,238770,0,0,3884,0,0,0.0,0.0,0.0,-0.008511533469359844,0.008511533469359844,16ba82c3443a91e7ff00c064a383f9a34c4a1ca7442e3e16be9e626b3f183f98,ISIC_0000289,0,215.45950349132633,0.16832773710259868,ISIC_0000289,a78a9a57019cc68d833e9ee87a54eb3463cfbef75aa1f192f23f52367d17cc3e,0.6559977884417729,0.6559977884417729,0.0,0.0,0.5377879738807678,0.5377879738807678,0.5348285208925299,0.5348285208925299,cuda_FP32_original_batch_present,canonical_letterbox_valid,3d99874f14ae5f316eec36e21141043d75bd4fd17ccfb31e3174198dee269596,197a2cfe96ca395a7500851e2c4b77800a47990d26873796cf8d13ecba02681b,0.4589332938194275,complete_logit_interpolation,0,786432,0.9916762212959291,0,466615,0.5933316548665365,80d881745bfcc0788e4d5acc0637f121e58cc247d8cc0cd15ad962af95cecb7b,RSI-TailProbe-20261004,0.6596298508483951,701501,0.892004648844401,3,57be0a7d9fc3c1434763a325,0.0,0,0.0,U-Mean-logit-alpha-0.000000,17,ISIC_0000289_A03_T1_S1_57be0a7d9fc3c1434763a325.png,S1,0.7884970903396606,0.7891522943072291,T1,val,T1,1703ca22a1c39afeca05ffd0c12fe01606f41d5af81442d20102f130cc2ca491,d67353b51c7f853c45c0fad75d4336d0d442799627d3e648686eb70a497ad029,0.6559977884417729,T1,462731
0.0,0.0,0.0,,A02,0.2326023131608963,0.2328638987237891,0.08883255624462451,0.04550571030222279,0.28033087839762727,0,5ca3f9fed2a631d522b1bd5334bde7efb3613c82a3aa714d8ae5da962737af8c,0.2326023131608963,0.17034676671028137,0.0,0.17034676671028137,0.8919087648391724,0.0,0.0,02fc8095c431dfc5451811632a802997c5ba97593e8a98ad29eaf0d9e1211df4,complete_update,1280.0,0.9129233079768743,0.9129233079768743,0.904094623501572,84216,0,0,4029,0,0,0.0,0.0,0.0,-0.008828684475302273,0.008828684475302273,16ba82c3443a91e7ff00c064a383f9a34c4a1ca7442e3e16be9e626b3f183f98,ISIC_0000289,0,94.55210175953094,0.07386882949963355,ISIC_0000289,a78a9a57019cc68d833e9ee87a54eb3463cfbef75aa1f192f23f52367d17cc3e,0.8397965982306733,0.8397965982306733,0.0,0.0,0.17034676671028137,0.17034676671028137,0.17053420178820283,0.17053420178820283,cuda_FP32_original_batch_present,canonical_letterbox_valid,3d99874f14ae5f316eec36e21141043d75bd4fd17ccfb31e3174198dee269596,3cc64df001b992d7600ebcc72898f4b6e30eb35daa935b8ce173fea1e350dfc4,0.4589332938194275,complete_logit_interpolation,0,786432,0.9913654726058957,0,466615,0.5933316548665365,80d881745bfcc0788e4d5acc0637f121e58cc247d8cc0cd15ad962af95cecb7b,RSI-TailProbe-20261004,0.8459844696983552,546802,0.6952946980794271,3,57c04cae9fc3c158f2bd0e30,0.0,0,0.0,U-Mean-logit-alpha-0.000000,17,ISIC_0000289_A02_T1_S1_57c04cae9fc3c158f2bd0e30.png,S1,0.8919087648391724,0.8917954951473834,T1,val,T1,1703ca22a1c39afeca05ffd0c12fe01606f41d5af81442d20102f130cc2ca491,d67353b51c7f853c45c0fad75d4336d0d442799627d3e648686eb70a497ad029,0.8397965982306733,T1,462586
0.0,0.0,0.0,,A03,0.3136821687221527,0.3143566320900976,0.0348773811487671,0.011908656677353921,0.08127828332734999,0,5ca3f9fed2a631d522b1bd5334bde7efb3613c82a3aa714d8ae5da962737af8c,0.3136821687221527,0.22800709307193756,0.0,0.22800709307193756,0.8576679825782776,0.0,0.0,02fc8095c431dfc5451811632a802997c5ba97593e8a98ad29eaf0d9e1211df4,complete_update,1093.5890452999245,0.8803314580964351,0.8803314580964351,0.8583996712667206,92791,0,0,3187,0,0,0.0,0.0,0.0,-0.021931786829714528,0.021931786829714528,8cf189b315d729c56f5a3e78a4af88f3d74b9778c6aa779dab25393db4d05f87,ISIC_0000547,0,71.2066808110872,0.06511283293950541,ISIC_0000547,bbc6dcbce4c18f7b4cfc085b716d0638760c42d5bc9e157fedc501582ddfc98f,0.7862429148895892,0.7862429148895892,0.0,0.0,0.22800709307193756,0.22800709307193756,0.22842261166518354,0.22842261166518354,cuda_FP32_original_batch_present,canonical_letterbox_valid,3d99874f14ae5f316eec36e21141043d75bd4fd17ccfb31e3174198dee269596,24dbc45836b932ca4fe4ec66b835c8df79c94dc05ab27b750b7c2bdc81a757d8,0.5196767449378967,complete_logit_interpolation,0,592456,0.9910531309830607,0,356214,0.6012497130588601,657919d98aae3a0135cf18a0079acca6ab19892016f76664f2077318987a3d59,RSI-TailProbe-20261004,0.791863495866026,445818,0.7524913242502397,2,57be109d9fc3c1434763a335,0.0,0,0.0,U-Mean-logit-alpha-0.000000,17,ISIC_0000547_A03_T1_S1_57be109d9fc3c1434763a335.png,S1,0.8576679825782776,0.8575114087597305,T1,val,T1,1703ca22a1c39afeca05ffd0c12fe01606f41d5af81442d20102f130cc2ca491,d67353b51c7f853c45c0fad75d4336d0d442799627d3e648686eb70a497ad029,0.7862429148895892,T1,353027
0.0,0.0,0.0,,A02,0.2623580992221832,0.2624553486272085,0.2735253909031358,0.12723545772341818,0.45076867238742124,0,5ca3f9fed2a631d522b1bd5334bde7efb3613c82a3aa714d8ae5da962737af8c,0.2623580992221832,0.20790834724903107,0.0,0.20790834724903107,0.8465414047241211,0.0,0.0,02fc8095c431dfc5451811632a802997c5ba97593e8a98ad29eaf0d9e1211df4,complete_update,1093.5890452999245,0.8958647924830915,0.8958647924830915,0.9050789737459766,8653,0,0,60171,0,0,0.0,0.0,0.0,0.00921418126288509,-0.00921418126288509,8cf189b315d729c56f5a3e78a4af88f3d74b9778c6aa779dab25393db4d05f87,ISIC_0000547,0,102.53292154230269,0.0937581827314138,ISIC_0000547,bbc6dcbce4c18f7b4cfc085b716d0638760c42d5bc9e157fedc501582ddfc98f,0.8113723630802456,0.8113723630802456,0.0,0.0,0.20790834724903107,0.20790834724903107,0.20798494075514043,0.20798494075514043,cuda_FP32_original_batch_present,canonical_letterbox_valid,3d99874f14ae5f316eec36e21141043d75bd4fd17ccfb31e3174198dee269596,94a47fd169de6358d6e168cea54157c4080770457299e0942d68be2fade0954c,0.5196767449378967,complete_logit_interpolation,0,592456,0.8310818777476461,0,356214,0.6012497130588601,657919d98aae3a0135cf18a0079acca6ab19892016f76664f2077318987a3d59,RSI-TailProbe-20261004,0.9716012025100428,304696,0.514293044546768,2,57c04fc49fc3c158f2bd0e40,0.0,0,0.0,U-Mean-logit-alpha-0.000000,17,ISIC_0000547_A02_T1_S1_57c04fc49fc3c158f2bd0e40.png,S1,0.8465414047241211,0.8464854671169276,T1,val,T1,1703ca22a1c39afeca05ffd0c12fe01606f41d5af81442d20102f130cc2ca491,d67353b51c7f853c45c0fad75d4336d0d442799627d3e648686eb70a497ad029,0.8113723630802456,T1,296043
0.0,0.0,0.0,,A06,0.05116673558950424,0.051159943613258825,0.4287266664445746,0.2027787415709997,0.643807936908186,0,5ca3f9fed2a631d522b1bd5334bde7efb3613c82a3aa714d8ae5da962737af8c,0.05116673558950424,0.1390722244977951,0.0,0.1390722244977951,0.7730222940444946,0.0,0.0,02fc8095c431dfc5451811632a802997c5ba97593e8a98ad29eaf0d9e1211df4,complete_update,3634.3956856677014,0.820009970388491,0.820009970388491,0.8554895626373511,125641,0,0,6503,0,0,0.0,0.0,0.0,0.0354795922488601,-0.0354795922488601,3cc4737d57e0e3d5a714ac61021ca624e19851ad5b3ab232fe26911cc638021f,ISIC_0002412,0,224.03950011061303,0.0616442235483925,ISIC_0002412,f23e437c0acdadaccda922e7df793169501d8fc4ac680e438c049e75438c073e,0.6949295755138414,0.6949295755138414,0.0,0.0,0.1390722244977951,0.1390722244977951,0.13906965524252202,0.13906965524252202,cuda_FP32_original_batch_present,canonical_letterbox_valid,3d99874f14ae5f316eec36e21141043d75bd4fd17ccfb31e3174198dee269596,a0ef62029ac6d98583b30c66bf7fb7ea72ccbb566c03f78edcd3a1bdce84426a,0.4003116488456726,complete_logit_interpolation,0,6096384,0.978853270377669,0,307518,0.050442688649533884,607f7e30f816fc4b42dba691a0fbc7a9ff5d8b70c63cc68c6417833204270bc5,RSI-TailProbe-20261004,0.7055215442886072,426656,0.06998509280255312,2,54ee1fb1bae47871b5e03317,0.0,0,0.0,U-Mean-logit-alpha-0.000000,17,ISIC_0002412_A06_T1_S1_54ee1fb1bae47871b5e03317.png,S1,0.7730222940444946,0.7730206331282148,T1,val,T1,1703ca22a1c39afeca05ffd0c12fe01606f41d5af81442d20102f130cc2ca491,d67353b51c7f853c45c0fad75d4336d0d442799627d3e648686eb70a497ad029,0.6949295755138414,T1,301015
0.0,0.0,0.0,,A04,0.171120285987854,0.17112994842677312,0.07940684371127125,0.04899683210137276,0.1854942567235893,0,5ca3f9fed2a631d522b1bd5334bde7efb3613c82a3aa714d8ae5da962737af8c,0.171120285987854,0.26729315519332886,0.0,0.26729315519332886,0.6365339756011963,0.0,0.0,02fc8095c431dfc5451811632a802997c5ba97593e8a98ad29eaf0d9e1211df4,complete_update,3634.3956856677014,0.6500582466693495,0.6500582466693495,0.6847145259986173,329830,0,0,606,0,0,0.0,0.0,0.0,0.034656279329267736,-0.034656279329267736,3cc4737d57e0e3d5a714ac61021ca624e19851ad5b3ab232fe26911cc638021f,ISIC_0002412,0,273.0203288502324,0.07512124503308555,ISIC_0002412,f23e437c0acdadaccda922e7df793169501d8fc4ac680e438c049e75438c073e,0.48154540376685895,0.48154540376685895,0.0,0.0,0.26729315519332886,0.26729315519332886,0.26745359951902586,0.26745359951902586,cuda_FP32_original_batch_present,canonical_letterbox_valid,3d99874f14ae5f316eec36e21141043d75bd4fd17ccfb31e3174198dee269596,de6e8a18c03c6d721513c5c504ec5d231e7cc26cb438678df7bef6a026686450,0.4003116488456726,complete_logit_interpolation,0,6096384,0.9980293836458354,0,307518,0.050442688649533884,607f7e30f816fc4b42dba691a0fbc7a9ff5d8b70c63cc68c6417833204270bc5,RSI-TailProbe-20261004,0.482003700085749,636742,0.10444584855547157,2,54ee1fb5bae47871b5e0331d,0.0,0,0.0,U-Mean-logit-alpha-0.000000,17,ISIC_0002412_A04_T1_S1_54ee1fb5bae47871b5e0331d.png,S1,0.6365339756011963,0.6362227493887214,T1,val,T1,1703ca22a1c39afeca05ffd0c12fe01606f41d5af81442d20102f130cc2ca491,d67353b51c7f853c45c0fad75d4336d0d442799627d3e648686eb70a497ad029,0.0,T1,306912
0.0,0.0,0.0,,A02,0.03356306627392769,0.03296920865532354,0.20116697096869315,0.10349525473564299,0.5820148098780615,0,5ca3f9fed2a631d522b1bd5334bde7efb3613c82a3aa714d8ae5da962737af8c,0.03356306627392769,0.0830400213599205,0.0,0.0830400213599205,0.8674830198287964,0.0,0.0,02fc8095c431dfc5451811632a802997c5ba97593e8a98ad29eaf0d9e1211df4,complete_update,3634.3956856677014,0.8702404976456406,0.8702404976456406,0.861240464463694,58449,0,0,0,0,0,0.0,0.0,0.0,-0.009000033181946643,0.009000033181946643,3cc4737d57e0e3d5a714ac61021ca624e19851ad5b3ab232fe26911cc638021f,ISIC_0003185,0,69.41960434162182,0.019100728249094936,ISIC_0003185,7655a7f0830a66c4ec3da47b067a67695d12e02789513e4571cf7da761428774,0.77028827447975,0.77028827447975,0.0,0.0,0.0830400213599205,0.0830400213599205,0.08262435533910148,0.08262435533910148,cuda_FP32_original_batch_present,canonical_letterbox_valid,3d99874f14ae5f316eec36e21141043d75bd4fd17ccfb31e3174198dee269596,d0777ed7fd71cdc90b923f2940d3dd147a6bf6593372ccc97615a6ad3bfd4656,0.4603344202041626,complete_logit_interpolation,0,6096384,1.0,0,195996,0.032149549634668685,03921d44dff66e51683ff15c6907813f85ae5012d120a202b477cf842dc9329c,RSI-TailProbe-20261004,0.77028827447975,254445,0.04173703624968506,2,55f1bf829fc3c1423f77e17a,0.0,0,0.0,U-Mean-logit-alpha-0.000000,17,ISIC_0003185_A02_T1_S1_55f1bf829fc3c1423f77e17a.png,S1,0.8674830198287964,0.8677204979771206,T1,val,T1,1703ca22a1c39afeca05ffd0c12fe01606f41d5af81442d20102f130cc2ca491,d67353b51c7f853c45c0fad75d4336d0d442799627d3e648686eb70a497ad029,0.77028827447975,T1,195996
0.0,0.0,0.0,,A05,0.017829058691859245,0.017554942228478015,0.38200284926925593,0.12705353367640537,0.782334338254526,0,5ca3f9fed2a631d522b1bd5334bde7efb3613c82a3aa714d8ae5da962737af8c,0.017829058691859245,0.06280112266540527,0.0,0.06280112266540527,0.8922268152236938,0.0,0.0,02fc8095c431dfc5451811632a802997c5ba97593e8a98ad29eaf0d9e1211df4,complete_update,3634.3956856677014,0.898896935183732,0.898896935183732,0.9080234612074822,454,0,0,35622,0,0,0.0,0.0,0.0,0.009126526023750192,-0.009126526023750192,3cc4737d57e0e3d5a714ac61021ca624e19851ad5b3ab232fe26911cc638021f,ISIC_0003185,0,48.487072078579,0.013341164879154066,ISIC_0003185,7655a7f0830a66c4ec3da47b067a67695d12e02789513e4571cf7da761428774,0.8163603970475948,0.8163603970475948,0.0,0.0,0.06280112266540527,0.06280112266540527,0.06279256124899858,0.06279256124899858,cuda_FP32_original_batch_present,canonical_letterbox_valid,3d99874f14ae5f316eec36e21141043d75bd4fd17ccfb31e3174198dee269596,743ac6c5b71cd6e60a3d8a29a354e95b3270371ae771ba6d56cd4a0df7d0043c,0.4603344202041626,complete_logit_interpolation,0,6096384,0.8182513928855691,0,195996,0.032149549634668685,03921d44dff66e51683ff15c6907813f85ae5012d120a202b477cf842dc9329c,RSI-TailProbe-20261004,0.9971771084637003,160828,0.02638088414378097,2,566603da9fc3c12067285139,0.0,0,0.0,U-Mean-logit-alpha-0.000000,17,ISIC_0003185_A05_T1_S1_566603da9fc3c12067285139.png,S1,0.8922268152236938,0.8919698197304808,T1,val,T1,1703ca22a1c39afeca05ffd0c12fe01606f41d5af81442d20102f130cc2ca491,d67353b51c7f853c45c0fad75d4336d0d442799627d3e648686eb70a497ad029,0.8163603970475948,T1,160374
0.0,0.0,0.0,,A07,0.11350554972887039,0.11259390541246093,0.022254730438383153,0.0,0.10282793565129184,0,5ca3f9fed2a631d522b1bd5334bde7efb3613c82a3aa714d8ae5da962737af8c,0.11350554972887039,0.11367815732955933,0.0,0.11367815732955933,0.8861492276191711,0.0,0.0,02fc8095c431dfc5451811632a802997c5ba97593e8a98ad29eaf0d9e1211df4,complete_update,3634.3956856677014,0.8867662504942402,0.8867662504942402,0.8896045332386489,186722,0,0,0,0,0,0.0,0.0,0.0,0.002838282744408671,-0.002838282744408671,3cc4737d57e0e3d5a714ac61021ca624e19851ad5b3ab232fe26911cc638021f,ISIC_0004110,0,80.4114419718985,0.02212512035742347,ISIC_0004110,e85628ce6fd8757d08c0dccf465237794b3dcb7ae8a5722d0972e1f7485457f2,0.7965678824307437,0.7965678824307437,0.0,0.0,0.11367815732955933,0.11367815732955933,0.11320071541323451,0.11320071541323451,cuda_FP32_original_batch_present,canonical_letterbox_valid,3d99874f14ae5f316eec36e21141043d75bd4fd17ccfb31e3174198dee269596,5c040b9b7a13988fff807488cf0a32f8473ebf2cedcd3fb96cc0030e69841364,0.34862175583839417,complete_logit_interpolation,0,6096384,1.0,0,731137,0.11992961729444865,c8c91fb6f2c355929e28881c28aee6d9ec35599b2f9f2f1f9e5433cb78e585aa,RSI-TailProbe-20261004,0.7965678824307437,917859,0.1505579372952885,2,5661d7969fc3c147bbd6a170,0.0,0,0.0,U-Mean-logit-alpha-0.000000,17,ISIC_0004110_A07_T1_S1_5661d7969fc3c147bbd6a170.png,S1,0.8861492276191711,0.8861924745859919,T1,val,T1,1703ca22a1c39afeca05ffd0c12fe01606f41d5af81442d20102f130cc2ca491,d67353b51c7f853c45c0fad75d4336d0d442799627d3e648686eb70a497ad029,0.7965678824307437,T1,731137
0.0,0.0,0.0,,A06,0.03644993528723717,0.03558270440462137,0.3945805312152297,0.17061256660248048,0.8081744718889227,0,5ca3f9fed2a631d522b1bd5334bde7efb3613c82a3aa714d8ae5da962737af8c,0.03644993528723717,0.04666353762149811,0.0,0.04666353762149811,0.9431228637695312,0.0,0.0,02fc8095c431dfc5451811632a802997c5ba97593e8a98ad29eaf0d9e1211df4,complete_update,3634.3956856677014,0.9473139900093116,0.9473139900093116,0.9500365762556771,81135,0,0,172,0,0,0.0,0.0,0.0,0.002722586246365455,-0.002722586246365455,3cc4737d57e0e3d5a714ac61021ca624e19851ad5b3ab232fe26911cc638021f,ISIC_0004110,0,51.86520991955976,0.01427065581331473,ISIC_0004110,e85628ce6fd8757d08c0dccf465237794b3dcb7ae8a5722d0972e1f7485457f2,0.8999017570469006,0.8999017570469006,0.0,0.0,0.04666353762149811,0.04666353762149811,0.046045287950860804,0.046045287950860804,cuda_FP32_original_batch_present,canonical_letterbox_valid,3d99874f14ae5f316eec36e21141043d75bd4fd17ccfb31e3174198dee269596,674b31017856920bd1a7f47e90f636307b9f476e3cae977e1c375d3e93dcab71,0.34862175583839417,complete_logit_interpolation,0,6096384,0.9997647499716196,0,731137,0.11992961729444865,c8c91fb6f2c355929e28881c28aee6d9ec35599b2f9f2f1f9e5433cb78e585aa,RSI-TailProbe-20261004,0.900092353158478,812100,0.13321011274880323,2,568bb4f29fc3c126c063ff46,0.0,0,0.0,U-Mean-logit-alpha-0.000000,17,ISIC_0004110_A06_T1_S1_568bb4f29fc3c126c063ff46.png,S1,0.9431228637695312,0.9434921285028998,T1,val,T1,1703ca22a1c39afeca05ffd0c12fe01606f41d5af81442d20102f130cc2ca491,d67353b51c7f853c45c0fad75d4336d0d442799627d3e648686eb70a497ad029,0.8999017570469006,T1,730965
0.0,0.0,0.0,,A02,0.016913723200559616,0.016418605816905817,0.23214363800145174,0.03602484472049689,0.8059421415077399,0,5ca3f9fed2a631d522b1bd5334bde7efb3613c82a3aa714d8ae5da962737af8c,0.016913723200559616,0.13145485520362854,0.0,0.13145485520362854,0.7540040016174316,0.0,0.0,02fc8095c431dfc5451811632a802997c5ba97593e8a98ad29eaf0d9e1211df4,complete_update,3634.3956856677014,0.7585138633798765,0.7585138633798765,0.7194610024347242,0,0,0,21826,0,0,0.0,0.0,0.0,-0.03905286094515226,0.03905286094515226,3cc4737d57e0e3d5a714ac61021ca624e19851ad5b3ab232fe26911cc638021f,ISIC_0005842,0,42.474695266821875,0.011686865971782194,ISIC_0005842,9841bae21f38f8f61dd00c2c2eb0260341a2671f16491c6246587bf9875f836c,0.6109724796805932,0.6109724796805932,0.0,0.0,0.13145485520362854,0.13145485520362854,0.1304773669240764,0.1304773669240764,cuda_FP32_original_batch_present,canonical_letterbox_valid,3d99874f14ae5f316eec36e21141043d75bd4fd17ccfb31e3174198dee269596,07d5b23ccf8703a07e297ffecdb390edc98dfeb9b78f7fe75b68e5c9e9e88205,0.25749439001083374,complete_logit_interpolation,0,6096384,0.6109724796805932,0,56104,0.009202832367514907,4e97d882c151a6324b9141d14ead12167ae1a0380114c5ae8b8092b3c2bc8c06,RSI-TailProbe-20261004,1.0,34278,0.0056226773116654066,2,560ee6f59fc3c1047093fbbb,0.0,0,0.0,U-Mean-logit-alpha-0.000000,17,ISIC_0005842_A02_T1_S1_560ee6f59fc3c1047093fbbb.png,S1,0.7540040016174316,0.755463871968753,T1,val,T1,1703ca22a1c39afeca05ffd0c12fe01606f41d5af81442d20102f130cc2ca491,d67353b51c7f853c45c0fad75d4336d0d442799627d3e648686eb70a497ad029,0.0,T1,34278
0.0,0.0,0.0,,A05,0.027886487543582916,0.026932390883741532,0.06394425372751959,0.0,0.47389234121539825,0,5ca3f9fed2a631d522b1bd5334bde7efb3613c82a3aa714d8ae5da962737af8c,0.027886487543582916,0.19653256237506866,0.0,0.19653256237506866,0.634821355342865,0.0,0.0,02fc8095c431dfc5451811632a802997c5ba97593e8a98ad29eaf0d9e1211df4,complete_update,3634.3956856677014,0.6444052480247421,0.6444052480247421,0.6083485401459854,0,0,0,29434,0,0,0.0,0.0,0.0,-0.0360567078787567,0.0360567078787567,3cc4737d57e0e3d5a714ac61021ca624e19851ad5b3ab232fe26911cc638021f,ISIC_0005842,0,58.008620049092706,0.015961008394834563,ISIC_0005842,9841bae21f38f8f61dd00c2c2eb0260341a2671f16491c6246587bf9875f836c,0.4753671752459718,0.4753671752459718,0.0,0.0,0.19653256237506866,0.19653256237506866,0.1926314086743246,0.1926314086743246,cuda_FP32_original_batch_present,canonical_letterbox_valid,3d99874f14ae5f316eec36e21141043d75bd4fd17ccfb31e3174198dee269596,2cd9a1a51de18588054de1f9cc7a0fa65aa04d8d70c37c278d0e3d1c2cef484b,0.25749439001083374,complete_logit_interpolation,0,6096384,0.4753671752459718,0,56104,0.009202832367514907,4e97d882c151a6324b9141d14ead12167ae1a0380114c5ae8b8092b3c2bc8c06,RSI-TailProbe-20261004,1.0,26670,0.00437472442680776,2,5661e13a9fc3c147bbd6a284,0.0,0,0.0,U-Mean-logit-alpha-0.000000,17,ISIC_0005842_A05_T1_S1_5661e13a9fc3c147bbd6a284.png,S1,0.634821355342865,0.6416695735350924,T1,val,T1,1703ca22a1c39afeca05ffd0c12fe01606f41d5af81442d20102f130cc2ca491,d67353b51c7f853c45c0fad75d4336d0d442799627d3e648686eb70a497ad029,0.0,T1,26670
0.0,0.0,0.0,,A04,0.08605939894914627,0.08524181963684906,0.08910109513346018,0.05213613323678494,0.2749138531077331,0,5ca3f9fed2a631d522b1bd5334bde7efb3613c82a3aa714d8ae5da962737af8c,0.08605939894914627,0.08672887086868286,0.0,0.08672887086868286,0.9126016497612,0.0,0.0,02fc8095c431dfc5451811632a802997c5ba97593e8a98ad29eaf0d9e1211df4,complete_update,1280.0,0.9180372008682034,0.9180372008682034,0.9195926407567752,29832,0,0,0,0,0,0.0,0.0,0.0,0.0015554398885717635,-0.0015554398885717635,16ba82c3443a91e7ff00c064a383f9a34c4a1ca7442e3e16be9e626b3f183f98,ISIC_0009942,0,40.602332631200845,0.03172057236812566,ISIC_0009942,cb3c7f5f7b3c06bd6dc0ca33a0b9f52acc745e98c87ff8d1aac3b9e57f8e9e39,0.8484923895764876,0.8484923895764876,0.0,0.0,0.08672887086868286,0.08672887086868286,0.0861519351202839,0.0861519351202839,cuda_FP32_original_batch_present,canonical_letterbox_valid,3d99874f14ae5f316eec36e21141043d75bd4fd17ccfb31e3174198dee269596,928ac24aed8f15dff7a3b2728b4c3c2d137417a5c871bfa01035c8ff4580e737,0.5770602822303772,complete_logit_interpolation,0,786432,1.0,0,167069,0.21243921915690103,f360710086078905bf52687979f4f264b0686bdff8da76785aef6e884add9302,RSI-TailProbe-20261004,0.8484923895764876,196901,0.25037256876627606,2,5592f1f09fc3c13155145c90,0.0,0,0.0,U-Mean-logit-alpha-0.000000,17,ISIC_0009942_A04_T1_S1_5592f1f09fc3c13155145c90.png,S1,0.9126016497612,0.9129379493962813,T1,val,T1,1703ca22a1c39afeca05ffd0c12fe01606f41d5af81442d20102f130cc2ca491,d67353b51c7f853c45c0fad75d4336d0d442799627d3e648686eb70a497ad029,0.8484923895764876,T1,167069
0.0,0.0,0.0,,A06,0.06846775114536285,0.0670743895093439,0.17918874456907938,0.0785360274494853,0.4178486228734702,0,5ca3f9fed2a631d522b1bd5334bde7efb3613c82a3aa714d8ae5da962737af8c,0.06846775114536285,0.0740182176232338,0.0,0.0740182176232338,0.9204313158988953,0.0,0.0,02fc8095c431dfc5451811632a802997c5ba97593e8a98ad29eaf0d9e1211df4,complete_update,1280.0,0.937812326485286,0.937812326485286,0.9371726118180516,3188,0,0,16748,0,0,0.0,0.0,0.0,-0.0006397146672344478,0.0006397146672344478,16ba82c3443a91e7ff00c064a383f9a34c4a1ca7442e3e16be9e626b3f183f98,ISIC_0009942,0,23.345235059857504,0.018238464890513676,ISIC_0009942,cb3c7f5f7b3c06bd6dc0ca33a0b9f52acc745e98c87ff8d1aac3b9e57f8e9e39,0.882906429691584,0.882906429691584,0.0,0.0,0.0740182176232338,0.0740182176232338,0.073012156226865,0.073012156226865,cuda_FP32_original_batch_present,canonical_letterbox_valid,3d99874f14ae5f316eec36e21141043d75bd4fd17ccfb31e3174198dee269596,dc0289db1b72c55aedd0b741de853b1b02d7052fbeff38c98b1f031fa87ac4c1,0.5770602822303772,complete_logit_interpolation,0,786432,0.8997539938588248,0,167069,0.21243921915690103,f360710086078905bf52687979f4f264b0686bdff8da76785aef6e884add9302,RSI-TailProbe-20261004,0.9792324879974464,153509,0.19519678751627603,2,568bb8989fc3c126c063ff6a,0.0,0,0.0,U-Mean-logit-alpha-0.000000,17,ISIC_0009942_A06_T1_S1_568bb8989fc3c126c063ff6a.png,S1,0.9204313158988953,0.9210500770556139,T1,val,T1,1703ca22a1c39afeca05ffd0c12fe01606f41d5af81442d20102f130cc2ca491,d67353b51c7f853c45c0fad75d4336d0d442799627d3e648686eb70a497ad029,0.882906429691584,T1,150321
0.0,0.0,0.0,,A04,0.208291694521904,0.2081939005470916,0.17095063239494085,0.11975160529319279,0.2795746526693098,0,5ca3f9fed2a631d522b1bd5334bde7efb3613c82a3aa714d8ae5da962737af8c,0.208291694521904,0.1404147446155548,0.0,0.1404147446155548,0.9274622201919556,0.0,0.0,02fc8095c431dfc5451811632a802997c5ba97593e8a98ad29eaf0d9e1211df4,complete_update,1280.0,0.9340518754809165,0.9340518754809165,0.9307731556515997,68861,0,0,1761,0,0,0.0,0.0,0.0,-0.003278719829316823,0.003278719829316823,16ba82c3443a91e7ff00c064a383f9a34c4a1ca7442e3e16be9e626b3f183f98,ISIC_0010175,0,45.880278987817846,0.03584396795923269,ISIC_0010175,fa6c3349b8c7fc8d0a9a4ecd7ce0cb3aa134ceffb7f9ec633b542845efe9d67a,0.8762639137831648,0.8762639137831648,0.0,0.0,0.1404147446155548,0.1404147446155548,0.14035471284686607,0.14035471284686607,cuda_FP32_original_batch_present,canonical_letterbox_valid,3d99874f14ae5f316eec36e21141043d75bd4fd17ccfb31e3174198dee269596,ce8f4f23164537e504f51ceb172e2db4a510068c088d74b4ff92325100fb367a,0.4823172986507416,complete_logit_interpolation,0,786432,0.9964912350613486,0,501886,0.6381810506184896,6623de38480367e01426f226792034448e9f327048d198e264a29174682a89b3,RSI-TailProbe-20261004,0.8789759326240013,568986,0.7235031127929688,4,55a9390c9fc3c156bd715c4b,0.0,0,0.0,U-Mean-logit-alpha-0.000000,17,ISIC_0010175_A04_T1_S1_55a9390c9fc3c156bd715c4b.png,S1,0.9274622201919556,0.9274844748533595,T1,val,T1,1703ca22a1c39afeca05ffd0c12fe01606f41d5af81442d20102f130cc2ca491,d67353b51c7f853c45c0fad75d4336d0d442799627d3e648686eb70a497ad029,0.8762639137831648,T1,500125
0.0,0.0,0.0,,A06,0.07468567788600922,0.07372145146691825,0.5397509261543584,0.323221654243528,0.8391548571631189,0,5ca3f9fed2a631d522b1bd5334bde7efb3613c82a3aa714d8ae5da962737af8c,0.07468567788600922,0.058495305478572845,0.0,0.058495305478572845,0.9576950669288635,0.0,0.0,02fc8095c431dfc5451811632a802997c5ba97593e8a98ad29eaf0d9e1211df4,complete_update,1280.0,0.9782386212794588,0.9782386212794588,0.9803785418299922,2295,0,0,19181,0,0,0.0,0.0,0.0,0.0021399205505333585,-0.0021399205505333585,16ba82c3443a91e7ff00c064a383f9a34c4a1ca7442e3e16be9e626b3f183f98,ISIC_0010175,0,22.090722034374522,0.017258376589355095,ISIC_0010175,fa6c3349b8c7fc8d0a9a4ecd7ce0cb3aa134ceffb7f9ec633b542845efe9d67a,0.9574041861950371,0.9574041861950371,0.0,0.0,0.058495305478572845,0.058495305478572845,0.05788127613180895,0.05788127613180895,cuda_FP32_original_batch_present,canonical_letterbox_valid,3d99874f14ae5f316eec36e21141043d75bd4fd17ccfb31e3174198dee269596,364d4fd675eddf2550947e3107c8d6fc3441c09064f32da63c3a23d259fc801c,0.4823172986507416,complete_logit_interpolation,0,786432,0.9617821577011513,0,501886,0.6381810506184896,6623de38480367e01426f226792034448e9f327048d198e264a29174682a89b3,RSI-TailProbe-20261004,0.9952680412371134,485000,0.6167093912760416,4,57b711eb9fc3c1565f9bf373,0.0,0,0.0,U-Mean-logit-alpha-0.000000,17,ISIC_0010175_A06_T1_S1_57b711eb9fc3c1565f9bf373.png,S1,0.9576950669288635,0.9579588992033004,T1,val,T1,1703ca22a1c39afeca05ffd0c12fe01606f41d5af81442d20102f130cc2ca491,d67353b51c7f853c45c0fad75d4336d0d442799627d3e648686eb70a497ad029,0.9574041861950371,T1,482705
0.0,0.0,0.0,,A03,0.33680275082588196,0.33536682303844595,0.08084003106135795,0.05177103782678724,0.12604834063238893,0,5ca3f9fed2a631d522b1bd5334bde7efb3613c82a3aa714d8ae5da962737af8c,0.33680275082588196,0.21571315824985504,0.0,0.21571315824985504,0.9053764343261719,0.0,0.0,02fc8095c431dfc5451811632a802997c5ba97593e8a98ad29eaf0d9e1211df4,complete_update,1280.0,0.9071305797176936,0.9071305797176936,0.9027492389737227,96101,0,0,5530,0,0,0.0,0.0,0.0,-0.004381340743970896,0.004381340743970896,16ba82c3443a91e7ff00c064a383f9a34c4a1ca7442e3e16be9e626b3f183f98,ISIC_0010175,0,75.11190440556005,0.05868117531684379,ISIC_0010175,fa6c3349b8c7fc8d0a9a4ecd7ce0cb3aa134ceffb7f9ec633b542845efe9d67a,0.8300448003050234,0.8300448003050234,0.0,0.0,0.21571315824985504,0.21571315824985504,0.2149056834857728,0.2149056834857728,cuda_FP32_original_batch_present,canonical_letterbox_valid,3d99874f14ae5f316eec36e21141043d75bd4fd17ccfb31e3174198dee269596,637410fa068540aa45d597a367d6c0ffe332e559019fc4a749287d7b629f0d80,0.4823172986507416,complete_logit_interpolation,0,786432,0.9889815615498341,0,501886,0.6381810506184896,6623de38480367e01426f226792034448e9f327048d198e264a29174682a89b3,RSI-TailProbe-20261004,0.8377924473843671,592457,0.7533480326334635,4,57be143a9fc3c1434763a352,0.0,0,0.0,U-Mean-logit-alpha-0.000000,17,ISIC_0010175_A03_T1_S1_57be143a9fc3c1434763a352.png,S1,0.9053764343261719,0.9055554560669004,T1,val,T1,1703ca22a1c39afeca05ffd0c12fe01606f41d5af81442d20102f130cc2ca491,d67353b51c7f853c45c0fad75d4336d0d442799627d3e648686eb70a497ad029,0.8300448003050234,T1,496356
0.0,0.0,0.0,,A02,0.08614180237054825,0.08504352483690492,0.37579894040234546,0.19517866289821234,0.6474354235121698,0,5ca3f9fed2a631d522b1bd5334bde7efb3613c82a3aa714d8ae5da962737af8c,0.08614180237054825,0.0652952641248703,0.0,0.0652952641248703,0.955551266670227,0.0,0.0,02fc8095c431dfc5451811632a802997c5ba97593e8a98ad29eaf0d9e1211df4,complete_update,1280.0,0.9720433206809316,0.9720433206809316,0.9689684519442406,25942,0,0,2768,0,0,0.0,0.0,0.0,-0.003074868736690939,0.003074868736690939,16ba82c3443a91e7ff00c064a383f9a34c4a1ca7442e3e16be9e626b3f183f98,ISIC_0010175,0,22.923659658795863,0.017909109108434268,ISIC_0010175,fa6c3349b8c7fc8d0a9a4ecd7ce0cb3aa134ceffb7f9ec633b542845efe9d67a,0.9456072811597718,0.9456072811597718,0.0,0.0,0.0652952641248703,0.0652952641248703,0.06460115035090486,0.06460115035090486,cuda_FP32_original_batch_present,canonical_letterbox_valid,3d99874f14ae5f316eec36e21141043d75bd4fd17ccfb31e3174198dee269596,789cd7b5b8f99f8cf76d5d8c14681334eb84c7b3de2948c59686636e6cff7fde,0.4823172986507416,complete_logit_interpolation,0,786432,0.99448480332187,0,501886,0.6381810506184896,6623de38480367e01426f226792034448e9f327048d198e264a29174682a89b3,RSI-TailProbe-20261004,0.950592313259437,525060,0.6676483154296875,4,57c0545f9fc3c158f2bd0e5d,0.0,0,0.0,U-Mean-logit-alpha-0.000000,17,ISIC_0010175_A02_T1_S1_57c0545f9fc3c158f2bd0e5d.png,S1,0.955551266670227,0.9558412241350952,T1,val,T1,1703ca22a1c39afeca05ffd0c12fe01606f41d5af81442d20102f130cc2ca491,d67353b51c7f853c45c0fad75d4336d0d442799627d3e648686eb70a497ad029,0.9456072811597718,T1,499118
0.0,0.0,0.0,,A06,0.09596964716911316,0.10075885136958622,0.5739248141254691,0.507452255427764,0.6612262536516222,0,5ca3f9fed2a631d522b1bd5334bde7efb3613c82a3aa714d8ae5da962737af8c,0.09596964716911316,0.06838120520114899,0.0,0.06838120520114899,0.9592072367668152,0.0,0.0,02fc8095c431dfc5451811632a802997c5ba97593e8a98ad29eaf0d9e1211df4,complete_update,1280.0,0.9745950645276007,0.9745950645276007,0.9622470561786601,32457,0,0,1762,0,0,0.0,0.0,0.0,-0.012348008348940565,0.012348008348940565,16ba82c3443a91e7ff00c064a383f9a34c4a1ca7442e3e16be9e626b3f183f98,ISIC_0010190,0,34.17601498127012,0.02670001170411728,ISIC_0010190,f87f7f7fcc605bf3066f78282567b84a93b20e226e19f5f6f736b0d3ab6357db,0.9504489697805182,0.9504489697805182,0.0,0.0,0.06838120520114899,0.06838120520114899,0.07121525670944504,0.07121525670944504,cuda_FP32_original_batch_present,canonical_letterbox_valid,3d99874f14ae5f316eec36e21141043d75bd4fd17ccfb31e3174198dee269596,5facb3598cca71433684d33b5ad1430db1c49fce54efcdfdbd17a0ac3abb4749,0.5202003121376038,complete_logit_interpolation,0,786432,0.9973226929879475,0,658124,0.8368479410807291,2ba9c65fcc2e94e54c1582a270499a15cfb1426965985313e5ac7682b3ed7713,RSI-TailProbe-20261004,0.9528802196222811,688819,0.875878651936849,3,568b330f9fc3c126c063febc,0.0,0,0.0,U-Mean-logit-alpha-0.000000,17,ISIC_0010190_A06_T1_S1_568b330f9fc3c126c063febc.png,S1,0.9592072367668152,0.9583283379506962,T1,val,T1,1703ca22a1c39afeca05ffd0c12fe01606f41d5af81442d20102f130cc2ca491,d67353b51c7f853c45c0fad75d4336d0d442799627d3e648686eb70a497ad029,0.9504489697805182,T1,656362
0.0,0.0,0.0,,A03,0.22250385582447052,0.22868264389509366,0.3376023224257359,0.06369003249173422,0.5088553805874265,0,5ca3f9fed2a631d522b1bd5334bde7efb3613c82a3aa714d8ae5da962737af8c,0.22250385582447052,0.1442665457725525,0.0,0.1442665457725525,0.9339707493782043,0.0,0.0,02fc8095c431dfc5451811632a802997c5ba97593e8a98ad29eaf0d9e1211df4,complete_update,1280.0,0.9415521517292829,0.9415521517292829,0.9335494938450808,52692,0,0,25811,0,0,0.0,0.0,0.0,-0.008002657884202069,0.008002657884202069,16ba82c3443a91e7ff00c064a383f9a34c4a1ca7442e3e16be9e626b3f183f98,ISIC_0010190,0,72.76674253833895,0.0568490176080773,ISIC_0010190,f87f7f7fcc605bf3066f78282567b84a93b20e226e19f5f6f736b0d3ab6357db,0.8895593233691982,0.8895593233691982,0.0,0.0,0.1442665457725525,0.1442665457725525,0.1478470762667351,0.1478470762667351,cuda_FP32_original_batch_present,canonical_letterbox_valid,3d99874f14ae5f316eec36e21141043d75bd4fd17ccfb31e3174198dee269596,4032df0f74b02da1fe265bb022e4ecda91094c163a98b47ab9720775ff82ca7e,0.5202003121376038,complete_logit_interpolation,0,786432,0.96078094705557,0,658124,0.8368479410807291,2ba9c65fcc2e94e54c1582a270499a15cfb1426965985313e5ac7682b3ed7713,RSI-TailProbe-20261004,0.92307793373771,685005,0.8710289001464844,3,57be14769fc3c1434763a354,0.0,0,0.0,U-Mean-logit-alpha-0.000000,17,ISIC_0010190_A03_T1_S1_57be14769fc3c1434763a354.png,S1,0.9339707493782043,0.9329884913616234,T1,val,T1,1703ca22a1c39afeca05ffd0c12fe01606f41d5af81442d20102f130cc2ca491,d67353b51c7f853c45c0fad75d4336d0d442799627d3e648686eb70a497ad029,0.8895593233691982,T1,632313
0.0,0.0,0.0,,A02,0.10607393831014633,0.10386721697209132,0.42294299404187247,0.1957866452274579,0.7829364829095358,0,5ca3f9fed2a631d522b1bd5334bde7efb3613c82a3aa714d8ae5da962737af8c,0.10607393831014633,0.07405216991901398,0.0,0.07405216991901398,0.957969605922699,0.0,0.0,02fc8095c431dfc5451811632a802997c5ba97593e8a98ad29eaf0d9e1211df4,complete_update,1280.0,0.9789492361066544,0.9789492361066544,0.9695138320060023,18049,0,0,9832,0,0,0.0,0.0,0.0,-0.009435404100652134,0.009435404100652134,16ba82c3443a91e7ff00c064a383f9a34c4a1ca7442e3e16be9e626b3f183f98,ISIC_0010190,0,24.166091947189145,0.01887975933374152,ISIC_0010190,f87f7f7fcc605bf3066f78282567b84a93b20e226e19f5f6f736b0d3ab6357db,0.9587664695277688,0.9587664695277688,0.0,0.0,0.07405216991901398,0.07405216991901398,0.07277473552033309,0.07277473552033309,cuda_FP32_original_batch_present,canonical_letterbox_valid,3d99874f14ae5f316eec36e21141043d75bd4fd17ccfb31e3174198dee269596,34b8cc0b8afac68b4ab7382525bdc0c6cd8bf5fe4636ecef340b9217cc75e977,0.5202003121376038,complete_logit_interpolation,0,786432,0.9850605660939276,0,658124,0.8368479410807291,2ba9c65fcc2e94e54c1582a270499a15cfb1426965985313e5ac7682b3ed7713,RSI-TailProbe-20261004,0.9729132681314823,666341,0.847296396891276,3,57c054969fc3c158f2bd0e5f,0.0,0,0.0,U-Mean-logit-alpha-0.000000,17,ISIC_0010190_A02_T1_S1_57c054969fc3c158f2bd0e5f.png,S1,0.957969605922699,0.9583177459314252,T1,val,T1,1703ca22a1c39afeca05ffd0c12fe01606f41d5af81442d20102f130cc2ca491,d67353b51c7f853c45c0fad75d4336d0d442799627d3e648686eb70a497ad029,0.9587664695277688,T1,648292
0.0,0.0,0.0,,A04,0.06954556703567505,0.06989385943156375,0.32939593105108433,0.17814812367419208,0.6784125490907236,0,5ca3f9fed2a631d522b1bd5334bde7efb3613c82a3aa714d8ae5da962737af8c,0.06954556703567505,0.06046542525291443,0.0,0.06046542525291443,0.9486147165298462,0.0,0.0,02fc8095c431dfc5451811632a802997c5ba97593e8a98ad29eaf0d9e1211df4,complete_update,1280.0,0.9696544479532088,0.9696544479532088,0.9633518538626882,21693,0,0,1706,0,0,0.0,0.0,0.0,-0.006302594090520586,0.006302594090520586,16ba82c3443a91e7ff00c064a383f9a34c4a1ca7442e3e16be9e626b3f183f98,ISIC_0010479,0,23.004339638061495,0.017972140342235543,ISIC_0010479,423a61712d9bc0e044b5f366c51d870215a7a22a9b99b9f94cdb3c9a98bed659,0.9410963593980496,0.9410963593980496,0.0,0.0,0.06046542525291443,0.06046542525291443,0.06071917897098642,0.06071917897098642,cuda_FP32_original_batch_present,canonical_letterbox_valid,3d99874f14ae5f316eec36e21141043d75bd4fd17ccfb31e3174198dee269596,6579944abc28e4212e01d1c973a57f1226a7d3ec797a5ec0644fe22eb9bfe1e9,0.40781325101852417,complete_logit_interpolation,0,786432,0.9954573171543527,0,375549,0.4775352478027344,2f94c4c97fe84622d91574a00432050ee6c1e487ec73a6427a444ce021b7f98e,RSI-TailProbe-20261004,0.9451554346507018,395536,0.5029500325520834,2,55a7f9ce9fc3c156bd715651,0.0,0,0.0,U-Mean-logit-alpha-0.000000,17,ISIC_0010479_A04_T1_S1_55a7f9ce9fc3c156bd715651.png,S1,0.9486147165298462,0.9484555014895909,T1,val,T1,1703ca22a1c39afeca05ffd0c12fe01606f41d5af81442d20102f130cc2ca491,d67353b51c7f853c45c0fad75d4336d0d442799627d3e648686eb70a497ad029,0.9410963593980496,T1,373843
0.0,0.0,0.0,,A06,0.08708300441503525,0.08663559771334405,0.2267019545527642,0.10291177018092727,0.5931140306735337,0,5ca3f9fed2a631d522b1bd5334bde7efb3613c82a3aa714d8ae5da962737af8c,0.08708300441503525,0.0740954726934433,0.0,0.0740954726934433,0.9388920664787292,0.0,0.0,02fc8095c431dfc5451811632a802997c5ba97593e8a98ad29eaf0d9e1211df4,complete_update,1280.0,0.960654115850928,0.960654115850928,0.9650934933626318,1600,0,0,26955,0,0,0.0,0.0,0.0,0.004439377511703868,-0.004439377511703868,16ba82c3443a91e7ff00c064a383f9a34c4a1ca7442e3e16be9e626b3f183f98,ISIC_0010479,0,31.016124838541646,0.02423134753011066,ISIC_0010479,423a61712d9bc0e044b5f366c51d870215a7a22a9b99b9f94cdb3c9a98bed659,0.9242872180491,0.9242872180491,0.0,0.0,0.0740954726934433,0.0740954726934433,0.07380182045707295,0.07380182045707295,cuda_FP32_original_batch_present,canonical_letterbox_valid,3d99874f14ae5f316eec36e21141043d75bd4fd17ccfb31e3174198dee269596,decdfdf7528641fef8594c5328d5378f2907d4739ddece7e69640ff3a37aeb57,0.40781325101852417,complete_logit_interpolation,0,786432,0.9282250784850978,0,375549,0.4775352478027344,2f94c4c97fe84622d91574a00432050ee6c1e487ec73a6427a444ce021b7f98e,RSI-TailProbe-20261004,0.9954311039024084,350194,0.44529469807942706,2,568b3a509fc3c126c063fef5,0.0,0,0.0,U-Mean-logit-alpha-0.000000,17,ISIC_0010479_A06_T1_S1_568b3a509fc3c126c063fef5.png,S1,0.9388920664787292,0.9390319567991982,T1,val,T1,1703ca22a1c39afeca05ffd0c12fe01606f41d5af81442d20102f130cc2ca491,d67353b51c7f853c45c0fad75d4336d0d442799627d3e648686eb70a497ad029,0.9242872180491,T1,348594
0.0,0.0,0.0,,A04,0.0934177041053772,0.09337548218392384,0.23604961552428216,0.13317422569130422,0.4793385274148596,0,5ca3f9fed2a631d522b1bd5334bde7efb3613c82a3aa714d8ae5da962737af8c,0.0934177041053772,0.0810929536819458,0.0,0.0810929536819458,0.9312317967414856,0.0,0.0,02fc8095c431dfc5451811632a802997c5ba97593e8a98ad29eaf0d9e1211df4,complete_update,1280.0,0.9513347070806695,0.9513347070806695,0.9448699333381585,33066,0,0,92,0,0,0.0,0.0,0.0,-0.006464773742510976,0.006464773742510976,16ba82c3443a91e7ff00c064a383f9a34c4a1ca7442e3e16be9e626b3f183f98,ISIC_0010596,0,35.81758830331636,0.027982490861965907,ISIC_0010596,7685c2aa58bc666205756c2095740b1139b5b873746e395a00bbab4ab371d562,0.9071862237685898,0.9071862237685898,0.0,0.0,0.0810929536819458,0.0810929536819458,0.08104933710310022,0.08104933710310022,cuda_FP32_original_batch_present,canonical_letterbox_valid,3d99874f14ae5f316eec36e21141043d75bd4fd17ccfb31e3174198dee269596,d862f224ddb3ff4a8cee9de659de1d525edebeada1ad4776c351f93376f0143e,0.4297417998313904,complete_logit_interpolation,0,786432,0.9997162131732611,0,324187,0.41222508748372394,d2861f25e1f47ac673a7f482978f42b5add75621af7f6a0f9966030ad8e46ab7,RSI-TailProbe-20261004,0.9074199030689241,357161,0.45415369669596356,3,55a7d8889fc3c156bd715393,0.0,0,0.0,U-Mean-logit-alpha-0.000000,17,ISIC_0010596_A04_T1_S1_55a7d8889fc3c156bd715393.png,S1,0.9312317967414856,0.9312768079777234,T1,val,T1,1703ca22a1c39afeca05ffd0c12fe01606f41d5af81442d20102f130cc2ca491,d67353b51c7f853c45c0fad75d4336d0d442799627d3e648686eb70a497ad029,0.9071862237685898,T1,324095
0.0,0.0,0.0,,A03,0.2873249351978302,0.28690308101893763,0.06055100713226633,0.04132231404958678,0.1140481399528797,0,5ca3f9fed2a631d522b1bd5334bde7efb3613c82a3aa714d8ae5da962737af8c,0.2873249351978302,0.2077871412038803,0.0,0.2077871412038803,0.8717506527900696,0.0,0.0,02fc8095c431dfc5451811632a802997c5ba97593e8a98ad29eaf0d9e1211df4,complete_update,1280.0,0.8711993095642028,0.8711993095642028,0.8645962497751948,95658,0,0,154,0,0,0.0,0.0,0.0,-0.006603059789007992,0.006603059789007992,16ba82c3443a91e7ff00c064a383f9a34c4a1ca7442e3e16be9e626b3f183f98,ISIC_0010596,0,78.97717867103356,0.061700920836744964,ISIC_0010596,7685c2aa58bc666205756c2095740b1139b5b873746e395a00bbab4ab371d562,0.7717919708463837,0.7717919708463837,0.0,0.0,0.2077871412038803,0.2077871412038803,0.20743464471243764,0.20743464471243764,cuda_FP32_original_batch_present,canonical_letterbox_valid,3d99874f14ae5f316eec36e21141043d75bd4fd17ccfb31e3174198dee269596,fd52b5cee3f5eb94923838cf8baff46e4e426860a0d216e759697b7ac0b2d7c5,0.4297417998313904,complete_logit_interpolation,0,786432,0.9995249655291545,0,324187,0.41222508748372394,d2861f25e1f47ac673a7f482978f42b5add75621af7f6a0f9966030ad8e46ab7,RSI-TailProbe-20261004,0.7720751695890548,419691,0.5336647033691406,3,57be15e29fc3c1434763a361,0.0,0,0.0,U-Mean-logit-alpha-0.000000,17,ISIC_0010596_A03_T1_S1_57be15e29fc3c1434763a361.png,S1,0.8717506527900696,0.8720337915940624,T1,val,T1,1703ca22a1c39afeca05ffd0c12fe01606f41d5af81442d20102f130cc2ca491,d67353b51c7f853c45c0fad75d4336d0d442799627d3e648686eb70a497ad029,0.7717919708463837,T1,324033
0.0,0.0,0.0,,A02,0.06418948620557785,0.06352716028891182,0.5089069041053831,0.23594503891979782,0.8632291467951595,0,5ca3f9fed2a631d522b1bd5334bde7efb3613c82a3aa714d8ae5da962737af8c,0.06418948620557785,0.061514850705862045,0.0,0.061514850705862045,0.9411597847938538,0.0,0.0,02fc8095c431dfc5451811632a802997c5ba97593e8a98ad29eaf0d9e1211df4,complete_update,1280.0,0.9729402524996973,0.9729402524996973,0.9728485503860584,6669,0,0,10765,0,0,0.0,0.0,0.0,-9.17021136388474e-05,9.17021136388474e-05,16ba82c3443a91e7ff00c064a383f9a34c4a1ca7442e3e16be9e626b3f183f98,ISIC_0010596,0,21.540659228538015,0.016828640022295324,ISIC_0010596,7685c2aa58bc666205756c2095740b1139b5b873746e395a00bbab4ab371d562,0.9473063810237686,0.9473063810237686,0.0,0.0,0.061514850705862045,0.061514850705862045,0.061030241874016296,0.061030241874016296,cuda_FP32_original_batch_present,canonical_letterbox_valid,3d99874f14ae5f316eec36e21141043d75bd4fd17ccfb31e3174198dee269596,57f8d53bec2a0fc4c1902680314fe15f82caa0b42bfa3d776e20e33481e7ae81,0.4297417998313904,complete_logit_interpolation,0,786432,0.966793856632129,0,324187,0.41222508748372394,d2861f25e1f47ac673a7f482978f42b5add75621af7f6a0f9966030ad8e46ab7,RSI-TailProbe-20261004,0.9791652998678501,320091,0.4070167541503906,3,57c05f519fc3c158f2bd0e6c,0.0,0,0.0,U-Mean-logit-alpha-0.000000,17,ISIC_0010596_A02_T1_S1_57c05f519fc3c158f2bd0e6c.png,S1,0.9411597847938538,0.9414666765408792,T1,val,T1,1703ca22a1c39afeca05ffd0c12fe01606f41d5af81442d20102f130cc2ca491,d67353b51c7f853c45c0fad75d4336d0d442799627d3e648686eb70a497ad029,0.9473063810237686,T1,313422
0.0,0.0,0.0,,A04,0.2872864902019501,0.287501731420298,0.0,0.0,0.04490267745578222,0,5ca3f9fed2a631d522b1bd5334bde7efb3613c82a3aa714d8ae5da962737af8c,0.2872864902019501,0.21513165533542633,0.0,0.21513165533542633,0.8570231795310974,0.0,0.0,02fc8095c431dfc5451811632a802997c5ba97593e8a98ad29eaf0d9e1211df4,complete_update,1280.0,0.8704332055698872,0.8704332055698872,0.85027093830212,109592,0,0,0,0,0,0.0,0.0,0.0,-0.020162267267767264,0.020162267267767264,16ba82c3443a91e7ff00c064a383f9a34c4a1ca7442e3e16be9e626b3f183f98,ISIC_0011107,0,102.53779756106195,0.08010765434457964,ISIC_0011107,1a1e59d528037e99a7ca12136df586c147d3ef2c2b4e6b9704b10145716aa83d,0.770590291660474,0.770590291660474,0.0,0.0,0.21513165533542633,0.21513165533542633,0.21522750732997603,0.21522750732997603,cuda_FP32_original_batch_present,canonical_letterbox_valid,3d99874f14ae5f316eec36e21141043d75bd4fd17ccfb31e3174198dee269596,28750b4e3af5070eebc40f703f403d8db40c61d3d25e06292fdd4ca315c91fe1,0.3922351002693176,complete_logit_interpolation,0,786432,1.0,0,368121,0.4680900573730469,ea4d86cce3d5ff2025147fefdfdda714da50476b0eaf7c2a94d5817ec827132a,RSI-TailProbe-20261004,0.770590291660474,477713,0.6074434916178385,3,55a020ea9fc3c156bd714796,0.0,0,0.0,U-Mean-logit-alpha-0.000000,17,ISIC_0011107_A04_T1_S1_55a020ea9fc3c156bd714796.png,S1,0.8570231795310974,0.8570467167603459,T1,val,T1,1703ca22a1c39afeca05ffd0c12fe01606f41d5af81442d20102f130cc2ca491,d67353b51c7f853c45c0fad75d4336d0d442799627d3e648686eb70a497ad029,0.770590291660474,T1,368121
0.0,0.0,0.0,,A03,0.5432233214378357,0.5433917560279499,0.0,0.0,0.0,0,5ca3f9fed2a631d522b1bd5334bde7efb3613c82a3aa714d8ae5da962737af8c,0.5432233214378357,0.36988919973373413,0.0,0.36988919973373413,0.8034449219703674,0.0,0.0,02fc8095c431dfc5451811632a802997c5ba97593e8a98ad29eaf0d9e1211df4,complete_update,1280.0,0.8044136430036285,0.8044136430036285,0.7847182425978988,179011,0,0,0,0,0,0.0,0.0,0.0,-0.0196954004057297,0.0196954004057297,16ba82c3443a91e7ff00c064a383f9a34c4a1ca7442e3e16be9e626b3f183f98,ISIC_0011107,0,137.86260915777856,0.1077051634045145,ISIC_0011107,1a1e59d528037e99a7ca12136df586c147d3ef2c2b4e6b9704b10145716aa83d,0.6728193562065461,0.6728193562065461,0.0,0.0,0.36988919973373413,0.36988919973373413,0.3699636077605166,0.3699636077605166,cuda_FP32_original_batch_present,canonical_letterbox_valid,3d99874f14ae5f316eec36e21141043d75bd4fd17ccfb31e3174198dee269596,ca2c443d32b8b06891c13619c8140c47599a59c2fa9ec1ab53b63e73c8df105e,0.3922351002693176,complete_logit_interpolation,0,786432,1.0,0,368121,0.4680900573730469,ea4d86cce3d5ff2025147fefdfdda714da50476b0eaf7c2a94d5817ec827132a,RSI-TailProbe-20261004,0.6728193562065461,547132,0.6957143147786459,3,57be16e99fc3c1434763a366,0.0,0,0.0,U-Mean-logit-alpha-0.000000,17,ISIC_0011107_A03_T1_S1_57be16e99fc3c1434763a366.png,S1,0.8034449219703674,0.8034645405069166,T1,val,T1,1703ca22a1c39afeca05ffd0c12fe01606f41d5af81442d20102f130cc2ca491,d67353b51c7f853c45c0fad75d4336d0d442799627d3e648686eb70a497ad029,0.6728193562065461,T1,368121
0.0,0.0,0.0,,A02,0.2564100921154022,0.25634260213793547,0.015134653906076118,0.006677053193857111,0.0516782365166748,0,5ca3f9fed2a631d522b1bd5334bde7efb3613c82a3aa714d8ae5da962737af8c,0.2564100921154022,0.1963232010602951,0.0,0.1963232010602951,0.863763689994812,0.0,0.0,02fc8095c431dfc5451811632a802997c5ba97593e8a98ad29eaf0d9e1211df4,complete_update,1280.0,0.8767812697240714,0.8767812697240714,0.8565834663834729,103468,0,0,0,0,0,0.0,0.0,0.0,-0.020197803340598508,0.020197803340598508,16ba82c3443a91e7ff00c064a383f9a34c4a1ca7442e3e16be9e626b3f183f98,ISIC_0011107,0,91.55216529030093,0.07152512913304761,ISIC_0011107,1a1e59d528037e99a7ca12136df586c147d3ef2c2b4e6b9704b10145716aa83d,0.780597087718331,0.780597087718331,0.0,0.0,0.1963232010602951,0.1963232010602951,0.19625925697001373,0.19625925697001373,cuda_FP32_original_batch_present,canonical_letterbox_valid,3d99874f14ae5f316eec36e21141043d75bd4fd17ccfb31e3174198dee269596,fc7bb97c5b248a358949e4d49700014d7e87f90c36122c708a5f99dae19651a6,0.3922351002693176,complete_logit_interpolation,0,786432,1.0,0,368121,0.4680900573730469,ea4d86cce3d5ff2025147fefdfdda714da50476b0eaf7c2a94d5817ec827132a,RSI-TailProbe-20261004,0.780597087718331,471589,0.5996564229329427,3,57c060a19fc3c158f2bd0e71,0.0,0,0.0,U-Mean-logit-alpha-0.000000,17,ISIC_0011107_A02_T1_S1_57c060a19fc3c158f2bd0e71.png,S1,0.863763689994812,0.863824088197908,T1,val,T1,1703ca22a1c39afeca05ffd0c12fe01606f41d5af81442d20102f130cc2ca491,d67353b51c7f853c45c0fad75d4336d0d442799627d3e648686eb70a497ad029,0.780597087718331,T1,368121
0.0,0.0,0.0,,A04,0.15985321998596191,0.1597225926562307,0.0,0.0,0.002985445950988929,0,5ca3f9fed2a631d522b1bd5334bde7efb3613c82a3aa714d8ae5da962737af8c,0.15985321998596191,0.15641671419143677,0.0,0.15641671419143677,0.8470197916030884,0.0,0.0,02fc8095c431dfc5451811632a802997c5ba97593e8a98ad29eaf0d9e1211df4,complete_update,1280.0,0.8450854982058098,0.8450854982058098,0.8480921274277738,35314,0,0,0,0,0,0.0,0.0,0.0,0.003006629221964041,-0.003006629221964041,16ba82c3443a91e7ff00c064a383f9a34c4a1ca7442e3e16be9e626b3f183f98,ISIC_0011110,0,45.63491633848389,0.03565227838944054,ISIC_0011110,699865c020e33f105c596487d977b0a19228054ef083e43cd271a1f48c878def,0.7317299219058616,0.7317299219058616,0.0,0.0,0.15641671419143677,0.15641671419143677,0.15644495260788321,0.15644495260788321,cuda_FP32_original_batch_present,canonical_letterbox_valid,3d99874f14ae5f316eec36e21141043d75bd4fd17ccfb31e3174198dee269596,44c5b2445de7dab0b069965eac878adf326b79be4302bdbebd097ddc9747b479,0.5977519750595093,complete_logit_interpolation,0,786432,1.0,0,96322,0.12247975667317708,fe383ea5fce4cc4e2050ef71348981945582472b173b03d0127dc6139b166b44,RSI-TailProbe-20261004,0.7317299219058616,131636,0.16738382975260416,3,55a0206a9fc3c156bd714784,0.0,0,0.0,U-Mean-logit-alpha-0.000000,17,ISIC_0011110_A04_T1_S1_55a0206a9fc3c156bd714784.png,S1,0.8470197916030884,0.8468326874404642,T1,val,T1,1703ca22a1c39afeca05ffd0c12fe01606f41d5af81442d20102f130cc2ca491,d67353b51c7f853c45c0fad75d4336d0d442799627d3e648686eb70a497ad029,0.7317299219058616,T1,96322
0.0,0.0,0.0,,A03,0.2606428861618042,0.2597465470644739,0.0,0.0,0.042530378842030016,0,5ca3f9fed2a631d522b1bd5334bde7efb3613c82a3aa714d8ae5da962737af8c,0.2606428861618042,0.2305043339729309,0.0,0.2305043339729309,0.7996342182159424,0.0,0.0,02fc8095c431dfc5451811632a802997c5ba97593e8a98ad29eaf0d9e1211df4,complete_update,1280.0,0.797770397303274,0.797770397303274,0.8007254010153961,48834,0,0,0,0,0,0.0,0.0,0.0,0.002955003712122095,-0.002955003712122095,16ba82c3443a91e7ff00c064a383f9a34c4a1ca7442e3e16be9e626b3f183f98,ISIC_0011110,0,66.94463064710125,0.05230049269304785,ISIC_0011110,699865c020e33f105c596487d977b0a19228054ef083e43cd271a1f48c878def,0.6635757392047177,0.6635757392047177,0.0,0.0,0.2305043339729309,0.2305043339729309,0.22988033461497967,0.22988033461497967,cuda_FP32_original_batch_present,canonical_letterbox_valid,3d99874f14ae5f316eec36e21141043d75bd4fd17ccfb31e3174198dee269596,d4b5df6229af6e9b769e55b7d38bfbf1153756eff5ff58f33a6df290f0324a48,0.5977519750595093,complete_logit_interpolation,0,786432,1.0,0,96322,0.12247975667317708,fe383ea5fce4cc4e2050ef71348981945582472b173b03d0127dc6139b166b44,RSI-TailProbe-20261004,0.6635757392047177,145156,0.18457539876302084,3,57be16f99fc3c1434763a367,0.0,0,0.0,U-Mean-logit-alpha-0.000000,17,ISIC_0011110_A03_T1_S1_57be16f99fc3c1434763a367.png,S1,0.7996342182159424,0.7999858778345146,T1,val,T1,1703ca22a1c39afeca05ffd0c12fe01606f41d5af81442d20102f130cc2ca491,d67353b51c7f853c45c0fad75d4336d0d442799627d3e648686eb70a497ad029,0.6635757392047177,T1,96322
0.0,0.0,0.0,,A02,0.09759315848350525,0.09639475641481282,0.0,0.0,0.17230955939364653,0,5ca3f9fed2a631d522b1bd5334bde7efb3613c82a3aa714d8ae5da962737af8c,0.09759315848350525,0.1057714968919754,0.0,0.1057714968919754,0.8860501646995544,0.0,0.0,02fc8095c431dfc5451811632a802997c5ba97593e8a98ad29eaf0d9e1211df4,complete_update,1280.0,0.8857806285490953,0.8857806285490953,0.8888206162876009,24841,0,0,0,0,0,0.0,0.0,0.0,0.0030399877385055563,-0.0030399877385055563,16ba82c3443a91e7ff00c064a383f9a34c4a1ca7442e3e16be9e626b3f183f98,ISIC_0011110,0,33.425952874339096,0.02611402568307742,ISIC_0011110,699865c020e33f105c596487d977b0a19228054ef083e43cd271a1f48c878def,0.7949786651040334,0.7949786651040334,0.0,0.0,0.1057714968919754,0.1057714968919754,0.10494103144116071,0.10494103144116071,cuda_FP32_original_batch_present,canonical_letterbox_valid,3d99874f14ae5f316eec36e21141043d75bd4fd17ccfb31e3174198dee269596,2abeff56267f25896c33b1f81d938c137a474f2da1fe786c372bb54f443060ff,0.5977519750595093,complete_logit_interpolation,0,786432,1.0,0,96322,0.12247975667317708,fe383ea5fce4cc4e2050ef71348981945582472b173b03d0127dc6139b166b44,RSI-TailProbe-20261004,0.7949786651040334,121163,0.15406672159830728,3,57c060b29fc3c158f2bd0e72,0.0,0,0.0,U-Mean-logit-alpha-0.000000,17,ISIC_0011110_A02_T1_S1_57c060b29fc3c158f2bd0e72.png,S1,0.8860501646995544,0.8865126935324914,T1,val,T1,1703ca22a1c39afeca05ffd0c12fe01606f41d5af81442d20102f130cc2ca491,d67353b51c7f853c45c0fad75d4336d0d442799627d3e648686eb70a497ad029,0.7949786651040334,T1,96322
0.0,0.0,0.0,,A04,0.14340922236442566,0.14445291674081248,0.6820016445313217,0.21650693339645596,0.7330393874558853,0,5ca3f9fed2a631d522b1bd5334bde7efb3613c82a3aa714d8ae5da962737af8c,0.14340922236442566,0.1023760586977005,0.0,0.1023760586977005,0.9386571049690247,0.0,0.0,02fc8095c431dfc5451811632a802997c5ba97593e8a98ad29eaf0d9e1211df4,complete_update,1280.0,0.9646587295001612,0.9646587295001612,0.9599405817957701,17796,0,0,30331,0,0,0.0,0.0,0.0,-0.004718147704391051,0.004718147704391051,16ba82c3443a91e7ff00c064a383f9a34c4a1ca7442e3e16be9e626b3f183f98,ISIC_0011121,0,57.0,0.04453125,ISIC_0011121,db529530985fbba1c970790bed4bc6f04b014eafe4c012c925a93f59174ff85e,0.9317302004530799,0.9317302004530799,0.0,0.0,0.1023760586977005,0.1023760586977005,0.10303546103812193,0.10303546103812193,cuda_FP32_original_batch_present,canonical_letterbox_valid,3d99874f14ae5f316eec36e21141043d75bd4fd17ccfb31e3174198dee269596,eac74777a716cf008b350b574f9991c9ff869825f87a884b024ae83a859aa9e4,0.5379019379615784,complete_logit_interpolation,0,786432,0.9558601600507599,0,687157,0.8737653096516927,7747bd308df1f6bc53dca8875fccad761ec3bf9e22a45724f9b8579054ea30cb,RSI-TailProbe-20261004,0.9736207831941442,674622,0.8578262329101562,2,55a01ee49fc3c156bd714742,0.0,0,0.0,U-Mean-logit-alpha-0.000000,17,ISIC_0011121_A04_T1_S1_55a01ee49fc3c156bd714742.png,S1,0.9386571049690247,0.9383819946645686,T1,val,T1,1703ca22a1c39afeca05ffd0c12fe01606f41d5af81442d20102f130cc2ca491,d67353b51c7f853c45c0fad75d4336d0d442799627d3e648686eb70a497ad029,0.9317302004530799,T1,656826
0.0,0.0,0.0,,A06,0.21082894504070282,0.2102080967402026,0.679399714527706,0.6525423106091416,0.72601133819786,0,5ca3f9fed2a631d522b1bd5334bde7efb3613c82a3aa714d8ae5da962737af8c,0.21082894504070282,0.14069613814353943,0.0,0.14069613814353943,0.9294366836547852,0.0,0.0,02fc8095c431dfc5451811632a802997c5ba97593e8a98ad29eaf0d9e1211df4,complete_update,1280.0,0.955067596924431,0.955067596924431,0.9418623807475968,58396,0,0,5722,0,0,0.0,0.0,0.0,-0.013205216176834234,0.013205216176834234,16ba82c3443a91e7ff00c064a383f9a34c4a1ca7442e3e16be9e626b3f183f98,ISIC_0011121,0,145.69140136974877,0.11382140732011622,ISIC_0011121,db529530985fbba1c970790bed4bc6f04b014eafe4c012c925a93f59174ff85e,0.9139994071514701,0.9139994071514701,0.0,0.0,0.14069613814353943,0.14069613814353943,0.14039080395447023,0.14039080395447023,cuda_FP32_original_batch_present,canonical_letterbox_valid,3d99874f14ae5f316eec36e21141043d75bd4fd17ccfb31e3174198dee269596,7992d2af68a9342d9960453523fcddedc1b9111b2c087bfd499034db4f346773,0.5379019379615784,complete_logit_interpolation,0,786432,0.9916729364613909,0,687157,0.8737653096516927,7747bd308df1f6bc53dca8875fccad761ec3bf9e22a45724f9b8579054ea30cb,RSI-TailProbe-20261004,0.9210684602294308,739831,0.9407437642415365,2,568b3a1a9fc3c126c063fef2,0.0,0,0.0,U-Mean-logit-alpha-0.000000,17,ISIC_0011121_A06_T1_S1_568b3a1a9fc3c126c063fef2.png,S1,0.9294366836547852,0.9294264888312621,T1,val,T1,1703ca22a1c39afeca05ffd0c12fe01606f41d5af81442d20102f130cc2ca491,d67353b51c7f853c45c0fad75d4336d0d442799627d3e648686eb70a497ad029,0.9139994071514701,T1,681435
0.0,0.0,0.0,,A04,0.1399686187505722,0.13940492634420548,0.029451137884872827,0.008412197686645638,0.14766779749216927,0,5ca3f9fed2a631d522b1bd5334bde7efb3613c82a3aa714d8ae5da962737af8c,0.1399686187505722,0.14057788252830505,0.0,0.14057788252830505,0.8588128685951233,0.0,0.0,02fc8095c431dfc5451811632a802997c5ba97593e8a98ad29eaf0d9e1211df4,complete_update,1280.0,0.8645417601746831,0.8645417601746831,0.8667035950709661,44666,0,0,0,0,0,0.0,0.0,0.0,0.002161834896282966,-0.002161834896282966,16ba82c3443a91e7ff00c064a383f9a34c4a1ca7442e3e16be9e626b3f183f98,ISIC_0011169,0,45.880278987817846,0.03584396795923269,ISIC_0011169,0fbac1d56399999983b7b00cd83e3825d60983739447e7134cad70484e336188,0.7614033963130933,0.7614033963130933,0.0,0.0,0.14057788252830505,0.14057788252830505,0.1402258273931474,0.1402258273931474,cuda_FP32_original_batch_present,canonical_letterbox_valid,3d99874f14ae5f316eec36e21141043d75bd4fd17ccfb31e3174198dee269596,bfc465249dbb0d748360ececcd8d0f5a551aa1dc54151579093ea5f81fba9368,0.3930419385433197,complete_logit_interpolation,0,786432,1.0,0,142537,0.18124516805013022,b5d931d187c1328629d3d97f40b13af4dac0da05b9b8faf07c8aa0e1bd2c8d84,RSI-TailProbe-20261004,0.7614033963130933,187203,0.23804092407226562,2,55a007d89fc3c156bd7145fd,0.0,0,0.0,U-Mean-logit-alpha-0.000000,17,ISIC_0011169_A04_T1_S1_55a007d89fc3c156bd7145fd.png,S1,0.8588128685951233,0.8589532715579107,T1,val,T1,1703ca22a1c39afeca05ffd0c12fe01606f41d5af81442d20102f130cc2ca491,d67353b51c7f853c45c0fad75d4336d0d442799627d3e648686eb70a497ad029,0.7614033963130933,T1,142537
0.0,0.0,0.0,,A06,0.09699589014053345,0.09713892837017805,0.025053686471009307,0.0,0.31988589076879415,0,5ca3f9fed2a631d522b1bd5334bde7efb3613c82a3aa714d8ae5da962737af8c,0.09699589014053345,0.10681962966918945,0.0,0.10681962966918945,0.8833566308021545,0.0,0.0,02fc8095c431dfc5451811632a802997c5ba97593e8a98ad29eaf0d9e1211df4,complete_update,1280.0,0.8904944866148128,0.8904944866148128,0.8926701978744166,35056,0,0,0,0,0,0.0,0.0,0.0,0.0021757112596038075,-0.0021757112596038075,16ba82c3443a91e7ff00c064a383f9a34c4a1ca7442e3e16be9e626b3f183f98,ISIC_0011169,0,53.33608085324815,0.041668813166600115,ISIC_0011169,0fbac1d56399999983b7b00cd83e3825d60983739447e7134cad70484e336188,0.8026048323976733,0.8026048323976733,0.0,0.0,0.10681962966918945,0.10681962966918945,0.10694199045870986,0.10694199045870986,cuda_FP32_original_batch_present,canonical_letterbox_valid,3d99874f14ae5f316eec36e21141043d75bd4fd17ccfb31e3174198dee269596,da241448da18f2d2d3b90296f2e4a07a6f66f351eb1a8fd7b1aeaee750e09f1e,0.3930419385433197,complete_logit_interpolation,0,786432,1.0,0,142537,0.18124516805013022,b5d931d187c1328629d3d97f40b13af4dac0da05b9b8faf07c8aa0e1bd2c8d84,RSI-TailProbe-20261004,0.8026048323976733,177593,0.22582117716471353,2,568b39019fc3c126c063fee9,0.0,0,0.0,U-Mean-logit-alpha-0.000000,17,ISIC_0011169_A06_T1_S1_568b39019fc3c126c063fee9.png,S1,0.8833566308021545,0.8832549474527583,T1,val,T1,1703ca22a1c39afeca05ffd0c12fe01606f41d5af81442d20102f130cc2ca491,d67353b51c7f853c45c0fad75d4336d0d442799627d3e648686eb70a497ad029,0.8026048323976733,T1,142537
0.0,0.0,0.0,,A04,0.17620433866977692,0.176376743738044,0.18883050181682773,0.11188743316088512,0.31594737827224306,0,5ca3f9fed2a631d522b1bd5334bde7efb3613c82a3aa714d8ae5da962737af8c,0.17620433866977692,0.1320280134677887,0.0,0.1320280134677887,0.9121482968330383,0.0,0.0,02fc8095c431dfc5451811632a802997c5ba97593e8a98ad29eaf0d9e1211df4,complete_update,1280.0,0.9421572562702174,0.9421572562702174,0.962098824597453,2584,0,0,61110,0,0,0.0,0.0,0.0,0.019941568327235593,-0.019941568327235593,16ba82c3443a91e7ff00c064a383f9a34c4a1ca7442e3e16be9e626b3f183f98,ISIC_0011349,0,48.703182647543684,0.038049361443393506,ISIC_0011349,53f1fcd87957578c03d487a231885d25deda268a254c873c8e94494625bbef54,0.8906401843324302,0.8906401843324302,0.0,0.0,0.1320280134677887,0.1320280134677887,0.13214012607977527,0.13214012607977527,cuda_FP32_original_batch_present,canonical_letterbox_valid,3d99874f14ae5f316eec36e21141043d75bd4fd17ccfb31e3174198dee269596,03ac40e35e410781d60b0487a5e0769ad7d83a381f9f113404883beb65956adc,0.4363579750061035,complete_logit_interpolation,0,786432,0.8946092211326534,0,579842,0.7373072306315104,1818f857d1404b69eb4f73a0c843eace2826ef229b3949b162402c277dbde02e,RSI-TailProbe-20261004,0.9950433134605499,521316,0.6628875732421875,4,55a94c809fc3c156bd715db9,0.0,0,0.0,U-Mean-logit-alpha-0.000000,17,ISIC_0011349_A04_T1_S1_55a94c809fc3c156bd715db9.png,S1,0.9121482968330383,0.9120964915784935,T1,val,T1,1703ca22a1c39afeca05ffd0c12fe01606f41d5af81442d20102f130cc2ca491,d67353b51c7f853c45c0fad75d4336d0d442799627d3e648686eb70a497ad029,0.8906401843324302,T1,518732
0.0,0.0,0.0,,A06,0.22357667982578278,0.22385515745076853,0.20108300417327535,0.14934051698098855,0.288243736555731,0,5ca3f9fed2a631d522b1bd5334bde7efb3613c82a3aa714d8ae5da962737af8c,0.22357667982578278,0.16327360272407532,0.0,0.16327360272407532,0.897029459476471,0.0,0.0,02fc8095c431dfc5451811632a802997c5ba97593e8a98ad29eaf0d9e1211df4,complete_update,1280.0,0.9179406364946596,0.9179406364946596,0.9362453386382822,6889,0,0,82102,0,0,0.0,0.0,0.0,0.018304702143622564,-0.018304702143622564,16ba82c3443a91e7ff00c064a383f9a34c4a1ca7442e3e16be9e626b3f183f98,ISIC_0011349,0,73.65859297161917,0.057545775759077475,ISIC_0011349,53f1fcd87957578c03d487a231885d25deda268a254c873c8e94494625bbef54,0.8483274277309363,0.8483274277309363,0.0,0.0,0.16327360272407532,0.16327360272407532,0.16345277985642315,0.16345277985642315,cuda_FP32_original_batch_present,canonical_letterbox_valid,3d99874f14ae5f316eec36e21141043d75bd4fd17ccfb31e3174198dee269596,3ed7825c7a7ee7faae2fbb51518e704cafbf10e5abff7ca36632fd62b45cd768,0.4363579750061035,complete_logit_interpolation,0,786432,0.8584062554971872,0,579842,0.7373072306315104,1818f857d1404b69eb4f73a0c843eace2826ef229b3949b162402c277dbde02e,RSI-TailProbe-20261004,0.9863483866365191,504629,0.641668955485026,4,57bda5d99fc3c11f2f681074,0.0,0,0.0,U-Mean-logit-alpha-0.000000,17,ISIC_0011349_A06_T1_S1_57bda5d99fc3c11f2f681074.png,S1,0.897029459476471,0.8969495977379223,T1,val,T1,1703ca22a1c39afeca05ffd0c12fe01606f41d5af81442d20102f130cc2ca491,d67353b51c7f853c45c0fad75d4336d0d442799627d3e648686eb70a497ad029,0.8483274277309363,T1,497740
0.0,0.0,0.0,,A03,0.15316985547542572,0.15227569557820406,0.218447600201167,0.13043317609094604,0.4788050819254938,0,5ca3f9fed2a631d522b1bd5334bde7efb3613c82a3aa714d8ae5da962737af8c,0.15316985547542572,0.11462890356779099,0.0,0.11462890356779099,0.9239120483398438,0.0,0.0,02fc8095c431dfc5451811632a802997c5ba97593e8a98ad29eaf0d9e1211df4,complete_update,1280.0,0.9551848606437762,0.9551848606437762,0.9391155676077162,34817,0,0,17912,0,0,0.0,0.0,0.0,-0.016069293036059973,0.016069293036059973,16ba82c3443a91e7ff00c064a383f9a34c4a1ca7442e3e16be9e626b3f183f98,ISIC_0011349,0,51.21131956951317,0.04000884341368217,ISIC_0011349,53f1fcd87957578c03d487a231885d25deda268a254c873c8e94494625bbef54,0.9142142228455127,0.9142142228455127,0.0,0.0,0.11462890356779099,0.11462890356779099,0.11404467577214826,0.11404467577214826,cuda_FP32_original_batch_present,canonical_letterbox_valid,3d99874f14ae5f316eec36e21141043d75bd4fd17ccfb31e3174198dee269596,a90c245a2e79c4e0a2a1938fe844a7c54064ddc73cdf37c0b7d956297733cbfb,0.4363579750061035,complete_logit_interpolation,0,786432,0.9691088261974814,0,579842,0.7373072306315104,1818f857d1404b69eb4f73a0c843eace2826ef229b3949b162402c277dbde02e,RSI-TailProbe-20261004,0.941655341375826,596747,0.7588030497233073,4,57be18ea9fc3c1434763a373,0.0,0,0.0,U-Mean-logit-alpha-0.000000,17,ISIC_0011349_A03_T1_S1_57be18ea9fc3c1434763a373.png,S1,0.9239120483398438,0.9241863440339075,T1,val,T1,1703ca22a1c39afeca05ffd0c12fe01606f41d5af81442d20102f130cc2ca491,d67353b51c7f853c45c0fad75d4336d0d442799627d3e648686eb70a497ad029,0.9142142228455127,T1,561930
0.0,0.0,0.0,,A02,0.24247853457927704,0.24324010739739055,0.14076677480942934,0.07453758225578899,0.2535439023028182,0,5ca3f9fed2a631d522b1bd5334bde7efb3613c82a3aa714d8ae5da962737af8c,0.24247853457927704,0.17539703845977783,0.0,0.17539703845977783,0.8916844725608826,0.0,0.0,02fc8095c431dfc5451811632a802997c5ba97593e8a98ad29eaf0d9e1211df4,complete_update,1280.0,0.9095292393499944,0.9095292393499944,0.9280096551105153,10215,0,0,87693,0,0,0.0,0.0,0.0,0.01848041576052084,-0.01848041576052084,16ba82c3443a91e7ff00c064a383f9a34c4a1ca7442e3e16be9e626b3f183f98,ISIC_0011349,0,73.4900972637936,0.05741413848733875,ISIC_0011349,53f1fcd87957578c03d487a231885d25deda268a254c873c8e94494625bbef54,0.8340702677876883,0.8340702677876883,0.0,0.0,0.17539703845977783,0.17539703845977783,0.17588060115276183,0.17588060115276183,cuda_FP32_original_batch_present,canonical_letterbox_valid,3d99874f14ae5f316eec36e21141043d75bd4fd17ccfb31e3174198dee269596,aa3ccde19edf0143f29fbb3811fa15cb9f6bfd890500bd95e67be19789494c09,0.4363579750061035,complete_logit_interpolation,0,786432,0.8487639736341969,0,579842,0.7373072306315104,1818f857d1404b69eb4f73a0c843eace2826ef229b3949b162402c277dbde02e,RSI-TailProbe-20261004,0.9796661384971853,502364,0.6387888590494791,4,57c061f79fc3c158f2bd0e7e,0.0,0,0.0,U-Mean-logit-alpha-0.000000,17,ISIC_0011349_A02_T1_S1_57c061f79fc3c158f2bd0e7e.png,S1,0.8916844725608826,0.8914789050918669,T1,val,T1,1703ca22a1c39afeca05ffd0c12fe01606f41d5af81442d20102f130cc2ca491,d67353b51c7f853c45c0fad75d4336d0d442799627d3e648686eb70a497ad029,0.8340702677876883,T1,492149
0.0,0.0,0.0,,A04,0.11076880246400833,0.10988759023570449,0.594133781440845,0.44130322183440635,0.7561764233412313,0,5ca3f9fed2a631d522b1bd5334bde7efb3613c82a3aa714d8ae5da962737af8c,0.11076880246400833,0.07991147041320801,0.0,0.07991147041320801,0.9509458541870117,0.0,0.0,02fc8095c431dfc5451811632a802997c5ba97593e8a98ad29eaf0d9e1211df4,complete_update,1280.0,0.9757561464446292,0.9757561464446292,0.9671175557864622,22002,0,0,9763,0,0,0.0,0.0,0.0,-0.008638590658166967,0.008638590658166967,16ba82c3443a91e7ff00c064a383f9a34c4a1ca7442e3e16be9e626b3f183f98,ISIC_0011350,0,36.346251402503654,0.02839550890820598,ISIC_0011350,e54fefcc85ce809395bac2a51cc3025cd2eb5d0e202e856f798e679b509b519c,0.9526599969895544,0.9526599969895544,0.0,0.0,0.07991147041320801,0.07991147041320801,0.07938240958311293,0.07938240958311293,cuda_FP32_original_batch_present,canonical_letterbox_valid,3d99874f14ae5f316eec36e21141043d75bd4fd17ccfb31e3174198dee269596,5dc7870df14c18068b1f0eedfff72c87ce3bcc0e8df780d3995ed99c5a45fd01,0.5231477618217468,complete_logit_interpolation,0,786432,0.98495674080694,0,648995,0.8252398173014323,7615c74f595817be5673c00c289c5b804fd5d16ef9de16fbde3fcc7c96791fc9,RSI-TailProbe-20261004,0.9667258489430368,661234,0.8408025105794271,2,55a94c999fc3c156bd715dbf,0.0,0,0.0,U-Mean-logit-alpha-0.000000,17,ISIC_0011350_A04_T1_S1_55a94c999fc3c156bd715dbf.png,S1,0.9509458541870117,0.9511227710694786,T1,val,T1,1703ca22a1c39afeca05ffd0c12fe01606f41d5af81442d20102f130cc2ca491,d67353b51c7f853c45c0fad75d4336d0d442799627d3e648686eb70a497ad029,0.9526599969895544,T1,639232
0.0,0.0,0.0,,A06,0.15997987985610962,0.15908430567934206,0.5812961015828493,0.4540449249491593,0.6737446580634794,0,5ca3f9fed2a631d522b1bd5334bde7efb3613c82a3aa714d8ae5da962737af8c,0.15997987985610962,0.10917484760284424,0.0,0.10917484760284424,0.9416301846504211,0.0,0.0,02fc8095c431dfc5451811632a802997c5ba97593e8a98ad29eaf0d9e1211df4,complete_update,1280.0,0.9613261645272307,0.9613261645272307,0.9463169881470991,47723,0,0,4160,0,0,0.0,0.0,0.0,-0.015009176380131661,0.015009176380131661,16ba82c3443a91e7ff00c064a383f9a34c4a1ca7442e3e16be9e626b3f183f98,ISIC_0011350,0,77.43221464528575,0.0604939176916295,ISIC_0011350,e54fefcc85ce809395bac2a51cc3025cd2eb5d0e202e856f798e679b509b519c,0.9255322813534314,0.9255322813534314,0.0,0.0,0.10917484760284424,0.10917484760284424,0.10864758434523714,0.10864758434523714,cuda_FP32_original_batch_present,canonical_letterbox_valid,3d99874f14ae5f316eec36e21141043d75bd4fd17ccfb31e3174198dee269596,143016a3c572590a97e1fc6f0894a73b6449a498016243a4a6cd57313f821669,0.5231477618217468,complete_logit_interpolation,0,786432,0.9935900892919052,0,648995,0.8252398173014323,7615c74f595817be5673c00c289c5b804fd5d16ef9de16fbde3fcc7c96791fc9,RSI-TailProbe-20261004,0.9310916919593738,692558,0.8806330362955729,2,568b26fc9fc3c126c063fe71,0.0,0,0.0,U-Mean-logit-alpha-0.000000,17,ISIC_0011350_A06_T1_S1_568b26fc9fc3c126c063fe71.png,S1,0.9416301846504211,0.9417891369888678,T1,val,T1,1703ca22a1c39afeca05ffd0c12fe01606f41d5af81442d20102f130cc2ca491,d67353b51c7f853c45c0fad75d4336d0d442799627d3e648686eb70a497ad029,0.9255322813534314,T1,644835
0.0,0.0,0.0,,A08,2.0453176498413086,2.0448931219921707,0.0,0.0,0.0,0,5ca3f9fed2a631d522b1bd5334bde7efb3613c82a3aa714d8ae5da962737af8c,2.0453176498413086,1.4183592796325684,0.0,1.4183592796325684,0.2085990011692047,0.0,0.0,02fc8095c431dfc5451811632a802997c5ba97593e8a98ad29eaf0d9e1211df4,complete_update,800.0,0.20890658467037226,0.20890658467037226,0.21376132808648338,0,0,0,180609,0,0,0.0,0.0,0.0,0.0048547434161111125,-0.0048547434161111125,37d833a93aee301e35751ba7896d7573530720d90b69086371adb0b4f44066b8,ISIC_0019695,0,273.218319263098,0.3415228990788725,ISIC_0019696,c3f0162fd3fe93bf485a7f6efd2a10d418dd68d15006ed7a169166aa56484f63,0.11663634229369645,0.11663634229369645,0.0,0.0,1.4183592796325684,1.4183592796325684,1.4181129763160645,1.4181129763160645,cuda_FP32_original_batch_present,canonical_letterbox_valid,3d99874f14ae5f316eec36e21141043d75bd4fd17ccfb31e3174198dee269596,42df672e5e230e908dcefdb5ce3c77162c612afdddaa7cac096f12c9c0655ca1,0.39639362692832947,complete_logit_interpolation,0,307200,0.11663634229369645,0,204456,0.665546875,08173f24314dde09aa317565ec505c645de5023e2686743f734133e9fca2956f,RSI-TailProbe-20261004,1.0,23847,0.077626953125,2,5b2d281f116597169d55198b,0.0,0,0.0,U-Mean-logit-alpha-0.000000,17,ISIC_0019696_A08_T1_S1_5b2d281f116597169d55198b.png,S1,0.2085990011692047,0.20866716936004182,T1,val,T1,1703ca22a1c39afeca05ffd0c12fe01606f41d5af81442d20102f130cc2ca491,d67353b51c7f853c45c0fad75d4336d0d442799627d3e648686eb70a497ad029,0.0,T1,23847
0.0,0.0,0.0,,A03,0.14322532713413239,0.1433618792719093,0.41605108000627433,0.2633209417596034,0.6167534014515681,0,5ca3f9fed2a631d522b1bd5334bde7efb3613c82a3aa714d8ae5da962737af8c,0.14322532713413239,0.1123545840382576,0.0,0.1123545840382576,0.9185161590576172,0.0,0.0,02fc8095c431dfc5451811632a802997c5ba97593e8a98ad29eaf0d9e1211df4,complete_update,800.0,0.9651989004719672,0.9651989004719672,0.9618379049124879,5040,0,0,9051,0,0,0.0,0.0,0.0,-0.0033609955594793295,0.0033609955594793295,37d833a93aee301e35751ba7896d7573530720d90b69086371adb0b4f44066b8,ISIC_0019695,0,22.825424421026653,0.028531780526283315,ISIC_0019696,c3f0162fd3fe93bf485a7f6efd2a10d418dd68d15006ed7a169166aa56484f63,0.932738572574178,0.932738572574178,0.0,0.0,0.1123545840382576,0.1123545840382576,0.11245847818735236,0.11245847818735236,cuda_FP32_original_batch_present,canonical_letterbox_valid,3d99874f14ae5f316eec36e21141043d75bd4fd17ccfb31e3174198dee269596,38ba465d77d3ff0ebedf941bf04a2c1b561c076fde0fc1e78e922c1994c61e72,0.39639362692832947,complete_logit_interpolation,0,307200,0.9557313064913723,0,204456,0.665546875,08173f24314dde09aa317565ec505c645de5023e2686743f734133e9fca2956f,RSI-TailProbe-20261004,0.9748559455212154,200445,0.652490234375,2,5b30163111659747a0a01017,0.0,0,0.0,U-Mean-logit-alpha-0.000000,17,ISIC_0019696_A03_T1_S1_5b30163111659747a0a01017.png,S1,0.9185161590576172,0.9184449228972046,T1,val,T1,1703ca22a1c39afeca05ffd0c12fe01606f41d5af81442d20102f130cc2ca491,d67353b51c7f853c45c0fad75d4336d0d442799627d3e648686eb70a497ad029,0.932738572574178,T1,195405
0.0,0.0,0.0,,A09,0.37823987007141113,0.37767176841288713,0.39124211948772813,0.23632475422069305,0.5531771511881223,0,5ca3f9fed2a631d522b1bd5334bde7efb3613c82a3aa714d8ae5da962737af8c,0.37823987007141113,0.3106996715068817,0.0,0.3106996715068817,0.7568405270576477,0.0,0.0,02fc8095c431dfc5451811632a802997c5ba97593e8a98ad29eaf0d9e1211df4,complete_update,3840.0,0.7612542536485218,0.7612542536485218,0.7658290329453361,875647,0,0,1412,0,0,0.0,0.0,0.0,0.004574779296814269,-0.004574779296814269,52b1d8565de1e8d2acca1ef76c2c60d1e4dc93ad3f0d6e76e98110362bd2a341,ISIC_0023625,0,839.4694753235522,0.21861184253217505,ISIC_0023628,04a0d32640ada699d0198665365609bb2477e404170e37f837b074289f221b9c,0.6145363210252556,0.6145363210252556,0.0,0.0,0.3106996715068817,0.3106996715068817,0.3103321516789256,0.3103321516789256,cuda_FP32_original_batch_present,canonical_letterbox_valid,3d99874f14ae5f316eec36e21141043d75bd4fd17ccfb31e3174198dee269596,63cacc5d83027f47b8d3350b590aedef77c993b37d4b62687168be6fcf7189f0,0.4165475368499756,complete_logit_interpolation,0,7077888,0.9989912037539794,0,1399688,0.1977550365306713,2ed844422688a818c455ef056fc8d6d667c3cb3ac2a7e0104a3def6190feb9eb,RSI-TailProbe-20261004,0.6149179193842536,2273923,0.321271401864511,2,5b3106cf11659747a0a012e8,0.0,0,0.0,U-Mean-logit-alpha-0.000000,17,ISIC_0023628_A09_T1_S1_5b3106cf11659747a0a012e8.png,S1,0.7568405270576477,0.757007465055036,T1,val,T1,1703ca22a1c39afeca05ffd0c12fe01606f41d5af81442d20102f130cc2ca491,d67353b51c7f853c45c0fad75d4336d0d442799627d3e648686eb70a497ad029,0.0,T1,1398276
0.0,0.0,0.0,,A03,0.47159281373023987,0.46848046409199023,0.21397827201120478,0.09463239844169412,0.41017315882303673,0,5ca3f9fed2a631d522b1bd5334bde7efb3613c82a3aa714d8ae5da962737af8c,0.47159281373023987,0.3721200227737427,0.0,0.3721200227737427,0.7273527979850769,0.0,0.0,02fc8095c431dfc5451811632a802997c5ba97593e8a98ad29eaf0d9e1211df4,complete_update,3840.0,0.7263547307404783,0.7263547307404783,0.7312767383790618,1054529,0,0,58,0,0,0.0,0.0,0.0,0.004922007638583525,-0.004922007638583525,52b1d8565de1e8d2acca1ef76c2c60d1e4dc93ad3f0d6e76e98110362bd2a341,ISIC_0023625,0,904.5982533699697,0.23557246181509628,ISIC_0023628,04a0d32640ada699d0198665365609bb2477e404170e37f837b074289f221b9c,0.5702959436757222,0.5702959436757222,0.0,0.0,0.3721200227737427,0.3721200227737427,0.37013043331684603,0.37013043331684603,cuda_FP32_original_batch_present,canonical_letterbox_valid,3d99874f14ae5f316eec36e21141043d75bd4fd17ccfb31e3174198dee269596,eed7b1aee512d45e17275cccd0d2c24fa311ca8dcca17678417dd5c0f16793fb,0.4165475368499756,complete_logit_interpolation,0,7077888,0.9999585621938604,0,1399688,0.1977550365306713,2ed844422688a818c455ef056fc8d6d667c3cb3ac2a7e0104a3def6190feb9eb,RSI-TailProbe-20261004,0.5703094216796875,2454159,0.3467360602484809,2,5b3106f211659747a0a012eb,0.0,0,0.0,U-Mean-logit-alpha-0.000000,17,ISIC_0023628_A03_T1_S1_5b3106f211659747a0a012eb.png,S1,0.7273527979850769,0.7282195974582982,T1,val,T1,1703ca22a1c39afeca05ffd0c12fe01606f41d5af81442d20102f130cc2ca491,d67353b51c7f853c45c0fad75d4336d0d442799627d3e648686eb70a497ad029,0.0,T1,1399630
0.0,0.0,0.0,,A08,0.8427826762199402,0.8424133841535529,0.10585750052159398,0.07848616282193989,0.1440636895624865,0,5ca3f9fed2a631d522b1bd5334bde7efb3613c82a3aa714d8ae5da962737af8c,0.8427826762199402,0.7238600850105286,0.0,0.7238600850105286,0.39506250619888306,0.0,0.0,02fc8095c431dfc5451811632a802997c5ba97593e8a98ad29eaf0d9e1211df4,complete_update,3840.0,0.39453557943380985,0.39453557943380985,0.3988856607869933,1029970,0,0,1412,0,0,0.0,0.0,0.0,0.004350081353183433,-0.004350081353183433,52b1d8565de1e8d2acca1ef76c2c60d1e4dc93ad3f0d6e76e98110362bd2a341,ISIC_0036170,0,474.63353830718825,0.1236024839341636,ISIC_0036170,ac25a04e6204ffcd4f02b5fff8ba35ee0f43ccb2460ffb44315680a8a83f2ea8,0.24574545183297877,0.24574545183297877,0.0,0.0,0.7238600850105286,0.7238600850105286,0.7237535571222082,0.7237535571222082,cuda_FP32_original_batch_present,canonical_letterbox_valid,3d99874f14ae5f316eec36e21141043d75bd4fd17ccfb31e3174198dee269596,0953540fb7660c0a062a06ca3c32c437e75e55d53b4c25ae356f3f4f0e776e65,0.3444285988807678,complete_logit_interpolation,0,7077888,0.9958156639966336,0,337449,0.04767651028103299,abcd06918821b1b240426054d4ca01c94c5d333268b8f8415036251bbd0e834f,RSI-TailProbe-20261004,0.24599947145219608,1366007,0.19299641361942999,2,5b2d3274116597169d551a35,0.0,0,0.0,U-Mean-logit-alpha-0.000000,17,ISIC_0036170_A08_T1_S1_5b2d3274116597169d551a35.png,S1,0.39506250619888306,0.39490626990913663,T1,val,T1,1703ca22a1c39afeca05ffd0c12fe01606f41d5af81442d20102f130cc2ca491,d67353b51c7f853c45c0fad75d4336d0d442799627d3e648686eb70a497ad029,0.0,T1,336037
0.0,0.0,0.0,,A03,0.2159450799226761,0.2146196172525947,0.03168149706319591,0.016773966803520935,0.056416097007755704,0,5ca3f9fed2a631d522b1bd5334bde7efb3613c82a3aa714d8ae5da962737af8c,0.2159450799226761,0.3354729115962982,0.0,0.3354729115962982,0.5449992418289185,0.0,0.0,02fc8095c431dfc5451811632a802997c5ba97593e8a98ad29eaf0d9e1211df4,complete_update,3840.0,0.5440257196974909,0.5440257196974909,0.5520753244797715,297481,0,0,100207,0,0,0.0,0.0,0.0,0.008049604782280562,-0.008049604782280562,52b1d8565de1e8d2acca1ef76c2c60d1e4dc93ad3f0d6e76e98110362bd2a341,ISIC_0036170,0,336.1892962017429,0.08754929588587054,ISIC_0036170,ac25a04e6204ffcd4f02b5fff8ba35ee0f43ccb2460ffb44315680a8a83f2ea8,0.37365063865307985,0.37365063865307985,0.0,0.0,0.3354729115962982,0.3354729115962982,0.3344750397118782,0.3344750397118782,cuda_FP32_original_batch_present,canonical_letterbox_valid,3d99874f14ae5f316eec36e21141043d75bd4fd17ccfb31e3174198dee269596,4a8d4b16b0a85a5e448ec83bb9ddd0bd2d211cf913eb9eda9682e65adad42be1,0.3444285988807678,complete_logit_interpolation,0,7077888,0.7030454972455097,0,337449,0.04767651028103299,abcd06918821b1b240426054d4ca01c94c5d333268b8f8415036251bbd0e834f,RSI-TailProbe-20261004,0.44367270530723385,534723,0.07554838392469618,2,5b30111a11659747a0a00fd8,0.0,0,0.0,U-Mean-logit-alpha-0.000000,17,ISIC_0036170_A03_T1_S1_5b30111a11659747a0a00fd8.png,S1,0.5449992418289185,0.5456695378288383,T1,val,T1,1703ca22a1c39afeca05ffd0c12fe01606f41d5af81442d20102f130cc2ca491,d67353b51c7f853c45c0fad75d4336d0d442799627d3e648686eb70a497ad029,0.0,T1,237242
