image_id,role,model,threshold,dice,moved_fraction
ISIC_0001769,locked_verification100,local8_gate,0.3,0.907267144319345,1.0
ISIC_0001769,locked_verification100,local8_gate,0.5,0.907267144319345,1.0
ISIC_0001769,locked_verification100,local8_gate,0.7,0.9445482866043614,0.06640625
ISIC_0001769,locked_verification100,local8_gate,0.8,0.9421726559273028,0.0
ISIC_0001769,locked_verification100,local8_gate,0.85,0.9421726559273028,0.0
ISIC_0001769,locked_verification100,local8_gate,0.9,0.9421726559273028,0.0
ISIC_0001769,locked_verification100,local8_gate,0.95,0.9421726559273028,0.0
ISIC_0001769,locked_verification100,local8_gate,0.99,0.9421726559273028,0.0
ISIC_0001769,locked_verification100,global_gate,0.3,0.9302818393727484,1.0
ISIC_0001769,locked_verification100,global_gate,0.5,0.9575205895101864,0.4375
ISIC_0001769,locked_verification100,global_gate,0.7,0.9421726559273028,0.0
ISIC_0001769,locked_verification100,global_gate,0.8,0.9421726559273028,0.0
ISIC_0001769,locked_verification100,global_gate,0.85,0.9421726559273028,0.0
ISIC_0001769,locked_verification100,global_gate,0.9,0.9421726559273028,0.0
ISIC_0001769,locked_verification100,global_gate,0.95,0.9421726559273028,0.0
ISIC_0001769,locked_verification100,global_gate,0.99,0.9421726559273028,0.0
ISIC_0001852,locked_verification100,local8_gate,0.3,0.8907889623008162,0.54296875
ISIC_0001852,locked_verification100,local8_gate,0.5,0.9401968205904617,0.19921875
ISIC_0001852,locked_verification100,local8_gate,0.7,0.9569377990430622,0.0
ISIC_0001852,locked_verification100,local8_gate,0.8,0.9569377990430622,0.0
ISIC_0001852,locked_verification100,local8_gate,0.85,0.9569377990430622,0.0
ISIC_0001852,locked_verification100,local8_gate,0.9,0.9569377990430622,0.0
ISIC_0001852,locked_verification100,local8_gate,0.95,0.9569377990430622,0.0
ISIC_0001852,locked_verification100,local8_gate,0.99,0.9569377990430622,0.0
ISIC_0001852,locked_verification100,global_gate,0.3,0.9100817438692098,0.37890625
ISIC_0001852,locked_verification100,global_gate,0.5,0.9569060773480663,0.01171875
ISIC_0001852,locked_verification100,global_gate,0.7,0.9569377990430622,0.0
ISIC_0001852,locked_verification100,global_gate,0.8,0.9569377990430622,0.0
ISIC_0001852,locked_verification100,global_gate,0.85,0.9569377990430622,0.0
ISIC_0001852,locked_verification100,global_gate,0.9,0.9569377990430622,0.0
ISIC_0001852,locked_verification100,global_gate,0.95,0.9569377990430622,0.0
ISIC_0001852,locked_verification100,global_gate,0.99,0.9569377990430622,0.0
ISIC_0001871,locked_verification100,local8_gate,0.3,0.896723163841808,1.0
ISIC_0001871,locked_verification100,local8_gate,0.5,0.8974932855863921,0.91015625
ISIC_0001871,locked_verification100,local8_gate,0.7,0.9415258108725445,0.14453125
ISIC_0001871,locked_verification100,local8_gate,0.8,0.9502385821404227,0.0
ISIC_0001871,locked_verification100,local8_gate,0.85,0.9502385821404227,0.0
ISIC_0001871,locked_verification100,local8_gate,0.9,0.9502385821404227,0.0
ISIC_0001871,locked_verification100,local8_gate,0.95,0.9502385821404227,0.0
ISIC_0001871,locked_verification100,local8_gate,0.99,0.9502385821404227,0.0
ISIC_0001871,locked_verification100,global_gate,0.3,0.9002557544757033,1.0
ISIC_0001871,locked_verification100,global_gate,0.5,0.9259427532939573,0.57421875
ISIC_0001871,locked_verification100,global_gate,0.7,0.9504320145520692,0.0078125
ISIC_0001871,locked_verification100,global_gate,0.8,0.9502385821404227,0.0
ISIC_0001871,locked_verification100,global_gate,0.85,0.9502385821404227,0.0
ISIC_0001871,locked_verification100,global_gate,0.9,0.9502385821404227,0.0
ISIC_0001871,locked_verification100,global_gate,0.95,0.9502385821404227,0.0
ISIC_0001871,locked_verification100,global_gate,0.99,0.9502385821404227,0.0
ISIC_0003462,locked_verification100,local8_gate,0.3,0.7951473136915078,0.9765625
ISIC_0003462,locked_verification100,local8_gate,0.5,0.810403832991102,0.48828125
ISIC_0003462,locked_verification100,local8_gate,0.7,0.8725267596496918,0.0
ISIC_0003462,locked_verification100,local8_gate,0.8,0.8725267596496918,0.0
ISIC_0003462,locked_verification100,local8_gate,0.85,0.8725267596496918,0.0
ISIC_0003462,locked_verification100,local8_gate,0.9,0.8725267596496918,0.0
ISIC_0003462,locked_verification100,local8_gate,0.95,0.8725267596496918,0.0
ISIC_0003462,locked_verification100,local8_gate,0.99,0.8725267596496918,0.0
ISIC_0003462,locked_verification100,global_gate,0.3,0.7478386167146974,0.87109375
ISIC_0003462,locked_verification100,global_gate,0.5,0.8428761651131824,0.2578125
ISIC_0003462,locked_verification100,global_gate,0.7,0.8725267596496918,0.0
ISIC_0003462,locked_verification100,global_gate,0.8,0.8725267596496918,0.0
ISIC_0003462,locked_verification100,global_gate,0.85,0.8725267596496918,0.0
ISIC_0003462,locked_verification100,global_gate,0.9,0.8725267596496918,0.0
ISIC_0003462,locked_verification100,global_gate,0.95,0.8725267596496918,0.0
ISIC_0003462,locked_verification100,global_gate,0.99,0.8725267596496918,0.0
ISIC_0003539,locked_verification100,local8_gate,0.3,0.685099846390169,0.94921875
ISIC_0003539,locked_verification100,local8_gate,0.5,0.6552740129640542,0.5859375
ISIC_0003539,locked_verification100,local8_gate,0.7,0.7627822944896115,0.17578125
ISIC_0003539,locked_verification100,local8_gate,0.8,0.8166666666666667,0.0234375
ISIC_0003539,locked_verification100,local8_gate,0.85,0.8174878556557946,0.0
ISIC_0003539,locked_verification100,local8_gate,0.9,0.8174878556557946,0.0
ISIC_0003539,locked_verification100,local8_gate,0.95,0.8174878556557946,0.0
ISIC_0003539,locked_verification100,local8_gate,0.99,0.8174878556557946,0.0
ISIC_0003539,locked_verification100,global_gate,0.3,0.7297448314397467,1.0
ISIC_0003539,locked_verification100,global_gate,0.5,0.7369396072619488,0.62109375
ISIC_0003539,locked_verification100,global_gate,0.7,0.8097067039106145,0.06640625
ISIC_0003539,locked_verification100,global_gate,0.8,0.8170774036792781,0.0078125
ISIC_0003539,locked_verification100,global_gate,0.85,0.8174878556557946,0.0
ISIC_0003539,locked_verification100,global_gate,0.9,0.8174878556557946,0.0
ISIC_0003539,locked_verification100,global_gate,0.95,0.8174878556557946,0.0
ISIC_0003539,locked_verification100,global_gate,0.99,0.8174878556557946,0.0
ISIC_0003582,locked_verification100,local8_gate,0.3,0.9091926160730934,1.0
ISIC_0003582,locked_verification100,local8_gate,0.5,0.9050964122389327,0.67578125
ISIC_0003582,locked_verification100,local8_gate,0.7,0.9289152165864495,0.13671875
ISIC_0003582,locked_verification100,local8_gate,0.8,0.9393689986282578,0.0
ISIC_0003582,locked_verification100,local8_gate,0.85,0.9393689986282578,0.0
ISIC_0003582,locked_verification100,local8_gate,0.9,0.9393689986282578,0.0
ISIC_0003582,locked_verification100,local8_gate,0.95,0.9393689986282578,0.0
ISIC_0003582,locked_verification100,local8_gate,0.99,0.9393689986282578,0.0
ISIC_0003582,locked_verification100,global_gate,0.3,0.9021429926038308,0.8359375
ISIC_0003582,locked_verification100,global_gate,0.5,0.9164089588604629,0.4609375
ISIC_0003582,locked_verification100,global_gate,0.7,0.9354097758177141,0.09375
ISIC_0003582,locked_verification100,global_gate,0.8,0.9384953322350357,0.015625
ISIC_0003582,locked_verification100,global_gate,0.85,0.9393689986282578,0.0
ISIC_0003582,locked_verification100,global_gate,0.9,0.9393689986282578,0.0
ISIC_0003582,locked_verification100,global_gate,0.95,0.9393689986282578,0.0
ISIC_0003582,locked_verification100,global_gate,0.99,0.9393689986282578,0.0
ISIC_0003657,locked_verification100,local8_gate,0.3,0.920284135753749,1.0
ISIC_0003657,locked_verification100,local8_gate,0.5,0.927936297279363,0.91015625
ISIC_0003657,locked_verification100,local8_gate,0.7,0.9677508650519031,0.4375
ISIC_0003657,locked_verification100,local8_gate,0.8,0.9612877477717174,0.0703125
ISIC_0003657,locked_verification100,local8_gate,0.85,0.955948298601952,0.0
ISIC_0003657,locked_verification100,local8_gate,0.9,0.955948298601952,0.0
ISIC_0003657,locked_verification100,local8_gate,0.95,0.955948298601952,0.0
ISIC_0003657,locked_verification100,local8_gate,0.99,0.955948298601952,0.0
ISIC_0003657,locked_verification100,global_gate,0.3,0.9260484191030559,1.0
ISIC_0003657,locked_verification100,global_gate,0.5,0.9439176374966134,0.80859375
ISIC_0003657,locked_verification100,global_gate,0.7,0.9687457349529138,0.33984375
ISIC_0003657,locked_verification100,global_gate,0.8,0.955948298601952,0.0
ISIC_0003657,locked_verification100,global_gate,0.85,0.955948298601952,0.0
ISIC_0003657,locked_verification100,global_gate,0.9,0.955948298601952,0.0
ISIC_0003657,locked_verification100,global_gate,0.95,0.955948298601952,0.0
ISIC_0003657,locked_verification100,global_gate,0.99,0.955948298601952,0.0
ISIC_0003805,locked_verification100,local8_gate,0.3,0.9037037037037037,0.8515625
ISIC_0003805,locked_verification100,local8_gate,0.5,0.9386808087504143,0.5
ISIC_0003805,locked_verification100,local8_gate,0.7,0.9128787878787878,0.0
ISIC_0003805,locked_verification100,local8_gate,0.8,0.9128787878787878,0.0
ISIC_0003805,locked_verification100,local8_gate,0.85,0.9128787878787878,0.0
ISIC_0003805,locked_verification100,local8_gate,0.9,0.9128787878787878,0.0
ISIC_0003805,locked_verification100,local8_gate,0.95,0.9128787878787878,0.0
ISIC_0003805,locked_verification100,local8_gate,0.99,0.9128787878787878,0.0
ISIC_0003805,locked_verification100,global_gate,0.3,0.9037143887486476,0.71484375
ISIC_0003805,locked_verification100,global_gate,0.5,0.9294231388978408,0.16015625
ISIC_0003805,locked_verification100,global_gate,0.7,0.9128787878787878,0.0
ISIC_0003805,locked_verification100,global_gate,0.8,0.9128787878787878,0.0
ISIC_0003805,locked_verification100,global_gate,0.85,0.9128787878787878,0.0
ISIC_0003805,locked_verification100,global_gate,0.9,0.9128787878787878,0.0
ISIC_0003805,locked_verification100,global_gate,0.95,0.9128787878787878,0.0
ISIC_0003805,locked_verification100,global_gate,0.99,0.9128787878787878,0.0
ISIC_0004337,locked_verification100,local8_gate,0.3,0.8908526391210891,0.94921875
ISIC_0004337,locked_verification100,local8_gate,0.5,0.8523270440251572,0.5859375
ISIC_0004337,locked_verification100,local8_gate,0.7,0.8900120336943441,0.08203125
ISIC_0004337,locked_verification100,local8_gate,0.8,0.8936576061039581,0.0
ISIC_0004337,locked_verification100,local8_gate,0.85,0.8936576061039581,0.0
ISIC_0004337,locked_verification100,local8_gate,0.9,0.8936576061039581,0.0
ISIC_0004337,locked_verification100,local8_gate,0.95,0.8936576061039581,0.0
ISIC_0004337,locked_verification100,local8_gate,0.99,0.8936576061039581,0.0
ISIC_0004337,locked_verification100,global_gate,0.3,0.8847746650426309,0.89453125
ISIC_0004337,locked_verification100,global_gate,0.5,0.860400304028376,0.52734375
ISIC_0004337,locked_verification100,global_gate,0.7,0.8879248011569053,0.10546875
ISIC_0004337,locked_verification100,global_gate,0.8,0.8936576061039581,0.0
ISIC_0004337,locked_verification100,global_gate,0.85,0.8936576061039581,0.0
ISIC_0004337,locked_verification100,global_gate,0.9,0.8936576061039581,0.0
ISIC_0004337,locked_verification100,global_gate,0.95,0.8936576061039581,0.0
ISIC_0004337,locked_verification100,global_gate,0.99,0.8936576061039581,0.0
ISIC_0006651,locked_verification100,local8_gate,0.3,0.8418570009930486,1.0
ISIC_0006651,locked_verification100,local8_gate,0.5,0.8470093919920909,0.9453125
ISIC_0006651,locked_verification100,local8_gate,0.7,0.8833191385813359,0.0
ISIC_0006651,locked_verification100,local8_gate,0.8,0.8833191385813359,0.0
ISIC_0006651,locked_verification100,local8_gate,0.85,0.8833191385813359,0.0
ISIC_0006651,locked_verification100,local8_gate,0.9,0.8833191385813359,0.0
ISIC_0006651,locked_verification100,local8_gate,0.95,0.8833191385813359,0.0
ISIC_0006651,locked_verification100,local8_gate,0.99,0.8833191385813359,0.0
ISIC_0006651,locked_verification100,global_gate,0.3,0.8281050752359093,1.0
ISIC_0006651,locked_verification100,global_gate,0.5,0.8535,0.30859375
ISIC_0006651,locked_verification100,global_gate,0.7,0.8833191385813359,0.0
ISIC_0006651,locked_verification100,global_gate,0.8,0.8833191385813359,0.0
ISIC_0006651,locked_verification100,global_gate,0.85,0.8833191385813359,0.0
ISIC_0006651,locked_verification100,global_gate,0.9,0.8833191385813359,0.0
ISIC_0006651,locked_verification100,global_gate,0.95,0.8833191385813359,0.0
ISIC_0006651,locked_verification100,global_gate,0.99,0.8833191385813359,0.0
ISIC_0006671,calibration50,local8_gate,0.3,0.8576623376623377,1.0
ISIC_0006671,calibration50,local8_gate,0.5,0.8576623376623377,1.0
ISIC_0006671,calibration50,local8_gate,0.7,0.8825301204819277,0.76953125
ISIC_0006671,calibration50,local8_gate,0.8,0.916083916083916,0.23046875
ISIC_0006671,calibration50,local8_gate,0.85,0.8980287174495011,0.08984375
ISIC_0006671,calibration50,local8_gate,0.9,0.884255930984903,0.0
ISIC_0006671,calibration50,local8_gate,0.95,0.884255930984903,0.0
ISIC_0006671,calibration50,local8_gate,0.99,0.884255930984903,0.0
ISIC_0006671,calibration50,global_gate,0.3,0.8478880538999741,1.0
ISIC_0006671,calibration50,global_gate,0.5,0.8478880538999741,1.0
ISIC_0006671,calibration50,global_gate,0.7,0.8717545239968528,0.76171875
ISIC_0006671,calibration50,global_gate,0.8,0.9084542271135568,0.23046875
ISIC_0006671,calibration50,global_gate,0.85,0.8951965065502183,0.07421875
ISIC_0006671,calibration50,global_gate,0.9,0.884255930984903,0.0
ISIC_0006671,calibration50,global_gate,0.95,0.884255930984903,0.0
ISIC_0006671,calibration50,global_gate,0.99,0.884255930984903,0.0
ISIC_0006815,calibration50,local8_gate,0.3,0.5667485667485668,1.0
ISIC_0006815,calibration50,local8_gate,0.5,0.620253164556962,0.703125
ISIC_0006815,calibration50,local8_gate,0.7,0.6394779771615008,0.1875
ISIC_0006815,calibration50,local8_gate,0.8,0.9097035040431267,0.0
ISIC_0006815,calibration50,local8_gate,0.85,0.9097035040431267,0.0
ISIC_0006815,calibration50,local8_gate,0.9,0.9097035040431267,0.0
ISIC_0006815,calibration50,local8_gate,0.95,0.9097035040431267,0.0
ISIC_0006815,calibration50,local8_gate,0.99,0.9097035040431267,0.0
ISIC_0006815,calibration50,global_gate,0.3,0.6982693754702785,1.0
ISIC_0006815,calibration50,global_gate,0.5,0.8147612156295224,0.484375
ISIC_0006815,calibration50,global_gate,0.7,0.9097035040431267,0.0
ISIC_0006815,calibration50,global_gate,0.8,0.9097035040431267,0.0
ISIC_0006815,calibration50,global_gate,0.85,0.9097035040431267,0.0
ISIC_0006815,calibration50,global_gate,0.9,0.9097035040431267,0.0
ISIC_0006815,calibration50,global_gate,0.95,0.9097035040431267,0.0
ISIC_0006815,calibration50,global_gate,0.99,0.9097035040431267,0.0
ISIC_0006914,locked_verification100,local8_gate,0.3,0.8074721780604134,1.0
ISIC_0006914,locked_verification100,local8_gate,0.5,0.8074721780604134,1.0
ISIC_0006914,locked_verification100,local8_gate,0.7,0.82300329515142,0.8046875
ISIC_0006914,locked_verification100,local8_gate,0.8,0.8557919621749409,0.453125
ISIC_0006914,locked_verification100,local8_gate,0.85,0.8831535886946821,0.16015625
ISIC_0006914,locked_verification100,local8_gate,0.9,0.8986357635323456,0.0
ISIC_0006914,locked_verification100,local8_gate,0.95,0.8986357635323456,0.0
ISIC_0006914,locked_verification100,local8_gate,0.99,0.8986357635323456,0.0
ISIC_0006914,locked_verification100,global_gate,0.3,0.8075669660599316,1.0
ISIC_0006914,locked_verification100,global_gate,0.5,0.8075669660599316,1.0
ISIC_0006914,locked_verification100,global_gate,0.7,0.8093650793650794,0.9765625
ISIC_0006914,locked_verification100,global_gate,0.8,0.8561189477697293,0.48046875
ISIC_0006914,locked_verification100,global_gate,0.85,0.8975846119961823,0.015625
ISIC_0006914,locked_verification100,global_gate,0.9,0.8986357635323456,0.0
ISIC_0006914,locked_verification100,global_gate,0.95,0.8986357635323456,0.0
ISIC_0006914,locked_verification100,global_gate,0.99,0.8986357635323456,0.0
ISIC_0007141,locked_verification100,local8_gate,0.3,0.7590937201326812,1.0
ISIC_0007141,locked_verification100,local8_gate,0.5,0.7544018058690745,0.9296875
ISIC_0007141,locked_verification100,local8_gate,0.7,0.7548936650307441,0.48046875
ISIC_0007141,locked_verification100,local8_gate,0.8,0.7802155291516993,0.0
ISIC_0007141,locked_verification100,local8_gate,0.85,0.7802155291516993,0.0
ISIC_0007141,locked_verification100,local8_gate,0.9,0.7802155291516993,0.0
ISIC_0007141,locked_verification100,local8_gate,0.95,0.7802155291516993,0.0
ISIC_0007141,locked_verification100,local8_gate,0.99,0.7802155291516993,0.0
ISIC_0007141,locked_verification100,global_gate,0.3,0.7346938775510204,1.0
ISIC_0007141,locked_verification100,global_gate,0.5,0.7295959479682284,0.79296875
ISIC_0007141,locked_verification100,global_gate,0.7,0.7570672373014979,0.3515625
ISIC_0007141,locked_verification100,global_gate,0.8,0.7793385687423957,0.015625
ISIC_0007141,locked_verification100,global_gate,0.85,0.7802155291516993,0.0
ISIC_0007141,locked_verification100,global_gate,0.9,0.7802155291516993,0.0
ISIC_0007141,locked_verification100,global_gate,0.95,0.7802155291516993,0.0
ISIC_0007141,locked_verification100,global_gate,0.99,0.7802155291516993,0.0
ISIC_0007156,locked_verification100,local8_gate,0.3,0.8755237194215435,1.0
ISIC_0007156,locked_verification100,local8_gate,0.5,0.8755237194215435,1.0
ISIC_0007156,locked_verification100,local8_gate,0.7,0.8621305841924398,0.33984375
ISIC_0007156,locked_verification100,local8_gate,0.8,0.8842162016444265,0.0
ISIC_0007156,locked_verification100,local8_gate,0.85,0.8842162016444265,0.0
ISIC_0007156,locked_verification100,local8_gate,0.9,0.8842162016444265,0.0
ISIC_0007156,locked_verification100,local8_gate,0.95,0.8842162016444265,0.0
ISIC_0007156,locked_verification100,local8_gate,0.99,0.8842162016444265,0.0
ISIC_0007156,locked_verification100,global_gate,0.3,0.8680375868173771,1.0
ISIC_0007156,locked_verification100,global_gate,0.5,0.8331454340473506,0.7109375
ISIC_0007156,locked_verification100,global_gate,0.7,0.8825593952483801,0.015625
ISIC_0007156,locked_verification100,global_gate,0.8,0.8842162016444265,0.0
ISIC_0007156,locked_verification100,global_gate,0.85,0.8842162016444265,0.0
ISIC_0007156,locked_verification100,global_gate,0.9,0.8842162016444265,0.0
ISIC_0007156,locked_verification100,global_gate,0.95,0.8842162016444265,0.0
ISIC_0007156,locked_verification100,global_gate,0.99,0.8842162016444265,0.0
ISIC_0007235,calibration50,local8_gate,0.3,0.859304932735426,1.0
ISIC_0007235,calibration50,local8_gate,0.5,0.859304932735426,1.0
ISIC_0007235,calibration50,local8_gate,0.7,0.9061714604858978,0.1796875
ISIC_0007235,calibration50,local8_gate,0.8,0.9149674018587877,0.0
ISIC_0007235,calibration50,local8_gate,0.85,0.9149674018587877,0.0
ISIC_0007235,calibration50,local8_gate,0.9,0.9149674018587877,0.0
ISIC_0007235,calibration50,local8_gate,0.95,0.9149674018587877,0.0
ISIC_0007235,calibration50,local8_gate,0.99,0.9149674018587877,0.0
ISIC_0007235,calibration50,global_gate,0.3,0.8499423963133641,1.0
ISIC_0007235,calibration50,global_gate,0.5,0.8495366965730254,0.68359375
ISIC_0007235,calibration50,global_gate,0.7,0.9034067012477218,0.12109375
ISIC_0007235,calibration50,global_gate,0.8,0.9149674018587877,0.0
ISIC_0007235,calibration50,global_gate,0.85,0.9149674018587877,0.0
ISIC_0007235,calibration50,global_gate,0.9,0.9149674018587877,0.0
ISIC_0007235,calibration50,global_gate,0.95,0.9149674018587877,0.0
ISIC_0007235,calibration50,global_gate,0.99,0.9149674018587877,0.0
ISIC_0007241,locked_verification100,local8_gate,0.3,0.8635536688902365,1.0
ISIC_0007241,locked_verification100,local8_gate,0.5,0.8515397579286043,0.8671875
ISIC_0007241,locked_verification100,local8_gate,0.7,0.8433883659929023,0.34765625
ISIC_0007241,locked_verification100,local8_gate,0.8,0.8674041521442643,0.0
ISIC_0007241,locked_verification100,local8_gate,0.85,0.8674041521442643,0.0
ISIC_0007241,locked_verification100,local8_gate,0.9,0.8674041521442643,0.0
ISIC_0007241,locked_verification100,local8_gate,0.95,0.8674041521442643,0.0
ISIC_0007241,locked_verification100,local8_gate,0.99,0.8674041521442643,0.0
ISIC_0007241,locked_verification100,global_gate,0.3,0.8654545454545455,1.0
ISIC_0007241,locked_verification100,global_gate,0.5,0.8192999053926207,0.6328125
ISIC_0007241,locked_verification100,global_gate,0.7,0.8471386703686565,0.1953125
ISIC_0007241,locked_verification100,global_gate,0.8,0.8674041521442643,0.0
ISIC_0007241,locked_verification100,global_gate,0.85,0.8674041521442643,0.0
ISIC_0007241,locked_verification100,global_gate,0.9,0.8674041521442643,0.0
ISIC_0007241,locked_verification100,global_gate,0.95,0.8674041521442643,0.0
ISIC_0007241,locked_verification100,global_gate,0.99,0.8674041521442643,0.0
ISIC_0007332,locked_verification100,local8_gate,0.3,0.8518811881188119,1.0
ISIC_0007332,locked_verification100,local8_gate,0.5,0.8476597436152241,0.94921875
ISIC_0007332,locked_verification100,local8_gate,0.7,0.844904871003088,0.7578125
ISIC_0007332,locked_verification100,local8_gate,0.8,0.8781636256621542,0.11328125
ISIC_0007332,locked_verification100,local8_gate,0.85,0.8877868533644496,0.0
ISIC_0007332,locked_verification100,local8_gate,0.9,0.8877868533644496,0.0
ISIC_0007332,locked_verification100,local8_gate,0.95,0.8877868533644496,0.0
ISIC_0007332,locked_verification100,local8_gate,0.99,0.8877868533644496,0.0
ISIC_0007332,locked_verification100,global_gate,0.3,0.8697701826753094,1.0
ISIC_0007332,locked_verification100,global_gate,0.5,0.8697701826753094,1.0
ISIC_0007332,locked_verification100,global_gate,0.7,0.8423600605143722,0.66796875
ISIC_0007332,locked_verification100,global_gate,0.8,0.8863791256937007,0.015625
ISIC_0007332,locked_verification100,global_gate,0.85,0.8877868533644496,0.0
ISIC_0007332,locked_verification100,global_gate,0.9,0.8877868533644496,0.0
ISIC_0007332,locked_verification100,global_gate,0.95,0.8877868533644496,0.0
ISIC_0007332,locked_verification100,global_gate,0.99,0.8877868533644496,0.0
ISIC_0007344,locked_verification100,local8_gate,0.3,0.9134290154493098,1.0
ISIC_0007344,locked_verification100,local8_gate,0.5,0.9090408444240478,0.953125
ISIC_0007344,locked_verification100,local8_gate,0.7,0.9217866909753875,0.5546875
ISIC_0007344,locked_verification100,local8_gate,0.8,0.9560557341907824,0.05859375
ISIC_0007344,locked_verification100,local8_gate,0.85,0.955078125,0.0
ISIC_0007344,locked_verification100,local8_gate,0.9,0.955078125,0.0
ISIC_0007344,locked_verification100,local8_gate,0.95,0.955078125,0.0
ISIC_0007344,locked_verification100,local8_gate,0.99,0.955078125,0.0
ISIC_0007344,locked_verification100,global_gate,0.3,0.9241497898356897,1.0
ISIC_0007344,locked_verification100,global_gate,0.5,0.9237385321100917,0.99609375
ISIC_0007344,locked_verification100,global_gate,0.7,0.9369085173501577,0.4765625
ISIC_0007344,locked_verification100,global_gate,0.8,0.954781054512958,0.07421875
ISIC_0007344,locked_verification100,global_gate,0.85,0.955078125,0.0
ISIC_0007344,locked_verification100,global_gate,0.9,0.955078125,0.0
ISIC_0007344,locked_verification100,global_gate,0.95,0.955078125,0.0
ISIC_0007344,locked_verification100,global_gate,0.99,0.955078125,0.0
ISIC_0007528,calibration50,local8_gate,0.3,0.6486101211689237,1.0
ISIC_0007528,calibration50,local8_gate,0.5,0.6900420757363254,0.44921875
ISIC_0007528,calibration50,local8_gate,0.7,0.7534007673526334,0.0
ISIC_0007528,calibration50,local8_gate,0.8,0.7534007673526334,0.0
ISIC_0007528,calibration50,local8_gate,0.85,0.7534007673526334,0.0
ISIC_0007528,calibration50,local8_gate,0.9,0.7534007673526334,0.0
ISIC_0007528,calibration50,local8_gate,0.95,0.7534007673526334,0.0
ISIC_0007528,calibration50,local8_gate,0.99,0.7534007673526334,0.0
ISIC_0007528,calibration50,global_gate,0.3,0.6891358910003585,0.9453125
ISIC_0007528,calibration50,global_gate,0.5,0.7397743300423131,0.10546875
ISIC_0007528,calibration50,global_gate,0.7,0.7534007673526334,0.0
ISIC_0007528,calibration50,global_gate,0.8,0.7534007673526334,0.0
ISIC_0007528,calibration50,global_gate,0.85,0.7534007673526334,0.0
ISIC_0007528,calibration50,global_gate,0.9,0.7534007673526334,0.0
ISIC_0007528,calibration50,global_gate,0.95,0.7534007673526334,0.0
ISIC_0007528,calibration50,global_gate,0.99,0.7534007673526334,0.0
ISIC_0007796,calibration50,local8_gate,0.3,0.810501381760758,0.8828125
ISIC_0007796,calibration50,local8_gate,0.5,0.8086200079082642,0.328125
ISIC_0007796,calibration50,local8_gate,0.7,0.8216660148611654,0.0
ISIC_0007796,calibration50,local8_gate,0.8,0.8216660148611654,0.0
ISIC_0007796,calibration50,local8_gate,0.85,0.8216660148611654,0.0
ISIC_0007796,calibration50,local8_gate,0.9,0.8216660148611654,0.0
ISIC_0007796,calibration50,local8_gate,0.95,0.8216660148611654,0.0
ISIC_0007796,calibration50,local8_gate,0.99,0.8216660148611654,0.0
ISIC_0007796,calibration50,global_gate,0.3,0.7786785569517632,0.7265625
ISIC_0007796,calibration50,global_gate,0.5,0.8130785897183376,0.0859375
ISIC_0007796,calibration50,global_gate,0.7,0.8216660148611654,0.0
ISIC_0007796,calibration50,global_gate,0.8,0.8216660148611654,0.0
ISIC_0007796,calibration50,global_gate,0.85,0.8216660148611654,0.0
ISIC_0007796,calibration50,global_gate,0.9,0.8216660148611654,0.0
ISIC_0007796,calibration50,global_gate,0.95,0.8216660148611654,0.0
ISIC_0007796,calibration50,global_gate,0.99,0.8216660148611654,0.0
ISIC_0008025,calibration50,local8_gate,0.3,0.8634840871021775,1.0
ISIC_0008025,calibration50,local8_gate,0.5,0.835236541598695,0.74609375
ISIC_0008025,calibration50,local8_gate,0.7,0.8484642219007913,0.32421875
ISIC_0008025,calibration50,local8_gate,0.8,0.8778100373289092,0.0
ISIC_0008025,calibration50,local8_gate,0.85,0.8778100373289092,0.0
ISIC_0008025,calibration50,local8_gate,0.9,0.8778100373289092,0.0
ISIC_0008025,calibration50,local8_gate,0.95,0.8778100373289092,0.0
ISIC_0008025,calibration50,local8_gate,0.99,0.8778100373289092,0.0
ISIC_0008025,calibration50,global_gate,0.3,0.8629424593189062,1.0
ISIC_0008025,calibration50,global_gate,0.5,0.8329886246122027,0.546875
ISIC_0008025,calibration50,global_gate,0.7,0.8556927761800034,0.25390625
ISIC_0008025,calibration50,global_gate,0.8,0.8778100373289092,0.0
ISIC_0008025,calibration50,global_gate,0.85,0.8778100373289092,0.0
ISIC_0008025,calibration50,global_gate,0.9,0.8778100373289092,0.0
ISIC_0008025,calibration50,global_gate,0.95,0.8778100373289092,0.0
ISIC_0008025,calibration50,global_gate,0.99,0.8778100373289092,0.0
ISIC_0008524,locked_verification100,local8_gate,0.3,0.5317286652078774,1.0
ISIC_0008524,locked_verification100,local8_gate,0.5,0.5340659340659341,0.80859375
ISIC_0008524,locked_verification100,local8_gate,0.7,0.7651663405088063,0.28125
ISIC_0008524,locked_verification100,local8_gate,0.8,0.8995581737849779,0.0
ISIC_0008524,locked_verification100,local8_gate,0.85,0.8995581737849779,0.0
ISIC_0008524,locked_verification100,local8_gate,0.9,0.8995581737849779,0.0
ISIC_0008524,locked_verification100,local8_gate,0.95,0.8995581737849779,0.0
ISIC_0008524,locked_verification100,local8_gate,0.99,0.8995581737849779,0.0
ISIC_0008524,locked_verification100,global_gate,0.3,0.7421036491873658,1.0
ISIC_0008524,locked_verification100,global_gate,0.5,0.7665505226480837,0.83203125
ISIC_0008524,locked_verification100,global_gate,0.7,0.8648318042813455,0.21484375
ISIC_0008524,locked_verification100,global_gate,0.8,0.8982601002654085,0.00390625
ISIC_0008524,locked_verification100,global_gate,0.85,0.8995581737849779,0.0
ISIC_0008524,locked_verification100,global_gate,0.9,0.8995581737849779,0.0
ISIC_0008524,locked_verification100,global_gate,0.95,0.8995581737849779,0.0
ISIC_0008524,locked_verification100,global_gate,0.99,0.8995581737849779,0.0
ISIC_0009995,calibration50,local8_gate,0.3,0.896207185236414,0.8359375
ISIC_0009995,calibration50,local8_gate,0.5,0.8980188225471244,0.70703125
ISIC_0009995,calibration50,local8_gate,0.7,0.8977620409460257,0.6796875
ISIC_0009995,calibration50,local8_gate,0.8,0.8996419993655685,0.6171875
ISIC_0009995,calibration50,local8_gate,0.85,0.911869359074328,0.4140625
ISIC_0009995,calibration50,local8_gate,0.9,0.9327132709754554,0.0
ISIC_0009995,calibration50,local8_gate,0.95,0.9327132709754554,0.0
ISIC_0009995,calibration50,local8_gate,0.99,0.9327132709754554,0.0
ISIC_0009995,calibration50,global_gate,0.3,0.9029620403963827,0.75390625
ISIC_0009995,calibration50,global_gate,0.5,0.9033300243660319,0.70703125
ISIC_0009995,calibration50,global_gate,0.7,0.9030457907046043,0.6640625
ISIC_0009995,calibration50,global_gate,0.8,0.9032852484486076,0.56640625
ISIC_0009995,calibration50,global_gate,0.85,0.9107482504934505,0.359375
ISIC_0009995,calibration50,global_gate,0.9,0.9327132709754554,0.0
ISIC_0009995,calibration50,global_gate,0.95,0.9327132709754554,0.0
ISIC_0009995,calibration50,global_gate,0.99,0.9327132709754554,0.0
ISIC_0010459,locked_verification100,local8_gate,0.3,0.9716613125286829,0.86328125
ISIC_0010459,locked_verification100,local8_gate,0.5,0.9710777813343089,0.73828125
ISIC_0010459,locked_verification100,local8_gate,0.7,0.9717680326560397,0.65234375
ISIC_0010459,locked_verification100,local8_gate,0.8,0.9720511390156992,0.609375
ISIC_0010459,locked_verification100,local8_gate,0.85,0.9746587369017276,0.48046875
ISIC_0010459,locked_verification100,local8_gate,0.9,0.9789777090265644,0.046875
ISIC_0010459,locked_verification100,local8_gate,0.95,0.980660775345264,0.0
ISIC_0010459,locked_verification100,local8_gate,0.99,0.980660775345264,0.0
ISIC_0010459,locked_verification100,global_gate,0.3,0.9722260227117253,0.8046875
ISIC_0010459,locked_verification100,global_gate,0.5,0.9723759417292592,0.671875
ISIC_0010459,locked_verification100,global_gate,0.7,0.9725258493353028,0.625
ISIC_0010459,locked_verification100,global_gate,0.8,0.973752864045734,0.5546875
ISIC_0010459,locked_verification100,global_gate,0.85,0.9767400109960391,0.25
ISIC_0010459,locked_verification100,global_gate,0.9,0.980660775345264,0.0
ISIC_0010459,locked_verification100,global_gate,0.95,0.980660775345264,0.0
ISIC_0010459,locked_verification100,global_gate,0.99,0.980660775345264,0.0
ISIC_0012099,locked_verification100,local8_gate,0.3,0.7147220525351252,1.0
ISIC_0012099,locked_verification100,local8_gate,0.5,0.7673031026252983,0.59765625
ISIC_0012099,locked_verification100,local8_gate,0.7,0.8880976602238047,0.0
ISIC_0012099,locked_verification100,local8_gate,0.8,0.8880976602238047,0.0
ISIC_0012099,locked_verification100,local8_gate,0.85,0.8880976602238047,0.0
ISIC_0012099,locked_verification100,local8_gate,0.9,0.8880976602238047,0.0
ISIC_0012099,locked_verification100,local8_gate,0.95,0.8880976602238047,0.0
ISIC_0012099,locked_verification100,local8_gate,0.99,0.8880976602238047,0.0
ISIC_0012099,locked_verification100,global_gate,0.3,0.7854545454545454,0.7109375
ISIC_0012099,locked_verification100,global_gate,0.5,0.8874098724348308,0.3671875
ISIC_0012099,locked_verification100,global_gate,0.7,0.8880976602238047,0.0
ISIC_0012099,locked_verification100,global_gate,0.8,0.8880976602238047,0.0
ISIC_0012099,locked_verification100,global_gate,0.85,0.8880976602238047,0.0
ISIC_0012099,locked_verification100,global_gate,0.9,0.8880976602238047,0.0
ISIC_0012099,locked_verification100,global_gate,0.95,0.8880976602238047,0.0
ISIC_0012099,locked_verification100,global_gate,0.99,0.8880976602238047,0.0
ISIC_0012109,locked_verification100,local8_gate,0.3,0.6796805678793256,0.8984375
ISIC_0012109,locked_verification100,local8_gate,0.5,0.935148692225009,0.16796875
ISIC_0012109,locked_verification100,local8_gate,0.7,0.9292786421499293,0.07421875
ISIC_0012109,locked_verification100,local8_gate,0.8,0.9321799307958477,0.0
ISIC_0012109,locked_verification100,local8_gate,0.85,0.9321799307958477,0.0
ISIC_0012109,locked_verification100,local8_gate,0.9,0.9321799307958477,0.0
ISIC_0012109,locked_verification100,local8_gate,0.95,0.9321799307958477,0.0
ISIC_0012109,locked_verification100,local8_gate,0.99,0.9321799307958477,0.0
ISIC_0012109,locked_verification100,global_gate,0.3,0.8673835125448028,0.609375
ISIC_0012109,locked_verification100,global_gate,0.5,0.9427869427869427,0.109375
ISIC_0012109,locked_verification100,global_gate,0.7,0.9344432882414152,0.01953125
ISIC_0012109,locked_verification100,global_gate,0.8,0.9321799307958477,0.0
ISIC_0012109,locked_verification100,global_gate,0.85,0.9321799307958477,0.0
ISIC_0012109,locked_verification100,global_gate,0.9,0.9321799307958477,0.0
ISIC_0012109,locked_verification100,global_gate,0.95,0.9321799307958477,0.0
ISIC_0012109,locked_verification100,global_gate,0.99,0.9321799307958477,0.0
ISIC_0012126,calibration50,local8_gate,0.3,0.7036215816703622,0.9921875
ISIC_0012126,calibration50,local8_gate,0.5,0.8954030646235843,0.3671875
ISIC_0012126,calibration50,local8_gate,0.7,0.9275,0.0
ISIC_0012126,calibration50,local8_gate,0.8,0.9275,0.0
ISIC_0012126,calibration50,local8_gate,0.85,0.9275,0.0
ISIC_0012126,calibration50,local8_gate,0.9,0.9275,0.0
ISIC_0012126,calibration50,local8_gate,0.95,0.9275,0.0
ISIC_0012126,calibration50,local8_gate,0.99,0.9275,0.0
ISIC_0012126,calibration50,global_gate,0.3,0.724373576309795,0.73828125
ISIC_0012126,calibration50,global_gate,0.5,0.9266750948166877,0.09765625
ISIC_0012126,calibration50,global_gate,0.7,0.9275,0.0
ISIC_0012126,calibration50,global_gate,0.8,0.9275,0.0
ISIC_0012126,calibration50,global_gate,0.85,0.9275,0.0
ISIC_0012126,calibration50,global_gate,0.9,0.9275,0.0
ISIC_0012126,calibration50,global_gate,0.95,0.9275,0.0
ISIC_0012126,calibration50,global_gate,0.99,0.9275,0.0
ISIC_0012127,calibration50,local8_gate,0.3,0.6227146814404432,1.0
ISIC_0012127,calibration50,local8_gate,0.5,0.6245810055865921,0.65625
ISIC_0012127,calibration50,local8_gate,0.7,0.7946197620279358,0.0
ISIC_0012127,calibration50,local8_gate,0.8,0.7946197620279358,0.0
ISIC_0012127,calibration50,local8_gate,0.85,0.7946197620279358,0.0
ISIC_0012127,calibration50,local8_gate,0.9,0.7946197620279358,0.0
ISIC_0012127,calibration50,local8_gate,0.95,0.7946197620279358,0.0
ISIC_0012127,calibration50,local8_gate,0.99,0.7946197620279358,0.0
ISIC_0012127,calibration50,global_gate,0.3,0.6557191392978482,1.0
ISIC_0012127,calibration50,global_gate,0.5,0.6678082191780822,0.609375
ISIC_0012127,calibration50,global_gate,0.7,0.7946197620279358,0.0
ISIC_0012127,calibration50,global_gate,0.8,0.7946197620279358,0.0
ISIC_0012127,calibration50,global_gate,0.85,0.7946197620279358,0.0
ISIC_0012127,calibration50,global_gate,0.9,0.7946197620279358,0.0
ISIC_0012127,calibration50,global_gate,0.95,0.7946197620279358,0.0
ISIC_0012127,calibration50,global_gate,0.99,0.7946197620279358,0.0
ISIC_0012143,calibration50,local8_gate,0.3,0.7440789810220472,1.0
ISIC_0012143,calibration50,local8_gate,0.5,0.7440789810220472,1.0
ISIC_0012143,calibration50,local8_gate,0.7,0.7360280470200041,0.68359375
ISIC_0012143,calibration50,local8_gate,0.8,0.7538250393940934,0.43359375
ISIC_0012143,calibration50,local8_gate,0.85,0.7827813911920958,0.10546875
ISIC_0012143,calibration50,local8_gate,0.9,0.7972329882745425,0.0
ISIC_0012143,calibration50,local8_gate,0.95,0.7972329882745425,0.0
ISIC_0012143,calibration50,local8_gate,0.99,0.7972329882745425,0.0
ISIC_0012143,calibration50,global_gate,0.3,0.7641842184823138,1.0
ISIC_0012143,calibration50,global_gate,0.5,0.7641842184823138,1.0
ISIC_0012143,calibration50,global_gate,0.7,0.7569842316077676,0.8359375
ISIC_0012143,calibration50,global_gate,0.8,0.7667387695558127,0.34765625
ISIC_0012143,calibration50,global_gate,0.85,0.7881963323612278,0.0859375
ISIC_0012143,calibration50,global_gate,0.9,0.7972329882745425,0.0
ISIC_0012143,calibration50,global_gate,0.95,0.7972329882745425,0.0
ISIC_0012143,calibration50,global_gate,0.99,0.7972329882745425,0.0
ISIC_0012151,calibration50,local8_gate,0.3,0.9655650566212156,1.0
ISIC_0012151,calibration50,local8_gate,0.5,0.9701848192490992,0.8828125
ISIC_0012151,calibration50,local8_gate,0.7,0.9719853836784409,0.31640625
ISIC_0012151,calibration50,local8_gate,0.8,0.9699131335212564,0.1796875
ISIC_0012151,calibration50,local8_gate,0.85,0.9674629088617747,0.10546875
ISIC_0012151,calibration50,local8_gate,0.9,0.9635738049876305,0.0
ISIC_0012151,calibration50,local8_gate,0.95,0.9635738049876305,0.0
ISIC_0012151,calibration50,local8_gate,0.99,0.9635738049876305,0.0
ISIC_0012151,calibration50,global_gate,0.3,0.9695860566448802,1.0
ISIC_0012151,calibration50,global_gate,0.5,0.9815889474769494,0.73046875
ISIC_0012151,calibration50,global_gate,0.7,0.975513290292561,0.37109375
ISIC_0012151,calibration50,global_gate,0.8,0.9684017005630242,0.15234375
ISIC_0012151,calibration50,global_gate,0.85,0.9666609481328987,0.078125
ISIC_0012151,calibration50,global_gate,0.9,0.9635738049876305,0.0
ISIC_0012151,calibration50,global_gate,0.95,0.9635738049876305,0.0
ISIC_0012151,calibration50,global_gate,0.99,0.9635738049876305,0.0
ISIC_0012159,calibration50,local8_gate,0.3,0.5750598636949714,1.0
ISIC_0012159,calibration50,local8_gate,0.5,0.5750598636949714,1.0
ISIC_0012159,calibration50,local8_gate,0.7,0.5750598636949714,1.0
ISIC_0012159,calibration50,local8_gate,0.8,0.5722201699298116,0.62109375
ISIC_0012159,calibration50,local8_gate,0.85,0.5695660271931459,0.21875
ISIC_0012159,calibration50,local8_gate,0.9,0.5963007639726579,0.0
ISIC_0012159,calibration50,local8_gate,0.95,0.5963007639726579,0.0
ISIC_0012159,calibration50,local8_gate,0.99,0.5963007639726579,0.0
ISIC_0012159,calibration50,global_gate,0.3,0.6553980370774264,1.0
ISIC_0012159,calibration50,global_gate,0.5,0.6553980370774264,1.0
ISIC_0012159,calibration50,global_gate,0.7,0.6553980370774264,1.0
ISIC_0012159,calibration50,global_gate,0.8,0.6159724875811998,0.46875
ISIC_0012159,calibration50,global_gate,0.85,0.5963007639726579,0.0
ISIC_0012159,calibration50,global_gate,0.9,0.5963007639726579,0.0
ISIC_0012159,calibration50,global_gate,0.95,0.5963007639726579,0.0
ISIC_0012159,calibration50,global_gate,0.99,0.5963007639726579,0.0
ISIC_0012160,calibration50,local8_gate,0.3,0.43974082073434123,1.0
ISIC_0012160,calibration50,local8_gate,0.5,0.43974082073434123,1.0
ISIC_0012160,calibration50,local8_gate,0.7,0.7141403865717192,0.28125
ISIC_0012160,calibration50,local8_gate,0.8,0.7508816928502725,0.12109375
ISIC_0012160,calibration50,local8_gate,0.85,0.7596702599873177,0.02734375
ISIC_0012160,calibration50,local8_gate,0.9,0.7669654289372599,0.0
ISIC_0012160,calibration50,local8_gate,0.95,0.7669654289372599,0.0
ISIC_0012160,calibration50,local8_gate,0.99,0.7669654289372599,0.0
ISIC_0012160,calibration50,global_gate,0.3,0.39030955585464333,1.0
ISIC_0012160,calibration50,global_gate,0.5,0.39030955585464333,1.0
ISIC_0012160,calibration50,global_gate,0.7,0.4963314630988347,0.55078125
ISIC_0012160,calibration50,global_gate,0.8,0.7672110150496317,0.015625
ISIC_0012160,calibration50,global_gate,0.85,0.7669654289372599,0.0
ISIC_0012160,calibration50,global_gate,0.9,0.7669654289372599,0.0
ISIC_0012160,calibration50,global_gate,0.95,0.7669654289372599,0.0
ISIC_0012160,calibration50,global_gate,0.99,0.7669654289372599,0.0
ISIC_0012191,locked_verification100,local8_gate,0.3,0.7644696432789984,0.98828125
ISIC_0012191,locked_verification100,local8_gate,0.5,0.7601941747572816,0.7890625
ISIC_0012191,locked_verification100,local8_gate,0.7,0.7770398481973435,0.34765625
ISIC_0012191,locked_verification100,local8_gate,0.8,0.8958552493162213,0.0625
ISIC_0012191,locked_verification100,local8_gate,0.85,0.9078253533009913,0.0
ISIC_0012191,locked_verification100,local8_gate,0.9,0.9078253533009913,0.0
ISIC_0012191,locked_verification100,local8_gate,0.95,0.9078253533009913,0.0
ISIC_0012191,locked_verification100,local8_gate,0.99,0.9078253533009913,0.0
ISIC_0012191,locked_verification100,global_gate,0.3,0.7946341463414635,1.0
ISIC_0012191,locked_verification100,global_gate,0.5,0.8010752688172043,0.8046875
ISIC_0012191,locked_verification100,global_gate,0.7,0.8705307572729292,0.29296875
ISIC_0012191,locked_verification100,global_gate,0.8,0.9010195412064571,0.03125
ISIC_0012191,locked_verification100,global_gate,0.85,0.9069031032298923,0.00390625
ISIC_0012191,locked_verification100,global_gate,0.9,0.9078253533009913,0.0
ISIC_0012191,locked_verification100,global_gate,0.95,0.9078253533009913,0.0
ISIC_0012191,locked_verification100,global_gate,0.99,0.9078253533009913,0.0
ISIC_0012201,calibration50,local8_gate,0.3,0.9524300631687508,0.734375
ISIC_0012201,calibration50,local8_gate,0.5,0.9646153846153847,0.515625
ISIC_0012201,calibration50,local8_gate,0.7,0.9559498697108822,0.0
ISIC_0012201,calibration50,local8_gate,0.8,0.9559498697108822,0.0
ISIC_0012201,calibration50,local8_gate,0.85,0.9559498697108822,0.0
ISIC_0012201,calibration50,local8_gate,0.9,0.9559498697108822,0.0
ISIC_0012201,calibration50,local8_gate,0.95,0.9559498697108822,0.0
ISIC_0012201,calibration50,local8_gate,0.99,0.9559498697108822,0.0
ISIC_0012201,calibration50,global_gate,0.3,0.9597262437483548,0.67578125
ISIC_0012201,calibration50,global_gate,0.5,0.9714285714285714,0.40625
ISIC_0012201,calibration50,global_gate,0.7,0.9559498697108822,0.0
ISIC_0012201,calibration50,global_gate,0.8,0.9559498697108822,0.0
ISIC_0012201,calibration50,global_gate,0.85,0.9559498697108822,0.0
ISIC_0012201,calibration50,global_gate,0.9,0.9559498697108822,0.0
ISIC_0012201,calibration50,global_gate,0.95,0.9559498697108822,0.0
ISIC_0012201,calibration50,global_gate,0.99,0.9559498697108822,0.0
ISIC_0012204,locked_verification100,local8_gate,0.3,0.5663657639585423,1.0
ISIC_0012204,locked_verification100,local8_gate,0.5,0.5702702702702702,0.93359375
ISIC_0012204,locked_verification100,local8_gate,0.7,0.6401527203308941,0.5
ISIC_0012204,locked_verification100,local8_gate,0.8,0.6249158249158249,0.20703125
ISIC_0012204,locked_verification100,local8_gate,0.85,0.6911234850966262,0.015625
ISIC_0012204,locked_verification100,local8_gate,0.9,0.7163507870221651,0.0
ISIC_0012204,locked_verification100,local8_gate,0.95,0.7163507870221651,0.0
ISIC_0012204,locked_verification100,local8_gate,0.99,0.7163507870221651,0.0
ISIC_0012204,locked_verification100,global_gate,0.3,0.4782934131736527,1.0
ISIC_0012204,locked_verification100,global_gate,0.5,0.4782934131736527,1.0
ISIC_0012204,locked_verification100,global_gate,0.7,0.4579976985040276,0.82421875
ISIC_0012204,locked_verification100,global_gate,0.8,0.6545698924731183,0.05859375
ISIC_0012204,locked_verification100,global_gate,0.85,0.714239794278367,0.00390625
ISIC_0012204,locked_verification100,global_gate,0.9,0.7163507870221651,0.0
ISIC_0012204,locked_verification100,global_gate,0.95,0.7163507870221651,0.0
ISIC_0012204,locked_verification100,global_gate,0.99,0.7163507870221651,0.0
ISIC_0012206,locked_verification100,local8_gate,0.3,0.9288048020667122,0.9296875
ISIC_0012206,locked_verification100,local8_gate,0.5,0.9253246753246753,0.6328125
ISIC_0012206,locked_verification100,local8_gate,0.7,0.9538161643424802,0.1640625
ISIC_0012206,locked_verification100,local8_gate,0.8,0.9518117295480015,0.0625
ISIC_0012206,locked_verification100,local8_gate,0.85,0.955616276493612,0.0
ISIC_0012206,locked_verification100,local8_gate,0.9,0.955616276493612,0.0
ISIC_0012206,locked_verification100,local8_gate,0.95,0.955616276493612,0.0
ISIC_0012206,locked_verification100,local8_gate,0.99,0.955616276493612,0.0
ISIC_0012206,locked_verification100,global_gate,0.3,0.9226629766297663,0.8125
ISIC_0012206,locked_verification100,global_gate,0.5,0.9314794899370102,0.47265625
ISIC_0012206,locked_verification100,global_gate,0.7,0.9530161109029599,0.1640625
ISIC_0012206,locked_verification100,global_gate,0.8,0.9529131277007897,0.05859375
ISIC_0012206,locked_verification100,global_gate,0.85,0.9567403682614805,0.01171875
ISIC_0012206,locked_verification100,global_gate,0.9,0.955616276493612,0.0
ISIC_0012206,locked_verification100,global_gate,0.95,0.955616276493612,0.0
ISIC_0012206,locked_verification100,global_gate,0.99,0.955616276493612,0.0
ISIC_0012210,locked_verification100,local8_gate,0.3,0.49162605228178996,1.0
ISIC_0012210,locked_verification100,local8_gate,0.5,0.49162605228178996,1.0
ISIC_0012210,locked_verification100,local8_gate,0.7,0.49162605228178996,1.0
ISIC_0012210,locked_verification100,local8_gate,0.8,0.49788210377691494,0.9140625
ISIC_0012210,locked_verification100,local8_gate,0.85,0.42609260462095205,0.51953125
ISIC_0012210,locked_verification100,local8_gate,0.9,0.20253164556962025,0.0
ISIC_0012210,locked_verification100,local8_gate,0.95,0.20253164556962025,0.0
ISIC_0012210,locked_verification100,local8_gate,0.99,0.20253164556962025,0.0
ISIC_0012210,locked_verification100,global_gate,0.3,0.5185313774845933,1.0
ISIC_0012210,locked_verification100,global_gate,0.5,0.5185313774845933,1.0
ISIC_0012210,locked_verification100,global_gate,0.7,0.5185313774845933,1.0
ISIC_0012210,locked_verification100,global_gate,0.8,0.5185313774845933,1.0
ISIC_0012210,locked_verification100,global_gate,0.85,0.45099108928896164,0.75
ISIC_0012210,locked_verification100,global_gate,0.9,0.20253164556962025,0.0
ISIC_0012210,locked_verification100,global_gate,0.95,0.20253164556962025,0.0
ISIC_0012210,locked_verification100,global_gate,0.99,0.20253164556962025,0.0
ISIC_0012221,locked_verification100,local8_gate,0.3,0.9029493319889085,0.73828125
ISIC_0012221,locked_verification100,local8_gate,0.5,0.9315542377069435,0.35546875
ISIC_0012221,locked_verification100,local8_gate,0.7,0.9504151838671412,0.0
ISIC_0012221,locked_verification100,local8_gate,0.8,0.9504151838671412,0.0
ISIC_0012221,locked_verification100,local8_gate,0.85,0.9504151838671412,0.0
ISIC_0012221,locked_verification100,local8_gate,0.9,0.9504151838671412,0.0
ISIC_0012221,locked_verification100,local8_gate,0.95,0.9504151838671412,0.0
ISIC_0012221,locked_verification100,local8_gate,0.99,0.9504151838671412,0.0
ISIC_0012221,locked_verification100,global_gate,0.3,0.8906168999481596,0.640625
ISIC_0012221,locked_verification100,global_gate,0.5,0.9355783308931186,0.25390625
ISIC_0012221,locked_verification100,global_gate,0.7,0.9504151838671412,0.0
ISIC_0012221,locked_verification100,global_gate,0.8,0.9504151838671412,0.0
ISIC_0012221,locked_verification100,global_gate,0.85,0.9504151838671412,0.0
ISIC_0012221,locked_verification100,global_gate,0.9,0.9504151838671412,0.0
ISIC_0012221,locked_verification100,global_gate,0.95,0.9504151838671412,0.0
ISIC_0012221,locked_verification100,global_gate,0.99,0.9504151838671412,0.0
ISIC_0012222,locked_verification100,local8_gate,0.3,0.8978776529338327,0.74609375
ISIC_0012222,locked_verification100,local8_gate,0.5,0.9226614289221704,0.40625
ISIC_0012222,locked_verification100,local8_gate,0.7,0.9424206815511164,0.0
ISIC_0012222,locked_verification100,local8_gate,0.8,0.9424206815511164,0.0
ISIC_0012222,locked_verification100,local8_gate,0.85,0.9424206815511164,0.0
ISIC_0012222,locked_verification100,local8_gate,0.9,0.9424206815511164,0.0
ISIC_0012222,locked_verification100,local8_gate,0.95,0.9424206815511164,0.0
ISIC_0012222,locked_verification100,local8_gate,0.99,0.9424206815511164,0.0
ISIC_0012222,locked_verification100,global_gate,0.3,0.8923778171689035,0.71875
ISIC_0012222,locked_verification100,global_gate,0.5,0.9251667078290936,0.28125
ISIC_0012222,locked_verification100,global_gate,0.7,0.942090395480226,0.0078125
ISIC_0012222,locked_verification100,global_gate,0.8,0.9424206815511164,0.0
ISIC_0012222,locked_verification100,global_gate,0.85,0.9424206815511164,0.0
ISIC_0012222,locked_verification100,global_gate,0.9,0.9424206815511164,0.0
ISIC_0012222,locked_verification100,global_gate,0.95,0.9424206815511164,0.0
ISIC_0012222,locked_verification100,global_gate,0.99,0.9424206815511164,0.0
ISIC_0012254,calibration50,local8_gate,0.3,0.11372978898328309,1.0
ISIC_0012254,calibration50,local8_gate,0.5,0.11372978898328309,1.0
ISIC_0012254,calibration50,local8_gate,0.7,0.11372978898328309,1.0
ISIC_0012254,calibration50,local8_gate,0.8,0.11558029705003309,0.95703125
ISIC_0012254,calibration50,local8_gate,0.85,0.1025499655410062,0.45703125
ISIC_0012254,calibration50,local8_gate,0.9,0.07027708985561422,0.0
ISIC_0012254,calibration50,local8_gate,0.95,0.07027708985561422,0.0
ISIC_0012254,calibration50,local8_gate,0.99,0.07027708985561422,0.0
ISIC_0012254,calibration50,global_gate,0.3,0.10324714095439305,1.0
ISIC_0012254,calibration50,global_gate,0.5,0.10324714095439305,1.0
ISIC_0012254,calibration50,global_gate,0.7,0.10324714095439305,1.0
ISIC_0012254,calibration50,global_gate,0.8,0.10294218976090402,0.984375
ISIC_0012254,calibration50,global_gate,0.85,0.07804537521815008,0.08203125
ISIC_0012254,calibration50,global_gate,0.9,0.07027708985561422,0.0
ISIC_0012254,calibration50,global_gate,0.95,0.07027708985561422,0.0
ISIC_0012254,calibration50,global_gate,0.99,0.07027708985561422,0.0
ISIC_0012256,locked_verification100,local8_gate,0.3,0.29983720586058904,1.0
ISIC_0012256,locked_verification100,local8_gate,0.5,0.29983720586058904,1.0
ISIC_0012256,locked_verification100,local8_gate,0.7,0.29983720586058904,1.0
ISIC_0012256,locked_verification100,local8_gate,0.8,0.2498476538695917,0.765625
ISIC_0012256,locked_verification100,local8_gate,0.85,0.2604482132041187,0.45703125
ISIC_0012256,locked_verification100,local8_gate,0.9,0.14350355526826114,0.0
ISIC_0012256,locked_verification100,local8_gate,0.95,0.14350355526826114,0.0
ISIC_0012256,locked_verification100,local8_gate,0.99,0.14350355526826114,0.0
ISIC_0012256,locked_verification100,global_gate,0.3,0.3028512335647806,1.0
ISIC_0012256,locked_verification100,global_gate,0.5,0.3028512335647806,1.0
ISIC_0012256,locked_verification100,global_gate,0.7,0.3028512335647806,1.0
ISIC_0012256,locked_verification100,global_gate,0.8,0.3028512335647806,1.0
ISIC_0012256,locked_verification100,global_gate,0.85,0.2178094942600062,0.62890625
ISIC_0012256,locked_verification100,global_gate,0.9,0.14350355526826114,0.0
ISIC_0012256,locked_verification100,global_gate,0.95,0.14350355526826114,0.0
ISIC_0012256,locked_verification100,global_gate,0.99,0.14350355526826114,0.0
ISIC_0012288,calibration50,local8_gate,0.3,0.7477678571428571,0.95703125
ISIC_0012288,calibration50,local8_gate,0.5,0.7446870451237263,0.7109375
ISIC_0012288,calibration50,local8_gate,0.7,0.942587394743557,0.11328125
ISIC_0012288,calibration50,local8_gate,0.8,0.9503510531594784,0.02734375
ISIC_0012288,calibration50,local8_gate,0.85,0.9488395308210631,0.0
ISIC_0012288,calibration50,local8_gate,0.9,0.9488395308210631,0.0
ISIC_0012288,calibration50,local8_gate,0.95,0.9488395308210631,0.0
ISIC_0012288,calibration50,local8_gate,0.99,0.9488395308210631,0.0
ISIC_0012288,calibration50,global_gate,0.3,0.8241787122207621,1.0
ISIC_0012288,calibration50,global_gate,0.5,0.8543956043956044,0.69140625
ISIC_0012288,calibration50,global_gate,0.7,0.9477440734132042,0.15234375
ISIC_0012288,calibration50,global_gate,0.8,0.9494747373686844,0.015625
ISIC_0012288,calibration50,global_gate,0.85,0.9488395308210631,0.0
ISIC_0012288,calibration50,global_gate,0.9,0.9488395308210631,0.0
ISIC_0012288,calibration50,global_gate,0.95,0.9488395308210631,0.0
ISIC_0012288,calibration50,global_gate,0.99,0.9488395308210631,0.0
ISIC_0012306,locked_verification100,local8_gate,0.3,0.7572879135276777,1.0
ISIC_0012306,locked_verification100,local8_gate,0.5,0.902520498026116,0.4296875
ISIC_0012306,locked_verification100,local8_gate,0.7,0.9424563412539364,0.01953125
ISIC_0012306,locked_verification100,local8_gate,0.8,0.9397659149300599,0.0
ISIC_0012306,locked_verification100,local8_gate,0.85,0.9397659149300599,0.0
ISIC_0012306,locked_verification100,local8_gate,0.9,0.9397659149300599,0.0
ISIC_0012306,locked_verification100,local8_gate,0.95,0.9397659149300599,0.0
ISIC_0012306,locked_verification100,local8_gate,0.99,0.9397659149300599,0.0
ISIC_0012306,locked_verification100,global_gate,0.3,0.8623279098873592,0.99609375
ISIC_0012306,locked_verification100,global_gate,0.5,0.9382863990413421,0.2734375
ISIC_0012306,locked_verification100,global_gate,0.7,0.9405714285714286,0.00390625
ISIC_0012306,locked_verification100,global_gate,0.8,0.9397659149300599,0.0
ISIC_0012306,locked_verification100,global_gate,0.85,0.9397659149300599,0.0
ISIC_0012306,locked_verification100,global_gate,0.9,0.9397659149300599,0.0
ISIC_0012306,locked_verification100,global_gate,0.95,0.9397659149300599,0.0
ISIC_0012306,locked_verification100,global_gate,0.99,0.9397659149300599,0.0
ISIC_0012313,locked_verification100,local8_gate,0.3,0.8730593607305936,0.80859375
ISIC_0012313,locked_verification100,local8_gate,0.5,0.8967407858665855,0.5078125
ISIC_0012313,locked_verification100,local8_gate,0.7,0.9427008350129571,0.0859375
ISIC_0012313,locked_verification100,local8_gate,0.8,0.9521094640820981,0.0
ISIC_0012313,locked_verification100,local8_gate,0.85,0.9521094640820981,0.0
ISIC_0012313,locked_verification100,local8_gate,0.9,0.9521094640820981,0.0
ISIC_0012313,locked_verification100,local8_gate,0.95,0.9521094640820981,0.0
ISIC_0012313,locked_verification100,local8_gate,0.99,0.9521094640820981,0.0
ISIC_0012313,locked_verification100,global_gate,0.3,0.8785625774473358,0.65234375
ISIC_0012313,locked_verification100,global_gate,0.5,0.9280280866003511,0.22265625
ISIC_0012313,locked_verification100,global_gate,0.7,0.950014281633819,0.0234375
ISIC_0012313,locked_verification100,global_gate,0.8,0.9521094640820981,0.0
ISIC_0012313,locked_verification100,global_gate,0.85,0.9521094640820981,0.0
ISIC_0012313,locked_verification100,global_gate,0.9,0.9521094640820981,0.0
ISIC_0012313,locked_verification100,global_gate,0.95,0.9521094640820981,0.0
ISIC_0012313,locked_verification100,global_gate,0.99,0.9521094640820981,0.0
ISIC_0012316,locked_verification100,local8_gate,0.3,0.6890335503254882,1.0
ISIC_0012316,locked_verification100,local8_gate,0.5,0.7852579852579853,0.67578125
ISIC_0012316,locked_verification100,local8_gate,0.7,0.91996699669967,0.04296875
ISIC_0012316,locked_verification100,local8_gate,0.8,0.9181406828465652,0.0
ISIC_0012316,locked_verification100,local8_gate,0.85,0.9181406828465652,0.0
ISIC_0012316,locked_verification100,local8_gate,0.9,0.9181406828465652,0.0
ISIC_0012316,locked_verification100,local8_gate,0.95,0.9181406828465652,0.0
ISIC_0012316,locked_verification100,local8_gate,0.99,0.9181406828465652,0.0
ISIC_0012316,locked_verification100,global_gate,0.3,0.830393487109905,0.96875
ISIC_0012316,locked_verification100,global_gate,0.5,0.9298474945533769,0.35546875
ISIC_0012316,locked_verification100,global_gate,0.7,0.9188966652943599,0.00390625
ISIC_0012316,locked_verification100,global_gate,0.8,0.9181406828465652,0.0
ISIC_0012316,locked_verification100,global_gate,0.85,0.9181406828465652,0.0
ISIC_0012316,locked_verification100,global_gate,0.9,0.9181406828465652,0.0
ISIC_0012316,locked_verification100,global_gate,0.95,0.9181406828465652,0.0
ISIC_0012316,locked_verification100,global_gate,0.99,0.9181406828465652,0.0
ISIC_0012335,locked_verification100,local8_gate,0.3,0.613780260707635,1.0
ISIC_0012335,locked_verification100,local8_gate,0.5,0.609118086696562,0.95703125
ISIC_0012335,locked_verification100,local8_gate,0.7,0.5758039816232772,0.21875
ISIC_0012335,locked_verification100,local8_gate,0.8,0.6813186813186813,0.0
ISIC_0012335,locked_verification100,local8_gate,0.85,0.6813186813186813,0.0
ISIC_0012335,locked_verification100,local8_gate,0.9,0.6813186813186813,0.0
ISIC_0012335,locked_verification100,local8_gate,0.95,0.6813186813186813,0.0
ISIC_0012335,locked_verification100,local8_gate,0.99,0.6813186813186813,0.0
ISIC_0012335,locked_verification100,global_gate,0.3,0.6986013986013986,1.0
ISIC_0012335,locked_verification100,global_gate,0.5,0.6714285714285714,0.51953125
ISIC_0012335,locked_verification100,global_gate,0.7,0.6813186813186813,0.0
ISIC_0012335,locked_verification100,global_gate,0.8,0.6813186813186813,0.0
ISIC_0012335,locked_verification100,global_gate,0.85,0.6813186813186813,0.0
ISIC_0012335,locked_verification100,global_gate,0.9,0.6813186813186813,0.0
ISIC_0012335,locked_verification100,global_gate,0.95,0.6813186813186813,0.0
ISIC_0012335,locked_verification100,global_gate,0.99,0.6813186813186813,0.0
ISIC_0012380,calibration50,local8_gate,0.3,0.8860798050563509,1.0
ISIC_0012380,calibration50,local8_gate,0.5,0.8860798050563509,1.0
ISIC_0012380,calibration50,local8_gate,0.7,0.8837915843840194,0.96484375
ISIC_0012380,calibration50,local8_gate,0.8,0.8769564891784618,0.7265625
ISIC_0012380,calibration50,local8_gate,0.85,0.8470086099050703,0.296875
ISIC_0012380,calibration50,local8_gate,0.9,0.8761830269847477,0.0
ISIC_0012380,calibration50,local8_gate,0.95,0.8761830269847477,0.0
ISIC_0012380,calibration50,local8_gate,0.99,0.8761830269847477,0.0
ISIC_0012380,calibration50,global_gate,0.3,0.8732784376594039,1.0
ISIC_0012380,calibration50,global_gate,0.5,0.8732784376594039,1.0
ISIC_0012380,calibration50,global_gate,0.7,0.8741702531183894,0.9921875
ISIC_0012380,calibration50,global_gate,0.8,0.8735836480782049,0.59375
ISIC_0012380,calibration50,global_gate,0.85,0.8728964715005816,0.046875
ISIC_0012380,calibration50,global_gate,0.9,0.8761830269847477,0.0
ISIC_0012380,calibration50,global_gate,0.95,0.8761830269847477,0.0
ISIC_0012380,calibration50,global_gate,0.99,0.8761830269847477,0.0
ISIC_0012383,calibration50,local8_gate,0.3,0.9271491782553729,1.0
ISIC_0012383,calibration50,local8_gate,0.5,0.9279215127779097,0.9375
ISIC_0012383,calibration50,local8_gate,0.7,0.9430564568462038,0.21875
ISIC_0012383,calibration50,local8_gate,0.8,0.9459875293546036,0.140625
ISIC_0012383,calibration50,local8_gate,0.85,0.9541181197267979,0.0390625
ISIC_0012383,calibration50,local8_gate,0.9,0.958803295736341,0.0
ISIC_0012383,calibration50,local8_gate,0.95,0.958803295736341,0.0
ISIC_0012383,calibration50,local8_gate,0.99,0.958803295736341,0.0
ISIC_0012383,calibration50,global_gate,0.3,0.9300405110626363,1.0
ISIC_0012383,calibration50,global_gate,0.5,0.935215288240425,0.69921875
ISIC_0012383,calibration50,global_gate,0.7,0.9472147895889078,0.16015625
ISIC_0012383,calibration50,global_gate,0.8,0.9550200803212852,0.046875
ISIC_0012383,calibration50,global_gate,0.85,0.958803295736341,0.0
ISIC_0012383,calibration50,global_gate,0.9,0.958803295736341,0.0
ISIC_0012383,calibration50,global_gate,0.95,0.958803295736341,0.0
ISIC_0012383,calibration50,global_gate,0.99,0.958803295736341,0.0
ISIC_0012400,locked_verification100,local8_gate,0.3,0.8768633345859952,1.0
ISIC_0012400,locked_verification100,local8_gate,0.5,0.8607739721675033,0.66015625
ISIC_0012400,locked_verification100,local8_gate,0.7,0.8737742016595423,0.21484375
ISIC_0012400,locked_verification100,local8_gate,0.8,0.8771467970414943,0.109375
ISIC_0012400,locked_verification100,local8_gate,0.85,0.8776392456612995,0.07421875
ISIC_0012400,locked_verification100,local8_gate,0.9,0.8954929403785683,0.0
ISIC_0012400,locked_verification100,local8_gate,0.95,0.8954929403785683,0.0
ISIC_0012400,locked_verification100,local8_gate,0.99,0.8954929403785683,0.0
ISIC_0012400,locked_verification100,global_gate,0.3,0.888930117501546,1.0
ISIC_0012400,locked_verification100,global_gate,0.5,0.8631084597321825,0.6796875
ISIC_0012400,locked_verification100,global_gate,0.7,0.8721662468513854,0.1484375
ISIC_0012400,locked_verification100,global_gate,0.8,0.8823309208884452,0.08984375
ISIC_0012400,locked_verification100,global_gate,0.85,0.8856680766359791,0.05859375
ISIC_0012400,locked_verification100,global_gate,0.9,0.8954929403785683,0.0
ISIC_0012400,locked_verification100,global_gate,0.95,0.8954929403785683,0.0
ISIC_0012400,locked_verification100,global_gate,0.99,0.8954929403785683,0.0
ISIC_0012417,calibration50,local8_gate,0.3,0.8558115528538044,1.0
ISIC_0012417,calibration50,local8_gate,0.5,0.8558115528538044,1.0
ISIC_0012417,calibration50,local8_gate,0.7,0.8562436519176573,0.953125
ISIC_0012417,calibration50,local8_gate,0.8,0.853384207978587,0.8203125
ISIC_0012417,calibration50,local8_gate,0.85,0.8569359767135388,0.58203125
ISIC_0012417,calibration50,local8_gate,0.9,0.8717647058823529,0.0
ISIC_0012417,calibration50,local8_gate,0.95,0.8717647058823529,0.0
ISIC_0012417,calibration50,local8_gate,0.99,0.8717647058823529,0.0
ISIC_0012417,calibration50,global_gate,0.3,0.8845246747852915,1.0
ISIC_0012417,calibration50,global_gate,0.5,0.8847219957606391,0.984375
ISIC_0012417,calibration50,global_gate,0.7,0.8823816063438621,0.89453125
ISIC_0012417,calibration50,global_gate,0.8,0.8802476415094339,0.71875
ISIC_0012417,calibration50,global_gate,0.85,0.8703378448186796,0.125
ISIC_0012417,calibration50,global_gate,0.9,0.8717647058823529,0.0
ISIC_0012417,calibration50,global_gate,0.95,0.8717647058823529,0.0
ISIC_0012417,calibration50,global_gate,0.99,0.8717647058823529,0.0
ISIC_0012434,locked_verification100,local8_gate,0.3,0.9195205479452054,0.96875
ISIC_0012434,locked_verification100,local8_gate,0.5,0.8952762923351159,0.53125
ISIC_0012434,locked_verification100,local8_gate,0.7,0.9265367316341829,0.0
ISIC_0012434,locked_verification100,local8_gate,0.8,0.9265367316341829,0.0
ISIC_0012434,locked_verification100,local8_gate,0.85,0.9265367316341829,0.0
ISIC_0012434,locked_verification100,local8_gate,0.9,0.9265367316341829,0.0
ISIC_0012434,locked_verification100,local8_gate,0.95,0.9265367316341829,0.0
ISIC_0012434,locked_verification100,local8_gate,0.99,0.9265367316341829,0.0
ISIC_0012434,locked_verification100,global_gate,0.3,0.8737820077045094,0.734375
ISIC_0012434,locked_verification100,global_gate,0.5,0.9144851657940664,0.1875
ISIC_0012434,locked_verification100,global_gate,0.7,0.9265367316341829,0.0
ISIC_0012434,locked_verification100,global_gate,0.8,0.9265367316341829,0.0
ISIC_0012434,locked_verification100,global_gate,0.85,0.9265367316341829,0.0
ISIC_0012434,locked_verification100,global_gate,0.9,0.9265367316341829,0.0
ISIC_0012434,locked_verification100,global_gate,0.95,0.9265367316341829,0.0
ISIC_0012434,locked_verification100,global_gate,0.99,0.9265367316341829,0.0
ISIC_0012492,locked_verification100,local8_gate,0.3,0.4176904176904177,1.0
ISIC_0012492,locked_verification100,local8_gate,0.5,0.4176904176904177,1.0
ISIC_0012492,locked_verification100,local8_gate,0.7,0.4176904176904177,1.0
ISIC_0012492,locked_verification100,local8_gate,0.8,0.4409035901573215,0.76171875
ISIC_0012492,locked_verification100,local8_gate,0.85,0.7018988789750629,0.2265625
ISIC_0012492,locked_verification100,local8_gate,0.9,0.7681795998047828,0.0
ISIC_0012492,locked_verification100,local8_gate,0.95,0.7681795998047828,0.0
ISIC_0012492,locked_verification100,local8_gate,0.99,0.7681795998047828,0.0
ISIC_0012492,locked_verification100,global_gate,0.3,0.543291473892928,1.0
ISIC_0012492,locked_verification100,global_gate,0.5,0.543291473892928,1.0
ISIC_0012492,locked_verification100,global_gate,0.7,0.543291473892928,1.0
ISIC_0012492,locked_verification100,global_gate,0.8,0.5392705303199821,0.796875
ISIC_0012492,locked_verification100,global_gate,0.85,0.7733333333333333,0.0234375
ISIC_0012492,locked_verification100,global_gate,0.9,0.7681795998047828,0.0
ISIC_0012492,locked_verification100,global_gate,0.95,0.7681795998047828,0.0
ISIC_0012492,locked_verification100,global_gate,0.99,0.7681795998047828,0.0
ISIC_0012513,locked_verification100,local8_gate,0.3,0.4887439344523109,1.0
ISIC_0012513,locked_verification100,local8_gate,0.5,0.4887439344523109,1.0
ISIC_0012513,locked_verification100,local8_gate,0.7,0.48790194205666987,0.99609375
ISIC_0012513,locked_verification100,local8_gate,0.8,0.5116679718089272,0.7578125
ISIC_0012513,locked_verification100,local8_gate,0.85,0.5146818288028663,0.37109375
ISIC_0012513,locked_verification100,local8_gate,0.9,0.5857078919886618,0.0
ISIC_0012513,locked_verification100,local8_gate,0.95,0.5857078919886618,0.0
ISIC_0012513,locked_verification100,local8_gate,0.99,0.5857078919886618,0.0
ISIC_0012513,locked_verification100,global_gate,0.3,0.5759807605591463,1.0
ISIC_0012513,locked_verification100,global_gate,0.5,0.5759807605591463,1.0
ISIC_0012513,locked_verification100,global_gate,0.7,0.5759807605591463,1.0
ISIC_0012513,locked_verification100,global_gate,0.8,0.5651548421291739,0.8125
ISIC_0012513,locked_verification100,global_gate,0.85,0.5614673336365015,0.22265625
ISIC_0012513,locked_verification100,global_gate,0.9,0.5857078919886618,0.0
ISIC_0012513,locked_verification100,global_gate,0.95,0.5857078919886618,0.0
ISIC_0012513,locked_verification100,global_gate,0.99,0.5857078919886618,0.0
ISIC_0012538,locked_verification100,local8_gate,0.3,0.8663793103448276,0.84375
ISIC_0012538,locked_verification100,local8_gate,0.5,0.9341275402943238,0.44140625
ISIC_0012538,locked_verification100,local8_gate,0.7,0.9463350785340314,0.0
ISIC_0012538,locked_verification100,local8_gate,0.8,0.9463350785340314,0.0
ISIC_0012538,locked_verification100,local8_gate,0.85,0.9463350785340314,0.0
ISIC_0012538,locked_verification100,local8_gate,0.9,0.9463350785340314,0.0
ISIC_0012538,locked_verification100,local8_gate,0.95,0.9463350785340314,0.0
ISIC_0012538,locked_verification100,local8_gate,0.99,0.9463350785340314,0.0
ISIC_0012538,locked_verification100,global_gate,0.3,0.7830645161290323,0.72265625
ISIC_0012538,locked_verification100,global_gate,0.5,0.9587280108254398,0.29296875
ISIC_0012538,locked_verification100,global_gate,0.7,0.9465398491308625,0.01171875
ISIC_0012538,locked_verification100,global_gate,0.8,0.9463350785340314,0.0
ISIC_0012538,locked_verification100,global_gate,0.85,0.9463350785340314,0.0
ISIC_0012538,locked_verification100,global_gate,0.9,0.9463350785340314,0.0
ISIC_0012538,locked_verification100,global_gate,0.95,0.9463350785340314,0.0
ISIC_0012538,locked_verification100,global_gate,0.99,0.9463350785340314,0.0
ISIC_0012547,locked_verification100,local8_gate,0.3,0.7842618614647049,1.0
ISIC_0012547,locked_verification100,local8_gate,0.5,0.7842618614647049,1.0
ISIC_0012547,locked_verification100,local8_gate,0.7,0.8144138047707664,0.6640625
ISIC_0012547,locked_verification100,local8_gate,0.8,0.8807339449541285,0.13671875
ISIC_0012547,locked_verification100,local8_gate,0.85,0.8946869070208728,0.0
ISIC_0012547,locked_verification100,local8_gate,0.9,0.8946869070208728,0.0
ISIC_0012547,locked_verification100,local8_gate,0.95,0.8946869070208728,0.0
ISIC_0012547,locked_verification100,local8_gate,0.99,0.8946869070208728,0.0
ISIC_0012547,locked_verification100,global_gate,0.3,0.8092263334935127,1.0
ISIC_0012547,locked_verification100,global_gate,0.5,0.8092263334935127,1.0
ISIC_0012547,locked_verification100,global_gate,0.7,0.8456286427976686,0.48828125
ISIC_0012547,locked_verification100,global_gate,0.8,0.8866144250759636,0.08203125
ISIC_0012547,locked_verification100,global_gate,0.85,0.8946869070208728,0.0
ISIC_0012547,locked_verification100,global_gate,0.9,0.8946869070208728,0.0
ISIC_0012547,locked_verification100,global_gate,0.95,0.8946869070208728,0.0
ISIC_0012547,locked_verification100,global_gate,0.99,0.8946869070208728,0.0
ISIC_0012660,locked_verification100,local8_gate,0.3,0.8945653590512186,1.0
ISIC_0012660,locked_verification100,local8_gate,0.5,0.8945653590512186,1.0
ISIC_0012660,locked_verification100,local8_gate,0.7,0.9340195302190551,0.45703125
ISIC_0012660,locked_verification100,local8_gate,0.8,0.9572322226477722,0.0859375
ISIC_0012660,locked_verification100,local8_gate,0.85,0.9650704940937381,0.0
ISIC_0012660,locked_verification100,local8_gate,0.9,0.9650704940937381,0.0
ISIC_0012660,locked_verification100,local8_gate,0.95,0.9650704940937381,0.0
ISIC_0012660,locked_verification100,local8_gate,0.99,0.9650704940937381,0.0
ISIC_0012660,locked_verification100,global_gate,0.3,0.8846547314578005,1.0
ISIC_0012660,locked_verification100,global_gate,0.5,0.8846547314578005,1.0
ISIC_0012660,locked_verification100,global_gate,0.7,0.9211422583180509,0.61328125
ISIC_0012660,locked_verification100,global_gate,0.8,0.9625175898682359,0.1171875
ISIC_0012660,locked_verification100,global_gate,0.85,0.9650704940937381,0.0
ISIC_0012660,locked_verification100,global_gate,0.9,0.9650704940937381,0.0
ISIC_0012660,locked_verification100,global_gate,0.95,0.9650704940937381,0.0
ISIC_0012660,locked_verification100,global_gate,0.99,0.9650704940937381,0.0
ISIC_0012684,locked_verification100,local8_gate,0.3,0.9409390849102907,1.0
ISIC_0012684,locked_verification100,local8_gate,0.5,0.9541865895696653,0.640625
ISIC_0012684,locked_verification100,local8_gate,0.7,0.9754532327931975,0.16015625
ISIC_0012684,locked_verification100,local8_gate,0.8,0.9794901690603636,0.0
ISIC_0012684,locked_verification100,local8_gate,0.85,0.9794901690603636,0.0
ISIC_0012684,locked_verification100,local8_gate,0.9,0.9794901690603636,0.0
ISIC_0012684,locked_verification100,local8_gate,0.95,0.9794901690603636,0.0
ISIC_0012684,locked_verification100,local8_gate,0.99,0.9794901690603636,0.0
ISIC_0012684,locked_verification100,global_gate,0.3,0.9473569719382205,0.99609375
ISIC_0012684,locked_verification100,global_gate,0.5,0.9627092425832827,0.546875
ISIC_0012684,locked_verification100,global_gate,0.7,0.9795221843003413,0.10546875
ISIC_0012684,locked_verification100,global_gate,0.8,0.9798515376458112,0.0078125
ISIC_0012684,locked_verification100,global_gate,0.85,0.9794901690603636,0.0
ISIC_0012684,locked_verification100,global_gate,0.9,0.9794901690603636,0.0
ISIC_0012684,locked_verification100,global_gate,0.95,0.9794901690603636,0.0
ISIC_0012684,locked_verification100,global_gate,0.99,0.9794901690603636,0.0
ISIC_0012720,calibration50,local8_gate,0.3,0.9459710360193093,1.0
ISIC_0012720,calibration50,local8_gate,0.5,0.9459710360193093,1.0
ISIC_0012720,calibration50,local8_gate,0.7,0.9580754079909961,0.671875
ISIC_0012720,calibration50,local8_gate,0.8,0.9579394437594191,0.296875
ISIC_0012720,calibration50,local8_gate,0.85,0.9609745093616061,0.0390625
ISIC_0012720,calibration50,local8_gate,0.9,0.9578199478370357,0.0
ISIC_0012720,calibration50,local8_gate,0.95,0.9578199478370357,0.0
ISIC_0012720,calibration50,local8_gate,0.99,0.9578199478370357,0.0
ISIC_0012720,calibration50,global_gate,0.3,0.9488341666277277,1.0
ISIC_0012720,calibration50,global_gate,0.5,0.9488341666277277,1.0
ISIC_0012720,calibration50,global_gate,0.7,0.9543132936600909,0.88671875
ISIC_0012720,calibration50,global_gate,0.8,0.9683007740508662,0.3203125
ISIC_0012720,calibration50,global_gate,0.85,0.9583802024746907,0.0078125
ISIC_0012720,calibration50,global_gate,0.9,0.9578199478370357,0.0
ISIC_0012720,calibration50,global_gate,0.95,0.9578199478370357,0.0
ISIC_0012720,calibration50,global_gate,0.99,0.9578199478370357,0.0
ISIC_0012746,locked_verification100,local8_gate,0.3,0.8813308687615526,1.0
ISIC_0012746,locked_verification100,local8_gate,0.5,0.9299806576402321,0.4375
ISIC_0012746,locked_verification100,local8_gate,0.7,0.9249817916970139,0.1640625
ISIC_0012746,locked_verification100,local8_gate,0.8,0.9127803488786045,0.0
ISIC_0012746,locked_verification100,local8_gate,0.85,0.9127803488786045,0.0
ISIC_0012746,locked_verification100,local8_gate,0.9,0.9127803488786045,0.0
ISIC_0012746,locked_verification100,local8_gate,0.95,0.9127803488786045,0.0
ISIC_0012746,locked_verification100,local8_gate,0.99,0.9127803488786045,0.0
ISIC_0012746,locked_verification100,global_gate,0.3,0.9167634533488193,0.7890625
ISIC_0012746,locked_verification100,global_gate,0.5,0.9323653037829576,0.39453125
ISIC_0012746,locked_verification100,global_gate,0.7,0.9288135593220339,0.296875
ISIC_0012746,locked_verification100,global_gate,0.8,0.914673330953231,0.015625
ISIC_0012746,locked_verification100,global_gate,0.85,0.9127803488786045,0.0
ISIC_0012746,locked_verification100,global_gate,0.9,0.9127803488786045,0.0
ISIC_0012746,locked_verification100,global_gate,0.95,0.9127803488786045,0.0
ISIC_0012746,locked_verification100,global_gate,0.99,0.9127803488786045,0.0
ISIC_0012876,locked_verification100,local8_gate,0.3,0.3168098700154219,1.0
ISIC_0012876,locked_verification100,local8_gate,0.5,0.3168098700154219,1.0
ISIC_0012876,locked_verification100,local8_gate,0.7,0.3168098700154219,1.0
ISIC_0012876,locked_verification100,local8_gate,0.8,0.33034688720422695,0.66796875
ISIC_0012876,locked_verification100,local8_gate,0.85,0.33371638703746265,0.2421875
ISIC_0012876,locked_verification100,local8_gate,0.9,0.38813151563753007,0.0
ISIC_0012876,locked_verification100,local8_gate,0.95,0.38813151563753007,0.0
ISIC_0012876,locked_verification100,local8_gate,0.99,0.38813151563753007,0.0
ISIC_0012876,locked_verification100,global_gate,0.3,0.32166592822330525,1.0
ISIC_0012876,locked_verification100,global_gate,0.5,0.32166592822330525,1.0
ISIC_0012876,locked_verification100,global_gate,0.7,0.32166592822330525,1.0
ISIC_0012876,locked_verification100,global_gate,0.8,0.3360333256190697,0.83203125
ISIC_0012876,locked_verification100,global_gate,0.85,0.3833157338965153,0.078125
ISIC_0012876,locked_verification100,global_gate,0.9,0.38813151563753007,0.0
ISIC_0012876,locked_verification100,global_gate,0.95,0.38813151563753007,0.0
ISIC_0012876,locked_verification100,global_gate,0.99,0.38813151563753007,0.0
ISIC_0012927,locked_verification100,local8_gate,0.3,0.7259771292029357,1.0
ISIC_0012927,locked_verification100,local8_gate,0.5,0.7259771292029357,1.0
ISIC_0012927,locked_verification100,local8_gate,0.7,0.7331042382588774,0.890625
ISIC_0012927,locked_verification100,local8_gate,0.8,0.7522736754276178,0.60546875
ISIC_0012927,locked_verification100,local8_gate,0.85,0.7765513858229091,0.33984375
ISIC_0012927,locked_verification100,local8_gate,0.9,0.8031138228487271,0.0
ISIC_0012927,locked_verification100,local8_gate,0.95,0.8031138228487271,0.0
ISIC_0012927,locked_verification100,local8_gate,0.99,0.8031138228487271,0.0
ISIC_0012927,locked_verification100,global_gate,0.3,0.764537247015532,1.0
ISIC_0012927,locked_verification100,global_gate,0.5,0.764537247015532,1.0
ISIC_0012927,locked_verification100,global_gate,0.7,0.759817822462834,0.91796875
ISIC_0012927,locked_verification100,global_gate,0.8,0.7663815226689478,0.71875
ISIC_0012927,locked_verification100,global_gate,0.85,0.7859708430171138,0.33984375
ISIC_0012927,locked_verification100,global_gate,0.9,0.8031138228487271,0.0
ISIC_0012927,locked_verification100,global_gate,0.95,0.8031138228487271,0.0
ISIC_0012927,locked_verification100,global_gate,0.99,0.8031138228487271,0.0
ISIC_0012956,locked_verification100,local8_gate,0.3,0.6969545681477783,1.0
ISIC_0012956,locked_verification100,local8_gate,0.5,0.7264618434093162,0.5703125
ISIC_0012956,locked_verification100,local8_gate,0.7,0.795688847235239,0.203125
ISIC_0012956,locked_verification100,local8_gate,0.8,0.868237347294939,0.0
ISIC_0012956,locked_verification100,local8_gate,0.85,0.868237347294939,0.0
ISIC_0012956,locked_verification100,local8_gate,0.9,0.868237347294939,0.0
ISIC_0012956,locked_verification100,local8_gate,0.95,0.868237347294939,0.0
ISIC_0012956,locked_verification100,local8_gate,0.99,0.868237347294939,0.0
ISIC_0012956,locked_verification100,global_gate,0.3,0.7567824845311756,0.8984375
ISIC_0012956,locked_verification100,global_gate,0.5,0.7825261158594492,0.4765625
ISIC_0012956,locked_verification100,global_gate,0.7,0.8541114058355438,0.046875
ISIC_0012956,locked_verification100,global_gate,0.8,0.868237347294939,0.0
ISIC_0012956,locked_verification100,global_gate,0.85,0.868237347294939,0.0
ISIC_0012956,locked_verification100,global_gate,0.9,0.868237347294939,0.0
ISIC_0012956,locked_verification100,global_gate,0.95,0.868237347294939,0.0
ISIC_0012956,locked_verification100,global_gate,0.99,0.868237347294939,0.0
ISIC_0012959,calibration50,local8_gate,0.3,0.6808244846970644,1.0
ISIC_0012959,calibration50,local8_gate,0.5,0.6808244846970644,1.0
ISIC_0012959,calibration50,local8_gate,0.7,0.6902325581395349,0.93359375
ISIC_0012959,calibration50,local8_gate,0.8,0.7585244885306882,0.5234375
ISIC_0012959,calibration50,local8_gate,0.85,0.7826786864133934,0.26171875
ISIC_0012959,calibration50,local8_gate,0.9,0.8303466755987272,0.0
ISIC_0012959,calibration50,local8_gate,0.95,0.8303466755987272,0.0
ISIC_0012959,calibration50,local8_gate,0.99,0.8303466755987272,0.0
ISIC_0012959,calibration50,global_gate,0.3,0.6850284659178335,1.0
ISIC_0012959,calibration50,global_gate,0.5,0.6850284659178335,1.0
ISIC_0012959,calibration50,global_gate,0.7,0.6850284659178335,1.0
ISIC_0012959,calibration50,global_gate,0.8,0.7512581973463475,0.546875
ISIC_0012959,calibration50,global_gate,0.85,0.7806106389675794,0.1640625
ISIC_0012959,calibration50,global_gate,0.9,0.8303466755987272,0.0
ISIC_0012959,calibration50,global_gate,0.95,0.8303466755987272,0.0
ISIC_0012959,calibration50,global_gate,0.99,0.8303466755987272,0.0
ISIC_0012965,locked_verification100,local8_gate,0.3,0.6175438596491228,1.0
ISIC_0012965,locked_verification100,local8_gate,0.5,0.7836383207750269,0.21875
ISIC_0012965,locked_verification100,local8_gate,0.7,0.904296875,0.0
ISIC_0012965,locked_verification100,local8_gate,0.8,0.904296875,0.0
ISIC_0012965,locked_verification100,local8_gate,0.85,0.904296875,0.0
ISIC_0012965,locked_verification100,local8_gate,0.9,0.904296875,0.0
ISIC_0012965,locked_verification100,local8_gate,0.95,0.904296875,0.0
ISIC_0012965,locked_verification100,local8_gate,0.99,0.904296875,0.0
ISIC_0012965,locked_verification100,global_gate,0.3,0.6373365041617123,0.72265625
ISIC_0012965,locked_verification100,global_gate,0.5,0.8923988153998026,0.0703125
ISIC_0012965,locked_verification100,global_gate,0.7,0.904296875,0.0
ISIC_0012965,locked_verification100,global_gate,0.8,0.904296875,0.0
ISIC_0012965,locked_verification100,global_gate,0.85,0.904296875,0.0
ISIC_0012965,locked_verification100,global_gate,0.9,0.904296875,0.0
ISIC_0012965,locked_verification100,global_gate,0.95,0.904296875,0.0
ISIC_0012965,locked_verification100,global_gate,0.99,0.904296875,0.0
ISIC_0013010,locked_verification100,local8_gate,0.3,0.7003367003367004,0.94921875
ISIC_0013010,locked_verification100,local8_gate,0.5,0.8633031479085813,0.37109375
ISIC_0013010,locked_verification100,local8_gate,0.7,0.9258957654723127,0.0
ISIC_0013010,locked_verification100,local8_gate,0.8,0.9258957654723127,0.0
ISIC_0013010,locked_verification100,local8_gate,0.85,0.9258957654723127,0.0
ISIC_0013010,locked_verification100,local8_gate,0.9,0.9258957654723127,0.0
ISIC_0013010,locked_verification100,local8_gate,0.95,0.9258957654723127,0.0
ISIC_0013010,locked_verification100,local8_gate,0.99,0.9258957654723127,0.0
ISIC_0013010,locked_verification100,global_gate,0.3,0.8310421286031042,0.57421875
ISIC_0013010,locked_verification100,global_gate,0.5,0.8956849602010892,0.23828125
ISIC_0013010,locked_verification100,global_gate,0.7,0.9254582484725051,0.00390625
ISIC_0013010,locked_verification100,global_gate,0.8,0.9258957654723127,0.0
ISIC_0013010,locked_verification100,global_gate,0.85,0.9258957654723127,0.0
ISIC_0013010,locked_verification100,global_gate,0.9,0.9258957654723127,0.0
ISIC_0013010,locked_verification100,global_gate,0.95,0.9258957654723127,0.0
ISIC_0013010,locked_verification100,global_gate,0.99,0.9258957654723127,0.0
ISIC_0013082,locked_verification100,local8_gate,0.3,0.6774941995359629,1.0
ISIC_0013082,locked_verification100,local8_gate,0.5,0.7655122655122655,0.546875
ISIC_0013082,locked_verification100,local8_gate,0.7,0.9155019059720457,0.0234375
ISIC_0013082,locked_verification100,local8_gate,0.8,0.9183027232425586,0.0
ISIC_0013082,locked_verification100,local8_gate,0.85,0.9183027232425586,0.0
ISIC_0013082,locked_verification100,local8_gate,0.9,0.9183027232425586,0.0
ISIC_0013082,locked_verification100,local8_gate,0.95,0.9183027232425586,0.0
ISIC_0013082,locked_verification100,local8_gate,0.99,0.9183027232425586,0.0
ISIC_0013082,locked_verification100,global_gate,0.3,0.8001425008906305,0.6796875
ISIC_0013082,locked_verification100,global_gate,0.5,0.9170951156812339,0.1484375
ISIC_0013082,locked_verification100,global_gate,0.7,0.9183027232425586,0.0
ISIC_0013082,locked_verification100,global_gate,0.8,0.9183027232425586,0.0
ISIC_0013082,locked_verification100,global_gate,0.85,0.9183027232425586,0.0
ISIC_0013082,locked_verification100,global_gate,0.9,0.9183027232425586,0.0
ISIC_0013082,locked_verification100,global_gate,0.95,0.9183027232425586,0.0
ISIC_0013082,locked_verification100,global_gate,0.99,0.9183027232425586,0.0
ISIC_0013104,locked_verification100,local8_gate,0.3,0.8884584910643543,0.93359375
ISIC_0013104,locked_verification100,local8_gate,0.5,0.9087950827081261,0.65625
ISIC_0013104,locked_verification100,local8_gate,0.7,0.9250064873280858,0.1875
ISIC_0013104,locked_verification100,local8_gate,0.8,0.940939934656949,0.0
ISIC_0013104,locked_verification100,local8_gate,0.85,0.940939934656949,0.0
ISIC_0013104,locked_verification100,local8_gate,0.9,0.940939934656949,0.0
ISIC_0013104,locked_verification100,local8_gate,0.95,0.940939934656949,0.0
ISIC_0013104,locked_verification100,local8_gate,0.99,0.940939934656949,0.0
ISIC_0013104,locked_verification100,global_gate,0.3,0.9030257312882407,1.0
ISIC_0013104,locked_verification100,global_gate,0.5,0.933344890352778,0.54296875
ISIC_0013104,locked_verification100,global_gate,0.7,0.94219359213426,0.125
ISIC_0013104,locked_verification100,global_gate,0.8,0.9503342076317793,0.0390625
ISIC_0013104,locked_verification100,global_gate,0.85,0.9421238047307499,0.00390625
ISIC_0013104,locked_verification100,global_gate,0.9,0.940939934656949,0.0
ISIC_0013104,locked_verification100,global_gate,0.95,0.940939934656949,0.0
ISIC_0013104,locked_verification100,global_gate,0.99,0.940939934656949,0.0
ISIC_0013127,locked_verification100,local8_gate,0.3,0.713607731469497,1.0
ISIC_0013127,locked_verification100,local8_gate,0.5,0.713607731469497,1.0
ISIC_0013127,locked_verification100,local8_gate,0.7,0.713607731469497,1.0
ISIC_0013127,locked_verification100,local8_gate,0.8,0.7174523168566356,0.97265625
ISIC_0013127,locked_verification100,local8_gate,0.85,0.7275867927734043,0.51953125
ISIC_0013127,locked_verification100,local8_gate,0.9,0.7088528483484892,0.0
ISIC_0013127,locked_verification100,local8_gate,0.95,0.7088528483484892,0.0
ISIC_0013127,locked_verification100,local8_gate,0.99,0.7088528483484892,0.0
ISIC_0013127,locked_verification100,global_gate,0.3,0.7719754587350505,1.0
ISIC_0013127,locked_verification100,global_gate,0.5,0.7719754587350505,1.0
ISIC_0013127,locked_verification100,global_gate,0.7,0.7719754587350505,1.0
ISIC_0013127,locked_verification100,global_gate,0.8,0.7751662721226469,0.97265625
ISIC_0013127,locked_verification100,global_gate,0.85,0.7951578182224831,0.48828125
ISIC_0013127,locked_verification100,global_gate,0.9,0.7088528483484892,0.0
ISIC_0013127,locked_verification100,global_gate,0.95,0.7088528483484892,0.0
ISIC_0013127,locked_verification100,global_gate,0.99,0.7088528483484892,0.0
ISIC_0013128,locked_verification100,local8_gate,0.3,0.8194469546358214,0.86328125
ISIC_0013128,locked_verification100,local8_gate,0.5,0.8268839103869654,0.640625
ISIC_0013128,locked_verification100,local8_gate,0.7,0.8901080061717812,0.12890625
ISIC_0013128,locked_verification100,local8_gate,0.8,0.9401265617394127,0.0078125
ISIC_0013128,locked_verification100,local8_gate,0.85,0.939880084265111,0.0
ISIC_0013128,locked_verification100,local8_gate,0.9,0.939880084265111,0.0
ISIC_0013128,locked_verification100,local8_gate,0.95,0.939880084265111,0.0
ISIC_0013128,locked_verification100,local8_gate,0.99,0.939880084265111,0.0
ISIC_0013128,locked_verification100,global_gate,0.3,0.8724928366762178,0.7734375
ISIC_0013128,locked_verification100,global_gate,0.5,0.9185133484557669,0.52734375
ISIC_0013128,locked_verification100,global_gate,0.7,0.938402789307654,0.17578125
ISIC_0013128,locked_verification100,global_gate,0.8,0.9400682150397921,0.01953125
ISIC_0013128,locked_verification100,global_gate,0.85,0.939880084265111,0.0
ISIC_0013128,locked_verification100,global_gate,0.9,0.939880084265111,0.0
ISIC_0013128,locked_verification100,global_gate,0.95,0.939880084265111,0.0
ISIC_0013128,locked_verification100,global_gate,0.99,0.939880084265111,0.0
ISIC_0013132,locked_verification100,local8_gate,0.3,0.9250978200111795,0.84765625
ISIC_0013132,locked_verification100,local8_gate,0.5,0.9082180175091782,0.38671875
ISIC_0013132,locked_verification100,local8_gate,0.7,0.9136945276340865,0.10546875
ISIC_0013132,locked_verification100,local8_gate,0.8,0.9118753358409457,0.0
ISIC_0013132,locked_verification100,local8_gate,0.85,0.9118753358409457,0.0
ISIC_0013132,locked_verification100,local8_gate,0.9,0.9118753358409457,0.0
ISIC_0013132,locked_verification100,local8_gate,0.95,0.9118753358409457,0.0
ISIC_0013132,locked_verification100,local8_gate,0.99,0.9118753358409457,0.0
ISIC_0013132,locked_verification100,global_gate,0.3,0.8794826572604351,0.65625
ISIC_0013132,locked_verification100,global_gate,0.5,0.9119549929676511,0.37109375
ISIC_0013132,locked_verification100,global_gate,0.7,0.9165311653116531,0.10546875
ISIC_0013132,locked_verification100,global_gate,0.8,0.9118753358409457,0.0
ISIC_0013132,locked_verification100,global_gate,0.85,0.9118753358409457,0.0
ISIC_0013132,locked_verification100,global_gate,0.9,0.9118753358409457,0.0
ISIC_0013132,locked_verification100,global_gate,0.95,0.9118753358409457,0.0
ISIC_0013132,locked_verification100,global_gate,0.99,0.9118753358409457,0.0
ISIC_0013188,locked_verification100,local8_gate,0.3,0.6679316888045541,0.88671875
ISIC_0013188,locked_verification100,local8_gate,0.5,0.8875545851528385,0.265625
ISIC_0013188,locked_verification100,local8_gate,0.7,0.9299895506792059,0.0
ISIC_0013188,locked_verification100,local8_gate,0.8,0.9299895506792059,0.0
ISIC_0013188,locked_verification100,local8_gate,0.85,0.9299895506792059,0.0
ISIC_0013188,locked_verification100,local8_gate,0.9,0.9299895506792059,0.0
ISIC_0013188,locked_verification100,local8_gate,0.95,0.9299895506792059,0.0
ISIC_0013188,locked_verification100,local8_gate,0.99,0.9299895506792059,0.0
ISIC_0013188,locked_verification100,global_gate,0.3,0.9023205612520238,0.24609375
ISIC_0013188,locked_verification100,global_gate,0.5,0.9299895506792059,0.0
ISIC_0013188,locked_verification100,global_gate,0.7,0.9299895506792059,0.0
ISIC_0013188,locked_verification100,global_gate,0.8,0.9299895506792059,0.0
ISIC_0013188,locked_verification100,global_gate,0.85,0.9299895506792059,0.0
ISIC_0013188,locked_verification100,global_gate,0.9,0.9299895506792059,0.0
ISIC_0013188,locked_verification100,global_gate,0.95,0.9299895506792059,0.0
ISIC_0013188,locked_verification100,global_gate,0.99,0.9299895506792059,0.0
ISIC_0013215,locked_verification100,local8_gate,0.3,0.9341883413029658,1.0
ISIC_0013215,locked_verification100,local8_gate,0.5,0.9341883413029658,1.0
ISIC_0013215,locked_verification100,local8_gate,0.7,0.9386190658708865,0.8125
ISIC_0013215,locked_verification100,local8_gate,0.8,0.9541735302854365,0.421875
ISIC_0013215,locked_verification100,local8_gate,0.85,0.9632470437839565,0.1015625
ISIC_0013215,locked_verification100,local8_gate,0.9,0.9654202383163929,0.0
ISIC_0013215,locked_verification100,local8_gate,0.95,0.9654202383163929,0.0
ISIC_0013215,locked_verification100,local8_gate,0.99,0.9654202383163929,0.0
ISIC_0013215,locked_verification100,global_gate,0.3,0.9483974005947792,1.0
ISIC_0013215,locked_verification100,global_gate,0.5,0.9483974005947792,1.0
ISIC_0013215,locked_verification100,global_gate,0.7,0.9520218007652289,0.8671875
ISIC_0013215,locked_verification100,global_gate,0.8,0.9595449148095988,0.51171875
ISIC_0013215,locked_verification100,global_gate,0.85,0.9679967970105432,0.0625
ISIC_0013215,locked_verification100,global_gate,0.9,0.9654202383163929,0.0
ISIC_0013215,locked_verification100,global_gate,0.95,0.9654202383163929,0.0
ISIC_0013215,locked_verification100,global_gate,0.99,0.9654202383163929,0.0
ISIC_0013232,locked_verification100,local8_gate,0.3,0.8349121873336881,1.0
ISIC_0013232,locked_verification100,local8_gate,0.5,0.8393407761828815,0.97265625
ISIC_0013232,locked_verification100,local8_gate,0.7,0.8835178226871129,0.40625
ISIC_0013232,locked_verification100,local8_gate,0.8,0.9294605809128631,0.109375
ISIC_0013232,locked_verification100,local8_gate,0.85,0.9258028792912514,0.0
ISIC_0013232,locked_verification100,local8_gate,0.9,0.9258028792912514,0.0
ISIC_0013232,locked_verification100,local8_gate,0.95,0.9258028792912514,0.0
ISIC_0013232,locked_verification100,local8_gate,0.99,0.9258028792912514,0.0
ISIC_0013232,locked_verification100,global_gate,0.3,0.8948115119578436,1.0
ISIC_0013232,locked_verification100,global_gate,0.5,0.8962782184258694,0.95703125
ISIC_0013232,locked_verification100,global_gate,0.7,0.9227959825504718,0.39453125
ISIC_0013232,locked_verification100,global_gate,0.8,0.92597441837043,0.00390625
ISIC_0013232,locked_verification100,global_gate,0.85,0.9258028792912514,0.0
ISIC_0013232,locked_verification100,global_gate,0.9,0.9258028792912514,0.0
ISIC_0013232,locked_verification100,global_gate,0.95,0.9258028792912514,0.0
ISIC_0013232,locked_verification100,global_gate,0.99,0.9258028792912514,0.0
ISIC_0013421,locked_verification100,local8_gate,0.3,0.8754346112836678,1.0
ISIC_0013421,locked_verification100,local8_gate,0.5,0.8754346112836678,1.0
ISIC_0013421,locked_verification100,local8_gate,0.7,0.8840908040131306,0.86328125
ISIC_0013421,locked_verification100,local8_gate,0.8,0.8880631250573447,0.578125
ISIC_0013421,locked_verification100,local8_gate,0.85,0.8885558583106267,0.30078125
ISIC_0013421,locked_verification100,local8_gate,0.9,0.8850559223824283,0.0
ISIC_0013421,locked_verification100,local8_gate,0.95,0.8850559223824283,0.0
ISIC_0013421,locked_verification100,local8_gate,0.99,0.8850559223824283,0.0
ISIC_0013421,locked_verification100,global_gate,0.3,0.889687255308369,1.0
ISIC_0013421,locked_verification100,global_gate,0.5,0.889687255308369,1.0
ISIC_0013421,locked_verification100,global_gate,0.7,0.8931481481481481,0.9375
ISIC_0013421,locked_verification100,global_gate,0.8,0.9073892086667602,0.5390625
ISIC_0013421,locked_verification100,global_gate,0.85,0.8979312234552679,0.15625
ISIC_0013421,locked_verification100,global_gate,0.9,0.8850559223824283,0.0
ISIC_0013421,locked_verification100,global_gate,0.95,0.8850559223824283,0.0
ISIC_0013421,locked_verification100,global_gate,0.99,0.8850559223824283,0.0
ISIC_0013491,locked_verification100,local8_gate,0.3,0.9198597848422579,1.0
ISIC_0013491,locked_verification100,local8_gate,0.5,0.9230205278592375,0.890625
ISIC_0013491,locked_verification100,local8_gate,0.7,0.928789544399658,0.45703125
ISIC_0013491,locked_verification100,local8_gate,0.8,0.9325063845311929,0.26953125
ISIC_0013491,locked_verification100,local8_gate,0.85,0.9476156918017383,0.05078125
ISIC_0013491,locked_verification100,local8_gate,0.9,0.950712450362065,0.0
ISIC_0013491,locked_verification100,local8_gate,0.95,0.950712450362065,0.0
ISIC_0013491,locked_verification100,local8_gate,0.99,0.950712450362065,0.0
ISIC_0013491,locked_verification100,global_gate,0.3,0.9175490779298037,1.0
ISIC_0013491,locked_verification100,global_gate,0.5,0.9213863060016906,0.86328125
ISIC_0013491,locked_verification100,global_gate,0.7,0.9262718112558368,0.390625
ISIC_0013491,locked_verification100,global_gate,0.8,0.9443843843843844,0.23828125
ISIC_0013491,locked_verification100,global_gate,0.85,0.9510882284109525,0.0234375
ISIC_0013491,locked_verification100,global_gate,0.9,0.950712450362065,0.0
ISIC_0013491,locked_verification100,global_gate,0.95,0.950712450362065,0.0
ISIC_0013491,locked_verification100,global_gate,0.99,0.950712450362065,0.0
ISIC_0013501,locked_verification100,local8_gate,0.3,0.8,1.0
ISIC_0013501,locked_verification100,local8_gate,0.5,0.793368046040011,0.8125
ISIC_0013501,locked_verification100,local8_gate,0.7,0.8435464575302406,0.12890625
ISIC_0013501,locked_verification100,local8_gate,0.8,0.8692487652716402,0.0
ISIC_0013501,locked_verification100,local8_gate,0.85,0.8692487652716402,0.0
ISIC_0013501,locked_verification100,local8_gate,0.9,0.8692487652716402,0.0
ISIC_0013501,locked_verification100,local8_gate,0.95,0.8692487652716402,0.0
ISIC_0013501,locked_verification100,local8_gate,0.99,0.8692487652716402,0.0
ISIC_0013501,locked_verification100,global_gate,0.3,0.8198162205353575,1.0
ISIC_0013501,locked_verification100,global_gate,0.5,0.7871986699916874,0.57421875
ISIC_0013501,locked_verification100,global_gate,0.7,0.8566171638848732,0.0625
ISIC_0013501,locked_verification100,global_gate,0.8,0.8692487652716402,0.0
ISIC_0013501,locked_verification100,global_gate,0.85,0.8692487652716402,0.0
ISIC_0013501,locked_verification100,global_gate,0.9,0.8692487652716402,0.0
ISIC_0013501,locked_verification100,global_gate,0.95,0.8692487652716402,0.0
ISIC_0013501,locked_verification100,global_gate,0.99,0.8692487652716402,0.0
ISIC_0013518,locked_verification100,local8_gate,0.3,0.6771981083021764,1.0
ISIC_0013518,locked_verification100,local8_gate,0.5,0.6771981083021764,1.0
ISIC_0013518,locked_verification100,local8_gate,0.7,0.6771981083021764,1.0
ISIC_0013518,locked_verification100,local8_gate,0.8,0.6829208164875259,0.99609375
ISIC_0013518,locked_verification100,local8_gate,0.85,0.67358081324325,0.8203125
ISIC_0013518,locked_verification100,local8_gate,0.9,0.723058859564041,0.0
ISIC_0013518,locked_verification100,local8_gate,0.95,0.723058859564041,0.0
ISIC_0013518,locked_verification100,local8_gate,0.99,0.723058859564041,0.0
ISIC_0013518,locked_verification100,global_gate,0.3,0.8108773968622893,1.0
ISIC_0013518,locked_verification100,global_gate,0.5,0.8108773968622893,1.0
ISIC_0013518,locked_verification100,global_gate,0.7,0.8101814117044317,0.99609375
ISIC_0013518,locked_verification100,global_gate,0.8,0.8095138355558659,0.9921875
ISIC_0013518,locked_verification100,global_gate,0.85,0.7946420104314841,0.71484375
ISIC_0013518,locked_verification100,global_gate,0.9,0.723058859564041,0.0
ISIC_0013518,locked_verification100,global_gate,0.95,0.723058859564041,0.0
ISIC_0013518,locked_verification100,global_gate,0.99,0.723058859564041,0.0
ISIC_0013527,locked_verification100,local8_gate,0.3,0.3672496025437202,1.0
ISIC_0013527,locked_verification100,local8_gate,0.5,0.3672496025437202,1.0
ISIC_0013527,locked_verification100,local8_gate,0.7,0.40064102564102566,0.90234375
ISIC_0013527,locked_verification100,local8_gate,0.8,0.24585876198779424,0.58984375
ISIC_0013527,locked_verification100,local8_gate,0.85,0.2550335570469799,0.34375
ISIC_0013527,locked_verification100,local8_gate,0.9,0.1832258064516129,0.0
ISIC_0013527,locked_verification100,local8_gate,0.95,0.1832258064516129,0.0
ISIC_0013527,locked_verification100,local8_gate,0.99,0.1832258064516129,0.0
ISIC_0013527,locked_verification100,global_gate,0.3,0.4077530509691314,1.0
ISIC_0013527,locked_verification100,global_gate,0.5,0.4077530509691314,1.0
ISIC_0013527,locked_verification100,global_gate,0.7,0.4277699859747546,0.8984375
ISIC_0013527,locked_verification100,global_gate,0.8,0.34417129262490087,0.75
ISIC_0013527,locked_verification100,global_gate,0.85,0.3009814612868048,0.46875
ISIC_0013527,locked_verification100,global_gate,0.9,0.1770573566084788,0.01171875
ISIC_0013527,locked_verification100,global_gate,0.95,0.1832258064516129,0.0
ISIC_0013527,locked_verification100,global_gate,0.99,0.1832258064516129,0.0
ISIC_0013549,calibration50,local8_gate,0.3,0.8010342280226546,1.0
ISIC_0013549,calibration50,local8_gate,0.5,0.7865420560747663,0.50390625
ISIC_0013549,calibration50,local8_gate,0.7,0.7832062976383856,0.2421875
ISIC_0013549,calibration50,local8_gate,0.8,0.8076405044692053,0.02734375
ISIC_0013549,calibration50,local8_gate,0.85,0.8102626756261454,0.0
ISIC_0013549,calibration50,local8_gate,0.9,0.8102626756261454,0.0
ISIC_0013549,calibration50,local8_gate,0.95,0.8102626756261454,0.0
ISIC_0013549,calibration50,local8_gate,0.99,0.8102626756261454,0.0
ISIC_0013549,calibration50,global_gate,0.3,0.771850170261067,0.8671875
ISIC_0013549,calibration50,global_gate,0.5,0.7621710944451506,0.44140625
ISIC_0013549,calibration50,global_gate,0.7,0.7770940600276278,0.2890625
ISIC_0013549,calibration50,global_gate,0.8,0.8001478560867422,0.078125
ISIC_0013549,calibration50,global_gate,0.85,0.8102626756261454,0.0
ISIC_0013549,calibration50,global_gate,0.9,0.8102626756261454,0.0
ISIC_0013549,calibration50,global_gate,0.95,0.8102626756261454,0.0
ISIC_0013549,calibration50,global_gate,0.99,0.8102626756261454,0.0
ISIC_0013561,locked_verification100,local8_gate,0.3,0.6493665356050677,1.0
ISIC_0013561,locked_verification100,local8_gate,0.5,0.6493665356050677,1.0
ISIC_0013561,locked_verification100,local8_gate,0.7,0.6525453277545328,0.97265625
ISIC_0013561,locked_verification100,local8_gate,0.8,0.683847920387854,0.71484375
ISIC_0013561,locked_verification100,local8_gate,0.85,0.7441316665167731,0.24609375
ISIC_0013561,locked_verification100,local8_gate,0.9,0.9025575988163179,0.0
ISIC_0013561,locked_verification100,local8_gate,0.95,0.9025575988163179,0.0
ISIC_0013561,locked_verification100,local8_gate,0.99,0.9025575988163179,0.0
ISIC_0013561,locked_verification100,global_gate,0.3,0.7464220183486239,1.0
ISIC_0013561,locked_verification100,global_gate,0.5,0.7464220183486239,1.0
ISIC_0013561,locked_verification100,global_gate,0.7,0.7460769018996054,0.9921875
ISIC_0013561,locked_verification100,global_gate,0.8,0.7653966831017481,0.58203125
ISIC_0013561,locked_verification100,global_gate,0.85,0.8134061382037281,0.109375
ISIC_0013561,locked_verification100,global_gate,0.9,0.9025575988163179,0.0
ISIC_0013561,locked_verification100,global_gate,0.95,0.9025575988163179,0.0
ISIC_0013561,locked_verification100,global_gate,0.99,0.9025575988163179,0.0
ISIC_0013562,locked_verification100,local8_gate,0.3,0.9327543097776023,1.0
ISIC_0013562,locked_verification100,local8_gate,0.5,0.9335075114304376,0.8359375
ISIC_0013562,locked_verification100,local8_gate,0.7,0.9384328358208955,0.0
ISIC_0013562,locked_verification100,local8_gate,0.8,0.9384328358208955,0.0
ISIC_0013562,locked_verification100,local8_gate,0.85,0.9384328358208955,0.0
ISIC_0013562,locked_verification100,local8_gate,0.9,0.9384328358208955,0.0
ISIC_0013562,locked_verification100,local8_gate,0.95,0.9384328358208955,0.0
ISIC_0013562,locked_verification100,local8_gate,0.99,0.9384328358208955,0.0
ISIC_0013562,locked_verification100,global_gate,0.3,0.9308320206215094,1.0
ISIC_0013562,locked_verification100,global_gate,0.5,0.9424902289223898,0.546875
ISIC_0013562,locked_verification100,global_gate,0.7,0.9384328358208955,0.0
ISIC_0013562,locked_verification100,global_gate,0.8,0.9384328358208955,0.0
ISIC_0013562,locked_verification100,global_gate,0.85,0.9384328358208955,0.0
ISIC_0013562,locked_verification100,global_gate,0.9,0.9384328358208955,0.0
ISIC_0013562,locked_verification100,global_gate,0.95,0.9384328358208955,0.0
ISIC_0013562,locked_verification100,global_gate,0.99,0.9384328358208955,0.0
ISIC_0013632,locked_verification100,local8_gate,0.3,0.31196629853125357,1.0
ISIC_0013632,locked_verification100,local8_gate,0.5,0.31196629853125357,1.0
ISIC_0013632,locked_verification100,local8_gate,0.7,0.31196629853125357,1.0
ISIC_0013632,locked_verification100,local8_gate,0.8,0.32436708860759494,0.6796875
ISIC_0013632,locked_verification100,local8_gate,0.85,0.36969764093476576,0.0625
ISIC_0013632,locked_verification100,local8_gate,0.9,0.33881765573584477,0.0
ISIC_0013632,locked_verification100,local8_gate,0.95,0.33881765573584477,0.0
ISIC_0013632,locked_verification100,local8_gate,0.99,0.33881765573584477,0.0
ISIC_0013632,locked_verification100,global_gate,0.3,0.4253995495012335,1.0
ISIC_0013632,locked_verification100,global_gate,0.5,0.4253995495012335,1.0
ISIC_0013632,locked_verification100,global_gate,0.7,0.4253995495012335,1.0
ISIC_0013632,locked_verification100,global_gate,0.8,0.37770897832817335,0.70703125
ISIC_0013632,locked_verification100,global_gate,0.85,0.3563489390367127,0.03515625
ISIC_0013632,locked_verification100,global_gate,0.9,0.33881765573584477,0.0
ISIC_0013632,locked_verification100,global_gate,0.95,0.33881765573584477,0.0
ISIC_0013632,locked_verification100,global_gate,0.99,0.33881765573584477,0.0
ISIC_0013637,calibration50,local8_gate,0.3,0.9090692692216139,1.0
ISIC_0013637,calibration50,local8_gate,0.5,0.9090692692216139,1.0
ISIC_0013637,calibration50,local8_gate,0.7,0.9326424870466321,0.31640625
ISIC_0013637,calibration50,local8_gate,0.8,0.9581384190955979,0.0390625
ISIC_0013637,calibration50,local8_gate,0.85,0.9622551361681796,0.0
ISIC_0013637,calibration50,local8_gate,0.9,0.9622551361681796,0.0
ISIC_0013637,calibration50,local8_gate,0.95,0.9622551361681796,0.0
ISIC_0013637,calibration50,local8_gate,0.99,0.9622551361681796,0.0
ISIC_0013637,calibration50,global_gate,0.3,0.9125044279135671,1.0
ISIC_0013637,calibration50,global_gate,0.5,0.9124630832841111,0.9921875
ISIC_0013637,calibration50,global_gate,0.7,0.9459953675484579,0.2265625
ISIC_0013637,calibration50,global_gate,0.8,0.9622551361681796,0.0
ISIC_0013637,calibration50,global_gate,0.85,0.9622551361681796,0.0
ISIC_0013637,calibration50,global_gate,0.9,0.9622551361681796,0.0
ISIC_0013637,calibration50,global_gate,0.95,0.9622551361681796,0.0
ISIC_0013637,calibration50,global_gate,0.99,0.9622551361681796,0.0
ISIC_0013644,calibration50,local8_gate,0.3,0.5399925825194709,1.0
ISIC_0013644,calibration50,local8_gate,0.5,0.5399925825194709,1.0
ISIC_0013644,calibration50,local8_gate,0.7,0.5995742667928098,0.3125
ISIC_0013644,calibration50,local8_gate,0.8,0.6207780107151176,0.078125
ISIC_0013644,calibration50,local8_gate,0.85,0.5915794481446242,0.02734375
ISIC_0013644,calibration50,local8_gate,0.9,0.5937537109606935,0.0
ISIC_0013644,calibration50,local8_gate,0.95,0.5937537109606935,0.0
ISIC_0013644,calibration50,local8_gate,0.99,0.5937537109606935,0.0
ISIC_0013644,calibration50,global_gate,0.3,0.5352846335111001,1.0
ISIC_0013644,calibration50,global_gate,0.5,0.534557637423998,0.98828125
ISIC_0013644,calibration50,global_gate,0.7,0.5478913070207796,0.62109375
ISIC_0013644,calibration50,global_gate,0.8,0.5980821593465135,0.0703125
ISIC_0013644,calibration50,global_gate,0.85,0.5937537109606935,0.0
ISIC_0013644,calibration50,global_gate,0.9,0.5937537109606935,0.0
ISIC_0013644,calibration50,global_gate,0.95,0.5937537109606935,0.0
ISIC_0013644,calibration50,global_gate,0.99,0.5937537109606935,0.0
ISIC_0013651,locked_verification100,local8_gate,0.3,0.7419516542274702,1.0
ISIC_0013651,locked_verification100,local8_gate,0.5,0.7419516542274702,1.0
ISIC_0013651,locked_verification100,local8_gate,0.7,0.7374863754506582,0.90625
ISIC_0013651,locked_verification100,local8_gate,0.8,0.7438407207608031,0.55078125
ISIC_0013651,locked_verification100,local8_gate,0.85,0.7400027828022819,0.23046875
ISIC_0013651,locked_verification100,local8_gate,0.9,0.7385873647314102,0.0
ISIC_0013651,locked_verification100,local8_gate,0.95,0.7385873647314102,0.0
ISIC_0013651,locked_verification100,local8_gate,0.99,0.7385873647314102,0.0
ISIC_0013651,locked_verification100,global_gate,0.3,0.7402945113788487,1.0
ISIC_0013651,locked_verification100,global_gate,0.5,0.7402945113788487,1.0
ISIC_0013651,locked_verification100,global_gate,0.7,0.7357460743975145,0.9453125
ISIC_0013651,locked_verification100,global_gate,0.8,0.7289509230076542,0.703125
ISIC_0013651,locked_verification100,global_gate,0.85,0.7347178354808955,0.22265625
ISIC_0013651,locked_verification100,global_gate,0.9,0.7385873647314102,0.0
ISIC_0013651,locked_verification100,global_gate,0.95,0.7385873647314102,0.0
ISIC_0013651,locked_verification100,global_gate,0.99,0.7385873647314102,0.0
ISIC_0013663,calibration50,local8_gate,0.3,0.7989111137412711,1.0
ISIC_0013663,calibration50,local8_gate,0.5,0.7989111137412711,1.0
ISIC_0013663,calibration50,local8_gate,0.7,0.7966631083699047,0.96875
ISIC_0013663,calibration50,local8_gate,0.8,0.7985121874010763,0.7421875
ISIC_0013663,calibration50,local8_gate,0.85,0.8259609517998779,0.24609375
ISIC_0013663,calibration50,local8_gate,0.9,0.8674688252023627,0.0
ISIC_0013663,calibration50,local8_gate,0.95,0.8674688252023627,0.0
ISIC_0013663,calibration50,local8_gate,0.99,0.8674688252023627,0.0
ISIC_0013663,calibration50,global_gate,0.3,0.7963715983734752,1.0
ISIC_0013663,calibration50,global_gate,0.5,0.7963715983734752,1.0
ISIC_0013663,calibration50,global_gate,0.7,0.7963715983734752,1.0
ISIC_0013663,calibration50,global_gate,0.8,0.8041502515894996,0.70703125
ISIC_0013663,calibration50,global_gate,0.85,0.8264994503033511,0.1796875
ISIC_0013663,calibration50,global_gate,0.9,0.8674688252023627,0.0
ISIC_0013663,calibration50,global_gate,0.95,0.8674688252023627,0.0
ISIC_0013663,calibration50,global_gate,0.99,0.8674688252023627,0.0
ISIC_0013702,calibration50,local8_gate,0.3,0.7117670629090423,1.0
ISIC_0013702,calibration50,local8_gate,0.5,0.7024475760231946,0.63671875
ISIC_0013702,calibration50,local8_gate,0.7,0.7020092316046701,0.3984375
ISIC_0013702,calibration50,local8_gate,0.8,0.7056115887091315,0.359375
ISIC_0013702,calibration50,local8_gate,0.85,0.7385711458539481,0.19921875
ISIC_0013702,calibration50,local8_gate,0.9,0.7543482509282783,0.0
ISIC_0013702,calibration50,local8_gate,0.95,0.7543482509282783,0.0
ISIC_0013702,calibration50,local8_gate,0.99,0.7543482509282783,0.0
ISIC_0013702,calibration50,global_gate,0.3,0.6955045497759066,1.0
ISIC_0013702,calibration50,global_gate,0.5,0.6806988581648095,0.81640625
ISIC_0013702,calibration50,global_gate,0.7,0.6773613608076338,0.5
ISIC_0013702,calibration50,global_gate,0.8,0.7000611703935296,0.328125
ISIC_0013702,calibration50,global_gate,0.85,0.7402332169444628,0.1015625
ISIC_0013702,calibration50,global_gate,0.9,0.7543482509282783,0.0
ISIC_0013702,calibration50,global_gate,0.95,0.7543482509282783,0.0
ISIC_0013702,calibration50,global_gate,0.99,0.7543482509282783,0.0
ISIC_0013736,locked_verification100,local8_gate,0.3,0.9393802160833279,1.0
ISIC_0013736,locked_verification100,local8_gate,0.5,0.9396311873180201,0.98828125
ISIC_0013736,locked_verification100,local8_gate,0.7,0.9432127576818359,0.89453125
ISIC_0013736,locked_verification100,local8_gate,0.8,0.9362320672438855,0.390625
ISIC_0013736,locked_verification100,local8_gate,0.85,0.9119705340699816,0.0
ISIC_0013736,locked_verification100,local8_gate,0.9,0.9119705340699816,0.0
ISIC_0013736,locked_verification100,local8_gate,0.95,0.9119705340699816,0.0
ISIC_0013736,locked_verification100,local8_gate,0.99,0.9119705340699816,0.0
ISIC_0013736,locked_verification100,global_gate,0.3,0.9594504468454048,1.0
ISIC_0013736,locked_verification100,global_gate,0.5,0.9594504468454048,1.0
ISIC_0013736,locked_verification100,global_gate,0.7,0.9594504468454048,1.0
ISIC_0013736,locked_verification100,global_gate,0.8,0.9413262059310169,0.4140625
ISIC_0013736,locked_verification100,global_gate,0.85,0.9125867682290068,0.0078125
ISIC_0013736,locked_verification100,global_gate,0.9,0.9119705340699816,0.0
ISIC_0013736,locked_verification100,global_gate,0.95,0.9119705340699816,0.0
ISIC_0013736,locked_verification100,global_gate,0.99,0.9119705340699816,0.0
ISIC_0013793,locked_verification100,local8_gate,0.3,0.9138226024313373,1.0
ISIC_0013793,locked_verification100,local8_gate,0.5,0.9068730086481566,0.890625
ISIC_0013793,locked_verification100,local8_gate,0.7,0.9279722830051058,0.578125
ISIC_0013793,locked_verification100,local8_gate,0.8,0.949128038312099,0.15234375
ISIC_0013793,locked_verification100,local8_gate,0.85,0.9500408015232569,0.10546875
ISIC_0013793,locked_verification100,local8_gate,0.9,0.9294467137021909,0.0
ISIC_0013793,locked_verification100,local8_gate,0.95,0.9294467137021909,0.0
ISIC_0013793,locked_verification100,local8_gate,0.99,0.9294467137021909,0.0
ISIC_0013793,locked_verification100,global_gate,0.3,0.9225771521386031,1.0
ISIC_0013793,locked_verification100,global_gate,0.5,0.9225771521386031,1.0
ISIC_0013793,locked_verification100,global_gate,0.7,0.9295210344199599,0.66796875
ISIC_0013793,locked_verification100,global_gate,0.8,0.9337031900138696,0.02734375
ISIC_0013793,locked_verification100,global_gate,0.85,0.9294467137021909,0.0
ISIC_0013793,locked_verification100,global_gate,0.9,0.9294467137021909,0.0
ISIC_0013793,locked_verification100,global_gate,0.95,0.9294467137021909,0.0
ISIC_0013793,locked_verification100,global_gate,0.99,0.9294467137021909,0.0
ISIC_0013828,calibration50,local8_gate,0.3,0.6256916996047431,1.0
ISIC_0013828,calibration50,local8_gate,0.5,0.6256916996047431,1.0
ISIC_0013828,calibration50,local8_gate,0.7,0.6256916996047431,1.0
ISIC_0013828,calibration50,local8_gate,0.8,0.6356234263104542,0.87109375
ISIC_0013828,calibration50,local8_gate,0.85,0.5659391648049493,0.453125
ISIC_0013828,calibration50,local8_gate,0.9,0.43413645575320875,0.0
ISIC_0013828,calibration50,local8_gate,0.95,0.43413645575320875,0.0
ISIC_0013828,calibration50,local8_gate,0.99,0.43413645575320875,0.0
ISIC_0013828,calibration50,global_gate,0.3,0.5300686982561212,1.0
ISIC_0013828,calibration50,global_gate,0.5,0.5300686982561212,1.0
ISIC_0013828,calibration50,global_gate,0.7,0.5300686982561212,1.0
ISIC_0013828,calibration50,global_gate,0.8,0.5400979706088174,0.921875
ISIC_0013828,calibration50,global_gate,0.85,0.45569620253164556,0.08203125
ISIC_0013828,calibration50,global_gate,0.9,0.43413645575320875,0.0
ISIC_0013828,calibration50,global_gate,0.95,0.43413645575320875,0.0
ISIC_0013828,calibration50,global_gate,0.99,0.43413645575320875,0.0
ISIC_0013863,locked_verification100,local8_gate,0.3,0.0,
ISIC_0013863,locked_verification100,local8_gate,0.5,0.0,
ISIC_0013863,locked_verification100,local8_gate,0.7,0.0,
ISIC_0013863,locked_verification100,local8_gate,0.8,0.0,
ISIC_0013863,locked_verification100,local8_gate,0.85,0.0,
ISIC_0013863,locked_verification100,local8_gate,0.9,0.0,
ISIC_0013863,locked_verification100,local8_gate,0.95,0.0,
ISIC_0013863,locked_verification100,local8_gate,0.99,0.0,
ISIC_0013863,locked_verification100,global_gate,0.3,0.0,
ISIC_0013863,locked_verification100,global_gate,0.5,0.0,
ISIC_0013863,locked_verification100,global_gate,0.7,0.0,
ISIC_0013863,locked_verification100,global_gate,0.8,0.0,
ISIC_0013863,locked_verification100,global_gate,0.85,0.0,
ISIC_0013863,locked_verification100,global_gate,0.9,0.0,
ISIC_0013863,locked_verification100,global_gate,0.95,0.0,
ISIC_0013863,locked_verification100,global_gate,0.99,0.0,
ISIC_0013898,locked_verification100,local8_gate,0.3,0.9414641601711753,0.96875
ISIC_0013898,locked_verification100,local8_gate,0.5,0.9619107087105838,0.44140625
ISIC_0013898,locked_verification100,local8_gate,0.7,0.9363161819537659,0.0
ISIC_0013898,locked_verification100,local8_gate,0.8,0.9363161819537659,0.0
ISIC_0013898,locked_verification100,local8_gate,0.85,0.9363161819537659,0.0
ISIC_0013898,locked_verification100,local8_gate,0.9,0.9363161819537659,0.0
ISIC_0013898,locked_verification100,local8_gate,0.95,0.9363161819537659,0.0
ISIC_0013898,locked_verification100,local8_gate,0.99,0.9363161819537659,0.0
ISIC_0013898,locked_verification100,global_gate,0.3,0.9659108926589504,0.60546875
ISIC_0013898,locked_verification100,global_gate,0.5,0.9597638651545751,0.40625
ISIC_0013898,locked_verification100,global_gate,0.7,0.9363161819537659,0.0
ISIC_0013898,locked_verification100,global_gate,0.8,0.9363161819537659,0.0
ISIC_0013898,locked_verification100,global_gate,0.85,0.9363161819537659,0.0
ISIC_0013898,locked_verification100,global_gate,0.9,0.9363161819537659,0.0
ISIC_0013898,locked_verification100,global_gate,0.95,0.9363161819537659,0.0
ISIC_0013898,locked_verification100,global_gate,0.99,0.9363161819537659,0.0
ISIC_0013945,calibration50,local8_gate,0.3,0.47967887606623183,1.0
ISIC_0013945,calibration50,local8_gate,0.5,0.47967887606623183,1.0
ISIC_0013945,calibration50,local8_gate,0.7,0.5162882527147088,0.65234375
ISIC_0013945,calibration50,local8_gate,0.8,0.5262126408623224,0.32421875
ISIC_0013945,calibration50,local8_gate,0.85,0.35176991150442477,0.14453125
ISIC_0013945,calibration50,local8_gate,0.9,0.629277566539924,0.0
ISIC_0013945,calibration50,local8_gate,0.95,0.629277566539924,0.0
ISIC_0013945,calibration50,local8_gate,0.99,0.629277566539924,0.0
ISIC_0013945,calibration50,global_gate,0.3,0.4220472440944882,1.0
ISIC_0013945,calibration50,global_gate,0.5,0.4220472440944882,1.0
ISIC_0013945,calibration50,global_gate,0.7,0.4451345755693582,0.89453125
ISIC_0013945,calibration50,global_gate,0.8,0.4842319430315361,0.33984375
ISIC_0013945,calibration50,global_gate,0.85,0.5795339412360689,0.0234375
ISIC_0013945,calibration50,global_gate,0.9,0.629277566539924,0.0
ISIC_0013945,calibration50,global_gate,0.95,0.629277566539924,0.0
ISIC_0013945,calibration50,global_gate,0.99,0.629277566539924,0.0
ISIC_0014037,calibration50,local8_gate,0.3,0.7588589652728561,1.0
ISIC_0014037,calibration50,local8_gate,0.5,0.7588589652728561,1.0
ISIC_0014037,calibration50,local8_gate,0.7,0.7624403745362464,0.921875
ISIC_0014037,calibration50,local8_gate,0.8,0.7662547333196348,0.828125
ISIC_0014037,calibration50,local8_gate,0.85,0.7622054749635102,0.42578125
ISIC_0014037,calibration50,local8_gate,0.9,0.6350860355110715,0.0
ISIC_0014037,calibration50,local8_gate,0.95,0.6350860355110715,0.0
ISIC_0014037,calibration50,local8_gate,0.99,0.6350860355110715,0.0
ISIC_0014037,calibration50,global_gate,0.3,0.7056988758203911,1.0
ISIC_0014037,calibration50,global_gate,0.5,0.7059091056752104,0.9921875
ISIC_0014037,calibration50,global_gate,0.7,0.7069592313684757,0.91015625
ISIC_0014037,calibration50,global_gate,0.8,0.7084684217351835,0.69921875
ISIC_0014037,calibration50,global_gate,0.85,0.6568624144095524,0.125
ISIC_0014037,calibration50,global_gate,0.9,0.6350860355110715,0.0
ISIC_0014037,calibration50,global_gate,0.95,0.6350860355110715,0.0
ISIC_0014037,calibration50,global_gate,0.99,0.6350860355110715,0.0
ISIC_0014038,locked_verification100,local8_gate,0.3,0.8134048800242989,1.0
ISIC_0014038,locked_verification100,local8_gate,0.5,0.8113590263691683,0.9765625
ISIC_0014038,locked_verification100,local8_gate,0.7,0.7703060468071588,0.42578125
ISIC_0014038,locked_verification100,local8_gate,0.8,0.8032567247243121,0.09375
ISIC_0014038,locked_verification100,local8_gate,0.85,0.814618211514904,0.0
ISIC_0014038,locked_verification100,local8_gate,0.9,0.814618211514904,0.0
ISIC_0014038,locked_verification100,local8_gate,0.95,0.814618211514904,0.0
ISIC_0014038,locked_verification100,local8_gate,0.99,0.814618211514904,0.0
ISIC_0014038,locked_verification100,global_gate,0.3,0.8176962612113272,1.0
ISIC_0014038,locked_verification100,global_gate,0.5,0.8176962612113272,1.0
ISIC_0014038,locked_verification100,global_gate,0.7,0.7756221003795867,0.3828125
ISIC_0014038,locked_verification100,global_gate,0.8,0.8135281495861858,0.01171875
ISIC_0014038,locked_verification100,global_gate,0.85,0.814618211514904,0.0
ISIC_0014038,locked_verification100,global_gate,0.9,0.814618211514904,0.0
ISIC_0014038,locked_verification100,global_gate,0.95,0.814618211514904,0.0
ISIC_0014038,locked_verification100,global_gate,0.99,0.814618211514904,0.0
ISIC_0014055,calibration50,local8_gate,0.3,0.8335125576504887,1.0
ISIC_0014055,calibration50,local8_gate,0.5,0.8335125576504887,1.0
ISIC_0014055,calibration50,local8_gate,0.7,0.8335125576504887,1.0
ISIC_0014055,calibration50,local8_gate,0.8,0.8335125576504887,1.0
ISIC_0014055,calibration50,local8_gate,0.85,0.8425289283917491,0.9375
ISIC_0014055,calibration50,local8_gate,0.9,0.9340709561034275,0.0
ISIC_0014055,calibration50,local8_gate,0.95,0.9340709561034275,0.0
ISIC_0014055,calibration50,local8_gate,0.99,0.9340709561034275,0.0
ISIC_0014055,calibration50,global_gate,0.3,0.8918599728145821,1.0
ISIC_0014055,calibration50,global_gate,0.5,0.8918599728145821,1.0
ISIC_0014055,calibration50,global_gate,0.7,0.8918599728145821,1.0
ISIC_0014055,calibration50,global_gate,0.8,0.8918599728145821,1.0
ISIC_0014055,calibration50,global_gate,0.85,0.9127296737323831,0.69140625
ISIC_0014055,calibration50,global_gate,0.9,0.9340709561034275,0.0
ISIC_0014055,calibration50,global_gate,0.95,0.9340709561034275,0.0
ISIC_0014055,calibration50,global_gate,0.99,0.9340709561034275,0.0
ISIC_0014139,locked_verification100,local8_gate,0.3,0.9206159723051212,1.0
ISIC_0014139,locked_verification100,local8_gate,0.5,0.9240656986431802,0.91796875
ISIC_0014139,locked_verification100,local8_gate,0.7,0.9142231415013992,0.53125
ISIC_0014139,locked_verification100,local8_gate,0.8,0.9188239428370621,0.21484375
ISIC_0014139,locked_verification100,local8_gate,0.85,0.9127210496292071,0.0
ISIC_0014139,locked_verification100,local8_gate,0.9,0.9127210496292071,0.0
ISIC_0014139,locked_verification100,local8_gate,0.95,0.9127210496292071,0.0
ISIC_0014139,locked_verification100,local8_gate,0.99,0.9127210496292071,0.0
ISIC_0014139,locked_verification100,global_gate,0.3,0.9397731259501813,1.0
ISIC_0014139,locked_verification100,global_gate,0.5,0.9317430325932924,0.90234375
ISIC_0014139,locked_verification100,global_gate,0.7,0.9155512290094914,0.546875
ISIC_0014139,locked_verification100,global_gate,0.8,0.9232406859846245,0.28515625
ISIC_0014139,locked_verification100,global_gate,0.85,0.9142857142857143,0.01171875
ISIC_0014139,locked_verification100,global_gate,0.9,0.9127210496292071,0.0
ISIC_0014139,locked_verification100,global_gate,0.95,0.9127210496292071,0.0
ISIC_0014139,locked_verification100,global_gate,0.99,0.9127210496292071,0.0
ISIC_0014162,locked_verification100,local8_gate,0.3,0.5801282051282052,1.0
ISIC_0014162,locked_verification100,local8_gate,0.5,0.5801282051282052,1.0
ISIC_0014162,locked_verification100,local8_gate,0.7,0.6029237455551165,0.5546875
ISIC_0014162,locked_verification100,local8_gate,0.8,0.8736631016042781,0.09765625
ISIC_0014162,locked_verification100,local8_gate,0.85,0.8527397260273972,0.0
ISIC_0014162,locked_verification100,local8_gate,0.9,0.8527397260273972,0.0
ISIC_0014162,locked_verification100,local8_gate,0.95,0.8527397260273972,0.0
ISIC_0014162,locked_verification100,local8_gate,0.99,0.8527397260273972,0.0
ISIC_0014162,locked_verification100,global_gate,0.3,0.8810965890978641,1.0
ISIC_0014162,locked_verification100,global_gate,0.5,0.8866111467008329,0.8203125
ISIC_0014162,locked_verification100,global_gate,0.7,0.8527397260273972,0.0
ISIC_0014162,locked_verification100,global_gate,0.8,0.8527397260273972,0.0
ISIC_0014162,locked_verification100,global_gate,0.85,0.8527397260273972,0.0
ISIC_0014162,locked_verification100,global_gate,0.9,0.8527397260273972,0.0
ISIC_0014162,locked_verification100,global_gate,0.95,0.8527397260273972,0.0
ISIC_0014162,locked_verification100,global_gate,0.99,0.8527397260273972,0.0
ISIC_0014178,calibration50,local8_gate,0.3,0.9020326557814062,0.91015625
ISIC_0014178,calibration50,local8_gate,0.5,0.9128101945003353,0.7265625
ISIC_0014178,calibration50,local8_gate,0.7,0.9208319355920832,0.40234375
ISIC_0014178,calibration50,local8_gate,0.8,0.9273868942199324,0.0
ISIC_0014178,calibration50,local8_gate,0.85,0.9273868942199324,0.0
ISIC_0014178,calibration50,local8_gate,0.9,0.9273868942199324,0.0
ISIC_0014178,calibration50,local8_gate,0.95,0.9273868942199324,0.0
ISIC_0014178,calibration50,local8_gate,0.99,0.9273868942199324,0.0
ISIC_0014178,calibration50,global_gate,0.3,0.9243260798960702,0.9453125
ISIC_0014178,calibration50,global_gate,0.5,0.9446083251392986,0.546875
ISIC_0014178,calibration50,global_gate,0.7,0.9343065693430657,0.06640625
ISIC_0014178,calibration50,global_gate,0.8,0.9273868942199324,0.0
ISIC_0014178,calibration50,global_gate,0.85,0.9273868942199324,0.0
ISIC_0014178,calibration50,global_gate,0.9,0.9273868942199324,0.0
ISIC_0014178,calibration50,global_gate,0.95,0.9273868942199324,0.0
ISIC_0014178,calibration50,global_gate,0.99,0.9273868942199324,0.0
ISIC_0014211,locked_verification100,local8_gate,0.3,0.9442798702214699,0.92578125
ISIC_0014211,locked_verification100,local8_gate,0.5,0.9539058012636416,0.51171875
ISIC_0014211,locked_verification100,local8_gate,0.7,0.9664674868189806,0.19921875
ISIC_0014211,locked_verification100,local8_gate,0.8,0.9775990013177058,0.0
ISIC_0014211,locked_verification100,local8_gate,0.85,0.9775990013177058,0.0
ISIC_0014211,locked_verification100,local8_gate,0.9,0.9775990013177058,0.0
ISIC_0014211,locked_verification100,local8_gate,0.95,0.9775990013177058,0.0
ISIC_0014211,locked_verification100,local8_gate,0.99,0.9775990013177058,0.0
ISIC_0014211,locked_verification100,global_gate,0.3,0.926466254052461,0.95703125
ISIC_0014211,locked_verification100,global_gate,0.5,0.9524631427544049,0.55078125
ISIC_0014211,locked_verification100,global_gate,0.7,0.9656386424447261,0.234375
ISIC_0014211,locked_verification100,global_gate,0.8,0.9775990013177058,0.0
ISIC_0014211,locked_verification100,global_gate,0.85,0.9775990013177058,0.0
ISIC_0014211,locked_verification100,global_gate,0.9,0.9775990013177058,0.0
ISIC_0014211,locked_verification100,global_gate,0.95,0.9775990013177058,0.0
ISIC_0014211,locked_verification100,global_gate,0.99,0.9775990013177058,0.0
ISIC_0014212,locked_verification100,local8_gate,0.3,0.923623925469193,1.0
ISIC_0014212,locked_verification100,local8_gate,0.5,0.923623925469193,1.0
ISIC_0014212,locked_verification100,local8_gate,0.7,0.9299357359058852,0.84375
ISIC_0014212,locked_verification100,local8_gate,0.8,0.9394991504764719,0.7265625
ISIC_0014212,locked_verification100,local8_gate,0.85,0.9451203346392907,0.63671875
ISIC_0014212,locked_verification100,local8_gate,0.9,0.9526086386098923,0.25
ISIC_0014212,locked_verification100,local8_gate,0.95,0.9442153493699885,0.0
ISIC_0014212,locked_verification100,local8_gate,0.99,0.9442153493699885,0.0
ISIC_0014212,locked_verification100,global_gate,0.3,0.9422911793444467,1.0
ISIC_0014212,locked_verification100,global_gate,0.5,0.9422911793444467,1.0
ISIC_0014212,locked_verification100,global_gate,0.7,0.9453154988632002,0.85546875
ISIC_0014212,locked_verification100,global_gate,0.8,0.942332122071553,0.75390625
ISIC_0014212,locked_verification100,global_gate,0.85,0.9483485076166063,0.578125
ISIC_0014212,locked_verification100,global_gate,0.9,0.9442153493699885,0.0
ISIC_0014212,locked_verification100,global_gate,0.95,0.9442153493699885,0.0
ISIC_0014212,locked_verification100,global_gate,0.99,0.9442153493699885,0.0
ISIC_0014217,locked_verification100,local8_gate,0.3,0.8647737093952234,1.0
ISIC_0014217,locked_verification100,local8_gate,0.5,0.8647737093952234,1.0
ISIC_0014217,locked_verification100,local8_gate,0.7,0.8651941154154197,0.98828125
ISIC_0014217,locked_verification100,local8_gate,0.8,0.8634420320228016,0.90234375
ISIC_0014217,locked_verification100,local8_gate,0.85,0.8803934997820808,0.6875
ISIC_0014217,locked_verification100,local8_gate,0.9,0.9564154261936425,0.0
ISIC_0014217,locked_verification100,local8_gate,0.95,0.9564154261936425,0.0
ISIC_0014217,locked_verification100,local8_gate,0.99,0.9564154261936425,0.0
ISIC_0014217,locked_verification100,global_gate,0.3,0.8968312453942521,1.0
ISIC_0014217,locked_verification100,global_gate,0.5,0.8968312453942521,1.0
ISIC_0014217,locked_verification100,global_gate,0.7,0.8968312453942521,1.0
ISIC_0014217,locked_verification100,global_gate,0.8,0.8992782152230971,0.9375
ISIC_0014217,locked_verification100,global_gate,0.85,0.9203271983640082,0.5703125
ISIC_0014217,locked_verification100,global_gate,0.9,0.9564154261936425,0.0
ISIC_0014217,locked_verification100,global_gate,0.95,0.9564154261936425,0.0
ISIC_0014217,locked_verification100,global_gate,0.99,0.9564154261936425,0.0
ISIC_0014302,locked_verification100,local8_gate,0.3,0.9206245933636955,0.921875
ISIC_0014302,locked_verification100,local8_gate,0.5,0.9496193098979426,0.4375
ISIC_0014302,locked_verification100,local8_gate,0.7,0.951366373320982,0.02734375
ISIC_0014302,locked_verification100,local8_gate,0.8,0.9504310344827587,0.0
ISIC_0014302,locked_verification100,local8_gate,0.85,0.9504310344827587,0.0
ISIC_0014302,locked_verification100,local8_gate,0.9,0.9504310344827587,0.0
ISIC_0014302,locked_verification100,local8_gate,0.95,0.9504310344827587,0.0
ISIC_0014302,locked_verification100,local8_gate,0.99,0.9504310344827587,0.0
ISIC_0014302,locked_verification100,global_gate,0.3,0.9104631217838765,0.828125
ISIC_0014302,locked_verification100,global_gate,0.5,0.9441157133464826,0.51171875
ISIC_0014302,locked_verification100,global_gate,0.7,0.9583398346075831,0.1328125
ISIC_0014302,locked_verification100,global_gate,0.8,0.9504310344827587,0.0
ISIC_0014302,locked_verification100,global_gate,0.85,0.9504310344827587,0.0
ISIC_0014302,locked_verification100,global_gate,0.9,0.9504310344827587,0.0
ISIC_0014302,locked_verification100,global_gate,0.95,0.9504310344827587,0.0
ISIC_0014302,locked_verification100,global_gate,0.99,0.9504310344827587,0.0
ISIC_0014310,locked_verification100,local8_gate,0.3,0.9322908522283033,0.92578125
ISIC_0014310,locked_verification100,local8_gate,0.5,0.9587229925830377,0.30859375
ISIC_0014310,locked_verification100,local8_gate,0.7,0.9635310690248865,0.0
ISIC_0014310,locked_verification100,local8_gate,0.8,0.9635310690248865,0.0
ISIC_0014310,locked_verification100,local8_gate,0.85,0.9635310690248865,0.0
ISIC_0014310,locked_verification100,local8_gate,0.9,0.9635310690248865,0.0
ISIC_0014310,locked_verification100,local8_gate,0.95,0.9635310690248865,0.0
ISIC_0014310,locked_verification100,local8_gate,0.99,0.9635310690248865,0.0
ISIC_0014310,locked_verification100,global_gate,0.3,0.9509052356874899,0.44140625
ISIC_0014310,locked_verification100,global_gate,0.5,0.9636705292828062,0.00390625
ISIC_0014310,locked_verification100,global_gate,0.7,0.9635310690248865,0.0
ISIC_0014310,locked_verification100,global_gate,0.8,0.9635310690248865,0.0
ISIC_0014310,locked_verification100,global_gate,0.85,0.9635310690248865,0.0
ISIC_0014310,locked_verification100,global_gate,0.9,0.9635310690248865,0.0
ISIC_0014310,locked_verification100,global_gate,0.95,0.9635310690248865,0.0
ISIC_0014310,locked_verification100,global_gate,0.99,0.9635310690248865,0.0
ISIC_0014382,locked_verification100,local8_gate,0.3,0.917511611172892,1.0
ISIC_0014382,locked_verification100,local8_gate,0.5,0.917511611172892,1.0
ISIC_0014382,locked_verification100,local8_gate,0.7,0.9211117990159341,0.80078125
ISIC_0014382,locked_verification100,local8_gate,0.8,0.9273786660590475,0.5390625
ISIC_0014382,locked_verification100,local8_gate,0.85,0.9509285127362367,0.2265625
ISIC_0014382,locked_verification100,local8_gate,0.9,0.953728514476178,0.0
ISIC_0014382,locked_verification100,local8_gate,0.95,0.953728514476178,0.0
ISIC_0014382,locked_verification100,local8_gate,0.99,0.953728514476178,0.0
ISIC_0014382,locked_verification100,global_gate,0.3,0.9409241698220688,1.0
ISIC_0014382,locked_verification100,global_gate,0.5,0.9409241698220688,1.0
ISIC_0014382,locked_verification100,global_gate,0.7,0.946310535545663,0.90234375
ISIC_0014382,locked_verification100,global_gate,0.8,0.9554547879434516,0.48828125
ISIC_0014382,locked_verification100,global_gate,0.85,0.9598113458217085,0.21484375
ISIC_0014382,locked_verification100,global_gate,0.9,0.953728514476178,0.0
ISIC_0014382,locked_verification100,global_gate,0.95,0.953728514476178,0.0
ISIC_0014382,locked_verification100,global_gate,0.99,0.953728514476178,0.0
ISIC_0014428,calibration50,local8_gate,0.3,0.92316237733753,1.0
ISIC_0014428,calibration50,local8_gate,0.5,0.8950318963850764,0.48046875
ISIC_0014428,calibration50,local8_gate,0.7,0.9313959904359022,0.0
ISIC_0014428,calibration50,local8_gate,0.8,0.9313959904359022,0.0
ISIC_0014428,calibration50,local8_gate,0.85,0.9313959904359022,0.0
ISIC_0014428,calibration50,local8_gate,0.9,0.9313959904359022,0.0
ISIC_0014428,calibration50,local8_gate,0.95,0.9313959904359022,0.0
ISIC_0014428,calibration50,local8_gate,0.99,0.9313959904359022,0.0
ISIC_0014428,calibration50,global_gate,0.3,0.9125375375375375,0.984375
ISIC_0014428,calibration50,global_gate,0.5,0.9086052280099217,0.3671875
ISIC_0014428,calibration50,global_gate,0.7,0.9313959904359022,0.0
ISIC_0014428,calibration50,global_gate,0.8,0.9313959904359022,0.0
ISIC_0014428,calibration50,global_gate,0.85,0.9313959904359022,0.0
ISIC_0014428,calibration50,global_gate,0.9,0.9313959904359022,0.0
ISIC_0014428,calibration50,global_gate,0.95,0.9313959904359022,0.0
ISIC_0014428,calibration50,global_gate,0.99,0.9313959904359022,0.0
ISIC_0014558,locked_verification100,local8_gate,0.3,0.9279986350452142,1.0
ISIC_0014558,locked_verification100,local8_gate,0.5,0.9308558462131267,0.9453125
ISIC_0014558,locked_verification100,local8_gate,0.7,0.9363446185373351,0.58203125
ISIC_0014558,locked_verification100,local8_gate,0.8,0.9352804513773647,0.2578125
ISIC_0014558,locked_verification100,local8_gate,0.85,0.9342268552990817,0.0625
ISIC_0014558,locked_verification100,local8_gate,0.9,0.940764224929084,0.0
ISIC_0014558,locked_verification100,local8_gate,0.95,0.940764224929084,0.0
ISIC_0014558,locked_verification100,local8_gate,0.99,0.940764224929084,0.0
ISIC_0014558,locked_verification100,global_gate,0.3,0.9211230514377947,1.0
ISIC_0014558,locked_verification100,global_gate,0.5,0.9237546594374788,0.9921875
ISIC_0014558,locked_verification100,global_gate,0.7,0.9384745762711865,0.63671875
ISIC_0014558,locked_verification100,global_gate,0.8,0.9419695193434936,0.1484375
ISIC_0014558,locked_verification100,global_gate,0.85,0.9417856844566942,0.01171875
ISIC_0014558,locked_verification100,global_gate,0.9,0.940764224929084,0.0
ISIC_0014558,locked_verification100,global_gate,0.95,0.940764224929084,0.0
ISIC_0014558,locked_verification100,global_gate,0.99,0.940764224929084,0.0
ISIC_0014568,calibration50,local8_gate,0.3,0.7105240586671241,1.0
ISIC_0014568,calibration50,local8_gate,0.5,0.7105240586671241,1.0
ISIC_0014568,calibration50,local8_gate,0.7,0.7124764675680301,0.96875
ISIC_0014568,calibration50,local8_gate,0.8,0.7261673562441949,0.4765625
ISIC_0014568,calibration50,local8_gate,0.85,0.7528080253794049,0.078125
ISIC_0014568,calibration50,local8_gate,0.9,0.7846705266060104,0.0
ISIC_0014568,calibration50,local8_gate,0.95,0.7846705266060104,0.0
ISIC_0014568,calibration50,local8_gate,0.99,0.7846705266060104,0.0
ISIC_0014568,calibration50,global_gate,0.3,0.7772902301423839,1.0
ISIC_0014568,calibration50,global_gate,0.5,0.7772902301423839,1.0
ISIC_0014568,calibration50,global_gate,0.7,0.7772902301423839,1.0
ISIC_0014568,calibration50,global_gate,0.8,0.7873197814990597,0.515625
ISIC_0014568,calibration50,global_gate,0.85,0.7834728996043067,0.046875
ISIC_0014568,calibration50,global_gate,0.9,0.7846705266060104,0.0
ISIC_0014568,calibration50,global_gate,0.95,0.7846705266060104,0.0
ISIC_0014568,calibration50,global_gate,0.99,0.7846705266060104,0.0
ISIC_0014572,locked_verification100,local8_gate,0.3,0.9345497818326061,1.0
ISIC_0014572,locked_verification100,local8_gate,0.5,0.9528529332976159,0.6484375
ISIC_0014572,locked_verification100,local8_gate,0.7,0.9578183772165503,0.26953125
ISIC_0014572,locked_verification100,local8_gate,0.8,0.9426013691416535,0.1015625
ISIC_0014572,locked_verification100,local8_gate,0.85,0.9328990228013029,0.0
ISIC_0014572,locked_verification100,local8_gate,0.9,0.9328990228013029,0.0
ISIC_0014572,locked_verification100,local8_gate,0.95,0.9328990228013029,0.0
ISIC_0014572,locked_verification100,local8_gate,0.99,0.9328990228013029,0.0
ISIC_0014572,locked_verification100,global_gate,0.3,0.9125271357425616,1.0
ISIC_0014572,locked_verification100,global_gate,0.5,0.9616837560712358,0.49609375
ISIC_0014572,locked_verification100,global_gate,0.7,0.9544,0.21484375
ISIC_0014572,locked_verification100,global_gate,0.8,0.9391395592864638,0.06640625
ISIC_0014572,locked_verification100,global_gate,0.85,0.9335071707953064,0.00390625
ISIC_0014572,locked_verification100,global_gate,0.9,0.9328990228013029,0.0
ISIC_0014572,locked_verification100,global_gate,0.95,0.9328990228013029,0.0
ISIC_0014572,locked_verification100,global_gate,0.99,0.9328990228013029,0.0
ISIC_0014597,calibration50,local8_gate,0.3,0.6716604244694132,1.0
ISIC_0014597,calibration50,local8_gate,0.5,0.8775510204081632,0.30078125
ISIC_0014597,calibration50,local8_gate,0.7,0.8587135788894997,0.0
ISIC_0014597,calibration50,local8_gate,0.8,0.8587135788894997,0.0
ISIC_0014597,calibration50,local8_gate,0.85,0.8587135788894997,0.0
ISIC_0014597,calibration50,local8_gate,0.9,0.8587135788894997,0.0
ISIC_0014597,calibration50,local8_gate,0.95,0.8587135788894997,0.0
ISIC_0014597,calibration50,local8_gate,0.99,0.8587135788894997,0.0
ISIC_0014597,calibration50,global_gate,0.3,0.6973595125253893,1.0
ISIC_0014597,calibration50,global_gate,0.5,0.9078624078624079,0.484375
ISIC_0014597,calibration50,global_gate,0.7,0.8591859185918592,0.00390625
ISIC_0014597,calibration50,global_gate,0.8,0.8587135788894997,0.0
ISIC_0014597,calibration50,global_gate,0.85,0.8587135788894997,0.0
ISIC_0014597,calibration50,global_gate,0.9,0.8587135788894997,0.0
ISIC_0014597,calibration50,global_gate,0.95,0.8587135788894997,0.0
ISIC_0014597,calibration50,global_gate,0.99,0.8587135788894997,0.0
ISIC_0014601,calibration50,local8_gate,0.3,0.8372303174065289,1.0
ISIC_0014601,calibration50,local8_gate,0.5,0.8372303174065289,1.0
ISIC_0014601,calibration50,local8_gate,0.7,0.8310906716629762,0.92578125
ISIC_0014601,calibration50,local8_gate,0.8,0.8383125317670977,0.69921875
ISIC_0014601,calibration50,local8_gate,0.85,0.8291041797342761,0.3203125
ISIC_0014601,calibration50,local8_gate,0.9,0.8456303077757031,0.0
ISIC_0014601,calibration50,local8_gate,0.95,0.8456303077757031,0.0
ISIC_0014601,calibration50,local8_gate,0.99,0.8456303077757031,0.0
ISIC_0014601,calibration50,global_gate,0.3,0.8500580720092915,1.0
ISIC_0014601,calibration50,global_gate,0.5,0.8500580720092915,1.0
ISIC_0014601,calibration50,global_gate,0.7,0.849256159925616,0.99609375
ISIC_0014601,calibration50,global_gate,0.8,0.8472457503358841,0.6640625
ISIC_0014601,calibration50,global_gate,0.85,0.8399155863732288,0.09765625
ISIC_0014601,calibration50,global_gate,0.9,0.8456303077757031,0.0
ISIC_0014601,calibration50,global_gate,0.95,0.8456303077757031,0.0
ISIC_0014601,calibration50,global_gate,0.99,0.8456303077757031,0.0
ISIC_0014608,calibration50,local8_gate,0.3,0.9199944981889872,1.0
ISIC_0014608,calibration50,local8_gate,0.5,0.9199944981889872,1.0
ISIC_0014608,calibration50,local8_gate,0.7,0.9254263636779296,0.75
ISIC_0014608,calibration50,local8_gate,0.8,0.94008507557245,0.296875
ISIC_0014608,calibration50,local8_gate,0.85,0.9499863846782246,0.0546875
ISIC_0014608,calibration50,local8_gate,0.9,0.9567164861282509,0.0
ISIC_0014608,calibration50,local8_gate,0.95,0.9567164861282509,0.0
ISIC_0014608,calibration50,local8_gate,0.99,0.9567164861282509,0.0
ISIC_0014608,calibration50,global_gate,0.3,0.9340037142727726,1.0
ISIC_0014608,calibration50,global_gate,0.5,0.9340037142727726,1.0
ISIC_0014608,calibration50,global_gate,0.7,0.9469006276629862,0.6328125
ISIC_0014608,calibration50,global_gate,0.8,0.9600625028723746,0.109375
ISIC_0014608,calibration50,global_gate,0.85,0.9571101966163694,0.00390625
ISIC_0014608,calibration50,global_gate,0.9,0.9567164861282509,0.0
ISIC_0014608,calibration50,global_gate,0.95,0.9567164861282509,0.0
ISIC_0014608,calibration50,global_gate,0.99,0.9567164861282509,0.0
ISIC_0014610,locked_verification100,local8_gate,0.3,0.8085183836912996,1.0
ISIC_0014610,locked_verification100,local8_gate,0.5,0.8085183836912996,1.0
ISIC_0014610,locked_verification100,local8_gate,0.7,0.8397609994568169,0.359375
ISIC_0014610,locked_verification100,local8_gate,0.8,0.8579678758346869,0.0546875
ISIC_0014610,locked_verification100,local8_gate,0.85,0.8691042047531993,0.0
ISIC_0014610,locked_verification100,local8_gate,0.9,0.8691042047531993,0.0
ISIC_0014610,locked_verification100,local8_gate,0.95,0.8691042047531993,0.0
ISIC_0014610,locked_verification100,local8_gate,0.99,0.8691042047531993,0.0
ISIC_0014610,locked_verification100,global_gate,0.3,0.8282977155490051,1.0
ISIC_0014610,locked_verification100,global_gate,0.5,0.8282977155490051,1.0
ISIC_0014610,locked_verification100,global_gate,0.7,0.8547166328225956,0.23046875
ISIC_0014610,locked_verification100,global_gate,0.8,0.8691042047531993,0.0
ISIC_0014610,locked_verification100,global_gate,0.85,0.8691042047531993,0.0
ISIC_0014610,locked_verification100,global_gate,0.9,0.8691042047531993,0.0
ISIC_0014610,locked_verification100,global_gate,0.95,0.8691042047531993,0.0
ISIC_0014610,locked_verification100,global_gate,0.99,0.8691042047531993,0.0
ISIC_0014611,calibration50,local8_gate,0.3,0.5102709790209791,1.0
ISIC_0014611,calibration50,local8_gate,0.5,0.5026632255230356,0.91015625
ISIC_0014611,calibration50,local8_gate,0.7,0.49447879858657245,0.828125
ISIC_0014611,calibration50,local8_gate,0.8,0.5041417521531626,0.66015625
ISIC_0014611,calibration50,local8_gate,0.85,0.5219324404923277,0.28125
ISIC_0014611,calibration50,local8_gate,0.9,0.5089735171810024,0.0
ISIC_0014611,calibration50,local8_gate,0.95,0.5089735171810024,0.0
ISIC_0014611,calibration50,local8_gate,0.99,0.5089735171810024,0.0
ISIC_0014611,calibration50,global_gate,0.3,0.46941870261162594,1.0
ISIC_0014611,calibration50,global_gate,0.5,0.46941870261162594,1.0
ISIC_0014611,calibration50,global_gate,0.7,0.45378723404255317,0.8671875
ISIC_0014611,calibration50,global_gate,0.8,0.4558023572076156,0.68359375
ISIC_0014611,calibration50,global_gate,0.85,0.4710766986478146,0.36328125
ISIC_0014611,calibration50,global_gate,0.9,0.5089735171810024,0.0
ISIC_0014611,calibration50,global_gate,0.95,0.5089735171810024,0.0
ISIC_0014611,calibration50,global_gate,0.99,0.5089735171810024,0.0
ISIC_0014616,locked_verification100,local8_gate,0.3,0.9045904590459046,1.0
ISIC_0014616,locked_verification100,local8_gate,0.5,0.9045904590459046,1.0
ISIC_0014616,locked_verification100,local8_gate,0.7,0.8850520340586566,0.4375
ISIC_0014616,locked_verification100,local8_gate,0.8,0.8961675579322638,0.03125
ISIC_0014616,locked_verification100,local8_gate,0.85,0.9172278948511841,0.0
ISIC_0014616,locked_verification100,local8_gate,0.9,0.9172278948511841,0.0
ISIC_0014616,locked_verification100,local8_gate,0.95,0.9172278948511841,0.0
ISIC_0014616,locked_verification100,local8_gate,0.99,0.9172278948511841,0.0
ISIC_0014616,locked_verification100,global_gate,0.3,0.9286912751677853,1.0
ISIC_0014616,locked_verification100,global_gate,0.5,0.9286912751677853,1.0
ISIC_0014616,locked_verification100,global_gate,0.7,0.9241591558584304,0.140625
ISIC_0014616,locked_verification100,global_gate,0.8,0.9180256577516851,0.0078125
ISIC_0014616,locked_verification100,global_gate,0.85,0.9172278948511841,0.0
ISIC_0014616,locked_verification100,global_gate,0.9,0.9172278948511841,0.0
ISIC_0014616,locked_verification100,global_gate,0.95,0.9172278948511841,0.0
ISIC_0014616,locked_verification100,global_gate,0.99,0.9172278948511841,0.0
ISIC_0014618,locked_verification100,local8_gate,0.3,0.863343755747655,1.0
ISIC_0014618,locked_verification100,local8_gate,0.5,0.8615040953090097,0.91015625
ISIC_0014618,locked_verification100,local8_gate,0.7,0.8626373626373627,0.4375
ISIC_0014618,locked_verification100,local8_gate,0.8,0.8876701966717095,0.13671875
ISIC_0014618,locked_verification100,local8_gate,0.85,0.9232769830949284,0.0
ISIC_0014618,locked_verification100,local8_gate,0.9,0.9232769830949284,0.0
ISIC_0014618,locked_verification100,local8_gate,0.95,0.9232769830949284,0.0
ISIC_0014618,locked_verification100,local8_gate,0.99,0.9232769830949284,0.0
ISIC_0014618,locked_verification100,global_gate,0.3,0.8736383442265795,1.0
ISIC_0014618,locked_verification100,global_gate,0.5,0.8736383442265795,1.0
ISIC_0014618,locked_verification100,global_gate,0.7,0.8705244822914651,0.5859375
ISIC_0014618,locked_verification100,global_gate,0.8,0.9184018007878447,0.09765625
ISIC_0014618,locked_verification100,global_gate,0.85,0.9232769830949284,0.0
ISIC_0014618,locked_verification100,global_gate,0.9,0.9232769830949284,0.0
ISIC_0014618,locked_verification100,global_gate,0.95,0.9232769830949284,0.0
ISIC_0014618,locked_verification100,global_gate,0.99,0.9232769830949284,0.0
ISIC_0014620,calibration50,local8_gate,0.3,0.6767494356659142,1.0
ISIC_0014620,calibration50,local8_gate,0.5,0.6767494356659142,1.0
ISIC_0014620,calibration50,local8_gate,0.7,0.6846179737462134,0.828125
ISIC_0014620,calibration50,local8_gate,0.8,0.6890305266689031,0.52734375
ISIC_0014620,calibration50,local8_gate,0.85,0.7634480010625581,0.0703125
ISIC_0014620,calibration50,local8_gate,0.9,0.7874637872004214,0.0
ISIC_0014620,calibration50,local8_gate,0.95,0.7874637872004214,0.0
ISIC_0014620,calibration50,local8_gate,0.99,0.7874637872004214,0.0
ISIC_0014620,calibration50,global_gate,0.3,0.8316782522343595,1.0
ISIC_0014620,calibration50,global_gate,0.5,0.8316782522343595,1.0
ISIC_0014620,calibration50,global_gate,0.7,0.8315332091868405,0.98046875
ISIC_0014620,calibration50,global_gate,0.8,0.8137131333501386,0.5078125
ISIC_0014620,calibration50,global_gate,0.85,0.7719344608879493,0.078125
ISIC_0014620,calibration50,global_gate,0.9,0.7874637872004214,0.0
ISIC_0014620,calibration50,global_gate,0.95,0.7874637872004214,0.0
ISIC_0014620,calibration50,global_gate,0.99,0.7874637872004214,0.0
ISIC_0014623,locked_verification100,local8_gate,0.3,0.9563842249121437,1.0
ISIC_0014623,locked_verification100,local8_gate,0.5,0.9563842249121437,1.0
ISIC_0014623,locked_verification100,local8_gate,0.7,0.95692847398168,0.953125
ISIC_0014623,locked_verification100,local8_gate,0.8,0.9537921321217032,0.75390625
ISIC_0014623,locked_verification100,local8_gate,0.85,0.9501516955336227,0.6640625
ISIC_0014623,locked_verification100,local8_gate,0.9,0.935115772369733,0.00390625
ISIC_0014623,locked_verification100,local8_gate,0.95,0.9348568475070607,0.0
ISIC_0014623,locked_verification100,local8_gate,0.99,0.9348568475070607,0.0
ISIC_0014623,locked_verification100,global_gate,0.3,0.9524646541841804,1.0
ISIC_0014623,locked_verification100,global_gate,0.5,0.9524646541841804,1.0
ISIC_0014623,locked_verification100,global_gate,0.7,0.9524646541841804,1.0
ISIC_0014623,locked_verification100,global_gate,0.8,0.9571001380156418,0.83203125
ISIC_0014623,locked_verification100,global_gate,0.85,0.9566699216880158,0.66015625
ISIC_0014623,locked_verification100,global_gate,0.9,0.9348568475070607,0.0
ISIC_0014623,locked_verification100,global_gate,0.95,0.9348568475070607,0.0
ISIC_0014623,locked_verification100,global_gate,0.99,0.9348568475070607,0.0
ISIC_0014624,locked_verification100,local8_gate,0.3,0.9362361509258542,1.0
ISIC_0014624,locked_verification100,local8_gate,0.5,0.9453088165959453,0.83984375
ISIC_0014624,locked_verification100,local8_gate,0.7,0.9442637492607925,0.12109375
ISIC_0014624,locked_verification100,local8_gate,0.8,0.9483011130638547,0.0
ISIC_0014624,locked_verification100,local8_gate,0.85,0.9483011130638547,0.0
ISIC_0014624,locked_verification100,local8_gate,0.9,0.9483011130638547,0.0
ISIC_0014624,locked_verification100,local8_gate,0.95,0.9483011130638547,0.0
ISIC_0014624,locked_verification100,local8_gate,0.99,0.9483011130638547,0.0
ISIC_0014624,locked_verification100,global_gate,0.3,0.9377580899466927,1.0
ISIC_0014624,locked_verification100,global_gate,0.5,0.9522072790821366,0.68359375
ISIC_0014624,locked_verification100,global_gate,0.7,0.9534678250625829,0.07421875
ISIC_0014624,locked_verification100,global_gate,0.8,0.9483011130638547,0.0
ISIC_0014624,locked_verification100,global_gate,0.85,0.9483011130638547,0.0
ISIC_0014624,locked_verification100,global_gate,0.9,0.9483011130638547,0.0
ISIC_0014624,locked_verification100,global_gate,0.95,0.9483011130638547,0.0
ISIC_0014624,locked_verification100,global_gate,0.99,0.9483011130638547,0.0
ISIC_0014633,calibration50,local8_gate,0.3,0.7618379515959313,1.0
ISIC_0014633,calibration50,local8_gate,0.5,0.7709815078236131,0.93359375
ISIC_0014633,calibration50,local8_gate,0.7,0.8540540540540541,0.4765625
ISIC_0014633,calibration50,local8_gate,0.8,0.8413333333333334,0.1015625
ISIC_0014633,calibration50,local8_gate,0.85,0.8324538258575198,0.05859375
ISIC_0014633,calibration50,local8_gate,0.9,0.8226120857699805,0.0
ISIC_0014633,calibration50,local8_gate,0.95,0.8226120857699805,0.0
ISIC_0014633,calibration50,local8_gate,0.99,0.8226120857699805,0.0
ISIC_0014633,calibration50,global_gate,0.3,0.7423822714681441,1.0
ISIC_0014633,calibration50,global_gate,0.5,0.7541329581428069,0.9375
ISIC_0014633,calibration50,global_gate,0.7,0.8541820873427091,0.46875
ISIC_0014633,calibration50,global_gate,0.8,0.8438649281176864,0.1015625
ISIC_0014633,calibration50,global_gate,0.85,0.8244871377401498,0.0078125
ISIC_0014633,calibration50,global_gate,0.9,0.8226120857699805,0.0
ISIC_0014633,calibration50,global_gate,0.95,0.8226120857699805,0.0
ISIC_0014633,calibration50,global_gate,0.99,0.8226120857699805,0.0
ISIC_0014635,calibration50,local8_gate,0.3,0.7740488933892666,1.0
ISIC_0014635,calibration50,local8_gate,0.5,0.7740488933892666,1.0
ISIC_0014635,calibration50,local8_gate,0.7,0.7740488933892666,1.0
ISIC_0014635,calibration50,local8_gate,0.8,0.7769680352117757,0.9609375
ISIC_0014635,calibration50,local8_gate,0.85,0.7900912646675359,0.5546875
ISIC_0014635,calibration50,local8_gate,0.9,0.7281517292673857,0.0
ISIC_0014635,calibration50,local8_gate,0.95,0.7281517292673857,0.0
ISIC_0014635,calibration50,local8_gate,0.99,0.7281517292673857,0.0
ISIC_0014635,calibration50,global_gate,0.3,0.8041731284364867,1.0
ISIC_0014635,calibration50,global_gate,0.5,0.8041731284364867,1.0
ISIC_0014635,calibration50,global_gate,0.7,0.8041731284364867,1.0
ISIC_0014635,calibration50,global_gate,0.8,0.7988017973040439,0.88671875
ISIC_0014635,calibration50,global_gate,0.85,0.7508777062609713,0.12109375
ISIC_0014635,calibration50,global_gate,0.9,0.7281517292673857,0.0
ISIC_0014635,calibration50,global_gate,0.95,0.7281517292673857,0.0
ISIC_0014635,calibration50,global_gate,0.99,0.7281517292673857,0.0
ISIC_0014637,locked_verification100,local8_gate,0.3,0.8458303118201596,1.0
ISIC_0014637,locked_verification100,local8_gate,0.5,0.8458303118201596,1.0
ISIC_0014637,locked_verification100,local8_gate,0.7,0.8458303118201596,1.0
ISIC_0014637,locked_verification100,local8_gate,0.8,0.8342007434944237,0.48828125
ISIC_0014637,locked_verification100,local8_gate,0.85,0.8871505142691584,0.08203125
ISIC_0014637,locked_verification100,local8_gate,0.9,0.8929814385150812,0.0
ISIC_0014637,locked_verification100,local8_gate,0.95,0.8929814385150812,0.0
ISIC_0014637,locked_verification100,local8_gate,0.99,0.8929814385150812,0.0
ISIC_0014637,locked_verification100,global_gate,0.3,0.8733793103448276,1.0
ISIC_0014637,locked_verification100,global_gate,0.5,0.8733793103448276,1.0
ISIC_0014637,locked_verification100,global_gate,0.7,0.8687065368567455,0.94921875
ISIC_0014637,locked_verification100,global_gate,0.8,0.8560357675111774,0.140625
ISIC_0014637,locked_verification100,global_gate,0.85,0.8929814385150812,0.0
ISIC_0014637,locked_verification100,global_gate,0.9,0.8929814385150812,0.0
ISIC_0014637,locked_verification100,global_gate,0.95,0.8929814385150812,0.0
ISIC_0014637,locked_verification100,global_gate,0.99,0.8929814385150812,0.0
ISIC_0014688,calibration50,local8_gate,0.3,0.93488470023893,0.88671875
ISIC_0014688,calibration50,local8_gate,0.5,0.933794213394784,0.81640625
ISIC_0014688,calibration50,local8_gate,0.7,0.933334554815541,0.76171875
ISIC_0014688,calibration50,local8_gate,0.8,0.9316008106298888,0.6015625
ISIC_0014688,calibration50,local8_gate,0.85,0.9397705194471938,0.38671875
ISIC_0014688,calibration50,local8_gate,0.9,0.9534151629788894,0.0234375
ISIC_0014688,calibration50,local8_gate,0.95,0.9526421549991854,0.0
ISIC_0014688,calibration50,local8_gate,0.99,0.9526421549991854,0.0
ISIC_0014688,calibration50,global_gate,0.3,0.9518458919718349,0.87109375
ISIC_0014688,calibration50,global_gate,0.5,0.9506437768240343,0.75
ISIC_0014688,calibration50,global_gate,0.7,0.9487937481931868,0.61328125
ISIC_0014688,calibration50,global_gate,0.8,0.9478053683779457,0.48046875
ISIC_0014688,calibration50,global_gate,0.85,0.9493739994632959,0.3515625
ISIC_0014688,calibration50,global_gate,0.9,0.953006871294668,0.01953125
ISIC_0014688,calibration50,global_gate,0.95,0.9526421549991854,0.0
ISIC_0014688,calibration50,global_gate,0.99,0.9526421549991854,0.0
ISIC_0014712,calibration50,local8_gate,0.3,0.7335638527004529,1.0
ISIC_0014712,calibration50,local8_gate,0.5,0.7270578322840359,0.828125
ISIC_0014712,calibration50,local8_gate,0.7,0.7279212274300683,0.7734375
ISIC_0014712,calibration50,local8_gate,0.8,0.730765639589169,0.62890625
ISIC_0014712,calibration50,local8_gate,0.85,0.7345437616387337,0.296875
ISIC_0014712,calibration50,local8_gate,0.9,0.7169009595977479,0.0
ISIC_0014712,calibration50,local8_gate,0.95,0.7169009595977479,0.0
ISIC_0014712,calibration50,local8_gate,0.99,0.7169009595977479,0.0
ISIC_0014712,calibration50,global_gate,0.3,0.6922031206765877,1.0
ISIC_0014712,calibration50,global_gate,0.5,0.6845595353339787,0.82421875
ISIC_0014712,calibration50,global_gate,0.7,0.6839225181598063,0.75
ISIC_0014712,calibration50,global_gate,0.8,0.6931307253973216,0.51171875
ISIC_0014712,calibration50,global_gate,0.85,0.7128597984773316,0.0859375
ISIC_0014712,calibration50,global_gate,0.9,0.7169009595977479,0.0
ISIC_0014712,calibration50,global_gate,0.95,0.7169009595977479,0.0
ISIC_0014712,calibration50,global_gate,0.99,0.7169009595977479,0.0
ISIC_0014809,locked_verification100,local8_gate,0.3,0.9492714025500911,1.0
ISIC_0014809,locked_verification100,local8_gate,0.5,0.9510125889436234,0.96484375
ISIC_0014809,locked_verification100,local8_gate,0.7,0.9570813505551778,0.16796875
ISIC_0014809,locked_verification100,local8_gate,0.8,0.9588731885693648,0.10546875
ISIC_0014809,locked_verification100,local8_gate,0.85,0.9619922543456724,0.0234375
ISIC_0014809,locked_verification100,local8_gate,0.9,0.9614208633093525,0.0
ISIC_0014809,locked_verification100,local8_gate,0.95,0.9614208633093525,0.0
ISIC_0014809,locked_verification100,local8_gate,0.99,0.9614208633093525,0.0
ISIC_0014809,locked_verification100,global_gate,0.3,0.962423455186491,1.0
ISIC_0014809,locked_verification100,global_gate,0.5,0.9702350357459931,0.84375
ISIC_0014809,locked_verification100,global_gate,0.7,0.9684949619295126,0.2265625
ISIC_0014809,locked_verification100,global_gate,0.8,0.9616768621806405,0.00390625
ISIC_0014809,locked_verification100,global_gate,0.85,0.9614208633093525,0.0
ISIC_0014809,locked_verification100,global_gate,0.9,0.9614208633093525,0.0
ISIC_0014809,locked_verification100,global_gate,0.95,0.9614208633093525,0.0
ISIC_0014809,locked_verification100,global_gate,0.99,0.9614208633093525,0.0
ISIC_0014829,locked_verification100,local8_gate,0.3,0.9422567835870285,1.0
ISIC_0014829,locked_verification100,local8_gate,0.5,0.9461846051316228,0.91796875
ISIC_0014829,locked_verification100,local8_gate,0.7,0.9575594587780486,0.17578125
ISIC_0014829,locked_verification100,local8_gate,0.8,0.9451896009273059,0.0
ISIC_0014829,locked_verification100,local8_gate,0.85,0.9451896009273059,0.0
ISIC_0014829,locked_verification100,local8_gate,0.9,0.9451896009273059,0.0
ISIC_0014829,locked_verification100,local8_gate,0.95,0.9451896009273059,0.0
ISIC_0014829,locked_verification100,local8_gate,0.99,0.9451896009273059,0.0
ISIC_0014829,locked_verification100,global_gate,0.3,0.9484825932357562,1.0
ISIC_0014829,locked_verification100,global_gate,0.5,0.9636240013598504,0.66015625
ISIC_0014829,locked_verification100,global_gate,0.7,0.9526034712950601,0.1015625
ISIC_0014829,locked_verification100,global_gate,0.8,0.9468791500664011,0.015625
ISIC_0014829,locked_verification100,global_gate,0.85,0.9456593770709079,0.00390625
ISIC_0014829,locked_verification100,global_gate,0.9,0.9451896009273059,0.0
ISIC_0014829,locked_verification100,global_gate,0.95,0.9451896009273059,0.0
ISIC_0014829,locked_verification100,global_gate,0.99,0.9451896009273059,0.0
ISIC_0014857,locked_verification100,local8_gate,0.3,0.9516346117561227,0.8671875
ISIC_0014857,locked_verification100,local8_gate,0.5,0.9546167061685665,0.76171875
ISIC_0014857,locked_verification100,local8_gate,0.7,0.9534429676353533,0.73046875
ISIC_0014857,locked_verification100,local8_gate,0.8,0.9522551048393129,0.671875
ISIC_0014857,locked_verification100,local8_gate,0.85,0.9604769593839274,0.5390625
ISIC_0014857,locked_verification100,local8_gate,0.9,0.9696969696969697,0.0078125
ISIC_0014857,locked_verification100,local8_gate,0.95,0.9690731659950478,0.0
ISIC_0014857,locked_verification100,local8_gate,0.99,0.9690731659950478,0.0
ISIC_0014857,locked_verification100,global_gate,0.3,0.9589755750533555,0.84765625
ISIC_0014857,locked_verification100,global_gate,0.5,0.960015963682622,0.78515625
ISIC_0014857,locked_verification100,global_gate,0.7,0.959295655210256,0.72265625
ISIC_0014857,locked_verification100,global_gate,0.8,0.9628288529011475,0.6484375
ISIC_0014857,locked_verification100,global_gate,0.85,0.9665398013959312,0.44140625
ISIC_0014857,locked_verification100,global_gate,0.9,0.9690731659950478,0.0
ISIC_0014857,locked_verification100,global_gate,0.95,0.9690731659950478,0.0
ISIC_0014857,locked_verification100,global_gate,0.99,0.9690731659950478,0.0
ISIC_0014931,locked_verification100,local8_gate,0.3,0.9010206948216125,1.0
ISIC_0014931,locked_verification100,local8_gate,0.5,0.9000943099654197,0.79296875
ISIC_0014931,locked_verification100,local8_gate,0.7,0.9038069233907667,0.34765625
ISIC_0014931,locked_verification100,local8_gate,0.8,0.9145214316729732,0.12109375
ISIC_0014931,locked_verification100,local8_gate,0.85,0.9246367015883744,0.0
ISIC_0014931,locked_verification100,local8_gate,0.9,0.9246367015883744,0.0
ISIC_0014931,locked_verification100,local8_gate,0.95,0.9246367015883744,0.0
ISIC_0014931,locked_verification100,local8_gate,0.99,0.9246367015883744,0.0
ISIC_0014931,locked_verification100,global_gate,0.3,0.8829116960373556,1.0
ISIC_0014931,locked_verification100,global_gate,0.5,0.8872996615797203,0.7265625
ISIC_0014931,locked_verification100,global_gate,0.7,0.90536763089293,0.421875
ISIC_0014931,locked_verification100,global_gate,0.8,0.9198278264639396,0.15625
ISIC_0014931,locked_verification100,global_gate,0.85,0.924326819510694,0.03515625
ISIC_0014931,locked_verification100,global_gate,0.9,0.9246367015883744,0.0
ISIC_0014931,locked_verification100,global_gate,0.95,0.9246367015883744,0.0
ISIC_0014931,locked_verification100,global_gate,0.99,0.9246367015883744,0.0
ISIC_0014937,locked_verification100,local8_gate,0.3,0.9689237164251833,0.875
ISIC_0014937,locked_verification100,local8_gate,0.5,0.9708456258505429,0.7890625
ISIC_0014937,locked_verification100,local8_gate,0.7,0.9722039964211154,0.71875
ISIC_0014937,locked_verification100,local8_gate,0.8,0.9735336194563662,0.5625
ISIC_0014937,locked_verification100,local8_gate,0.85,0.9690731842360246,0.3984375
ISIC_0014937,locked_verification100,local8_gate,0.9,0.9588277563069274,0.08984375
ISIC_0014937,locked_verification100,local8_gate,0.95,0.9549098293284339,0.0
ISIC_0014937,locked_verification100,local8_gate,0.99,0.9549098293284339,0.0
ISIC_0014937,locked_verification100,global_gate,0.3,0.96058311097159,0.8515625
ISIC_0014937,locked_verification100,global_gate,0.5,0.9621616320125539,0.76171875
ISIC_0014937,locked_verification100,global_gate,0.7,0.9624920284522933,0.71875
ISIC_0014937,locked_verification100,global_gate,0.8,0.9651639545745047,0.62109375
ISIC_0014937,locked_verification100,global_gate,0.85,0.9666119536479169,0.421875
ISIC_0014937,locked_verification100,global_gate,0.9,0.9549098293284339,0.0
ISIC_0014937,locked_verification100,global_gate,0.95,0.9549098293284339,0.0
ISIC_0014937,locked_verification100,global_gate,0.99,0.9549098293284339,0.0
ISIC_0014945,calibration50,local8_gate,0.3,0.9307573415765069,1.0
ISIC_0014945,calibration50,local8_gate,0.5,0.945510360706063,0.44140625
ISIC_0014945,calibration50,local8_gate,0.7,0.9492962009989405,0.16796875
ISIC_0014945,calibration50,local8_gate,0.8,0.9467578822129684,0.0
ISIC_0014945,calibration50,local8_gate,0.85,0.9467578822129684,0.0
ISIC_0014945,calibration50,local8_gate,0.9,0.9467578822129684,0.0
ISIC_0014945,calibration50,local8_gate,0.95,0.9467578822129684,0.0
ISIC_0014945,calibration50,local8_gate,0.99,0.9467578822129684,0.0
ISIC_0014945,calibration50,global_gate,0.3,0.9031430404105195,0.8671875
ISIC_0014945,calibration50,global_gate,0.5,0.9457840577484258,0.34765625
ISIC_0014945,calibration50,global_gate,0.7,0.9510468444042778,0.14453125
ISIC_0014945,calibration50,global_gate,0.8,0.9467578822129684,0.0
ISIC_0014945,calibration50,global_gate,0.85,0.9467578822129684,0.0
ISIC_0014945,calibration50,global_gate,0.9,0.9467578822129684,0.0
ISIC_0014945,calibration50,global_gate,0.95,0.9467578822129684,0.0
ISIC_0014945,calibration50,global_gate,0.99,0.9467578822129684,0.0
ISIC_0014946,calibration50,local8_gate,0.3,0.9565393372122438,1.0
ISIC_0014946,calibration50,local8_gate,0.5,0.9526091722538048,0.83984375
ISIC_0014946,calibration50,local8_gate,0.7,0.959410344389376,0.4140625
ISIC_0014946,calibration50,local8_gate,0.8,0.9640255009107468,0.20703125
ISIC_0014946,calibration50,local8_gate,0.85,0.9645809632157755,0.07421875
ISIC_0014946,calibration50,local8_gate,0.9,0.9720925563419164,0.0
ISIC_0014946,calibration50,local8_gate,0.95,0.9720925563419164,0.0
ISIC_0014946,calibration50,local8_gate,0.99,0.9720925563419164,0.0
ISIC_0014946,calibration50,global_gate,0.3,0.9543898509867096,1.0
ISIC_0014946,calibration50,global_gate,0.5,0.951209595446229,0.8203125
ISIC_0014946,calibration50,global_gate,0.7,0.9609527429367795,0.26953125
ISIC_0014946,calibration50,global_gate,0.8,0.966220651350669,0.11328125
ISIC_0014946,calibration50,global_gate,0.85,0.9717570858333543,0.00390625
ISIC_0014946,calibration50,global_gate,0.9,0.9720925563419164,0.0
ISIC_0014946,calibration50,global_gate,0.95,0.9720925563419164,0.0
ISIC_0014946,calibration50,global_gate,0.99,0.9720925563419164,0.0
ISIC_0014979,calibration50,local8_gate,0.3,0.20183956342394507,1.0
ISIC_0014979,calibration50,local8_gate,0.5,0.20147092740178868,0.984375
ISIC_0014979,calibration50,local8_gate,0.7,0.1986550998408706,0.875
ISIC_0014979,calibration50,local8_gate,0.8,0.18950083838514123,0.6953125
ISIC_0014979,calibration50,local8_gate,0.85,0.17431335830212236,0.3125
ISIC_0014979,calibration50,local8_gate,0.9,0.13153864753768035,0.0
ISIC_0014979,calibration50,local8_gate,0.95,0.13153864753768035,0.0
ISIC_0014979,calibration50,local8_gate,0.99,0.13153864753768035,0.0
ISIC_0014979,calibration50,global_gate,0.3,0.14031525514293347,1.0
ISIC_0014979,calibration50,global_gate,0.5,0.14031525514293347,1.0
ISIC_0014979,calibration50,global_gate,0.7,0.13678096308787707,0.89453125
ISIC_0014979,calibration50,global_gate,0.8,0.12669269080629963,0.51953125
ISIC_0014979,calibration50,global_gate,0.85,0.12770539463766556,0.08984375
ISIC_0014979,calibration50,global_gate,0.9,0.13153864753768035,0.0
ISIC_0014979,calibration50,global_gate,0.95,0.13153864753768035,0.0
ISIC_0014979,calibration50,global_gate,0.99,0.13153864753768035,0.0
ISIC_0014985,locked_verification100,local8_gate,0.3,0.8582908438974151,1.0
ISIC_0014985,locked_verification100,local8_gate,0.5,0.8582908438974151,1.0
ISIC_0014985,locked_verification100,local8_gate,0.7,0.8555820320421821,0.953125
ISIC_0014985,locked_verification100,local8_gate,0.8,0.8575099834973104,0.77734375
ISIC_0014985,locked_verification100,local8_gate,0.85,0.8575538141057435,0.1953125
ISIC_0014985,locked_verification100,local8_gate,0.9,0.867997376529842,0.0
ISIC_0014985,locked_verification100,local8_gate,0.95,0.867997376529842,0.0
ISIC_0014985,locked_verification100,local8_gate,0.99,0.867997376529842,0.0
ISIC_0014985,locked_verification100,global_gate,0.3,0.8599472348300137,1.0
ISIC_0014985,locked_verification100,global_gate,0.5,0.8597967271318023,0.99609375
ISIC_0014985,locked_verification100,global_gate,0.7,0.858840861987165,0.94140625
ISIC_0014985,locked_verification100,global_gate,0.8,0.8520638820638821,0.60546875
ISIC_0014985,locked_verification100,global_gate,0.85,0.8560555841987675,0.20703125
ISIC_0014985,locked_verification100,global_gate,0.9,0.867997376529842,0.0
ISIC_0014985,locked_verification100,global_gate,0.95,0.867997376529842,0.0
ISIC_0014985,locked_verification100,global_gate,0.99,0.867997376529842,0.0
ISIC_0014989,locked_verification100,local8_gate,0.3,0.9526681114356607,1.0
ISIC_0014989,locked_verification100,local8_gate,0.5,0.9530826878266894,0.95703125
ISIC_0014989,locked_verification100,local8_gate,0.7,0.9541503967754125,0.7578125
ISIC_0014989,locked_verification100,local8_gate,0.8,0.9610121836925961,0.5546875
ISIC_0014989,locked_verification100,local8_gate,0.85,0.9639586866039772,0.3203125
ISIC_0014989,locked_verification100,local8_gate,0.9,0.9545645016462138,0.01953125
ISIC_0014989,locked_verification100,local8_gate,0.95,0.9530349625294837,0.0
ISIC_0014989,locked_verification100,local8_gate,0.99,0.9530349625294837,0.0
ISIC_0014989,locked_verification100,global_gate,0.3,0.9552879678894801,1.0
ISIC_0014989,locked_verification100,global_gate,0.5,0.9552879678894801,1.0
ISIC_0014989,locked_verification100,global_gate,0.7,0.9569818409517846,0.765625
ISIC_0014989,locked_verification100,global_gate,0.8,0.9621351646636491,0.5703125
ISIC_0014989,locked_verification100,global_gate,0.85,0.9650551679626271,0.3515625
ISIC_0014989,locked_verification100,global_gate,0.9,0.9530349625294837,0.0
ISIC_0014989,locked_verification100,global_gate,0.95,0.9530349625294837,0.0
ISIC_0014989,locked_verification100,global_gate,0.99,0.9530349625294837,0.0
ISIC_0015043,locked_verification100,local8_gate,0.3,0.8635846519805565,1.0
ISIC_0015043,locked_verification100,local8_gate,0.5,0.8635846519805565,1.0
ISIC_0015043,locked_verification100,local8_gate,0.7,0.864598134704317,0.97265625
ISIC_0015043,locked_verification100,local8_gate,0.8,0.8743116211162624,0.80078125
ISIC_0015043,locked_verification100,local8_gate,0.85,0.8936309418958706,0.48828125
ISIC_0015043,locked_verification100,local8_gate,0.9,0.9278977051730845,0.0
ISIC_0015043,locked_verification100,local8_gate,0.95,0.9278977051730845,0.0
ISIC_0015043,locked_verification100,local8_gate,0.99,0.9278977051730845,0.0
ISIC_0015043,locked_verification100,global_gate,0.3,0.89625,1.0
ISIC_0015043,locked_verification100,global_gate,0.5,0.89625,1.0
ISIC_0015043,locked_verification100,global_gate,0.7,0.8958979489744873,0.9921875
ISIC_0015043,locked_verification100,global_gate,0.8,0.8967313713212273,0.87890625
ISIC_0015043,locked_verification100,global_gate,0.85,0.9118461386334421,0.35546875
ISIC_0015043,locked_verification100,global_gate,0.9,0.9278977051730845,0.0
ISIC_0015043,locked_verification100,global_gate,0.95,0.9278977051730845,0.0
ISIC_0015043,locked_verification100,global_gate,0.99,0.9278977051730845,0.0
ISIC_0015062,locked_verification100,local8_gate,0.3,0.08710202467332938,1.0
ISIC_0015062,locked_verification100,local8_gate,0.5,0.08558771141930671,0.9375
ISIC_0015062,locked_verification100,local8_gate,0.7,0.08622867491515622,0.625
ISIC_0015062,locked_verification100,local8_gate,0.8,0.0766571839344162,0.25390625
ISIC_0015062,locked_verification100,local8_gate,0.85,0.0772453441790771,0.0234375
ISIC_0015062,locked_verification100,local8_gate,0.9,0.0698377615078817,0.0
ISIC_0015062,locked_verification100,local8_gate,0.95,0.0698377615078817,0.0
ISIC_0015062,locked_verification100,local8_gate,0.99,0.0698377615078817,0.0
ISIC_0015062,locked_verification100,global_gate,0.3,0.0638347010731497,1.0
ISIC_0015062,locked_verification100,global_gate,0.5,0.06347690838813004,0.93359375
ISIC_0015062,locked_verification100,global_gate,0.7,0.06398374234073344,0.70703125
ISIC_0015062,locked_verification100,global_gate,0.8,0.06948218425213773,0.140625
ISIC_0015062,locked_verification100,global_gate,0.85,0.07045970662247591,0.015625
ISIC_0015062,locked_verification100,global_gate,0.9,0.0698377615078817,0.0
ISIC_0015062,locked_verification100,global_gate,0.95,0.0698377615078817,0.0
ISIC_0015062,locked_verification100,global_gate,0.99,0.0698377615078817,0.0
ISIC_0015124,locked_verification100,local8_gate,0.3,0.9416281743943558,1.0
ISIC_0015124,locked_verification100,local8_gate,0.5,0.9416281743943558,1.0
ISIC_0015124,locked_verification100,local8_gate,0.7,0.9430856523170472,0.83984375
ISIC_0015124,locked_verification100,local8_gate,0.8,0.957070085405344,0.359375
ISIC_0015124,locked_verification100,local8_gate,0.85,0.9603271829472851,0.15234375
ISIC_0015124,locked_verification100,local8_gate,0.9,0.9667803981852949,0.0
ISIC_0015124,locked_verification100,local8_gate,0.95,0.9667803981852949,0.0
ISIC_0015124,locked_verification100,local8_gate,0.99,0.9667803981852949,0.0
ISIC_0015124,locked_verification100,global_gate,0.3,0.9481899316153459,1.0
ISIC_0015124,locked_verification100,global_gate,0.5,0.9481899316153459,1.0
ISIC_0015124,locked_verification100,global_gate,0.7,0.9500653997076248,0.8125
ISIC_0015124,locked_verification100,global_gate,0.8,0.958041559920296,0.32421875
ISIC_0015124,locked_verification100,global_gate,0.85,0.966458408048472,0.1015625
ISIC_0015124,locked_verification100,global_gate,0.9,0.9667803981852949,0.0
ISIC_0015124,locked_verification100,global_gate,0.95,0.9667803981852949,0.0
ISIC_0015124,locked_verification100,global_gate,0.99,0.9667803981852949,0.0
ISIC_0015144,calibration50,local8_gate,0.3,0.9233449477351916,1.0
ISIC_0015144,calibration50,local8_gate,0.5,0.942658171580975,0.6640625
ISIC_0015144,calibration50,local8_gate,0.7,0.945504881247268,0.12890625
ISIC_0015144,calibration50,local8_gate,0.8,0.9381182756877753,0.0
ISIC_0015144,calibration50,local8_gate,0.85,0.9381182756877753,0.0
ISIC_0015144,calibration50,local8_gate,0.9,0.9381182756877753,0.0
ISIC_0015144,calibration50,local8_gate,0.95,0.9381182756877753,0.0
ISIC_0015144,calibration50,local8_gate,0.99,0.9381182756877753,0.0
ISIC_0015144,calibration50,global_gate,0.3,0.9452980946527351,0.96484375
ISIC_0015144,calibration50,global_gate,0.5,0.953547423450336,0.41015625
ISIC_0015144,calibration50,global_gate,0.7,0.9422699876552175,0.08984375
ISIC_0015144,calibration50,global_gate,0.8,0.9381182756877753,0.0
ISIC_0015144,calibration50,global_gate,0.85,0.9381182756877753,0.0
ISIC_0015144,calibration50,global_gate,0.9,0.9381182756877753,0.0
ISIC_0015144,calibration50,global_gate,0.95,0.9381182756877753,0.0
ISIC_0015144,calibration50,global_gate,0.99,0.9381182756877753,0.0
ISIC_0015211,locked_verification100,local8_gate,0.3,0.7841984619934931,1.0
ISIC_0015211,locked_verification100,local8_gate,0.5,0.7841984619934931,1.0
ISIC_0015211,locked_verification100,local8_gate,0.7,0.7841984619934931,1.0
ISIC_0015211,locked_verification100,local8_gate,0.8,0.786174315820554,0.94921875
ISIC_0015211,locked_verification100,local8_gate,0.85,0.804648790440105,0.67578125
ISIC_0015211,locked_verification100,local8_gate,0.9,0.8396289178001183,0.0
ISIC_0015211,locked_verification100,local8_gate,0.95,0.8396289178001183,0.0
ISIC_0015211,locked_verification100,local8_gate,0.99,0.8396289178001183,0.0
ISIC_0015211,locked_verification100,global_gate,0.3,0.8404665019619242,1.0
ISIC_0015211,locked_verification100,global_gate,0.5,0.8404665019619242,1.0
ISIC_0015211,locked_verification100,global_gate,0.7,0.8404665019619242,1.0
ISIC_0015211,locked_verification100,global_gate,0.8,0.8389690234097895,0.953125
ISIC_0015211,locked_verification100,global_gate,0.85,0.8309462962622493,0.515625
ISIC_0015211,locked_verification100,global_gate,0.9,0.8396289178001183,0.0
ISIC_0015211,locked_verification100,global_gate,0.95,0.8396289178001183,0.0
ISIC_0015211,locked_verification100,global_gate,0.99,0.8396289178001183,0.0
ISIC_0015243,locked_verification100,local8_gate,0.3,0.9335259447590432,0.96875
ISIC_0015243,locked_verification100,local8_gate,0.5,0.9353789364401892,0.92578125
ISIC_0015243,locked_verification100,local8_gate,0.7,0.9341980969057438,0.8984375
ISIC_0015243,locked_verification100,local8_gate,0.8,0.9360707459180618,0.8359375
ISIC_0015243,locked_verification100,local8_gate,0.85,0.9403819282720075,0.51953125
ISIC_0015243,locked_verification100,local8_gate,0.9,0.9559211352505337,0.0
ISIC_0015243,locked_verification100,local8_gate,0.95,0.9559211352505337,0.0
ISIC_0015243,locked_verification100,local8_gate,0.99,0.9559211352505337,0.0
ISIC_0015243,locked_verification100,global_gate,0.3,0.9304377960032344,0.9921875
ISIC_0015243,locked_verification100,global_gate,0.5,0.9322565036060739,0.92578125
ISIC_0015243,locked_verification100,global_gate,0.7,0.9314901215367778,0.91015625
ISIC_0015243,locked_verification100,global_gate,0.8,0.9283486953730453,0.8046875
ISIC_0015243,locked_verification100,global_gate,0.85,0.940215034126966,0.359375
ISIC_0015243,locked_verification100,global_gate,0.9,0.9559211352505337,0.0
ISIC_0015243,locked_verification100,global_gate,0.95,0.9559211352505337,0.0
ISIC_0015243,locked_verification100,global_gate,0.99,0.9559211352505337,0.0
ISIC_0015256,calibration50,local8_gate,0.3,0.8191712535050368,1.0
ISIC_0015256,calibration50,local8_gate,0.5,0.8191712535050368,1.0
ISIC_0015256,calibration50,local8_gate,0.7,0.8191712535050368,1.0
ISIC_0015256,calibration50,local8_gate,0.8,0.8235951336588595,0.90234375
ISIC_0015256,calibration50,local8_gate,0.85,0.8352472996020466,0.375
ISIC_0015256,calibration50,local8_gate,0.9,0.8025562680208288,0.0
ISIC_0015256,calibration50,local8_gate,0.95,0.8025562680208288,0.0
ISIC_0015256,calibration50,local8_gate,0.99,0.8025562680208288,0.0
ISIC_0015256,calibration50,global_gate,0.3,0.8392395623703915,1.0
ISIC_0015256,calibration50,global_gate,0.5,0.8392395623703915,1.0
ISIC_0015256,calibration50,global_gate,0.7,0.839097252730412,0.98828125
ISIC_0015256,calibration50,global_gate,0.8,0.8420913140538833,0.875
ISIC_0015256,calibration50,global_gate,0.85,0.8398411647915288,0.33203125
ISIC_0015256,calibration50,global_gate,0.9,0.8025562680208288,0.0
ISIC_0015256,calibration50,global_gate,0.95,0.8025562680208288,0.0
ISIC_0015256,calibration50,global_gate,0.99,0.8025562680208288,0.0
ISIC_0015313,calibration50,local8_gate,0.3,0.9724654734625627,1.0
ISIC_0015313,calibration50,local8_gate,0.5,0.974872136980209,0.91796875
ISIC_0015313,calibration50,local8_gate,0.7,0.9748766041461007,0.8828125
ISIC_0015313,calibration50,local8_gate,0.8,0.9751268285475053,0.78515625
ISIC_0015313,calibration50,local8_gate,0.85,0.9798767068321924,0.45703125
ISIC_0015313,calibration50,local8_gate,0.9,0.9806944278725689,0.0
ISIC_0015313,calibration50,local8_gate,0.95,0.9806944278725689,0.0
ISIC_0015313,calibration50,local8_gate,0.99,0.9806944278725689,0.0
ISIC_0015313,calibration50,global_gate,0.3,0.9726193836599943,0.97265625
ISIC_0015313,calibration50,global_gate,0.5,0.9739089939827694,0.890625
ISIC_0015313,calibration50,global_gate,0.7,0.9754685506819742,0.8125
ISIC_0015313,calibration50,global_gate,0.8,0.9755039519637277,0.71484375
ISIC_0015313,calibration50,global_gate,0.85,0.9792103572424327,0.39453125
ISIC_0015313,calibration50,global_gate,0.9,0.9806944278725689,0.0
ISIC_0015313,calibration50,global_gate,0.95,0.9806944278725689,0.0
ISIC_0015313,calibration50,global_gate,0.99,0.9806944278725689,0.0
ISIC_0015372,calibration50,local8_gate,0.3,0.9718674507463836,0.66015625
ISIC_0015372,calibration50,local8_gate,0.5,0.9749125302779807,0.48046875
ISIC_0015372,calibration50,local8_gate,0.7,0.9740428355725675,0.4140625
ISIC_0015372,calibration50,local8_gate,0.8,0.9743431993617042,0.359375
ISIC_0015372,calibration50,local8_gate,0.85,0.974817315253457,0.30078125
ISIC_0015372,calibration50,local8_gate,0.9,0.9656573327005221,0.05078125
ISIC_0015372,calibration50,local8_gate,0.95,0.9636084642052021,0.0
ISIC_0015372,calibration50,local8_gate,0.99,0.9636084642052021,0.0
ISIC_0015372,calibration50,global_gate,0.3,0.9786424110259868,0.53125
ISIC_0015372,calibration50,global_gate,0.5,0.9773382777091059,0.39453125
ISIC_0015372,calibration50,global_gate,0.7,0.9755690323571182,0.33984375
ISIC_0015372,calibration50,global_gate,0.8,0.9754885501309516,0.33203125
ISIC_0015372,calibration50,global_gate,0.85,0.9747285499343536,0.3046875
ISIC_0015372,calibration50,global_gate,0.9,0.9636084642052021,0.0
ISIC_0015372,calibration50,global_gate,0.95,0.9636084642052021,0.0
ISIC_0015372,calibration50,global_gate,0.99,0.9636084642052021,0.0
ISIC_0015401,locked_verification100,local8_gate,0.3,0.8569987707630725,1.0
ISIC_0015401,locked_verification100,local8_gate,0.5,0.8569987707630725,1.0
ISIC_0015401,locked_verification100,local8_gate,0.7,0.8654092771574239,0.8359375
ISIC_0015401,locked_verification100,local8_gate,0.8,0.8736739994367432,0.69140625
ISIC_0015401,locked_verification100,local8_gate,0.85,0.8857609651878848,0.515625
ISIC_0015401,locked_verification100,local8_gate,0.9,0.954510058403634,0.0
ISIC_0015401,locked_verification100,local8_gate,0.95,0.954510058403634,0.0
ISIC_0015401,locked_verification100,local8_gate,0.99,0.954510058403634,0.0
ISIC_0015401,locked_verification100,global_gate,0.3,0.8980199986755844,1.0
ISIC_0015401,locked_verification100,global_gate,0.5,0.8980199986755844,1.0
ISIC_0015401,locked_verification100,global_gate,0.7,0.9057760780693657,0.84765625
ISIC_0015401,locked_verification100,global_gate,0.8,0.9102602156920946,0.7265625
ISIC_0015401,locked_verification100,global_gate,0.85,0.93188723008069,0.359375
ISIC_0015401,locked_verification100,global_gate,0.9,0.954510058403634,0.0
ISIC_0015401,locked_verification100,global_gate,0.95,0.954510058403634,0.0
ISIC_0015401,locked_verification100,global_gate,0.99,0.954510058403634,0.0
ISIC_0015443,locked_verification100,local8_gate,0.3,0.966827757706564,1.0
ISIC_0015443,locked_verification100,local8_gate,0.5,0.9631461203343931,0.90625
ISIC_0015443,locked_verification100,local8_gate,0.7,0.9631284390725674,0.44921875
ISIC_0015443,locked_verification100,local8_gate,0.8,0.9709087550794238,0.01953125
ISIC_0015443,locked_verification100,local8_gate,0.85,0.9710977325675271,0.0
ISIC_0015443,locked_verification100,local8_gate,0.9,0.9710977325675271,0.0
ISIC_0015443,locked_verification100,local8_gate,0.95,0.9710977325675271,0.0
ISIC_0015443,locked_verification100,local8_gate,0.99,0.9710977325675271,0.0
ISIC_0015443,locked_verification100,global_gate,0.3,0.9588456891037032,1.0
ISIC_0015443,locked_verification100,global_gate,0.5,0.9525330790320659,0.828125
ISIC_0015443,locked_verification100,global_gate,0.7,0.9674274734030088,0.375
ISIC_0015443,locked_verification100,global_gate,0.8,0.969956089669517,0.0390625
ISIC_0015443,locked_verification100,global_gate,0.85,0.9710977325675271,0.0
ISIC_0015443,locked_verification100,global_gate,0.9,0.9710977325675271,0.0
ISIC_0015443,locked_verification100,global_gate,0.95,0.9710977325675271,0.0
ISIC_0015443,locked_verification100,global_gate,0.99,0.9710977325675271,0.0
ISIC_0015445,locked_verification100,local8_gate,0.3,0.677120067170445,1.0
ISIC_0015445,locked_verification100,local8_gate,0.5,0.677120067170445,1.0
ISIC_0015445,locked_verification100,local8_gate,0.7,0.6734552186993752,0.96484375
ISIC_0015445,locked_verification100,local8_gate,0.8,0.6677931733693816,0.8984375
ISIC_0015445,locked_verification100,local8_gate,0.85,0.6518779393132476,0.50390625
ISIC_0015445,locked_verification100,local8_gate,0.9,0.7193070935204473,0.0
ISIC_0015445,locked_verification100,local8_gate,0.95,0.7193070935204473,0.0
ISIC_0015445,locked_verification100,local8_gate,0.99,0.7193070935204473,0.0
ISIC_0015445,locked_verification100,global_gate,0.3,0.6631544141959661,1.0
ISIC_0015445,locked_verification100,global_gate,0.5,0.663315253340389,0.98828125
ISIC_0015445,locked_verification100,global_gate,0.7,0.6636692233095302,0.93359375
ISIC_0015445,locked_verification100,global_gate,0.8,0.6591316272588529,0.76171875
ISIC_0015445,locked_verification100,global_gate,0.85,0.6675658345678467,0.49609375
ISIC_0015445,locked_verification100,global_gate,0.9,0.7193070935204473,0.0
ISIC_0015445,locked_verification100,global_gate,0.95,0.7193070935204473,0.0
ISIC_0015445,locked_verification100,global_gate,0.99,0.7193070935204473,0.0
ISIC_0015483,locked_verification100,local8_gate,0.3,0.8336896511218137,1.0
ISIC_0015483,locked_verification100,local8_gate,0.5,0.8336896511218137,1.0
ISIC_0015483,locked_verification100,local8_gate,0.7,0.8336896511218137,1.0
ISIC_0015483,locked_verification100,local8_gate,0.8,0.834018366723818,0.99609375
ISIC_0015483,locked_verification100,local8_gate,0.85,0.8487539050571958,0.73828125
ISIC_0015483,locked_verification100,local8_gate,0.9,0.9445790354404455,0.015625
ISIC_0015483,locked_verification100,local8_gate,0.95,0.9455906199326432,0.0
ISIC_0015483,locked_verification100,local8_gate,0.99,0.9455906199326432,0.0
ISIC_0015483,locked_verification100,global_gate,0.3,0.8274767626388574,1.0
ISIC_0015483,locked_verification100,global_gate,0.5,0.8274767626388574,1.0
ISIC_0015483,locked_verification100,global_gate,0.7,0.8274767626388574,1.0
ISIC_0015483,locked_verification100,global_gate,0.8,0.8322532232758033,0.96875
ISIC_0015483,locked_verification100,global_gate,0.85,0.8308217486019719,0.7578125
ISIC_0015483,locked_verification100,global_gate,0.9,0.9455906199326432,0.0
ISIC_0015483,locked_verification100,global_gate,0.95,0.9455906199326432,0.0
ISIC_0015483,locked_verification100,global_gate,0.99,0.9455906199326432,0.0
ISIC_0015496,locked_verification100,local8_gate,0.3,0.9511879960971493,1.0
ISIC_0015496,locked_verification100,local8_gate,0.5,0.9511879960971493,1.0
ISIC_0015496,locked_verification100,local8_gate,0.7,0.9511879960971493,1.0
ISIC_0015496,locked_verification100,local8_gate,0.8,0.9627583331161554,0.77734375
ISIC_0015496,locked_verification100,local8_gate,0.85,0.9660284126003706,0.5234375
ISIC_0015496,locked_verification100,local8_gate,0.9,0.9744849365883002,0.0
ISIC_0015496,locked_verification100,local8_gate,0.95,0.9744849365883002,0.0
ISIC_0015496,locked_verification100,local8_gate,0.99,0.9744849365883002,0.0
ISIC_0015496,locked_verification100,global_gate,0.3,0.9437293485229571,1.0
ISIC_0015496,locked_verification100,global_gate,0.5,0.9437293485229571,1.0
ISIC_0015496,locked_verification100,global_gate,0.7,0.9437293485229571,1.0
ISIC_0015496,locked_verification100,global_gate,0.8,0.9458995597343481,0.87890625
ISIC_0015496,locked_verification100,global_gate,0.85,0.9687687088405508,0.1640625
ISIC_0015496,locked_verification100,global_gate,0.9,0.9744849365883002,0.0
ISIC_0015496,locked_verification100,global_gate,0.95,0.9744849365883002,0.0
ISIC_0015496,locked_verification100,global_gate,0.99,0.9744849365883002,0.0
ISIC_0015627,calibration50,local8_gate,0.3,0.9113670505758638,1.0
ISIC_0015627,calibration50,local8_gate,0.5,0.9093527251781985,0.88671875
ISIC_0015627,calibration50,local8_gate,0.7,0.9119200571020699,0.7265625
ISIC_0015627,calibration50,local8_gate,0.8,0.9196823835289157,0.43359375
ISIC_0015627,calibration50,local8_gate,0.85,0.9235512577955294,0.22265625
ISIC_0015627,calibration50,local8_gate,0.9,0.948771345272803,0.0
ISIC_0015627,calibration50,local8_gate,0.95,0.948771345272803,0.0
ISIC_0015627,calibration50,local8_gate,0.99,0.948771345272803,0.0
ISIC_0015627,calibration50,global_gate,0.3,0.9153785318858293,1.0
ISIC_0015627,calibration50,global_gate,0.5,0.9153785318858293,1.0
ISIC_0015627,calibration50,global_gate,0.7,0.9185700819374955,0.80078125
ISIC_0015627,calibration50,global_gate,0.8,0.9230989546040383,0.5
ISIC_0015627,calibration50,global_gate,0.85,0.9453678378567922,0.12890625
ISIC_0015627,calibration50,global_gate,0.9,0.948771345272803,0.0
ISIC_0015627,calibration50,global_gate,0.95,0.948771345272803,0.0
ISIC_0015627,calibration50,global_gate,0.99,0.948771345272803,0.0
